ts,symbol,side,price,qty,fee,fee_currency
2023-01-01T11:45:00Z,SOL/USDT,buy,9.94537020,80.51853939,0.80078668,USDT
2023-01-01T13:30:00Z,SOL/USDT,stop_sell,9.87006250,80.51853939,0.79472302,USDT
2023-01-01T13:45:00Z,SOL/USDT,buy,9.85492500,81.15606761,0.79978696,USDT
2023-01-01T15:15:00Z,SOL/USDT,stop_sell,9.80215361,81.15606761,0.79550424,USDT
2023-01-02T06:30:00Z,SOL/USDT,buy,10.00550025,79.91727605,0.79961233,USDT
2023-01-02T12:00:00Z,SOL/USDT,sell,11.03128160,79.91727605,0.88158998,USDT
2023-01-02T12:45:00Z,SOL/USDT,buy,11.11685565,72.4057991,0.80492482,USDT
2023-01-02T13:00:00Z,SOL/USDT,sell,11.13522960,72.4057991,0.80625520,USDT
2023-01-02T14:00:00Z,SOL/USDT,buy,11.13316380,72.49437622,0.80709177,USDT
2023-01-02T14:15:00Z,SOL/USDT,sell,11.15332055,72.49437622,0.80855302,USDT
2023-01-02T15:00:00Z,SOL/USDT,buy,11.14126785,72.48673912,0.80759418,USDT
2023-01-02T19:15:00Z,SOL/USDT,sell,11.12723360,72.48673912,0.80657688,USDT
2023-01-02T19:45:00Z,SOL/USDT,buy,11.18789115,72.06174272,0.80621893,USDT
2023-01-03T01:15:00Z,SOL/USDT,stop_sell,11.12067617,72.06174272,0.80137531,USDT
2023-01-03T05:45:00Z,SOL/USDT,buy,11.74236825,68.52032075,0.80459084,USDT
2023-01-03T11:15:00Z,SOL/USDT,sell,11.97950725,68.52032075,0.82083968,USDT
2023-01-03T11:30:00Z,SOL/USDT,buy,11.98208805,67.27358507,0.80607802,USDT
2023-01-03T11:45:00Z,SOL/USDT,stop_sell,11.86418637,67.27358507,0.79814635,USDT
2023-01-03T13:15:00Z,SOL/USDT,buy,11.91315360,67.71874888,0.80674386,USDT
2023-01-03T21:00:00Z,SOL/USDT,sell,13.07126110,67.71874888,0.88516945,USDT
2023-01-04T01:15:00Z,SOL/USDT,buy,13.70114715,59.22955077,0.81151279,USDT
2023-01-04T04:00:00Z,SOL/USDT,stop_sell,13.42326358,59.22955077,0.79505387,USDT
2023-01-04T08:15:00Z,SOL/USDT,buy,13.96507905,57.83881355,0.80772360,USDT
2023-01-04T09:15:00Z,SOL/USDT,stop_sell,13.75009294,57.83881355,0.79528906,USDT
2023-01-04T09:30:00Z,SOL/USDT,buy,13.74516915,58.89450449,0.80951493,USDT
2023-01-04T10:45:00Z,SOL/USDT,sell,13.65596860,58.89450449,0.80426150,USDT
2023-01-04T22:45:00Z,SOL/USDT,buy,13.50584955,59.84752256,0.80829164,USDT
2023-01-04T23:30:00Z,SOL/USDT,sell,13.47216055,59.84752256,0.80627543,USDT
2023-01-04T23:45:00Z,SOL/USDT,buy,13.45912620,59.78836718,0.80469918,USDT
2023-01-05T00:00:00Z,SOL/USDT,stop_sell,13.32182147,59.78836718,0.79648995,USDT
2023-01-05T01:00:00Z,SOL/USDT,buy,13.17708525,61.31516459,0.80795515,USDT
2023-01-05T03:15:00Z,SOL/USDT,sell,13.21888725,61.31516459,0.81051825,USDT
2023-01-05T05:15:00Z,SOL/USDT,buy,13.37148240,60.3090651,0.80642160,USDT
2023-01-05T06:30:00Z,SOL/USDT,sell,13.23557890,60.3090651,0.79822539,USDT
2023-01-05T07:00:00Z,SOL/USDT,buy,13.22450895,61.05765494,0.80745750,USDT
2023-01-05T07:30:00Z,SOL/USDT,sell,13.18830255,61.05765494,0.80524683,USDT
2023-01-05T08:15:00Z,SOL/USDT,buy,13.26943140,60.75199368,0.80614441,USDT
2023-01-05T08:30:00Z,SOL/USDT,stop_sell,13.14556322,60.75199368,0.79861917,USDT
2023-01-05T08:45:00Z,SOL/USDT,buy,13.19319330,61.06102576,0.80558992,USDT
2023-01-05T09:00:00Z,SOL/USDT,sell,13.16301520,61.06102576,0.80374721,USDT
2023-01-05T13:15:00Z,SOL/USDT,buy,13.24331835,61.05443614,0.80856333,USDT
2023-01-05T13:30:00Z,SOL/USDT,sell,13.16791275,61.05443614,0.80395949,USDT
2023-01-05T14:00:00Z,SOL/USDT,buy,13.12135740,61.3878302,0.80549166,USDT
2023-01-05T16:45:00Z,SOL/USDT,sell,13.17081130,61.3878302,0.80852753,USDT
2023-01-05T20:30:00Z,SOL/USDT,buy,13.65402360,58.85911588,0.80366376,USDT
2023-01-05T21:15:00Z,SOL/USDT,stop_sell,13.53654977,58.85911588,0.79674935,USDT
2023-01-05T22:00:00Z,SOL/USDT,buy,13.54416870,59.2531797,0.80253506,USDT
2023-01-05T22:45:00Z,SOL/USDT,stop_sell,13.38751004,59.2531797,0.79325254,USDT
2023-01-05T23:15:00Z,SOL/USDT,buy,13.41860595,59.81913277,0.80268937,USDT
2023-01-06T01:00:00Z,SOL/USDT,sell,13.49894715,59.81913277,0.80749531,USDT
2023-01-06T08:30:00Z,SOL/USDT,buy,13.23751545,60.64552669,0.80279610,USDT
2023-01-06T09:00:00Z,SOL/USDT,sell,13.17810765,60.64552669,0.79919328,USDT
2023-01-06T09:15:00Z,SOL/USDT,buy,13.13166255,61.14685648,0.80295989,USDT
2023-01-06T09:30:00Z,SOL/USDT,sell,13.11084130,61.14685648,0.80168673,USDT
2023-01-06T17:15:00Z,SOL/USDT,buy,13.18258800,60.8530809,0.80220109,USDT
2023-01-06T20:30:00Z,SOL/USDT,sell,13.19699820,60.8530809,0.80307800,USDT
2023-01-06T21:15:00Z,SOL/USDT,buy,13.26062700,60.56989862,0.80319483,USDT
2023-01-06T22:15:00Z,SOL/USDT,sell,13.28375480,60.56989862,0.80459568,USDT
2023-01-06T22:45:00Z,SOL/USDT,buy,13.33286310,60.31826387,0.80421515,USDT
2023-01-06T23:00:00Z,SOL/USDT,sell,13.36941195,60.31826387,0.80641972,USDT
2023-01-07T00:00:00Z,SOL/USDT,buy,13.50965145,59.42188253,0.80276892,USDT
2023-01-07T00:00:00Z,SOL/USDT,stop_sell,13.40568666,59.42188253,0.79659114,USDT
2023-01-07T00:45:00Z,SOL/USDT,buy,13.40389860,59.78928301,0.80140949,USDT
2023-01-07T01:15:00Z,SOL/USDT,stop_sell,13.30588659,59.78928301,0.79554942,USDT
2023-01-07T01:30:00Z,SOL/USDT,buy,13.32085710,60.25106422,0.80259582,USDT
2023-01-07T02:30:00Z,SOL/USDT,sell,13.31363985,60.25106422,0.80216097,USDT
2023-01-07T03:00:00Z,SOL/USDT,buy,13.33536435,60.00644016,0.80020774,USDT
2023-01-07T03:15:00Z,SOL/USDT,sell,13.31393970,60.00644016,0.79892213,USDT
2023-01-07T13:15:00Z,SOL/USDT,buy,13.25582460,60.51994847,0.80224182,USDT
2023-01-07T14:00:00Z,SOL/USDT,stop_sell,13.18105974,60.51994847,0.79771706,USDT
2023-01-07T14:30:00Z,SOL/USDT,buy,13.23321330,60.57950914,0.80166157,USDT
2023-01-07T17:15:00Z,SOL/USDT,sell,13.20079630,60.57950914,0.79969776,USDT
2023-01-07T17:30:00Z,SOL/USDT,buy,13.24782060,60.51395797,0.80167806,USDT
2023-01-07T18:00:00Z,SOL/USDT,sell,13.21518910,60.51395797,0.79970340,USDT
2023-01-08T05:00:00Z,SOL/USDT,buy,13.28844090,60.20774169,0.80006702,USDT
2023-01-08T07:00:00Z,SOL/USDT,sell,13.27425955,60.20774169,0.79921319,USDT
2023-01-08T10:45:00Z,SOL/USDT,buy,13.56087705,59.03496847,0.80056595,USDT
2023-01-08T13:45:00Z,SOL/USDT,sell,13.53492915,59.03496847,0.79903412,USDT
2023-01-08T14:15:00Z,SOL/USDT,buy,13.67193255,58.48969624,0.79966718,USDT
2023-01-08T17:45:00Z,SOL/USDT,stop_sell,13.59184711,58.48969624,0.79498301,USDT
2023-01-08T18:00:00Z,SOL/USDT,buy,13.57178250,58.98200587,0.80049096,USDT
2023-01-08T18:15:00Z,SOL/USDT,sell,13.53792765,58.98200587,0.79849413,USDT
2023-01-08T22:00:00Z,SOL/USDT,buy,13.74767040,58.16931159,0.79969252,USDT
2023-01-09T07:00:00Z,SOL/USDT,sell,16.00079560,58.16931159,0.93075526,USDT
2023-01-09T07:30:00Z,SOL/USDT,buy,16.38578880,49.33430382,0.80838148,USDT
2023-01-09T09:00:00Z,SOL/USDT,sell,16.10044575,49.33430382,0.79430428,USDT
2023-01-09T13:30:00Z,SOL/USDT,buy,16.56797985,48.79126487,0.80837269,USDT
2023-01-09T13:45:00Z,SOL/USDT,stop_sell,16.31635203,48.79126487,0.79609545,USDT
2023-01-09T14:00:00Z,SOL/USDT,buy,16.39619400,49.20929082,0.80684508,USDT
2023-01-09T14:00:00Z,SOL/USDT,stop_sell,16.12955619,49.20929082,0.79372402,USDT
2023-01-09T15:30:00Z,SOL/USDT,buy,16.64331750,48.41906361,0.80585385,USDT
2023-01-09T19:45:00Z,SOL/USDT,stop_sell,16.30979459,48.41906361,0.78970498,USDT
2023-01-10T00:45:00Z,SOL/USDT,buy,16.45482330,48.84107647,0.80367128,USDT
2023-01-10T01:30:00Z,SOL/USDT,stop_sell,16.19444872,48.84107647,0.79095431,USDT
2023-01-10T12:00:00Z,SOL/USDT,buy,16.02851025,50.04404505,0.80213149,USDT
2023-01-10T12:15:00Z,SOL/USDT,stop_sell,15.87106764,50.04404505,0.79425242,USDT
2023-01-10T12:45:00Z,SOL/USDT,buy,15.98819010,50.1621946,0.80200270,USDT
2023-01-10T13:15:00Z,SOL/USDT,sell,15.99170015,50.1621946,0.80217877,USDT
2023-01-10T15:00:00Z,SOL/USDT,buy,16.11365280,49.65356771,0.80010035,USDT
2023-01-10T15:45:00Z,SOL/USDT,sell,16.10924135,49.65356771,0.79988131,USDT
2023-01-10T16:00:00Z,SOL/USDT,buy,16.21230210,49.37768,0.80052587,USDT
2023-01-10T16:45:00Z,SOL/USDT,sell,16.06566315,49.37768,0.79328517,USDT
2023-01-10T17:00:00Z,SOL/USDT,buy,16.10845020,49.64137023,0.79964554,USDT
2023-01-10T19:30:00Z,SOL/USDT,sell,16.35231975,49.64137023,0.81175156,USDT
2023-01-10T22:30:00Z,SOL/USDT,buy,16.35387285,49.12509993,0.80338564,USDT
2023-01-10T22:45:00Z,SOL/USDT,sell,16.28975105,49.12509993,0.80023565,USDT
2023-01-11T06:15:00Z,SOL/USDT,buy,16.13166180,49.78488948,0.80311300,USDT
2023-01-11T06:30:00Z,SOL/USDT,sell,16.09195000,49.78488948,0.80113595,USDT
2023-01-11T07:00:00Z,SOL/USDT,buy,16.12735965,49.68378426,0.80126826,USDT
2023-01-11T07:15:00Z,SOL/USDT,sell,16.07265965,49.68378426,0.79855055,USDT
2023-01-12T01:15:00Z,SOL/USDT,buy,16.64121645,48.14390767,0.80117319,USDT
2023-01-12T02:45:00Z,SOL/USDT,sell,16.49584795,48.14390767,0.79417458,USDT
2023-01-12T14:30:00Z,SOL/USDT,buy,16.20539865,49.4401125,0.80119673,USDT
2023-01-12T14:30:00Z,SOL/USDT,stop_sell,15.90208069,49.4401125,0.78620066,USDT
2023-01-12T15:15:00Z,SOL/USDT,buy,16.01940570,49.98343773,0.80070497,USDT
2023-01-12T15:30:00Z,SOL/USDT,sell,15.90244480,49.98343773,0.79485886,USDT
2023-01-12T17:15:00Z,SOL/USDT,buy,16.20009600,49.40744977,0.80040543,USDT
2023-01-12T17:45:00Z,SOL/USDT,sell,16.34172505,49.40744977,0.80740296,USDT
2023-01-12T18:45:00Z,SOL/USDT,buy,16.52575875,48.40721974,0.79996604,USDT
2023-01-12T22:00:00Z,SOL/USDT,sell,16.46686245,48.40721974,0.79711503,USDT
2023-01-13T02:15:00Z,SOL/USDT,buy,16.43911545,48.55484252,0.79819866,USDT
2023-01-13T02:30:00Z,SOL/USDT,sell,16.35261960,48.55484252,0.79399887,USDT
2023-01-13T03:00:00Z,SOL/USDT,buy,16.48803990,48.45329754,0.79889990,USDT
2023-01-13T09:00:00Z,SOL/USDT,sell,16.93922615,48.45329754,0.82076136,USDT
2023-01-13T20:30:00Z,SOL/USDT,buy,17.11425285,46.80331512,0.80100377,USDT
2023-01-14T09:45:00Z,SOL/USDT,sell,22.23973800,46.80331512,1.04089347,USDT
2023-01-14T10:00:00Z,SOL/USDT,buy,22.56587730,36.29658966,0.81906439,USDT
2023-01-14T10:15:00Z,SOL/USDT,stop_sell,21.73537688,36.29658966,0.78892006,USDT
2023-01-14T14:00:00Z,SOL/USDT,buy,22.54626750,36.27789919,0.81793122,USDT
2023-01-14T14:15:00Z,SOL/USDT,sell,22.57050910,36.27789919,0.81881065,USDT
2023-01-14T18:15:00Z,SOL/USDT,buy,22.97438145,35.5342317,0.81637699,USDT
2023-01-14T21:45:00Z,SOL/USDT,sell,22.88435210,35.5342317,0.81317787,USDT
2023-01-15T00:00:00Z,SOL/USDT,buy,24.28403595,33.57625641,0.81536702,USDT
2023-01-15T00:30:00Z,SOL/USDT,stop_sell,23.71925587,33.57625641,0.79640382,USDT
2023-01-15T00:45:00Z,SOL/USDT,buy,23.38198515,34.85414317,0.81495906,USDT
2023-01-15T01:00:00Z,SOL/USDT,stop_sell,22.54325131,34.85414317,0.78572571,USDT
2023-01-15T01:45:00Z,SOL/USDT,buy,23.23651245,35.01720651,0.81367776,USDT
2023-01-15T02:15:00Z,SOL/USDT,sell,22.91053900,35.01720651,0.80226308,USDT
2023-01-15T02:30:00Z,SOL/USDT,buy,23.16517680,35.00953846,0.81100215,USDT
2023-01-15T03:30:00Z,SOL/USDT,sell,22.77970445,35.00953846,0.79750694,USDT
2023-01-15T06:00:00Z,SOL/USDT,buy,23.01109980,35.1923558,0.80981481,USDT
2023-01-15T06:15:00Z,SOL/USDT,sell,22.87145855,35.1923558,0.80490051,USDT
2023-01-15T11:30:00Z,SOL/USDT,buy,22.78338600,35.46263835,0.80795898,USDT
2023-01-15T17:00:00Z,SOL/USDT,sell,23.26975930,35.46263835,0.82520706,USDT
2023-01-15T17:15:00Z,SOL/USDT,buy,23.34716775,34.73279939,0.81091249,USDT
2023-01-15T18:00:00Z,SOL/USDT,sell,23.30494170,34.73279939,0.80944586,USDT
2023-01-15T20:15:00Z,SOL/USDT,buy,23.33135985,34.7318903,0.81034223,USDT
2023-01-15T20:30:00Z,SOL/USDT,sell,23.36281275,34.7318903,0.81143465,USDT
2023-01-15T21:45:00Z,SOL/USDT,buy,23.25702270,34.94213695,0.81265007,USDT
2023-01-15T22:00:00Z,SOL/USDT,sell,23.31843495,34.94213695,0.81479595,USDT
2023-01-16T07:30:00Z,SOL/USDT,buy,24.44381580,33.11767965,0.80952246,USDT
2023-01-16T08:00:00Z,SOL/USDT,stop_sell,23.99990475,33.11767965,0.79482116,USDT
2023-01-16T08:15:00Z,SOL/USDT,buy,23.46402615,34.46114404,0.80859718,USDT
2023-01-16T08:30:00Z,SOL/USDT,stop_sell,22.91253443,34.46114404,0.78959215,USDT
2023-01-16T09:15:00Z,SOL/USDT,buy,23.36637735,34.55289619,0.80737601,USDT
2023-01-16T09:45:00Z,SOL/USDT,sell,23.26726055,34.55289619,0.80395124,USDT
2023-01-16T10:00:00Z,SOL/USDT,buy,23.39839335,34.46450116,0.80641395,USDT
2023-01-16T11:00:00Z,SOL/USDT,sell,23.45106860,34.46450116,0.80822938,USDT
2023-01-16T13:15:00Z,SOL/USDT,buy,23.41470150,34.47874408,0.80730950,USDT
2023-01-16T13:45:00Z,SOL/USDT,stop_sell,23.09005990,34.47874408,0.79611627,USDT
2023-01-16T14:30:00Z,SOL/USDT,buy,23.32795815,34.52279671,0.80534636,USDT
2023-01-16T14:45:00Z,SOL/USDT,sell,23.21678580,34.52279671,0.80150838,USDT
2023-01-16T19:45:00Z,SOL/USDT,buy,23.72715765,33.94884014,0.80550948,USDT
2023-01-17T00:00:00Z,SOL/USDT,sell,23.56781020,33.94884014,0.80009982,USDT
2023-01-17T00:15:00Z,SOL/USDT,buy,23.72855835,33.91801942,0.80482570,USDT
2023-01-17T00:30:00Z,SOL/USDT,sell,23.55231795,33.91801942,0.79884798,USDT
2023-01-17T05:15:00Z,SOL/USDT,buy,23.69294055,33.887731,0.80290000,USDT
2023-01-17T05:30:00Z,SOL/USDT,stop_sell,23.46816362,33.887731,0.79528282,USDT
2023-01-17T06:00:00Z,SOL/USDT,buy,23.60599710,34.0112209,0.80286878,USDT
2023-01-17T06:45:00Z,SOL/USDT,stop_sell,23.35401358,34.0112209,0.79429851,USDT
2023-01-17T07:00:00Z,SOL/USDT,buy,23.38158495,34.35447682,0.80326212,USDT
2023-01-17T10:00:00Z,SOL/USDT,sell,23.75771520,34.35447682,0.81618388,USDT
2023-01-17T10:15:00Z,SOL/USDT,buy,23.58788805,34.00613676,0.80213295,USDT
2023-01-17T10:30:00Z,SOL/USDT,sell,23.54152335,34.00613676,0.80055626,USDT
2023-01-17T12:15:00Z,SOL/USDT,buy,23.75096955,33.82081063,0.80327704,USDT
2023-01-17T12:45:00Z,SOL/USDT,stop_sell,23.49904460,33.82081063,0.79475674,USDT
2023-01-17T13:00:00Z,SOL/USDT,buy,23.63541180,33.98670896,0.80328986,USDT
2023-01-17T13:15:00Z,SOL/USDT,sell,23.47445690,33.98670896,0.79781953,USDT
2023-01-17T15:45:00Z,SOL/USDT,buy,23.66342580,33.88950466,0.80194178,USDT
2023-01-17T16:00:00Z,SOL/USDT,sell,23.54022400,33.88950466,0.79776653,USDT
2023-01-17T18:30:00Z,SOL/USDT,buy,23.60769795,33.95150677,0.80151692,USDT
2023-01-17T20:00:00Z,SOL/USDT,sell,23.66686065,33.95150677,0.80352558,USDT
2023-01-18T05:45:00Z,SOL/USDT,buy,23.39709270,34.28548875,0.80218076,USDT
2023-01-18T07:00:00Z,SOL/USDT,stop_sell,23.12069816,34.28548875,0.79270444,USDT
2023-01-18T07:15:00Z,SOL/USDT,buy,23.31084960,34.34429917,0.80059479,USDT
2023-01-18T07:15:00Z,SOL/USDT,stop_sell,23.11523303,34.34429917,0.79387648,USDT
2023-01-18T12:15:00Z,SOL/USDT,buy,23.14746795,34.44525933,0.79732054,USDT
2023-01-18T12:45:00Z,SOL/USDT,stop_sell,22.97665949,34.44525933,0.79143699,USDT
2023-01-18T21:15:00Z,SOL/USDT,buy,21.47573250,37.24195337,0.79979823,USDT
2023-01-18T22:00:00Z,SOL/USDT,sell,21.32393270,37.24195337,0.79414491,USDT
2023-01-19T03:00:00Z,SOL/USDT,buy,21.16857900,37.71365624,0.79834451,USDT
2023-01-19T08:00:00Z,SOL/USDT,sell,21.27035950,37.71365624,0.80218303,USDT
2023-01-19T17:00:00Z,SOL/USDT,buy,21.17568255,37.73013386,0.79896134,USDT
2023-01-20T00:00:00Z,SOL/USDT,sell,21.39149890,37.73013386,0.80710412,USDT
2023-01-20T09:45:00Z,SOL/USDT,buy,21.16867905,37.75983675,0.79932587,USDT
2023-01-20T10:15:00Z,SOL/USDT,sell,21.06206370,37.75983675,0.79530009,USDT
2023-01-20T13:00:00Z,SOL/USDT,buy,21.35777355,37.44416495,0.79972400,USDT
2023-01-21T03:00:00Z,SOL/USDT,sell,24.86376190,37.44416495,0.93100280,USDT
2023-01-21T07:15:00Z,SOL/USDT,buy,25.25302020,32.03881124,0.80907675,USDT
2023-01-21T08:45:00Z,SOL/USDT,stop_sell,24.97518830,32.03881124,0.80017534,USDT
2023-01-21T09:15:00Z,SOL/USDT,buy,25.19118930,32.11527262,0.80902191,USDT
2023-01-21T10:15:00Z,SOL/USDT,stop_sell,24.80213559,32.11527262,0.79652735,USDT
2023-01-21T10:45:00Z,SOL/USDT,buy,25.13666205,32.16323906,0.80847647,USDT
2023-01-21T11:45:00Z,SOL/USDT,sell,25.21598570,32.16323906,0.81102778,USDT
2023-01-21T15:15:00Z,SOL/USDT,buy,25.38078405,31.75915326,0.80607221,USDT
2023-01-21T18:00:00Z,SOL/USDT,sell,25.40439145,31.75915326,0.80682196,USDT
2023-01-21T18:30:00Z,SOL/USDT,buy,25.33416075,31.84829669,0.80684987,USDT
2023-01-21T18:45:00Z,SOL/USDT,sell,25.37720505,31.84829669,0.80822076,USDT
2023-01-21T19:45:00Z,SOL/USDT,buy,25.65292005,31.47931471,0.80753634,USDT
2023-01-21T20:00:00Z,SOL/USDT,sell,25.62608055,31.47931471,0.80669145,USDT
2023-01-21T20:45:00Z,SOL/USDT,buy,25.55807265,31.5789307,0.80709661,USDT
2023-01-21T21:00:00Z,SOL/USDT,sell,25.48125300,31.5789307,0.80467072,USDT
2023-01-22T03:45:00Z,SOL/USDT,buy,25.08593670,32.15452427,0.80662636,USDT
2023-01-22T05:15:00Z,SOL/USDT,sell,25.27815460,32.15452427,0.81280704,USDT
2023-01-22T05:45:00Z,SOL/USDT,buy,25.20489615,32.04056236,0.80757905,USDT
2023-01-22T06:45:00Z,SOL/USDT,sell,25.28105315,32.04056236,0.81001916,USDT
2023-01-23T05:30:00Z,SOL/USDT,buy,24.76807785,32.61920069,0.80791490,USDT
2023-01-23T05:30:00Z,SOL/USDT,stop_sell,24.49341146,32.61920069,0.79895550,USDT
2023-01-23T05:45:00Z,SOL/USDT,buy,24.61980375,32.81504784,0.80790004,USDT
2023-01-23T06:00:00Z,SOL/USDT,sell,24.54212280,32.81504784,0.80535093,USDT
2023-01-23T06:30:00Z,SOL/USDT,buy,24.66492630,32.63595013,0.80496330,USDT
2023-01-23T07:00:00Z,SOL/USDT,sell,24.68655055,32.63595013,0.80566903,USDT
2023-01-23T18:00:00Z,SOL/USDT,buy,24.66472620,32.68146633,0.80607942,USDT
2023-01-23T19:15:00Z,SOL/USDT,stop_sell,24.26777790,32.68146633,0.79310657,USDT
2023-01-23T19:45:00Z,SOL/USDT,buy,24.14446620,33.32522068,0.80461966,USDT
2023-01-23T20:00:00Z,SOL/USDT,sell,24.15381705,33.32522068,0.80493128,USDT
2023-01-23T22:30:00Z,SOL/USDT,buy,24.49464120,32.88649608,0.80554292,USDT
2023-01-23T22:45:00Z,SOL/USDT,sell,24.42588095,32.88649608,0.80328164,USDT
2023-01-24T00:15:00Z,SOL/USDT,buy,24.21600195,33.29595752,0.80629497,USDT
2023-01-24T00:30:00Z,SOL/USDT,sell,24.32103340,33.29595752,0.80979209,USDT
2023-01-24T07:30:00Z,SOL/USDT,buy,24.80209485,32.47347634,0.80541024,USDT
2023-01-24T07:45:00Z,SOL/USDT,sell,24.74532115,32.47347634,0.80356660,USDT
2023-01-24T16:30:00Z,SOL/USDT,buy,24.52685730,32.79602713,0.80438348,USDT
2023-01-24T16:45:00Z,SOL/USDT,sell,24.41298740,32.79602713,0.80064900,USDT
2023-01-25T03:15:00Z,SOL/USDT,buy,22.87753305,35.31458285,0.80791054,USDT
2023-01-25T03:30:00Z,SOL/USDT,sell,22.88555150,35.31458285,0.80819370,USDT
2023-01-25T04:00:00Z,SOL/USDT,buy,22.96027440,35.08017988,0.80545056,USDT
2023-01-25T11:30:00Z,SOL/USDT,sell,23.18949945,35.08017988,0.81349181,USDT
2023-01-25T12:15:00Z,SOL/USDT,buy,23.81029920,33.83350042,0.80558577,USDT
2023-01-25T14:30:00Z,SOL/USDT,stop_sell,23.50872905,33.83350042,0.79538259,USDT
2023-01-25T14:45:00Z,SOL/USDT,buy,23.47162995,34.27744008,0.80454739,USDT
2023-01-25T15:00:00Z,SOL/USDT,stop_sell,22.94501461,34.27744008,0.78649636,USDT
2023-01-25T15:30:00Z,SOL/USDT,buy,23.19819330,34.61328237,0.80296562,USDT
2023-01-25T15:45:00Z,SOL/USDT,sell,23.21198820,34.61328237,0.80344310,USDT
2023-01-25T16:00:00Z,SOL/USDT,buy,23.31805320,34.32769132,0.80045493,USDT
2023-01-25T17:00:00Z,SOL/USDT,sell,23.56860980,34.32769132,0.80905596,USDT
2023-01-25T20:15:00Z,SOL/USDT,buy,24.13826310,33.27406422,0.80317812,USDT
2023-01-25T21:00:00Z,SOL/USDT,stop_sell,23.82219723,33.27406422,0.79266132,USDT
2023-01-25T21:15:00Z,SOL/USDT,buy,24.08293545,33.25165491,0.80079746,USDT
2023-01-26T02:45:00Z,SOL/USDT,sell,24.62588090,33.25165491,0.81885129,USDT
2023-01-26T03:15:00Z,SOL/USDT,buy,25.05492120,31.94639588,0.80041443,USDT
2023-01-26T03:30:00Z,SOL/USDT,stop_sell,24.77823326,31.94639588,0.79157525,USDT
2023-01-26T03:45:00Z,SOL/USDT,buy,24.80679720,32.34647151,0.80241236,USDT
2023-01-26T05:45:00Z,SOL/USDT,sell,24.65356705,32.34647151,0.79745590,USDT
2023-01-26T12:30:00Z,SOL/USDT,buy,24.47233005,32.7587173,0.80168214,USDT
2023-01-26T13:30:00Z,SOL/USDT,sell,24.34322230,32.7587173,0.79745274,USDT
2023-01-26T14:00:00Z,SOL/USDT,buy,24.94526640,32.11245378,0.80105371,USDT
2023-01-26T14:30:00Z,SOL/USDT,stop_sell,24.67869019,32.11245378,0.79249330,USDT
2023-01-27T13:45:00Z,SOL/USDT,buy,23.75377095,33.54377156,0.79679107,USDT
2023-01-27T13:45:00Z,SOL/USDT,stop_sell,23.65873971,33.54377156,0.79360336,USDT
2023-01-27T15:00:00Z,SOL/USDT,buy,23.87253030,33.49668164,0.79965055,USDT
2023-01-27T22:15:00Z,SOL/USDT,sell,24.20719035,33.49668164,0.81086055,USDT
2023-01-28T00:00:00Z,SOL/USDT,buy,24.44531655,32.74241841,0.80039878,USDT
2023-01-28T00:15:00Z,SOL/USDT,sell,24.44547115,32.74241841,0.80040384,USDT
2023-01-28T00:30:00Z,SOL/USDT,buy,24.53276025,32.62050627,0.80027106,USDT
2023-01-28T01:15:00Z,SOL/USDT,sell,24.58420175,32.62050627,0.80194911,USDT
2023-01-28T02:15:00Z,SOL/USDT,buy,24.52505640,32.69448809,0.80183416,USDT
2023-01-28T02:30:00Z,SOL/USDT,sell,24.49034870,32.69448809,0.80069941,USDT
2023-01-28T02:45:00Z,SOL/USDT,buy,24.52135455,32.63897729,0.80035193,USDT
2023-01-28T05:45:00Z,SOL/USDT,sell,24.60189290,32.63897729,0.80298062,USDT
2023-01-28T07:00:00Z,SOL/USDT,buy,24.42980880,32.66232263,0.79793430,USDT
2023-01-28T07:15:00Z,SOL/USDT,stop_sell,24.23435890,32.66232263,0.79155045,USDT
2023-01-28T12:15:00Z,SOL/USDT,buy,24.20199495,32.91006158,0.79648914,USDT
2023-01-28T12:15:00Z,SOL/USDT,stop_sell,24.17780505,32.91006158,0.79569305,USDT
2023-01-28T19:45:00Z,SOL/USDT,buy,24.14656725,33.13224957,0.80003009,USDT
2023-01-28T20:00:00Z,SOL/USDT,sell,24.06746025,33.13224957,0.79740910,USDT
2023-01-29T00:45:00Z,SOL/USDT,buy,24.28133460,32.96527234,0.80044081,USDT
2023-01-29T02:00:00Z,SOL/USDT,stop_sell,24.04169457,32.96527234,0.79254101,USDT
2023-01-29T07:45:00Z,SOL/USDT,buy,24.15907350,33.09568082,0.79956099,USDT
2023-01-29T11:00:00Z,SOL/USDT,sell,24.40818980,33.09568082,0.80780566,USDT
2023-01-29T11:15:00Z,SOL/USDT,buy,24.27833310,32.92784148,0.79943310,USDT
2023-01-29T11:30:00Z,SOL/USDT,sell,24.30434175,32.92784148,0.80028951,USDT
2023-01-29T12:45:00Z,SOL/USDT,buy,24.48873825,32.63344793,0.79915196,USDT
2023-01-29T22:15:00Z,SOL/USDT,sell,26.31813435,32.63344793,0.85885147,USDT
2023-01-29T23:45:00Z,SOL/USDT,buy,26.16057375,30.6566855,0.80199648,USDT
2023-01-30T00:00:00Z,SOL/USDT,sell,26.03347675,30.6566855,0.79810011,USDT
2023-01-30T00:15:00Z,SOL/USDT,buy,26.19639165,30.60892657,0.80184343,USDT
2023-01-30T00:30:00Z,SOL/USDT,sell,26.12093300,30.60892657,0.79953372,USDT
2023-01-30T08:15:00Z,SOL/USDT,buy,25.50054390,31.45186397,0.80203964,USDT
2023-01-30T08:15:00Z,SOL/USDT,stop_sell,25.36366182,31.45186397,0.79773444,USDT
2023-01-30T14:00:00Z,SOL/USDT,buy,24.26282535,33.01816866,0.80111406,USDT
2023-01-30T18:00:00Z,SOL/USDT,sell,24.24037375,33.01816866,0.80037275,USDT
2023-01-31T00:00:00Z,SOL/USDT,buy,23.91245025,33.43331097,0.79947239,USDT
2023-01-31T00:00:00Z,SOL/USDT,stop_sell,23.77990410,33.43331097,0.79504093,USDT
2023-01-31T00:30:00Z,SOL/USDT,buy,23.82130470,33.4798167,0.79753291,USDT
2023-01-31T00:30:00Z,SOL/USDT,stop_sell,23.72721617,33.4798167,0.79438285,USDT
2023-01-31T13:45:00Z,SOL/USDT,buy,24.06652725,33.21697773,0.79941730,USDT
2023-01-31T18:30:00Z,SOL/USDT,sell,24.10244275,33.21697773,0.80061030,USDT
2023-01-31T20:15:00Z,SOL/USDT,buy,24.12505650,33.1696645,0.80022003,USDT
2023-01-31T20:15:00Z,SOL/USDT,stop_sell,23.98484444,33.1696645,0.79556924,USDT
2023-02-06T12:00:00Z,SOL/USDT,buy,23.30054445,33.55461011,0.78184068,USDT
2023-02-06T12:00:00Z,SOL/USDT,stop_sell,23.27725555,33.55461011,0.78105923,USDT
2023-02-06T17:15:00Z,SOL/USDT,buy,23.26782810,34.36931741,0.79969937,USDT
2023-02-06T17:30:00Z,SOL/USDT,sell,23.24267285,34.36931741,0.79883480,USDT
2023-02-07T03:00:00Z,SOL/USDT,buy,23.07122985,34.63780843,0.79913684,USDT
2023-02-07T03:15:00Z,SOL/USDT,sell,23.07465690,34.63780843,0.79925555,USDT
2023-02-07T03:30:00Z,SOL/USDT,buy,23.14456650,34.56620969,0.80001994,USDT
2023-02-07T08:15:00Z,SOL/USDT,sell,23.10044400,34.56620969,0.79849479,USDT
2023-02-07T08:45:00Z,SOL/USDT,buy,23.17318080,34.46601283,0.79868715,USDT
2023-02-07T12:15:00Z,SOL/USDT,sell,23.35671580,34.46601283,0.80501287,USDT
2023-02-07T18:00:00Z,SOL/USDT,buy,23.70854835,33.73994327,0.79992508,USDT
2023-02-07T18:00:00Z,SOL/USDT,stop_sell,23.42191532,33.73994327,0.79025409,USDT
2023-02-08T04:00:00Z,SOL/USDT,buy,23.94996900,33.43533709,0.80077529,USDT
2023-02-08T04:15:00Z,SOL/USDT,sell,23.87865470,33.43533709,0.79839087,USDT
2023-02-08T11:15:00Z,SOL/USDT,buy,23.71375095,33.71153149,0.79942686,USDT
2023-02-08T13:30:00Z,SOL/USDT,sell,23.55721550,33.71153149,0.79414981,USDT
2023-02-08T13:45:00Z,SOL/USDT,buy,23.69764290,33.63762994,0.79713254,USDT
2023-02-08T14:15:00Z,SOL/USDT,sell,23.61288765,33.63762994,0.79428158,USDT
2023-02-08T15:00:00Z,SOL/USDT,buy,23.72035425,33.62264898,0.79754114,USDT
2023-02-08T15:00:00Z,SOL/USDT,stop_sell,23.47504232,33.62264898,0.78929311,USDT
2023-02-08T23:30:00Z,SOL/USDT,buy,23.23271055,34.33397336,0.79767127,USDT
2023-02-09T00:00:00Z,SOL/USDT,sell,23.21078880,34.33397336,0.79691860,USDT
2023-02-09T00:15:00Z,SOL/USDT,buy,23.17097970,34.41678687,0.79747067,USDT
2023-02-09T02:00:00Z,SOL/USDT,stop_sell,23.01665734,34.41678687,0.79215939,USDT
2023-02-10T04:15:00Z,SOL/USDT,buy,20.78298630,38.45673585,0.79924581,USDT
2023-02-10T07:30:00Z,SOL/USDT,sell,20.83247855,38.45673585,0.80114912,USDT
2023-02-10T07:45:00Z,SOL/USDT,buy,20.99579265,37.95353629,0.79686458,USDT
2023-02-10T11:30:00Z,SOL/USDT,stop_sell,20.79398352,37.95353629,0.78920521,USDT
2023-02-10T16:45:00Z,SOL/USDT,buy,20.68413690,38.47849781,0.79589452,USDT
2023-02-10T17:00:00Z,SOL/USDT,sell,20.65896535,38.47849781,0.79492595,USDT
2023-02-10T17:45:00Z,SOL/USDT,buy,20.73716340,38.39967268,0.79630029,USDT
2023-02-10T18:15:00Z,SOL/USDT,sell,20.75311825,38.39967268,0.79691295,USDT
2023-02-10T20:30:00Z,SOL/USDT,buy,20.80979970,38.19153635,0.79475822,USDT
2023-02-10T20:45:00Z,SOL/USDT,sell,20.77250855,38.19153635,0.79333402,USDT
2023-02-11T02:30:00Z,SOL/USDT,buy,20.36017500,39.06815073,0.79543439,USDT
2023-02-11T03:00:00Z,SOL/USDT,sell,20.35801590,39.06815073,0.79535003,USDT
2023-02-11T03:15:00Z,SOL/USDT,buy,20.44371675,38.86518828,0.79454890,USDT
2023-02-11T05:30:00Z,SOL/USDT,stop_sell,20.31185685,38.86518828,0.78942414,USDT
2023-02-11T12:15:00Z,SOL/USDT,buy,20.37168075,38.97484133,0.79398302,USDT
2023-02-11T12:45:00Z,SOL/USDT,stop_sell,20.29744620,38.97484133,0.79108975,USDT
2023-02-11T13:15:00Z,SOL/USDT,buy,20.45842410,38.97753525,0.79741895,USDT
2023-02-11T17:00:00Z,SOL/USDT,sell,20.35611685,38.97753525,0.79343126,USDT
2023-02-11T20:45:00Z,SOL/USDT,buy,20.50804890,38.76793404,0.79505469,USDT
2023-02-11T21:00:00Z,SOL/USDT,sell,20.38440270,38.76793404,0.79026118,USDT
2023-02-11T21:30:00Z,SOL/USDT,buy,20.46772875,38.75701271,0.79326802,USDT
2023-02-12T02:45:00Z,SOL/USDT,sell,20.63437765,38.75701271,0.79972684,USDT
2023-02-12T05:30:00Z,SOL/USDT,buy,20.74196580,38.2661373,0.79371491,USDT
2023-02-12T11:45:00Z,SOL/USDT,sell,20.99969490,38.2661373,0.80357721,USDT
2023-02-12T12:00:00Z,SOL/USDT,buy,21.07843395,37.67431078,0.79411547,USDT
2023-02-12T12:30:00Z,SOL/USDT,stop_sell,20.96578329,37.67431078,0.78987144,USDT
2023-02-12T12:45:00Z,SOL/USDT,buy,20.92765860,37.86980897,0.79252643,USDT
2023-02-12T13:00:00Z,SOL/USDT,stop_sell,20.85796580,37.86980897,0.78988718,USDT
2023-02-12T15:15:00Z,SOL/USDT,buy,21.31625280,37.17258909,0.79238031,USDT
2023-02-12T21:45:00Z,SOL/USDT,sell,21.53812555,37.17258909,0.80062789,USDT
2023-02-13T07:15:00Z,SOL/USDT,buy,21.08453700,37.85344381,0.79812234,USDT
2023-02-13T08:15:00Z,SOL/USDT,stop_sell,20.83968209,37.85344381,0.78885374,USDT
2023-02-13T14:00:00Z,SOL/USDT,buy,20.45001990,38.83844535,0.79424698,USDT
2023-02-13T15:45:00Z,SOL/USDT,sell,20.44117430,38.83844535,0.79390343,USDT
2023-02-14T01:45:00Z,SOL/USDT,buy,20.79519240,38.17003338,0.79375319,USDT
2023-02-14T04:15:00Z,SOL/USDT,sell,20.80449255,38.17003338,0.79410818,USDT
2023-02-14T04:30:00Z,SOL/USDT,buy,20.90414685,37.930566,0.79290612,USDT
2023-02-14T08:45:00Z,SOL/USDT,stop_sell,20.76487308,37.930566,0.78762339,USDT
2023-02-14T11:15:00Z,SOL/USDT,buy,21.44951940,36.98593243,0.79333048,USDT
2023-02-14T13:30:00Z,SOL/USDT,stop_sell,21.20270049,36.98593243,0.78420165,USDT
2023-02-14T13:45:00Z,SOL/USDT,buy,21.27083010,37.17562215,0.79075634,USDT
2023-02-14T14:30:00Z,SOL/USDT,sell,21.01718615,37.17562215,0.78132697,USDT
2023-02-14T14:45:00Z,SOL/USDT,buy,21.48233580,36.85749614,0.79178511,USDT
2023-02-14T18:15:00Z,SOL/USDT,sell,21.91433735,36.85749614,0.80770760,USDT
2023-02-14T18:30:00Z,SOL/USDT,buy,21.91195050,36.13202875,0.79172323,USDT
2023-02-14T20:00:00Z,SOL/USDT,sell,22.00419240,36.13202875,0.79505611,USDT
2023-02-14T20:15:00Z,SOL/USDT,buy,21.95517210,36.06069617,0.79171879,USDT
2023-02-14T20:30:00Z,SOL/USDT,sell,21.88785060,36.06069617,0.78929113,USDT
2023-02-15T05:45:00Z,SOL/USDT,buy,21.60379650,36.56955778,0.79004128,USDT
2023-02-15T07:00:00Z,SOL/USDT,sell,21.60719100,36.56955778,0.79016542,USDT
2023-02-15T16:45:00Z,SOL/USDT,buy,22.40779830,35.30602434,0.79113027,USDT
2023-02-15T17:00:00Z,SOL/USDT,sell,22.30614135,35.30602434,0.78754117,USDT
2023-02-16T05:30:00Z,SOL/USDT,buy,23.88633720,33.07376963,0.79001121,USDT
2023-02-16T06:15:00Z,SOL/USDT,stop_sell,23.76251280,33.07376963,0.78591587,USDT
2023-02-16T13:00:00Z,SOL/USDT,buy,23.72545680,33.3006478,0.79007308,USDT
2023-02-16T13:15:00Z,SOL/USDT,sell,23.64797010,33.3006478,0.78749272,USDT
2023-02-16T20:00:00Z,SOL/USDT,buy,23.56137480,33.48062894,0.78884965,USDT
2023-02-16T20:15:00Z,SOL/USDT,stop_sell,23.38854274,33.48062894,0.78306312,USDT
2023-02-17T04:45:00Z,SOL/USDT,buy,22.63941405,34.95430066,0.79134489,USDT
2023-02-17T05:30:00Z,SOL/USDT,sell,22.54872000,34.95430066,0.78817474,USDT
2023-02-17T16:45:00Z,SOL/USDT,buy,22.81820340,34.63014081,0.79019760,USDT
2023-02-17T17:15:00Z,SOL/USDT,sell,23.10094375,34.63014081,0.79998893,USDT
2023-02-17T20:15:00Z,SOL/USDT,buy,23.49023925,33.63776177,0.79015907,USDT
2023-02-17T21:45:00Z,SOL/USDT,sell,23.34552140,33.63776177,0.78529109,USDT
2023-02-17T22:00:00Z,SOL/USDT,buy,23.17077960,34.08232256,0.78971398,USDT
2023-02-17T22:00:00Z,SOL/USDT,stop_sell,22.96004281,34.08232256,0.78253159,USDT
2023-02-18T04:15:00Z,SOL/USDT,buy,23.44141485,33.66254486,0.78909768,USDT
2023-02-18T06:30:00Z,SOL/USDT,sell,23.40509160,33.66254486,0.78787495,USDT
2023-02-18T18:15:00Z,SOL/USDT,buy,23.68613715,33.32935929,0.78944378,USDT
2023-02-18T19:30:00Z,SOL/USDT,stop_sell,23.44885185,33.32935929,0.78153521,USDT
2023-02-18T19:45:00Z,SOL/USDT,buy,23.43671250,33.56756715,0.78671342,USDT
2023-02-18T20:15:00Z,SOL/USDT,sell,23.38230300,33.56756715,0.78488703,USDT
2023-02-18T22:15:00Z,SOL/USDT,buy,23.59229025,33.38277806,0.78757619,USDT
2023-02-18T22:45:00Z,SOL/USDT,sell,23.57980420,33.38277806,0.78715937,USDT
2023-02-19T06:00:00Z,SOL/USDT,buy,23.93496150,32.97685739,0.78929981,USDT
2023-02-19T06:00:00Z,SOL/USDT,stop_sell,23.72368936,32.97685739,0.78233272,USDT
2023-02-19T06:15:00Z,SOL/USDT,buy,23.69414115,33.18575327,0.78630792,USDT
2023-02-19T07:30:00Z,SOL/USDT,stop_sell,23.52543140,33.18575327,0.78070916,USDT
2023-02-19T07:45:00Z,SOL/USDT,buy,23.53105965,33.40320437,0.78601279,USDT
2023-02-19T10:15:00Z,SOL/USDT,sell,23.58530145,33.40320437,0.78782464,USDT
2023-02-19T12:45:00Z,SOL/USDT,buy,23.86372590,32.9546985,0.78642189,USDT
2023-02-19T18:45:00Z,SOL/USDT,sell,24.18640075,32.9546985,0.79705554,USDT
2023-02-19T19:00:00Z,SOL/USDT,buy,24.25262025,32.42021167,0.78627508,USDT
2023-02-19T20:30:00Z,SOL/USDT,sell,24.30993895,32.42021167,0.78813337,USDT
2023-02-19T21:45:00Z,SOL/USDT,buy,24.83441100,31.71257748,0.78756318,USDT
2023-02-20T00:30:00Z,SOL/USDT,sell,24.60139315,31.71257748,0.78017359,USDT
2023-02-20T00:45:00Z,SOL/USDT,buy,24.63811290,31.93232073,0.78675212,USDT
2023-02-20T01:00:00Z,SOL/USDT,sell,24.58160305,31.93232073,0.78494763,USDT
2023-02-20T01:30:00Z,SOL/USDT,buy,24.59599185,31.89697403,0.78453771,USDT
2023-02-20T02:00:00Z,SOL/USDT,sell,24.65526620,31.89697403,0.78642839,USDT
2023-02-20T02:15:00Z,SOL/USDT,buy,25.01340045,31.42885104,0.78614244,USDT
2023-02-20T09:45:00Z,SOL/USDT,sell,26.35601540,31.42885104,0.82833928,USDT
2023-02-20T14:45:00Z,SOL/USDT,buy,26.34576630,29.95316529,0.78913909,USDT
2023-02-20T15:00:00Z,SOL/USDT,sell,26.42857910,29.95316529,0.79161960,USDT
2023-02-20T19:45:00Z,SOL/USDT,buy,26.39319000,29.89595382,0.78904959,USDT
2023-02-20T20:00:00Z,SOL/USDT,sell,26.34032325,29.89595382,0.78746909,USDT
2023-02-20T21:00:00Z,SOL/USDT,buy,26.26732710,30.06436103,0.78971041,USDT
2023-02-20T23:00:00Z,SOL/USDT,stop_sell,25.96617113,30.06436103,0.78065634,USDT
2023-02-20T23:15:00Z,SOL/USDT,buy,25.97077890,30.16178341,0.78332501,USDT
2023-02-21T00:30:00Z,SOL/USDT,sell,26.03997350,30.16178341,0.78541204,USDT
2023-02-21T01:00:00Z,SOL/USDT,buy,26.43651165,29.80163838,0.78785136,USDT
2023-02-21T01:15:00Z,SOL/USDT,stop_sell,26.13610398,29.80163838,0.77889872,USDT
2023-02-21T07:45:00Z,SOL/USDT,buy,26.03681190,30.23162552,0.78713515,USDT
2023-02-21T08:30:00Z,SOL/USDT,sell,25.93472615,30.23162552,0.78404893,USDT
2023-02-21T17:45:00Z,SOL/USDT,buy,25.25452095,31.14374482,0.78652036,USDT
2023-02-21T19:30:00Z,SOL/USDT,sell,25.16960890,31.14374482,0.78387588,USDT
2023-02-21T20:00:00Z,SOL/USDT,buy,25.26022380,31.19598423,0.78801754,USDT
2023-02-21T21:15:00Z,SOL/USDT,stop_sell,24.95440585,31.19598423,0.77847725,USDT
2023-02-21T21:45:00Z,SOL/USDT,buy,24.88403580,31.52814999,0.78454761,USDT
2023-02-21T22:00:00Z,SOL/USDT,sell,24.73152805,31.52814999,0.77973933,USDT
2023-02-22T16:00:00Z,SOL/USDT,buy,23.66282550,33.15026338,0.78442890,USDT
2023-02-22T16:15:00Z,SOL/USDT,sell,23.44477175,33.15026338,0.77720036,USDT
2023-02-22T16:30:00Z,SOL/USDT,buy,23.54316570,33.38667484,0.78602802,USDT
2023-02-22T16:45:00Z,SOL/USDT,sell,23.49794515,33.38667484,0.78451825,USDT
2023-02-22T17:45:00Z,SOL/USDT,buy,23.69254035,33.0467768,0.78296209,USDT
2023-02-22T20:45:00Z,SOL/USDT,sell,23.57170825,33.0467768,0.77896898,USDT
2023-02-22T21:00:00Z,SOL/USDT,buy,23.71375095,33.08760537,0.78463123,USDT
2023-02-22T21:45:00Z,SOL/USDT,sell,23.56781020,33.08760537,0.77980240,USDT
2023-02-23T03:00:00Z,SOL/USDT,buy,24.61440105,31.83078597,0.78349573,USDT
2023-02-23T04:00:00Z,SOL/USDT,sell,24.42807985,31.83078597,0.77756498,USDT
2023-02-23T20:00:00Z,SOL/USDT,buy,24.08653725,32.58759722,0.78492237,USDT
2023-02-23T21:45:00Z,SOL/USDT,stop_sell,23.81735679,32.58759722,0.77615043,USDT
2023-02-24T12:15:00Z,SOL/USDT,buy,23.97388095,32.61429886,0.78189132,USDT
2023-02-24T12:30:00Z,SOL/USDT,sell,23.85486660,32.61429886,0.77800975,USDT
2023-02-24T20:45:00Z,SOL/USDT,buy,23.11915380,33.78767001,0.78114234,USDT
2023-02-24T21:45:00Z,SOL/USDT,stop_sell,22.85962876,33.78767001,0.77237359,USDT
2023-02-24T22:00:00Z,SOL/USDT,buy,22.82100480,34.19139216,0.78028192,USDT
2023-02-24T22:30:00Z,SOL/USDT,stop_sell,22.58120375,34.19139216,0.77208279,USDT
2023-02-24T23:00:00Z,SOL/USDT,buy,22.81820340,34.22079055,0.78085696,USDT
2023-02-25T01:00:00Z,SOL/USDT,sell,23.12043400,34.22079055,0.79119953,USDT
2023-02-25T01:30:00Z,SOL/USDT,buy,23.20809825,33.67905521,0.78162682,USDT
2023-02-25T02:15:00Z,SOL/USDT,stop_sell,23.00901831,33.67905521,0.77492200,USDT
2023-02-25T02:30:00Z,SOL/USDT,buy,23.06882865,33.85469961,0.78098826,USDT
2023-02-25T04:15:00Z,SOL/USDT,sell,22.97290780,33.85469961,0.77774089,USDT
2023-02-25T07:15:00Z,SOL/USDT,buy,23.13186015,33.69589386,0.77944870,USDT
2023-02-25T07:30:00Z,SOL/USDT,stop_sell,23.02253298,33.69589386,0.77576483,USDT
2023-02-25T23:30:00Z,SOL/USDT,buy,22.51575225,34.51231818,0.77707081,USDT
2023-02-26T00:00:00Z,SOL/USDT,stop_sell,22.29708159,34.51231818,0.76952397,USDT
2023-02-26T00:30:00Z,SOL/USDT,buy,22.34536710,34.85891409,0.77893523,USDT
2023-02-26T08:30:00Z,SOL/USDT,sell,22.66446210,34.85891409,0.79005854,USDT
2023-02-26T08:45:00Z,SOL/USDT,buy,22.79128995,34.24183405,0.78041557,USDT
2023-02-26T12:15:00Z,SOL/USDT,sell,22.78610125,34.24183405,0.78023790,USDT
2023-02-26T12:30:00Z,SOL/USDT,buy,22.85152005,34.07703225,0.77871199,USDT
2023-02-26T12:30:00Z,SOL/USDT,stop_sell,22.72171917,34.07703225,0.77428876,USDT
2023-02-26T15:00:00Z,SOL/USDT,buy,22.94216535,33.96245708,0.77917231,USDT
2023-02-26T16:45:00Z,SOL/USDT,sell,22.89754550,33.96245708,0.77765691,USDT
2023-02-26T17:00:00Z,SOL/USDT,buy,22.86192525,34.03417672,0.77808680,USDT
2023-02-26T17:15:00Z,SOL/USDT,sell,22.76321270,34.03417672,0.77472720,USDT
2023-02-26T17:45:00Z,SOL/USDT,buy,22.84811835,34.142318,0.78008772,USDT
2023-02-26T22:45:00Z,SOL/USDT,sell,23.21358740,34.142318,0.79256568,USDT
2023-02-26T23:15:00Z,SOL/USDT,buy,23.39799315,33.32079258,0.77963968,USDT
2023-02-27T00:15:00Z,SOL/USDT,sell,23.24387225,33.32079258,0.77450425,USDT
2023-02-27T03:30:00Z,SOL/USDT,buy,23.19669255,33.46752241,0.77633583,USDT
2023-02-27T03:30:00Z,SOL/USDT,stop_sell,23.10688007,33.46752241,0.77333003,USDT
2023-02-27T14:15:00Z,SOL/USDT,buy,23.22640740,33.50301795,0.77815474,USDT
2023-02-27T15:30:00Z,SOL/USDT,stop_sell,23.00983219,33.50301795,0.77089882,USDT
2023-02-27T15:45:00Z,SOL/USDT,buy,23.03811330,33.67189624,0.77573696,USDT
2023-02-27T16:30:00Z,SOL/USDT,stop_sell,22.81392662,33.67189624,0.76818817,USDT
2023-02-27T16:45:00Z,SOL/USDT,buy,22.95177015,33.81760602,0.77617392,USDT
2023-02-27T18:00:00Z,SOL/USDT,sell,22.78440210,33.81760602,0.77051393,USDT
2023-02-28T00:15:00Z,SOL/USDT,buy,22.84511685,34.04769306,0.77782353,USDT
2023-02-28T00:30:00Z,SOL/USDT,sell,22.73872495,34.04769306,0.77420113,USDT
2023-02-28T14:45:00Z,SOL/USDT,buy,22.81990425,34.03071219,0.77657759,USDT
2023-02-28T18:45:00Z,SOL/USDT,sell,22.70304280,34.03071219,0.77260072,USDT
2023-02-28T20:45:00Z,SOL/USDT,buy,22.74156510,34.09874192,0.77545876,USDT
2023-02-28T21:00:00Z,SOL/USDT,sell,22.56091390,34.09874192,0.76929878,USDT
2023-03-01T08:45:00Z,SOL/USDT,buy,22.89484170,33.84587035,0.77489584,USDT
2023-03-01T09:30:00Z,SOL/USDT,stop_sell,22.71983440,33.84587035,0.76897257,USDT
2023-03-01T10:00:00Z,SOL/USDT,buy,22.76887875,33.98949532,0.77390270,USDT
2023-03-01T11:45:00Z,SOL/USDT,sell,22.68505180,33.98949532,0.77105346,USDT
2023-03-01T12:00:00Z,SOL/USDT,buy,22.72015440,34.06687631,0.77400469,USDT
2023-03-01T12:15:00Z,SOL/USDT,sell,22.65436715,34.06687631,0.77176352,USDT
2023-03-01T12:45:00Z,SOL/USDT,buy,22.70704785,33.9964407,0.77195881,USDT
2023-03-01T13:00:00Z,SOL/USDT,sell,22.61848510,33.9964407,0.76894799,USDT
2023-03-02T08:30:00Z,SOL/USDT,buy,22.00219560,35.08840457,0.77202194,USDT
2023-03-02T08:45:00Z,SOL/USDT,sell,22.04607145,35.08840457,0.77356147,USDT
2023-03-02T09:00:00Z,SOL/USDT,buy,22.03101000,34.99077487,0.77088211,USDT
2023-03-02T09:15:00Z,SOL/USDT,sell,22.00119390,34.99077487,0.76983882,USDT
2023-03-02T10:45:00Z,SOL/USDT,buy,21.99589245,35.05112307,0.77098073,USDT
2023-03-02T10:45:00Z,SOL/USDT,stop_sell,21.95612002,35.05112307,0.76958666,USDT
2023-03-02T11:00:00Z,SOL/USDT,buy,22.05852375,35.15280938,0.77541908,USDT
2023-03-02T12:30:00Z,SOL/USDT,sell,21.87905500,35.15280938,0.76911025,USDT
2023-03-02T18:45:00Z,SOL/USDT,buy,21.96007455,35.14244209,0.77173065,USDT
2023-03-02T23:45:00Z,SOL/USDT,sell,21.98270315,35.14244209,0.77252587,USDT
2023-03-03T06:15:00Z,SOL/USDT,buy,21.00049500,36.7762135,0.77231869,USDT
2023-03-03T13:45:00Z,SOL/USDT,sell,21.08945000,36.7762135,0.77559012,USDT
2023-03-03T20:00:00Z,SOL/USDT,buy,21.46072500,36.04369526,0.77352383,USDT
2023-03-03T21:00:00Z,SOL/USDT,stop_sell,21.29184875,36.04369526,0.76743691,USDT
2023-03-03T21:15:00Z,SOL/USDT,buy,21.28063500,36.23530079,0.77111021,USDT
2023-03-04T02:15:00Z,SOL/USDT,sell,21.35931500,36.23530079,0.77396120,USDT
2023-03-04T02:30:00Z,SOL/USDT,buy,21.35067000,36.10441787,0.77085351,USDT
2023-03-04T02:45:00Z,SOL/USDT,sell,21.30934000,36.10441787,0.76936132,USDT
2023-03-04T23:45:00Z,SOL/USDT,buy,20.95047000,36.78218276,0.77060402,USDT
2023-03-05T05:30:00Z,SOL/USDT,sell,21.34932000,36.78218276,0.78527459,USDT
2023-03-05T07:15:00Z,SOL/USDT,buy,21.31065000,36.19305368,0.77129750,USDT
2023-03-05T08:45:00Z,SOL/USDT,stop_sell,21.19939500,36.19305368,0.76727084,USDT
2023-03-05T11:00:00Z,SOL/USDT,buy,21.30064500,36.22314167,0.77157628,USDT
2023-03-05T11:15:00Z,SOL/USDT,sell,21.27935500,36.22314167,0.77080509,USDT
2023-03-06T04:00:00Z,SOL/USDT,buy,20.90044500,36.85495222,0.77028490,USDT
2023-03-06T04:30:00Z,SOL/USDT,sell,20.88955000,36.85495222,0.76988337,USDT
2023-03-06T06:30:00Z,SOL/USDT,buy,20.83041000,36.93580567,0.76938798,USDT
2023-03-06T06:45:00Z,SOL/USDT,sell,20.77960500,36.93580567,0.76751145,USDT
2023-03-06T13:45:00Z,SOL/USDT,buy,20.83041000,36.99362412,0.77059236,USDT
2023-03-06T19:45:00Z,SOL/USDT,sell,20.79959500,36.99362412,0.76945240,USDT
2023-03-07T01:45:00Z,SOL/USDT,buy,20.79039000,37.09016804,0.77111906,USDT
2023-03-07T06:15:00Z,SOL/USDT,sell,20.75961500,37.09016804,0.76997761,USDT
2023-03-07T07:00:00Z,SOL/USDT,buy,20.72035500,37.06199165,0.76793762,USDT
2023-03-07T07:00:00Z,SOL/USDT,stop_sell,20.69964500,37.06199165,0.76717007,USDT
2023-03-07T15:45:00Z,SOL/USDT,buy,20.46022500,37.61426348,0.76959629,USDT
2023-03-07T16:00:00Z,SOL/USDT,sell,20.40979000,37.61426348,0.76769922,USDT
2023-03-07T18:00:00Z,SOL/USDT,buy,20.43021000,37.60084142,0.76819309,USDT
2023-03-07T18:15:00Z,SOL/USDT,sell,20.35981500,37.60084142,0.76554618,USDT
2023-03-08T18:15:00Z,SOL/USDT,buy,18.83941500,40.64209043,0.76567321,USDT
2023-03-08T18:30:00Z,SOL/USDT,sell,18.62758155,40.64209043,0.75706385,USDT
2023-03-09T03:30:00Z,SOL/USDT,buy,18.63931500,41.27519895,0.76934143,USDT
2023-03-09T07:45:00Z,SOL/USDT,sell,18.51074000,41.27519895,0.76403448,USDT
2023-03-09T11:15:00Z,SOL/USDT,buy,18.53926500,41.26797301,0.76507789,USDT
2023-03-09T11:30:00Z,SOL/USDT,sell,18.52073500,41.26797301,0.76431319,USDT
2023-03-10T01:45:00Z,SOL/USDT,buy,17.22861000,44.53674308,0.76730618,USDT
2023-03-10T03:00:00Z,SOL/USDT,sell,17.16141500,44.53674308,0.76431353,USDT
2023-03-10T12:00:00Z,SOL/USDT,buy,16.77838500,45.9276786,0.77059227,USDT
2023-03-10T12:15:00Z,SOL/USDT,sell,16.65167000,45.9276786,0.76477255,USDT
2023-03-10T13:30:00Z,SOL/USDT,buy,16.98849000,45.10959425,0.76634389,USDT
2023-03-10T18:30:00Z,SOL/USDT,sell,17.59120000,45.10959425,0.79353189,USDT
2023-03-10T18:45:00Z,SOL/USDT,buy,17.66883000,43.63866927,0.77104423,USDT
2023-03-10T21:15:00Z,SOL/USDT,sell,17.57121000,43.63866927,0.76678422,USDT
2023-03-10T22:00:00Z,SOL/USDT,buy,17.72886000,43.24420516,0.76667046,USDT
2023-03-11T03:45:00Z,SOL/USDT,sell,18.23088000,43.24420516,0.78837991,USDT
2023-03-11T12:30:00Z,SOL/USDT,buy,17.46873000,44.02869514,0.76912539,USDT
2023-03-11T13:30:00Z,SOL/USDT,sell,17.34132500,44.02869514,0.76351591,USDT
2023-03-11T18:30:00Z,SOL/USDT,buy,17.83891500,43.27843131,0.77204026,USDT
2023-03-12T00:15:00Z,SOL/USDT,sell,17.85107000,43.27843131,0.77256631,USDT
2023-03-12T03:15:00Z,SOL/USDT,buy,18.08904000,42.4384459,0.76767075,USDT
2023-03-12T03:30:00Z,SOL/USDT,stop_sell,17.96137196,42.4384459,0.76225271,USDT
2023-03-12T05:15:00Z,SOL/USDT,buy,18.00900000,42.78537493,0.77052182,USDT
2023-03-12T06:00:00Z,SOL/USDT,sell,17.90104500,42.78537493,0.76590292,USDT
2023-03-12T06:30:00Z,SOL/USDT,buy,17.93896500,42.85336096,0.76874494,USDT
2023-03-12T06:45:00Z,SOL/USDT,sell,17.85107000,42.85336096,0.76497835,USDT
2023-03-12T09:00:00Z,SOL/USDT,buy,18.03901500,42.61580113,0.76874708,USDT
2023-03-12T10:00:00Z,SOL/USDT,sell,17.93103000,42.61580113,0.76414521,USDT
2023-03-12T10:30:00Z,SOL/USDT,buy,18.08904000,42.49423896,0.76867999,USDT
2023-03-12T12:00:00Z,SOL/USDT,stop_sell,17.92781732,42.49423896,0.76182895,USDT
2023-03-12T12:15:00Z,SOL/USDT,buy,17.94897000,42.71729427,0.76673143,USDT
2023-03-12T13:00:00Z,SOL/USDT,sell,17.88105500,42.71729427,0.76383029,USDT
2023-03-12T19:00:00Z,SOL/USDT,buy,18.64932000,41.13907115,0.76721570,USDT
2023-03-12T19:45:00Z,SOL/USDT,stop_sell,18.35403268,41.13907115,0.75506786,USDT
2023-03-12T20:00:00Z,SOL/USDT,buy,18.39919500,41.66180105,0.76654360,USDT
2023-03-13T02:45:00Z,SOL/USDT,sell,19.73013000,41.66180105,0.82199275,USDT
2023-03-13T03:00:00Z,SOL/USDT,buy,19.66983000,39.02820153,0.76767809,USDT
2023-03-13T03:15:00Z,SOL/USDT,sell,19.59020000,39.02820153,0.76457027,USDT
2023-03-13T22:45:00Z,SOL/USDT,buy,20.45022000,37.4338165,0.76552978,USDT
2023-03-13T23:00:00Z,SOL/USDT,sell,20.42978000,37.4338165,0.76476464,USDT
2023-03-14T15:00:00Z,SOL/USDT,buy,21.79089000,35.34380946,0.77017306,USDT
2023-03-14T18:00:00Z,SOL/USDT,sell,21.52923000,35.34380946,0.76092500,USDT
2023-03-15T00:00:00Z,SOL/USDT,buy,20.92045500,36.8273711,0.77044536,USDT
2023-03-15T00:30:00Z,SOL/USDT,sell,20.60969000,36.8273711,0.75900070,USDT
2023-03-15T01:00:00Z,SOL/USDT,buy,20.88043500,36.77761423,0.76793258,USDT
2023-03-15T06:30:00Z,SOL/USDT,sell,21.12943000,36.77761423,0.77709003,USDT
2023-03-15T06:45:00Z,SOL/USDT,buy,21.24061500,36.19943547,0.76889827,USDT
2023-03-15T08:30:00Z,SOL/USDT,stop_sell,21.00020893,36.19943547,0.76019571,USDT
2023-03-15T08:45:00Z,SOL/USDT,buy,21.06052500,36.36659524,0.76589959,USDT
2023-03-15T09:15:00Z,SOL/USDT,sell,20.99949500,36.36659524,0.76368013,USDT
2023-03-15T20:45:00Z,SOL/USDT,buy,19.27963500,39.7239156,0.76586259,USDT
2023-03-15T21:00:00Z,SOL/USDT,sell,19.20039500,39.7239156,0.76271487,USDT
2023-03-15T22:15:00Z,SOL/USDT,buy,19.45972500,39.35785655,0.76589307,USDT
2023-03-15T22:30:00Z,SOL/USDT,stop_sell,19.25465357,39.35785655,0.75782189,USDT
2023-03-15T22:45:00Z,SOL/USDT,buy,19.25962500,39.64421937,0.76353280,USDT
2023-03-16T00:30:00Z,SOL/USDT,stop_sell,19.10115893,39.64421937,0.75725053,USDT
2023-03-16T02:15:00Z,SOL/USDT,buy,19.30965000,39.63241618,0.76528809,USDT
2023-03-16T03:00:00Z,SOL/USDT,sell,19.40029500,39.63241618,0.76888057,USDT
2023-03-16T03:30:00Z,SOL/USDT,buy,19.27963500,39.59991186,0.76347185,USDT
2023-03-16T04:30:00Z,SOL/USDT,stop_sell,19.09401964,39.59991186,0.75612149,USDT
2023-03-16T05:30:00Z,SOL/USDT,buy,19.32966000,39.54271607,0.76434726,USDT
2023-03-16T06:45:00Z,SOL/USDT,sell,19.26036500,39.54271607,0.76160714,USDT
2023-03-16T08:00:00Z,SOL/USDT,buy,19.47973500,39.22070925,0.76400902,USDT
2023-03-16T09:15:00Z,SOL/USDT,sell,19.36031500,39.22070925,0.75932529,USDT
2023-03-16T09:30:00Z,SOL/USDT,buy,19.32966000,39.54028226,0.76430021,USDT
2023-03-16T12:15:00Z,SOL/USDT,sell,19.49025000,39.54028226,0.77064999,USDT
2023-03-16T12:30:00Z,SOL/USDT,buy,19.60980000,38.97489982,0.76428999,USDT
2023-03-16T12:45:00Z,SOL/USDT,sell,19.39030000,38.97489982,0.75573500,USDT
2023-03-16T16:00:00Z,SOL/USDT,buy,19.57978500,38.91392326,0.76192625,USDT
2023-03-16T16:15:00Z,SOL/USDT,sell,19.49025000,38.91392326,0.75844209,USDT
2023-03-16T17:30:00Z,SOL/USDT,buy,19.38969000,39.25381745,0.76111935,USDT
2023-03-16T20:45:00Z,SOL/USDT,sell,19.56021500,39.25381745,0.76781311,USDT
2023-03-16T21:30:00Z,SOL/USDT,buy,19.49974500,39.11403685,0.76271374,USDT
2023-03-16T23:00:00Z,SOL/USDT,sell,19.63018000,39.11403685,0.76781558,USDT
2023-03-17T11:45:00Z,SOL/USDT,buy,20.70034500,36.87925429,0.76341329,USDT
2023-03-17T12:00:00Z,SOL/USDT,sell,20.67965500,36.87925429,0.76265026,USDT
2023-03-17T20:00:00Z,SOL/USDT,buy,20.55027000,37.19383217,0.76434329,USDT
2023-03-18T07:15:00Z,SOL/USDT,sell,22.24887000,37.19383217,0.82752074,USDT
2023-03-18T11:30:00Z,SOL/USDT,buy,22.37118000,34.4768529,0.77128788,USDT
2023-03-18T12:30:00Z,SOL/USDT,sell,22.24887000,34.4768529,0.76707102,USDT
2023-03-18T12:45:00Z,SOL/USDT,buy,22.43121000,34.28690776,0.76909683,USDT
2023-03-18T13:15:00Z,SOL/USDT,stop_sell,22.13785411,34.28690776,0.75903856,USDT
2023-03-18T13:45:00Z,SOL/USDT,buy,22.13106000,34.74204588,0.76887830,USDT
2023-03-18T14:45:00Z,SOL/USDT,sell,22.13892500,34.74204588,0.76915155,USDT
2023-03-18T20:30:00Z,SOL/USDT,buy,22.06102500,34.84798954,0.76878237,USDT
2023-03-18T21:45:00Z,SOL/USDT,sell,21.77910500,34.84798954,0.75895802,USDT
2023-03-19T05:30:00Z,SOL/USDT,buy,21.88093500,35.17444203,0.76964968,USDT
2023-03-19T06:15:00Z,SOL/USDT,stop_sell,21.62418250,35.17444203,0.76061855,USDT
2023-03-19T12:45:00Z,SOL/USDT,buy,21.72085500,35.23273568,0.76528514,USDT
2023-03-19T13:00:00Z,SOL/USDT,stop_sell,21.48710821,35.23273568,0.75704960,USDT
2023-03-19T13:30:00Z,SOL/USDT,buy,21.65082000,35.24548255,0.76309360,USDT
2023-03-19T15:15:00Z,SOL/USDT,sell,21.85906500,35.24548255,0.77043329,USDT
2023-03-19T16:30:00Z,SOL/USDT,buy,22.14106500,34.53417142,0.76462333,USDT
2023-03-19T17:30:00Z,SOL/USDT,sell,22.04897000,34.53417142,0.76144291,USDT
2023-03-20T01:30:00Z,SOL/USDT,buy,22.21110000,34.47045719,0.76562677,USDT
2023-03-20T03:45:00Z,SOL/USDT,stop_sell,21.87084482,34.47045719,0.75389802,USDT
2023-03-20T04:30:00Z,SOL/USDT,buy,22.32115500,34.29888421,0.76559071,USDT
2023-03-20T06:30:00Z,SOL/USDT,sell,22.18890000,34.29888421,0.76105451,USDT
2023-03-20T10:15:00Z,SOL/USDT,buy,23.20159500,32.85933418,0.76238896,USDT
2023-03-20T14:15:00Z,SOL/USDT,sell,23.39829500,32.85933418,0.76885239,USDT
2023-03-21T00:15:00Z,SOL/USDT,buy,22.21110000,34.38754941,0.76378530,USDT
2023-03-21T01:15:00Z,SOL/USDT,sell,22.27885500,34.38754941,0.76611523,USDT
2023-03-21T01:45:00Z,SOL/USDT,buy,22.51125000,33.93169069,0.76384477,USDT
2023-03-21T02:00:00Z,SOL/USDT,sell,22.57870500,33.93169069,0.76613363,USDT
2023-03-21T04:00:00Z,SOL/USDT,buy,22.43121000,34.04034051,0.76356603,USDT
2023-03-21T05:45:00Z,SOL/USDT,sell,22.17890500,34.04034051,0.75497748,USDT
2023-03-21T06:00:00Z,SOL/USDT,buy,22.29114000,34.2025961,0.76241486,USDT
2023-03-21T06:30:00Z,SOL/USDT,sell,22.36881000,34.2025961,0.76507137,USDT
2023-03-21T07:00:00Z,SOL/USDT,buy,22.24111500,34.29897388,0.76284742,USDT
2023-03-21T07:00:00Z,SOL/USDT,stop_sell,22.01648625,34.29897388,0.75514289,USDT
2023-03-21T12:30:00Z,SOL/USDT,buy,22.53126000,33.79451585,0.76143302,USDT
2023-03-21T17:30:00Z,SOL/USDT,sell,22.76861000,33.79451585,0.76945415,USDT
2023-03-22T12:15:00Z,SOL/USDT,buy,22.55127000,33.84758466,0.76330602,USDT
2023-03-22T16:00:00Z,SOL/USDT,sell,22.62868000,33.84758466,0.76592616,USDT
2023-03-22T16:15:00Z,SOL/USDT,buy,22.53126000,33.85146001,0.76271605,USDT
2023-03-22T17:15:00Z,SOL/USDT,sell,22.53872500,33.85146001,0.76296875,USDT
2023-03-22T17:45:00Z,SOL/USDT,buy,22.52125500,33.89208718,0.76329234,USDT
2023-03-22T18:30:00Z,SOL/USDT,stop_sell,22.21317357,33.89208718,0.75285082,USDT
2023-03-23T00:30:00Z,SOL/USDT,buy,21.58078500,35.30966732,0.76201034,USDT
2023-03-23T01:00:00Z,SOL/USDT,stop_sell,21.30612732,35.30966732,0.75231227,USDT
2023-03-23T02:30:00Z,SOL/USDT,buy,21.34066500,35.69856506,0.76183112,USDT
2023-03-23T03:30:00Z,SOL/USDT,sell,21.31933500,35.69856506,0.76106967,USDT
2023-03-23T18:45:00Z,SOL/USDT,buy,22.06102500,34.53869549,0.76195902,USDT
2023-03-23T18:45:00Z,SOL/USDT,stop_sell,21.71520839,34.53869549,0.75001497,USDT
2023-03-23T19:00:00Z,SOL/USDT,buy,21.85092000,34.80606169,0.76054447,USDT
2023-03-23T20:00:00Z,SOL/USDT,sell,22.05896500,34.80606169,0.76778570,USDT
2023-03-24T01:15:00Z,SOL/USDT,buy,22.13106000,34.41673028,0.76167872,USDT
2023-03-24T04:00:00Z,SOL/USDT,sell,22.08895000,34.41673028,0.76022943,USDT
2023-03-24T22:30:00Z,SOL/USDT,buy,20.64031500,36.78970647,0.75935113,USDT
2023-03-24T23:30:00Z,SOL/USDT,sell,20.62968000,36.78970647,0.75895987,USDT
2023-03-25T00:00:00Z,SOL/USDT,buy,20.67033000,36.78230504,0.76030238,USDT
2023-03-25T00:30:00Z,SOL/USDT,sell,20.71963500,36.78230504,0.76211593,USDT
2023-03-25T00:45:00Z,SOL/USDT,buy,20.83041000,36.48294409,0.75995468,USDT
2023-03-25T01:15:00Z,SOL/USDT,stop_sell,20.68179679,36.48294409,0.75453284,USDT
2023-03-25T01:30:00Z,SOL/USDT,buy,20.72035500,36.59696863,0.75830218,USDT
2023-03-25T03:45:00Z,SOL/USDT,sell,20.69964500,36.59696863,0.75754426,USDT
2023-03-25T04:15:00Z,SOL/USDT,buy,20.77038000,36.53532072,0.75885249,USDT
2023-03-25T05:00:00Z,SOL/USDT,sell,20.72963000,36.53532072,0.75736368,USDT
2023-03-25T11:45:00Z,SOL/USDT,buy,20.66032500,36.64731057,0.75714535,USDT
2023-03-25T12:30:00Z,SOL/USDT,sell,20.68965000,36.64731057,0.75822003,USDT
2023-03-25T12:45:00Z,SOL/USDT,buy,20.71035000,36.62790344,0.75857670,USDT
2023-03-25T13:00:00Z,SOL/USDT,stop_sell,20.58148982,36.62790344,0.75385682,USDT
2023-03-25T13:15:00Z,SOL/USDT,buy,20.59029000,36.81725054,0.75807787,USDT
2023-03-25T17:00:00Z,SOL/USDT,sell,20.68965000,36.81725054,0.76173603,USDT
2023-03-26T06:00:00Z,SOL/USDT,buy,20.85042000,36.38358541,0.75861304,USDT
2023-03-26T06:00:00Z,SOL/USDT,stop_sell,20.76711125,36.38358541,0.75558197,USDT
2023-03-26T08:15:00Z,SOL/USDT,buy,20.75037000,36.50633556,0.75751997,USDT
2023-03-26T09:45:00Z,SOL/USDT,sell,20.75961500,36.50633556,0.75785747,USDT
2023-03-26T19:30:00Z,SOL/USDT,buy,20.89044000,36.25716767,0.75742819,USDT
2023-03-26T20:45:00Z,SOL/USDT,stop_sell,20.78317464,36.25716767,0.75353905,USDT
2023-03-26T21:15:00Z,SOL/USDT,buy,20.85042000,36.32342727,0.75735871,USDT
2023-03-26T23:00:00Z,SOL/USDT,sell,21.03947500,36.32342727,0.76422584,USDT
2023-03-26T23:15:00Z,SOL/USDT,buy,21.02050500,35.94721725,0.75562866,USDT
2023-03-26T23:30:00Z,SOL/USDT,sell,21.00949000,35.94721725,0.75523270,USDT
2023-03-27T12:45:00Z,SOL/USDT,buy,20.55027000,36.83148453,0.75689695,USDT
2023-03-27T13:00:00Z,SOL/USDT,stop_sell,20.46833214,36.83148453,0.75387906,USDT
2023-03-27T13:30:00Z,SOL/USDT,buy,20.51025000,36.99379415,0.75875197,USDT
2023-03-27T14:00:00Z,SOL/USDT,sell,20.47975500,36.99379415,0.75762384,USDT
2023-03-27T21:15:00Z,SOL/USDT,buy,19.82991000,38.11997321,0.75591564,USDT
2023-03-27T23:15:00Z,SOL/USDT,sell,19.82008500,38.11997321,0.75554111,USDT
2023-03-27T23:45:00Z,SOL/USDT,buy,19.90995000,38.09318174,0.75843334,USDT
2023-03-28T00:15:00Z,SOL/USDT,sell,19.79010000,38.09318174,0.75386788,USDT
2023-03-28T00:30:00Z,SOL/USDT,buy,19.78989000,38.22266774,0.75642239,USDT
2023-03-28T01:00:00Z,SOL/USDT,stop_sell,19.68443857,38.22266774,0.75239176,USDT
2023-03-28T01:30:00Z,SOL/USDT,buy,19.79989500,38.2002635,0.75636121,USDT
2023-03-28T02:00:00Z,SOL/USDT,sell,19.78010500,38.2002635,0.75560522,USDT
2023-03-28T05:15:00Z,SOL/USDT,buy,19.90995000,38.01810649,0.75693860,USDT
2023-03-28T09:45:00Z,SOL/USDT,stop_sell,19.77867714,38.01810649,0.75194785,USDT
2023-03-28T12:00:00Z,SOL/USDT,buy,20.15007000,37.53852837,0.75640397,USDT
2023-03-28T12:15:00Z,SOL/USDT,stop_sell,19.96072893,37.53852837,0.74929639,USDT
2023-03-28T12:45:00Z,SOL/USDT,buy,20.09004000,37.74828542,0.75836456,USDT
2023-03-28T13:30:00Z,SOL/USDT,sell,19.91004000,37.74828542,0.75156987,USDT
2023-03-28T14:00:00Z,SOL/USDT,buy,20.04001500,37.73391951,0.75618831,USDT
2023-03-28T19:30:00Z,SOL/USDT,sell,20.51973500,37.73391951,0.77429003,USDT
2023-03-28T20:00:00Z,SOL/USDT,buy,20.75037000,36.53785438,0.75817400,USDT
2023-03-28T20:30:00Z,SOL/USDT,sell,20.60969000,36.53785438,0.75303385,USDT
2023-03-28T21:15:00Z,SOL/USDT,buy,20.47023000,36.88703977,0.75508619,USDT
2023-03-28T21:30:00Z,SOL/USDT,sell,20.46976000,36.88703977,0.75506885,USDT
2023-03-29T01:15:00Z,SOL/USDT,buy,20.72035500,36.43564077,0.75495941,USDT
2023-03-29T06:00:00Z,SOL/USDT,sell,20.82958000,36.43564077,0.75893909,USDT
2023-03-30T08:00:00Z,SOL/USDT,buy,21.04051500,35.87327754,0.75479223,USDT
2023-03-30T08:15:00Z,SOL/USDT,sell,20.94952000,35.87327754,0.75152795,USDT
2023-03-30T15:15:00Z,SOL/USDT,buy,20.64031500,36.51493356,0.75367973,USDT
2023-03-30T15:30:00Z,SOL/USDT,sell,20.48975000,36.51493356,0.74818186,USDT
2023-03-30T20:45:00Z,SOL/USDT,buy,20.69034000,36.47015486,0.75457990,USDT
2023-03-30T21:30:00Z,SOL/USDT,stop_sell,20.53615536,36.47015486,0.74895677,USDT
2023-03-30T21:45:00Z,SOL/USDT,buy,20.55027000,36.6554657,0.75327972,USDT
2023-03-30T22:30:00Z,SOL/USDT,sell,20.52973000,36.6554657,0.75252681,USDT
2023-03-30T23:00:00Z,SOL/USDT,buy,20.41020000,36.82595737,0.75162516,USDT
2023-03-31T00:15:00Z,SOL/USDT,sell,20.43977500,36.82595737,0.75271428,USDT
2023-03-31T14:15:00Z,SOL/USDT,buy,20.82040500,36.22181673,0.75415289,USDT
2023-03-31T19:30:00Z,SOL/USDT,sell,20.87955500,36.22181673,0.75629541,USDT
2023-03-31T19:45:00Z,SOL/USDT,buy,20.97048000,35.89603803,0.75275715,USDT
2023-03-31T20:45:00Z,SOL/USDT,stop_sell,20.84814214,35.89603803,0.74836570,USDT
2023-03-31T23:00:00Z,SOL/USDT,buy,21.40069500,35.10352366,0.75123980,USDT
2023-03-31T23:00:00Z,SOL/USDT,stop_sell,21.27364357,35.10352366,0.74677985,USDT
2023-03-31T23:45:00Z,SOL/USDT,buy,21.21060000,35.47861606,0.75252273,USDT
2023-04-01T01:30:00Z,SOL/USDT,stop_sell,21.01341661,35.47861606,0.74552694,USDT
2023-04-01T01:45:00Z,SOL/USDT,buy,21.05052000,35.73322392,0.75220294,USDT
2023-04-01T02:45:00Z,SOL/USDT,sell,20.94952000,35.73322392,0.74859389,USDT
2023-04-01T07:45:00Z,SOL/USDT,buy,21.04051500,35.62902604,0.74965306,USDT
2023-04-01T08:45:00Z,SOL/USDT,sell,21.01948500,35.62902604,0.74890378,USDT
2023-04-01T11:45:00Z,SOL/USDT,buy,21.06052500,35.63740512,0.75054246,USDT
2023-04-01T11:45:00Z,SOL/USDT,stop_sell,21.02912304,35.63740512,0.74942338,USDT
2023-04-01T12:15:00Z,SOL/USDT,buy,21.06052500,35.64438137,0.75068938,USDT
2023-04-01T12:30:00Z,SOL/USDT,sell,21.03947500,35.64438137,0.74993907,USDT
2023-04-01T13:00:00Z,SOL/USDT,buy,21.02050500,35.63582671,0.74908307,USDT
2023-04-01T13:00:00Z,SOL/USDT,stop_sell,20.99949500,35.63582671,0.74833436,USDT
2023-04-01T14:00:00Z,SOL/USDT,buy,21.03051000,35.57658739,0.74819378,USDT
2023-04-01T14:00:00Z,SOL/USDT,stop_sell,21.00949000,35.57658739,0.74744596,USDT
2023-04-01T21:00:00Z,SOL/USDT,buy,21.06052500,35.48390845,0.74730974,USDT
2023-04-01T21:00:00Z,SOL/USDT,stop_sell,21.03947500,35.48390845,0.74656280,USDT
2023-04-01T21:15:00Z,SOL/USDT,buy,21.09054000,35.5595693,0.74997052,USDT
2023-04-02T00:30:00Z,SOL/USDT,stop_sell,20.99985196,35.5595693,0.74674569,USDT
2023-04-02T00:45:00Z,SOL/USDT,buy,21.04051500,35.72808761,0.75173736,USDT
2023-04-02T01:00:00Z,SOL/USDT,sell,20.92953000,35.72808761,0.74777208,USDT
2023-04-02T05:30:00Z,SOL/USDT,buy,21.03051000,35.65622924,0.74986869,USDT
2023-04-02T06:00:00Z,SOL/USDT,sell,21.01948500,35.65622924,0.74947558,USDT
2023-04-02T08:45:00Z,SOL/USDT,buy,21.13056000,35.37946208,0.74758785,USDT
2023-04-02T08:45:00Z,SOL/USDT,stop_sell,21.07874107,35.37946208,0.74575452,USDT
2023-04-02T09:00:00Z,SOL/USDT,buy,21.07053000,35.55169996,0.74909316,USDT
2023-04-02T11:15:00Z,SOL/USDT,sell,21.02948000,35.55169996,0.74763376,USDT
2023-04-02T21:15:00Z,SOL/USDT,buy,20.47023000,36.4761967,0.74667614,USDT
2023-04-02T21:15:00Z,SOL/USDT,stop_sell,20.41193179,36.4761967,0.74454964,USDT
2023-04-03T01:00:00Z,SOL/USDT,buy,20.54026500,36.46208564,0.74894090,USDT
2023-04-03T01:15:00Z,SOL/USDT,stop_sell,20.40443554,36.46208564,0.74398828,USDT
2023-04-03T11:45:00Z,SOL/USDT,buy,20.45022000,36.61546948,0.74879441,USDT
2023-04-03T12:15:00Z,SOL/USDT,sell,20.34982000,36.61546948,0.74511821,USDT
2023-04-03T12:30:00Z,SOL/USDT,buy,20.36017500,36.68507483,0.74691454,USDT
2023-04-03T12:45:00Z,SOL/USDT,sell,20.30984000,36.68507483,0.74506800,USDT
2023-04-03T14:00:00Z,SOL/USDT,buy,20.51025000,36.43928948,0.74737894,USDT
2023-04-03T14:15:00Z,SOL/USDT,stop_sell,20.39515446,36.43928948,0.74318494,USDT
2023-04-03T14:30:00Z,SOL/USDT,buy,20.46022500,36.54193322,0.74765618,USDT
2023-04-03T14:30:00Z,SOL/USDT,stop_sell,20.31662232,36.54193322,0.74240866,USDT
2023-04-03T17:45:00Z,SOL/USDT,buy,20.31015000,36.67718985,0.74491923,USDT
2023-04-03T18:00:00Z,SOL/USDT,sell,20.32983000,36.67718985,0.74564103,USDT
2023-04-03T18:45:00Z,SOL/USDT,buy,20.57028000,36.37003753,0.74814186,USDT
2023-04-03T20:15:00Z,SOL/USDT,stop_sell,20.33768321,36.37003753,0.73968230,USDT
2023-04-03T20:30:00Z,SOL/USDT,buy,20.47023000,36.43786591,0.74589150,USDT
2023-04-03T21:00:00Z,SOL/USDT,stop_sell,20.15241875,36.43786591,0.73431113,USDT
2023-04-03T21:30:00Z,SOL/USDT,buy,20.29014000,36.63769132,0.74338389,USDT
2023-04-03T23:45:00Z,SOL/USDT,sell,20.43977500,36.63769132,0.74886617,USDT
2023-04-04T05:30:00Z,SOL/USDT,buy,20.40019500,36.45587145,0.74370689,USDT
2023-04-04T05:45:00Z,SOL/USDT,sell,20.36981000,36.45587145,0.74259917,USDT
2023-04-04T11:00:00Z,SOL/USDT,buy,20.76037500,35.96986532,0.74674789,USDT
2023-04-04T16:15:00Z,SOL/USDT,sell,20.79959500,35.96986532,0.74815863,USDT
2023-04-04T16:30:00Z,SOL/USDT,buy,20.82040500,35.71051759,0.74350744,USDT
2023-04-04T16:45:00Z,SOL/USDT,sell,20.85956500,35.71051759,0.74490586,USDT
2023-04-04T20:00:00Z,SOL/USDT,buy,20.95047000,35.53955482,0.74457038,USDT
2023-04-04T20:45:00Z,SOL/USDT,sell,20.98950000,35.53955482,0.74595749,USDT
2023-04-04T22:45:00Z,SOL/USDT,buy,20.94046500,35.50523192,0.74349607,USDT
2023-04-04T23:00:00Z,SOL/USDT,sell,20.93952500,35.50523192,0.74346269,USDT
2023-04-04T23:45:00Z,SOL/USDT,buy,20.93046000,35.61843784,0.74551029,USDT
2023-04-05T00:15:00Z,SOL/USDT,sell,20.93952500,35.61843784,0.74583317,USDT
2023-04-05T01:45:00Z,SOL/USDT,buy,21.22060500,35.15931466,0.74610193,USDT
2023-04-05T02:15:00Z,SOL/USDT,sell,21.21938500,35.15931466,0.74605903,USDT
2023-04-05T07:15:00Z,SOL/USDT,buy,21.22060500,35.00455276,0.74281779,USDT
2023-04-05T07:30:00Z,SOL/USDT,stop_sell,21.13942500,35.00455276,0.73997612,USDT
2023-04-05T08:00:00Z,SOL/USDT,buy,21.20059500,35.137151,0.74492851,USDT
2023-04-05T08:00:00Z,SOL/USDT,stop_sell,21.09658929,35.137151,0.74127404,USDT
2023-04-05T08:15:00Z,SOL/USDT,buy,21.12055500,35.21761452,0.74381556,USDT
2023-04-05T10:15:00Z,SOL/USDT,sell,21.17940500,35.21761452,0.74588812,USDT
2023-04-05T13:00:00Z,SOL/USDT,buy,21.08053500,35.20313358,0.74210089,USDT
2023-04-05T13:15:00Z,SOL/USDT,sell,21.06946000,35.20313358,0.74171101,USDT
2023-04-05T19:30:00Z,SOL/USDT,buy,20.94046500,35.46495814,0.74265271,USDT
2023-04-05T20:45:00Z,SOL/USDT,stop_sell,20.80959000,35.46495814,0.73801124,USDT
2023-04-05T21:00:00Z,SOL/USDT,buy,20.85042000,35.64584305,0.74323080,USDT
2023-04-06T00:15:00Z,SOL/USDT,sell,20.89954500,35.64584305,0.74498190,USDT
2023-04-06T06:45:00Z,SOL/USDT,buy,20.80039500,35.69829165,0.74253857,USDT
2023-04-06T07:00:00Z,SOL/USDT,sell,20.77960500,35.69829165,0.74179640,USDT
2023-04-06T13:15:00Z,SOL/USDT,buy,20.69034000,35.86222152,0.74200156,USDT
2023-04-06T13:30:00Z,SOL/USDT,stop_sell,20.59398357,35.86222152,0.73854600,USDT
2023-04-06T16:15:00Z,SOL/USDT,buy,20.79039000,35.72227722,0.74268008,USDT
2023-04-06T18:30:00Z,SOL/USDT,stop_sell,20.65002696,35.72227722,0.73766599,USDT
2023-04-06T18:45:00Z,SOL/USDT,buy,20.70034500,35.88740534,0.74288167,USDT
2023-04-06T19:00:00Z,SOL/USDT,sell,20.62968000,35.88740534,0.74034569,USDT
2023-04-07T02:15:00Z,SOL/USDT,buy,20.66032500,35.88921431,0.74148283,USDT
2023-04-07T02:30:00Z,SOL/USDT,sell,20.54972000,35.88921431,0.73751331,USDT
2023-04-07T11:00:00Z,SOL/USDT,buy,20.39019000,36.27229307,0.73959895,USDT
2023-04-07T11:15:00Z,SOL/USDT,sell,20.34982000,36.27229307,0.73813463,USDT
2023-04-07T11:30:00Z,SOL/USDT,buy,20.39019000,36.33196554,0.74081568,USDT
2023-04-07T11:45:00Z,SOL/USDT,sell,20.29984500,36.33196554,0.73753327,USDT
2023-04-07T14:00:00Z,SOL/USDT,buy,20.46022500,36.13587089,0.73934805,USDT
2023-04-07T18:15:00Z,SOL/USDT,sell,20.49974500,36.13587089,0.74077614,USDT
2023-04-08T06:30:00Z,SOL/USDT,buy,20.67033000,35.78602392,0.73970892,USDT
2023-04-08T08:45:00Z,SOL/USDT,stop_sell,20.58970000,35.78602392,0.73682350,USDT
2023-04-08T09:00:00Z,SOL/USDT,buy,20.57028000,35.9605135,0.73971783,USDT
2023-04-08T10:30:00Z,SOL/USDT,sell,20.56971000,35.9605135,0.73969733,USDT
2023-04-09T04:15:00Z,SOL/USDT,buy,20.12005500,36.75923245,0.73959778,USDT
2023-04-09T06:00:00Z,SOL/USDT,sell,20.04997000,36.75923245,0.73702151,USDT
2023-04-09T11:00:00Z,SOL/USDT,buy,20.10004500,36.77968807,0.73927339,USDT
2023-04-09T14:15:00Z,SOL/USDT,stop_sell,20.06603339,36.77968807,0.73802245,USDT
2023-04-09T15:00:00Z,SOL/USDT,buy,20.12005500,36.73225633,0.73905502,USDT
2023-04-09T15:30:00Z,SOL/USDT,sell,20.05996500,36.73225633,0.73684778,USDT
2023-04-09T15:45:00Z,SOL/USDT,buy,20.15007000,36.69935503,0.73949457,USDT
2023-04-09T16:15:00Z,SOL/USDT,sell,20.10994000,36.69935503,0.73802183,USDT
2023-04-10T11:45:00Z,SOL/USDT,buy,20.35017000,36.29080641,0.73852408,USDT
2023-04-10T12:00:00Z,SOL/USDT,stop_sell,20.27985500,36.29080641,0.73597229,USDT
2023-04-11T06:00:00Z,SOL/USDT,buy,21.99099000,33.59894807,0.73887413,USDT
2023-04-11T11:45:00Z,SOL/USDT,sell,22.27885500,33.59894807,0.74854609,USDT
2023-04-11T14:45:00Z,SOL/USDT,buy,22.98148500,32.10815926,0.73789318,USDT
2023-04-11T20:15:00Z,SOL/USDT,sell,23.24837000,32.10815926,0.74646237,USDT
2023-04-11T21:45:00Z,SOL/USDT,buy,23.35167000,31.66471505,0.73942398,USDT
2023-04-11T22:00:00Z,SOL/USDT,sell,23.22838000,31.66471505,0.73552003,USDT
2023-04-12T00:30:00Z,SOL/USDT,buy,23.43171000,31.4308144,0.73647773,USDT
2023-04-12T00:45:00Z,SOL/USDT,sell,23.41828500,31.4308144,0.73605577,USDT
2023-04-12T01:00:00Z,SOL/USDT,buy,23.35167000,31.61269602,0.73820925,USDT
2023-04-12T01:30:00Z,SOL/USDT,stop_sell,23.13735411,31.61269602,0.73143414,USDT
2023-04-12T07:00:00Z,SOL/USDT,buy,22.90144500,32.21890827,0.73785956,USDT
2023-04-12T12:15:00Z,SOL/USDT,sell,23.42828000,32.21890827,0.75483360,USDT
2023-04-12T12:45:00Z,SOL/USDT,buy,24.13206000,30.6915078,0.74064931,USDT
2023-04-12T14:30:00Z,SOL/USDT,stop_sell,23.83985982,30.6915078,0.73168124,USDT
2023-04-12T18:45:00Z,SOL/USDT,buy,24.12205500,30.61867591,0.73858538,USDT
2023-04-12T19:15:00Z,SOL/USDT,stop_sell,23.80344946,30.61867591,0.72883010,USDT
2023-04-12T19:45:00Z,SOL/USDT,buy,23.95197000,30.79859902,0.73768712,USDT
2023-04-12T22:30:00Z,SOL/USDT,sell,23.79809500,30.79859902,0.73294799,USDT
2023-04-13T04:30:00Z,SOL/USDT,buy,23.98198500,30.68811657,0.73596195,USDT
2023-04-13T05:00:00Z,SOL/USDT,sell,23.96801000,30.68811657,0.73553308,USDT
2023-04-13T05:45:00Z,SOL/USDT,buy,23.92195500,30.78435646,0.73642199,USDT
2023-04-13T10:00:00Z,SOL/USDT,sell,24.14792000,30.78435646,0.74337818,USDT
2023-04-13T10:30:00Z,SOL/USDT,buy,24.14206500,30.54735852,0.73747631,USDT
2023-04-13T11:30:00Z,SOL/USDT,sell,24.15791500,30.54735852,0.73796049,USDT
2023-04-13T14:30:00Z,SOL/USDT,buy,24.73236000,29.81506716,0.73739697,USDT
2023-04-13T16:30:00Z,SOL/USDT,stop_sell,24.42165806,29.81506716,0.72813338,USDT
2023-04-13T17:00:00Z,SOL/USDT,buy,24.52225500,30.03550101,0.73653821,USDT
2023-04-13T17:45:00Z,SOL/USDT,sell,24.58770000,30.03550101,0.73850389,USDT
2023-04-13T20:15:00Z,SOL/USDT,buy,24.61230000,29.89075843,0.73568031,USDT
2023-04-13T20:30:00Z,SOL/USDT,sell,24.68765000,29.89075843,0.73793258,USDT
2023-04-13T21:00:00Z,SOL/USDT,buy,24.75237000,29.73633573,0.73604478,USDT
2023-04-13T21:15:00Z,SOL/USDT,stop_sell,24.61804196,29.73633573,0.73205036,USDT
2023-04-13T22:45:00Z,SOL/USDT,buy,24.59229000,29.82710463,0.73351681,USDT
2023-04-13T22:45:00Z,SOL/USDT,stop_sell,24.51523625,29.82710463,0.73121852,USDT
2023-04-14T19:45:00Z,SOL/USDT,buy,24.54226500,29.9972932,0.73620152,USDT
2023-04-15T00:45:00Z,SOL/USDT,sell,24.40779000,29.9972932,0.73216763,USDT
2023-04-15T08:00:00Z,SOL/USDT,buy,24.43221000,30.10210683,0.73546100,USDT
2023-04-15T08:30:00Z,SOL/USDT,stop_sell,24.28249554,30.10210683,0.73095427,USDT
2023-04-16T00:30:00Z,SOL/USDT,buy,24.18208500,30.41886534,0.73559159,USDT
2023-04-16T01:00:00Z,SOL/USDT,stop_sell,24.06189161,30.41886534,0.73193544,USDT
2023-04-16T01:30:00Z,SOL/USDT,buy,24.06202500,30.47761328,0.73335309,USDT
2023-04-16T07:00:00Z,SOL/USDT,sell,24.18790000,30.47761328,0.73718946,USDT
2023-04-16T14:15:00Z,SOL/USDT,buy,24.28213500,30.25937248,0.73476217,USDT
2023-04-17T01:45:00Z,SOL/USDT,sell,25.33732500,30.25937248,0.76669155,USDT
2023-04-17T02:00:00Z,SOL/USDT,buy,25.42270500,29.04332695,0.73835993,USDT
2023-04-17T06:00:00Z,SOL/USDT,sell,25.47725500,29.04332695,0.73994425,USDT
2023-04-17T06:30:00Z,SOL/USDT,buy,25.39269000,28.89559551,0.73373690,USDT
2023-04-17T06:45:00Z,SOL/USDT,sell,25.29734500,28.89559551,0.73098185,USDT
2023-04-17T12:30:00Z,SOL/USDT,buy,25.16257500,29.28429837,0.73686835,USDT
2023-04-17T12:45:00Z,SOL/USDT,sell,25.10744000,29.28429837,0.73525376,USDT
2023-04-17T13:00:00Z,SOL/USDT,buy,25.37268000,29.04351744,0.73691187,USDT
2023-04-17T13:15:00Z,SOL/USDT,stop_sell,25.09530321,29.04351744,0.72885588,USDT
2023-04-18T06:00:00Z,SOL/USDT,buy,24.77238000,29.75288939,0.73704988,USDT
2023-04-18T11:15:00Z,SOL/USDT,sell,25.19739500,29.75288939,0.74969531,USDT
2023-04-19T02:45:00Z,SOL/USDT,buy,24.69234000,29.77695593,0.73526272,USDT
2023-04-19T03:00:00Z,SOL/USDT,sell,24.65766500,29.77695593,0.73423020,USDT
2023-04-19T03:30:00Z,SOL/USDT,buy,24.78238500,29.72078964,0.73655205,USDT
2023-04-19T03:45:00Z,SOL/USDT,stop_sell,24.59769500,29.72078964,0.73106292,USDT
2023-04-19T13:15:00Z,SOL/USDT,buy,23.02150500,32.03952176,0.73759801,USDT
2023-04-19T18:45:00Z,SOL/USDT,sell,23.04847000,32.03952176,0.73846196,USDT
2023-04-20T01:45:00Z,SOL/USDT,buy,23.07153000,31.92614803,0.73658508,USDT
2023-04-20T02:30:00Z,SOL/USDT,stop_sell,22.78324554,31.92614803,0.72738127,USDT
2023-04-20T04:00:00Z,SOL/USDT,buy,22.85142000,32.19653936,0.73573664,USDT
2023-04-20T05:00:00Z,SOL/USDT,stop_sell,22.63724714,32.19653936,0.72884102,USDT
2023-04-20T16:45:00Z,SOL/USDT,buy,22.42120500,32.74113345,0.73409567,USDT
2023-04-20T16:45:00Z,SOL/USDT,stop_sell,22.05646625,32.74113345,0.72215370,USDT
2023-04-20T22:30:00Z,SOL/USDT,buy,22.17108000,33.03219267,0.73235939,USDT
2023-04-21T02:45:00Z,SOL/USDT,sell,22.14892000,33.03219267,0.73162739,USDT
2023-04-21T03:15:00Z,SOL/USDT,buy,22.31115000,32.90564332,0.73416274,USDT
2023-04-21T04:45:00Z,SOL/USDT,sell,22.17890500,32.90564332,0.72981114,USDT
2023-04-21T05:15:00Z,SOL/USDT,buy,22.25112000,32.91431148,0.73238029,USDT
2023-04-21T05:45:00Z,SOL/USDT,sell,22.25886500,32.91431148,0.73263522,USDT
2023-04-21T06:30:00Z,SOL/USDT,buy,22.17108000,32.95439347,0.73063449,USDT
2023-04-21T06:30:00Z,SOL/USDT,stop_sell,22.12750214,32.95439347,0.72919841,USDT
2023-04-21T09:45:00Z,SOL/USDT,buy,22.26112500,32.87000223,0.73172323,USDT
2023-04-21T10:15:00Z,SOL/USDT,sell,22.27885500,32.87000223,0.73230601,USDT
2023-04-21T10:30:00Z,SOL/USDT,buy,22.28113500,32.82262108,0.73132525,USDT
2023-04-21T10:30:00Z,SOL/USDT,stop_sell,22.12821607,32.82262108,0.72630605,USDT
2023-04-21T11:45:00Z,SOL/USDT,buy,22.03101000,33.1562241,0.73046510,USDT
2023-04-21T12:00:00Z,SOL/USDT,sell,21.94902000,33.1562241,0.72774663,USDT
2023-04-22T05:45:00Z,SOL/USDT,buy,21.41070000,34.16318544,0.73145771,USDT
2023-04-22T06:30:00Z,SOL/USDT,stop_sell,21.29077786,34.16318544,0.72736079,USDT
2023-04-22T06:45:00Z,SOL/USDT,buy,21.34066500,34.22237513,0.73032824,USDT
2023-04-22T07:45:00Z,SOL/USDT,stop_sell,21.24187375,34.22237513,0.72694737,USDT
2023-04-22T13:30:00Z,SOL/USDT,buy,21.43071000,34.07655891,0.73028485,USDT
2023-04-22T21:00:00Z,SOL/USDT,sell,21.73912500,34.07655891,0.74079457,USDT
2023-04-22T21:45:00Z,SOL/USDT,buy,21.80089500,33.54675304,0.73134924,USDT
2023-04-23T00:00:00Z,SOL/USDT,sell,21.73912500,33.54675304,0.72927706,USDT
2023-04-23T05:00:00Z,SOL/USDT,buy,21.93096000,33.36534813,0.73173412,USDT
2023-04-23T10:45:00Z,SOL/USDT,sell,22.01898500,33.36534813,0.73467110,USDT
2023-04-23T11:15:00Z,SOL/USDT,buy,21.99099000,33.21903502,0.73051947,USDT
2023-04-23T13:00:00Z,SOL/USDT,sell,22.05896500,33.21903502,0.73277753,USDT
2023-04-23T22:45:00Z,SOL/USDT,buy,21.55077000,34.02618025,0.73329038,USDT
2023-04-24T00:15:00Z,SOL/USDT,stop_sell,21.32040589,34.02618025,0.72545197,USDT
2023-04-24T15:00:00Z,SOL/USDT,buy,21.64081500,33.77144216,0.73084153,USDT
2023-04-24T15:15:00Z,SOL/USDT,stop_sell,21.42071286,33.77144216,0.72340837,USDT
2023-04-24T21:45:00Z,SOL/USDT,buy,21.32065500,34.29372761,0.73116474,USDT
2023-04-24T22:15:00Z,SOL/USDT,sell,21.38930000,34.29372761,0.73351883,USDT
2023-04-25T08:45:00Z,SOL/USDT,buy,20.88043500,34.90424588,0.72881584,USDT
2023-04-25T09:00:00Z,SOL/USDT,sell,21.00949000,34.90424588,0.73332040,USDT
2023-04-25T13:30:00Z,SOL/USDT,buy,21.13056000,34.61774826,0.73149241,USDT
2023-04-25T13:45:00Z,SOL/USDT,stop_sell,20.98485946,34.61774826,0.72644858,USDT
2023-04-25T15:15:00Z,SOL/USDT,buy,21.00049500,34.72485677,0.72923918,USDT
2023-04-25T15:30:00Z,SOL/USDT,stop_sell,20.87491446,34.72485677,0.72487841,USDT
2023-04-25T17:45:00Z,SOL/USDT,buy,21.13056000,34.53823704,0.72981229,USDT
2023-04-25T18:15:00Z,SOL/USDT,sell,21.24937000,34.53823704,0.73391578,USDT
2023-04-25T20:00:00Z,SOL/USDT,buy,21.23061000,34.40150931,0.73036503,USDT
2023-04-25T22:45:00Z,SOL/USDT,sell,21.70914000,34.40150931,0.74682718,USDT
2023-04-25T23:15:00Z,SOL/USDT,buy,21.72085500,33.63273971,0.73053186,USDT
2023-04-26T04:15:00Z,SOL/USDT,sell,21.89904500,33.63273971,0.73652488,USDT
2023-04-26T04:30:00Z,SOL/USDT,buy,21.94096500,33.31184934,0.73089412,USDT
2023-04-26T04:45:00Z,SOL/USDT,sell,21.85906500,33.31184934,0.72816588,USDT
2023-04-26T05:30:00Z,SOL/USDT,buy,22.05102000,33.16048465,0.73122251,USDT
2023-04-26T06:30:00Z,SOL/USDT,stop_sell,21.88905000,33.16048465,0.72585151,USDT
2023-04-26T06:45:00Z,SOL/USDT,buy,21.93096000,33.28684424,0.73001245,USDT
2023-04-26T13:45:00Z,SOL/USDT,sell,22.65866500,33.28684424,0.75423545,USDT
2023-04-26T14:00:00Z,SOL/USDT,buy,22.82140500,32.15238357,0.73376257,USDT
2023-04-26T14:15:00Z,SOL/USDT,stop_sell,22.52658821,32.15238357,0.72428350,USDT
2023-04-26T18:30:00Z,SOL/USDT,buy,22.76137500,32.02945013,0.72903433,USDT
2023-04-26T19:00:00Z,SOL/USDT,sell,22.65866500,32.02945013,0.72574458,USDT
2023-04-27T05:30:00Z,SOL/USDT,buy,21.93096000,33.31260017,0.73057730,USDT
2023-04-27T05:45:00Z,SOL/USDT,sell,21.91903500,33.31260017,0.73018005,USDT
2023-04-27T06:15:00Z,SOL/USDT,buy,21.76087500,33.55071484,0.73009291,USDT
2023-04-27T06:45:00Z,SOL/USDT,stop_sell,21.63453446,33.55071484,0.72585410,USDT
2023-04-27T07:15:00Z,SOL/USDT,buy,21.66082500,33.59152734,0.72762020,USDT
2023-04-27T07:30:00Z,SOL/USDT,sell,21.64917000,33.59152734,0.72722869,USDT
2023-04-27T08:00:00Z,SOL/USDT,buy,21.67083000,33.63117866,0.72881556,USDT
2023-04-27T08:15:00Z,SOL/USDT,sell,21.53922500,33.63117866,0.72438952,USDT
2023-04-27T14:00:00Z,SOL/USDT,buy,21.67083000,33.65604461,0.72935442,USDT
2023-04-27T20:00:00Z,SOL/USDT,sell,22.31883500,33.65604461,0.75116371,USDT
2023-04-27T20:15:00Z,SOL/USDT,buy,22.42120500,32.58769972,0.73065550,USDT
2023-04-27T20:30:00Z,SOL/USDT,sell,22.34882000,32.58769972,0.72829664,USDT
2023-04-28T00:00:00Z,SOL/USDT,buy,22.37118000,32.67609855,0.73100288,USDT
2023-04-28T00:15:00Z,SOL/USDT,stop_sell,22.22959393,32.67609855,0.72637640,USDT
2023-04-28T01:00:00Z,SOL/USDT,buy,22.50124500,32.45104908,0.73018901,USDT
2023-04-28T01:30:00Z,SOL/USDT,sell,22.39879500,32.45104908,0.72686440,USDT
2023-04-28T01:45:00Z,SOL/USDT,buy,22.49124000,32.49182899,0.73078152,USDT
2023-04-28T02:00:00Z,SOL/USDT,sell,22.30884000,32.49182899,0.72485501,USDT
2023-04-28T03:45:00Z,SOL/USDT,buy,22.29114000,32.71324009,0.72921541,USDT
2023-04-28T04:00:00Z,SOL/USDT,sell,22.30884000,32.71324009,0.72979444,USDT
2023-04-28T04:15:00Z,SOL/USDT,buy,22.40119500,32.54937875,0.72914498,USDT
2023-04-28T05:00:00Z,SOL/USDT,sell,22.38880000,32.54937875,0.72874153,USDT
2023-04-28T06:45:00Z,SOL/USDT,buy,22.39119000,32.52820015,0.72834511,USDT
2023-04-28T12:00:00Z,SOL/USDT,sell,22.42878000,32.52820015,0.72956784,USDT
2023-04-28T12:15:00Z,SOL/USDT,buy,22.66132500,32.1541425,0.72865547,USDT
2023-04-28T12:45:00Z,SOL/USDT,stop_sell,22.51159571,32.1541425,0.72384106,USDT
2023-04-28T13:15:00Z,SOL/USDT,buy,22.60129500,32.27444663,0.72944429,USDT
2023-04-28T13:30:00Z,SOL/USDT,stop_sell,22.38594429,32.27444663,0.72249396,USDT
2023-04-28T14:15:00Z,SOL/USDT,buy,22.49124000,32.34501267,0.72747944,USDT
2023-04-28T14:45:00Z,SOL/USDT,sell,22.29884500,32.34501267,0.72125642,USDT
2023-04-28T16:30:00Z,SOL/USDT,buy,22.65132000,32.1889103,0.72912131,USDT
2023-04-28T22:30:00Z,SOL/USDT,sell,23.28835000,32.1889103,0.74962661,USDT
2023-04-29T00:15:00Z,SOL/USDT,buy,23.40169500,31.11267488,0.72808933,USDT
2023-04-29T00:30:00Z,SOL/USDT,sell,23.27835500,31.11267488,0.72425189,USDT
2023-04-29T01:00:00Z,SOL/USDT,buy,23.28163500,31.26823611,0.72797566,USDT
2023-04-29T03:30:00Z,SOL/USDT,sell,23.31833500,31.26823611,0.72912320,USDT
2023-04-29T03:45:00Z,SOL/USDT,buy,23.30164500,31.28060904,0.72888965,USDT
2023-04-29T04:30:00Z,SOL/USDT,sell,23.33832500,31.28060904,0.73003702,USDT
2023-04-30T03:00:00Z,SOL/USDT,buy,23.13156000,31.45526569,0.72760937,USDT
2023-04-30T04:30:00Z,SOL/USDT,sell,23.13842500,31.45526569,0.72782531,USDT
2023-04-30T06:30:00Z,SOL/USDT,buy,23.36167500,31.22160826,0.72938907,USDT
2023-04-30T12:45:00Z,SOL/USDT,sell,23.37830500,31.22160826,0.72990828,USDT
2023-05-01T06:30:00Z,SOL/USDT,buy,22.22110500,32.8384694,0.72970708,USDT
2023-05-01T06:45:00Z,SOL/USDT,sell,22.20889000,32.8384694,0.72930595,USDT
2023-05-01T08:00:00Z,SOL/USDT,buy,22.29114000,32.64027237,0.72758888,USDT
2023-05-01T11:15:00Z,SOL/USDT,stop_sell,22.16891000,32.64027237,0.72359926,USDT
2023-05-01T13:00:00Z,SOL/USDT,buy,22.28113500,32.6500407,0.72747996,USDT
2023-05-01T13:30:00Z,SOL/USDT,stop_sell,22.21174571,32.6500407,0.72521440,USDT
2023-05-01T13:45:00Z,SOL/USDT,buy,22.23111000,32.71012357,0.72718236,USDT
2023-05-01T13:45:00Z,SOL/USDT,stop_sell,22.15427446,32.71012357,0.72466906,USDT
2023-05-01T21:00:00Z,SOL/USDT,buy,21.65082000,33.54116961,0.72619383,USDT
2023-05-01T21:45:00Z,SOL/USDT,sell,21.83907500,33.54116961,0.73250812,USDT
2023-05-01T22:45:00Z,SOL/USDT,buy,21.96097500,33.07052689,0.72626101,USDT
2023-05-02T00:45:00Z,SOL/USDT,sell,21.88905000,33.07052689,0.72388242,USDT
2023-05-02T01:45:00Z,SOL/USDT,buy,21.83091000,33.14707489,0.72363081,USDT
2023-05-02T01:45:00Z,SOL/USDT,stop_sell,21.80909000,33.14707489,0.72290754,USDT
2023-05-02T03:00:00Z,SOL/USDT,buy,21.88093500,33.18457273,0.72610948,USDT
2023-05-02T03:15:00Z,SOL/USDT,stop_sell,21.79909500,33.18457273,0.72339365,USDT
2023-05-02T09:45:00Z,SOL/USDT,buy,21.85092000,33.24528712,0.72644011,USDT
2023-05-02T13:30:00Z,SOL/USDT,sell,21.95901500,33.24528712,0.73003376,USDT
2023-05-02T14:00:00Z,SOL/USDT,buy,21.90094500,33.16201118,0.72627938,USDT
2023-05-02T14:00:00Z,SOL/USDT,stop_sell,21.79695321,33.16201118,0.72283081,USDT
2023-05-02T14:15:00Z,SOL/USDT,buy,21.90094500,33.23517536,0.72788175,USDT
2023-05-02T19:30:00Z,SOL/USDT,sell,22.33882500,33.23517536,0.74243477,USDT
2023-05-03T17:00:00Z,SOL/USDT,buy,21.44071500,33.98330276,0.72862631,USDT
2023-05-03T17:30:00Z,SOL/USDT,sell,21.45926500,33.98330276,0.72925670,USDT
2023-05-03T17:45:00Z,SOL/USDT,buy,21.53076000,33.64984475,0.72450673,USDT
2023-05-03T17:45:00Z,SOL/USDT,stop_sell,21.50924000,33.64984475,0.72378259,USDT
2023-05-03T23:30:00Z,SOL/USDT,buy,22.15107000,32.88067203,0.72834207,USDT
2023-05-04T03:30:00Z,SOL/USDT,sell,22.21888500,32.88067203,0.73057187,USDT
2023-05-04T04:15:00Z,SOL/USDT,buy,22.31115000,32.63244378,0.72806735,USDT
2023-05-04T05:15:00Z,SOL/USDT,sell,22.29884500,32.63244378,0.72766581,USDT
2023-05-04T10:30:00Z,SOL/USDT,buy,22.31115000,32.58188076,0.72693923,USDT
2023-05-04T11:30:00Z,SOL/USDT,stop_sell,22.22995089,32.58188076,0.72429361,USDT
2023-05-04T12:45:00Z,SOL/USDT,buy,22.15107000,32.72862518,0.72497407,USDT
2023-05-04T13:15:00Z,SOL/USDT,stop_sell,22.06967393,32.72862518,0.72231009,USDT
2023-05-04T23:15:00Z,SOL/USDT,buy,21.74086500,33.39095177,0.72594817,USDT
2023-05-05T00:30:00Z,SOL/USDT,sell,21.73912500,33.39095177,0.72589007,USDT
2023-05-05T00:45:00Z,SOL/USDT,buy,21.78088500,33.37004581,0.72682913,USDT
2023-05-05T01:15:00Z,SOL/USDT,sell,21.70914000,33.37004581,0.72443500,USDT
2023-05-05T01:45:00Z,SOL/USDT,buy,22.02100500,32.90208003,0.72453687,USDT
2023-05-05T02:00:00Z,SOL/USDT,sell,21.98900000,32.90208003,0.72348384,USDT
2023-05-05T08:45:00Z,SOL/USDT,buy,21.83091000,33.072995,0.72201358,USDT
2023-05-05T08:45:00Z,SOL/USDT,stop_sell,21.80909000,33.072995,0.72129192,USDT
2023-05-05T10:15:00Z,SOL/USDT,buy,21.89094000,33.18615944,0.72647623,USDT
2023-05-05T12:30:00Z,SOL/USDT,stop_sell,21.75554536,33.18615944,0.72198300,USDT
2023-05-05T12:45:00Z,SOL/USDT,buy,21.85092000,33.2252292,0.72600183,USDT
2023-05-05T13:15:00Z,SOL/USDT,sell,21.87905500,33.2252292,0.72693662,USDT
2023-05-05T13:45:00Z,SOL/USDT,buy,22.08103500,32.86171415,0.72562066,USDT
2023-05-06T00:15:00Z,SOL/USDT,sell,22.79859500,32.86171415,0.74920091,USDT
2023-05-06T00:45:00Z,SOL/USDT,buy,23.24161500,31.29552914,0.72735864,USDT
2023-05-06T00:45:00Z,SOL/USDT,stop_sell,23.08166768,31.29552914,0.72235300,USDT
2023-05-06T11:30:00Z,SOL/USDT,buy,22.62130500,32.10317575,0.72621573,USDT
2023-05-06T12:00:00Z,SOL/USDT,sell,22.59869500,32.10317575,0.72548988,USDT
2023-05-06T18:30:00Z,SOL/USDT,buy,22.08103500,32.77681115,0.72374591,USDT
2023-05-06T19:00:00Z,SOL/USDT,stop_sell,22.01434446,32.77681115,0.72156001,USDT
2023-05-07T04:45:00Z,SOL/USDT,buy,22.00099500,33.04729395,0.72707335,USDT
2023-05-07T06:15:00Z,SOL/USDT,sell,21.96901000,33.04729395,0.72601633,USDT
2023-05-07T06:45:00Z,SOL/USDT,buy,22.01100000,32.99305249,0.72621008,USDT
2023-05-07T21:00:00Z,SOL/USDT,sell,22.48875000,32.99305249,0.74197251,USDT
2023-05-08T06:30:00Z,SOL/USDT,buy,21.40069500,33.94069315,0.72635442,USDT
2023-05-08T07:00:00Z,SOL/USDT,stop_sell,21.25758018,33.94069315,0.72149701,USDT
2023-05-08T07:15:00Z,SOL/USDT,buy,21.26062500,34.15653704,0.72618933,USDT
2023-05-08T07:45:00Z,SOL/USDT,sell,21.15941500,34.15653704,0.72273234,USDT
2023-05-08T08:30:00Z,SOL/USDT,buy,21.26062500,34.20244883,0.72716544,USDT
2023-05-08T08:45:00Z,SOL/USDT,sell,21.12943000,34.20244883,0.72267825,USDT
2023-05-08T15:00:00Z,SOL/USDT,buy,21.32065500,34.03563272,0.72566198,USDT
2023-05-08T15:30:00Z,SOL/USDT,stop_sell,21.17048089,34.03563272,0.72055071,USDT
2023-05-08T22:45:00Z,SOL/USDT,buy,20.67033000,35.06458753,0.72479660,USDT
2023-05-09T01:30:00Z,SOL/USDT,sell,20.71963500,35.06458753,0.72652546,USDT
2023-05-09T01:45:00Z,SOL/USDT,buy,20.73036000,34.96412072,0.72481881,USDT
2023-05-09T02:15:00Z,SOL/USDT,stop_sell,20.58220375,34.96412072,0.71963866,USDT
2023-05-09T02:45:00Z,SOL/USDT,buy,20.65032000,35.05697881,0.72393783,USDT
2023-05-09T04:15:00Z,SOL/USDT,sell,20.64967000,35.05697881,0.72391504,USDT
2023-05-09T04:30:00Z,SOL/USDT,buy,20.58028500,35.03431565,0.72101620,USDT
2023-05-09T04:45:00Z,SOL/USDT,sell,20.57970500,35.03431565,0.72099588,USDT
2023-05-09T05:30:00Z,SOL/USDT,buy,20.60029500,35.06259567,0.72229981,USDT
2023-05-09T06:00:00Z,SOL/USDT,sell,20.60969000,35.06259567,0.72262923,USDT
2023-05-09T12:30:00Z,SOL/USDT,buy,20.89044000,34.70516707,0.72500621,USDT
2023-05-09T13:45:00Z,SOL/USDT,stop_sell,20.74854911,34.70516707,0.72008186,USDT
2023-05-09T14:00:00Z,SOL/USDT,buy,20.83041000,34.78081667,0.72449867,USDT
2023-05-09T14:45:00Z,SOL/USDT,stop_sell,20.66930304,34.78081667,0.71889524,USDT
2023-05-09T15:00:00Z,SOL/USDT,buy,20.72035500,34.9554636,0.72428961,USDT
2023-05-09T15:15:00Z,SOL/USDT,sell,20.60969000,34.9554636,0.72042127,USDT
2023-05-10T00:00:00Z,SOL/USDT,buy,20.64031500,34.9011304,0.72037033,USDT
2023-05-10T06:15:00Z,SOL/USDT,sell,20.62968000,34.9011304,0.71999915,USDT
2023-05-10T12:30:00Z,SOL/USDT,buy,20.75037000,34.92788895,0.72476662,USDT
2023-05-10T17:15:00Z,SOL/USDT,stop_sell,20.60290768,34.92788895,0.71961607,USDT
2023-05-10T20:15:00Z,SOL/USDT,buy,21.05052000,34.28858698,0.72179259,USDT
2023-05-10T21:30:00Z,SOL/USDT,sell,20.85956500,34.28858698,0.71524501,USDT
2023-05-10T22:00:00Z,SOL/USDT,buy,20.95047000,34.53728323,0.72357232,USDT
2023-05-11T00:00:00Z,SOL/USDT,sell,20.89954500,34.53728323,0.72181351,USDT
2023-05-11T05:30:00Z,SOL/USDT,buy,20.69034000,34.84220335,0.72089703,USDT
2023-05-11T05:45:00Z,SOL/USDT,sell,20.66966000,34.84220335,0.72017650,USDT
2023-05-11T08:00:00Z,SOL/USDT,buy,20.55027000,34.98610182,0.71897384,USDT
2023-05-11T08:00:00Z,SOL/USDT,stop_sell,20.52973000,34.98610182,0.71825522,USDT
2023-05-11T11:00:00Z,SOL/USDT,buy,20.60029500,34.92683651,0.71950314,USDT
2023-05-11T11:45:00Z,SOL/USDT,stop_sell,20.48975000,34.92683651,0.71564215,USDT
2023-05-11T12:15:00Z,SOL/USDT,buy,20.69034000,34.8893688,0.72187290,USDT
2023-05-11T12:30:00Z,SOL/USDT,stop_sell,20.56292768,34.8893688,0.71742757,USDT
2023-05-11T19:00:00Z,SOL/USDT,buy,20.13006000,35.67941009,0.71822867,USDT
2023-05-11T19:15:00Z,SOL/USDT,sell,20.11993500,35.67941009,0.71786741,USDT
2023-05-11T21:00:00Z,SOL/USDT,buy,20.18008500,35.72544061,0.72094243,USDT
2023-05-11T21:15:00Z,SOL/USDT,sell,20.10994000,35.72544061,0.71843647,USDT
2023-05-11T21:45:00Z,SOL/USDT,buy,20.21010000,35.70976116,0.72169784,USDT
2023-05-12T02:00:00Z,SOL/USDT,sell,20.04997000,35.70976116,0.71597964,USDT
2023-05-12T05:00:00Z,SOL/USDT,buy,20.18008500,35.64590678,0.71933743,USDT
2023-05-12T05:30:00Z,SOL/USDT,sell,20.06996000,35.64590678,0.71541192,USDT
2023-05-12T07:00:00Z,SOL/USDT,buy,20.10004500,35.7844567,0.71926919,USDT
2023-05-12T07:30:00Z,SOL/USDT,sell,20.05996500,35.7844567,0.71783495,USDT
2023-05-12T14:15:00Z,SOL/USDT,buy,20.63031000,34.8691202,0.71936076,USDT
2023-05-12T14:15:00Z,SOL/USDT,stop_sell,20.46262071,34.8691202,0.71351358,USDT
2023-05-12T14:30:00Z,SOL/USDT,buy,20.51025000,34.99385503,0.71773272,USDT
2023-05-12T14:45:00Z,SOL/USDT,stop_sell,20.35553143,34.99385503,0.71231852,USDT
2023-05-12T15:00:00Z,SOL/USDT,buy,20.41020000,35.20769285,0.71859605,USDT
2023-05-12T17:15:00Z,SOL/USDT,sell,20.33982500,35.20769285,0.71611831,USDT
2023-05-12T18:15:00Z,SOL/USDT,buy,20.40019500,35.19231219,0.71793003,USDT
2023-05-12T19:00:00Z,SOL/USDT,sell,20.32983000,35.19231219,0.71545372,USDT
2023-05-12T21:45:00Z,SOL/USDT,buy,20.71035000,34.49883266,0.71448290,USDT
2023-05-13T08:45:00Z,SOL/USDT,sell,21.11943500,34.49883266,0.72859585,USDT
2023-05-13T09:15:00Z,SOL/USDT,buy,21.14056500,33.92637803,0.71722280,USDT
2023-05-13T11:45:00Z,SOL/USDT,stop_sell,21.07445750,33.92637803,0.71498001,USDT
2023-05-13T19:15:00Z,SOL/USDT,buy,20.94046500,34.23652024,0.71692865,USDT
2023-05-13T23:30:00Z,SOL/USDT,sell,20.92953000,34.23652024,0.71655428,USDT
2023-05-13T23:45:00Z,SOL/USDT,buy,20.88043500,34.22961012,0.71472915,USDT
2023-05-13T23:45:00Z,SOL/USDT,stop_sell,20.85956500,34.22961012,0.71401478,USDT
2023-05-14T03:30:00Z,SOL/USDT,buy,20.91045000,34.25415067,0.71626970,USDT
2023-05-14T04:00:00Z,SOL/USDT,sell,20.93952500,34.25415067,0.71726564,USDT
2023-05-14T04:30:00Z,SOL/USDT,buy,20.99049000,34.18707794,0.71760352,USDT
2023-05-14T09:30:00Z,SOL/USDT,sell,20.98950000,34.18707794,0.71756967,USDT
2023-05-14T17:30:00Z,SOL/USDT,buy,21.04051500,34.05143896,0.71645981,USDT
2023-05-14T17:45:00Z,SOL/USDT,sell,20.98950000,34.05143896,0.71472268,USDT
2023-05-14T23:00:00Z,SOL/USDT,buy,20.88043500,34.12050982,0.71245109,USDT
2023-05-14T23:00:00Z,SOL/USDT,stop_sell,20.85956500,34.12050982,0.71173899,USDT
2023-05-15T05:15:00Z,SOL/USDT,buy,21.19059000,33.7902452,0.71603523,USDT
2023-05-15T06:15:00Z,SOL/USDT,sell,21.26936000,33.7902452,0.71869689,USDT
2023-05-15T07:15:00Z,SOL/USDT,buy,21.45072000,33.38505351,0.71613344,USDT
2023-05-15T11:00:00Z,SOL/USDT,stop_sell,21.34360857,33.38505351,0.71255751,USDT
2023-05-15T13:15:00Z,SOL/USDT,buy,21.40069500,33.36637959,0.71406371,USDT
2023-05-15T13:15:00Z,SOL/USDT,stop_sell,21.37930500,33.36637959,0.71335001,USDT
2023-05-15T15:00:00Z,SOL/USDT,buy,21.43071000,33.38953729,0.71556149,USDT
2023-05-15T16:30:00Z,SOL/USDT,stop_sell,21.32683125,33.38953729,0.71209303,USDT
2023-05-16T22:15:00Z,SOL/USDT,buy,20.67033000,34.51531624,0.71344298,USDT
2023-05-16T22:30:00Z,SOL/USDT,sell,20.60969000,34.51531624,0.71134997,USDT
2023-05-17T01:30:00Z,SOL/USDT,buy,20.91045000,34.22082257,0.71557280,USDT
2023-05-17T05:30:00Z,SOL/USDT,stop_sell,20.81066089,34.22082257,0.71215793,USDT
2023-05-17T05:45:00Z,SOL/USDT,buy,20.81040000,34.35033033,0.71484411,USDT
2023-05-17T05:45:00Z,SOL/USDT,stop_sell,20.71963500,34.35033033,0.71172631,USDT
2023-05-17T12:45:00Z,SOL/USDT,buy,20.61030000,34.64950569,0.71413671,USDT
2023-05-17T13:00:00Z,SOL/USDT,stop_sell,20.51973500,34.64950569,0.71099867,USDT
2023-05-17T17:00:00Z,SOL/USDT,buy,20.73036000,34.36487302,0.71239619,USDT
2023-05-17T17:45:00Z,SOL/USDT,sell,20.75961500,34.36487302,0.71340153,USDT
2023-05-17T19:45:00Z,SOL/USDT,buy,21.11055000,33.82556318,0.71407624,USDT
2023-05-17T20:15:00Z,SOL/USDT,stop_sell,20.97986196,33.82556318,0.70965565,USDT
2023-05-17T20:30:00Z,SOL/USDT,buy,21.08053500,34.01305254,0.71701334,USDT
2023-05-17T21:15:00Z,SOL/USDT,sell,21.02948000,34.01305254,0.71527681,USDT
2023-05-17T23:00:00Z,SOL/USDT,buy,21.01050000,33.98474369,0.71403646,USDT
2023-05-18T00:15:00Z,SOL/USDT,sell,20.98950000,33.98474369,0.71332278,USDT
2023-05-18T01:15:00Z,SOL/USDT,buy,21.04051500,33.83137664,0.71182959,USDT
2023-05-18T01:30:00Z,SOL/USDT,sell,20.99949500,33.83137664,0.71044182,USDT
2023-05-18T22:30:00Z,SOL/USDT,buy,20.44021500,34.81251169,0.71157522,USDT
2023-05-18T23:00:00Z,SOL/USDT,sell,20.40979000,34.81251169,0.71051605,USDT
2023-05-19T05:30:00Z,SOL/USDT,buy,20.42020500,34.888069,0.71242152,USDT
2023-05-19T11:00:00Z,SOL/USDT,sell,20.43977500,34.888069,0.71310428,USDT
2023-05-19T15:45:00Z,SOL/USDT,buy,20.48023500,34.78290508,0.71236207,USDT
2023-05-19T16:00:00Z,SOL/USDT,sell,20.41978500,34.78290508,0.71025944,USDT
2023-05-19T19:00:00Z,SOL/USDT,buy,20.46022500,34.87133989,0.71347546,USDT
2023-05-19T19:15:00Z,SOL/USDT,stop_sell,20.34517946,34.87133989,0.70946367,USDT
2023-05-19T20:00:00Z,SOL/USDT,buy,20.38018500,34.91847171,0.71164491,USDT
2023-05-19T20:15:00Z,SOL/USDT,sell,20.35981500,34.91847171,0.71093362,USDT
2023-05-20T05:30:00Z,SOL/USDT,buy,20.21010000,35.09963274,0.70936709,USDT
2023-05-20T05:30:00Z,SOL/USDT,stop_sell,20.18990000,35.09963274,0.70865808,USDT
2023-05-20T11:45:00Z,SOL/USDT,buy,20.20009500,35.17805028,0.71059996,USDT
2023-05-20T11:45:00Z,SOL/USDT,stop_sell,20.17990500,35.17805028,0.70988971,USDT
2023-05-20T12:00:00Z,SOL/USDT,buy,20.23011000,35.20445455,0.71218999,USDT
2023-05-20T15:15:00Z,SOL/USDT,sell,20.21988500,35.20445455,0.71183002,USDT
2023-05-20T15:30:00Z,SOL/USDT,buy,20.28013500,35.12779133,0.71239635,USDT
2023-05-20T18:00:00Z,SOL/USDT,sell,20.31983500,35.12779133,0.71379092,USDT
2023-05-20T18:15:00Z,SOL/USDT,buy,20.33016000,34.97208118,0.71098801,USDT
2023-05-20T18:30:00Z,SOL/USDT,sell,20.30984000,34.97208118,0.71027737,USDT
2023-05-20T19:45:00Z,SOL/USDT,buy,20.27013000,35.06723285,0.71081737,USDT
2023-05-20T20:45:00Z,SOL/USDT,sell,20.25986500,35.06723285,0.71045740,USDT
2023-05-21T08:00:00Z,SOL/USDT,buy,20.29014000,35.06019933,0.71137635,USDT
2023-05-21T10:30:00Z,SOL/USDT,sell,20.31983500,35.06019933,0.71241747,USDT
2023-05-21T10:45:00Z,SOL/USDT,buy,20.31015000,34.98960709,0.71064417,USDT
2023-05-21T11:00:00Z,SOL/USDT,stop_sell,20.25986500,34.98960709,0.70888472,USDT
2023-05-21T20:30:00Z,SOL/USDT,buy,20.05002000,35.43087353,0.71038972,USDT
2023-05-21T20:45:00Z,SOL/USDT,stop_sell,19.95002000,35.43087353,0.70684664,USDT
2023-05-22T06:15:00Z,SOL/USDT,buy,19.63981500,36.18755123,0.71071681,USDT
2023-05-22T07:15:00Z,SOL/USDT,sell,19.70014500,36.18755123,0.71290001,USDT
2023-05-22T07:30:00Z,SOL/USDT,buy,19.73986500,35.97053451,0.71005350,USDT
2023-05-22T13:15:00Z,SOL/USDT,sell,19.78010500,35.97053451,0.71150095,USDT
2023-05-22T13:30:00Z,SOL/USDT,buy,19.86993000,35.86158251,0.71256713,USDT
2023-05-22T14:00:00Z,SOL/USDT,sell,19.88005500,35.86158251,0.71293023,USDT
2023-05-22T19:00:00Z,SOL/USDT,buy,19.74987000,35.94811175,0.70997053,USDT
2023-05-22T19:15:00Z,SOL/USDT,sell,19.73013000,35.94811175,0.70926092,USDT
2023-05-22T20:00:00Z,SOL/USDT,buy,19.74987000,35.9394842,0.70980014,USDT
2023-05-22T20:30:00Z,SOL/USDT,stop_sell,19.63018000,35.9394842,0.70549854,USDT
2023-05-22T22:00:00Z,SOL/USDT,buy,19.70985000,36.00751988,0.70970282,USDT
2023-05-22T22:30:00Z,SOL/USDT,stop_sell,19.64017500,36.00751988,0.70719399,USDT
2023-05-23T02:15:00Z,SOL/USDT,buy,19.87993500,35.68348483,0.70938536,USDT
2023-05-23T07:00:00Z,SOL/USDT,sell,19.80009500,35.68348483,0.70653639,USDT
2023-05-23T11:30:00Z,SOL/USDT,buy,19.88994000,35.70225895,0.71011579,USDT
2023-05-23T20:00:00Z,SOL/USDT,sell,20.00999000,35.70225895,0.71440184,USDT
2023-05-23T20:15:00Z,SOL/USDT,buy,20.06002500,35.26937484,0.70750454,USDT
2023-05-23T20:15:00Z,SOL/USDT,stop_sell,20.00070893,35.26937484,0.70541250,USDT
2023-05-23T21:00:00Z,SOL/USDT,buy,20.07003000,35.25541782,0.70757729,USDT
2023-05-23T22:00:00Z,SOL/USDT,sell,20.04997000,35.25541782,0.70687007,USDT
2023-05-23T22:15:00Z,SOL/USDT,buy,20.10004500,35.22943335,0.70811320,USDT
2023-05-23T23:15:00Z,SOL/USDT,stop_sell,20.01998500,35.22943335,0.70529273,USDT
2023-05-23T23:30:00Z,SOL/USDT,buy,20.11005000,35.28279663,0.70953880,USDT
2023-05-24T00:15:00Z,SOL/USDT,stop_sell,19.99000000,35.28279663,0.70530310,USDT
2023-05-24T00:30:00Z,SOL/USDT,buy,20.05002000,35.29545195,0.70767452,USDT
2023-05-24T00:30:00Z,SOL/USDT,stop_sell,19.98928607,35.29545195,0.70553089,USDT
2023-05-24T08:30:00Z,SOL/USDT,buy,19.46973000,36.33280113,0.70738983,USDT
2023-05-24T09:45:00Z,SOL/USDT,sell,19.51024000,36.33280113,0.70886167,USDT
2023-05-24T11:00:00Z,SOL/USDT,buy,19.45972500,36.31436863,0.70666763,USDT
2023-05-24T11:00:00Z,SOL/USDT,stop_sell,19.43135089,36.31436863,0.70563724,USDT
2023-05-24T18:45:00Z,SOL/USDT,buy,19.20960000,36.81486156,0.70719876,USDT
2023-05-24T21:00:00Z,SOL/USDT,sell,19.34032500,36.81486156,0.71201139,USDT
2023-05-25T03:45:00Z,SOL/USDT,buy,19.38969000,36.52462887,0.70820123,USDT
2023-05-25T08:30:00Z,SOL/USDT,sell,19.28035500,36.52462887,0.70420781,USDT
2023-05-25T13:45:00Z,SOL/USDT,buy,19.39969500,36.42702827,0.70667324,USDT
2023-05-25T14:00:00Z,SOL/USDT,stop_sell,19.31319571,36.42702827,0.70352233,USDT
2023-05-26T01:15:00Z,SOL/USDT,buy,19.35967500,36.54006518,0.70740379,USDT
2023-05-26T01:30:00Z,SOL/USDT,stop_sell,19.27036000,36.54006518,0.70414021,USDT
2023-05-26T02:30:00Z,SOL/USDT,buy,19.21960500,36.74885218,0.70629842,USDT
2023-05-26T03:00:00Z,SOL/USDT,sell,19.24037500,36.74885218,0.70706170,USDT
2023-05-26T03:15:00Z,SOL/USDT,buy,19.26963000,36.65074992,0.70624639,USDT
2023-05-26T05:15:00Z,SOL/USDT,sell,19.20039500,36.65074992,0.70370888,USDT
2023-05-26T07:00:00Z,SOL/USDT,buy,19.24962000,36.67243481,0.70593043,USDT
2023-05-26T07:45:00Z,SOL/USDT,sell,19.27036000,36.67243481,0.70669102,USDT
2023-05-26T13:15:00Z,SOL/USDT,buy,19.36968000,36.44243197,0.70587825,USDT
2023-05-26T17:00:00Z,SOL/USDT,sell,19.38030500,36.44243197,0.70626545,USDT
2023-05-26T19:30:00Z,SOL/USDT,buy,19.46973000,36.23233115,0.70543370,USDT
2023-05-26T19:45:00Z,SOL/USDT,sell,19.47026000,36.23233115,0.70545291,USDT
2023-05-26T23:15:00Z,SOL/USDT,buy,19.36968000,36.41363722,0.70532050,USDT
2023-05-26T23:30:00Z,SOL/USDT,sell,19.35032000,36.41363722,0.70461553,USDT
2023-05-27T03:15:00Z,SOL/USDT,buy,19.47973500,36.21792299,0.70551554,USDT
2023-05-27T09:00:00Z,SOL/USDT,sell,19.44027500,36.21792299,0.70408638,USDT
2023-05-27T09:45:00Z,SOL/USDT,buy,19.52976000,36.0950261,0.70492720,USDT
2023-05-27T10:00:00Z,SOL/USDT,sell,19.51024000,36.0950261,0.70422262,USDT
2023-05-27T17:30:00Z,SOL/USDT,buy,19.59979500,35.97584286,0.70511915,USDT
2023-05-28T03:15:00Z,SOL/USDT,sell,20.40979000,35.97584286,0.73425940,USDT
2023-05-28T12:00:00Z,SOL/USDT,buy,20.57028000,34.3863245,0.70733632,USDT
2023-05-28T12:30:00Z,SOL/USDT,stop_sell,20.48975000,34.3863245,0.70456719,USDT
2023-05-28T12:45:00Z,SOL/USDT,buy,20.51025000,34.47065117,0.70700167,USDT
2023-05-28T14:45:00Z,SOL/USDT,stop_sell,20.43727625,34.47065117,0.70448622,USDT
2023-05-28T20:15:00Z,SOL/USDT,buy,20.83041000,33.9420564,0.70702695,USDT
2023-05-28T22:45:00Z,SOL/USDT,sell,20.90954000,33.9420564,0.70971279,USDT
2023-05-29T12:45:00Z,SOL/USDT,buy,20.73036000,34.045095,0.70576708,USDT
2023-05-29T13:00:00Z,SOL/USDT,stop_sell,20.67965500,34.045095,0.70404082,USDT
2023-05-29T13:15:00Z,SOL/USDT,buy,20.78038500,34.0166106,0.70687826,USDT
2023-05-29T13:30:00Z,SOL/USDT,stop_sell,20.69964500,34.0166106,0.70413176,USDT
2023-05-29T15:45:00Z,SOL/USDT,buy,20.64031500,34.19826721,0.70586301,USDT
2023-05-29T15:45:00Z,SOL/USDT,stop_sell,20.56435554,34.19826721,0.70326533,USDT
2023-05-30T03:00:00Z,SOL/USDT,buy,20.99049000,33.62877457,0.70588446,USDT
2023-05-30T04:00:00Z,SOL/USDT,stop_sell,20.85385357,33.62877457,0.70128954,USDT
2023-05-30T05:15:00Z,SOL/USDT,buy,20.73036000,34.1264048,0.70745266,USDT
2023-05-30T06:30:00Z,SOL/USDT,sell,20.73962500,34.1264048,0.70776884,USDT
2023-05-30T07:00:00Z,SOL/USDT,buy,20.89044000,33.77880211,0.70565404,USDT
2023-05-30T07:30:00Z,SOL/USDT,sell,20.75961500,33.77880211,0.70123493,USDT
2023-05-30T09:00:00Z,SOL/USDT,buy,20.88043500,33.75646957,0.70484977,USDT
2023-05-30T15:15:00Z,SOL/USDT,sell,20.95951500,33.75646957,0.70751923,USDT
2023-05-30T18:45:00Z,SOL/USDT,buy,21.35067000,32.98680184,0.70429032,USDT
2023-05-30T21:45:00Z,SOL/USDT,stop_sell,21.18440250,32.98680184,0.69880569,USDT
2023-05-30T22:00:00Z,SOL/USDT,buy,21.20059500,33.20976741,0.70406683,USDT
2023-05-30T22:30:00Z,SOL/USDT,sell,21.18940000,33.20976741,0.70369505,USDT
2023-05-30T23:00:00Z,SOL/USDT,buy,21.26062500,33.07822864,0.70326381,USDT
2023-05-30T23:00:00Z,SOL/USDT,stop_sell,21.20296464,33.07822864,0.70135651,USDT
2023-05-31T01:30:00Z,SOL/USDT,buy,21.27063000,33.00374069,0.70201036,USDT
2023-05-31T01:45:00Z,SOL/USDT,sell,21.13942500,33.00374069,0.69768010,USDT
2023-05-31T17:45:00Z,SOL/USDT,buy,20.65032000,33.98653242,0.70183277,USDT
2023-05-31T18:00:00Z,SOL/USDT,sell,20.67965500,33.98653242,0.70282977,USDT
2023-05-31T18:15:00Z,SOL/USDT,buy,20.62030500,33.98495614,0.70078016,USDT
2023-05-31T18:15:00Z,SOL/USDT,stop_sell,20.59969500,33.98495614,0.70007973,USDT
2023-05-31T18:30:00Z,SOL/USDT,buy,20.62030500,34.10871612,0.70333213,USDT
2023-05-31T18:45:00Z,SOL/USDT,sell,20.59969500,34.10871612,0.70262915,USDT
2023-05-31T19:00:00Z,SOL/USDT,buy,20.62030500,34.10053003,0.70316333,USDT
2023-05-31T22:30:00Z,SOL/USDT,sell,20.75961500,34.10053003,0.70791387,USDT
2023-05-31T22:45:00Z,SOL/USDT,buy,20.79039000,33.85070204,0.70376930,USDT
2023-06-01T02:00:00Z,SOL/USDT,stop_sell,20.71463750,33.85070204,0.70120502,USDT
2023-06-01T07:45:00Z,SOL/USDT,buy,20.68033500,33.99910698,0.70311292,USDT
2023-06-01T08:15:00Z,SOL/USDT,sell,20.63967500,33.99910698,0.70173052,USDT
2023-06-01T11:00:00Z,SOL/USDT,buy,20.67033000,33.93906095,0.70153159,USDT
2023-06-01T11:00:00Z,SOL/USDT,stop_sell,20.64967000,33.93906095,0.70083041,USDT
2023-06-01T11:15:00Z,SOL/USDT,buy,20.71035000,33.99662527,0.70408201,USDT
2023-06-01T14:15:00Z,SOL/USDT,stop_sell,20.62825214,33.99662527,0.70129096,USDT
2023-06-01T19:15:00Z,SOL/USDT,buy,20.72035500,33.75166174,0.69934641,USDT
2023-06-01T19:30:00Z,SOL/USDT,stop_sell,20.64967000,33.75166174,0.69696068,USDT
2023-06-01T21:00:00Z,SOL/USDT,buy,20.70034500,33.91648143,0.70208287,USDT
2023-06-01T21:30:00Z,SOL/USDT,stop_sell,20.62075589,33.91648143,0.69938348,USDT
2023-06-02T02:30:00Z,SOL/USDT,buy,20.74036500,33.85154116,0.70209332,USDT
2023-06-02T13:45:00Z,SOL/USDT,sell,21.03947500,33.85154116,0.71221865,USDT
2023-06-02T22:15:00Z,SOL/USDT,buy,21.29064000,32.99345934,0.70245187,USDT
2023-06-02T23:45:00Z,SOL/USDT,sell,21.23937500,32.99345934,0.70076046,USDT
2023-06-03T13:45:00Z,SOL/USDT,buy,21.17058000,33.16886791,0.70220417,USDT
2023-06-03T14:45:00Z,SOL/USDT,stop_sell,21.11408054,33.16886791,0.70033015,USDT
2023-06-04T07:45:00Z,SOL/USDT,buy,21.60079500,32.52624573,0.70259277,USDT
2023-06-04T11:45:00Z,SOL/USDT,sell,21.61918500,32.52624573,0.70319092,USDT
2023-06-04T13:00:00Z,SOL/USDT,buy,21.78088500,32.32841061,0.70414139,USDT
2023-06-04T21:45:00Z,SOL/USDT,sell,22.01898500,32.32841061,0.71183879,USDT
2023-06-05T07:45:00Z,SOL/USDT,buy,21.62080500,32.47127768,0.70205516,USDT
2023-06-05T09:15:00Z,SOL/USDT,sell,21.54922000,32.47127768,0.69973071,USDT
2023-06-05T10:00:00Z,SOL/USDT,buy,21.55077000,32.57803733,0.70208179,USDT
2023-06-05T12:15:00Z,SOL/USDT,sell,21.55921500,32.57803733,0.70235691,USDT
2023-06-05T20:45:00Z,SOL/USDT,buy,19.97998500,35.13473103,0.70199140,USDT
2023-06-05T21:00:00Z,SOL/USDT,sell,19.96001500,35.13473103,0.70128976,USDT
2023-06-06T03:30:00Z,SOL/USDT,buy,19.95997500,35.09115482,0.70041857,USDT
2023-06-06T03:45:00Z,SOL/USDT,sell,19.99999500,35.09115482,0.70182292,USDT
2023-06-06T07:00:00Z,SOL/USDT,buy,19.99999500,35.12630713,0.70252597,USDT
2023-06-06T11:30:00Z,SOL/USDT,sell,19.92003500,35.12630713,0.69971727,USDT
2023-06-07T06:15:00Z,SOL/USDT,buy,20.23011000,34.72686865,0.70252837,USDT
2023-06-07T06:45:00Z,SOL/USDT,sell,20.04997000,34.72686865,0.69627267,USDT
2023-06-08T15:45:00Z,SOL/USDT,buy,18.92946000,37.08433659,0.70198647,USDT
2023-06-08T16:45:00Z,SOL/USDT,sell,18.83058000,37.08433659,0.69831957,USDT
2023-06-08T22:15:00Z,SOL/USDT,buy,18.90945000,37.18097407,0.70307177,USDT
2023-06-09T01:00:00Z,SOL/USDT,sell,18.80059500,37.18097407,0.69902444,USDT
2023-06-09T14:45:00Z,SOL/USDT,buy,18.71935500,37.23692321,0.69705118,USDT
2023-06-09T15:00:00Z,SOL/USDT,sell,18.77061000,37.23692321,0.69895976,USDT
2023-06-10T09:15:00Z,SOL/USDT,buy,14.62731000,47.69753187,0.69768658,USDT
2023-06-10T09:30:00Z,SOL/USDT,sell,14.67266000,47.69753187,0.69984967,USDT
2023-06-10T09:45:00Z,SOL/USDT,buy,14.78739000,47.66921228,0.70490323,USDT
2023-06-10T10:00:00Z,SOL/USDT,sell,14.65267000,47.66921228,0.69848124,USDT
2023-06-10T10:45:00Z,SOL/USDT,buy,14.66733000,47.92035681,0.70286369,USDT
2023-06-10T13:00:00Z,SOL/USDT,sell,14.49275000,47.92035681,0.69449775,USDT
2023-06-10T14:00:00Z,SOL/USDT,buy,14.79739500,47.28347611,0.69967227,USDT
2023-06-10T15:45:00Z,SOL/USDT,sell,14.77261000,47.28347611,0.69850035,USDT
2023-06-10T17:15:00Z,SOL/USDT,buy,14.95747500,46.70042372,0.69852042,USDT
2023-06-10T22:30:00Z,SOL/USDT,sell,15.76211500,46.70042372,0.73609745,USDT
2023-06-10T22:45:00Z,SOL/USDT,buy,15.81790500,44.25901057,0.70008482,USDT
2023-06-10T23:00:00Z,SOL/USDT,stop_sell,15.63610661,44.25901057,0.69203861,USDT
2023-06-11T00:30:00Z,SOL/USDT,buy,15.57778500,44.69098023,0.69618648,USDT
2023-06-11T00:30:00Z,SOL/USDT,stop_sell,15.48118411,44.69098023,0.69186929,USDT
2023-06-11T01:00:00Z,SOL/USDT,buy,15.48774000,45.23925279,0.70065379,USDT
2023-06-11T03:30:00Z,SOL/USDT,sell,15.74212500,45.23925279,0.71216197,USDT
2023-06-11T05:30:00Z,SOL/USDT,buy,15.63781500,44.77053485,0.70011334,USDT
2023-06-11T06:45:00Z,SOL/USDT,sell,15.60219500,44.77053485,0.69851861,USDT
2023-06-11T07:00:00Z,SOL/USDT,buy,15.57778500,44.8986796,0.69942198,USDT
2023-06-11T07:15:00Z,SOL/USDT,stop_sell,15.45512571,44.8986796,0.69391474,USDT
2023-06-11T09:30:00Z,SOL/USDT,buy,15.46773000,45.26955729,0.70021729,USDT
2023-06-11T09:45:00Z,SOL/USDT,sell,15.37231000,45.26955729,0.69589767,USDT
2023-06-11T11:30:00Z,SOL/USDT,buy,15.62781000,44.7765747,0.69975980,USDT
2023-06-11T12:00:00Z,SOL/USDT,sell,15.52223500,44.7765747,0.69503251,USDT
2023-06-11T12:45:00Z,SOL/USDT,buy,15.56778000,44.91775902,0.69926979,USDT
2023-06-11T13:00:00Z,SOL/USDT,sell,15.47226000,44.91775902,0.69497925,USDT
2023-06-11T13:30:00Z,SOL/USDT,buy,15.38769000,45.41388472,0.69881478,USDT
2023-06-11T14:00:00Z,SOL/USDT,sell,15.29235000,45.41388472,0.69448502,USDT
2023-06-11T18:45:00Z,SOL/USDT,buy,15.72786000,44.51579733,0.70013823,USDT
2023-06-11T22:30:00Z,SOL/USDT,stop_sell,15.50938429,44.51579733,0.69041261,USDT
2023-06-12T06:30:00Z,SOL/USDT,buy,15.26763000,45.74267772,0.69838228,USDT
2023-06-12T06:45:00Z,SOL/USDT,sell,15.13243000,45.74267772,0.69219787,USDT
2023-06-12T07:15:00Z,SOL/USDT,buy,15.22761000,45.91380417,0.69915750,USDT
2023-06-12T13:30:00Z,SOL/USDT,sell,15.21239000,45.91380417,0.69845870,USDT
2023-06-12T22:30:00Z,SOL/USDT,buy,15.21760500,45.81215101,0.69715122,USDT
2023-06-13T00:45:00Z,SOL/USDT,stop_sell,15.04033321,45.81215101,0.68903002,USDT
2023-06-13T01:00:00Z,SOL/USDT,buy,15.04752000,46.31052628,0.69685857,USDT
2023-06-13T02:15:00Z,SOL/USDT,sell,15.10244500,46.31052628,0.69940218,USDT
2023-06-13T23:30:00Z,SOL/USDT,buy,14.97748500,46.50239921,0.69648899,USDT
2023-06-14T00:30:00Z,SOL/USDT,sell,14.94252500,46.50239921,0.69486326,USDT
2023-06-14T11:30:00Z,SOL/USDT,buy,15.17758500,45.84275057,0.69578224,USDT
2023-06-14T12:15:00Z,SOL/USDT,stop_sell,15.12279196,45.84275057,0.69327038,USDT
2023-06-14T12:45:00Z,SOL/USDT,buy,15.22761000,45.67164605,0.69547001,USDT
2023-06-14T13:15:00Z,SOL/USDT,stop_sell,15.12671857,45.67164605,0.69086214,USDT
2023-06-15T01:30:00Z,SOL/USDT,buy,14.53726500,48.03892919,0.69835464,USDT
2023-06-15T07:30:00Z,SOL/USDT,sell,14.79260000,48.03892919,0.71062066,USDT
2023-06-15T07:45:00Z,SOL/USDT,buy,14.84742000,46.83578987,0.69539064,USDT
2023-06-15T08:30:00Z,SOL/USDT,sell,14.84257500,46.83578987,0.69516372,USDT
2023-06-15T10:15:00Z,SOL/USDT,buy,14.73736500,47.20855952,0.69572977,USDT
2023-06-15T10:30:00Z,SOL/USDT,sell,14.66266500,47.20855952,0.69220329,USDT
2023-06-15T16:15:00Z,SOL/USDT,buy,14.49724500,47.89723837,0.69437800,USDT
2023-06-15T16:30:00Z,SOL/USDT,sell,14.53273000,47.89723837,0.69607763,USDT
2023-06-15T20:45:00Z,SOL/USDT,buy,14.67733500,47.50606035,0.69726236,USDT
2023-06-15T21:00:00Z,SOL/USDT,sell,14.82258500,47.50606035,0.70416262,USDT
2023-06-15T21:45:00Z,SOL/USDT,buy,14.89744500,46.80037479,0.69720601,USDT
2023-06-16T00:30:00Z,SOL/USDT,sell,14.65267000,46.80037479,0.68575045,USDT
2023-06-16T04:00:00Z,SOL/USDT,buy,14.83741500,46.88902687,0.69571195,USDT
2023-06-16T05:00:00Z,SOL/USDT,sell,14.75262000,46.88902687,0.69173600,USDT
2023-06-16T05:15:00Z,SOL/USDT,buy,14.79739500,47.0187951,0.69575568,USDT
2023-06-16T09:00:00Z,SOL/USDT,sell,14.79260000,47.0187951,0.69553023,USDT
2023-06-16T09:15:00Z,SOL/USDT,buy,14.84742000,46.81970826,0.69515187,USDT
2023-06-16T10:15:00Z,SOL/USDT,sell,14.78260500,46.81970826,0.69211725,USDT
2023-06-16T21:00:00Z,SOL/USDT,buy,15.42771000,44.97498867,0.69386108,USDT
2023-06-16T21:15:00Z,SOL/USDT,stop_sell,15.28164107,44.97498867,0.68729163,USDT
2023-06-16T21:45:00Z,SOL/USDT,buy,15.35767500,45.25658245,0.69503588,USDT
2023-06-16T22:30:00Z,SOL/USDT,sell,15.30234500,45.25658245,0.69253184,USDT
2023-06-16T23:30:00Z,SOL/USDT,buy,15.30765000,45.29541845,0.69336641,USDT
2023-06-17T00:45:00Z,SOL/USDT,sell,15.25237000,45.29541845,0.69086248,USDT
2023-06-17T02:45:00Z,SOL/USDT,buy,15.33766500,45.15694033,0.69260202,USDT
2023-06-17T03:00:00Z,SOL/USDT,sell,15.33233000,45.15694033,0.69236111,USDT
2023-06-17T03:30:00Z,SOL/USDT,buy,15.29764500,45.08963031,0.68976516,USDT
2023-06-17T03:30:00Z,SOL/USDT,stop_sell,15.28235500,45.08963031,0.68907574,USDT
2023-06-17T03:45:00Z,SOL/USDT,buy,15.36768000,45.02019287,0.69185592,USDT
2023-06-17T10:45:00Z,SOL/USDT,sell,15.90204500,45.02019287,0.71591313,USDT
2023-06-17T19:15:00Z,SOL/USDT,buy,15.69784500,44.1050426,0.69235412,USDT
2023-06-17T19:15:00Z,SOL/USDT,stop_sell,15.66751946,44.1050426,0.69101661,USDT
2023-06-17T20:00:00Z,SOL/USDT,buy,15.68784000,44.23180164,0.69390143,USDT
2023-06-17T20:15:00Z,SOL/USDT,sell,15.66216500,44.23180164,0.69276578,USDT
2023-06-17T20:45:00Z,SOL/USDT,buy,15.66783000,44.30369739,0.69414280,USDT
2023-06-17T21:00:00Z,SOL/USDT,sell,15.67216000,44.30369739,0.69433463,USDT
2023-06-18T05:15:00Z,SOL/USDT,buy,15.57778500,44.52518515,0.69360376,USDT
2023-06-18T06:00:00Z,SOL/USDT,stop_sell,15.51616661,44.52518515,0.69086019,USDT
2023-06-18T06:30:00Z,SOL/USDT,buy,15.57778500,44.50397496,0.69327335,USDT
2023-06-18T08:30:00Z,SOL/USDT,sell,15.56221500,44.50397496,0.69258043,USDT
2023-06-18T09:00:00Z,SOL/USDT,buy,15.53776500,44.493294,0.69132635,USDT
2023-06-18T16:45:00Z,SOL/USDT,sell,15.73213000,44.493294,0.69997429,USDT
2023-06-18T17:15:00Z,SOL/USDT,buy,15.75787500,43.85459321,0.69105520,USDT
2023-06-18T17:15:00Z,SOL/USDT,stop_sell,15.74212500,43.85459321,0.69036449,USDT
2023-06-19T02:15:00Z,SOL/USDT,buy,15.47773500,44.77876927,0.69307392,USDT
2023-06-19T02:30:00Z,SOL/USDT,sell,15.42228500,44.77876927,0.69059094,USDT
2023-06-19T02:45:00Z,SOL/USDT,buy,15.48774000,44.78771923,0.69366055,USDT
2023-06-19T03:45:00Z,SOL/USDT,stop_sell,15.37231000,44.78771923,0.68849070,USDT
2023-06-19T04:00:00Z,SOL/USDT,buy,15.44772000,45.0157254,0.69539032,USDT
2023-06-19T04:30:00Z,SOL/USDT,sell,15.36231500,45.0157254,0.69154575,USDT
2023-06-19T05:00:00Z,SOL/USDT,buy,15.47773500,44.72678322,0.69226930,USDT
2023-06-19T05:45:00Z,SOL/USDT,sell,15.44227500,44.72678322,0.69068329,USDT
2023-06-19T09:00:00Z,SOL/USDT,buy,15.48774000,44.68254646,0.69203166,USDT
2023-06-19T09:15:00Z,SOL/USDT,stop_sell,15.41229000,44.68254646,0.68866036,USDT
2023-06-19T10:15:00Z,SOL/USDT,buy,15.52776000,44.57160929,0.69209725,USDT
2023-06-19T11:00:00Z,SOL/USDT,stop_sell,15.46226500,44.57160929,0.68917803,USDT
2023-06-19T11:15:00Z,SOL/USDT,buy,15.48774000,44.6357636,0.69130710,USDT
2023-06-19T15:00:00Z,SOL/USDT,sell,15.50224500,44.6357636,0.69195454,USDT
2023-06-19T19:15:00Z,SOL/USDT,buy,15.71785500,44.09079483,0.69301272,USDT
2023-06-20T04:15:00Z,SOL/USDT,sell,16.00199500,44.09079483,0.70554068,USDT
2023-06-20T16:00:00Z,SOL/USDT,buy,15.91795500,43.42706261,0.69127003,USDT
2023-06-20T16:15:00Z,SOL/USDT,sell,15.95202000,43.42706261,0.69274937,USDT
2023-06-20T23:00:00Z,SOL/USDT,buy,16.56828000,41.7754066,0.69214663,USDT
2023-06-20T23:30:00Z,SOL/USDT,sell,16.53173000,41.7754066,0.69061974,USDT
2023-06-21T00:15:00Z,SOL/USDT,buy,16.66833000,41.61058729,0.69357900,USDT
2023-06-21T04:00:00Z,SOL/USDT,sell,16.75162000,41.61058729,0.69704475,USDT
2023-06-21T04:15:00Z,SOL/USDT,buy,16.77838500,41.32222046,0.69332012,USDT
2023-06-21T04:30:00Z,SOL/USDT,sell,16.75162000,41.32222046,0.69221413,USDT
2023-06-21T19:45:00Z,SOL/USDT,buy,17.08854000,40.46428605,0.69147557,USDT
2023-06-21T20:00:00Z,SOL/USDT,sell,17.12143500,40.46428605,0.69280664,USDT
2023-06-21T20:30:00Z,SOL/USDT,buy,17.23861500,40.15855934,0.69227794,USDT
2023-06-21T21:00:00Z,SOL/USDT,stop_sell,17.05825232,40.15855934,0.68503484,USDT
2023-06-21T23:00:00Z,SOL/USDT,buy,17.26863000,40.07196974,0.69198802,USDT
2023-06-22T05:30:00Z,SOL/USDT,sell,17.46126500,40.07196974,0.69970728,USDT
2023-06-23T03:15:00Z,SOL/USDT,buy,16.71835500,41.34850262,0.69127895,USDT
2023-06-23T07:30:00Z,SOL/USDT,sell,16.69165000,41.34850262,0.69017473,USDT
2023-06-23T23:15:00Z,SOL/USDT,buy,17.04852000,40.51278491,0.69068302,USDT
2023-06-24T01:30:00Z,SOL/USDT,sell,17.21139000,40.51278491,0.69728134,USDT
2023-06-24T02:00:00Z,SOL/USDT,buy,17.30865000,39.85965065,0.68991674,USDT
2023-06-24T05:15:00Z,SOL/USDT,sell,17.28135500,39.85965065,0.68882877,USDT
2023-06-24T10:30:00Z,SOL/USDT,buy,17.28864000,40.00969917,0.69171329,USDT
2023-06-24T10:45:00Z,SOL/USDT,sell,17.26136500,40.00969917,0.69062202,USDT
2023-06-24T11:45:00Z,SOL/USDT,buy,17.21860500,40.13761403,0.69111372,USDT
2023-06-24T13:15:00Z,SOL/USDT,stop_sell,17.13964018,40.13761403,0.68794426,USDT
2023-06-24T13:45:00Z,SOL/USDT,buy,17.13856500,40.13979269,0.68793845,USDT
2023-06-24T13:45:00Z,SOL/USDT,stop_sell,17.11036911,40.13979269,0.68680667,USDT
2023-06-25T05:45:00Z,SOL/USDT,buy,17.05852500,40.5761052,0.69216850,USDT
2023-06-25T11:15:00Z,SOL/USDT,sell,17.12143500,40.5761052,0.69472115,USDT
2023-06-25T12:00:00Z,SOL/USDT,buy,17.20860000,40.22705712,0.69225134,USDT
2023-06-25T12:45:00Z,SOL/USDT,sell,17.16141500,40.22705712,0.69035322,USDT
2023-06-25T15:45:00Z,SOL/USDT,buy,17.10855000,40.2117713,0.68796510,USDT
2023-06-25T16:15:00Z,SOL/USDT,sell,17.12143500,40.2117713,0.68848323,USDT
2023-06-25T16:30:00Z,SOL/USDT,buy,17.18859000,40.20777214,0.69111491,USDT
2023-06-25T17:00:00Z,SOL/USDT,sell,17.14142500,40.20777214,0.68921851,USDT
2023-06-25T18:00:00Z,SOL/USDT,buy,17.12856000,40.14574224,0.68763875,USDT
2023-06-25T18:00:00Z,SOL/USDT,stop_sell,17.03148000,40.14574224,0.68374141,USDT
2023-06-25T18:15:00Z,SOL/USDT,buy,17.04852000,40.56963593,0.69165225,USDT
2023-06-25T20:30:00Z,SOL/USDT,sell,16.95152000,40.56963593,0.68771699,USDT
2023-06-25T23:00:00Z,SOL/USDT,buy,17.02851000,40.52079017,0.69000868,USDT
2023-06-25T23:30:00Z,SOL/USDT,sell,16.91154000,40.52079017,0.68526896,USDT
2023-06-26T06:00:00Z,SOL/USDT,buy,16.75837500,41.14512792,0.68952548,USDT
2023-06-26T11:45:00Z,SOL/USDT,sell,16.92153500,41.14512792,0.69623872,USDT
2023-06-26T12:30:00Z,SOL/USDT,buy,16.91845500,40.78080706,0.68994825,USDT
2023-06-26T12:45:00Z,SOL/USDT,sell,16.91154000,40.78080706,0.68966625,USDT
2023-06-26T13:15:00Z,SOL/USDT,buy,16.93846500,40.70069168,0.68940724,USDT
2023-06-26T14:30:00Z,SOL/USDT,stop_sell,16.85835232,40.70069168,0.68614660,USDT
2023-06-26T15:00:00Z,SOL/USDT,buy,16.83841500,40.92048809,0.68903616,USDT
2023-06-26T15:15:00Z,SOL/USDT,sell,16.76161500,40.92048809,0.68589347,USDT
2023-06-27T06:45:00Z,SOL/USDT,buy,16.46823000,41.79298146,0.68825643,USDT
2023-06-27T11:30:00Z,SOL/USDT,sell,16.58170500,41.79298146,0.69299889,USDT
2023-06-27T13:45:00Z,SOL/USDT,buy,16.63831500,41.40705358,0.68894360,USDT
2023-06-27T14:00:00Z,SOL/USDT,sell,16.60169500,41.40705358,0.68742727,USDT
2023-06-27T17:00:00Z,SOL/USDT,buy,16.71835500,41.26905787,0.68995076,USDT
2023-06-27T17:30:00Z,SOL/USDT,sell,16.64167500,41.26905787,0.68678625,USDT
2023-06-27T21:45:00Z,SOL/USDT,buy,16.86843000,40.97704499,0.69121842,USDT
2023-06-27T22:45:00Z,SOL/USDT,stop_sell,16.70985518,40.97704499,0.68472049,USDT
2023-06-28T05:30:00Z,SOL/USDT,buy,16.26813000,42.29998006,0.68814157,USDT
2023-06-28T05:45:00Z,SOL/USDT,sell,16.26186500,42.29998006,0.68787657,USDT
2023-06-28T11:15:00Z,SOL/USDT,buy,16.18809000,42.47486983,0.68758702,USDT
2023-06-28T12:00:00Z,SOL/USDT,sell,16.19190000,42.47486983,0.68774884,USDT
2023-06-28T12:30:00Z,SOL/USDT,buy,16.23811500,42.41643909,0.68876302,USDT
2023-06-28T17:00:00Z,SOL/USDT,stop_sell,16.13728446,42.41643909,0.68448614,USDT
2023-06-28T17:30:00Z,SOL/USDT,buy,16.19809500,42.20616494,0.68365947,USDT
2023-06-28T17:45:00Z,SOL/USDT,stop_sell,16.16869732,42.20616494,0.68241871,USDT
2023-06-29T00:15:00Z,SOL/USDT,buy,15.93796500,43.01289199,0.68553797,USDT
2023-06-29T00:45:00Z,SOL/USDT,stop_sell,15.87491571,43.01289199,0.68282603,USDT
2023-06-29T01:00:00Z,SOL/USDT,buy,15.94797000,43.18183339,0.68866258,USDT
2023-06-29T02:30:00Z,SOL/USDT,sell,16.03198000,43.18183339,0.69229029,USDT
2023-06-29T03:30:00Z,SOL/USDT,buy,16.04802000,42.7359323,0.68582710,USDT
2023-06-29T04:00:00Z,SOL/USDT,sell,16.00199500,42.7359323,0.68386017,USDT
2023-06-29T05:30:00Z,SOL/USDT,buy,16.12806000,42.58672527,0.68684126,USDT
2023-06-29T05:45:00Z,SOL/USDT,stop_sell,16.02805339,42.58672527,0.68258231,USDT
2023-06-29T06:45:00Z,SOL/USDT,buy,16.18809000,42.42709616,0.68681365,USDT
2023-06-29T15:15:00Z,SOL/USDT,sell,17.42128500,42.42709616,0.73913453,USDT
2023-06-29T15:45:00Z,SOL/USDT,buy,17.54877000,39.1871289,0.68768591,USDT
2023-06-29T16:00:00Z,SOL/USDT,sell,17.63118000,39.1871289,0.69091532,USDT
2023-06-29T18:45:00Z,SOL/USDT,buy,17.72886000,38.9520911,0.69057617,USDT
2023-06-29T20:15:00Z,SOL/USDT,stop_sell,17.55550357,38.9520911,0.68382357,USDT
2023-06-29T21:45:00Z,SOL/USDT,buy,17.67883500,38.98141255,0.68914596,USDT
2023-06-30T06:45:00Z,SOL/USDT,sell,18.58070500,38.98141255,0.72430213,USDT
2023-06-30T17:00:00Z,SOL/USDT,buy,18.92946000,36.56928072,0.69223674,USDT
2023-06-30T22:15:00Z,SOL/USDT,sell,19.31034000,36.56928072,0.70616524,USDT
2023-07-01T07:45:00Z,SOL/USDT,buy,18.37918500,37.71873706,0.69323965,USDT
2023-07-01T11:15:00Z,SOL/USDT,stop_sell,18.20767732,37.71873706,0.68677059,USDT
2023-07-01T11:30:00Z,SOL/USDT,buy,18.21910500,38.01566583,0.69261141,USDT
2023-07-01T11:45:00Z,SOL/USDT,sell,18.33083000,38.01566583,0.69685871,USDT
2023-07-01T12:15:00Z,SOL/USDT,buy,18.43921500,37.5742757,0.69284015,USDT
2023-07-01T13:00:00Z,SOL/USDT,sell,18.45077000,37.5742757,0.69327432,USDT
2023-07-02T01:15:00Z,SOL/USDT,buy,18.77938500,36.90926149,0.69313323,USDT
2023-07-02T01:45:00Z,SOL/USDT,stop_sell,18.59319875,36.90926149,0.68626123,USDT
2023-07-02T02:00:00Z,SOL/USDT,buy,18.59929500,37.151323,0.69098842,USDT
2023-07-02T09:45:00Z,SOL/USDT,sell,19.28035500,37.151323,0.71629070,USDT
2023-07-02T10:00:00Z,SOL/USDT,buy,19.30965000,36.01605578,0.69545743,USDT
2023-07-02T10:45:00Z,SOL/USDT,stop_sell,19.12721732,36.01605578,0.68888693,USDT
2023-07-02T15:30:00Z,SOL/USDT,buy,19.21960500,35.98301383,0.69157931,USDT
2023-07-02T18:00:00Z,SOL/USDT,stop_sell,19.09616143,35.98301383,0.68713744,USDT
2023-07-02T18:15:00Z,SOL/USDT,buy,19.25962500,35.97751685,0.69291348,USDT
2023-07-03T00:45:00Z,SOL/USDT,sell,19.25037000,35.97751685,0.69258051,USDT
2023-07-04T00:45:00Z,SOL/USDT,buy,19.37968500,35.7475334,0.69277594,USDT
2023-07-04T04:15:00Z,SOL/USDT,stop_sell,19.21895714,35.7475334,0.68703031,USDT
2023-07-04T04:30:00Z,SOL/USDT,buy,19.22961000,35.94076299,0.69112686,USDT
2023-07-04T04:45:00Z,SOL/USDT,sell,19.18040500,35.94076299,0.68935839,USDT
2023-07-04T09:30:00Z,SOL/USDT,buy,19.22961000,36.04000894,0.69303532,USDT
2023-07-04T09:45:00Z,SOL/USDT,sell,19.14042500,36.04000894,0.68982109,USDT
2023-07-04T10:00:00Z,SOL/USDT,buy,19.23961500,36.0960838,0.69447476,USDT
2023-07-04T10:45:00Z,SOL/USDT,sell,19.17041000,36.0960838,0.69197673,USDT
2023-07-04T13:30:00Z,SOL/USDT,buy,19.38969000,35.65166389,0.69127471,USDT
2023-07-04T19:15:00Z,SOL/USDT,sell,19.40029500,35.65166389,0.69165280,USDT
2023-07-05T05:15:00Z,SOL/USDT,buy,19.25962500,35.88825241,0.69119428,USDT
2023-07-05T07:00:00Z,SOL/USDT,stop_sell,19.19432661,35.88825241,0.68885084,USDT
2023-07-05T07:15:00Z,SOL/USDT,buy,19.30965000,35.7983919,0.69125442,USDT
2023-07-05T08:15:00Z,SOL/USDT,sell,19.23038000,35.7983919,0.68841668,USDT
2023-07-05T16:45:00Z,SOL/USDT,buy,18.72936000,36.87038392,0.69055869,USDT
2023-07-05T17:15:00Z,SOL/USDT,sell,18.82058500,36.87038392,0.69392219,USDT
2023-07-05T21:30:00Z,SOL/USDT,buy,18.81940500,36.74145336,0.69145229,USDT
2023-07-05T21:45:00Z,SOL/USDT,sell,18.72063500,36.74145336,0.68782334,USDT
2023-07-05T22:30:00Z,SOL/USDT,buy,18.81940500,36.60324935,0.68885137,USDT
2023-07-06T05:15:00Z,SOL/USDT,sell,19.38030500,36.60324935,0.70938214,USDT
2023-07-06T05:45:00Z,SOL/USDT,buy,19.48974000,35.47982825,0.69149263,USDT
2023-07-06T06:30:00Z,SOL/USDT,sell,19.55022000,35.47982825,0.69363845,USDT
2023-07-06T10:45:00Z,SOL/USDT,buy,20.24011500,34.21883759,0.69259321,USDT
2023-07-06T11:45:00Z,SOL/USDT,stop_sell,19.98357464,34.21883759,0.68381470,USDT
2023-07-06T12:00:00Z,SOL/USDT,buy,19.90995000,34.67622058,0.69040182,USDT
2023-07-06T12:00:00Z,SOL/USDT,stop_sell,19.64338768,34.67622058,0.68115844,USDT
2023-07-06T12:15:00Z,SOL/USDT,buy,19.65982500,35.07377322,0.68954424,USDT
2023-07-06T12:45:00Z,SOL/USDT,sell,19.48025500,35.07377322,0.68324605,USDT
2023-07-06T13:00:00Z,SOL/USDT,buy,19.64982000,35.09610185,0.68963208,USDT
2023-07-06T13:45:00Z,SOL/USDT,sell,19.58020500,35.09610185,0.68718887,USDT
2023-07-06T17:30:00Z,SOL/USDT,buy,19.72986000,34.86750189,0.68793093,USDT
2023-07-06T23:45:00Z,SOL/USDT,sell,19.94002500,34.86750189,0.69525886,USDT
2023-07-07T03:00:00Z,SOL/USDT,buy,20.33016000,33.89662815,0.68912387,USDT
2023-07-07T03:15:00Z,SOL/USDT,sell,20.19989500,33.89662815,0.68470833,USDT
2023-07-07T12:45:00Z,SOL/USDT,buy,20.80039500,33.14065735,0.68933876,USDT
2023-07-07T20:00:00Z,SOL/USDT,sell,21.37930500,33.14065735,0.70852422,USDT
2023-07-07T20:15:00Z,SOL/USDT,buy,21.38068500,32.24742055,0.68947194,USDT
2023-07-07T20:45:00Z,SOL/USDT,stop_sell,21.20117982,32.24742055,0.68368336,USDT
2023-07-07T21:15:00Z,SOL/USDT,buy,21.40069500,32.2357166,0.68986674,USDT
2023-07-07T21:45:00Z,SOL/USDT,sell,21.28935000,32.2357166,0.68627745,USDT
2023-07-07T22:00:00Z,SOL/USDT,buy,21.33066000,32.29260425,0.68882256,USDT
2023-07-08T05:15:00Z,SOL/USDT,sell,21.45926500,32.29260425,0.69297555,USDT
2023-07-08T08:00:00Z,SOL/USDT,buy,21.97098000,31.43431159,0.69064263,USDT
2023-07-08T12:00:00Z,SOL/USDT,stop_sell,21.76732518,31.43431159,0.68424088,USDT
2023-07-08T17:45:00Z,SOL/USDT,buy,21.91095000,31.5353165,0.69096874,USDT
2023-07-08T19:15:00Z,SOL/USDT,sell,21.67915500,31.5353165,0.68365901,USDT
2023-07-08T20:00:00Z,SOL/USDT,buy,21.65082000,31.85339737,0.68965217,USDT
2023-07-08T20:15:00Z,SOL/USDT,sell,21.51923500,31.85339737,0.68546074,USDT
2023-07-08T20:30:00Z,SOL/USDT,buy,21.64081500,31.83279008,0.68888752,USDT
2023-07-08T21:15:00Z,SOL/USDT,sell,21.73912500,31.83279008,0.69201700,USDT
2023-07-08T21:45:00Z,SOL/USDT,buy,21.82090500,31.5472939,0.68839050,USDT
2023-07-08T22:00:00Z,SOL/USDT,sell,21.79909500,31.5472939,0.68770246,USDT
2023-07-08T22:15:00Z,SOL/USDT,buy,21.81090000,31.52526804,0.68759447,USDT
2023-07-08T22:30:00Z,SOL/USDT,sell,21.72913000,31.52526804,0.68501665,USDT
2023-07-09T07:15:00Z,SOL/USDT,buy,21.79089000,31.5541677,0.68759340,USDT
2023-07-09T07:30:00Z,SOL/USDT,stop_sell,21.68058286,31.5541677,0.68411275,USDT
2023-07-09T10:15:00Z,SOL/USDT,buy,21.73086000,31.5943506,0.68657241,USDT
2023-07-09T10:45:00Z,SOL/USDT,sell,21.74912000,31.5943506,0.68714932,USDT
2023-07-09T14:00:00Z,SOL/USDT,buy,21.69084000,31.75200466,0.68872765,USDT
2023-07-09T14:45:00Z,SOL/USDT,sell,21.64917000,31.75200466,0.68740455,USDT
2023-07-09T22:45:00Z,SOL/USDT,buy,21.45072000,32.05307708,0.68756158,USDT
2023-07-10T00:00:00Z,SOL/USDT,stop_sell,21.28542339,32.05307708,0.68226332,USDT
2023-07-10T03:00:00Z,SOL/USDT,buy,21.26062500,32.36039579,0.68800224,USDT
2023-07-10T03:30:00Z,SOL/USDT,sell,21.30934000,32.36039579,0.68957868,USDT
2023-07-10T14:30:00Z,SOL/USDT,buy,20.95047000,32.8097468,0.68737962,USDT
2023-07-10T19:45:00Z,SOL/USDT,sell,21.35931500,32.8097468,0.70079372,USDT
2023-07-10T20:00:00Z,SOL/USDT,buy,21.61080000,31.85087939,0.68832298,USDT
2023-07-10T20:30:00Z,SOL/USDT,sell,21.47925500,31.85087939,0.68413316,USDT
2023-07-10T20:45:00Z,SOL/USDT,buy,21.39069000,32.09799042,0.68659816,USDT
2023-07-10T22:15:00Z,SOL/USDT,stop_sell,21.19439750,32.09799042,0.68029757,USDT
2023-07-10T22:30:00Z,SOL/USDT,buy,21.29064000,32.23502093,0.68630423,USDT
2023-07-10T23:45:00Z,SOL/USDT,sell,21.22938000,32.23502093,0.68432951,USDT
2023-07-11T00:15:00Z,SOL/USDT,buy,21.45072000,31.99701341,0.68635898,USDT
2023-07-11T00:45:00Z,SOL/USDT,sell,21.29934500,31.99701341,0.68151543,USDT
2023-07-11T01:45:00Z,SOL/USDT,buy,21.76087500,31.53261517,0.68617730,USDT
2023-07-11T02:30:00Z,SOL/USDT,sell,21.67915500,31.53261517,0.68360045,USDT
2023-07-11T02:45:00Z,SOL/USDT,buy,21.71085000,31.56164551,0.68523015,USDT
2023-07-11T03:15:00Z,SOL/USDT,stop_sell,21.52673125,31.56164551,0.67941906,USDT
2023-07-11T03:45:00Z,SOL/USDT,buy,21.60079500,31.71048007,0.68497158,USDT
2023-07-11T11:00:00Z,SOL/USDT,sell,21.91903500,31.71048007,0.69506312,USDT
2023-07-11T12:45:00Z,SOL/USDT,buy,22.20109500,30.98219645,0.68783869,USDT
2023-07-11T13:45:00Z,SOL/USDT,stop_sell,21.99542536,30.98219645,0.68146659,USDT
2023-07-11T14:00:00Z,SOL/USDT,buy,22.06102500,30.98221146,0.68349934,USDT
2023-07-11T15:30:00Z,SOL/USDT,sell,21.93902500,30.98221146,0.67971951,USDT
2023-07-11T16:00:00Z,SOL/USDT,buy,22.15107000,30.94958975,0.68556653,USDT
2023-07-11T16:15:00Z,SOL/USDT,sell,21.97900500,30.94958975,0.68024119,USDT
2023-07-11T20:15:00Z,SOL/USDT,buy,22.01100000,31.08000625,0.68410202,USDT
2023-07-11T20:30:00Z,SOL/USDT,sell,21.94902000,31.08000625,0.68217568,USDT
2023-07-12T06:30:00Z,SOL/USDT,buy,22.14106500,30.91346577,0.68445705,USDT
2023-07-12T06:45:00Z,SOL/USDT,sell,22.05896500,30.91346577,0.68191906,USDT
2023-07-12T09:00:00Z,SOL/USDT,buy,22.05102000,31.01154691,0.68383624,USDT
2023-07-12T09:45:00Z,SOL/USDT,sell,21.99899500,31.01154691,0.68222287,USDT
2023-07-12T10:15:00Z,SOL/USDT,buy,22.02100500,31.0148058,0.68297719,USDT
2023-07-12T10:30:00Z,SOL/USDT,sell,21.99899500,31.0148058,0.68229456,USDT
2023-07-12T11:30:00Z,SOL/USDT,buy,22.16107500,30.85323954,0.68374096,USDT
2023-07-12T12:00:00Z,SOL/USDT,stop_sell,22.07395750,30.85323954,0.68105310,USDT
2023-07-12T12:15:00Z,SOL/USDT,buy,22.07103000,30.85253069,0.68094713,USDT
2023-07-12T12:15:00Z,SOL/USDT,stop_sell,22.04897000,30.85253069,0.68026652,USDT
2023-07-12T12:45:00Z,SOL/USDT,buy,22.48123500,30.32420592,0.68172560,USDT
2023-07-12T12:45:00Z,SOL/USDT,stop_sell,22.37630625,30.32420592,0.67854372,USDT
2023-07-12T13:00:00Z,SOL/USDT,buy,22.46122500,30.51146583,0.68532490,USDT
2023-07-12T16:00:00Z,SOL/USDT,stop_sell,22.20496339,30.51146583,0.67750598,USDT
2023-07-12T16:15:00Z,SOL/USDT,buy,22.16107500,30.75380232,0.68153732,USDT
2023-07-12T17:30:00Z,SOL/USDT,sell,22.20889000,30.75380232,0.68300781,USDT
2023-07-13T15:30:00Z,SOL/USDT,buy,22.74136500,29.9958255,0.68214602,USDT
2023-07-13T21:45:00Z,SOL/USDT,sell,25.52723000,29.9958255,0.76571034,USDT
2023-07-14T08:00:00Z,SOL/USDT,buy,28.77438000,23.9225918,0.68835775,USDT
2023-07-14T09:30:00Z,SOL/USDT,sell,28.39579500,23.9225918,0.67930101,USDT
2023-07-14T16:00:00Z,SOL/USDT,buy,28.12405500,24.42889626,0.68703962,USDT
2023-07-14T16:15:00Z,SOL/USDT,sell,27.89604500,24.42889626,0.68146959,USDT
2023-07-15T02:30:00Z,SOL/USDT,buy,27.34366500,25.09636123,0.68622649,USDT
2023-07-15T13:00:00Z,SOL/USDT,sell,28.70564000,25.09636123,0.72040711,USDT
2023-07-15T19:45:00Z,SOL/USDT,buy,27.88393500,24.61619858,0.68639648,USDT
2023-07-15T20:15:00Z,SOL/USDT,sell,27.71613500,24.61619858,0.68226588,USDT
2023-07-15T20:45:00Z,SOL/USDT,buy,27.68383500,24.90298218,0.68941005,USDT
2023-07-15T22:15:00Z,SOL/USDT,sell,27.41628500,24.90298218,0.68274726,USDT
2023-07-16T02:00:00Z,SOL/USDT,buy,27.42370500,25.05188133,0.68701540,USDT
2023-07-16T02:15:00Z,SOL/USDT,sell,27.34632000,25.05188133,0.68507676,USDT
2023-07-16T03:15:00Z,SOL/USDT,buy,27.36367500,25.06048844,0.68574706,USDT
2023-07-16T03:45:00Z,SOL/USDT,sell,27.23637500,25.06048844,0.68255686,USDT
2023-07-16T05:15:00Z,SOL/USDT,buy,27.30364500,25.06546763,0.68437863,USDT
2023-07-16T05:30:00Z,SOL/USDT,sell,27.33632500,25.06546763,0.68519777,USDT
2023-07-16T06:30:00Z,SOL/USDT,buy,27.75387000,24.87336545,0.69033215,USDT
2023-07-16T16:30:00Z,SOL/USDT,sell,27.95601500,24.87336545,0.69536018,USDT
2023-07-17T00:30:00Z,SOL/USDT,buy,27.89394000,24.74954911,0.69036244,USDT
2023-07-17T06:00:00Z,SOL/USDT,sell,27.84607000,24.74954911,0.68917768,USDT
2023-07-17T22:45:00Z,SOL/USDT,buy,26.85342000,25.69485346,0.68999469,USDT
2023-07-18T02:45:00Z,SOL/USDT,sell,26.55671500,25.69485346,0.68237090,USDT
2023-07-18T15:15:00Z,SOL/USDT,buy,25.47273000,27.01092201,0.68804192,USDT
2023-07-18T15:30:00Z,SOL/USDT,sell,25.34732000,27.01092201,0.68465448,USDT
2023-07-18T16:15:00Z,SOL/USDT,buy,25.62280500,26.79565899,0.68657995,USDT
2023-07-18T16:30:00Z,SOL/USDT,stop_sell,25.30377036,26.79565899,0.67803120,USDT
2023-07-18T16:45:00Z,SOL/USDT,buy,25.30264500,27.09263867,0.68551542,USDT
2023-07-18T16:45:00Z,SOL/USDT,stop_sell,25.01641411,27.09263867,0.67776067,USDT
2023-07-18T17:00:00Z,SOL/USDT,buy,25.36267500,26.96787382,0.68397742,USDT
2023-07-18T19:30:00Z,SOL/USDT,sell,25.42728000,26.96787382,0.68571968,USDT
2023-07-18T20:15:00Z,SOL/USDT,buy,25.36267500,26.95842997,0.68373790,USDT
2023-07-18T20:30:00Z,SOL/USDT,sell,25.25736500,26.95842997,0.68089891,USDT
2023-07-18T21:30:00Z,SOL/USDT,buy,25.36267500,26.99833652,0.68475003,USDT
2023-07-18T21:45:00Z,SOL/USDT,sell,25.32733000,26.99833652,0.68379578,USDT
2023-07-18T22:15:00Z,SOL/USDT,buy,25.27263000,27.05504178,0.68375206,USDT
2023-07-18T22:30:00Z,SOL/USDT,sell,25.35731500,27.05504178,0.68604322,USDT
2023-07-18T23:00:00Z,SOL/USDT,buy,25.48273500,26.85618978,0.68436917,USDT
2023-07-18T23:15:00Z,SOL/USDT,sell,25.47725500,26.85618978,0.68422200,USDT
2023-07-19T01:15:00Z,SOL/USDT,buy,26.26312500,26.1234996,0.68608474,USDT
2023-07-19T07:00:00Z,SOL/USDT,sell,26.22688000,26.1234996,0.68513789,USDT
2023-07-19T07:15:00Z,SOL/USDT,buy,26.33316000,26.10645073,0.68746534,USDT
2023-07-19T08:00:00Z,SOL/USDT,sell,26.17690500,26.10645073,0.68338608,USDT
2023-07-19T10:00:00Z,SOL/USDT,buy,26.36317500,25.95113895,0.68415442,USDT
2023-07-19T10:15:00Z,SOL/USDT,sell,26.41678500,25.95113895,0.68554566,USDT
2023-07-19T11:15:00Z,SOL/USDT,buy,26.32315500,25.97092413,0.68363666,USDT
2023-07-19T11:30:00Z,SOL/USDT,sell,26.22688000,25.97092413,0.68113631,USDT
2023-07-19T11:45:00Z,SOL/USDT,buy,26.35317000,25.97891685,0.68462681,USDT
2023-07-19T12:30:00Z,SOL/USDT,sell,26.18690000,25.97891685,0.68030730,USDT
2023-07-19T12:45:00Z,SOL/USDT,buy,26.22310500,26.01107647,0.68209119,USDT
2023-07-19T13:00:00Z,SOL/USDT,stop_sell,26.06124857,26.01107647,0.67788113,USDT
2023-07-19T13:30:00Z,SOL/USDT,buy,26.26312500,26.01392126,0.68320687,USDT
2023-07-19T14:30:00Z,SOL/USDT,stop_sell,26.03269143,26.01392126,0.67721239,USDT
2023-07-19T22:15:00Z,SOL/USDT,buy,26.52325500,25.68789611,0.68132662,USDT
2023-07-19T22:30:00Z,SOL/USDT,sell,26.47675500,25.68789611,0.68013213,USDT
2023-07-20T03:30:00Z,SOL/USDT,buy,26.55327000,25.67051929,0.68163623,USDT
2023-07-20T05:00:00Z,SOL/USDT,sell,26.40679000,25.67051929,0.67787601,USDT
2023-07-21T01:15:00Z,SOL/USDT,buy,25.24261500,26.97594886,0.68094349,USDT
2023-07-21T02:15:00Z,SOL/USDT,sell,25.43727500,26.97594886,0.68619463,USDT
2023-07-21T03:15:00Z,SOL/USDT,buy,25.60279500,26.62967677,0.68179416,USDT
2023-07-21T03:30:00Z,SOL/USDT,sell,25.50724000,26.62967677,0.67924956,USDT
2023-07-21T05:30:00Z,SOL/USDT,buy,25.31265000,26.88007014,0.68040581,USDT
2023-07-21T05:45:00Z,SOL/USDT,stop_sell,25.19132661,26.88007014,0.67714463,USDT
2023-07-21T09:15:00Z,SOL/USDT,buy,25.36267500,26.86548851,0.68138065,USDT
2023-07-21T10:00:00Z,SOL/USDT,sell,25.19739500,26.86548851,0.67694033,USDT
2023-07-21T10:30:00Z,SOL/USDT,buy,25.27263000,26.91090138,0.68010925,USDT
2023-07-21T11:00:00Z,SOL/USDT,sell,25.19739500,26.91090138,0.67808461,USDT
2023-07-21T15:45:00Z,SOL/USDT,buy,25.32265500,26.87893122,0.68064590,USDT
2023-07-21T17:00:00Z,SOL/USDT,sell,25.34732000,26.87893122,0.68130887,USDT
2023-07-21T19:00:00Z,SOL/USDT,buy,25.76287500,26.29470383,0.67742717,USDT
2023-07-21T19:00:00Z,SOL/USDT,stop_sell,25.68750696,26.29470383,0.67544539,USDT
2023-07-21T19:15:00Z,SOL/USDT,buy,25.51275000,26.6450125,0.67978754,USDT
2023-07-21T23:15:00Z,SOL/USDT,sell,25.72713000,26.6450125,0.68549970,USDT
2023-07-22T03:30:00Z,SOL/USDT,buy,25.93296000,26.23696059,0.68040205,USDT
2023-07-22T04:30:00Z,SOL/USDT,stop_sell,25.73712500,26.23696059,0.67526393,USDT
2023-07-22T04:45:00Z,SOL/USDT,buy,25.72285500,26.39000062,0.67882616,USDT
2023-07-22T05:15:00Z,SOL/USDT,stop_sell,25.61718500,26.39000062,0.67603753,USDT
2023-07-22T14:45:00Z,SOL/USDT,buy,25.67283000,26.39763064,0.67770188,USDT
2023-07-22T14:45:00Z,SOL/USDT,stop_sell,25.64717000,26.39763064,0.67702452,USDT
2023-07-22T15:30:00Z,SOL/USDT,buy,25.63281000,26.48394966,0.67885805,USDT
2023-07-22T17:30:00Z,SOL/USDT,stop_sell,25.56078464,26.48394966,0.67695053,USDT
2023-07-23T04:45:00Z,SOL/USDT,buy,24.71235000,27.49240191,0.67940186,USDT
2023-07-23T07:15:00Z,SOL/USDT,sell,24.67765500,27.49240191,0.67844801,USDT
2023-07-23T16:15:00Z,SOL/USDT,buy,24.77238000,27.40720789,0.67894177,USDT
2023-07-23T21:30:00Z,SOL/USDT,sell,24.76761000,27.40720789,0.67881104,USDT
2023-07-24T06:30:00Z,SOL/USDT,buy,24.45222000,27.76118611,0.67882263,USDT
2023-07-24T06:45:00Z,SOL/USDT,sell,24.42778000,27.76118611,0.67814415,USDT
2023-07-24T07:00:00Z,SOL/USDT,buy,24.42220500,27.80002265,0.67893785,USDT
2023-07-24T07:00:00Z,SOL/USDT,stop_sell,24.29141964,27.80002265,0.67530202,USDT
2023-07-24T07:30:00Z,SOL/USDT,buy,24.51225000,27.67025904,0.67826031,USDT
2023-07-24T09:45:00Z,SOL/USDT,stop_sell,24.36245554,27.67025904,0.67411546,USDT
2023-07-24T18:45:00Z,SOL/USDT,buy,23.43171000,28.84127579,0.67580041,USDT
2023-07-24T19:00:00Z,SOL/USDT,sell,23.36831000,28.84127579,0.67397187,USDT
2023-07-24T19:45:00Z,SOL/USDT,buy,23.38168500,29.04062194,0.67901867,USDT
2023-07-24T20:15:00Z,SOL/USDT,sell,23.31833500,29.04062194,0.67717895,USDT
2023-07-24T21:45:00Z,SOL/USDT,buy,23.48173500,28.84412569,0.67731012,USDT
2023-07-24T22:45:00Z,SOL/USDT,stop_sell,23.34796304,28.84412569,0.67345158,USDT
2023-07-24T23:00:00Z,SOL/USDT,buy,23.35167000,28.98692743,0.67689316,USDT
2023-07-24T23:15:00Z,SOL/USDT,sell,23.38830000,28.98692743,0.67795495,USDT
2023-07-25T12:00:00Z,SOL/USDT,buy,23.21160000,29.160838,0.67686971,USDT
2023-07-25T13:00:00Z,SOL/USDT,stop_sell,23.13913893,29.160838,0.67475668,USDT
2023-07-25T13:15:00Z,SOL/USDT,buy,23.17158000,29.21184749,0.67688466,USDT
2023-07-25T15:30:00Z,SOL/USDT,sell,23.26836000,29.21184749,0.67971178,USDT
2023-07-25T15:45:00Z,SOL/USDT,buy,23.30164500,29.05377627,0.67700078,USDT
2023-07-25T17:15:00Z,SOL/USDT,sell,23.23837500,29.05377627,0.67516255,USDT
2023-07-25T18:45:00Z,SOL/USDT,buy,23.30164500,28.89387521,0.67327482,USDT
2023-07-25T18:45:00Z,SOL/USDT,stop_sell,23.27835500,28.89387521,0.67260188,USDT
2023-07-25T21:15:00Z,SOL/USDT,buy,23.34166500,28.96123285,0.67600340,USDT
2023-07-25T22:15:00Z,SOL/USDT,stop_sell,23.23730411,28.96123285,0.67298098,USDT
2023-07-26T01:00:00Z,SOL/USDT,buy,23.36167500,29.09584248,0.67972762,USDT
2023-07-26T06:15:00Z,SOL/USDT,sell,23.57820500,29.09584248,0.68602774,USDT
2023-07-26T06:30:00Z,SOL/USDT,buy,23.62180500,28.63194459,0.67633821,USDT
2023-07-26T07:15:00Z,SOL/USDT,stop_sell,23.49824500,28.63194459,0.67280045,USDT
2023-07-26T07:30:00Z,SOL/USDT,buy,23.52175500,28.73710164,0.67594706,USDT
2023-07-26T08:00:00Z,SOL/USDT,sell,23.56821000,28.73710164,0.67728205,USDT
2023-07-26T14:00:00Z,SOL/USDT,buy,24.52225500,27.54210354,0.67539449,USDT
2023-07-26T21:15:00Z,SOL/USDT,sell,25.19739500,27.54210354,0.69398926,USDT
2023-07-26T21:30:00Z,SOL/USDT,buy,25.33266000,26.72664158,0.67705692,USDT
2023-07-26T23:30:00Z,SOL/USDT,sell,25.26736000,26.72664158,0.67531167,USDT
2023-07-26T23:45:00Z,SOL/USDT,buy,25.23261000,26.84403101,0.67734497,USDT
2023-07-27T00:00:00Z,SOL/USDT,sell,25.16741000,26.84403101,0.67559473,USDT
2023-07-27T00:30:00Z,SOL/USDT,buy,25.41270000,26.63345543,0.67682801,USDT
2023-07-27T00:45:00Z,SOL/USDT,sell,25.21738500,26.63345543,0.67162610,USDT
2023-07-27T07:00:00Z,SOL/USDT,buy,25.08253500,26.96313277,0.67630372,USDT
2023-07-27T10:45:00Z,SOL/USDT,sell,25.23737500,26.96313277,0.68047869,USDT
2023-07-27T11:15:00Z,SOL/USDT,buy,25.33266000,26.80107783,0.67894259,USDT
2023-07-27T14:15:00Z,SOL/USDT,sell,25.38730000,26.80107783,0.68040700,USDT
2023-07-27T14:30:00Z,SOL/USDT,buy,25.49274000,26.53844579,0.67653770,USDT
2023-07-27T14:45:00Z,SOL/USDT,sell,25.36731000,26.53844579,0.67320898,USDT
2023-07-27T18:00:00Z,SOL/USDT,buy,25.12255500,26.74417576,0.67188203,USDT
2023-07-27T18:00:00Z,SOL/USDT,stop_sell,25.06246250,26.74417576,0.67027490,USDT
2023-07-28T10:45:00Z,SOL/USDT,buy,24.77238000,27.31861622,0.67674714,USDT
2023-07-28T11:00:00Z,SOL/USDT,sell,24.71763500,27.31861622,0.67525158,USDT
2023-07-28T13:30:00Z,SOL/USDT,buy,24.79239000,27.26530378,0.67597204,USDT
2023-07-28T19:45:00Z,SOL/USDT,sell,25.05746500,27.26530378,0.68319940,USDT
2023-07-29T05:30:00Z,SOL/USDT,buy,25.17258000,26.86132865,0.67616894,USDT
2023-07-29T08:15:00Z,SOL/USDT,sell,25.14742000,26.86132865,0.67549311,USDT
2023-07-29T08:30:00Z,SOL/USDT,buy,25.15257000,26.85488193,0.67546930,USDT
2023-07-29T08:30:00Z,SOL/USDT,stop_sell,25.10779696,26.85488193,0.67426692,USDT
2023-07-29T12:45:00Z,SOL/USDT,buy,25.09254000,26.83610094,0.67338594,USDT
2023-07-29T12:45:00Z,SOL/USDT,stop_sell,25.06746000,26.83610094,0.67271289,USDT
2023-07-29T13:15:00Z,SOL/USDT,buy,25.15257000,26.8296833,0.67483549,USDT
2023-07-29T13:30:00Z,SOL/USDT,stop_sell,25.08745000,26.8296833,0.67308834,USDT
2023-07-29T14:00:00Z,SOL/USDT,buy,25.11255000,26.81984596,0.67351472,USDT
2023-07-29T14:00:00Z,SOL/USDT,stop_sell,25.08566518,26.81984596,0.67279368,USDT
2023-07-29T16:15:00Z,SOL/USDT,buy,25.07253000,26.93097105,0.67522758,USDT
2023-07-29T22:00:00Z,SOL/USDT,sell,25.19739500,26.93097105,0.67859032,USDT
2023-07-30T11:30:00Z,SOL/USDT,buy,24.93246000,27.04530641,0.67430602,USDT
2023-07-30T11:30:00Z,SOL/USDT,stop_sell,24.90361339,27.04530641,0.67352585,USDT
2023-07-31T00:45:00Z,SOL/USDT,buy,24.46222500,27.61377284,0.67549432,USDT
2023-07-31T01:30:00Z,SOL/USDT,sell,24.39779500,27.61377284,0.67371517,USDT
2023-07-31T04:00:00Z,SOL/USDT,buy,24.67233000,27.37947804,0.67551552,USDT
2023-07-31T04:15:00Z,SOL/USDT,stop_sell,24.49274750,27.37947804,0.67059864,USDT
2023-07-31T04:45:00Z,SOL/USDT,buy,24.43221000,27.59432254,0.67419028,USDT
2023-07-31T05:30:00Z,SOL/USDT,sell,24.44777000,27.59432254,0.67461965,USDT
2023-07-31T06:00:00Z,SOL/USDT,buy,24.42220500,27.5687421,0.67328947,USDT
2023-07-31T07:15:00Z,SOL/USDT,sell,24.50774000,27.5687421,0.67564756,USDT
2023-07-31T13:30:00Z,SOL/USDT,buy,24.55227000,27.41506616,0.67310211,USDT
2023-07-31T13:30:00Z,SOL/USDT,stop_sell,24.50809696,27.41506616,0.67189110,USDT
2023-08-01T01:45:00Z,SOL/USDT,buy,23.79189000,28.36414128,0.67483653,USDT
2023-08-01T01:45:00Z,SOL/USDT,stop_sell,23.65388143,28.36414128,0.67092203,USDT
2023-08-01T06:45:00Z,SOL/USDT,buy,23.54176500,28.55070693,0.67213403,USDT
2023-08-01T07:00:00Z,SOL/USDT,stop_sell,23.48289554,28.55070693,0.67045327,USDT
2023-08-01T20:30:00Z,SOL/USDT,buy,23.52175500,28.61323028,0.67303339,USDT
2023-08-01T21:00:00Z,SOL/USDT,sell,23.50824000,28.61323028,0.67264668,USDT
2023-08-01T21:30:00Z,SOL/USDT,buy,23.65182000,28.52248802,0.67460875,USDT
2023-08-01T22:15:00Z,SOL/USDT,sell,23.62818000,28.52248802,0.67393448,USDT
2023-08-01T22:30:00Z,SOL/USDT,buy,23.59179000,28.4914857,0.67216515,USDT
2023-08-01T23:30:00Z,SOL/USDT,sell,23.82808000,28.4914857,0.67889740,USDT
2023-08-01T23:45:00Z,SOL/USDT,buy,23.84191500,28.25847199,0.67373609,USDT
2023-08-02T02:00:00Z,SOL/USDT,sell,23.97800500,28.25847199,0.67758178,USDT
2023-08-02T22:45:00Z,SOL/USDT,buy,23.22160500,28.99694092,0.67335551,USDT
2023-08-02T23:15:00Z,SOL/USDT,sell,23.18840000,28.99694092,0.67239266,USDT
2023-08-03T00:30:00Z,SOL/USDT,buy,23.26162500,29.02647631,0.67520301,USDT
2023-08-03T03:15:00Z,SOL/USDT,sell,23.20839000,29.02647631,0.67365778,USDT
2023-08-03T04:00:00Z,SOL/USDT,buy,23.23161000,29.00399498,0.67380950,USDT
2023-08-03T04:30:00Z,SOL/USDT,sell,23.13842500,29.00399498,0.67110676,USDT
2023-08-03T05:00:00Z,SOL/USDT,buy,23.18158500,29.04009112,0.67319534,USDT
2023-08-03T05:15:00Z,SOL/USDT,sell,23.15841500,29.04009112,0.67252248,USDT
2023-08-03T13:45:00Z,SOL/USDT,buy,22.81140000,29.49133823,0.67273871,USDT
2023-08-03T16:15:00Z,SOL/USDT,sell,22.72863000,29.49133823,0.67029771,USDT
2023-08-03T16:30:00Z,SOL/USDT,buy,22.84141500,29.51688772,0.67420748,USDT
2023-08-03T19:30:00Z,SOL/USDT,sell,22.84857000,29.51688772,0.67441868,USDT
2023-08-03T20:15:00Z,SOL/USDT,buy,23.01150000,29.30704916,0.67439916,USDT
2023-08-03T21:45:00Z,SOL/USDT,stop_sell,22.83000786,29.30704916,0.66908016,USDT
2023-08-04T04:00:00Z,SOL/USDT,buy,22.75137000,29.52838283,0.67181116,USDT
2023-08-04T04:30:00Z,SOL/USDT,sell,22.67865500,29.52838283,0.66966401,USDT
2023-08-04T04:45:00Z,SOL/USDT,buy,22.80139500,29.51611512,0.67300860,USDT
2023-08-04T10:15:00Z,SOL/USDT,sell,22.92853000,29.51611512,0.67676113,USDT
2023-08-04T10:45:00Z,SOL/USDT,buy,22.88143500,29.26726971,0.66967713,USDT
2023-08-04T10:45:00Z,SOL/USDT,stop_sell,22.85856500,29.26726971,0.66900779,USDT
2023-08-04T12:00:00Z,SOL/USDT,buy,22.94146500,29.28579144,0.67185896,USDT
2023-08-04T12:00:00Z,SOL/USDT,stop_sell,22.86927393,29.28579144,0.66974479,USDT
2023-08-04T12:30:00Z,SOL/USDT,buy,23.03151000,29.27373465,0.67421831,USDT
2023-08-04T18:15:00Z,SOL/USDT,sell,23.15841500,29.27373465,0.67793330,USDT
2023-08-06T03:45:00Z,SOL/USDT,buy,22.88143500,29.35880026,0.67177148,USDT
2023-08-06T13:15:00Z,SOL/USDT,sell,22.99849500,29.35880026,0.67520822,USDT
2023-08-06T18:15:00Z,SOL/USDT,buy,23.21160000,28.97337977,0.67251850,USDT
2023-08-06T21:45:00Z,SOL/USDT,sell,23.22838000,28.97337977,0.67300468,USDT
2023-08-06T22:15:00Z,SOL/USDT,buy,23.25162000,28.9579213,0.67331858,USDT
2023-08-06T23:45:00Z,SOL/USDT,sell,23.21838500,28.9579213,0.67235617,USDT
2023-08-07T00:15:00Z,SOL/USDT,buy,23.29164000,28.78857409,0.67053310,USDT
2023-08-07T00:30:00Z,SOL/USDT,sell,23.21838500,28.78857409,0.66842420,USDT
2023-08-07T18:15:00Z,SOL/USDT,buy,23.02150500,29.16443801,0.67140926,USDT
2023-08-07T19:00:00Z,SOL/USDT,sell,22.82858000,29.16443801,0.66578271,USDT
2023-08-07T19:45:00Z,SOL/USDT,buy,22.93146000,29.31861037,0.67231854,USDT
2023-08-07T23:00:00Z,SOL/USDT,sell,22.98850000,29.31861037,0.67399087,USDT
2023-08-07T23:15:00Z,SOL/USDT,buy,23.03151000,29.15403049,0.67146134,USDT
2023-08-08T09:30:00Z,SOL/USDT,sell,23.18840000,29.15403049,0.67603532,USDT
2023-08-08T12:15:00Z,SOL/USDT,buy,23.34166500,28.71578851,0.67027432,USDT
2023-08-08T13:15:00Z,SOL/USDT,sell,23.52823000,28.71578851,0.67563168,USDT
2023-08-08T21:45:00Z,SOL/USDT,buy,24.39219000,27.51626633,0.67118200,USDT
2023-08-08T22:45:00Z,SOL/USDT,sell,24.13792500,27.51626633,0.66418557,USDT
2023-08-09T03:15:00Z,SOL/USDT,buy,24.28213500,27.64763681,0.67134365,USDT
2023-08-09T05:45:00Z,SOL/USDT,sell,24.40779000,27.64763681,0.67481771,USDT
2023-08-09T06:00:00Z,SOL/USDT,buy,24.37218000,27.48464856,0.66986080,USDT
2023-08-09T06:15:00Z,SOL/USDT,sell,24.34782000,27.48464856,0.66919128,USDT
2023-08-09T07:00:00Z,SOL/USDT,buy,24.47223000,27.52318303,0.67355367,USDT
2023-08-09T14:30:00Z,SOL/USDT,sell,24.75761500,27.52318303,0.68140837,USDT
2023-08-10T02:30:00Z,SOL/USDT,buy,24.50224500,27.38713134,0.67104620,USDT
2023-08-10T02:45:00Z,SOL/USDT,stop_sell,24.42135464,27.38713134,0.66883085,USDT
2023-08-10T08:00:00Z,SOL/USDT,buy,24.31215000,27.54416014,0.66965775,USDT
2023-08-10T08:15:00Z,SOL/USDT,stop_sell,24.27785500,27.54416014,0.66871313,USDT
2023-08-10T08:30:00Z,SOL/USDT,buy,24.29214000,27.61604858,0.67085292,USDT
2023-08-10T16:15:00Z,SOL/USDT,sell,24.44777000,27.61604858,0.67515080,USDT
2023-08-10T16:45:00Z,SOL/USDT,buy,24.57228000,27.42247793,0.67383281,USDT
2023-08-10T17:15:00Z,SOL/USDT,sell,24.40779000,27.42247793,0.66932208,USDT
2023-08-10T19:30:00Z,SOL/USDT,buy,24.47223000,27.32513248,0.66870693,USDT
2023-08-10T19:45:00Z,SOL/USDT,sell,24.54772000,27.32513248,0.67076970,USDT
2023-08-10T20:00:00Z,SOL/USDT,buy,24.60229500,27.28300218,0.67122447,USDT
2023-08-11T05:30:00Z,SOL/USDT,sell,24.68765000,27.28300218,0.67355321,USDT
2023-08-11T15:15:00Z,SOL/USDT,buy,24.71235000,27.09870981,0.66967280,USDT
2023-08-11T15:15:00Z,SOL/USDT,stop_sell,24.62910786,27.09870981,0.66741705,USDT
2023-08-11T15:30:00Z,SOL/USDT,buy,24.65232000,27.2191167,0.67101438,USDT
2023-08-11T16:30:00Z,SOL/USDT,stop_sell,24.50488429,27.2191167,0.66700131,USDT
2023-08-11T17:00:00Z,SOL/USDT,buy,24.59229000,27.2570845,0.67031413,USDT
2023-08-11T17:15:00Z,SOL/USDT,sell,24.47775500,27.2570845,0.66719224,USDT
2023-08-11T17:30:00Z,SOL/USDT,buy,24.55227000,27.29811642,0.67023072,USDT
2023-08-11T18:30:00Z,SOL/USDT,sell,24.48775000,27.29811642,0.66846945,USDT
2023-08-11T23:15:00Z,SOL/USDT,buy,24.57228000,27.22139205,0.66889167,USDT
2023-08-12T02:45:00Z,SOL/USDT,stop_sell,24.51309446,27.22139205,0.66728055,USDT
2023-08-12T07:45:00Z,SOL/USDT,buy,24.54226500,27.26726595,0.66920047,USDT
2023-08-12T09:15:00Z,SOL/USDT,stop_sell,24.48775000,27.26726595,0.66771399,USDT
2023-08-12T10:15:00Z,SOL/USDT,buy,24.51225000,27.29143521,0.66897448,USDT
2023-08-12T11:45:00Z,SOL/USDT,sell,24.48775000,27.29143521,0.66830584,USDT
2023-08-12T13:45:00Z,SOL/USDT,buy,24.58228500,27.20715055,0.66881393,USDT
2023-08-12T14:00:00Z,SOL/USDT,stop_sell,24.53950982,27.20715055,0.66765014,USDT
2023-08-12T14:15:00Z,SOL/USDT,buy,24.57228000,27.24336195,0.66943152,USDT
2023-08-12T21:30:00Z,SOL/USDT,sell,24.78760000,27.24336195,0.67529756,USDT
2023-08-12T21:45:00Z,SOL/USDT,buy,24.78238500,26.96134571,0.66816645,USDT
2023-08-12T22:00:00Z,SOL/USDT,sell,24.78760000,26.96134571,0.66830705,USDT
2023-08-12T22:15:00Z,SOL/USDT,buy,25.11255000,26.65652727,0.66941337,USDT
2023-08-12T22:45:00Z,SOL/USDT,stop_sell,24.97750500,26.65652727,0.66581354,USDT
2023-08-13T10:15:00Z,SOL/USDT,buy,24.81240000,26.94156852,0.66848497,USDT
2023-08-13T11:30:00Z,SOL/USDT,stop_sell,24.74762000,26.94156852,0.66673970,USDT
2023-08-14T03:00:00Z,SOL/USDT,buy,24.36217500,27.44061049,0.66851295,USDT
2023-08-14T06:15:00Z,SOL/USDT,sell,24.41778500,27.44061049,0.67003893,USDT
2023-08-14T15:45:00Z,SOL/USDT,buy,24.83241000,26.92138061,0.66852276,USDT
2023-08-14T18:00:00Z,SOL/USDT,stop_sell,24.70764000,26.92138061,0.66516378,USDT
2023-08-14T18:15:00Z,SOL/USDT,buy,24.72235500,27.01513717,0.66787781,USDT
2023-08-14T21:00:00Z,SOL/USDT,sell,24.83757500,27.01513717,0.67099050,USDT
2023-08-14T22:15:00Z,SOL/USDT,buy,25.08253500,26.64349341,0.66828636,USDT
2023-08-15T02:15:00Z,SOL/USDT,stop_sell,24.94752000,26.64349341,0.66468908,USDT
2023-08-15T02:30:00Z,SOL/USDT,buy,25.02250500,26.72372948,0.66869465,USDT
2023-08-15T02:45:00Z,SOL/USDT,sell,24.94752000,26.72372948,0.66669078,USDT
2023-08-15T12:15:00Z,SOL/USDT,buy,24.90244500,26.84202752,0.66843211,USDT
2023-08-15T12:45:00Z,SOL/USDT,sell,24.80759000,26.84202752,0.66588601,USDT
2023-08-15T13:15:00Z,SOL/USDT,buy,24.85242000,26.84033617,0.66704731,USDT
2023-08-15T13:30:00Z,SOL/USDT,sell,24.88755000,26.84033617,0.66799021,USDT
2023-08-15T13:45:00Z,SOL/USDT,buy,24.89244000,26.77440079,0.66648017,USDT
2023-08-15T13:45:00Z,SOL/USDT,stop_sell,24.83935982,26.77440079,0.66505898,USDT
2023-08-16T11:30:00Z,SOL/USDT,buy,23.51175000,28.31190999,0.66566255,USDT
2023-08-16T12:15:00Z,SOL/USDT,stop_sell,23.42828000,28.31190999,0.66329935,USDT
2023-08-16T17:15:00Z,SOL/USDT,buy,23.26162500,28.70172291,0.66764872,USDT
2023-08-16T17:45:00Z,SOL/USDT,sell,23.34832000,28.70172291,0.67013701,USDT
2023-08-16T18:00:00Z,SOL/USDT,buy,23.42170500,28.46044551,0.66659216,USDT
2023-08-16T20:15:00Z,SOL/USDT,stop_sell,23.28799304,28.46044551,0.66278666,USDT
2023-08-17T01:15:00Z,SOL/USDT,buy,23.14156500,28.79966432,0.66646930,USDT
2023-08-17T06:30:00Z,SOL/USDT,sell,23.24837000,28.79966432,0.66954525,USDT
2023-08-17T13:30:00Z,SOL/USDT,buy,23.34166500,28.54639664,0.66632043,USDT
2023-08-17T13:45:00Z,SOL/USDT,stop_sell,23.20839000,28.54639664,0.66251591,USDT
2023-08-17T14:00:00Z,SOL/USDT,buy,23.18158500,28.7506162,0.66648485,USDT
2023-08-17T14:30:00Z,SOL/USDT,stop_sell,23.03883196,28.7506162,0.66238062,USDT
2023-08-17T15:15:00Z,SOL/USDT,buy,23.19159000,28.62057301,0.66375659,USDT
2023-08-17T15:30:00Z,SOL/USDT,stop_sell,23.05917893,28.62057301,0.65996691,USDT
2023-08-17T16:45:00Z,SOL/USDT,buy,23.13156000,28.72657928,0.66449059,USDT
2023-08-17T17:00:00Z,SOL/USDT,sell,23.04847000,28.72657928,0.66210370,USDT
2023-08-17T18:45:00Z,SOL/USDT,buy,23.23161000,28.61481334,0.66476818,USDT
2023-08-17T19:15:00Z,SOL/USDT,sell,23.16841000,28.61481334,0.66295973,USDT
2023-08-17T19:30:00Z,SOL/USDT,buy,23.17158000,28.67811187,0.66451716,USDT
2023-08-17T20:00:00Z,SOL/USDT,sell,23.06846000,28.67811187,0.66155988,USDT
2023-08-17T20:30:00Z,SOL/USDT,buy,22.98148500,28.87526759,0.66359653,USDT
2023-08-17T20:30:00Z,SOL/USDT,stop_sell,22.87248661,28.87526759,0.66044917,USDT
2023-08-18T02:30:00Z,SOL/USDT,buy,21.72085500,30.58942783,0.66442853,USDT
2023-08-18T03:00:00Z,SOL/USDT,stop_sell,21.40393554,30.58942783,0.65473414,USDT
2023-08-18T03:30:00Z,SOL/USDT,buy,21.50074500,30.80444471,0.66231851,USDT
2023-08-18T03:45:00Z,SOL/USDT,sell,21.44927000,30.80444471,0.66073285,USDT
2023-08-18T12:00:00Z,SOL/USDT,buy,22.05102000,30.05312654,0.66270209,USDT
2023-08-18T12:15:00Z,SOL/USDT,sell,21.89904500,30.05312654,0.65813477,USDT
2023-08-18T22:45:00Z,SOL/USDT,buy,21.42070500,30.87219478,0.66130418,USDT
2023-08-18T23:15:00Z,SOL/USDT,sell,21.36931000,30.87219478,0.65971750,USDT
2023-08-19T02:00:00Z,SOL/USDT,buy,21.41070000,30.89016061,0.66137996,USDT
2023-08-19T03:30:00Z,SOL/USDT,sell,21.36931000,30.89016061,0.66010142,USDT
2023-08-19T04:00:00Z,SOL/USDT,buy,21.38068500,30.86604005,0.65993708,USDT
2023-08-19T05:30:00Z,SOL/USDT,sell,21.54922000,30.86604005,0.66513909,USDT
2023-08-19T05:45:00Z,SOL/USDT,buy,21.57078000,30.69431321,0.66210028,USDT
2023-08-19T06:00:00Z,SOL/USDT,stop_sell,21.44927000,30.69431321,0.65837061,USDT
2023-08-19T06:15:00Z,SOL/USDT,buy,21.55077000,30.6898089,0.66138901,USDT
2023-08-19T11:30:00Z,SOL/USDT,sell,21.59919500,30.6898089,0.66287517,USDT
2023-08-19T12:00:00Z,SOL/USDT,buy,21.67083000,30.53454908,0.66170902,USDT
2023-08-19T12:15:00Z,SOL/USDT,sell,21.64917000,30.53454908,0.66104764,USDT
2023-08-19T16:30:00Z,SOL/USDT,buy,22.01100000,30.02813816,0.66094935,USDT
2023-08-19T17:15:00Z,SOL/USDT,stop_sell,21.91796411,30.02813816,0.65815565,USDT
2023-08-19T17:30:00Z,SOL/USDT,buy,21.92095500,30.15011762,0.66091937,USDT
2023-08-19T18:30:00Z,SOL/USDT,sell,21.85906500,30.15011762,0.65905338,USDT
2023-08-19T18:45:00Z,SOL/USDT,buy,21.88093500,30.20739374,0.66096602,USDT
2023-08-19T19:00:00Z,SOL/USDT,sell,21.84907000,30.20739374,0.66000346,USDT
2023-08-19T19:45:00Z,SOL/USDT,buy,21.92095500,30.14390775,0.66078325,USDT
2023-08-19T20:15:00Z,SOL/USDT,stop_sell,21.82408250,30.14390775,0.65786313,USDT
2023-08-19T23:45:00Z,SOL/USDT,buy,21.89094000,30.15595788,0.66014226,USDT
2023-08-20T00:00:00Z,SOL/USDT,sell,21.86906000,30.15595788,0.65948245,USDT
2023-08-20T00:30:00Z,SOL/USDT,buy,21.85092000,30.03894233,0.65637853,USDT
2023-08-20T00:30:00Z,SOL/USDT,stop_sell,21.82908000,30.03894233,0.65572248,USDT
2023-08-20T01:15:00Z,SOL/USDT,buy,21.84091500,30.12776762,0.65801801,USDT
2023-08-20T01:15:00Z,SOL/USDT,stop_sell,21.81908500,30.12776762,0.65736032,USDT
2023-08-20T09:15:00Z,SOL/USDT,buy,21.79089000,30.28651356,0.65997009,USDT
2023-08-20T14:45:00Z,SOL/USDT,sell,21.75911500,30.28651356,0.65900773,USDT
2023-08-20T19:30:00Z,SOL/USDT,buy,21.82090500,30.23648596,0.65978749,USDT
2023-08-20T19:45:00Z,SOL/USDT,sell,21.79909500,30.23648596,0.65912803,USDT
2023-08-20T22:15:00Z,SOL/USDT,buy,21.80089500,30.22922921,0.65902425,USDT
2023-08-20T22:30:00Z,SOL/USDT,sell,21.77910500,30.22922921,0.65836556,USDT
2023-08-21T05:45:00Z,SOL/USDT,buy,21.57078000,30.47348138,0.65733676,USDT
2023-08-21T06:30:00Z,SOL/USDT,stop_sell,21.47925500,30.47348138,0.65454768,USDT
2023-08-21T15:00:00Z,SOL/USDT,buy,21.30064500,30.93020304,0.65883327,USDT
2023-08-21T15:15:00Z,SOL/USDT,sell,21.15941500,30.93020304,0.65446500,USDT
2023-08-21T20:45:00Z,SOL/USDT,buy,21.34066500,30.86539142,0.65868798,USDT
2023-08-21T22:30:00Z,SOL/USDT,stop_sell,21.23794714,30.86539142,0.65551755,USDT
2023-08-21T22:45:00Z,SOL/USDT,buy,21.28063500,30.95014245,0.65863868,USDT
2023-08-22T00:00:00Z,SOL/USDT,stop_sell,21.17976196,30.95014245,0.65551665,USDT
2023-08-22T00:15:00Z,SOL/USDT,buy,21.21060000,31.02099685,0.65797396,USDT
2023-08-22T00:30:00Z,SOL/USDT,sell,21.25936500,31.02099685,0.65948669,USDT
2023-08-22T22:30:00Z,SOL/USDT,buy,20.22010500,32.54135356,0.65798959,USDT
2023-08-23T05:00:00Z,SOL/USDT,sell,20.59969500,32.54135356,0.67034196,USDT
2023-08-23T18:30:00Z,SOL/USDT,buy,21.44071500,30.72994301,0.65887195,USDT
2023-08-23T22:00:00Z,SOL/USDT,sell,21.36931000,30.72994301,0.65667768,USDT
2023-08-23T22:15:00Z,SOL/USDT,buy,21.49074000,30.64533953,0.65859102,USDT
2023-08-24T01:30:00Z,SOL/USDT,sell,21.59919500,30.64533953,0.66191466,USDT
2023-08-24T02:00:00Z,SOL/USDT,buy,21.65082000,30.45430822,0.65936075,USDT
2023-08-24T08:45:00Z,SOL/USDT,sell,21.64917000,30.45430822,0.65931050,USDT
2023-08-24T09:15:00Z,SOL/USDT,buy,21.77088000,30.19782707,0.65743327,USDT
2023-08-24T09:30:00Z,SOL/USDT,sell,21.74912000,30.19782707,0.65677616,USDT
2023-08-25T08:15:00Z,SOL/USDT,buy,20.72035500,31.84107039,0.65975828,USDT
2023-08-25T08:45:00Z,SOL/USDT,sell,20.67965500,31.84107039,0.65846235,USDT
2023-08-25T13:45:00Z,SOL/USDT,buy,20.75037000,31.63200927,0.65637590,USDT
2023-08-25T13:45:00Z,SOL/USDT,stop_sell,20.72855911,31.63200927,0.65568597,USDT
2023-08-26T00:30:00Z,SOL/USDT,buy,20.30014500,32.38727888,0.65746646,USDT
2023-08-26T00:30:00Z,SOL/USDT,stop_sell,20.24201679,32.38727888,0.65558384,USDT
2023-08-26T06:00:00Z,SOL/USDT,buy,20.27013000,32.26349268,0.65398519,USDT
2023-08-26T06:00:00Z,SOL/USDT,stop_sell,20.24987000,32.26349268,0.65333153,USDT
2023-08-26T08:00:00Z,SOL/USDT,buy,20.30014500,32.19261033,0.65351466,USDT
2023-08-26T08:00:00Z,SOL/USDT,stop_sell,20.27985500,32.19261033,0.65286147,USDT
2023-08-26T11:00:00Z,SOL/USDT,buy,20.33016000,32.42310497,0.65916691,USDT
2023-08-26T11:30:00Z,SOL/USDT,sell,20.30984000,32.42310497,0.65850807,USDT
2023-08-26T14:00:00Z,SOL/USDT,buy,20.33016000,32.38335223,0.65835873,USDT
2023-08-26T16:30:00Z,SOL/USDT,stop_sell,20.24558643,32.38335223,0.65561996,USDT
2023-08-26T17:15:00Z,SOL/USDT,buy,20.30014500,32.36737291,0.65706236,USDT
2023-08-26T17:45:00Z,SOL/USDT,sell,20.25986500,32.36737291,0.65575861,USDT
2023-08-26T18:00:00Z,SOL/USDT,buy,20.28013500,32.38898224,0.65685293,USDT
2023-08-26T18:30:00Z,SOL/USDT,stop_sell,20.21488750,32.38898224,0.65473963,USDT
2023-08-26T22:45:00Z,SOL/USDT,buy,20.34016500,32.27991533,0.65657880,USDT
2023-08-26T23:00:00Z,SOL/USDT,stop_sell,20.28556643,32.27991533,0.65481637,USDT
2023-08-27T00:45:00Z,SOL/USDT,buy,20.32015500,32.23610674,0.65504269,USDT
2023-08-27T00:45:00Z,SOL/USDT,stop_sell,20.29984500,32.23610674,0.65438797,USDT
2023-08-27T01:15:00Z,SOL/USDT,buy,20.36017500,32.22838528,0.65617556,USDT
2023-08-27T02:15:00Z,SOL/USDT,sell,20.31983500,32.22838528,0.65487547,USDT
2023-08-27T04:00:00Z,SOL/USDT,buy,20.33016000,32.26568646,0.65596657,USDT
2023-08-27T05:30:00Z,SOL/USDT,sell,20.30984000,32.26568646,0.65531093,USDT
2023-08-27T07:45:00Z,SOL/USDT,buy,20.40019500,32.11569797,0.65516650,USDT
2023-08-27T07:45:00Z,SOL/USDT,stop_sell,20.37980500,32.11569797,0.65451166,USDT
2023-08-27T10:00:00Z,SOL/USDT,buy,20.54026500,31.93587886,0.65597141,USDT
2023-08-27T16:15:00Z,SOL/USDT,sell,20.71963500,31.93587886,0.66169975,USDT
2023-08-27T16:30:00Z,SOL/USDT,buy,20.72035500,31.65992697,0.65600493,USDT
2023-08-27T17:30:00Z,SOL/USDT,stop_sell,20.61611536,31.65992697,0.65270471,USDT
2023-08-27T20:00:00Z,SOL/USDT,buy,20.78038500,31.52036427,0.65500530,USDT
2023-08-27T20:15:00Z,SOL/USDT,sell,20.72963000,31.52036427,0.65340549,USDT
2023-08-27T21:00:00Z,SOL/USDT,buy,20.75037000,31.61562332,0.65603588,USDT
2023-08-27T22:00:00Z,SOL/USDT,sell,20.69964500,31.61562332,0.65443218,USDT
2023-08-27T22:30:00Z,SOL/USDT,buy,20.77038000,31.58912598,0.65611815,USDT
2023-08-28T00:30:00Z,SOL/USDT,sell,20.63967500,31.58912598,0.65198929,USDT
2023-08-28T12:15:00Z,SOL/USDT,buy,20.56027500,31.84465325,0.65473483,USDT
2023-08-28T13:00:00Z,SOL/USDT,stop_sell,20.46583339,31.84465325,0.65172737,USDT
2023-08-28T17:45:00Z,SOL/USDT,buy,20.67033000,31.65839838,0.65438954,USDT
2023-08-28T18:00:00Z,SOL/USDT,stop_sell,20.56971000,31.65839838,0.65120407,USDT
2023-08-28T18:45:00Z,SOL/USDT,buy,20.60029500,31.76400513,0.65434788,USDT
2023-08-28T19:15:00Z,SOL/USDT,stop_sell,20.49796018,31.76400513,0.65109731,USDT
2023-08-28T20:45:00Z,SOL/USDT,buy,20.48023500,31.85464383,0.65239059,USDT
2023-08-28T21:00:00Z,SOL/USDT,sell,20.39979500,31.85464383,0.64982820,USDT
2023-08-29T00:15:00Z,SOL/USDT,buy,20.61030000,31.68508376,0.65303908,USDT
2023-08-29T00:15:00Z,SOL/USDT,stop_sell,20.54829214,31.68508376,0.65107436,USDT
2023-08-29T02:15:00Z,SOL/USDT,buy,20.61030000,31.68777036,0.65309445,USDT
2023-08-29T03:00:00Z,SOL/USDT,stop_sell,20.50402857,31.68777036,0.64972695,USDT
2023-08-29T16:15:00Z,SOL/USDT,buy,21.42070500,30.58576856,0.65516873,USDT
2023-08-29T19:30:00Z,SOL/USDT,sell,21.55921500,30.58576856,0.65940516,USDT
2023-08-29T20:00:00Z,SOL/USDT,buy,21.60079500,30.22826272,0.65295451,USDT
2023-08-29T20:15:00Z,SOL/USDT,sell,21.67915500,30.22826272,0.65532319,USDT
2023-08-29T21:00:00Z,SOL/USDT,buy,21.83091000,30.0235982,0.65544247,USDT
2023-08-30T01:00:00Z,SOL/USDT,stop_sell,21.58241768,30.0235982,0.64798184,USDT
2023-08-30T06:00:00Z,SOL/USDT,buy,21.72085500,30.07434964,0.65324059,USDT
2023-08-30T06:30:00Z,SOL/USDT,sell,21.63917500,30.07434964,0.65078411,USDT
2023-08-30T06:45:00Z,SOL/USDT,buy,21.65082000,30.1021275,0.65173574,USDT
2023-08-30T07:00:00Z,SOL/USDT,sell,21.56921000,30.1021275,0.64927911,USDT
2023-08-30T22:00:00Z,SOL/USDT,buy,20.85042000,31.22773003,0.65111129,USDT
2023-08-31T00:00:00Z,SOL/USDT,stop_sell,20.73962500,31.22773003,0.64765141,USDT
2023-08-31T00:15:00Z,SOL/USDT,buy,20.72035500,31.37492807,0.65009965,USDT
2023-08-31T00:15:00Z,SOL/USDT,stop_sell,20.69964500,31.37492807,0.64944987,USDT
2023-09-01T12:00:00Z,SOL/USDT,buy,19.85992500,32.78961267,0.65119925,USDT
2023-09-01T12:30:00Z,SOL/USDT,stop_sell,19.81009000,32.78961267,0.64956518,USDT
2023-09-01T12:45:00Z,SOL/USDT,buy,19.80990000,32.84396894,0.65063574,USDT
2023-09-01T13:00:00Z,SOL/USDT,sell,19.80009500,32.84396894,0.65031371,USDT
2023-09-01T20:45:00Z,SOL/USDT,buy,19.35967500,33.37656161,0.64615939,USDT
2023-09-01T20:45:00Z,SOL/USDT,stop_sell,19.34032500,33.37656161,0.64551355,USDT
2023-09-01T22:00:00Z,SOL/USDT,buy,19.26963000,33.74956851,0.65034170,USDT
2023-09-01T22:15:00Z,SOL/USDT,sell,19.21039000,33.74956851,0.64834237,USDT
2023-09-02T00:30:00Z,SOL/USDT,buy,19.40970000,33.54439342,0.65108661,USDT
2023-09-02T01:15:00Z,SOL/USDT,sell,19.43028000,33.54439342,0.65177696,USDT
2023-09-02T01:45:00Z,SOL/USDT,buy,19.44972000,33.43834068,0.65036636,USDT
2023-09-02T07:00:00Z,SOL/USDT,sell,19.46026500,33.43834068,0.65071897,USDT
2023-09-02T07:15:00Z,SOL/USDT,buy,19.51975500,33.31447794,0.65029045,USDT
2023-09-02T09:00:00Z,SOL/USDT,sell,19.53023000,33.31447794,0.65063942,USDT
2023-09-02T12:00:00Z,SOL/USDT,buy,19.58979000,33.22542473,0.65087909,USDT
2023-09-02T12:30:00Z,SOL/USDT,sell,19.57021000,33.22542473,0.65022854,USDT
2023-09-02T16:15:00Z,SOL/USDT,buy,19.60980000,33.14965178,0.65005804,USDT
2023-09-02T16:15:00Z,SOL/USDT,stop_sell,19.50881214,33.14965178,0.64671033,USDT
2023-09-02T21:30:00Z,SOL/USDT,buy,19.49974500,33.3176817,0.64968630,USDT
2023-09-03T05:15:00Z,SOL/USDT,sell,19.49025000,33.3176817,0.64936995,USDT
2023-09-03T16:15:00Z,SOL/USDT,buy,19.42971000,33.51741785,0.65123371,USDT
2023-09-03T16:30:00Z,SOL/USDT,stop_sell,19.30034500,33.51741785,0.64689773,USDT
2023-09-03T18:15:00Z,SOL/USDT,buy,19.45972500,33.33924228,0.64877249,USDT
2023-09-03T20:30:00Z,SOL/USDT,sell,19.44027500,33.33924228,0.64812404,USDT
2023-09-03T21:00:00Z,SOL/USDT,buy,19.57978500,33.12696768,0.64861890,USDT
2023-09-03T21:15:00Z,SOL/USDT,sell,19.50024500,33.12696768,0.64598399,USDT
2023-09-03T21:30:00Z,SOL/USDT,buy,19.51975500,33.2297112,0.64863582,USDT
2023-09-03T22:00:00Z,SOL/USDT,sell,19.41029000,33.2297112,0.64499833,USDT
2023-09-03T22:30:00Z,SOL/USDT,buy,19.50975000,33.3633973,0.65091154,USDT
2023-09-04T05:30:00Z,SOL/USDT,sell,19.77011000,33.3633973,0.65959803,USDT
2023-09-05T00:00:00Z,SOL/USDT,buy,19.50975000,33.23973625,0.64849894,USDT
2023-09-05T00:30:00Z,SOL/USDT,stop_sell,19.41671536,33.23973625,0.64540650,USDT
2023-09-05T09:00:00Z,SOL/USDT,buy,19.37968500,33.46186608,0.64848042,USDT
2023-09-05T20:00:00Z,SOL/USDT,sell,20.23987500,33.46186608,0.67726399,USDT
2023-09-05T20:15:00Z,SOL/USDT,buy,20.27013000,32.1003441,0.65067815,USDT
2023-09-05T20:30:00Z,SOL/USDT,sell,20.17990500,32.1003441,0.64778189,USDT
2023-09-06T02:00:00Z,SOL/USDT,buy,20.20009500,32.11548391,0.64873583,USDT
2023-09-06T02:00:00Z,SOL/USDT,stop_sell,20.15491750,32.11548391,0.64728493,USDT
2023-09-06T11:30:00Z,SOL/USDT,buy,19.84992000,32.75189723,0.65012254,USDT
2023-09-06T12:30:00Z,SOL/USDT,sell,19.81009000,32.75189723,0.64881803,USDT
2023-09-06T12:45:00Z,SOL/USDT,buy,19.81990500,32.7744382,0.64958625,USDT
2023-09-06T13:15:00Z,SOL/USDT,stop_sell,19.76725429,32.7744382,0.64786065,USDT
2023-09-06T13:30:00Z,SOL/USDT,buy,19.75987500,32.84509467,0.64901497,USDT
2023-09-06T13:45:00Z,SOL/USDT,sell,19.80009500,32.84509467,0.65033599,USDT
2023-09-06T23:30:00Z,SOL/USDT,buy,19.62981000,33.09629235,0.64967393,USDT
2023-09-07T00:45:00Z,SOL/USDT,stop_sell,19.55450357,33.09629235,0.64718157,USDT
2023-09-07T06:45:00Z,SOL/USDT,buy,19.64982000,33.0471547,0.64937064,USDT
2023-09-07T07:00:00Z,SOL/USDT,sell,19.63018000,33.0471547,0.64872160,USDT
2023-09-07T13:45:00Z,SOL/USDT,buy,19.46973000,33.29350165,0.64821549,USDT
2023-09-07T13:45:00Z,SOL/USDT,stop_sell,19.41707232,33.29350165,0.64646233,USDT
2023-09-07T16:15:00Z,SOL/USDT,buy,19.60980000,33.16188754,0.65029798,USDT
2023-09-07T19:00:00Z,SOL/USDT,sell,19.59020000,33.16188754,0.64964801,USDT
2023-09-07T19:15:00Z,SOL/USDT,buy,19.60980000,33.08625137,0.64881477,USDT
2023-09-07T20:15:00Z,SOL/USDT,sell,19.63018000,33.08625137,0.64948907,USDT
2023-09-07T20:45:00Z,SOL/USDT,buy,19.71985500,32.9659688,0.65008412,USDT
2023-09-07T21:15:00Z,SOL/USDT,sell,19.90004500,32.9659688,0.65602426,USDT
2023-09-08T00:30:00Z,SOL/USDT,buy,19.93996500,32.63638474,0.65076837,USDT
2023-09-08T03:30:00Z,SOL/USDT,sell,19.93003000,32.63638474,0.65044413,USDT
2023-09-08T03:45:00Z,SOL/USDT,buy,20.01000000,32.53165959,0.65095851,USDT
2023-09-08T05:30:00Z,SOL/USDT,sell,19.99999500,32.53165959,0.65063303,USDT
2023-09-08T19:45:00Z,SOL/USDT,buy,19.56978000,33.14006779,0.64854384,USDT
2023-09-08T20:00:00Z,SOL/USDT,sell,19.55022000,33.14006779,0.64789562,USDT
2023-09-08T21:30:00Z,SOL/USDT,buy,19.52976000,33.18298638,0.64805576,USDT
2023-09-08T21:30:00Z,SOL/USDT,stop_sell,19.49274875,33.18298638,0.64682762,USDT
2023-09-08T22:15:00Z,SOL/USDT,buy,19.59979500,33.13873782,0.64951247,USDT
2023-09-08T22:45:00Z,SOL/USDT,sell,19.59020000,33.13873782,0.64919450,USDT
2023-09-08T23:00:00Z,SOL/USDT,buy,19.59979500,33.03080417,0.64739699,USDT
2023-09-09T00:00:00Z,SOL/USDT,stop_sell,19.56735429,33.03080417,0.64632545,USDT
2023-09-09T00:15:00Z,SOL/USDT,buy,19.59979500,33.10552666,0.64886154,USDT
2023-09-09T00:30:00Z,SOL/USDT,sell,19.55022000,33.10552666,0.64722033,USDT
2023-09-09T02:15:00Z,SOL/USDT,buy,19.56978000,33.07661765,0.64730213,USDT
2023-09-09T03:45:00Z,SOL/USDT,sell,19.57021000,33.07661765,0.64731635,USDT
2023-09-09T10:45:00Z,SOL/USDT,buy,19.54977000,33.13908608,0.64786151,USDT
2023-09-09T11:45:00Z,SOL/USDT,sell,19.53023000,33.13908608,0.64721397,USDT
2023-09-09T12:15:00Z,SOL/USDT,buy,19.56978000,33.09725628,0.64770602,USDT
2023-09-09T13:00:00Z,SOL/USDT,stop_sell,19.52023500,33.09725628,0.64606622,USDT
2023-09-09T13:15:00Z,SOL/USDT,buy,19.53976500,33.13608023,0.64747122,USDT
2023-09-09T13:30:00Z,SOL/USDT,stop_sell,19.48025500,33.13608023,0.64549929,USDT
2023-09-09T13:45:00Z,SOL/USDT,buy,19.49974500,33.19068522,0.64720990,USDT
2023-09-09T14:30:00Z,SOL/USDT,sell,19.52023500,33.19068522,0.64788998,USDT
2023-09-10T13:45:00Z,SOL/USDT,buy,18.40920000,35.15419854,0.64716067,USDT
2023-09-10T14:00:00Z,SOL/USDT,sell,18.38080500,35.15419854,0.64616247,USDT
2023-09-10T19:30:00Z,SOL/USDT,buy,18.09904500,35.72673652,0.64661981,USDT
2023-09-10T19:45:00Z,SOL/USDT,sell,18.12093500,35.72673652,0.64740187,USDT
2023-09-10T20:00:00Z,SOL/USDT,buy,18.17908500,35.56727029,0.64658043,USDT
2023-09-11T00:45:00Z,SOL/USDT,sell,18.03098000,35.56727029,0.64131274,USDT
2023-09-11T03:45:00Z,SOL/USDT,buy,18.39919500,35.1517153,0.64676326,USDT
2023-09-11T04:00:00Z,SOL/USDT,sell,18.34082500,35.1517153,0.64471146,USDT
2023-09-11T04:15:00Z,SOL/USDT,buy,18.26913000,35.19460844,0.64297488,USDT
2023-09-11T04:15:00Z,SOL/USDT,stop_sell,18.22088500,35.19460844,0.64127691,USDT
2023-09-11T04:45:00Z,SOL/USDT,buy,18.23911500,35.33565887,0.64449115,USDT
2023-09-11T05:00:00Z,SOL/USDT,sell,18.17091000,35.33565887,0.64208108,USDT
2023-09-11T05:30:00Z,SOL/USDT,buy,18.17908500,35.49432103,0.64525428,USDT
2023-09-11T07:30:00Z,SOL/USDT,sell,18.17091000,35.49432103,0.64496411,USDT
2023-09-11T15:15:00Z,SOL/USDT,buy,17.64882000,36.63602076,0.64658254,USDT
2023-09-11T17:15:00Z,SOL/USDT,sell,17.61119000,36.63602076,0.64520392,USDT
2023-09-11T18:00:00Z,SOL/USDT,buy,17.79889500,36.25332735,0.64526917,USDT
2023-09-11T18:30:00Z,SOL/USDT,sell,17.66116500,36.25332735,0.64027600,USDT
2023-09-11T18:45:00Z,SOL/USDT,buy,17.64882000,36.38872932,0.64221813,USDT
2023-09-11T19:15:00Z,SOL/USDT,sell,17.57121000,36.38872932,0.63939400,USDT
2023-09-11T23:45:00Z,SOL/USDT,buy,17.71885500,36.3907309,0.64480208,USDT
2023-09-12T01:45:00Z,SOL/USDT,stop_sell,17.59369875,36.3907309,0.64024756,USDT
2023-09-12T02:15:00Z,SOL/USDT,buy,17.66883000,36.42607644,0.64360615,USDT
2023-09-12T05:15:00Z,SOL/USDT,sell,17.93103000,36.42607644,0.65315707,USDT
2023-09-12T05:30:00Z,SOL/USDT,buy,17.89894500,35.97482429,0.64391140,USDT
2023-09-12T05:45:00Z,SOL/USDT,sell,17.94102500,35.97482429,0.64542522,USDT
2023-09-12T10:30:00Z,SOL/USDT,buy,18.51925500,34.69720311,0.64256635,USDT
2023-09-12T10:30:00Z,SOL/USDT,stop_sell,18.41400268,34.69720311,0.63891439,USDT
2023-09-12T10:45:00Z,SOL/USDT,buy,18.36918000,35.07257007,0.64425435,USDT
2023-09-12T12:45:00Z,SOL/USDT,stop_sell,18.18911518,35.07257007,0.63793902,USDT
2023-09-12T19:30:00Z,SOL/USDT,buy,17.94897000,35.6412512,0.63972375,USDT
2023-09-12T19:45:00Z,SOL/USDT,sell,17.93103000,35.6412512,0.63908434,USDT
2023-09-12T20:00:00Z,SOL/USDT,buy,17.97898500,35.79138159,0.64349271,USDT
2023-09-12T20:15:00Z,SOL/USDT,sell,17.96101500,35.79138159,0.64284954,USDT
2023-09-12T21:45:00Z,SOL/USDT,buy,18.02901000,35.6439449,0.64262504,USDT
2023-09-12T22:00:00Z,SOL/USDT,stop_sell,17.94102500,35.6439449,0.63948891,USDT
2023-09-12T22:45:00Z,SOL/USDT,buy,17.98899000,35.82292677,0.64441827,USDT
2023-09-13T00:00:00Z,SOL/USDT,sell,17.91104000,35.82292677,0.64162587,USDT
2023-09-13T00:30:00Z,SOL/USDT,buy,18.13906500,35.46863783,0.64336793,USDT
2023-09-13T01:30:00Z,SOL/USDT,stop_sell,18.00777732,35.46863783,0.63871133,USDT
2023-09-13T02:45:00Z,SOL/USDT,buy,18.04902000,35.57992999,0.64218287,USDT
2023-09-13T03:30:00Z,SOL/USDT,stop_sell,17.93103000,35.57992999,0.63798479,USDT
2023-09-13T08:15:00Z,SOL/USDT,buy,18.12906000,35.43777224,0.64245350,USDT
2023-09-13T13:00:00Z,SOL/USDT,sell,18.05097000,35.43777224,0.63968616,USDT
2023-09-13T18:15:00Z,SOL/USDT,buy,18.10905000,35.36126418,0.64035890,USDT
2023-09-13T20:15:00Z,SOL/USDT,sell,18.38080500,35.36126418,0.64996850,USDT
2023-09-13T21:00:00Z,SOL/USDT,buy,18.39919500,34.87854682,0.64173718,USDT
2023-09-13T21:15:00Z,SOL/USDT,sell,18.42078500,34.87854682,0.64249021,USDT
2023-09-13T22:15:00Z,SOL/USDT,buy,18.42921000,34.89520204,0.64309101,USDT
2023-09-14T05:30:00Z,SOL/USDT,sell,18.69065000,34.89520204,0.65221401,USDT
2023-09-14T11:00:00Z,SOL/USDT,buy,18.78939000,34.22210875,0.64301255,USDT
2023-09-14T12:30:00Z,SOL/USDT,sell,18.77061000,34.22210875,0.64236986,USDT
2023-09-14T14:15:00Z,SOL/USDT,buy,18.93946500,34.01455166,0.64421741,USDT
2023-09-14T16:00:00Z,SOL/USDT,sell,19.04047500,34.01455166,0.64765322,USDT
2023-09-15T02:00:00Z,SOL/USDT,buy,18.96948000,33.89795517,0.64302658,USDT
2023-09-15T07:45:00Z,SOL/USDT,sell,19.05047000,33.89795517,0.64577198,USDT
2023-09-15T08:45:00Z,SOL/USDT,buy,19.19959500,33.49753796,0.64313916,USDT
2023-09-15T09:45:00Z,SOL/USDT,sell,19.13043000,33.49753796,0.64082231,USDT
2023-09-16T04:15:00Z,SOL/USDT,buy,19.28964000,33.39546088,0.64418642,USDT
2023-09-16T07:00:00Z,SOL/USDT,sell,19.13043000,33.39546088,0.63886953,USDT
2023-09-16T11:45:00Z,SOL/USDT,buy,19.16958000,33.50740036,0.64232279,USDT
2023-09-16T13:00:00Z,SOL/USDT,stop_sell,19.07402964,33.50740036,0.63912115,USDT
2023-09-16T18:45:00Z,SOL/USDT,buy,19.03951500,33.68214653,0.64129173,USDT
2023-09-16T19:00:00Z,SOL/USDT,stop_sell,18.97051000,33.68214653,0.63896750,USDT
2023-09-16T19:45:00Z,SOL/USDT,buy,18.96948000,33.77343046,0.64066441,USDT
2023-09-16T20:00:00Z,SOL/USDT,sell,18.93053000,33.77343046,0.63934894,USDT
2023-09-16T22:30:00Z,SOL/USDT,buy,19.08954000,33.58553832,0.64113248,USDT
2023-09-16T22:45:00Z,SOL/USDT,sell,19.08045500,33.58553832,0.64082735,USDT
2023-09-16T23:45:00Z,SOL/USDT,buy,19.11955500,33.50863516,0.64067019,USDT
2023-09-17T00:00:00Z,SOL/USDT,stop_sell,19.07831321,33.50863516,0.63928824,USDT
2023-09-17T05:45:00Z,SOL/USDT,buy,19.03951500,33.65591966,0.64079239,USDT
2023-09-17T08:15:00Z,SOL/USDT,sell,18.96051500,33.65591966,0.63813357,USDT
2023-09-17T13:30:00Z,SOL/USDT,buy,19.00950000,33.65705214,0.63980373,USDT
2023-09-17T13:45:00Z,SOL/USDT,stop_sell,18.98264679,33.65705214,0.63889993,USDT
2023-09-17T14:00:00Z,SOL/USDT,buy,18.98949000,33.71878458,0.64030252,USDT
2023-09-17T15:15:00Z,SOL/USDT,sell,19.04047500,33.71878458,0.64202167,USDT
2023-09-18T11:15:00Z,SOL/USDT,buy,19.54977000,32.72072994,0.63968274,USDT
2023-09-18T17:30:00Z,SOL/USDT,sell,19.77011000,32.72072994,0.64689243,USDT
2023-09-18T22:15:00Z,SOL/USDT,buy,19.82991000,32.33171764,0.64113505,USDT
2023-09-18T23:15:00Z,SOL/USDT,stop_sell,19.68765125,32.33171764,0.63653558,USDT
2023-09-18T23:45:00Z,SOL/USDT,buy,19.67983500,32.5876352,0.64131928,USDT
2023-09-19T00:30:00Z,SOL/USDT,sell,19.64017500,32.5876352,0.64002686,USDT
2023-09-19T19:30:00Z,SOL/USDT,buy,19.95997500,32.07094003,0.64013516,USDT
2023-09-19T20:00:00Z,SOL/USDT,sell,19.87006000,32.07094003,0.63725150,USDT
2023-09-19T22:00:00Z,SOL/USDT,buy,20.04001500,31.94217632,0.64012169,USDT
2023-09-19T23:15:00Z,SOL/USDT,sell,20.06996000,31.94217632,0.64107820,USDT
2023-09-20T00:15:00Z,SOL/USDT,buy,20.04001500,31.86130516,0.63850103,USDT
2023-09-20T00:30:00Z,SOL/USDT,stop_sell,19.91004000,31.86130516,0.63435986,USDT
2023-09-20T08:15:00Z,SOL/USDT,buy,19.97998500,32.01519398,0.63966310,USDT
2023-09-20T09:45:00Z,SOL/USDT,stop_sell,19.92003500,32.01519398,0.63774378,USDT
2023-09-20T10:00:00Z,SOL/USDT,buy,19.92996000,31.97034707,0.63716774,USDT
2023-09-20T10:00:00Z,SOL/USDT,stop_sell,19.90575643,31.97034707,0.63639394,USDT
2023-09-20T10:15:00Z,SOL/USDT,buy,19.99999500,32.01021282,0.64020410,USDT
2023-09-20T12:45:00Z,SOL/USDT,sell,19.93003000,32.01021282,0.63796450,USDT
2023-09-20T13:15:00Z,SOL/USDT,buy,20.05002000,31.85241141,0.63864149,USDT
2023-09-20T16:45:00Z,SOL/USDT,sell,20.15991500,31.85241141,0.64214191,USDT
2023-09-20T20:30:00Z,SOL/USDT,buy,20.22010500,31.60890573,0.63913539,USDT
2023-09-20T22:45:00Z,SOL/USDT,sell,20.30984000,31.60890573,0.64197182,USDT
2023-09-20T23:45:00Z,SOL/USDT,buy,20.30014500,31.47483101,0.63894363,USDT
2023-09-21T00:15:00Z,SOL/USDT,stop_sell,20.19953804,31.47483101,0.63577705,USDT
2023-09-21T17:15:00Z,SOL/USDT,buy,19.66983000,32.51497792,0.63956409,USDT
2023-09-21T17:45:00Z,SOL/USDT,sell,19.67016000,32.51497792,0.63957482,USDT
2023-09-21T20:00:00Z,SOL/USDT,buy,19.61980500,32.55956856,0.63881239,USDT
2023-09-21T20:15:00Z,SOL/USDT,stop_sell,19.54522250,32.55956856,0.63638401,USDT
2023-09-21T21:00:00Z,SOL/USDT,buy,19.60980000,32.54445195,0.63819019,USDT
2023-09-21T21:15:00Z,SOL/USDT,stop_sell,19.53344268,32.54445195,0.63570519,USDT
2023-09-22T03:15:00Z,SOL/USDT,buy,19.65982500,32.46285876,0.63821412,USDT
2023-09-22T07:00:00Z,SOL/USDT,sell,19.60019500,32.46285876,0.63627836,USDT
2023-09-22T07:15:00Z,SOL/USDT,buy,19.61980500,32.53260468,0.63828336,USDT
2023-09-22T08:00:00Z,SOL/USDT,sell,19.66016500,32.53260468,0.63959638,USDT
2023-09-23T00:15:00Z,SOL/USDT,buy,19.54977000,32.61599471,0.63763519,USDT
2023-09-23T00:30:00Z,SOL/USDT,stop_sell,19.47454357,32.61599471,0.63518161,USDT
2023-09-23T06:00:00Z,SOL/USDT,buy,19.43971500,32.81908421,0.63799364,USDT
2023-09-23T06:15:00Z,SOL/USDT,sell,19.43028000,32.81908421,0.63768400,USDT
2023-09-23T08:00:00Z,SOL/USDT,buy,19.51975500,32.66110761,0.63753682,USDT
2023-09-23T08:45:00Z,SOL/USDT,stop_sell,19.45027000,32.66110761,0.63526736,USDT
2023-09-23T09:00:00Z,SOL/USDT,buy,19.49974500,32.71368025,0.63790842,USDT
2023-09-23T10:00:00Z,SOL/USDT,sell,19.44027500,32.71368025,0.63596294,USDT
2023-09-23T10:15:00Z,SOL/USDT,buy,19.45972500,32.71725806,0.63666884,USDT
2023-09-23T12:30:00Z,SOL/USDT,sell,19.46026500,32.71725806,0.63668651,USDT
2023-09-23T23:00:00Z,SOL/USDT,buy,19.41970500,32.74576501,0.63591310,USDT
2023-09-23T23:00:00Z,SOL/USDT,stop_sell,19.39886714,32.74576501,0.63523074,USDT
2023-09-24T00:30:00Z,SOL/USDT,buy,19.54977000,32.57009394,0.63673785,USDT
2023-09-24T00:45:00Z,SOL/USDT,stop_sell,19.48025500,32.57009394,0.63447374,USDT
2023-09-24T01:00:00Z,SOL/USDT,buy,19.49974500,32.60569789,0.63580279,USDT
2023-09-24T06:15:00Z,SOL/USDT,sell,19.53023000,32.60569789,0.63679678,USDT
2023-09-24T07:15:00Z,SOL/USDT,buy,19.60980000,32.38863065,0.63513457,USDT
2023-09-24T07:30:00Z,SOL/USDT,sell,19.57021000,32.38863065,0.63385230,USDT
2023-09-24T08:30:00Z,SOL/USDT,buy,19.64982000,32.36174743,0.63590251,USDT
2023-09-24T10:45:00Z,SOL/USDT,stop_sell,19.55022000,32.36174743,0.63267928,USDT
2023-09-24T11:00:00Z,SOL/USDT,buy,19.55977500,32.50897515,0.63586824,USDT
2023-09-24T11:30:00Z,SOL/USDT,sell,19.54022500,32.50897515,0.63523269,USDT
2023-09-24T18:45:00Z,SOL/USDT,buy,19.60980000,32.3686464,0.63474268,USDT
2023-09-24T19:15:00Z,SOL/USDT,stop_sell,19.48025500,32.3686464,0.63054949,USDT
2023-09-25T01:00:00Z,SOL/USDT,buy,19.42971000,32.67951407,0.63495348,USDT
2023-09-25T01:45:00Z,SOL/USDT,sell,19.39030000,32.67951407,0.63366558,USDT
2023-09-25T12:15:00Z,SOL/USDT,buy,19.51975500,32.4849791,0.63409883,USDT
2023-09-25T14:45:00Z,SOL/USDT,stop_sell,19.48382464,32.4849791,0.63293164,USDT
2023-09-26T05:00:00Z,SOL/USDT,buy,19.45972500,32.60858116,0.63455402,USDT
2023-09-26T05:30:00Z,SOL/USDT,stop_sell,19.35032000,32.60858116,0.63098648,USDT
2023-09-26T05:45:00Z,SOL/USDT,buy,19.38969000,32.74019923,0.63482231,USDT
2023-09-26T06:30:00Z,SOL/USDT,stop_sell,19.31069696,32.74019923,0.63223607,USDT
2023-09-26T11:30:00Z,SOL/USDT,buy,19.35967500,32.7581175,0.63418651,USDT
2023-09-26T12:45:00Z,SOL/USDT,sell,19.29035000,32.7581175,0.63191555,USDT
2023-09-27T20:45:00Z,SOL/USDT,buy,18.99949500,33.34697356,0.63357566,USDT
2023-09-27T21:30:00Z,SOL/USDT,sell,18.93053000,33.34697356,0.63127588,USDT
2023-09-28T00:30:00Z,SOL/USDT,buy,19.22961000,32.93308313,0.63329034,USDT
2023-09-28T05:30:00Z,SOL/USDT,sell,19.19040000,32.93308313,0.63199904,USDT
2023-09-28T20:15:00Z,SOL/USDT,buy,19.68984000,32.08769423,0.63180157,USDT
2023-09-28T21:00:00Z,SOL/USDT,stop_sell,19.62018500,32.08769423,0.62956650,USDT
2023-09-28T21:15:00Z,SOL/USDT,buy,19.63981500,32.22056114,0.63280586,USDT
2023-09-29T06:30:00Z,SOL/USDT,sell,20.06996000,32.22056114,0.64666537,USDT
2023-09-29T08:45:00Z,SOL/USDT,buy,20.21010000,31.37672207,0.63412669,USDT
2023-09-29T09:00:00Z,SOL/USDT,sell,20.16991000,31.37672207,0.63286566,USDT
2023-09-29T14:30:00Z,SOL/USDT,buy,20.16007500,31.42897155,0.63361042,USDT
2023-09-29T17:45:00Z,SOL/USDT,sell,20.14992000,31.42897155,0.63329126,USDT
2023-09-30T00:30:00Z,SOL/USDT,buy,20.29014000,31.22124713,0.63348348,USDT
2023-09-30T01:30:00Z,SOL/USDT,sell,20.23987500,31.22124713,0.63191414,USDT
2023-09-30T02:00:00Z,SOL/USDT,buy,20.26012500,31.27174472,0.63356946,USDT
2023-09-30T02:30:00Z,SOL/USDT,sell,20.21988500,31.27174472,0.63231108,USDT
2023-09-30T02:45:00Z,SOL/USDT,buy,20.26012500,31.23090684,0.63274208,USDT
2023-09-30T03:00:00Z,SOL/USDT,sell,20.25986500,31.23090684,0.63273396,USDT
2023-09-30T09:15:00Z,SOL/USDT,buy,20.31015000,31.13367544,0.63232962,USDT
2023-09-30T20:30:00Z,SOL/USDT,sell,21.37930500,31.13367544,0.66561634,USDT
2023-09-30T23:30:00Z,SOL/USDT,buy,21.43071000,29.62665052,0.63492016,USDT
2023-09-30T23:30:00Z,SOL/USDT,stop_sell,21.37145179,29.62665052,0.63316453,USDT
2023-10-01T02:15:00Z,SOL/USDT,buy,21.42070500,29.64302011,0.63497439,USDT
2023-10-01T02:30:00Z,SOL/USDT,stop_sell,21.29934500,29.64302011,0.63137691,USDT
2023-10-01T10:45:00Z,SOL/USDT,buy,22.49124000,28.22795304,0.63488167,USDT
2023-10-01T16:30:00Z,SOL/USDT,sell,22.79859500,28.22795304,0.64355767,USDT
2023-10-01T21:30:00Z,SOL/USDT,buy,22.85142000,27.82112087,0.63575212,USDT
2023-10-02T03:45:00Z,SOL/USDT,sell,24.12793000,27.82112087,0.67126606,USDT
2023-10-02T04:15:00Z,SOL/USDT,buy,24.00199500,26.56779438,0.63768007,USDT
2023-10-02T07:45:00Z,SOL/USDT,sell,24.29784500,26.56779438,0.64554015,USDT
2023-10-02T15:00:00Z,SOL/USDT,buy,24.15207000,26.47942315,0.63953288,USDT
2023-10-02T15:45:00Z,SOL/USDT,stop_sell,23.92231857,26.47942315,0.63344920,USDT
2023-10-02T16:00:00Z,SOL/USDT,buy,24.01200000,26.57626495,0.63814927,USDT
2023-10-02T18:00:00Z,SOL/USDT,sell,23.91803500,26.57626495,0.63565204,USDT
2023-10-02T23:45:00Z,SOL/USDT,buy,23.32165500,27.36174573,0.63812119,USDT
2023-10-03T00:30:00Z,SOL/USDT,sell,23.33832500,27.36174573,0.63857731,USDT
2023-10-03T10:45:00Z,SOL/USDT,buy,24.08203500,26.49472274,0.63804684,USDT
2023-10-03T11:30:00Z,SOL/USDT,sell,23.85806500,26.49472274,0.63211282,USDT
2023-10-03T12:30:00Z,SOL/USDT,buy,24.06202500,26.5148499,0.63800098,USDT
2023-10-03T14:30:00Z,SOL/USDT,sell,24.12793000,26.5148499,0.63974844,USDT
2023-10-03T15:15:00Z,SOL/USDT,buy,24.08203500,26.41743142,0.63618551,USDT
2023-10-03T15:45:00Z,SOL/USDT,sell,23.98800000,26.41743142,0.63370134,USDT
2023-10-03T16:15:00Z,SOL/USDT,buy,24.17208000,26.32853381,0.63641543,USDT
2023-10-03T18:00:00Z,SOL/USDT,sell,24.13792500,26.32853381,0.63551617,USDT
2023-10-04T10:15:00Z,SOL/USDT,buy,23.64181500,26.80919347,0.63381799,USDT
2023-10-04T10:15:00Z,SOL/USDT,stop_sell,23.58784304,26.80919347,0.63237105,USDT
2023-10-04T10:30:00Z,SOL/USDT,buy,23.55177000,26.99334757,0.63574111,USDT
2023-10-04T13:00:00Z,SOL/USDT,stop_sell,23.41792804,26.99334757,0.63212827,USDT
2023-10-04T20:15:00Z,SOL/USDT,buy,23.06152500,27.62131821,0.63698972,USDT
2023-10-05T00:00:00Z,SOL/USDT,sell,23.06846000,27.62131821,0.63718127,USDT
2023-10-05T00:15:00Z,SOL/USDT,buy,23.11155000,27.49810276,0.63552378,USDT
2023-10-05T03:15:00Z,SOL/USDT,sell,23.16841000,27.49810276,0.63708732,USDT
2023-10-05T04:00:00Z,SOL/USDT,buy,23.23161000,27.3806809,0.63609730,USDT
2023-10-05T04:15:00Z,SOL/USDT,sell,23.28835000,27.3806809,0.63765088,USDT
2023-10-05T04:30:00Z,SOL/USDT,buy,23.32165500,27.264228,0.63584692,USDT
2023-10-05T05:30:00Z,SOL/USDT,sell,23.31833500,27.264228,0.63575640,USDT
2023-10-05T11:45:00Z,SOL/USDT,buy,23.24161500,27.4005529,0.63683310,USDT
2023-10-05T15:00:00Z,SOL/USDT,stop_sell,23.09201964,27.4005529,0.63273411,USDT
2023-10-05T22:30:00Z,SOL/USDT,buy,22.80139500,27.86242729,0.63530221,USDT
2023-10-05T23:30:00Z,SOL/USDT,stop_sell,22.68793607,27.86242729,0.63214097,USDT
2023-10-05T23:45:00Z,SOL/USDT,buy,22.70134500,27.96956156,0.63494667,USDT
2023-10-06T00:00:00Z,SOL/USDT,sell,22.70864000,27.96956156,0.63515070,USDT
2023-10-06T00:15:00Z,SOL/USDT,buy,22.86142500,27.85536475,0.63681333,USDT
2023-10-06T06:30:00Z,SOL/USDT,sell,23.12843000,27.85536475,0.64425085,USDT
2023-10-06T07:30:00Z,SOL/USDT,buy,23.35167000,27.22006338,0.63563394,USDT
2023-10-06T09:15:00Z,SOL/USDT,sell,23.25836500,27.22006338,0.63309417,USDT
2023-10-06T09:30:00Z,SOL/USDT,buy,23.25162000,27.28885259,0.63451003,USDT
2023-10-06T09:45:00Z,SOL/USDT,sell,23.30834000,27.28885259,0.63605785,USDT
2023-10-06T10:30:00Z,SOL/USDT,buy,23.45172000,27.09188482,0.63535130,USDT
2023-10-06T10:45:00Z,SOL/USDT,stop_sell,23.28835000,27.09188482,0.63092530,USDT
2023-10-06T11:00:00Z,SOL/USDT,buy,23.18158500,27.35251715,0.63407470,USDT
2023-10-06T11:00:00Z,SOL/USDT,stop_sell,23.08666518,27.35251715,0.63147841,USDT
2023-10-06T11:15:00Z,SOL/USDT,buy,23.15157000,27.41008859,0.63458658,USDT
2023-10-06T11:45:00Z,SOL/USDT,sell,23.13842500,27.41008859,0.63422628,USDT
2023-10-06T20:30:00Z,SOL/USDT,buy,23.49174000,27.01913594,0.63472652,USDT
2023-10-06T20:45:00Z,SOL/USDT,sell,23.40829000,27.01913594,0.63247177,USDT
2023-10-07T00:30:00Z,SOL/USDT,buy,23.61180000,26.86974841,0.63444313,USDT
2023-10-07T01:30:00Z,SOL/USDT,stop_sell,23.46147768,26.86974841,0.63040400,USDT
2023-10-07T01:45:00Z,SOL/USDT,buy,23.41170000,27.01207025,0.63239849,USDT
2023-10-07T02:30:00Z,SOL/USDT,sell,23.49824500,27.01207025,0.63473624,USDT
2023-10-07T03:45:00Z,SOL/USDT,buy,23.69184000,26.77593818,0.63437124,USDT
2023-10-07T06:45:00Z,SOL/USDT,stop_sell,23.52608821,26.77593818,0.62993308,USDT
2023-10-07T07:00:00Z,SOL/USDT,buy,23.52175500,26.92737134,0.63337903,USDT
2023-10-07T08:00:00Z,SOL/USDT,sell,23.46826000,26.92737134,0.63193855,USDT
2023-10-07T08:45:00Z,SOL/USDT,buy,23.77188000,26.63493419,0.63316246,USDT
2023-10-07T09:00:00Z,SOL/USDT,sell,23.62818000,26.63493419,0.62933502,USDT
2023-10-08T04:00:00Z,SOL/USDT,buy,23.55177000,26.86656081,0.63275506,USDT
2023-10-08T04:00:00Z,SOL/USDT,stop_sell,23.44898393,26.86656081,0.62999355,USDT
2023-10-09T04:15:00Z,SOL/USDT,buy,23.26162500,27.18782369,0.63243296,USDT
2023-10-09T06:15:00Z,SOL/USDT,stop_sell,23.18911393,27.18782369,0.63046154,USDT
2023-10-09T06:30:00Z,SOL/USDT,buy,23.22160500,27.23526534,0.63244657,USDT
2023-10-09T06:45:00Z,SOL/USDT,sell,23.19839500,27.23526534,0.63181444,USDT
2023-10-09T22:00:00Z,SOL/USDT,buy,22.23111000,28.42963296,0.63202230,USDT
2023-10-09T22:45:00Z,SOL/USDT,sell,22.16891000,28.42963296,0.63025397,USDT
2023-10-10T03:00:00Z,SOL/USDT,buy,22.24111500,28.35491677,0.63064496,USDT
2023-10-10T03:00:00Z,SOL/USDT,stop_sell,22.16248464,28.35491677,0.62841541,USDT
2023-10-10T05:30:00Z,SOL/USDT,buy,22.17108000,28.50880339,0.63207096,USDT
2023-10-10T11:30:00Z,SOL/USDT,sell,22.14892000,28.50880339,0.63143921,USDT
2023-10-10T14:15:00Z,SOL/USDT,buy,22.43121000,28.12091292,0.63078610,USDT
2023-10-10T14:45:00Z,SOL/USDT,stop_sell,22.30884000,28.12091292,0.62734495,USDT
2023-10-10T21:00:00Z,SOL/USDT,buy,22.01100000,28.73154182,0.63240997,USDT
2023-10-10T21:15:00Z,SOL/USDT,sell,22.01898500,28.73154182,0.63263939,USDT
2023-10-10T21:30:00Z,SOL/USDT,buy,22.06102500,28.58451916,0.63060379,USDT
2023-10-11T02:30:00Z,SOL/USDT,stop_sell,21.93224268,28.58451916,0.62692261,USDT
2023-10-11T04:30:00Z,SOL/USDT,buy,22.14106500,28.47624926,0.63049449,USDT
2023-10-11T05:30:00Z,SOL/USDT,sell,22.14892000,28.47624926,0.63071817,USDT
2023-10-11T07:15:00Z,SOL/USDT,buy,22.00099500,28.51114903,0.62727365,USDT
2023-10-11T07:45:00Z,SOL/USDT,sell,22.03897500,28.51114903,0.62835650,USDT
2023-10-11T08:00:00Z,SOL/USDT,buy,22.06102500,28.57517331,0.63039761,USDT
2023-10-11T08:15:00Z,SOL/USDT,sell,22.04897000,28.57517331,0.63005314,USDT
2023-10-12T07:00:00Z,SOL/USDT,buy,21.76087500,28.95010007,0.62997951,USDT
2023-10-12T07:30:00Z,SOL/USDT,sell,21.71913500,28.95010007,0.62877113,USDT
2023-10-12T08:00:00Z,SOL/USDT,buy,21.65082000,29.03443095,0.62861924,USDT
2023-10-12T08:00:00Z,SOL/USDT,stop_sell,21.62668125,29.03443095,0.62791838,USDT
2023-10-12T14:15:00Z,SOL/USDT,buy,21.41070000,29.37938478,0.62903319,USDT
2023-10-12T14:15:00Z,SOL/USDT,stop_sell,21.31219571,29.37938478,0.62613920,USDT
2023-10-12T15:00:00Z,SOL/USDT,buy,21.39069000,29.44633984,0.62987753,USDT
2023-10-12T15:45:00Z,SOL/USDT,sell,21.29934500,29.44633984,0.62718775,USDT
2023-10-12T18:30:00Z,SOL/USDT,buy,21.36067500,29.47293979,0.62956189,USDT
2023-10-12T19:00:00Z,SOL/USDT,sell,21.24937000,29.47293979,0.62628140,USDT
2023-10-12T23:45:00Z,SOL/USDT,buy,21.31065000,29.48356608,0.62831396,USDT
2023-10-13T00:00:00Z,SOL/USDT,sell,21.25936500,29.48356608,0.62680189,USDT
2023-10-13T01:30:00Z,SOL/USDT,buy,21.42070500,29.36300254,0.62897622,USDT
2023-10-13T01:45:00Z,SOL/USDT,stop_sell,21.31540839,29.36300254,0.62588439,USDT
2023-10-13T08:45:00Z,SOL/USDT,buy,21.43071000,29.31935199,0.62833453,USDT
2023-10-13T14:30:00Z,SOL/USDT,stop_sell,21.34182375,29.31935199,0.62572844,USDT
2023-10-13T16:45:00Z,SOL/USDT,buy,21.53076000,29.1823202,0.62831753,USDT
2023-10-13T17:15:00Z,SOL/USDT,sell,21.48925000,29.1823202,0.62710617,USDT
2023-10-13T19:15:00Z,SOL/USDT,buy,21.49074000,29.18671465,0.62724410,USDT
2023-10-14T02:15:00Z,SOL/USDT,sell,21.94902000,29.18671465,0.64061978,USDT
2023-10-14T03:30:00Z,SOL/USDT,buy,21.91095000,28.69785347,0.62879723,USDT
2023-10-14T09:30:00Z,SOL/USDT,sell,21.92903000,28.69785347,0.62931609,USDT
2023-10-14T09:45:00Z,SOL/USDT,buy,22.03101000,28.53877613,0.62873806,USDT
2023-10-14T10:30:00Z,SOL/USDT,sell,21.95901500,28.53877613,0.62668341,USDT
2023-10-14T23:15:00Z,SOL/USDT,buy,21.96097500,28.61772413,0.62847312,USDT
2023-10-14T23:30:00Z,SOL/USDT,sell,21.93902500,28.61772413,0.62784497,USDT
2023-10-15T00:00:00Z,SOL/USDT,buy,21.96097500,28.61085588,0.62832229,USDT
2023-10-15T00:15:00Z,SOL/USDT,sell,21.83907500,28.61085588,0.62483463,USDT
2023-10-15T23:15:00Z,SOL/USDT,buy,21.85092000,28.69817197,0.62708146,USDT
2023-10-16T18:15:00Z,SOL/USDT,sell,23.51823500,28.69817197,0.67493035,USDT
2023-10-16T18:45:00Z,SOL/USDT,buy,23.60179500,26.76357658,0.63166845,USDT
2023-10-17T01:00:00Z,SOL/USDT,sell,23.77810500,26.76357658,0.63638713,USDT
2023-10-17T01:30:00Z,SOL/USDT,buy,24.01200000,26.35080609,0.63273556,USDT
2023-10-17T03:30:00Z,SOL/USDT,sell,23.92803000,26.35080609,0.63052288,USDT
2023-10-17T04:15:00Z,SOL/USDT,buy,23.89194000,26.405301,0.63087387,USDT
2023-10-17T06:15:00Z,SOL/USDT,sell,23.79809500,26.405301,0.62839586,USDT
2023-10-17T08:00:00Z,SOL/USDT,buy,24.07203000,26.2609973,0.63215551,USDT
2023-10-17T12:30:00Z,SOL/USDT,stop_sell,23.89804500,26.2609973,0.62758650,USDT
2023-10-17T19:00:00Z,SOL/USDT,buy,23.80189500,26.58454739,0.63276261,USDT
2023-10-17T22:00:00Z,SOL/USDT,sell,24.04797000,26.58454739,0.63930440,USDT
2023-10-17T23:00:00Z,SOL/USDT,buy,23.89194000,26.39092606,0.63053042,USDT
2023-10-18T00:00:00Z,SOL/USDT,sell,23.85806500,26.39092606,0.62963643,USDT
2023-10-18T05:30:00Z,SOL/USDT,buy,24.12205500,26.1323409,0.63036576,USDT
2023-10-18T06:00:00Z,SOL/USDT,sell,24.11793500,26.1323409,0.63025810,USDT
2023-10-18T19:30:00Z,SOL/USDT,buy,23.72185500,26.5904404,0.63077457,USDT
2023-10-18T20:15:00Z,SOL/USDT,stop_sell,23.63853196,26.5904404,0.62855898,USDT
2023-10-19T04:15:00Z,SOL/USDT,buy,23.49174000,26.85039403,0.63076248,USDT
2023-10-19T21:15:00Z,SOL/USDT,sell,24.87755500,26.85039403,0.66797215,USDT
2023-10-19T22:15:00Z,SOL/USDT,buy,24.89244000,25.47546771,0.63414655,USDT
2023-10-19T23:00:00Z,SOL/USDT,sell,24.79759500,25.47546771,0.63173033,USDT
2023-10-20T02:00:00Z,SOL/USDT,buy,25.03251000,25.28057346,0.63283621,USDT
2023-10-20T13:30:00Z,SOL/USDT,sell,26.59669500,25.28057346,0.67237970,USDT
2023-10-20T16:00:00Z,SOL/USDT,buy,26.83341000,23.65506217,0.63474598,USDT
2023-10-20T16:15:00Z,SOL/USDT,sell,26.70664000,23.65506217,0.63174723,USDT
2023-10-20T19:00:00Z,SOL/USDT,buy,26.84341500,23.66877893,0.63535086,USDT
2023-10-20T19:15:00Z,SOL/USDT,sell,26.75661500,23.66877893,0.63329641,USDT
2023-10-21T01:45:00Z,SOL/USDT,buy,26.81340000,23.70300464,0.63555814,USDT
2023-10-21T02:30:00Z,SOL/USDT,sell,26.74662000,23.70300464,0.63397526,USDT
2023-10-21T20:45:00Z,SOL/USDT,buy,29.50474500,21.55579779,0.63599832,USDT
2023-10-21T22:45:00Z,SOL/USDT,sell,29.72513000,21.55579779,0.64074889,USDT
2023-10-21T23:00:00Z,SOL/USDT,buy,29.67483000,21.4198607,0.63563072,USDT
2023-10-21T23:15:00Z,SOL/USDT,stop_sell,29.34567696,21.4198607,0.62858031,USDT
2023-10-21T23:30:00Z,SOL/USDT,buy,29.38468500,21.60864864,0.63496333,USDT
2023-10-21T23:45:00Z,SOL/USDT,sell,29.33532500,21.60864864,0.63389673,USDT
2023-10-22T00:15:00Z,SOL/USDT,buy,29.47473000,21.68347318,0.63911452,USDT
2023-10-22T00:45:00Z,SOL/USDT,sell,29.33532500,21.68347318,0.63609173,USDT
2023-10-22T13:45:00Z,SOL/USDT,buy,28.74436500,22.1021401,0.63531198,USDT
2023-10-22T14:45:00Z,SOL/USDT,stop_sell,28.51573500,22.1021401,0.63025877,USDT
2023-10-22T15:00:00Z,SOL/USDT,buy,28.43421000,22.21612051,0.63169784,USDT
2023-10-22T15:00:00Z,SOL/USDT,stop_sell,28.34653393,22.21612051,0.62975001,USDT
2023-10-22T16:15:00Z,SOL/USDT,buy,28.49424000,22.28523308,0.63500078,USDT
2023-10-22T18:15:00Z,SOL/USDT,sell,28.62568000,22.28523308,0.63792995,USDT
2023-10-22T21:45:00Z,SOL/USDT,buy,28.82440500,22.00353041,0.63423867,USDT
2023-10-23T00:30:00Z,SOL/USDT,sell,28.75561500,22.00353041,0.63272505,USDT
2023-10-23T01:00:00Z,SOL/USDT,buy,29.19459000,21.73170596,0.63444825,USDT
2023-10-23T08:30:00Z,SOL/USDT,sell,30.03497500,21.73170596,0.65271125,USDT
2023-10-23T19:00:00Z,SOL/USDT,buy,29.63481000,21.38219252,0.63365721,USDT
2023-10-24T03:45:00Z,SOL/USDT,sell,32.22388000,21.38219252,0.68901721,USDT
2023-10-24T15:00:00Z,SOL/USDT,buy,31.90594500,20.04894233,0.63968045,USDT
2023-10-24T15:15:00Z,SOL/USDT,stop_sell,31.40143429,20.04894233,0.62956555,USDT
2023-10-25T07:00:00Z,SOL/USDT,buy,31.64581500,20.16586254,0.63816516,USDT
2023-10-25T07:15:00Z,SOL/USDT,stop_sell,31.30326911,20.16586254,0.63125742,USDT
2023-10-25T08:30:00Z,SOL/USDT,buy,31.08553500,20.50805329,0.63750381,USDT
2023-10-25T17:00:00Z,SOL/USDT,sell,32.36381000,20.50805329,0.66371874,USDT
2023-10-25T19:00:00Z,SOL/USDT,buy,33.00649500,19.36386538,0.63913333,USDT
2023-10-25T19:15:00Z,SOL/USDT,sell,32.95351500,19.36386538,0.63810743,USDT
2023-10-26T02:30:00Z,SOL/USDT,buy,32.36617500,19.77742724,0.64011967,USDT
2023-10-26T04:30:00Z,SOL/USDT,sell,32.56371000,19.77742724,0.64402641,USDT
2023-10-26T06:30:00Z,SOL/USDT,buy,32.30614500,19.79003805,0.63933984,USDT
2023-10-26T08:15:00Z,SOL/USDT,sell,32.51373500,19.79003805,0.64344805,USDT
2023-10-26T11:00:00Z,SOL/USDT,buy,32.19609000,19.88315922,0.64015998,USDT
2023-10-26T11:15:00Z,SOL/USDT,sell,32.07395500,19.88315922,0.63773155,USDT
2023-10-26T14:15:00Z,SOL/USDT,buy,32.08603500,19.94833306,0.64006291,USDT
2023-10-26T14:30:00Z,SOL/USDT,sell,31.96401000,19.94833306,0.63762872,USDT
2023-10-26T20:00:00Z,SOL/USDT,buy,31.64581500,20.2549622,0.64098479,USDT
2023-10-27T01:45:00Z,SOL/USDT,sell,32.23387500,20.2549622,0.65289592,USDT
2023-10-27T06:45:00Z,SOL/USDT,buy,32.78638500,19.59877487,0.64257298,USDT
2023-10-27T07:45:00Z,SOL/USDT,stop_sell,32.39379500,19.59877487,0.63487870,USDT
2023-10-27T08:00:00Z,SOL/USDT,buy,32.33616000,19.75218562,0.63870983,USDT
2023-10-27T08:30:00Z,SOL/USDT,sell,32.21388500,19.75218562,0.63629464,USDT
2023-10-27T08:45:00Z,SOL/USDT,buy,32.42620500,19.73087472,0.63979739,USDT
2023-10-27T11:15:00Z,SOL/USDT,sell,32.44377000,19.73087472,0.64014396,USDT
2023-10-27T16:15:00Z,SOL/USDT,buy,32.36617500,19.71639503,0.63814429,USDT
2023-10-27T16:30:00Z,SOL/USDT,sell,32.23387500,19.71639503,0.63553581,USDT
2023-10-28T03:45:00Z,SOL/USDT,buy,32.27613000,19.77392539,0.63822579,USDT
2023-10-28T07:15:00Z,SOL/USDT,sell,32.10394000,19.77392539,0.63482091,USDT
2023-10-28T08:45:00Z,SOL/USDT,buy,32.36617500,19.73179464,0.63864272,USDT
2023-10-28T09:00:00Z,SOL/USDT,sell,32.24387000,19.73179464,0.63622942,USDT
2023-10-28T11:15:00Z,SOL/USDT,buy,32.34616500,19.74098091,0.63854503,USDT
2023-10-28T11:30:00Z,SOL/USDT,stop_sell,32.22994839,19.74098091,0.63625080,USDT
2023-10-28T12:00:00Z,SOL/USDT,buy,32.21610000,19.80568264,0.63806185,USDT
2023-10-28T12:00:00Z,SOL/USDT,stop_sell,32.06717268,19.80568264,0.63511225,USDT
2023-10-28T17:45:00Z,SOL/USDT,buy,31.78588500,20.04418737,0.63712223,USDT
2023-10-28T18:00:00Z,SOL/USDT,sell,31.68415000,20.04418737,0.63508304,USDT
2023-10-28T22:15:00Z,SOL/USDT,buy,31.79589000,19.95428269,0.63446418,USDT
2023-10-28T22:15:00Z,SOL/USDT,stop_sell,31.76411000,19.95428269,0.63383003,USDT
2023-10-29T00:30:00Z,SOL/USDT,buy,31.67583000,20.10060117,0.63670323,USDT
2023-10-29T01:00:00Z,SOL/USDT,sell,31.70414000,20.10060117,0.63727227,USDT
2023-10-29T03:15:00Z,SOL/USDT,buy,31.75587000,20.06083959,0.63704941,USDT
2023-10-29T03:45:00Z,SOL/USDT,stop_sell,31.57563286,20.06083959,0.63343371,USDT
2023-10-29T04:00:00Z,SOL/USDT,buy,31.58578500,20.16922565,0.63706082,USDT
2023-10-29T10:45:00Z,SOL/USDT,sell,32.15391500,20.16922565,0.64851957,USDT
2023-10-29T11:00:00Z,SOL/USDT,buy,32.16607500,19.81208003,0.63727685,USDT
2023-10-29T11:30:00Z,SOL/USDT,sell,32.20389000,19.81208003,0.63802605,USDT
2023-10-29T12:30:00Z,SOL/USDT,buy,32.24611500,19.73103795,0.63624932,USDT
2023-10-29T12:30:00Z,SOL/USDT,stop_sell,32.21388500,19.73103795,0.63561339,USDT
2023-10-29T12:45:00Z,SOL/USDT,buy,32.31615000,19.72631276,0.63747848,USDT
2023-10-29T13:15:00Z,SOL/USDT,stop_sell,32.23030536,19.72631276,0.63578508,USDT
2023-10-29T16:00:00Z,SOL/USDT,buy,32.59629000,19.54949568,0.63724103,USDT
2023-10-29T21:00:00Z,SOL/USDT,sell,32.76361000,19.54949568,0.64051205,USDT
2023-10-29T21:15:00Z,SOL/USDT,buy,32.81640000,19.40548373,0.63681812,USDT
2023-10-29T21:30:00Z,SOL/USDT,stop_sell,32.66794357,19.40548373,0.63393725,USDT
2023-10-30T00:15:00Z,SOL/USDT,buy,32.86642500,19.38355862,0.63706828,USDT
2023-10-30T00:30:00Z,SOL/USDT,sell,32.66366000,19.38355862,0.63313797,USDT
2023-10-30T02:15:00Z,SOL/USDT,buy,32.77638000,19.37679232,0.63510111,USDT
2023-10-30T02:15:00Z,SOL/USDT,stop_sell,32.64795357,19.37679232,0.63261262,USDT
2023-10-30T08:30:00Z,SOL/USDT,buy,32.98648500,19.2912758,0.63635138,USDT
2023-10-30T14:15:00Z,SOL/USDT,sell,34.87255500,19.2912758,0.67273608,USDT
2023-10-30T15:45:00Z,SOL/USDT,buy,34.99749000,18.27343856,0.63952448,USDT
2023-10-30T16:45:00Z,SOL/USDT,sell,34.85256500,18.27343856,0.63687621,USDT
2023-10-30T18:00:00Z,SOL/USDT,buy,34.88743500,18.32210725,0.63921133,USDT
2023-10-30T18:15:00Z,SOL/USDT,sell,34.79259500,18.32210725,0.63747366,USDT
2023-10-30T18:45:00Z,SOL/USDT,buy,34.90744500,18.29419001,0.63860343,USDT
2023-10-30T19:00:00Z,SOL/USDT,sell,34.84257000,18.29419001,0.63741660,USDT
2023-10-30T19:15:00Z,SOL/USDT,buy,34.91745000,18.32530905,0.63987306,USDT
2023-10-30T20:00:00Z,SOL/USDT,sell,34.78260000,18.32530905,0.63740189,USDT
2023-10-30T21:30:00Z,SOL/USDT,buy,34.93746000,18.26424357,0.63810628,USDT
2023-10-30T22:45:00Z,SOL/USDT,sell,34.87255500,18.26424357,0.63692084,USDT
2023-10-31T09:00:00Z,SOL/USDT,buy,36.21810000,17.61299857,0.63790934,USDT
2023-10-31T13:30:00Z,SOL/USDT,sell,36.09194500,17.61299857,0.63568738,USDT
2023-10-31T14:15:00Z,SOL/USDT,buy,36.33816000,17.59069564,0.63921351,USDT
2023-10-31T14:30:00Z,SOL/USDT,stop_sell,35.91203500,17.59069564,0.63171768,USDT
2023-10-31T18:30:00Z,SOL/USDT,buy,36.22810500,17.58104285,0.63692787,USDT
2023-10-31T19:00:00Z,SOL/USDT,sell,36.23187500,17.58104285,0.63699415,USDT
2023-10-31T19:30:00Z,SOL/USDT,buy,36.35817000,17.5154912,0.63683121,USDT
2023-10-31T20:00:00Z,SOL/USDT,sell,36.31183500,17.5154912,0.63601963,USDT
2023-10-31T20:45:00Z,SOL/USDT,buy,36.78838500,17.37226852,0.63909770,USDT
2023-11-01T04:30:00Z,SOL/USDT,sell,38.15091500,17.37226852,0.66276794,USDT
2023-11-01T05:00:00Z,SOL/USDT,buy,38.35917000,16.63978267,0.63828825,USDT
2023-11-01T05:15:00Z,SOL/USDT,stop_sell,38.00634446,16.63978267,0.63241731,USDT
2023-11-01T07:15:00Z,SOL/USDT,buy,38.27913000,16.6683486,0.63804988,USDT
2023-11-01T08:15:00Z,SOL/USDT,sell,38.10094000,16.6683486,0.63507975,USDT
2023-11-01T08:30:00Z,SOL/USDT,buy,38.40919500,16.60304515,0.63770960,USDT
2023-11-01T12:30:00Z,SOL/USDT,sell,38.95051500,16.60304515,0.64669716,USDT
2023-11-01T12:45:00Z,SOL/USDT,buy,39.02950500,16.3801008,0.63930723,USDT
2023-11-01T22:15:00Z,SOL/USDT,sell,43.15841000,16.3801008,0.70693911,USDT
2023-11-01T22:30:00Z,SOL/USDT,buy,43.02150000,14.95683665,0.64346555,USDT
2023-11-01T22:45:00Z,SOL/USDT,sell,42.67865000,14.95683665,0.63833760,USDT
2023-11-02T04:30:00Z,SOL/USDT,buy,42.48123000,15.13854406,0.64310397,USDT
2023-11-02T05:00:00Z,SOL/USDT,stop_sell,41.93402250,15.13854406,0.63482005,USDT
2023-11-02T05:15:00Z,SOL/USDT,buy,41.91094500,15.32266048,0.64218718,USDT
2023-11-02T05:45:00Z,SOL/USDT,sell,41.89904000,15.32266048,0.64200476,USDT
2023-11-02T06:15:00Z,SOL/USDT,buy,42.22110000,15.25793911,0.64420697,USDT
2023-11-02T13:15:00Z,SOL/USDT,sell,43.00848500,15.25793911,0.65622085,USDT
2023-11-02T23:15:00Z,SOL/USDT,buy,40.06002000,16.0571213,0.64324860,USDT
2023-11-02T23:30:00Z,SOL/USDT,sell,40.03997000,16.0571213,0.64292666,USDT
2023-11-03T11:30:00Z,SOL/USDT,buy,39.01950000,16.47377807,0.64279858,USDT
2023-11-03T12:15:00Z,SOL/USDT,sell,38.96051000,16.47377807,0.64182680,USDT
2023-11-03T12:30:00Z,SOL/USDT,buy,39.51975000,16.26067928,0.64261798,USDT
2023-11-03T13:45:00Z,SOL/USDT,sell,39.10044000,16.26067928,0.63579971,USDT
2023-11-03T14:00:00Z,SOL/USDT,buy,39.62980500,16.17466844,0.64099896,USDT
2023-11-03T16:30:00Z,SOL/USDT,sell,39.68015000,16.17466844,0.64181327,USDT
2023-11-03T17:00:00Z,SOL/USDT,buy,39.77988000,16.14929819,0.64241714,USDT
2023-11-03T17:15:00Z,SOL/USDT,sell,39.58020000,16.14929819,0.63919245,USDT
2023-11-04T02:00:00Z,SOL/USDT,buy,40.27012500,15.90404546,0.64045790,USDT
2023-11-04T12:15:00Z,SOL/USDT,sell,41.35931000,15.90404546,0.65778035,USDT
2023-11-04T16:45:00Z,SOL/USDT,buy,41.64081000,15.44179404,0.64300881,USDT
2023-11-04T17:30:00Z,SOL/USDT,sell,41.35931000,15.44179404,0.63866195,USDT
2023-11-04T21:45:00Z,SOL/USDT,buy,41.89093500,15.29861251,0.64087318,USDT
2023-11-05T00:30:00Z,SOL/USDT,sell,41.87905000,15.29861251,0.64069136,USDT
2023-11-05T00:45:00Z,SOL/USDT,buy,42.20109000,15.2413508,0.64320162,USDT
2023-11-05T01:00:00Z,SOL/USDT,sell,41.85906000,15.2413508,0.63798862,USDT
2023-11-05T11:30:00Z,SOL/USDT,buy,41.71084500,15.38609165,0.64176688,USDT
2023-11-05T13:15:00Z,SOL/USDT,sell,41.48924500,15.38609165,0.63835733,USDT
2023-11-05T13:30:00Z,SOL/USDT,buy,41.41069500,15.48106704,0.64108175,USDT
2023-11-05T13:45:00Z,SOL/USDT,stop_sell,41.12906804,15.48106704,0.63672186,USDT
2023-11-06T10:15:00Z,SOL/USDT,buy,40.47022500,15.83732932,0.64094028,USDT
2023-11-06T11:00:00Z,SOL/USDT,sell,40.30983500,15.83732932,0.63840013,USDT
2023-11-06T13:00:00Z,SOL/USDT,buy,40.54026000,15.80632959,0.64079271,USDT
2023-11-06T13:15:00Z,SOL/USDT,stop_sell,40.24451054,15.80632959,0.63611800,USDT
2023-11-06T19:30:00Z,SOL/USDT,buy,40.27012500,15.89660328,0.64015820,USDT
2023-11-06T20:00:00Z,SOL/USDT,sell,40.40978500,15.89660328,0.64237832,USDT
2023-11-07T01:00:00Z,SOL/USDT,buy,41.73085500,15.3272644,0.63961985,USDT
2023-11-07T02:15:00Z,SOL/USDT,stop_sell,41.17868607,15.3272644,0.63115661,USDT
2023-11-07T07:15:00Z,SOL/USDT,buy,41.57077500,15.46418019,0.64285796,USDT
2023-11-07T09:30:00Z,SOL/USDT,stop_sell,40.97414554,15.46418019,0.63363157,USDT
2023-11-07T11:15:00Z,SOL/USDT,buy,41.43070500,15.41773762,0.63876774,USDT
2023-11-07T11:30:00Z,SOL/USDT,sell,41.22937500,15.41773762,0.63566369,USDT
2023-11-07T13:30:00Z,SOL/USDT,buy,41.81089500,15.27278091,0.63856864,USDT
2023-11-07T15:30:00Z,SOL/USDT,stop_sell,41.30469446,15.27278091,0.63083755,USDT
2023-11-07T15:45:00Z,SOL/USDT,buy,40.95046500,15.5534298,0.63692018,USDT
2023-11-07T16:00:00Z,SOL/USDT,sell,41.17940000,15.5534298,0.64048091,USDT
2023-11-07T16:30:00Z,SOL/USDT,buy,41.61079500,15.3554971,0.63895444,USDT
2023-11-07T22:45:00Z,SOL/USDT,sell,43.07845000,15.3554971,0.66149101,USDT
2023-11-09T02:45:00Z,SOL/USDT,buy,43.63180500,14.65838474,0.63957178,USDT
2023-11-09T15:30:00Z,SOL/USDT,sell,46.36680500,14.65838474,0.67966247,USDT
2023-11-09T21:15:00Z,SOL/USDT,buy,45.24261000,14.25543376,0.64495303,USDT
2023-11-09T21:30:00Z,SOL/USDT,sell,44.99749000,14.25543376,0.64145874,USDT
2023-11-09T22:00:00Z,SOL/USDT,buy,45.06252000,14.24062202,0.64171831,USDT
2023-11-09T22:30:00Z,SOL/USDT,sell,45.19739000,14.24062202,0.64363895,USDT
2023-11-10T02:30:00Z,SOL/USDT,buy,46.18308000,13.9416954,0.64387043,USDT
2023-11-10T08:15:00Z,SOL/USDT,sell,46.76660500,13.9416954,0.65200576,USDT
2023-11-10T12:45:00Z,SOL/USDT,buy,51.10554000,12.53752562,0.64073702,USDT
2023-11-10T13:45:00Z,SOL/USDT,stop_sell,50.17775571,12.53752562,0.62910490,USDT
2023-11-10T19:45:00Z,SOL/USDT,buy,53.94696000,11.87540559,0.64064203,USDT
2023-11-11T03:45:00Z,SOL/USDT,sell,55.72212500,11.87540559,0.66172283,USDT
2023-11-11T06:45:00Z,SOL/USDT,buy,55.49773500,11.6227934,0.64503871,USDT
2023-11-11T07:00:00Z,SOL/USDT,sell,55.44226500,11.6227934,0.64439399,USDT
2023-11-11T09:15:00Z,SOL/USDT,buy,55.18758000,11.65158961,0.64302303,USDT
2023-11-11T09:45:00Z,SOL/USDT,sell,54.72262500,11.65158961,0.63760557,USDT
2023-11-11T10:30:00Z,SOL/USDT,buy,54.66732000,11.77851369,0.64389978,USDT
2023-11-11T11:15:00Z,SOL/USDT,sell,54.92252500,11.77851369,0.64690571,USDT
2023-11-11T11:30:00Z,SOL/USDT,buy,55.36767000,11.60230381,0.64239253,USDT
2023-11-11T18:45:00Z,SOL/USDT,sell,58.88054500,11.60230381,0.68314997,USDT
2023-11-12T05:15:00Z,SOL/USDT,buy,57.10854000,11.3199038,0.64646318,USDT
2023-11-12T12:15:00Z,SOL/USDT,sell,59.65016000,11.3199038,0.67523407,USDT
2023-11-13T00:30:00Z,SOL/USDT,buy,55.97797500,11.51795963,0.64475206,USDT
2023-11-13T00:45:00Z,SOL/USDT,sell,56.27185000,11.51795963,0.64813690,USDT
2023-11-13T01:15:00Z,SOL/USDT,buy,58.30914000,11.1157558,0.64815016,USDT
2023-11-13T03:15:00Z,SOL/USDT,sell,57.43127000,11.1157558,0.63839197,USDT
2023-11-13T04:15:00Z,SOL/USDT,buy,56.97847500,11.34983033,0.64669602,USDT
2023-11-13T06:00:00Z,SOL/USDT,sell,58.25086000,11.34983033,0.66113738,USDT
2023-11-13T07:30:00Z,SOL/USDT,buy,58.30914000,11.11099792,0.64787273,USDT
2023-11-13T10:30:00Z,SOL/USDT,sell,57.61118000,11.11099792,0.64011770,USDT
2023-11-14T01:45:00Z,SOL/USDT,buy,54.22710000,11.95312162,0.64818312,USDT
2023-11-14T06:30:00Z,SOL/USDT,sell,54.26285500,11.95312162,0.64861051,USDT
2023-11-14T07:00:00Z,SOL/USDT,buy,54.48723000,11.86856462,0.64668521,USDT
2023-11-14T09:45:00Z,SOL/USDT,stop_sell,54.04153714,11.86856462,0.64139548,USDT
2023-11-14T10:00:00Z,SOL/USDT,buy,54.25711500,11.88506595,0.64484939,USDT
2023-11-14T10:30:00Z,SOL/USDT,sell,54.13292000,11.88506595,0.64337332,USDT
2023-11-14T14:00:00Z,SOL/USDT,buy,55.72785000,11.61422932,0.64723603,USDT
2023-11-14T17:00:00Z,SOL/USDT,stop_sell,54.44276500,11.61422932,0.63231076,USDT
2023-11-14T17:15:00Z,SOL/USDT,buy,54.77737500,11.77710824,0.64511907,USDT
2023-11-14T18:45:00Z,SOL/USDT,sell,53.52322500,11.77710824,0.63034881,USDT
2023-11-14T21:45:00Z,SOL/USDT,buy,56.15806500,11.49766296,0.64568650,USDT
2023-11-15T03:45:00Z,SOL/USDT,sell,56.34181500,11.49766296,0.64779920,USDT
2023-11-15T13:30:00Z,SOL/USDT,buy,62.33115000,10.33787543,0.64437166,USDT
2023-11-15T16:30:00Z,SOL/USDT,sell,62.00898000,10.33787543,0.64104111,USDT
2023-11-15T21:00:00Z,SOL/USDT,buy,66.04300500,9.75125529,0.64400220,USDT
2023-11-15T22:00:00Z,SOL/USDT,stop_sell,64.53236054,9.75125529,0.62927152,USDT
2023-11-15T23:15:00Z,SOL/USDT,buy,65.38267500,9.83014607,0.64272125,USDT
2023-11-16T01:00:00Z,SOL/USDT,sell,65.16740000,9.83014607,0.64060506,USDT
2023-11-16T02:15:00Z,SOL/USDT,buy,65.91294000,9.7469351,0.64244915,USDT
2023-11-16T04:15:00Z,SOL/USDT,stop_sell,64.96678607,9.7469351,0.63322705,USDT
2023-11-16T05:00:00Z,SOL/USDT,buy,65.05251000,9.85838989,0.64131301,USDT
2023-11-16T05:15:00Z,SOL/USDT,sell,65.08744000,9.85838989,0.64165736,USDT
2023-11-16T05:45:00Z,SOL/USDT,buy,65.59278000,9.78652584,0.64192544,USDT
2023-11-16T08:00:00Z,SOL/USDT,sell,65.82707000,9.78652584,0.64421832,USDT
2023-11-16T08:15:00Z,SOL/USDT,buy,66.03300000,9.7165714,0.64161436,USDT
2023-11-16T08:15:00Z,SOL/USDT,stop_sell,65.06102464,9.7165714,0.63217009,USDT
2023-11-16T09:15:00Z,SOL/USDT,buy,65.14255500,9.8392421,0.64095337,USDT
2023-11-16T09:30:00Z,SOL/USDT,sell,64.87754500,9.8392421,0.63834587,USDT
2023-11-16T10:00:00Z,SOL/USDT,buy,65.46271500,9.78336122,0.64044539,USDT
2023-11-16T10:45:00Z,SOL/USDT,sell,65.37729500,9.78336122,0.63960969,USDT
2023-11-16T20:15:00Z,SOL/USDT,buy,63.13155000,10.14193446,0.64027604,USDT
2023-11-16T20:15:00Z,SOL/USDT,stop_sell,62.00612429,10.14193446,0.62886205,USDT
2023-11-16T20:30:00Z,SOL/USDT,buy,62.11104000,10.30384477,0.63998251,USDT
2023-11-16T21:00:00Z,SOL/USDT,sell,61.42927000,10.30384477,0.63295766,USDT
2023-11-17T04:30:00Z,SOL/USDT,buy,59.36967000,10.8219327,0.64249457,USDT
2023-11-17T05:30:00Z,SOL/USDT,sell,59.40028500,10.8219327,0.64282589,USDT
2023-11-17T19:30:00Z,SOL/USDT,buy,57.54876000,11.11848902,0.63985526,USDT
2023-11-17T23:45:00Z,SOL/USDT,sell,58.34081500,11.11848902,0.64866171,USDT
2023-11-18T00:45:00Z,SOL/USDT,buy,57.70884000,11.08070607,0.63945469,USDT
2023-11-18T01:00:00Z,SOL/USDT,sell,57.25136000,11.08070607,0.63438549,USDT
2023-11-18T10:30:00Z,SOL/USDT,buy,57.06852000,11.16291119,0.63705082,USDT
2023-11-18T13:00:00Z,SOL/USDT,stop_sell,56.58704946,11.16291119,0.63167621,USDT
2023-11-18T13:15:00Z,SOL/USDT,buy,56.44821000,11.30185707,0.63796960,USDT
2023-11-18T13:15:00Z,SOL/USDT,stop_sell,55.82992821,11.30185707,0.63098187,USDT
2023-11-18T16:15:00Z,SOL/USDT,buy,58.77937500,10.86650622,0.63872644,USDT
2023-11-18T17:00:00Z,SOL/USDT,stop_sell,57.70970214,10.86650622,0.62710284,USDT
2023-11-18T21:45:00Z,SOL/USDT,buy,58.59928500,10.8526208,0.63595582,USDT
2023-11-18T22:15:00Z,SOL/USDT,stop_sell,58.08915518,10.8526208,0.63041957,USDT
2023-11-18T22:30:00Z,SOL/USDT,buy,58.40919000,10.90660538,0.63704599,USDT
2023-11-18T23:30:00Z,SOL/USDT,sell,58.39079000,10.90660538,0.63684530,USDT
2023-11-19T10:45:00Z,SOL/USDT,buy,60.19008000,10.57078572,0.63625644,USDT
2023-11-19T11:30:00Z,SOL/USDT,sell,59.48024500,10.57078572,0.62875292,USDT
2023-11-19T18:00:00Z,SOL/USDT,buy,59.93995500,10.62985174,0.63715283,USDT
2023-11-19T19:30:00Z,SOL/USDT,sell,60.44976000,10.62985174,0.64257199,USDT
2023-11-20T12:45:00Z,SOL/USDT,buy,60.04000500,10.60343299,0.63663017,USDT
2023-11-20T14:00:00Z,SOL/USDT,sell,59.66015500,10.60343299,0.63260246,USDT
2023-11-21T00:00:00Z,SOL/USDT,buy,57.01849500,11.12385357,0.63426539,USDT
2023-11-21T00:15:00Z,SOL/USDT,sell,57.08144500,11.12385357,0.63496564,USDT
2023-11-21T09:00:00Z,SOL/USDT,buy,56.27812500,11.27323374,0.63443646,USDT
2023-11-21T13:30:00Z,SOL/USDT,stop_sell,55.86669554,11.27323374,0.62979832,USDT
2023-11-22T03:00:00Z,SOL/USDT,buy,53.92695000,11.7425581,0.63324034,USDT
2023-11-22T11:15:00Z,SOL/USDT,sell,54.69264000,11.7425581,0.64223150,USDT
2023-11-22T12:00:00Z,SOL/USDT,buy,54.57727500,11.64188173,0.63538218,USDT
2023-11-22T12:15:00Z,SOL/USDT,sell,54.71263000,11.64188173,0.63695797,USDT
2023-11-22T13:30:00Z,SOL/USDT,buy,54.72735000,11.59977463,0.63482493,USDT
2023-11-22T13:45:00Z,SOL/USDT,sell,55.02247500,11.59977463,0.63824831,USDT
2023-11-22T15:30:00Z,SOL/USDT,buy,55.21759500,11.50827792,0.63545943,USDT
2023-11-22T15:45:00Z,SOL/USDT,sell,54.84256500,11.50827792,0.63114348,USDT
2023-11-22T17:30:00Z,SOL/USDT,buy,55.26762000,11.49809874,0.63547255,USDT
2023-11-22T17:45:00Z,SOL/USDT,sell,55.04246500,11.49809874,0.63288370,USDT
2023-11-22T19:00:00Z,SOL/USDT,buy,56.37817500,11.23196089,0.63323746,USDT
2023-11-23T00:45:00Z,SOL/USDT,sell,57.25136000,11.23196089,0.64304504,USDT
2023-11-23T01:00:00Z,SOL/USDT,buy,57.33865500,11.07728172,0.63515643,USDT
2023-11-23T01:45:00Z,SOL/USDT,sell,58.26085500,11.07728172,0.64537190,USDT
2023-11-23T10:15:00Z,SOL/USDT,buy,58.44921000,10.86788322,0.63521919,USDT
2023-11-23T10:30:00Z,SOL/USDT,stop_sell,57.97742536,10.86788322,0.63009189,USDT
2023-11-24T04:15:00Z,SOL/USDT,buy,57.24861000,11.09825938,0.63535992,USDT
2023-11-24T05:00:00Z,SOL/USDT,stop_sell,56.90224893,11.09825938,0.63151592,USDT
2023-11-24T06:45:00Z,SOL/USDT,buy,57.18858000,11.09499181,0.63450683,USDT
2023-11-24T07:00:00Z,SOL/USDT,sell,56.86155500,11.09499181,0.63087849,USDT
2023-11-24T10:15:00Z,SOL/USDT,buy,58.09903500,10.93332242,0.63521548,USDT
2023-11-24T13:00:00Z,SOL/USDT,stop_sell,57.55906321,10.93332242,0.62931180,USDT
2023-11-24T13:15:00Z,SOL/USDT,buy,57.84891000,10.96312416,0.63420478,USDT
2023-11-24T14:00:00Z,SOL/USDT,sell,57.76110500,10.96312416,0.63324217,USDT
2023-11-24T19:15:00Z,SOL/USDT,buy,57.51874500,11.01913674,0.63380692,USDT
2023-11-24T19:30:00Z,SOL/USDT,sell,57.16140500,11.01913674,0.62986934,USDT
2023-11-25T15:15:00Z,SOL/USDT,buy,58.39918500,10.84588095,0.63339061,USDT
2023-11-25T22:15:00Z,SOL/USDT,sell,58.84056500,10.84588095,0.63817776,USDT
2023-11-26T20:45:00Z,SOL/USDT,buy,57.66882000,10.9881214,0.63367200,USDT
2023-11-27T01:30:00Z,SOL/USDT,sell,57.59119000,10.9881214,0.63281899,USDT
2023-11-27T17:15:00Z,SOL/USDT,buy,55.17757500,11.48115608,0.63350235,USDT
2023-11-27T18:00:00Z,SOL/USDT,sell,54.86255500,11.48115608,0.62988556,USDT
2023-11-27T18:30:00Z,SOL/USDT,buy,54.86742000,11.5389377,0.63311174,USDT
2023-11-27T18:45:00Z,SOL/USDT,sell,54.66265500,11.5389377,0.63074897,USDT
2023-11-27T19:45:00Z,SOL/USDT,buy,54.18708000,11.61412436,0.62933549,USDT
2023-11-27T19:45:00Z,SOL/USDT,stop_sell,54.00655464,11.61412436,0.62723884,USDT
2023-11-27T21:15:00Z,SOL/USDT,buy,54.45721500,11.60706729,0.63208856,USDT
2023-11-27T21:30:00Z,SOL/USDT,sell,54.55271000,11.60706729,0.63319698,USDT
2023-11-28T00:15:00Z,SOL/USDT,buy,54.86742000,11.53062932,0.63265588,USDT
2023-11-28T04:30:00Z,SOL/USDT,sell,54.93252000,11.53062932,0.63340653,USDT
2023-11-28T08:00:00Z,SOL/USDT,buy,55.14756000,11.46505572,0.63226985,USDT
2023-11-28T08:30:00Z,SOL/USDT,sell,55.14241500,11.46505572,0.63221086,USDT
2023-11-28T09:30:00Z,SOL/USDT,buy,55.10754000,11.47770646,0.63250817,USDT
2023-11-28T15:15:00Z,SOL/USDT,sell,55.90203500,11.47770646,0.64162715,USDT
2023-11-28T17:30:00Z,SOL/USDT,buy,57.93895500,10.94834543,0.63433569,USDT
2023-11-28T23:00:00Z,SOL/USDT,sell,57.80108500,10.94834543,0.63282624,USDT
2023-11-28T23:15:00Z,SOL/USDT,buy,57.91894500,10.92937193,0.63301769,USDT
2023-11-28T23:30:00Z,SOL/USDT,sell,57.73112000,10.92937193,0.63096488,USDT
2023-11-28T23:45:00Z,SOL/USDT,buy,57.78888000,10.95128028,0.63286222,USDT
2023-11-29T00:15:00Z,SOL/USDT,sell,57.70113500,10.95128028,0.63190130,USDT
2023-11-29T00:45:00Z,SOL/USDT,buy,58.08903000,10.86725164,0.63126811,USDT
2023-11-29T01:30:00Z,SOL/USDT,sell,58.26085500,10.86725164,0.63313537,USDT
2023-11-29T02:00:00Z,SOL/USDT,buy,58.35916500,10.82898038,0.63197025,USDT
2023-11-29T05:45:00Z,SOL/USDT,sell,58.28084500,10.82898038,0.63112213,USDT
2023-11-29T06:00:00Z,SOL/USDT,buy,58.58928000,10.79280422,0.63234263,USDT
2023-11-29T13:45:00Z,SOL/USDT,sell,60.31982500,10.79280422,0.65102006,USDT
2023-11-29T14:15:00Z,SOL/USDT,buy,61.14055500,10.3212225,0.63104527,USDT
2023-11-29T14:15:00Z,SOL/USDT,stop_sell,60.79280268,10.3212225,0.62745604,USDT
2023-11-30T02:15:00Z,SOL/USDT,buy,59.64981000,10.6319905,0.63419621,USDT
2023-11-30T08:15:00Z,SOL/USDT,sell,59.79009000,10.6319905,0.63568767,USDT
2023-11-30T14:00:00Z,SOL/USDT,buy,60.19008000,10.48956116,0.63136753,USDT
2023-11-30T14:00:00Z,SOL/USDT,stop_sell,59.72512250,10.48956116,0.62649033,USDT
2023-11-30T14:15:00Z,SOL/USDT,buy,60.08002500,10.53029163,0.63266018,USDT
2023-11-30T15:00:00Z,SOL/USDT,sell,59.56020500,10.53029163,0.62718633,USDT
2023-12-01T09:45:00Z,SOL/USDT,buy,61.19058000,10.34731651,0.63315830,USDT
2023-12-01T11:15:00Z,SOL/USDT,sell,61.07944500,10.34731651,0.63200835,USDT
2023-12-02T12:15:00Z,SOL/USDT,buy,62.00098500,10.18899048,0.63172745,USDT
2023-12-02T14:30:00Z,SOL/USDT,sell,62.09893500,10.18899048,0.63272546,USDT
2023-12-02T22:45:00Z,SOL/USDT,buy,62.93145000,10.03169914,0.63130937,USDT
2023-12-03T05:45:00Z,SOL/USDT,sell,64.22787000,10.03169914,0.64431467,USDT
2023-12-03T20:45:00Z,SOL/USDT,buy,62.98147500,10.01162318,0.63054680,USDT
2023-12-03T20:45:00Z,SOL/USDT,stop_sell,62.84570429,10.01162318,0.62918751,USDT
2023-12-03T22:00:00Z,SOL/USDT,buy,63.12154500,10.04167905,0.63384630,USDT
2023-12-03T22:45:00Z,SOL/USDT,sell,63.28834000,10.04167905,0.63552120,USDT
2023-12-03T23:30:00Z,SOL/USDT,buy,63.08152500,10.03582021,0.63307484,USDT
2023-12-04T05:15:00Z,SOL/USDT,sell,64.94751000,10.03582021,0.65180153,USDT
2023-12-04T05:30:00Z,SOL/USDT,buy,65.13255000,9.73660115,0.63416966,USDT
2023-12-04T05:30:00Z,SOL/USDT,stop_sell,64.63373839,9.73660115,0.62931293,USDT
2023-12-04T05:45:00Z,SOL/USDT,buy,65.19258000,9.72012151,0.63367980,USDT
2023-12-04T06:00:00Z,SOL/USDT,stop_sell,64.66265250,9.72012151,0.62852884,USDT
2023-12-04T21:15:00Z,SOL/USDT,buy,61.43070000,10.31036273,0.63337280,USDT
2023-12-04T22:30:00Z,SOL/USDT,sell,61.76910000,10.31036273,0.63686183,USDT
2023-12-05T00:15:00Z,SOL/USDT,buy,61.29063000,10.33177032,0.63324071,USDT
2023-12-05T01:15:00Z,SOL/USDT,sell,61.51922500,10.33177032,0.63560250,USDT
2023-12-05T11:15:00Z,SOL/USDT,buy,60.38017500,10.49245945,0.63353654,USDT
2023-12-05T11:30:00Z,SOL/USDT,stop_sell,59.94251375,10.49245945,0.62894439,USDT
2023-12-05T11:45:00Z,SOL/USDT,buy,60.17007000,10.52131438,0.63306822,USDT
2023-12-05T15:15:00Z,SOL/USDT,sell,60.24986000,10.52131438,0.63390772,USDT
2023-12-05T16:15:00Z,SOL/USDT,buy,60.84040500,10.3894307,0.63209717,USDT
2023-12-05T16:45:00Z,SOL/USDT,sell,60.96950000,10.3894307,0.63343840,USDT
2023-12-06T01:00:00Z,SOL/USDT,buy,63.17157000,10.02723871,0.63343641,USDT
2023-12-06T05:45:00Z,SOL/USDT,sell,62.76860000,10.02723871,0.62939574,USDT
2023-12-06T06:45:00Z,SOL/USDT,buy,63.85191000,9.90589485,0.63251031,USDT
2023-12-06T07:00:00Z,SOL/USDT,stop_sell,63.11235661,9.90589485,0.62518437,USDT
2023-12-06T07:15:00Z,SOL/USDT,buy,63.23160000,9.99378887,0.63192326,USDT
2023-12-06T07:45:00Z,SOL/USDT,sell,63.18839000,9.99378887,0.63149143,USDT
2023-12-06T08:00:00Z,SOL/USDT,buy,63.41169000,9.9569768,0.63138873,USDT
2023-12-06T11:00:00Z,SOL/USDT,stop_sell,62.66186768,9.9569768,0.62392276,USDT
2023-12-06T16:00:00Z,SOL/USDT,buy,62.65131000,10.07466769,0.63119113,USDT
2023-12-06T16:15:00Z,SOL/USDT,sell,62.57869500,10.07466769,0.63045956,USDT
2023-12-06T18:00:00Z,SOL/USDT,buy,63.50173500,9.90907967,0.62924375,USDT
2023-12-06T18:45:00Z,SOL/USDT,sell,63.17839500,9.90907967,0.62603975,USDT
2023-12-06T19:15:00Z,SOL/USDT,buy,63.41169000,9.94881586,0.63087123,USDT
2023-12-06T22:30:00Z,SOL/USDT,sell,63.57819500,9.94881586,0.63252775,USDT
2023-12-07T04:45:00Z,SOL/USDT,buy,63.47172000,9.91019731,0.62901727,USDT
2023-12-07T06:00:00Z,SOL/USDT,sell,63.40828000,9.91019731,0.62838857,USDT
2023-12-07T06:30:00Z,SOL/USDT,buy,63.39168000,9.94850084,0.63065218,USDT
2023-12-07T08:15:00Z,SOL/USDT,stop_sell,62.95993286,9.94850084,0.62635694,USDT
2023-12-07T08:30:00Z,SOL/USDT,buy,63.16156500,9.95720984,0.62891296,USDT
2023-12-07T08:45:00Z,SOL/USDT,stop_sell,62.85462839,9.95720984,0.62585672,USDT
2023-12-07T11:30:00Z,SOL/USDT,buy,63.51174000,9.92037677,0.63006039,USDT
2023-12-07T20:30:00Z,SOL/USDT,sell,65.00748000,9.92037677,0.64489869,USDT
2023-12-07T21:00:00Z,SOL/USDT,buy,65.53275000,9.62930898,0.63103510,USDT
2023-12-08T08:30:00Z,SOL/USDT,sell,71.31432500,9.62930898,0.68670767,USDT
2023-12-08T20:30:00Z,SOL/USDT,buy,72.71634000,8.73497044,0.63517508,USDT
2023-12-08T21:30:00Z,SOL/USDT,sell,73.23336500,8.73497044,0.63969128,USDT
2023-12-08T23:45:00Z,SOL/USDT,buy,74.89743000,8.47719972,0.63492047,USDT
2023-12-09T00:30:00Z,SOL/USDT,stop_sell,74.24892839,8.47719972,0.62942299,USDT
2023-12-09T01:15:00Z,SOL/USDT,buy,73.27662000,8.65722316,0.63437205,USDT
2023-12-09T04:15:00Z,SOL/USDT,sell,73.72312000,8.65722316,0.63823750,USDT
2023-12-09T05:30:00Z,SOL/USDT,buy,74.61729000,8.51024192,0.63501119,USDT
2023-12-09T12:45:00Z,SOL/USDT,sell,76.59168500,8.51024192,0.65181377,USDT
2023-12-09T13:30:00Z,SOL/USDT,buy,76.26811500,8.34011019,0.63608448,USDT
2023-12-09T14:30:00Z,SOL/USDT,stop_sell,75.35159107,8.34011019,0.62844057,USDT
2023-12-09T23:00:00Z,SOL/USDT,buy,73.99698000,8.58874004,0.63554082,USDT
2023-12-09T23:15:00Z,SOL/USDT,sell,73.43326500,8.58874004,0.63069922,USDT
2023-12-10T02:00:00Z,SOL/USDT,buy,73.32664500,8.65115456,0.63436014,USDT
2023-12-10T02:15:00Z,SOL/USDT,sell,72.85355500,8.65115456,0.63026736,USDT
2023-12-10T05:00:00Z,SOL/USDT,buy,73.25661000,8.66184248,0.63453722,USDT
2023-12-10T05:30:00Z,SOL/USDT,sell,73.33331500,8.66184248,0.63520162,USDT
2023-12-10T06:00:00Z,SOL/USDT,buy,73.38667500,8.62583895,0.63302164,USDT
2023-12-10T06:15:00Z,SOL/USDT,sell,73.16340000,8.62583895,0.63109571,USDT
2023-12-10T12:30:00Z,SOL/USDT,buy,72.14605500,8.78000659,0.63344284,USDT
2023-12-10T12:45:00Z,SOL/USDT,sell,72.49373500,8.78000659,0.63649547,USDT
2023-12-10T13:00:00Z,SOL/USDT,buy,72.60628500,8.72518359,0.63350317,USDT
2023-12-10T17:45:00Z,SOL/USDT,sell,72.34381000,8.72518359,0.63121302,USDT
2023-12-10T18:15:00Z,SOL/USDT,buy,72.78637500,8.71048244,0.63400444,USDT
2023-12-10T19:15:00Z,SOL/USDT,sell,73.31332500,8.71048244,0.63859443,USDT
2023-12-11T11:45:00Z,SOL/USDT,buy,69.59478000,9.12156659,0.63481342,USDT
2023-12-11T12:30:00Z,SOL/USDT,stop_sell,68.91838071,9.12156659,0.62864360,USDT
2023-12-11T12:45:00Z,SOL/USDT,buy,68.98447500,9.19502731,0.63431413,USDT
2023-12-11T13:30:00Z,SOL/USDT,sell,68.76560000,9.19502731,0.63230157,USDT
2023-12-11T16:30:00Z,SOL/USDT,buy,69.79488000,9.08310281,0.63395407,USDT
2023-12-11T18:15:00Z,SOL/USDT,stop_sell,68.83342321,9.08310281,0.62522106,USDT
2023-12-11T18:45:00Z,SOL/USDT,buy,69.16456500,9.13981388,0.63215125,USDT
2023-12-11T20:30:00Z,SOL/USDT,sell,68.22587000,9.13981388,0.62357175,USDT
2023-12-11T21:00:00Z,SOL/USDT,buy,69.40468500,9.10606841,0.63200381,USDT
2023-12-11T21:30:00Z,SOL/USDT,sell,69.74511000,9.10606841,0.63510374,USDT
2023-12-12T01:15:00Z,SOL/USDT,buy,71.69583000,8.81215694,0.63179491,USDT
2023-12-12T04:30:00Z,SOL/USDT,stop_sell,70.95272018,8.81215694,0.62524651,USDT
2023-12-12T04:45:00Z,SOL/USDT,buy,70.99548000,8.89401205,0.63143465,USDT
2023-12-12T05:00:00Z,SOL/USDT,sell,70.76460000,8.89401205,0.62938121,USDT
2023-12-12T10:15:00Z,SOL/USDT,buy,71.72584500,8.79974828,0.63116938,USDT
2023-12-12T11:30:00Z,SOL/USDT,stop_sell,70.96235821,8.79974828,0.62445089,USDT
2023-12-12T22:15:00Z,SOL/USDT,buy,67.54375500,9.33653371,0.63062455,USDT
2023-12-12T23:15:00Z,SOL/USDT,sell,68.16590000,9.33653371,0.63643322,USDT
2023-12-12T23:30:00Z,SOL/USDT,buy,68.85441000,9.15874154,0.63061975,USDT
2023-12-13T01:00:00Z,SOL/USDT,sell,68.18589000,9.15874154,0.62449694,USDT
2023-12-13T01:15:00Z,SOL/USDT,buy,68.19408000,9.26727157,0.63197306,USDT
2023-12-13T01:15:00Z,SOL/USDT,stop_sell,67.27563107,9.26727157,0.62346154,USDT
2023-12-13T10:00:00Z,SOL/USDT,buy,66.30313500,9.5017784,0.62999770,USDT
2023-12-13T10:15:00Z,SOL/USDT,sell,66.14691000,9.5017784,0.62851328,USDT
2023-12-13T12:00:00Z,SOL/USDT,buy,65.45271000,9.61167988,0.62911050,USDT
2023-12-13T16:00:00Z,SOL/USDT,sell,67.54621000,9.61167988,0.64923255,USDT
2023-12-13T16:15:00Z,SOL/USDT,buy,67.88392500,9.28018587,0.62997544,USDT
2023-12-13T16:30:00Z,SOL/USDT,stop_sell,67.18853179,9.28018587,0.62352206,USDT
2023-12-13T16:45:00Z,SOL/USDT,buy,67.10353500,9.41523584,0.63179561,USDT
2023-12-14T00:45:00Z,SOL/USDT,sell,69.95500500,9.41523584,0.65864287,USDT
2023-12-14T06:15:00Z,SOL/USDT,buy,71.47572000,8.84428025,0.63215130,USDT
2023-12-14T13:15:00Z,SOL/USDT,stop_sell,70.84027643,8.84428025,0.62653126,USDT
2023-12-14T13:30:00Z,SOL/USDT,buy,71.35566000,8.82422817,0.62965863,USDT
2023-12-14T13:30:00Z,SOL/USDT,stop_sell,70.67250321,8.82422817,0.62363029,USDT
2023-12-14T14:00:00Z,SOL/USDT,buy,72.27612000,8.72342686,0.63049545,USDT
2023-12-14T14:00:00Z,SOL/USDT,stop_sell,71.15047839,8.72342686,0.62067599,USDT
2023-12-14T14:30:00Z,SOL/USDT,buy,72.11604000,8.73776316,0.63013288,USDT
2023-12-14T14:45:00Z,SOL/USDT,sell,71.55420500,8.73776316,0.62522370,USDT
2023-12-14T16:15:00Z,SOL/USDT,buy,73.23660000,8.59970192,0.62981293,USDT
2023-12-14T16:45:00Z,SOL/USDT,sell,73.25335500,8.59970192,0.62995702,USDT
2023-12-14T17:00:00Z,SOL/USDT,buy,73.54675500,8.5820664,0.63118313,USDT
2023-12-14T21:00:00Z,SOL/USDT,sell,73.07344500,8.5820664,0.62712116,USDT
2023-12-14T22:15:00Z,SOL/USDT,buy,75.08752500,8.37971094,0.62921175,USDT
2023-12-15T03:15:00Z,SOL/USDT,sell,74.56270000,8.37971094,0.62481387,USDT
2023-12-15T05:30:00Z,SOL/USDT,buy,75.51774000,8.3248795,0.62867609,USDT
2023-12-15T13:30:00Z,SOL/USDT,sell,76.26185000,8.3248795,0.63487071,USDT
2023-12-15T18:30:00Z,SOL/USDT,buy,76.32814500,8.25357186,0.62997983,USDT
2023-12-15T22:45:00Z,SOL/USDT,stop_sell,74.79508375,8.25357186,0.61732660,USDT
2023-12-16T07:30:00Z,SOL/USDT,buy,74.12704500,8.48509863,0.62897529,USDT
2023-12-16T08:45:00Z,SOL/USDT,sell,73.99298500,8.48509863,0.62783778,USDT
2023-12-16T09:15:00Z,SOL/USDT,buy,74.13705000,8.46991566,0.62793456,USDT
2023-12-16T10:00:00Z,SOL/USDT,sell,73.92302000,8.46991566,0.62612174,USDT
2023-12-16T11:00:00Z,SOL/USDT,buy,74.42719500,8.43699665,0.62794199,USDT
2023-12-16T18:00:00Z,SOL/USDT,sell,75.90203000,8.43699665,0.64038517,USDT
2023-12-17T04:00:00Z,SOL/USDT,buy,73.69683000,8.52932368,0.62858412,USDT
2023-12-17T04:45:00Z,SOL/USDT,sell,73.61317500,8.52932368,0.62787060,USDT
2023-12-17T12:15:00Z,SOL/USDT,buy,72.68632500,8.64217822,0.62816817,USDT
2023-12-17T12:30:00Z,SOL/USDT,sell,72.49373500,8.64217822,0.62650378,USDT
2023-12-17T16:00:00Z,SOL/USDT,buy,72.68632500,8.64967712,0.62871324,USDT
2023-12-17T16:15:00Z,SOL/USDT,sell,72.57369500,8.64967712,0.62773903,USDT
2023-12-17T16:45:00Z,SOL/USDT,buy,73.52674500,8.5517797,0.62878453,USDT
2023-12-17T21:45:00Z,SOL/USDT,sell,73.65315500,8.5517797,0.62986556,USDT
2023-12-18T08:00:00Z,SOL/USDT,buy,70.83540000,8.82205374,0.62491371,USDT
2023-12-18T08:00:00Z,SOL/USDT,stop_sell,70.46724875,8.82205374,0.62166586,USDT
2023-12-18T13:45:00Z,SOL/USDT,buy,70.06501500,8.96059069,0.62782392,USDT
2023-12-19T02:15:00Z,SOL/USDT,sell,75.36230000,8.96059069,0.67529072,USDT
2023-12-19T02:45:00Z,SOL/USDT,buy,75.71784000,8.33577016,0.63116651,USDT
2023-12-19T03:00:00Z,SOL/USDT,sell,75.33231500,8.33577016,0.62795286,USDT
2023-12-19T07:00:00Z,SOL/USDT,buy,75.49773000,8.36086744,0.63122651,USDT
2023-12-19T07:30:00Z,SOL/USDT,sell,75.28234000,8.36086744,0.62942567,USDT
2023-12-19T07:45:00Z,SOL/USDT,buy,75.65781000,8.33551577,0.63064687,USDT
2023-12-19T09:00:00Z,SOL/USDT,sell,75.12242000,8.33551577,0.62618412,USDT
2023-12-19T19:45:00Z,SOL/USDT,buy,73.69683000,8.56738487,0.63138911,USDT
2023-12-19T20:45:00Z,SOL/USDT,stop_sell,72.74753661,8.56738487,0.62325614,USDT
2023-12-19T21:30:00Z,SOL/USDT,buy,73.71684000,8.5051119,0.62696997,USDT
2023-12-19T22:15:00Z,SOL/USDT,stop_sell,72.89746161,8.5051119,0.62000107,USDT
2023-12-20T02:00:00Z,SOL/USDT,buy,73.78687500,8.51349034,0.62818385,USDT
2023-12-20T02:15:00Z,SOL/USDT,sell,73.91302500,8.51349034,0.62925782,USDT
2023-12-20T02:30:00Z,SOL/USDT,buy,74.92744500,8.39389849,0.62893337,USDT
2023-12-20T02:45:00Z,SOL/USDT,stop_sell,73.98655964,8.39389849,0.62103567,USDT
2023-12-20T04:45:00Z,SOL/USDT,buy,74.89743000,8.38860573,0.62828501,USDT
2023-12-20T07:15:00Z,SOL/USDT,sell,75.63216500,8.38860573,0.63444841,USDT
2023-12-20T07:45:00Z,SOL/USDT,buy,75.69783000,8.30615472,0.62875789,USDT
2023-12-20T15:00:00Z,SOL/USDT,sell,78.98049000,8.30615472,0.65602417,USDT
2023-12-20T15:15:00Z,SOL/USDT,buy,80.35015500,7.84794446,0.63058355,USDT
2023-12-20T16:30:00Z,SOL/USDT,stop_sell,79.24464357,7.84794446,0.62190756,USDT
2023-12-20T16:45:00Z,SOL/USDT,buy,79.94995500,7.89904193,0.63152805,USDT
2023-12-20T21:00:00Z,SOL/USDT,sell,79.80008000,7.89904193,0.63034418,USDT
2023-12-20T21:15:00Z,SOL/USDT,buy,80.64030000,7.79388086,0.62850089,USDT
2023-12-20T21:45:00Z,SOL/USDT,sell,80.29983000,7.79388086,0.62584731,USDT
2023-12-21T00:30:00Z,SOL/USDT,buy,82.29112500,7.68247456,0.63219947,USDT
2023-12-21T12:45:00Z,SOL/USDT,sell,87.17639000,7.68247456,0.66973040,USDT
2023-12-21T16:30:00Z,SOL/USDT,buy,88.63429500,7.1355962,0.63245854,USDT
2023-12-21T22:30:00Z,SOL/USDT,sell,93.45325000,7.1355962,0.66684466,USDT
2023-12-21T22:45:00Z,SOL/USDT,buy,94.63729500,6.71499399,0.63548887,USDT
2023-12-21T23:15:00Z,SOL/USDT,sell,94.40277500,6.71499399,0.63391407,USDT
2023-12-22T04:00:00Z,SOL/USDT,buy,97.81888500,6.487368,0.63458710,USDT
2023-12-22T06:30:00Z,SOL/USDT,stop_sell,95.84133036,6.487368,0.62175798,USDT
2023-12-22T13:15:00Z,SOL/USDT,buy,94.40718000,6.71202564,0.63366341,USDT
2023-12-22T13:30:00Z,SOL/USDT,stop_sell,93.00811554,6.71202564,0.62427286,USDT
2023-12-22T14:45:00Z,SOL/USDT,buy,93.32664000,6.79448016,0.63410600,USDT
2023-12-23T00:00:00Z,SOL/USDT,sell,97.71112000,6.79448016,0.66389627,USDT
2023-12-23T00:15:00Z,SOL/USDT,buy,97.83889500,6.481162,0.63410973,USDT
2023-12-23T00:15:00Z,SOL/USDT,stop_sell,96.83905625,6.481162,0.62762961,USDT
2023-12-23T06:00:00Z,SOL/USDT,buy,95.40768000,6.65497545,0.63493577,USDT
2023-12-23T11:15:00Z,SOL/USDT,sell,95.00247500,6.65497545,0.63223914,USDT
2023-12-23T20:15:00Z,SOL/USDT,buy,103.40167500,6.13092033,0.63394743,USDT
2023-12-24T06:15:00Z,SOL/USDT,sell,111.29432500,6.13092033,0.68233664,USDT
2023-12-24T06:30:00Z,SOL/USDT,buy,112.15605000,5.68541606,0.63765381,USDT
2023-12-24T06:45:00Z,SOL/USDT,sell,111.30432000,5.68541606,0.63281137,USDT
2023-12-24T07:15:00Z,SOL/USDT,buy,113.27661000,5.62485522,0.63716453,USDT
2023-12-24T08:30:00Z,SOL/USDT,sell,113.53320500,5.62485522,0.63860784,USDT
2023-12-24T15:15:00Z,SOL/USDT,buy,114.12703500,5.58648694,0.63756919,USDT
2023-12-24T20:45:00Z,SOL/USDT,stop_sell,112.27133625,5.58648694,0.62720235,USDT
2023-12-25T07:15:00Z,SOL/USDT,buy,112.70632500,5.64467409,0.63619047,USDT
2023-12-25T08:45:00Z,SOL/USDT,stop_sell,111.57347107,5.64467409,0.62979588,USDT
2023-12-25T13:00:00Z,SOL/USDT,buy,113.68681500,5.58029106,0.63440552,USDT
2023-12-25T20:30:00Z,SOL/USDT,sell,119.46024000,5.58029106,0.66662291,USDT
2023-12-26T23:00:00Z,SOL/USDT,buy,111.81588000,5.70626685,0.63805125,USDT
2023-12-27T00:45:00Z,SOL/USDT,stop_sell,109.97498500,5.70626685,0.62754661,USDT
2023-12-27T01:00:00Z,SOL/USDT,buy,110.23509000,5.78164164,0.63733979,USDT
2023-12-27T02:15:00Z,SOL/USDT,sell,109.76509000,5.78164164,0.63462241,USDT
2023-12-27T05:45:00Z,SOL/USDT,buy,110.46520500,5.74173444,0.63426187,USDT
2023-12-27T06:15:00Z,SOL/USDT,sell,111.41426500,5.74173444,0.63971112,USDT
2023-12-27T07:15:00Z,SOL/USDT,buy,111.56575500,5.69644635,0.63552834,USDT
2023-12-27T10:00:00Z,SOL/USDT,sell,111.25434500,5.69644635,0.63375441,USDT
2023-12-27T20:15:00Z,SOL/USDT,buy,108.82438500,5.84751764,0.63635251,USDT
2023-12-27T20:45:00Z,SOL/USDT,sell,109.52521000,5.84751764,0.64045060,USDT
2023-12-27T21:00:00Z,SOL/USDT,buy,109.72483500,5.7947675,0.63582991,USDT
2023-12-27T22:15:00Z,SOL/USDT,stop_sell,108.14982661,5.7947675,0.62670310,USDT
2023-12-28T06:30:00Z,SOL/USDT,buy,106.02298500,6.00126251,0.63627177,USDT
2023-12-28T06:45:00Z,SOL/USDT,stop_sell,104.76723304,6.00126251,0.62873567,USDT
2023-12-28T07:00:00Z,SOL/USDT,buy,104.64229500,6.06616741,0.63477768,USDT
2023-12-28T07:15:00Z,SOL/USDT,sell,103.65814500,6.06616741,0.62880766,USDT
2023-12-28T08:00:00Z,SOL/USDT,buy,105.71283000,6.00616033,0.63492821,USDT
2023-12-28T09:00:00Z,SOL/USDT,stop_sell,103.87517929,6.00616033,0.62389098,USDT
2023-12-28T09:45:00Z,SOL/USDT,buy,105.02248500,6.03741393,0.63406421,USDT
2023-12-28T10:00:00Z,SOL/USDT,sell,104.19787500,6.03741393,0.62908570,USDT
2023-12-28T10:15:00Z,SOL/USDT,buy,105.29262000,6.01375126,0.63320363,USDT
2023-12-28T11:00:00Z,SOL/USDT,sell,104.98748000,6.01375126,0.63136859,USDT
2023-12-28T11:30:00Z,SOL/USDT,buy,105.34264500,6.01425215,0.63355723,USDT
2023-12-28T12:15:00Z,SOL/USDT,stop_sell,103.69705411,6.01425215,0.62366023,USDT
2023-12-28T12:30:00Z,SOL/USDT,buy,103.58176500,6.09495421,0.63132611,USDT
2023-12-28T12:30:00Z,SOL/USDT,stop_sell,102.11820107,6.09495421,0.62240576,USDT
2023-12-28T19:15:00Z,SOL/USDT,buy,100.17006000,6.30852178,0.63192501,USDT
2023-12-28T20:30:00Z,SOL/USDT,sell,99.46024500,6.30852178,0.62744712,USDT
2023-12-28T21:45:00Z,SOL/USDT,buy,100.94044500,6.26263074,0.63215273,USDT
2023-12-29T11:30:00Z,SOL/USDT,sell,107.54620000,6.26263074,0.67352214,USDT
2023-12-29T22:00:00Z,SOL/USDT,buy,104.43219000,6.07434271,0.63435691,USDT
2023-12-29T22:15:00Z,SOL/USDT,sell,104.13790500,6.07434271,0.63256932,USDT
2023-12-29T22:30:00Z,SOL/USDT,buy,104.96245500,6.04305427,0.63429381,USDT
2023-12-29T23:00:00Z,SOL/USDT,sell,105.06744000,6.04305427,0.63492824,USDT
2023-12-29T23:45:00Z,SOL/USDT,buy,106.08301500,5.97759619,0.63412143,USDT
2023-12-30T00:15:00Z,SOL/USDT,sell,105.79707500,5.97759619,0.63241219,USDT
2023-12-30T00:30:00Z,SOL/USDT,buy,106.19307000,5.95065458,0.63191828,USDT
2023-12-30T01:00:00Z,SOL/USDT,sell,105.83705500,5.95065458,0.62979976,USDT
2023-12-30T02:00:00Z,SOL/USDT,buy,106.40317500,5.94755581,0.63283882,USDT
2023-12-30T02:30:00Z,SOL/USDT,stop_sell,105.39084964,5.94755581,0.62681796,USDT
2023-12-30T03:00:00Z,SOL/USDT,buy,104.90242500,6.02699653,0.63224655,USDT
2023-12-30T03:15:00Z,SOL/USDT,stop_sell,103.86482732,6.02699653,0.62599295,USDT
2023-12-30T14:45:00Z,SOL/USDT,buy,104.01198000,6.08328084,0.63273409,USDT
2023-12-30T15:15:00Z,SOL/USDT,stop_sell,103.10699214,6.08328084,0.62722879,USDT
2023-12-30T15:45:00Z,SOL/USDT,buy,102.93144000,6.14012308,0.63201171,USDT
2023-12-30T16:45:00Z,SOL/USDT,sell,103.03845500,6.14012308,0.63266880,USDT
2023-12-31T04:30:00Z,SOL/USDT,buy,102.17106000,6.18414505,0.63184065,USDT
2023-12-31T05:00:00Z,SOL/USDT,sell,101.92901000,6.18414505,0.63034378,USDT
2023-12-31T06:15:00Z,SOL/USDT,buy,102.37116000,6.17050172,0.63168142,USDT
2023-12-31T13:00:00Z,SOL/USDT,sell,103.53820500,6.17050172,0.63888267,USDT
2023-12-31T17:45:00Z,SOL/USDT,buy,103.94194500,6.08297334,0.63227608,USDT
2023-12-31T22:15:00Z,SOL/USDT,sell,103.37828500,6.08297334,0.62884735,USDT
2024-01-01T03:30:00Z,SOL/USDT,buy,103.06150500,6.14504179,0.63331726,USDT
2024-01-01T04:15:00Z,SOL/USDT,stop_sell,101.68091982,6.14504179,0.62483350,USDT
2024-01-01T04:45:00Z,SOL/USDT,buy,102.27111000,6.18319514,0.63236223,USDT
2024-01-01T05:30:00Z,SOL/USDT,sell,102.06894000,6.18319514,0.63111217,USDT
2024-01-01T05:45:00Z,SOL/USDT,buy,102.11103000,6.16610739,0.62962758,USDT
2024-01-01T06:00:00Z,SOL/USDT,sell,101.64915000,6.16610739,0.62677958,USDT
2024-01-01T13:00:00Z,SOL/USDT,buy,104.99247000,6.01405885,0.63143089,USDT
2024-01-01T15:00:00Z,SOL/USDT,sell,104.15789500,6.01405885,0.62641171,USDT
2024-01-01T15:15:00Z,SOL/USDT,buy,104.79237000,6.01041287,0.62984541,USDT
2024-01-01T21:15:00Z,SOL/USDT,sell,107.64615000,6.01041287,0.64699781,USDT
2024-01-01T21:30:00Z,SOL/USDT,buy,107.87391000,5.85647282,0.63176062,USDT
2024-01-01T22:45:00Z,SOL/USDT,sell,107.89602500,5.85647282,0.63189014,USDT
2024-01-02T05:15:00Z,SOL/USDT,buy,113.17656000,5.57656903,0.63113690,USDT
2024-01-02T06:00:00Z,SOL/USDT,stop_sell,112.12141125,5.57656903,0.62525279,USDT
2024-01-02T06:15:00Z,SOL/USDT,buy,112.49622000,5.6162096,0.63180235,USDT
2024-01-02T12:00:00Z,SOL/USDT,sell,113.88303000,5.6162096,0.63959097,USDT
2024-01-02T22:30:00Z,SOL/USDT,buy,108.36415500,5.82219438,0.63091717,USDT
2024-01-02T23:00:00Z,SOL/USDT,sell,108.06594000,5.82219438,0.62918091,USDT
2024-01-03T10:30:00Z,SOL/USDT,buy,108.61428000,5.79590315,0.62951785,USDT
2024-01-03T10:30:00Z,SOL/USDT,stop_sell,107.74859875,5.79590315,0.62450044,USDT
2024-01-04T00:15:00Z,SOL/USDT,buy,100.11003000,6.32702563,0.63339873,USDT
2024-01-04T01:15:00Z,SOL/USDT,stop_sell,98.26798429,6.32702563,0.62174406,USDT
2024-01-04T03:45:00Z,SOL/USDT,buy,100.58026500,6.27004872,0.63064316,USDT
2024-01-04T05:30:00Z,SOL/USDT,sell,99.99997500,6.27004872,0.62700472,USDT
2024-01-04T15:45:00Z,SOL/USDT,buy,103.95195000,6.04844769,0.62874793,USDT
2024-01-04T16:00:00Z,SOL/USDT,stop_sell,102.44339554,6.04844769,0.61962352,USDT
2024-01-04T16:15:00Z,SOL/USDT,buy,102.79137000,6.13732645,0.63086419,USDT
2024-01-05T00:15:00Z,SOL/USDT,sell,104.46774000,6.13732645,0.64115262,USDT
2024-01-05T06:45:00Z,SOL/USDT,buy,101.22058500,6.2032151,0.62789306,USDT
2024-01-05T07:00:00Z,SOL/USDT,sell,101.70912000,6.2032151,0.63092355,USDT
2024-01-05T20:15:00Z,SOL/USDT,buy,98.14905000,6.39397175,0.62756225,USDT
2024-01-06T01:00:00Z,SOL/USDT,sell,98.83056000,6.39397175,0.63191981,USDT
2024-01-06T03:30:00Z,SOL/USDT,buy,99.07951500,6.3493413,0.62908966,USDT
2024-01-06T03:45:00Z,SOL/USDT,sell,98.72061500,6.3493413,0.62681088,USDT
2024-01-06T10:45:00Z,SOL/USDT,buy,94.96746000,6.61501415,0.62821109,USDT
2024-01-06T12:45:00Z,SOL/USDT,sell,94.15290000,6.61501415,0.62282277,USDT
2024-01-06T15:15:00Z,SOL/USDT,buy,96.06801000,6.5446727,0.62873368,USDT
2024-01-06T15:30:00Z,SOL/USDT,stop_sell,94.97784446,6.5446727,0.62159891,USDT
2024-01-06T15:45:00Z,SOL/USDT,buy,94.94745000,6.59958482,0.62661375,USDT
2024-01-06T19:15:00Z,SOL/USDT,sell,95.53221000,6.59958482,0.63047292,USDT
2024-01-07T04:45:00Z,SOL/USDT,buy,94.62729000,6.63668645,0.62801165,USDT
2024-01-07T05:15:00Z,SOL/USDT,sell,94.40277500,6.63668645,0.62652162,USDT
2024-01-07T08:45:00Z,SOL/USDT,buy,94.44720000,6.64209168,0.62732696,USDT
2024-01-07T09:15:00Z,SOL/USDT,sell,93.41327000,6.64209168,0.62045950,USDT
2024-01-07T13:15:00Z,SOL/USDT,buy,95.80788000,6.54170497,0.62674688,USDT
2024-01-07T15:15:00Z,SOL/USDT,stop_sell,94.96463679,6.54170497,0.62123064,USDT
2024-01-07T15:30:00Z,SOL/USDT,buy,95.07751500,6.60849463,0.62831925,USDT
2024-01-07T15:45:00Z,SOL/USDT,stop_sell,93.78986732,6.60849463,0.61980983,USDT
2024-01-07T17:15:00Z,SOL/USDT,buy,94.54725000,6.61701775,0.62562083,USDT
2024-01-07T17:30:00Z,SOL/USDT,sell,94.20287500,6.61701775,0.62334210,USDT
2024-01-07T20:15:00Z,SOL/USDT,buy,94.88742000,6.57714366,0.62408819,USDT
2024-01-07T20:45:00Z,SOL/USDT,stop_sell,94.24678161,6.57714366,0.61987462,USDT
2024-01-08T05:00:00Z,SOL/USDT,buy,89.10453000,7.01076843,0.62469123,USDT
2024-01-08T05:15:00Z,SOL/USDT,sell,88.90552500,7.01076843,0.62329605,USDT
2024-01-08T05:45:00Z,SOL/USDT,buy,89.02449000,7.0273259,0.62560410,USDT
2024-01-08T06:00:00Z,SOL/USDT,sell,89.22536500,7.0273259,0.62701572,USDT
2024-01-08T10:00:00Z,SOL/USDT,buy,89.34465000,6.99754147,0.62519289,USDT
2024-01-08T20:30:00Z,SOL/USDT,sell,98.40077500,6.99754147,0.68856350,USDT
2024-01-09T02:15:00Z,SOL/USDT,buy,97.13854500,6.4741814,0.62889256,USDT
2024-01-09T09:00:00Z,SOL/USDT,sell,101.03945500,6.4741814,0.65414776,USDT
2024-01-09T11:30:00Z,SOL/USDT,buy,101.70082500,6.19198574,0.62973006,USDT
2024-01-09T11:45:00Z,SOL/USDT,sell,101.53920500,6.19198574,0.62872931,USDT
2024-01-09T12:00:00Z,SOL/USDT,buy,102.00097500,6.19507421,0.63190361,USDT
2024-01-09T12:15:00Z,SOL/USDT,sell,101.64915000,6.19507421,0.62972403,USDT
2024-01-09T21:15:00Z,SOL/USDT,buy,103.94194500,6.01580119,0.62529408,USDT
2024-01-09T21:15:00Z,SOL/USDT,stop_sell,102.87353750,6.01580119,0.61886675,USDT
2024-01-10T02:15:00Z,SOL/USDT,buy,99.52974000,6.32036099,0.62906389,USDT
2024-01-10T03:45:00Z,SOL/USDT,sell,99.46024500,6.32036099,0.62862465,USDT
2024-01-10T04:00:00Z,SOL/USDT,buy,99.81988500,6.32534324,0.63139503,USDT
2024-01-10T04:45:00Z,SOL/USDT,sell,99.06044500,6.32534324,0.62659132,USDT
2024-01-10T05:30:00Z,SOL/USDT,buy,98.89942500,6.37293758,0.63027986,USDT
2024-01-10T06:30:00Z,SOL/USDT,sell,98.38078500,6.37293758,0.62697460,USDT
2024-01-10T20:15:00Z,SOL/USDT,buy,94.44720000,6.65486518,0.62853338,USDT
2024-01-11T02:45:00Z,SOL/USDT,sell,99.93001000,6.65486518,0.66502074,USDT
2024-01-11T05:00:00Z,SOL/USDT,buy,101.10052500,6.24291789,0.63116228,USDT
2024-01-11T05:30:00Z,SOL/USDT,sell,100.31981500,6.24291789,0.62628837,USDT
2024-01-11T07:30:00Z,SOL/USDT,buy,100.14004500,6.30156155,0.63103866,USDT
2024-01-11T07:45:00Z,SOL/USDT,sell,99.84005500,6.30156155,0.62914825,USDT
2024-01-11T08:15:00Z,SOL/USDT,buy,100.06000500,6.29904661,0.63028264,USDT
2024-01-11T09:00:00Z,SOL/USDT,sell,100.58968000,6.29904661,0.63361908,USDT
2024-01-11T14:30:00Z,SOL/USDT,buy,104.96245500,6.01157897,0.63099009,USDT
2024-01-11T15:15:00Z,SOL/USDT,sell,104.04795000,6.01157897,0.62549247,USDT
2024-01-11T20:45:00Z,SOL/USDT,buy,100.73034000,6.26654675,0.63123138,USDT
2024-01-11T21:45:00Z,SOL/USDT,stop_sell,99.55448357,6.26654675,0.62386283,USDT
2024-01-11T22:15:00Z,SOL/USDT,buy,100.05000000,6.30226034,0.63054115,USDT
2024-01-11T22:30:00Z,SOL/USDT,sell,99.10042500,6.30226034,0.62455668,USDT
2024-01-11T23:00:00Z,SOL/USDT,buy,100.29012000,6.27513324,0.62933387,USDT
2024-01-11T23:30:00Z,SOL/USDT,sell,100.03995500,6.27513324,0.62776405,USDT
2024-01-12T03:15:00Z,SOL/USDT,buy,99.06951000,6.34496689,0.62859276,USDT
2024-01-12T03:15:00Z,SOL/USDT,stop_sell,98.13947714,6.34496689,0.62269173,USDT
2024-01-12T06:00:00Z,SOL/USDT,buy,99.55975500,6.32453516,0.62966917,USDT
2024-01-12T07:00:00Z,SOL/USDT,stop_sell,98.50215286,6.32453516,0.62298033,USDT
2024-01-12T07:15:00Z,SOL/USDT,buy,98.42919000,6.38363186,0.62833571,USDT
2024-01-12T07:30:00Z,SOL/USDT,sell,98.90052500,6.38363186,0.63134454,USDT
2024-01-12T09:00:00Z,SOL/USDT,buy,98.68932000,6.3863517,0.63026471,USDT
2024-01-12T09:30:00Z,SOL/USDT,sell,97.90102500,6.3863517,0.62523038,USDT
2024-01-12T09:45:00Z,SOL/USDT,buy,98.63929500,6.3560433,0.62695563,USDT
2024-01-12T10:15:00Z,SOL/USDT,sell,98.12091500,6.3560433,0.62366078,USDT
2024-01-12T20:30:00Z,SOL/USDT,buy,95.89792500,6.54722788,0.62786557,USDT
2024-01-12T21:00:00Z,SOL/USDT,sell,95.24235500,6.54722788,0.62357340,USDT
2024-01-13T04:30:00Z,SOL/USDT,buy,91.97596500,6.82607046,0.62783442,USDT
2024-01-13T05:00:00Z,SOL/USDT,sell,92.02396500,6.82607046,0.62816207,USDT
2024-01-13T05:15:00Z,SOL/USDT,buy,92.43619500,6.78757783,0.62741787,USDT
2024-01-13T07:00:00Z,SOL/USDT,sell,93.03346000,6.78757783,0.63147185,USDT
2024-01-13T07:45:00Z,SOL/USDT,buy,93.24660000,6.74400185,0.62885524,USDT
2024-01-13T09:45:00Z,SOL/USDT,stop_sell,92.50907946,6.74400185,0.62388140,USDT
2024-01-13T10:00:00Z,SOL/USDT,buy,92.56626000,6.74589931,0.62444267,USDT
2024-01-13T10:00:00Z,SOL/USDT,stop_sell,92.41020036,6.74589931,0.62338991,USDT
2024-01-13T16:15:00Z,SOL/USDT,buy,92.92644000,6.74174108,0.62648600,USDT
2024-01-13T17:00:00Z,SOL/USDT,sell,92.57369000,6.74174108,0.62410785,USDT
2024-01-13T17:15:00Z,SOL/USDT,buy,92.44620000,6.77580284,0.62639722,USDT
2024-01-13T17:30:00Z,SOL/USDT,sell,92.58368500,6.77580284,0.62732880,USDT
2024-01-13T19:15:00Z,SOL/USDT,buy,94.44720000,6.60890687,0.62419275,USDT
2024-01-14T01:00:00Z,SOL/USDT,sell,94.93251000,6.60890687,0.62740012,USDT
2024-01-14T01:15:00Z,SOL/USDT,buy,95.02749000,6.58138477,0.62541248,USDT
2024-01-14T01:30:00Z,SOL/USDT,sell,95.12241500,6.58138477,0.62603721,USDT
2024-01-14T15:00:00Z,SOL/USDT,buy,98.15905500,6.38495516,0.62674116,USDT
2024-01-14T19:30:00Z,SOL/USDT,stop_sell,97.19494964,6.38495516,0.62058540,USDT
2024-01-15T18:00:00Z,SOL/USDT,buy,95.52774000,6.55466168,0.62615202,USDT
2024-01-15T22:00:00Z,SOL/USDT,sell,94.83256000,6.55466168,0.62159535,USDT
2024-01-16T02:00:00Z,SOL/USDT,buy,95.50773000,6.53815383,0.62444423,USDT
2024-01-16T06:00:00Z,SOL/USDT,sell,95.55220000,6.53815383,0.62473498,USDT
2024-01-16T06:15:00Z,SOL/USDT,buy,95.72784000,6.53530186,0.62561033,USDT
2024-01-16T06:45:00Z,SOL/USDT,sell,95.66214500,6.53530186,0.62518099,USDT
2024-01-16T07:30:00Z,SOL/USDT,buy,96.36816000,6.48979925,0.62541001,USDT
2024-01-16T12:30:00Z,SOL/USDT,sell,96.98148500,6.48979925,0.62939037,USDT
2024-01-16T15:30:00Z,SOL/USDT,buy,97.19857500,6.44654717,0.62659520,USDT
2024-01-16T16:00:00Z,SOL/USDT,sell,97.21137000,6.44654717,0.62667768,USDT
2024-01-16T18:00:00Z,SOL/USDT,buy,97.04850000,6.44159657,0.62514728,USDT
2024-01-16T20:00:00Z,SOL/USDT,sell,96.82156500,6.44159657,0.62368546,USDT
2024-01-17T10:30:00Z,SOL/USDT,buy,100.66030500,6.22760433,0.62687255,USDT
2024-01-17T15:30:00Z,SOL/USDT,sell,100.54970000,6.22760433,0.62618375,USDT
2024-01-17T20:30:00Z,SOL/USDT,buy,101.05050000,6.20688204,0.62720853,USDT
2024-01-18T01:15:00Z,SOL/USDT,sell,100.73960500,6.20688204,0.62527884,USDT
2024-01-18T09:00:00Z,SOL/USDT,buy,100.74034500,6.19020886,0.62360378,USDT
2024-01-18T09:45:00Z,SOL/USDT,sell,100.23985500,6.19020886,0.62050564,USDT
2024-01-18T23:00:00Z,SOL/USDT,buy,94.55725500,6.58142969,0.62232193,USDT
2024-01-18T23:15:00Z,SOL/USDT,sell,94.68263500,6.58142969,0.62314711,USDT
2024-01-19T20:45:00Z,SOL/USDT,buy,93.64680000,6.66185472,0.62386138,USDT
2024-01-20T00:15:00Z,SOL/USDT,sell,93.14340500,6.66185472,0.62050783,USDT
2024-01-20T13:00:00Z,SOL/USDT,buy,92.01598500,6.77875827,0.62375412,USDT
2024-01-20T14:15:00Z,SOL/USDT,sell,91.64415500,6.77875827,0.62123357,USDT
2024-01-20T14:45:00Z,SOL/USDT,buy,91.53574500,6.82144522,0.62440607,USDT
2024-01-20T15:00:00Z,SOL/USDT,sell,91.16439500,6.82144522,0.62187293,USDT
2024-01-20T18:30:00Z,SOL/USDT,buy,92.33614500,6.76191123,0.62436882,USDT
2024-01-21T00:45:00Z,SOL/USDT,sell,92.28383500,6.76191123,0.62401510,USDT
2024-01-21T03:15:00Z,SOL/USDT,buy,93.20658000,6.69585783,0.62409801,USDT
2024-01-21T03:45:00Z,SOL/USDT,sell,92.96349500,6.69585783,0.62247035,USDT
2024-01-21T04:00:00Z,SOL/USDT,buy,93.10653000,6.6955454,0.62339900,USDT
2024-01-21T06:30:00Z,SOL/USDT,stop_sell,92.37164821,6.6955454,0.61847856,USDT
2024-01-21T06:45:00Z,SOL/USDT,buy,92.40618000,6.7322225,0.62209896,USDT
2024-01-21T06:45:00Z,SOL/USDT,stop_sell,92.23421696,6.7322225,0.62094127,USDT
2024-01-21T13:30:00Z,SOL/USDT,buy,93.44670000,6.65740598,0.62211262,USDT
2024-01-21T15:15:00Z,SOL/USDT,sell,93.52321500,6.65740598,0.62262201,USDT
2024-01-22T13:15:00Z,SOL/USDT,buy,89.55475500,6.96301502,0.62357110,USDT
2024-01-22T14:00:00Z,SOL/USDT,stop_sell,88.19016857,6.96301502,0.61406947,USDT
2024-01-22T15:15:00Z,SOL/USDT,buy,86.82339000,7.13795955,0.61974185,USDT
2024-01-22T15:15:00Z,SOL/USDT,stop_sell,85.91237946,7.13795955,0.61323909,USDT
2024-01-23T00:15:00Z,SOL/USDT,buy,84.89242500,7.32095978,0.62149403,USDT
2024-01-23T01:15:00Z,SOL/USDT,sell,84.54770500,7.32095978,0.61897035,USDT
2024-01-23T02:30:00Z,SOL/USDT,buy,84.73234500,7.3070636,0.61914463,USDT
2024-01-23T07:00:00Z,SOL/USDT,sell,84.68763500,7.3070636,0.61881794,USDT
2024-01-23T15:15:00Z,SOL/USDT,buy,82.34115000,7.54925692,0.62161450,USDT
2024-01-23T20:00:00Z,SOL/USDT,sell,80.94950500,7.54925692,0.61110861,USDT
2024-01-24T02:15:00Z,SOL/USDT,buy,84.22209000,7.36830518,0.62057406,USDT
2024-01-24T04:15:00Z,SOL/USDT,sell,83.55820000,7.36830518,0.61568232,USDT
2024-01-24T04:30:00Z,SOL/USDT,buy,84.12204000,7.36773193,0.61978864,USDT
2024-01-24T04:45:00Z,SOL/USDT,sell,83.94800500,7.36773193,0.61850640,USDT
2024-01-24T06:00:00Z,SOL/USDT,buy,84.85240500,7.29755173,0.61921481,USDT
2024-01-24T06:00:00Z,SOL/USDT,stop_sell,83.98834196,7.29755173,0.61290927,USDT
2024-01-24T06:30:00Z,SOL/USDT,buy,84.62229000,7.30508891,0.61817335,USDT
2024-01-24T13:00:00Z,SOL/USDT,sell,86.67664000,7.30508891,0.63318056,USDT
2024-01-24T13:15:00Z,SOL/USDT,buy,86.47321500,7.14906963,0.61820304,USDT
2024-01-24T13:30:00Z,SOL/USDT,stop_sell,85.63323339,7.14906963,0.61219795,USDT
2024-01-24T14:30:00Z,SOL/USDT,buy,86.52324000,7.15726305,0.61926959,USDT
2024-01-24T15:00:00Z,SOL/USDT,sell,85.90702500,7.15726305,0.61485918,USDT
2024-01-24T16:30:00Z,SOL/USDT,buy,86.98347000,7.110891,0.61852997,USDT
2024-01-24T16:45:00Z,SOL/USDT,sell,87.23636000,7.110891,0.62032825,USDT
2024-01-24T17:00:00Z,SOL/USDT,buy,87.67381500,7.04012177,0.61723433,USDT
2024-01-24T17:15:00Z,SOL/USDT,sell,87.25635000,7.04012177,0.61429533,USDT
2024-01-24T17:45:00Z,SOL/USDT,buy,87.31363500,7.0483643,0.61541831,USDT
2024-01-24T18:00:00Z,SOL/USDT,stop_sell,86.57776089,7.0483643,0.61023160,USDT
2024-01-24T18:15:00Z,SOL/USDT,buy,86.45320500,7.14193079,0.61744281,USDT
2024-01-24T19:15:00Z,SOL/USDT,sell,86.06694500,7.14193079,0.61468416,USDT
2024-01-24T19:45:00Z,SOL/USDT,buy,86.08302000,7.17059627,0.61726658,USDT
2024-01-24T20:00:00Z,SOL/USDT,sell,86.36679500,7.17059627,0.61930142,USDT
2024-01-24T20:15:00Z,SOL/USDT,buy,87.03349500,7.08730912,0.61683328,USDT
2024-01-24T20:45:00Z,SOL/USDT,sell,86.29683000,7.08730912,0.61161231,USDT
2024-01-24T22:45:00Z,SOL/USDT,buy,87.47371500,7.05060397,0.61674252,USDT
2024-01-25T04:15:00Z,SOL/USDT,sell,88.12591500,7.05060397,0.62134093,USDT
2024-01-25T14:45:00Z,SOL/USDT,buy,87.89392500,7.02395365,0.61736286,USDT
2024-01-25T15:30:00Z,SOL/USDT,sell,87.02646500,7.02395365,0.61126986,USDT
2024-01-25T18:15:00Z,SOL/USDT,buy,87.19357500,7.06880909,0.61635474,USDT
2024-01-25T18:45:00Z,SOL/USDT,sell,86.72661500,7.06880909,0.61305388,USDT
2024-01-26T03:00:00Z,SOL/USDT,buy,88.04400000,6.99721568,0.61606286,USDT
2024-01-26T03:45:00Z,SOL/USDT,sell,87.79608000,6.99721568,0.61432811,USDT
2024-01-26T04:15:00Z,SOL/USDT,buy,87.90393000,7.0016809,0.61547527,USDT
2024-01-26T07:15:00Z,SOL/USDT,sell,87.18638500,7.0016809,0.61045125,USDT
2024-01-26T11:30:00Z,SOL/USDT,buy,91.95595500,6.69224997,0.61539224,USDT
2024-01-26T12:45:00Z,SOL/USDT,stop_sell,90.80029143,6.69224997,0.60765825,USDT
2024-01-26T13:15:00Z,SOL/USDT,buy,91.16556000,6.7291183,0.61346384,USDT
2024-01-26T16:15:00Z,SOL/USDT,sell,92.81357000,6.7291183,0.62455349,USDT
2024-01-26T16:30:00Z,SOL/USDT,buy,93.03649500,6.59967103,0.61401026,USDT
2024-01-26T17:15:00Z,SOL/USDT,stop_sell,92.31274911,6.59967103,0.60923378,USDT
2024-01-27T10:45:00Z,SOL/USDT,buy,92.16606000,6.67835882,0.61551802,USDT
2024-01-27T20:30:00Z,SOL/USDT,sell,92.77359000,6.67835882,0.61957532,USDT
2024-01-28T02:00:00Z,SOL/USDT,buy,94.27711500,6.53801721,0.61638540,USDT
2024-01-28T09:00:00Z,SOL/USDT,sell,96.55170000,6.53801721,0.63125668,USDT
2024-01-28T10:00:00Z,SOL/USDT,buy,97.37866500,6.3282136,0.61623299,USDT
2024-01-28T12:15:00Z,SOL/USDT,stop_sell,96.76516464,6.3282136,0.61235063,USDT
2024-01-28T12:30:00Z,SOL/USDT,buy,97.45870500,6.32141475,0.61607690,USDT
2024-01-28T14:45:00Z,SOL/USDT,sell,97.12141500,6.32141475,0.61394475,USDT
2024-01-29T06:15:00Z,SOL/USDT,buy,97.00848000,6.34995541,0.61599952,USDT
2024-01-29T08:00:00Z,SOL/USDT,sell,96.64165500,6.34995541,0.61367020,USDT
2024-01-29T09:30:00Z,SOL/USDT,buy,97.23859500,6.3131348,0.61388036,USDT
2024-01-29T10:00:00Z,SOL/USDT,sell,97.22136500,6.3131348,0.61377158,USDT
2024-01-29T12:45:00Z,SOL/USDT,buy,96.90843000,6.35312613,0.61567148,USDT
2024-01-29T13:15:00Z,SOL/USDT,stop_sell,96.22079411,6.35312613,0.61130284,USDT
2024-01-29T15:45:00Z,SOL/USDT,buy,97.87891500,6.28036285,0.61471510,USDT
2024-01-29T21:30:00Z,SOL/USDT,sell,100.95949500,6.28036285,0.63406226,USDT
2024-01-29T21:45:00Z,SOL/USDT,buy,101.10052500,6.09275592,0.61598082,USDT
2024-01-29T22:00:00Z,SOL/USDT,stop_sell,100.64822214,6.09275592,0.61322505,USDT
2024-01-30T00:00:00Z,SOL/USDT,buy,101.40067500,6.07218082,0.61572323,USDT
2024-01-30T00:00:00Z,SOL/USDT,stop_sell,101.00233071,6.07218082,0.61330442,USDT
2024-01-30T00:15:00Z,SOL/USDT,buy,101.25060000,6.09033006,0.61664957,USDT
2024-01-30T07:45:00Z,SOL/USDT,sell,102.77858500,6.09033006,0.62595551,USDT
2024-01-30T08:00:00Z,SOL/USDT,buy,102.96145500,5.98823732,0.61655763,USDT
2024-01-30T16:00:00Z,SOL/USDT,sell,104.67763500,5.98823732,0.62683452,USDT
2024-01-30T21:15:00Z,SOL/USDT,buy,104.76235500,5.88539552,0.61656789,USDT
2024-01-30T22:00:00Z,SOL/USDT,sell,104.30782000,5.88539552,0.61389278,USDT
2024-01-31T07:30:00Z,SOL/USDT,buy,101.21058000,6.08751919,0.61612135,USDT
2024-01-31T09:00:00Z,SOL/USDT,stop_sell,100.36372161,6.08751919,0.61096608,USDT
2024-01-31T14:45:00Z,SOL/USDT,buy,100.14004500,6.14928953,0.61579013,USDT
2024-01-31T15:15:00Z,SOL/USDT,sell,99.23036000,6.14928953,0.61019621,USDT
2024-02-01T09:00:00Z,SOL/USDT,buy,94.86741000,6.46536635,0.61335256,USDT
2024-02-01T14:15:00Z,SOL/USDT,sell,95.75210000,6.46536635,0.61907241,USDT
2024-02-01T14:30:00Z,SOL/USDT,buy,96.62829000,6.3826154,0.61674121,USDT
2024-02-01T15:00:00Z,SOL/USDT,sell,96.76159500,6.3826154,0.61759205,USDT
2024-02-02T09:15:00Z,SOL/USDT,buy,100.29012000,6.13486721,0.61526657,USDT
2024-02-02T13:30:00Z,SOL/USDT,stop_sell,99.51771625,6.13486721,0.61052797,USDT
2024-02-02T22:30:00Z,SOL/USDT,buy,100.15005000,6.14726588,0.61564899,USDT
2024-02-03T02:00:00Z,SOL/USDT,stop_sell,99.47452357,6.14726588,0.61149634,USDT
2024-02-03T07:00:00Z,SOL/USDT,buy,99.67981500,6.16576428,0.61460224,USDT
2024-02-03T07:15:00Z,SOL/USDT,sell,99.45025000,6.16576428,0.61318680,USDT
2024-02-03T07:45:00Z,SOL/USDT,buy,99.49972500,6.17045173,0.61395825,USDT
2024-02-03T07:45:00Z,SOL/USDT,stop_sell,99.14897214,6.17045173,0.61179395,USDT
2024-02-03T20:45:00Z,SOL/USDT,buy,98.13904500,6.26141685,0.61448947,USDT
2024-02-03T21:00:00Z,SOL/USDT,sell,98.03096000,6.26141685,0.61381270,USDT
2024-02-03T21:15:00Z,SOL/USDT,buy,98.24910000,6.2490329,0.61396186,USDT
2024-02-03T21:15:00Z,SOL/USDT,stop_sell,97.76966214,6.2490329,0.61096584,USDT
2024-02-03T21:45:00Z,SOL/USDT,buy,97.94895000,6.27048428,0.61418735,USDT
2024-02-03T22:45:00Z,SOL/USDT,sell,98.12091500,6.27048428,0.61526566,USDT
2024-02-03T23:15:00Z,SOL/USDT,buy,98.13904500,6.24229687,0.61261305,USDT
2024-02-03T23:15:00Z,SOL/USDT,stop_sell,97.85926018,6.24229687,0.61086655,USDT
2024-02-03T23:30:00Z,SOL/USDT,buy,97.81888500,6.2794821,0.61425194,USDT
2024-02-04T00:15:00Z,SOL/USDT,sell,97.78108500,6.2794821,0.61401457,USDT
2024-02-04T05:15:00Z,SOL/USDT,buy,98.12904000,6.26033843,0.61432100,USDT
2024-02-04T05:30:00Z,SOL/USDT,stop_sell,97.55369875,6.26033843,0.61071917,USDT
2024-02-05T03:30:00Z,SOL/USDT,buy,95.78787000,6.40412921,0.61343790,USDT
2024-02-05T03:45:00Z,SOL/USDT,sell,95.78208500,6.40412921,0.61340085,USDT
2024-02-05T04:45:00Z,SOL/USDT,buy,96.43819500,6.3467077,0.61206503,USDT
2024-02-05T05:15:00Z,SOL/USDT,sell,96.13191000,6.3467077,0.61012113,USDT
2024-02-05T09:15:00Z,SOL/USDT,buy,97.16856000,6.31270413,0.61339637,USDT
2024-02-05T12:30:00Z,SOL/USDT,sell,97.43126000,6.31270413,0.61505472,USDT
2024-02-05T14:00:00Z,SOL/USDT,buy,98.47921500,6.23404091,0.61392346,USDT
2024-02-05T14:15:00Z,SOL/USDT,stop_sell,97.80214589,6.23404091,0.60970258,USDT
2024-02-05T20:45:00Z,SOL/USDT,buy,95.71783500,6.39623488,0.61223375,USDT
2024-02-05T21:30:00Z,SOL/USDT,sell,95.41227000,6.39623488,0.61027929,USDT
2024-02-06T02:45:00Z,SOL/USDT,buy,96.64830000,6.33598552,0.61236223,USDT
2024-02-06T03:30:00Z,SOL/USDT,stop_sell,95.97163304,6.33598552,0.60807488,USDT
2024-02-06T03:45:00Z,SOL/USDT,buy,95.81788500,6.38297347,0.61160302,USDT
2024-02-06T05:00:00Z,SOL/USDT,sell,95.44225500,6.38297347,0.60920538,USDT
2024-02-06T08:30:00Z,SOL/USDT,buy,96.21808500,6.35408445,0.61137784,USDT
2024-02-06T08:45:00Z,SOL/USDT,sell,96.16189500,6.35408445,0.61102080,USDT
2024-02-06T18:30:00Z,SOL/USDT,buy,95.79787500,6.37530546,0.61074072,USDT
2024-02-07T00:30:00Z,SOL/USDT,sell,97.25135000,6.37530546,0.62000706,USDT
2024-02-07T01:45:00Z,SOL/USDT,buy,97.34865000,6.28367618,0.61170739,USDT
2024-02-07T02:15:00Z,SOL/USDT,stop_sell,96.82906125,6.28367618,0.60844247,USDT
2024-02-07T15:00:00Z,SOL/USDT,buy,95.73784500,6.38693136,0.61147104,USDT
2024-02-07T15:15:00Z,SOL/USDT,sell,95.55220000,6.38693136,0.61028534,USDT
2024-02-07T15:30:00Z,SOL/USDT,buy,96.56826000,6.32806454,0.61109018,USDT
2024-02-07T20:15:00Z,SOL/USDT,sell,97.60117500,6.32806454,0.61762653,USDT
2024-02-07T20:45:00Z,SOL/USDT,buy,98.37916500,6.23053264,0.61295460,USDT
2024-02-07T21:00:00Z,SOL/USDT,sell,98.27084000,6.23053264,0.61227968,USDT
2024-02-07T23:15:00Z,SOL/USDT,buy,100.91043000,6.06043287,0.61156089,USDT
2024-02-08T05:15:00Z,SOL/USDT,sell,101.52921000,6.06043287,0.61531096,USDT
2024-02-08T10:45:00Z,SOL/USDT,buy,101.99097000,6.00824094,0.61278632,USDT
2024-02-08T11:30:00Z,SOL/USDT,stop_sell,101.28968696,6.00824094,0.60857284,USDT
2024-02-08T12:00:00Z,SOL/USDT,buy,101.26060500,6.04255206,0.61187248,USDT
2024-02-08T18:45:00Z,SOL/USDT,sell,102.46874000,6.04255206,0.61917270,USDT
2024-02-09T00:00:00Z,SOL/USDT,buy,102.85140000,5.9497099,0.61193599,USDT
2024-02-09T10:30:00Z,SOL/USDT,sell,105.04745000,5.9497099,0.62500185,USDT
2024-02-09T10:45:00Z,SOL/USDT,buy,105.16255500,5.82685932,0.61276741,USDT
2024-02-09T11:15:00Z,SOL/USDT,stop_sell,104.44168161,5.82685932,0.60856699,USDT
2024-02-09T19:15:00Z,SOL/USDT,buy,105.59277000,5.8006656,0.61250835,USDT
2024-02-09T20:30:00Z,SOL/USDT,sell,104.98748000,5.8006656,0.60899726,USDT
2024-02-09T22:00:00Z,SOL/USDT,buy,109.00447500,5.6156369,0.61212955,USDT
2024-02-09T22:00:00Z,SOL/USDT,stop_sell,107.86425518,5.6156369,0.60572649,USDT
2024-02-09T22:15:00Z,SOL/USDT,buy,108.29412000,5.66305909,0.61327600,USDT
2024-02-09T23:30:00Z,SOL/USDT,stop_sell,106.78051161,5.66305909,0.60470435,USDT
2024-02-10T01:15:00Z,SOL/USDT,buy,107.70382500,5.67051367,0.61073601,USDT
2024-02-10T07:00:00Z,SOL/USDT,sell,108.97548500,5.67051367,0.61794698,USDT
2024-02-11T13:00:00Z,SOL/USDT,buy,109.70482500,5.57043293,0.61110337,USDT
2024-02-11T14:15:00Z,SOL/USDT,sell,108.84555000,5.57043293,0.60631684,USDT
2024-02-12T01:30:00Z,SOL/USDT,buy,108.24409500,5.6281492,0.60921392,USDT
2024-02-12T01:30:00Z,SOL/USDT,stop_sell,107.86604000,5.6281492,0.60708617,USDT
2024-02-12T14:30:00Z,SOL/USDT,buy,105.43269000,5.78791063,0.61023499,USDT
2024-02-13T05:15:00Z,SOL/USDT,sell,113.62316000,5.78791063,0.65764070,USDT
2024-02-13T06:00:00Z,SOL/USDT,buy,114.11703000,5.38939917,0.61502223,USDT
2024-02-13T06:45:00Z,SOL/USDT,sell,113.84305000,5.38939917,0.61354564,USDT
2024-02-13T07:00:00Z,SOL/USDT,buy,113.87691000,5.39318116,0.61415881,USDT
2024-02-13T09:30:00Z,SOL/USDT,sell,114.40277000,5.39318116,0.61699486,USDT
2024-02-13T09:45:00Z,SOL/USDT,buy,114.40717500,5.37211856,0.61460891,USDT
2024-02-13T10:45:00Z,SOL/USDT,stop_sell,113.54498482,5.37211856,0.60997712,USDT
2024-02-13T12:30:00Z,SOL/USDT,buy,113.76685500,5.38971821,0.61317129,USDT
2024-02-13T12:45:00Z,SOL/USDT,sell,113.62316000,5.38971821,0.61239681,USDT
2024-02-13T19:00:00Z,SOL/USDT,buy,111.46570500,5.50292615,0.61338754,USDT
2024-02-13T23:45:00Z,SOL/USDT,sell,112.30382000,5.50292615,0.61799963,USDT
2024-02-14T06:15:00Z,SOL/USDT,buy,113.06650500,5.43848291,0.61491026,USDT
2024-02-14T18:15:00Z,SOL/USDT,sell,115.29232500,5.43848291,0.62701534,USDT
2024-02-15T00:00:00Z,SOL/USDT,buy,116.88841500,5.25785792,0.61458268,USDT
2024-02-15T04:30:00Z,SOL/USDT,sell,116.89152500,5.25785792,0.61459903,USDT
2024-02-15T04:45:00Z,SOL/USDT,buy,117.20857500,5.24401054,0.61464300,USDT
2024-02-15T05:00:00Z,SOL/USDT,sell,116.58168000,5.24401054,0.61135556,USDT
2024-02-15T11:30:00Z,SOL/USDT,buy,116.79837000,5.26475202,0.61491445,USDT
2024-02-15T11:30:00Z,SOL/USDT,stop_sell,116.07871732,5.26475202,0.61112566,USDT
2024-02-15T11:45:00Z,SOL/USDT,buy,116.16805500,5.28169668,0.61356443,USDT
2024-02-15T12:00:00Z,SOL/USDT,sell,115.98198000,5.28169668,0.61258164,USDT
2024-02-16T03:15:00Z,SOL/USDT,buy,114.21708000,5.37175488,0.61354616,USDT
2024-02-16T04:15:00Z,SOL/USDT,sell,113.69312500,5.37175488,0.61073160,USDT
2024-02-16T13:45:00Z,SOL/USDT,buy,112.29612000,5.4636872,0.61355087,USDT
2024-02-16T14:00:00Z,SOL/USDT,stop_sell,111.51028839,5.4636872,0.60925734,USDT
2024-02-16T22:45:00Z,SOL/USDT,buy,109.29462000,5.59900468,0.61194109,USDT
2024-02-17T02:30:00Z,SOL/USDT,sell,109.53520500,5.59900468,0.61328813,USDT
2024-02-17T03:00:00Z,SOL/USDT,buy,109.85490000,5.58123626,0.61312615,USDT
2024-02-17T03:30:00Z,SOL/USDT,sell,109.37528500,5.58123626,0.61044931,USDT
2024-02-17T09:00:00Z,SOL/USDT,buy,109.32463500,5.58704785,0.61080197,USDT
2024-02-17T09:00:00Z,SOL/USDT,stop_sell,108.97441411,5.58704785,0.60884527,USDT
2024-02-17T22:30:00Z,SOL/USDT,buy,109.55475000,5.59801231,0.61328884,USDT
2024-02-18T00:00:00Z,SOL/USDT,stop_sell,108.76166339,5.59801231,0.60884913,USDT
2024-02-18T00:15:00Z,SOL/USDT,buy,109.03449000,5.60823423,0.61149096,USDT
2024-02-18T01:30:00Z,SOL/USDT,stop_sell,108.47323625,5.60823423,0.60834332,USDT
2024-02-18T07:00:00Z,SOL/USDT,buy,108.60427500,5.62670454,0.61108417,USDT
2024-02-18T15:00:00Z,SOL/USDT,sell,111.93400500,5.62670454,0.62981957,USDT
2024-02-18T15:30:00Z,SOL/USDT,buy,112.45620000,5.45476837,0.61342252,USDT
2024-02-18T16:30:00Z,SOL/USDT,sell,111.88403000,5.45476837,0.61030147,USDT
2024-02-18T16:45:00Z,SOL/USDT,buy,112.80637500,5.42702445,0.61220296,USDT
2024-02-18T20:15:00Z,SOL/USDT,stop_sell,112.18245214,5.42702445,0.60881691,USDT
2024-02-18T21:00:00Z,SOL/USDT,buy,112.54624500,5.43822038,0.61205128,USDT
2024-02-18T21:30:00Z,SOL/USDT,sell,112.64365000,5.43822038,0.61258099,USDT
2024-02-19T07:15:00Z,SOL/USDT,buy,112.54624500,5.43820961,0.61205007,USDT
2024-02-19T08:45:00Z,SOL/USDT,stop_sell,111.79657375,5.43820961,0.60797320,USDT
2024-02-19T09:00:00Z,SOL/USDT,buy,111.98596500,5.47091863,0.61266610,USDT
2024-02-19T09:45:00Z,SOL/USDT,sell,112.17388500,5.47091863,0.61369420,USDT
2024-02-19T13:45:00Z,SOL/USDT,buy,113.31663000,5.4040363,0.61236718,USDT
2024-02-19T18:00:00Z,SOL/USDT,sell,112.78358000,5.4040363,0.60948656,USDT
2024-02-19T23:00:00Z,SOL/USDT,buy,112.02598500,5.44930778,0.61046407,USDT
2024-02-19T23:15:00Z,SOL/USDT,sell,111.73410500,5.44930778,0.60887353,USDT
2024-02-20T07:00:00Z,SOL/USDT,buy,110.77536000,5.50573873,0.60990019,USDT
2024-02-20T07:15:00Z,SOL/USDT,stop_sell,110.39798768,5.50573873,0.60782248,USDT
2024-02-20T07:30:00Z,SOL/USDT,buy,110.53524000,5.52878068,0.61112510,USDT
2024-02-20T07:45:00Z,SOL/USDT,stop_sell,109.93643286,5.52878068,0.60781443,USDT
2024-02-20T21:30:00Z,SOL/USDT,buy,107.78386500,5.66399548,0.61048732,USDT
2024-02-21T01:45:00Z,SOL/USDT,sell,107.24635000,5.66399548,0.60744284,USDT
2024-02-21T16:00:00Z,SOL/USDT,buy,103.87191000,5.87404489,0.61014826,USDT
2024-02-21T17:30:00Z,SOL/USDT,sell,103.24835000,5.87404489,0.60648544,USDT
2024-02-21T19:15:00Z,SOL/USDT,buy,101.96095500,5.97855631,0.60957931,USDT
2024-02-21T19:45:00Z,SOL/USDT,sell,101.75909500,5.97855631,0.60837248,USDT
2024-02-21T22:00:00Z,SOL/USDT,buy,104.62228500,5.82632232,0.60956315,USDT
2024-02-22T01:00:00Z,SOL/USDT,stop_sell,103.61887893,5.82632232,0.60371699,USDT
2024-02-22T01:15:00Z,SOL/USDT,buy,104.02198500,5.85113926,0.60864712,USDT
2024-02-22T01:30:00Z,SOL/USDT,stop_sell,103.18730911,5.85113926,0.60376332,USDT
2024-02-22T01:45:00Z,SOL/USDT,buy,102.65130000,5.92852221,0.60857051,USDT
2024-02-22T02:30:00Z,SOL/USDT,sell,102.85854500,5.92852221,0.60979917,USDT
2024-02-22T12:45:00Z,SOL/USDT,buy,105.02248500,5.78803304,0.60787361,USDT
2024-02-22T13:00:00Z,SOL/USDT,sell,105.07743500,5.78803304,0.60819167,USDT
2024-02-23T04:30:00Z,SOL/USDT,buy,102.22108500,5.9539488,0.60861911,USDT
2024-02-23T05:30:00Z,SOL/USDT,sell,102.46874000,5.9539488,0.61009363,USDT
2024-02-23T06:15:00Z,SOL/USDT,buy,102.76135500,5.92340985,0.60869762,USDT
2024-02-23T06:30:00Z,SOL/USDT,sell,102.66864000,5.92340985,0.60814843,USDT
2024-02-23T06:45:00Z,SOL/USDT,buy,102.93144000,5.9197271,0.60932603,USDT
2024-02-23T07:30:00Z,SOL/USDT,sell,102.23885500,5.9197271,0.60522612,USDT
2024-02-23T07:45:00Z,SOL/USDT,buy,102.37116000,5.94452853,0.60854828,USDT
2024-02-23T07:45:00Z,SOL/USDT,stop_sell,101.70983393,5.94452853,0.60461701,USDT
2024-02-23T08:00:00Z,SOL/USDT,buy,102.03099000,5.95214961,0.60730372,USDT
2024-02-23T08:45:00Z,SOL/USDT,stop_sell,101.51421750,5.95214961,0.60422781,USDT
2024-02-23T10:30:00Z,SOL/USDT,buy,102.59127000,5.91803633,0.60713886,USDT
2024-02-23T10:45:00Z,SOL/USDT,sell,102.45874500,5.91803633,0.60635458,USDT
2024-02-23T11:15:00Z,SOL/USDT,buy,102.88141500,5.89979034,0.60697878,USDT
2024-02-23T11:30:00Z,SOL/USDT,sell,102.53870500,5.89979034,0.60495686,USDT
2024-02-23T14:30:00Z,SOL/USDT,buy,102.85140000,5.90761628,0.60760661,USDT
2024-02-23T14:30:00Z,SOL/USDT,stop_sell,101.88403250,5.90761628,0.60189177,USDT
2024-02-24T11:45:00Z,SOL/USDT,buy,102.32113500,5.92357278,0.60610669,USDT
2024-02-24T12:00:00Z,SOL/USDT,stop_sell,101.78301161,5.92357278,0.60291908,USDT
2024-02-24T12:15:00Z,SOL/USDT,buy,101.84089500,5.93522259,0.60444838,USDT
2024-02-24T12:30:00Z,SOL/USDT,sell,101.94900000,5.93522259,0.60509001,USDT
2024-02-24T13:00:00Z,SOL/USDT,buy,102.27111000,5.91275148,0.60470366,USDT
2024-02-24T14:00:00Z,SOL/USDT,sell,102.12891000,5.91275148,0.60386286,USDT
2024-02-24T20:00:00Z,SOL/USDT,buy,104.13204000,5.81460923,0.60548712,USDT
2024-02-25T00:30:00Z,SOL/USDT,sell,103.48823000,5.81460923,0.60174362,USDT
2024-02-25T16:00:00Z,SOL/USDT,buy,102.98146500,5.89231969,0.60679971,USDT
2024-02-25T16:00:00Z,SOL/USDT,stop_sell,102.05037786,5.89231969,0.60131345,USDT
2024-02-25T17:15:00Z,SOL/USDT,buy,102.87141000,5.87622585,0.60449564,USDT
2024-02-25T18:30:00Z,SOL/USDT,sell,102.98848000,5.87622585,0.60518357,USDT
2024-02-25T18:45:00Z,SOL/USDT,buy,103.20157500,5.86157073,0.60492333,USDT
2024-02-25T20:00:00Z,SOL/USDT,sell,103.48823000,5.86157073,0.60660358,USDT
2024-02-25T20:15:00Z,SOL/USDT,buy,104.23209000,5.80561845,0.60513174,USDT
2024-02-25T20:45:00Z,SOL/USDT,stop_sell,103.56033679,5.80561845,0.60123180,USDT
2024-02-25T21:30:00Z,SOL/USDT,buy,103.40167500,5.8426695,0.60414181,USDT
2024-02-25T22:00:00Z,SOL/USDT,sell,103.35829500,5.8426695,0.60388836,USDT
2024-02-26T00:30:00Z,SOL/USDT,buy,103.43169000,5.82519441,0.60250970,USDT
2024-02-26T01:00:00Z,SOL/USDT,sell,103.88803000,5.82519441,0.60516797,USDT
2024-02-26T01:30:00Z,SOL/USDT,buy,104.15205000,5.79890002,0.60396732,USDT
2024-02-26T01:45:00Z,SOL/USDT,stop_sell,103.50108071,5.79890002,0.60019242,USDT
2024-02-26T04:00:00Z,SOL/USDT,buy,103.48171500,5.83541987,0.60385926,USDT
2024-02-26T04:30:00Z,SOL/USDT,sell,103.26834000,5.83541987,0.60261412,USDT
2024-02-26T06:00:00Z,SOL/USDT,buy,104.05200000,5.80210612,0.60372075,USDT
2024-02-26T06:15:00Z,SOL/USDT,sell,103.75809500,5.80210612,0.60201548,USDT
2024-02-26T06:45:00Z,SOL/USDT,buy,104.08201500,5.79540759,0.60319770,USDT
2024-02-26T07:30:00Z,SOL/USDT,stop_sell,103.51535929,5.79540759,0.59991370,USDT
2024-02-26T07:45:00Z,SOL/USDT,buy,103.40167500,5.83231222,0.60307085,USDT
2024-02-26T09:15:00Z,SOL/USDT,stop_sell,102.81499536,5.83231222,0.59964915,USDT
2024-02-26T17:45:00Z,SOL/USDT,buy,108.79437000,5.53927894,0.60264236,USDT
2024-02-26T23:00:00Z,SOL/USDT,sell,109.65514500,5.53927894,0.60741044,USDT
2024-02-26T23:15:00Z,SOL/USDT,buy,109.98496500,5.47941292,0.60265304,USDT
2024-02-26T23:45:00Z,SOL/USDT,sell,109.73510500,5.47941292,0.60128395,USDT
2024-02-27T01:15:00Z,SOL/USDT,buy,111.75585000,5.39367885,0.60277516,USDT
2024-02-27T01:45:00Z,SOL/USDT,stop_sell,110.45831464,5.39367885,0.59577668,USDT
2024-02-27T07:15:00Z,SOL/USDT,buy,110.84539500,5.42716656,0.60157642,USDT
2024-02-27T07:30:00Z,SOL/USDT,sell,110.22486000,5.42716656,0.59820867,USDT
2024-02-27T08:30:00Z,SOL/USDT,buy,111.46570500,5.39516305,0.60137565,USDT
2024-02-27T10:45:00Z,SOL/USDT,sell,111.08443000,5.39516305,0.59931861,USDT
2024-02-27T21:30:00Z,SOL/USDT,buy,108.78436500,5.51908012,0.60038963,USDT
2024-02-27T23:30:00Z,SOL/USDT,stop_sell,108.02596000,5.51908012,0.59620393,USDT
2024-02-28T00:00:00Z,SOL/USDT,buy,108.37416000,5.54311731,0.60073068,USDT
2024-02-28T01:00:00Z,SOL/USDT,stop_sell,107.62080554,5.54311731,0.59655475,USDT
2024-02-28T04:30:00Z,SOL/USDT,buy,108.62428500,5.52589309,0.60024619,USDT
2024-02-28T08:30:00Z,SOL/USDT,sell,109.54520000,5.52589309,0.60533506,USDT
2024-02-28T08:45:00Z,SOL/USDT,buy,110.02498500,5.46386854,0.60116205,USDT
2024-02-28T09:00:00Z,SOL/USDT,sell,110.41476500,5.46386854,0.60329176,USDT
2024-02-28T12:00:00Z,SOL/USDT,buy,111.44569500,5.39000763,0.60069315,USDT
2024-02-28T14:15:00Z,SOL/USDT,sell,112.17388500,5.39000763,0.60461810,USDT
2024-02-28T18:00:00Z,SOL/USDT,buy,114.59727000,5.24602777,0.60118046,USDT
2024-02-28T18:00:00Z,SOL/USDT,stop_sell,111.74659875,5.24602777,0.58622576,USDT
2024-02-28T22:00:00Z,SOL/USDT,buy,116.26810500,5.16130371,0.60009500,USDT
2024-02-28T23:30:00Z,SOL/USDT,stop_sell,114.18966232,5.16130371,0.58936753,USDT
2024-02-28T23:45:00Z,SOL/USDT,buy,116.74834500,5.13013367,0.59893462,USDT
2024-02-29T06:45:00Z,SOL/USDT,sell,122.77858000,5.13013367,0.62987053,USDT
2024-02-29T07:45:00Z,SOL/USDT,buy,124.06200000,4.84686989,0.60131237,USDT
2024-02-29T13:30:00Z,SOL/USDT,sell,131.21436000,4.84686989,0.63597893,USDT
2024-02-29T13:45:00Z,SOL/USDT,buy,133.96695000,4.50814881,0.60394295,USDT
2024-02-29T14:45:00Z,SOL/USDT,stop_sell,131.57168125,4.50814881,0.59314472,USDT
2024-02-29T15:00:00Z,SOL/USDT,buy,131.84589000,4.57685915,0.60344007,USDT
2024-02-29T15:00:00Z,SOL/USDT,stop_sell,128.98761679,4.57685915,0.59035815,USDT
2024-02-29T15:15:00Z,SOL/USDT,buy,130.87540500,4.61408594,0.60387037,USDT
2024-02-29T16:30:00Z,SOL/USDT,sell,128.81556000,4.61408594,0.59436606,USDT
2024-02-29T17:00:00Z,SOL/USDT,buy,130.77535500,4.60363493,0.60204199,USDT
2024-02-29T17:30:00Z,SOL/USDT,stop_sell,127.26133750,4.60363493,0.58586474,USDT
2024-02-29T20:30:00Z,SOL/USDT,buy,131.89591500,4.54630288,0.59963878,USDT
2024-02-29T20:45:00Z,SOL/USDT,sell,130.47473000,4.54630288,0.59317764,USDT
2024-03-01T01:15:00Z,SOL/USDT,buy,131.97595500,4.53546544,0.59857238,USDT
2024-03-01T06:30:00Z,SOL/USDT,sell,133.66313500,4.53546544,0.60622453,USDT
2024-03-01T13:00:00Z,SOL/USDT,buy,134.52723000,4.47463098,0.60195971,USDT
2024-03-01T14:30:00Z,SOL/USDT,sell,133.04344500,4.47463098,0.59532032,USDT
2024-03-02T01:00:00Z,SOL/USDT,buy,130.07500500,4.58252811,0.59607237,USDT
2024-03-02T01:00:00Z,SOL/USDT,stop_sell,129.06650589,4.58252811,0.59145089,USDT
2024-03-02T10:30:00Z,SOL/USDT,buy,129.01447500,4.63503237,0.59798627,USDT
2024-03-02T11:15:00Z,SOL/USDT,sell,128.62565500,4.63503237,0.59618407,USDT
2024-03-02T12:15:00Z,SOL/USDT,buy,129.64479000,4.61422456,0.59821017,USDT
2024-03-02T13:00:00Z,SOL/USDT,sell,129.38527500,4.61422456,0.59701271,USDT
2024-03-02T21:15:00Z,SOL/USDT,buy,129.43468500,4.62738874,0.59894460,USDT
2024-03-02T23:00:00Z,SOL/USDT,sell,128.28582500,4.62738874,0.59362838,USDT
2024-03-02T23:15:00Z,SOL/USDT,buy,129.10452000,4.63268249,0.59810025,USDT
2024-03-02T23:45:00Z,SOL/USDT,sell,129.49522000,4.63268249,0.59991024,USDT
2024-03-03T00:45:00Z,SOL/USDT,buy,129.90492000,4.58469378,0.59557428,USDT
2024-03-03T00:45:00Z,SOL/USDT,stop_sell,129.09542000,4.58469378,0.59186297,USDT
2024-03-03T02:45:00Z,SOL/USDT,buy,129.27460500,4.62106038,0.59738576,USDT
2024-03-03T04:45:00Z,SOL/USDT,sell,129.94499500,4.62106038,0.60048367,USDT
2024-03-03T05:00:00Z,SOL/USDT,buy,130.29511500,4.5888406,0.59790351,USDT
2024-03-03T05:30:00Z,SOL/USDT,sell,129.52520500,4.5888406,0.59437052,USDT
2024-03-03T05:45:00Z,SOL/USDT,buy,129.58476000,4.59865994,0.59591624,USDT
2024-03-03T06:00:00Z,SOL/USDT,sell,129.67513000,4.59865994,0.59633183,USDT
2024-03-03T07:15:00Z,SOL/USDT,buy,129.23458500,4.61847184,0.59686629,USDT
2024-03-03T07:15:00Z,SOL/USDT,stop_sell,128.25619696,4.61847184,0.59234763,USDT
2024-03-03T09:30:00Z,SOL/USDT,buy,130.22508000,4.57983541,0.59640943,USDT
2024-03-03T11:15:00Z,SOL/USDT,sell,129.40526500,4.57983541,0.59265481,USDT
2024-03-03T11:45:00Z,SOL/USDT,buy,129.35464500,4.6125891,0.59665983,USDT
2024-03-03T12:00:00Z,SOL/USDT,sell,128.69562000,4.6125891,0.59362001,USDT
2024-03-03T12:15:00Z,SOL/USDT,buy,128.48421000,4.63617408,0.59567516,USDT
2024-03-03T12:45:00Z,SOL/USDT,sell,128.02595500,4.63617408,0.59355061,USDT
2024-03-03T13:30:00Z,SOL/USDT,buy,128.39416500,4.63772112,0.59545633,USDT
2024-03-03T14:00:00Z,SOL/USDT,sell,128.57568000,4.63772112,0.59629815,USDT
2024-03-04T01:00:00Z,SOL/USDT,buy,130.79536500,4.55201085,0.59538192,USDT
2024-03-04T02:00:00Z,SOL/USDT,stop_sell,129.16003054,4.55201085,0.58793786,USDT
2024-03-04T13:15:00Z,SOL/USDT,buy,132.90642000,4.47552284,0.59482572,USDT
2024-03-04T13:45:00Z,SOL/USDT,stop_sell,131.09227821,4.47552284,0.58670649,USDT
2024-03-04T22:30:00Z,SOL/USDT,buy,130.15504500,4.56724209,0.59444960,USDT
2024-03-04T23:00:00Z,SOL/USDT,sell,130.73460000,4.56724209,0.59709657,USDT
2024-03-04T23:45:00Z,SOL/USDT,buy,132.32613000,4.47450309,0.59209368,USDT
2024-03-05T00:30:00Z,SOL/USDT,stop_sell,131.40747768,4.47450309,0.58798316,USDT
2024-03-05T00:45:00Z,SOL/USDT,buy,132.30612000,4.48313799,0.59314659,USDT
2024-03-05T01:00:00Z,SOL/USDT,stop_sell,130.99554089,4.48313799,0.58727109,USDT
2024-03-05T13:15:00Z,SOL/USDT,buy,131.93593500,4.49415345,0.59294034,USDT
2024-03-05T17:00:00Z,SOL/USDT,stop_sell,130.92700375,4.49415345,0.58840605,USDT
2024-03-05T17:45:00Z,SOL/USDT,buy,133.72683000,4.43188618,0.59266209,USDT
2024-03-05T19:00:00Z,SOL/USDT,sell,131.48422500,4.43188618,0.58272312,USDT
2024-03-05T19:15:00Z,SOL/USDT,buy,132.12603000,4.45758547,0.58896307,USDT
2024-03-05T19:30:00Z,SOL/USDT,sell,130.37478000,4.45758547,0.58115672,USDT
2024-03-06T03:15:00Z,SOL/USDT,buy,121.57075500,4.88234005,0.59354977,USDT
2024-03-06T04:00:00Z,SOL/USDT,sell,122.44874500,4.88234005,0.59783641,USDT
2024-03-06T10:00:00Z,SOL/USDT,buy,129.71482500,4.558133,0.59125742,USDT
2024-03-06T11:00:00Z,SOL/USDT,sell,130.75459000,4.558133,0.59599681,USDT
2024-03-06T18:30:00Z,SOL/USDT,buy,129.51472500,4.57196191,0.59213639,USDT
2024-03-07T00:30:00Z,SOL/USDT,sell,131.13440000,4.57196191,0.59954148,USDT
2024-03-07T03:00:00Z,SOL/USDT,buy,139.92993000,4.23127056,0.59208139,USDT
2024-03-07T05:45:00Z,SOL/USDT,stop_sell,136.75801536,4.23127056,0.57866016,USDT
2024-03-07T06:00:00Z,SOL/USDT,buy,137.05849500,4.31171665,0.59095739,USDT
2024-03-07T07:00:00Z,SOL/USDT,sell,138.76058500,4.31171665,0.59829632,USDT
2024-03-07T07:15:00Z,SOL/USDT,buy,138.84939000,4.24526182,0.58945201,USDT
2024-03-07T07:45:00Z,SOL/USDT,sell,138.50071500,4.24526182,0.58797180,USDT
2024-03-07T13:15:00Z,SOL/USDT,buy,142.67130000,4.14518867,0.59139946,USDT
2024-03-07T18:30:00Z,SOL/USDT,sell,145.66713000,4.14518867,0.60381774,USDT
2024-03-07T18:45:00Z,SOL/USDT,buy,147.29361000,4.01951527,0.59204891,USDT
2024-03-07T19:45:00Z,SOL/USDT,sell,148.45573500,4.01951527,0.59672009,USDT
2024-03-07T20:00:00Z,SOL/USDT,buy,148.77435000,3.98138285,0.59232765,USDT
2024-03-07T20:45:00Z,SOL/USDT,stop_sell,146.77835982,3.98138285,0.58438084,USDT
2024-03-08T02:30:00Z,SOL/USDT,buy,145.47270000,4.07429029,0.59269801,USDT
2024-03-08T03:00:00Z,SOL/USDT,sell,145.01745500,4.07429029,0.59084321,USDT
2024-03-08T03:30:00Z,SOL/USDT,buy,144.86239500,4.08556496,0.59184473,USDT
2024-03-08T04:00:00Z,SOL/USDT,sell,144.04794000,4.08556496,0.58851722,USDT
2024-03-08T04:30:00Z,SOL/USDT,buy,144.78235500,4.0878758,0.59185229,USDT
2024-03-08T04:30:00Z,SOL/USDT,stop_sell,143.25083875,4.0878758,0.58559164,USDT
2024-03-08T08:15:00Z,SOL/USDT,buy,144.95244000,4.07332785,0.59043881,USDT
2024-03-08T08:30:00Z,SOL/USDT,sell,144.99746500,4.07332785,0.59062221,USDT
2024-03-08T08:45:00Z,SOL/USDT,buy,146.11302000,4.03710703,0.58987390,USDT
2024-03-08T15:30:00Z,SOL/USDT,stop_sell,144.86253250,4.03710703,0.58482555,USDT
2024-03-08T20:30:00Z,SOL/USDT,buy,147.37365000,4.00547186,0.59030101,USDT
2024-03-08T21:15:00Z,SOL/USDT,sell,145.86703000,4.00547186,0.58426628,USDT
2024-03-09T02:15:00Z,SOL/USDT,buy,145.51272000,4.05137652,0.58952682,USDT
2024-03-09T10:00:00Z,SOL/USDT,sell,146.84654000,4.05137652,0.59493062,USDT
2024-03-10T00:45:00Z,SOL/USDT,buy,145.46269500,4.05119038,0.58929707,USDT
2024-03-10T01:15:00Z,SOL/USDT,sell,146.32680000,4.05119038,0.59279772,USDT
2024-03-10T01:45:00Z,SOL/USDT,buy,146.64328500,4.02534579,0.59028993,USDT
2024-03-10T07:15:00Z,SOL/USDT,sell,147.27632500,4.02534579,0.59283813,USDT
2024-03-10T07:30:00Z,SOL/USDT,buy,148.09401000,3.98580884,0.59027441,USDT
2024-03-10T09:15:00Z,SOL/USDT,stop_sell,147.13710893,3.98580884,0.58646039,USDT
2024-03-10T17:15:00Z,SOL/USDT,buy,144.94243500,4.05576914,0.58785305,USDT
2024-03-10T17:30:00Z,SOL/USDT,sell,144.84754000,4.05576914,0.58746818,USDT
2024-03-10T18:45:00Z,SOL/USDT,buy,144.73233000,4.07313489,0.58951430,USDT
2024-03-10T21:30:00Z,SOL/USDT,sell,144.41775500,4.07313489,0.58823300,USDT
2024-03-11T20:45:00Z,SOL/USDT,buy,147.04348500,3.99932113,0.58807412,USDT
2024-03-11T21:00:00Z,SOL/USDT,sell,147.22635000,3.99932113,0.58880545,USDT
2024-03-12T00:00:00Z,SOL/USDT,buy,148.83438000,3.95582398,0.58876261,USDT
2024-03-12T00:15:00Z,SOL/USDT,stop_sell,148.01631196,3.95582398,0.58552648,USDT
2024-03-12T01:00:00Z,SOL/USDT,buy,147.47370000,3.99559727,0.58924551,USDT
2024-03-12T08:00:00Z,SOL/USDT,sell,152.00396000,3.99559727,0.60734661,USDT
2024-03-12T19:00:00Z,SOL/USDT,buy,149.57475000,3.94293687,0.58976380,USDT
2024-03-12T19:15:00Z,SOL/USDT,sell,149.54519000,3.94293687,0.58964724,USDT
2024-03-12T19:45:00Z,SOL/USDT,buy,149.13453000,3.95334349,0.58958002,USDT
2024-03-12T20:00:00Z,SOL/USDT,sell,149.64514000,3.95334349,0.59159864,USDT
2024-03-13T00:30:00Z,SOL/USDT,buy,150.22507500,3.93375071,0.59094800,USDT
2024-03-13T02:15:00Z,SOL/USDT,sell,149.86503000,3.93375071,0.58953167,USDT
2024-03-13T02:45:00Z,SOL/USDT,buy,149.53473000,3.94473103,0.58987429,USDT
2024-03-13T03:30:00Z,SOL/USDT,sell,149.18537000,3.94473103,0.58849616,USDT
2024-03-13T13:00:00Z,SOL/USDT,buy,153.00646500,3.85388726,0.58966967,USDT
2024-03-13T13:30:00Z,SOL/USDT,stop_sell,151.52884054,3.85388726,0.58397507,USDT
2024-03-13T13:45:00Z,SOL/USDT,buy,152.13603000,3.86901584,0.58861671,USDT
2024-03-13T13:45:00Z,SOL/USDT,stop_sell,150.79135232,3.86901584,0.58341413,USDT
2024-03-13T14:15:00Z,SOL/USDT,buy,152.44618500,3.86109832,0.58860971,USDT
2024-03-13T14:30:00Z,SOL/USDT,sell,151.99396500,3.86109832,0.58686364,USDT
2024-03-13T14:45:00Z,SOL/USDT,buy,152.49621000,3.86133833,0.58883946,USDT
2024-03-14T05:30:00Z,SOL/USDT,sell,165.62714500,3.86133833,0.63954244,USDT
2024-03-14T06:00:00Z,SOL/USDT,buy,166.73332500,3.55558102,0.59283385,USDT
2024-03-14T13:45:00Z,SOL/USDT,sell,168.38576500,3.55558102,0.59870923,USDT
2024-03-14T22:45:00Z,SOL/USDT,buy,172.47619500,3.4311045,0.59178385,USDT
2024-03-15T04:30:00Z,SOL/USDT,sell,176.39176000,3.4311045,0.60521856,USDT
2024-03-15T08:15:00Z,SOL/USDT,buy,176.80836000,3.36162203,0.59436288,USDT
2024-03-15T08:30:00Z,SOL/USDT,sell,173.39326000,3.36162203,0.58288260,USDT
2024-03-15T13:15:00Z,SOL/USDT,buy,175.64778000,3.38580772,0.59470961,USDT
2024-03-15T20:15:00Z,SOL/USDT,sell,179.61015000,3.38580772,0.60812543,USDT
2024-03-16T02:15:00Z,SOL/USDT,buy,184.20205500,3.22284481,0.59365464,USDT
2024-03-16T12:15:00Z,SOL/USDT,sell,191.40425000,3.22284481,0.61686619,USDT
2024-03-16T13:30:00Z,SOL/USDT,buy,192.52621500,3.09441577,0.59575616,USDT
2024-03-16T13:45:00Z,SOL/USDT,sell,191.78406000,3.09441577,0.59345962,USDT
2024-03-16T16:00:00Z,SOL/USDT,buy,195.10750500,3.05030091,0.59513660,USDT
2024-03-16T16:30:00Z,SOL/USDT,sell,192.62364000,3.05030091,0.58756006,USDT
2024-03-16T17:00:00Z,SOL/USDT,buy,192.81636000,3.08387025,0.59462064,USDT
2024-03-16T17:15:00Z,SOL/USDT,sell,190.02494000,3.08387025,0.58601226,USDT
2024-03-17T00:30:00Z,SOL/USDT,buy,188.75433000,3.14360435,0.59336893,USDT
2024-03-17T00:30:00Z,SOL/USDT,stop_sell,183.57959286,3.14360435,0.57710161,USDT
2024-03-17T00:45:00Z,SOL/USDT,buy,183.74182500,3.22594167,0.59274041,USDT
2024-03-17T01:30:00Z,SOL/USDT,sell,184.82754000,3.22594167,0.59624286,USDT
2024-03-17T01:45:00Z,SOL/USDT,buy,186.63327000,3.16994312,0.59161685,USDT
2024-03-17T05:00:00Z,SOL/USDT,sell,184.02794000,3.16994312,0.58335810,USDT
2024-03-17T05:30:00Z,SOL/USDT,buy,186.33312000,3.17644579,0.59187705,USDT
2024-03-17T06:45:00Z,SOL/USDT,sell,186.89650500,3.17644579,0.59366662,USDT
2024-03-17T08:30:00Z,SOL/USDT,buy,184.80235500,3.19714038,0.59083907,USDT
2024-03-17T16:30:00Z,SOL/USDT,sell,193.50320000,3.19714038,0.61865689,USDT
2024-03-17T17:15:00Z,SOL/USDT,buy,193.97694000,3.05270348,0.59215408,USDT
2024-03-17T17:30:00Z,SOL/USDT,sell,195.15237500,3.05270348,0.59574233,USDT
2024-03-17T19:00:00Z,SOL/USDT,buy,195.65778000,3.03635742,0.59408695,USDT
2024-03-18T01:00:00Z,SOL/USDT,sell,195.76207000,3.03635742,0.59440361,USDT
2024-03-18T01:15:00Z,SOL/USDT,buy,197.26858500,3.01044545,0.59386631,USDT
2024-03-18T01:30:00Z,SOL/USDT,sell,197.19135500,3.01044545,0.59363382,USDT
2024-03-18T09:30:00Z,SOL/USDT,buy,204.89239500,2.90058809,0.59430844,USDT
2024-03-18T14:15:00Z,SOL/USDT,sell,203.81804000,2.90058809,0.59119218,USDT
2024-03-18T22:15:00Z,SOL/USDT,buy,201.80085000,2.94014079,0.59332291,USDT
2024-03-18T22:15:00Z,SOL/USDT,stop_sell,198.87729732,2.94014079,0.58472725,USDT
2024-03-19T07:30:00Z,SOL/USDT,buy,185.94292500,3.18847376,0.59287414,USDT
2024-03-19T08:15:00Z,SOL/USDT,sell,183.02844000,3.18847376,0.58358138,USDT
2024-03-19T18:30:00Z,SOL/USDT,buy,182.09100000,3.25634507,0.59295113,USDT
2024-03-19T20:15:00Z,SOL/USDT,stop_sell,177.41910321,3.25634507,0.57773782,USDT
2024-03-20T02:15:00Z,SOL/USDT,buy,174.23707500,3.38922922,0.59052939,USDT
2024-03-20T03:45:00Z,SOL/USDT,stop_sell,169.82825768,3.38922922,0.57558689,USDT
2024-03-20T04:00:00Z,SOL/USDT,buy,169.98495000,3.46621176,0.58920383,USDT
2024-03-20T04:30:00Z,SOL/USDT,sell,167.33629000,3.46621176,0.58002302,USDT
2024-03-20T20:00:00Z,SOL/USDT,buy,182.52121500,3.22664634,0.58893141,USDT
2024-03-21T03:00:00Z,SOL/USDT,sell,191.19435500,3.22664634,0.61691657,USDT
2024-03-21T03:15:00Z,SOL/USDT,buy,192.56623500,3.06488607,0.59019357,USDT
2024-03-21T03:45:00Z,SOL/USDT,stop_sell,189.83110839,3.06488607,0.58181072,USDT
2024-03-22T00:45:00Z,SOL/USDT,buy,179.11951500,3.28063723,0.58762615,USDT
2024-03-22T01:00:00Z,SOL/USDT,sell,178.99046000,3.28063723,0.58720277,USDT
2024-03-22T07:15:00Z,SOL/USDT,buy,179.68980000,3.27482338,0.58845236,USDT
2024-03-22T08:30:00Z,SOL/USDT,sell,179.11040000,3.27482338,0.58655493,USDT
2024-03-22T18:00:00Z,SOL/USDT,buy,172.19605500,3.42711531,0.59013574,USDT
2024-03-22T18:15:00Z,SOL/USDT,sell,171.68411500,3.42711531,0.58838126,USDT
2024-03-22T18:30:00Z,SOL/USDT,buy,171.98595000,3.42934101,0.58979847,USDT
2024-03-22T20:15:00Z,SOL/USDT,sell,171.51420000,3.42934101,0.58818068,USDT
2024-03-23T01:00:00Z,SOL/USDT,buy,173.85688500,3.38662772,0.58878855,USDT
2024-03-23T03:30:00Z,SOL/USDT,stop_sell,171.84903250,3.38662772,0.58198870,USDT
2024-03-23T03:45:00Z,SOL/USDT,buy,171.89590500,3.42472463,0.58869614,USDT
2024-03-23T04:00:00Z,SOL/USDT,sell,171.76407500,3.42472463,0.58824466,USDT
2024-03-23T08:45:00Z,SOL/USDT,buy,175.82787000,3.34564379,0.58825742,USDT
2024-03-23T09:45:00Z,SOL/USDT,stop_sell,173.94084321,3.34564379,0.58194410,USDT
2024-03-23T10:00:00Z,SOL/USDT,buy,175.50771000,3.35560305,0.58893421,USDT
2024-03-23T11:45:00Z,SOL/USDT,sell,175.23234000,3.35560305,0.58801017,USDT
2024-03-23T13:45:00Z,SOL/USDT,buy,176.08800000,3.33634477,0.58749028,USDT
2024-03-23T15:30:00Z,SOL/USDT,sell,175.40225500,3.33634477,0.58520240,USDT
2024-03-24T00:30:00Z,SOL/USDT,buy,175.39765500,3.34198744,0.58617676,USDT
2024-03-24T02:30:00Z,SOL/USDT,stop_sell,174.25033125,3.34198744,0.58234242,USDT
2024-03-24T02:45:00Z,SOL/USDT,buy,174.36714000,3.36442153,0.58664456,USDT
2024-03-24T03:00:00Z,SOL/USDT,sell,174.36277500,3.36442153,0.58662987,USDT
2024-03-24T13:30:00Z,SOL/USDT,buy,175.64778000,3.33479993,0.58575020,USDT
2024-03-24T16:45:00Z,SOL/USDT,stop_sell,174.60336893,3.33479993,0.58226730,USDT
2024-03-24T17:00:00Z,SOL/USDT,buy,174.93742500,3.34868004,0.58580946,USDT
2024-03-24T17:00:00Z,SOL/USDT,stop_sell,174.13860143,3.34868004,0.58313446,USDT
2024-03-24T23:00:00Z,SOL/USDT,buy,184.98244500,3.16790145,0.58600616,USDT
2024-03-25T00:00:00Z,SOL/USDT,stop_sell,182.89493536,3.16790145,0.57939313,USDT
2024-03-25T00:15:00Z,SOL/USDT,buy,182.55123000,3.20492252,0.58506255,USDT
2024-03-25T00:15:00Z,SOL/USDT,stop_sell,180.39047393,3.20492252,0.57813749,USDT
2024-03-25T00:30:00Z,SOL/USDT,buy,182.31111000,3.19822514,0.58307198,USDT
2024-03-25T02:15:00Z,SOL/USDT,sell,182.35877500,3.19822514,0.58322442,USDT
2024-03-25T02:30:00Z,SOL/USDT,buy,183.50170500,3.18627412,0.58468673,USDT
2024-03-25T03:15:00Z,SOL/USDT,sell,184.30780000,3.18627412,0.58725517,USDT
2024-03-25T08:15:00Z,SOL/USDT,buy,187.09350000,3.1257019,0.58479851,USDT
2024-03-25T12:00:00Z,SOL/USDT,sell,187.82604000,3.1257019,0.58708821,USDT
2024-03-25T12:15:00Z,SOL/USDT,buy,187.77384000,3.11551738,0.58501266,USDT
2024-03-25T12:30:00Z,SOL/USDT,sell,187.44623000,3.11551738,0.58399199,USDT
2024-03-26T07:45:00Z,SOL/USDT,buy,195.67779000,2.99196491,0.58546108,USDT
2024-03-26T08:00:00Z,SOL/USDT,stop_sell,193.69988732,2.99196491,0.57954327,USDT
2024-03-26T21:15:00Z,SOL/USDT,buy,190.40515500,3.06581538,0.58374705,USDT
2024-03-27T00:00:00Z,SOL/USDT,stop_sell,188.89479107,3.06581538,0.57911656,USDT
2024-03-27T00:15:00Z,SOL/USDT,buy,188.84437500,3.09081013,0.58368211,USDT
2024-03-27T00:30:00Z,SOL/USDT,sell,190.00495000,3.09081013,0.58726922,USDT
2024-03-27T12:00:00Z,SOL/USDT,buy,188.29410000,3.10152905,0.58399962,USDT
2024-03-27T12:15:00Z,SOL/USDT,sell,187.20635000,3.10152905,0.58062593,USDT
2024-03-27T14:00:00Z,SOL/USDT,buy,185.73282000,3.13357318,0.58200738,USDT
2024-03-27T14:00:00Z,SOL/USDT,stop_sell,184.03507929,3.13357318,0.57668739,USDT
2024-03-27T20:15:00Z,SOL/USDT,buy,184.30210500,3.16325034,0.58299370,USDT
2024-03-28T01:30:00Z,SOL/USDT,sell,184.16787000,3.16325034,0.58256908,USDT
2024-03-28T07:15:00Z,SOL/USDT,buy,186.54322500,3.12155136,0.58230426,USDT
2024-03-28T11:15:00Z,SOL/USDT,sell,186.64663000,3.12155136,0.58262704,USDT
2024-03-28T18:00:00Z,SOL/USDT,buy,185.84287500,3.14020355,0.58358446,USDT
2024-03-28T19:30:00Z,SOL/USDT,sell,186.33678500,3.14020355,0.58513543,USDT
2024-03-28T20:15:00Z,SOL/USDT,buy,187.15353000,3.11201634,0.58242484,USDT
2024-03-29T02:15:00Z,SOL/USDT,sell,189.04543000,3.11201634,0.58831247,USDT
2024-03-29T02:45:00Z,SOL/USDT,buy,189.68479500,3.06749298,0.58185678,USDT
2024-03-29T03:30:00Z,SOL/USDT,sell,188.69560500,3.06749298,0.57882244,USDT
2024-03-29T12:30:00Z,SOL/USDT,buy,186.16303500,3.12996341,0.58268349,USDT
2024-03-29T13:30:00Z,SOL/USDT,sell,185.65712500,3.12996341,0.58110001,USDT
2024-03-29T16:30:00Z,SOL/USDT,buy,186.34312500,3.12307775,0.58196407,USDT
2024-03-29T17:00:00Z,SOL/USDT,sell,184.90750000,3.12307775,0.57748050,USDT
2024-03-29T18:00:00Z,SOL/USDT,buy,186.31311000,3.13022521,0.58320199,USDT
2024-03-29T18:30:00Z,SOL/USDT,sell,186.15687500,3.13022521,0.58271294,USDT
2024-03-29T20:15:00Z,SOL/USDT,buy,188.56423500,3.08913328,0.58250005,USDT
2024-03-30T09:15:00Z,SOL/USDT,sell,194.88251000,3.08913328,0.60201805,USDT
2024-03-30T17:30:00Z,SOL/USDT,buy,197.79885000,2.95133665,0.58377100,USDT
2024-03-30T17:45:00Z,SOL/USDT,sell,197.52119000,2.95133665,0.58295153,USDT
2024-03-30T18:00:00Z,SOL/USDT,buy,197.64877500,2.94859294,0.58278578,USDT
2024-03-30T18:45:00Z,SOL/USDT,sell,196.65162500,2.94859294,0.57984559,USDT
2024-03-31T00:00:00Z,SOL/USDT,buy,194.24707500,3.00204012,0.58313751,USDT
2024-03-31T01:00:00Z,SOL/USDT,sell,195.06242000,3.00204012,0.58558521,USDT
2024-03-31T01:15:00Z,SOL/USDT,buy,195.86788500,2.9739188,0.58249519,USDT
2024-03-31T03:15:00Z,SOL/USDT,sell,194.77256500,2.9739188,0.57923779,USDT
2024-03-31T09:45:00Z,SOL/USDT,buy,196.61826000,2.9644011,0.58285539,USDT
2024-03-31T11:30:00Z,SOL/USDT,stop_sell,195.56645357,2.9644011,0.57973741,USDT
2024-03-31T11:45:00Z,SOL/USDT,buy,195.67779000,2.9764424,0.58242367,USDT
2024-03-31T12:45:00Z,SOL/USDT,sell,195.60215000,2.9764424,0.58219853,USDT
2024-03-31T17:30:00Z,SOL/USDT,buy,197.09850000,2.95457456,0.58234221,USDT
2024-03-31T18:30:00Z,SOL/USDT,sell,196.94148000,2.95457456,0.58187829,USDT
2024-03-31T18:45:00Z,SOL/USDT,buy,197.92891500,2.9413715,0.58218247,USDT
2024-04-01T04:30:00Z,SOL/USDT,sell,202.30879500,2.9413715,0.59506532,USDT
2024-04-01T10:45:00Z,SOL/USDT,buy,195.60775500,2.97984348,0.58288049,USDT
2024-04-01T11:00:00Z,SOL/USDT,sell,196.29180500,2.97984348,0.58491886,USDT
2024-04-01T19:30:00Z,SOL/USDT,buy,193.95693000,3.00679337,0.58318841,USDT
2024-04-01T22:15:00Z,SOL/USDT,sell,194.32279000,3.00679337,0.58428848,USDT
2024-04-02T17:00:00Z,SOL/USDT,buy,180.61026000,3.22608688,0.58266439,USDT
2024-04-02T17:15:00Z,SOL/USDT,sell,181.02944000,3.22608688,0.58401670,USDT
2024-04-02T17:30:00Z,SOL/USDT,buy,180.91041000,3.2188652,0.58232622,USDT
2024-04-02T23:30:00Z,SOL/USDT,sell,182.81854500,3.2188652,0.58846825,USDT
2024-04-03T03:30:00Z,SOL/USDT,buy,186.47319000,3.13065093,0.58378247,USDT
2024-04-03T10:45:00Z,SOL/USDT,sell,187.98596000,3.13065093,0.58851842,USDT
2024-04-03T14:15:00Z,SOL/USDT,buy,190.35513000,3.06764404,0.58394178,USDT
2024-04-03T14:30:00Z,SOL/USDT,sell,190.00495000,3.06764404,0.58286755,USDT
2024-04-03T16:00:00Z,SOL/USDT,buy,189.49470000,3.08030197,0.58370090,USDT
2024-04-03T18:00:00Z,SOL/USDT,sell,188.01594500,3.08030197,0.57914589,USDT
2024-04-04T02:00:00Z,SOL/USDT,buy,185.88289500,3.13971654,0.58361960,USDT
2024-04-04T02:15:00Z,SOL/USDT,stop_sell,184.31601018,3.13971654,0.57870003,USDT
2024-04-04T07:15:00Z,SOL/USDT,buy,185.38264500,3.14505705,0.58303899,USDT
2024-04-04T16:30:00Z,SOL/USDT,sell,187.48621000,3.14505705,0.58965483,USDT
2024-04-05T01:00:00Z,SOL/USDT,buy,184.99245000,3.14706833,0.58218388,USDT
2024-04-05T01:15:00Z,SOL/USDT,stop_sell,183.92941786,3.14706833,0.57883845,USDT
2024-04-05T01:30:00Z,SOL/USDT,buy,183.40165500,3.17269878,0.58187821,USDT
2024-04-05T01:30:00Z,SOL/USDT,stop_sell,182.28702518,3.17269878,0.57834182,USDT
2024-04-05T01:45:00Z,SOL/USDT,buy,183.16153500,3.17376375,0.58131144,USDT
2024-04-05T02:00:00Z,SOL/USDT,stop_sell,182.00538036,3.17376375,0.57764208,USDT
2024-04-05T13:45:00Z,SOL/USDT,buy,174.79735500,3.33090374,0.58223316,USDT
2024-04-05T17:15:00Z,SOL/USDT,sell,173.42324500,3.33090374,0.57765614,USDT
2024-04-05T20:00:00Z,SOL/USDT,buy,175.95793500,3.30500286,0.58154148,USDT
2024-04-06T00:00:00Z,SOL/USDT,sell,175.01245000,3.30500286,0.57841665,USDT
2024-04-06T00:30:00Z,SOL/USDT,buy,176.18805000,3.29949015,0.58133074,USDT
2024-04-06T01:00:00Z,SOL/USDT,sell,176.17187000,3.29949015,0.58127735,USDT
2024-04-06T04:45:00Z,SOL/USDT,buy,175.47769500,3.31116017,0.58103475,USDT
2024-04-06T10:00:00Z,SOL/USDT,sell,176.66162500,3.31116017,0.58495494,USDT
2024-04-07T00:15:00Z,SOL/USDT,buy,179.11951500,3.24690064,0.58158327,USDT
2024-04-07T00:30:00Z,SOL/USDT,sell,177.91100000,3.24690064,0.57765934,USDT
2024-04-07T03:30:00Z,SOL/USDT,buy,181.54072500,3.20028448,0.58098196,USDT
2024-04-07T06:30:00Z,SOL/USDT,sell,180.14988000,3.20028448,0.57653087,USDT
2024-04-07T12:15:00Z,SOL/USDT,buy,180.25008000,3.21927841,0.58027519,USDT
2024-04-07T12:30:00Z,SOL/USDT,stop_sell,179.57409661,3.21927841,0.57809901,USDT
2024-04-07T14:45:00Z,SOL/USDT,buy,181.59075000,3.19159285,0.57956374,USDT
2024-04-07T15:30:00Z,SOL/USDT,stop_sell,180.91092786,3.19159285,0.57739402,USDT
2024-04-07T15:45:00Z,SOL/USDT,buy,180.50020500,3.21418216,0.58016054,USDT
2024-04-07T16:00:00Z,SOL/USDT,sell,180.05992500,3.21418216,0.57874540,USDT
2024-04-08T09:00:00Z,SOL/USDT,buy,183.45168000,3.15944018,0.57960461,USDT
2024-04-08T10:00:00Z,SOL/USDT,sell,183.14838000,3.15944018,0.57864635,USDT
2024-04-08T18:45:00Z,SOL/USDT,buy,181.45068000,3.19456766,0.57965647,USDT
2024-04-08T18:45:00Z,SOL/USDT,stop_sell,180.28088589,3.19456766,0.57591949,USDT
2024-04-08T21:45:00Z,SOL/USDT,buy,180.89040000,3.19805229,0.57849696,USDT
2024-04-08T23:00:00Z,SOL/USDT,sell,181.07941500,3.19805229,0.57910144,USDT
2024-04-08T23:45:00Z,SOL/USDT,buy,180.97044000,3.2059538,0.58018287,USDT
2024-04-09T01:00:00Z,SOL/USDT,stop_sell,179.68118589,3.2059538,0.57604958,USDT
2024-04-09T17:30:00Z,SOL/USDT,buy,177.01846500,3.27043911,0.57892811,USDT
2024-04-09T18:15:00Z,SOL/USDT,sell,174.73259000,3.27043911,0.57145230,USDT
2024-04-09T18:45:00Z,SOL/USDT,buy,174.44718000,3.31089777,0.57757678,USDT
2024-04-09T21:30:00Z,SOL/USDT,sell,174.21285000,3.31089777,0.57680094,USDT
2024-04-10T09:30:00Z,SOL/USDT,buy,171.46569000,3.35616699,0.57546749,USDT
2024-04-10T09:30:00Z,SOL/USDT,stop_sell,170.97482696,3.35616699,0.57382007,USDT
2024-04-10T18:00:00Z,SOL/USDT,buy,171.16554000,3.37151705,0.57708754,USDT
2024-04-10T18:15:00Z,SOL/USDT,stop_sell,169.20000054,3.37151705,0.57046069,USDT
2024-04-10T23:45:00Z,SOL/USDT,buy,173.22657000,3.33247313,0.57727289,USDT
2024-04-11T00:00:00Z,SOL/USDT,stop_sell,171.80298411,3.33247313,0.57252883,USDT
2024-04-11T00:30:00Z,SOL/USDT,buy,172.37614500,3.33939547,0.57563212,USDT
2024-04-11T00:45:00Z,SOL/USDT,sell,171.81405000,3.33939547,0.57375506,USDT
2024-04-11T01:00:00Z,SOL/USDT,buy,172.20606000,3.34691308,0.57635871,USDT
2024-04-11T01:15:00Z,SOL/USDT,sell,171.77407000,3.34691308,0.57491288,USDT
2024-04-11T05:00:00Z,SOL/USDT,buy,173.36664000,3.3183312,0.57528793,USDT
2024-04-11T09:30:00Z,SOL/USDT,sell,173.57317000,3.3183312,0.57597327,USDT
2024-04-11T15:00:00Z,SOL/USDT,buy,173.52672000,3.31334353,0.57495363,USDT
2024-04-11T19:45:00Z,SOL/USDT,sell,175.10240500,3.31334353,0.58017442,USDT
2024-04-12T05:45:00Z,SOL/USDT,buy,174.75733500,3.29851362,0.57643945,USDT
2024-04-12T06:30:00Z,SOL/USDT,stop_sell,173.73380393,3.29851362,0.57306332,USDT
2024-04-12T07:45:00Z,SOL/USDT,buy,173.81686500,3.32460917,0.57787314,USDT
2024-04-12T08:00:00Z,SOL/USDT,sell,173.22334500,3.32460917,0.57589992,USDT
2024-04-13T03:30:00Z,SOL/USDT,buy,150.99546000,3.81552634,0.57612715,USDT
2024-04-13T03:45:00Z,SOL/USDT,sell,151.04444000,3.81552634,0.57631404,USDT
2024-04-13T07:15:00Z,SOL/USDT,buy,152.62627500,3.76928808,0.57529240,USDT
2024-04-13T07:45:00Z,SOL/USDT,stop_sell,150.95555589,3.76928808,0.56899498,USDT
2024-04-13T08:00:00Z,SOL/USDT,buy,151.16554500,3.80803847,0.57564421,USDT
2024-04-13T08:15:00Z,SOL/USDT,sell,151.02445000,3.80803847,0.57510692,USDT
2024-04-13T23:00:00Z,SOL/USDT,buy,141.21057000,4.0821344,0.57644053,USDT
2024-04-13T23:15:00Z,SOL/USDT,sell,140.51970500,4.0821344,0.57362032,USDT
2024-04-14T00:45:00Z,SOL/USDT,buy,140.24008500,4.09704659,0.57457016,USDT
2024-04-14T02:45:00Z,SOL/USDT,stop_sell,134.54019625,4.09704659,0.55121745,USDT
2024-04-14T03:00:00Z,SOL/USDT,buy,134.65729500,4.25673747,0.57320075,USDT
2024-04-14T03:00:00Z,SOL/USDT,stop_sell,130.85132732,4.25673747,0.55699975,USDT
2024-04-14T05:15:00Z,SOL/USDT,buy,141.08050500,4.03805505,0.56969085,USDT
2024-04-14T11:15:00Z,SOL/USDT,sell,141.11940500,4.03805505,0.56984793,USDT
2024-04-14T19:45:00Z,SOL/USDT,buy,141.60076500,4.03208254,0.57094597,USDT
2024-04-14T21:15:00Z,SOL/USDT,sell,140.82955000,4.03208254,0.56783637,USDT
2024-04-14T21:30:00Z,SOL/USDT,buy,140.89041000,4.05891649,0.57186241,USDT
2024-04-15T03:15:00Z,SOL/USDT,sell,148.03594500,4.05891649,0.60086554,USDT
2024-04-15T05:45:00Z,SOL/USDT,buy,149.69481000,3.82016464,0.57185882,USDT
2024-04-15T10:45:00Z,SOL/USDT,sell,153.81305500,3.82016464,0.58759119,USDT
2024-04-15T22:30:00Z,SOL/USDT,buy,138.44919000,4.14824716,0.57432146,USDT
2024-04-16T00:30:00Z,SOL/USDT,sell,136.93150000,4.14824716,0.56802571,USDT
2024-04-16T01:15:00Z,SOL/USDT,buy,138.58926000,4.13856446,0.57356059,USDT
2024-04-16T02:15:00Z,SOL/USDT,stop_sell,136.47886929,4.13856446,0.56482660,USDT
2024-04-16T03:00:00Z,SOL/USDT,buy,137.94894000,4.15565697,0.57326847,USDT
2024-04-16T03:15:00Z,SOL/USDT,sell,137.39127000,4.15565697,0.57095099,USDT
2024-04-16T17:45:00Z,SOL/USDT,buy,133.63678500,4.28165271,0.57218630,USDT
2024-04-16T18:00:00Z,SOL/USDT,sell,132.11391000,4.28165271,0.56566588,USDT
2024-04-16T18:15:00Z,SOL/USDT,buy,133.77685500,4.24626087,0.56805142,USDT
2024-04-16T19:00:00Z,SOL/USDT,sell,133.88302500,4.24626087,0.56850225,USDT
2024-04-16T22:30:00Z,SOL/USDT,buy,136.74834000,4.19538179,0.57371150,USDT
2024-04-17T02:30:00Z,SOL/USDT,sell,135.64214500,4.19538179,0.56907059,USDT
2024-04-17T03:00:00Z,SOL/USDT,buy,136.95844500,4.1684344,0.57090229,USDT
2024-04-17T03:45:00Z,SOL/USDT,sell,137.05144000,4.1684344,0.57128994,USDT
2024-04-17T04:30:00Z,SOL/USDT,buy,137.75884500,4.15163581,0.57192455,USDT
2024-04-17T09:30:00Z,SOL/USDT,sell,139.44024500,4.15163581,0.57890511,USDT
2024-04-17T18:00:00Z,SOL/USDT,buy,132.03598500,4.31561825,0.56981691,USDT
2024-04-17T23:00:00Z,SOL/USDT,sell,134.53270000,4.31561825,0.58059178,USDT
2024-04-18T03:45:00Z,SOL/USDT,buy,135.93793500,4.20678943,0.57186227,USDT
2024-04-18T05:00:00Z,SOL/USDT,stop_sell,133.85839446,4.20678943,0.56311408,USDT
2024-04-18T12:00:00Z,SOL/USDT,buy,135.92793000,4.19542971,0.57027608,USDT
2024-04-18T12:15:00Z,SOL/USDT,stop_sell,134.17109518,4.19542971,0.56290540,USDT
2024-04-18T12:45:00Z,SOL/USDT,buy,133.39666500,4.27418927,0.57016259,USDT
2024-04-18T21:15:00Z,SOL/USDT,sell,140.79956500,4.27418927,0.60180399,USDT
2024-04-18T21:30:00Z,SOL/USDT,buy,140.00997000,4.09006062,0.57264926,USDT
2024-04-19T00:15:00Z,SOL/USDT,sell,139.34029500,4.09006062,0.56991025,USDT
2024-04-19T05:15:00Z,SOL/USDT,buy,140.24008500,4.0837678,0.57270794,USDT
2024-04-19T05:30:00Z,SOL/USDT,sell,138.26083500,4.0837678,0.56462515,USDT
2024-04-19T05:45:00Z,SOL/USDT,buy,138.41917500,4.13627954,0.57254040,USDT
2024-04-19T09:45:00Z,SOL/USDT,sell,143.18837000,4.13627954,0.59226713,USDT
2024-04-19T11:45:00Z,SOL/USDT,buy,145.26259500,3.95195452,0.57407117,USDT
2024-04-19T12:00:00Z,SOL/USDT,stop_sell,143.40147768,3.95195452,0.56671612,USDT
2024-04-19T13:45:00Z,SOL/USDT,buy,144.08200500,3.96584549,0.57140697,USDT
2024-04-19T14:15:00Z,SOL/USDT,sell,143.68812000,3.96584549,0.56984488,USDT
2024-04-19T14:45:00Z,SOL/USDT,buy,145.68280500,3.96106036,0.57705838,USDT
2024-04-19T16:30:00Z,SOL/USDT,sell,144.42775000,3.96106036,0.57208704,USDT
2024-04-19T16:45:00Z,SOL/USDT,buy,145.31262000,3.94431406,0.57315861,USDT
2024-04-19T19:45:00Z,SOL/USDT,sell,144.33779500,3.94431406,0.56931359,USDT
2024-04-19T20:00:00Z,SOL/USDT,buy,145.33263000,3.93289387,0.57157781,USDT
2024-04-19T20:15:00Z,SOL/USDT,sell,144.80756000,3.93289387,0.56951277,USDT
2024-04-20T04:15:00Z,SOL/USDT,buy,141.75084000,4.03345032,0.57174497,USDT
2024-04-20T04:30:00Z,SOL/USDT,sell,141.89901500,4.03345032,0.57234263,USDT
2024-04-20T05:30:00Z,SOL/USDT,buy,143.75184000,3.97178756,0.57095177,USDT
2024-04-20T08:00:00Z,SOL/USDT,stop_sell,142.57403446,3.97178756,0.56627378,USDT
2024-04-20T08:30:00Z,SOL/USDT,buy,142.77135000,4.00893495,0.57236105,USDT
2024-04-20T09:00:00Z,SOL/USDT,stop_sell,141.42032589,4.00893495,0.56694489,USDT
2024-04-20T09:15:00Z,SOL/USDT,buy,141.64078500,4.02644528,0.57030887,USDT
2024-04-20T09:30:00Z,SOL/USDT,sell,141.50921000,4.02644528,0.56977909,USDT
2024-04-20T23:30:00Z,SOL/USDT,buy,150.96544500,3.78192917,0.57094062,USDT
2024-04-21T00:15:00Z,SOL/USDT,sell,149.86503000,3.78192917,0.56677893,USDT
2024-04-21T06:00:00Z,SOL/USDT,buy,150.43518000,3.78539126,0.56945602,USDT
2024-04-21T07:30:00Z,SOL/USDT,sell,150.78457000,3.78539126,0.57077859,USDT
2024-04-21T08:15:00Z,SOL/USDT,buy,151.48570500,3.76598816,0.57049337,USDT
2024-04-21T08:30:00Z,SOL/USDT,sell,151.49421500,3.76598816,0.57052542,USDT
2024-04-21T08:45:00Z,SOL/USDT,buy,152.06599500,3.75449236,0.57093062,USDT
2024-04-21T09:45:00Z,SOL/USDT,sell,150.88452000,3.75449236,0.56649478,USDT
2024-04-21T10:45:00Z,SOL/USDT,buy,151.14553500,3.77392255,0.57041154,USDT
2024-04-21T12:15:00Z,SOL/USDT,sell,151.46423000,3.77392255,0.57161427,USDT
2024-04-22T07:45:00Z,SOL/USDT,buy,153.81687000,3.70957289,0.57059489,USDT
2024-04-22T11:00:00Z,SOL/USDT,sell,154.10291000,3.70957289,0.57165598,USDT
2024-04-22T12:30:00Z,SOL/USDT,buy,154.62727500,3.6874415,0.57017903,USDT
2024-04-22T13:30:00Z,SOL/USDT,stop_sell,153.34757357,3.6874415,0.56546021,USDT
2024-04-22T13:45:00Z,SOL/USDT,buy,153.96694500,3.69925497,0.56956299,USDT
2024-04-22T15:00:00Z,SOL/USDT,sell,153.31330500,3.69925497,0.56714501,USDT
2024-04-22T20:00:00Z,SOL/USDT,buy,154.55724000,3.67709545,0.56832172,USDT
2024-04-22T20:45:00Z,SOL/USDT,sell,154.30281000,3.67709545,0.56738616,USDT
2024-04-22T23:45:00Z,SOL/USDT,buy,157.14853500,3.62356678,0.56943821,USDT
2024-04-23T03:30:00Z,SOL/USDT,sell,157.01145500,3.62356678,0.56894149,USDT
2024-04-23T12:00:00Z,SOL/USDT,buy,154.19706000,3.69140195,0.56920333,USDT
2024-04-23T19:45:00Z,SOL/USDT,sell,157.45123500,3.69140195,0.58121580,USDT
2024-04-24T04:30:00Z,SOL/USDT,buy,157.67880000,3.6169785,0.57032083,USDT
2024-04-24T06:30:00Z,SOL/USDT,sell,157.49121500,3.6169785,0.56964234,USDT
2024-04-24T13:15:00Z,SOL/USDT,buy,157.66879500,3.62364894,0.57133636,USDT
2024-04-24T13:30:00Z,SOL/USDT,sell,156.71160500,3.62364894,0.56786784,USDT
2024-04-24T14:00:00Z,SOL/USDT,buy,156.83838000,3.63031351,0.56937249,USDT
2024-04-24T14:15:00Z,SOL/USDT,sell,156.60166000,3.63031351,0.56851312,USDT
2024-04-25T15:15:00Z,SOL/USDT,buy,145.49271000,3.91019769,0.56890526,USDT
2024-04-25T19:30:00Z,SOL/USDT,sell,147.42625000,3.91019769,0.57646578,USDT
2024-04-25T19:45:00Z,SOL/USDT,buy,147.35364000,3.86878285,0.57007924,USDT
2024-04-25T20:00:00Z,SOL/USDT,sell,147.02645000,3.86878285,0.56881341,USDT
2024-04-26T09:45:00Z,SOL/USDT,buy,143.93193000,3.93975493,0.56705653,USDT
2024-04-26T10:15:00Z,SOL/USDT,stop_sell,143.56675214,3.93975493,0.56561782,USDT
2024-04-26T12:45:00Z,SOL/USDT,buy,143.90191500,3.95145971,0.56862262,USDT
2024-04-26T12:45:00Z,SOL/USDT,stop_sell,143.10841000,3.95145971,0.56548712,USDT
2024-04-26T14:00:00Z,SOL/USDT,buy,144.60226500,3.93869304,0.56954393,USDT
2024-04-26T14:30:00Z,SOL/USDT,stop_sell,143.06307554,3.93869304,0.56348154,USDT
2024-04-26T15:45:00Z,SOL/USDT,buy,143.62177500,3.9580092,0.56845631,USDT
2024-04-26T16:00:00Z,SOL/USDT,sell,142.54869000,3.9580092,0.56420903,USDT
2024-04-26T19:30:00Z,SOL/USDT,buy,143.39166000,3.95198137,0.56668117,USDT
2024-04-26T19:45:00Z,SOL/USDT,sell,143.10841000,3.95198137,0.56556177,USDT
2024-04-27T06:00:00Z,SOL/USDT,buy,136.38816000,4.16074904,0.56747691,USDT
2024-04-27T08:45:00Z,SOL/USDT,sell,136.34179500,4.16074904,0.56728399,USDT
2024-04-27T10:00:00Z,SOL/USDT,buy,136.42818000,4.15266242,0.56654018,USDT
2024-04-27T10:00:00Z,SOL/USDT,stop_sell,136.04729946,4.15266242,0.56495851,USDT
2024-04-27T12:15:00Z,SOL/USDT,buy,137.03848500,4.13563543,0.56674121,USDT
2024-04-27T22:30:00Z,SOL/USDT,sell,139.70011500,4.13563543,0.57774875,USDT
2024-04-28T01:45:00Z,SOL/USDT,buy,142.90141500,3.97361272,0.56783488,USDT
2024-04-28T07:15:00Z,SOL/USDT,sell,143.91800500,3.97361272,0.57187442,USDT
2024-04-28T07:30:00Z,SOL/USDT,buy,144.11202000,3.94213652,0.56810926,USDT
2024-04-28T07:45:00Z,SOL/USDT,sell,143.39826500,3.94213652,0.56529554,USDT
2024-04-28T15:00:00Z,SOL/USDT,buy,142.23108000,3.99089785,0.56762971,USDT
2024-04-28T15:15:00Z,SOL/USDT,sell,141.98897000,3.99089785,0.56666348,USDT
2024-04-28T16:45:00Z,SOL/USDT,buy,142.37115000,3.98915603,0.56794073,USDT
2024-04-28T18:30:00Z,SOL/USDT,sell,142.90851000,3.98915603,0.57008434,USDT
2024-04-28T18:45:00Z,SOL/USDT,buy,142.80136500,3.97686572,0.56790185,USDT
2024-04-28T19:45:00Z,SOL/USDT,stop_sell,142.22385250,3.97686572,0.56560516,USDT
2024-04-28T20:00:00Z,SOL/USDT,buy,142.19106000,3.99256269,0.56770672,USDT
2024-04-28T20:00:00Z,SOL/USDT,stop_sell,141.52884304,3.99256269,0.56506278,USDT
2024-04-29T10:15:00Z,SOL/USDT,buy,136.44819000,4.15868014,0.56744438,USDT
2024-04-29T10:30:00Z,SOL/USDT,stop_sell,135.51078214,4.15868014,0.56354600,USDT
2024-04-29T14:30:00Z,SOL/USDT,buy,136.41817500,4.15512059,0.56683397,USDT
2024-04-29T15:15:00Z,SOL/USDT,sell,136.55169000,4.15512059,0.56738874,USDT
2024-04-29T15:30:00Z,SOL/USDT,buy,136.50822000,4.15660915,0.56741132,USDT
2024-04-29T16:30:00Z,SOL/USDT,stop_sell,134.97390786,4.15660915,0.56103378,USDT
2024-04-29T23:15:00Z,SOL/USDT,buy,138.21907500,4.09899076,0.56655871,USDT
2024-04-30T02:00:00Z,SOL/USDT,stop_sell,136.80085107,4.09899076,0.56074542,USDT
2024-04-30T02:15:00Z,SOL/USDT,buy,136.46820000,4.14843663,0.56612968,USDT
2024-04-30T03:30:00Z,SOL/USDT,sell,137.45124000,4.14843663,0.57020776,USDT
2024-05-01T12:00:00Z,SOL/USDT,buy,123.02148000,4.60180322,0.56612064,USDT
2024-05-01T15:15:00Z,SOL/USDT,stop_sell,121.64843107,4.60180322,0.55980214,USDT
2024-05-01T15:30:00Z,SOL/USDT,buy,122.40117000,4.6232814,0.56589505,USDT
2024-05-01T17:00:00Z,SOL/USDT,sell,124.34779500,4.6232814,0.57489485,USDT
2024-05-01T17:15:00Z,SOL/USDT,buy,124.07200500,4.55062628,0.56460533,USDT
2024-05-02T00:30:00Z,SOL/USDT,sell,132.06393500,4.55062628,0.60097361,USDT
2024-05-02T01:00:00Z,SOL/USDT,buy,131.36565000,4.33944665,0.57005423,USDT
2024-05-02T01:15:00Z,SOL/USDT,sell,130.95449000,4.33944665,0.56827002,USDT
2024-05-02T09:15:00Z,SOL/USDT,buy,132.97645500,4.28178747,0.56937692,USDT
2024-05-02T16:45:00Z,SOL/USDT,sell,137.86103500,4.28178747,0.59029165,USDT
2024-05-02T17:15:00Z,SOL/USDT,buy,138.38916000,4.12944788,0.57147082,USDT
2024-05-02T19:15:00Z,SOL/USDT,sell,137.14139500,4.12944788,0.56631824,USDT
2024-05-02T22:00:00Z,SOL/USDT,buy,138.45919500,4.1103173,0.56911122,USDT
2024-05-02T22:15:00Z,SOL/USDT,sell,139.39027000,4.1103173,0.57293824,USDT
2024-05-02T23:15:00Z,SOL/USDT,buy,138.96945000,4.10919835,0.57105303,USDT
2024-05-02T23:30:00Z,SOL/USDT,sell,138.29082000,4.10919835,0.56826441,USDT
2024-05-03T00:00:00Z,SOL/USDT,buy,137.68881000,4.13707058,0.56962833,USDT
2024-05-03T00:30:00Z,SOL/USDT,sell,137.00146500,4.13707058,0.56678473,USDT
2024-05-03T01:15:00Z,SOL/USDT,buy,139.26960000,4.08372173,0.56873829,USDT
2024-05-03T06:00:00Z,SOL/USDT,sell,139.03045000,4.08372173,0.56776167,USDT
2024-05-03T13:15:00Z,SOL/USDT,buy,142.52122500,3.99366496,0.56918202,USDT
2024-05-03T17:30:00Z,SOL/USDT,sell,141.76908000,3.99366496,0.56617821,USDT
2024-05-04T01:45:00Z,SOL/USDT,buy,143.66179500,3.95607041,0.56833618,USDT
2024-05-04T02:00:00Z,SOL/USDT,sell,143.33829500,3.95607041,0.56705639,USDT
2024-05-04T02:30:00Z,SOL/USDT,buy,143.02147500,3.96880961,0.56762500,USDT
2024-05-04T03:00:00Z,SOL/USDT,sell,143.33829500,3.96880961,0.56888240,USDT
2024-05-04T03:30:00Z,SOL/USDT,buy,143.99196000,3.93944341,0.56724818,USDT
2024-05-04T05:00:00Z,SOL/USDT,sell,144.88752000,3.93944341,0.57077619,USDT
2024-05-04T05:15:00Z,SOL/USDT,buy,144.97245000,3.9282444,0.56948721,USDT
2024-05-04T07:15:00Z,SOL/USDT,stop_sell,143.67062875,3.9282444,0.56437334,USDT
2024-05-04T11:45:00Z,SOL/USDT,buy,147.23358000,3.86024922,0.56835831,USDT
2024-05-04T11:45:00Z,SOL/USDT,stop_sell,146.04872482,3.86024922,0.56378448,USDT
2024-05-04T12:00:00Z,SOL/USDT,buy,146.43318000,3.87849537,0.56794041,USDT
2024-05-04T15:45:00Z,SOL/USDT,sell,145.85703500,3.87849537,0.56570583,USDT
2024-05-04T16:45:00Z,SOL/USDT,buy,146.78335500,3.86556067,0.56739996,USDT
2024-05-04T17:00:00Z,SOL/USDT,sell,146.52670000,3.86556067,0.56640785,USDT
2024-05-04T21:15:00Z,SOL/USDT,buy,147.75384000,3.83876999,0.56719301,USDT
2024-05-04T21:30:00Z,SOL/USDT,stop_sell,147.07642500,3.83876999,0.56459257,USDT
2024-05-04T22:00:00Z,SOL/USDT,buy,146.66329500,3.86658269,0.56708576,USDT
2024-05-04T22:30:00Z,SOL/USDT,sell,146.02695000,3.86658269,0.56462528,USDT
2024-05-05T05:30:00Z,SOL/USDT,buy,145.49271000,3.89464059,0.56664181,USDT
2024-05-05T05:45:00Z,SOL/USDT,stop_sell,144.64264250,3.89464059,0.56333111,USDT
2024-05-05T06:30:00Z,SOL/USDT,buy,145.07250000,3.90589127,0.56663741,USDT
2024-05-05T07:15:00Z,SOL/USDT,sell,145.19736500,3.90589127,0.56712512,USDT
2024-05-05T09:15:00Z,SOL/USDT,buy,145.29261000,3.89505623,0.56592289,USDT
2024-05-05T10:15:00Z,SOL/USDT,sell,145.51720500,3.89505623,0.56679770,USDT
2024-05-05T11:30:00Z,SOL/USDT,buy,146.55324000,3.86381452,0.56625454,USDT
2024-05-05T13:00:00Z,SOL/USDT,stop_sell,145.80027768,3.86381452,0.56334523,USDT
2024-05-05T13:30:00Z,SOL/USDT,buy,146.48320500,3.86477446,0.56612455,USDT
2024-05-05T15:45:00Z,SOL/USDT,sell,147.17637500,3.86477446,0.56880350,USDT
2024-05-06T00:15:00Z,SOL/USDT,buy,146.33313000,3.8743507,0.56694586,USDT
2024-05-06T13:15:00Z,SOL/USDT,sell,151.53419500,3.8743507,0.58709661,USDT
2024-05-06T13:45:00Z,SOL/USDT,buy,153.86689500,3.68927894,0.56765790,USDT
2024-05-06T14:00:00Z,SOL/USDT,sell,153.54319000,3.68927894,0.56646366,USDT
2024-05-06T14:15:00Z,SOL/USDT,buy,155.79786000,3.63909563,0.56696331,USDT
2024-05-06T14:30:00Z,SOL/USDT,sell,154.64264000,3.63909563,0.56275936,USDT
2024-05-06T15:30:00Z,SOL/USDT,buy,153.12652500,3.7006915,0.56667403,USDT
2024-05-06T16:00:00Z,SOL/USDT,sell,153.45323500,3.7006915,0.56788308,USDT
2024-05-06T17:15:00Z,SOL/USDT,buy,152.90641500,3.70581083,0.56664225,USDT
2024-05-06T17:30:00Z,SOL/USDT,sell,152.32380000,3.70581083,0.56448319,USDT
2024-05-06T17:45:00Z,SOL/USDT,buy,151.07550000,3.75142127,0.56674784,USDT
2024-05-06T18:00:00Z,SOL/USDT,sell,151.53419500,3.75142127,0.56846860,USDT
2024-05-06T18:15:00Z,SOL/USDT,buy,151.92592500,3.73540878,0.56750543,USDT
2024-05-06T18:30:00Z,SOL/USDT,sell,151.29431500,3.73540878,0.56514611,USDT
2024-05-06T22:00:00Z,SOL/USDT,buy,155.20756500,3.65454997,0.56721380,USDT
2024-05-06T23:00:00Z,SOL/USDT,stop_sell,153.60780054,3.65454997,0.56136738,USDT
2024-05-06T23:15:00Z,SOL/USDT,buy,153.63678000,3.68471056,0.56610707,USDT
2024-05-06T23:45:00Z,SOL/USDT,sell,152.86353000,3.68471056,0.56325786,USDT
2024-05-07T00:00:00Z,SOL/USDT,buy,152.95644000,3.69901798,0.56578862,USDT
2024-05-07T00:15:00Z,SOL/USDT,stop_sell,151.93827857,3.69901798,0.56202242,USDT
2024-05-07T04:00:00Z,SOL/USDT,buy,154.18705500,3.67315143,0.56635240,USDT
2024-05-07T06:15:00Z,SOL/USDT,sell,154.33279500,3.67315143,0.56688773,USDT
2024-05-07T09:45:00Z,SOL/USDT,buy,158.06899500,3.5786353,0.56567129,USDT
2024-05-07T10:15:00Z,SOL/USDT,stop_sell,156.32501268,3.5786353,0.55943021,USDT
2024-05-07T10:45:00Z,SOL/USDT,buy,156.60826500,3.5997527,0.56375102,USDT
2024-05-07T11:45:00Z,SOL/USDT,stop_sell,155.15416982,3.5997527,0.55851664,USDT
2024-05-07T12:00:00Z,SOL/USDT,buy,155.02747500,3.63522424,0.56355963,USDT
2024-05-07T12:15:00Z,SOL/USDT,sell,155.19236500,3.63522424,0.56415905,USDT
2024-05-08T14:00:00Z,SOL/USDT,buy,147.79386000,3.81831149,0.56432299,USDT
2024-05-08T15:00:00Z,SOL/USDT,stop_sell,146.29253143,3.81831149,0.55859045,USDT
2024-05-09T04:15:00Z,SOL/USDT,buy,144.52222500,3.89315173,0.56264695,USDT
2024-05-09T04:45:00Z,SOL/USDT,stop_sell,143.98332946,3.89315173,0.56054895,USDT
2024-05-09T05:00:00Z,SOL/USDT,buy,144.40216500,3.91191588,0.56488912,USDT
2024-05-09T07:30:00Z,SOL/USDT,sell,144.34779000,3.91191588,0.56467641,USDT
2024-05-09T14:15:00Z,SOL/USDT,buy,143.75184000,3.91851969,0.56329442,USDT
2024-05-10T06:30:00Z,SOL/USDT,sell,153.11340500,3.91851969,0.59997789,USDT
2024-05-10T06:45:00Z,SOL/USDT,buy,153.80686500,3.67891896,0.56584299,USDT
2024-05-10T08:15:00Z,SOL/USDT,sell,153.60316000,3.67891896,0.56509358,USDT
2024-05-10T08:30:00Z,SOL/USDT,buy,153.76684500,3.67818009,0.56558215,USDT
2024-05-10T09:15:00Z,SOL/USDT,sell,153.33329500,3.67818009,0.56398747,USDT
2024-05-10T09:30:00Z,SOL/USDT,buy,153.87690000,3.67867654,0.56606334,USDT
2024-05-10T11:30:00Z,SOL/USDT,sell,153.20336000,3.67867654,0.56358561,USDT
2024-05-10T12:00:00Z,SOL/USDT,buy,154.72732500,3.65209077,0.56507824,USDT
2024-05-10T12:15:00Z,SOL/USDT,sell,154.06293000,3.65209077,0.56265180,USDT
2024-05-10T20:00:00Z,SOL/USDT,buy,147.59376000,3.84503971,0.56750387,USDT
2024-05-10T20:15:00Z,SOL/USDT,sell,147.25633500,3.84503971,0.56620646,USDT
2024-05-10T21:30:00Z,SOL/USDT,buy,146.85339000,3.84240828,0.56427068,USDT
2024-05-10T21:45:00Z,SOL/USDT,sell,146.28682000,3.84240828,0.56209369,USDT
2024-05-11T01:15:00Z,SOL/USDT,buy,147.40366500,3.82525397,0.56385645,USDT
2024-05-11T01:30:00Z,SOL/USDT,stop_sell,146.36392429,3.82525397,0.55987918,USDT
2024-05-11T07:45:00Z,SOL/USDT,buy,145.87290000,3.86969261,0.56448328,USDT
2024-05-11T08:45:00Z,SOL/USDT,stop_sell,144.90858089,3.86969261,0.56075166,USDT
2024-05-11T09:45:00Z,SOL/USDT,buy,145.02247500,3.89051523,0.56421215,USDT
2024-05-11T10:00:00Z,SOL/USDT,sell,144.78757000,3.89051523,0.56329825,USDT
2024-05-11T13:45:00Z,SOL/USDT,buy,145.01247000,3.89046212,0.56416552,USDT
2024-05-11T14:45:00Z,SOL/USDT,sell,144.83754500,3.89046212,0.56348498,USDT
2024-05-11T15:15:00Z,SOL/USDT,buy,146.11302000,3.85803232,0.56370875,USDT
2024-05-11T15:30:00Z,SOL/USDT,stop_sell,145.15345839,3.85803232,0.56000673,USDT
2024-05-11T20:30:00Z,SOL/USDT,buy,146.01297000,3.85512443,0.56289817,USDT
2024-05-11T20:30:00Z,SOL/USDT,stop_sell,145.32301643,3.85512443,0.56023831,USDT
2024-05-11T22:15:00Z,SOL/USDT,buy,145.74283500,3.86018922,0.56259492,USDT
2024-05-11T22:30:00Z,SOL/USDT,sell,145.67712500,3.86018922,0.56234127,USDT
2024-05-12T00:30:00Z,SOL/USDT,buy,146.54323500,3.8422983,0.56306282,USDT
2024-05-12T00:45:00Z,SOL/USDT,sell,145.83704500,3.8422983,0.56034943,USDT
2024-05-12T01:15:00Z,SOL/USDT,buy,146.31312000,3.84887698,0.56314120,USDT
2024-05-12T02:15:00Z,SOL/USDT,sell,145.77707500,3.84887698,0.56107803,USDT
2024-05-12T02:30:00Z,SOL/USDT,buy,146.08300500,3.84844866,0.56219294,USDT
2024-05-12T07:15:00Z,SOL/USDT,stop_sell,145.38405732,3.84844866,0.55950308,USDT
2024-05-12T13:00:00Z,SOL/USDT,buy,145.29261000,3.86090207,0.56096054,USDT
2024-05-12T13:45:00Z,SOL/USDT,sell,145.03744500,3.86090207,0.55997537,USDT
2024-05-12T19:30:00Z,SOL/USDT,buy,145.42267500,3.86905219,0.56264792,USDT
2024-05-12T20:00:00Z,SOL/USDT,stop_sell,144.44060071,3.86905219,0.55884822,USDT
2024-05-13T10:45:00Z,SOL/USDT,buy,145.35264000,3.85969081,0.56101625,USDT
2024-05-13T14:15:00Z,SOL/USDT,sell,146.75658500,3.85969081,0.56643504,USDT
2024-05-13T14:30:00Z,SOL/USDT,buy,147.01347000,3.82027051,0.56163122,USDT
2024-05-13T14:45:00Z,SOL/USDT,sell,146.18687000,3.82027051,0.55847339,USDT
2024-05-13T15:00:00Z,SOL/USDT,buy,146.33313000,3.8364756,0.56140348,USDT
2024-05-13T21:15:00Z,SOL/USDT,sell,148.17587500,3.8364756,0.56847313,USDT
2024-05-13T23:00:00Z,SOL/USDT,buy,147.23358000,3.81883655,0.56226098,USDT
2024-05-13T23:45:00Z,SOL/USDT,sell,147.14639000,3.81883655,0.56192801,USDT
2024-05-14T08:00:00Z,SOL/USDT,buy,146.22307500,3.83159227,0.56026720,USDT
2024-05-14T08:15:00Z,SOL/USDT,sell,146.18687000,3.83159227,0.56012848,USDT
2024-05-14T11:00:00Z,SOL/USDT,buy,146.52322500,3.83535425,0.56196847,USDT
2024-05-14T13:30:00Z,SOL/USDT,stop_sell,145.45723500,3.83535425,0.55788002,USDT
2024-05-14T19:30:00Z,SOL/USDT,buy,144.47220000,3.87968834,0.56050711,USDT
2024-05-14T20:00:00Z,SOL/USDT,stop_sell,143.60316250,3.87968834,0.55713552,USDT
2024-05-14T20:30:00Z,SOL/USDT,buy,143.62177500,3.90502228,0.56084623,USDT
2024-05-14T21:15:00Z,SOL/USDT,sell,142.79856500,3.90502228,0.55763158,USDT
2024-05-14T21:45:00Z,SOL/USDT,buy,143.56174500,3.90723445,0.56092940,USDT
2024-05-14T22:15:00Z,SOL/USDT,sell,142.85853500,3.90723445,0.55818179,USDT
2024-05-15T12:00:00Z,SOL/USDT,buy,144.17205000,3.8885348,0.56061803,USDT
2024-05-15T18:45:00Z,SOL/USDT,sell,152.88352000,3.8885348,0.59449289,USDT
2024-05-15T21:15:00Z,SOL/USDT,buy,156.12802500,3.60504063,0.56284787,USDT
2024-05-15T22:00:00Z,SOL/USDT,sell,155.28232000,3.60504063,0.55979907,USDT
2024-05-15T22:15:00Z,SOL/USDT,buy,155.62777500,3.61448328,0.56251399,USDT
2024-05-16T08:15:00Z,SOL/USDT,sell,162.90850500,3.61448328,0.58883007,USDT
2024-05-16T08:45:00Z,SOL/USDT,buy,162.95143500,3.46375723,0.56442421,USDT
2024-05-16T09:30:00Z,SOL/USDT,sell,162.08891500,3.46375723,0.56143665,USDT
2024-05-16T11:30:00Z,SOL/USDT,buy,163.35163500,3.4538922,0.56419894,USDT
2024-05-16T12:15:00Z,SOL/USDT,stop_sell,161.92149875,3.4538922,0.55925940,USDT
2024-05-17T06:30:00Z,SOL/USDT,buy,163.28160000,3.45028744,0.56336845,USDT
2024-05-17T12:00:00Z,SOL/USDT,sell,167.47622000,3.45028744,0.57784110,USDT
2024-05-17T19:30:00Z,SOL/USDT,buy,168.52422000,3.3501392,0.56457960,USDT
2024-05-17T19:45:00Z,SOL/USDT,sell,168.69561000,3.3501392,0.56515378,USDT
2024-05-17T22:00:00Z,SOL/USDT,buy,168.16404000,3.35724743,0.56456829,USDT
2024-05-18T07:00:00Z,SOL/USDT,sell,172.16387500,3.35724743,0.57799673,USDT
2024-05-18T09:45:00Z,SOL/USDT,buy,174.40716000,3.24199805,0.56542767,USDT
2024-05-18T12:15:00Z,SOL/USDT,stop_sell,173.68240107,3.24199805,0.56307801,USDT
2024-05-18T12:30:00Z,SOL/USDT,buy,174.08700000,3.25420986,0.56651563,USDT
2024-05-18T14:15:00Z,SOL/USDT,sell,173.53319000,3.25420986,0.56471342,USDT
2024-05-18T22:15:00Z,SOL/USDT,buy,172.34613000,3.2781521,0.56497683,USDT
2024-05-19T01:45:00Z,SOL/USDT,sell,172.99346000,3.2781521,0.56709887,USDT
2024-05-19T02:15:00Z,SOL/USDT,buy,173.99695500,3.25612695,0.56655617,USDT
2024-05-19T06:00:00Z,SOL/USDT,sell,174.00295500,3.25612695,0.56657571,USDT
2024-05-19T06:30:00Z,SOL/USDT,buy,174.19705500,3.24439502,0.56516406,USDT
2024-05-19T06:30:00Z,SOL/USDT,stop_sell,173.29616571,3.24439502,0.56224122,USDT
2024-05-19T20:30:00Z,SOL/USDT,buy,170.14503000,3.31994614,0.56487234,USDT
2024-05-19T21:30:00Z,SOL/USDT,stop_sell,168.67490607,3.31994614,0.55999160,USDT
2024-05-19T21:45:00Z,SOL/USDT,buy,169.53472500,3.32886577,0.56435834,USDT
2024-05-19T22:15:00Z,SOL/USDT,sell,170.25483000,3.32886577,0.56675548,USDT
2024-05-19T22:30:00Z,SOL/USDT,buy,171.22557000,3.29755041,0.56462495,USDT
2024-05-19T23:45:00Z,SOL/USDT,stop_sell,169.83860964,3.29755041,0.56005138,USDT
2024-05-20T00:00:00Z,SOL/USDT,buy,170.07499500,3.31347722,0.56353962,USDT
2024-05-20T00:15:00Z,SOL/USDT,sell,169.39526000,3.31347722,0.56128734,USDT
2024-05-20T00:45:00Z,SOL/USDT,buy,170.06499000,3.30547807,0.56214609,USDT
2024-05-20T01:00:00Z,SOL/USDT,stop_sell,169.21856268,3.30547807,0.55934825,USDT
2024-05-20T03:00:00Z,SOL/USDT,buy,172.97644500,3.25928178,0.56377898,USDT
2024-05-20T10:00:00Z,SOL/USDT,sell,176.72159500,3.25928178,0.57598547,USDT
2024-05-20T10:30:00Z,SOL/USDT,buy,177.91891500,3.17402868,0.56471974,USDT
2024-05-20T12:30:00Z,SOL/USDT,sell,177.29131000,3.17402868,0.56272770,USDT
2024-05-20T15:30:00Z,SOL/USDT,buy,177.91891500,3.16265821,0.56269672,USDT
2024-05-20T21:15:00Z,SOL/USDT,sell,182.54868000,3.16265821,0.57733908,USDT
2024-05-20T21:30:00Z,SOL/USDT,buy,183.75183000,3.07404911,0.56486215,USDT
2024-05-20T23:30:00Z,SOL/USDT,sell,186.25682500,3.07404911,0.57256263,USDT
2024-05-21T00:30:00Z,SOL/USDT,buy,188.05398000,3.00863252,0.56578532,USDT
2024-05-21T00:45:00Z,SOL/USDT,sell,187.29630500,3.00863252,0.56350575,USDT
2024-05-21T11:30:00Z,SOL/USDT,buy,182.82136500,3.09005195,0.56492752,USDT
2024-05-21T11:30:00Z,SOL/USDT,stop_sell,181.95897500,3.09005195,0.56226269,USDT
2024-05-21T20:30:00Z,SOL/USDT,buy,177.39865500,3.18522663,0.56505492,USDT
2024-05-21T21:15:00Z,SOL/USDT,sell,177.41125000,3.18522663,0.56509504,USDT
2024-05-21T21:30:00Z,SOL/USDT,buy,177.62877000,3.18168471,0.56515874,USDT
2024-05-21T22:15:00Z,SOL/USDT,sell,177.70110500,3.18168471,0.56538889,USDT
2024-05-21T22:30:00Z,SOL/USDT,buy,178.54923000,3.1659397,0.56527610,USDT
2024-05-22T01:30:00Z,SOL/USDT,sell,178.67062000,3.1659397,0.56566041,USDT
2024-05-22T05:45:00Z,SOL/USDT,buy,178.84938000,3.15675542,0.56458375,USDT
2024-05-22T10:45:00Z,SOL/USDT,sell,180.35977500,3.15675542,0.56935170,USDT
2024-05-22T14:00:00Z,SOL/USDT,buy,179.87989500,3.14291752,0.56534767,USDT
2024-05-22T14:15:00Z,SOL/USDT,sell,179.36027500,3.14291752,0.56371455,USDT
2024-05-22T14:30:00Z,SOL/USDT,buy,180.92041500,3.12620839,0.56559492,USDT
2024-05-22T14:45:00Z,SOL/USDT,sell,181.02944000,3.12620839,0.56593575,USDT
2024-05-22T15:00:00Z,SOL/USDT,buy,182.52121500,3.10710855,0.56711323,USDT
2024-05-22T15:15:00Z,SOL/USDT,sell,180.29980500,3.10710855,0.56021107,USDT
2024-05-22T15:30:00Z,SOL/USDT,buy,180.85038000,3.12161071,0.56454448,USDT
2024-05-22T17:45:00Z,SOL/USDT,stop_sell,178.47536054,3.12161071,0.55713060,USDT
2024-05-22T18:00:00Z,SOL/USDT,buy,179.65978500,3.14463552,0.56496454,USDT
2024-05-22T18:30:00Z,SOL/USDT,sell,178.02094500,3.14463552,0.55981099,USDT
2024-05-23T00:45:00Z,SOL/USDT,buy,178.18905000,3.15486459,0.56216232,USDT
2024-05-23T01:00:00Z,SOL/USDT,sell,177.19136000,3.15486459,0.55901475,USDT
2024-05-23T01:30:00Z,SOL/USDT,buy,177.79885500,3.16501488,0.56273602,USDT
2024-05-23T01:45:00Z,SOL/USDT,sell,178.12089500,3.16501488,0.56375528,USDT
2024-05-23T03:45:00Z,SOL/USDT,buy,178.74933000,3.15697248,0.56430672,USDT
2024-05-23T05:00:00Z,SOL/USDT,sell,178.03094000,3.15697248,0.56203878,USDT
2024-05-23T05:15:00Z,SOL/USDT,buy,177.95893500,3.16059298,0.56245576,USDT
2024-05-23T05:30:00Z,SOL/USDT,sell,177.32129500,3.16059298,0.56044044,USDT
2024-05-23T05:45:00Z,SOL/USDT,buy,177.94893000,3.15935914,0.56220458,USDT
2024-05-23T06:15:00Z,SOL/USDT,sell,176.98146500,3.15935914,0.55914801,USDT
2024-05-23T17:30:00Z,SOL/USDT,buy,174.75733500,3.20615085,0.56029838,USDT
2024-05-23T17:45:00Z,SOL/USDT,stop_sell,173.71881143,3.20615085,0.55696871,USDT
2024-05-23T18:45:00Z,SOL/USDT,buy,172.06599000,3.2648844,0.56177557,USDT
2024-05-23T19:00:00Z,SOL/USDT,sell,172.17387000,3.2648844,0.56212778,USDT
2024-05-23T19:30:00Z,SOL/USDT,buy,171.81586500,3.2666156,0.56125638,USDT
2024-05-23T20:00:00Z,SOL/USDT,sell,170.65463000,3.2666156,0.55746308,USDT
2024-05-23T21:15:00Z,SOL/USDT,buy,174.97744500,3.22268221,0.56389670,USDT
2024-05-24T02:00:00Z,SOL/USDT,sell,172.91350000,3.22268221,0.55724526,USDT
2024-05-24T14:15:00Z,SOL/USDT,buy,166.03297500,3.37342442,0.56009969,USDT
2024-05-24T16:15:00Z,SOL/USDT,sell,165.38726500,3.37342442,0.55792144,USDT
2024-05-24T22:00:00Z,SOL/USDT,buy,168.17404500,3.3313109,0.56024003,USDT
2024-05-24T22:30:00Z,SOL/USDT,sell,167.64613500,3.3313109,0.55848140,USDT
2024-05-25T02:15:00Z,SOL/USDT,buy,169.60476000,3.3016532,0.55997610,USDT
2024-05-25T07:00:00Z,SOL/USDT,sell,168.38576500,3.3016532,0.55595140,USDT
2024-05-25T07:30:00Z,SOL/USDT,buy,169.22457000,3.30703083,0.55963087,USDT
2024-05-25T08:15:00Z,SOL/USDT,sell,169.10540500,3.30703083,0.55923679,USDT
2024-05-25T08:30:00Z,SOL/USDT,buy,169.62477000,3.30026531,0.55980674,USDT
2024-05-25T08:45:00Z,SOL/USDT,sell,169.24533500,3.30026531,0.55855451,USDT
2024-05-25T23:00:00Z,SOL/USDT,buy,168.40416000,3.31912886,0.55895511,USDT
2024-05-26T01:45:00Z,SOL/USDT,stop_sell,167.44088054,3.31912886,0.55575786,USDT
2024-05-26T14:00:00Z,SOL/USDT,buy,165.13252500,3.38317693,0.55867255,USDT
2024-05-26T14:15:00Z,SOL/USDT,stop_sell,164.43952482,3.38317693,0.55632801,USDT
2024-05-26T22:00:00Z,SOL/USDT,buy,163.59175500,3.41479865,0.55863290,USDT
2024-05-27T05:30:00Z,SOL/USDT,sell,164.58766500,3.41479865,0.56203374,USDT
2024-05-27T07:30:00Z,SOL/USDT,buy,165.37264500,3.38691324,0.56010280,USDT
2024-05-27T09:00:00Z,SOL/USDT,sell,165.60715500,3.38691324,0.56089707,USDT
2024-05-27T15:30:00Z,SOL/USDT,buy,169.50471000,3.29095966,0.55783316,USDT
2024-05-27T16:00:00Z,SOL/USDT,sell,170.92449500,3.29095966,0.56250562,USDT
2024-05-28T00:45:00Z,SOL/USDT,buy,170.16504000,3.2872104,0.55936829,USDT
2024-05-28T01:45:00Z,SOL/USDT,stop_sell,168.81662089,3.2872104,0.55493575,USDT
2024-05-28T08:30:00Z,SOL/USDT,buy,167.52372000,3.3322368,0.55822870,USDT
2024-05-28T15:00:00Z,SOL/USDT,sell,168.22584500,3.3322368,0.56056835,USDT
2024-05-29T06:45:00Z,SOL/USDT,buy,173.33662500,3.22242452,0.55856419,USDT
2024-05-29T07:00:00Z,SOL/USDT,stop_sell,172.33057732,3.22242452,0.55532228,USDT
2024-05-29T08:00:00Z,SOL/USDT,buy,170.99545500,3.26506834,0.55831185,USDT
2024-05-29T08:00:00Z,SOL/USDT,stop_sell,169.95747875,3.26506834,0.55492278,USDT
2024-05-29T17:30:00Z,SOL/USDT,buy,170.60526000,3.26812362,0.55755908,USDT
2024-05-29T18:45:00Z,SOL/USDT,stop_sell,169.02366018,3.26812362,0.55239022,USDT
2024-05-29T19:00:00Z,SOL/USDT,buy,169.49470500,3.2890797,0.55748159,USDT
2024-05-29T21:15:00Z,SOL/USDT,sell,168.21585000,3.2890797,0.55327534,USDT
2024-05-30T03:00:00Z,SOL/USDT,buy,170.13502500,3.27189064,0.55666320,USDT
2024-05-30T03:15:00Z,SOL/USDT,sell,169.40525500,3.27189064,0.55427547,USDT
2024-05-30T12:15:00Z,SOL/USDT,buy,166.67329500,3.33791829,0.55634184,USDT
2024-05-30T20:15:00Z,SOL/USDT,sell,166.46672500,3.33791829,0.55565233,USDT
2024-05-31T10:15:00Z,SOL/USDT,buy,167.21356500,3.32191077,0.55546854,USDT
2024-05-31T14:00:00Z,SOL/USDT,stop_sell,166.68839982,3.32191077,0.55372399,USDT
2024-05-31T14:15:00Z,SOL/USDT,buy,166.65328500,3.32690426,0.55443952,USDT
2024-05-31T14:30:00Z,SOL/USDT,sell,166.40675500,3.32690426,0.55361934,USDT
2024-05-31T21:30:00Z,SOL/USDT,buy,166.70331000,3.3355595,0.55604881,USDT
2024-05-31T21:45:00Z,SOL/USDT,sell,166.72659500,3.3355595,0.55612648,USDT
2024-06-01T01:15:00Z,SOL/USDT,buy,166.49320500,3.33086642,0.55456663,USDT
2024-06-01T05:45:00Z,SOL/USDT,sell,167.12639500,3.33086642,0.55667570,USDT
2024-06-01T10:45:00Z,SOL/USDT,buy,166.94343000,3.32915044,0.55577979,USDT
2024-06-01T11:00:00Z,SOL/USDT,sell,166.62664500,3.32915044,0.55472517,USDT
2024-06-01T14:00:00Z,SOL/USDT,buy,167.24358000,3.32194676,0.55557427,USDT
2024-06-01T14:15:00Z,SOL/USDT,sell,167.34628500,3.32194676,0.55591545,USDT
2024-06-01T16:00:00Z,SOL/USDT,buy,167.46369000,3.31444676,0.55504948,USDT
2024-06-01T16:00:00Z,SOL/USDT,stop_sell,167.27881875,3.31444676,0.55443674,USDT
2024-06-01T18:15:00Z,SOL/USDT,buy,167.31361500,3.32214488,0.55584007,USDT
2024-06-01T18:45:00Z,SOL/USDT,sell,167.27632000,3.32214488,0.55571617,USDT
2024-06-02T04:30:00Z,SOL/USDT,buy,166.54323000,3.33711807,0.55577442,USDT
2024-06-02T04:45:00Z,SOL/USDT,sell,166.64663500,3.33711807,0.55611950,USDT
2024-06-02T05:00:00Z,SOL/USDT,buy,166.74333000,3.33174571,0.55554637,USDT
2024-06-02T05:15:00Z,SOL/USDT,sell,166.64663500,3.33174571,0.55522421,USDT
2024-06-02T07:00:00Z,SOL/USDT,buy,166.64328000,3.32427832,0.55396864,USDT
2024-06-02T07:00:00Z,SOL/USDT,stop_sell,166.47672000,3.32427832,0.55341495,USDT
2024-06-02T12:00:00Z,SOL/USDT,buy,166.36314000,3.33887303,0.55546540,USDT
2024-06-02T12:15:00Z,SOL/USDT,stop_sell,165.73209250,3.33887303,0.55335841,USDT
2024-06-02T12:30:00Z,SOL/USDT,buy,166.05298500,3.34860332,0.55604558,USDT
2024-06-02T13:00:00Z,SOL/USDT,sell,165.30730500,3.34860332,0.55354859,USDT
2024-06-02T22:30:00Z,SOL/USDT,buy,163.43167500,3.38609289,0.55339483,USDT
2024-06-03T00:15:00Z,SOL/USDT,stop_sell,162.99953089,3.38609289,0.55193155,USDT
2024-06-03T06:15:00Z,SOL/USDT,buy,165.24258000,3.36613762,0.55622926,USDT
2024-06-03T07:15:00Z,SOL/USDT,sell,165.50720500,3.36613762,0.55712003,USDT
2024-06-03T12:15:00Z,SOL/USDT,buy,165.39265500,3.35340664,0.55462883,USDT
2024-06-03T13:15:00Z,SOL/USDT,sell,166.26682500,3.35340664,0.55756027,USDT
2024-06-03T19:00:00Z,SOL/USDT,buy,166.18305000,3.33893829,0.55487495,USDT
2024-06-03T21:15:00Z,SOL/USDT,stop_sell,165.27125161,3.33893829,0.55183051,USDT
2024-06-03T21:30:00Z,SOL/USDT,buy,165.36264000,3.35187281,0.55427454,USDT
2024-06-03T22:30:00Z,SOL/USDT,sell,165.02744500,3.35187281,0.55315101,USDT
2024-06-03T23:00:00Z,SOL/USDT,buy,165.50271000,3.34917302,0.55429721,USDT
2024-06-03T23:15:00Z,SOL/USDT,sell,165.14738500,3.34917302,0.55310717,USDT
2024-06-04T01:45:00Z,SOL/USDT,buy,166.34313000,3.33154825,0.55418016,USDT
2024-06-04T05:45:00Z,SOL/USDT,stop_sell,165.49114161,3.33154825,0.55134172,USDT
2024-06-04T10:45:00Z,SOL/USDT,buy,165.52272000,3.34595249,0.55383116,USDT
2024-06-04T11:30:00Z,SOL/USDT,sell,165.46722500,3.34595249,0.55364547,USDT
2024-06-04T12:45:00Z,SOL/USDT,buy,165.84288000,3.33886901,0.55372765,USDT
2024-06-04T13:15:00Z,SOL/USDT,sell,165.57717000,3.33886901,0.55284048,USDT
2024-06-04T15:00:00Z,SOL/USDT,buy,166.04298000,3.334487,0.55366816,USDT
2024-06-04T15:15:00Z,SOL/USDT,sell,166.03694000,3.334487,0.55364802,USDT
2024-06-04T21:00:00Z,SOL/USDT,buy,169.49470500,3.26545795,0.55347783,USDT
2024-06-05T04:45:00Z,SOL/USDT,sell,172.89351000,3.26545795,0.56457649,USDT
2024-06-05T05:00:00Z,SOL/USDT,buy,173.45668500,3.19308173,0.55386137,USDT
2024-06-05T05:15:00Z,SOL/USDT,sell,172.37377000,3.19308173,0.55040354,USDT
2024-06-05T05:45:00Z,SOL/USDT,buy,173.07649500,3.19779768,0.55346361,USDT
2024-06-05T07:15:00Z,SOL/USDT,sell,173.53319000,3.19779768,0.55492403,USDT
2024-06-05T09:00:00Z,SOL/USDT,buy,173.02647000,3.20110357,0.55387565,USDT
2024-06-05T09:45:00Z,SOL/USDT,sell,173.06342500,3.20110357,0.55399395,USDT
2024-06-05T10:00:00Z,SOL/USDT,buy,173.39665500,3.19252427,0.55357303,USDT
2024-06-05T10:30:00Z,SOL/USDT,stop_sell,172.56688768,3.19252427,0.55092398,USDT
2024-06-05T13:00:00Z,SOL/USDT,buy,172.97644500,3.19853986,0.55327205,USDT
2024-06-05T13:45:00Z,SOL/USDT,sell,172.55368000,3.19853986,0.55191982,USDT
2024-06-05T19:00:00Z,SOL/USDT,buy,173.30661000,3.19002671,0.55285271,USDT
2024-06-05T19:15:00Z,SOL/USDT,sell,172.64363500,3.19002671,0.55073781,USDT
2024-06-05T23:15:00Z,SOL/USDT,buy,173.79685500,3.18230112,0.55307393,USDT
2024-06-05T23:15:00Z,SOL/USDT,stop_sell,173.04200714,3.18230112,0.55067177,USDT
2024-06-05T23:30:00Z,SOL/USDT,buy,173.19655500,3.1871078,0.55199609,USDT
2024-06-06T01:00:00Z,SOL/USDT,sell,173.48321500,3.1871078,0.55290971,USDT
2024-06-06T01:15:00Z,SOL/USDT,buy,173.54673000,3.18188065,0.55220498,USDT
2024-06-06T04:00:00Z,SOL/USDT,sell,173.83304000,3.18188065,0.55311599,USDT
2024-06-06T04:15:00Z,SOL/USDT,buy,173.50671000,3.18582731,0.55276242,USDT
2024-06-06T04:30:00Z,SOL/USDT,sell,173.03344000,3.18582731,0.55125466,USDT
2024-06-06T05:00:00Z,SOL/USDT,buy,173.37664500,3.17985542,0.55131266,USDT
2024-06-06T05:00:00Z,SOL/USDT,stop_sell,172.99060429,3.17985542,0.55008511,USDT
2024-06-06T09:15:00Z,SOL/USDT,buy,172.95643500,3.18373182,0.55064691,USDT
2024-06-06T09:15:00Z,SOL/USDT,stop_sell,172.78356500,3.18373182,0.55009653,USDT
2024-06-07T00:30:00Z,SOL/USDT,buy,170.40516000,3.23900178,0.55194262,USDT
2024-06-07T01:30:00Z,SOL/USDT,sell,169.76507500,3.23900178,0.54986938,USDT
2024-06-07T05:00:00Z,SOL/USDT,buy,172.38615000,3.2062801,0.55271828,USDT
2024-06-07T09:45:00Z,SOL/USDT,sell,171.77407000,3.2062801,0.55075578,USDT
2024-06-07T23:00:00Z,SOL/USDT,buy,163.15153500,3.38172309,0.55173331,USDT
2024-06-08T00:00:00Z,SOL/USDT,stop_sell,162.02930196,3.38172309,0.54793823,USDT
2024-06-08T05:30:00Z,SOL/USDT,buy,162.52122000,3.3978656,0.55222526,USDT
2024-06-08T06:30:00Z,SOL/USDT,sell,162.92849500,3.3978656,0.55360913,USDT
2024-06-08T08:30:00Z,SOL/USDT,buy,163.14153000,3.37511215,0.55062096,USDT
2024-06-08T08:45:00Z,SOL/USDT,stop_sell,162.64399446,3.37511215,0.54894172,USDT
2024-06-08T18:45:00Z,SOL/USDT,buy,160.88040000,3.42578048,0.55114093,USDT
2024-06-08T19:00:00Z,SOL/USDT,sell,160.28981500,3.42578048,0.54911772,USDT
2024-06-09T05:30:00Z,SOL/USDT,buy,158.46919500,3.47325521,0.55040396,USDT
2024-06-09T11:00:00Z,SOL/USDT,sell,159.00046000,3.47325521,0.55224918,USDT
2024-06-09T11:30:00Z,SOL/USDT,buy,159.31962000,3.46009856,0.55126159,USDT
2024-06-09T12:00:00Z,SOL/USDT,sell,159.41025500,3.46009856,0.55157519,USDT
2024-06-09T12:45:00Z,SOL/USDT,buy,159.97995000,3.44153843,0.55057715,USDT
2024-06-09T17:45:00Z,SOL/USDT,sell,160.84953500,3.44153843,0.55356986,USDT
2024-06-09T18:00:00Z,SOL/USDT,buy,160.71031500,3.42110083,0.54980619,USDT
2024-06-09T20:15:00Z,SOL/USDT,sell,161.74908500,3.42110083,0.55335993,USDT
2024-06-10T01:30:00Z,SOL/USDT,buy,161.72082000,3.41193436,0.55178082,USDT
2024-06-10T02:00:00Z,SOL/USDT,sell,161.25933000,3.41193436,0.55020625,USDT
2024-06-10T02:30:00Z,SOL/USDT,buy,161.68080000,3.40702186,0.55085002,USDT
2024-06-10T02:45:00Z,SOL/USDT,sell,161.09941000,3.40702186,0.54886921,USDT
2024-06-10T10:00:00Z,SOL/USDT,buy,160.17004500,3.43910989,0.55084239,USDT
2024-06-10T10:30:00Z,SOL/USDT,sell,159.78007000,3.43910989,0.54950122,USDT
2024-06-10T12:30:00Z,SOL/USDT,buy,159.07950000,3.46298384,0.55088974,USDT
2024-06-10T13:00:00Z,SOL/USDT,sell,158.47072500,3.46298384,0.54878156,USDT
2024-06-10T16:15:00Z,SOL/USDT,buy,161.91091500,3.40186001,0.55079827,USDT
2024-06-10T19:15:00Z,SOL/USDT,stop_sell,160.47329464,3.40186001,0.54590768,USDT
2024-06-10T19:30:00Z,SOL/USDT,buy,161.38065000,3.41728396,0.55148351,USDT
2024-06-10T20:00:00Z,SOL/USDT,sell,160.32979500,3.41728396,0.54789244,USDT
2024-06-11T10:15:00Z,SOL/USDT,buy,154.97745000,3.5456846,0.54950116,USDT
2024-06-11T12:00:00Z,SOL/USDT,sell,153.78307000,3.5456846,0.54526626,USDT
2024-06-11T12:15:00Z,SOL/USDT,buy,154.10701500,3.5583231,0.54836255,USDT
2024-06-11T13:00:00Z,SOL/USDT,stop_sell,153.19764857,3.5583231,0.54512673,USDT
2024-06-11T13:15:00Z,SOL/USDT,buy,154.03698000,3.5620824,0.54869242,USDT
2024-06-11T13:30:00Z,SOL/USDT,sell,153.72310000,3.5620824,0.54757435,USDT
2024-06-11T22:45:00Z,SOL/USDT,buy,149.59476000,3.66912052,0.54888120,USDT
2024-06-12T00:30:00Z,SOL/USDT,stop_sell,148.44823875,3.66912052,0.54467448,USDT
2024-06-12T03:15:00Z,SOL/USDT,buy,149.46469500,3.66603759,0.54794319,USDT
2024-06-12T03:30:00Z,SOL/USDT,sell,149.25533500,3.66603759,0.54717567,USDT
2024-06-12T11:45:00Z,SOL/USDT,buy,152.47620000,3.58750014,0.54700839,USDT
2024-06-12T11:45:00Z,SOL/USDT,stop_sell,151.83011839,3.58750014,0.54469057,USDT
2024-06-12T12:00:00Z,SOL/USDT,buy,151.93593000,3.60626406,0.54792108,USDT
2024-06-12T17:30:00Z,SOL/USDT,sell,158.85053500,3.60626406,0.57285698,USDT
2024-06-13T00:30:00Z,SOL/USDT,buy,154.47720000,3.55488316,0.54914840,USDT
2024-06-13T01:00:00Z,SOL/USDT,sell,154.53269500,3.55488316,0.54934568,USDT
2024-06-13T01:15:00Z,SOL/USDT,buy,155.01747000,3.54089735,0.54890095,USDT
2024-06-13T01:15:00Z,SOL/USDT,stop_sell,154.30352393,3.54089735,0.54637294,USDT
2024-06-13T07:45:00Z,SOL/USDT,buy,151.95594000,3.61119678,0.54874280,USDT
2024-06-13T09:00:00Z,SOL/USDT,sell,151.84404000,3.61119678,0.54833871,USDT
2024-06-13T20:15:00Z,SOL/USDT,buy,148.27410000,3.70521866,0.54938796,USDT
2024-06-13T20:45:00Z,SOL/USDT,sell,147.25633500,3.70521866,0.54561692,USDT
2024-06-14T02:00:00Z,SOL/USDT,buy,147.89391000,3.7045914,0.54788651,USDT
2024-06-14T03:00:00Z,SOL/USDT,sell,147.66613000,3.7045914,0.54704268,USDT
2024-06-14T09:45:00Z,SOL/USDT,buy,147.89391000,3.70654807,0.54817589,USDT
2024-06-14T10:30:00Z,SOL/USDT,sell,147.87602500,3.70654807,0.54810960,USDT
2024-06-14T11:00:00Z,SOL/USDT,buy,147.97395000,3.70541838,0.54830539,USDT
2024-06-14T11:00:00Z,SOL/USDT,stop_sell,147.38876875,3.70541838,0.54613705,USDT
2024-06-14T11:30:00Z,SOL/USDT,buy,148.16404500,3.69640871,0.54767487,USDT
2024-06-14T11:45:00Z,SOL/USDT,sell,147.90601000,3.69640871,0.54672106,USDT
2024-06-14T21:00:00Z,SOL/USDT,buy,142.28110500,3.85334673,0.54825843,USDT
2024-06-14T21:15:00Z,SOL/USDT,sell,141.83904500,3.85334673,0.54655502,USDT
2024-06-15T00:00:00Z,SOL/USDT,buy,143.08150500,3.82566836,0.54738239,USDT
2024-06-15T01:15:00Z,SOL/USDT,sell,143.85803500,3.82566836,0.55035313,USDT
2024-06-15T01:30:00Z,SOL/USDT,buy,143.72182500,3.81578482,0.54841156,USDT
2024-06-15T02:30:00Z,SOL/USDT,sell,143.69811500,3.81578482,0.54832109,USDT
2024-06-15T02:45:00Z,SOL/USDT,buy,143.79186000,3.80610771,0.54728731,USDT
2024-06-15T08:00:00Z,SOL/USDT,sell,143.93799500,3.80610771,0.54784351,USDT
2024-06-15T15:30:00Z,SOL/USDT,buy,144.99246000,3.76550449,0.54596976,USDT
2024-06-15T18:15:00Z,SOL/USDT,stop_sell,144.78185857,3.76550449,0.54517674,USDT
2024-06-15T18:30:00Z,SOL/USDT,buy,144.97245000,3.77954246,0.54792953,USDT
2024-06-15T18:45:00Z,SOL/USDT,sell,144.78757000,3.77954246,0.54723077,USDT
2024-06-15T19:00:00Z,SOL/USDT,buy,144.97245000,3.77646575,0.54748349,USDT
2024-06-15T19:00:00Z,SOL/USDT,stop_sell,144.34957482,3.77646575,0.54513123,USDT
2024-06-15T23:00:00Z,SOL/USDT,buy,145.48270500,3.76184462,0.54728333,USDT
2024-06-16T00:45:00Z,SOL/USDT,stop_sell,144.83183357,3.76184462,0.54483485,USDT
2024-06-16T01:15:00Z,SOL/USDT,buy,144.85239000,3.77834539,0.54730236,USDT
2024-06-16T02:30:00Z,SOL/USDT,sell,144.38777000,3.77834539,0.54554687,USDT
2024-06-16T07:00:00Z,SOL/USDT,buy,144.96244500,3.77390174,0.54707402,USDT
2024-06-16T07:45:00Z,SOL/USDT,sell,144.49771500,3.77390174,0.54532018,USDT
2024-06-16T18:30:00Z,SOL/USDT,buy,148.51422000,3.68405052,0.54713389,USDT
2024-06-16T21:00:00Z,SOL/USDT,sell,148.85553500,3.68405052,0.54839131,USDT
2024-06-16T21:30:00Z,SOL/USDT,buy,149.21457000,3.66633532,0.54707065,USDT
2024-06-17T01:45:00Z,SOL/USDT,sell,148.64564000,3.66633532,0.54498476,USDT
2024-06-17T02:00:00Z,SOL/USDT,buy,148.58425500,3.66635149,0.54476210,USDT
2024-06-17T02:15:00Z,SOL/USDT,sell,148.58567000,3.66635149,0.54476729,USDT
2024-06-18T06:15:00Z,SOL/USDT,buy,138.46920000,3.94438971,0.54617649,USDT
2024-06-18T07:30:00Z,SOL/USDT,stop_sell,137.66184893,3.94438971,0.54299198,USDT
2024-06-18T07:45:00Z,SOL/USDT,buy,137.51872500,3.98103675,0.54746710,USDT
2024-06-18T10:00:00Z,SOL/USDT,sell,137.17138000,3.98103675,0.54608430,USDT
2024-06-18T10:30:00Z,SOL/USDT,buy,137.91892500,3.95678307,0.54571527,USDT
2024-06-18T11:00:00Z,SOL/USDT,sell,137.80106500,3.95678307,0.54524892,USDT
2024-06-18T14:45:00Z,SOL/USDT,buy,137.14854000,3.964796,0.54376598,USDT
2024-06-18T14:45:00Z,SOL/USDT,stop_sell,135.44902732,3.964796,0.53702776,USDT
2024-06-19T02:15:00Z,SOL/USDT,buy,139.35964500,3.91836599,0.54606209,USDT
2024-06-19T08:15:00Z,SOL/USDT,sell,139.34029500,3.91836599,0.54598627,USDT
2024-06-19T17:15:00Z,SOL/USDT,buy,138.12903000,3.94065738,0.54431918,USDT
2024-06-19T17:45:00Z,SOL/USDT,sell,137.55119000,3.94065738,0.54204211,USDT
2024-06-20T10:00:00Z,SOL/USDT,buy,137.20857000,3.96049166,0.54341340,USDT
2024-06-20T13:15:00Z,SOL/USDT,stop_sell,136.44674250,3.96049166,0.54039619,USDT
2024-06-20T18:15:00Z,SOL/USDT,buy,135.11752500,4.02368731,0.54367067,USDT
2024-06-20T18:30:00Z,SOL/USDT,sell,134.84254500,4.02368731,0.54256424,USDT
2024-06-20T19:00:00Z,SOL/USDT,buy,134.46720000,4.04422783,0.54381599,USDT
2024-06-20T19:30:00Z,SOL/USDT,sell,134.19287000,4.04422783,0.54270654,USDT
2024-06-20T20:45:00Z,SOL/USDT,buy,134.04699000,4.05407708,0.54343683,USDT
2024-06-20T22:00:00Z,SOL/USDT,sell,133.67313000,4.05407708,0.54192117,USDT
2024-06-20T22:15:00Z,SOL/USDT,buy,134.23708500,4.04317793,0.54274442,USDT
2024-06-20T22:30:00Z,SOL/USDT,sell,133.90301500,4.04317793,0.54139372,USDT
2024-06-21T02:00:00Z,SOL/USDT,buy,134.35714500,4.04564182,0.54356088,USDT
2024-06-21T02:15:00Z,SOL/USDT,sell,134.06293500,4.04564182,0.54237062,USDT
2024-06-21T13:45:00Z,SOL/USDT,buy,130.38516000,4.15697949,0.54200844,USDT
2024-06-21T13:45:00Z,SOL/USDT,stop_sell,129.69726179,4.15697949,0.53914886,USDT
2024-06-21T15:15:00Z,SOL/USDT,buy,132.96645000,4.08329676,0.54294147,USDT
2024-06-21T15:15:00Z,SOL/USDT,stop_sell,131.56275714,4.08329676,0.53720978,USDT
2024-06-21T19:30:00Z,SOL/USDT,buy,132.26610000,4.09058416,0.54104561,USDT
2024-06-21T20:00:00Z,SOL/USDT,sell,132.58367500,4.09058416,0.54234468,USDT
2024-06-21T20:15:00Z,SOL/USDT,buy,133.31662500,4.06769659,0.54229158,USDT
2024-06-22T00:30:00Z,SOL/USDT,sell,133.70311500,4.06769659,0.54386370,USDT
2024-06-22T00:45:00Z,SOL/USDT,buy,133.47670500,4.06524333,0.54261528,USDT
2024-06-22T01:15:00Z,SOL/USDT,sell,133.60316500,4.06524333,0.54312938,USDT
2024-06-22T01:30:00Z,SOL/USDT,buy,133.88691000,4.05304944,0.54265027,USDT
2024-06-22T02:00:00Z,SOL/USDT,sell,133.63315000,4.05304944,0.54162176,USDT
2024-06-22T02:15:00Z,SOL/USDT,buy,134.17705500,4.043926,0.54260208,USDT
2024-06-22T08:00:00Z,SOL/USDT,sell,134.82255500,4.043926,0.54521244,USDT
2024-06-22T12:45:00Z,SOL/USDT,buy,134.46720000,4.02680833,0.54147364,USDT
2024-06-22T13:15:00Z,SOL/USDT,stop_sell,134.16288500,4.02680833,0.54024822,USDT
2024-06-22T13:30:00Z,SOL/USDT,buy,134.27710500,4.03442741,0.54173123,USDT
2024-06-22T15:45:00Z,SOL/USDT,sell,134.35279000,4.03442741,0.54203658,USDT
2024-06-22T16:15:00Z,SOL/USDT,buy,134.14704000,4.04028005,0.54199161,USDT
2024-06-22T16:45:00Z,SOL/USDT,sell,134.42275500,4.04028005,0.54310558,USDT
2024-06-22T18:45:00Z,SOL/USDT,buy,134.26710000,4.03698629,0.54203444,USDT
2024-06-22T19:00:00Z,SOL/USDT,sell,134.14289500,4.03698629,0.54153303,USDT
2024-06-22T21:00:00Z,SOL/USDT,buy,134.34714000,4.0366431,0.54231146,USDT
2024-06-22T21:15:00Z,SOL/USDT,sell,134.23285000,4.0366431,0.54185011,USDT
2024-06-22T22:45:00Z,SOL/USDT,buy,134.31712500,4.02971676,0.54125997,USDT
2024-06-22T23:00:00Z,SOL/USDT,sell,134.11291000,4.02971676,0.54043704,USDT
2024-06-23T01:30:00Z,SOL/USDT,buy,134.49721500,4.02229877,0.54098798,USDT
2024-06-23T03:00:00Z,SOL/USDT,sell,134.69262000,4.02229877,0.54177396,USDT
2024-06-23T03:15:00Z,SOL/USDT,buy,134.69731500,4.01466684,0.54076484,USDT
2024-06-23T03:30:00Z,SOL/USDT,sell,134.51271000,4.01466684,0.54002372,USDT
2024-06-23T06:00:00Z,SOL/USDT,buy,134.58726000,4.02582451,0.54182469,USDT
2024-06-23T06:15:00Z,SOL/USDT,sell,134.51271000,4.02582451,0.54152456,USDT
2024-06-23T10:15:00Z,SOL/USDT,buy,134.47720500,4.02111365,0.54074812,USDT
2024-06-23T10:15:00Z,SOL/USDT,stop_sell,134.34279500,4.02111365,0.54020765,USDT
2024-06-23T10:30:00Z,SOL/USDT,buy,134.31712500,4.0255336,0.54069810,USDT
2024-06-23T10:30:00Z,SOL/USDT,stop_sell,134.18287500,4.0255336,0.54015767,USDT
2024-06-24T10:00:00Z,SOL/USDT,buy,126.08301000,4.28503065,0.54026956,USDT
2024-06-24T16:00:00Z,SOL/USDT,sell,126.47673000,4.28503065,0.54195666,USDT
2024-06-24T17:45:00Z,SOL/USDT,buy,127.63378500,4.22681974,0.53948500,USDT
2024-06-24T18:45:00Z,SOL/USDT,sell,129.15539000,4.22681974,0.54591655,USDT
2024-06-24T19:00:00Z,SOL/USDT,buy,130.35514500,4.15612459,0.54177222,USDT
2024-06-24T19:30:00Z,SOL/USDT,stop_sell,128.14982161,4.15612459,0.53260662,USDT
2024-06-24T20:45:00Z,SOL/USDT,buy,126.94344000,4.25936931,0.54069899,USDT
2024-06-25T08:30:00Z,SOL/USDT,sell,133.94299500,4.25936931,0.57051268,USDT
2024-06-25T10:00:00Z,SOL/USDT,buy,137.11852500,3.95120343,0.54178319,USDT
2024-06-25T15:15:00Z,SOL/USDT,sell,137.40126500,3.95120343,0.54290035,USDT
2024-06-25T15:30:00Z,SOL/USDT,buy,139.40967000,3.89984878,0.54367663,USDT
2024-06-25T15:45:00Z,SOL/USDT,sell,139.22035500,3.89984878,0.54293833,USDT
2024-06-26T03:15:00Z,SOL/USDT,buy,139.12953000,3.89936027,0.54251616,USDT
2024-06-26T03:30:00Z,SOL/USDT,stop_sell,138.04844125,3.89936027,0.53830061,USDT
2024-06-26T03:45:00Z,SOL/USDT,buy,138.47920500,3.91968955,0.54279549,USDT
2024-06-26T04:30:00Z,SOL/USDT,stop_sell,137.05286786,3.91968955,0.53720469,USDT
2024-06-26T04:45:00Z,SOL/USDT,buy,137.03848500,3.95585998,0.54210506,USDT
2024-06-26T06:15:00Z,SOL/USDT,sell,137.25134000,3.95585998,0.54294708,USDT
2024-06-26T09:45:00Z,SOL/USDT,buy,136.98846000,3.94994999,0.54109757,USDT
2024-06-26T10:00:00Z,SOL/USDT,sell,136.54169500,3.94994999,0.53933287,USDT
2024-06-26T11:15:00Z,SOL/USDT,buy,137.57875500,3.93852749,0.54185771,USDT
2024-06-26T11:45:00Z,SOL/USDT,sell,137.05144000,3.93852749,0.53978086,USDT
2024-06-26T13:30:00Z,SOL/USDT,buy,137.08851000,3.95596617,0.54231751,USDT
2024-06-26T15:30:00Z,SOL/USDT,stop_sell,136.10298589,3.95596617,0.53841881,USDT
2024-06-26T23:00:00Z,SOL/USDT,buy,137.48871000,3.93608278,0.54116694,USDT
2024-06-26T23:45:00Z,SOL/USDT,stop_sell,136.48065411,3.93608278,0.53719915,USDT
2024-06-27T00:00:00Z,SOL/USDT,buy,136.86840000,3.95443959,0.54123782,USDT
2024-06-27T00:15:00Z,SOL/USDT,stop_sell,136.05158304,3.95443959,0.53800777,USDT
2024-06-27T00:30:00Z,SOL/USDT,buy,136.70832000,3.94902807,0.53986499,USDT
2024-06-27T00:45:00Z,SOL/USDT,sell,136.98147500,3.94902807,0.54094369,USDT
2024-06-27T01:15:00Z,SOL/USDT,buy,136.75834500,3.95249444,0.54053660,USDT
2024-06-27T01:30:00Z,SOL/USDT,sell,136.30181500,3.95249444,0.53873217,USDT
2024-06-27T11:15:00Z,SOL/USDT,buy,139.06950000,3.88094591,0.53972121,USDT
2024-06-27T18:30:00Z,SOL/USDT,sell,148.72560000,3.88094591,0.57719601,USDT
2024-06-27T23:45:00Z,SOL/USDT,buy,149.35464000,3.63702395,0.54320640,USDT
2024-06-28T00:30:00Z,SOL/USDT,stop_sell,148.35935464,3.63702395,0.53958653,USDT
2024-06-28T10:00:00Z,SOL/USDT,buy,145.76284500,3.71515384,0.54153139,USDT
2024-06-28T10:00:00Z,SOL/USDT,stop_sell,145.35657107,3.71515384,0.54002202,USDT
2024-06-28T10:15:00Z,SOL/USDT,buy,145.34263500,3.7318812,0.54240145,USDT
2024-06-28T12:45:00Z,SOL/USDT,sell,145.32730000,3.7318812,0.54234422,USDT
2024-06-28T19:30:00Z,SOL/USDT,buy,142.05099000,3.81742698,0.54226928,USDT
2024-06-28T19:45:00Z,SOL/USDT,sell,141.16938000,3.81742698,0.53890380,USDT
2024-06-29T02:45:00Z,SOL/USDT,buy,142.23108000,3.81331115,0.54237136,USDT
2024-06-29T04:15:00Z,SOL/USDT,stop_sell,141.37927500,3.81331115,0.53912317,USDT
2024-06-29T18:00:00Z,SOL/USDT,buy,142.09101000,3.80150862,0.54016020,USDT
2024-06-29T18:15:00Z,SOL/USDT,stop_sell,141.91971893,3.80150862,0.53950903,USDT
2024-06-29T19:15:00Z,SOL/USDT,buy,142.12102500,3.81204511,0.54177176,USDT
2024-06-29T19:30:00Z,SOL/USDT,stop_sell,141.53919500,3.81204511,0.53955380,USDT
2024-06-30T08:15:00Z,SOL/USDT,buy,140.69031000,3.8522354,0.54197219,USDT
2024-06-30T23:15:00Z,SOL/USDT,sell,146.45673500,3.8522354,0.56418582,USDT
2024-07-01T02:15:00Z,SOL/USDT,buy,148.45419000,3.65527384,0.54264072,USDT
2024-07-01T03:00:00Z,SOL/USDT,sell,147.75608500,3.65527384,0.54008895,USDT
2024-07-01T03:30:00Z,SOL/USDT,buy,148.11402000,3.65528504,0.54139896,USDT
2024-07-01T05:15:00Z,SOL/USDT,sell,147.96598000,3.65528504,0.54085783,USDT
2024-07-01T15:00:00Z,SOL/USDT,buy,148.02397500,3.66701217,0.54280572,USDT
2024-07-01T17:30:00Z,SOL/USDT,sell,147.45623500,3.66701217,0.54072381,USDT
2024-07-01T23:15:00Z,SOL/USDT,buy,146.94343500,3.67200376,0.53957685,USDT
2024-07-01T23:15:00Z,SOL/USDT,stop_sell,146.68197946,3.67200376,0.53861678,USDT
2024-07-02T02:15:00Z,SOL/USDT,buy,148.45419000,3.65357426,0.54238841,USDT
2024-07-02T07:00:00Z,SOL/USDT,sell,147.93599500,3.65357426,0.54049514,USDT
2024-07-02T11:30:00Z,SOL/USDT,buy,149.46469500,3.62751167,0.54218493,USDT
2024-07-02T13:45:00Z,SOL/USDT,stop_sell,148.66277429,3.62751167,0.53927595,USDT
2024-07-02T14:00:00Z,SOL/USDT,buy,148.93443000,3.63145373,0.54084849,USDT
2024-07-02T14:15:00Z,SOL/USDT,stop_sell,147.80998661,3.63145373,0.53676513,USDT
2024-07-02T14:30:00Z,SOL/USDT,buy,148.31412000,3.63893662,0.53970568,USDT
2024-07-02T14:45:00Z,SOL/USDT,sell,147.51620500,3.63893662,0.53680212,USDT
2024-07-02T15:00:00Z,SOL/USDT,buy,148.58425500,3.64956135,0.54226735,USDT
2024-07-02T15:30:00Z,SOL/USDT,sell,147.88602000,3.64956135,0.53971910,USDT
2024-07-02T18:15:00Z,SOL/USDT,buy,151.14553500,3.57543081,0.54041040,USDT
2024-07-03T02:00:00Z,SOL/USDT,sell,152.38377000,3.57543081,0.54483763,USDT
2024-07-03T17:45:00Z,SOL/USDT,buy,142.38115500,3.79518718,0.54036313,USDT
2024-07-03T18:00:00Z,SOL/USDT,sell,141.88902000,3.79518718,0.53849539,USDT
2024-07-04T06:45:00Z,SOL/USDT,buy,135.47770500,3.98665142,0.54010239,USDT
2024-07-04T07:00:00Z,SOL/USDT,sell,134.63265000,3.98665142,0.53673345,USDT
2024-07-04T11:15:00Z,SOL/USDT,buy,134.28711000,4.01423633,0.53906020,USDT
2024-07-04T11:30:00Z,SOL/USDT,sell,133.36328500,4.01423633,0.53535174,USDT
2024-07-04T15:00:00Z,SOL/USDT,buy,134.29711500,4.01676673,0.53944018,USDT
2024-07-04T17:45:00Z,SOL/USDT,sell,134.84254500,4.01676673,0.54163105,USDT
2024-07-04T18:15:00Z,SOL/USDT,buy,134.17705500,4.02641917,0.54025307,USDT
2024-07-04T20:00:00Z,SOL/USDT,sell,134.07293000,4.02641917,0.53983382,USDT
2024-07-05T05:15:00Z,SOL/USDT,buy,127.51372500,4.22935632,0.53930098,USDT
2024-07-05T05:45:00Z,SOL/USDT,sell,126.36678500,4.22935632,0.53445016,USDT
2024-07-05T07:30:00Z,SOL/USDT,buy,125.37265500,4.27727161,0.53625290,USDT
2024-07-05T08:30:00Z,SOL/USDT,stop_sell,123.71739607,4.27727161,0.52917291,USDT
2024-07-05T08:45:00Z,SOL/USDT,buy,123.81187500,4.35679003,0.53942234,USDT
2024-07-05T09:00:00Z,SOL/USDT,sell,122.76858500,4.35679003,0.53487695,USDT
2024-07-05T09:45:00Z,SOL/USDT,buy,125.57275500,4.29100418,0.53883322,USDT
2024-07-05T10:00:00Z,SOL/USDT,sell,126.03695000,4.29100418,0.54082508,USDT
2024-07-05T11:45:00Z,SOL/USDT,buy,130.42518000,4.1260569,0.53814171,USDT
2024-07-05T20:45:00Z,SOL/USDT,sell,134.51271000,4.1260569,0.55500710,USDT
2024-07-05T21:00:00Z,SOL/USDT,buy,135.39766500,3.99127403,0.54040918,USDT
2024-07-05T21:15:00Z,SOL/USDT,sell,135.38227500,3.99127403,0.54034776,USDT
2024-07-05T21:45:00Z,SOL/USDT,buy,135.36765000,3.97617966,0.53824610,USDT
2024-07-05T22:00:00Z,SOL/USDT,stop_sell,134.54555071,3.97617966,0.53497728,USDT
2024-07-05T22:30:00Z,SOL/USDT,buy,135.16755000,3.9892081,0.53921149,USDT
2024-07-05T22:45:00Z,SOL/USDT,sell,134.90251500,3.9892081,0.53815421,USDT
2024-07-05T23:00:00Z,SOL/USDT,buy,134.47720500,4.00990957,0.53924143,USDT
2024-07-05T23:45:00Z,SOL/USDT,sell,134.81256000,4.00990957,0.54058617,USDT
2024-07-06T00:45:00Z,SOL/USDT,buy,137.14854000,3.91108925,0.53640018,USDT
2024-07-06T00:45:00Z,SOL/USDT,stop_sell,136.38962821,3.91108925,0.53343201,USDT
2024-07-06T01:00:00Z,SOL/USDT,buy,135.16755000,3.98364533,0.53845958,USDT
2024-07-06T01:45:00Z,SOL/USDT,sell,133.97298000,3.98364533,0.53370084,USDT
2024-07-06T04:30:00Z,SOL/USDT,buy,134.70732000,3.99586296,0.53827199,USDT
2024-07-06T04:45:00Z,SOL/USDT,sell,134.09292000,3.99586296,0.53581693,USDT
2024-07-06T06:00:00Z,SOL/USDT,buy,134.59726500,3.99050541,0.53711111,USDT
2024-07-06T14:15:00Z,SOL/USDT,sell,138.35079000,3.99050541,0.55208958,USDT
2024-07-07T06:30:00Z,SOL/USDT,buy,139.97995500,3.84384562,0.53806134,USDT
2024-07-07T06:45:00Z,SOL/USDT,sell,140.08992000,3.84384562,0.53848403,USDT
2024-07-07T09:45:00Z,SOL/USDT,buy,139.50972000,3.86027179,0.53854544,USDT
2024-07-07T10:45:00Z,SOL/USDT,sell,139.14039500,3.86027179,0.53711974,USDT
2024-07-07T12:00:00Z,SOL/USDT,buy,139.50972000,3.8621588,0.53880869,USDT
2024-07-07T12:30:00Z,SOL/USDT,stop_sell,138.68383768,3.8621588,0.53561900,USDT
2024-07-07T19:45:00Z,SOL/USDT,buy,137.20857000,3.91758839,0.53752670,USDT
2024-07-07T20:00:00Z,SOL/USDT,sell,137.01146000,3.91758839,0.53675450,USDT
2024-07-08T04:45:00Z,SOL/USDT,buy,132.72633000,4.06628307,0.53970283,USDT
2024-07-08T07:15:00Z,SOL/USDT,sell,131.66413500,4.06628307,0.53538364,USDT
2024-07-08T14:00:00Z,SOL/USDT,buy,140.58025500,3.82837737,0.53819427,USDT
2024-07-08T14:15:00Z,SOL/USDT,stop_sell,138.41183089,3.82837737,0.52989272,USDT
2024-07-08T19:15:00Z,SOL/USDT,buy,137.44869000,3.90336966,0.53651305,USDT
2024-07-08T19:45:00Z,SOL/USDT,sell,137.63115000,3.90336966,0.53722526,USDT
2024-07-08T20:30:00Z,SOL/USDT,buy,138.66930000,3.87666479,0.53757439,USDT
2024-07-08T20:45:00Z,SOL/USDT,sell,138.60066500,3.87666479,0.53730832,USDT
2024-07-08T21:15:00Z,SOL/USDT,buy,139.43968500,3.85362768,0.53734863,USDT
2024-07-09T01:00:00Z,SOL/USDT,sell,138.33080000,3.85362768,0.53307540,USDT
2024-07-09T08:15:00Z,SOL/USDT,buy,142.38115500,3.77626934,0.53766959,USDT
2024-07-09T10:00:00Z,SOL/USDT,sell,141.85903500,3.77626934,0.53569792,USDT
2024-07-10T05:45:00Z,SOL/USDT,buy,144.15204000,3.72601772,0.53711306,USDT
2024-07-10T09:15:00Z,SOL/USDT,sell,143.54819000,3.72601772,0.53486310,USDT
2024-07-10T11:00:00Z,SOL/USDT,buy,143.85189000,3.7265017,0.53606431,USDT
2024-07-10T11:15:00Z,SOL/USDT,sell,143.24834000,3.7265017,0.53381518,USDT
2024-07-10T19:45:00Z,SOL/USDT,buy,141.21057000,3.79002756,0.53519195,USDT
2024-07-10T20:15:00Z,SOL/USDT,sell,141.25933500,3.79002756,0.53537677,USDT
2024-07-10T22:15:00Z,SOL/USDT,buy,141.17055000,3.78872167,0.53485592,USDT
2024-07-11T00:30:00Z,SOL/USDT,sell,140.98947000,3.78872167,0.53416986,USDT
2024-07-11T01:00:00Z,SOL/USDT,buy,141.56074500,3.77970505,0.53505786,USDT
2024-07-11T01:15:00Z,SOL/USDT,sell,141.08942000,3.77970505,0.53327639,USDT
2024-07-11T02:30:00Z,SOL/USDT,buy,142.51122000,3.74766524,0.53408435,USDT
2024-07-11T02:45:00Z,SOL/USDT,stop_sell,141.72981393,3.74766524,0.53115590,USDT
2024-07-11T08:45:00Z,SOL/USDT,buy,142.53123000,3.7577974,0.53560349,USDT
2024-07-11T11:45:00Z,SOL/USDT,sell,143.40826000,3.7577974,0.53889919,USDT
2024-07-11T12:00:00Z,SOL/USDT,buy,143.65179000,3.72268506,0.53477037,USDT
2024-07-11T12:15:00Z,SOL/USDT,stop_sell,143.16124071,3.72268506,0.53294421,USDT
2024-07-11T12:45:00Z,SOL/USDT,buy,144.40216500,3.70714319,0.53531950,USDT
2024-07-11T12:45:00Z,SOL/USDT,stop_sell,143.27689714,3.70714319,0.53114797,USDT
2024-07-12T00:45:00Z,SOL/USDT,buy,137.12853000,3.89658178,0.53433253,USDT
2024-07-12T00:45:00Z,SOL/USDT,stop_sell,136.30716946,3.89658178,0.53113203,USDT
2024-07-12T10:45:00Z,SOL/USDT,buy,135.43768500,3.94589134,0.53442239,USDT
2024-07-12T11:00:00Z,SOL/USDT,sell,135.41226000,3.94589134,0.53432206,USDT
2024-07-12T12:15:00Z,SOL/USDT,buy,136.04799000,3.93125546,0.53483940,USDT
2024-07-12T17:30:00Z,SOL/USDT,sell,138.73060000,3.93125546,0.54538543,USDT
2024-07-12T17:45:00Z,SOL/USDT,buy,138.86940000,3.85201927,0.53492760,USDT
2024-07-12T18:45:00Z,SOL/USDT,sell,139.85004000,3.85201927,0.53870505,USDT
2024-07-12T19:00:00Z,SOL/USDT,buy,140.05999500,3.82218295,0.53533492,USDT
2024-07-12T19:15:00Z,SOL/USDT,stop_sell,138.90479857,3.82218295,0.53091955,USDT
2024-07-12T21:00:00Z,SOL/USDT,buy,138.16905000,3.86350152,0.53381633,USDT
2024-07-12T21:15:00Z,SOL/USDT,sell,138.10091500,3.86350152,0.53355310,USDT
2024-07-13T00:15:00Z,SOL/USDT,buy,139.04949000,3.84438826,0.53456023,USDT
2024-07-13T00:30:00Z,SOL/USDT,sell,138.83055000,3.84438826,0.53371854,USDT
2024-07-13T12:30:00Z,SOL/USDT,buy,140.24008500,3.81719634,0.53532394,USDT
2024-07-13T14:15:00Z,SOL/USDT,sell,139.37028000,3.81719634,0.53200372,USDT
2024-07-13T21:30:00Z,SOL/USDT,buy,139.98996000,3.81768903,0.53443813,USDT
2024-07-13T22:15:00Z,SOL/USDT,stop_sell,139.30674036,3.81768903,0.53182981,USDT
2024-07-13T22:45:00Z,SOL/USDT,buy,140.72032500,3.80687393,0.53570454,USDT
2024-07-14T06:30:00Z,SOL/USDT,sell,144.90751000,3.80687393,0.55164462,USDT
2024-07-14T06:45:00Z,SOL/USDT,buy,144.82237500,3.69256583,0.53476615,USDT
2024-07-14T07:30:00Z,SOL/USDT,sell,144.78757000,3.69256583,0.53463763,USDT
2024-07-14T10:00:00Z,SOL/USDT,buy,146.30311500,3.65905337,0.53533091,USDT
2024-07-14T10:30:00Z,SOL/USDT,stop_sell,145.48829089,3.65905337,0.53234942,USDT
2024-07-14T15:45:00Z,SOL/USDT,buy,145.09251000,3.6810236,0.53408895,USDT
2024-07-14T18:15:00Z,SOL/USDT,sell,144.92750000,3.6810236,0.53348155,USDT
2024-07-14T22:00:00Z,SOL/USDT,buy,148.05399000,3.60581764,0.53385569,USDT
2024-07-14T22:15:00Z,SOL/USDT,stop_sell,147.22635000,3.60581764,0.53087137,USDT
2024-07-15T00:15:00Z,SOL/USDT,buy,147.62377500,3.62516701,0.53516084,USDT
2024-07-15T09:30:00Z,SOL/USDT,sell,152.53369500,3.62516701,0.55296012,USDT
2024-07-15T09:45:00Z,SOL/USDT,buy,152.47620000,3.50752268,0.53481373,USDT
2024-07-15T10:30:00Z,SOL/USDT,sell,152.10391000,3.50752268,0.53350791,USDT
2024-07-15T10:45:00Z,SOL/USDT,buy,152.03598000,3.50834735,0.53339503,USDT
2024-07-15T10:45:00Z,SOL/USDT,stop_sell,151.61022839,3.50834735,0.53190134,USDT
2024-07-15T16:00:00Z,SOL/USDT,buy,153.24658500,3.4998893,0.53634608,USDT
2024-07-15T17:00:00Z,SOL/USDT,sell,153.82305000,3.4998893,0.53836365,USDT
2024-07-15T18:15:00Z,SOL/USDT,buy,154.55724000,3.46141683,0.53498703,USDT
2024-07-15T23:15:00Z,SOL/USDT,sell,158.28082000,3.46141683,0.54787589,USDT
2024-07-15T23:30:00Z,SOL/USDT,buy,158.59926000,3.37896061,0.53590065,USDT
2024-07-16T01:00:00Z,SOL/USDT,sell,158.08092000,3.37896061,0.53414920,USDT
2024-07-16T10:45:00Z,SOL/USDT,buy,156.23808000,3.42725121,0.53546715,USDT
2024-07-16T14:00:00Z,SOL/USDT,stop_sell,154.96747750,3.42725121,0.53111247,USDT
2024-07-16T19:15:00Z,SOL/USDT,buy,161.82087000,3.3084492,0.53537613,USDT
2024-07-16T20:30:00Z,SOL/USDT,stop_sell,160.18986500,3.3084492,0.52998003,USDT
2024-07-17T08:30:00Z,SOL/USDT,buy,161.08050000,3.32044508,0.53485895,USDT
2024-07-17T11:30:00Z,SOL/USDT,stop_sell,160.10240875,3.32044508,0.53161126,USDT
2024-07-17T12:15:00Z,SOL/USDT,buy,161.32062000,3.31500698,0.53477898,USDT
2024-07-17T12:30:00Z,SOL/USDT,sell,160.65963000,3.31500698,0.53258779,USDT
2024-07-17T13:00:00Z,SOL/USDT,buy,160.83037500,3.32060096,0.53405350,USDT
2024-07-17T13:15:00Z,SOL/USDT,stop_sell,159.91143286,3.32060096,0.53100206,USDT
2024-07-17T14:00:00Z,SOL/USDT,buy,161.69080500,3.29621075,0.53296697,USDT
2024-07-17T14:00:00Z,SOL/USDT,stop_sell,160.67426554,3.29621075,0.52961624,USDT
2024-07-17T21:30:00Z,SOL/USDT,buy,155.62777500,3.43114878,0.53398205,USDT
2024-07-17T22:30:00Z,SOL/USDT,sell,156.31180500,3.43114878,0.53632906,USDT
2024-07-18T00:45:00Z,SOL/USDT,buy,157.52872500,3.39036161,0.53407934,USDT
2024-07-18T08:00:00Z,SOL/USDT,sell,159.09041500,3.39036161,0.53937404,USDT
2024-07-18T09:00:00Z,SOL/USDT,buy,159.25959000,3.3530801,0.53401016,USDT
2024-07-18T10:30:00Z,SOL/USDT,sell,158.28082000,3.3530801,0.53072827,USDT
2024-07-18T12:00:00Z,SOL/USDT,buy,159.54973500,3.34606085,0.53386312,USDT
2024-07-18T14:45:00Z,SOL/USDT,sell,159.04044000,3.34606085,0.53215899,USDT
2024-07-18T20:00:00Z,SOL/USDT,buy,157.15854000,3.3951474,0.53357641,USDT
2024-07-18T20:15:00Z,SOL/USDT,sell,156.39176500,3.3951474,0.53097309,USDT
2024-07-18T20:45:00Z,SOL/USDT,buy,157.39866000,3.38767018,0.53321475,USDT
2024-07-19T01:15:00Z,SOL/USDT,sell,156.66163000,3.38767018,0.53071793,USDT
2024-07-19T01:30:00Z,SOL/USDT,buy,157.61877000,3.38113039,0.53292961,USDT
2024-07-19T01:45:00Z,SOL/USDT,sell,157.52120000,3.38113039,0.53259972,USDT
2024-07-19T02:00:00Z,SOL/USDT,buy,158.57925000,3.36164157,0.53308660,USDT
2024-07-19T08:15:00Z,SOL/USDT,sell,159.51020500,3.36164157,0.53621614,USDT
2024-07-19T08:45:00Z,SOL/USDT,buy,161.64078000,3.29752271,0.53301414,USDT
2024-07-19T10:00:00Z,SOL/USDT,sell,160.47972000,3.29752271,0.52918552,USDT
2024-07-19T10:15:00Z,SOL/USDT,buy,161.74083000,3.2944886,0.53285332,USDT
2024-07-19T11:00:00Z,SOL/USDT,sell,161.63914000,3.2944886,0.53251830,USDT
2024-07-19T15:30:00Z,SOL/USDT,buy,167.50371000,3.18650028,0.53375062,USDT
2024-07-19T18:30:00Z,SOL/USDT,sell,168.39576000,3.18650028,0.53659314,USDT
2024-07-20T01:00:00Z,SOL/USDT,buy,169.30461000,3.14349094,0.53220751,USDT
2024-07-20T06:00:00Z,SOL/USDT,sell,169.73509000,3.14349094,0.53356072,USDT
2024-07-20T12:45:00Z,SOL/USDT,buy,168.87439500,3.1548054,0.53276585,USDT
2024-07-20T13:00:00Z,SOL/USDT,sell,168.60565500,3.1548054,0.53191803,USDT
2024-07-21T00:45:00Z,SOL/USDT,buy,173.31661500,3.0764095,0.53319288,USDT
2024-07-21T01:00:00Z,SOL/USDT,sell,172.98346500,3.0764095,0.53216798,USDT
2024-07-21T01:30:00Z,SOL/USDT,buy,173.90691000,3.05759006,0.53173604,USDT
2024-07-21T02:15:00Z,SOL/USDT,sell,174.36277500,3.05759006,0.53312989,USDT
2024-07-21T02:30:00Z,SOL/USDT,buy,174.59725500,3.04862995,0.53228242,USDT
2024-07-21T02:45:00Z,SOL/USDT,stop_sell,173.65063125,3.04862995,0.52939652,USDT
2024-07-21T03:30:00Z,SOL/USDT,buy,173.54673000,3.06208596,0.53141501,USDT
2024-07-21T04:00:00Z,SOL/USDT,sell,173.07342000,3.06208596,0.52996569,USDT
2024-07-21T05:30:00Z,SOL/USDT,buy,173.18655000,3.07207531,0.53204212,USDT
2024-07-21T05:45:00Z,SOL/USDT,sell,173.23334000,3.07207531,0.53218587,USDT
2024-07-21T18:30:00Z,SOL/USDT,buy,176.58825000,3.01057167,0.53163158,USDT
2024-07-22T01:15:00Z,SOL/USDT,sell,182.70860000,3.01057167,0.55005734,USDT
2024-07-22T01:30:00Z,SOL/USDT,buy,182.67129000,2.91346039,0.53220557,USDT
2024-07-22T01:30:00Z,SOL/USDT,stop_sell,181.61914500,2.91346039,0.52914019,USDT
2024-07-22T10:30:00Z,SOL/USDT,buy,180.41016000,2.94498921,0.53130597,USDT
2024-07-22T10:30:00Z,SOL/USDT,stop_sell,179.44844518,2.94498921,0.52847373,USDT
2024-07-22T11:30:00Z,SOL/USDT,buy,180.26008500,2.95733335,0.53308916,USDT
2024-07-22T13:45:00Z,SOL/USDT,stop_sell,178.56959911,2.95733335,0.52808983,USDT
2024-07-22T14:00:00Z,SOL/USDT,buy,178.78935000,2.97530664,0.53195314,USDT
2024-07-22T14:45:00Z,SOL/USDT,sell,178.83054000,2.97530664,0.53207569,USDT
2024-07-22T15:45:00Z,SOL/USDT,buy,180.06999000,2.95652065,0.53238064,USDT
2024-07-22T16:30:00Z,SOL/USDT,sell,179.68011500,2.95652065,0.53122797,USDT
2024-07-22T17:45:00Z,SOL/USDT,buy,181.32061500,2.93772623,0.53267033,USDT
2024-07-22T22:00:00Z,SOL/USDT,stop_sell,179.20106893,2.93772623,0.52644368,USDT
2024-07-23T11:15:00Z,SOL/USDT,buy,175.95793500,3.02032211,0.53144964,USDT
2024-07-23T11:15:00Z,SOL/USDT,stop_sell,174.57766750,3.02032211,0.52728079,USDT
2024-07-23T16:00:00Z,SOL/USDT,buy,176.20806000,3.00904021,0.53021714,USDT
2024-07-23T16:30:00Z,SOL/USDT,sell,175.03244000,3.00904021,0.52667965,USDT
2024-07-23T18:30:00Z,SOL/USDT,buy,173.58675000,3.05584029,0.53045338,USDT
2024-07-23T18:45:00Z,SOL/USDT,sell,173.13339000,3.05584029,0.52906799,USDT
2024-07-24T00:45:00Z,SOL/USDT,buy,172.40616000,3.07474301,0.53010464,USDT
2024-07-24T01:00:00Z,SOL/USDT,sell,171.08441500,3.07474301,0.52604061,USDT
2024-07-24T03:15:00Z,SOL/USDT,buy,173.52672000,3.06082119,0.53113426,USDT
2024-07-24T05:00:00Z,SOL/USDT,sell,173.03344000,3.06082119,0.52962442,USDT
2024-07-24T05:45:00Z,SOL/USDT,buy,173.16654000,3.06690156,0.53108473,USDT
2024-07-24T19:00:00Z,SOL/USDT,sell,177.90100500,3.06690156,0.54560487,USDT
2024-07-24T19:15:00Z,SOL/USDT,buy,179.19955500,2.95827901,0.53012228,USDT
2024-07-24T19:30:00Z,SOL/USDT,sell,179.73009000,2.95827901,0.53169175,USDT
2024-07-24T20:30:00Z,SOL/USDT,buy,179.01946500,2.96545312,0.53087383,USDT
2024-07-24T21:15:00Z,SOL/USDT,sell,177.47122000,2.96545312,0.52628258,USDT
2024-07-25T00:45:00Z,SOL/USDT,buy,179.37964500,2.95582005,0.53021395,USDT
2024-07-25T01:00:00Z,SOL/USDT,stop_sell,177.32165196,2.95582005,0.52413089,USDT
2024-07-25T14:45:00Z,SOL/USDT,buy,171.01546500,3.09814132,0.52983008,USDT
2024-07-25T18:30:00Z,SOL/USDT,stop_sell,168.82447411,3.09814132,0.52304208,USDT
2024-07-26T00:15:00Z,SOL/USDT,buy,172.76634000,3.05990599,0.52864876,USDT
2024-07-26T02:15:00Z,SOL/USDT,sell,173.55318000,3.05990599,0.53105642,USDT
2024-07-26T02:30:00Z,SOL/USDT,buy,174.70731000,3.02845603,0.52909341,USDT
2024-07-26T03:45:00Z,SOL/USDT,sell,175.78206500,3.02845603,0.53234825,USDT
2024-07-26T10:00:00Z,SOL/USDT,buy,178.57924500,2.96394254,0.52929862,USDT
2024-07-26T13:00:00Z,SOL/USDT,stop_sell,177.61222089,2.96394254,0.52643242,USDT
2024-07-26T13:30:00Z,SOL/USDT,buy,179.12952000,2.95308445,0.52898460,USDT
2024-07-26T18:45:00Z,SOL/USDT,sell,181.94898000,2.95308445,0.53731070,USDT
2024-07-26T19:00:00Z,SOL/USDT,buy,182.54122500,2.90186685,0.52971033,USDT
2024-07-26T20:00:00Z,SOL/USDT,sell,182.06892000,2.90186685,0.52833976,USDT
2024-07-26T20:30:00Z,SOL/USDT,buy,181.82086500,2.91277915,0.52960402,USDT
2024-07-26T20:45:00Z,SOL/USDT,sell,181.15937500,2.91277915,0.52767725,USDT
2024-07-26T21:30:00Z,SOL/USDT,buy,181.97094000,2.90650443,0.52889934,USDT
2024-07-26T22:15:00Z,SOL/USDT,sell,182.41874500,2.90650443,0.53020089,USDT
2024-07-27T01:00:00Z,SOL/USDT,buy,182.55123000,2.89467913,0.52842724,USDT
2024-07-27T01:00:00Z,SOL/USDT,stop_sell,181.85152875,2.89467913,0.52640183,USDT
2024-07-27T01:15:00Z,SOL/USDT,buy,181.86088500,2.90989462,0.52919601,USDT
2024-07-27T02:15:00Z,SOL/USDT,sell,181.25932500,2.90989462,0.52744553,USDT
2024-07-27T03:00:00Z,SOL/USDT,buy,183.42166500,2.88169114,0.52856459,USDT
2024-07-27T03:00:00Z,SOL/USDT,stop_sell,182.31736714,2.88169114,0.52538234,USDT
2024-07-27T10:00:00Z,SOL/USDT,buy,186.03297000,2.83988379,0.52831202,USDT
2024-07-27T11:00:00Z,SOL/USDT,stop_sell,184.87037571,2.83988379,0.52501038,USDT
2024-07-27T21:00:00Z,SOL/USDT,buy,182.77134000,2.88202947,0.52675239,USDT
2024-07-28T02:15:00Z,SOL/USDT,sell,185.61714500,2.88202947,0.53495408,USDT
2024-07-28T15:00:00Z,SOL/USDT,buy,184.31211000,2.85953662,0.52704723,USDT
2024-07-28T15:45:00Z,SOL/USDT,sell,184.21784500,2.85953662,0.52677767,USDT
2024-07-29T01:00:00Z,SOL/USDT,buy,187.65378000,2.8147779,0.52820371,USDT
2024-07-29T08:00:00Z,SOL/USDT,sell,191.80405000,2.8147779,0.53988580,USDT
2024-07-29T13:45:00Z,SOL/USDT,buy,191.80585500,2.75657363,0.52872696,USDT
2024-07-29T13:45:00Z,SOL/USDT,stop_sell,190.78277518,2.75657363,0.52590677,USDT
2024-07-30T06:30:00Z,SOL/USDT,buy,182.55123000,2.89843791,0.52911341,USDT
2024-07-30T08:00:00Z,SOL/USDT,sell,182.33878500,2.89843791,0.52849765,USDT
2024-07-30T13:15:00Z,SOL/USDT,buy,182.16103500,2.90311522,0.52883447,USDT
2024-07-30T13:45:00Z,SOL/USDT,stop_sell,181.05585536,2.90311522,0.52562601,USDT
2024-07-30T15:15:00Z,SOL/USDT,buy,181.00045500,2.91919953,0.52837644,USDT
2024-07-30T15:45:00Z,SOL/USDT,sell,180.75957500,2.91919953,0.52767327,USDT
2024-07-30T16:00:00Z,SOL/USDT,buy,181.08049500,2.91648764,0.52811903,USDT
2024-07-30T17:00:00Z,SOL/USDT,sell,179.90000500,2.91648764,0.52467614,USDT
2024-07-30T22:00:00Z,SOL/USDT,buy,179.67979500,2.94376506,0.52893510,USDT
2024-07-31T05:30:00Z,SOL/USDT,sell,179.08041500,2.94376506,0.52717067,USDT
2024-07-31T06:00:00Z,SOL/USDT,buy,181.78084500,2.90251524,0.52762167,USDT
2024-07-31T11:00:00Z,SOL/USDT,sell,182.10890000,2.90251524,0.52857386,USDT
2024-07-31T11:15:00Z,SOL/USDT,buy,182.54122500,2.89054084,0.52764287,USDT
2024-07-31T11:30:00Z,SOL/USDT,sell,181.90900000,2.89054084,0.52581539,USDT
2024-08-01T12:15:00Z,SOL/USDT,buy,171.10551000,3.08377777,0.52765137,USDT
2024-08-01T12:45:00Z,SOL/USDT,stop_sell,170.22948554,3.08377777,0.52494990,USDT
2024-08-01T23:00:00Z,SOL/USDT,buy,167.31361500,3.1513216,0.52725901,USDT
2024-08-02T01:15:00Z,SOL/USDT,stop_sell,165.47543518,3.1513216,0.52146631,USDT
2024-08-02T01:30:00Z,SOL/USDT,buy,165.43267500,3.18461394,0.52683920,USDT
2024-08-02T02:00:00Z,SOL/USDT,sell,164.59766000,3.18461394,0.52418000,USDT
2024-08-02T12:00:00Z,SOL/USDT,buy,164.71231500,3.2031651,0.52760074,USDT
2024-08-02T12:30:00Z,SOL/USDT,stop_sell,163.31972786,3.2031651,0.52314005,USDT
2024-08-02T12:45:00Z,SOL/USDT,buy,163.14153000,3.23116942,0.52713792,USDT
2024-08-02T14:15:00Z,SOL/USDT,sell,162.96847500,3.23116942,0.52657875,USDT
2024-08-03T00:00:00Z,SOL/USDT,buy,152.82637500,3.43676381,0.52522815,USDT
2024-08-03T00:45:00Z,SOL/USDT,stop_sell,150.61822464,3.43676381,0.51763926,USDT
2024-08-03T02:00:00Z,SOL/USDT,buy,152.34613500,3.44803168,0.52529430,USDT
2024-08-03T02:30:00Z,SOL/USDT,sell,151.54419000,3.44803168,0.52252917,USDT
2024-08-03T13:15:00Z,SOL/USDT,buy,152.80636500,3.44716005,0.52674800,USDT
2024-08-03T15:15:00Z,SOL/USDT,stop_sell,151.28432000,3.44716005,0.52150126,USDT
2024-08-04T03:45:00Z,SOL/USDT,buy,144.32212500,3.63570658,0.52471290,USDT
2024-08-04T05:30:00Z,SOL/USDT,sell,144.12790000,3.63570658,0.52400675,USDT
2024-08-04T06:00:00Z,SOL/USDT,buy,144.19206000,3.6428199,0.52526571,USDT
2024-08-04T06:45:00Z,SOL/USDT,sell,143.72810000,3.6428199,0.52357558,USDT
2024-08-04T11:00:00Z,SOL/USDT,buy,144.30211500,3.62893244,0.52366263,USDT
2024-08-04T12:00:00Z,SOL/USDT,sell,143.90801000,3.62893244,0.52223245,USDT
2024-08-04T13:30:00Z,SOL/USDT,buy,144.71232000,3.60979971,0.52238249,USDT
2024-08-04T14:00:00Z,SOL/USDT,stop_sell,144.19786500,3.60979971,0.52052541,USDT
2024-08-04T19:30:00Z,SOL/USDT,buy,142.14103500,3.6794962,0.52300740,USDT
2024-08-04T23:00:00Z,SOL/USDT,stop_sell,139.40062196,3.6794962,0.51292406,USDT
2024-08-04T23:15:00Z,SOL/USDT,buy,139.37965500,3.75132218,0.52285799,USDT
2024-08-04T23:30:00Z,SOL/USDT,sell,139.20036500,3.75132218,0.52218542,USDT
2024-08-05T11:15:00Z,SOL/USDT,buy,115.41768000,4.51798775,0.52145566,USDT
2024-08-05T11:15:00Z,SOL/USDT,stop_sell,111.71340107,4.51798775,0.50471978,USDT
2024-08-05T14:00:00Z,SOL/USDT,buy,123.20157000,4.25431497,0.52413828,USDT
2024-08-05T19:30:00Z,SOL/USDT,sell,129.23535000,4.25431497,0.54980788,USDT
2024-08-05T20:15:00Z,SOL/USDT,buy,131.15554500,4.00475633,0.52524600,USDT
2024-08-05T21:00:00Z,SOL/USDT,sell,131.43425000,4.00475633,0.52636214,USDT
2024-08-05T21:30:00Z,SOL/USDT,buy,133.36665000,3.92629406,0.52363669,USDT
2024-08-05T21:45:00Z,SOL/USDT,sell,131.62415500,3.92629406,0.51679514,USDT
2024-08-06T06:15:00Z,SOL/USDT,buy,142.56124500,3.66965701,0.52315087,USDT
2024-08-06T07:15:00Z,SOL/USDT,stop_sell,140.18737125,3.66965701,0.51443957,USDT
2024-08-06T07:30:00Z,SOL/USDT,buy,140.48020500,3.71641304,0.52208247,USDT
2024-08-06T08:30:00Z,SOL/USDT,stop_sell,138.14018107,3.71641304,0.51338597,USDT
2024-08-06T13:30:00Z,SOL/USDT,buy,139.54974000,3.73027392,0.52055876,USDT
2024-08-06T13:30:00Z,SOL/USDT,stop_sell,137.26918821,3.73027392,0.51205167,USDT
2024-08-06T14:00:00Z,SOL/USDT,buy,138.74934000,3.73068647,0.51763029,USDT
2024-08-06T21:45:00Z,SOL/USDT,sell,146.84654000,3.73068647,0.54783840,USDT
2024-08-06T22:15:00Z,SOL/USDT,buy,148.96444500,3.50258428,0.52176052,USDT
2024-08-06T22:15:00Z,SOL/USDT,stop_sell,146.89687196,3.50258428,0.51451867,USDT
2024-08-06T22:45:00Z,SOL/USDT,buy,145.55274000,3.58372054,0.52162034,USDT
2024-08-06T23:00:00Z,SOL/USDT,sell,145.25733500,3.58372054,0.52056170,USDT
2024-08-07T03:15:00Z,SOL/USDT,buy,150.18505500,3.46011115,0.51965698,USDT
2024-08-07T10:00:00Z,SOL/USDT,sell,153.01345500,3.46011115,0.52944356,USDT
2024-08-07T10:30:00Z,SOL/USDT,buy,154.20706500,3.38697168,0.52229496,USDT
2024-08-07T10:45:00Z,SOL/USDT,sell,153.58317000,3.38697168,0.52018185,USDT
2024-08-07T23:00:00Z,SOL/USDT,buy,145.89291000,3.59155767,0.52398280,USDT
2024-08-08T00:15:00Z,SOL/USDT,stop_sell,142.86638821,3.59155767,0.51311287,USDT
2024-08-08T03:00:00Z,SOL/USDT,buy,154.49721000,3.36997047,0.52065104,USDT
2024-08-08T04:45:00Z,SOL/USDT,stop_sell,151.95612679,3.36997047,0.51208766,USDT
2024-08-08T07:45:00Z,SOL/USDT,buy,154.46719500,3.36391492,0.51961450,USDT
2024-08-08T08:00:00Z,SOL/USDT,sell,153.72310000,3.36391492,0.51711143,USDT
2024-08-08T08:45:00Z,SOL/USDT,buy,154.81737000,3.35947559,0.52010518,USDT
2024-08-08T10:00:00Z,SOL/USDT,stop_sell,153.39183714,3.35947559,0.51531613,USDT
2024-08-08T10:15:00Z,SOL/USDT,buy,153.84688500,3.38005797,0.52001139,USDT
2024-08-08T11:45:00Z,SOL/USDT,sell,153.68312000,3.38005797,0.51945785,USDT
2024-08-09T00:30:00Z,SOL/USDT,buy,162.89140500,3.19635945,0.52065948,USDT
2024-08-09T02:00:00Z,SOL/USDT,sell,159.84004000,3.19635945,0.51090622,USDT
2024-08-09T03:00:00Z,SOL/USDT,buy,158.44918500,3.27285395,0.51858104,USDT
2024-08-09T03:15:00Z,SOL/USDT,sell,159.15038500,3.27285395,0.52087597,USDT
2024-08-09T09:00:00Z,SOL/USDT,buy,159.39966000,3.25478602,0.51881178,USDT
2024-08-09T09:15:00Z,SOL/USDT,stop_sell,158.02880321,3.25478602,0.51434994,USDT
2024-08-09T09:30:00Z,SOL/USDT,buy,158.03898000,3.28127909,0.51857000,USDT
2024-08-09T10:15:00Z,SOL/USDT,stop_sell,156.59559161,3.28127909,0.51383384,USDT
2024-08-09T11:15:00Z,SOL/USDT,buy,156.60826500,3.31150007,0.51860828,USDT
2024-08-09T11:30:00Z,SOL/USDT,sell,155.77207500,3.31150007,0.51583924,USDT
2024-08-10T06:30:00Z,SOL/USDT,buy,154.71732000,3.34811595,0.51801153,USDT
2024-08-10T06:45:00Z,SOL/USDT,sell,154.64264000,3.34811595,0.51776149,USDT
2024-08-10T10:15:00Z,SOL/USDT,buy,154.72732500,3.33277963,0.51567208,USDT
2024-08-10T10:30:00Z,SOL/USDT,sell,154.30281000,3.33277963,0.51425726,USDT
2024-08-10T15:15:00Z,SOL/USDT,buy,154.84738500,3.33711109,0.51674293,USDT
2024-08-10T16:00:00Z,SOL/USDT,stop_sell,154.11040625,3.33711109,0.51428355,USDT
2024-08-10T23:45:00Z,SOL/USDT,buy,154.58725500,3.34632603,0.51729936,USDT
2024-08-11T00:30:00Z,SOL/USDT,sell,154.69261500,3.34632603,0.51765192,USDT
2024-08-11T00:45:00Z,SOL/USDT,buy,155.44768500,3.32658049,0.51710924,USDT
2024-08-11T01:00:00Z,SOL/USDT,sell,154.85253500,3.32658049,0.51512942,USDT
2024-08-11T01:15:00Z,SOL/USDT,buy,155.33763000,3.32288899,0.51616970,USDT
2024-08-11T02:45:00Z,SOL/USDT,sell,155.36228000,3.32288899,0.51625161,USDT
2024-08-11T03:15:00Z,SOL/USDT,buy,155.83788000,3.30898397,0.51566505,USDT
2024-08-11T08:15:00Z,SOL/USDT,sell,156.97147500,3.30898397,0.51941609,USDT
2024-08-11T08:30:00Z,SOL/USDT,buy,157.19856000,3.28720059,0.51674320,USDT
2024-08-11T09:30:00Z,SOL/USDT,stop_sell,156.56596357,3.28720059,0.51466373,USDT
2024-08-11T10:30:00Z,SOL/USDT,buy,155.97795000,3.31366639,0.51685889,USDT
2024-08-11T10:45:00Z,SOL/USDT,sell,155.50221000,3.31366639,0.51528245,USDT
2024-08-12T02:45:00Z,SOL/USDT,buy,144.01197000,3.58427033,0.51617783,USDT
2024-08-12T05:30:00Z,SOL/USDT,sell,143.86803000,3.58427033,0.51566191,USDT
2024-08-12T05:45:00Z,SOL/USDT,buy,143.21157000,3.60318186,0.51601733,USDT
2024-08-12T06:00:00Z,SOL/USDT,sell,143.24834000,3.60318186,0.51614982,USDT
2024-08-12T06:15:00Z,SOL/USDT,buy,143.54173500,3.59915996,0.51662967,USDT
2024-08-12T06:30:00Z,SOL/USDT,sell,143.39826500,3.59915996,0.51611329,USDT
2024-08-12T07:00:00Z,SOL/USDT,buy,143.47170000,3.58753166,0.51470927,USDT
2024-08-12T07:15:00Z,SOL/USDT,sell,142.81855500,3.58753166,0.51236609,USDT
2024-08-12T07:30:00Z,SOL/USDT,buy,144.38215500,3.5744664,0.51608916,USDT
2024-08-12T13:00:00Z,SOL/USDT,sell,149.18537000,3.5744664,0.53325809,USDT
2024-08-12T14:15:00Z,SOL/USDT,buy,147.21357000,3.50181365,0.51551449,USDT
2024-08-12T14:30:00Z,SOL/USDT,sell,146.93649500,3.50181365,0.51454422,USDT
2024-08-12T23:15:00Z,SOL/USDT,buy,145.28260500,3.55762807,0.51686147,USDT
2024-08-13T03:15:00Z,SOL/USDT,stop_sell,143.88088071,3.55762807,0.51187466,USDT
2024-08-13T03:30:00Z,SOL/USDT,buy,144.41217000,3.57400521,0.51612985,USDT
2024-08-13T03:45:00Z,SOL/USDT,sell,143.50821000,3.57400521,0.51289909,USDT
2024-08-13T07:00:00Z,SOL/USDT,buy,146.24308500,3.51828617,0.51452502,USDT
2024-08-13T08:15:00Z,SOL/USDT,stop_sell,145.49507321,3.51828617,0.51189330,USDT
2024-08-13T08:30:00Z,SOL/USDT,buy,144.89241000,3.55902036,0.51567504,USDT
2024-08-13T09:30:00Z,SOL/USDT,sell,144.78757000,3.55902036,0.51530191,USDT
2024-08-13T13:00:00Z,SOL/USDT,buy,146.31312000,3.51984557,0.51499959,USDT
2024-08-13T14:30:00Z,SOL/USDT,stop_sell,145.15881286,3.51984557,0.51093660,USDT
2024-08-14T00:30:00Z,SOL/USDT,buy,146.47320000,3.50915549,0.51399723,USDT
2024-08-14T01:00:00Z,SOL/USDT,sell,146.09691500,3.50915549,0.51267679,USDT
2024-08-14T06:45:00Z,SOL/USDT,buy,145.36264500,3.54288462,0.51500308,USDT
2024-08-14T15:00:00Z,SOL/USDT,sell,146.74659000,3.54288462,0.51990624,USDT
2024-08-14T21:30:00Z,SOL/USDT,buy,144.56224500,3.56637008,0.51556247,USDT
2024-08-14T21:45:00Z,SOL/USDT,sell,144.23784500,3.56637008,0.51440553,USDT
2024-08-15T16:45:00Z,SOL/USDT,buy,145.96294500,3.52705997,0.51482006,USDT
2024-08-15T17:00:00Z,SOL/USDT,stop_sell,144.46880089,3.52705997,0.50955012,USDT
2024-08-15T17:15:00Z,SOL/USDT,buy,145.07250000,3.54375936,0.51410203,USDT
2024-08-15T17:45:00Z,SOL/USDT,stop_sell,143.64778304,3.54375936,0.50905318,USDT
2024-08-15T22:45:00Z,SOL/USDT,buy,143.96194500,3.5756395,0.51475602,USDT
2024-08-16T00:30:00Z,SOL/USDT,stop_sell,141.74837607,3.5756395,0.50684109,USDT
2024-08-16T00:45:00Z,SOL/USDT,buy,142.36114500,3.60984797,0.51390209,USDT
2024-08-16T01:30:00Z,SOL/USDT,sell,140.95948500,3.60984797,0.50884231,USDT
2024-08-16T02:30:00Z,SOL/USDT,buy,142.65129000,3.59756779,0.51319769,USDT
2024-08-16T02:45:00Z,SOL/USDT,sell,143.24834000,3.59756779,0.51534561,USDT
2024-08-16T06:45:00Z,SOL/USDT,buy,144.62227500,3.55134661,0.51360383,USDT
2024-08-16T08:15:00Z,SOL/USDT,stop_sell,143.57246357,3.55134661,0.50987558,USDT
2024-08-16T08:30:00Z,SOL/USDT,buy,143.83188000,3.57196793,0.51376286,USDT
2024-08-16T10:45:00Z,SOL/USDT,sell,143.29831500,3.57196793,0.51185699,USDT
2024-08-16T21:30:00Z,SOL/USDT,buy,140.27010000,3.65831628,0.51315239,USDT
2024-08-16T23:15:00Z,SOL/USDT,sell,139.34029500,3.65831628,0.50975087,USDT
2024-08-16T23:30:00Z,SOL/USDT,buy,139.58976000,3.66836529,0.51206623,USDT
2024-08-16T23:45:00Z,SOL/USDT,sell,139.08042500,3.66836529,0.51019780,USDT
2024-08-17T06:45:00Z,SOL/USDT,buy,139.16955000,3.6698642,0.51073335,USDT
2024-08-17T07:00:00Z,SOL/USDT,sell,138.75059000,3.6698642,0.50919582,USDT
2024-08-17T09:30:00Z,SOL/USDT,buy,139.71982500,3.6599948,0.51137383,USDT
2024-08-17T09:45:00Z,SOL/USDT,stop_sell,139.26568946,3.6599948,0.50971170,USDT
2024-08-17T10:00:00Z,SOL/USDT,buy,139.33963500,3.67001591,0.51137868,USDT
2024-08-17T10:15:00Z,SOL/USDT,sell,139.09042000,3.67001591,0.51046405,USDT
2024-08-17T12:15:00Z,SOL/USDT,buy,139.44969000,3.66679749,0.51133377,USDT
2024-08-17T12:15:00Z,SOL/USDT,stop_sell,138.67027304,3.66679749,0.50847581,USDT
2024-08-17T13:00:00Z,SOL/USDT,buy,139.83988500,3.66036896,0.51186557,USDT
2024-08-17T18:00:00Z,SOL/USDT,sell,140.42975000,3.66036896,0.51402470,USDT
2024-08-17T18:30:00Z,SOL/USDT,buy,140.54023500,3.63600039,0.51100435,USDT
2024-08-17T20:00:00Z,SOL/USDT,sell,141.13939500,3.63600039,0.51318290,USDT
2024-08-17T20:15:00Z,SOL/USDT,buy,141.01047000,3.61785769,0.51015581,USDT
2024-08-17T20:30:00Z,SOL/USDT,sell,141.09941500,3.61785769,0.51047760,USDT
2024-08-17T20:45:00Z,SOL/USDT,buy,140.94043500,3.62799557,0.51133127,USDT
2024-08-17T21:45:00Z,SOL/USDT,sell,140.96948000,3.62799557,0.51143665,USDT
2024-08-17T22:15:00Z,SOL/USDT,buy,141.66079500,3.61796689,0.51252407,USDT
2024-08-18T02:15:00Z,SOL/USDT,sell,141.05943500,3.61796689,0.51034837,USDT
2024-08-18T02:30:00Z,SOL/USDT,buy,141.31062000,3.61794826,0.51125451,USDT
2024-08-18T02:45:00Z,SOL/USDT,sell,141.68912000,3.61794826,0.51262391,USDT
2024-08-18T03:30:00Z,SOL/USDT,buy,141.69081000,3.60485906,0.51077540,USDT
2024-08-18T03:45:00Z,SOL/USDT,sell,141.36928000,3.60485906,0.50961633,USDT
2024-08-18T08:45:00Z,SOL/USDT,buy,141.83088000,3.60540999,0.51135847,USDT
2024-08-18T15:15:00Z,SOL/USDT,sell,145.19736500,3.60540999,0.52349603,USDT
2024-08-18T15:30:00Z,SOL/USDT,buy,145.53273000,3.51508526,0.51155995,USDT
2024-08-18T17:30:00Z,SOL/USDT,sell,144.87752500,3.51508526,0.50925685,USDT
2024-08-18T18:45:00Z,SOL/USDT,buy,145.34263500,3.5134985,0.51066113,USDT
2024-08-18T21:30:00Z,SOL/USDT,sell,145.89701500,3.5134985,0.51260894,USDT
2024-08-18T22:15:00Z,SOL/USDT,buy,145.40266500,3.52102832,0.51196690,USDT
2024-08-18T22:45:00Z,SOL/USDT,stop_sell,144.37884589,3.52102832,0.50836201,USDT
2024-08-19T04:30:00Z,SOL/USDT,buy,143.00146500,3.57163262,0.51074870,USDT
2024-08-19T05:00:00Z,SOL/USDT,sell,143.01845500,3.57163262,0.51080938,USDT
2024-08-19T06:45:00Z,SOL/USDT,buy,143.09151000,3.57134477,0.51102912,USDT
2024-08-19T08:00:00Z,SOL/USDT,sell,142.21885500,3.57134477,0.50791256,USDT
2024-08-19T12:45:00Z,SOL/USDT,buy,143.07150000,3.56828198,0.51051946,USDT
2024-08-19T14:00:00Z,SOL/USDT,sell,142.70861000,3.56828198,0.50922456,USDT
2024-08-19T14:45:00Z,SOL/USDT,buy,142.46119500,3.5787494,0.50983292,USDT
2024-08-19T17:45:00Z,SOL/USDT,sell,144.01795500,3.5787494,0.51540417,USDT
2024-08-19T18:00:00Z,SOL/USDT,buy,143.94193500,3.55734081,0.51205052,USDT
2024-08-19T18:15:00Z,SOL/USDT,sell,143.02845000,3.55734081,0.50880094,USDT
2024-08-20T19:30:00Z,SOL/USDT,buy,143.80186500,3.55050601,0.51056939,USDT
2024-08-20T21:00:00Z,SOL/USDT,sell,143.40826000,3.55050601,0.50917189,USDT
2024-08-22T08:15:00Z,SOL/USDT,buy,143.25159000,3.55981443,0.50994908,USDT
2024-08-22T10:00:00Z,SOL/USDT,stop_sell,142.77857500,3.55981443,0.50826523,USDT
2024-08-22T10:15:00Z,SOL/USDT,buy,143.22157500,3.56228442,0.51019599,USDT
2024-08-22T13:15:00Z,SOL/USDT,sell,142.99846500,3.56228442,0.50940120,USDT
2024-08-22T13:30:00Z,SOL/USDT,buy,143.61177000,3.54738586,0.50944636,USDT
2024-08-22T13:45:00Z,SOL/USDT,stop_sell,142.84854000,3.54738586,0.50673889,USDT
2024-08-22T18:30:00Z,SOL/USDT,buy,143.52172500,3.55000775,0.50950324,USDT
2024-08-22T19:30:00Z,SOL/USDT,sell,142.92850000,3.55000775,0.50739728,USDT
2024-08-22T19:45:00Z,SOL/USDT,buy,143.01147000,3.5624215,0.50946714,USDT
2024-08-22T20:00:00Z,SOL/USDT,sell,142.75858500,3.5624215,0.50856625,USDT
2024-08-22T20:30:00Z,SOL/USDT,buy,142.97145000,3.56284323,0.50938486,USDT
2024-08-22T21:30:00Z,SOL/USDT,sell,143.42825000,3.56284323,0.51101237,USDT
2024-08-22T21:45:00Z,SOL/USDT,buy,143.39166000,3.54852408,0.50882876,USDT
2024-08-22T23:00:00Z,SOL/USDT,sell,143.10841000,3.54852408,0.50782364,USDT
2024-08-23T07:00:00Z,SOL/USDT,buy,145.70281500,3.4882892,0.50825356,USDT
2024-08-23T07:15:00Z,SOL/USDT,sell,145.47722500,3.4882892,0.50746663,USDT
2024-08-23T14:15:00Z,SOL/USDT,buy,146.27310000,3.47871331,0.50884218,USDT
2024-08-23T14:15:00Z,SOL/USDT,stop_sell,145.48543518,3.47871331,0.50610212,USDT
2024-08-23T14:30:00Z,SOL/USDT,buy,146.06299500,3.48547957,0.50909959,USDT
2024-08-23T14:30:00Z,SOL/USDT,stop_sell,144.93249750,3.48547957,0.50515926,USDT
2024-08-23T22:45:00Z,SOL/USDT,buy,152.73633000,3.3265072,0.50807850,USDT
2024-08-24T03:15:00Z,SOL/USDT,sell,153.14339000,3.3265072,0.50943259,USDT
2024-08-24T03:30:00Z,SOL/USDT,buy,153.25659000,3.31582481,0.50817200,USDT
2024-08-24T04:30:00Z,SOL/USDT,sell,153.20336000,3.31582481,0.50799550,USDT
2024-08-24T04:45:00Z,SOL/USDT,buy,153.34663500,3.31303909,0.50804340,USDT
2024-08-24T21:15:00Z,SOL/USDT,sell,159.70011000,3.31303909,0.52909271,USDT
2024-08-25T12:00:00Z,SOL/USDT,buy,157.42867500,3.23094822,0.50864390,USDT
2024-08-25T12:15:00Z,SOL/USDT,stop_sell,156.99146500,3.23094822,0.50723129,USDT
2024-08-25T12:30:00Z,SOL/USDT,buy,157.20856500,3.24225982,0.50971101,USDT
2024-08-25T19:30:00Z,SOL/USDT,sell,159.03044500,3.24225982,0.51561802,USDT
2024-08-25T20:00:00Z,SOL/USDT,buy,159.10951500,3.20253793,0.50955426,USDT
2024-08-25T20:15:00Z,SOL/USDT,sell,158.90051000,3.20253793,0.50888491,USDT
2024-08-25T22:00:00Z,SOL/USDT,buy,161.56074000,3.15744198,0.51011866,USDT
2024-08-25T22:00:00Z,SOL/USDT,stop_sell,160.45794518,3.15744198,0.50663665,USDT
2024-08-25T23:00:00Z,SOL/USDT,buy,160.73032500,3.17468939,0.51026886,USDT
2024-08-25T23:30:00Z,SOL/USDT,sell,160.31980000,3.17468939,0.50896557,USDT
2024-08-26T01:15:00Z,SOL/USDT,buy,158.97945000,3.19846113,0.50848959,USDT
2024-08-26T01:45:00Z,SOL/USDT,sell,158.46073000,3.19846113,0.50683049,USDT
2024-08-26T04:30:00Z,SOL/USDT,buy,160.76034000,3.16430417,0.50869461,USDT
2024-08-26T05:15:00Z,SOL/USDT,stop_sell,159.90893411,3.16430417,0.50600051,USDT
2024-08-26T11:45:00Z,SOL/USDT,buy,160.86039000,3.16186864,0.50861942,USDT
2024-08-26T12:30:00Z,SOL/USDT,stop_sell,159.73437857,3.16186864,0.50505912,USDT
2024-08-26T13:30:00Z,SOL/USDT,buy,159.84988500,3.17004155,0.50673078,USDT
2024-08-26T13:45:00Z,SOL/USDT,sell,159.18037000,3.17004155,0.50460839,USDT
2024-08-26T14:00:00Z,SOL/USDT,buy,160.26009000,3.17045552,0.50809749,USDT
2024-08-26T14:00:00Z,SOL/USDT,stop_sell,158.98796625,3.17045552,0.50406428,USDT
2024-08-26T19:15:00Z,SOL/USDT,buy,158.59926000,3.20050606,0.50759789,USDT
2024-08-26T21:15:00Z,SOL/USDT,stop_sell,156.99896125,3.20050606,0.50247613,USDT
2024-08-26T22:00:00Z,SOL/USDT,buy,158.03898000,3.22343688,0.50942868,USDT
2024-08-26T22:45:00Z,SOL/USDT,sell,157.54119000,3.22343688,0.50782408,USDT
2024-08-27T00:30:00Z,SOL/USDT,buy,157.66879500,3.21026315,0.50615832,USDT
2024-08-27T01:00:00Z,SOL/USDT,sell,157.40126000,3.21026315,0.50529946,USDT
2024-08-27T02:00:00Z,SOL/USDT,buy,158.38915500,3.19958508,0.50677958,USDT
2024-08-27T06:15:00Z,SOL/USDT,sell,158.74059000,3.19958508,0.50790402,USDT
2024-08-27T06:30:00Z,SOL/USDT,buy,158.51922000,3.19016998,0.50570326,USDT
2024-08-27T06:30:00Z,SOL/USDT,stop_sell,158.22870321,3.19016998,0.50477646,USDT
2024-08-27T08:00:00Z,SOL/USDT,buy,157.92892500,3.21286708,0.50740464,USDT
2024-08-27T08:15:00Z,SOL/USDT,sell,157.29131500,3.21286708,0.50535609,USDT
2024-08-27T15:45:00Z,SOL/USDT,buy,154.53723000,3.27616313,0.50628918,USDT
2024-08-27T16:00:00Z,SOL/USDT,sell,153.57317500,3.27616313,0.50313077,USDT
2024-08-27T16:30:00Z,SOL/USDT,buy,154.62727500,3.26470749,0.50481282,USDT
2024-08-27T16:45:00Z,SOL/USDT,sell,154.10291000,3.26470749,0.50310092,USDT
2024-08-27T17:15:00Z,SOL/USDT,buy,154.00696500,3.28428836,0.50580328,USDT
2024-08-27T17:45:00Z,SOL/USDT,sell,154.31280500,3.28428836,0.50680775,USDT
2024-08-27T18:00:00Z,SOL/USDT,buy,154.89741000,3.26456316,0.50567238,USDT
2024-08-27T18:15:00Z,SOL/USDT,sell,154.49271500,3.26456316,0.50435123,USDT
2024-08-27T18:30:00Z,SOL/USDT,buy,154.87740000,3.26293769,0.50535531,USDT
2024-08-27T19:15:00Z,SOL/USDT,sell,154.84254000,3.26293769,0.50524156,USDT
2024-08-27T19:45:00Z,SOL/USDT,buy,154.69731000,3.26826478,0.50559177,USDT
2024-08-27T21:00:00Z,SOL/USDT,sell,154.01295500,3.26826478,0.50335512,USDT
2024-08-28T03:00:00Z,SOL/USDT,buy,146.85339000,3.44012704,0.50519432,USDT
2024-08-28T03:30:00Z,SOL/USDT,sell,147.30631000,3.44012704,0.50675242,USDT
2024-08-28T04:00:00Z,SOL/USDT,buy,148.22407500,3.40723875,0.50503481,USDT
2024-08-28T04:45:00Z,SOL/USDT,stop_sell,147.26668696,3.40723875,0.50177276,USDT
2024-08-28T05:00:00Z,SOL/USDT,buy,147.35364000,3.42666238,0.50493117,USDT
2024-08-28T07:15:00Z,SOL/USDT,stop_sell,146.44816786,3.42666238,0.50182843,USDT
2024-08-28T20:00:00Z,SOL/USDT,buy,144.39216000,3.50314497,0.50582667,USDT
2024-08-28T20:30:00Z,SOL/USDT,sell,144.09791500,3.50314497,0.50479589,USDT
2024-08-28T22:00:00Z,SOL/USDT,buy,143.00146500,3.52600729,0.50422421,USDT
2024-08-28T22:30:00Z,SOL/USDT,sell,141.71910500,3.52600729,0.49970260,USDT
2024-08-28T23:00:00Z,SOL/USDT,buy,143.47170000,3.51211153,0.50388861,USDT
2024-08-28T23:45:00Z,SOL/USDT,sell,144.10791000,3.51211153,0.50612305,USDT
2024-08-29T00:45:00Z,SOL/USDT,buy,144.48220500,3.48896064,0.50409273,USDT
2024-08-29T01:00:00Z,SOL/USDT,sell,144.30781000,3.48896064,0.50348427,USDT
2024-08-29T02:45:00Z,SOL/USDT,buy,143.75184000,3.51042497,0.50463005,USDT
2024-08-29T04:15:00Z,SOL/USDT,sell,143.42825000,3.51042497,0.50349411,USDT
2024-08-29T08:30:00Z,SOL/USDT,buy,144.80236500,3.48013175,0.50393131,USDT
2024-08-29T13:00:00Z,SOL/USDT,sell,145.43724500,3.48013175,0.50614077,USDT
2024-08-30T01:15:00Z,SOL/USDT,buy,140.58025500,3.58406701,0.50384905,USDT
2024-08-30T01:30:00Z,SOL/USDT,sell,139.90001500,3.58406701,0.50141103,USDT
2024-08-30T02:00:00Z,SOL/USDT,buy,140.19006000,3.59592283,0.50411264,USDT
2024-08-30T02:15:00Z,SOL/USDT,stop_sell,139.23748929,3.59592283,0.50068727,USDT
2024-08-30T13:30:00Z,SOL/USDT,buy,139.93993500,3.58136917,0.50117657,USDT
2024-08-30T13:30:00Z,SOL/USDT,stop_sell,139.70618339,3.58136917,0.50033942,USDT
2024-08-30T20:00:00Z,SOL/USDT,buy,136.14804000,3.70125578,0.50391872,USDT
2024-08-31T04:45:00Z,SOL/USDT,sell,138.59067000,3.70125578,0.51295952,USDT
2024-08-31T06:45:00Z,SOL/USDT,buy,138.12903000,3.64192625,0.50305574,USDT
2024-08-31T07:15:00Z,SOL/USDT,stop_sell,137.84675643,3.64192625,0.50202772,USDT
2024-08-31T18:45:00Z,SOL/USDT,buy,135.99796500,3.69825104,0.50295462,USDT
2024-08-31T18:45:00Z,SOL/USDT,stop_sell,135.43332089,3.69825104,0.50086642,USDT
2024-08-31T21:45:00Z,SOL/USDT,buy,136.04799000,3.70105584,0.50352121,USDT
2024-08-31T22:00:00Z,SOL/USDT,sell,135.78207500,3.70105584,0.50253704,USDT
2024-09-01T14:00:00Z,SOL/USDT,buy,130.95544500,3.82537136,0.50095321,USDT
2024-09-01T14:00:00Z,SOL/USDT,stop_sell,130.58074839,3.82537136,0.49951986,USDT
2024-09-01T14:45:00Z,SOL/USDT,buy,131.78586000,3.81316166,0.50252079,USDT
2024-09-01T22:15:00Z,SOL/USDT,sell,132.79357000,3.81316166,0.50636335,USDT
2024-09-02T10:30:00Z,SOL/USDT,buy,132.36615000,3.80334409,0.50343401,USDT
2024-09-02T13:30:00Z,SOL/USDT,stop_sell,130.83419304,3.80334409,0.49760745,USDT
2024-09-02T14:15:00Z,SOL/USDT,buy,130.26510000,3.86050637,0.50288925,USDT
2024-09-02T16:45:00Z,SOL/USDT,sell,132.18387500,3.86050637,0.51029669,USDT
2024-09-02T17:15:00Z,SOL/USDT,buy,132.53623500,3.80250703,0.50396997,USDT
2024-09-02T20:00:00Z,SOL/USDT,sell,132.99347000,3.80250703,0.50570860,USDT
2024-09-02T20:15:00Z,SOL/USDT,buy,133.36665000,3.77866886,0.50394841,USDT
2024-09-03T00:45:00Z,SOL/USDT,sell,134.21286000,3.77866886,0.50714595,USDT
2024-09-03T01:00:00Z,SOL/USDT,buy,135.10752000,3.72817903,0.50370502,USDT
2024-09-03T01:45:00Z,SOL/USDT,sell,134.49272000,3.72817903,0.50141294,USDT
2024-09-03T02:00:00Z,SOL/USDT,buy,135.26760000,3.71878687,0.50303137,USDT
2024-09-03T04:15:00Z,SOL/USDT,sell,135.14239500,3.71878687,0.50256576,USDT
2024-09-03T04:45:00Z,SOL/USDT,buy,135.53773500,3.71489558,0.50350853,USDT
2024-09-03T05:00:00Z,SOL/USDT,sell,134.94249500,3.71489558,0.50129728,USDT
2024-09-03T05:15:00Z,SOL/USDT,buy,135.19756500,3.7220685,0.50321460,USDT
2024-09-03T05:45:00Z,SOL/USDT,sell,134.87253000,3.7220685,0.50200480,USDT
2024-09-03T11:30:00Z,SOL/USDT,buy,134.27710500,3.74070078,0.50229047,USDT
2024-09-03T13:00:00Z,SOL/USDT,sell,134.37278000,3.74070078,0.50264836,USDT
2024-09-03T13:30:00Z,SOL/USDT,buy,134.13703500,3.74477612,0.50231317,USDT
2024-09-03T13:30:00Z,SOL/USDT,stop_sell,133.49107821,3.74477612,0.49989420,USDT
2024-09-03T19:00:00Z,SOL/USDT,buy,131.10552000,3.83214127,0.50241487,USDT
2024-09-03T20:00:00Z,SOL/USDT,sell,131.24434500,3.83214127,0.50294687,USDT
2024-09-03T20:45:00Z,SOL/USDT,buy,130.62528000,3.84741457,0.50256961,USDT
2024-09-03T21:00:00Z,SOL/USDT,sell,130.45474000,3.84741457,0.50191347,USDT
2024-09-04T04:45:00Z,SOL/USDT,buy,127.67380500,3.93535674,0.50244197,USDT
2024-09-04T05:00:00Z,SOL/USDT,sell,127.33630000,3.93535674,0.50111377,USDT
2024-09-04T06:00:00Z,SOL/USDT,buy,127.16355000,3.95279826,0.50265186,USDT
2024-09-04T12:00:00Z,SOL/USDT,sell,128.68562500,3.95279826,0.50866831,USDT
2024-09-04T14:15:00Z,SOL/USDT,buy,130.62528000,3.85305472,0.50330635,USDT
2024-09-04T14:15:00Z,SOL/USDT,stop_sell,129.26569196,3.85305472,0.49806778,USDT
2024-09-04T14:45:00Z,SOL/USDT,buy,132.48621000,3.79219462,0.50241349,USDT
2024-09-04T19:30:00Z,SOL/USDT,sell,132.88352500,3.79219462,0.50392019,USDT
2024-09-04T21:00:00Z,SOL/USDT,buy,133.85689500,3.74521839,0.50132330,USDT
2024-09-04T21:15:00Z,SOL/USDT,sell,133.59317000,3.74521839,0.50033560,USDT
2024-09-04T22:00:00Z,SOL/USDT,buy,134.36715000,3.7401216,0.50254948,USDT
2024-09-04T23:45:00Z,SOL/USDT,stop_sell,133.32508982,3.7401216,0.49865205,USDT
2024-09-05T00:00:00Z,SOL/USDT,buy,133.71682500,3.75259016,0.50178444,USDT
2024-09-05T01:00:00Z,SOL/USDT,sell,132.98347500,3.75259016,0.49903248,USDT
2024-09-05T01:15:00Z,SOL/USDT,buy,133.05649500,3.76273904,0.50065687,USDT
2024-09-05T01:30:00Z,SOL/USDT,sell,133.48322500,3.76273904,0.50226254,USDT
2024-09-05T05:00:00Z,SOL/USDT,buy,133.64679000,3.74873832,0.50100684,USDT
2024-09-05T05:00:00Z,SOL/USDT,stop_sell,132.60866250,3.74873832,0.49711517,USDT
2024-09-05T08:00:00Z,SOL/USDT,buy,133.36665000,3.76497089,0.50212155,USDT
2024-09-05T09:15:00Z,SOL/USDT,stop_sell,131.91936446,3.76497089,0.49667257,USDT
2024-09-05T10:45:00Z,SOL/USDT,buy,132.56625000,3.76590652,0.49923211,USDT
2024-09-05T12:15:00Z,SOL/USDT,stop_sell,131.95934446,3.76590652,0.49694656,USDT
2024-09-05T13:00:00Z,SOL/USDT,buy,133.44669000,3.74559189,0.49983684,USDT
2024-09-05T13:15:00Z,SOL/USDT,sell,133.26333500,3.74559189,0.49915007,USDT
2024-09-05T13:30:00Z,SOL/USDT,buy,134.00697000,3.73255143,0.50018791,USDT
2024-09-05T14:45:00Z,SOL/USDT,stop_sell,132.78393196,3.73255143,0.49562286,USDT
2024-09-05T15:15:00Z,SOL/USDT,buy,132.23608500,3.77605825,0.49933116,USDT
2024-09-05T15:15:00Z,SOL/USDT,stop_sell,130.51221125,3.77605825,0.49282171,USDT
2024-09-06T00:15:00Z,SOL/USDT,buy,129.42468000,3.84125905,0.49715372,USDT
2024-09-06T00:30:00Z,SOL/USDT,stop_sell,128.91443911,3.84125905,0.49519376,USDT
2024-09-06T01:00:00Z,SOL/USDT,buy,129.44469000,3.85548028,0.49907145,USDT
2024-09-06T06:30:00Z,SOL/USDT,sell,129.72510500,3.85548028,0.50015258,USDT
2024-09-06T10:30:00Z,SOL/USDT,buy,130.77535500,3.8072227,0.49789090,USDT
2024-09-06T11:30:00Z,SOL/USDT,sell,129.86503500,3.8072227,0.49442511,USDT
2024-09-06T12:00:00Z,SOL/USDT,buy,130.55524500,3.81586767,0.49818154,USDT
2024-09-06T12:15:00Z,SOL/USDT,stop_sell,129.75687482,3.81586767,0.49513506,USDT
2024-09-06T13:00:00Z,SOL/USDT,buy,133.91692500,3.71378767,0.49733902,USDT
2024-09-06T13:30:00Z,SOL/USDT,stop_sell,132.67041732,3.71378767,0.49270976,USDT
2024-09-06T13:45:00Z,SOL/USDT,buy,131.88591000,3.75782634,0.49560435,USDT
2024-09-06T13:45:00Z,SOL/USDT,stop_sell,130.66641982,3.75782634,0.49102171,USDT
2024-09-06T14:00:00Z,SOL/USDT,buy,130.81537500,3.79142468,0.49597664,USDT
2024-09-06T14:00:00Z,SOL/USDT,stop_sell,129.35243429,3.79142468,0.49043001,USDT
2024-09-06T14:15:00Z,SOL/USDT,buy,128.96445000,3.84257255,0.49555526,USDT
2024-09-06T14:30:00Z,SOL/USDT,sell,128.80556500,3.84257255,0.49494473,USDT
2024-09-07T02:15:00Z,SOL/USDT,buy,124.92243000,3.97262762,0.49627030,USDT
2024-09-07T03:15:00Z,SOL/USDT,sell,125.26733500,3.97262762,0.49764047,USDT
2024-09-07T23:00:00Z,SOL/USDT,buy,126.85339500,3.90993647,0.49598872,USDT
2024-09-07T23:15:00Z,SOL/USDT,sell,126.68662500,3.90993647,0.49533666,USDT
2024-09-08T01:15:00Z,SOL/USDT,buy,127.92393000,3.87591129,0.49582180,USDT
2024-09-08T04:45:00Z,SOL/USDT,sell,128.03595000,3.87591129,0.49625598,USDT
2024-09-08T05:15:00Z,SOL/USDT,buy,128.23408500,3.86318535,0.49539204,USDT
2024-09-08T05:30:00Z,SOL/USDT,sell,128.10591500,3.86318535,0.49489689,USDT
2024-09-08T07:00:00Z,SOL/USDT,buy,128.62428000,3.86557185,0.49720640,USDT
2024-09-08T12:30:00Z,SOL/USDT,sell,129.23535000,3.86557185,0.49956853,USDT
2024-09-08T18:30:00Z,SOL/USDT,buy,128.99446500,3.84663096,0.49619410,USDT
2024-09-08T20:30:00Z,SOL/USDT,stop_sell,128.16410018,3.84663096,0.49300000,USDT
2024-09-08T20:45:00Z,SOL/USDT,buy,128.28411000,3.86532106,0.49585927,USDT
2024-09-08T22:00:00Z,SOL/USDT,sell,129.11541000,3.86532106,0.49907251,USDT
2024-09-08T22:15:00Z,SOL/USDT,buy,129.06450000,3.84959182,0.49684564,USDT
2024-09-08T22:45:00Z,SOL/USDT,sell,129.76508500,3.84959182,0.49954261,USDT
2024-09-08T23:00:00Z,SOL/USDT,buy,129.49471500,3.83131162,0.49613461,USDT
2024-09-08T23:15:00Z,SOL/USDT,sell,129.49522000,3.83131162,0.49613654,USDT
2024-09-10T01:00:00Z,SOL/USDT,buy,133.94694000,3.70338151,0.49605662,USDT
2024-09-10T01:15:00Z,SOL/USDT,sell,133.63315000,3.70338151,0.49489454,USDT
2024-09-10T05:30:00Z,SOL/USDT,buy,133.86690000,3.70458525,0.49592134,USDT
2024-09-10T10:30:00Z,SOL/USDT,sell,134.53270000,3.70458525,0.49838786,USDT
2024-09-10T11:00:00Z,SOL/USDT,buy,135.06750000,3.68234762,0.49736549,USDT
2024-09-10T12:15:00Z,SOL/USDT,sell,134.93250000,3.68234762,0.49686837,USDT
2024-09-10T15:00:00Z,SOL/USDT,buy,134.98746000,3.676001,0.49621404,USDT
2024-09-10T16:00:00Z,SOL/USDT,sell,134.12290500,3.676001,0.49303593,USDT
2024-09-10T17:15:00Z,SOL/USDT,buy,136.03798500,3.6360463,0.49464041,USDT
2024-09-10T19:15:00Z,SOL/USDT,sell,136.00196500,3.6360463,0.49450944,USDT
2024-09-10T22:15:00Z,SOL/USDT,buy,135.73783500,3.65254795,0.49578895,USDT
2024-09-10T22:30:00Z,SOL/USDT,sell,135.51221000,3.65254795,0.49496484,USDT
2024-09-11T13:00:00Z,SOL/USDT,buy,131.70582000,3.75050215,0.49396296,USDT
2024-09-11T13:30:00Z,SOL/USDT,stop_sell,131.32180625,3.75050215,0.49252272,USDT
2024-09-11T15:30:00Z,SOL/USDT,buy,130.73533500,3.78458094,0.49477846,USDT
2024-09-11T16:00:00Z,SOL/USDT,sell,131.52420500,3.78458094,0.49776400,USDT
2024-09-11T16:15:00Z,SOL/USDT,buy,131.83588500,3.75849598,0.49550464,USDT
2024-09-11T16:30:00Z,SOL/USDT,sell,131.65414000,3.75849598,0.49482156,USDT
2024-09-11T20:45:00Z,SOL/USDT,buy,132.71632500,3.73057373,0.49510804,USDT
2024-09-11T22:00:00Z,SOL/USDT,sell,132.21386000,3.73057373,0.49323355,USDT
2024-09-11T22:15:00Z,SOL/USDT,buy,132.59626500,3.73278647,0.49495354,USDT
2024-09-11T22:45:00Z,SOL/USDT,sell,132.25384000,3.73278647,0.49367534,USDT
2024-09-11T23:45:00Z,SOL/USDT,buy,132.43618500,3.73339004,0.49443593,USDT
2024-09-12T07:00:00Z,SOL/USDT,sell,134.57268000,3.73339004,0.50241230,USDT
2024-09-12T11:45:00Z,SOL/USDT,buy,134.70732000,3.67354164,0.49485295,USDT
2024-09-12T12:30:00Z,SOL/USDT,sell,134.94249500,3.67354164,0.49571687,USDT
2024-09-12T21:15:00Z,SOL/USDT,buy,135.51772500,3.65098138,0.49477269,USDT
2024-09-12T21:30:00Z,SOL/USDT,stop_sell,135.00424982,3.65098138,0.49289800,USDT
2024-09-12T21:45:00Z,SOL/USDT,buy,135.44769000,3.65522297,0.49509151,USDT
2024-09-13T01:00:00Z,SOL/USDT,stop_sell,134.70618464,3.65522297,0.49238114,USDT
2024-09-13T18:00:00Z,SOL/USDT,buy,136.62828000,3.62306417,0.49501303,USDT
2024-09-14T00:15:00Z,SOL/USDT,sell,138.52070500,3.62306417,0.50186940,USDT
2024-09-14T00:30:00Z,SOL/USDT,buy,138.68931000,3.57077846,0.49522880,USDT
2024-09-14T03:00:00Z,SOL/USDT,sell,138.85054000,3.57077846,0.49580452,USDT
2024-09-14T03:30:00Z,SOL/USDT,buy,139.55974500,3.5447135,0.49469931,USDT
2024-09-14T04:45:00Z,SOL/USDT,stop_sell,139.08399464,3.5447135,0.49301291,USDT
2024-09-14T05:00:00Z,SOL/USDT,buy,139.17955500,3.5551474,0.49480383,USDT
2024-09-14T05:30:00Z,SOL/USDT,stop_sell,138.61066000,3.5551474,0.49278133,USDT
2024-09-14T05:45:00Z,SOL/USDT,buy,138.70932000,3.56571531,0.49459795,USDT
2024-09-14T05:45:00Z,SOL/USDT,stop_sell,138.25976411,3.56571531,0.49299496,USDT
2024-09-14T13:45:00Z,SOL/USDT,buy,136.79836500,3.61187937,0.49409919,USDT
2024-09-14T14:00:00Z,SOL/USDT,sell,137.04144500,3.61187937,0.49497717,USDT
2024-09-14T14:30:00Z,SOL/USDT,buy,137.64879000,3.58978157,0.49412909,USDT
2024-09-14T15:45:00Z,SOL/USDT,stop_sell,137.19137000,3.58978157,0.49248705,USDT
2024-09-14T16:00:00Z,SOL/USDT,buy,137.50872000,3.59975689,0.49499796,USDT
2024-09-14T17:15:00Z,SOL/USDT,sell,137.12140500,3.59975689,0.49360372,USDT
2024-09-16T06:00:00Z,SOL/USDT,buy,131.06550000,3.77984237,0.49540693,USDT
2024-09-16T07:30:00Z,SOL/USDT,sell,130.95449000,3.77984237,0.49498733,USDT
2024-09-16T08:15:00Z,SOL/USDT,buy,131.60577000,3.75312916,0.49393345,USDT
2024-09-16T09:30:00Z,SOL/USDT,stop_sell,131.19901054,3.75312916,0.49240683,USDT
2024-09-16T10:00:00Z,SOL/USDT,buy,130.96545000,3.76562532,0.49316681,USDT
2024-09-16T13:15:00Z,SOL/USDT,sell,131.91401000,3.76562532,0.49673874,USDT
2024-09-16T13:30:00Z,SOL/USDT,buy,131.89591500,3.74037818,0.49334060,USDT
2024-09-16T13:30:00Z,SOL/USDT,stop_sell,131.49778964,3.74037818,0.49185146,USDT
2024-09-16T14:00:00Z,SOL/USDT,buy,132.33613500,3.73548343,0.49433944,USDT
2024-09-16T14:15:00Z,SOL/USDT,sell,131.71411000,3.73548343,0.49201588,USDT
2024-09-16T15:30:00Z,SOL/USDT,buy,131.33563500,3.7590825,0.49370149,USDT
2024-09-16T15:45:00Z,SOL/USDT,sell,131.20436500,3.7590825,0.49320803,USDT
2024-09-16T19:30:00Z,SOL/USDT,buy,130.85539500,3.76909337,0.49320620,USDT
2024-09-16T20:45:00Z,SOL/USDT,sell,130.27483000,3.76909337,0.49101800,USDT
2024-09-16T21:30:00Z,SOL/USDT,buy,131.05549500,3.76888199,0.49393269,USDT
2024-09-16T22:45:00Z,SOL/USDT,sell,130.50471500,3.76888199,0.49185687,USDT
2024-09-16T23:00:00Z,SOL/USDT,buy,131.12553000,3.77220054,0.49463180,USDT
2024-09-17T00:00:00Z,SOL/USDT,sell,131.41426000,3.77220054,0.49572094,USDT
2024-09-17T00:45:00Z,SOL/USDT,buy,131.37565500,3.74075872,0.49144463,USDT
2024-09-17T00:45:00Z,SOL/USDT,stop_sell,131.12618982,3.74075872,0.49051144,USDT
2024-09-17T01:45:00Z,SOL/USDT,buy,130.89541500,3.76474723,0.49278815,USDT
2024-09-17T02:15:00Z,SOL/USDT,sell,130.69462000,3.76474723,0.49203221,USDT
2024-09-17T03:30:00Z,SOL/USDT,buy,131.20557000,3.76253259,0.49366523,USDT
2024-09-17T04:15:00Z,SOL/USDT,sell,130.92450500,3.76253259,0.49260772,USDT
2024-09-17T06:45:00Z,SOL/USDT,buy,132.15604500,3.7268284,0.49252290,USDT
2024-09-17T07:30:00Z,SOL/USDT,sell,131.98397500,3.7268284,0.49188163,USDT
2024-09-17T07:45:00Z,SOL/USDT,buy,132.44619000,3.72077348,0.49280227,USDT
2024-09-17T09:15:00Z,SOL/USDT,stop_sell,131.86117929,3.72077348,0.49062558,USDT
2024-09-17T21:45:00Z,SOL/USDT,buy,132.45619500,3.70988686,0.49139750,USDT
2024-09-17T22:15:00Z,SOL/USDT,sell,132.16388500,3.70988686,0.49031306,USDT
2024-09-18T18:15:00Z,SOL/USDT,buy,130.89541500,3.77381893,0.49397559,USDT
2024-09-18T19:15:00Z,SOL/USDT,stop_sell,129.00118143,3.77381893,0.48682710,USDT
2024-09-18T19:30:00Z,SOL/USDT,buy,130.54524000,3.75384699,0.49004686,USDT
2024-09-18T20:00:00Z,SOL/USDT,stop_sell,129.00475107,3.75384699,0.48426410,USDT
2024-09-18T20:15:00Z,SOL/USDT,buy,129.17455500,3.80143907,0.49104920,USDT
2024-09-18T23:00:00Z,SOL/USDT,sell,131.50421500,3.80143907,0.49990526,USDT
2024-09-19T06:00:00Z,SOL/USDT,buy,138.39916500,3.55402971,0.49187474,USDT
2024-09-19T09:45:00Z,SOL/USDT,sell,138.78057500,3.55402971,0.49323029,USDT
2024-09-19T11:15:00Z,SOL/USDT,buy,138.66930000,3.54398659,0.49144214,USDT
2024-09-19T11:30:00Z,SOL/USDT,sell,138.62065500,3.54398659,0.49126974,USDT
2024-09-19T13:15:00Z,SOL/USDT,buy,140.78035500,3.49018643,0.49134968,USDT
2024-09-19T21:30:00Z,SOL/USDT,sell,143.11840500,3.49018643,0.49950992,USDT
2024-09-20T03:15:00Z,SOL/USDT,buy,142.80136500,3.43830547,0.49099471,USDT
2024-09-20T11:45:00Z,SOL/USDT,sell,150.33479500,3.43830547,0.51689695,USDT
2024-09-20T12:15:00Z,SOL/USDT,buy,150.82537500,3.26695275,0.49273937,USDT
2024-09-20T12:30:00Z,SOL/USDT,stop_sell,150.25911857,3.26695275,0.49088944,USDT
2024-09-20T12:45:00Z,SOL/USDT,buy,150.87540000,3.2717315,0.49362380,USDT
2024-09-20T13:00:00Z,SOL/USDT,sell,150.40476000,3.2717315,0.49208399,USDT
2024-09-21T00:00:00Z,SOL/USDT,buy,146.54323500,3.36682937,0.49338607,USDT
2024-09-21T00:00:00Z,SOL/USDT,stop_sell,145.87524018,3.36682937,0.49113704,USDT
2024-09-21T01:30:00Z,SOL/USDT,buy,147.00346500,3.35521554,0.49322831,USDT
2024-09-21T01:45:00Z,SOL/USDT,sell,146.28682000,3.35521554,0.49082381,USDT
2024-09-21T06:30:00Z,SOL/USDT,buy,146.62327500,3.36206575,0.49295709,USDT
2024-09-21T11:30:00Z,SOL/USDT,sell,147.02645000,3.36206575,0.49431259,USDT
2024-09-21T17:15:00Z,SOL/USDT,buy,148.09401000,3.33247798,0.49352003,USDT
2024-09-21T18:45:00Z,SOL/USDT,sell,148.05593500,3.33247798,0.49339314,USDT
2024-09-21T21:30:00Z,SOL/USDT,buy,147.64378500,3.33910187,0.49299764,USDT
2024-09-21T22:15:00Z,SOL/USDT,sell,147.90601000,3.33910187,0.49387323,USDT
2024-09-21T22:45:00Z,SOL/USDT,buy,148.48420500,3.32125792,0.49315434,USDT
2024-09-22T01:45:00Z,SOL/USDT,stop_sell,147.91529107,3.32125792,0.49126483,USDT
2024-09-22T21:30:00Z,SOL/USDT,buy,144.72232500,3.40040241,0.49211414,USDT
2024-09-22T21:30:00Z,SOL/USDT,stop_sell,144.07471232,3.40040241,0.48991200,USDT
2024-09-22T21:45:00Z,SOL/USDT,buy,143.91192000,3.42251419,0.49254059,USDT
2024-09-22T21:45:00Z,SOL/USDT,stop_sell,142.99560929,3.42251419,0.48940450,USDT
2024-09-23T02:30:00Z,SOL/USDT,buy,145.99296000,3.36914713,0.49187176,USDT
2024-09-23T07:30:00Z,SOL/USDT,sell,145.80706000,3.36914713,0.49124544,USDT
2024-09-23T14:30:00Z,SOL/USDT,buy,144.92242500,3.3907961,0.49140239,USDT
2024-09-23T14:30:00Z,SOL/USDT,stop_sell,144.05615018,3.3907961,0.48846503,USDT
2024-09-23T17:15:00Z,SOL/USDT,buy,143.20156500,3.43338432,0.49166601,USDT
2024-09-23T17:30:00Z,SOL/USDT,sell,143.24834000,3.43338432,0.49182660,USDT
2024-09-23T18:00:00Z,SOL/USDT,buy,143.65179000,3.42121114,0.49146310,USDT
2024-09-23T18:30:00Z,SOL/USDT,sell,143.70811000,3.42121114,0.49165579,USDT
2024-09-23T19:30:00Z,SOL/USDT,buy,143.87190000,3.41292828,0.49102448,USDT
2024-09-23T19:45:00Z,SOL/USDT,stop_sell,143.19015482,3.41292828,0.48869773,USDT
2024-09-23T22:15:00Z,SOL/USDT,buy,144.22207500,3.4106167,0.49188622,USDT
2024-09-24T00:30:00Z,SOL/USDT,stop_sell,143.19729411,3.4106167,0.48839108,USDT
2024-09-24T00:45:00Z,SOL/USDT,buy,144.56224500,3.39633357,0.49098161,USDT
2024-09-24T01:30:00Z,SOL/USDT,stop_sell,143.48822000,3.39633357,0.48733386,USDT
2024-09-24T01:45:00Z,SOL/USDT,buy,144.15204000,3.40272253,0.49050939,USDT
2024-09-24T02:15:00Z,SOL/USDT,sell,143.81805500,3.40272253,0.48937294,USDT
2024-09-24T02:30:00Z,SOL/USDT,buy,144.63228000,3.38837773,0.49006880,USDT
2024-09-24T07:30:00Z,SOL/USDT,sell,146.10691000,3.38837773,0.49506540,USDT
2024-09-24T09:30:00Z,SOL/USDT,buy,147.37365000,3.33185591,0.49102777,USDT
2024-09-24T10:00:00Z,SOL/USDT,sell,146.54669000,3.33185591,0.48827246,USDT
2024-09-25T13:45:00Z,SOL/USDT,buy,150.02497500,3.26201067,0.48938307,USDT
2024-09-25T17:30:00Z,SOL/USDT,stop_sell,149.79470804,3.26201067,0.48863194,USDT
2024-09-25T20:45:00Z,SOL/USDT,buy,150.64528500,3.25415934,0.49022376,USDT
2024-09-25T21:00:00Z,SOL/USDT,sell,150.12490000,3.25415934,0.48853035,USDT
2024-09-26T03:00:00Z,SOL/USDT,buy,149.38465500,3.28260722,0.49037115,USDT
2024-09-26T13:00:00Z,SOL/USDT,sell,151.92400000,3.28260722,0.49870682,USDT
2024-09-27T00:45:00Z,SOL/USDT,buy,155.97795000,3.14873644,0.49113346,USDT
2024-09-27T01:30:00Z,SOL/USDT,sell,155.43224500,3.14873644,0.48941517,USDT
2024-09-27T04:45:00Z,SOL/USDT,buy,156.64828500,3.12846632,0.49006888,USDT
2024-09-27T10:45:00Z,SOL/USDT,sell,156.31180500,3.12846632,0.48901622,USDT
2024-09-27T15:00:00Z,SOL/USDT,buy,160.02997500,3.0611913,0.48988237,USDT
2024-09-27T16:15:00Z,SOL/USDT,stop_sell,158.70882018,3.0611913,0.48583806,USDT
2024-09-27T16:30:00Z,SOL/USDT,buy,158.88940500,3.08586622,0.49031145,USDT
2024-09-27T19:15:00Z,SOL/USDT,sell,157.94099000,3.08586622,0.48738477,USDT
2024-09-27T22:15:00Z,SOL/USDT,buy,158.19906000,3.09913426,0.49028013,USDT
2024-09-27T23:30:00Z,SOL/USDT,sell,157.75108500,3.09913426,0.48889179,USDT
2024-09-28T00:15:00Z,SOL/USDT,buy,157.95894000,3.09695368,0.48919152,USDT
2024-09-28T01:45:00Z,SOL/USDT,sell,157.93099500,3.09695368,0.48910498,USDT
2024-09-28T02:00:00Z,SOL/USDT,buy,158.49921000,3.08917644,0.48963203,USDT
2024-09-28T03:30:00Z,SOL/USDT,sell,158.20086000,3.08917644,0.48871037,USDT
2024-09-28T11:00:00Z,SOL/USDT,buy,157.54873500,3.10725743,0.48954448,USDT
2024-09-28T11:15:00Z,SOL/USDT,sell,157.04144000,3.10725743,0.48796818,USDT
2024-09-28T13:15:00Z,SOL/USDT,buy,156.39816000,3.12163441,0.48821788,USDT
2024-09-28T15:45:00Z,SOL/USDT,sell,156.69161500,3.12163441,0.48913394,USDT
2024-09-29T01:30:00Z,SOL/USDT,buy,157.40866500,3.10573019,0.48886884,USDT
2024-09-29T04:45:00Z,SOL/USDT,stop_sell,156.71053411,3.10573019,0.48670064,USDT
2024-09-29T05:00:00Z,SOL/USDT,buy,157.18855500,3.10472364,0.48802702,USDT
2024-09-29T05:15:00Z,SOL/USDT,sell,157.06143000,3.10472364,0.48763233,USDT
2024-09-29T05:30:00Z,SOL/USDT,buy,157.91892000,3.09360325,0.48853848,USDT
2024-09-29T05:30:00Z,SOL/USDT,stop_sell,157.08284786,3.09360325,0.48595201,USDT
2024-09-29T05:45:00Z,SOL/USDT,buy,157.08850500,3.10695609,0.48806709,USDT
2024-09-29T05:45:00Z,SOL/USDT,stop_sell,156.30787839,3.10695609,0.48564171,USDT
2024-09-29T11:00:00Z,SOL/USDT,buy,156.28810500,3.12212148,0.48795045,USDT
2024-09-29T16:45:00Z,SOL/USDT,sell,157.21135500,3.12212148,0.49083295,USDT
2024-09-29T17:00:00Z,SOL/USDT,buy,157.45869000,3.10027259,0.48816486,USDT
2024-09-29T23:30:00Z,SOL/USDT,sell,157.94099000,3.10027259,0.48966012,USDT
2024-09-29T23:45:00Z,SOL/USDT,buy,158.37915000,3.08329303,0.48832933,USDT
2024-09-30T00:30:00Z,SOL/USDT,sell,157.62115000,3.08329303,0.48599219,USDT
2024-09-30T07:15:00Z,SOL/USDT,buy,157.26859500,3.09786781,0.48719732,USDT
2024-09-30T08:00:00Z,SOL/USDT,stop_sell,156.72302786,3.09786781,0.48550722,USDT
2024-09-30T08:45:00Z,SOL/USDT,buy,156.32812500,3.12150079,0.48797837,USDT
2024-09-30T09:30:00Z,SOL/USDT,sell,155.83204500,3.12150079,0.48642985,USDT
2024-09-30T13:00:00Z,SOL/USDT,buy,156.84838500,3.10806656,0.48749522,USDT
2024-09-30T14:15:00Z,SOL/USDT,stop_sell,155.77885732,3.10806656,0.48417106,USDT
2024-09-30T14:30:00Z,SOL/USDT,buy,156.59826000,3.11561303,0.48789958,USDT
2024-09-30T15:30:00Z,SOL/USDT,stop_sell,155.28481875,3.11561303,0.48380740,USDT
2024-09-30T15:45:00Z,SOL/USDT,buy,156.13803000,3.13306973,0.48919134,USDT
2024-09-30T16:00:00Z,SOL/USDT,sell,154.13289500,3.13306973,0.48290911,USDT
2024-09-30T16:30:00Z,SOL/USDT,buy,154.94743500,3.13357018,0.48553866,USDT
2024-09-30T16:45:00Z,SOL/USDT,sell,154.61265500,3.13357018,0.48448961,USDT
2024-09-30T20:30:00Z,SOL/USDT,buy,156.39816000,3.11325384,0.48690717,USDT
2024-09-30T22:15:00Z,SOL/USDT,stop_sell,155.01888036,3.11325384,0.48261312,USDT
2024-10-01T08:30:00Z,SOL/USDT,buy,156.66829500,3.10557867,0.48654572,USDT
2024-10-01T12:15:00Z,SOL/USDT,sell,156.32180000,3.10557867,0.48546965,USDT
2024-10-01T22:15:00Z,SOL/USDT,buy,145.99296000,3.31723031,0.48429227,USDT
2024-10-01T22:30:00Z,SOL/USDT,sell,145.44724000,3.31723031,0.48248199,USDT
2024-10-02T01:00:00Z,SOL/USDT,buy,144.57225000,3.3528505,0.48472914,USDT
2024-10-02T01:45:00Z,SOL/USDT,sell,145.06743000,3.3528505,0.48638941,USDT
2024-10-02T08:30:00Z,SOL/USDT,buy,148.28410500,3.27864995,0.48617167,USDT
2024-10-02T09:15:00Z,SOL/USDT,stop_sell,147.11997464,3.27864995,0.48235490,USDT
2024-10-02T09:30:00Z,SOL/USDT,buy,147.27360000,3.29566836,0.48536494,USDT
2024-10-02T09:45:00Z,SOL/USDT,sell,146.51670500,3.29566836,0.48287047,USDT
2024-10-02T10:45:00Z,SOL/USDT,buy,146.48320500,3.29423248,0.48254973,USDT
2024-10-02T10:45:00Z,SOL/USDT,stop_sell,146.14224946,3.29423248,0.48142654,USDT
2024-10-02T14:45:00Z,SOL/USDT,buy,146.69331000,3.30230602,0.48442620,USDT
2024-10-02T15:00:00Z,SOL/USDT,sell,145.28732000,3.30230602,0.47978319,USDT
2024-10-02T15:30:00Z,SOL/USDT,buy,147.30361500,3.28423756,0.48378007,USDT
2024-10-02T17:30:00Z,SOL/USDT,stop_sell,145.40190554,3.28423756,0.47753440,USDT
2024-10-03T13:45:00Z,SOL/USDT,buy,136.33813500,3.53990292,0.48262376,USDT
2024-10-03T14:15:00Z,SOL/USDT,sell,136.90151500,3.53990292,0.48461807,USDT
2024-10-03T17:15:00Z,SOL/USDT,buy,136.05799500,3.55221727,0.48330756,USDT
2024-10-03T17:45:00Z,SOL/USDT,sell,135.79207000,3.55221727,0.48236294,USDT
2024-10-03T18:00:00Z,SOL/USDT,buy,135.98796000,3.551616,0.48297701,USDT
2024-10-03T18:15:00Z,SOL/USDT,sell,136.01196000,3.551616,0.48306225,USDT
2024-10-03T20:45:00Z,SOL/USDT,buy,136.55824500,3.53990639,0.48340340,USDT
2024-10-03T21:00:00Z,SOL/USDT,sell,136.38177500,3.53990639,0.48277872,USDT
2024-10-04T12:30:00Z,SOL/USDT,buy,140.73033000,3.43524159,0.48344268,USDT
2024-10-04T12:30:00Z,SOL/USDT,stop_sell,140.03673232,3.43524159,0.48106001,USDT
2024-10-04T12:45:00Z,SOL/USDT,buy,140.54023500,3.4355363,0.48283108,USDT
2024-10-04T14:00:00Z,SOL/USDT,stop_sell,139.85146786,3.4355363,0.48046479,USDT
2024-10-04T19:00:00Z,SOL/USDT,buy,143.89191000,3.35505995,0.48276598,USDT
2024-10-04T21:45:00Z,SOL/USDT,sell,143.12840000,3.35505995,0.48020436,USDT
2024-10-05T01:00:00Z,SOL/USDT,buy,144.00196500,3.34913813,0.48228247,USDT
2024-10-05T01:15:00Z,SOL/USDT,stop_sell,143.27868196,3.34913813,0.47986010,USDT
2024-10-05T02:45:00Z,SOL/USDT,buy,143.39166000,3.35681918,0.48133987,USDT
2024-10-05T02:45:00Z,SOL/USDT,stop_sell,142.81534232,3.35681918,0.47940528,USDT
2024-10-05T18:30:00Z,SOL/USDT,buy,143.15154000,3.36434753,0.48161153,USDT
2024-10-05T19:00:00Z,SOL/USDT,sell,142.52870000,3.36434753,0.47951608,USDT
2024-10-06T05:30:00Z,SOL/USDT,buy,142.73133000,3.37371748,0.48153518,USDT
2024-10-06T06:00:00Z,SOL/USDT,sell,142.70861000,3.37371748,0.48145853,USDT
2024-10-06T09:15:00Z,SOL/USDT,buy,143.64178500,3.35455813,0.48185472,USDT
2024-10-06T19:45:00Z,SOL/USDT,sell,145.59716500,3.35455813,0.48841415,USDT
2024-10-06T20:00:00Z,SOL/USDT,buy,145.41267000,3.31082278,0.48143558,USDT
2024-10-06T20:30:00Z,SOL/USDT,sell,145.23734500,3.31082278,0.48085511,USDT
2024-10-06T22:45:00Z,SOL/USDT,buy,145.40266500,3.31384679,0.48184215,USDT
2024-10-06T23:00:00Z,SOL/USDT,sell,145.26733000,3.31384679,0.48139368,USDT
2024-10-06T23:30:00Z,SOL/USDT,buy,146.30311500,3.29222553,0.48166285,USDT
2024-10-07T06:00:00Z,SOL/USDT,sell,148.75558500,3.29222553,0.48973693,USDT
2024-10-07T06:15:00Z,SOL/USDT,buy,149.29461000,3.231798,0.48249002,USDT
2024-10-07T06:30:00Z,SOL/USDT,sell,148.88552000,3.231798,0.48116793,USDT
2024-10-07T14:00:00Z,SOL/USDT,buy,147.87390000,3.25809774,0.48178762,USDT
2024-10-07T16:30:00Z,SOL/USDT,sell,148.20586000,3.25809774,0.48286918,USDT
2024-10-07T16:45:00Z,SOL/USDT,buy,149.06449500,3.22868623,0.48128248,USDT
2024-10-07T18:15:00Z,SOL/USDT,stop_sell,147.59723589,3.22868623,0.47654516,USDT
2024-10-07T18:30:00Z,SOL/USDT,buy,147.94393500,3.24783236,0.48049710,USDT
2024-10-07T18:45:00Z,SOL/USDT,sell,147.37627500,3.24783236,0.47865344,USDT
2024-10-08T10:00:00Z,SOL/USDT,buy,143.75184000,3.34471331,0.48080869,USDT
2024-10-08T10:30:00Z,SOL/USDT,sell,143.60816000,3.34471331,0.48032812,USDT
2024-10-08T11:00:00Z,SOL/USDT,buy,144.18205500,3.34019632,0.48159637,USDT
2024-10-08T11:30:00Z,SOL/USDT,sell,144.07792500,3.34019632,0.48124855,USDT
2024-10-08T12:00:00Z,SOL/USDT,buy,144.57225000,3.33275689,0.48182416,USDT
2024-10-08T12:30:00Z,SOL/USDT,stop_sell,143.71275054,3.33275689,0.47895966,USDT
2024-10-08T12:45:00Z,SOL/USDT,buy,143.69181000,3.3480376,0.48108558,USDT
2024-10-08T13:00:00Z,SOL/USDT,sell,143.21835500,3.3480376,0.47950044,USDT
2024-10-08T15:00:00Z,SOL/USDT,buy,144.04198500,3.33245795,0.48001386,USDT
2024-10-08T15:15:00Z,SOL/USDT,stop_sell,143.06414643,3.33245795,0.47675525,USDT
2024-10-08T18:00:00Z,SOL/USDT,buy,143.39166000,3.35033783,0.48041050,USDT
2024-10-08T18:30:00Z,SOL/USDT,sell,142.81855500,3.35033783,0.47849041,USDT
2024-10-08T20:15:00Z,SOL/USDT,buy,144.07200000,3.33245079,0.48011285,USDT
2024-10-08T23:00:00Z,SOL/USDT,sell,143.23834500,3.33245079,0.47733474,USDT
2024-10-08T23:30:00Z,SOL/USDT,buy,143.09151000,3.35836364,0.48055332,USDT
2024-10-09T00:45:00Z,SOL/USDT,sell,143.49821500,3.35836364,0.48191919,USDT
2024-10-09T01:00:00Z,SOL/USDT,buy,144.14203500,3.32875002,0.47981280,USDT
2024-10-09T04:45:00Z,SOL/USDT,stop_sell,143.35971286,3.32875002,0.47720865,USDT
2024-10-09T12:00:00Z,SOL/USDT,buy,143.34163500,3.34885495,0.48003034,USDT
2024-10-09T12:15:00Z,SOL/USDT,sell,142.66863000,3.34885495,0.47777655,USDT
2024-10-09T15:30:00Z,SOL/USDT,buy,143.00146500,3.35667572,0.48000955,USDT
2024-10-09T16:00:00Z,SOL/USDT,sell,142.65863500,3.35667572,0.47885878,USDT
2024-10-09T18:00:00Z,SOL/USDT,buy,141.19056000,3.39017644,0.47866091,USDT
2024-10-09T18:15:00Z,SOL/USDT,sell,140.48972000,3.39017644,0.47628494,USDT
2024-10-10T13:30:00Z,SOL/USDT,buy,139.58976000,3.42147518,0.47760290,USDT
2024-10-10T13:30:00Z,SOL/USDT,stop_sell,139.00581946,3.42147518,0.47560496,USDT
2024-10-10T19:30:00Z,SOL/USDT,buy,137.70882000,3.47569466,0.47863381,USDT
2024-10-10T20:30:00Z,SOL/USDT,sell,137.53120000,3.47569466,0.47801646,USDT
2024-10-10T22:00:00Z,SOL/USDT,buy,138.64929000,3.45120832,0.47850758,USDT
2024-10-10T22:15:00Z,SOL/USDT,sell,137.92100500,3.45120832,0.47599412,USDT
2024-10-10T22:45:00Z,SOL/USDT,buy,138.81937500,3.44522813,0.47826442,USDT
2024-10-11T08:00:00Z,SOL/USDT,sell,141.13939500,3.44522813,0.48625741,USDT
2024-10-11T11:45:00Z,SOL/USDT,buy,142.03098000,3.37198772,0.47892672,USDT
2024-10-11T16:30:00Z,SOL/USDT,sell,144.04794000,3.37198772,0.48572788,USDT
2024-10-11T17:15:00Z,SOL/USDT,buy,144.80236500,3.30951218,0.47922519,USDT
2024-10-11T17:45:00Z,SOL/USDT,sell,145.01745500,3.30951218,0.47993703,USDT
2024-10-11T22:30:00Z,SOL/USDT,buy,145.78285500,3.2920882,0.47993002,USDT
2024-10-11T22:45:00Z,SOL/USDT,sell,145.27732500,3.2920882,0.47826577,USDT
2024-10-11T23:30:00Z,SOL/USDT,buy,145.52272500,3.28590334,0.47817361,USDT
2024-10-11T23:45:00Z,SOL/USDT,sell,145.26733000,3.28590334,0.47733440,USDT
2024-10-12T00:15:00Z,SOL/USDT,buy,145.73283000,3.28424168,0.47862183,USDT
2024-10-12T01:45:00Z,SOL/USDT,sell,145.49721500,3.28424168,0.47784802,USDT
2024-10-12T02:00:00Z,SOL/USDT,buy,145.98295500,3.2790167,0.47868055,USDT
2024-10-12T02:30:00Z,SOL/USDT,sell,145.30731000,3.2790167,0.47646510,USDT
2024-10-12T06:00:00Z,SOL/USDT,buy,145.77285000,3.27795236,0.47783646,USDT
2024-10-12T06:15:00Z,SOL/USDT,sell,145.80706000,3.27795236,0.47794860,USDT
2024-10-12T06:30:00Z,SOL/USDT,buy,145.66279500,3.28108816,0.47793247,USDT
2024-10-12T06:45:00Z,SOL/USDT,sell,145.82705000,3.28108816,0.47847141,USDT
2024-10-12T07:00:00Z,SOL/USDT,buy,145.70281500,3.276138,0.47734253,USDT
2024-10-12T07:30:00Z,SOL/USDT,stop_sell,145.45723500,3.276138,0.47653797,USDT
2024-10-12T07:45:00Z,SOL/USDT,buy,145.69281000,3.28124463,0.47805375,USDT
2024-10-12T09:15:00Z,SOL/USDT,sell,145.56718000,3.28124463,0.47764153,USDT
2024-10-12T15:30:00Z,SOL/USDT,buy,146.79336000,3.25612886,0.47797810,USDT
2024-10-12T15:30:00Z,SOL/USDT,stop_sell,146.31609107,3.25612886,0.47642405,USDT
2024-10-12T17:15:00Z,SOL/USDT,buy,146.79336000,3.25920303,0.47842936,USDT
2024-10-12T17:45:00Z,SOL/USDT,sell,146.59666500,3.25920303,0.47778829,USDT
2024-10-12T18:45:00Z,SOL/USDT,buy,146.48320500,3.25766432,0.47719311,USDT
2024-10-12T19:00:00Z,SOL/USDT,sell,146.48672000,3.25766432,0.47720456,USDT
2024-10-12T20:00:00Z,SOL/USDT,buy,146.54323500,3.25138289,0.47646817,USDT
2024-10-12T22:00:00Z,SOL/USDT,sell,146.59666500,3.25138289,0.47664189,USDT
2024-10-12T22:30:00Z,SOL/USDT,buy,146.73333000,3.25516996,0.47764193,USDT
2024-10-12T22:45:00Z,SOL/USDT,sell,146.44674000,3.25516996,0.47670903,USDT
2024-10-13T06:00:00Z,SOL/USDT,buy,146.46319500,3.2601424,0.47749087,USDT
2024-10-13T07:15:00Z,SOL/USDT,stop_sell,145.88702000,3.2601424,0.47561246,USDT
2024-10-13T07:45:00Z,SOL/USDT,buy,146.04298500,3.26282985,0.47651341,USDT
2024-10-13T11:30:00Z,SOL/USDT,sell,146.63664500,3.26282985,0.47845042,USDT
2024-10-13T11:45:00Z,SOL/USDT,buy,146.79336000,3.2546851,0.47776616,USDT
2024-10-13T14:45:00Z,SOL/USDT,sell,146.01695500,3.2546851,0.47523921,USDT
2024-10-13T19:45:00Z,SOL/USDT,buy,145.95294000,3.26816924,0.47699891,USDT
2024-10-14T03:00:00Z,SOL/USDT,sell,148.00596000,3.26816924,0.48370853,USDT
2024-10-14T03:15:00Z,SOL/USDT,buy,148.49421000,3.21577823,0.47752445,USDT
2024-10-14T07:15:00Z,SOL/USDT,sell,151.37427500,3.21577823,0.48678610,USDT
2024-10-14T07:30:00Z,SOL/USDT,buy,151.90591500,3.14896292,0.47834609,USDT
2024-10-14T08:00:00Z,SOL/USDT,sell,152.34379000,3.14896292,0.47972495,USDT
2024-10-14T08:45:00Z,SOL/USDT,buy,152.40616500,3.13287838,0.47746998,USDT
2024-10-14T11:15:00Z,SOL/USDT,sell,152.69361500,3.13287838,0.47837053,USDT
2024-10-14T15:45:00Z,SOL/USDT,buy,156.27810000,3.05906452,0.47806479,USDT
2024-10-14T16:15:00Z,SOL/USDT,stop_sell,154.93927732,3.05906452,0.47396925,USDT
2024-10-14T16:30:00Z,SOL/USDT,buy,155.07750000,3.0873038,0.47877136,USDT
2024-10-14T20:15:00Z,SOL/USDT,sell,155.37227500,3.0873038,0.47968142,USDT
2024-10-15T01:00:00Z,SOL/USDT,buy,157.54873500,3.02681679,0.47687116,USDT
2024-10-15T01:30:00Z,SOL/USDT,stop_sell,156.70303786,3.02681679,0.47431139,USDT
2024-10-15T01:45:00Z,SOL/USDT,buy,157.18855500,3.04608001,0.47880892,USDT
2024-10-15T03:15:00Z,SOL/USDT,sell,156.45173500,3.04608001,0.47656450,USDT
2024-10-16T04:00:00Z,SOL/USDT,buy,154.40716500,3.09481182,0.47786112,USDT
2024-10-16T04:30:00Z,SOL/USDT,sell,153.58317000,3.09481182,0.47531101,USDT
2024-10-16T08:45:00Z,SOL/USDT,buy,154.70731500,3.08279361,0.47693072,USDT
2024-10-16T12:30:00Z,SOL/USDT,sell,156.11190500,3.08279361,0.48126078,USDT
2024-10-16T12:45:00Z,SOL/USDT,buy,155.66779500,3.05529867,0.47561161,USDT
2024-10-16T13:15:00Z,SOL/USDT,sell,155.06243000,3.05529867,0.47376204,USDT
2024-10-16T18:30:00Z,SOL/USDT,buy,154.80736500,3.0793068,0.47669937,USDT
2024-10-16T19:00:00Z,SOL/USDT,sell,154.45273500,3.0793068,0.47560736,USDT
2024-10-17T02:00:00Z,SOL/USDT,buy,155.55774000,3.0657768,0.47690531,USDT
2024-10-17T02:15:00Z,SOL/USDT,stop_sell,154.74437482,3.0657768,0.47441171,USDT
2024-10-17T13:00:00Z,SOL/USDT,buy,152.48620500,3.12613681,0.47669274,USDT
2024-10-17T13:30:00Z,SOL/USDT,sell,151.85403500,3.12613681,0.47471649,USDT
2024-10-17T22:15:00Z,SOL/USDT,buy,150.29511000,3.16384154,0.47550991,USDT
2024-10-18T00:30:00Z,SOL/USDT,stop_sell,149.89323018,3.16384154,0.47423843,USDT
2024-10-18T00:45:00Z,SOL/USDT,buy,149.94493500,3.16982228,0.47529880,USDT
2024-10-18T01:00:00Z,SOL/USDT,sell,150.30481000,3.16982228,0.47643954,USDT
2024-10-18T02:30:00Z,SOL/USDT,buy,152.47620000,3.12332788,0.47623317,USDT
2024-10-18T11:45:00Z,SOL/USDT,sell,153.27332500,3.12332788,0.47872285,USDT
2024-10-18T20:45:00Z,SOL/USDT,buy,154.87740000,3.07291495,0.47592508,USDT
2024-10-18T21:15:00Z,SOL/USDT,sell,154.64264000,3.07291495,0.47520368,USDT
2024-10-19T01:45:00Z,SOL/USDT,buy,154.75734000,3.0744326,0.47579101,USDT
2024-10-19T02:00:00Z,SOL/USDT,sell,154.15288500,3.0744326,0.47393266,USDT
2024-10-19T02:15:00Z,SOL/USDT,buy,154.35714000,3.07695663,0.47495023,USDT
2024-10-19T04:30:00Z,SOL/USDT,sell,154.42275000,3.07695663,0.47515210,USDT
2024-10-19T06:00:00Z,SOL/USDT,buy,154.86739500,3.0698187,0.47541483,USDT
2024-10-19T06:30:00Z,SOL/USDT,sell,154.79256500,3.0698187,0.47518511,USDT
2024-10-19T06:45:00Z,SOL/USDT,buy,154.82737500,3.07039823,0.47538170,USDT
2024-10-19T07:00:00Z,SOL/USDT,sell,154.47272500,3.07039823,0.47429278,USDT
2024-10-19T07:30:00Z,SOL/USDT,buy,154.43718000,3.07689402,0.47518684,USDT
2024-10-19T07:45:00Z,SOL/USDT,sell,154.28282000,3.07689402,0.47471189,USDT
2024-10-19T08:45:00Z,SOL/USDT,buy,154.83738000,3.06920384,0.47522748,USDT
2024-10-19T09:00:00Z,SOL/USDT,sell,154.80256000,3.06920384,0.47512061,USDT
2024-10-19T09:15:00Z,SOL/USDT,buy,154.82737500,3.07083896,0.47544994,USDT
2024-10-19T09:15:00Z,SOL/USDT,stop_sell,154.37491679,3.07083896,0.47406051,USDT
2024-10-19T10:00:00Z,SOL/USDT,buy,154.74733500,3.06923315,0.47495565,USDT
2024-10-19T10:15:00Z,SOL/USDT,stop_sell,154.40561571,3.06923315,0.47390683,USDT
2024-10-19T12:45:00Z,SOL/USDT,buy,154.65729000,3.07575232,0.47568752,USDT
2024-10-19T13:00:00Z,SOL/USDT,sell,154.51270500,3.07575232,0.47524281,USDT
2024-10-19T14:15:00Z,SOL/USDT,buy,155.11752000,3.06193969,0.47496049,USDT
2024-10-19T19:45:00Z,SOL/USDT,sell,156.22185000,3.06193969,0.47834188,USDT
2024-10-19T20:30:00Z,SOL/USDT,buy,156.61827000,3.03500541,0.47533730,USDT
2024-10-20T03:30:00Z,SOL/USDT,sell,157.97097500,3.03500541,0.47944276,USDT
2024-10-20T05:30:00Z,SOL/USDT,buy,159.77985000,2.97520693,0.47537812,USDT
2024-10-20T06:00:00Z,SOL/USDT,stop_sell,159.14538750,2.97520693,0.47349046,USDT
2024-10-20T07:00:00Z,SOL/USDT,buy,159.24958500,2.98518716,0.47538982,USDT
2024-10-20T08:45:00Z,SOL/USDT,sell,158.75058500,2.98518716,0.47390021,USDT
2024-10-20T20:15:00Z,SOL/USDT,buy,160.75033500,2.95719724,0.47537045,USDT
2024-10-21T07:00:00Z,SOL/USDT,sell,169.18536500,2.95719724,0.50031449,USDT
2024-10-21T07:15:00Z,SOL/USDT,buy,169.46469000,2.81236275,0.47659618,USDT
2024-10-21T08:15:00Z,SOL/USDT,stop_sell,168.28759982,2.81236275,0.47328578,USDT
2024-10-21T17:30:00Z,SOL/USDT,buy,165.77284500,2.87619046,0.47679428,USDT
2024-10-22T00:00:00Z,SOL/USDT,sell,165.82704500,2.87619046,0.47695016,USDT
2024-10-22T01:30:00Z,SOL/USDT,buy,166.98345000,2.85204093,0.47624363,USDT
2024-10-22T02:00:00Z,SOL/USDT,sell,166.87652000,2.85204093,0.47593867,USDT
2024-10-22T02:15:00Z,SOL/USDT,buy,167.38365000,2.84140022,0.47560394,USDT
2024-10-22T02:45:00Z,SOL/USDT,sell,166.74658500,2.84140022,0.47379378,USDT
2024-10-22T05:15:00Z,SOL/USDT,buy,168.08400000,2.83315178,0.47620748,USDT
2024-10-22T07:45:00Z,SOL/USDT,stop_sell,167.10533411,2.83315178,0.47343477,USDT
2024-10-22T15:30:00Z,SOL/USDT,buy,168.17404500,2.83137923,0.47616450,USDT
2024-10-22T16:15:00Z,SOL/USDT,sell,167.70610500,2.83137923,0.47483958,USDT
2024-10-22T17:30:00Z,SOL/USDT,buy,167.10351000,2.84826666,0.47595536,USDT
2024-10-22T19:30:00Z,SOL/USDT,sell,168.64563500,2.84826666,0.48034774,USDT
2024-10-22T20:45:00Z,SOL/USDT,buy,168.08400000,2.83176313,0.47597407,USDT
2024-10-22T21:15:00Z,SOL/USDT,stop_sell,167.16887375,2.83176313,0.47338265,USDT
2024-10-23T08:15:00Z,SOL/USDT,buy,166.07299500,2.86072596,0.47508933,USDT
2024-10-23T08:45:00Z,SOL/USDT,sell,165.77707000,2.86072596,0.47424277,USDT
2024-10-23T10:00:00Z,SOL/USDT,buy,165.83287500,2.86918325,0.47580491,USDT
2024-10-23T17:00:00Z,SOL/USDT,sell,165.54718500,2.86918325,0.47498521,USDT
2024-10-23T17:15:00Z,SOL/USDT,buy,165.97294500,2.86055834,0.47477529,USDT
2024-10-23T18:00:00Z,SOL/USDT,sell,166.32679500,2.86055834,0.47578750,USDT
2024-10-23T19:00:00Z,SOL/USDT,buy,169.87489500,2.8017268,0.47594305,USDT
2024-10-24T00:00:00Z,SOL/USDT,sell,170.77457000,2.8017268,0.47846369,USDT
2024-10-24T04:15:00Z,SOL/USDT,buy,173.79685500,2.72237217,0.47313972,USDT
2024-10-24T04:15:00Z,SOL/USDT,stop_sell,173.50820250,2.72237217,0.47235390,USDT
2024-10-24T04:30:00Z,SOL/USDT,buy,174.03697500,2.73190569,0.47545260,USDT
2024-10-24T05:45:00Z,SOL/USDT,stop_sell,172.85388696,2.73190569,0.47222052,USDT
2024-10-24T06:00:00Z,SOL/USDT,buy,172.93642500,2.74370657,0.47448681,USDT
2024-10-24T07:00:00Z,SOL/USDT,sell,173.24333500,2.74370657,0.47532888,USDT
2024-10-24T11:45:00Z,SOL/USDT,buy,173.70681000,2.73922513,0.47582206,USDT
2024-10-24T12:00:00Z,SOL/USDT,sell,172.99346000,2.73922513,0.47386803,USDT
2024-10-24T16:45:00Z,SOL/USDT,buy,176.21806500,2.69497688,0.47490361,USDT
2024-10-24T21:15:00Z,SOL/USDT,sell,177.59116000,2.69497688,0.47860407,USDT
2024-10-25T12:00:00Z,SOL/USDT,buy,173.61676500,2.73253228,0.47441341,USDT
2024-10-25T15:45:00Z,SOL/USDT,sell,173.73309000,2.73253228,0.47473128,USDT
2024-10-26T03:45:00Z,SOL/USDT,buy,165.66279000,2.86530858,0.47467501,USDT
2024-10-26T04:45:00Z,SOL/USDT,sell,166.03694000,2.86530858,0.47574707,USDT
2024-10-26T05:00:00Z,SOL/USDT,buy,166.52322000,2.85279915,0.47505730,USDT
2024-10-26T12:00:00Z,SOL/USDT,sell,168.60565500,2.85279915,0.48099807,USDT
2024-10-26T12:15:00Z,SOL/USDT,buy,168.57424500,2.81777834,0.47500486,USDT
2024-10-26T14:00:00Z,SOL/USDT,sell,168.24583500,2.81777834,0.47407947,USDT
2024-10-26T16:00:00Z,SOL/USDT,buy,169.00446000,2.81355237,0.47550290,USDT
2024-10-26T16:15:00Z,SOL/USDT,sell,168.71560000,2.81355237,0.47469018,USDT
2024-10-26T16:30:00Z,SOL/USDT,buy,169.69480500,2.80011291,0.47516461,USDT
2024-10-26T17:30:00Z,SOL/USDT,sell,169.18536500,2.80011291,0.47373812,USDT
2024-10-26T17:45:00Z,SOL/USDT,buy,169.61476500,2.79783767,0.47455458,USDT
2024-10-27T00:00:00Z,SOL/USDT,sell,170.82454500,2.79783767,0.47793935,USDT
2024-10-27T02:15:00Z,SOL/USDT,buy,172.53622500,2.74764927,0.47406903,USDT
2024-10-27T02:30:00Z,SOL/USDT,stop_sell,172.06071232,2.74764927,0.47276249,USDT
2024-10-27T02:45:00Z,SOL/USDT,buy,172.19605500,2.75745487,0.47482285,USDT
2024-10-27T02:45:00Z,SOL/USDT,stop_sell,171.35856357,2.75745487,0.47251351,USDT
2024-10-27T03:30:00Z,SOL/USDT,buy,172.25608500,2.75738301,0.47497600,USDT
2024-10-27T07:00:00Z,SOL/USDT,sell,173.08341500,2.75738301,0.47725727,USDT
2024-10-27T07:30:00Z,SOL/USDT,buy,173.37664500,2.73858398,0.47480650,USDT
2024-10-27T16:00:00Z,SOL/USDT,sell,175.66212500,2.73858398,0.48106548,USDT
2024-10-27T21:15:00Z,SOL/USDT,buy,176.79835500,2.68798295,0.47523096,USDT
2024-10-27T22:00:00Z,SOL/USDT,sell,177.23134000,2.68798295,0.47639482,USDT
2024-10-28T21:15:00Z,SOL/USDT,buy,176.86839000,2.68868764,0.47554385,USDT
2024-10-29T00:15:00Z,SOL/USDT,sell,177.80105500,2.68868764,0.47805150,USDT
2024-10-29T00:30:00Z,SOL/USDT,buy,177.58875000,2.67606178,0.47523847,USDT
2024-10-29T02:00:00Z,SOL/USDT,sell,177.76107500,2.67606178,0.47569962,USDT
2024-10-29T02:15:00Z,SOL/USDT,buy,180.59025000,2.63269193,0.47543849,USDT
2024-10-29T02:45:00Z,SOL/USDT,sell,181.46922000,2.63269193,0.47775255,USDT
2024-10-29T11:45:00Z,SOL/USDT,buy,180.98044500,2.62369951,0.47483830,USDT
2024-10-29T12:00:00Z,SOL/USDT,stop_sell,180.25411357,2.62369951,0.47293263,USDT
2024-10-31T03:00:00Z,SOL/USDT,buy,176.78835000,2.6871248,0.47505236,USDT
2024-10-31T03:30:00Z,SOL/USDT,stop_sell,175.31908232,2.6871248,0.47110425,USDT
2024-10-31T04:45:00Z,SOL/USDT,buy,175.86789000,2.70080036,0.47498406,USDT
2024-10-31T05:00:00Z,SOL/USDT,sell,175.73209000,2.70080036,0.47461729,USDT
2024-10-31T05:15:00Z,SOL/USDT,buy,175.91791500,2.69866528,0.47474357,USDT
2024-10-31T06:00:00Z,SOL/USDT,sell,175.80205500,2.69866528,0.47443090,USDT
2024-10-31T06:30:00Z,SOL/USDT,buy,175.63777500,2.69671071,0.47364427,USDT
2024-10-31T06:30:00Z,SOL/USDT,stop_sell,175.29730750,2.69671071,0.47272613,USDT
2024-10-31T23:00:00Z,SOL/USDT,buy,169.72482000,2.79583316,0.47452228,USDT
2024-10-31T23:15:00Z,SOL/USDT,sell,169.01545000,2.79583316,0.47253900,USDT
2024-11-01T10:15:00Z,SOL/USDT,buy,167.47369500,2.83201764,0.47428846,USDT
2024-11-01T15:00:00Z,SOL/USDT,sell,171.41425000,2.83201764,0.48544818,USDT
2024-11-01T20:30:00Z,SOL/USDT,buy,166.98345000,2.84471147,0.47501974,USDT
2024-11-01T20:45:00Z,SOL/USDT,stop_sell,165.89272643,2.84471147,0.47191694,USDT
2024-11-02T03:00:00Z,SOL/USDT,buy,167.57374500,2.82567183,0.47350841,USDT
2024-11-02T03:15:00Z,SOL/USDT,stop_sell,167.17315732,2.82567183,0.47237648,USDT
2024-11-02T04:00:00Z,SOL/USDT,buy,166.96344000,2.84160429,0.47444403,USDT
2024-11-02T05:00:00Z,SOL/USDT,sell,166.27682000,2.84160429,0.47249293,USDT
2024-11-02T10:30:00Z,SOL/USDT,buy,166.63327500,2.84652504,0.47432579,USDT
2024-11-02T10:45:00Z,SOL/USDT,sell,166.49671000,2.84652504,0.47393705,USDT
2024-11-02T11:15:00Z,SOL/USDT,buy,166.38315000,2.85016107,0.47421878,USDT
2024-11-02T11:30:00Z,SOL/USDT,sell,166.35678000,2.85016107,0.47414362,USDT
2024-11-02T20:00:00Z,SOL/USDT,buy,165.13252500,2.87159852,0.47419431,USDT
2024-11-03T01:00:00Z,SOL/USDT,sell,165.24733500,2.87159852,0.47452400,USDT
2024-11-03T07:15:00Z,SOL/USDT,buy,163.82187000,2.89215321,0.47379795,USDT
2024-11-03T09:30:00Z,SOL/USDT,stop_sell,163.04272357,2.89215321,0.47154454,USDT
2024-11-03T09:45:00Z,SOL/USDT,buy,162.97144500,2.90388424,0.47325021,USDT
2024-11-03T10:00:00Z,SOL/USDT,sell,162.86852500,2.90388424,0.47295134,USDT
2024-11-03T10:15:00Z,SOL/USDT,buy,163.72182000,2.89900738,0.47463076,USDT
2024-11-03T12:00:00Z,SOL/USDT,sell,163.47822000,2.89900738,0.47392457,USDT
2024-11-03T12:30:00Z,SOL/USDT,buy,164.27209500,2.89111644,0.47492975,USDT
2024-11-03T13:00:00Z,SOL/USDT,stop_sell,163.04950589,2.89111644,0.47139511,USDT
2024-11-03T22:15:00Z,SOL/USDT,buy,163.08150000,2.89830893,0.47266057,USDT
2024-11-03T22:30:00Z,SOL/USDT,stop_sell,162.12996589,2.89830893,0.46990273,USDT
2024-11-03T23:00:00Z,SOL/USDT,buy,162.53122500,2.90825634,0.47268247,USDT
2024-11-04T00:30:00Z,SOL/USDT,stop_sell,161.57917000,2.90825634,0.46991365,USDT
2024-11-04T01:00:00Z,SOL/USDT,buy,161.74083000,2.92387864,0.47291056,USDT
2024-11-04T01:45:00Z,SOL/USDT,sell,162.10890500,2.92387864,0.47398676,USDT
2024-11-04T02:45:00Z,SOL/USDT,buy,163.80186000,2.88554493,0.47265763,USDT
2024-11-04T04:00:00Z,SOL/USDT,sell,162.76857500,2.88554493,0.46967604,USDT
2024-11-04T04:15:00Z,SOL/USDT,buy,163.67179500,2.88945164,0.47292174,USDT
2024-11-04T05:15:00Z,SOL/USDT,stop_sell,162.22884500,2.88945164,0.46875240,USDT
2024-11-04T05:30:00Z,SOL/USDT,buy,162.00096000,2.91297858,0.47190533,USDT
2024-11-04T05:45:00Z,SOL/USDT,sell,161.52919500,2.91297858,0.47053109,USDT
2024-11-04T06:00:00Z,SOL/USDT,buy,161.81086500,2.91543491,0.47174904,USDT
2024-11-04T06:15:00Z,SOL/USDT,sell,161.75908000,2.91543491,0.47159807,USDT
2024-11-04T10:15:00Z,SOL/USDT,buy,163.25158500,2.89058644,0.47189282,USDT
2024-11-04T14:45:00Z,SOL/USDT,stop_sell,162.14317357,2.89058644,0.46868886,USDT
2024-11-05T03:00:00Z,SOL/USDT,buy,158.63928000,2.97953437,0.47267119,USDT
2024-11-05T03:45:00Z,SOL/USDT,sell,159.12040000,2.97953437,0.47410470,USDT
2024-11-05T08:00:00Z,SOL/USDT,buy,162.09100500,2.90822912,0.47139778,USDT
2024-11-05T10:00:00Z,SOL/USDT,stop_sell,161.29681125,2.90822912,0.46908808,USDT
2024-11-05T10:15:00Z,SOL/USDT,buy,161.71081500,2.9224994,0.47259976,USDT
2024-11-05T18:30:00Z,SOL/USDT,sell,166.67662000,2.9224994,0.48711232,USDT
2024-11-05T18:45:00Z,SOL/USDT,buy,167.27359500,2.82490771,0.47253247,USDT
2024-11-05T19:00:00Z,SOL/USDT,sell,167.23634000,2.82490771,0.47242723,USDT
2024-11-05T19:45:00Z,SOL/USDT,buy,167.07349500,2.82575792,0.47210925,USDT
2024-11-05T19:45:00Z,SOL/USDT,stop_sell,165.79384732,2.82575792,0.46849328,USDT
2024-11-05T20:45:00Z,SOL/USDT,buy,166.30311000,2.83239496,0.47103609,USDT
2024-11-05T21:15:00Z,SOL/USDT,sell,166.40675500,2.83239496,0.47132965,USDT
2024-11-05T23:00:00Z,SOL/USDT,buy,167.36364000,2.81803278,0.47163622,USDT
2024-11-05T23:45:00Z,SOL/USDT,sell,166.78656500,2.81803278,0.47001001,USDT
2024-11-06T00:15:00Z,SOL/USDT,buy,167.23357500,2.8147859,0.47072671,USDT
2024-11-06T08:30:00Z,SOL/USDT,sell,180.52969000,2.8147859,0.50815243,USDT
2024-11-06T11:45:00Z,SOL/USDT,buy,186.02296500,2.55024581,0.47440429,USDT
2024-11-06T12:00:00Z,SOL/USDT,sell,186.60665000,2.55024581,0.47589283,USDT
2024-11-06T12:30:00Z,SOL/USDT,buy,187.09350000,2.53385125,0.47406710,USDT
2024-11-06T13:15:00Z,SOL/USDT,stop_sell,185.85059964,2.53385125,0.47091777,USDT
2024-11-06T13:30:00Z,SOL/USDT,buy,186.46318500,2.54269849,0.47411966,USDT
2024-11-06T14:45:00Z,SOL/USDT,stop_sell,185.21234750,2.54269849,0.47093916,USDT
2024-11-06T15:00:00Z,SOL/USDT,buy,185.30260500,2.56445723,0.47520061,USDT
2024-11-06T16:00:00Z,SOL/USDT,sell,185.35727500,2.56445723,0.47534080,USDT
2024-11-07T10:15:00Z,SOL/USDT,buy,188.32411500,2.51547492,0.47372459,USDT
2024-11-07T10:30:00Z,SOL/USDT,stop_sell,187.24276036,2.51547492,0.47100447,USDT
2024-11-07T15:15:00Z,SOL/USDT,buy,188.90440500,2.50619489,0.47343125,USDT
2024-11-07T22:45:00Z,SOL/USDT,sell,194.77256500,2.50619489,0.48813801,USDT
2024-11-08T02:45:00Z,SOL/USDT,buy,196.58824500,2.41199284,0.47416944,USDT
2024-11-08T05:30:00Z,SOL/USDT,sell,199.23033500,2.41199284,0.48054214,USDT
2024-11-08T05:45:00Z,SOL/USDT,buy,199.69980000,2.38460775,0.47620569,USDT
2024-11-08T06:00:00Z,SOL/USDT,sell,199.07041500,2.38460775,0.47470485,USDT
2024-11-08T07:15:00Z,SOL/USDT,buy,197.67879000,2.40171865,0.47476884,USDT
2024-11-08T14:45:00Z,SOL/USDT,sell,200.89950000,2.40171865,0.48250408,USDT
2024-11-09T01:15:00Z,SOL/USDT,buy,199.91991000,2.37679512,0.47516867,USDT
2024-11-09T01:15:00Z,SOL/USDT,stop_sell,198.80983107,2.37679512,0.47253024,USDT
2024-11-09T02:00:00Z,SOL/USDT,buy,199.00945500,2.38490515,0.47461867,USDT
2024-11-09T02:00:00Z,SOL/USDT,stop_sell,198.06913018,2.38490515,0.47237609,USDT
2024-11-09T03:00:00Z,SOL/USDT,buy,199.78984500,2.37717539,0.47493550,USDT
2024-11-09T03:45:00Z,SOL/USDT,stop_sell,198.45465161,2.37717539,0.47176151,USDT
2024-11-09T04:00:00Z,SOL/USDT,buy,199.17954000,2.38712357,0.47546617,USDT
2024-11-09T04:45:00Z,SOL/USDT,sell,199.38026000,2.38712357,0.47594532,USDT
2024-11-09T05:15:00Z,SOL/USDT,buy,200.44017000,2.37011054,0.47506536,USDT
2024-11-09T13:00:00Z,SOL/USDT,sell,199.99995000,2.37011054,0.47402199,USDT
2024-11-09T21:45:00Z,SOL/USDT,buy,198.68929500,2.38877649,0.47462432,USDT
2024-11-10T00:15:00Z,SOL/USDT,sell,199.64013000,2.38877649,0.47689565,USDT
2024-11-10T09:15:00Z,SOL/USDT,buy,205.18254000,2.31341126,0.47467160,USDT
2024-11-10T09:30:00Z,SOL/USDT,sell,205.05742000,2.31341126,0.47438214,USDT
2024-11-10T15:00:00Z,SOL/USDT,buy,206.78334000,2.29323378,0.47420254,USDT
2024-11-10T20:00:00Z,SOL/USDT,sell,208.34577500,2.29323378,0.47778557,USDT
2024-11-11T00:30:00Z,SOL/USDT,buy,210.23506500,2.25680249,0.47445902,USDT
2024-11-11T02:15:00Z,SOL/USDT,sell,210.84452500,2.25680249,0.47583445,USDT
2024-11-11T09:15:00Z,SOL/USDT,buy,210.85537500,2.25053821,0.47453808,USDT
2024-11-11T15:30:00Z,SOL/USDT,sell,219.22033500,2.25053821,0.49336374,USDT
2024-11-12T08:00:00Z,SOL/USDT,buy,221.88088500,2.14533233,0.47600824,USDT
2024-11-12T09:00:00Z,SOL/USDT,stop_sell,219.34777125,2.14533233,0.47057387,USDT
2024-11-12T15:30:00Z,SOL/USDT,buy,212.44617000,2.24668587,0.47729981,USDT
2024-11-12T15:45:00Z,SOL/USDT,sell,210.55467000,2.24668587,0.47305020,USDT
2024-11-12T16:45:00Z,SOL/USDT,buy,212.05597500,2.24005882,0.47501786,USDT
2024-11-12T17:00:00Z,SOL/USDT,sell,211.39425000,2.24005882,0.47353555,USDT
2024-11-12T17:15:00Z,SOL/USDT,buy,211.99594500,2.24762526,0.47648744,USDT
2024-11-12T20:00:00Z,SOL/USDT,sell,213.03343000,2.24762526,0.47881932,USDT
2024-11-12T22:30:00Z,SOL/USDT,buy,213.37663500,2.23050478,0.47593760,USDT
2024-11-12T23:15:00Z,SOL/USDT,stop_sell,210.88628982,2.23050478,0.47038288,USDT
2024-11-12T23:30:00Z,SOL/USDT,buy,213.28659000,2.22419382,0.47439072,USDT
2024-11-12T23:45:00Z,SOL/USDT,sell,212.12388500,2.22419382,0.47180463,USDT
2024-11-13T08:30:00Z,SOL/USDT,buy,206.30310000,2.29822521,0.47413099,USDT
2024-11-13T14:15:00Z,SOL/USDT,sell,210.76456500,2.29822521,0.48438444,USDT
2024-11-13T14:45:00Z,SOL/USDT,buy,215.26758000,2.20167301,0.47394882,USDT
2024-11-13T15:00:00Z,SOL/USDT,stop_sell,212.40160321,2.20167301,0.46763888,USDT
2024-11-13T17:45:00Z,SOL/USDT,buy,217.42866000,2.18127429,0.47427155,USDT
2024-11-13T19:15:00Z,SOL/USDT,stop_sell,213.13766357,2.18127429,0.46491171,USDT
2024-11-14T00:30:00Z,SOL/USDT,buy,214.08699000,2.20785988,0.47267408,USDT
2024-11-14T01:30:00Z,SOL/USDT,sell,212.53368000,2.20785988,0.46924459,USDT
2024-11-14T01:45:00Z,SOL/USDT,buy,213.57673500,2.21056002,0.47212419,USDT
2024-11-14T08:30:00Z,SOL/USDT,sell,218.81054000,2.21056002,0.48369383,USDT
2024-11-14T09:45:00Z,SOL/USDT,buy,221.89089000,2.13229204,0.47313618,USDT
2024-11-14T10:30:00Z,SOL/USDT,stop_sell,219.73043696,2.13229204,0.46852946,USDT
2024-11-14T17:00:00Z,SOL/USDT,buy,215.69779500,2.18316325,0.47090350,USDT
2024-11-14T17:15:00Z,SOL/USDT,sell,214.64262500,2.18316325,0.46859989,USDT
2024-11-14T18:30:00Z,SOL/USDT,buy,215.48769000,2.19350158,0.47267259,USDT
2024-11-14T18:45:00Z,SOL/USDT,sell,213.95297000,2.19350158,0.46930618,USDT
2024-11-14T19:30:00Z,SOL/USDT,buy,214.78734000,2.19332719,0.47109891,USDT
2024-11-14T20:00:00Z,SOL/USDT,stop_sell,213.40360196,2.19332719,0.46806392,USDT
2024-11-14T20:15:00Z,SOL/USDT,buy,213.37663500,2.22342345,0.47442661,USDT
2024-11-14T21:45:00Z,SOL/USDT,sell,213.75307000,2.22342345,0.47526359,USDT
2024-11-15T12:30:00Z,SOL/USDT,buy,213.81685500,2.20737947,0.47197494,USDT
2024-11-15T12:45:00Z,SOL/USDT,sell,213.33328000,2.20737947,0.47090750,USDT
2024-11-15T19:15:00Z,SOL/USDT,buy,211.43566500,2.23292459,0.47211990,USDT
2024-11-16T02:15:00Z,SOL/USDT,sell,218.39075000,2.23292459,0.48765008,USDT
2024-11-16T02:30:00Z,SOL/USDT,buy,219.10950000,2.16136926,0.47357654,USDT
2024-11-16T03:15:00Z,SOL/USDT,sell,219.45022000,2.16136926,0.47431296,USDT
2024-11-16T05:30:00Z,SOL/USDT,buy,219.82986000,2.14542177,0.47162777,USDT
2024-11-16T06:30:00Z,SOL/USDT,stop_sell,218.84552250,2.14542177,0.46951595,USDT
2024-11-16T20:00:00Z,SOL/USDT,buy,216.44817000,2.18643395,0.47324963,USDT
2024-11-16T20:15:00Z,SOL/USDT,stop_sell,215.10953429,2.18643395,0.47032279,USDT
2024-11-17T00:15:00Z,SOL/USDT,buy,216.33811500,2.18753045,0.47324621,USDT
2024-11-17T01:45:00Z,SOL/USDT,stop_sell,214.83824143,2.18753045,0.46996519,USDT
2024-11-17T02:00:00Z,SOL/USDT,buy,215.95792500,2.18485475,0.47183670,USDT
2024-11-17T02:00:00Z,SOL/USDT,stop_sell,214.24353893,2.18485475,0.46809101,USDT
2024-11-17T03:00:00Z,SOL/USDT,buy,216.18804000,2.17818518,0.47089758,USDT
2024-11-17T03:15:00Z,SOL/USDT,sell,215.19235000,2.17818518,0.46872879,USDT
2024-11-17T03:30:00Z,SOL/USDT,buy,216.85837500,2.17733914,0.47217423,USDT
2024-11-17T11:15:00Z,SOL/USDT,sell,237.30129000,2.17733914,0.51668539,USDT
2024-11-17T11:30:00Z,SOL/USDT,buy,238.38913500,1.98832582,0.47399527,USDT
2024-11-17T11:45:00Z,SOL/USDT,sell,237.40124000,1.98832582,0.47203102,USDT
2024-11-17T17:00:00Z,SOL/USDT,buy,233.84686500,2.03337149,0.47549755,USDT
2024-11-17T17:15:00Z,SOL/USDT,sell,232.42373000,2.03337149,0.47260379,USDT
2024-11-17T18:00:00Z,SOL/USDT,buy,234.16702500,2.03101275,0.47559621,USDT
2024-11-17T18:15:00Z,SOL/USDT,stop_sell,231.43565286,2.03101275,0.47004876,USDT
2024-11-17T18:30:00Z,SOL/USDT,buy,231.68578500,2.044799,0.47375086,USDT
2024-11-17T20:30:00Z,SOL/USDT,sell,234.52268000,2.044799,0.47955174,USDT
2024-11-17T20:45:00Z,SOL/USDT,buy,235.59774000,2.01416393,0.47453247,USDT
2024-11-17T21:45:00Z,SOL/USDT,stop_sell,233.04092125,2.01416393,0.46938262,USDT
2024-11-17T22:00:00Z,SOL/USDT,buy,233.02645500,2.03201512,0.47351328,USDT
2024-11-17T22:45:00Z,SOL/USDT,sell,233.11338500,2.03201512,0.47368992,USDT
2024-11-17T23:00:00Z,SOL/USDT,buy,234.27708000,2.02040762,0.47333520,USDT
2024-11-18T00:45:00Z,SOL/USDT,sell,234.90249000,2.02040762,0.47459878,USDT
2024-11-18T01:15:00Z,SOL/USDT,buy,237.05847000,2.00140871,0.47445089,USDT
2024-11-18T01:45:00Z,SOL/USDT,sell,238.07090500,2.00140871,0.47647718,USDT
2024-11-18T11:15:00Z,SOL/USDT,buy,245.82285000,1.93077782,0.47462931,USDT
2024-11-18T11:30:00Z,SOL/USDT,stop_sell,243.26009482,1.93077782,0.46968120,USDT
2024-11-18T12:00:00Z,SOL/USDT,buy,242.08098000,1.95585603,0.47347554,USDT
2024-11-18T13:00:00Z,SOL/USDT,stop_sell,239.57408161,1.95585603,0.46857241,USDT
2024-11-18T22:30:00Z,SOL/USDT,buy,239.81985000,1.97785229,0.47432824,USDT
2024-11-18T23:00:00Z,SOL/USDT,sell,239.03042500,1.97785229,0.47276687,USDT
2024-11-18T23:45:00Z,SOL/USDT,buy,239.36962500,1.97379638,0.47246690,USDT
2024-11-19T02:00:00Z,SOL/USDT,sell,238.49069500,1.97379638,0.47073207,USDT
2024-11-19T02:30:00Z,SOL/USDT,buy,239.90989500,1.97027168,0.47268767,USDT
2024-11-19T04:30:00Z,SOL/USDT,sell,239.33027500,1.97027168,0.47154566,USDT
2024-11-19T04:45:00Z,SOL/USDT,buy,240.18003000,1.96891985,0.47289523,USDT
2024-11-19T05:00:00Z,SOL/USDT,sell,239.05041500,1.96891985,0.47067111,USDT
2024-11-19T09:45:00Z,SOL/USDT,buy,242.32110000,1.94935002,0.47236864,USDT
2024-11-19T13:00:00Z,SOL/USDT,sell,244.52767500,1.94935002,0.47667003,USDT
2024-11-19T20:15:00Z,SOL/USDT,buy,243.99193500,1.93933316,0.47318165,USDT
2024-11-19T20:30:00Z,SOL/USDT,sell,242.21883000,1.93933316,0.46974301,USDT
2024-11-20T02:30:00Z,SOL/USDT,buy,235.12750500,2.00255722,0.47085628,USDT
2024-11-20T02:30:00Z,SOL/USDT,stop_sell,234.16571571,2.00255722,0.46893024,USDT
2024-11-20T08:45:00Z,SOL/USDT,buy,238.64926500,1.9800104,0.47252803,USDT
2024-11-20T09:00:00Z,SOL/USDT,stop_sell,236.98609054,1.9800104,0.46923492,USDT
2024-11-20T11:30:00Z,SOL/USDT,buy,236.79834000,1.99347175,0.47205080,USDT
2024-11-20T11:45:00Z,SOL/USDT,sell,236.75156500,1.99347175,0.47195756,USDT
2024-11-20T15:00:00Z,SOL/USDT,buy,240.34011000,1.96350058,0.47190795,USDT
2024-11-20T15:00:00Z,SOL/USDT,stop_sell,237.70751536,1.96350058,0.46673884,USDT
2024-11-20T23:15:00Z,SOL/USDT,buy,236.53821000,1.98861944,0.47038448,USDT
2024-11-20T23:45:00Z,SOL/USDT,stop_sell,235.14022821,1.98861944,0.46760443,USDT
2024-11-21T00:00:00Z,SOL/USDT,buy,235.45767000,1.99841297,0.47054166,USDT
2024-11-21T02:15:00Z,SOL/USDT,sell,234.38275000,1.99841297,0.46839353,USDT
2024-11-21T08:00:00Z,SOL/USDT,buy,241.66077000,1.94849334,0.47087440,USDT
2024-11-21T10:30:00Z,SOL/USDT,sell,240.46970500,1.94849334,0.46855362,USDT
2024-11-21T10:45:00Z,SOL/USDT,buy,242.36112000,1.94459574,0.47129440,USDT
2024-11-21T11:45:00Z,SOL/USDT,stop_sell,240.31692429,1.94459574,0.46731927,USDT
2024-11-21T15:30:00Z,SOL/USDT,buy,243.86187000,1.92814427,0.47020087,USDT
2024-11-21T21:45:00Z,SOL/USDT,sell,253.47320000,1.92814427,0.48873290,USDT
2024-11-22T00:15:00Z,SOL/USDT,buy,256.74831000,1.83656451,0.47153483,USDT
2024-11-22T01:00:00Z,SOL/USDT,sell,254.02292500,1.83656451,0.46652949,USDT
2024-11-22T01:30:00Z,SOL/USDT,buy,257.12850000,1.83228489,0.47113267,USDT
2024-11-22T07:00:00Z,SOL/USDT,sell,258.83052000,1.83228489,0.47425125,USDT
2024-11-22T12:00:00Z,SOL/USDT,buy,259.65976500,1.81481391,0.47123415,USDT
2024-11-22T12:15:00Z,SOL/USDT,sell,259.16035500,1.81481391,0.47032782,USDT
2024-11-22T12:45:00Z,SOL/USDT,buy,259.89988500,1.81187121,0.47090512,USDT
2024-11-22T13:00:00Z,SOL/USDT,stop_sell,258.18798429,1.81187121,0.46780338,USDT
2024-11-22T21:00:00Z,SOL/USDT,buy,255.31759500,1.84426024,0.47087209,USDT
2024-11-22T21:15:00Z,SOL/USDT,sell,254.08289500,1.84426024,0.46859498,USDT
2024-11-22T22:30:00Z,SOL/USDT,buy,255.88788000,1.83770659,0.47024684,USDT
2024-11-23T02:45:00Z,SOL/USDT,sell,254.72257500,1.83770659,0.46810535,USDT
2024-11-23T05:45:00Z,SOL/USDT,buy,259.71979500,1.81161701,0.47051280,USDT
2024-11-23T09:00:00Z,SOL/USDT,sell,257.87100000,1.81161701,0.46716349,USDT
2024-11-23T21:15:00Z,SOL/USDT,buy,255.58773000,1.83683932,0.46947359,USDT
2024-11-23T21:30:00Z,SOL/USDT,sell,254.91248000,1.83683932,0.46823327,USDT
2024-11-24T01:00:00Z,SOL/USDT,buy,258.34911000,1.8190874,0.46995961,USDT
2024-11-24T02:00:00Z,SOL/USDT,stop_sell,256.43707446,1.8190874,0.46648145,USDT
2024-11-24T02:15:00Z,SOL/USDT,buy,258.51919500,1.81666374,0.46964245,USDT
2024-11-24T04:30:00Z,SOL/USDT,stop_sell,255.92304589,1.81666374,0.46492612,USDT
2024-11-24T05:15:00Z,SOL/USDT,buy,257.05846500,1.82373925,0.46880761,USDT
2024-11-24T05:30:00Z,SOL/USDT,sell,256.03192000,1.82373925,0.46693546,USDT
2024-11-24T17:30:00Z,SOL/USDT,buy,246.96342000,1.90188555,0.46969616,USDT
2024-11-24T23:30:00Z,SOL/USDT,sell,253.69309000,1.90188555,0.48249522,USDT
2024-11-25T05:15:00Z,SOL/USDT,buy,253.39663500,1.85491187,0.47002843,USDT
2024-11-25T07:00:00Z,SOL/USDT,sell,251.63412000,1.85491187,0.46675912,USDT
2024-11-26T02:15:00Z,SOL/USDT,buy,238.31910000,1.97117387,0.46976838,USDT
2024-11-26T02:45:00Z,SOL/USDT,sell,239.20034000,1.97117387,0.47150546,USDT
2024-11-26T04:00:00Z,SOL/USDT,buy,237.66877500,1.97069618,0.46837295,USDT
2024-11-26T04:00:00Z,SOL/USDT,stop_sell,236.50668750,1.97069618,0.46608283,USDT
2024-11-26T06:15:00Z,SOL/USDT,buy,238.25907000,1.96886861,0.46910080,USDT
2024-11-26T07:00:00Z,SOL/USDT,stop_sell,236.71979518,1.96886861,0.46607017,USDT
2024-11-26T20:45:00Z,SOL/USDT,buy,230.04496500,2.03794946,0.46882001,USDT
2024-11-26T21:15:00Z,SOL/USDT,sell,229.77505500,2.03794946,0.46826995,USDT
2024-11-26T22:00:00Z,SOL/USDT,buy,230.63526000,2.03257099,0.46878254,USDT
2024-11-27T01:00:00Z,SOL/USDT,sell,230.14487000,2.03257099,0.46778579,USDT
2024-11-27T01:15:00Z,SOL/USDT,buy,229.90489500,2.04155341,0.46936312,USDT
2024-11-27T01:45:00Z,SOL/USDT,sell,231.24432000,2.04155341,0.47209763,USDT
2024-11-27T02:30:00Z,SOL/USDT,buy,232.11600000,2.01764294,0.46832721,USDT
2024-11-27T04:15:00Z,SOL/USDT,sell,232.02393000,2.01764294,0.46814144,USDT
2024-11-27T11:30:00Z,SOL/USDT,buy,235.25757000,1.99356228,0.46900062,USDT
2024-11-27T12:00:00Z,SOL/USDT,stop_sell,233.51746857,1.99356228,0.46553162,USDT
2024-11-27T12:15:00Z,SOL/USDT,buy,233.60674500,2.00126115,0.46750810,USDT
2024-11-27T12:30:00Z,SOL/USDT,sell,232.88350000,2.00126115,0.46606070,USDT
2024-11-27T13:00:00Z,SOL/USDT,buy,234.89739000,2.00053232,0.46991982,USDT
2024-11-27T18:30:00Z,SOL/USDT,sell,239.74007000,2.00053232,0.47960776,USDT
2024-11-27T18:45:00Z,SOL/USDT,buy,239.25957000,1.9569997,0.46823091,USDT
2024-11-27T19:30:00Z,SOL/USDT,sell,239.75006500,1.9569997,0.46919081,USDT
2024-11-27T21:45:00Z,SOL/USDT,buy,240.07998000,1.94943579,0.46802051,USDT
2024-11-27T22:00:00Z,SOL/USDT,sell,240.19984000,1.94943579,0.46825416,USDT
2024-11-27T23:15:00Z,SOL/USDT,buy,240.61024500,1.94790541,0.46868600,USDT
2024-11-28T03:15:00Z,SOL/USDT,sell,241.83902000,1.94790541,0.47107954,USDT
2024-11-28T17:30:00Z,SOL/USDT,buy,236.33811000,1.98410511,0.46891965,USDT
2024-11-28T17:45:00Z,SOL/USDT,sell,235.23232500,1.98410511,0.46672566,USDT
2024-11-28T18:00:00Z,SOL/USDT,buy,235.28758500,1.98910823,0.46801247,USDT
2024-11-28T19:00:00Z,SOL/USDT,sell,236.58165000,1.98910823,0.47058651,USDT
2024-11-28T20:00:00Z,SOL/USDT,buy,235.66777500,1.989157,0.46878020,USDT
2024-11-28T22:00:00Z,SOL/USDT,sell,235.81203500,1.989157,0.46906716,USDT
2024-11-28T22:15:00Z,SOL/USDT,buy,236.77833000,1.98321069,0.46958132,USDT
2024-11-28T23:00:00Z,SOL/USDT,sell,237.72108000,1.98321069,0.47145099,USDT
2024-11-29T00:15:00Z,SOL/USDT,buy,237.97893000,1.97399904,0.46977018,USDT
2024-11-29T01:45:00Z,SOL/USDT,sell,237.21133500,1.97399904,0.46825495,USDT
2024-11-29T02:00:00Z,SOL/USDT,buy,238.59924000,1.96604916,0.46909784,USDT
2024-11-29T07:30:00Z,SOL/USDT,sell,240.08989500,1.96604916,0.47202854,USDT
2024-11-29T11:30:00Z,SOL/USDT,buy,242.66127000,1.93176819,0.46876532,USDT
2024-11-29T14:45:00Z,SOL/USDT,stop_sell,241.62948196,1.93176819,0.46677215,USDT
2024-11-29T15:00:00Z,SOL/USDT,buy,244.77232500,1.91414985,0.46853091,USDT
2024-11-29T15:30:00Z,SOL/USDT,stop_sell,242.86136571,1.91414985,0.46487305,USDT
2024-11-29T15:45:00Z,SOL/USDT,buy,244.42215000,1.9153887,0.46816342,USDT
2024-11-29T16:15:00Z,SOL/USDT,stop_sell,242.47834304,1.9153887,0.46444028,USDT
2024-11-29T21:30:00Z,SOL/USDT,buy,243.46167000,1.92592577,0.46888910,USDT
2024-11-30T00:30:00Z,SOL/USDT,stop_sell,241.57450946,1.92592577,0.46525457,USDT
2024-11-30T05:30:00Z,SOL/USDT,buy,242.64126000,1.93070297,0.46846820,USDT
2024-11-30T10:30:00Z,SOL/USDT,sell,241.73907000,1.93070297,0.46672634,USDT
2024-12-01T13:30:00Z,SOL/USDT,buy,238.09899000,1.96175996,0.46709307,USDT
2024-12-01T13:45:00Z,SOL/USDT,sell,237.67110500,1.96175996,0.46625366,USDT
2024-12-01T14:15:00Z,SOL/USDT,buy,238.32910500,1.95770997,0.46657926,USDT
2024-12-01T14:30:00Z,SOL/USDT,stop_sell,237.49369375,1.95770997,0.46494377,USDT
2024-12-01T15:00:00Z,SOL/USDT,buy,238.36912500,1.95832701,0.46680470,USDT
2024-12-01T15:15:00Z,SOL/USDT,sell,237.63112500,1.95832701,0.46535945,USDT
2024-12-01T23:15:00Z,SOL/USDT,buy,238.69929000,1.95408448,0.46643858,USDT
2024-12-01T23:30:00Z,SOL/USDT,sell,238.23082500,1.95408448,0.46552316,USDT
2024-12-02T00:15:00Z,SOL/USDT,buy,235.57773000,1.97925284,0.46626789,USDT
2024-12-02T00:45:00Z,SOL/USDT,sell,235.72208000,1.97925284,0.46655360,USDT
2024-12-03T02:15:00Z,SOL/USDT,buy,224.41215000,2.08422175,0.46772468,USDT
2024-12-03T07:30:00Z,SOL/USDT,sell,226.42673000,2.08422175,0.47192352,USDT
2024-12-03T19:15:00Z,SOL/USDT,buy,225.36262500,2.06864947,0.46619627,USDT
2024-12-04T02:30:00Z,SOL/USDT,sell,236.54167000,2.06864947,0.48932180,USDT
2024-12-04T03:15:00Z,SOL/USDT,buy,237.91890000,1.96927853,0.46852858,USDT
2024-12-04T06:00:00Z,SOL/USDT,sell,237.81103500,1.96927853,0.46831617,USDT
2024-12-05T10:00:00Z,SOL/USDT,buy,237.56872500,1.97179414,0.46843662,USDT
2024-12-05T15:15:00Z,SOL/USDT,sell,239.51018500,1.97179414,0.47226478,USDT
2024-12-05T23:15:00Z,SOL/USDT,buy,237.38863500,1.96895249,0.46740694,USDT
2024-12-05T23:45:00Z,SOL/USDT,sell,236.20184000,1.96895249,0.46507020,USDT
2024-12-06T00:00:00Z,SOL/USDT,buy,236.08798500,1.98378007,0.46834664,USDT
2024-12-06T00:15:00Z,SOL/USDT,sell,235.79204500,1.98378007,0.46775956,USDT
2024-12-06T00:30:00Z,SOL/USDT,buy,238.48918500,1.96858214,0.46948555,USDT
2024-12-06T04:15:00Z,SOL/USDT,sell,241.37925000,1.96858214,0.47517488,USDT
2024-12-06T04:30:00Z,SOL/USDT,buy,240.97042500,1.94417457,0.46848857,USDT
2024-12-06T05:15:00Z,SOL/USDT,sell,241.14936500,1.94417457,0.46883646,USDT
2024-12-07T07:45:00Z,SOL/USDT,buy,235.50769500,1.98181705,0.46673317,USDT
2024-12-07T07:45:00Z,SOL/USDT,stop_sell,235.27230500,1.98181705,0.46626667,USDT
2024-12-07T08:00:00Z,SOL/USDT,buy,236.20804500,1.98134331,0.46800923,USDT
2024-12-07T08:15:00Z,SOL/USDT,stop_sell,235.36475875,1.98134331,0.46633839,USDT
2024-12-07T08:30:00Z,SOL/USDT,buy,235.94791500,1.99065349,0.46969054,USDT
2024-12-07T14:15:00Z,SOL/USDT,sell,238.05091500,1.99065349,0.47387688,USDT
2024-12-07T14:30:00Z,SOL/USDT,buy,239.05947000,1.96534275,0.46983380,USDT
2024-12-07T19:45:00Z,SOL/USDT,sell,241.41923000,1.96534275,0.47447153,USDT
2024-12-07T20:15:00Z,SOL/USDT,buy,241.62075000,1.93371578,0.46722586,USDT
2024-12-07T20:30:00Z,SOL/USDT,stop_sell,240.69245071,1.93371578,0.46543079,USDT
2024-12-08T04:15:00Z,SOL/USDT,buy,240.93040500,1.94187035,0.46785561,USDT
2024-12-08T04:15:00Z,SOL/USDT,stop_sell,239.98601839,1.94187035,0.46602173,USDT
2024-12-08T17:30:00Z,SOL/USDT,buy,236.13801000,1.98187159,0.46799521,USDT
2024-12-08T17:45:00Z,SOL/USDT,sell,235.86201000,1.98187159,0.46744822,USDT
2024-12-08T18:00:00Z,SOL/USDT,buy,236.39814000,1.98103408,0.46831277,USDT
2024-12-08T18:15:00Z,SOL/USDT,sell,236.00194000,1.98103408,0.46752789,USDT
2024-12-09T13:30:00Z,SOL/USDT,buy,228.98443500,2.04145486,0.46746139,USDT
2024-12-09T15:15:00Z,SOL/USDT,stop_sell,227.55081054,2.04145486,0.46453471,USDT
2024-12-10T05:00:00Z,SOL/USDT,buy,216.16803000,2.16287876,0.46754524,USDT
2024-12-10T05:15:00Z,SOL/USDT,sell,215.97196000,2.16287876,0.46712117,USDT
2024-12-10T20:30:00Z,SOL/USDT,buy,213.38664000,2.19342214,0.46804698,USDT
2024-12-10T22:00:00Z,SOL/USDT,sell,213.01344000,2.19342214,0.46722840,USDT
2024-12-11T01:45:00Z,SOL/USDT,buy,215.40765000,2.17399522,0.46829520,USDT
2024-12-11T01:45:00Z,SOL/USDT,stop_sell,212.65219214,2.17399522,0.46230485,USDT
2024-12-11T02:30:00Z,SOL/USDT,buy,214.68729000,2.17344171,0.46661031,USDT
2024-12-11T05:45:00Z,SOL/USDT,sell,217.88100500,2.17344171,0.47355166,USDT
2024-12-11T06:00:00Z,SOL/USDT,buy,218.48919000,2.13980936,0.46752521,USDT
2024-12-11T15:30:00Z,SOL/USDT,sell,229.03542500,2.13980936,0.49009215,USDT
2024-12-11T15:45:00Z,SOL/USDT,buy,229.44466500,2.04901444,0.47013543,USDT
2024-12-11T16:15:00Z,SOL/USDT,sell,228.70559000,2.04901444,0.46862106,USDT
2024-12-11T17:45:00Z,SOL/USDT,buy,229.10449500,2.04806756,0.46922148,USDT
2024-12-11T17:45:00Z,SOL/USDT,stop_sell,226.97788286,2.04806756,0.46486604,USDT
2024-12-12T03:45:00Z,SOL/USDT,buy,230.72530500,2.02726585,0.46774153,USDT
2024-12-12T03:45:00Z,SOL/USDT,stop_sell,229.38989054,2.02726585,0.46503429,USDT
2024-12-12T11:00:00Z,SOL/USDT,buy,229.53471000,2.03392848,0.46685718,USDT
2024-12-12T11:15:00Z,SOL/USDT,sell,229.03542500,2.03392848,0.46584167,USDT
2024-12-12T16:00:00Z,SOL/USDT,buy,232.21605000,2.02244217,0.46964353,USDT
2024-12-12T16:45:00Z,SOL/USDT,sell,231.84402000,2.02244217,0.46889112,USDT
2024-12-13T10:45:00Z,SOL/USDT,buy,225.84286500,2.07265028,0.46809328,USDT
2024-12-13T11:15:00Z,SOL/USDT,sell,226.31678500,2.07265028,0.46907555,USDT
2024-12-14T05:15:00Z,SOL/USDT,buy,225.69279000,2.0734931,0.46797244,USDT
2024-12-14T08:15:00Z,SOL/USDT,sell,225.56716000,2.0734931,0.46771195,USDT
2024-12-14T08:45:00Z,SOL/USDT,buy,226.44316500,2.06219172,0.46696922,USDT
2024-12-14T09:00:00Z,SOL/USDT,stop_sell,225.88771393,2.06219172,0.46582377,USDT
2024-12-15T03:30:00Z,SOL/USDT,buy,220.80034500,2.11853199,0.46777259,USDT
2024-12-15T04:00:00Z,SOL/USDT,sell,220.87950500,2.11853199,0.46794030,USDT
2024-12-15T14:30:00Z,SOL/USDT,buy,220.31010000,2.12190724,0.46747760,USDT
2024-12-15T15:30:00Z,SOL/USDT,sell,220.61963500,2.12190724,0.46813440,USDT
2024-12-15T16:15:00Z,SOL/USDT,buy,221.79084000,2.10869306,0.46768881,USDT
2024-12-15T18:15:00Z,SOL/USDT,sell,220.42973000,2.10869306,0.46481864,USDT
2024-12-15T18:30:00Z,SOL/USDT,buy,221.19054000,2.11303992,0.46738444,USDT
2024-12-15T19:45:00Z,SOL/USDT,sell,221.53917500,2.11303992,0.46812112,USDT
2024-12-15T20:15:00Z,SOL/USDT,buy,221.33061000,2.11268128,0.46760104,USDT
2024-12-15T21:00:00Z,SOL/USDT,sell,220.64962000,2.11268128,0.46616232,USDT
2024-12-16T00:15:00Z,SOL/USDT,buy,224.11200000,2.08952056,0.46828663,USDT
2024-12-16T03:45:00Z,SOL/USDT,stop_sell,220.67139482,2.08952056,0.46109742,USDT
2024-12-16T04:00:00Z,SOL/USDT,buy,221.13051000,2.10612318,0.46572809,USDT
2024-12-16T04:15:00Z,SOL/USDT,sell,221.48920000,2.10612318,0.46648354,USDT
2024-12-16T19:30:00Z,SOL/USDT,buy,218.41915500,2.1347932,0.46627973,USDT
2024-12-16T20:45:00Z,SOL/USDT,stop_sell,216.44422375,2.1347932,0.46206366,USDT
2024-12-17T10:30:00Z,SOL/USDT,buy,223.09149000,2.09041541,0.46635389,USDT
2024-12-17T11:15:00Z,SOL/USDT,stop_sell,221.30179375,2.09041541,0.46261268,USDT
2024-12-17T11:45:00Z,SOL/USDT,buy,222.00094500,2.08527691,0.46293344,USDT
2024-12-17T11:45:00Z,SOL/USDT,stop_sell,221.63948196,2.08527691,0.46217969,USDT
2024-12-17T12:15:00Z,SOL/USDT,buy,221.92090500,2.10076767,0.46620426,USDT
2024-12-17T14:30:00Z,SOL/USDT,stop_sell,219.84252375,2.10076767,0.46183807,USDT
2024-12-17T16:15:00Z,SOL/USDT,buy,227.25357000,2.04665456,0.46510956,USDT
2024-12-17T17:30:00Z,SOL/USDT,sell,225.23732500,2.04665456,0.46098300,USDT
2024-12-17T18:00:00Z,SOL/USDT,buy,227.01345000,2.04640663,0.46456183,USDT
2024-12-17T21:00:00Z,SOL/USDT,sell,226.19684500,2.04640663,0.46289072,USDT
2024-12-17T21:15:00Z,SOL/USDT,buy,225.20254500,2.06367298,0.46474441,USDT
2024-12-17T21:30:00Z,SOL/USDT,sell,225.83702500,2.06367298,0.46605377,USDT
2024-12-18T12:45:00Z,SOL/USDT,buy,217.10850000,2.14523101,0.46574789,USDT
2024-12-18T13:00:00Z,SOL/USDT,sell,216.34177500,2.14523101,0.46410308,USDT
2024-12-18T14:45:00Z,SOL/USDT,buy,217.03846500,2.13943642,0.46434000,USDT
2024-12-18T15:00:00Z,SOL/USDT,sell,215.40224500,2.13943642,0.46083941,USDT
2024-12-18T15:15:00Z,SOL/USDT,buy,216.85837500,2.14076469,0.46424275,USDT
2024-12-18T16:00:00Z,SOL/USDT,sell,217.06141500,2.14076469,0.46467741,USDT
2024-12-18T17:45:00Z,SOL/USDT,buy,216.81835500,2.13910115,0.46379639,USDT
2024-12-18T18:15:00Z,SOL/USDT,sell,216.99145000,2.13910115,0.46416666,USDT
2024-12-19T03:30:00Z,SOL/USDT,buy,208.00395000,2.22852996,0.46354303,USDT
2024-12-19T09:00:00Z,SOL/USDT,sell,208.79555000,2.22852996,0.46530714,USDT
2024-12-19T09:15:00Z,SOL/USDT,buy,208.71430500,2.21840302,0.46301244,USDT
2024-12-19T09:30:00Z,SOL/USDT,sell,209.35527000,2.21840302,0.46443436,USDT
2024-12-19T23:00:00Z,SOL/USDT,buy,196.32811500,2.35488877,0.46233087,USDT
2024-12-19T23:15:00Z,SOL/USDT,sell,195.80205000,2.35488877,0.46109205,USDT
2024-12-19T23:30:00Z,SOL/USDT,buy,194.96743500,2.37426215,0.46290380,USDT
2024-12-20T00:00:00Z,SOL/USDT,sell,193.82304000,2.37426215,0.46018671,USDT
2024-12-20T00:30:00Z,SOL/USDT,buy,195.20755500,2.37435151,0.46349135,USDT
2024-12-20T02:00:00Z,SOL/USDT,sell,194.47271500,2.37435151,0.46174658,USDT
2024-12-20T13:15:00Z,SOL/USDT,buy,183.78184500,2.50346539,0.46009149,USDT
2024-12-20T13:30:00Z,SOL/USDT,sell,183.58816000,2.50346539,0.45960660,USDT
2024-12-20T13:45:00Z,SOL/USDT,buy,188.09400000,2.46357399,0.46338349,USDT
2024-12-20T18:30:00Z,SOL/USDT,sell,189.73508500,2.46357399,0.46742642,USDT
2024-12-21T00:30:00Z,SOL/USDT,buy,194.70730500,2.38655317,0.46467934,USDT
2024-12-21T09:00:00Z,SOL/USDT,sell,196.55167500,2.38655317,0.46908102,USDT
2024-12-22T00:00:00Z,SOL/USDT,buy,181.62076500,2.55472656,0.46399139,USDT
2024-12-22T01:00:00Z,SOL/USDT,sell,181.57916500,2.55472656,0.46388512,USDT
2024-12-22T01:15:00Z,SOL/USDT,buy,183.85188000,2.52216153,0.46370414,USDT
2024-12-22T01:30:00Z,SOL/USDT,stop_sell,181.51990893,2.52216153,0.45782253,USDT
2024-12-22T02:00:00Z,SOL/USDT,buy,183.17154000,2.52855665,0.46315962,USDT
2024-12-22T03:00:00Z,SOL/USDT,stop_sell,180.91092786,2.52855665,0.45744353,USDT
2024-12-22T03:30:00Z,SOL/USDT,buy,183.59175000,2.51781768,0.46225055,USDT
2024-12-22T04:45:00Z,SOL/USDT,stop_sell,181.30822911,2.51781768,0.45650106,USDT
2024-12-22T06:30:00Z,SOL/USDT,buy,183.17154000,2.52743656,0.46295445,USDT
2024-12-22T07:00:00Z,SOL/USDT,sell,183.51819500,2.52743656,0.46383060,USDT
2024-12-22T07:15:00Z,SOL/USDT,buy,183.72181500,2.51516477,0.46209064,USDT
2024-12-22T13:00:00Z,SOL/USDT,sell,186.37676500,2.51516477,0.46876827,USDT
2024-12-22T13:30:00Z,SOL/USDT,buy,186.34312500,2.48078691,0.46227759,USDT
2024-12-22T13:45:00Z,SOL/USDT,stop_sell,184.97960679,2.48078691,0.45889499,USDT
2024-12-23T00:00:00Z,SOL/USDT,buy,180.21006000,2.55771868,0.46092664,USDT
2024-12-23T00:00:00Z,SOL/USDT,stop_sell,178.73915714,2.55771868,0.45716448,USDT
2024-12-23T00:30:00Z,SOL/USDT,buy,178.87939500,2.57259504,0.46018424,USDT
2024-12-23T01:15:00Z,SOL/USDT,sell,177.86102500,2.57259504,0.45756439,USDT
2024-12-23T10:30:00Z,SOL/USDT,buy,184.88239500,2.48273892,0.45901472,USDT
2024-12-23T10:30:00Z,SOL/USDT,stop_sell,184.43951982,2.48273892,0.45791517,USDT
2024-12-23T14:30:00Z,SOL/USDT,buy,184.79235000,2.49786806,0.46158691,USDT
2024-12-23T14:30:00Z,SOL/USDT,stop_sell,183.21584625,2.49786806,0.45764901,USDT
2024-12-23T16:45:00Z,SOL/USDT,buy,184.08199500,2.50390083,0.46092306,USDT
2024-12-24T00:00:00Z,SOL/USDT,sell,190.60465000,2.50390083,0.47725514,USDT
2024-12-24T04:30:00Z,SOL/USDT,buy,191.10550500,2.4193514,0.46235137,USDT
2024-12-24T10:30:00Z,SOL/USDT,sell,191.38426000,2.4193514,0.46302578,USDT
2024-12-24T11:30:00Z,SOL/USDT,buy,192.41616000,2.4028881,0.46235450,USDT
2024-12-24T13:00:00Z,SOL/USDT,sell,191.60415000,2.4028881,0.46040333,USDT
2024-12-25T00:45:00Z,SOL/USDT,buy,197.44867500,2.33951133,0.46193341,USDT
2024-12-25T06:30:00Z,SOL/USDT,sell,199.24033000,2.33951133,0.46612501,USDT
2024-12-25T06:45:00Z,SOL/USDT,buy,199.07949000,2.32026132,0.46191644,USDT
2024-12-25T07:00:00Z,SOL/USDT,sell,198.66062000,2.32026132,0.46094455,USDT
2024-12-25T15:45:00Z,SOL/USDT,buy,198.40915500,2.33427097,0.46314073,USDT
2024-12-25T16:15:00Z,SOL/USDT,stop_sell,196.90756839,2.33427097,0.45963562,USDT
2024-12-25T16:30:00Z,SOL/USDT,buy,196.92841500,2.34004981,0.46082230,USDT
2024-12-25T19:30:00Z,SOL/USDT,sell,198.78056000,2.34004981,0.46515641,USDT
2024-12-25T19:45:00Z,SOL/USDT,buy,199.23957000,2.321072,0.46244939,USDT
2024-12-25T20:00:00Z,SOL/USDT,sell,199.25032500,2.321072,0.46247435,USDT
2024-12-26T02:00:00Z,SOL/USDT,buy,196.40815500,2.34094852,0.45978138,USDT
2024-12-26T03:15:00Z,SOL/USDT,sell,196.25182500,2.34094852,0.45941542,USDT
2024-12-26T03:45:00Z,SOL/USDT,buy,196.92841500,2.34149571,0.46110704,USDT
2024-12-26T04:00:00Z,SOL/USDT,sell,196.09190500,2.34149571,0.45914835,USDT
2024-12-26T14:15:00Z,SOL/USDT,buy,189.89490000,2.42840228,0.46114121,USDT
2024-12-26T14:30:00Z,SOL/USDT,stop_sell,188.75343321,2.42840228,0.45836927,USDT
2024-12-26T15:30:00Z,SOL/USDT,buy,189.77484000,2.43248131,0.46162375,USDT
2024-12-26T15:45:00Z,SOL/USDT,stop_sell,188.22048554,2.43248131,0.45784281,USDT
2024-12-26T16:15:00Z,SOL/USDT,buy,190.11501000,2.42767983,0.46153838,USDT
2024-12-26T16:30:00Z,SOL/USDT,sell,189.24533000,2.42767983,0.45942707,USDT
2024-12-26T19:30:00Z,SOL/USDT,buy,189.05448000,2.43641579,0.46061532,USDT
2024-12-26T19:45:00Z,SOL/USDT,sell,188.82554000,2.43641579,0.46005753,USDT
2024-12-26T22:15:00Z,SOL/USDT,buy,189.86488500,2.42795328,0.46098307,USDT
2024-12-26T23:00:00Z,SOL/USDT,stop_sell,188.12803179,2.42795328,0.45676607,USDT
2024-12-27T00:30:00Z,SOL/USDT,buy,188.71431000,2.44058988,0.46057424,USDT
2024-12-27T00:45:00Z,SOL/USDT,sell,188.23583500,2.44058988,0.45940647,USDT
2024-12-27T01:15:00Z,SOL/USDT,buy,189.41466000,2.43196055,0.46064898,USDT
2024-12-27T02:30:00Z,SOL/USDT,sell,190.03493500,2.43196055,0.46215747,USDT
2024-12-27T05:15:00Z,SOL/USDT,buy,188.87439000,2.43323806,0.45957635,USDT
2024-12-27T05:30:00Z,SOL/USDT,sell,188.04593000,2.43323806,0.45756051,USDT
2024-12-27T06:45:00Z,SOL/USDT,buy,190.50520500,2.41423807,0.45992492,USDT
2024-12-27T07:15:00Z,SOL/USDT,stop_sell,189.37062446,2.41423807,0.45718577,USDT
2024-12-27T08:45:00Z,SOL/USDT,buy,190.02496500,2.4194377,0.45975356,USDT
2024-12-27T09:00:00Z,SOL/USDT,sell,188.99545500,2.4194377,0.45726273,USDT
2024-12-27T09:15:00Z,SOL/USDT,buy,193.84687500,2.36920218,0.45926244,USDT
2024-12-27T10:15:00Z,SOL/USDT,stop_sell,191.51419500,2.36920218,0.45373585,USDT
2024-12-27T10:45:00Z,SOL/USDT,buy,190.58524500,2.40527785,0.45841047,USDT
2024-12-27T11:45:00Z,SOL/USDT,sell,190.64463000,2.40527785,0.45855331,USDT
2024-12-27T20:15:00Z,SOL/USDT,buy,185.93292000,2.46535162,0.45839003,USDT
2024-12-27T21:45:00Z,SOL/USDT,stop_sell,184.84717304,2.46535162,0.45571328,USDT
2024-12-27T22:00:00Z,SOL/USDT,buy,184.88239500,2.47927304,0.45837394,USDT
2024-12-27T22:15:00Z,SOL/USDT,sell,184.88751000,2.47927304,0.45838662,USDT
2024-12-28T01:45:00Z,SOL/USDT,buy,185.93292000,2.46487591,0.45830158,USDT
2024-12-28T02:00:00Z,SOL/USDT,sell,185.27731500,2.46487591,0.45668559,USDT
2024-12-28T02:15:00Z,SOL/USDT,buy,185.55273000,2.46723818,0.45780278,USDT
2024-12-28T02:30:00Z,SOL/USDT,sell,185.26732000,2.46723818,0.45709861,USDT
2024-12-28T06:45:00Z,SOL/USDT,buy,185.46268500,2.46893492,0.45789530,USDT
2024-12-28T07:00:00Z,SOL/USDT,sell,185.65712500,2.46893492,0.45837536,USDT
2024-12-28T07:15:00Z,SOL/USDT,buy,185.92291500,2.4627691,0.45788521,USDT
2024-12-28T07:45:00Z,SOL/USDT,stop_sell,185.06742000,2.4627691,0.45577832,USDT
2024-12-28T08:00:00Z,SOL/USDT,buy,185.36263500,2.47064157,0.45796463,USDT
2024-12-28T08:30:00Z,SOL/USDT,sell,185.10740000,2.47064157,0.45733404,USDT
2024-12-28T09:00:00Z,SOL/USDT,buy,186.35313000,2.45657368,0.45779019,USDT
2024-12-28T10:30:00Z,SOL/USDT,sell,185.57716500,2.45657368,0.45588398,USDT
2024-12-28T11:00:00Z,SOL/USDT,buy,186.14302500,2.45549383,0.45707305,USDT
2024-12-28T22:45:00Z,SOL/USDT,sell,195.12239000,2.45549383,0.47912182,USDT
2024-12-29T05:15:00Z,SOL/USDT,buy,194.74732500,2.36095167,0.45978902,USDT
2024-12-29T12:00:00Z,SOL/USDT,sell,196.72159000,2.36095167,0.46445017,USDT
2024-12-29T12:15:00Z,SOL/USDT,buy,196.48819500,2.33260182,0.45832872,USDT
2024-12-29T12:30:00Z,SOL/USDT,stop_sell,196.19185500,2.33260182,0.45763748,USDT
2024-12-29T12:45:00Z,SOL/USDT,buy,196.29810000,2.33824501,0.45899305,USDT
2024-12-29T13:00:00Z,SOL/USDT,stop_sell,195.69496071,2.33824501,0.45758277,USDT
2024-12-29T13:30:00Z,SOL/USDT,buy,195.56773500,2.34278693,0.45817353,USDT
2024-12-29T13:30:00Z,SOL/USDT,stop_sell,195.32086214,2.34278693,0.45759516,USDT
2024-12-29T13:45:00Z,SOL/USDT,buy,195.85788000,2.34757106,0.45979029,USDT
2024-12-29T14:15:00Z,SOL/USDT,stop_sell,194.84431482,2.34757106,0.45741087,USDT
2024-12-29T19:30:00Z,SOL/USDT,buy,193.11651000,2.37183579,0.45804065,USDT
2024-12-29T19:45:00Z,SOL/USDT,sell,192.90350000,2.37183579,0.45753543,USDT
2024-12-30T01:00:00Z,SOL/USDT,buy,192.72631500,2.382837,0.45923539,USDT
2024-12-30T02:15:00Z,SOL/USDT,sell,191.58416000,2.382837,0.45651383,USDT
2024-12-30T03:45:00Z,SOL/USDT,buy,191.62576500,2.39127058,0.45822905,USDT
2024-12-30T04:45:00Z,SOL/USDT,stop_sell,190.06349214,2.39127058,0.45449324,USDT
2024-12-30T07:00:00Z,SOL/USDT,buy,192.92641500,2.37322082,0.45785698,USDT
2024-12-30T07:30:00Z,SOL/USDT,stop_sell,191.57380804,2.37322082,0.45464695,USDT
2024-12-30T08:15:00Z,SOL/USDT,buy,193.30660500,2.36501018,0.45717209,USDT
2024-12-30T11:00:00Z,SOL/USDT,stop_sell,192.07891250,2.36501018,0.45426858,USDT
2024-12-30T11:30:00Z,SOL/USDT,buy,193.70680500,2.35770093,0.45670271,USDT
2024-12-30T13:00:00Z,SOL/USDT,sell,192.85352500,2.35770093,0.45469094,USDT
2024-12-30T19:00:00Z,SOL/USDT,buy,194.64727500,2.3484977,0.45712868,USDT
2024-12-30T21:30:00Z,SOL/USDT,stop_sell,192.49406196,2.3484977,0.45207186,USDT
2024-12-30T21:45:00Z,SOL/USDT,buy,190.19505000,2.38891119,0.45435908,USDT
2024-12-30T21:45:00Z,SOL/USDT,stop_sell,189.59479804,2.38891119,0.45292513,USDT
2024-12-30T22:00:00Z,SOL/USDT,buy,189.95493000,2.40037229,0.45596255,USDT
2024-12-30T22:30:00Z,SOL/USDT,sell,191.13438500,2.40037229,0.45879368,USDT
2024-12-30T22:45:00Z,SOL/USDT,buy,191.38564500,2.38511186,0.45647617,USDT
2024-12-30T23:00:00Z,SOL/USDT,sell,190.91449500,2.38511186,0.45535243,USDT
2024-12-31T10:00:00Z,SOL/USDT,buy,193.56673500,2.35739496,0.45631325,USDT
2024-12-31T15:00:00Z,SOL/USDT,sell,197.64113000,2.35739496,0.46591820,USDT
2024-12-31T15:15:00Z,SOL/USDT,buy,197.85888000,2.31152179,0.45735511,USDT
2024-12-31T17:30:00Z,SOL/USDT,stop_sell,196.13509768,2.31152179,0.45337055,USDT
2024-12-31T17:45:00Z,SOL/USDT,buy,194.76733500,2.34454021,0.45663985,USDT
2024-12-31T18:45:00Z,SOL/USDT,sell,194.81254500,2.34454021,0.45674585,USDT
2025-01-01T04:30:00Z,SOL/USDT,buy,189.92491500,2.40031354,0.45587935,USDT
2025-01-01T04:30:00Z,SOL/USDT,stop_sell,189.24711482,2.40031354,0.45425241,USDT
2025-01-01T10:30:00Z,SOL/USDT,buy,190.40515500,2.39697641,0.45639666,USDT
2025-01-01T13:15:00Z,SOL/USDT,sell,189.92499000,2.39697641,0.45524572,USDT
2025-01-01T14:45:00Z,SOL/USDT,buy,190.63527000,2.39661306,0.45687898,USDT
2025-01-01T15:00:00Z,SOL/USDT,sell,190.86452000,2.39661306,0.45742840,USDT
2025-01-02T01:45:00Z,SOL/USDT,buy,197.59875000,2.30848832,0.45615441,USDT
2025-01-02T11:00:00Z,SOL/USDT,sell,206.63663000,2.30848832,0.47701825,USDT
2025-01-02T11:15:00Z,SOL/USDT,buy,207.10350000,2.21206255,0.45812590,USDT
2025-01-02T13:15:00Z,SOL/USDT,sell,207.89600000,2.21206255,0.45987896,USDT
2025-01-02T14:30:00Z,SOL/USDT,buy,208.85437500,2.19203689,0.45781649,USDT
2025-01-02T14:30:00Z,SOL/USDT,stop_sell,207.65612000,2.19203689,0.45518988,USDT
2025-01-02T23:45:00Z,SOL/USDT,buy,208.18404000,2.19478082,0.45691834,USDT
2025-01-03T00:30:00Z,SOL/USDT,stop_sell,207.24168446,2.19478082,0.45485007,USDT
2025-01-03T00:45:00Z,SOL/USDT,buy,207.54372000,2.20676965,0.45800118,USDT
2025-01-03T01:00:00Z,SOL/USDT,sell,207.14637500,2.20676965,0.45712433,USDT
2025-01-03T02:00:00Z,SOL/USDT,buy,206.93341500,2.20917068,0.45715123,USDT
2025-01-03T03:30:00Z,SOL/USDT,sell,206.41674000,2.20917068,0.45600981,USDT
2025-01-03T05:30:00Z,SOL/USDT,buy,208.80435000,2.19110815,0.45751291,USDT
2025-01-03T07:00:00Z,SOL/USDT,stop_sell,207.30308232,2.19110815,0.45422347,USDT
2025-01-03T07:30:00Z,SOL/USDT,buy,207.45367500,2.19581598,0.45553009,USDT
2025-01-03T19:15:00Z,SOL/USDT,sell,217.93098000,2.19581598,0.47853633,USDT
2025-01-04T00:15:00Z,SOL/USDT,buy,217.63876500,2.10796873,0.45877571,USDT
2025-01-04T01:15:00Z,SOL/USDT,stop_sell,216.33178000,2.10796873,0.45602063,USDT
2025-01-04T01:30:00Z,SOL/USDT,buy,217.64877000,2.1025553,0.45761857,USDT
2025-01-04T02:00:00Z,SOL/USDT,stop_sell,216.76085107,2.1025553,0.45575168,USDT
2025-01-04T02:45:00Z,SOL/USDT,buy,217.51870500,2.10511049,0.45790091,USDT
2025-01-04T03:00:00Z,SOL/USDT,stop_sell,216.37390179,2.10511049,0.45549097,USDT
2025-01-04T09:30:00Z,SOL/USDT,buy,216.37813500,2.11683731,0.45803731,USDT
2025-01-04T09:45:00Z,SOL/USDT,sell,215.58215500,2.11683731,0.45635235,USDT
2025-01-05T00:45:00Z,SOL/USDT,buy,217.30860000,2.10370523,0.45715324,USDT
2025-01-05T01:00:00Z,SOL/USDT,stop_sell,216.75014214,2.10370523,0.45597841,USDT
2025-01-05T01:15:00Z,SOL/USDT,buy,216.67828500,2.10798035,0.45675357,USDT
2025-01-05T01:30:00Z,SOL/USDT,stop_sell,216.18435375,2.10798035,0.45571237,USDT
2025-01-05T02:45:00Z,SOL/USDT,buy,216.91840500,2.10619089,0.45687157,USDT
2025-01-05T05:30:00Z,SOL/USDT,sell,216.98145500,2.10619089,0.45700436,USDT
2025-01-05T21:15:00Z,SOL/USDT,buy,213.27658500,2.14104069,0.45663385,USDT
2025-01-05T22:30:00Z,SOL/USDT,sell,214.10289500,2.14104069,0.45840301,USDT
2025-01-05T22:45:00Z,SOL/USDT,buy,214.09699500,2.13147082,0.45634150,USDT
2025-01-05T23:00:00Z,SOL/USDT,sell,213.90299500,2.13147082,0.45592799,USDT
2025-01-06T00:15:00Z,SOL/USDT,buy,213.51670500,2.13805799,0.45651110,USDT
2025-01-06T00:30:00Z,SOL/USDT,sell,213.11339000,2.13805799,0.45564879,USDT
2025-01-06T01:45:00Z,SOL/USDT,buy,213.47668500,2.1399979,0.45683966,USDT
2025-01-06T06:15:00Z,SOL/USDT,sell,214.49270000,2.1399979,0.45901393,USDT
2025-01-06T11:00:00Z,SOL/USDT,buy,215.25757500,2.12444032,0.45730187,USDT
2025-01-06T15:45:00Z,SOL/USDT,sell,220.20984000,2.12444032,0.46782266,USDT
2025-01-06T22:30:00Z,SOL/USDT,buy,218.03896500,2.10123124,0.45815028,USDT
2025-01-06T22:45:00Z,SOL/USDT,sell,218.11089000,2.10123124,0.45830142,USDT
2025-01-08T09:30:00Z,SOL/USDT,buy,197.85888000,2.31310605,0.45766857,USDT
2025-01-08T09:45:00Z,SOL/USDT,stop_sell,196.37176500,2.31310605,0.45422872,USDT
2025-01-08T10:30:00Z,SOL/USDT,buy,197.48869500,2.3107614,0.45634925,USDT
2025-01-08T11:00:00Z,SOL/USDT,stop_sell,196.56202696,2.3107614,0.45420794,USDT
2025-01-08T11:15:00Z,SOL/USDT,buy,196.53822000,2.32551572,0.45705272,USDT
2025-01-08T11:30:00Z,SOL/USDT,stop_sell,195.25518071,2.32551572,0.45406899,USDT
2025-01-08T11:45:00Z,SOL/USDT,buy,196.03797000,2.3354613,0.45783909,USDT
2025-01-08T13:00:00Z,SOL/USDT,sell,195.97196500,2.3354613,0.45768494,USDT
2025-01-08T13:45:00Z,SOL/USDT,buy,197.24857500,2.31149238,0.45593858,USDT
2025-01-08T14:15:00Z,SOL/USDT,sell,197.66112000,2.31149238,0.45689217,USDT
2025-01-08T14:30:00Z,SOL/USDT,buy,197.75883000,2.30543796,0.45592071,USDT
2025-01-08T15:15:00Z,SOL/USDT,sell,197.44123000,2.30543796,0.45518851,USDT
2025-01-08T15:45:00Z,SOL/USDT,buy,197.01846000,2.31084315,0.45527876,USDT
2025-01-08T16:45:00Z,SOL/USDT,stop_sell,195.89022018,2.31084315,0.45267157,USDT
2025-01-08T21:45:00Z,SOL/USDT,buy,195.74782500,2.33292913,0.45666580,USDT
2025-01-09T03:00:00Z,SOL/USDT,sell,197.10140000,2.33292913,0.45982360,USDT
2025-01-09T13:00:00Z,SOL/USDT,buy,190.52521500,2.39775209,0.45683223,USDT
2025-01-09T13:00:00Z,SOL/USDT,stop_sell,189.13395714,2.39775209,0.45349634,USDT
2025-01-09T18:30:00Z,SOL/USDT,buy,188.74432500,2.42257728,0.45724771,USDT
2025-01-09T19:15:00Z,SOL/USDT,sell,188.57566500,2.42257728,0.45683912,USDT
2025-01-10T03:30:00Z,SOL/USDT,buy,189.17454000,2.41035897,0.45597855,USDT
2025-01-10T05:00:00Z,SOL/USDT,sell,189.13538500,2.41035897,0.45588417,USDT
2025-01-10T05:15:00Z,SOL/USDT,buy,189.29460000,2.40307061,0.45488829,USDT
2025-01-10T06:00:00Z,SOL/USDT,sell,189.79505500,2.40307061,0.45609092,USDT
2025-01-10T06:15:00Z,SOL/USDT,buy,190.17504000,2.39851374,0.45613745,USDT
2025-01-10T09:15:00Z,SOL/USDT,sell,192.42374000,2.39851374,0.46153098,USDT
2025-01-10T09:30:00Z,SOL/USDT,buy,192.67629000,2.36824011,0.45630372,USDT
2025-01-10T10:15:00Z,SOL/USDT,stop_sell,191.65698071,2.36824011,0.45388975,USDT
2025-01-10T10:45:00Z,SOL/USDT,buy,192.36613500,2.3703055,0.45596651,USDT
2025-01-10T11:30:00Z,SOL/USDT,stop_sell,191.42424000,2.3703055,0.45373393,USDT
2025-01-10T19:00:00Z,SOL/USDT,buy,190.32511500,2.39465078,0.45576219,USDT
2025-01-10T20:30:00Z,SOL/USDT,sell,187.98596000,2.39465078,0.45016073,USDT
2025-01-11T06:30:00Z,SOL/USDT,buy,187.12351500,2.43296677,0.45526529,USDT
2025-01-11T07:00:00Z,SOL/USDT,sell,186.23683500,2.43296677,0.45310803,USDT
2025-01-11T07:15:00Z,SOL/USDT,buy,186.67329000,2.44079066,0.45563042,USDT
2025-01-11T07:30:00Z,SOL/USDT,sell,185.71709500,2.44079066,0.45329655,USDT
2025-01-11T08:00:00Z,SOL/USDT,buy,186.37314000,2.44005314,0.45476037,USDT
2025-01-11T08:30:00Z,SOL/USDT,sell,186.18686000,2.44005314,0.45430583,USDT
2025-01-11T09:15:00Z,SOL/USDT,buy,185.60275500,2.44511171,0.45381947,USDT
2025-01-11T09:45:00Z,SOL/USDT,stop_sell,185.13060268,2.44511171,0.45266500,USDT
2025-01-11T13:00:00Z,SOL/USDT,buy,187.11351000,2.42893346,0.45448627,USDT
2025-01-11T16:30:00Z,SOL/USDT,sell,186.17686500,2.42893346,0.45221122,USDT
2025-01-11T16:45:00Z,SOL/USDT,buy,187.39365000,2.430952,0.45554497,USDT
2025-01-11T17:00:00Z,SOL/USDT,stop_sell,185.94483821,2.430952,0.45202298,USDT
2025-01-11T18:30:00Z,SOL/USDT,buy,187.29360000,2.42554794,0.45428961,USDT
2025-01-11T19:45:00Z,SOL/USDT,sell,187.24633000,2.42554794,0.45417495,USDT
2025-01-11T20:15:00Z,SOL/USDT,buy,187.81386000,2.4168401,0.45391607,USDT
2025-01-11T23:45:00Z,SOL/USDT,sell,188.21584500,2.4168401,0.45488760,USDT
2025-01-12T11:15:00Z,SOL/USDT,buy,186.54322500,2.43033489,0.45336251,USDT
2025-01-12T11:30:00Z,SOL/USDT,sell,186.50670000,2.43033489,0.45327374,USDT
2025-01-12T11:45:00Z,SOL/USDT,buy,186.74332500,2.42769683,0.45335618,USDT
2025-01-12T20:15:00Z,SOL/USDT,sell,189.70510000,2.42769683,0.46054647,USDT
2025-01-13T00:30:00Z,SOL/USDT,buy,190.69530000,2.38193011,0.45422288,USDT
2025-01-13T01:00:00Z,SOL/USDT,sell,190.44473000,2.38193011,0.45362604,USDT
2025-01-13T01:15:00Z,SOL/USDT,buy,189.89490000,2.39007638,0.45386332,USDT
2025-01-13T01:30:00Z,SOL/USDT,sell,189.07541500,2.39007638,0.45190468,USDT
2025-01-13T19:45:00Z,SOL/USDT,buy,178.34913000,2.5448578,0.45387317,USDT
2025-01-13T20:00:00Z,SOL/USDT,sell,177.63114000,2.5448578,0.45204599,USDT
2025-01-13T20:45:00Z,SOL/USDT,buy,180.12001500,2.51890286,0.45370482,USDT
2025-01-13T21:30:00Z,SOL/USDT,sell,180.90950000,2.51890286,0.45569346,USDT
2025-01-13T22:15:00Z,SOL/USDT,buy,183.16153500,2.47876062,0.45401360,USDT
2025-01-14T00:30:00Z,SOL/USDT,sell,182.38876000,2.47876062,0.45209808,USDT
2025-01-14T03:15:00Z,SOL/USDT,buy,184.11201000,2.46272037,0.45341640,USDT
2025-01-14T10:15:00Z,SOL/USDT,sell,188.00595000,2.46272037,0.46300608,USDT
2025-01-15T01:00:00Z,SOL/USDT,buy,187.87389000,2.41878722,0.45442696,USDT
2025-01-15T02:00:00Z,SOL/USDT,sell,187.87601500,2.41878722,0.45443210,USDT
2025-01-15T03:45:00Z,SOL/USDT,buy,188.84437500,2.40405633,0.45399252,USDT
2025-01-15T09:15:00Z,SOL/USDT,sell,188.68561000,2.40405633,0.45361084,USDT
2025-01-15T14:30:00Z,SOL/USDT,buy,194.16703500,2.33800481,0.45396346,USDT
2025-01-16T01:30:00Z,SOL/USDT,sell,203.27831000,2.33800481,0.47526567,USDT
2025-01-16T02:00:00Z,SOL/USDT,buy,203.77183500,2.2271826,0.45383709,USDT
2025-01-16T02:00:00Z,SOL/USDT,stop_sell,202.99987786,2.2271826,0.45211780,USDT
2025-01-16T03:00:00Z,SOL/USDT,buy,202.82136000,2.24161193,0.45464678,USDT
2025-01-16T03:15:00Z,SOL/USDT,sell,202.67861000,2.24161193,0.45432679,USDT
2025-01-16T07:00:00Z,SOL/USDT,buy,202.98144000,2.24355829,0.45540069,USDT
2025-01-16T08:00:00Z,SOL/USDT,sell,202.97846000,2.24355829,0.45539401,USDT
2025-01-16T08:15:00Z,SOL/USDT,buy,202.76133000,2.24076638,0.45434077,USDT
2025-01-16T08:15:00Z,SOL/USDT,stop_sell,202.39589429,2.24076638,0.45352192,USDT
2025-01-16T21:00:00Z,SOL/USDT,buy,213.33661500,2.13155608,0.45473896,USDT
2025-01-16T21:15:00Z,SOL/USDT,sell,212.65362000,2.13155608,0.45328312,USDT
2025-01-17T10:45:00Z,SOL/USDT,buy,216.71830500,2.0939749,0.45380269,USDT
2025-01-17T15:30:00Z,SOL/USDT,sell,217.49120000,2.0939749,0.45542111,USDT
2025-01-17T15:45:00Z,SOL/USDT,buy,217.92891000,2.08769888,0.45496994,USDT
2025-01-17T16:00:00Z,SOL/USDT,sell,218.53068000,2.08769888,0.45622626,USDT
2025-01-18T03:15:00Z,SOL/USDT,buy,224.88238500,2.02273487,0.45487744,USDT
2025-01-18T03:30:00Z,SOL/USDT,stop_sell,223.01022482,2.02273487,0.45109056,USDT
2025-01-18T03:45:00Z,SOL/USDT,buy,222.24106500,2.04507676,0.45450004,USDT
2025-01-18T14:00:00Z,SOL/USDT,sell,241.07940000,2.04507676,0.49302588,USDT
2025-01-18T14:15:00Z,SOL/USDT,buy,243.86187000,1.87676529,0.45767149,USDT
2025-01-18T20:30:00Z,SOL/USDT,sell,252.61363000,1.87676529,0.47409649,USDT
2025-01-18T22:15:00Z,SOL/USDT,buy,254.89738500,1.80186294,0.45929015,USDT
2025-01-18T23:00:00Z,SOL/USDT,sell,254.67260000,1.80186294,0.45888512,USDT
2025-01-19T01:00:00Z,SOL/USDT,buy,257.12850000,1.78691647,0.45946715,USDT
2025-01-19T03:00:00Z,SOL/USDT,sell,254.41273000,1.78691647,0.45461430,USDT
2025-01-19T05:30:00Z,SOL/USDT,buy,272.46616500,1.6857338,0.45930542,USDT
2025-01-19T09:45:00Z,SOL/USDT,sell,268.79553500,1.6857338,0.45311772,USDT
2025-01-19T10:00:00Z,SOL/USDT,buy,273.00643500,1.67342187,0.45685494,USDT
2025-01-19T14:15:00Z,SOL/USDT,sell,273.25330500,1.67342187,0.45726806,USDT
2025-01-19T14:30:00Z,SOL/USDT,buy,275.19753000,1.65129188,0.45443145,USDT
2025-01-19T14:45:00Z,SOL/USDT,sell,269.76505000,1.65129188,0.44546084,USDT
2025-01-19T21:45:00Z,SOL/USDT,buy,268.76431500,1.70048882,0.45703071,USDT
2025-01-19T21:45:00Z,SOL/USDT,stop_sell,259.95567143,1.70048882,0.44205171,USDT
2025-01-20T09:45:00Z,SOL/USDT,buy,264.42214500,1.72328518,0.45567476,USDT
2025-01-20T12:00:00Z,SOL/USDT,sell,260.04991000,1.72328518,0.44814016,USDT
2025-01-20T22:30:00Z,SOL/USDT,buy,245.95291500,1.85280899,0.45570377,USDT
2025-01-20T23:30:00Z,SOL/USDT,sell,246.45671000,1.85280899,0.45663721,USDT
2025-01-21T05:15:00Z,SOL/USDT,buy,238.12900500,1.9117776,0.45524970,USDT
2025-01-21T05:30:00Z,SOL/USDT,sell,236.61163500,1.9117776,0.45234882,USDT
2025-01-21T06:15:00Z,SOL/USDT,buy,236.31810000,1.92522654,0.45496588,USDT
2025-01-21T06:30:00Z,SOL/USDT,sell,235.23232500,1.92522654,0.45287552,USDT
2025-01-21T07:00:00Z,SOL/USDT,buy,237.58873500,1.9126242,0.45441796,USDT
2025-01-21T07:15:00Z,SOL/USDT,sell,236.43172500,1.9126242,0.45220504,USDT
2025-01-21T07:30:00Z,SOL/USDT,buy,237.51870000,1.91229805,0.45420655,USDT
2025-01-21T07:45:00Z,SOL/USDT,sell,237.77105500,1.91229805,0.45468912,USDT
2025-01-21T09:00:00Z,SOL/USDT,buy,239.38963500,1.89546725,0.45375521,USDT
2025-01-21T09:45:00Z,SOL/USDT,sell,237.07140500,1.89546725,0.44936108,USDT
2025-01-21T16:00:00Z,SOL/USDT,buy,240.20004000,1.87848102,0.45121122,USDT
2025-01-21T23:00:00Z,SOL/USDT,sell,249.55516000,1.87848102,0.46878463,USDT
2025-01-22T01:00:00Z,SOL/USDT,buy,253.07647500,1.79883709,0.45524335,USDT
2025-01-22T01:15:00Z,SOL/USDT,sell,252.12387500,1.79883709,0.45352978,USDT
2025-01-22T03:45:00Z,SOL/USDT,buy,255.02745000,1.78103247,0.45421217,USDT
2025-01-22T04:30:00Z,SOL/USDT,stop_sell,252.58400196,1.78103247,0.44986031,USDT
2025-01-22T04:45:00Z,SOL/USDT,buy,252.69628500,1.79840711,0.45445080,USDT
2025-01-22T08:15:00Z,SOL/USDT,sell,255.24231500,1.79840711,0.45902959,USDT
2025-01-22T09:00:00Z,SOL/USDT,buy,255.26757000,1.779558,0.45426345,USDT
2025-01-22T09:15:00Z,SOL/USDT,sell,255.31228000,1.779558,0.45434301,USDT
2025-01-22T09:30:00Z,SOL/USDT,buy,254.66727000,1.77832356,0.45288081,USDT
2025-01-22T09:45:00Z,SOL/USDT,sell,254.76255500,1.77832356,0.45305025,USDT
2025-01-22T11:30:00Z,SOL/USDT,buy,256.84836000,1.76819856,0.45415890,USDT
2025-01-22T12:15:00Z,SOL/USDT,sell,258.45071000,1.76819856,0.45699217,USDT
2025-01-22T12:30:00Z,SOL/USDT,buy,258.29908500,1.76132614,0.45494893,USDT
2025-01-22T12:45:00Z,SOL/USDT,sell,257.81103000,1.76132614,0.45408931,USDT
2025-01-22T13:00:00Z,SOL/USDT,buy,259.34961000,1.75941435,0.45630343,USDT
2025-01-22T14:45:00Z,SOL/USDT,stop_sell,256.53345482,1.75941435,0.45134864,USDT
2025-01-22T15:00:00Z,SOL/USDT,buy,256.09798500,1.76635258,0.45235934,USDT
2025-01-22T16:15:00Z,SOL/USDT,sell,254.57265000,1.76635258,0.44966506,USDT
2025-01-22T17:30:00Z,SOL/USDT,buy,259.34961000,1.75275189,0.45457552,USDT
2025-01-22T18:15:00Z,SOL/USDT,sell,257.94096500,1.75275189,0.45210651,USDT
2025-01-22T20:15:00Z,SOL/USDT,buy,268.75431000,1.68805268,0.45367143,USDT
2025-01-22T21:45:00Z,SOL/USDT,stop_sell,264.66117464,1.68805268,0.44676201,USDT
2025-01-22T22:00:00Z,SOL/USDT,buy,262.52119500,1.71992251,0.45151611,USDT
2025-01-22T23:00:00Z,SOL/USDT,stop_sell,258.12658643,1.71992251,0.44395773,USDT
2025-01-22T23:15:00Z,SOL/USDT,buy,257.08848000,1.75706826,0.45172201,USDT
2025-01-23T00:30:00Z,SOL/USDT,sell,257.02142500,1.75706826,0.45160419,USDT
2025-01-23T09:15:00Z,SOL/USDT,buy,247.42365000,1.81984298,0.45027219,USDT
2025-01-23T09:45:00Z,SOL/USDT,stop_sell,246.24752893,1.81984298,0.44813184,USDT
2025-01-23T13:45:00Z,SOL/USDT,buy,245.82285000,1.83125096,0.45016333,USDT
2025-01-23T14:00:00Z,SOL/USDT,sell,246.91648000,1.83125096,0.45216604,USDT
2025-01-23T23:00:00Z,SOL/USDT,buy,251.59573500,1.79707803,0.45213717,USDT
2025-01-24T01:15:00Z,SOL/USDT,sell,250.96445500,1.79707803,0.45100271,USDT
2025-01-24T02:30:00Z,SOL/USDT,buy,250.45516500,1.80309909,0.45159548,USDT
2025-01-24T03:15:00Z,SOL/USDT,sell,248.41573000,1.80309909,0.44791818,USDT
2025-01-24T03:30:00Z,SOL/USDT,buy,250.85536500,1.80394187,0.45252850,USDT
2025-01-24T04:00:00Z,SOL/USDT,sell,252.45371000,1.80394187,0.45541182,USDT
2025-01-24T06:00:00Z,SOL/USDT,buy,261.23055000,1.72890211,0.45164205,USDT
2025-01-24T13:30:00Z,SOL/USDT,sell,264.29778500,1.72890211,0.45694500,USDT
2025-01-24T13:45:00Z,SOL/USDT,buy,265.34260500,1.70106455,0.45136490,USDT
2025-01-24T15:30:00Z,SOL/USDT,sell,263.97794500,1.70106455,0.44904352,USDT
2025-01-25T14:15:00Z,SOL/USDT,buy,250.30509000,1.8065371,0.45218543,USDT
2025-01-25T23:30:00Z,SOL/USDT,sell,259.20033500,1.8065371,0.46825502,USDT
2025-01-26T16:00:00Z,SOL/USDT,buy,254.67727500,1.776211,0.45236058,USDT
2025-01-26T16:15:00Z,SOL/USDT,sell,254.91248000,1.776211,0.45277835,USDT
2025-01-27T11:30:00Z,SOL/USDT,buy,227.28358500,1.99311008,0.45300120,USDT
2025-01-27T11:45:00Z,SOL/USDT,sell,225.90699000,1.99311008,0.45025750,USDT
2025-01-27T12:15:00Z,SOL/USDT,buy,227.19354000,1.98893616,0.45187345,USDT
2025-01-27T12:15:00Z,SOL/USDT,stop_sell,224.56266250,1.98893616,0.44664080,USDT
2025-01-27T13:00:00Z,SOL/USDT,buy,231.54571500,1.96091941,0.45404249,USDT
2025-01-27T17:00:00Z,SOL/USDT,sell,229.08540000,1.96091941,0.44921801,USDT
2025-01-28T02:30:00Z,SOL/USDT,buy,235.75782000,1.916035,0.45172023,USDT
2025-01-28T03:15:00Z,SOL/USDT,sell,236.08190000,1.916035,0.45234118,USDT
2025-01-28T04:15:00Z,SOL/USDT,buy,237.63876000,1.89829642,0.45110881,USDT
2025-01-28T08:45:00Z,SOL/USDT,sell,237.99094500,1.89829642,0.45177736,USDT
2025-01-28T09:00:00Z,SOL/USDT,buy,237.92890500,1.89058625,0.44982512,USDT
2025-01-28T09:15:00Z,SOL/USDT,sell,237.30129000,1.89058625,0.44863856,USDT
2025-01-28T13:30:00Z,SOL/USDT,buy,238.50919500,1.89663902,0.45236585,USDT
2025-01-28T13:45:00Z,SOL/USDT,sell,236.25181500,1.89663902,0.44808441,USDT
2025-01-29T01:45:00Z,SOL/USDT,buy,229.93491000,1.96193263,0.45111680,USDT
2025-01-29T02:00:00Z,SOL/USDT,sell,229.77505500,1.96193263,0.45080318,USDT
2025-01-29T03:15:00Z,SOL/USDT,buy,230.51520000,1.94954803,0.44940045,USDT
2025-01-29T06:30:00Z,SOL/USDT,sell,231.62413000,1.94954803,0.45156237,USDT
2025-01-29T09:15:00Z,SOL/USDT,buy,233.01645000,1.93384246,0.45061710,USDT
2025-01-29T09:15:00Z,SOL/USDT,stop_sell,231.82331607,1.93384246,0.44830977,USDT
2025-01-29T09:30:00Z,SOL/USDT,buy,232.19604000,1.94433409,0.45146668,USDT
2025-01-29T10:00:00Z,SOL/USDT,stop_sell,230.37082839,1.94433409,0.44791785,USDT
2025-01-29T11:00:00Z,SOL/USDT,buy,231.96592500,1.93986908,0.44998353,USDT
2025-01-29T11:30:00Z,SOL/USDT,sell,232.30379000,1.93986908,0.45063894,USDT
2025-01-29T17:30:00Z,SOL/USDT,buy,229.67478000,1.96150299,0.45050777,USDT
2025-01-29T19:00:00Z,SOL/USDT,stop_sell,227.55330929,1.96150299,0.44634650,USDT
2025-01-29T19:45:00Z,SOL/USDT,buy,233.82685500,1.92633927,0.45042985,USDT
2025-01-29T20:00:00Z,SOL/USDT,sell,232.06391000,1.92633927,0.44703382,USDT
2025-01-30T02:00:00Z,SOL/USDT,buy,234.74731500,1.91780556,0.45019971,USDT
2025-01-30T02:15:00Z,SOL/USDT,sell,234.88250000,1.91780556,0.45045896,USDT
2025-01-30T02:30:00Z,SOL/USDT,buy,236.53821000,1.90104033,0.44966868,USDT
2025-01-30T07:15:00Z,SOL/USDT,sell,237.93097500,1.90104033,0.45231638,USDT
2025-01-30T11:30:00Z,SOL/USDT,buy,241.33060500,1.86386805,0.44980840,USDT
2025-01-30T12:30:00Z,SOL/USDT,stop_sell,240.01850214,1.86386805,0.44736282,USDT
2025-01-30T12:45:00Z,SOL/USDT,buy,239.74981500,1.87496324,0.44952209,USDT
2025-01-30T14:00:00Z,SOL/USDT,sell,240.25981000,1.87496324,0.45047831,USDT
2025-01-30T15:00:00Z,SOL/USDT,buy,242.39113500,1.85462785,0.44954535,USDT
2025-01-30T15:30:00Z,SOL/USDT,sell,241.00943500,1.85462785,0.44698281,USDT
2025-01-30T22:30:00Z,SOL/USDT,buy,240.78033000,1.86681618,0.44949262,USDT
2025-01-30T23:00:00Z,SOL/USDT,sell,240.03992000,1.86681618,0.44811041,USDT
2025-01-30T23:15:00Z,SOL/USDT,buy,240.52020000,1.8681549,0.44932899,USDT
2025-01-30T23:45:00Z,SOL/USDT,sell,239.41023500,1.8681549,0.44725540,USDT
2025-01-31T06:15:00Z,SOL/USDT,buy,237.73881000,1.88679802,0.44856512,USDT
2025-01-31T06:30:00Z,SOL/USDT,sell,237.73107500,1.88679802,0.44855052,USDT
2025-01-31T07:00:00Z,SOL/USDT,buy,237.74881500,1.88371841,0.44785182,USDT
2025-01-31T07:30:00Z,SOL/USDT,stop_sell,237.21597554,1.88371841,0.44684810,USDT
2025-02-02T01:15:00Z,SOL/USDT,buy,218.41915500,2.05320369,0.44845902,USDT
2025-02-02T01:30:00Z,SOL/USDT,sell,217.65112000,2.05320369,0.44688208,USDT
2025-02-02T14:15:00Z,SOL/USDT,buy,214.15702500,2.09390971,0.44842547,USDT
2025-02-02T14:45:00Z,SOL/USDT,sell,212.46371500,2.09390971,0.44487984,USDT
2025-02-02T15:00:00Z,SOL/USDT,buy,213.24657000,2.10098638,0.44802814,USDT
2025-02-02T15:15:00Z,SOL/USDT,stop_sell,210.84202625,2.10098638,0.44297623,USDT
2025-02-02T16:00:00Z,SOL/USDT,buy,212.16603000,2.1088471,0.44742572,USDT
2025-02-02T16:00:00Z,SOL/USDT,stop_sell,209.90071143,2.1088471,0.44264851,USDT
2025-02-02T23:00:00Z,SOL/USDT,buy,203.11150500,2.19572291,0.44597658,USDT
2025-02-02T23:00:00Z,SOL/USDT,stop_sell,198.45964911,2.19572291,0.43576240,USDT
2025-02-02T23:30:00Z,SOL/USDT,buy,198.80935500,2.24519162,0.44636510,USDT
2025-02-03T00:30:00Z,SOL/USDT,sell,200.81954000,2.24519162,0.45087835,USDT
2025-02-03T05:30:00Z,SOL/USDT,buy,194.09700000,2.30061365,0.44654221,USDT
2025-02-03T05:45:00Z,SOL/USDT,sell,194.05292500,2.30061365,0.44644081,USDT
2025-02-03T06:00:00Z,SOL/USDT,buy,196.30810500,2.26759234,0.44514676,USDT
2025-02-03T08:30:00Z,SOL/USDT,sell,195.78206000,2.26759234,0.44395390,USDT
2025-02-03T13:30:00Z,SOL/USDT,buy,194.19705000,2.29816044,0.44629598,USDT
2025-02-03T14:00:00Z,SOL/USDT,sell,194.20285000,2.29816044,0.44630931,USDT
2025-02-03T14:45:00Z,SOL/USDT,buy,198.80935500,2.24448995,0.44622560,USDT
2025-02-03T14:45:00Z,SOL/USDT,stop_sell,195.43758946,2.24448995,0.43865771,USDT
2025-02-03T15:30:00Z,SOL/USDT,buy,207.16353000,2.15050404,0.44550601,USDT
2025-02-03T16:00:00Z,SOL/USDT,sell,205.95697000,2.15050404,0.44291130,USDT
2025-02-04T00:15:00Z,SOL/USDT,buy,216.68829000,2.0522352,0.44469534,USDT
2025-02-04T03:00:00Z,SOL/USDT,sell,215.77206000,2.0522352,0.44281502,USDT
2025-02-04T10:15:00Z,SOL/USDT,buy,206.79334500,2.15026973,0.44466147,USDT
2025-02-04T20:00:00Z,SOL/USDT,sell,208.54567500,2.15026973,0.44842945,USDT
2025-02-05T01:00:00Z,SOL/USDT,buy,208.18404000,2.13989947,0.44549292,USDT
2025-02-05T01:30:00Z,SOL/USDT,sell,207.42623500,2.13989947,0.44387129,USDT
2025-02-05T02:30:00Z,SOL/USDT,buy,206.29309500,2.16001657,0.44559650,USDT
2025-02-05T02:45:00Z,SOL/USDT,sell,206.65662000,2.16001657,0.44638172,USDT
2025-02-05T04:15:00Z,SOL/USDT,buy,206.56323000,2.15767023,0.44569533,USDT
2025-02-05T04:30:00Z,SOL/USDT,sell,205.63713000,2.15767023,0.44369711,USDT
2025-02-05T09:15:00Z,SOL/USDT,buy,206.03296500,2.16032196,0.44509754,USDT
2025-02-05T09:30:00Z,SOL/USDT,sell,204.39775000,2.16032196,0.44156495,USDT
2025-02-05T10:30:00Z,SOL/USDT,buy,205.04247000,2.16660484,0.44424601,USDT
2025-02-05T10:45:00Z,SOL/USDT,sell,205.06741500,2.16660484,0.44430005,USDT
2025-02-05T22:15:00Z,SOL/USDT,buy,198.59925000,2.23124152,0.44312289,USDT
2025-02-05T22:15:00Z,SOL/USDT,stop_sell,197.43301982,2.23124152,0.44052075,USDT
2025-02-06T01:30:00Z,SOL/USDT,buy,198.62926500,2.22682066,0.44231175,USDT
2025-02-06T07:15:00Z,SOL/USDT,sell,202.50869500,2.22682066,0.45095055,USDT
2025-02-06T07:30:00Z,SOL/USDT,buy,202.86138000,2.19404937,0.44508788,USDT
2025-02-06T08:00:00Z,SOL/USDT,sell,201.91899000,2.19404937,0.44302023,USDT
2025-02-06T08:45:00Z,SOL/USDT,buy,201.40065000,2.20452457,0.44399268,USDT
2025-02-06T09:30:00Z,SOL/USDT,sell,202.17886000,2.20452457,0.44570826,USDT
2025-02-06T20:45:00Z,SOL/USDT,buy,191.83587000,2.31103574,0.44333955,USDT
2025-02-06T22:15:00Z,SOL/USDT,sell,191.15437500,2.31103574,0.44176459,USDT
2025-02-06T22:30:00Z,SOL/USDT,buy,191.77584000,2.31350147,0.44367369,USDT
2025-02-06T23:00:00Z,SOL/USDT,sell,190.48471000,2.31350147,0.44068666,USDT
2025-02-07T03:45:00Z,SOL/USDT,buy,192.90640500,2.30205609,0.44408136,USDT
2025-02-07T06:15:00Z,SOL/USDT,stop_sell,190.94555089,2.30205609,0.43956737,USDT
2025-02-07T08:30:00Z,SOL/USDT,buy,193.63677000,2.2948177,0.44436109,USDT
2025-02-07T09:15:00Z,SOL/USDT,sell,194.89250500,2.2948177,0.44724277,USDT
2025-02-07T15:00:00Z,SOL/USDT,buy,202.44117000,2.18451113,0.44223499,USDT
2025-02-07T15:00:00Z,SOL/USDT,stop_sell,200.81775518,2.18451113,0.43868862,USDT
2025-02-07T15:15:00Z,SOL/USDT,buy,198.98944500,2.231561,0.44405708,USDT
2025-02-07T15:15:00Z,SOL/USDT,stop_sell,196.06192000,2.231561,0.43752413,USDT
2025-02-07T18:15:00Z,SOL/USDT,buy,197.85888000,2.23837919,0.44288320,USDT
2025-02-07T18:30:00Z,SOL/USDT,sell,198.05092500,2.23837919,0.44331307,USDT
2025-02-08T02:15:00Z,SOL/USDT,buy,192.11601000,2.30534391,0.44289347,USDT
2025-02-08T05:00:00Z,SOL/USDT,sell,191.85402500,2.30534391,0.44228951,USDT
2025-02-08T08:15:00Z,SOL/USDT,buy,192.98644500,2.29396986,0.44270509,USDT
2025-02-08T08:30:00Z,SOL/USDT,sell,192.76357000,2.29396986,0.44219382,USDT
2025-02-08T09:15:00Z,SOL/USDT,buy,192.79635000,2.29923156,0.44328345,USDT
2025-02-08T15:45:00Z,SOL/USDT,sell,192.85352500,2.29923156,0.44341491,USDT
2025-02-08T16:15:00Z,SOL/USDT,buy,193.72681500,2.27678866,0.44107502,USDT
2025-02-08T16:45:00Z,SOL/USDT,sell,193.78306000,2.27678866,0.44120307,USDT
2025-02-08T23:00:00Z,SOL/USDT,buy,198.99945000,2.23077627,0.44392325,USDT
2025-02-09T08:30:00Z,SOL/USDT,sell,204.18785500,2.23077627,0.45549742,USDT
2025-02-09T18:30:00Z,SOL/USDT,buy,199.69980000,2.22375477,0.44408338,USDT
2025-02-09T19:30:00Z,SOL/USDT,sell,199.40025000,2.22375477,0.44341726,USDT
2025-02-10T01:15:00Z,SOL/USDT,buy,202.71130500,2.18604958,0.44313696,USDT
2025-02-10T01:30:00Z,SOL/USDT,stop_sell,200.04135786,2.18604958,0.43730033,USDT
2025-02-10T02:30:00Z,SOL/USDT,buy,197.27859000,2.24727611,0.44333946,USDT
2025-02-10T04:45:00Z,SOL/USDT,sell,200.88950500,2.24727611,0.45145419,USDT
2025-02-10T11:00:00Z,SOL/USDT,buy,204.50220000,2.16880264,0.44352491,USDT
2025-02-10T12:45:00Z,SOL/USDT,sell,202.92848500,2.16880264,0.44011183,USDT
2025-02-10T14:00:00Z,SOL/USDT,buy,208.80435000,2.12488637,0.44368552,USDT
2025-02-10T14:00:00Z,SOL/USDT,stop_sell,206.68267839,2.12488637,0.43917721,USDT
2025-02-10T14:15:00Z,SOL/USDT,buy,206.69329500,2.13945278,0.44221054,USDT
2025-02-10T14:30:00Z,SOL/USDT,stop_sell,205.02493625,2.13945278,0.43864117,USDT
2025-02-10T15:15:00Z,SOL/USDT,buy,205.10250000,2.14739171,0.44043541,USDT
2025-02-10T15:15:00Z,SOL/USDT,stop_sell,203.71309250,2.14739171,0.43745181,USDT
2025-02-10T17:30:00Z,SOL/USDT,buy,203.65177500,2.16461444,0.44082757,USDT
2025-02-10T17:45:00Z,SOL/USDT,sell,203.30829500,2.16461444,0.44008407,USDT
2025-02-11T01:15:00Z,SOL/USDT,buy,202.34112000,2.17731883,0.44056113,USDT
2025-02-11T01:30:00Z,SOL/USDT,sell,203.21834000,2.17731883,0.44247112,USDT
2025-02-11T02:15:00Z,SOL/USDT,buy,203.51170500,2.17151207,0.44192812,USDT
2025-02-11T02:15:00Z,SOL/USDT,stop_sell,202.14887500,2.17151207,0.43896872,USDT
2025-02-11T02:30:00Z,SOL/USDT,buy,202.19104500,2.18331598,0.44144694,USDT
2025-02-11T02:30:00Z,SOL/USDT,stop_sell,200.84309964,2.18331598,0.43850395,USDT
2025-02-11T09:30:00Z,SOL/USDT,buy,204.28209000,2.15809549,0.44086026,USDT
2025-02-11T09:30:00Z,SOL/USDT,stop_sell,203.36719411,2.15809549,0.43888582,USDT
2025-02-11T21:45:00Z,SOL/USDT,buy,198.46918500,2.22111867,0.44082361,USDT
2025-02-11T22:45:00Z,SOL/USDT,sell,197.76107000,2.22111867,0.43925080,USDT
2025-02-11T23:15:00Z,SOL/USDT,buy,198.09900000,2.22697637,0.44116179,USDT
2025-02-12T00:30:00Z,SOL/USDT,sell,198.06092000,2.22697637,0.44107699,USDT
2025-02-12T09:30:00Z,SOL/USDT,buy,196.19805000,2.25462559,0.44235314,USDT
2025-02-12T13:30:00Z,SOL/USDT,stop_sell,194.20677661,2.25462559,0.43786357,USDT
2025-02-13T03:45:00Z,SOL/USDT,buy,198.02896500,2.22430099,0.44047602,USDT
2025-02-13T04:30:00Z,SOL/USDT,stop_sell,196.55453071,2.22430099,0.43719644,USDT
2025-02-13T04:45:00Z,SOL/USDT,buy,196.58824500,2.23096564,0.43858162,USDT
2025-02-13T05:00:00Z,SOL/USDT,sell,195.83203500,2.23096564,0.43689454,USDT
2025-02-13T05:45:00Z,SOL/USDT,buy,196.27809000,2.23741863,0.43915626,USDT
2025-02-13T06:00:00Z,SOL/USDT,sell,195.76207000,2.23741863,0.43800170,USDT
2025-02-13T15:45:00Z,SOL/USDT,buy,193.05648000,2.2769339,0.43957684,USDT
2025-02-13T16:00:00Z,SOL/USDT,sell,191.71409500,2.2769339,0.43652032,USDT
2025-02-13T17:30:00Z,SOL/USDT,buy,192.24607500,2.28394509,0.43907948,USDT
2025-02-14T01:15:00Z,SOL/USDT,sell,196.08191000,2.28394509,0.44784032,USDT
2025-02-14T01:30:00Z,SOL/USDT,buy,195.47769000,2.24070626,0.43800808,USDT
2025-02-14T01:30:00Z,SOL/USDT,stop_sell,195.08633661,2.24070626,0.43713118,USDT
2025-02-14T01:45:00Z,SOL/USDT,buy,195.45768000,2.25412391,0.44058583,USDT
2025-02-14T05:30:00Z,SOL/USDT,sell,195.62214000,2.25412391,0.44095654,USDT
2025-02-14T06:00:00Z,SOL/USDT,buy,195.48769500,2.24745873,0.43935053,USDT
2025-02-14T06:15:00Z,SOL/USDT,sell,195.33228500,2.24745873,0.43900125,USDT
2025-02-14T07:15:00Z,SOL/USDT,buy,196.81836000,2.23302287,0.43949990,USDT
2025-02-14T07:30:00Z,SOL/USDT,sell,196.68161000,2.23302287,0.43919453,USDT
2025-02-14T08:30:00Z,SOL/USDT,buy,197.85888000,2.22136345,0.43951648,USDT
2025-02-14T12:45:00Z,SOL/USDT,stop_sell,196.95147500,2.22136345,0.43750081,USDT
2025-02-14T13:00:00Z,SOL/USDT,buy,197.26858500,2.2272896,0.43937427,USDT
2025-02-14T13:15:00Z,SOL/USDT,sell,197.00145000,2.2272896,0.43877928,USDT
2025-02-14T20:00:00Z,SOL/USDT,buy,201.60075000,2.17828533,0.43914396,USDT
2025-02-14T20:15:00Z,SOL/USDT,sell,201.91899000,2.17828533,0.43983717,USDT
2025-02-14T20:45:00Z,SOL/USDT,buy,202.14102000,2.17260429,0.43917245,USDT
2025-02-14T21:00:00Z,SOL/USDT,stop_sell,200.42652232,2.17260429,0.43544752,USDT
2025-02-15T16:15:00Z,SOL/USDT,buy,195.16753500,2.25448897,0.44000305,USDT
2025-02-15T16:45:00Z,SOL/USDT,sell,194.90250000,2.25448897,0.43940554,USDT
2025-02-15T19:00:00Z,SOL/USDT,buy,195.17754000,2.24718039,0.43859914,USDT
2025-02-15T19:45:00Z,SOL/USDT,sell,194.28281000,2.24718039,0.43658852,USDT
2025-02-15T20:15:00Z,SOL/USDT,buy,194.65728000,2.25199982,0.43836816,USDT
2025-02-15T20:15:00Z,SOL/USDT,stop_sell,193.80626268,2.25199982,0.43645167,USDT
2025-02-15T23:30:00Z,SOL/USDT,buy,195.08749500,2.24404704,0.43778552,USDT
2025-02-15T23:45:00Z,SOL/USDT,sell,194.35277500,2.24404704,0.43613677,USDT
2025-02-16T00:30:00Z,SOL/USDT,buy,195.11751000,2.244393,0.43792037,USDT
2025-02-16T01:30:00Z,SOL/USDT,stop_sell,193.82304000,2.244393,0.43501507,USDT
2025-02-16T01:45:00Z,SOL/USDT,buy,194.48719500,2.25115387,0.43782060,USDT
2025-02-16T02:45:00Z,SOL/USDT,sell,193.92299000,2.25115387,0.43655049,USDT
2025-02-16T04:45:00Z,SOL/USDT,buy,194.71731000,2.24680206,0.43749125,USDT
2025-02-16T05:15:00Z,SOL/USDT,sell,194.53268500,2.24680206,0.43707644,USDT
2025-02-16T05:45:00Z,SOL/USDT,buy,195.26758500,2.24131972,0.43765709,USDT
2025-02-16T07:00:00Z,SOL/USDT,stop_sell,194.29887339,2.24131972,0.43548590,USDT
2025-02-17T00:15:00Z,SOL/USDT,buy,188.85438000,2.31312713,0.43684419,USDT
2025-02-17T00:45:00Z,SOL/USDT,sell,188.79555500,2.31312713,0.43670812,USDT
2025-02-17T01:45:00Z,SOL/USDT,buy,189.10450500,2.31294441,0.43738821,USDT
2025-02-17T02:30:00Z,SOL/USDT,sell,189.04543000,2.31294441,0.43725157,USDT
2025-02-17T22:00:00Z,SOL/USDT,buy,181.20055500,2.41453881,0.43751577,USDT
2025-02-17T22:45:00Z,SOL/USDT,stop_sell,179.49056696,2.41453881,0.43338694,USDT
2025-02-17T23:00:00Z,SOL/USDT,buy,178.86939000,2.43739136,0.43597471,USDT
2025-02-17T23:30:00Z,SOL/USDT,stop_sell,177.79641446,2.43739136,0.43335944,USDT
2025-02-18T13:30:00Z,SOL/USDT,buy,169.32462000,2.57872876,0.43664227,USDT
2025-02-18T14:30:00Z,SOL/USDT,stop_sell,167.45194643,2.57872876,0.43181315,USDT
2025-02-18T20:15:00Z,SOL/USDT,buy,165.91291500,2.61877617,0.43448879,USDT
2025-02-18T20:30:00Z,SOL/USDT,sell,165.92699500,2.61877617,0.43452566,USDT
2025-02-18T23:15:00Z,SOL/USDT,buy,168.85438500,2.57609662,0.43498521,USDT
2025-02-19T03:15:00Z,SOL/USDT,sell,167.68611500,2.57609662,0.43197563,USDT
2025-02-19T09:30:00Z,SOL/USDT,buy,169.47469500,2.56939922,0.43544815,USDT
2025-02-19T14:45:00Z,SOL/USDT,sell,169.75508000,2.56939922,0.43616857,USDT
2025-02-20T01:45:00Z,SOL/USDT,buy,168.18405000,2.58858287,0.43535835,USDT
2025-02-20T07:45:00Z,SOL/USDT,sell,171.98396500,2.58858287,0.44519475,USDT
2025-02-20T08:00:00Z,SOL/USDT,buy,172.15603500,2.5334742,0.43615287,USDT
2025-02-20T08:45:00Z,SOL/USDT,sell,172.08391500,2.5334742,0.43597016,USDT
2025-02-20T10:30:00Z,SOL/USDT,buy,173.16654000,2.52111591,0.43657292,USDT
2025-02-20T15:00:00Z,SOL/USDT,sell,172.40375500,2.52111591,0.43464985,USDT
2025-02-20T15:15:00Z,SOL/USDT,buy,172.62627000,2.51691111,0.43448498,USDT
2025-02-20T15:30:00Z,SOL/USDT,sell,172.61365000,2.51691111,0.43445321,USDT
2025-02-20T21:45:00Z,SOL/USDT,buy,173.54673000,2.50017174,0.43389663,USDT
2025-02-20T23:00:00Z,SOL/USDT,sell,174.08291500,2.50017174,0.43523718,USDT
2025-02-20T23:30:00Z,SOL/USDT,buy,175.41766500,2.48682708,0.43623340,USDT
2025-02-21T00:45:00Z,SOL/USDT,stop_sell,174.24354893,2.48682708,0.43331358,USDT
2025-02-21T02:00:00Z,SOL/USDT,buy,174.15703500,2.49621219,0.43473291,USDT
2025-02-21T02:15:00Z,SOL/USDT,sell,174.08291500,2.49621219,0.43454789,USDT
2025-02-21T03:15:00Z,SOL/USDT,buy,173.88690000,2.50391311,0.43539769,USDT
2025-02-21T03:45:00Z,SOL/USDT,sell,173.38326500,2.50391311,0.43413663,USDT
2025-02-22T01:15:00Z,SOL/USDT,buy,171.29560500,2.5351672,0.43426300,USDT
2025-02-22T02:30:00Z,SOL/USDT,stop_sell,170.38547893,2.5351672,0.43195568,USDT
2025-02-22T02:45:00Z,SOL/USDT,buy,171.30561000,2.53649617,0.43451602,USDT
2025-02-22T03:30:00Z,SOL/USDT,stop_sell,170.21699179,2.53649617,0.43175475,USDT
2025-02-22T03:45:00Z,SOL/USDT,buy,170.04498000,2.55297376,0.43412037,USDT
2025-02-22T06:30:00Z,SOL/USDT,sell,171.16437500,2.55297376,0.43697816,USDT
2025-02-22T07:45:00Z,SOL/USDT,buy,172.40616000,2.52219311,0.43484163,USDT
2025-02-22T15:00:00Z,SOL/USDT,sell,173.69311000,2.52219311,0.43808757,USDT
2025-02-22T15:15:00Z,SOL/USDT,buy,174.02697000,2.49778494,0.43468194,USDT
2025-02-22T15:30:00Z,SOL/USDT,stop_sell,173.35399393,2.49778494,0.43300100,USDT
2025-02-22T22:15:00Z,SOL/USDT,buy,173.06649000,2.50510368,0.43354950,USDT
2025-02-22T22:45:00Z,SOL/USDT,sell,173.00345500,2.50510368,0.43339159,USDT
2025-02-23T20:45:00Z,SOL/USDT,buy,167.28360000,2.59915964,0.43479678,USDT
2025-02-23T21:15:00Z,SOL/USDT,sell,167.35628000,2.59915964,0.43498569,USDT
2025-02-25T06:45:00Z,SOL/USDT,buy,141.00046500,3.0909798,0.43582959,USDT
2025-02-25T07:00:00Z,SOL/USDT,sell,138.28082500,3.0909798,0.42742324,USDT
2025-02-25T09:00:00Z,SOL/USDT,buy,137.65879500,3.15184902,0.43387974,USDT
2025-02-25T09:15:00Z,SOL/USDT,sell,136.96148500,3.15184902,0.43168192,USDT
2025-02-25T12:00:00Z,SOL/USDT,buy,140.82037500,3.06672604,0.43185751,USDT
2025-02-25T12:45:00Z,SOL/USDT,stop_sell,138.42896518,3.06672604,0.42452371,USDT
2025-02-25T13:45:00Z,SOL/USDT,buy,138.62928000,3.1361917,0.43476800,USDT
2025-02-25T14:45:00Z,SOL/USDT,stop_sell,135.44510071,3.1361917,0.42478180,USDT
2025-02-25T15:00:00Z,SOL/USDT,buy,136.18806000,3.16823996,0.43147645,USDT
2025-02-25T15:15:00Z,SOL/USDT,sell,136.18187500,3.16823996,0.43145686,USDT
2025-02-25T17:00:00Z,SOL/USDT,buy,142.96144500,3.01956737,0.43168171,USDT
2025-02-25T21:30:00Z,SOL/USDT,sell,143.84804000,3.01956737,0.43435885,USDT
2025-02-26T16:30:00Z,SOL/USDT,buy,138.31912500,3.11397336,0.43072207,USDT
2025-02-26T17:00:00Z,SOL/USDT,sell,137.08142500,3.11397336,0.42686791,USDT
2025-02-26T22:15:00Z,SOL/USDT,buy,136.69831500,3.15953204,0.43190271,USDT
2025-02-27T03:00:00Z,SOL/USDT,sell,135.76208500,3.15953204,0.42894466,USDT
2025-02-27T03:15:00Z,SOL/USDT,buy,137.26860000,3.15729599,0.43339760,USDT
2025-02-27T08:45:00Z,SOL/USDT,sell,139.68012500,3.15729599,0.44101150,USDT
2025-02-27T14:00:00Z,SOL/USDT,buy,139.85989500,3.08691045,0.43173497,USDT
2025-02-27T14:15:00Z,SOL/USDT,sell,139.36028500,3.08691045,0.43019272,USDT
2025-02-28T08:30:00Z,SOL/USDT,buy,130.45519500,3.31105281,0.43194404,USDT
2025-02-28T19:00:00Z,SOL/USDT,sell,146.64664000,3.31105281,0.48555477,USDT
2025-03-01T00:45:00Z,SOL/USDT,buy,146.65329000,2.97410039,0.43616161,USDT
2025-03-01T01:00:00Z,SOL/USDT,sell,145.98697000,2.97410039,0.43417990,USDT
2025-03-01T01:15:00Z,SOL/USDT,buy,147.19356000,2.96829124,0.43691335,USDT
2025-03-01T03:00:00Z,SOL/USDT,sell,147.05643500,2.96829124,0.43650633,USDT
2025-03-01T03:15:00Z,SOL/USDT,buy,146.83338000,2.96820002,0.43583084,USDT
2025-03-01T03:30:00Z,SOL/USDT,sell,146.89651500,2.96820002,0.43601824,USDT
2025-03-01T16:00:00Z,SOL/USDT,buy,140.31012000,3.100721,0.43506254,USDT
2025-03-01T16:15:00Z,SOL/USDT,sell,140.99946500,3.100721,0.43720000,USDT
2025-03-01T23:45:00Z,SOL/USDT,buy,143.34163500,3.04359016,0.43627319,USDT
2025-03-02T03:00:00Z,SOL/USDT,sell,143.30831000,3.04359016,0.43617176,USDT
2025-03-02T03:15:00Z,SOL/USDT,buy,143.87190000,3.03562329,0.43674089,USDT
2025-03-02T05:15:00Z,SOL/USDT,sell,143.29831500,3.03562329,0.43499970,USDT
2025-03-02T10:30:00Z,SOL/USDT,buy,144.45219000,3.0328983,0.43810880,USDT
2025-03-02T11:30:00Z,SOL/USDT,sell,144.17787500,3.0328983,0.43727683,USDT
2025-03-02T15:30:00Z,SOL/USDT,buy,152.12602500,2.86226465,0.43542494,USDT
2025-03-02T21:00:00Z,SOL/USDT,sell,175.76207500,2.86226465,0.50307757,USDT
2025-03-02T22:30:00Z,SOL/USDT,buy,176.91841500,2.48911352,0.44037002,USDT
2025-03-03T00:45:00Z,SOL/USDT,stop_sell,174.33707357,2.48911352,0.43394477,USDT
2025-03-03T12:45:00Z,SOL/USDT,buy,163.57174500,2.69865756,0.44142413,USDT
2025-03-03T14:30:00Z,SOL/USDT,stop_sell,161.26432750,2.69865756,0.43519720,USDT
2025-03-03T14:45:00Z,SOL/USDT,buy,161.61076500,2.71918839,0.43945012,USDT
2025-03-03T14:45:00Z,SOL/USDT,stop_sell,158.97047500,2.71918839,0.43227067,USDT
2025-03-04T00:45:00Z,SOL/USDT,buy,142.72132500,3.09324463,0.44147197,USDT
2025-03-04T01:00:00Z,SOL/USDT,sell,142.31880500,3.09324463,0.44022688,USDT
2025-03-04T06:30:00Z,SOL/USDT,buy,138.26910000,3.17324994,0.43876241,USDT
2025-03-04T07:00:00Z,SOL/USDT,stop_sell,136.47601357,3.17324994,0.43307250,USDT
2025-03-04T07:30:00Z,SOL/USDT,buy,136.89841500,3.21480639,0.44010190,USDT
2025-03-04T08:00:00Z,SOL/USDT,sell,136.29182000,3.21480639,0.43815181,USDT
2025-03-04T08:15:00Z,SOL/USDT,buy,137.28861000,3.19415962,0.43852173,USDT
2025-03-04T09:30:00Z,SOL/USDT,sell,136.32180500,3.19415962,0.43543360,USDT
2025-03-04T09:45:00Z,SOL/USDT,buy,138.21907500,3.17563096,0.43893277,USDT
2025-03-04T10:00:00Z,SOL/USDT,sell,135.80206500,3.17563096,0.43125724,USDT
2025-03-04T11:45:00Z,SOL/USDT,buy,137.70882000,3.17389404,0.43707320,USDT
2025-03-04T12:15:00Z,SOL/USDT,sell,136.11191000,3.17389404,0.43200478,USDT
2025-03-04T14:45:00Z,SOL/USDT,buy,140.17005000,3.10811806,0.43566506,USDT
2025-03-04T14:45:00Z,SOL/USDT,stop_sell,137.79820929,3.10811806,0.42829310,USDT
2025-03-04T15:45:00Z,SOL/USDT,buy,138.13903500,3.14804495,0.43486789,USDT
2025-03-04T16:15:00Z,SOL/USDT,sell,137.28132500,3.14804495,0.43216778,USDT
2025-03-04T17:30:00Z,SOL/USDT,buy,139.20957000,3.13037765,0.43577853,USDT
2025-03-04T19:15:00Z,SOL/USDT,sell,142.23884500,3.13037765,0.44526130,USDT
2025-03-06T07:30:00Z,SOL/USDT,buy,149.13453000,2.92229744,0.43581546,USDT
2025-03-06T07:45:00Z,SOL/USDT,sell,148.96548000,2.92229744,0.43532144,USDT
2025-03-06T08:15:00Z,SOL/USDT,buy,148.80436500,2.93118963,0.43617381,USDT
2025-03-06T08:30:00Z,SOL/USDT,sell,148.89551500,2.93118963,0.43644099,USDT
2025-03-06T08:45:00Z,SOL/USDT,buy,150.47520000,2.88853125,0.43465232,USDT
2025-03-06T09:00:00Z,SOL/USDT,stop_sell,149.97319018,2.88853125,0.43320225,USDT
2025-03-06T10:00:00Z,SOL/USDT,buy,149.13453000,2.92313247,0.43593999,USDT
2025-03-06T10:15:00Z,SOL/USDT,sell,149.76508000,2.92313247,0.43778317,USDT
2025-03-07T05:15:00Z,SOL/USDT,buy,141.81087000,3.07613907,0.43622996,USDT
2025-03-07T08:45:00Z,SOL/USDT,sell,143.86803000,3.07613907,0.44255807,USDT
2025-03-07T09:00:00Z,SOL/USDT,buy,144.66229500,3.01912733,0.43675389,USDT
2025-03-07T09:45:00Z,SOL/USDT,stop_sell,143.62172464,3.01912733,0.43361227,USDT
2025-03-07T15:45:00Z,SOL/USDT,buy,144.70231500,3.01941362,0.43691614,USDT
2025-03-07T16:30:00Z,SOL/USDT,sell,143.06843000,3.01941362,0.43198277,USDT
2025-03-07T17:30:00Z,SOL/USDT,buy,142.60126500,3.0604986,0.43643097,USDT
2025-03-07T18:00:00Z,SOL/USDT,sell,143.83804500,3.0604986,0.44021614,USDT
2025-03-07T18:15:00Z,SOL/USDT,buy,144.98245500,3.01697453,0.43740837,USDT
2025-03-07T18:30:00Z,SOL/USDT,sell,145.32730000,3.01697453,0.43844876,USDT
2025-03-07T18:45:00Z,SOL/USDT,buy,146.97345000,2.96734623,0.43612111,USDT
2025-03-07T20:00:00Z,SOL/USDT,sell,146.77657500,2.96734623,0.43553692,USDT
2025-03-07T20:15:00Z,SOL/USDT,buy,146.18305500,2.96796788,0.43386661,USDT
2025-03-07T20:45:00Z,SOL/USDT,stop_sell,144.15681411,2.96796788,0.42785279,USDT
2025-03-07T21:00:00Z,SOL/USDT,buy,145.30261500,2.99688857,0.43545575,USDT
2025-03-07T21:00:00Z,SOL/USDT,stop_sell,142.29096179,2.99688857,0.42643016,USDT
2025-03-07T21:30:00Z,SOL/USDT,buy,144.49221000,3.01386041,0.43547935,USDT
2025-03-07T22:15:00Z,SOL/USDT,sell,141.46923000,3.01386041,0.42636851,USDT
2025-03-08T04:00:00Z,SOL/USDT,buy,139.74984000,3.09753105,0.43287947,USDT
2025-03-08T05:30:00Z,SOL/USDT,sell,139.46023500,3.09753105,0.43198241,USDT
2025-03-08T19:30:00Z,SOL/USDT,buy,138.46920000,3.13528083,0.43413983,USDT
2025-03-08T22:00:00Z,SOL/USDT,stop_sell,137.24277286,3.13528083,0.43029463,USDT
2025-03-08T22:45:00Z,SOL/USDT,buy,137.23858500,3.15837585,0.43345103,USDT
2025-03-08T23:00:00Z,SOL/USDT,sell,137.45124000,3.15837585,0.43412268,USDT
2025-03-09T03:00:00Z,SOL/USDT,buy,137.41867500,3.15572938,0.43365615,USDT
2025-03-09T06:15:00Z,SOL/USDT,sell,137.93100000,3.15572938,0.43527291,USDT
2025-03-09T06:30:00Z,SOL/USDT,buy,138.29911500,3.13264775,0.43324241,USDT
2025-03-09T10:00:00Z,SOL/USDT,sell,138.01096000,3.13264775,0.43233972,USDT
2025-03-09T22:45:00Z,SOL/USDT,buy,127.21357500,3.40451778,0.43310088,USDT
2025-03-09T23:00:00Z,SOL/USDT,sell,127.15639000,3.40451778,0.43290619,USDT
2025-03-09T23:30:00Z,SOL/USDT,buy,126.83338500,3.41405365,0.43301598,USDT
2025-03-09T23:45:00Z,SOL/USDT,sell,126.23685000,3.41405365,0.43097938,USDT
2025-03-10T06:00:00Z,SOL/USDT,buy,127.81387500,3.38128299,0.43217488,USDT
2025-03-10T06:15:00Z,SOL/USDT,sell,127.53620000,3.38128299,0.43123598,USDT
2025-03-10T08:30:00Z,SOL/USDT,buy,127.29361500,3.39715098,0.43243563,USDT
2025-03-10T08:30:00Z,SOL/USDT,stop_sell,126.37713696,3.39715098,0.42932221,USDT
2025-03-10T09:30:00Z,SOL/USDT,buy,130.54524000,3.32184298,0.43365079,USDT
2025-03-10T09:45:00Z,SOL/USDT,stop_sell,128.65278429,3.32184298,0.42736435,USDT
2025-03-10T11:00:00Z,SOL/USDT,buy,127.77385500,3.37901134,0.43174931,USDT
2025-03-10T13:45:00Z,SOL/USDT,stop_sell,126.08264143,3.37901134,0.42603468,USDT
2025-03-11T00:00:00Z,SOL/USDT,buy,119.53974000,3.64334526,0.43552455,USDT
2025-03-11T00:15:00Z,SOL/USDT,stop_sell,116.71696946,3.64334526,0.42524022,USDT
2025-03-11T02:15:00Z,SOL/USDT,buy,120.49021500,3.57091023,0.43025974,USDT
2025-03-11T10:00:00Z,SOL/USDT,sell,123.53820000,3.57091023,0.44114382,USDT
2025-03-11T12:15:00Z,SOL/USDT,buy,124.29211500,3.47654015,0.43210653,USDT
2025-03-11T12:30:00Z,SOL/USDT,sell,123.93800000,3.47654015,0.43087543,USDT
2025-03-11T15:45:00Z,SOL/USDT,buy,124.70232000,3.45844741,0.43127642,USDT
2025-03-11T16:15:00Z,SOL/USDT,sell,124.97748000,3.45844741,0.43222804,USDT
2025-03-11T16:30:00Z,SOL/USDT,buy,125.94294000,3.42141918,0.43090359,USDT
2025-03-11T17:30:00Z,SOL/USDT,sell,123.70811500,3.42141918,0.42325732,USDT
2025-03-12T08:15:00Z,SOL/USDT,buy,124.54224000,3.45554106,0.43036082,USDT
2025-03-12T08:15:00Z,SOL/USDT,stop_sell,123.42218661,3.45554106,0.42649043,USDT
2025-03-12T08:30:00Z,SOL/USDT,buy,124.29211500,3.46642837,0.43084971,USDT
2025-03-12T15:15:00Z,SOL/USDT,sell,123.98797500,3.46642837,0.42979543,USDT
2025-03-12T15:30:00Z,SOL/USDT,buy,124.03198500,3.46435412,0.42969072,USDT
2025-03-12T15:45:00Z,SOL/USDT,sell,124.08792500,3.46435412,0.42988451,USDT
2025-03-13T01:15:00Z,SOL/USDT,buy,126.33313500,3.41408589,0.43131217,USDT
2025-03-13T01:30:00Z,SOL/USDT,sell,125.35729000,3.41408589,0.42798055,USDT
2025-03-13T09:15:00Z,SOL/USDT,buy,125.93293500,3.42640105,0.43149674,USDT
2025-03-13T13:45:00Z,SOL/USDT,stop_sell,124.60373839,3.42640105,0.42694238,USDT
2025-03-13T23:15:00Z,SOL/USDT,buy,124.20207000,3.4482724,0.42828257,USDT
2025-03-13T23:15:00Z,SOL/USDT,stop_sell,123.59745607,3.4482724,0.42619770,USDT
2025-03-14T19:45:00Z,SOL/USDT,buy,133.68681000,3.19719862,0.42742328,USDT
2025-03-14T20:00:00Z,SOL/USDT,stop_sell,133.07271607,3.19719862,0.42545990,USDT
2025-03-14T20:30:00Z,SOL/USDT,buy,133.18656000,3.22026663,0.42889623,USDT
2025-03-14T23:45:00Z,SOL/USDT,sell,133.54319500,3.22026663,0.43004469,USDT
2025-03-15T01:00:00Z,SOL/USDT,buy,133.16655000,3.2002273,0.42616323,USDT
2025-03-15T01:30:00Z,SOL/USDT,sell,133.27333000,3.2002273,0.42650495,USDT
2025-03-15T04:30:00Z,SOL/USDT,buy,134.70732000,3.17689573,0.42795111,USDT
2025-03-15T05:00:00Z,SOL/USDT,stop_sell,134.17145214,3.17689573,0.42624871,USDT
2025-03-15T15:00:00Z,SOL/USDT,buy,135.38766000,3.17255423,0.42952469,USDT
2025-03-15T18:00:00Z,SOL/USDT,sell,134.93250000,3.17255423,0.42808067,USDT
2025-03-15T23:15:00Z,SOL/USDT,buy,135.63778500,3.15249695,0.42759770,USDT
2025-03-16T01:45:00Z,SOL/USDT,stop_sell,135.17987625,3.15249695,0.42615415,USDT
2025-03-17T06:15:00Z,SOL/USDT,buy,127.94394000,3.34224056,0.42761943,USDT
2025-03-17T06:15:00Z,SOL/USDT,stop_sell,127.34451018,3.34224056,0.42561599,USDT
2025-03-17T07:00:00Z,SOL/USDT,buy,128.37415500,3.33472124,0.42809202,USDT
2025-03-17T08:45:00Z,SOL/USDT,sell,129.02545500,3.33472124,0.43026393,USDT
2025-03-17T10:15:00Z,SOL/USDT,buy,129.14454000,3.31716698,0.42839400,USDT
2025-03-17T12:15:00Z,SOL/USDT,stop_sell,128.24584500,3.31716698,0.42541288,USDT
2025-03-18T11:15:00Z,SOL/USDT,buy,124.51222500,3.43304827,0.42745648,USDT
2025-03-18T11:30:00Z,SOL/USDT,stop_sell,123.88124268,3.43304827,0.42529029,USDT
2025-03-18T16:30:00Z,SOL/USDT,buy,123.92193000,3.4457823,0.42700799,USDT
2025-03-18T16:45:00Z,SOL/USDT,sell,123.52820500,3.4457823,0.42565130,USDT
2025-03-18T17:00:00Z,SOL/USDT,buy,123.54174000,3.46307987,0.42783491,USDT
2025-03-18T17:15:00Z,SOL/USDT,sell,123.07843000,3.46307987,0.42623043,USDT
2025-03-18T18:15:00Z,SOL/USDT,buy,123.93193500,3.44721971,0.42722061,USDT
2025-03-18T22:45:00Z,SOL/USDT,sell,124.59767000,3.44721971,0.42951554,USDT
2025-03-19T04:30:00Z,SOL/USDT,buy,126.16305000,3.38255364,0.42675328,USDT
2025-03-19T05:45:00Z,SOL/USDT,sell,125.60716500,3.38255364,0.42487297,USDT
2025-03-19T06:45:00Z,SOL/USDT,buy,126.15304500,3.37520307,0.42579214,USDT
2025-03-19T07:45:00Z,SOL/USDT,stop_sell,125.70283143,3.37520307,0.42427258,USDT
2025-03-19T08:00:00Z,SOL/USDT,buy,126.08301000,3.39006712,0.42742987,USDT
2025-03-19T08:30:00Z,SOL/USDT,sell,125.93700000,3.39006712,0.42693488,USDT
2025-03-19T16:30:00Z,SOL/USDT,buy,131.52573000,3.24250204,0.42647245,USDT
2025-03-19T17:30:00Z,SOL/USDT,stop_sell,130.05850964,3.24250204,0.42171498,USDT
2025-03-19T17:45:00Z,SOL/USDT,buy,129.94494000,3.27471498,0.42553264,USDT
2025-03-19T18:00:00Z,SOL/USDT,stop_sell,129.14967857,3.27471498,0.42292839,USDT
2025-03-19T21:45:00Z,SOL/USDT,buy,133.10652000,3.17989854,0.42326523,USDT
2025-03-20T01:00:00Z,SOL/USDT,sell,133.64314500,3.17989854,0.42497164,USDT
2025-03-20T06:15:00Z,SOL/USDT,buy,134.13703500,3.17424389,0.42578366,USDT
2025-03-20T07:45:00Z,SOL/USDT,sell,134.52270500,3.17424389,0.42700787,USDT
2025-03-20T08:00:00Z,SOL/USDT,buy,133.79686500,3.17328207,0.42457519,USDT
2025-03-20T08:00:00Z,SOL/USDT,stop_sell,133.45109821,3.17328207,0.42347798,USDT
2025-03-20T09:45:00Z,SOL/USDT,buy,133.51672500,3.178758,0.42441736,USDT
2025-03-20T10:00:00Z,SOL/USDT,stop_sell,133.21942839,3.178758,0.42347232,USDT
2025-03-20T22:15:00Z,SOL/USDT,buy,127.86390000,3.32786805,0.42551419,USDT
2025-03-20T22:30:00Z,SOL/USDT,sell,127.75609000,3.32786805,0.42515541,USDT
2025-03-20T23:15:00Z,SOL/USDT,buy,127.91392500,3.3252896,0.42535084,USDT
2025-03-21T01:30:00Z,SOL/USDT,sell,128.34579500,3.3252896,0.42678694,USDT
2025-03-21T01:45:00Z,SOL/USDT,buy,128.61427500,3.31063836,0.42579535,USDT
2025-03-21T03:15:00Z,SOL/USDT,stop_sell,127.71611000,3.31063836,0.42282185,USDT
2025-03-21T03:30:00Z,SOL/USDT,buy,128.08401000,3.32326369,0.42565694,USDT
2025-03-21T04:15:00Z,SOL/USDT,sell,128.42575500,3.32326369,0.42679265,USDT
2025-03-21T06:15:00Z,SOL/USDT,buy,128.23408500,3.31566192,0.42518087,USDT
2025-03-21T06:30:00Z,SOL/USDT,sell,128.08592500,3.31566192,0.42468962,USDT
2025-03-21T08:15:00Z,SOL/USDT,buy,128.06400000,3.31922734,0.42507353,USDT
2025-03-21T08:30:00Z,SOL/USDT,sell,128.47573000,3.31922734,0.42644016,USDT
2025-03-21T08:45:00Z,SOL/USDT,buy,128.52423000,3.30766237,0.42511476,USDT
2025-03-21T09:00:00Z,SOL/USDT,sell,128.40576500,3.30766237,0.42472292,USDT
2025-03-21T09:30:00Z,SOL/USDT,buy,128.12403000,3.29585673,0.42227845,USDT
2025-03-21T09:30:00Z,SOL/USDT,stop_sell,127.99597000,3.29585673,0.42185638,USDT
2025-03-21T15:30:00Z,SOL/USDT,buy,126.48321000,3.35759093,0.42467888,USDT
2025-03-21T15:45:00Z,SOL/USDT,sell,126.06693500,3.35759093,0.42328120,USDT
2025-03-21T17:30:00Z,SOL/USDT,buy,126.40317000,3.35935765,0.42463346,USDT
2025-03-21T18:15:00Z,SOL/USDT,sell,126.14689500,3.35935765,0.42377254,USDT
2025-03-21T19:00:00Z,SOL/USDT,buy,127.71382500,3.32798996,0.42503033,USDT
2025-03-21T23:30:00Z,SOL/USDT,sell,128.25584000,3.32798996,0.42683415,USDT
2025-03-21T23:45:00Z,SOL/USDT,buy,128.25409500,3.30783538,0.42424343,USDT
2025-03-22T02:00:00Z,SOL/USDT,sell,128.03595000,3.30783538,0.42352185,USDT
2025-03-22T06:00:00Z,SOL/USDT,buy,129.59476500,3.28509629,0.42573128,USDT
2025-03-22T08:30:00Z,SOL/USDT,sell,128.91551000,3.28509629,0.42349986,USDT
2025-03-22T08:45:00Z,SOL/USDT,buy,129.27460500,3.28802478,0.42505810,USDT
2025-03-22T14:15:00Z,SOL/USDT,sell,129.31531000,3.28802478,0.42519194,USDT
2025-03-23T04:30:00Z,SOL/USDT,buy,130.22508000,3.25827665,0.42430934,USDT
2025-03-23T15:00:00Z,SOL/USDT,sell,132.21386000,3.25827665,0.43078933,USDT
2025-03-24T01:15:00Z,SOL/USDT,buy,134.71732500,3.15506255,0.42504159,USDT
2025-03-24T01:30:00Z,SOL/USDT,stop_sell,133.66206411,3.15506255,0.42171217,USDT
2025-03-24T03:45:00Z,SOL/USDT,buy,138.06900000,3.0773273,0.42488350,USDT
2025-03-24T08:15:00Z,SOL/USDT,sell,139.20036500,3.0773273,0.42836508,USDT
2025-03-24T11:45:00Z,SOL/USDT,buy,142.14103500,2.98507518,0.42430168,USDT
2025-03-24T16:30:00Z,SOL/USDT,sell,142.37877500,2.98507518,0.42501135,USDT
2025-03-25T14:15:00Z,SOL/USDT,buy,145.44268500,2.91787882,0.42438413,USDT
2025-03-25T16:30:00Z,SOL/USDT,stop_sell,144.03259054,2.91787882,0.42026965,USDT
2025-03-26T03:15:00Z,SOL/USDT,buy,142.77135000,2.96551753,0.42339094,USDT
2025-03-26T03:15:00Z,SOL/USDT,stop_sell,142.23313357,2.96551753,0.42179485,USDT
2025-03-26T13:00:00Z,SOL/USDT,buy,144.91242000,2.92587919,0.42399623,USDT
2025-03-26T13:00:00Z,SOL/USDT,stop_sell,144.28317946,2.92587919,0.42215515,USDT
2025-03-26T13:15:00Z,SOL/USDT,buy,143.76184500,2.93656039,0.42216534,USDT
2025-03-26T13:15:00Z,SOL/USDT,stop_sell,143.61815500,2.93656039,0.42174339,USDT
2025-03-26T13:45:00Z,SOL/USDT,buy,144.40216500,2.93565472,0.42391490,USDT
2025-03-26T13:45:00Z,SOL/USDT,stop_sell,143.51463536,2.93565472,0.42130942,USDT
2025-03-27T14:45:00Z,SOL/USDT,buy,138.83938500,3.04587044,0.42288678,USDT
2025-03-27T16:00:00Z,SOL/USDT,sell,137.89102000,3.04587044,0.41999818,USDT
2025-03-27T16:15:00Z,SOL/USDT,buy,138.90942000,3.05184946,0.42393064,USDT
2025-03-27T18:00:00Z,SOL/USDT,sell,137.57118000,3.05184946,0.41984653,USDT
2025-03-27T18:15:00Z,SOL/USDT,buy,137.97895500,3.06938412,0.42351041,USDT
2025-03-27T19:45:00Z,SOL/USDT,sell,139.33030000,3.06938412,0.42765821,USDT
2025-03-27T20:30:00Z,SOL/USDT,buy,139.42968000,3.03208837,0.42276311,USDT
2025-03-27T23:15:00Z,SOL/USDT,stop_sell,138.74416464,3.03208837,0.42068457,USDT
2025-03-28T20:15:00Z,SOL/USDT,buy,130.19506500,3.25751736,0.42411268,USDT
2025-03-28T20:45:00Z,SOL/USDT,sell,129.66513500,3.25751736,0.42238643,USDT
2025-03-29T02:00:00Z,SOL/USDT,buy,129.60477000,3.26524535,0.42319137,USDT
2025-03-29T02:30:00Z,SOL/USDT,stop_sell,128.77558000,3.26524535,0.42048386,USDT
2025-03-29T15:45:00Z,SOL/USDT,buy,126.23308500,3.3400086,0.42161959,USDT
2025-03-29T16:45:00Z,SOL/USDT,stop_sell,125.79635607,3.3400086,0.42016091,USDT
2025-03-30T01:45:00Z,SOL/USDT,buy,125.37265500,3.36760378,0.42220543,USDT
2025-03-30T06:45:00Z,SOL/USDT,sell,125.93700000,3.36760378,0.42410592,USDT
2025-03-30T07:00:00Z,SOL/USDT,buy,125.97295500,3.3508886,0.42212134,USDT
2025-03-30T07:30:00Z,SOL/USDT,sell,125.72710500,3.3508886,0.42129752,USDT
2025-03-30T15:30:00Z,SOL/USDT,buy,125.04249000,3.36667469,0.42097739,USDT
2025-03-30T15:45:00Z,SOL/USDT,sell,125.03745000,3.36667469,0.42096042,USDT
2025-03-30T18:30:00Z,SOL/USDT,buy,125.61277500,3.36102887,0.42218816,USDT
2025-03-30T21:45:00Z,SOL/USDT,stop_sell,124.71225554,3.36102887,0.41916149,USDT
2025-03-30T22:00:00Z,SOL/USDT,buy,124.35214500,3.38636171,0.42110134,USDT
2025-03-30T22:00:00Z,SOL/USDT,stop_sell,123.69990482,3.38636171,0.41889262,USDT
2025-03-30T22:45:00Z,SOL/USDT,buy,125.55274500,3.35608378,0.42136553,USDT
2025-03-30T23:00:00Z,SOL/USDT,stop_sell,124.59767000,3.35608378,0.41816022,USDT
2025-03-31T01:30:00Z,SOL/USDT,buy,126.39316500,3.33305375,0.42127521,USDT
2025-03-31T02:15:00Z,SOL/USDT,sell,125.95699000,3.33305375,0.41982142,USDT
2025-03-31T02:30:00Z,SOL/USDT,buy,126.16305000,3.33318364,0.42052461,USDT
2025-03-31T03:45:00Z,SOL/USDT,sell,125.15739000,3.33318364,0.41717256,USDT
2025-03-31T04:15:00Z,SOL/USDT,buy,124.83238500,3.36546237,0.42011869,USDT
2025-03-31T04:30:00Z,SOL/USDT,sell,124.81756000,3.36546237,0.42006880,USDT
2025-03-31T04:45:00Z,SOL/USDT,buy,125.25259500,3.36812847,0.42186683,USDT
2025-03-31T06:15:00Z,SOL/USDT,sell,125.65714000,3.36812847,0.42322939,USDT
2025-03-31T14:00:00Z,SOL/USDT,buy,126.09301500,3.3403496,0.42119475,USDT
2025-03-31T14:15:00Z,SOL/USDT,sell,126.48672500,3.3403496,0.42250988,USDT
2025-03-31T21:45:00Z,SOL/USDT,buy,125.89291500,3.33428923,0.41976339,USDT
2025-03-31T22:00:00Z,SOL/USDT,sell,125.18737500,3.33428923,0.41741092,USDT
2025-03-31T22:30:00Z,SOL/USDT,buy,125.24259000,3.3610604,0.42094791,USDT
2025-03-31T23:30:00Z,SOL/USDT,sell,125.49722000,3.3610604,0.42180374,USDT
2025-04-01T04:45:00Z,SOL/USDT,buy,126.17305500,3.33095214,0.42027641,USDT
2025-04-01T07:00:00Z,SOL/USDT,sell,126.57668000,3.33095214,0.42162086,USDT
2025-04-01T07:15:00Z,SOL/USDT,buy,126.46320000,3.31732927,0.41952007,USDT
2025-04-01T12:45:00Z,SOL/USDT,sell,127.29632000,3.31732927,0.42228381,USDT
2025-04-02T08:30:00Z,SOL/USDT,buy,125.75284500,3.34735431,0.42093933,USDT
2025-04-02T12:15:00Z,SOL/USDT,stop_sell,125.02031571,3.34735431,0.41848729,USDT
2025-04-02T12:45:00Z,SOL/USDT,buy,125.67280500,3.33701745,0.41937234,USDT
2025-04-02T13:15:00Z,SOL/USDT,sell,125.93700000,3.33701745,0.42025397,USDT
2025-04-02T13:30:00Z,SOL/USDT,buy,125.31262500,3.3328073,0.41764283,USDT
2025-04-02T13:30:00Z,SOL/USDT,stop_sell,125.18737500,3.3328073,0.41722540,USDT
2025-04-02T13:45:00Z,SOL/USDT,buy,126.81337500,3.31386782,0.42024276,USDT
2025-04-02T20:30:00Z,SOL/USDT,sell,129.47523000,3.31386782,0.42906380,USDT
2025-04-03T04:45:00Z,SOL/USDT,buy,120.74034000,3.49748778,0.42228786,USDT
2025-04-03T05:45:00Z,SOL/USDT,sell,119.31031500,3.49748778,0.41728637,USDT
2025-04-03T17:30:00Z,SOL/USDT,buy,114.46720500,3.68806536,0.42216253,USDT
2025-04-03T18:30:00Z,SOL/USDT,sell,114.81256500,3.68806536,0.42343624,USDT
2025-04-03T18:45:00Z,SOL/USDT,buy,115.76785500,3.63161215,0.42042395,USDT
2025-04-03T18:45:00Z,SOL/USDT,stop_sell,115.04709054,3.63161215,0.41780641,USDT
2025-04-03T19:00:00Z,SOL/USDT,buy,115.56775500,3.64909546,0.42171777,USDT
2025-04-03T23:30:00Z,SOL/USDT,sell,116.77158500,3.64909546,0.42611066,USDT
2025-04-04T05:45:00Z,SOL/USDT,buy,116.45820000,3.61014039,0.42043045,USDT
2025-04-04T07:15:00Z,SOL/USDT,sell,117.03145500,3.61014039,0.42249998,USDT
2025-04-04T07:30:00Z,SOL/USDT,buy,117.51873000,3.58296526,0.42106553,USDT
2025-04-04T10:15:00Z,SOL/USDT,stop_sell,116.70304786,3.58296526,0.41814297,USDT
2025-04-04T10:30:00Z,SOL/USDT,buy,116.42818500,3.60715767,0.41997482,USDT
2025-04-04T10:45:00Z,SOL/USDT,sell,115.98198000,3.60715767,0.41836529,USDT
2025-04-04T15:15:00Z,SOL/USDT,buy,120.06000000,3.50228133,0.42048390,USDT
2025-04-04T15:30:00Z,SOL/USDT,stop_sell,117.88352875,3.50228133,0.41286128,USDT
2025-04-04T20:15:00Z,SOL/USDT,buy,122.46120000,3.42294492,0.41917794,USDT
2025-04-04T23:45:00Z,SOL/USDT,sell,122.57868000,3.42294492,0.41958007,USDT
2025-04-05T00:00:00Z,SOL/USDT,buy,122.57125500,3.41373625,0.41842594,USDT
2025-04-05T00:15:00Z,SOL/USDT,sell,122.44874500,3.41373625,0.41800772,USDT
2025-04-05T08:00:00Z,SOL/USDT,buy,121.39066500,3.45400408,0.41928385,USDT
2025-04-05T11:00:00Z,SOL/USDT,stop_sell,120.28982500,3.45400408,0.41548155,USDT
2025-04-05T19:15:00Z,SOL/USDT,buy,119.26960500,3.51352123,0.41905629,USDT
2025-04-05T19:45:00Z,SOL/USDT,stop_sell,118.54070000,3.51352123,0.41649527,USDT
2025-04-05T20:00:00Z,SOL/USDT,buy,118.75935000,3.52871782,0.41906823,USDT
2025-04-06T04:45:00Z,SOL/USDT,sell,119.80007000,3.52871782,0.42274064,USDT
2025-04-06T06:30:00Z,SOL/USDT,buy,119.98996500,3.47261946,0.41667949,USDT
2025-04-06T06:30:00Z,SOL/USDT,stop_sell,119.87003500,3.47261946,0.41626302,USDT
2025-04-06T09:30:00Z,SOL/USDT,buy,119.87991000,3.49178282,0.41859461,USDT
2025-04-06T09:45:00Z,SOL/USDT,sell,119.76009000,3.49178282,0.41817622,USDT
2025-04-06T10:00:00Z,SOL/USDT,buy,119.87991000,3.4909448,0.41849415,USDT
2025-04-06T11:00:00Z,SOL/USDT,sell,119.76009000,3.4909448,0.41807586,USDT
2025-04-07T02:15:00Z,SOL/USDT,buy,106.95345000,3.91192345,0.41839371,USDT
2025-04-07T02:30:00Z,SOL/USDT,sell,105.81706500,3.91192345,0.41394826,USDT
2025-04-07T10:30:00Z,SOL/USDT,buy,101.85090000,4.10254732,0.41784814,USDT
2025-04-07T10:45:00Z,SOL/USDT,sell,100.71961500,4.10254732,0.41320699,USDT
2025-04-07T14:00:00Z,SOL/USDT,buy,107.22358500,3.92148672,0.42047586,USDT
2025-04-07T15:15:00Z,SOL/USDT,stop_sell,104.20572821,3.92148672,0.40864138,USDT
2025-04-07T19:15:00Z,SOL/USDT,buy,105.40267500,3.95169937,0.41651968,USDT
2025-04-07T19:30:00Z,SOL/USDT,sell,106.83655500,3.95169937,0.42218595,USDT
2025-04-07T22:30:00Z,SOL/USDT,buy,108.89442000,3.83029445,0.41709769,USDT
2025-04-07T23:30:00Z,SOL/USDT,stop_sell,107.57368625,3.83029445,0.41203889,USDT
2025-04-08T00:00:00Z,SOL/USDT,buy,107.17356000,3.89360803,0.41729183,USDT
2025-04-08T01:15:00Z,SOL/USDT,sell,107.85604500,3.89360803,0.41994916,USDT
2025-04-08T02:45:00Z,SOL/USDT,buy,111.87591000,3.71197562,0.41528065,USDT
2025-04-08T03:00:00Z,SOL/USDT,stop_sell,110.78493696,3.71197562,0.41123099,USDT
2025-04-08T11:30:00Z,SOL/USDT,buy,109.91493000,3.79027072,0.41660734,USDT
2025-04-08T14:30:00Z,SOL/USDT,stop_sell,109.23142839,3.79027072,0.41401668,USDT
2025-04-08T14:45:00Z,SOL/USDT,buy,108.65430000,3.81664074,0.41469443,USDT
2025-04-08T15:00:00Z,SOL/USDT,sell,108.03595500,3.81664074,0.41233443,USDT
2025-04-08T21:30:00Z,SOL/USDT,buy,105.90292500,3.93161301,0.41636932,USDT
2025-04-08T22:45:00Z,SOL/USDT,sell,105.64715000,3.93161301,0.41536371,USDT
2025-04-08T23:00:00Z,SOL/USDT,buy,105.48271500,3.95379436,0.41705696,USDT
2025-04-08T23:15:00Z,SOL/USDT,sell,105.07743500,3.95379436,0.41545457,USDT
2025-04-09T00:00:00Z,SOL/USDT,buy,105.30262500,3.93396292,0.41425662,USDT
2025-04-09T01:00:00Z,SOL/USDT,stop_sell,104.51307446,3.93396292,0.41115056,USDT
2025-04-09T15:15:00Z,SOL/USDT,buy,106.93344000,3.88532455,0.41547112,USDT
2025-04-09T15:30:00Z,SOL/USDT,sell,106.60667000,3.88532455,0.41420151,USDT
2025-04-09T16:00:00Z,SOL/USDT,buy,106.56325500,3.88120666,0.41359402,USDT
2025-04-09T22:45:00Z,SOL/USDT,sell,119.07043500,3.88120666,0.46213697,USDT
2025-04-10T20:15:00Z,SOL/USDT,buy,111.70582500,3.73976838,0.41775391,USDT
2025-04-11T10:45:00Z,SOL/USDT,sell,118.16089000,3.73976838,0.44189436,USDT
2025-04-11T11:00:00Z,SOL/USDT,buy,119.05950000,3.54538295,0.42211152,USDT
2025-04-11T18:15:00Z,SOL/USDT,sell,121.03945000,3.54538295,0.42913120,USDT
2025-04-11T23:45:00Z,SOL/USDT,buy,121.10052000,3.48689612,0.42226493,USDT
2025-04-12T01:15:00Z,SOL/USDT,sell,121.32930500,3.48689612,0.42306268,USDT
2025-04-12T04:30:00Z,SOL/USDT,buy,121.22058000,3.47764312,0.42156192,USDT
2025-04-12T19:45:00Z,SOL/USDT,sell,130.83455000,3.47764312,0.45499587,USDT
2025-04-12T20:00:00Z,SOL/USDT,buy,131.18556000,3.24096302,0.42516755,USDT
2025-04-12T20:15:00Z,SOL/USDT,sell,130.98447500,3.24096302,0.42451584,USDT
2025-04-12T20:30:00Z,SOL/USDT,buy,131.43568500,3.22990689,0.42452502,USDT
2025-04-13T01:30:00Z,SOL/USDT,sell,133.69312000,3.22990689,0.43181633,USDT
2025-04-13T02:45:00Z,SOL/USDT,buy,132.85639500,3.19074006,0.42391022,USDT
2025-04-13T03:00:00Z,SOL/USDT,sell,132.71361000,3.19074006,0.42345463,USDT
2025-04-13T03:45:00Z,SOL/USDT,buy,132.11602500,3.20225122,0.42306870,USDT
2025-04-13T04:00:00Z,SOL/USDT,sell,131.66413500,3.20225122,0.42162164,USDT
2025-04-13T11:30:00Z,SOL/USDT,buy,129.43468500,3.26754508,0.42293367,USDT
2025-04-13T13:30:00Z,SOL/USDT,sell,128.53570000,3.26754508,0.41999619,USDT
2025-04-13T16:30:00Z,SOL/USDT,buy,129.59476500,3.25767136,0.42217715,USDT
2025-04-13T16:45:00Z,SOL/USDT,sell,129.26533500,3.25767136,0.42110398,USDT
2025-04-13T20:00:00Z,SOL/USDT,buy,128.04399000,3.30044289,0.42260188,USDT
2025-04-13T20:30:00Z,SOL/USDT,stop_sell,126.75266339,3.30044289,0.41833993,USDT
2025-04-14T00:30:00Z,SOL/USDT,buy,131.26560000,3.22381799,0.42317640,USDT
2025-04-14T07:15:00Z,SOL/USDT,sell,131.35429000,3.22381799,0.42346232,USDT
2025-04-14T08:30:00Z,SOL/USDT,buy,133.11652500,3.19931623,0.42588186,USDT
2025-04-14T09:30:00Z,SOL/USDT,sell,132.64364500,3.19931623,0.42436897,USDT
2025-04-14T20:00:00Z,SOL/USDT,buy,130.86540000,3.22942377,0.42261983,USDT
2025-04-14T20:30:00Z,SOL/USDT,stop_sell,129.63050946,3.22942377,0.41863185,USDT
2025-04-14T23:30:00Z,SOL/USDT,buy,130.04499000,3.2448277,0.42197359,USDT
2025-04-14T23:45:00Z,SOL/USDT,sell,129.27533000,3.2448277,0.41947617,USDT
2025-04-15T06:30:00Z,SOL/USDT,buy,130.86540000,3.22442799,0.42196606,USDT
2025-04-15T12:30:00Z,SOL/USDT,sell,131.36428500,3.22442799,0.42357468,USDT
2025-04-15T13:00:00Z,SOL/USDT,buy,132.58626000,3.18063812,0.42170891,USDT
2025-04-15T14:00:00Z,SOL/USDT,stop_sell,131.57917750,3.18063812,0.41850575,USDT
2025-04-16T03:15:00Z,SOL/USDT,buy,127.10352000,3.31284097,0.42107375,USDT
2025-04-16T04:15:00Z,SOL/USDT,sell,126.04694500,3.31284097,0.41757348,USDT
2025-04-16T06:30:00Z,SOL/USDT,buy,126.21307500,3.34348717,0.42199180,USDT
2025-04-16T07:00:00Z,SOL/USDT,sell,126.20686500,3.34348717,0.42197103,USDT
2025-04-16T13:00:00Z,SOL/USDT,buy,125.31262500,3.35652823,0.42061536,USDT
2025-04-16T13:30:00Z,SOL/USDT,sell,124.67763000,3.35652823,0.41848398,USDT
2025-04-16T13:45:00Z,SOL/USDT,buy,125.49271500,3.34663084,0.41997779,USDT
2025-04-16T14:00:00Z,SOL/USDT,sell,125.70711500,3.34663084,0.42069531,USDT
2025-04-16T14:30:00Z,SOL/USDT,buy,126.77335500,3.32145995,0.42107262,USDT
2025-04-16T17:45:00Z,SOL/USDT,stop_sell,125.84418929,3.32145995,0.41798643,USDT
2025-04-16T18:15:00Z,SOL/USDT,buy,126.82338000,3.29350686,0.41769367,USDT
2025-04-17T00:45:00Z,SOL/USDT,sell,131.25434000,3.29350686,0.43228707,USDT
2025-04-17T01:45:00Z,SOL/USDT,buy,131.92593000,3.19719746,0.42179325,USDT
2025-04-17T02:00:00Z,SOL/USDT,sell,131.73410000,3.19719746,0.42117993,USDT
2025-04-17T09:30:00Z,SOL/USDT,buy,133.27660500,3.16416129,0.42170867,USDT
2025-04-17T11:15:00Z,SOL/USDT,sell,132.89352000,3.16416129,0.42049653,USDT
2025-04-17T20:15:00Z,SOL/USDT,buy,134.41717500,3.14170142,0.42229863,USDT
2025-04-17T20:45:00Z,SOL/USDT,sell,134.77258000,3.14170142,0.42341521,USDT
2025-04-17T21:45:00Z,SOL/USDT,buy,134.93743500,3.13625044,0.42319759,USDT
2025-04-17T22:00:00Z,SOL/USDT,sell,134.80256500,3.13625044,0.42277460,USDT
2025-04-17T23:45:00Z,SOL/USDT,buy,134.61727500,3.12897371,0.42121391,USDT
2025-04-18T00:45:00Z,SOL/USDT,stop_sell,133.88159714,3.12897371,0.41891200,USDT
2025-04-18T01:15:00Z,SOL/USDT,buy,135.46770000,3.11116144,0.42146188,USDT
2025-04-18T01:45:00Z,SOL/USDT,sell,134.88252500,3.11116144,0.41964131,USDT
2025-04-18T02:15:00Z,SOL/USDT,buy,134.77735500,3.11811362,0.42025111,USDT
2025-04-18T04:00:00Z,SOL/USDT,stop_sell,134.22285500,3.11811362,0.41852211,USDT
2025-04-18T12:45:00Z,SOL/USDT,buy,135.10752000,3.11913387,0.42141844,USDT
2025-04-18T13:00:00Z,SOL/USDT,sell,134.88252500,3.11913387,0.42071665,USDT
2025-04-18T13:45:00Z,SOL/USDT,buy,134.30712000,3.12493866,0.41970151,USDT
2025-04-18T14:15:00Z,SOL/USDT,stop_sell,133.99297000,3.12493866,0.41871981,USDT
2025-04-19T00:30:00Z,SOL/USDT,buy,134.18706000,3.13480674,0.42065050,USDT
2025-04-19T08:30:00Z,SOL/USDT,sell,138.69062000,3.13480674,0.43476829,USDT
2025-04-19T11:00:00Z,SOL/USDT,buy,139.25959500,3.02734304,0.42158657,USDT
2025-04-19T11:30:00Z,SOL/USDT,stop_sell,138.62065500,3.02734304,0.41965228,USDT
2025-04-19T17:45:00Z,SOL/USDT,buy,138.54924000,3.02901205,0.41966732,USDT
2025-04-19T18:00:00Z,SOL/USDT,sell,138.88052500,3.02901205,0.42067078,USDT
2025-04-20T00:15:00Z,SOL/USDT,buy,140.97045000,2.99507101,0.42221651,USDT
2025-04-20T05:30:00Z,SOL/USDT,sell,140.91950500,2.99507101,0.42206392,USDT
2025-04-20T05:45:00Z,SOL/USDT,buy,141.09051000,2.9838941,0.42099914,USDT
2025-04-20T06:15:00Z,SOL/USDT,sell,140.83954500,2.9838941,0.42025029,USDT
2025-04-20T23:30:00Z,SOL/USDT,buy,137.73883500,3.0593018,0.42138467,USDT
2025-04-21T04:00:00Z,SOL/USDT,sell,139.66013500,3.0593018,0.42726250,USDT
2025-04-21T09:30:00Z,SOL/USDT,buy,140.17005000,3.00072826,0.42061223,USDT
2025-04-21T09:45:00Z,SOL/USDT,sell,140.21985500,3.00072826,0.42076168,USDT
2025-04-21T21:45:00Z,SOL/USDT,buy,136.81837500,3.08108022,0.42154839,USDT
2025-04-21T23:00:00Z,SOL/USDT,stop_sell,135.94199500,3.08108022,0.41884819,USDT
2025-04-21T23:15:00Z,SOL/USDT,buy,136.06800000,3.09849618,0.42160618,USDT
2025-04-22T00:30:00Z,SOL/USDT,stop_sell,135.26055018,3.09849618,0.41910430,USDT
2025-04-22T01:00:00Z,SOL/USDT,buy,137.13853500,3.0696451,0.42096663,USDT
2025-04-22T06:45:00Z,SOL/USDT,sell,138.58067500,3.0696451,0.42539349,USDT
2025-04-22T07:15:00Z,SOL/USDT,buy,139.46970000,3.02169294,0.42143461,USDT
2025-04-22T08:00:00Z,SOL/USDT,sell,140.31980500,3.02169294,0.42400336,USDT
2025-04-22T14:15:00Z,SOL/USDT,buy,143.97195000,2.92954413,0.42177218,USDT
2025-04-22T17:45:00Z,SOL/USDT,sell,144.34779000,2.92954413,0.42287322,USDT
2025-04-22T18:00:00Z,SOL/USDT,buy,144.94243500,2.90824464,0.42152806,USDT
2025-04-22T18:30:00Z,SOL/USDT,sell,144.67762500,2.90824464,0.42075793,USDT
2025-04-22T22:30:00Z,SOL/USDT,buy,148.02397500,2.84777545,0.42153904,USDT
2025-04-23T03:45:00Z,SOL/USDT,sell,149.03544500,2.84777545,0.42441948,USDT
2025-04-23T04:15:00Z,SOL/USDT,buy,149.03448000,2.81894423,0.42011989,USDT
2025-04-23T04:30:00Z,SOL/USDT,sell,149.42525000,2.81894423,0.42122145,USDT
2025-04-23T16:45:00Z,SOL/USDT,buy,151.65579000,2.77287818,0.42052303,USDT
2025-04-23T17:00:00Z,SOL/USDT,sell,150.92450000,2.77287818,0.41849525,USDT
2025-04-23T17:30:00Z,SOL/USDT,buy,151.91592000,2.77136855,0.42101500,USDT
2025-04-23T17:45:00Z,SOL/USDT,sell,151.26433000,2.77136855,0.41920921,USDT
2025-04-24T13:15:00Z,SOL/USDT,buy,148.63428000,2.83395938,0.42122351,USDT
2025-04-24T21:30:00Z,SOL/USDT,sell,150.32480000,2.83395938,0.42601438,USDT
2025-04-24T22:00:00Z,SOL/USDT,buy,151.07550000,2.79504957,0.42226351,USDT
2025-04-24T22:15:00Z,SOL/USDT,sell,151.11440500,2.79504957,0.42237225,USDT
2025-04-25T00:30:00Z,SOL/USDT,buy,152.46619500,2.76547515,0.42164147,USDT
2025-04-25T01:00:00Z,SOL/USDT,sell,152.20386000,2.76547515,0.42091599,USDT
2025-04-25T01:45:00Z,SOL/USDT,buy,152.87640000,2.75488091,0.42115628,USDT
2025-04-25T02:15:00Z,SOL/USDT,stop_sell,151.60665875,2.75488091,0.41765829,USDT
2025-04-25T02:30:00Z,SOL/USDT,buy,151.57575000,2.77110858,0.42003286,USDT
2025-04-25T03:00:00Z,SOL/USDT,sell,151.01445500,2.77110858,0.41847745,USDT
2025-04-25T03:45:00Z,SOL/USDT,buy,151.17555000,2.78231202,0.42061755,USDT
2025-04-25T04:30:00Z,SOL/USDT,sell,151.20436000,2.78231202,0.42069771,USDT
2025-04-25T11:00:00Z,SOL/USDT,buy,153.69681000,2.7464649,0.42212289,USDT
2025-04-25T12:45:00Z,SOL/USDT,sell,154.43274500,2.7464649,0.42414411,USDT
2025-04-25T21:15:00Z,SOL/USDT,buy,151.87590000,2.76042578,0.41924215,USDT
2025-04-25T21:30:00Z,SOL/USDT,sell,151.11440500,2.76042578,0.41714010,USDT
2025-04-25T22:45:00Z,SOL/USDT,buy,151.20556500,2.77803369,0.42005415,USDT
2025-04-25T23:00:00Z,SOL/USDT,sell,151.32430000,2.77803369,0.42038400,USDT
2025-04-26T00:30:00Z,SOL/USDT,buy,151.53573000,2.77208239,0.42006953,USDT
2025-04-26T01:30:00Z,SOL/USDT,sell,152.24384000,2.77208239,0.42203247,USDT
2025-04-26T01:45:00Z,SOL/USDT,buy,152.71632000,2.75107486,0.42013403,USDT
2025-04-26T02:00:00Z,SOL/USDT,sell,152.06393000,2.75107486,0.41833925,USDT
2025-04-26T02:45:00Z,SOL/USDT,buy,151.84588500,2.76435364,0.41975572,USDT
2025-04-26T03:30:00Z,SOL/USDT,stop_sell,151.17437500,2.76435364,0.41789943,USDT
2025-04-26T04:30:00Z,SOL/USDT,buy,151.04548500,2.77059341,0.41848563,USDT
2025-04-26T04:30:00Z,SOL/USDT,stop_sell,150.86417304,2.77059341,0.41798328,USDT
2025-04-26T04:45:00Z,SOL/USDT,buy,150.61527000,2.78052941,0.41879019,USDT
2025-04-26T05:00:00Z,SOL/USDT,sell,150.31480500,2.78052941,0.41795474,USDT
2025-04-26T07:15:00Z,SOL/USDT,buy,152.29611000,2.75862682,0.42012813,USDT
2025-04-26T08:00:00Z,SOL/USDT,sell,151.50421000,2.75862682,0.41794358,USDT
2025-04-26T08:30:00Z,SOL/USDT,buy,151.95594000,2.75486355,0.41861788,USDT
2025-04-26T08:30:00Z,SOL/USDT,stop_sell,151.68876054,2.75486355,0.41788184,USDT
2025-04-26T08:45:00Z,SOL/USDT,buy,150.82537500,2.76402404,0.41688496,USDT
2025-04-26T08:45:00Z,SOL/USDT,stop_sell,150.67462500,2.76402404,0.41646829,USDT
2025-04-26T16:45:00Z,SOL/USDT,buy,148.77435000,2.8159065,0.41893466,USDT
2025-04-26T19:00:00Z,SOL/USDT,sell,148.60566000,2.8159065,0.41845964,USDT
2025-04-27T06:45:00Z,SOL/USDT,buy,146.95344000,2.85218522,0.41913843,USDT
2025-04-27T07:00:00Z,SOL/USDT,sell,147.08642000,2.85218522,0.41951771,USDT
2025-04-27T07:30:00Z,SOL/USDT,buy,147.52372500,2.84264727,0.41935791,USDT
2025-04-27T12:45:00Z,SOL/USDT,sell,148.30581000,2.84264727,0.42158111,USDT
2025-04-27T13:00:00Z,SOL/USDT,buy,147.94393500,2.83225222,0.41901454,USDT
2025-04-27T13:00:00Z,SOL/USDT,stop_sell,147.54262036,2.83225222,0.41787791,USDT
2025-04-27T13:15:00Z,SOL/USDT,buy,147.85389000,2.82946427,0.41834730,USDT
2025-04-27T13:30:00Z,SOL/USDT,sell,148.39576500,2.82946427,0.41988051,USDT
2025-04-27T13:45:00Z,SOL/USDT,buy,148.71432000,2.81747077,0.41899825,USDT
2025-04-27T19:15:00Z,SOL/USDT,sell,149.45523500,2.81747077,0.42108576,USDT
2025-04-28T09:30:00Z,SOL/USDT,buy,151.88590500,2.76642598,0.42018111,USDT
2025-04-28T10:00:00Z,SOL/USDT,stop_sell,150.93342411,2.76642598,0.41754615,USDT
2025-04-28T10:15:00Z,SOL/USDT,buy,151.39566000,2.76440961,0.41851962,USDT
2025-04-28T10:15:00Z,SOL/USDT,stop_sell,150.72924054,2.76440961,0.41667736,USDT
2025-04-28T10:30:00Z,SOL/USDT,buy,152.14603500,2.76263107,0.42032336,USDT
2025-04-28T12:15:00Z,SOL/USDT,sell,150.91450500,2.76263107,0.41692110,USDT
2025-04-29T11:00:00Z,SOL/USDT,buy,148.61427000,2.81861783,0.41888683,USDT
2025-04-29T12:45:00Z,SOL/USDT,sell,148.14589000,2.81861783,0.41756665,USDT
2025-04-29T16:30:00Z,SOL/USDT,buy,149.10451500,2.8059206,0.41837543,USDT
2025-04-29T16:45:00Z,SOL/USDT,stop_sell,148.32151643,2.8059206,0.41617840,USDT
2025-04-29T19:45:00Z,SOL/USDT,buy,149.14453500,2.79547496,0.41692981,USDT
2025-04-29T20:15:00Z,SOL/USDT,stop_sell,148.63564500,2.79547496,0.41550722,USDT
2025-04-29T20:45:00Z,SOL/USDT,buy,148.62427500,2.81308843,0.41809323,USDT
2025-04-29T21:00:00Z,SOL/USDT,stop_sell,147.86031857,2.81308843,0.41594415,USDT
2025-04-30T04:00:00Z,SOL/USDT,buy,147.93393000,2.8204094,0.41723425,USDT
2025-04-30T04:45:00Z,SOL/USDT,sell,147.23634500,2.8204094,0.41526677,USDT
2025-04-30T05:00:00Z,SOL/USDT,buy,147.23358000,2.82883505,0.41649951,USDT
2025-04-30T05:15:00Z,SOL/USDT,sell,147.08642000,2.82883505,0.41608322,USDT
2025-04-30T07:15:00Z,SOL/USDT,buy,147.42367500,2.84048408,0.41875460,USDT
2025-04-30T07:30:00Z,SOL/USDT,stop_sell,146.37891679,2.84048408,0.41578698,USDT
2025-04-30T08:00:00Z,SOL/USDT,buy,146.26309500,2.84577707,0.41623216,USDT
2025-04-30T08:15:00Z,SOL/USDT,sell,146.11690500,2.84577707,0.41581614,USDT
2025-04-30T10:00:00Z,SOL/USDT,buy,147.48370500,2.82810278,0.41709908,USDT
2025-04-30T11:45:00Z,SOL/USDT,sell,147.89601500,2.82810278,0.41826513,USDT
2025-04-30T12:00:00Z,SOL/USDT,buy,147.81387000,2.81624058,0.41627942,USDT
2025-04-30T12:00:00Z,SOL/USDT,stop_sell,147.64435518,2.81624058,0.41580202,USDT
2025-04-30T12:30:00Z,SOL/USDT,buy,146.77335000,2.84029425,0.41687950,USDT
2025-04-30T12:30:00Z,SOL/USDT,stop_sell,146.27575411,2.84029425,0.41546618,USDT
2025-04-30T18:00:00Z,SOL/USDT,buy,144.76234500,2.87255783,0.41583821,USDT
2025-05-01T04:15:00Z,SOL/USDT,sell,148.23584500,2.87255783,0.42581604,USDT
2025-05-01T13:30:00Z,SOL/USDT,buy,152.04598500,2.7373071,0.41619655,USDT
2025-05-01T13:30:00Z,SOL/USDT,stop_sell,151.83547286,2.7373071,0.41562032,USDT
2025-05-01T13:45:00Z,SOL/USDT,buy,151.02547500,2.76029491,0.41687485,USDT
2025-05-01T16:00:00Z,SOL/USDT,sell,151.68412000,2.76029491,0.41869290,USDT
2025-05-01T23:15:00Z,SOL/USDT,buy,150.81537000,2.77108587,0.41792234,USDT
2025-05-01T23:30:00Z,SOL/USDT,sell,150.38477000,2.77108587,0.41672911,USDT
2025-05-02T10:15:00Z,SOL/USDT,buy,150.06499500,2.77998084,0.41717781,USDT
2025-05-02T12:30:00Z,SOL/USDT,stop_sell,149.59694982,2.77998084,0.41587665,USDT
2025-05-02T12:45:00Z,SOL/USDT,buy,150.60526500,2.77514208,0.41795101,USDT
2025-05-02T15:00:00Z,SOL/USDT,sell,151.66413000,2.77514208,0.42088951,USDT
2025-05-03T00:30:00Z,SOL/USDT,buy,148.05399000,2.81050527,0.41610652,USDT
2025-05-03T00:30:00Z,SOL/USDT,stop_sell,147.87673893,2.81050527,0.41560835,USDT
2025-05-03T02:15:00Z,SOL/USDT,buy,148.53423000,2.80770642,0.41704051,USDT
2025-05-03T04:45:00Z,SOL/USDT,stop_sell,148.09163143,2.80770642,0.41579782,USDT
2025-05-03T05:30:00Z,SOL/USDT,buy,147.77385000,2.8160717,0.41614176,USDT
2025-05-03T06:00:00Z,SOL/USDT,sell,147.62615000,2.8160717,0.41572582,USDT
2025-05-03T16:15:00Z,SOL/USDT,buy,148.15404000,2.81349568,0.41683075,USDT
2025-05-03T16:30:00Z,SOL/USDT,stop_sell,147.68612000,2.81349568,0.41551426,USDT
2025-05-03T16:45:00Z,SOL/USDT,buy,147.74383500,2.82416005,0.41725224,USDT
2025-05-03T17:00:00Z,SOL/USDT,stop_sell,147.03787286,2.82416005,0.41525849,USDT
2025-05-03T22:00:00Z,SOL/USDT,buy,147.65379000,2.81918511,0.41626337,USDT
2025-05-03T23:00:00Z,SOL/USDT,stop_sell,147.10641000,2.81918511,0.41472020,USDT
2025-05-04T12:00:00Z,SOL/USDT,buy,145.81287000,2.85777541,0.41670043,USDT
2025-05-04T13:30:00Z,SOL/USDT,stop_sell,145.14739000,2.85777541,0.41479864,USDT
2025-05-04T14:00:00Z,SOL/USDT,buy,145.78285500,2.85882634,0.41676787,USDT
2025-05-04T19:30:00Z,SOL/USDT,sell,146.11690500,2.85882634,0.41772286,USDT
2025-05-04T22:15:00Z,SOL/USDT,buy,146.60326500,2.82855335,0.41467516,USDT
2025-05-04T22:15:00Z,SOL/USDT,stop_sell,146.45673500,2.82855335,0.41426069,USDT
2025-05-05T10:00:00Z,SOL/USDT,buy,146.04298500,2.83211521,0.41361056,USDT
2025-05-05T10:00:00Z,SOL/USDT,stop_sell,145.89701500,2.83211521,0.41319716,USDT
2025-05-05T15:30:00Z,SOL/USDT,buy,144.50221500,2.87075121,0.41482991,USDT
2025-05-05T15:30:00Z,SOL/USDT,stop_sell,144.20179161,2.87075121,0.41396747,USDT
2025-05-05T16:15:00Z,SOL/USDT,buy,144.49221000,2.88036158,0.41618981,USDT
2025-05-06T00:00:00Z,SOL/USDT,sell,146.41675500,2.88036158,0.42173320,USDT
2025-05-06T06:45:00Z,SOL/USDT,buy,145.19256000,2.86548919,0.41604771,USDT
2025-05-06T08:00:00Z,SOL/USDT,stop_sell,144.55768500,2.86548919,0.41422848,USDT
2025-05-06T09:00:00Z,SOL/USDT,buy,144.66229500,2.87452681,0.41583565,USDT
2025-05-06T09:15:00Z,SOL/USDT,sell,144.51770500,2.87452681,0.41542002,USDT
2025-05-06T14:30:00Z,SOL/USDT,buy,143.97195000,2.88761696,0.41573584,USDT
2025-05-06T14:45:00Z,SOL/USDT,stop_sell,142.94563429,2.88761696,0.41277224,USDT
2025-05-06T21:45:00Z,SOL/USDT,buy,144.46219500,2.88932372,0.41739805,USDT
2025-05-06T23:15:00Z,SOL/USDT,sell,146.44674000,2.88932372,0.42313204,USDT
2025-05-07T02:00:00Z,SOL/USDT,buy,148.46419500,2.80140326,0.41590808,USDT
2025-05-07T02:30:00Z,SOL/USDT,stop_sell,147.48479214,2.80140326,0.41316438,USDT
2025-05-07T08:45:00Z,SOL/USDT,buy,147.70381500,2.81065417,0.41514434,USDT
2025-05-07T12:30:00Z,SOL/USDT,stop_sell,146.99646500,2.81065417,0.41315623,USDT
2025-05-07T18:45:00Z,SOL/USDT,buy,146.04298500,2.82269178,0.41223433,USDT
2025-05-07T18:45:00Z,SOL/USDT,stop_sell,145.89701500,2.82269178,0.41182230,USDT
2025-05-07T19:45:00Z,SOL/USDT,buy,145.72282500,2.82971612,0.41235423,USDT
2025-05-07T23:30:00Z,SOL/USDT,sell,147.38627000,2.82971612,0.41706130,USDT
2025-05-07T23:45:00Z,SOL/USDT,buy,147.43368000,2.81646805,0.41524225,USDT
2025-05-08T00:00:00Z,SOL/USDT,sell,147.12640000,2.81646805,0.41437680,USDT
2025-05-09T01:00:00Z,SOL/USDT,buy,162.47119500,2.55480139,0.41508163,USDT
2025-05-09T04:00:00Z,SOL/USDT,sell,161.40925500,2.55480139,0.41236859,USDT
2025-05-09T07:00:00Z,SOL/USDT,buy,164.41216500,2.52801325,0.41563613,USDT
2025-05-09T15:45:00Z,SOL/USDT,sell,169.67512000,2.52801325,0.42894095,USDT
2025-05-09T19:00:00Z,SOL/USDT,buy,171.98595000,2.41813102,0.41588456,USDT
2025-05-10T01:00:00Z,SOL/USDT,sell,171.57417000,2.41813102,0.41488882,USDT
2025-05-10T09:00:00Z,SOL/USDT,buy,171.31561500,2.41868772,0.41435897,USDT
2025-05-10T09:00:00Z,SOL/USDT,stop_sell,170.78884857,2.41868772,0.41308489,USDT
2025-05-10T15:45:00Z,SOL/USDT,buy,171.40566000,2.42306636,0.41532729,USDT
2025-05-10T17:15:00Z,SOL/USDT,stop_sell,170.71424304,2.42306636,0.41365194,USDT
2025-05-11T00:45:00Z,SOL/USDT,buy,176.33812500,2.35837032,0.41587060,USDT
2025-05-11T04:00:00Z,SOL/USDT,sell,176.36177500,2.35837032,0.41592638,USDT
2025-05-11T05:15:00Z,SOL/USDT,buy,176.58825000,2.34497026,0.41409419,USDT
2025-05-11T05:45:00Z,SOL/USDT,sell,176.36177500,2.34497026,0.41356312,USDT
2025-05-12T02:00:00Z,SOL/USDT,buy,173.98695000,2.3872189,0.41534494,USDT
2025-05-12T06:00:00Z,SOL/USDT,sell,174.37277000,2.3872189,0.41626597,USDT
2025-05-12T06:15:00Z,SOL/USDT,buy,174.29710500,2.37483492,0.41392685,USDT
2025-05-12T08:15:00Z,SOL/USDT,sell,174.96247500,2.37483492,0.41550700,USDT
2025-05-12T12:45:00Z,SOL/USDT,buy,176.67829500,2.35297294,0.41571925,USDT
2025-05-12T14:30:00Z,SOL/USDT,sell,175.90200500,2.35297294,0.41389266,USDT
2025-05-12T14:45:00Z,SOL/USDT,buy,177.89890500,2.33103279,0.41468818,USDT
2025-05-12T15:00:00Z,SOL/USDT,stop_sell,175.47686054,2.33103279,0.40904232,USDT
2025-05-12T15:15:00Z,SOL/USDT,buy,176.85838500,2.34697464,0.41508214,USDT
2025-05-12T15:45:00Z,SOL/USDT,sell,174.77257000,2.34697464,0.41018679,USDT
2025-05-12T16:30:00Z,SOL/USDT,buy,175.85788500,2.35478238,0.41410705,USDT
2025-05-12T17:30:00Z,SOL/USDT,sell,174.90250500,2.35478238,0.41185734,USDT
2025-05-12T22:45:00Z,SOL/USDT,buy,174.19705500,2.38333579,0.41517008,USDT
2025-05-13T00:30:00Z,SOL/USDT,stop_sell,172.77142821,2.38333579,0.41177233,USDT
2025-05-13T00:45:00Z,SOL/USDT,buy,172.25608500,2.40046704,0.41349505,USDT
2025-05-13T01:00:00Z,SOL/USDT,stop_sell,171.36106232,2.40046704,0.41134658,USDT
2025-05-13T07:00:00Z,SOL/USDT,buy,171.68580000,2.41408135,0.41446349,USDT
2025-05-13T13:45:00Z,SOL/USDT,sell,174.30280500,2.41408135,0.42078115,USDT
2025-05-13T14:00:00Z,SOL/USDT,buy,174.30711000,2.36985267,0.41308217,USDT
2025-05-13T14:00:00Z,SOL/USDT,stop_sell,173.32186714,2.36985267,0.41074729,USDT
2025-05-14T00:00:00Z,SOL/USDT,buy,183.99195000,2.25155194,0.41426743,USDT
2025-05-14T00:30:00Z,SOL/USDT,stop_sell,182.28845304,2.25155194,0.41043192,USDT
2025-05-14T00:45:00Z,SOL/USDT,buy,182.37114000,2.26518791,0.41310490,USDT
2025-05-14T02:00:00Z,SOL/USDT,stop_sell,181.06942000,2.26518791,0.41015626,USDT
2025-05-14T06:45:00Z,SOL/USDT,buy,183.88189500,2.24628817,0.41305173,USDT
2025-05-14T07:15:00Z,SOL/USDT,stop_sell,182.64863000,2.24628817,0.41028146,USDT
2025-05-14T07:30:00Z,SOL/USDT,buy,181.61076000,2.27580925,0.41331145,USDT
2025-05-14T08:00:00Z,SOL/USDT,stop_sell,180.18379161,2.27580925,0.41006394,USDT
2025-05-14T08:15:00Z,SOL/USDT,buy,180.84037500,2.28244964,0.41275905,USDT
2025-05-14T08:45:00Z,SOL/USDT,stop_sell,179.31386964,2.28244964,0.40927488,USDT
2025-05-14T21:30:00Z,SOL/USDT,buy,176.83837500,2.33392043,0.41272670,USDT
2025-05-14T22:45:00Z,SOL/USDT,sell,175.83204000,2.33392043,0.41037799,USDT
2025-05-14T23:00:00Z,SOL/USDT,buy,176.05798500,2.34323909,0.41254595,USDT
2025-05-14T23:15:00Z,SOL/USDT,sell,175.76207500,2.34323909,0.41185256,USDT
2025-05-15T03:45:00Z,SOL/USDT,buy,175.47769500,2.33802188,0.41027069,USDT
2025-05-15T03:45:00Z,SOL/USDT,stop_sell,174.76114714,2.33802188,0.40859539,USDT
2025-05-15T13:15:00Z,SOL/USDT,buy,171.59575500,2.39318877,0.41066103,USDT
2025-05-15T13:30:00Z,SOL/USDT,sell,171.40425500,2.39318877,0.41020274,USDT
2025-05-16T02:45:00Z,SOL/USDT,buy,172.65628500,2.37971421,0.41087261,USDT
2025-05-16T07:00:00Z,SOL/USDT,sell,172.08391500,2.37971421,0.40951054,USDT
2025-05-16T07:30:00Z,SOL/USDT,buy,172.18605000,2.37526661,0.40898778,USDT
2025-05-16T07:30:00Z,SOL/USDT,stop_sell,172.01395000,2.37526661,0.40857899,USDT
2025-05-16T12:00:00Z,SOL/USDT,buy,172.96644000,2.37813579,0.41133768,USDT
2025-05-16T12:15:00Z,SOL/USDT,sell,172.76357500,2.37813579,0.41085524,USDT
2025-05-16T12:30:00Z,SOL/USDT,buy,172.84638000,2.3764313,0.41075755,USDT
2025-05-16T13:00:00Z,SOL/USDT,stop_sell,172.07713268,2.3764313,0.40892948,USDT
2025-05-16T13:15:00Z,SOL/USDT,buy,173.23657500,2.37726884,0.41182991,USDT
2025-05-16T14:30:00Z,SOL/USDT,stop_sell,171.85117429,2.37726884,0.40853644,USDT
2025-05-16T15:15:00Z,SOL/USDT,buy,172.34613000,2.37151822,0.40872199,USDT
2025-05-16T15:30:00Z,SOL/USDT,sell,171.75408000,2.37151822,0.40731793,USDT
2025-05-17T03:45:00Z,SOL/USDT,buy,167.28360000,2.4511185,0.41003193,USDT
2025-05-17T09:15:00Z,SOL/USDT,sell,167.83604000,2.4511185,0.41138602,USDT
2025-05-17T10:30:00Z,SOL/USDT,buy,167.68380000,2.43521514,0.40834613,USDT
2025-05-17T10:30:00Z,SOL/USDT,stop_sell,167.51620000,2.43521514,0.40793799,USDT
2025-05-17T14:30:00Z,SOL/USDT,buy,167.48370000,2.44377585,0.40929262,USDT
2025-05-17T14:45:00Z,SOL/USDT,sell,167.69611000,2.44377585,0.40981170,USDT
2025-05-17T15:30:00Z,SOL/USDT,buy,168.02397000,2.44072318,0.41010000,USDT
2025-05-17T16:00:00Z,SOL/USDT,stop_sell,167.11640000,2.44072318,0.40788487,USDT
2025-05-17T16:15:00Z,SOL/USDT,buy,166.97344500,2.44860828,0.40885256,USDT
2025-05-17T16:15:00Z,SOL/USDT,stop_sell,166.47422125,2.44860828,0.40763016,USDT
2025-05-17T21:45:00Z,SOL/USDT,buy,167.08350000,2.45129587,0.40957109,USDT
2025-05-17T22:00:00Z,SOL/USDT,stop_sell,165.94270143,2.45129587,0.40677466,USDT
2025-05-18T01:00:00Z,SOL/USDT,buy,167.22357000,2.44868667,0.40947813,USDT
2025-05-18T01:45:00Z,SOL/USDT,sell,167.32629500,2.44868667,0.40972967,USDT
2025-05-18T03:30:00Z,SOL/USDT,buy,167.15353500,2.45473023,0.41031684,USDT
2025-05-18T12:45:00Z,SOL/USDT,sell,171.49421000,2.45473023,0.42097202,USDT
2025-05-18T13:00:00Z,SOL/USDT,buy,171.61576500,2.38866291,0.40993221,USDT
2025-05-18T13:15:00Z,SOL/USDT,sell,171.43424000,2.38866291,0.40949861,USDT
2025-05-18T13:30:00Z,SOL/USDT,buy,171.79585500,2.38627166,0.40995158,USDT
2025-05-18T17:45:00Z,SOL/USDT,sell,174.03294000,2.38627166,0.41528987,USDT
2025-05-19T13:30:00Z,SOL/USDT,buy,161.71081500,2.53663157,0.41020076,USDT
2025-05-19T14:15:00Z,SOL/USDT,sell,161.96897500,2.53663157,0.41085562,USDT
2025-05-19T15:45:00Z,SOL/USDT,buy,164.57224500,2.4958115,0.41074130,USDT
2025-05-19T16:00:00Z,SOL/USDT,stop_sell,163.20335750,2.4958115,0.40732482,USDT
2025-05-19T23:45:00Z,SOL/USDT,buy,166.99345500,2.45845466,0.41054584,USDT
2025-05-20T06:30:00Z,SOL/USDT,sell,167.78606500,2.45845466,0.41249443,USDT
2025-05-20T15:45:00Z,SOL/USDT,buy,167.15353500,2.45413764,0.41021778,USDT
2025-05-20T16:00:00Z,SOL/USDT,stop_sell,166.18329536,2.45413764,0.40783668,USDT
2025-05-20T21:45:00Z,SOL/USDT,buy,168.10401000,2.44455818,0.41094003,USDT
2025-05-20T22:00:00Z,SOL/USDT,sell,167.96597500,2.44455818,0.41060260,USDT
2025-05-20T23:45:00Z,SOL/USDT,buy,168.57424500,2.43138539,0.40986896,USDT
2025-05-21T00:45:00Z,SOL/USDT,sell,167.98596500,2.43138539,0.40843862,USDT
2025-05-21T12:15:00Z,SOL/USDT,buy,169.74483000,2.4248489,0.41160556,USDT
2025-05-21T17:15:00Z,SOL/USDT,sell,173.09341000,2.4248489,0.41972536,USDT
2025-05-21T22:15:00Z,SOL/USDT,buy,170.09500500,2.4114514,0.41017584,USDT
2025-05-22T04:45:00Z,SOL/USDT,sell,176.85153000,2.4114514,0.42646887,USDT
2025-05-22T05:00:00Z,SOL/USDT,buy,176.97844500,2.32848631,0.41209189,USDT
2025-05-22T06:15:00Z,SOL/USDT,stop_sell,175.31694054,2.32848631,0.40822310,USDT
2025-05-22T06:30:00Z,SOL/USDT,buy,175.86789000,2.33880873,0.41132136,USDT
2025-05-22T12:30:00Z,SOL/USDT,sell,177.93099000,2.33880873,0.41614655,USDT
2025-05-22T19:15:00Z,SOL/USDT,buy,179.21956500,2.29581037,0.41145414,USDT
2025-05-22T19:30:00Z,SOL/USDT,sell,178.58066500,2.29581037,0.40998734,USDT
2025-05-22T23:45:00Z,SOL/USDT,buy,179.85988500,2.28827351,0.41156861,USDT
2025-05-23T06:15:00Z,SOL/USDT,sell,180.70960000,2.28827351,0.41351299,USDT
2025-05-23T08:30:00Z,SOL/USDT,buy,184.97244000,2.22402227,0.41138283,USDT
2025-05-23T11:30:00Z,SOL/USDT,stop_sell,183.61136268,2.22402227,0.40835576,USDT
2025-05-23T11:45:00Z,SOL/USDT,buy,183.43167000,2.24029256,0.41094061,USDT
2025-05-23T11:45:00Z,SOL/USDT,stop_sell,181.97253964,2.24029256,0.40767173,USDT
2025-05-23T16:45:00Z,SOL/USDT,buy,180.16003500,2.27978149,0.41072551,USDT
2025-05-23T18:45:00Z,SOL/USDT,sell,179.52019500,2.27978149,0.40926682,USDT
2025-05-24T03:30:00Z,SOL/USDT,buy,175.56774000,2.33239333,0.40949303,USDT
2025-05-24T03:45:00Z,SOL/USDT,sell,174.84253500,2.33239333,0.40780156,USDT
2025-05-24T05:45:00Z,SOL/USDT,buy,174.82737000,2.34337366,0.40968585,USDT
2025-05-24T06:30:00Z,SOL/USDT,sell,174.68261500,2.34337366,0.40934664,USDT
2025-05-24T10:15:00Z,SOL/USDT,buy,175.38765000,2.33803511,0.41006248,USDT
2025-05-24T15:30:00Z,SOL/USDT,sell,176.02194500,2.33803511,0.41154549,USDT
2025-05-24T17:00:00Z,SOL/USDT,buy,176.86839000,2.32494761,0.41120974,USDT
2025-05-24T22:00:00Z,SOL/USDT,sell,177.05143000,2.32494761,0.41163530,USDT
2025-05-24T22:15:00Z,SOL/USDT,buy,176.96844000,2.31714825,0.41006211,USDT
2025-05-24T22:15:00Z,SOL/USDT,stop_sell,176.38569161,2.31714825,0.40871180,USDT
2025-05-25T12:45:00Z,SOL/USDT,buy,172.38615000,2.37784081,0.40990682,USDT
2025-05-25T13:15:00Z,SOL/USDT,stop_sell,171.56417500,2.37784081,0.40795230,USDT
2025-05-25T13:45:00Z,SOL/USDT,buy,172.63627500,2.37682994,0.41032707,USDT
2025-05-25T14:30:00Z,SOL/USDT,stop_sell,171.69232518,2.37682994,0.40808346,USDT
2025-05-25T19:30:00Z,SOL/USDT,buy,172.16604000,2.37982706,0.40972540,USDT
2025-05-25T21:30:00Z,SOL/USDT,stop_sell,171.20435500,2.37982706,0.40743676,USDT
2025-05-25T21:45:00Z,SOL/USDT,buy,171.63577500,2.3850372,0.40935771,USDT
2025-05-26T09:45:00Z,SOL/USDT,sell,176.97147000,2.3850372,0.42208354,USDT
2025-05-26T13:00:00Z,SOL/USDT,buy,178.67929500,2.30008711,0.41097794,USDT
2025-05-26T13:15:00Z,SOL/USDT,stop_sell,177.47122000,2.30008711,0.40819927,USDT
2025-05-26T13:45:00Z,SOL/USDT,buy,177.83887500,2.30312282,0.40958477,USDT
2025-05-26T13:45:00Z,SOL/USDT,stop_sell,177.30201893,2.30312282,0.40834833,USDT
2025-05-26T15:00:00Z,SOL/USDT,buy,176.72832000,2.31835411,0.40971883,USDT
2025-05-26T16:15:00Z,SOL/USDT,stop_sell,175.68675554,2.31835411,0.40730411,USDT
2025-05-26T22:15:00Z,SOL/USDT,buy,174.82737000,2.3279571,0.40699062,USDT
2025-05-26T22:15:00Z,SOL/USDT,stop_sell,174.65263000,2.3279571,0.40658383,USDT
2025-05-26T22:45:00Z,SOL/USDT,buy,174.56724000,2.3459433,0.40952485,USDT
2025-05-26T23:00:00Z,SOL/USDT,sell,174.25283000,2.3459433,0.40878726,USDT
2025-05-26T23:45:00Z,SOL/USDT,buy,174.86739000,2.34334964,0.40977544,USDT
2025-05-27T01:00:00Z,SOL/USDT,stop_sell,173.89765054,2.34334964,0.40750300,USDT
2025-05-27T12:00:00Z,SOL/USDT,buy,176.82837000,2.31384258,0.40915301,USDT
2025-05-27T14:30:00Z,SOL/USDT,stop_sell,176.11404179,2.31384258,0.40750017,USDT
2025-05-27T14:45:00Z,SOL/USDT,buy,176.86839000,2.31220148,0.40895535,USDT
2025-05-27T18:45:00Z,SOL/USDT,sell,178.49071000,2.31220148,0.41270648,USDT
2025-05-27T19:00:00Z,SOL/USDT,buy,178.82937000,2.2903362,0.40957938,USDT
2025-05-27T19:45:00Z,SOL/USDT,stop_sell,177.63578054,2.2903362,0.40684566,USDT
2025-05-27T21:00:00Z,SOL/USDT,buy,178.20906000,2.29401282,0.40881387,USDT
2025-05-27T21:15:00Z,SOL/USDT,sell,177.93099000,2.29401282,0.40817597,USDT
2025-05-28T11:00:00Z,SOL/USDT,buy,174.20706000,2.34535866,0.40857804,USDT
2025-05-28T11:15:00Z,SOL/USDT,stop_sell,173.66312500,2.34535866,0.40730231,USDT
2025-05-28T20:00:00Z,SOL/USDT,buy,169.55473500,2.40954339,0.40854949,USDT
2025-05-28T20:15:00Z,SOL/USDT,sell,170.04493500,2.40954339,0.40973065,USDT
2025-05-28T20:45:00Z,SOL/USDT,buy,170.61526500,2.39558143,0.40872276,USDT
2025-05-28T21:15:00Z,SOL/USDT,sell,170.68461500,2.39558143,0.40888889,USDT
2025-05-28T21:30:00Z,SOL/USDT,buy,171.24558000,2.3878531,0.40890929,USDT
2025-05-28T22:00:00Z,SOL/USDT,sell,170.42474500,2.3878531,0.40694926,USDT
2025-05-28T22:30:00Z,SOL/USDT,buy,170.89540500,2.39060821,0.40854396,USDT
2025-05-28T22:45:00Z,SOL/USDT,sell,170.60465500,2.39060821,0.40784889,USDT
2025-05-28T23:15:00Z,SOL/USDT,buy,171.90591000,2.37612256,0.40846951,USDT
2025-05-29T04:45:00Z,SOL/USDT,sell,171.75408000,2.37612256,0.40810874,USDT
2025-05-29T07:00:00Z,SOL/USDT,buy,172.33612500,2.36086424,0.40686219,USDT
2025-05-29T07:15:00Z,SOL/USDT,sell,172.68361500,2.36086424,0.40768257,USDT
2025-05-30T00:15:00Z,SOL/USDT,buy,167.44368000,2.43920961,0.40843023,USDT
2025-05-30T00:30:00Z,SOL/USDT,stop_sell,166.40675500,2.43920961,0.40590096,USDT
2025-05-30T06:15:00Z,SOL/USDT,buy,164.47219500,2.47085041,0.40638619,USDT
2025-05-30T06:15:00Z,SOL/USDT,stop_sell,164.30780500,2.47085041,0.40598001,USDT
2025-05-30T06:30:00Z,SOL/USDT,buy,164.22207000,2.48289982,0.40774695,USDT
2025-05-30T06:45:00Z,SOL/USDT,stop_sell,163.60779804,2.48289982,0.40622177,USDT
2025-05-30T21:15:00Z,SOL/USDT,buy,160.56024000,2.53645687,0.40725412,USDT
2025-05-30T22:00:00Z,SOL/USDT,stop_sell,159.53090893,2.53645687,0.40464327,USDT
2025-05-31T06:30:00Z,SOL/USDT,buy,155.03748000,2.6293715,0.40765113,USDT
2025-05-31T09:15:00Z,SOL/USDT,stop_sell,153.78307000,2.6293715,0.40435282,USDT
2025-05-31T14:45:00Z,SOL/USDT,buy,155.41767000,2.61879141,0.40700646,USDT
2025-06-01T00:00:00Z,SOL/USDT,sell,156.41175500,2.61879141,0.40960976,USDT
2025-06-01T14:15:00Z,SOL/USDT,buy,153.23658000,2.6596039,0.40754861,USDT
2025-06-02T03:00:00Z,SOL/USDT,sell,156.74159000,2.6596039,0.41687054,USDT
2025-06-02T14:45:00Z,SOL/USDT,buy,152.86639500,2.65312285,0.40557333,USDT
2025-06-02T14:45:00Z,SOL/USDT,stop_sell,152.71360500,2.65312285,0.40516795,USDT
2025-06-02T20:00:00Z,SOL/USDT,buy,153.26659500,2.67424703,0.40987274,USDT
2025-06-03T06:15:00Z,SOL/USDT,sell,159.07042500,2.67424703,0.42539361,USDT
2025-06-03T08:00:00Z,SOL/USDT,buy,159.45969000,2.56240347,0.40860006,USDT
2025-06-03T08:15:00Z,SOL/USDT,stop_sell,158.90051000,2.56240347,0.40716722,USDT
2025-06-03T08:30:00Z,SOL/USDT,buy,158.57925000,2.57288994,0.40800696,USDT
2025-06-03T08:45:00Z,SOL/USDT,sell,158.58067000,2.57288994,0.40801061,USDT
2025-06-03T09:15:00Z,SOL/USDT,buy,158.89941000,2.5644053,0.40748249,USDT
2025-06-03T09:15:00Z,SOL/USDT,stop_sell,158.74059000,2.5644053,0.40707521,USDT
2025-06-03T09:30:00Z,SOL/USDT,buy,159.02947500,2.57121728,0.40889933,USDT
2025-06-03T14:45:00Z,SOL/USDT,sell,161.65913000,2.57121728,0.41566075,USDT
2025-06-03T15:00:00Z,SOL/USDT,buy,163.29160500,2.50496708,0.40904009,USDT
2025-06-03T15:00:00Z,SOL/USDT,stop_sell,162.16137875,2.50496708,0.40620892,USDT
2025-06-04T07:45:00Z,SOL/USDT,buy,156.26809500,2.61351051,0.40840831,USDT
2025-06-04T08:00:00Z,SOL/USDT,sell,156.44174000,2.61351051,0.40886213,USDT
2025-06-04T08:30:00Z,SOL/USDT,buy,157.12852500,2.60101163,0.40869312,USDT
2025-06-04T09:00:00Z,SOL/USDT,sell,156.47172500,2.60101163,0.40698478,USDT
2025-06-04T09:30:00Z,SOL/USDT,buy,156.68830500,2.60802865,0.40864759,USDT
2025-06-04T11:00:00Z,SOL/USDT,sell,156.54169000,2.60802865,0.40826521,USDT
2025-06-04T15:45:00Z,SOL/USDT,buy,157.27860000,2.58741853,0.40694556,USDT
2025-06-04T16:15:00Z,SOL/USDT,stop_sell,156.43174500,2.58741853,0.40475440,USDT
2025-06-04T16:30:00Z,SOL/USDT,buy,156.66829500,2.60438425,0.40802444,USDT
2025-06-04T17:30:00Z,SOL/USDT,stop_sell,155.61215500,2.60438425,0.40527385,USDT
2025-06-04T18:15:00Z,SOL/USDT,buy,156.43818000,2.60722441,0.40786944,USDT
2025-06-04T19:00:00Z,SOL/USDT,stop_sell,155.46187304,2.60722441,0.40532399,USDT
2025-06-04T19:15:00Z,SOL/USDT,buy,155.72782500,2.61991505,0.40799367,USDT
2025-06-04T19:30:00Z,SOL/USDT,sell,155.57217500,2.61991505,0.40758588,USDT
2025-06-05T10:15:00Z,SOL/USDT,buy,152.91642000,2.66504266,0.40752878,USDT
2025-06-05T10:30:00Z,SOL/USDT,stop_sell,152.35556982,2.66504266,0.40603409,USDT
2025-06-06T01:00:00Z,SOL/USDT,buy,145.54273500,2.79821622,0.40726004,USDT
2025-06-06T06:45:00Z,SOL/USDT,sell,147.24634000,2.79821622,0.41202710,USDT
2025-06-06T13:45:00Z,SOL/USDT,buy,151.99596000,2.68045708,0.40741865,USDT
2025-06-06T14:00:00Z,SOL/USDT,stop_sell,150.67462500,2.68045708,0.40387687,USDT
2025-06-07T10:45:00Z,SOL/USDT,buy,151.55574000,2.68753654,0.40731159,USDT
2025-06-07T12:00:00Z,SOL/USDT,sell,151.16438000,2.68753654,0.40625979,USDT
2025-06-08T04:45:00Z,SOL/USDT,buy,150.11502000,2.70800377,0.40651204,USDT
2025-06-08T05:15:00Z,SOL/USDT,sell,149.89501500,2.70800377,0.40591627,USDT
2025-06-08T05:45:00Z,SOL/USDT,buy,149.83488000,2.71502269,0.40680510,USDT
2025-06-08T06:45:00Z,SOL/USDT,sell,150.12490000,2.71502269,0.40759251,USDT
2025-06-08T07:00:00Z,SOL/USDT,buy,150.19506000,2.71265496,0.40742737,USDT
2025-06-08T07:30:00Z,SOL/USDT,sell,149.90501000,2.71265496,0.40664057,USDT
2025-06-08T14:45:00Z,SOL/USDT,buy,150.33513000,2.71143947,0.40762461,USDT
2025-06-08T23:00:00Z,SOL/USDT,sell,152.93349500,2.71143947,0.41466991,USDT
2025-06-09T11:00:00Z,SOL/USDT,buy,155.34763500,2.62211051,0.40733867,USDT
2025-06-09T13:30:00Z,SOL/USDT,stop_sell,154.49200107,2.62211051,0.40509510,USDT
2025-06-09T13:45:00Z,SOL/USDT,buy,153.99696000,2.63803255,0.40624899,USDT
2025-06-09T13:45:00Z,SOL/USDT,stop_sell,153.30295304,2.63803255,0.40441818,USDT
2025-06-09T19:15:00Z,SOL/USDT,buy,156.42817500,2.60158595,0.40696134,USDT
2025-06-09T19:45:00Z,SOL/USDT,stop_sell,155.14239000,2.60158595,0.40361626,USDT
2025-06-09T21:00:00Z,SOL/USDT,buy,156.72832500,2.59813022,0.40720060,USDT
2025-06-10T03:15:00Z,SOL/USDT,sell,159.19036500,2.59813022,0.41359730,USDT
2025-06-10T18:30:00Z,SOL/USDT,buy,158.39916000,2.56523285,0.40633073,USDT
2025-06-11T00:00:00Z,SOL/USDT,sell,165.03744000,2.56523285,0.42335946,USDT
2025-06-11T00:15:00Z,SOL/USDT,buy,165.58275000,2.46626892,0.40837159,USDT
2025-06-11T00:30:00Z,SOL/USDT,stop_sell,164.14788500,2.46626892,0.40483283,USDT
2025-06-11T00:45:00Z,SOL/USDT,buy,164.58225000,2.48352323,0.40874384,USDT
2025-06-11T01:30:00Z,SOL/USDT,sell,163.83804000,2.48352323,0.40689558,USDT
2025-06-11T02:15:00Z,SOL/USDT,buy,165.02247000,2.46869503,0.40739015,USDT
2025-06-11T02:30:00Z,SOL/USDT,stop_sell,163.91050375,2.46869503,0.40464505,USDT
2025-06-11T03:15:00Z,SOL/USDT,buy,165.78285000,2.45833584,0.40754992,USDT
2025-06-11T04:45:00Z,SOL/USDT,sell,165.10740500,2.45833584,0.40588945,USDT
2025-06-11T05:15:00Z,SOL/USDT,buy,164.52222000,2.47311234,0.40688193,USDT
2025-06-11T08:30:00Z,SOL/USDT,sell,166.03694000,2.47311234,0.41062801,USDT
2025-06-11T09:00:00Z,SOL/USDT,buy,165.77284500,2.45425978,0.40684963,USDT
2025-06-11T09:45:00Z,SOL/USDT,stop_sell,165.05957179,2.45425978,0.40509907,USDT
2025-06-11T10:00:00Z,SOL/USDT,buy,165.06249000,2.4672951,0.40725787,USDT
2025-06-11T10:45:00Z,SOL/USDT,sell,164.75758000,2.4672951,0.40650557,USDT
2025-06-11T12:45:00Z,SOL/USDT,buy,166.98345000,2.43554184,0.40669518,USDT
2025-06-11T13:30:00Z,SOL/USDT,stop_sell,165.93877482,2.43554184,0.40415083,USDT
2025-06-11T13:45:00Z,SOL/USDT,buy,166.20306000,2.44123957,0.40574149,USDT
2025-06-11T13:45:00Z,SOL/USDT,stop_sell,165.32551018,2.44123957,0.40359918,USDT
2025-06-12T03:15:00Z,SOL/USDT,buy,159.57975000,2.53475,0.40449477,USDT
2025-06-12T03:15:00Z,SOL/USDT,stop_sell,159.42025000,2.53475,0.40409048,USDT
2025-06-12T03:30:00Z,SOL/USDT,buy,159.66979500,2.54589185,0.40650203,USDT
2025-06-12T03:45:00Z,SOL/USDT,sell,160.09991000,2.54589185,0.40759706,USDT
2025-06-12T11:15:00Z,SOL/USDT,buy,158.16904500,2.55483467,0.40409576,USDT
2025-06-12T11:15:00Z,SOL/USDT,stop_sell,158.01095500,2.55483467,0.40369187,USDT
2025-06-12T12:45:00Z,SOL/USDT,buy,159.09951000,2.55599267,0.40665718,USDT
2025-06-12T13:00:00Z,SOL/USDT,sell,158.38077000,2.55599267,0.40482009,USDT
2025-06-12T14:15:00Z,SOL/USDT,buy,159.90991500,2.54441692,0.40687749,USDT
2025-06-12T15:15:00Z,SOL/USDT,sell,159.37027500,2.54441692,0.40550442,USDT
2025-06-13T07:30:00Z,SOL/USDT,buy,145.31262000,2.80828024,0.40807856,USDT
2025-06-13T13:00:00Z,SOL/USDT,sell,145.11740500,2.80828024,0.40753034,USDT
2025-06-13T13:45:00Z,SOL/USDT,buy,145.99296000,2.77261843,0.40478277,USDT
2025-06-13T13:45:00Z,SOL/USDT,stop_sell,145.54968875,2.77261843,0.40355375,USDT
2025-06-13T14:45:00Z,SOL/USDT,buy,145.41267000,2.79865409,0.40695976,USDT
2025-06-13T18:30:00Z,SOL/USDT,sell,145.10741000,2.79865409,0.40610545,USDT
2025-06-13T19:00:00Z,SOL/USDT,buy,145.31262000,2.7940717,0.40601388,USDT
2025-06-13T19:30:00Z,SOL/USDT,sell,144.95748500,2.7940717,0.40502161,USDT
2025-06-13T20:45:00Z,SOL/USDT,buy,147.34363500,2.75623932,0.40611432,USDT
2025-06-13T21:00:00Z,SOL/USDT,sell,147.18637000,2.75623932,0.40568086,USDT
2025-06-13T22:00:00Z,SOL/USDT,buy,147.71382000,2.75443847,0.40686863,USDT
2025-06-14T01:30:00Z,SOL/USDT,sell,146.96648000,2.75443847,0.40481013,USDT
2025-06-15T00:30:00Z,SOL/USDT,buy,145.49271000,2.78869618,0.40573496,USDT
2025-06-15T08:15:00Z,SOL/USDT,sell,145.34729000,2.78869618,0.40532943,USDT
2025-06-15T12:00:00Z,SOL/USDT,buy,146.74333500,2.76141197,0.40521880,USDT
2025-06-15T20:00:00Z,SOL/USDT,sell,152.08392000,2.76141197,0.41996636,USDT
2025-06-17T03:30:00Z,SOL/USDT,buy,153.30661500,2.64596344,0.40564370,USDT
2025-06-17T04:00:00Z,SOL/USDT,sell,153.12340000,2.64596344,0.40515892,USDT
2025-06-17T04:30:00Z,SOL/USDT,buy,152.86639500,2.65445454,0.40577690,USDT
2025-06-17T07:45:00Z,SOL/USDT,sell,152.54369000,2.65445454,0.40492029,USDT
2025-06-17T19:45:00Z,SOL/USDT,buy,149.98495500,2.71936642,0.40786405,USDT
2025-06-17T21:00:00Z,SOL/USDT,stop_sell,148.16123946,2.71936642,0.40290470,USDT
2025-06-17T21:15:00Z,SOL/USDT,buy,147.59376000,2.74663841,0.40538669,USDT
2025-06-17T21:30:00Z,SOL/USDT,sell,147.89601500,2.74663841,0.40621688,USDT
2025-06-18T03:30:00Z,SOL/USDT,buy,148.26409500,2.74052129,0.40632091,USDT
2025-06-18T04:30:00Z,SOL/USDT,sell,148.76558000,2.74052129,0.40769524,USDT
2025-06-18T05:00:00Z,SOL/USDT,buy,148.96444500,2.72315226,0.40565287,USDT
2025-06-18T05:30:00Z,SOL/USDT,sell,148.81555500,2.72315226,0.40524741,USDT
2025-06-18T08:00:00Z,SOL/USDT,buy,147.86389500,2.74461935,0.40583011,USDT
2025-06-18T08:30:00Z,SOL/USDT,sell,147.89601500,2.74461935,0.40591826,USDT
2025-06-18T17:45:00Z,SOL/USDT,buy,145.44268500,2.78859877,0.40558129,USDT
2025-06-18T18:45:00Z,SOL/USDT,stop_sell,144.39348143,2.78859877,0.40265548,USDT
2025-06-18T20:45:00Z,SOL/USDT,buy,146.74333500,2.76504555,0.40575201,USDT
2025-06-19T00:00:00Z,SOL/USDT,sell,146.36678000,2.76504555,0.40471081,USDT
2025-06-19T18:30:00Z,SOL/USDT,buy,145.33263000,2.78284361,0.40443798,USDT
2025-06-20T03:00:00Z,SOL/USDT,sell,146.13689500,2.78284361,0.40667612,USDT
2025-06-20T09:45:00Z,SOL/USDT,buy,147.66379500,2.74699669,0.40563196,USDT
2025-06-20T12:45:00Z,SOL/USDT,sell,147.83604500,2.74699669,0.40610513,USDT
2025-06-20T13:30:00Z,SOL/USDT,buy,147.49371000,2.74625409,0.40505520,USDT
2025-06-20T13:30:00Z,SOL/USDT,stop_sell,146.99932071,2.74625409,0.40369749,USDT
2025-06-20T22:15:00Z,SOL/USDT,buy,139.59976500,2.89985563,0.40481916,USDT
2025-06-21T01:00:00Z,SOL/USDT,sell,139.95998500,2.89985563,0.40586375,USDT
2025-06-21T07:15:00Z,SOL/USDT,buy,140.45019000,2.8896385,0.40585028,USDT
2025-06-21T08:00:00Z,SOL/USDT,sell,140.17987500,2.8896385,0.40506916,USDT
2025-06-21T08:45:00Z,SOL/USDT,buy,141.12052500,2.87171385,0.40525777,USDT
2025-06-21T13:45:00Z,SOL/USDT,sell,140.97947500,2.87171385,0.40485271,USDT
2025-06-22T02:15:00Z,SOL/USDT,buy,134.36715000,2.99515795,0.40245084,USDT
2025-06-22T02:30:00Z,SOL/USDT,sell,133.64314500,2.99515795,0.40028233,USDT
2025-06-22T05:00:00Z,SOL/USDT,buy,136.25809500,2.97511615,0.40538366,USDT
2025-06-22T05:15:00Z,SOL/USDT,sell,136.25184000,2.97511615,0.40536505,USDT
2025-06-22T06:15:00Z,SOL/USDT,buy,136.26810000,2.9687298,0.40454317,USDT
2025-06-22T07:15:00Z,SOL/USDT,stop_sell,135.20236500,2.9687298,0.40137929,USDT
2025-06-22T07:30:00Z,SOL/USDT,buy,135.30762000,2.98613405,0.40404669,USDT
2025-06-22T08:00:00Z,SOL/USDT,sell,134.39277000,2.98613405,0.40131483,USDT
2025-06-22T08:15:00Z,SOL/USDT,buy,134.90742000,2.99822755,0.40448314,USDT
2025-06-22T08:30:00Z,SOL/USDT,sell,134.86253500,2.99822755,0.40434857,USDT
2025-06-22T18:15:00Z,SOL/USDT,buy,130.28511000,3.08945803,0.40251038,USDT
2025-06-22T19:00:00Z,SOL/USDT,stop_sell,129.17466607,3.08945803,0.39907971,USDT
2025-06-22T19:15:00Z,SOL/USDT,buy,129.03448500,3.12587071,0.40334512,USDT
2025-06-22T19:45:00Z,SOL/USDT,sell,128.77558000,3.12587071,0.40253581,USDT
2025-06-22T20:45:00Z,SOL/USDT,buy,128.67430500,3.13263993,0.40309027,USDT
2025-06-22T21:45:00Z,SOL/USDT,sell,129.26533500,3.13263993,0.40494175,USDT
2025-06-22T22:15:00Z,SOL/USDT,buy,130.32513000,3.07709366,0.40102263,USDT
2025-06-22T22:30:00Z,SOL/USDT,sell,130.45474000,3.07709366,0.40142145,USDT
2025-06-22T23:45:00Z,SOL/USDT,buy,131.76585000,3.04708104,0.40150122,USDT
2025-06-23T03:30:00Z,SOL/USDT,sell,132.70361500,3.04708104,0.40435867,USDT
2025-06-23T04:15:00Z,SOL/USDT,buy,132.89641500,3.04188415,0.40425550,USDT
2025-06-23T07:00:00Z,SOL/USDT,sell,134.63265000,3.04188415,0.40953692,USDT
2025-06-23T07:15:00Z,SOL/USDT,buy,134.53723500,2.99577611,0.40304343,USDT
2025-06-23T07:30:00Z,SOL/USDT,stop_sell,133.93300000,2.99577611,0.40123328,USDT
2025-06-23T09:45:00Z,SOL/USDT,buy,133.63678500,3.02067587,0.40367341,USDT
2025-06-23T10:00:00Z,SOL/USDT,sell,134.36278500,3.02067587,0.40586642,USDT
2025-06-23T12:45:00Z,SOL/USDT,buy,135.06750000,2.99082817,0.40396368,USDT
2025-06-23T13:15:00Z,SOL/USDT,stop_sell,134.25462482,2.99082817,0.40153251,USDT
2025-06-23T13:45:00Z,SOL/USDT,buy,136.12803000,2.96452349,0.40355474,USDT
2025-06-23T14:30:00Z,SOL/USDT,stop_sell,134.88966429,2.96452349,0.39988358,USDT
2025-06-23T14:45:00Z,SOL/USDT,buy,135.36765000,2.9862565,0.40424252,USDT
2025-06-23T15:45:00Z,SOL/USDT,stop_sell,133.51142518,2.9862565,0.39869936,USDT
2025-06-23T17:15:00Z,SOL/USDT,buy,133.96695000,3.00229589,0.40220842,USDT
2025-06-24T02:45:00Z,SOL/USDT,sell,142.51870500,3.00229589,0.42788332,USDT
2025-06-24T13:30:00Z,SOL/USDT,buy,143.68180500,2.80319759,0.40276849,USDT
2025-06-24T13:30:00Z,SOL/USDT,stop_sell,143.53819500,2.80319759,0.40236592,USDT
2025-06-24T22:00:00Z,SOL/USDT,buy,145.04248500,2.78036672,0.40327130,USDT
2025-06-24T22:15:00Z,SOL/USDT,stop_sell,144.86039071,2.78036672,0.40276501,USDT
2025-06-24T22:45:00Z,SOL/USDT,buy,144.89241000,2.79366791,0.40478128,USDT
2025-06-25T04:30:00Z,SOL/USDT,sell,145.06743000,2.79366791,0.40527022,USDT
2025-06-25T06:15:00Z,SOL/USDT,buy,146.28310500,2.77641361,0.40614240,USDT
2025-06-25T07:00:00Z,SOL/USDT,sell,146.35678500,2.77641361,0.40634697,USDT
2025-06-25T07:30:00Z,SOL/USDT,buy,147.50371500,2.74143271,0.40437151,USDT
2025-06-25T08:15:00Z,SOL/USDT,stop_sell,146.46673000,2.74143271,0.40152868,USDT
2025-06-25T20:15:00Z,SOL/USDT,buy,144.74233500,2.79248791,0.40419122,USDT
2025-06-25T22:15:00Z,SOL/USDT,sell,143.88802000,2.79248791,0.40180556,USDT
2025-06-25T22:30:00Z,SOL/USDT,buy,143.68180500,2.8037107,0.40284221,USDT
2025-06-25T22:30:00Z,SOL/USDT,stop_sell,143.32580125,2.8037107,0.40184408,USDT
2025-06-26T01:30:00Z,SOL/USDT,buy,144.81237000,2.78760514,0.40367971,USDT
2025-06-26T05:45:00Z,SOL/USDT,sell,144.28782000,2.78760514,0.40221747,USDT
2025-06-26T07:30:00Z,SOL/USDT,buy,145.72282500,2.76894279,0.40349817,USDT
2025-06-26T07:45:00Z,SOL/USDT,sell,145.43724500,2.76894279,0.40270741,USDT
2025-06-26T20:15:00Z,SOL/USDT,buy,142.76134500,2.82766699,0.40368154,USDT
2025-06-26T21:00:00Z,SOL/USDT,sell,142.78857000,2.82766699,0.40375853,USDT
2025-06-27T08:45:00Z,SOL/USDT,buy,141.89091000,2.84561855,0.40376741,USDT
2025-06-27T13:45:00Z,SOL/USDT,sell,142.05893500,2.84561855,0.40424554,USDT
2025-06-27T14:00:00Z,SOL/USDT,buy,142.79136000,2.82370531,0.40320072,USDT
2025-06-27T14:15:00Z,SOL/USDT,sell,141.98897000,2.82370531,0.40093501,USDT
2025-06-27T14:30:00Z,SOL/USDT,buy,141.89091000,2.83888897,0.40281254,USDT
2025-06-27T14:45:00Z,SOL/USDT,sell,142.34879000,2.83888897,0.40411241,USDT
2025-06-27T15:30:00Z,SOL/USDT,buy,142.66129500,2.83397426,0.40429844,USDT
2025-06-27T17:45:00Z,SOL/USDT,stop_sell,141.34464946,2.83397426,0.40056710,USDT
2025-06-27T22:00:00Z,SOL/USDT,buy,142.76134500,2.81282239,0.40156231,USDT
2025-06-27T23:15:00Z,SOL/USDT,stop_sell,142.32701518,2.81282239,0.40034062,USDT
2025-06-28T06:45:00Z,SOL/USDT,buy,144.52222500,2.78560646,0.40258204,USDT
2025-06-28T13:00:00Z,SOL/USDT,sell,146.61665500,2.78560646,0.40841630,USDT
2025-06-28T13:15:00Z,SOL/USDT,buy,146.76334500,2.74468351,0.40281893,USDT
2025-06-28T13:15:00Z,SOL/USDT,stop_sell,146.20400429,2.74468351,0.40128372,USDT
2025-06-28T14:15:00Z,SOL/USDT,buy,146.91342000,2.74865296,0.40381401,USDT
2025-06-28T14:45:00Z,SOL/USDT,sell,146.82655000,2.74865296,0.40357523,USDT
2025-06-28T15:45:00Z,SOL/USDT,buy,147.65379000,2.72870521,0.40290367,USDT
2025-06-28T22:45:00Z,SOL/USDT,sell,151.15438500,2.72870521,0.41245576,USDT
2025-06-28T23:15:00Z,SOL/USDT,buy,150.99546000,2.66743604,0.40277073,USDT
2025-06-28T23:45:00Z,SOL/USDT,sell,150.46473000,2.66743604,0.40135504,USDT
2025-06-29T07:30:00Z,SOL/USDT,buy,149.95494000,2.68939188,0.40328760,USDT
2025-06-29T08:00:00Z,SOL/USDT,sell,150.29481500,2.68939188,0.40420166,USDT
2025-06-29T11:30:00Z,SOL/USDT,buy,151.48570500,2.66173897,0.40321540,USDT
2025-06-29T15:30:00Z,SOL/USDT,sell,150.93449500,2.66173897,0.40174823,USDT
2025-06-29T18:30:00Z,SOL/USDT,buy,151.84588500,2.65772994,0.40356535,USDT
2025-06-29T19:00:00Z,SOL/USDT,sell,151.76408000,2.65772994,0.40334794,USDT
2025-06-29T19:30:00Z,SOL/USDT,buy,151.61577000,2.65263901,0.40218191,USDT
2025-06-29T19:45:00Z,SOL/USDT,sell,151.25433500,2.65263901,0.40122315,USDT
2025-06-29T21:15:00Z,SOL/USDT,buy,151.04548500,2.67461109,0.40398793,USDT
2025-06-29T23:45:00Z,SOL/USDT,sell,153.03344500,2.67461109,0.40930495,USDT
2025-06-30T00:00:00Z,SOL/USDT,buy,153.58675500,2.62931949,0.40382865,USDT
2025-06-30T01:00:00Z,SOL/USDT,sell,152.46373000,2.62931949,0.40087586,USDT
2025-06-30T11:45:00Z,SOL/USDT,buy,150.91542000,2.67110385,0.40311076,USDT
2025-06-30T12:15:00Z,SOL/USDT,sell,150.38477000,2.67110385,0.40169334,USDT
2025-06-30T14:00:00Z,SOL/USDT,buy,150.79536000,2.66409272,0.40173282,USDT
2025-06-30T14:00:00Z,SOL/USDT,stop_sell,150.47758071,2.66409272,0.40088623,USDT
2025-06-30T14:15:00Z,SOL/USDT,buy,151.15554000,2.67686242,0.40462258,USDT
2025-06-30T20:30:00Z,SOL/USDT,sell,157.16138000,2.67686242,0.42069939,USDT
2025-07-01T17:30:00Z,SOL/USDT,buy,147.79386000,2.72155445,0.40222904,USDT
2025-07-01T17:45:00Z,SOL/USDT,sell,147.88602000,2.72155445,0.40247986,USDT
2025-07-01T18:00:00Z,SOL/USDT,buy,147.92392500,2.73194096,0.40411943,USDT
2025-07-01T18:15:00Z,SOL/USDT,sell,147.36628000,2.73194096,0.40259598,USDT
2025-07-01T19:30:00Z,SOL/USDT,buy,146.62327500,2.75323266,0.40368799,USDT
2025-07-01T19:30:00Z,SOL/USDT,stop_sell,145.77136357,2.75323266,0.40134248,USDT
2025-07-01T23:45:00Z,SOL/USDT,buy,146.82337500,2.74832305,0.40351807,USDT
2025-07-02T01:15:00Z,SOL/USDT,stop_sell,146.04194250,2.74832305,0.40137044,USDT
2025-07-02T01:30:00Z,SOL/USDT,buy,147.39366000,2.73033101,0.40243348,USDT
2025-07-02T07:30:00Z,SOL/USDT,sell,149.59516500,2.73033101,0.40844432,USDT
2025-07-02T15:00:00Z,SOL/USDT,buy,150.57525000,2.68564423,0.40439155,USDT
2025-07-02T19:15:00Z,SOL/USDT,sell,151.97397500,2.68564423,0.40814803,USDT
2025-07-03T00:00:00Z,SOL/USDT,buy,152.22607500,2.65206607,0.40371361,USDT
2025-07-03T00:15:00Z,SOL/USDT,sell,152.37377500,2.65206607,0.40410532,USDT
2025-07-03T00:30:00Z,SOL/USDT,buy,152.55624000,2.64489389,0.40349507,USDT
2025-07-03T00:45:00Z,SOL/USDT,sell,152.93349500,2.64489389,0.40449287,USDT
2025-07-03T03:45:00Z,SOL/USDT,buy,153.79686000,2.62486175,0.40369550,USDT
2025-07-03T04:00:00Z,SOL/USDT,sell,153.29331500,2.62486175,0.40237376,USDT
2025-07-03T04:15:00Z,SOL/USDT,buy,153.79686000,2.62974196,0.40444606,USDT
2025-07-03T09:45:00Z,SOL/USDT,sell,156.03194500,2.62974196,0.41032375,USDT
2025-07-03T10:00:00Z,SOL/USDT,buy,155.83788000,2.59199126,0.40393042,USDT
2025-07-03T10:15:00Z,SOL/USDT,sell,155.07242500,2.59199126,0.40194637,USDT
2025-07-03T21:30:00Z,SOL/USDT,buy,152.79636000,2.63556737,0.40270510,USDT
2025-07-03T23:30:00Z,SOL/USDT,stop_sell,152.39376500,2.63556737,0.40164403,USDT
2025-07-03T23:45:00Z,SOL/USDT,buy,152.53623000,2.64930135,0.40411444,USDT
2025-07-04T02:00:00Z,SOL/USDT,sell,152.32380000,2.64930135,0.40355165,USDT
2025-07-04T04:30:00Z,SOL/USDT,buy,152.34613500,2.64545361,0.40302463,USDT
2025-07-04T04:30:00Z,SOL/USDT,stop_sell,151.89972643,2.64545361,0.40184368,USDT
2025-07-04T05:15:00Z,SOL/USDT,buy,152.74633500,2.64025433,0.40328917,USDT
2025-07-04T06:00:00Z,SOL/USDT,sell,152.57367500,2.64025433,0.40283331,USDT
2025-07-04T07:00:00Z,SOL/USDT,buy,151.93593000,2.64322884,0.40160143,USDT
2025-07-04T07:00:00Z,SOL/USDT,stop_sell,151.69839857,2.64322884,0.40097358,USDT
2025-07-04T12:45:00Z,SOL/USDT,buy,149.89491000,2.68170296,0.40197362,USDT
2025-07-04T13:30:00Z,SOL/USDT,stop_sell,149.65263625,2.68170296,0.40132392,USDT
2025-07-04T13:45:00Z,SOL/USDT,buy,149.71482000,2.68898381,0.40258073,USDT
2025-07-04T13:45:00Z,SOL/USDT,stop_sell,149.07007054,2.68898381,0.40084701,USDT
2025-07-04T20:15:00Z,SOL/USDT,buy,147.07350000,2.73454944,0.40217976,USDT
2025-07-04T21:00:00Z,SOL/USDT,stop_sell,146.55061661,2.73454944,0.40074991,USDT
2025-07-04T21:45:00Z,SOL/USDT,buy,147.26359500,2.74602061,0.40438887,USDT
2025-07-05T03:30:00Z,SOL/USDT,sell,147.88602000,2.74602061,0.40609806,USDT
2025-07-05T10:15:00Z,SOL/USDT,buy,148.04398500,2.71978304,0.40264752,USDT
2025-07-05T14:00:00Z,SOL/USDT,stop_sell,147.65399321,2.71978304,0.40158683,USDT
2025-07-05T14:15:00Z,SOL/USDT,buy,147.99396000,2.71969377,0.40249825,USDT
2025-07-05T15:00:00Z,SOL/USDT,sell,147.86603000,2.71969377,0.40215032,USDT
2025-07-05T15:30:00Z,SOL/USDT,buy,147.52372500,2.7170499,0.40082932,USDT
2025-07-05T15:30:00Z,SOL/USDT,stop_sell,147.37627500,2.7170499,0.40042869,USDT
2025-07-05T22:00:00Z,SOL/USDT,buy,147.34363500,2.72690049,0.40179143,USDT
2025-07-05T22:00:00Z,SOL/USDT,stop_sell,147.11319232,2.72690049,0.40116304,USDT
2025-07-06T06:15:00Z,SOL/USDT,buy,148.04398500,2.72760373,0.40380533,USDT
2025-07-06T09:45:00Z,SOL/USDT,stop_sell,147.01645500,2.72760373,0.40100263,USDT
2025-07-06T12:45:00Z,SOL/USDT,buy,148.50421500,2.7109302,0.40258456,USDT
2025-07-06T19:15:00Z,SOL/USDT,sell,151.54419000,2.7109302,0.41082572,USDT
2025-07-06T19:30:00Z,SOL/USDT,buy,151.45569000,2.65597054,0.40226185,USDT
2025-07-06T19:45:00Z,SOL/USDT,sell,150.69461500,2.65597054,0.40024046,USDT
2025-07-06T20:15:00Z,SOL/USDT,buy,151.74583500,2.65097874,0.40227498,USDT
2025-07-06T21:30:00Z,SOL/USDT,sell,152.71360500,2.65097874,0.40484052,USDT
2025-07-07T04:30:00Z,SOL/USDT,buy,152.12602500,2.64475684,0.40233635,USDT
2025-07-07T06:00:00Z,SOL/USDT,stop_sell,151.34964446,2.64475684,0.40028301,USDT
2025-07-07T06:15:00Z,SOL/USDT,buy,151.60576500,2.65284857,0.40218714,USDT
2025-07-07T06:45:00Z,SOL/USDT,sell,151.16438000,2.65284857,0.40101621,USDT
2025-07-07T08:30:00Z,SOL/USDT,buy,152.86639500,2.63217747,0.40237148,USDT
2025-07-07T10:00:00Z,SOL/USDT,stop_sell,152.01395500,2.63217747,0.40012771,USDT
2025-07-07T10:15:00Z,SOL/USDT,buy,151.88590500,2.64217719,0.40130947,USDT
2025-07-07T12:45:00Z,SOL/USDT,sell,151.88402000,2.64217719,0.40130449,USDT
2025-07-07T14:00:00Z,SOL/USDT,buy,153.04648500,2.62277029,0.40140577,USDT
2025-07-07T14:15:00Z,SOL/USDT,sell,152.37377500,2.62277029,0.39964141,USDT
2025-07-07T15:15:00Z,SOL/USDT,buy,152.15604000,2.63450844,0.40085637,USDT
2025-07-07T15:45:00Z,SOL/USDT,stop_sell,151.29645679,2.63450844,0.39859179,USDT
2025-07-08T01:45:00Z,SOL/USDT,buy,149.23458000,2.68885457,0.40127008,USDT
2025-07-08T02:00:00Z,SOL/USDT,stop_sell,148.52748482,2.68885457,0.39936881,USDT
2025-07-08T02:15:00Z,SOL/USDT,buy,148.93443000,2.70371911,0.40267686,USDT
2025-07-08T02:45:00Z,SOL/USDT,sell,148.19586500,2.70371911,0.40067999,USDT
2025-07-08T03:15:00Z,SOL/USDT,buy,148.93443000,2.69802261,0.40182846,USDT
2025-07-08T04:15:00Z,SOL/USDT,sell,148.45573500,2.69802261,0.40053693,USDT
2025-07-08T06:00:00Z,SOL/USDT,buy,149.57475000,2.68334136,0.40136011,USDT
2025-07-08T06:45:00Z,SOL/USDT,sell,149.57517500,2.68334136,0.40136125,USDT
2025-07-08T07:30:00Z,SOL/USDT,buy,149.38465500,2.68651193,0.40132366,USDT
2025-07-08T15:30:00Z,SOL/USDT,sell,150.21485500,2.68651193,0.40355400,USDT
2025-07-09T01:15:00Z,SOL/USDT,buy,152.10601500,2.6325212,0.40042231,USDT
2025-07-09T01:30:00Z,SOL/USDT,stop_sell,151.30431000,2.6325212,0.39831180,USDT
2025-07-09T01:45:00Z,SOL/USDT,buy,151.28560500,2.64559839,0.40024095,USDT
2025-07-09T03:45:00Z,SOL/USDT,sell,151.09441500,2.64559839,0.39973514,USDT
2025-07-09T11:00:00Z,SOL/USDT,buy,153.45669000,2.61500734,0.40129037,USDT
2025-07-09T17:30:00Z,SOL/USDT,sell,153.83304500,2.61500734,0.40227454,USDT
2025-07-09T18:15:00Z,SOL/USDT,buy,154.85739000,2.58186466,0.39982082,USDT
2025-07-09T19:45:00Z,SOL/USDT,sell,156.33179500,2.58186466,0.40362754,USDT
2025-07-09T20:15:00Z,SOL/USDT,buy,156.57825000,2.55865357,0.40062950,USDT
2025-07-09T20:15:00Z,SOL/USDT,stop_sell,155.42260696,2.55865357,0.39767261,USDT
2025-07-09T20:30:00Z,SOL/USDT,buy,155.70781500,2.5698707,0.40014895,USDT
2025-07-09T21:00:00Z,SOL/USDT,sell,155.96198000,2.5698707,0.40080212,USDT
2025-07-10T00:00:00Z,SOL/USDT,buy,157.43868000,2.5481916,0.40118392,USDT
2025-07-10T00:45:00Z,SOL/USDT,sell,156.51170500,2.5481916,0.39882181,USDT
2025-07-10T01:15:00Z,SOL/USDT,buy,156.41817000,2.55765688,0.40006401,USDT
2025-07-10T01:30:00Z,SOL/USDT,sell,157.01145500,2.55765688,0.40158143,USDT
2025-07-10T02:30:00Z,SOL/USDT,buy,158.50921500,2.52125418,0.39964202,USDT
2025-07-10T03:15:00Z,SOL/USDT,stop_sell,157.72681143,2.52125418,0.39766938,USDT
2025-07-10T03:30:00Z,SOL/USDT,buy,157.66879500,2.53391494,0.39951932,USDT
2025-07-10T03:30:00Z,SOL/USDT,stop_sell,156.86545661,2.53391494,0.39748372,USDT
2025-07-10T05:45:00Z,SOL/USDT,buy,156.98845500,2.54522545,0.39957101,USDT
2025-07-10T06:30:00Z,SOL/USDT,sell,157.19136500,2.54522545,0.40008746,USDT
2025-07-10T10:30:00Z,SOL/USDT,buy,157.54873500,2.53667669,0.39965020,USDT
2025-07-10T12:00:00Z,SOL/USDT,sell,157.14139000,2.53667669,0.39861690,USDT
2025-07-10T20:45:00Z,SOL/USDT,buy,160.43017500,2.49268963,0.39990263,USDT
2025-07-10T21:30:00Z,SOL/USDT,sell,162.84853500,2.49268963,0.40593085,USDT
2025-07-11T11:45:00Z,SOL/USDT,buy,164.14203000,2.4325812,0.39928882,USDT
2025-07-11T11:45:00Z,SOL/USDT,stop_sell,163.64349446,2.4325812,0.39807609,USDT
2025-07-12T01:45:00Z,SOL/USDT,buy,163.49170500,2.44739027,0.40012801,USDT
2025-07-12T04:45:00Z,SOL/USDT,sell,162.56867500,2.44739027,0.39786899,USDT
2025-07-12T17:45:00Z,SOL/USDT,buy,160.27009500,2.492456,0.39946616,USDT
2025-07-12T20:45:00Z,SOL/USDT,stop_sell,159.27532250,2.492456,0.39698673,USDT
2025-07-12T21:00:00Z,SOL/USDT,buy,159.13953000,2.50583551,0.39877749,USDT
2025-07-12T22:45:00Z,SOL/USDT,sell,160.05993000,2.50583551,0.40108386,USDT
2025-07-12T23:00:00Z,SOL/USDT,buy,160.52022000,2.491728,0.39997273,USDT
2025-07-12T23:15:00Z,SOL/USDT,sell,160.09991000,2.491728,0.39892543,USDT
2025-07-13T04:45:00Z,SOL/USDT,buy,162.05098500,2.46632752,0.39967080,USDT
2025-07-13T05:15:00Z,SOL/USDT,sell,161.69911000,2.46632752,0.39880296,USDT
2025-07-13T06:00:00Z,SOL/USDT,buy,161.61076500,2.46855514,0.39894508,USDT
2025-07-13T06:15:00Z,SOL/USDT,sell,161.58916500,2.46855514,0.39889176,USDT
2025-07-13T20:30:00Z,SOL/USDT,buy,162.99145500,2.44723404,0.39887824,USDT
2025-07-13T20:45:00Z,SOL/USDT,sell,162.61865000,2.44723404,0.39796590,USDT
2025-07-14T01:45:00Z,SOL/USDT,buy,162.65128500,2.45256519,0.39891288,USDT
2025-07-14T06:30:00Z,SOL/USDT,sell,166.16687500,2.45256519,0.40753509,USDT
2025-07-14T06:45:00Z,SOL/USDT,buy,166.10301000,2.40608736,0.39965835,USDT
2025-07-14T07:15:00Z,SOL/USDT,sell,166.22684500,2.40608736,0.39995631,USDT
2025-07-14T10:30:00Z,SOL/USDT,buy,167.40366000,2.38728924,0.39964096,USDT
2025-07-14T12:30:00Z,SOL/USDT,sell,166.53669000,2.38728924,0.39757125,USDT
2025-07-15T07:15:00Z,SOL/USDT,buy,160.31011500,2.48672507,0.39864718,USDT
2025-07-15T07:45:00Z,SOL/USDT,sell,159.65013500,2.48672507,0.39700599,USDT
2025-07-15T08:15:00Z,SOL/USDT,buy,159.32962500,2.50078265,0.39844876,USDT
2025-07-15T08:15:00Z,SOL/USDT,stop_sell,158.94870018,2.50078265,0.39749615,USDT
2025-07-15T13:00:00Z,SOL/USDT,buy,159.98995500,2.4913143,0.39858526,USDT
2025-07-15T13:15:00Z,SOL/USDT,sell,160.86952500,2.4913143,0.40077655,USDT
2025-07-16T00:00:00Z,SOL/USDT,buy,164.19205500,2.43035524,0.39904502,USDT
2025-07-16T02:15:00Z,SOL/USDT,stop_sell,163.21585125,2.43035524,0.39667250,USDT
2025-07-16T03:00:00Z,SOL/USDT,buy,162.06099000,2.45862584,0.39844734,USDT
2025-07-16T04:00:00Z,SOL/USDT,sell,162.56867500,2.45862584,0.39969555,USDT
2025-07-16T07:45:00Z,SOL/USDT,buy,164.55223500,2.42282908,0.39868194,USDT
2025-07-16T08:00:00Z,SOL/USDT,stop_sell,163.83804000,2.42282908,0.39695157,USDT
2025-07-16T14:30:00Z,SOL/USDT,buy,167.36364000,2.38264314,0.39876783,USDT
2025-07-16T15:30:00Z,SOL/USDT,sell,166.78656500,2.38264314,0.39739286,USDT
2025-07-16T16:00:00Z,SOL/USDT,buy,168.73432500,2.36561762,0.39916089,USDT
2025-07-16T23:00:00Z,SOL/USDT,sell,173.71310000,2.36561762,0.41093877,USDT
2025-07-16T23:45:00Z,SOL/USDT,buy,173.87689500,2.29806813,0.39958095,USDT
2025-07-17T01:00:00Z,SOL/USDT,sell,172.89351000,2.29806813,0.39732107,USDT
2025-07-17T22:00:00Z,SOL/USDT,buy,176.00796000,2.26947909,0.39944638,USDT
2025-07-18T08:45:00Z,SOL/USDT,sell,178.62064500,2.26947909,0.40537582,USDT
2025-07-18T13:30:00Z,SOL/USDT,buy,180.25008000,2.21669397,0.39955927,USDT
2025-07-18T14:15:00Z,SOL/USDT,stop_sell,178.88729732,2.21669397,0.39653839,USDT
2025-07-18T19:30:00Z,SOL/USDT,buy,177.85888500,2.23911528,0.39824655,USDT
2025-07-18T19:30:00Z,SOL/USDT,stop_sell,176.82939821,2.23911528,0.39594141,USDT
2025-07-19T03:15:00Z,SOL/USDT,buy,177.51871500,2.24844986,0.39914193,USDT
2025-07-19T03:30:00Z,SOL/USDT,sell,177.38126500,2.24844986,0.39883288,USDT
2025-07-19T11:30:00Z,SOL/USDT,buy,177.40866000,2.24807722,0.39882837,USDT
2025-07-19T12:00:00Z,SOL/USDT,stop_sell,176.36177500,2.24807722,0.39647489,USDT
2025-07-20T00:45:00Z,SOL/USDT,buy,177.53872500,2.24893954,0.39927386,USDT
2025-07-20T01:00:00Z,SOL/USDT,sell,177.61115000,2.24893954,0.39943674,USDT
2025-07-20T01:15:00Z,SOL/USDT,buy,179.27959500,2.22218289,0.39839205,USDT
2025-07-20T01:45:00Z,SOL/USDT,stop_sell,178.27260482,2.22218289,0.39615433,USDT
2025-07-20T02:00:00Z,SOL/USDT,buy,178.00896000,2.23655094,0.39812611,USDT
2025-07-20T03:00:00Z,SOL/USDT,stop_sell,176.97361179,2.23655094,0.39581050,USDT
2025-07-20T14:30:00Z,SOL/USDT,buy,182.11101000,2.18843137,0.39853745,USDT
2025-07-20T15:00:00Z,SOL/USDT,stop_sell,180.59180179,2.18843137,0.39521276,USDT
2025-07-20T15:30:00Z,SOL/USDT,buy,181.39065000,2.19567755,0.39827538,USDT
2025-07-20T17:15:00Z,SOL/USDT,sell,180.65962500,2.19567755,0.39667028,USDT
2025-07-20T19:00:00Z,SOL/USDT,buy,182.55123000,2.17706006,0.39742499,USDT
2025-07-20T20:00:00Z,SOL/USDT,stop_sell,181.14081286,2.17706006,0.39435443,USDT
2025-07-20T20:45:00Z,SOL/USDT,buy,181.87089000,2.18290248,0.39700642,USDT
2025-07-20T21:00:00Z,SOL/USDT,sell,181.20935000,2.18290248,0.39556234,USDT
2025-07-20T22:00:00Z,SOL/USDT,buy,181.57074000,2.18000078,0.39582435,USDT
2025-07-20T22:00:00Z,SOL/USDT,stop_sell,180.72030893,2.18000078,0.39397041,USDT
2025-07-20T23:00:00Z,SOL/USDT,buy,180.30010500,2.19487572,0.39573632,USDT
2025-07-20T23:15:00Z,SOL/USDT,sell,179.92999000,2.19487572,0.39492397,USDT
2025-07-21T03:00:00Z,SOL/USDT,buy,184.41216000,2.15774586,0.39791457,USDT
2025-07-21T13:15:00Z,SOL/USDT,sell,190.86452000,2.15774586,0.41183713,USDT
2025-07-21T13:30:00Z,SOL/USDT,buy,191.47569000,2.0795921,0.39819133,USDT
2025-07-21T19:30:00Z,SOL/USDT,sell,193.60315000,2.0795921,0.40261558,USDT
2025-07-21T20:30:00Z,SOL/USDT,buy,195.97794000,2.0323101,0.39828795,USDT
2025-07-21T20:45:00Z,SOL/USDT,sell,195.85202500,2.0323101,0.39803205,USDT
2025-07-21T21:45:00Z,SOL/USDT,buy,196.04797500,2.03167249,0.39830528,USDT
2025-07-22T01:15:00Z,SOL/USDT,sell,194.76257000,2.03167249,0.39569376,USDT
2025-07-22T01:30:00Z,SOL/USDT,buy,199.44967500,1.99382033,0.39766682,USDT
2025-07-22T04:45:00Z,SOL/USDT,stop_sell,196.89328982,1.99382033,0.39256984,USDT
2025-07-22T05:30:00Z,SOL/USDT,buy,197.90890500,2.00109434,0.39603439,USDT
2025-07-22T05:45:00Z,SOL/USDT,sell,196.60165000,2.00109434,0.39341845,USDT
2025-07-22T13:30:00Z,SOL/USDT,buy,201.52071000,1.96827086,0.39664734,USDT
2025-07-22T13:30:00Z,SOL/USDT,stop_sell,199.78541446,1.96827086,0.39323181,USDT
2025-07-22T13:45:00Z,SOL/USDT,buy,201.51070500,1.96008624,0.39497836,USDT
2025-07-22T13:45:00Z,SOL/USDT,stop_sell,200.20020696,1.96008624,0.39240967,USDT
2025-07-22T14:00:00Z,SOL/USDT,buy,198.50920500,1.98865282,0.39476589,USDT
2025-07-22T17:45:00Z,SOL/USDT,sell,202.02893500,1.98865282,0.40176541,USDT
2025-07-23T00:00:00Z,SOL/USDT,buy,205.93291500,1.92672331,0.39677575,USDT
2025-07-23T00:00:00Z,SOL/USDT,stop_sell,204.27245554,1.92672331,0.39357650,USDT
2025-07-23T00:30:00Z,SOL/USDT,buy,203.68179000,1.94663929,0.39649498,USDT
2025-07-23T02:45:00Z,SOL/USDT,stop_sell,201.71123679,1.94663929,0.39265902,USDT
2025-07-24T10:45:00Z,SOL/USDT,buy,184.29210000,2.15119162,0.39644762,USDT
2025-07-24T14:00:00Z,SOL/USDT,sell,184.28781000,2.15119162,0.39643839,USDT
2025-07-24T21:00:00Z,SOL/USDT,buy,188.89440000,2.0951765,0.39576711,USDT
2025-07-24T21:00:00Z,SOL/USDT,stop_sell,187.69753286,2.0951765,0.39325946,USDT
2025-07-24T21:30:00Z,SOL/USDT,buy,186.92341500,2.11233935,0.39484568,USDT
2025-07-24T21:45:00Z,SOL/USDT,stop_sell,185.95590411,2.11233935,0.39280197,USDT
2025-07-25T18:00:00Z,SOL/USDT,buy,180.89040000,2.18570626,0.39537328,USDT
2025-07-26T02:00:00Z,SOL/USDT,sell,184.88751000,2.18570626,0.40410979,USDT
2025-07-26T02:15:00Z,SOL/USDT,buy,185.24257500,2.14034898,0.39648376,USDT
2025-07-26T03:30:00Z,SOL/USDT,sell,185.87701500,2.14034898,0.39784168,USDT
2025-07-26T06:45:00Z,SOL/USDT,buy,186.28309500,2.12714139,0.39625048,USDT
2025-07-26T07:30:00Z,SOL/USDT,sell,186.12689000,2.12714139,0.39591821,USDT
2025-07-26T08:00:00Z,SOL/USDT,buy,186.31311000,2.12631565,0.39616048,USDT
2025-07-26T13:30:00Z,SOL/USDT,sell,187.34628000,2.12631565,0.39835733,USDT
2025-07-26T22:00:00Z,SOL/USDT,buy,186.33312000,2.12668968,0.39627272,USDT
2025-07-26T22:15:00Z,SOL/USDT,sell,186.03693500,2.12668968,0.39564283,USDT
2025-07-27T02:15:00Z,SOL/USDT,buy,186.41316000,2.12459592,0.39605264,USDT
2025-07-27T02:45:00Z,SOL/USDT,sell,186.35677500,2.12459592,0.39593284,USDT
2025-07-27T09:15:00Z,SOL/USDT,buy,187.32361500,2.11444747,0.39608594,USDT
2025-07-27T09:30:00Z,SOL/USDT,sell,187.13638500,2.11444747,0.39569006,USDT
2025-07-27T09:45:00Z,SOL/USDT,buy,186.41316000,2.11394,0.39406624,USDT
2025-07-27T09:45:00Z,SOL/USDT,stop_sell,186.22684000,2.11394,0.39367237,USDT
2025-07-27T11:00:00Z,SOL/USDT,buy,188.29410000,2.10254228,0.39589631,USDT
2025-07-27T11:45:00Z,SOL/USDT,stop_sell,187.10640000,2.10254228,0.39339912,USDT
2025-07-27T12:00:00Z,SOL/USDT,buy,187.13352000,2.11530726,0.39584489,USDT
2025-07-27T12:15:00Z,SOL/USDT,sell,186.28681000,2.11530726,0.39405384,USDT
2025-07-27T18:45:00Z,SOL/USDT,buy,187.84387500,2.10205862,0.39485884,USDT
2025-07-27T20:45:00Z,SOL/USDT,sell,186.82654000,2.10205862,0.39272034,USDT
2025-07-27T22:45:00Z,SOL/USDT,buy,189.86488500,2.08144057,0.39519247,USDT
2025-07-27T23:00:00Z,SOL/USDT,stop_sell,188.65990857,2.08144057,0.39268439,USDT
2025-07-28T01:15:00Z,SOL/USDT,buy,190.00495500,2.08455481,0.39607574,USDT
2025-07-28T08:30:00Z,SOL/USDT,sell,191.88401000,2.08455481,0.39999274,USDT
2025-07-28T10:00:00Z,SOL/USDT,buy,193.29660000,2.04462664,0.39521938,USDT
2025-07-28T10:15:00Z,SOL/USDT,sell,193.01344500,2.04462664,0.39464043,USDT
2025-07-28T13:00:00Z,SOL/USDT,buy,192.42616500,2.04480073,0.39347316,USDT
2025-07-28T13:00:00Z,SOL/USDT,stop_sell,191.99716768,2.04480073,0.39259595,USDT
2025-07-29T01:15:00Z,SOL/USDT,buy,183.52171500,2.151632,0.39487119,USDT
2025-07-29T01:30:00Z,SOL/USDT,sell,183.95797500,2.151632,0.39580987,USDT
2025-07-29T06:00:00Z,SOL/USDT,buy,185.02246500,2.13621,0.39524684,USDT
2025-07-29T09:00:00Z,SOL/USDT,sell,184.83753500,2.13621,0.39485179,USDT
2025-07-29T09:15:00Z,SOL/USDT,buy,184.71231000,2.13766349,0.39485276,USDT
2025-07-29T10:00:00Z,SOL/USDT,stop_sell,183.91621018,2.13766349,0.39315097,USDT
2025-07-29T19:45:00Z,SOL/USDT,buy,181.78084500,2.18208912,0.39666200,USDT
2025-07-29T20:45:00Z,SOL/USDT,sell,180.16987000,2.18208912,0.39314671,USDT
2025-07-29T21:15:00Z,SOL/USDT,buy,179.97994500,2.1878086,0.39376167,USDT
2025-07-29T22:15:00Z,SOL/USDT,sell,180.86952000,2.1878086,0.39570789,USDT
2025-07-29T22:30:00Z,SOL/USDT,buy,181.24057500,2.17528077,0.39424914,USDT
2025-07-29T22:45:00Z,SOL/USDT,sell,181.48921000,2.17528077,0.39478999,USDT
2025-07-29T23:00:00Z,SOL/USDT,buy,181.70080500,2.17085872,0.39444678,USDT
2025-07-29T23:15:00Z,SOL/USDT,sell,181.52919000,2.17085872,0.39407423,USDT
2025-07-30T02:30:00Z,SOL/USDT,buy,181.54072500,2.16903319,0.39376786,USDT
2025-07-30T02:45:00Z,SOL/USDT,sell,182.16887000,2.16903319,0.39513033,USDT
2025-07-30T03:00:00Z,SOL/USDT,buy,181.76083500,2.16190843,0.39295028,USDT
2025-07-30T04:30:00Z,SOL/USDT,stop_sell,181.10511643,2.16190843,0.39153268,USDT
2025-07-30T15:45:00Z,SOL/USDT,buy,179.35963500,2.19611662,0.39389468,USDT
2025-07-30T18:30:00Z,SOL/USDT,stop_sell,178.09555054,2.19611662,0.39111860,USDT
2025-07-31T00:30:00Z,SOL/USDT,buy,178.52922000,2.20683038,0.39398371,USDT
2025-07-31T11:15:00Z,SOL/USDT,sell,180.86952000,2.20683038,0.39914835,USDT
2025-07-31T19:00:00Z,SOL/USDT,buy,177.91891500,2.21574646,0.39422321,USDT
2025-07-31T19:00:00Z,SOL/USDT,stop_sell,176.39818536,2.21574646,0.39085365,USDT
2025-08-01T18:45:00Z,SOL/USDT,buy,166.92342000,2.35448731,0.39301907,USDT
2025-08-01T19:00:00Z,SOL/USDT,sell,165.89701000,2.35448731,0.39060240,USDT
2025-08-02T01:45:00Z,SOL/USDT,buy,164.60226000,2.39798744,0.39471415,USDT
2025-08-02T02:45:00Z,SOL/USDT,sell,164.43774000,2.39798744,0.39431964,USDT
2025-08-02T03:00:00Z,SOL/USDT,buy,164.63227500,2.39201603,0.39380304,USDT
2025-08-02T06:15:00Z,SOL/USDT,sell,164.10790500,2.39201603,0.39254874,USDT
2025-08-02T11:30:00Z,SOL/USDT,buy,164.63227500,2.39553929,0.39438308,USDT
2025-08-02T12:45:00Z,SOL/USDT,sell,164.35778000,2.39553929,0.39372552,USDT
2025-08-02T13:30:00Z,SOL/USDT,buy,164.19205500,2.39221112,0.39278206,USDT
2025-08-02T14:15:00Z,SOL/USDT,stop_sell,163.37220161,2.39221112,0.39082080,USDT
2025-08-02T22:45:00Z,SOL/USDT,buy,159.13953000,2.47009948,0.39309047,USDT
2025-08-02T23:15:00Z,SOL/USDT,stop_sell,157.77393071,2.47009948,0.38971730,USDT
2025-08-02T23:30:00Z,SOL/USDT,buy,157.46869500,2.49515061,0.39290811,USDT
2025-08-03T00:30:00Z,SOL/USDT,sell,157.29131500,2.49515061,0.39246552,USDT
2025-08-03T00:45:00Z,SOL/USDT,buy,159.10951500,2.46832247,0.39273359,USDT
2025-08-03T05:30:00Z,SOL/USDT,sell,160.79956000,2.46832247,0.39690517,USDT
2025-08-03T15:30:00Z,SOL/USDT,buy,161.64078000,2.42607476,0.39215262,USDT
2025-08-03T16:00:00Z,SOL/USDT,sell,161.61915000,2.42607476,0.39210014,USDT
2025-08-03T17:00:00Z,SOL/USDT,buy,162.32112000,2.4186381,0.39259605,USDT
2025-08-03T17:45:00Z,SOL/USDT,sell,161.82904500,2.4186381,0.39140589,USDT
2025-08-03T23:30:00Z,SOL/USDT,buy,162.51121500,2.41320537,0.39217294,USDT
2025-08-03T23:45:00Z,SOL/USDT,stop_sell,161.76693321,2.41320537,0.39037683,USDT
2025-08-04T00:00:00Z,SOL/USDT,buy,161.72082000,2.41833106,0.39109448,USDT
2025-08-04T00:15:00Z,SOL/USDT,sell,161.49921000,2.41833106,0.39055856,USDT
2025-08-04T00:30:00Z,SOL/USDT,buy,163.10151000,2.40640581,0.39248842,USDT
2025-08-04T04:45:00Z,SOL/USDT,sell,162.24883500,2.40640581,0.39043654,USDT
2025-08-04T05:00:00Z,SOL/USDT,buy,162.48120000,2.40989428,0.39156251,USDT
2025-08-04T05:15:00Z,SOL/USDT,sell,162.07892000,2.40989428,0.39059306,USDT
2025-08-04T09:45:00Z,SOL/USDT,buy,163.14153000,2.39314018,0.39042055,USDT
2025-08-04T09:45:00Z,SOL/USDT,stop_sell,162.97847000,2.39314018,0.39003033,USDT
2025-08-04T10:15:00Z,SOL/USDT,buy,162.76134000,2.41290781,0.39272811,USDT
2025-08-04T12:00:00Z,SOL/USDT,sell,162.56867500,2.41290781,0.39226323,USDT
2025-08-04T12:15:00Z,SOL/USDT,buy,162.92142000,2.40651017,0.39207205,USDT
2025-08-04T13:00:00Z,SOL/USDT,sell,163.55818000,2.40651017,0.39360442,USDT
2025-08-04T13:15:00Z,SOL/USDT,buy,163.62177000,2.39480903,0.39184289,USDT
2025-08-04T13:30:00Z,SOL/USDT,sell,163.84803500,2.39480903,0.39238475,USDT
2025-08-04T13:45:00Z,SOL/USDT,buy,164.98245000,2.38332327,0.39320651,USDT
2025-08-04T19:00:00Z,SOL/USDT,sell,166.41675000,2.38332327,0.39662491,USDT
2025-08-04T19:30:00Z,SOL/USDT,buy,165.90291000,2.36231968,0.39191571,USDT
2025-08-04T19:45:00Z,SOL/USDT,sell,165.16737500,2.36231968,0.39017814,USDT
2025-08-04T20:30:00Z,SOL/USDT,buy,166.56324000,2.35499936,0.39225632,USDT
2025-08-04T22:00:00Z,SOL/USDT,sell,168.66562500,2.35499936,0.39720744,USDT
2025-08-04T22:30:00Z,SOL/USDT,buy,169.07449500,2.31756238,0.39184069,USDT
2025-08-05T02:15:00Z,SOL/USDT,stop_sell,167.99596000,2.31756238,0.38934112,USDT
2025-08-05T02:45:00Z,SOL/USDT,buy,169.24458000,2.32356664,0.39325106,USDT
2025-08-05T03:15:00Z,SOL/USDT,sell,168.12589500,2.32356664,0.39065172,USDT
2025-08-05T06:30:00Z,SOL/USDT,buy,168.86439000,2.31523159,0.39096017,USDT
2025-08-05T06:45:00Z,SOL/USDT,stop_sell,168.04593500,2.31523159,0.38906526,USDT
2025-08-05T10:30:00Z,SOL/USDT,buy,170.73532500,2.29240718,0.39139488,USDT
2025-08-05T12:15:00Z,SOL/USDT,stop_sell,169.62264625,2.29240718,0.38884417,USDT
2025-08-05T12:30:00Z,SOL/USDT,buy,168.62427000,2.31650017,0.39061815,USDT
2025-08-05T12:30:00Z,SOL/USDT,stop_sell,167.63721089,2.31650017,0.38833163,USDT
2025-08-05T12:45:00Z,SOL/USDT,buy,167.39365500,2.32732009,0.38957862,USDT
2025-08-05T14:00:00Z,SOL/USDT,stop_sell,166.58273839,2.32732009,0.38769135,USDT
2025-08-06T02:45:00Z,SOL/USDT,buy,162.97144500,2.39363328,0.39009387,USDT
2025-08-06T03:00:00Z,SOL/USDT,sell,162.13889000,2.39363328,0.38810104,USDT
2025-08-06T13:30:00Z,SOL/USDT,buy,164.66229000,2.37509525,0.39108862,USDT
2025-08-06T13:30:00Z,SOL/USDT,stop_sell,163.57067375,2.37509525,0.38849593,USDT
2025-08-06T13:45:00Z,SOL/USDT,buy,164.27209500,2.37562203,0.39024841,USDT
2025-08-06T20:45:00Z,SOL/USDT,sell,167.96597500,2.37562203,0.39902367,USDT
2025-08-06T21:15:00Z,SOL/USDT,buy,168.52422000,2.32139737,0.39121168,USDT
2025-08-06T21:30:00Z,SOL/USDT,stop_sell,167.42588804,2.32139737,0.38866202,USDT
2025-08-06T22:00:00Z,SOL/USDT,buy,168.23407500,2.32451105,0.39106197,USDT
2025-08-06T22:30:00Z,SOL/USDT,sell,168.30580500,2.32451105,0.39122870,USDT
2025-08-07T01:30:00Z,SOL/USDT,buy,168.87439500,2.31814432,0.39147522,USDT
2025-08-07T01:45:00Z,SOL/USDT,stop_sell,167.81605000,2.31814432,0.38902182,USDT
2025-08-07T02:00:00Z,SOL/USDT,buy,167.86389000,2.31688305,0.38892100,USDT
2025-08-07T02:00:00Z,SOL/USDT,stop_sell,167.69611000,2.31688305,0.38853227,USDT
2025-08-07T02:30:00Z,SOL/USDT,buy,167.81386500,2.32502913,0.39017212,USDT
2025-08-07T02:30:00Z,SOL/USDT,stop_sell,167.02930071,2.32502913,0.38834799,USDT
2025-08-07T06:00:00Z,SOL/USDT,buy,168.76434000,2.31193382,0.39017199,USDT
2025-08-07T12:30:00Z,SOL/USDT,sell,172.04393500,2.31193382,0.39775419,USDT
2025-08-08T00:45:00Z,SOL/USDT,buy,175.22757000,2.22768372,0.39035160,USDT
2025-08-08T01:00:00Z,SOL/USDT,stop_sell,174.06292500,2.22768372,0.38775714,USDT
2025-08-08T01:15:00Z,SOL/USDT,buy,174.67729500,2.23404926,0.39023768,USDT
2025-08-08T04:15:00Z,SOL/USDT,sell,174.28281500,2.23404926,0.38935639,USDT
2025-08-08T13:15:00Z,SOL/USDT,buy,176.09800500,2.21527066,0.39010474,USDT
2025-08-08T14:45:00Z,SOL/USDT,sell,176.26182500,2.21527066,0.39046765,USDT
2025-08-08T18:00:00Z,SOL/USDT,buy,179.24958000,2.17613516,0.39007131,USDT
2025-08-08T18:30:00Z,SOL/USDT,stop_sell,177.66112500,2.17613516,0.38661462,USDT
2025-08-08T19:15:00Z,SOL/USDT,buy,178.13902500,2.19112221,0.39032437,USDT
2025-08-08T22:30:00Z,SOL/USDT,sell,177.68111500,2.19112221,0.38932104,USDT
2025-08-09T08:45:00Z,SOL/USDT,buy,181.30060500,2.14720191,0.38928901,USDT
2025-08-09T12:00:00Z,SOL/USDT,stop_sell,180.26874911,2.14720191,0.38707340,USDT
2025-08-09T20:00:00Z,SOL/USDT,buy,182.16103500,2.13739611,0.38935029,USDT
2025-08-09T21:30:00Z,SOL/USDT,stop_sell,181.02801214,2.13739611,0.38692857,USDT
2025-08-09T21:45:00Z,SOL/USDT,buy,181.35063000,2.15111383,0.39010585,USDT
2025-08-09T22:45:00Z,SOL/USDT,sell,180.94948000,2.15111383,0.38924293,USDT
2025-08-10T02:00:00Z,SOL/USDT,buy,184.63227000,2.11046354,0.38965967,USDT
2025-08-10T02:45:00Z,SOL/USDT,stop_sell,182.96025982,2.11046354,0.38613096,USDT
2025-08-10T03:00:00Z,SOL/USDT,buy,183.18154500,2.12288423,0.38887321,USDT
2025-08-10T05:30:00Z,SOL/USDT,sell,182.25882500,2.12288423,0.38691439,USDT
2025-08-10T15:45:00Z,SOL/USDT,buy,181.91091000,2.13428643,0.38824999,USDT
2025-08-10T23:15:00Z,SOL/USDT,sell,182.62864000,2.13428643,0.38978183,USDT
2025-08-12T03:00:00Z,SOL/USDT,buy,176.10801000,2.20242591,0.38786484,USDT
2025-08-12T04:00:00Z,SOL/USDT,stop_sell,175.48221500,2.20242591,0.38648658,USDT
2025-08-12T10:30:00Z,SOL/USDT,buy,175.08750000,2.21957938,0.38862060,USDT
2025-08-12T10:45:00Z,SOL/USDT,sell,174.91250000,2.21957938,0.38823218,USDT
2025-08-12T11:00:00Z,SOL/USDT,buy,174.83737500,2.21993496,0.38812760,USDT
2025-08-12T11:00:00Z,SOL/USDT,stop_sell,173.84660464,2.21993496,0.38592816,USDT
2025-08-12T11:45:00Z,SOL/USDT,buy,175.25758500,2.2199711,0.38906677,USDT
2025-08-12T12:00:00Z,SOL/USDT,sell,174.98246500,2.2199711,0.38845602,USDT
2025-08-12T19:45:00Z,SOL/USDT,buy,190.04497500,2.04673331,0.38897138,USDT
2025-08-13T07:45:00Z,SOL/USDT,sell,197.34128000,2.04673331,0.40390497,USDT
2025-08-13T08:00:00Z,SOL/USDT,buy,198.83937000,1.95623702,0.38897694,USDT
2025-08-13T08:15:00Z,SOL/USDT,sell,197.75107500,1.95623702,0.38684797,USDT
2025-08-13T09:15:00Z,SOL/USDT,buy,199.91991000,1.94139184,0.38812288,USDT
2025-08-13T14:15:00Z,SOL/USDT,sell,200.04992500,1.94139184,0.38837529,USDT
2025-08-13T20:30:00Z,SOL/USDT,buy,200.19004500,1.94176448,0.38872192,USDT
2025-08-13T21:15:00Z,SOL/USDT,sell,200.87951000,1.94176448,0.39006070,USDT
2025-08-13T22:00:00Z,SOL/USDT,buy,201.32061000,1.93213842,0.38897929,USDT
2025-08-13T22:15:00Z,SOL/USDT,sell,200.82953500,1.93213842,0.38803046,USDT
2025-08-14T02:00:00Z,SOL/USDT,buy,202.89139500,1.91611153,0.38876254,USDT
2025-08-14T07:45:00Z,SOL/USDT,sell,205.85702000,1.91611153,0.39444501,USDT
2025-08-14T21:00:00Z,SOL/USDT,buy,192.01596000,2.02019594,0.38790986,USDT
2025-08-14T21:15:00Z,SOL/USDT,stop_sell,190.73172929,2.02019594,0.38531547,USDT
2025-08-15T04:45:00Z,SOL/USDT,buy,195.22756500,1.99015264,0.38853265,USDT
2025-08-15T09:30:00Z,SOL/USDT,sell,195.30230000,1.99015264,0.38868139,USDT
2025-08-15T09:45:00Z,SOL/USDT,buy,195.25758000,1.99367352,0.38927987,USDT
2025-08-15T10:00:00Z,SOL/USDT,sell,194.20285000,1.99367352,0.38717708,USDT
2025-08-15T22:00:00Z,SOL/USDT,buy,185.74282500,2.09359333,0.38886994,USDT
2025-08-15T22:15:00Z,SOL/USDT,sell,185.20735000,2.09359333,0.38774887,USDT
2025-08-15T22:45:00Z,SOL/USDT,buy,186.40315500,2.08501702,0.38865375,USDT
2025-08-15T23:15:00Z,SOL/USDT,stop_sell,184.99745500,2.08501702,0.38572284,USDT
2025-08-16T04:00:00Z,SOL/USDT,buy,187.35363000,2.07030026,0.38787827,USDT
2025-08-16T05:30:00Z,SOL/USDT,sell,186.82654000,2.07030026,0.38678703,USDT
2025-08-16T07:15:00Z,SOL/USDT,buy,188.14402500,2.06443377,0.38841088,USDT
2025-08-16T09:45:00Z,SOL/USDT,stop_sell,187.08748089,2.06443377,0.38622971,USDT
2025-08-16T11:15:00Z,SOL/USDT,buy,187.25358000,2.07422052,0.38840522,USDT
2025-08-16T11:30:00Z,SOL/USDT,sell,186.92649000,2.07422052,0.38772676,USDT
2025-08-16T15:00:00Z,SOL/USDT,buy,189.13452000,2.05130311,0.38797223,USDT
2025-08-16T17:00:00Z,SOL/USDT,stop_sell,187.52047857,2.05130311,0.38466134,USDT
2025-08-17T02:30:00Z,SOL/USDT,buy,189.66478500,2.04264903,0.38741859,USDT
2025-08-17T07:45:00Z,SOL/USDT,sell,191.90400000,2.04264903,0.39199252,USDT
2025-08-17T08:00:00Z,SOL/USDT,buy,191.96593500,2.01846782,0.38747706,USDT
2025-08-17T09:15:00Z,SOL/USDT,sell,192.54368000,2.01846782,0.38864322,USDT
2025-08-17T23:45:00Z,SOL/USDT,buy,191.92591500,2.01684349,0.38708453,USDT
2025-08-17T23:45:00Z,SOL/USDT,stop_sell,191.21256018,2.01684349,0.38564581,USDT
2025-08-18T12:00:00Z,SOL/USDT,buy,181.26058500,2.13569652,0.38711760,USDT
2025-08-18T14:30:00Z,SOL/USDT,sell,181.53918500,2.13569652,0.38771261,USDT
2025-08-18T17:15:00Z,SOL/USDT,buy,183.21156000,2.11542799,0.38757086,USDT
2025-08-18T19:15:00Z,SOL/USDT,sell,183.06842000,2.11542799,0.38726806,USDT
2025-08-18T19:30:00Z,SOL/USDT,buy,183.55173000,2.10563685,0.38649329,USDT
2025-08-18T20:00:00Z,SOL/USDT,sell,182.79855500,2.10563685,0.38490737,USDT
2025-08-18T22:00:00Z,SOL/USDT,buy,184.11201000,2.10049696,0.38672672,USDT
2025-08-18T22:15:00Z,SOL/USDT,sell,184.61764500,2.10049696,0.38778880,USDT
2025-08-19T01:00:00Z,SOL/USDT,buy,185.06248500,2.09164971,0.38708589,USDT
2025-08-19T01:30:00Z,SOL/USDT,stop_sell,183.61029179,2.09164971,0.38404841,USDT
2025-08-19T08:30:00Z,SOL/USDT,buy,180.14002500,2.14699718,0.38676013,USDT
2025-08-19T14:30:00Z,SOL/USDT,sell,179.51020000,2.14699718,0.38540789,USDT
2025-08-19T21:00:00Z,SOL/USDT,buy,178.56924000,2.16480973,0.38656843,USDT
2025-08-19T22:15:00Z,SOL/USDT,sell,178.31080000,2.16480973,0.38600895,USDT
2025-08-19T22:30:00Z,SOL/USDT,buy,179.19955500,2.16154846,0.38734852,USDT
2025-08-19T23:30:00Z,SOL/USDT,stop_sell,177.31308482,2.16154846,0.38327083,USDT
2025-08-20T00:00:00Z,SOL/USDT,buy,177.06849000,2.19200489,0.38813500,USDT
2025-08-20T00:15:00Z,SOL/USDT,sell,176.67162000,2.19200489,0.38726505,USDT
2025-08-20T00:45:00Z,SOL/USDT,buy,178.22907000,2.16554863,0.38596372,USDT
2025-08-20T01:45:00Z,SOL/USDT,sell,178.34078500,2.16554863,0.38620564,USDT
2025-08-20T02:00:00Z,SOL/USDT,buy,179.59975500,2.1523822,0.38656732,USDT
2025-08-20T07:00:00Z,SOL/USDT,sell,181.13938500,2.1523822,0.38988119,USDT
2025-08-20T07:15:00Z,SOL/USDT,buy,181.63077000,2.12610956,0.38616692,USDT
2025-08-20T07:30:00Z,SOL/USDT,sell,180.95947500,2.12610956,0.38473967,USDT
2025-08-20T08:00:00Z,SOL/USDT,buy,180.69030000,2.13537534,0.38584161,USDT
2025-08-20T08:15:00Z,SOL/USDT,sell,180.94948000,2.13537534,0.38639506,USDT
2025-08-20T20:45:00Z,SOL/USDT,buy,187.00345500,2.06431581,0.38603419,USDT
2025-08-21T02:30:00Z,SOL/USDT,sell,186.29680500,2.06431581,0.38457544,USDT
2025-08-21T03:15:00Z,SOL/USDT,buy,188.89440000,2.03924315,0.38520161,USDT
2025-08-21T04:15:00Z,SOL/USDT,stop_sell,187.27488714,2.03924315,0.38189903,USDT
2025-08-21T04:45:00Z,SOL/USDT,buy,188.64427500,2.04900871,0.38653376,USDT
2025-08-21T05:15:00Z,SOL/USDT,sell,187.22634000,2.04900871,0.38362840,USDT
2025-08-21T06:00:00Z,SOL/USDT,buy,187.53372000,2.04842532,0.38414882,USDT
2025-08-21T06:15:00Z,SOL/USDT,sell,186.63663500,2.04842532,0.38231121,USDT
2025-08-21T07:30:00Z,SOL/USDT,buy,187.22356500,2.06025362,0.38572803,USDT
2025-08-21T08:00:00Z,SOL/USDT,sell,186.57666500,2.06025362,0.38439525,USDT
2025-08-21T15:00:00Z,SOL/USDT,buy,184.90240500,2.0767012,0.38398705,USDT
2025-08-21T15:00:00Z,SOL/USDT,stop_sell,183.50463036,2.0767012,0.38108429,USDT
2025-08-21T23:00:00Z,SOL/USDT,buy,181.76083500,2.11520946,0.38446224,USDT
2025-08-21T23:00:00Z,SOL/USDT,stop_sell,180.72566339,2.11520946,0.38227263,USDT
2025-08-22T01:30:00Z,SOL/USDT,buy,181.64077500,2.11728744,0.38458573,USDT
2025-08-22T03:45:00Z,SOL/USDT,sell,181.39925500,2.11728744,0.38407436,USDT
2025-08-22T04:00:00Z,SOL/USDT,buy,181.76083500,2.10985983,0.38348988,USDT
2025-08-22T07:00:00Z,SOL/USDT,sell,183.17836500,2.10985983,0.38648067,USDT
2025-08-22T07:15:00Z,SOL/USDT,buy,184.07199000,2.08664091,0.38409214,USDT
2025-08-22T09:15:00Z,SOL/USDT,stop_sell,183.10768607,2.08664091,0.38207999,USDT
2025-08-22T14:15:00Z,SOL/USDT,buy,190.79535000,2.01483542,0.38442123,USDT
2025-08-23T01:00:00Z,SOL/USDT,sell,198.32079000,2.01483542,0.39958375,USDT
2025-08-23T04:30:00Z,SOL/USDT,buy,199.97994000,1.92740088,0.38544151,USDT
2025-08-23T09:30:00Z,SOL/USDT,sell,203.94797500,1.92740088,0.39308951,USDT
2025-08-24T00:45:00Z,SOL/USDT,buy,206.69329500,1.86679463,0.38585393,USDT
2025-08-24T00:45:00Z,SOL/USDT,stop_sell,205.63391732,1.86679463,0.38387629,USDT
2025-08-24T01:00:00Z,SOL/USDT,buy,206.12301000,1.86898803,0.38524144,USDT
2025-08-24T01:00:00Z,SOL/USDT,stop_sell,205.21305643,1.86898803,0.38354075,USDT
2025-08-24T01:15:00Z,SOL/USDT,buy,206.51320500,1.86594847,0.38534300,USDT
2025-08-24T07:00:00Z,SOL/USDT,sell,207.78605500,1.86594847,0.38771807,USDT
2025-08-24T15:45:00Z,SOL/USDT,buy,206.96343000,1.86124943,0.38521057,USDT
2025-08-24T19:30:00Z,SOL/USDT,stop_sell,205.39439429,1.86124943,0.38229020,USDT
2025-08-25T01:00:00Z,SOL/USDT,buy,204.02196000,1.88800615,0.38519472,USDT
2025-08-25T05:00:00Z,SOL/USDT,sell,207.79605000,1.88800615,0.39232022,USDT
2025-08-25T05:30:00Z,SOL/USDT,buy,205.61275500,1.87459302,0.38544024,USDT
2025-08-25T06:00:00Z,SOL/USDT,sell,203.63813000,1.87459302,0.38173862,USDT
2025-08-26T02:15:00Z,SOL/USDT,buy,188.26408500,2.03752076,0.38359198,USDT
2025-08-26T02:45:00Z,SOL/USDT,stop_sell,187.16529911,2.03752076,0.38135318,USDT
2025-08-26T03:00:00Z,SOL/USDT,buy,187.76383500,2.05538661,0.38592727,USDT
2025-08-26T03:15:00Z,SOL/USDT,sell,186.57666500,2.05538661,0.38348718,USDT
2025-08-26T03:45:00Z,SOL/USDT,buy,187.94392500,2.0494192,0.38517589,USDT
2025-08-26T06:45:00Z,SOL/USDT,sell,187.69610500,2.0494192,0.38466800,USDT
2025-08-26T08:30:00Z,SOL/USDT,buy,188.77434000,2.03639733,0.38441956,USDT
2025-08-26T09:45:00Z,SOL/USDT,sell,187.82604000,2.03639733,0.38248845,USDT
2025-08-26T11:15:00Z,SOL/USDT,buy,188.39415000,2.03460788,0.38330822,USDT
2025-08-26T11:15:00Z,SOL/USDT,stop_sell,187.83853375,2.03460788,0.38217776,USDT
2025-08-26T18:00:00Z,SOL/USDT,buy,193.93692000,1.98637999,0.38523242,USDT
2025-08-26T22:45:00Z,SOL/USDT,sell,195.91199500,1.98637999,0.38915567,USDT
2025-08-26T23:00:00Z,SOL/USDT,buy,196.90840500,1.95334415,0.38462988,USDT
2025-08-26T23:15:00Z,SOL/USDT,sell,197.49120500,1.95334415,0.38576829,USDT
2025-08-27T02:15:00Z,SOL/USDT,buy,196.82836500,1.95597834,0.38499202,USDT
2025-08-27T09:00:00Z,SOL/USDT,sell,203.71809000,1.95597834,0.39846817,USDT
2025-08-27T11:30:00Z,SOL/USDT,buy,204.88239000,1.88481576,0.38616556,USDT
2025-08-27T19:30:00Z,SOL/USDT,sell,207.41624000,1.88481576,0.39094140,USDT
2025-08-28T02:45:00Z,SOL/USDT,buy,206.66328000,1.86711715,0.38586455,USDT
2025-08-28T13:00:00Z,SOL/USDT,sell,212.86351500,1.86711715,0.39744112,USDT
2025-08-28T13:45:00Z,SOL/USDT,buy,215.09749500,1.79485623,0.38606908,USDT
2025-08-28T13:45:00Z,SOL/USDT,stop_sell,213.61206911,1.79485623,0.38340295,USDT
2025-08-28T20:30:00Z,SOL/USDT,buy,211.95592500,1.81865307,0.38547429,USDT
2025-08-28T21:30:00Z,SOL/USDT,sell,212.06391500,1.81865307,0.38567069,USDT
2025-08-28T21:45:00Z,SOL/USDT,buy,212.81635500,1.82169488,0.38768646,USDT
2025-08-29T01:30:00Z,SOL/USDT,sell,212.89350000,1.82169488,0.38782700,USDT
2025-08-29T01:45:00Z,SOL/USDT,buy,214.81735500,1.79947944,0.38655941,USDT
2025-08-29T03:15:00Z,SOL/USDT,sell,215.08240500,1.79947944,0.38703637,USDT
2025-08-29T03:30:00Z,SOL/USDT,buy,216.25807500,1.78704844,0.38646366,USDT
2025-08-29T05:15:00Z,SOL/USDT,sell,215.79205000,1.78704844,0.38563085,USDT
2025-08-29T05:45:00Z,SOL/USDT,buy,215.90790000,1.79067951,0.38662185,USDT
2025-08-29T06:15:00Z,SOL/USDT,stop_sell,213.47927839,1.79067951,0.38227297,USDT
2025-08-29T06:45:00Z,SOL/USDT,buy,215.03746500,1.79652884,0.38632101,USDT
2025-08-29T07:00:00Z,SOL/USDT,sell,212.65362000,1.79652884,0.38203836,USDT
2025-08-29T13:15:00Z,SOL/USDT,buy,211.57573500,1.82715456,0.38658157,USDT
2025-08-29T13:45:00Z,SOL/USDT,stop_sell,208.45964661,1.82715456,0.38088799,USDT
2025-08-29T14:00:00Z,SOL/USDT,buy,209.68479000,1.84349785,0.38655346,USDT
2025-08-29T15:00:00Z,SOL/USDT,sell,207.22633500,1.84349785,0.38202130,USDT
2025-08-29T15:30:00Z,SOL/USDT,buy,209.52471000,1.83803225,0.38511317,USDT
2025-08-29T15:45:00Z,SOL/USDT,stop_sell,205.84381232,1.83803225,0.37834757,USDT
2025-08-29T22:00:00Z,SOL/USDT,buy,204.07198500,1.88277746,0.38422213,USDT
2025-08-29T22:15:00Z,SOL/USDT,sell,202.50869500,1.88277746,0.38127881,USDT
2025-08-29T22:45:00Z,SOL/USDT,buy,203.05147500,1.88659739,0.38307638,USDT
2025-08-29T23:00:00Z,SOL/USDT,sell,203.30829500,1.88659739,0.38356090,USDT
2025-08-29T23:45:00Z,SOL/USDT,buy,204.61225500,1.87202735,0.38303974,USDT
2025-08-30T01:45:00Z,SOL/USDT,stop_sell,203.17407643,1.87202735,0.38034743,USDT
2025-08-30T02:15:00Z,SOL/USDT,buy,202.80135000,1.89089379,0.38347581,USDT
2025-08-30T02:30:00Z,SOL/USDT,sell,202.76856500,1.89089379,0.38341382,USDT
2025-08-30T03:00:00Z,SOL/USDT,buy,203.54172000,1.88544939,0.38376761,USDT
2025-08-30T08:00:00Z,SOL/USDT,sell,204.49770000,1.88544939,0.38557006,USDT
2025-08-30T18:00:00Z,SOL/USDT,buy,200.79034500,1.91115638,0.38374175,USDT
2025-08-30T20:30:00Z,SOL/USDT,sell,200.19985000,1.91115638,0.38261322,USDT
2025-08-30T21:00:00Z,SOL/USDT,buy,200.62026000,1.91125823,0.38343712,USDT
2025-08-30T21:30:00Z,SOL/USDT,sell,200.67961000,1.91125823,0.38355056,USDT
2025-08-30T22:30:00Z,SOL/USDT,buy,201.17053500,1.90481966,0.38319359,USDT
2025-08-31T05:30:00Z,SOL/USDT,sell,204.28780500,1.90481966,0.38913143,USDT
2025-08-31T09:00:00Z,SOL/USDT,buy,205.71280500,1.86495127,0.38364436,USDT
2025-08-31T09:45:00Z,SOL/USDT,stop_sell,204.67761000,1.86495127,0.38171377,USDT
2025-08-31T15:15:00Z,SOL/USDT,buy,204.31210500,1.87383694,0.38284757,USDT
2025-08-31T22:15:00Z,SOL/USDT,sell,205.01744000,1.87383694,0.38416925,USDT
2025-08-31T22:30:00Z,SOL/USDT,buy,205.36263000,1.86411804,0.38282018,USDT
2025-08-31T22:30:00Z,SOL/USDT,stop_sell,204.67868089,1.86411804,0.38154522,USDT
2025-09-01T08:30:00Z,SOL/USDT,buy,202.62126000,1.89222466,0.38340494,USDT
2025-09-01T10:00:00Z,SOL/USDT,stop_sell,200.71030893,1.89222466,0.37978900,USDT
2025-09-01T15:30:00Z,SOL/USDT,buy,199.08949500,1.92085596,0.38242224,USDT
2025-09-01T15:45:00Z,SOL/USDT,sell,198.39075500,1.92085596,0.38108006,USDT
2025-09-01T20:15:00Z,SOL/USDT,buy,200.01996000,1.9119501,0.38242818,USDT
2025-09-01T20:30:00Z,SOL/USDT,stop_sell,199.10646839,1.9119501,0.38068163,USDT
2025-09-02T01:30:00Z,SOL/USDT,buy,198.36913500,1.93102027,0.38305482,USDT
2025-09-02T08:00:00Z,SOL/USDT,sell,202.72858500,1.93102027,0.39147301,USDT
2025-09-02T08:45:00Z,SOL/USDT,buy,203.58174000,1.88276297,0.38329616,USDT
2025-09-02T11:00:00Z,SOL/USDT,sell,203.06841500,1.88276297,0.38232969,USDT
2025-09-02T18:15:00Z,SOL/USDT,buy,204.51220500,1.8785723,0.38419096,USDT
2025-09-03T01:30:00Z,SOL/USDT,sell,207.99595000,1.8785723,0.39073543,USDT
2025-09-03T01:45:00Z,SOL/USDT,buy,208.30410000,1.84099814,0.38348746,USDT
2025-09-03T05:30:00Z,SOL/USDT,sell,209.46521500,1.84099814,0.38562507,USDT
2025-09-03T05:45:00Z,SOL/USDT,buy,209.59474500,1.83018422,0.38359699,USDT
2025-09-03T06:00:00Z,SOL/USDT,stop_sell,208.33792179,1.83018422,0.38129678,USDT
2025-09-03T08:30:00Z,SOL/USDT,buy,209.71480500,1.81902812,0.38147713,USDT
2025-09-03T08:30:00Z,SOL/USDT,stop_sell,209.50519500,1.81902812,0.38109584,USDT
2025-09-04T00:00:00Z,SOL/USDT,buy,210.24507000,1.82014907,0.38267737,USDT
2025-09-04T02:15:00Z,SOL/USDT,stop_sell,209.53446607,1.82014907,0.38138396,USDT
2025-09-04T09:45:00Z,SOL/USDT,buy,207.97393500,1.8446092,0.38363063,USDT
2025-09-04T13:45:00Z,SOL/USDT,stop_sell,206.92791286,1.8446092,0.38170113,USDT
2025-09-05T11:15:00Z,SOL/USDT,buy,206.65327500,1.85276393,0.38287973,USDT
2025-09-05T12:15:00Z,SOL/USDT,sell,206.89650000,1.85276393,0.38333037,USDT
2025-09-05T12:30:00Z,SOL/USDT,buy,208.00395000,1.84132011,0.38300186,USDT
2025-09-05T12:30:00Z,SOL/USDT,stop_sell,206.65804786,1.84132011,0.38052362,USDT
2025-09-05T13:00:00Z,SOL/USDT,buy,209.47468500,1.83126043,0.38360270,USDT
2025-09-05T14:15:00Z,SOL/USDT,stop_sell,207.18635500,1.83126043,0.37941217,USDT
2025-09-05T20:30:00Z,SOL/USDT,buy,204.93241500,1.86363313,0.38191884,USDT
2025-09-05T21:15:00Z,SOL/USDT,stop_sell,203.86551625,1.86363313,0.37993053,USDT
2025-09-05T21:45:00Z,SOL/USDT,buy,204.08199000,1.87169089,0.38197840,USDT
2025-09-05T22:00:00Z,SOL/USDT,sell,203.09840000,1.87169089,0.38013743,USDT
2025-09-06T04:45:00Z,SOL/USDT,buy,203.24157000,1.87259783,0.38058972,USDT
2025-09-06T04:45:00Z,SOL/USDT,stop_sell,203.03843000,1.87259783,0.38020932,USDT
2025-09-06T09:15:00Z,SOL/USDT,buy,203.51170500,1.87362096,0.38130380,USDT
2025-09-06T09:30:00Z,SOL/USDT,sell,202.98845500,1.87362096,0.38032342,USDT
2025-09-06T10:45:00Z,SOL/USDT,buy,203.34162000,1.87634621,0.38153928,USDT
2025-09-06T11:00:00Z,SOL/USDT,stop_sell,202.57866000,1.87634621,0.38010770,USDT
2025-09-06T11:30:00Z,SOL/USDT,buy,202.78134000,1.88066482,0.38136373,USDT
2025-09-06T11:30:00Z,SOL/USDT,stop_sell,202.18457143,1.88066482,0.38024141,USDT
2025-09-07T05:30:00Z,SOL/USDT,buy,203.22156000,1.87547958,0.38113789,USDT
2025-09-07T06:15:00Z,SOL/USDT,sell,202.73858000,1.87547958,0.38023207,USDT
2025-09-07T06:30:00Z,SOL/USDT,buy,202.79134500,1.87768823,0.38077892,USDT
2025-09-07T06:45:00Z,SOL/USDT,sell,202.52868500,1.87768823,0.38028573,USDT
2025-09-07T07:00:00Z,SOL/USDT,buy,202.53121500,1.8786754,0.38049041,USDT
2025-09-07T09:45:00Z,SOL/USDT,sell,202.63863000,1.8786754,0.38069221,USDT
2025-09-07T10:15:00Z,SOL/USDT,buy,203.41165500,1.87272621,0.38093434,USDT
2025-09-07T12:30:00Z,SOL/USDT,sell,203.63813000,1.87272621,0.38135846,USDT
2025-09-07T12:45:00Z,SOL/USDT,buy,203.58174000,1.86864097,0.38042118,USDT
2025-09-07T13:15:00Z,SOL/USDT,stop_sell,203.22797804,1.86864097,0.37976013,USDT
2025-09-07T15:00:00Z,SOL/USDT,buy,203.85187500,1.86771623,0.38073746,USDT
2025-09-07T15:15:00Z,SOL/USDT,sell,203.68810500,1.86771623,0.38043158,USDT
2025-09-07T22:15:00Z,SOL/USDT,buy,204.79234500,1.85537008,0.37996559,USDT
2025-09-08T04:15:00Z,SOL/USDT,sell,207.90599500,1.85537008,0.38574256,USDT
2025-09-08T04:30:00Z,SOL/USDT,buy,208.11400500,1.8314282,0.38114586,USDT
2025-09-08T06:00:00Z,SOL/USDT,stop_sell,206.80011964,1.8314282,0.37873957,USDT
2025-09-08T06:15:00Z,SOL/USDT,buy,207.09349500,1.8387859,0.38080060,USDT
2025-09-08T06:30:00Z,SOL/USDT,sell,207.34627500,1.8387859,0.38126541,USDT
2025-09-08T07:45:00Z,SOL/USDT,buy,208.17403500,1.82868929,0.38068563,USDT
2025-09-08T08:00:00Z,SOL/USDT,sell,207.87601000,1.82868929,0.38014063,USDT
2025-09-08T08:30:00Z,SOL/USDT,buy,208.84437000,1.82144941,0.38039945,USDT
2025-09-08T09:45:00Z,SOL/USDT,sell,209.43523000,1.82144941,0.38147568,USDT
2025-09-08T10:00:00Z,SOL/USDT,buy,210.87538500,1.80609538,0.38086106,USDT
2025-09-08T15:45:00Z,SOL/USDT,sell,215.81204000,1.80609538,0.38977713,USDT
2025-09-08T16:00:00Z,SOL/USDT,buy,215.00745000,1.77424366,0.38147561,USDT
2025-09-08T16:15:00Z,SOL/USDT,sell,214.28280500,1.77424366,0.38018991,USDT
2025-09-08T17:45:00Z,SOL/USDT,buy,215.40765000,1.76952821,0.38116991,USDT
2025-09-08T18:00:00Z,SOL/USDT,sell,215.38225500,1.76952821,0.38112498,USDT
2025-09-08T18:30:00Z,SOL/USDT,buy,215.86788000,1.7678327,0.38161830,USDT
2025-09-08T19:45:00Z,SOL/USDT,sell,215.37226000,1.7678327,0.38074212,USDT
2025-09-08T20:00:00Z,SOL/USDT,buy,216.08799000,1.76362372,0.38109790,USDT
2025-09-08T20:15:00Z,SOL/USDT,sell,215.35227000,1.76362372,0.37980037,USDT
2025-09-08T21:30:00Z,SOL/USDT,buy,215.33761500,1.76662429,0.38042066,USDT
2025-09-08T22:00:00Z,SOL/USDT,sell,214.76256500,1.76662429,0.37940476,USDT
2025-09-09T06:00:00Z,SOL/USDT,buy,215.30760000,1.76621095,0.38027864,USDT
2025-09-09T11:00:00Z,SOL/USDT,sell,217.84102500,1.76621095,0.38475320,USDT
2025-09-09T19:15:00Z,SOL/USDT,buy,216.08799000,1.76113097,0.38055925,USDT
2025-09-09T21:30:00Z,SOL/USDT,sell,215.42223500,1.76113097,0.37938677,USDT
2025-09-09T21:45:00Z,SOL/USDT,buy,215.96793000,1.76286167,0.38072159,USDT
2025-09-09T22:00:00Z,SOL/USDT,sell,215.51219000,1.76286167,0.37991818,USDT
2025-09-09T22:15:00Z,SOL/USDT,buy,216.37813500,1.76105902,0.38105467,USDT
2025-09-09T23:15:00Z,SOL/USDT,sell,217.42123500,1.76105902,0.38289163,USDT
2025-09-10T01:15:00Z,SOL/USDT,buy,215.64777000,1.76619662,0.38087636,USDT
2025-09-10T01:30:00Z,SOL/USDT,sell,215.79205000,1.76619662,0.38113119,USDT
2025-09-10T02:15:00Z,SOL/USDT,buy,217.23856500,1.75404453,0.38104612,USDT
2025-09-10T07:15:00Z,SOL/USDT,sell,219.31029000,1.75404453,0.38468001,USDT
2025-09-10T08:00:00Z,SOL/USDT,buy,221.81085000,1.71418092,0.38022393,USDT
2025-09-10T09:00:00Z,SOL/USDT,stop_sell,220.10453554,1.71418092,0.37729900,USDT
2025-09-10T09:15:00Z,SOL/USDT,buy,220.98043500,1.7237169,0.38090771,USDT
2025-09-10T10:15:00Z,SOL/USDT,stop_sell,218.75021304,1.7237169,0.37706344,USDT
2025-09-10T10:30:00Z,SOL/USDT,buy,219.66978000,1.73067237,0.38017642,USDT
2025-09-10T12:15:00Z,SOL/USDT,sell,219.63013000,1.73067237,0.38010780,USDT
2025-09-10T13:45:00Z,SOL/USDT,buy,224.42215500,1.69480331,0.38035141,USDT
2025-09-10T14:15:00Z,SOL/USDT,sell,223.58815000,1.69480331,0.37893794,USDT
2025-09-10T15:45:00Z,SOL/USDT,buy,223.20154500,1.69880021,0.37917483,USDT
2025-09-10T16:30:00Z,SOL/USDT,stop_sell,221.34070286,1.69880021,0.37601363,USDT
2025-09-10T16:45:00Z,SOL/USDT,buy,222.29109000,1.70801474,0.37967646,USDT
2025-09-10T17:30:00Z,SOL/USDT,sell,221.36926000,1.70801474,0.37810196,USDT
2025-09-10T21:30:00Z,SOL/USDT,buy,222.83136000,1.70143389,0.37913283,USDT
2025-09-11T02:30:00Z,SOL/USDT,sell,223.66811000,1.70143389,0.38055650,USDT
2025-09-11T09:30:00Z,SOL/USDT,buy,224.48218500,1.68624702,0.37853242,USDT
2025-09-11T09:45:00Z,SOL/USDT,stop_sell,223.94797000,1.68624702,0.37763160,USDT
2025-09-11T10:00:00Z,SOL/USDT,buy,224.65227000,1.69492151,0.38076796,USDT
2025-09-11T17:00:00Z,SOL/USDT,sell,225.43722500,1.69492151,0.38209840,USDT
2025-09-11T17:30:00Z,SOL/USDT,buy,227.12350500,1.67115685,0.37955900,USDT
2025-09-11T18:30:00Z,SOL/USDT,sell,226.46671000,1.67115685,0.37846139,USDT
2025-09-12T01:30:00Z,SOL/USDT,buy,232.61625000,1.62986931,0.37913409,USDT
2025-09-12T01:30:00Z,SOL/USDT,stop_sell,230.73707375,1.62986931,0.37607128,USDT
2025-09-12T02:15:00Z,SOL/USDT,buy,233.28658500,1.62520413,0.37913832,USDT
2025-09-12T10:30:00Z,SOL/USDT,sell,237.82103000,1.62520413,0.38650772,USDT
2025-09-12T11:00:00Z,SOL/USDT,buy,238.62925500,1.58803627,0.37895191,USDT
2025-09-12T12:00:00Z,SOL/USDT,stop_sell,237.93882821,1.58803627,0.37785549,USDT
2025-09-12T12:15:00Z,SOL/USDT,buy,238.11900000,1.59248064,0.37919990,USDT
2025-09-12T16:15:00Z,SOL/USDT,sell,238.49069500,1.59248064,0.37979181,USDT
2025-09-13T01:00:00Z,SOL/USDT,buy,243.30159000,1.5582119,0.37911543,USDT
2025-09-13T02:00:00Z,SOL/USDT,stop_sell,241.47277464,1.5582119,0.37626575,USDT
2025-09-13T02:15:00Z,SOL/USDT,buy,241.81084500,1.56441769,0.37829316,USDT
2025-09-13T03:15:00Z,SOL/USDT,sell,241.96895500,1.56441769,0.37854051,USDT
2025-09-13T03:30:00Z,SOL/USDT,buy,242.80134000,1.56154248,0.37914461,USDT
2025-09-13T05:15:00Z,SOL/USDT,sell,242.34876500,1.56154248,0.37843789,USDT
2025-09-13T20:30:00Z,SOL/USDT,buy,240.02995500,1.57947728,0.37912186,USDT
2025-09-14T07:30:00Z,SOL/USDT,sell,247.03642000,1.57947728,0.39018841,USDT
2025-09-14T08:45:00Z,SOL/USDT,buy,246.92340000,1.53858901,0.37991363,USDT
2025-09-14T09:15:00Z,SOL/USDT,sell,246.29679000,1.53858901,0.37894953,USDT
2025-09-14T09:45:00Z,SOL/USDT,buy,247.44366000,1.53324645,0.37939211,USDT
2025-09-14T10:45:00Z,SOL/USDT,sell,247.72607500,1.53324645,0.37982513,USDT
2025-09-14T11:00:00Z,SOL/USDT,buy,247.97392500,1.53190338,0.37987209,USDT
2025-09-14T11:15:00Z,SOL/USDT,stop_sell,246.62662500,1.53190338,0.37780816,USDT
2025-09-14T17:30:00Z,SOL/USDT,buy,246.73330500,1.53676093,0.37917010,USDT
2025-09-14T18:30:00Z,SOL/USDT,stop_sell,245.00243750,1.53676093,0.37651017,USDT
2025-09-14T18:45:00Z,SOL/USDT,buy,246.18303000,1.53677459,0.37832782,USDT
2025-09-14T18:45:00Z,SOL/USDT,stop_sell,244.45199857,1.53677459,0.37566762,USDT
2025-09-14T19:15:00Z,SOL/USDT,buy,244.65226500,1.54822166,0.37877594,USDT
2025-09-14T19:45:00Z,SOL/USDT,stop_sell,242.26452143,1.54822166,0.37507918,USDT
2025-09-15T03:00:00Z,SOL/USDT,buy,242.82135000,1.5624779,0.37940299,USDT
2025-09-15T03:45:00Z,SOL/USDT,sell,242.79854000,1.5624779,0.37936735,USDT
2025-09-15T04:00:00Z,SOL/USDT,buy,242.94141000,1.55861146,0.37865127,USDT
2025-09-15T06:15:00Z,SOL/USDT,sell,243.23832000,1.55861146,0.37911403,USDT
2025-09-15T06:45:00Z,SOL/USDT,buy,241.19053500,1.56749014,0.37806379,USDT
2025-09-15T06:45:00Z,SOL/USDT,stop_sell,240.10167482,1.56749014,0.37635701,USDT
2025-09-15T13:30:00Z,SOL/USDT,buy,236.16802500,1.60497835,0.37904457,USDT
2025-09-15T14:00:00Z,SOL/USDT,stop_sell,234.02007429,1.60497835,0.37559715,USDT
2025-09-15T14:30:00Z,SOL/USDT,buy,234.96742500,1.60382376,0.37684634,USDT
2025-09-15T14:45:00Z,SOL/USDT,sell,234.54267000,1.60382376,0.37616511,USDT
2025-09-15T21:30:00Z,SOL/USDT,buy,234.31710000,1.61257876,0.37785478,USDT
2025-09-15T23:45:00Z,SOL/USDT,sell,233.58315000,1.61257876,0.37667123,USDT
2025-09-16T00:15:00Z,SOL/USDT,buy,234.66727500,1.61370822,0.37868451,USDT
2025-09-16T01:00:00Z,SOL/USDT,sell,233.91298500,1.61370822,0.37746731,USDT
2025-09-16T02:15:00Z,SOL/USDT,buy,235.13751000,1.60746765,0.37797594,USDT
2025-09-16T02:30:00Z,SOL/USDT,sell,234.59264500,1.60746765,0.37710009,USDT
2025-09-16T03:30:00Z,SOL/USDT,buy,235.37763000,1.60869358,0.37865048,USDT
2025-09-16T04:15:00Z,SOL/USDT,stop_sell,233.08554179,1.60869358,0.37496321,USDT
2025-09-16T04:30:00Z,SOL/USDT,buy,234.66727500,1.60676737,0.37705572,USDT
2025-09-16T04:45:00Z,SOL/USDT,sell,234.22283000,1.60676737,0.37634160,USDT
2025-09-16T07:00:00Z,SOL/USDT,buy,236.30809500,1.60121503,0.37838007,USDT
2025-09-16T08:45:00Z,SOL/USDT,sell,235.43222500,1.60121503,0.37697762,USDT
2025-09-16T09:00:00Z,SOL/USDT,buy,235.99794000,1.59769733,0.37705328,USDT
2025-09-16T10:00:00Z,SOL/USDT,sell,235.04242000,1.59769733,0.37552665,USDT
2025-09-16T11:30:00Z,SOL/USDT,buy,236.16802500,1.59523172,0.37674272,USDT
2025-09-16T12:00:00Z,SOL/USDT,sell,235.32228000,1.59523172,0.37539357,USDT
2025-09-16T13:30:00Z,SOL/USDT,buy,235.54771500,1.59804112,0.37641493,USDT
2025-09-16T13:30:00Z,SOL/USDT,stop_sell,234.53160411,1.59804112,0.37479115,USDT
2025-09-16T15:45:00Z,SOL/USDT,buy,236.16802500,1.59317384,0.37625672,USDT
2025-09-16T20:30:00Z,SOL/USDT,sell,237.72108000,1.59317384,0.37873101,USDT
2025-09-17T13:30:00Z,SOL/USDT,buy,235.23756000,1.59686872,0.37564350,USDT
2025-09-17T13:30:00Z,SOL/USDT,stop_sell,234.50233304,1.59686872,0.37446944,USDT
2025-09-17T15:15:00Z,SOL/USDT,buy,235.05747000,1.60390902,0.37701080,USDT
2025-09-17T15:30:00Z,SOL/USDT,sell,233.96296000,1.60390902,0.37525530,USDT
2025-09-17T16:45:00Z,SOL/USDT,buy,234.14701500,1.60565586,0.37595953,USDT
2025-09-17T17:00:00Z,SOL/USDT,sell,233.86301000,1.60565586,0.37550351,USDT
2025-09-17T18:30:00Z,SOL/USDT,buy,237.18853500,1.5848619,0.37591107,USDT
2025-09-17T18:30:00Z,SOL/USDT,stop_sell,234.35669161,1.5848619,0.37142299,USDT
2025-09-17T19:15:00Z,SOL/USDT,buy,236.46817500,1.58966656,0.37590555,USDT
2025-09-18T05:30:00Z,SOL/USDT,sell,244.98744500,1.58966656,0.38944835,USDT
2025-09-18T15:30:00Z,SOL/USDT,buy,248.70429000,1.5145755,0.37668142,USDT
2025-09-18T20:45:00Z,SOL/USDT,sell,248.70558500,1.5145755,0.37668339,USDT
2025-09-19T20:45:00Z,SOL/USDT,buy,237.38863500,1.58501395,0.37626430,USDT
2025-09-19T21:00:00Z,SOL/USDT,sell,236.89149500,1.58501395,0.37547632,USDT
2025-09-19T21:45:00Z,SOL/USDT,buy,238.39914000,1.5790407,0.37644194,USDT
2025-09-19T22:00:00Z,SOL/USDT,sell,238.21083500,1.5790407,0.37614460,USDT
2025-09-19T23:30:00Z,SOL/USDT,buy,237.17853000,1.58434146,0.37577178,USDT
2025-09-20T00:00:00Z,SOL/USDT,sell,238.12088000,1.58434146,0.37726478,USDT
2025-09-20T00:30:00Z,SOL/USDT,buy,238.50919500,1.57477176,0.37559754,USDT
2025-09-20T02:00:00Z,SOL/USDT,sell,238.68060000,1.57477176,0.37586747,USDT
2025-09-20T02:15:00Z,SOL/USDT,buy,238.31910000,1.57990239,0.37652092,USDT
2025-09-20T02:30:00Z,SOL/USDT,sell,238.29079500,1.57990239,0.37647620,USDT
2025-09-20T06:30:00Z,SOL/USDT,buy,239.15952000,1.57079182,0.37566982,USDT
2025-09-20T08:45:00Z,SOL/USDT,stop_sell,238.38646143,1.57079182,0.37445550,USDT
2025-09-20T15:15:00Z,SOL/USDT,buy,239.97993000,1.56823546,0.37634504,USDT
2025-09-20T18:00:00Z,SOL/USDT,stop_sell,238.87550250,1.56823546,0.37461303,USDT
2025-09-20T18:15:00Z,SOL/USDT,buy,238.96942500,1.57219534,0.37570662,USDT
2025-09-20T19:45:00Z,SOL/USDT,sell,238.45071500,1.57219534,0.37489110,USDT
2025-09-20T22:15:00Z,SOL/USDT,buy,239.95992000,1.56355677,0.37519096,USDT
2025-09-20T23:30:00Z,SOL/USDT,stop_sell,239.28993804,1.56355677,0.37414340,USDT
2025-09-20T23:45:00Z,SOL/USDT,buy,239.66977500,1.56857477,0.37593996,USDT
2025-09-21T05:45:00Z,SOL/USDT,sell,240.33977000,1.56857477,0.37699090,USDT
2025-09-21T06:00:00Z,SOL/USDT,buy,240.63025500,1.56013446,0.37541555,USDT
2025-09-21T07:00:00Z,SOL/USDT,sell,240.25981000,1.56013446,0.37483761,USDT
2025-09-21T13:15:00Z,SOL/USDT,buy,239.98993500,1.56463459,0.37549655,USDT
2025-09-21T13:45:00Z,SOL/USDT,stop_sell,239.16642839,1.56463459,0.37420807,USDT
2025-09-21T14:00:00Z,SOL/USDT,buy,239.46967500,1.56800771,0.37549030,USDT
2025-09-21T15:00:00Z,SOL/USDT,stop_sell,238.36076000,1.56800771,0.37375151,USDT
2025-09-21T15:15:00Z,SOL/USDT,buy,238.91940000,1.57078677,0.37529143,USDT
2025-09-21T15:30:00Z,SOL/USDT,sell,238.37075500,1.57078677,0.37442963,USDT
2025-09-21T21:30:00Z,SOL/USDT,buy,236.70829500,1.58411682,0.37497359,USDT
2025-09-21T22:15:00Z,SOL/USDT,sell,235.83202500,1.58411682,0.37358548,USDT
2025-09-22T14:00:00Z,SOL/USDT,buy,223.82185500,1.67477401,0.37485103,USDT
2025-09-22T14:45:00Z,SOL/USDT,stop_sell,221.95396750,1.67477401,0.37172274,USDT
2025-09-23T07:15:00Z,SOL/USDT,buy,219.08949000,1.7075079,0.37409703,USDT
2025-09-23T10:30:00Z,SOL/USDT,sell,218.38075500,1.7075079,0.37288686,USDT
2025-09-23T11:00:00Z,SOL/USDT,buy,218.52921000,1.70656018,0.37293325,USDT
2025-09-23T11:00:00Z,SOL/USDT,stop_sell,218.19834625,1.70656018,0.37236861,USDT
2025-09-23T13:00:00Z,SOL/USDT,buy,220.14001500,1.6980281,0.37380393,USDT
2025-09-23T13:15:00Z,SOL/USDT,stop_sell,219.15965107,1.6980281,0.37213925,USDT
2025-09-24T08:45:00Z,SOL/USDT,buy,210.89539500,1.77793875,0.37495909,USDT
2025-09-24T11:45:00Z,SOL/USDT,sell,212.02393500,1.77793875,0.37696557,USDT
2025-09-24T12:00:00Z,SOL/USDT,buy,212.53621500,1.76407124,0.37492902,USDT
2025-09-24T15:45:00Z,SOL/USDT,stop_sell,210.91092036,1.76407124,0.37206189,USDT
2025-09-24T16:00:00Z,SOL/USDT,buy,213.45667500,1.74631512,0.37276262,USDT
2025-09-24T18:30:00Z,SOL/USDT,sell,213.96296500,1.74631512,0.37364676,USDT
2025-09-24T18:45:00Z,SOL/USDT,buy,213.74682000,1.74489887,0.37296658,USDT
2025-09-24T19:15:00Z,SOL/USDT,sell,213.84302500,1.74489887,0.37313445,USDT
2025-09-25T09:15:00Z,SOL/USDT,buy,205.36263000,1.82299231,0.37437450,USDT
2025-09-25T09:45:00Z,SOL/USDT,stop_sell,203.79555125,1.82299231,0.37151772,USDT
2025-09-25T16:15:00Z,SOL/USDT,buy,200.72031000,1.84900966,0.37113379,USDT
2025-09-25T16:15:00Z,SOL/USDT,stop_sell,199.91213679,1.84900966,0.36963947,USDT
2025-09-26T06:30:00Z,SOL/USDT,buy,196.07799000,1.89803536,0.37216296,USDT
2025-09-26T06:45:00Z,SOL/USDT,sell,195.66212000,1.89803536,0.37137362,USDT
2025-09-26T07:30:00Z,SOL/USDT,buy,195.85788000,1.89808742,0.37175538,USDT
2025-09-26T07:30:00Z,SOL/USDT,stop_sell,194.93748250,1.89808742,0.37000838,USDT
2025-09-26T08:15:00Z,SOL/USDT,buy,196.71831000,1.8974606,0.37326524,USDT
2025-09-26T08:45:00Z,SOL/USDT,sell,195.98196000,1.8974606,0.37186805,USDT
2025-09-26T09:15:00Z,SOL/USDT,buy,196.55823000,1.89707114,0.37288495,USDT
2025-09-26T09:30:00Z,SOL/USDT,stop_sell,194.79077018,1.89707114,0.36953195,USDT
2025-09-26T22:30:00Z,SOL/USDT,buy,203.40165000,1.8337074,0.37297911,USDT
2025-09-27T04:15:00Z,SOL/USDT,sell,203.37826000,1.8337074,0.37293622,USDT
2025-09-27T12:45:00Z,SOL/USDT,buy,202.25107500,1.84329071,0.37280753,USDT
2025-09-27T17:15:00Z,SOL/USDT,stop_sell,201.33820911,1.84329071,0.37112485,USDT
2025-09-27T22:15:00Z,SOL/USDT,buy,204.07198500,1.82212187,0.37184403,USDT
2025-09-27T23:15:00Z,SOL/USDT,stop_sell,203.43573125,1.82212187,0.37068470,USDT
2025-09-28T00:15:00Z,SOL/USDT,buy,203.07148500,1.83730097,0.37310344,USDT
2025-09-28T01:15:00Z,SOL/USDT,sell,201.84902500,1.83730097,0.37085741,USDT
2025-09-28T06:45:00Z,SOL/USDT,buy,201.44067000,1.84624208,0.37190824,USDT
2025-09-28T07:15:00Z,SOL/USDT,sell,201.30929500,1.84624208,0.37166569,USDT
2025-09-28T07:45:00Z,SOL/USDT,buy,201.68079000,1.84282983,0.37166338,USDT
2025-09-28T08:00:00Z,SOL/USDT,sell,201.84902500,1.84282983,0.37197340,USDT
2025-09-28T08:15:00Z,SOL/USDT,buy,202.11100500,1.83955647,0.37179461,USDT
2025-09-28T09:15:00Z,SOL/USDT,sell,201.01944000,1.83955647,0.36978661,USDT
2025-09-29T05:00:00Z,SOL/USDT,buy,209.79484500,1.76574353,0.37044389,USDT
2025-09-29T05:00:00Z,SOL/USDT,stop_sell,209.45914661,1.76574353,0.36985113,USDT
2025-09-29T06:00:00Z,SOL/USDT,buy,208.87438500,1.77155355,0.37003216,USDT
2025-09-29T06:00:00Z,SOL/USDT,stop_sell,208.66561500,1.77155355,0.36966231,USDT
2025-09-29T16:45:00Z,SOL/USDT,buy,209.57473500,1.77180634,0.37132584,USDT
2025-09-29T18:45:00Z,SOL/USDT,sell,210.26481500,1.77180634,0.37254853,USDT
2025-09-29T20:00:00Z,SOL/USDT,buy,213.29659500,1.74328121,0.37183595,USDT
2025-09-30T00:30:00Z,SOL/USDT,sell,211.55417000,1.74328121,0.36879841,USDT
2025-09-30T13:45:00Z,SOL/USDT,buy,208.97443500,1.77427284,0.37077766,USDT
2025-09-30T13:45:00Z,SOL/USDT,stop_sell,208.10946464,1.77427284,0.36924297,USDT
2025-09-30T14:00:00Z,SOL/USDT,buy,207.61375500,1.78141218,0.36984567,USDT
2025-09-30T14:00:00Z,SOL/USDT,stop_sell,207.06819982,1.78141218,0.36887381,USDT
2025-09-30T14:45:00Z,SOL/USDT,buy,207.76383000,1.79021668,0.37194227,USDT
2025-09-30T15:15:00Z,SOL/USDT,sell,206.69660000,1.79021668,0.37003170,USDT
2025-10-01T01:30:00Z,SOL/USDT,buy,208.39414500,1.7722414,0.36932473,USDT
2025-10-01T01:45:00Z,SOL/USDT,sell,208.98545500,1.7722414,0.37037268,USDT
2025-10-01T02:00:00Z,SOL/USDT,buy,209.77483500,1.76257667,0.36974423,USDT
2025-10-01T02:15:00Z,SOL/USDT,sell,209.58515500,1.76257667,0.36940990,USDT
2025-10-01T02:30:00Z,SOL/USDT,buy,209.59474500,1.76561256,0.37006311,USDT
2025-10-01T02:45:00Z,SOL/USDT,sell,209.20534500,1.76561256,0.36937558,USDT
2025-10-01T05:15:00Z,SOL/USDT,buy,209.49469500,1.77258966,0.37134813,USDT
2025-10-01T06:15:00Z,SOL/USDT,sell,208.42573500,1.77258966,0.36945330,USDT
2025-10-01T09:15:00Z,SOL/USDT,buy,216.02796000,1.71405117,0.37028298,USDT
2025-10-01T17:00:00Z,SOL/USDT,sell,219.25032000,1.71405117,0.37580627,USDT
2025-10-01T22:00:00Z,SOL/USDT,buy,219.41965500,1.69207128,0.37127370,USDT
2025-10-01T22:15:00Z,SOL/USDT,sell,219.31029000,1.69207128,0.37108864,USDT
2025-10-02T02:30:00Z,SOL/USDT,buy,222.21105000,1.66803392,0.37065557,USDT
2025-10-02T07:45:00Z,SOL/USDT,sell,223.46821000,1.66803392,0.37275255,USDT
2025-10-02T08:45:00Z,SOL/USDT,buy,224.47218000,1.65111877,0.37063023,USDT
2025-10-02T09:00:00Z,SOL/USDT,sell,224.17785500,1.65111877,0.37014426,USDT
2025-10-02T09:15:00Z,SOL/USDT,buy,224.63226000,1.65112291,0.37089547,USDT
2025-10-02T10:15:00Z,SOL/USDT,sell,224.55766500,1.65112291,0.37077231,USDT
2025-10-02T10:30:00Z,SOL/USDT,buy,224.78233500,1.64765562,0.37036388,USDT
2025-10-02T11:30:00Z,SOL/USDT,sell,224.88750000,1.64765562,0.37053715,USDT
2025-10-02T11:45:00Z,SOL/USDT,buy,225.79284000,1.6439421,0.37119036,USDT
2025-10-02T14:30:00Z,SOL/USDT,stop_sell,224.22854393,1.6439421,0.36861874,USDT
2025-10-02T17:45:00Z,SOL/USDT,buy,229.95492000,1.61226726,0.37074879,USDT
2025-10-03T00:45:00Z,SOL/USDT,sell,232.23382500,1.61226726,0.37442299,USDT
2025-10-03T01:15:00Z,SOL/USDT,buy,231.99594000,1.59500698,0.37003514,USDT
2025-10-03T01:30:00Z,SOL/USDT,sell,231.15436500,1.59500698,0.36869283,USDT
2025-10-03T06:15:00Z,SOL/USDT,buy,231.27558000,1.60070378,0.37020370,USDT
2025-10-03T06:30:00Z,SOL/USDT,sell,230.51468500,1.60070378,0.36898573,USDT
2025-10-03T17:15:00Z,SOL/USDT,buy,232.74631500,1.58317829,0.36847891,USDT
2025-10-03T17:30:00Z,SOL/USDT,stop_sell,230.70923054,1.58317829,0.36525385,USDT
2025-10-03T18:00:00Z,SOL/USDT,buy,229.99494000,1.60727822,0.36966586,USDT
2025-10-03T18:15:00Z,SOL/USDT,sell,230.64462000,1.60727822,0.37071007,USDT
2025-10-04T12:45:00Z,SOL/USDT,buy,228.62425500,1.61716062,0.36972214,USDT
2025-10-04T13:00:00Z,SOL/USDT,sell,228.33577500,1.61716062,0.36925562,USDT
2025-10-04T13:15:00Z,SOL/USDT,buy,228.91440000,1.6118719,0.36898069,USDT
2025-10-04T13:30:00Z,SOL/USDT,sell,228.79554500,1.6118719,0.36878911,USDT
2025-10-04T22:15:00Z,SOL/USDT,buy,227.60374500,1.62351746,0.36951865,USDT
2025-10-04T23:30:00Z,SOL/USDT,sell,227.59614500,1.62351746,0.36950632,USDT
2025-10-05T03:30:00Z,SOL/USDT,buy,231.36562500,1.60011619,0.37021188,USDT
2025-10-05T09:45:00Z,SOL/USDT,sell,232.73357500,1.60011619,0.37240076,USDT
2025-10-06T05:30:00Z,SOL/USDT,buy,231.55572000,1.60138061,0.37080884,USDT
2025-10-06T07:45:00Z,SOL/USDT,sell,231.07440500,1.60138061,0.37003807,USDT
2025-10-07T04:30:00Z,SOL/USDT,buy,234.13701000,1.57841613,0.36956563,USDT
2025-10-07T06:15:00Z,SOL/USDT,stop_sell,232.67146321,1.57841613,0.36725239,USDT
2025-10-07T20:30:00Z,SOL/USDT,buy,223.94191500,1.64897282,0.36927413,USDT
2025-10-07T20:45:00Z,SOL/USDT,sell,223.82803000,1.64897282,0.36908634,USDT
2025-10-08T08:00:00Z,SOL/USDT,buy,220.99044000,1.67202308,0.36950112,USDT
2025-10-08T10:15:00Z,SOL/USDT,sell,221.16936000,1.67202308,0.36980027,USDT
2025-10-08T10:30:00Z,SOL/USDT,buy,221.48068500,1.66725536,0.36926486,USDT
2025-10-08T11:00:00Z,SOL/USDT,sell,221.97895500,1.66725536,0.37009560,USDT
2025-10-08T15:30:00Z,SOL/USDT,buy,222.05097000,1.66270545,0.36920536,USDT
2025-10-08T15:45:00Z,SOL/USDT,sell,221.42923000,1.66270545,0.36817159,USDT
2025-10-08T16:15:00Z,SOL/USDT,buy,222.30109500,1.66004726,0.36903032,USDT
2025-10-08T23:45:00Z,SOL/USDT,sell,228.99544500,1.66004726,0.38014326,USDT
2025-10-09T00:00:00Z,SOL/USDT,buy,229.35462000,1.61352627,0.37006970,USDT
2025-10-09T00:00:00Z,SOL/USDT,stop_sell,227.86244036,1.61352627,0.36766203,USDT
2025-10-09T00:30:00Z,SOL/USDT,buy,229.32460500,1.61397776,0.37012481,USDT
2025-10-09T00:45:00Z,SOL/USDT,sell,228.52568000,1.61397776,0.36883537,USDT
2025-10-09T02:00:00Z,SOL/USDT,buy,228.72430500,1.61602231,0.36962358,USDT
2025-10-09T02:00:00Z,SOL/USDT,stop_sell,226.87900375,1.61602231,0.36664153,USDT
2025-10-09T06:00:00Z,SOL/USDT,buy,228.16402500,1.62181817,0.37004056,USDT
2025-10-09T06:45:00Z,SOL/USDT,sell,227.53617500,1.62181817,0.36902230,USDT
2025-10-09T07:45:00Z,SOL/USDT,buy,224.72230500,1.64301072,0.36922116,USDT
2025-10-09T08:00:00Z,SOL/USDT,sell,224.37775500,1.64301072,0.36865506,USDT
2025-10-09T15:15:00Z,SOL/USDT,buy,221.59074000,1.6658477,0.36913642,USDT
2025-10-09T15:30:00Z,SOL/USDT,sell,219.89000000,1.6658477,0.36630325,USDT
2025-10-09T22:15:00Z,SOL/USDT,buy,220.65027000,1.67006591,0.36850049,USDT
2025-10-10T03:00:00Z,SOL/USDT,sell,219.81004000,1.67006591,0.36709725,USDT
2025-10-10T11:30:00Z,SOL/USDT,buy,221.20054500,1.66596758,0.36851294,USDT
2025-10-10T14:45:00Z,SOL/USDT,stop_sell,219.97138786,1.66596758,0.36646520,USDT
2025-10-10T15:00:00Z,SOL/USDT,buy,219.84987000,1.67359154,0.36793888,USDT
2025-10-10T15:00:00Z,SOL/USDT,stop_sell,218.17121696,1.67359154,0.36512950,USDT
2025-10-11T16:00:00Z,SOL/USDT,buy,183.26158500,2.0006317,0.36663894,USDT
2025-10-11T16:15:00Z,SOL/USDT,sell,184.47771500,2.0006317,0.36907196,USDT
2025-10-12T03:15:00Z,SOL/USDT,buy,176.65828500,2.07426649,0.36643636,USDT
2025-10-12T03:30:00Z,SOL/USDT,sell,177.35128000,2.07426649,0.36787382,USDT
2025-10-12T04:15:00Z,SOL/USDT,buy,179.17954500,2.05454329,0.36813213,USDT
2025-10-12T10:45:00Z,SOL/USDT,sell,181.44923000,2.05454329,0.37279530,USDT
2025-10-12T15:00:00Z,SOL/USDT,buy,186.17304000,1.98310143,0.36920002,USDT
2025-10-12T22:00:00Z,SOL/USDT,sell,195.49220500,1.98310143,0.38768087,USDT
2025-10-12T22:15:00Z,SOL/USDT,buy,197.15853000,1.87597612,0.36986469,USDT
2025-10-13T03:00:00Z,SOL/USDT,sell,196.71159500,1.87597612,0.36902625,USDT
2025-10-13T03:15:00Z,SOL/USDT,buy,196.24807500,1.88259637,0.36945591,USDT
2025-10-13T03:30:00Z,SOL/USDT,sell,195.56217000,1.88259637,0.36816463,USDT
2025-10-13T15:30:00Z,SOL/USDT,buy,196.16803500,1.88850386,0.37046409,USDT
2025-10-14T02:15:00Z,SOL/USDT,sell,206.95647000,1.88850386,0.39083809,USDT
2025-10-14T11:30:00Z,SOL/USDT,buy,195.99795000,1.89429797,0.37127852,USDT
2025-10-14T12:00:00Z,SOL/USDT,sell,195.06242000,1.89429797,0.36950635,USDT
2025-10-14T14:30:00Z,SOL/USDT,buy,198.09900000,1.87252189,0.37094471,USDT
2025-10-14T14:30:00Z,SOL/USDT,stop_sell,195.70674054,1.87252189,0.36646516,USDT
2025-10-14T15:15:00Z,SOL/USDT,buy,194.97744000,1.89307354,0.36910663,USDT
2025-10-14T20:45:00Z,SOL/USDT,sell,200.26981500,1.89307354,0.37912549,USDT
2025-10-15T00:30:00Z,SOL/USDT,buy,202.64127000,1.83495835,0.37183829,USDT
2025-10-15T03:45:00Z,SOL/USDT,sell,201.13938000,1.83495835,0.36908238,USDT
2025-10-15T05:00:00Z,SOL/USDT,buy,203.54172000,1.8229383,0.37104400,USDT
2025-10-15T07:00:00Z,SOL/USDT,sell,204.34777500,1.8229383,0.37251339,USDT
2025-10-15T07:30:00Z,SOL/USDT,buy,204.38214000,1.81368323,0.37068446,USDT
2025-10-15T10:45:00Z,SOL/USDT,sell,204.02793500,1.81368323,0.37004204,USDT
2025-10-15T11:00:00Z,SOL/USDT,buy,204.39214500,1.81847801,0.37168262,USDT
2025-10-15T11:15:00Z,SOL/USDT,stop_sell,202.19206768,1.81847801,0.36768183,USDT
2025-10-16T01:15:00Z,SOL/USDT,buy,194.74732500,1.89914923,0.36985423,USDT
2025-10-16T01:30:00Z,SOL/USDT,sell,194.08291000,1.89914923,0.36859241,USDT
2025-10-16T01:45:00Z,SOL/USDT,buy,194.01696000,1.90115576,0.36885646,USDT
2025-10-16T04:00:00Z,SOL/USDT,sell,193.40325000,1.90115576,0.36768970,USDT
2025-10-16T04:15:00Z,SOL/USDT,buy,194.17704000,1.90487362,0.36988272,USDT
2025-10-16T04:30:00Z,SOL/USDT,sell,193.88301000,1.90487362,0.36932263,USDT
2025-10-17T01:00:00Z,SOL/USDT,buy,186.45318000,1.98538078,0.37018056,USDT
2025-10-17T01:45:00Z,SOL/USDT,stop_sell,185.06456429,1.98538078,0.36742363,USDT
2025-10-17T04:30:00Z,SOL/USDT,buy,187.19355000,1.979737,0.37059400,USDT
2025-10-17T05:45:00Z,SOL/USDT,sell,185.90700000,1.979737,0.36804697,USDT
2025-10-17T11:30:00Z,SOL/USDT,buy,181.92091500,2.0319771,0.36965913,USDT
2025-10-17T13:30:00Z,SOL/USDT,stop_sell,178.79734232,2.0319771,0.36331211,USDT
2025-10-17T13:45:00Z,SOL/USDT,buy,178.79935500,2.06278752,0.36882508,USDT
2025-10-17T14:30:00Z,SOL/USDT,sell,178.74058500,2.06278752,0.36870385,USDT
2025-10-17T14:45:00Z,SOL/USDT,buy,178.91941500,2.06240331,0.36900399,USDT
2025-10-17T16:00:00Z,SOL/USDT,sell,182.58866000,2.06240331,0.37657146,USDT
2025-10-17T17:00:00Z,SOL/USDT,buy,182.35113000,2.02791614,0.36979280,USDT
2025-10-17T22:30:00Z,SOL/USDT,sell,183.73808500,2.02791614,0.37260543,USDT
2025-10-17T23:00:00Z,SOL/USDT,buy,183.28159500,2.00689645,0.36782718,USDT
2025-10-17T23:00:00Z,SOL/USDT,stop_sell,182.73180268,2.00689645,0.36672381,USDT
2025-10-18T05:00:00Z,SOL/USDT,buy,183.92191500,2.0127666,0.37019189,USDT
2025-10-18T10:15:00Z,SOL/USDT,sell,185.34728000,2.0127666,0.37306081,USDT
2025-10-18T10:30:00Z,SOL/USDT,buy,185.92291500,1.99423998,0.37077491,USDT
2025-10-18T11:00:00Z,SOL/USDT,sell,184.65762500,1.99423998,0.36825162,USDT
2025-10-18T16:00:00Z,SOL/USDT,buy,185.36263500,1.9935846,0.36953609,USDT
2025-10-18T16:15:00Z,SOL/USDT,stop_sell,184.22034375,1.9935846,0.36725884,USDT
2025-10-18T20:00:00Z,SOL/USDT,buy,186.23307000,1.98094597,0.36891765,USDT
2025-10-19T00:45:00Z,SOL/USDT,sell,185.65712500,1.98094597,0.36777673,USDT
2025-10-19T05:30:00Z,SOL/USDT,buy,187.11351000,1.97209371,0.36900538,USDT
2025-10-19T06:30:00Z,SOL/USDT,stop_sell,185.90700000,1.97209371,0.36662603,USDT
2025-10-19T11:00:00Z,SOL/USDT,buy,189.02446500,1.9567428,0.36987226,USDT
2025-10-19T16:15:00Z,SOL/USDT,sell,190.19485500,1.9567428,0.37216241,USDT
2025-10-19T16:30:00Z,SOL/USDT,buy,190.82536500,1.93358709,0.36897746,USDT
2025-10-19T17:15:00Z,SOL/USDT,sell,191.94398000,1.93358709,0.37114040,USDT
2025-10-20T04:45:00Z,SOL/USDT,buy,191.94592500,1.92228937,0.36897561,USDT
2025-10-20T09:30:00Z,SOL/USDT,sell,192.86352000,1.92228937,0.37073949,USDT
2025-10-20T21:30:00Z,SOL/USDT,buy,190.09500000,1.94194556,0.36915414,USDT
2025-10-20T21:45:00Z,SOL/USDT,stop_sell,188.86337821,1.94194556,0.36676240,USDT
2025-10-20T22:15:00Z,SOL/USDT,buy,190.33512000,1.93818003,0.36890373,USDT
2025-10-21T00:00:00Z,SOL/USDT,stop_sell,189.12146339,1.93818003,0.36655144,USDT
2025-10-21T00:15:00Z,SOL/USDT,buy,189.55473000,1.95093241,0.36980847,USDT
2025-10-21T01:00:00Z,SOL/USDT,stop_sell,187.70395821,1.95093241,0.36619774,USDT
2025-10-21T09:00:00Z,SOL/USDT,buy,184.43217000,1.99656024,0.36822994,USDT
2025-10-21T09:45:00Z,SOL/USDT,sell,184.29780500,1.99656024,0.36796167,USDT
2025-10-21T10:15:00Z,SOL/USDT,buy,185.17254000,1.98868138,0.36824918,USDT
2025-10-21T11:15:00Z,SOL/USDT,sell,185.00745000,1.98868138,0.36792087,USDT
2025-10-21T14:00:00Z,SOL/USDT,buy,185.10250500,1.99026469,0.36840298,USDT
2025-10-21T20:15:00Z,SOL/USDT,sell,192.22384000,1.99026469,0.38257632,USDT
2025-10-22T04:30:00Z,SOL/USDT,buy,185.79285000,1.98704427,0.36917862,USDT
2025-10-22T05:00:00Z,SOL/USDT,sell,185.89700500,1.98704427,0.36938558,USDT
2025-10-22T10:15:00Z,SOL/USDT,buy,184.51221000,2.00006284,0.36903601,USDT
2025-10-22T10:30:00Z,SOL/USDT,sell,183.90800000,2.00006284,0.36782756,USDT
2025-10-22T11:15:00Z,SOL/USDT,buy,185.17254000,1.99241473,0.36894050,USDT
2025-10-22T14:15:00Z,SOL/USDT,stop_sell,183.99866893,1.99241473,0.36660166,USDT
2025-10-22T15:45:00Z,SOL/USDT,buy,184.47219000,2.00005435,0.36895441,USDT
2025-10-22T16:00:00Z,SOL/USDT,sell,183.58816000,2.00005435,0.36718630,USDT
2025-10-23T01:45:00Z,SOL/USDT,buy,181.91091000,2.02590296,0.36853385,USDT
2025-10-23T17:15:00Z,SOL/USDT,sell,190.32479000,2.02590296,0.38557956,USDT
2025-10-23T17:30:00Z,SOL/USDT,buy,191.47569000,1.93282616,0.37008922,USDT
2025-10-23T18:00:00Z,SOL/USDT,sell,192.48371000,1.93282616,0.37203755,USDT
2025-10-24T00:15:00Z,SOL/USDT,buy,192.19605000,1.92537752,0.37004995,USDT
2025-10-24T03:30:00Z,SOL/USDT,stop_sell,190.94912054,1.92537752,0.36764914,USDT
2025-10-24T03:45:00Z,SOL/USDT,buy,191.00545500,1.93191686,0.36900666,USDT
2025-10-24T04:15:00Z,SOL/USDT,sell,191.34428000,1.93191686,0.36966124,USDT
2025-10-24T07:45:00Z,SOL/USDT,buy,192.37614000,1.91268088,0.36795416,USDT
2025-10-24T07:45:00Z,SOL/USDT,stop_sell,192.13781161,1.91268088,0.36749832,USDT
2025-10-24T19:00:00Z,SOL/USDT,buy,191.88589500,1.92604613,0.36958109,USDT
2025-10-25T00:15:00Z,SOL/USDT,sell,192.92349000,1.92604613,0.37157954,USDT
2025-10-25T01:30:00Z,SOL/USDT,buy,194.09700000,1.90285803,0.36933904,USDT
2025-10-25T01:30:00Z,SOL/USDT,stop_sell,193.32150518,1.90285803,0.36786338,USDT
2025-10-25T01:45:00Z,SOL/USDT,buy,193.81686000,1.9092222,0.37003945,USDT
2025-10-25T02:15:00Z,SOL/USDT,sell,193.73308500,1.9092222,0.36987951,USDT
2025-10-25T02:30:00Z,SOL/USDT,buy,193.78684500,1.9050093,0.36916574,USDT
2025-10-25T02:45:00Z,SOL/USDT,sell,193.53318500,1.9050093,0.36868252,USDT
2025-10-25T03:00:00Z,SOL/USDT,buy,193.72681500,1.90666943,0.36937300,USDT
2025-10-25T03:15:00Z,SOL/USDT,sell,193.37326500,1.90666943,0.36869889,USDT
2025-10-25T04:00:00Z,SOL/USDT,buy,193.56673500,1.90697237,0.36912642,USDT
2025-10-25T06:00:00Z,SOL/USDT,sell,194.29280500,1.90697237,0.37051101,USDT
2025-10-25T06:15:00Z,SOL/USDT,buy,194.47719000,1.8981172,0.36914050,USDT
2025-10-25T07:45:00Z,SOL/USDT,sell,193.93298500,1.8981172,0.36810753,USDT
2025-10-25T22:15:00Z,SOL/USDT,buy,193.99695000,1.90100615,0.36878940,USDT
2025-10-26T00:00:00Z,SOL/USDT,stop_sell,193.14445089,1.90100615,0.36716879,USDT
2025-10-26T05:45:00Z,SOL/USDT,buy,193.78684500,1.90464722,0.36909558,USDT
2025-10-26T09:15:00Z,SOL/USDT,sell,194.20285000,1.90464722,0.36988792,USDT
2025-10-26T09:30:00Z,SOL/USDT,buy,196.00795500,1.88259657,0.36900390,USDT
2025-10-26T09:30:00Z,SOL/USDT,stop_sell,195.32693054,1.88259657,0.36772181,USDT
2025-10-26T09:45:00Z,SOL/USDT,buy,195.85788000,1.8844658,0.36908748,USDT
2025-10-26T10:00:00Z,SOL/USDT,sell,195.84203000,1.8844658,0.36905761,USDT
2025-10-26T15:30:00Z,SOL/USDT,buy,199.42966500,1.84982217,0.36890942,USDT
2025-10-26T18:30:00Z,SOL/USDT,sell,198.73058500,1.84982217,0.36761624,USDT
2025-10-26T19:00:00Z,SOL/USDT,buy,198.95943000,1.85012151,0.36809912,USDT
2025-10-26T19:15:00Z,SOL/USDT,sell,198.48071000,1.85012151,0.36721343,USDT
2025-10-26T19:45:00Z,SOL/USDT,buy,198.86938500,1.8528202,0.36846921,USDT
2025-10-26T20:00:00Z,SOL/USDT,sell,198.41074500,1.8528202,0.36761944,USDT
2025-10-27T07:15:00Z,SOL/USDT,buy,205.01245500,1.79650161,0.36830521,USDT
2025-10-27T07:30:00Z,SOL/USDT,sell,203.58815500,1.79650161,0.36574645,USDT
2025-10-27T13:15:00Z,SOL/USDT,buy,200.22006000,1.83781835,0.36796810,USDT
2025-10-27T13:30:00Z,SOL/USDT,sell,200.27981000,1.83781835,0.36807791,USDT
2025-10-27T14:00:00Z,SOL/USDT,buy,200.39014500,1.83876229,0.36846984,USDT
2025-10-27T14:00:00Z,SOL/USDT,stop_sell,198.94476357,1.83876229,0.36581213,USDT
2025-10-27T14:45:00Z,SOL/USDT,buy,199.87989000,1.84034981,0.36784892,USDT
2025-10-27T15:00:00Z,SOL/USDT,sell,199.01044500,1.84034981,0.36624883,USDT
2025-10-27T16:15:00Z,SOL/USDT,buy,201.65077500,1.82063502,0.36713246,USDT
2025-10-27T19:30:00Z,SOL/USDT,stop_sell,200.29980000,1.82063502,0.36467283,USDT
2025-10-28T00:30:00Z,SOL/USDT,buy,199.75983000,1.83400386,0.36636030,USDT
2025-10-28T05:45:00Z,SOL/USDT,sell,199.47021500,1.83400386,0.36582914,USDT
2025-10-28T08:30:00Z,SOL/USDT,buy,203.00145000,1.81347603,0.36813826,USDT
2025-10-28T09:45:00Z,SOL/USDT,sell,202.05892000,1.81347603,0.36642901,USDT
2025-10-28T17:45:00Z,SOL/USDT,buy,200.82036000,1.82914097,0.36732875,USDT
2025-10-28T18:00:00Z,SOL/USDT,sell,200.20984500,1.82914097,0.36621203,USDT
2025-10-29T01:00:00Z,SOL/USDT,buy,194.11701000,1.88955688,0.36679513,USDT
2025-10-29T01:00:00Z,SOL/USDT,stop_sell,192.89136321,1.88955688,0.36447920,USDT
2025-10-29T04:30:00Z,SOL/USDT,buy,194.56723500,1.88490067,0.36673991,USDT
2025-10-29T07:30:00Z,SOL/USDT,sell,195.58216000,1.88490067,0.36865294,USDT
2025-10-29T08:00:00Z,SOL/USDT,buy,195.41766000,1.87295612,0.36600870,USDT
2025-10-29T08:00:00Z,SOL/USDT,stop_sell,195.07562768,1.87295612,0.36536809,USDT
2025-10-29T10:45:00Z,SOL/USDT,buy,196.60825500,1.8609828,0.36588458,USDT
2025-10-29T16:00:00Z,SOL/USDT,sell,196.40175000,1.8609828,0.36550028,USDT
2025-10-29T23:30:00Z,SOL/USDT,buy,194.78734500,1.8773116,0.36567654,USDT
2025-10-29T23:30:00Z,SOL/USDT,stop_sell,193.68703661,1.8773116,0.36361092,USDT
2025-10-30T00:30:00Z,SOL/USDT,buy,194.27709000,1.88972458,0.36713019,USDT
2025-10-30T01:15:00Z,SOL/USDT,sell,194.45272500,1.88972458,0.36746209,USDT
2025-10-30T02:00:00Z,SOL/USDT,buy,195.77784000,1.8683403,0.36577963,USDT
2025-10-30T02:30:00Z,SOL/USDT,sell,196.82154000,1.8683403,0.36772962,USDT
2025-10-30T02:45:00Z,SOL/USDT,buy,197.30860500,1.85661249,0.36632562,USDT
2025-10-30T04:00:00Z,SOL/USDT,stop_sell,195.61000321,1.85661249,0.36317198,USDT
2025-10-30T05:45:00Z,SOL/USDT,buy,195.25758000,1.87625345,0.36635271,USDT
2025-10-30T06:30:00Z,SOL/USDT,sell,194.10290000,1.87625345,0.36418624,USDT
2025-10-30T23:00:00Z,SOL/USDT,buy,183.35163000,1.99074401,0.36500616,USDT
2025-10-30T23:15:00Z,SOL/USDT,sell,183.60815000,1.99074401,0.36551682,USDT
2025-10-31T00:00:00Z,SOL/USDT,buy,184.86238500,1.97847466,0.36574554,USDT
2025-10-31T03:15:00Z,SOL/USDT,sell,185.27731500,1.97847466,0.36656647,USDT
2025-10-31T12:15:00Z,SOL/USDT,buy,188.65428000,1.94711141,0.36733090,USDT
2025-10-31T12:45:00Z,SOL/USDT,stop_sell,186.67447321,1.94711141,0.36347600,USDT
2025-10-31T13:15:00Z,SOL/USDT,buy,187.24357500,1.95035128,0.36519075,USDT
2025-10-31T16:45:00Z,SOL/USDT,sell,186.10690000,1.95035128,0.36297383,USDT
2025-10-31T21:30:00Z,SOL/USDT,buy,187.04347500,1.94950953,0.36464304,USDT
2025-11-01T00:15:00Z,SOL/USDT,sell,186.49670500,1.94950953,0.36357710,USDT
2025-11-01T10:00:00Z,SOL/USDT,buy,185.99295000,1.95574185,0.36375420,USDT
2025-11-01T10:00:00Z,SOL/USDT,stop_sell,185.80705000,1.95574185,0.36339062,USDT
2025-11-01T11:15:00Z,SOL/USDT,buy,186.29310000,1.95422654,0.36405892,USDT
2025-11-01T11:30:00Z,SOL/USDT,stop_sell,185.94698000,1.95422654,0.36338252,USDT
2025-11-01T11:45:00Z,SOL/USDT,buy,186.14302500,1.96003052,0.36484601,USDT
2025-11-01T13:15:00Z,SOL/USDT,sell,186.23683500,1.96003052,0.36502988,USDT
2025-11-01T16:15:00Z,SOL/USDT,buy,186.14302500,1.95632557,0.36415636,USDT
2025-11-01T17:15:00Z,SOL/USDT,sell,185.71709500,1.95632557,0.36332310,USDT
2025-11-01T20:15:00Z,SOL/USDT,buy,186.47319000,1.95555069,0.36465778,USDT
2025-11-01T21:15:00Z,SOL/USDT,sell,186.02694000,1.95555069,0.36378511,USDT
2025-11-01T22:45:00Z,SOL/USDT,buy,185.79285000,1.96149367,0.36443150,USDT
2025-11-02T00:45:00Z,SOL/USDT,sell,185.47721500,1.96149367,0.36381238,USDT
2025-11-02T15:30:00Z,SOL/USDT,buy,184.69230000,1.96790567,0.36345702,USDT
2025-11-02T15:45:00Z,SOL/USDT,sell,184.13788500,1.96790567,0.36236599,USDT
2025-11-02T21:00:00Z,SOL/USDT,buy,184.70230500,1.97458817,0.36471099,USDT
2025-11-03T02:15:00Z,SOL/USDT,sell,184.70760000,1.97458817,0.36472144,USDT
2025-11-03T14:15:00Z,SOL/USDT,buy,175.96794000,2.06405167,0.36320692,USDT
2025-11-03T14:30:00Z,SOL/USDT,sell,175.44223500,2.06405167,0.36212184,USDT
2025-11-03T15:00:00Z,SOL/USDT,buy,176.29810500,2.06299655,0.36370238,USDT
2025-11-03T15:00:00Z,SOL/USDT,stop_sell,175.43545268,2.06299655,0.36192273,USDT
2025-11-04T00:45:00Z,SOL/USDT,buy,167.07349500,2.17792406,0.36387338,USDT
2025-11-04T04:30:00Z,SOL/USDT,sell,166.35678000,2.17792406,0.36231243,USDT
2025-11-04T10:15:00Z,SOL/USDT,buy,160.81036500,2.26231372,0.36380350,USDT
2025-11-04T14:30:00Z,SOL/USDT,sell,159.85003500,2.26231372,0.36163093,USDT
2025-11-04T14:45:00Z,SOL/USDT,buy,162.88140000,2.23266381,0.36365941,USDT
2025-11-04T16:15:00Z,SOL/USDT,stop_sell,161.05871607,2.23266381,0.35958997,USDT
2025-11-05T02:00:00Z,SOL/USDT,buy,153.26659500,2.36968338,0.36319330,USDT
2025-11-05T07:45:00Z,SOL/USDT,sell,156.58167000,2.36968338,0.37104898,USDT
2025-11-05T08:00:00Z,SOL/USDT,buy,156.70831500,2.3200755,0.36357512,USDT
2025-11-05T08:15:00Z,SOL/USDT,sell,155.35228500,2.3200755,0.36042903,USDT
2025-11-05T09:15:00Z,SOL/USDT,buy,156.54823500,2.31366858,0.36220073,USDT
2025-11-05T09:30:00Z,SOL/USDT,sell,156.22185000,2.31366858,0.36144559,USDT
2025-11-05T09:45:00Z,SOL/USDT,buy,156.54823500,2.31291486,0.36208274,USDT
2025-11-05T10:00:00Z,SOL/USDT,sell,156.28182000,2.31291486,0.36146654,USDT
2025-11-05T12:00:00Z,SOL/USDT,buy,157.50871500,2.30679423,0.36334019,USDT
2025-11-05T14:15:00Z,SOL/USDT,sell,158.78057000,2.30679423,0.36627410,USDT
2025-11-05T15:45:00Z,SOL/USDT,buy,160.19005500,2.26444827,0.36274209,USDT
2025-11-05T16:15:00Z,SOL/USDT,sell,158.99046500,2.26444827,0.36002568,USDT
2025-11-05T22:00:00Z,SOL/USDT,buy,161.95093500,2.23623511,0.36216037,USDT
2025-11-05T22:15:00Z,SOL/USDT,sell,161.60915500,2.23623511,0.36139607,USDT
2025-11-05T23:00:00Z,SOL/USDT,buy,162.91141500,2.22904448,0.36313679,USDT
2025-11-05T23:15:00Z,SOL/USDT,sell,162.69861000,2.22904448,0.36266244,USDT
2025-11-06T03:00:00Z,SOL/USDT,buy,161.78085000,2.23987958,0.36236962,USDT
2025-11-06T03:30:00Z,SOL/USDT,sell,161.97897000,2.23987958,0.36281339,USDT
2025-11-06T04:00:00Z,SOL/USDT,buy,162.54123000,2.23009774,0.36248283,USDT
2025-11-06T04:15:00Z,SOL/USDT,sell,162.43874000,2.23009774,0.36225427,USDT
2025-11-06T05:00:00Z,SOL/USDT,buy,162.17104500,2.23512749,0.36247296,USDT
2025-11-06T05:00:00Z,SOL/USDT,stop_sell,161.02730321,2.23512749,0.35991655,USDT
2025-11-06T10:45:00Z,SOL/USDT,buy,159.46969500,2.27460143,0.36273000,USDT
2025-11-06T11:00:00Z,SOL/USDT,sell,158.57067500,2.27460143,0.36068508,USDT
2025-11-06T13:30:00Z,SOL/USDT,buy,161.07049500,2.24878289,0.36221257,USDT
2025-11-06T14:15:00Z,SOL/USDT,stop_sell,159.01509554,2.24878289,0.35759043,USDT
2025-11-06T20:30:00Z,SOL/USDT,buy,156.43818000,2.30865225,0.36116136,USDT
2025-11-06T20:45:00Z,SOL/USDT,sell,154.84254000,2.30865225,0.35747758,USDT
2025-11-07T02:00:00Z,SOL/USDT,buy,157.11852000,2.30155459,0.36161685,USDT
2025-11-07T02:30:00Z,SOL/USDT,sell,156.36178000,2.30155459,0.35987517,USDT
2025-11-07T02:45:00Z,SOL/USDT,buy,157.37865000,2.30044572,0.36204104,USDT
2025-11-07T05:00:00Z,SOL/USDT,sell,156.16188000,2.30044572,0.35924193,USDT
2025-11-07T22:45:00Z,SOL/USDT,buy,163.25158500,2.20440745,0.35987301,USDT
2025-11-07T23:15:00Z,SOL/USDT,stop_sell,162.51370250,2.20440745,0.35824642,USDT
2025-11-08T02:45:00Z,SOL/USDT,buy,164.08200000,2.19869357,0.36076604,USDT
2025-11-08T03:45:00Z,SOL/USDT,stop_sell,162.77535732,2.19869357,0.35789313,USDT
2025-11-08T04:15:00Z,SOL/USDT,buy,163.53172500,2.20771091,0.36103077,USDT
2025-11-08T05:15:00Z,SOL/USDT,stop_sell,161.79798911,2.20771091,0.35720319,USDT
2025-11-08T05:30:00Z,SOL/USDT,buy,162.14103000,2.22360385,0.36053742,USDT
2025-11-08T06:00:00Z,SOL/USDT,sell,161.08941500,2.22360385,0.35819904,USDT
2025-11-08T20:45:00Z,SOL/USDT,buy,157.97895000,2.27594398,0.35955124,USDT
2025-11-08T21:00:00Z,SOL/USDT,sell,157.66113000,2.27594398,0.35882790,USDT
2025-11-09T02:00:00Z,SOL/USDT,buy,158.26909500,2.27233853,0.35964096,USDT
2025-11-09T02:15:00Z,SOL/USDT,sell,157.38127000,2.27233853,0.35762352,USDT
2025-11-09T05:15:00Z,SOL/USDT,buy,157.56874500,2.2798888,0.35923922,USDT
2025-11-09T10:45:00Z,SOL/USDT,sell,158.16088000,2.2798888,0.36058922,USDT
2025-11-09T11:00:00Z,SOL/USDT,buy,158.58925500,2.27127456,0.36019974,USDT
2025-11-09T12:30:00Z,SOL/USDT,sell,159.47022500,2.27127456,0.36220067,USDT
2025-11-09T18:45:00Z,SOL/USDT,buy,162.65128500,2.20923473,0.35933487,USDT
2025-11-09T20:30:00Z,SOL/USDT,sell,165.58716500,2.20923473,0.36582092,USDT
2025-11-09T20:45:00Z,SOL/USDT,buy,165.63277500,2.17097666,0.35958489,USDT
2025-11-10T00:00:00Z,SOL/USDT,stop_sell,163.92799500,2.17097666,0.35588385,USDT
2025-11-10T00:15:00Z,SOL/USDT,buy,165.35263500,2.17606389,0.35981790,USDT
2025-11-10T05:45:00Z,SOL/USDT,sell,167.29631000,2.17606389,0.36404746,USDT
2025-11-10T06:15:00Z,SOL/USDT,buy,167.79385500,2.14300807,0.35958359,USDT
2025-11-10T06:15:00Z,SOL/USDT,stop_sell,166.67055161,2.14300807,0.35717634,USDT
2025-11-10T20:45:00Z,SOL/USDT,buy,168.37414500,2.13770123,0.35993362,USDT
2025-11-10T21:00:00Z,SOL/USDT,stop_sell,167.02822982,2.13770123,0.35705645,USDT
2025-11-10T21:30:00Z,SOL/USDT,buy,166.21306500,2.1632514,0.35956065,USDT
2025-11-10T21:45:00Z,SOL/USDT,sell,166.32679500,2.1632514,0.35980667,USDT
2025-11-12T05:30:00Z,SOL/USDT,buy,155.72782500,2.30867036,0.35952421,USDT
2025-11-12T15:15:00Z,SOL/USDT,sell,158.18087000,2.30867036,0.36518749,USDT
2025-11-12T21:00:00Z,SOL/USDT,buy,153.79686000,2.34007637,0.35989640,USDT
2025-11-12T21:30:00Z,SOL/USDT,sell,153.54319000,2.34007637,0.35930279,USDT
2025-11-12T23:45:00Z,SOL/USDT,buy,153.40666500,2.34488468,0.35972094,USDT
2025-11-13T00:30:00Z,SOL/USDT,sell,153.64314000,2.34488468,0.36027545,USDT
2025-11-13T01:45:00Z,SOL/USDT,buy,153.40666500,2.33809022,0.35867862,USDT
2025-11-13T01:45:00Z,SOL/USDT,stop_sell,152.46587179,2.33809022,0.35647896,USDT
2025-11-13T03:30:00Z,SOL/USDT,buy,153.99696000,2.33475241,0.35954477,USDT
2025-11-13T05:00:00Z,SOL/USDT,sell,154.12290000,2.33475241,0.35983881,USDT
2025-11-13T10:00:00Z,SOL/USDT,buy,155.21757000,2.32321111,0.36060318,USDT
2025-11-13T10:30:00Z,SOL/USDT,sell,155.15238500,2.32321111,0.36045174,USDT
2025-11-13T12:30:00Z,SOL/USDT,buy,156.31812000,2.29941925,0.35944089,USDT
2025-11-13T13:15:00Z,SOL/USDT,stop_sell,155.31801643,2.29941925,0.35714124,USDT
2025-11-13T15:00:00Z,SOL/USDT,buy,155.24758500,2.3128259,0.35906064,USDT
2025-11-13T15:00:00Z,SOL/USDT,stop_sell,153.93370893,2.3128259,0.35602187,USDT
2025-11-14T00:30:00Z,SOL/USDT,buy,144.56224500,2.48214542,0.35882451,USDT
2025-11-14T01:00:00Z,SOL/USDT,sell,143.16838000,2.48214542,0.35536474,USDT
2025-11-14T09:30:00Z,SOL/USDT,buy,141.56074500,2.51834544,0.35649886,USDT
2025-11-14T09:45:00Z,SOL/USDT,sell,141.20936000,2.51834544,0.35561395,USDT
2025-11-14T11:00:00Z,SOL/USDT,buy,141.90091500,2.51144744,0.35637669,USDT
2025-11-14T11:00:00Z,SOL/USDT,stop_sell,141.35143179,2.51144744,0.35499669,USDT
2025-11-14T14:45:00Z,SOL/USDT,buy,142.12102500,2.51291696,0.35713833,USDT
2025-11-14T15:15:00Z,SOL/USDT,sell,141.09941500,2.51291696,0.35457111,USDT
2025-11-14T16:15:00Z,SOL/USDT,buy,142.61127000,2.50738107,0.35758080,USDT
2025-11-14T20:30:00Z,SOL/USDT,sell,141.52920000,2.50738107,0.35486764,USDT
2025-11-15T02:15:00Z,SOL/USDT,buy,142.44118500,2.51162057,0.35775821,USDT
2025-11-15T07:00:00Z,SOL/USDT,sell,142.56868000,2.51162057,0.35807843,USDT
2025-11-15T07:30:00Z,SOL/USDT,buy,143.04148500,2.49579515,0.35700224,USDT
2025-11-15T07:30:00Z,SOL/USDT,stop_sell,142.58188768,2.49579515,0.35585518,USDT
2025-11-16T02:30:00Z,SOL/USDT,buy,140.23008000,2.54939265,0.35750154,USDT
2025-11-16T08:30:00Z,SOL/USDT,sell,141.63914500,2.54939265,0.36109380,USDT
2025-11-16T09:00:00Z,SOL/USDT,buy,142.50121500,2.51975588,0.35906827,USDT
2025-11-16T11:15:00Z,SOL/USDT,sell,142.09891500,2.51975588,0.35805458,USDT
2025-11-16T20:45:00Z,SOL/USDT,buy,137.31862500,2.59578309,0.35644936,USDT
2025-11-16T21:00:00Z,SOL/USDT,sell,136.50171500,2.59578309,0.35432884,USDT
2025-11-16T21:45:00Z,SOL/USDT,buy,136.15804500,2.62946257,0.35802248,USDT
2025-11-16T22:45:00Z,SOL/USDT,sell,135.93200000,2.62946257,0.35742811,USDT
2025-11-16T23:30:00Z,SOL/USDT,buy,137.42868000,2.5898042,0.35591337,USDT
2025-11-17T00:00:00Z,SOL/USDT,sell,137.06143500,2.5898042,0.35496228,USDT
2025-11-17T00:30:00Z,SOL/USDT,buy,138.46920000,2.58303336,0.35767056,USDT
2025-11-17T01:00:00Z,SOL/USDT,sell,138.89052000,2.58303336,0.35875885,USDT
2025-11-17T01:30:00Z,SOL/USDT,buy,138.56925000,2.57821194,0.35726089,USDT
2025-11-17T11:15:00Z,SOL/USDT,sell,142.50871000,2.57821194,0.36741766,USDT
2025-11-17T11:30:00Z,SOL/USDT,buy,142.39116000,2.50936566,0.35731149,USDT
2025-11-17T11:30:00Z,SOL/USDT,stop_sell,142.06321857,2.50936566,0.35648856,USDT
2025-11-17T11:45:00Z,SOL/USDT,buy,142.06099500,2.50709672,0.35616065,USDT
2025-11-17T11:45:00Z,SOL/USDT,stop_sell,141.91900500,2.50709672,0.35580467,USDT
2025-11-17T12:00:00Z,SOL/USDT,buy,141.99096000,2.51814776,0.35755422,USDT
2025-11-17T13:00:00Z,SOL/USDT,stop_sell,141.40961696,2.51814776,0.35609031,USDT
2025-11-17T23:15:00Z,SOL/USDT,buy,131.08551000,2.72369135,0.35703647,USDT
2025-11-17T23:30:00Z,SOL/USDT,sell,130.41476000,2.72369135,0.35520955,USDT
2025-11-18T00:00:00Z,SOL/USDT,buy,131.04549000,2.72442716,0.35702389,USDT
2025-11-18T00:30:00Z,SOL/USDT,stop_sell,129.88895161,2.72442716,0.35387299,USDT
2025-11-18T01:00:00Z,SOL/USDT,buy,131.50572000,2.71028783,0.35641835,USDT
2025-11-18T11:00:00Z,SOL/USDT,sell,137.65114000,2.71028783,0.37307421,USDT
2025-11-18T11:15:00Z,SOL/USDT,buy,137.58876000,2.60313112,0.35816158,USDT
2025-11-18T11:45:00Z,SOL/USDT,sell,138.11091000,2.60313112,0.35952081,USDT
2025-11-18T12:30:00Z,SOL/USDT,buy,138.07900500,2.60995362,0.36037980,USDT
2025-11-18T13:15:00Z,SOL/USDT,sell,137.45124000,2.60995362,0.35874136,USDT
2025-11-18T14:00:00Z,SOL/USDT,buy,138.18906000,2.58746498,0.35755935,USDT
2025-11-18T15:00:00Z,SOL/USDT,sell,137.45124000,2.58746498,0.35565027,USDT
2025-11-18T15:15:00Z,SOL/USDT,buy,139.46970000,2.56463407,0.35768874,USDT
2025-11-18T16:15:00Z,SOL/USDT,sell,139.63015000,2.56463407,0.35810024,USDT
2025-11-18T17:00:00Z,SOL/USDT,buy,141.16054500,2.53700207,0.35812459,USDT
2025-11-18T17:15:00Z,SOL/USDT,sell,140.65963500,2.53700207,0.35685379,USDT
2025-11-18T21:30:00Z,SOL/USDT,buy,140.91042000,2.53605545,0.35735664,USDT
2025-11-18T21:30:00Z,SOL/USDT,stop_sell,140.15488750,2.53605545,0.35544057,USDT
2025-11-18T22:15:00Z,SOL/USDT,buy,140.70031500,2.54231616,0.35770468,USDT
2025-11-18T23:45:00Z,SOL/USDT,sell,140.89951500,2.54231616,0.35821111,USDT
2025-11-19T00:45:00Z,SOL/USDT,buy,141.26059500,2.53193164,0.35766217,USDT
2025-11-19T01:15:00Z,SOL/USDT,sell,141.16938000,2.53193164,0.35743122,USDT
2025-11-19T02:15:00Z,SOL/USDT,buy,141.46069500,2.52978256,0.35786480,USDT
2025-11-19T03:30:00Z,SOL/USDT,sell,140.51970500,2.52978256,0.35548430,USDT
2025-11-19T08:30:00Z,SOL/USDT,buy,140.34013500,2.53701087,0.35604445,USDT
2025-11-19T09:00:00Z,SOL/USDT,stop_sell,139.85075393,2.53701087,0.35480288,USDT
2025-11-19T09:30:00Z,SOL/USDT,buy,139.76985000,2.56266575,0.35818341,USDT
2025-11-19T10:45:00Z,SOL/USDT,sell,139.43025000,2.56266575,0.35731313,USDT
2025-11-20T02:00:00Z,SOL/USDT,buy,139.61977500,2.55643207,0.35692847,USDT
2025-11-20T07:00:00Z,SOL/USDT,sell,142.93849500,2.55643207,0.36541255,USDT
2025-11-20T07:15:00Z,SOL/USDT,buy,143.24158500,2.49648784,0.35760088,USDT
2025-11-20T07:45:00Z,SOL/USDT,sell,143.64814000,2.49648784,0.35861583,USDT
2025-11-20T21:15:00Z,SOL/USDT,buy,133.89691500,2.66830444,0.35727773,USDT
2025-11-21T00:45:00Z,SOL/USDT,sell,134.33280000,2.66830444,0.35844081,USDT
2025-11-21T01:00:00Z,SOL/USDT,buy,134.31712500,2.66360071,0.35776719,USDT
2025-11-21T01:45:00Z,SOL/USDT,sell,134.63265000,2.66360071,0.35860762,USDT
2025-11-21T15:45:00Z,SOL/USDT,buy,126.05299500,2.85012976,0.35926739,USDT
2025-11-21T16:00:00Z,SOL/USDT,sell,125.36728500,2.85012976,0.35731303,USDT
2025-11-21T16:30:00Z,SOL/USDT,buy,125.37265500,2.85365895,0.35777080,USDT
2025-11-21T19:45:00Z,SOL/USDT,sell,127.97598000,2.85365895,0.36519980,USDT
2025-11-21T20:00:00Z,SOL/USDT,buy,128.15404500,2.79411669,0.35807736,USDT
2025-11-21T21:00:00Z,SOL/USDT,sell,126.75659000,2.79411669,0.35417270,USDT
2025-11-22T01:45:00Z,SOL/USDT,buy,129.69481500,2.75742676,0.35762395,USDT
2025-11-22T02:15:00Z,SOL/USDT,sell,128.39577000,2.75742676,0.35404193,USDT
2025-11-22T07:30:00Z,SOL/USDT,buy,127.56375000,2.78615695,0.35541263,USDT
2025-11-22T07:45:00Z,SOL/USDT,sell,127.85604000,2.78615695,0.35622699,USDT
2025-11-22T09:15:00Z,SOL/USDT,buy,126.27310500,2.8243432,0.35663859,USDT
2025-11-22T09:30:00Z,SOL/USDT,sell,126.61666000,2.8243432,0.35760890,USDT
2025-11-22T10:15:00Z,SOL/USDT,buy,126.74334000,2.81227214,0.35643676,USDT
2025-11-22T10:15:00Z,SOL/USDT,stop_sell,126.07193250,2.81227214,0.35454858,USDT
2025-11-22T10:30:00Z,SOL/USDT,buy,125.81287500,2.83834995,0.35710097,USDT
2025-11-22T10:45:00Z,SOL/USDT,sell,125.94699500,2.83834995,0.35748165,USDT
2025-11-22T16:30:00Z,SOL/USDT,buy,127.68381000,2.79370484,0.35671088,USDT
2025-11-22T19:45:00Z,SOL/USDT,sell,126.93650000,2.79370484,0.35462311,USDT
2025-11-22T20:00:00Z,SOL/USDT,buy,127.56375000,2.80138129,0.35735470,USDT
2025-11-22T20:15:00Z,SOL/USDT,sell,127.36628500,2.80138129,0.35680153,USDT
2025-11-23T11:45:00Z,SOL/USDT,buy,129.94494000,2.75025437,0.35738164,USDT
2025-11-23T20:30:00Z,SOL/USDT,sell,132.40376500,2.75025437,0.36414403,USDT
2025-11-24T02:15:00Z,SOL/USDT,buy,133.78686000,2.67415929,0.35776737,USDT
2025-11-24T02:45:00Z,SOL/USDT,sell,132.95349000,2.67415929,0.35553881,USDT
2025-11-24T03:00:00Z,SOL/USDT,buy,133.48671000,2.67540226,0.35713065,USDT
2025-11-24T04:15:00Z,SOL/USDT,stop_sell,131.95934446,2.67540226,0.35304433,USDT
2025-11-24T04:30:00Z,SOL/USDT,buy,131.13553500,2.71859263,0.35650410,USDT
2025-11-24T06:45:00Z,SOL/USDT,sell,130.79457000,2.71859263,0.35557715,USDT
2025-11-24T13:15:00Z,SOL/USDT,buy,130.15504500,2.73134195,0.35549793,USDT
2025-11-24T13:30:00Z,SOL/USDT,stop_sell,129.81506000,2.73134195,0.35456932,USDT
2025-11-24T14:00:00Z,SOL/USDT,buy,129.63478500,2.73494942,0.35454458,USDT
2025-11-24T14:00:00Z,SOL/USDT,stop_sell,129.50521500,2.73494942,0.35419021,USDT
2025-11-24T14:15:00Z,SOL/USDT,buy,129.83488500,2.74504637,0.35640278,USDT
2025-11-24T14:15:00Z,SOL/USDT,stop_sell,129.25676786,2.74504637,0.35481582,USDT
2025-11-24T15:00:00Z,SOL/USDT,buy,130.77535500,2.72368226,0.35619051,USDT
2025-11-25T01:00:00Z,SOL/USDT,sell,138.18087500,2.72368226,0.37636080,USDT
2025-11-25T01:15:00Z,SOL/USDT,buy,138.95944500,2.57405184,0.35768882,USDT
2025-11-25T01:30:00Z,SOL/USDT,sell,138.58067500,2.57405184,0.35671384,USDT
2025-11-25T04:45:00Z,SOL/USDT,buy,138.54924000,2.58125717,0.35763122,USDT
2025-11-25T05:30:00Z,SOL/USDT,sell,138.00096500,2.58125717,0.35621598,USDT
2025-11-25T06:30:00Z,SOL/USDT,buy,137.90892000,2.58021314,0.35583441,USDT
2025-11-25T06:30:00Z,SOL/USDT,stop_sell,137.76822429,2.58021314,0.35547138,USDT
2025-11-25T07:15:00Z,SOL/USDT,buy,137.94894000,2.59270372,0.35766073,USDT
2025-11-25T07:15:00Z,SOL/USDT,stop_sell,137.03966018,2.59270372,0.35530324,USDT
2025-11-25T12:45:00Z,SOL/USDT,buy,136.41817500,2.61311988,0.35647705,USDT
2025-11-25T13:00:00Z,SOL/USDT,stop_sell,135.84989821,2.61311988,0.35499207,USDT
2025-11-25T13:45:00Z,SOL/USDT,buy,135.59776500,2.62954954,0.35656104,USDT
2025-11-25T14:30:00Z,SOL/USDT,sell,135.51221000,2.62954954,0.35633607,USDT
2025-11-25T22:45:00Z,SOL/USDT,buy,138.27910500,2.57637843,0.35625930,USDT
2025-11-26T03:45:00Z,SOL/USDT,sell,138.41076000,2.57637843,0.35659850,USDT
2025-11-26T07:30:00Z,SOL/USDT,buy,139.82988000,2.55109389,0.35671915,USDT
2025-11-26T08:15:00Z,SOL/USDT,sell,138.57068000,2.55109389,0.35350682,USDT
2025-11-26T14:15:00Z,SOL/USDT,buy,136.76835000,2.60019764,0.35562474,USDT
2025-11-26T14:30:00Z,SOL/USDT,stop_sell,136.36928125,2.60019764,0.35458708,USDT
2025-11-26T22:45:00Z,SOL/USDT,buy,143.01147000,2.48300151,0.35509770,USDT
2025-11-26T23:00:00Z,SOL/USDT,sell,143.19836500,2.48300151,0.35556176,USDT
2025-11-27T07:30:00Z,SOL/USDT,buy,144.16204500,2.47114664,0.35624555,USDT
2025-11-27T08:00:00Z,SOL/USDT,stop_sell,143.63671714,2.47114664,0.35494739,USDT
2025-11-27T19:30:00Z,SOL/USDT,buy,142.66129500,2.49776665,0.35633462,USDT
2025-11-27T20:30:00Z,SOL/USDT,sell,142.51870500,2.49776665,0.35597847,USDT
2025-11-27T21:00:00Z,SOL/USDT,buy,142.40116500,2.49349189,0.35507615,USDT
2025-11-27T21:00:00Z,SOL/USDT,stop_sell,142.13925196,2.49349189,0.35442307,USDT
2025-11-27T21:30:00Z,SOL/USDT,buy,142.48120500,2.50360562,0.35671675,USDT
2025-11-27T22:15:00Z,SOL/USDT,sell,141.80906000,2.50360562,0.35503396,USDT
2025-11-28T08:15:00Z,SOL/USDT,buy,139.70982000,2.54415861,0.35544394,USDT
2025-11-28T08:45:00Z,SOL/USDT,sell,140.24984000,2.54415861,0.35681784,USDT
2025-11-28T11:30:00Z,SOL/USDT,buy,140.61027000,2.53059323,0.35582740,USDT
2025-11-28T14:00:00Z,SOL/USDT,sell,142.40876000,2.53059323,0.36037864,USDT
2025-11-28T14:30:00Z,SOL/USDT,buy,142.85139000,2.48502519,0.35498930,USDT
2025-11-28T14:45:00Z,SOL/USDT,stop_sell,142.01895500,2.48502519,0.35292068,USDT
2025-11-28T22:15:00Z,SOL/USDT,buy,137.29861500,2.59037389,0.35565475,USDT
2025-11-28T22:30:00Z,SOL/USDT,sell,136.73160000,2.59037389,0.35418597,USDT
2025-11-28T23:30:00Z,SOL/USDT,buy,137.97895500,2.57765242,0.35566179,USDT
2025-11-29T00:00:00Z,SOL/USDT,sell,137.40126500,2.57765242,0.35417270,USDT
2025-11-29T00:45:00Z,SOL/USDT,buy,137.67880500,2.5786206,0.35502140,USDT
2025-11-29T01:30:00Z,SOL/USDT,sell,137.46123500,2.5786206,0.35446037,USDT
2025-11-29T02:15:00Z,SOL/USDT,buy,137.71882500,2.58050484,0.35538409,USDT
2025-11-29T02:30:00Z,SOL/USDT,sell,137.26133500,2.58050484,0.35420354,USDT
2025-11-29T03:15:00Z,SOL/USDT,buy,137.34864000,2.58409956,0.35492256,USDT
2025-11-29T03:30:00Z,SOL/USDT,stop_sell,136.84154500,2.58409956,0.35361218,USDT
2025-11-29T05:30:00Z,SOL/USDT,buy,137.93893500,2.57411885,0.35507121,USDT
2025-11-29T05:45:00Z,SOL/USDT,stop_sell,137.32130500,2.57411885,0.35348136,USDT
2025-11-29T06:15:00Z,SOL/USDT,buy,136.88841000,2.57708438,0.35277298,USDT
2025-11-29T06:15:00Z,SOL/USDT,stop_sell,136.75159000,2.57708438,0.35242039,USDT
2025-11-29T07:30:00Z,SOL/USDT,buy,137.20857000,2.58134569,0.35418275,USDT
2025-11-29T07:45:00Z,SOL/USDT,sell,137.05144000,2.58134569,0.35377714,USDT
2025-11-29T08:30:00Z,SOL/USDT,buy,137.04849000,2.58540206,0.35432545,USDT
2025-11-29T08:45:00Z,SOL/USDT,sell,136.68162500,2.58540206,0.35337695,USDT
2025-11-29T13:30:00Z,SOL/USDT,buy,136.95844500,2.58896698,0.35458089,USDT
2025-11-29T14:00:00Z,SOL/USDT,sell,136.74159500,2.58896698,0.35401947,USDT
2025-11-29T14:30:00Z,SOL/USDT,buy,136.80837000,2.58954896,0.35427197,USDT
2025-11-29T14:30:00Z,SOL/USDT,stop_sell,136.54597857,2.58954896,0.35359250,USDT
2025-11-29T17:30:00Z,SOL/USDT,buy,137.07850500,2.58363922,0.35416140,USDT
2025-11-29T17:30:00Z,SOL/USDT,stop_sell,136.50849732,2.58363922,0.35268871,USDT
2025-11-30T00:30:00Z,SOL/USDT,buy,135.97795500,2.60555485,0.35429802,USDT
2025-11-30T02:45:00Z,SOL/USDT,sell,135.85204000,2.60555485,0.35396994,USDT
2025-11-30T06:45:00Z,SOL/USDT,buy,136.44819000,2.59520333,0.35411080,USDT
2025-11-30T07:00:00Z,SOL/USDT,sell,136.27183000,2.59520333,0.35365311,USDT
2025-11-30T07:30:00Z,SOL/USDT,buy,136.55824500,2.5924287,0.35401751,USDT
2025-11-30T08:45:00Z,SOL/USDT,sell,136.61166000,2.5924287,0.35415599,USDT
2025-11-30T09:00:00Z,SOL/USDT,buy,136.93843500,2.58849149,0.35446397,USDT
2025-11-30T11:30:00Z,SOL/USDT,sell,136.30181500,2.58849149,0.35281609,USDT
2025-11-30T12:00:00Z,SOL/USDT,buy,136.70832000,2.58787035,0.35378341,USDT
2025-11-30T12:15:00Z,SOL/USDT,sell,136.81156000,2.58787035,0.35405058,USDT
2025-12-01T08:00:00Z,SOL/USDT,buy,127.49371500,2.77681105,0.35402596,USDT
2025-12-01T09:15:00Z,SOL/USDT,sell,127.21636000,2.77681105,0.35325579,USDT
2025-12-01T11:00:00Z,SOL/USDT,buy,127.34364000,2.77937529,0.35393577,USDT
2025-12-01T12:15:00Z,SOL/USDT,sell,126.67663000,2.77937529,0.35208190,USDT
2025-12-01T13:15:00Z,SOL/USDT,buy,127.56375000,2.77035812,0.35339727,USDT
2025-12-01T13:30:00Z,SOL/USDT,sell,126.86653500,2.77035812,0.35146574,USDT
2025-12-01T20:15:00Z,SOL/USDT,buy,124.67230500,2.82746638,0.35250675,USDT
2025-12-01T20:45:00Z,SOL/USDT,sell,124.68762500,2.82746638,0.35255007,USDT
2025-12-01T23:15:00Z,SOL/USDT,buy,127.06350000,2.78203431,0.35349502,USDT
2025-12-02T03:30:00Z,SOL/USDT,sell,126.04694500,2.78203431,0.35066693,USDT
2025-12-02T04:00:00Z,SOL/USDT,buy,127.70382000,2.76455505,0.35304424,USDT
2025-12-02T05:00:00Z,SOL/USDT,sell,126.75659000,2.76455505,0.35042557,USDT
2025-12-02T08:15:00Z,SOL/USDT,buy,126.31312500,2.78517593,0.35180428,USDT
2025-12-02T08:30:00Z,SOL/USDT,sell,126.04694500,2.78517593,0.35106292,USDT
2025-12-02T10:15:00Z,SOL/USDT,buy,127.13353500,2.77264991,0.35249678,USDT
2025-12-02T11:45:00Z,SOL/USDT,sell,128.28582500,2.77264991,0.35569168,USDT
2025-12-02T12:00:00Z,SOL/USDT,buy,128.35414500,2.74761934,0.35266833,USDT
2025-12-02T20:30:00Z,SOL/USDT,sell,138.85054000,2.74761934,0.38150843,USDT
2025-12-03T14:45:00Z,SOL/USDT,buy,142.97145000,2.47328524,0.35360918,USDT
2025-12-03T14:45:00Z,SOL/USDT,stop_sell,142.26847304,2.47328524,0.35187051,USDT
2025-12-03T18:45:00Z,SOL/USDT,buy,141.17055000,2.49927753,0.35282438,USDT
2025-12-03T18:45:00Z,SOL/USDT,stop_sell,140.81919804,2.49927753,0.35194626,USDT
2025-12-03T19:00:00Z,SOL/USDT,buy,141.48070500,2.51701371,0.35610887,USDT
2025-12-03T19:15:00Z,SOL/USDT,sell,141.26933000,2.51701371,0.35557684,USDT
2025-12-03T22:45:00Z,SOL/USDT,buy,144.24208500,2.45120624,0.35356710,USDT
2025-12-04T02:45:00Z,SOL/USDT,sell,145.39726500,2.45120624,0.35639868,USDT
2025-12-04T03:00:00Z,SOL/USDT,buy,145.52272500,2.43102313,0.35376911,USDT
2025-12-04T03:30:00Z,SOL/USDT,stop_sell,144.52662911,2.43102313,0.35134758,USDT
2025-12-04T05:00:00Z,SOL/USDT,buy,144.19206000,2.45625717,0.35417278,USDT
2025-12-04T05:15:00Z,SOL/USDT,sell,143.70811000,2.45625717,0.35298408,USDT
2025-12-04T12:00:00Z,SOL/USDT,buy,143.15154000,2.47407463,0.35416759,USDT
2025-12-04T12:15:00Z,SOL/USDT,stop_sell,142.55868500,2.47407463,0.35270083,USDT
2025-12-04T16:30:00Z,SOL/USDT,buy,143.15154000,2.47251423,0.35394422,USDT
2025-12-04T16:45:00Z,SOL/USDT,sell,142.59866500,2.47251423,0.35257723,USDT
2025-12-05T02:30:00Z,SOL/USDT,buy,139.75984500,2.53256876,0.35395142,USDT
2025-12-05T03:00:00Z,SOL/USDT,sell,139.83005000,2.53256876,0.35412922,USDT
2025-12-05T03:15:00Z,SOL/USDT,buy,139.97995500,2.52972973,0.35411145,USDT
2025-12-05T03:15:00Z,SOL/USDT,stop_sell,139.40990304,2.52972973,0.35266938,USDT
2025-12-05T07:15:00Z,SOL/USDT,buy,140.25009000,2.52452838,0.35406533,USDT
2025-12-05T08:00:00Z,SOL/USDT,stop_sell,139.30531250,2.52452838,0.35168021,USDT
2025-12-05T23:30:00Z,SOL/USDT,buy,133.03648500,2.66189204,0.35412876,USDT
2025-12-06T03:45:00Z,SOL/USDT,sell,133.70311500,2.66189204,0.35590326,USDT
2025-12-06T04:00:00Z,SOL/USDT,buy,133.80687000,2.64222869,0.35354835,USDT
2025-12-06T04:00:00Z,SOL/USDT,stop_sell,133.23656268,2.64222869,0.35204147,USDT
2025-12-06T14:30:00Z,SOL/USDT,buy,133.67680500,2.64169538,0.35313340,USDT
2025-12-06T15:00:00Z,SOL/USDT,stop_sell,133.30474286,2.64169538,0.35215052,USDT
2025-12-06T15:15:00Z,SOL/USDT,buy,132.96645000,2.65498186,0.35302351,USDT
2025-12-06T15:15:00Z,SOL/USDT,stop_sell,132.50585679,2.65498186,0.35180065,USDT
2025-12-07T00:45:00Z,SOL/USDT,buy,132.51622500,2.6614269,0.35268225,USDT
2025-12-07T02:00:00Z,SOL/USDT,sell,132.50371500,2.6614269,0.35264895,USDT
2025-12-07T02:15:00Z,SOL/USDT,buy,132.74634000,2.65957742,0.35304917,USDT
2025-12-07T07:15:00Z,SOL/USDT,sell,132.43375000,2.65957742,0.35221781,USDT
2025-12-07T12:15:00Z,SOL/USDT,buy,132.83638500,2.6568487,0.35292618,USDT
2025-12-07T13:15:00Z,SOL/USDT,stop_sell,131.66413500,2.6568487,0.34981169,USDT
2025-12-07T19:00:00Z,SOL/USDT,buy,136.06800000,2.58921851,0.35230978,USDT
2025-12-07T21:30:00Z,SOL/USDT,stop_sell,134.68226804,2.58921851,0.34872182,USDT
2025-12-07T21:45:00Z,SOL/USDT,buy,133.89691500,2.62860249,0.35196176,USDT
2025-12-07T21:45:00Z,SOL/USDT,stop_sell,133.22549679,2.62860249,0.35019687,USDT
2025-12-07T22:00:00Z,SOL/USDT,buy,132.88641000,2.65127657,0.35231863,USDT
2025-12-07T22:00:00Z,SOL/USDT,stop_sell,131.94934946,2.65127657,0.34983422,USDT
2025-12-08T08:15:00Z,SOL/USDT,buy,136.14804000,2.58565452,0.35203180,USDT
2025-12-08T14:00:00Z,SOL/USDT,sell,138.13090000,2.58565452,0.35715879,USDT
2025-12-08T14:15:00Z,SOL/USDT,buy,138.67930500,2.53604063,0.35169635,USDT
2025-12-08T14:15:00Z,SOL/USDT,stop_sell,137.94028107,2.53604063,0.34982216,USDT
2025-12-08T14:45:00Z,SOL/USDT,buy,138.54924000,2.54206505,0.35220118,USDT
2025-12-08T14:45:00Z,SOL/USDT,stop_sell,137.33237089,2.54206505,0.34910782,USDT
2025-12-09T04:00:00Z,SOL/USDT,buy,134.20707000,2.62073373,0.35172100,USDT
2025-12-09T04:30:00Z,SOL/USDT,stop_sell,133.24334500,2.62073373,0.34919533,USDT
2025-12-09T10:45:00Z,SOL/USDT,buy,132.72633000,2.65042772,0.35178154,USDT
2025-12-09T12:15:00Z,SOL/USDT,sell,132.97348000,2.65042772,0.35243660,USDT
2025-12-09T12:30:00Z,SOL/USDT,buy,133.45669500,2.63311154,0.35140636,USDT
2025-12-09T13:15:00Z,SOL/USDT,sell,133.08342500,2.63311154,0.35042350,USDT
2025-12-09T14:45:00Z,SOL/USDT,buy,132.06600000,2.64818203,0.34973481,USDT
2025-12-09T14:45:00Z,SOL/USDT,stop_sell,131.93400000,2.64818203,0.34938525,USDT
2025-12-10T02:45:00Z,SOL/USDT,buy,137.55874500,2.55003326,0.35077937,USDT
2025-12-10T03:00:00Z,SOL/USDT,sell,137.83105000,2.55003326,0.35147376,USDT
2025-12-10T04:00:00Z,SOL/USDT,buy,138.28911000,2.53474473,0.35052759,USDT
2025-12-10T04:15:00Z,SOL/USDT,sell,138.28082500,2.53474473,0.35050659,USDT
2025-12-10T04:30:00Z,SOL/USDT,buy,138.92943000,2.52775632,0.35117974,USDT
2025-12-10T09:15:00Z,SOL/USDT,sell,138.33080000,2.52775632,0.34966655,USDT
2025-12-10T15:30:00Z,SOL/USDT,buy,136.63828500,2.55705324,0.34939137,USDT
2025-12-10T15:30:00Z,SOL/USDT,stop_sell,136.50171500,2.55705324,0.34904215,USDT
2025-12-10T22:30:00Z,SOL/USDT,buy,137.13853500,2.56092268,0.35120118,USDT
2025-12-10T23:30:00Z,SOL/USDT,sell,136.53170000,2.56092268,0.34964713,USDT
2025-12-11T08:30:00Z,SOL/USDT,buy,130.60527000,2.68447851,0.35060704,USDT
2025-12-11T09:45:00Z,SOL/USDT,sell,131.27433000,2.68447851,0.35240312,USDT
2025-12-11T10:00:00Z,SOL/USDT,buy,131.15554500,2.66940616,0.35010742,USDT
2025-12-11T10:00:00Z,SOL/USDT,stop_sell,130.95413304,2.66940616,0.34956977,USDT
2025-12-11T10:30:00Z,SOL/USDT,buy,130.95544500,2.67619164,0.35046187,USDT
2025-12-11T10:45:00Z,SOL/USDT,sell,130.80456500,2.67619164,0.35005808,USDT
2025-12-11T11:15:00Z,SOL/USDT,buy,131.12553000,2.6736798,0.35058768,USDT
2025-12-11T11:30:00Z,SOL/USDT,sell,131.14439500,2.6736798,0.35063812,USDT
2025-12-11T11:45:00Z,SOL/USDT,buy,131.27560500,2.67022644,0.35053559,USDT
2025-12-11T12:00:00Z,SOL/USDT,sell,131.02445500,2.67022644,0.34986496,USDT
2025-12-11T12:30:00Z,SOL/USDT,buy,131.78586000,2.66451677,0.35114563,USDT
2025-12-11T13:30:00Z,SOL/USDT,stop_sell,130.98447500,2.66451677,0.34901033,USDT
2025-12-11T13:45:00Z,SOL/USDT,buy,131.22558000,2.66319632,0.34947948,USDT
2025-12-11T13:45:00Z,SOL/USDT,stop_sell,131.08371107,2.66319632,0.34910166,USDT
2025-12-11T14:00:00Z,SOL/USDT,buy,131.41567500,2.65829368,0.34934146,USDT
2025-12-11T14:00:00Z,SOL/USDT,stop_sell,131.24862857,2.65829368,0.34889740,USDT
2025-12-11T14:45:00Z,SOL/USDT,buy,131.10552000,2.66144082,0.34892958,USDT
2025-12-11T14:45:00Z,SOL/USDT,stop_sell,130.86596286,2.66144082,0.34829202,USDT
2025-12-11T15:45:00Z,SOL/USDT,buy,131.37565500,2.66590146,0.35023455,USDT
2025-12-11T16:15:00Z,SOL/USDT,sell,130.27483000,2.66590146,0.34729986,USDT
2025-12-11T16:45:00Z,SOL/USDT,buy,131.79586500,2.65458094,0.34986279,USDT
2025-12-11T17:15:00Z,SOL/USDT,sell,130.99447000,2.65458094,0.34773542,USDT
2025-12-11T17:45:00Z,SOL/USDT,buy,132.33613500,2.6402286,0.34939765,USDT
2025-12-11T23:00:00Z,SOL/USDT,sell,136.43175000,2.6402286,0.36021101,USDT
2025-12-12T01:00:00Z,SOL/USDT,buy,136.19806500,2.58516498,0.35209447,USDT
2025-12-12T02:00:00Z,SOL/USDT,sell,136.57168000,2.58516498,0.35306032,USDT
2025-12-12T02:15:00Z,SOL/USDT,buy,137.81887500,2.54066043,0.35015096,USDT
2025-12-12T02:45:00Z,SOL/USDT,sell,137.11141000,2.54066043,0.34835353,USDT
2025-12-12T03:15:00Z,SOL/USDT,buy,137.11852500,2.54901653,0.34951739,USDT
2025-12-12T05:30:00Z,SOL/USDT,sell,136.93150000,2.54901653,0.34904066,USDT
2025-12-12T05:45:00Z,SOL/USDT,buy,137.95894500,2.55056148,0.35187277,USDT
2025-12-12T10:45:00Z,SOL/USDT,sell,138.39077000,2.55056148,0.35297417,USDT
2025-12-13T02:30:00Z,SOL/USDT,buy,132.87640500,2.63000165,0.34946516,USDT
2025-12-13T03:15:00Z,SOL/USDT,sell,132.88352500,2.63000165,0.34948389,USDT
2025-12-13T12:45:00Z,SOL/USDT,buy,132.65629500,2.6286043,0.34870091,USDT
2025-12-13T12:45:00Z,SOL/USDT,stop_sell,132.52370500,2.6286043,0.34835238,USDT
2025-12-13T22:00:00Z,SOL/USDT,buy,132.92643000,2.63530416,0.35030157,USDT
2025-12-13T22:00:00Z,SOL/USDT,stop_sell,132.29560482,2.63530416,0.34863916,USDT
2025-12-13T22:45:00Z,SOL/USDT,buy,132.99646500,2.63745847,0.35077265,USDT
2025-12-14T04:00:00Z,SOL/USDT,sell,132.82355500,2.63745847,0.35031661,USDT
2025-12-14T04:15:00Z,SOL/USDT,buy,133.16655000,2.62467641,0.34951910,USDT
2025-12-14T04:30:00Z,SOL/USDT,stop_sell,132.65364000,2.62467641,0.34817288,USDT
2025-12-14T08:15:00Z,SOL/USDT,buy,133.55674500,2.61597995,0.34938177,USDT
2025-12-14T08:45:00Z,SOL/USDT,stop_sell,132.87353000,2.61597995,0.34759449,USDT
2025-12-14T09:30:00Z,SOL/USDT,buy,132.53623500,2.63283361,0.34894585,USDT
2025-12-14T09:45:00Z,SOL/USDT,sell,132.40376500,2.63283361,0.34859708,USDT
2025-12-14T10:00:00Z,SOL/USDT,buy,132.56625000,2.63399047,0.34917824,USDT
2025-12-14T10:00:00Z,SOL/USDT,stop_sell,132.17673571,2.63399047,0.34815226,USDT
2025-12-14T16:30:00Z,SOL/USDT,buy,131.22558000,2.65459208,0.34835039,USDT
2025-12-14T16:30:00Z,SOL/USDT,stop_sell,130.86060839,2.65459208,0.34738153,USDT
2025-12-14T20:15:00Z,SOL/USDT,buy,130.56525000,2.66799577,0.34834753,USDT
2025-12-14T20:30:00Z,SOL/USDT,sell,130.04494500,2.66799577,0.34695936,USDT
2025-12-14T22:15:00Z,SOL/USDT,buy,129.95494500,2.67902067,0.34815198,USDT
2025-12-14T22:45:00Z,SOL/USDT,sell,129.85504000,2.67902067,0.34788434,USDT
2025-12-15T07:30:00Z,SOL/USDT,buy,132.20607000,2.63667257,0.34858412,USDT
2025-12-15T11:45:00Z,SOL/USDT,sell,132.27383000,2.63667257,0.34876278,USDT
2025-12-15T12:00:00Z,SOL/USDT,buy,132.37615500,2.63237433,0.34846359,USDT
2025-12-15T12:00:00Z,SOL/USDT,stop_sell,132.15281911,2.63237433,0.34787569,USDT
2025-12-15T12:45:00Z,SOL/USDT,buy,132.76635000,2.61775165,0.34754933,USDT
2025-12-15T12:45:00Z,SOL/USDT,stop_sell,132.63365000,2.61775165,0.34720196,USDT
2025-12-15T13:15:00Z,SOL/USDT,buy,132.98646000,2.6206707,0.34851372,USDT
2025-12-15T13:30:00Z,SOL/USDT,stop_sell,132.30381500,2.6206707,0.34672473,USDT
2025-12-15T13:45:00Z,SOL/USDT,buy,133.10652000,2.61563117,0.34815756,USDT
2025-12-15T14:30:00Z,SOL/USDT,stop_sell,132.40697768,2.61563117,0.34632782,USDT
2025-12-15T14:45:00Z,SOL/USDT,buy,132.66630000,2.61942934,0.34751000,USDT
2025-12-15T14:45:00Z,SOL/USDT,stop_sell,131.67769964,2.61942934,0.34492043,USDT
2025-12-15T21:30:00Z,SOL/USDT,buy,125.82288000,2.76093647,0.34738898,USDT
2025-12-15T21:45:00Z,SOL/USDT,sell,125.77708000,2.76093647,0.34726253,USDT
2025-12-16T11:15:00Z,SOL/USDT,buy,128.49421500,2.70792132,0.34795222,USDT
2025-12-16T11:45:00Z,SOL/USDT,sell,128.06593500,2.70792132,0.34679248,USDT
2025-12-16T12:45:00Z,SOL/USDT,buy,128.45419500,2.70528918,0.34750574,USDT
2025-12-16T13:30:00Z,SOL/USDT,stop_sell,127.75037857,2.70528918,0.34560172,USDT
2025-12-16T13:45:00Z,SOL/USDT,buy,127.91392500,2.7148788,0.34727080,USDT
2025-12-16T13:45:00Z,SOL/USDT,stop_sell,126.90151750,2.7148788,0.34452224,USDT
2025-12-16T14:00:00Z,SOL/USDT,buy,126.88341000,2.73454251,0.34696808,USDT
2025-12-16T15:30:00Z,SOL/USDT,sell,127.93600000,2.73454251,0.34984643,USDT
2025-12-16T16:00:00Z,SOL/USDT,buy,129.91492500,2.6685884,0.34668946,USDT
2025-12-16T16:15:00Z,SOL/USDT,sell,128.70561500,2.6685884,0.34346231,USDT
2025-12-16T18:45:00Z,SOL/USDT,buy,128.52423000,2.70529196,0.34769557,USDT
2025-12-16T19:00:00Z,SOL/USDT,sell,127.82605500,2.70529196,0.34580680,USDT
2025-12-16T22:15:00Z,SOL/USDT,buy,128.58426000,2.69841576,0.34697379,USDT
2025-12-17T02:30:00Z,SOL/USDT,sell,128.67563000,2.69841576,0.34722035,USDT
2025-12-17T02:45:00Z,SOL/USDT,buy,129.40467000,2.69101112,0.34822941,USDT
2025-12-17T03:45:00Z,SOL/USDT,sell,128.46573500,2.69101112,0.34570272,USDT
2025-12-17T13:15:00Z,SOL/USDT,buy,127.99396500,2.70857619,0.34668141,USDT
2025-12-17T14:45:00Z,SOL/USDT,stop_sell,127.43446518,2.70857619,0.34516596,USDT
2025-12-17T23:30:00Z,SOL/USDT,buy,123.27160500,2.81306129,0.34677058,USDT
2025-12-18T01:15:00Z,SOL/USDT,sell,123.45824000,2.81306129,0.34729560,USDT
2025-12-18T01:30:00Z,SOL/USDT,buy,123.59176500,2.804515,0.34661496,USDT
2025-12-18T03:45:00Z,SOL/USDT,sell,123.25834000,2.804515,0.34567986,USDT
2025-12-18T04:00:00Z,SOL/USDT,buy,123.89191500,2.80459637,0.34746682,USDT
2025-12-18T05:15:00Z,SOL/USDT,stop_sell,122.73895696,2.80459637,0.34423323,USDT
2025-12-18T12:15:00Z,SOL/USDT,buy,123.83188500,2.7824205,0.34455238,USDT
2025-12-18T12:15:00Z,SOL/USDT,stop_sell,123.70811500,2.7824205,0.34420800,USDT
2025-12-18T13:00:00Z,SOL/USDT,buy,124.32213000,2.78714119,0.34650333,USDT
2025-12-18T17:00:00Z,SOL/USDT,stop_sell,123.35579125,2.78714119,0.34381001,USDT
2025-12-19T00:30:00Z,SOL/USDT,buy,119.01948000,2.886491,0.34354866,USDT
2025-12-19T00:30:00Z,SOL/USDT,stop_sell,118.71846821,2.886491,0.34267979,USDT
2025-12-19T01:00:00Z,SOL/USDT,buy,118.35915000,2.9127294,0.34474818,USDT
2025-12-19T01:30:00Z,SOL/USDT,sell,117.80107000,2.9127294,0.34312264,USDT
2025-12-19T09:00:00Z,SOL/USDT,buy,124.80237000,2.75754361,0.34414798,USDT
2025-12-19T16:00:00Z,SOL/USDT,sell,124.93750000,2.75754361,0.34452060,USDT
2025-12-19T16:15:00Z,SOL/USDT,buy,126.19306500,2.72380298,0.34372505,USDT
2025-12-19T16:45:00Z,SOL/USDT,stop_sell,125.17166857,2.72380298,0.34094296,USDT
2025-12-19T21:45:00Z,SOL/USDT,buy,126.71332500,2.71924997,0.34456521,USDT
2025-12-20T00:00:00Z,SOL/USDT,stop_sell,125.86417929,2.71924997,0.34225617,USDT
2025-12-20T04:00:00Z,SOL/USDT,buy,126.35314500,2.7233762,0.34410715,USDT
2025-12-20T04:15:00Z,SOL/USDT,sell,126.07693000,2.7233762,0.34335491,USDT
2025-12-20T04:45:00Z,SOL/USDT,buy,126.27310500,2.72418891,0.34399179,USDT
2025-12-20T07:00:00Z,SOL/USDT,stop_sell,126.00874982,2.72418891,0.34327164,USDT
2025-12-20T08:15:00Z,SOL/USDT,buy,126.51322500,2.72545476,0.34480607,USDT
2025-12-20T10:00:00Z,SOL/USDT,sell,126.34679500,2.72545476,0.34435247,USDT
2025-12-20T10:15:00Z,SOL/USDT,buy,126.47320500,2.72149748,0.34419651,USDT
2025-12-20T10:30:00Z,SOL/USDT,sell,126.34679500,2.72149748,0.34385248,USDT
2025-12-20T15:45:00Z,SOL/USDT,buy,126.50322000,2.72537188,0.34476832,USDT
2025-12-20T17:45:00Z,SOL/USDT,stop_sell,125.88524018,2.72537188,0.34308409,USDT
2025-12-20T18:15:00Z,SOL/USDT,buy,126.02298000,2.73187765,0.34427936,USDT
2025-12-20T18:45:00Z,SOL/USDT,sell,125.81706000,2.73187765,0.34371681,USDT
2025-12-20T19:00:00Z,SOL/USDT,buy,126.03298500,2.72934732,0.34398779,USDT
2025-12-20T19:30:00Z,SOL/USDT,sell,125.93700000,2.72934732,0.34372581,USDT
2025-12-21T13:00:00Z,SOL/USDT,buy,125.20257000,2.74006018,0.34306258,USDT
2025-12-21T13:00:00Z,SOL/USDT,stop_sell,124.99104464,2.74006018,0.34248298,USDT
2025-12-21T16:30:00Z,SOL/USDT,buy,125.38266000,2.73685207,0.34315379,USDT
2025-12-21T16:45:00Z,SOL/USDT,sell,125.31731000,2.73685207,0.34297494,USDT
2025-12-21T17:15:00Z,SOL/USDT,buy,126.18306000,2.72392906,0.34371370,USDT
2025-12-21T17:45:00Z,SOL/USDT,stop_sell,125.46509321,2.72392906,0.34175801,USDT
2025-12-21T18:00:00Z,SOL/USDT,buy,125.31262500,2.73592509,0.34284595,USDT
2025-12-21T18:00:00Z,SOL/USDT,stop_sell,124.89537821,2.73592509,0.34170440,USDT
2025-12-21T18:15:00Z,SOL/USDT,buy,124.55224500,2.75540847,0.34319231,USDT
2025-12-21T21:15:00Z,SOL/USDT,sell,125.06743500,2.75540847,0.34461187,USDT
2025-12-21T23:00:00Z,SOL/USDT,buy,125.95294500,2.72783348,0.34357866,USDT
2025-12-22T02:00:00Z,SOL/USDT,stop_sell,125.39477125,2.72783348,0.34205606,USDT
2025-12-22T02:15:00Z,SOL/USDT,buy,124.67230500,2.7357817,0.34107621,USDT
2025-12-22T02:30:00Z,SOL/USDT,sell,125.19737000,2.7357817,0.34251267,USDT
2025-12-22T06:45:00Z,SOL/USDT,buy,126.10302000,2.716541,0.34256402,USDT
2025-12-22T06:45:00Z,SOL/USDT,stop_sell,125.83490821,2.716541,0.34183569,USDT
2025-12-22T07:45:00Z,SOL/USDT,buy,126.25309500,2.71242344,0.34245185,USDT
2025-12-22T08:30:00Z,SOL/USDT,sell,127.11641000,2.71242344,0.34479353,USDT
2025-12-22T14:30:00Z,SOL/USDT,buy,127.61377500,2.68942921,0.34320821,USDT
2025-12-22T14:30:00Z,SOL/USDT,stop_sell,126.99111554,2.68942921,0.34153362,USDT
2025-12-22T14:45:00Z,SOL/USDT,buy,127.47370500,2.70683817,0.34505069,USDT
2025-12-22T17:15:00Z,SOL/USDT,sell,126.58667500,2.70683817,0.34264964,USDT
2025-12-22T18:00:00Z,SOL/USDT,buy,127.15354500,2.69892031,0.34317729,USDT
2025-12-22T19:00:00Z,SOL/USDT,sell,126.30681500,2.69892031,0.34089203,USDT
2025-12-23T00:00:00Z,SOL/USDT,buy,126.02298000,2.71781842,0.34250758,USDT
2025-12-23T03:00:00Z,SOL/USDT,stop_sell,125.07743000,2.71781842,0.33993774,USDT
2025-12-23T03:30:00Z,SOL/USDT,buy,125.95294500,2.71963926,0.34254657,USDT
2025-12-23T04:45:00Z,SOL/USDT,sell,125.37728000,2.71963926,0.34098097,USDT
2025-12-23T11:15:00Z,SOL/USDT,buy,125.19256500,2.73363953,0.34223134,USDT
2025-12-23T12:00:00Z,SOL/USDT,stop_sell,124.75759000,2.73363953,0.34104228,USDT
2025-12-24T10:15:00Z,SOL/USDT,buy,121.89091500,2.80557022,0.34197352,USDT
2025-12-24T14:30:00Z,SOL/USDT,stop_sell,121.41926000,2.80557022,0.34065026,USDT
2025-12-24T14:45:00Z,SOL/USDT,buy,121.69081500,2.80310223,0.34111179,USDT
2025-12-24T14:45:00Z,SOL/USDT,stop_sell,121.53241768,2.80310223,0.34066779,USDT
2025-12-24T15:45:00Z,SOL/USDT,buy,122.60127000,2.78681227,0.34166672,USDT
2025-12-24T17:45:00Z,SOL/USDT,stop_sell,122.01610429,2.78681227,0.34003598,USDT
2025-12-24T20:15:00Z,SOL/USDT,buy,123.16155000,2.77263184,0.34148163,USDT
2025-12-24T20:30:00Z,SOL/USDT,sell,123.03845000,2.77263184,0.34114032,USDT
2025-12-24T22:45:00Z,SOL/USDT,buy,123.35164500,2.77016614,0.34170455,USDT
2025-12-24T23:15:00Z,SOL/USDT,stop_sell,122.86996286,2.77016614,0.34037021,USDT
2025-12-25T02:45:00Z,SOL/USDT,buy,123.12153000,2.77268313,0.34137699,USDT
2025-12-25T03:00:00Z,SOL/USDT,sell,122.92850500,2.77268313,0.34084179,USDT
2025-12-25T04:45:00Z,SOL/USDT,buy,122.84139000,2.77798891,0.34125202,USDT
2025-12-25T05:00:00Z,SOL/USDT,stop_sell,122.47301857,2.77798891,0.34022869,USDT
2025-12-25T05:45:00Z,SOL/USDT,buy,122.49121500,2.78390896,0.34100439,USDT
2025-12-25T06:00:00Z,SOL/USDT,sell,122.27883000,2.78390896,0.34041313,USDT
2025-12-25T13:15:00Z,SOL/USDT,buy,121.92093000,2.79197115,0.34039972,USDT
2025-12-25T14:30:00Z,SOL/USDT,sell,122.05894000,2.79197115,0.34078504,USDT
2025-12-25T15:00:00Z,SOL/USDT,buy,122.21107500,2.79040532,0.34101843,USDT
2025-12-25T15:15:00Z,SOL/USDT,sell,122.13890000,2.79040532,0.34081704,USDT
2025-12-25T18:15:00Z,SOL/USDT,buy,123.88191000,2.75129498,0.34083568,USDT
2025-12-25T20:15:00Z,SOL/USDT,stop_sell,123.04666018,2.75129498,0.33853766,USDT
2025-12-25T22:15:00Z,SOL/USDT,buy,123.06150000,2.76500398,0.34026554,USDT
2025-12-25T22:45:00Z,SOL/USDT,sell,122.50871500,2.76500398,0.33873708,USDT
2025-12-26T05:30:00Z,SOL/USDT,buy,122.91142500,2.77077159,0.34055948,USDT
2025-12-26T05:45:00Z,SOL/USDT,sell,123.11841000,2.77077159,0.34113299,USDT
2025-12-26T08:15:00Z,SOL/USDT,buy,123.04149000,2.76889712,0.34068923,USDT
2025-12-26T08:30:00Z,SOL/USDT,stop_sell,122.48194268,2.76889712,0.33913990,USDT
2025-12-26T10:00:00Z,SOL/USDT,buy,123.83188500,2.7462127,0.34006870,USDT
2025-12-26T11:00:00Z,SOL/USDT,sell,123.63815000,2.7462127,0.33953666,USDT
2025-12-26T11:15:00Z,SOL/USDT,buy,123.73183500,2.7487598,0.34010909,USDT
2025-12-26T11:45:00Z,SOL/USDT,sell,123.42825500,2.7487598,0.33927463,USDT
2025-12-26T12:00:00Z,SOL/USDT,buy,124.03198500,2.74445176,0.34039980,USDT
2025-12-26T14:30:00Z,SOL/USDT,stop_sell,123.42075875,2.74445176,0.33872232,USDT
2025-12-26T21:30:00Z,SOL/USDT,buy,122.37115500,2.77271196,0.33929997,USDT
2025-12-26T22:00:00Z,SOL/USDT,stop_sell,121.98897500,2.77271196,0.33824029,USDT
2025-12-26T23:00:00Z,SOL/USDT,buy,122.59126500,2.77770014,0.34052177,USDT
2025-12-26T23:15:00Z,SOL/USDT,sell,122.17888000,2.77770014,0.33937629,USDT
2025-12-27T00:15:00Z,SOL/USDT,buy,122.24109000,2.77446227,0.33915329,USDT
2025-12-27T00:45:00Z,SOL/USDT,sell,121.95899000,2.77446227,0.33837062,USDT
2025-12-27T02:45:00Z,SOL/USDT,buy,122.47120500,2.77418764,0.33975810,USDT
2025-12-27T08:30:00Z,SOL/USDT,sell,123.10841500,2.77418764,0.34152584,USDT
2025-12-27T10:15:00Z,SOL/USDT,buy,123.21157500,2.75529502,0.33948424,USDT
2025-12-27T10:30:00Z,SOL/USDT,sell,122.98847500,2.75529502,0.33886953,USDT
2025-12-27T13:30:00Z,SOL/USDT,buy,123.28161000,2.75289025,0.33938074,USDT
2025-12-27T13:45:00Z,SOL/USDT,stop_sell,122.93850000,2.75289025,0.33843620,USDT
2025-12-27T14:00:00Z,SOL/USDT,buy,123.10152000,2.75675892,0.33936121,USDT
2025-12-27T14:15:00Z,SOL/USDT,sell,122.85854000,2.75675892,0.33869138,USDT
2025-12-27T19:15:00Z,SOL/USDT,buy,123.20157000,2.75163176,0.33900535,USDT
2025-12-27T19:45:00Z,SOL/USDT,sell,123.19837000,2.75163176,0.33899655,USDT
2025-12-27T21:00:00Z,SOL/USDT,buy,123.71182500,2.74183781,0.33919776,USDT
2025-12-28T02:00:00Z,SOL/USDT,sell,123.83805000,2.74183781,0.33954385,USDT
2025-12-28T03:30:00Z,SOL/USDT,buy,124.13203500,2.73145772,0.33906141,USDT
2025-12-28T03:45:00Z,SOL/USDT,sell,123.99797000,2.73145772,0.33869521,USDT
2025-12-28T07:15:00Z,SOL/USDT,buy,124.26210000,2.73012445,0.33925100,USDT
2025-12-28T07:30:00Z,SOL/USDT,sell,123.96798500,2.73012445,0.33844803,USDT
2025-12-28T13:15:00Z,SOL/USDT,buy,124.57225500,2.72018304,0.33885934,USDT
2025-12-28T13:30:00Z,SOL/USDT,sell,124.44774500,2.72018304,0.33852065,USDT
2025-12-28T13:45:00Z,SOL/USDT,buy,124.57225500,2.71953019,0.33877801,USDT
2025-12-28T15:45:00Z,SOL/USDT,stop_sell,124.38777500,2.71953019,0.33827631,USDT
2025-12-28T23:00:00Z,SOL/USDT,buy,124.45219500,2.72314701,0.33890162,USDT
2025-12-28T23:00:00Z,SOL/USDT,stop_sell,124.04330446,2.72314701,0.33778815,USDT
2025-12-28T23:15:00Z,SOL/USDT,buy,124.35214500,2.72748018,0.33916801,USDT
2025-12-29T04:45:00Z,SOL/USDT,sell,128.38577500,2.72748018,0.35016966,USDT
2025-12-29T05:00:00Z,SOL/USDT,buy,128.48421000,2.63719621,0.33883807,USDT
2025-12-29T05:15:00Z,SOL/USDT,sell,128.16588500,2.63719621,0.33799859,USDT
2025-12-29T19:15:00Z,SOL/USDT,buy,123.35164500,2.74799311,0.33896947,USDT
2025-12-29T19:30:00Z,SOL/USDT,sell,123.03845000,2.74799311,0.33810881,USDT
2025-12-29T21:15:00Z,SOL/USDT,buy,123.56175000,2.74566101,0.33925868,USDT
2025-12-29T22:00:00Z,SOL/USDT,sell,123.14839500,2.74566101,0.33812375,USDT
2025-12-29T22:15:00Z,SOL/USDT,buy,123.33163500,2.74849409,0.33897627,USDT
2025-12-29T22:30:00Z,SOL/USDT,sell,123.20836500,2.74849409,0.33863746,USDT
2025-12-29T23:15:00Z,SOL/USDT,buy,123.55174500,2.74293913,0.33889492,USDT
2025-12-30T00:00:00Z,SOL/USDT,sell,123.12840500,2.74293913,0.33773372,USDT
2025-12-30T00:30:00Z,SOL/USDT,buy,123.19156500,2.74864854,0.33861032,USDT
2025-12-30T00:45:00Z,SOL/USDT,sell,122.95849000,2.74864854,0.33796967,USDT
2025-12-30T05:45:00Z,SOL/USDT,buy,123.55174500,2.74489619,0.33913671,USDT
2025-12-30T09:45:00Z,SOL/USDT,sell,124.52770500,2.74489619,0.34181562,USDT
2025-12-30T10:00:00Z,SOL/USDT,buy,124.70232000,2.71797885,0.33893827,USDT
2025-12-30T11:15:00Z,SOL/USDT,sell,124.33780000,2.71797885,0.33794751,USDT
2025-12-30T20:00:00Z,SOL/USDT,buy,124.69231500,2.71734426,0.33883195,USDT
2025-12-30T20:30:00Z,SOL/USDT,sell,124.46773500,2.71734426,0.33822169,USDT
2025-12-31T00:30:00Z,SOL/USDT,buy,124.87240500,2.71433856,0.33894598,USDT
2025-12-31T07:30:00Z,SOL/USDT,sell,126.10691500,2.71433856,0.34229686,USDT
2025-12-31T07:45:00Z,SOL/USDT,buy,126.19306500,2.6790898,0.33808255,USDT
2025-12-31T08:45:00Z,SOL/USDT,sell,125.73710000,2.6790898,0.33686098,USDT
2025-12-31T09:15:00Z,SOL/USDT,buy,126.48321000,2.67704215,0.33860088,USDT
2025-12-31T09:30:00Z,SOL/USDT,sell,126.35679000,2.67704215,0.33826245,USDT
2025-12-31T12:30:00Z,SOL/USDT,buy,126.96345000,2.66124432,0.33788076,USDT
2025-12-31T13:00:00Z,SOL/USDT,sell,126.41676000,2.66124432,0.33642588,USDT
2025-12-31T13:15:00Z,SOL/USDT,buy,126.65329500,2.66787789,0.33789553,USDT
2025-12-31T14:00:00Z,SOL/USDT,sell,126.74659500,2.66787789,0.33814444,USDT
2025-12-31T14:15:00Z,SOL/USDT,buy,127.39366500,2.65963594,0.33882077,USDT
2025-12-31T14:30:00Z,SOL/USDT,sell,126.58667500,2.65963594,0.33667447,USDT
2025-12-31T23:45:00Z,SOL/USDT,buy,125.30262000,2.68745103,0.33674466,USDT
2026-01-01T00:00:00Z,SOL/USDT,sell,124.89752000,2.68745103,0.33565597,USDT
2026-01-01T00:15:00Z,SOL/USDT,buy,125.27260500,2.6837696,0.33620281,USDT
2026-01-01T03:15:00Z,SOL/USDT,sell,125.47723000,2.6837696,0.33675198,USDT
2026-01-01T03:30:00Z,SOL/USDT,buy,125.77285500,2.68689291,0.33793819,USDT
2026-01-01T04:30:00Z,SOL/USDT,sell,125.55719000,2.68689291,0.33735872,USDT
2026-01-01T04:45:00Z,SOL/USDT,buy,125.32263000,2.69531324,0.33778374,USDT
2026-01-01T05:00:00Z,SOL/USDT,sell,125.33730000,2.69531324,0.33782328,USDT
2026-01-01T05:15:00Z,SOL/USDT,buy,125.86290000,2.68568971,0.33802870,USDT
2026-01-01T05:30:00Z,SOL/USDT,sell,125.47723000,2.68568971,0.33699291,USDT
2026-01-01T06:00:00Z,SOL/USDT,buy,125.76285000,2.68054996,0.33711360,USDT
2026-01-01T06:45:00Z,SOL/USDT,sell,125.45724000,2.68054996,0.33629440,USDT
2026-01-01T07:30:00Z,SOL/USDT,buy,125.39266500,2.66858053,0.33462042,USDT
2026-01-01T07:30:00Z,SOL/USDT,stop_sell,125.26733500,2.66858053,0.33428597,USDT
2026-01-01T08:45:00Z,SOL/USDT,buy,124.76235000,2.68301279,0.33473898,USDT
2026-01-01T09:00:00Z,SOL/USDT,sell,125.70711500,2.68301279,0.33727380,USDT
2026-01-01T10:30:00Z,SOL/USDT,buy,125.51272500,2.68249119,0.33668678,USDT
2026-01-01T10:45:00Z,SOL/USDT,sell,125.31731000,2.68249119,0.33616258,USDT
2026-01-01T12:00:00Z,SOL/USDT,buy,126.16305000,2.67641117,0.33766420,USDT
2026-01-01T12:15:00Z,SOL/USDT,sell,125.93700000,2.67641117,0.33705919,USDT
2026-01-01T13:15:00Z,SOL/USDT,buy,125.87290500,2.68006397,0.33734744,USDT
2026-01-01T13:30:00Z,SOL/USDT,sell,125.75709000,2.68006397,0.33703705,USDT
2026-01-01T15:00:00Z,SOL/USDT,buy,125.56275000,2.67603546,0.33601037,USDT
2026-01-01T15:45:00Z,SOL/USDT,sell,125.24734500,2.67603546,0.33516634,USDT
2026-01-01T16:00:00Z,SOL/USDT,buy,126.02298000,2.67783627,0.33746891,USDT
2026-01-01T16:30:00Z,SOL/USDT,sell,125.33730000,2.67783627,0.33563277,USDT
2026-01-02T09:15:00Z,SOL/USDT,buy,129.18456000,2.59861538,0.33570098,USDT
2026-01-02T12:15:00Z,SOL/USDT,stop_sell,128.27368821,2.59861538,0.33333398,USDT
2026-01-02T12:30:00Z,SOL/USDT,buy,128.54424000,2.62570693,0.33751950,USDT
2026-01-02T12:45:00Z,SOL/USDT,sell,128.41576000,2.62570693,0.33718215,USDT
2026-01-02T22:15:00Z,SOL/USDT,buy,132.64629000,2.54007596,0.33693165,USDT
2026-01-03T03:15:00Z,SOL/USDT,sell,132.54369500,2.54007596,0.33667105,USDT
2026-01-03T03:45:00Z,SOL/USDT,buy,132.91642500,2.53415627,0.33683099,USDT
2026-01-03T04:45:00Z,SOL/USDT,stop_sell,132.23028036,2.53415627,0.33509219,USDT
2026-01-03T12:15:00Z,SOL/USDT,buy,130.85539500,2.57596959,0.33707952,USDT
2026-01-03T13:15:00Z,SOL/USDT,sell,130.99447000,2.57596959,0.33743777,USDT
2026-01-03T14:45:00Z,SOL/USDT,buy,131.82588000,2.54960395,0.33610378,USDT
2026-01-03T15:45:00Z,SOL/USDT,stop_sell,131.42746768,2.54960395,0.33508799,USDT
2026-01-03T16:00:00Z,SOL/USDT,buy,131.67580500,2.55613971,0.33658175,USDT
2026-01-03T19:15:00Z,SOL/USDT,sell,131.77408000,2.55613971,0.33683296,USDT
2026-01-03T19:45:00Z,SOL/USDT,buy,131.83588500,2.54890431,0.33603706,USDT
2026-01-03T20:00:00Z,SOL/USDT,stop_sell,131.55811661,2.54890431,0.33532905,USDT
2026-01-03T22:15:00Z,SOL/USDT,buy,133.06650000,2.52945854,0.33658619,USDT
2026-01-04T03:00:00Z,SOL/USDT,sell,133.71311000,2.52945854,0.33822177,USDT
2026-01-04T03:15:00Z,SOL/USDT,buy,134.36715000,2.50215596,0.33620757,USDT
2026-01-04T03:45:00Z,SOL/USDT,sell,134.24284500,2.50215596,0.33589653,USDT
2026-01-04T04:45:00Z,SOL/USDT,buy,134.77735500,2.49618021,0.33642857,USDT
2026-01-04T05:00:00Z,SOL/USDT,sell,134.36278500,2.49618021,0.33539372,USDT
2026-01-04T06:45:00Z,SOL/USDT,buy,134.14704000,2.50896049,0.33656962,USDT
2026-01-04T07:00:00Z,SOL/USDT,sell,133.80306500,2.50896049,0.33570660,USDT
2026-01-04T07:15:00Z,SOL/USDT,buy,133.97695500,2.50392733,0.33546856,USDT
2026-01-04T08:00:00Z,SOL/USDT,sell,133.81306000,2.50392733,0.33505818,USDT
2026-01-04T11:00:00Z,SOL/USDT,buy,134.66730000,2.489726,0.33528468,USDT
2026-01-04T11:45:00Z,SOL/USDT,stop_sell,134.28282500,2.489726,0.33432744,USDT
2026-01-04T12:00:00Z,SOL/USDT,buy,134.50722000,2.4939408,0.33545304,USDT
2026-01-04T13:15:00Z,SOL/USDT,stop_sell,134.09292000,2.4939408,0.33441980,USDT
2026-01-04T13:30:00Z,SOL/USDT,buy,134.15704500,2.50036287,0.33544129,USDT
2026-01-04T15:45:00Z,SOL/USDT,sell,134.60266500,2.50036287,0.33655551,USDT
2026-01-05T00:00:00Z,SOL/USDT,buy,134.23708500,2.50267924,0.33595237,USDT
2026-01-05T00:30:00Z,SOL/USDT,sell,134.30281500,2.50267924,0.33611687,USDT
2026-01-05T03:45:00Z,SOL/USDT,buy,136.92843000,2.44686931,0.33504597,USDT
2026-01-05T04:00:00Z,SOL/USDT,stop_sell,136.04551464,2.44686931,0.33288559,USDT
2026-01-05T04:15:00Z,SOL/USDT,buy,136.11802500,2.46319129,0.33528473,USDT
2026-01-05T05:30:00Z,SOL/USDT,sell,135.98197500,2.46319129,0.33494962,USDT
2026-01-05T10:15:00Z,SOL/USDT,buy,135.72783000,2.46477412,0.33453844,USDT
2026-01-05T10:30:00Z,SOL/USDT,sell,135.64214500,2.46477412,0.33432725,USDT
2026-01-05T17:45:00Z,SOL/USDT,buy,135.76785000,2.46879674,0.33518323,USDT
2026-01-05T18:00:00Z,SOL/USDT,sell,136.64164500,2.46879674,0.33734045,USDT
2026-01-05T18:45:00Z,SOL/USDT,buy,136.82838000,2.45357778,0.33571907,USDT
2026-01-06T00:15:00Z,SOL/USDT,sell,137.46123500,2.45357778,0.33727183,USDT
2026-01-06T01:30:00Z,SOL/USDT,buy,138.49921500,2.42199378,0.33544424,USDT
2026-01-06T01:45:00Z,SOL/USDT,stop_sell,137.57831929,2.42199378,0.33321383,USDT
2026-01-06T04:30:00Z,SOL/USDT,buy,138.88941000,2.41752255,0.33576828,USDT
2026-01-06T07:15:00Z,SOL/USDT,stop_sell,137.85282482,2.41752255,0.33326231,USDT
2026-01-06T07:30:00Z,SOL/USDT,buy,137.85889500,2.4272525,0.33461835,USDT
2026-01-06T07:45:00Z,SOL/USDT,sell,137.51121000,2.4272525,0.33377443,USDT
2026-01-06T08:15:00Z,SOL/USDT,buy,137.93893500,2.42233429,0.33413421,USDT
2026-01-06T08:30:00Z,SOL/USDT,sell,137.75109000,2.42233429,0.33367919,USDT
2026-01-06T12:00:00Z,SOL/USDT,buy,139.49971500,2.39721017,0.33441014,USDT
2026-01-06T13:00:00Z,SOL/USDT,stop_sell,138.87053000,2.39721017,0.33290185,USDT
2026-01-06T14:00:00Z,SOL/USDT,buy,139.62978000,2.39871351,0.33493184,USDT
2026-01-06T16:30:00Z,SOL/USDT,stop_sell,138.76451161,2.39871351,0.33285631,USDT
2026-01-06T21:15:00Z,SOL/USDT,buy,139.84989000,2.39181821,0.33449551,USDT
2026-01-06T23:00:00Z,SOL/USDT,sell,140.20986000,2.39181821,0.33535650,USDT
2026-01-07T01:00:00Z,SOL/USDT,buy,139.96995000,2.38680102,0.33408042,USDT
2026-01-07T01:30:00Z,SOL/USDT,stop_sell,139.06150589,2.38680102,0.33191214,USDT
2026-01-07T01:45:00Z,SOL/USDT,buy,139.27960500,2.39648121,0.33378096,USDT
2026-01-07T02:00:00Z,SOL/USDT,sell,138.95049000,2.39648121,0.33299224,USDT
2026-01-07T03:15:00Z,SOL/USDT,buy,140.19006000,2.38043765,0.33371370,USDT
2026-01-07T03:45:00Z,SOL/USDT,sell,139.59017000,2.38043765,0.33228570,USDT
2026-01-07T14:30:00Z,SOL/USDT,buy,137.15854500,2.42138385,0.33211349,USDT
2026-01-07T14:30:00Z,SOL/USDT,stop_sell,137.02145500,2.42138385,0.33178154,USDT
2026-01-07T14:45:00Z,SOL/USDT,buy,137.94894000,2.42291609,0.33423871,USDT
2026-01-07T15:00:00Z,SOL/USDT,stop_sell,136.80870429,2.42291609,0.33147601,USDT
2026-01-07T20:15:00Z,SOL/USDT,buy,135.85789500,2.44759731,0.33252542,USDT
2026-01-07T20:30:00Z,SOL/USDT,sell,135.46223500,2.44759731,0.33155700,USDT
2026-01-07T20:45:00Z,SOL/USDT,buy,136.08801000,2.45023759,0.33344796,USDT
2026-01-07T21:00:00Z,SOL/USDT,sell,135.90201500,2.45023759,0.33299223,USDT
2026-01-07T21:30:00Z,SOL/USDT,buy,136.49821500,2.44077934,0.33316202,USDT
2026-01-07T22:15:00Z,SOL/USDT,sell,136.04194500,2.44077934,0.33204837,USDT
2026-01-07T22:30:00Z,SOL/USDT,buy,136.54824000,2.43777073,0.33287330,USDT
2026-01-08T04:15:00Z,SOL/USDT,sell,137.04144500,2.43777073,0.33407562,USDT
2026-01-08T04:30:00Z,SOL/USDT,buy,138.17905500,2.41491509,0.33369069,USDT
2026-01-08T05:45:00Z,SOL/USDT,stop_sell,136.92971518,2.41491509,0.33067364,USDT
2026-01-08T15:15:00Z,SOL/USDT,buy,135.29761500,2.4600705,0.33284167,USDT
2026-01-08T22:45:00Z,SOL/USDT,sell,138.74059500,2.4600705,0.34131164,USDT
2026-01-08T23:00:00Z,SOL/USDT,buy,138.92943000,2.39764857,0.33310395,USDT
2026-01-08T23:15:00Z,SOL/USDT,sell,138.71061000,2.39764857,0.33257930,USDT
2026-01-09T00:30:00Z,SOL/USDT,buy,138.77935500,2.40440253,0.33368143,USDT
2026-01-09T01:45:00Z,SOL/USDT,sell,137.98097500,2.40440253,0.33176181,USDT
2026-01-09T02:15:00Z,SOL/USDT,buy,139.46970000,2.39272075,0.33371205,USDT
2026-01-09T02:45:00Z,SOL/USDT,sell,139.22035500,2.39272075,0.33311543,USDT
2026-01-09T03:15:00Z,SOL/USDT,buy,139.91992500,2.37968032,0.33296469,USDT
2026-01-09T08:00:00Z,SOL/USDT,sell,139.53020000,2.37968032,0.33203727,USDT
2026-01-09T23:15:00Z,SOL/USDT,buy,136.24809000,2.4382169,0.33220240,USDT
2026-01-09T23:30:00Z,SOL/USDT,sell,136.21186000,2.4382169,0.33211406,USDT
2026-01-10T00:30:00Z,SOL/USDT,buy,136.18806000,2.44692132,0.33324147,USDT
2026-01-10T00:45:00Z,SOL/USDT,sell,135.82205500,2.44692132,0.33234588,USDT
2026-01-10T02:00:00Z,SOL/USDT,buy,136.57825500,2.43471912,0.33252969,USDT
2026-01-10T02:30:00Z,SOL/USDT,stop_sell,136.08192500,2.43471912,0.33132126,USDT
2026-01-10T04:30:00Z,SOL/USDT,buy,135.91792500,2.4445411,0.33225695,USDT
2026-01-10T04:45:00Z,SOL/USDT,sell,135.89202000,2.4445411,0.33219363,USDT
2026-01-10T05:15:00Z,SOL/USDT,buy,136.21807500,2.43962694,0.33232129,USDT
2026-01-10T06:00:00Z,SOL/USDT,sell,135.75209000,2.43962694,0.33118446,USDT
2026-01-10T07:30:00Z,SOL/USDT,buy,136.11802500,2.43803258,0.33186018,USDT
2026-01-10T07:30:00Z,SOL/USDT,stop_sell,135.96626857,2.43803258,0.33149019,USDT
2026-01-10T09:30:00Z,SOL/USDT,buy,136.19806500,2.43939537,0.33224093,USDT
2026-01-10T10:00:00Z,SOL/USDT,sell,136.33180000,2.43939537,0.33256716,USDT
2026-01-10T19:00:00Z,SOL/USDT,buy,136.16805000,2.43615412,0.33172636,USDT
2026-01-10T19:15:00Z,SOL/USDT,sell,136.00196500,2.43615412,0.33132175,USDT
2026-01-10T19:30:00Z,SOL/USDT,buy,136.13803500,2.43713673,0.33178701,USDT
2026-01-10T20:00:00Z,SOL/USDT,sell,136.24184500,2.43713673,0.33204000,USDT
2026-01-11T00:00:00Z,SOL/USDT,buy,135.88791000,2.43814843,0.33131489,USDT
2026-01-11T00:00:00Z,SOL/USDT,stop_sell,135.75209000,2.43814843,0.33098375,USDT
2026-01-11T01:00:00Z,SOL/USDT,buy,136.48821000,2.43327505,0.33211336,USDT
2026-01-11T02:45:00Z,SOL/USDT,stop_sell,135.99161304,2.43327505,0.33090500,USDT
2026-01-11T03:00:00Z,SOL/USDT,buy,136.04799000,2.43503407,0.33128149,USDT
2026-01-11T03:15:00Z,SOL/USDT,stop_sell,135.88202500,2.43503407,0.33087736,USDT
2026-01-11T08:00:00Z,SOL/USDT,buy,136.19806500,2.4354806,0.33170775,USDT
2026-01-11T20:15:00Z,SOL/USDT,sell,138.59067000,2.4354806,0.33753489,USDT
2026-01-11T20:45:00Z,SOL/USDT,buy,138.39916500,2.39939059,0.33207365,USDT
2026-01-11T21:15:00Z,SOL/USDT,sell,137.98097500,2.39939059,0.33107025,USDT
2026-01-12T00:30:00Z,SOL/USDT,buy,140.87040000,2.35753904,0.33210747,USDT
2026-01-12T05:15:00Z,SOL/USDT,sell,142.67862500,2.35753904,0.33637043,USDT
2026-01-12T05:30:00Z,SOL/USDT,buy,143.19156000,2.3270186,0.33320942,USDT
2026-01-12T06:45:00Z,SOL/USDT,stop_sell,141.78550036,2.3270186,0.32993750,USDT
2026-01-12T07:30:00Z,SOL/USDT,buy,141.83088000,2.33118221,0.33063362,USDT
2026-01-12T07:30:00Z,SOL/USDT,stop_sell,141.68912000,2.33118221,0.33030316,USDT
2026-01-12T13:30:00Z,SOL/USDT,buy,139.74984000,2.37534212,0.33195368,USDT
2026-01-12T14:00:00Z,SOL/USDT,sell,139.73010000,2.37534212,0.33190679,USDT
2026-01-12T14:45:00Z,SOL/USDT,buy,140.03998500,2.36899898,0.33175458,USDT
2026-01-12T19:15:00Z,SOL/USDT,sell,141.39926500,2.36899898,0.33497471,USDT
2026-01-12T19:30:00Z,SOL/USDT,buy,141.28060500,2.35231521,0.33233652,USDT
2026-01-12T20:15:00Z,SOL/USDT,sell,140.99946500,2.35231521,0.33167519,USDT
2026-01-13T07:00:00Z,SOL/USDT,buy,140.55024000,2.35959022,0.33164097,USDT
2026-01-13T14:15:00Z,SOL/USDT,sell,142.18887000,2.35959022,0.33550747,USDT
2026-01-13T14:30:00Z,SOL/USDT,buy,143.23158000,2.3225984,0.33266944,USDT
2026-01-13T14:45:00Z,SOL/USDT,stop_sell,142.35378750,2.3225984,0.33063068,USDT
2026-01-14T05:15:00Z,SOL/USDT,buy,145.03248000,2.28890927,0.33196619,USDT
2026-01-14T05:30:00Z,SOL/USDT,sell,144.51770500,2.28890927,0.33078791,USDT
2026-01-14T22:45:00Z,SOL/USDT,buy,146.02297500,2.27051111,0.33154679,USDT
2026-01-14T23:00:00Z,SOL/USDT,sell,146.36678000,2.27051111,0.33232740,USDT
2026-01-15T09:00:00Z,SOL/USDT,buy,144.86239500,2.29111825,0.33189688,USDT
2026-01-15T10:15:00Z,SOL/USDT,sell,145.43724500,2.29111825,0.33321393,USDT
2026-01-15T10:45:00Z,SOL/USDT,buy,145.44268500,2.28013997,0.33162968,USDT
2026-01-15T11:30:00Z,SOL/USDT,stop_sell,145.01745500,2.28013997,0.33066010,USDT
2026-01-15T11:45:00Z,SOL/USDT,buy,145.06249500,2.28584063,0.33158974,USDT
2026-01-15T12:15:00Z,SOL/USDT,stop_sell,144.70582518,2.28584063,0.33077445,USDT
2026-01-15T23:00:00Z,SOL/USDT,buy,142.41117000,2.32770066,0.33149057,USDT
2026-01-15T23:00:00Z,SOL/USDT,stop_sell,142.18958393,2.32770066,0.33097479,USDT
2026-01-15T23:30:00Z,SOL/USDT,buy,142.43118000,2.32459072,0.33109420,USDT
2026-01-15T23:30:00Z,SOL/USDT,stop_sell,142.26990089,2.32459072,0.33071929,USDT
2026-01-16T01:45:00Z,SOL/USDT,buy,142.62127500,2.32645655,0.33180220,USDT
2026-01-16T02:00:00Z,SOL/USDT,stop_sell,141.93899500,2.32645655,0.33021490,USDT
2026-01-16T04:30:00Z,SOL/USDT,buy,142.44118500,2.32388788,0.33101734,USDT
2026-01-16T04:45:00Z,SOL/USDT,sell,141.83904500,2.32388788,0.32961804,USDT
2026-01-16T06:00:00Z,SOL/USDT,buy,143.29161000,2.31089407,0.33113173,USDT
2026-01-16T10:45:00Z,SOL/USDT,sell,143.08842000,2.31089407,0.33066218,USDT
2026-01-16T11:00:00Z,SOL/USDT,buy,143.08150500,2.31284567,0.33092544,USDT
2026-01-16T11:30:00Z,SOL/USDT,sell,143.01845500,2.31284567,0.33077961,USDT
2026-01-16T12:30:00Z,SOL/USDT,buy,143.75184000,2.30129621,0.33081556,USDT
2026-01-16T12:45:00Z,SOL/USDT,stop_sell,143.46466036,2.30129621,0.33015468,USDT
2026-01-16T13:00:00Z,SOL/USDT,buy,143.74183500,2.30232221,0.33094002,USDT
2026-01-16T13:15:00Z,SOL/USDT,stop_sell,143.29831500,2.30232221,0.32991889,USDT
2026-01-16T14:15:00Z,SOL/USDT,buy,143.23158000,2.30910078,0.33073615,USDT
2026-01-16T15:00:00Z,SOL/USDT,sell,142.75858500,2.30910078,0.32964396,USDT
2026-01-16T15:15:00Z,SOL/USDT,buy,142.99146000,2.30313502,0.32932864,USDT
2026-01-16T15:15:00Z,SOL/USDT,stop_sell,142.84854000,2.30313502,0.32899948,USDT
2026-01-16T18:30:00Z,SOL/USDT,buy,143.64178500,2.30098088,0.33051700,USDT
2026-01-17T00:30:00Z,SOL/USDT,sell,144.42775000,2.30098088,0.33232549,USDT
2026-01-17T11:30:00Z,SOL/USDT,buy,144.16204500,2.29538475,0.33090736,USDT
2026-01-17T11:45:00Z,SOL/USDT,sell,143.79806500,2.29538475,0.33007189,USDT
2026-01-17T19:00:00Z,SOL/USDT,buy,144.37215000,2.28930621,0.33051206,USDT
2026-01-17T22:00:00Z,SOL/USDT,stop_sell,144.01724107,2.28930621,0.32969956,USDT
2026-01-18T06:00:00Z,SOL/USDT,buy,142.90141500,2.31010047,0.33011663,USDT
2026-01-18T06:30:00Z,SOL/USDT,sell,142.55868500,2.31010047,0.32932489,USDT
2026-01-18T19:00:00Z,SOL/USDT,buy,142.91142000,2.3126856,0.33050918,USDT
2026-01-18T19:45:00Z,SOL/USDT,stop_sell,142.37127875,2.3126856,0.32926001,USDT
2026-01-18T20:15:00Z,SOL/USDT,buy,142.23108000,2.32235311,0.33031079,USDT
2026-01-18T22:30:00Z,SOL/USDT,sell,142.55868500,2.32235311,0.33107161,USDT
2026-01-18T23:00:00Z,SOL/USDT,buy,142.75134000,2.3108621,0.32987866,USDT
2026-01-18T23:00:00Z,SOL/USDT,stop_sell,142.33236964,2.3108621,0.32891048,USDT
2026-01-19T05:00:00Z,SOL/USDT,buy,133.80687000,2.46477583,0.32980394,USDT
2026-01-19T05:15:00Z,SOL/USDT,sell,133.42325500,2.46477583,0.32885841,USDT
2026-01-19T14:00:00Z,SOL/USDT,buy,133.78686000,2.46529058,0.32982349,USDT
2026-01-19T14:00:00Z,SOL/USDT,stop_sell,133.43146518,2.46529058,0.32894733,USDT
2026-01-19T17:30:00Z,SOL/USDT,buy,134.30712000,2.45117737,0.32921057,USDT
2026-01-19T18:00:00Z,SOL/USDT,stop_sell,134.00867643,2.45117737,0.32847904,USDT
2026-01-19T18:30:00Z,SOL/USDT,buy,134.30712000,2.45912891,0.33027852,USDT
2026-01-19T21:45:00Z,SOL/USDT,sell,134.08292500,2.45912891,0.32972720,USDT
2026-01-20T03:00:00Z,SOL/USDT,buy,133.97695500,2.45987437,0.32956648,USDT
2026-01-20T03:15:00Z,SOL/USDT,sell,133.66313500,2.45987437,0.32879452,USDT
2026-01-20T03:30:00Z,SOL/USDT,buy,133.73683500,2.46398796,0.32952595,USDT
2026-01-20T04:30:00Z,SOL/USDT,sell,133.73310000,2.46398796,0.32951675,USDT
2026-01-20T04:45:00Z,SOL/USDT,buy,133.59676500,2.46064194,0.32873380,USDT
2026-01-20T05:00:00Z,SOL/USDT,sell,133.20336500,2.46064194,0.32776579,USDT
2026-01-20T13:00:00Z,SOL/USDT,buy,129.23458500,2.54448686,0.32883570,USDT
2026-01-20T13:00:00Z,SOL/USDT,stop_sell,128.90158839,2.54448686,0.32798840,USDT
2026-01-20T14:45:00Z,SOL/USDT,buy,129.07450500,2.54513074,0.32851149,USDT
2026-01-20T14:45:00Z,SOL/USDT,stop_sell,128.50892768,2.54513074,0.32707202,USDT
2026-01-20T15:00:00Z,SOL/USDT,buy,128.94444000,2.54955413,0.32875083,USDT
2026-01-20T15:00:00Z,SOL/USDT,stop_sell,128.16124446,2.54955413,0.32675403,USDT
2026-01-20T21:15:00Z,SOL/USDT,buy,127.79386500,2.57264395,0.32876811,USDT
2026-01-20T21:30:00Z,SOL/USDT,stop_sell,127.04644500,2.57264395,0.32684527,USDT
2026-01-20T22:15:00Z,SOL/USDT,buy,127.50372000,2.57748634,0.32863910,USDT
2026-01-20T22:30:00Z,SOL/USDT,stop_sell,126.58667500,2.57748634,0.32627543,USDT
2026-01-21T06:30:00Z,SOL/USDT,buy,128.63428500,2.55533443,0.32870362,USDT
2026-01-21T07:30:00Z,SOL/USDT,stop_sell,127.95206339,2.55533443,0.32696031,USDT
2026-01-21T07:45:00Z,SOL/USDT,buy,127.65379500,2.56683204,0.32766585,USDT
2026-01-21T08:30:00Z,SOL/USDT,sell,127.27633000,2.56683204,0.32669696,USDT
2026-01-21T13:45:00Z,SOL/USDT,buy,127.09351500,2.57934123,0.32781754,USDT
2026-01-21T16:45:00Z,SOL/USDT,sell,126.40676500,2.57934123,0.32604618,USDT
2026-01-21T18:15:00Z,SOL/USDT,buy,127.42368000,2.57013062,0.32749550,USDT
2026-01-21T18:30:00Z,SOL/USDT,sell,126.99647000,2.57013062,0.32639752,USDT
2026-01-21T19:30:00Z,SOL/USDT,buy,129.23458500,2.52700696,0.32657670,USDT
2026-01-21T23:45:00Z,SOL/USDT,sell,129.44524500,2.52700696,0.32710904,USDT
2026-01-22T00:00:00Z,SOL/USDT,buy,129.89491500,2.53103326,0.32876835,USDT
2026-01-22T00:30:00Z,SOL/USDT,sell,130.02495500,2.53103326,0.32909749,USDT
2026-01-22T06:45:00Z,SOL/USDT,buy,130.39516500,2.51334788,0.32772841,USDT
2026-01-22T07:00:00Z,SOL/USDT,sell,130.27483000,2.51334788,0.32742597,USDT
2026-01-22T08:30:00Z,SOL/USDT,buy,129.66480000,2.51778426,0.32646799,USDT
2026-01-22T08:30:00Z,SOL/USDT,stop_sell,129.53520000,2.51778426,0.32614169,USDT
2026-01-22T10:30:00Z,SOL/USDT,buy,130.30512000,2.51119514,0.32722158,USDT
2026-01-22T11:15:00Z,SOL/USDT,sell,130.16488500,2.51119514,0.32686943,USDT
2026-01-22T20:45:00Z,SOL/USDT,buy,128.59426500,2.54771625,0.32762170,USDT
2026-01-22T22:45:00Z,SOL/USDT,sell,128.41576000,2.54771625,0.32716692,USDT
2026-01-22T23:00:00Z,SOL/USDT,buy,128.47420500,2.5442519,0.32687074,USDT
2026-01-23T00:30:00Z,SOL/USDT,sell,128.29582000,2.5442519,0.32641688,USDT
2026-01-23T05:00:00Z,SOL/USDT,buy,129.15454500,2.53096531,0.32688567,USDT
2026-01-23T05:15:00Z,SOL/USDT,stop_sell,128.79557000,2.53096531,0.32597712,USDT
2026-01-23T11:45:00Z,SOL/USDT,buy,127.68381000,2.55951166,0.32680820,USDT
2026-01-23T12:00:00Z,SOL/USDT,sell,127.44624500,2.55951166,0.32620015,USDT
2026-01-23T19:30:00Z,SOL/USDT,buy,128.36415000,2.54457754,0.32663253,USDT
2026-01-23T20:30:00Z,SOL/USDT,sell,127.51621000,2.54457754,0.32447488,USDT
2026-01-24T01:45:00Z,SOL/USDT,buy,127.55374500,2.56177613,0.32676414,USDT
2026-01-24T06:45:00Z,SOL/USDT,sell,127.60616500,2.56177613,0.32689843,USDT
2026-01-24T07:00:00Z,SOL/USDT,buy,127.69381500,2.55763854,0.32659462,USDT
2026-01-24T07:15:00Z,SOL/USDT,stop_sell,127.33630000,2.55763854,0.32568023,USDT
2026-01-24T12:30:00Z,SOL/USDT,buy,127.36365000,2.56630468,0.32685393,USDT
2026-01-24T13:45:00Z,SOL/USDT,sell,127.12640500,2.56630468,0.32624509,USDT
2026-01-24T14:45:00Z,SOL/USDT,buy,127.26360000,2.56450295,0.32636788,USDT
2026-01-24T15:15:00Z,SOL/USDT,stop_sell,127.10391625,2.56450295,0.32595837,USDT
2026-01-24T18:00:00Z,SOL/USDT,buy,127.34364000,2.56443997,0.32656512,USDT
2026-01-24T20:00:00Z,SOL/USDT,sell,127.32630500,2.56443997,0.32652067,USDT
2026-01-24T20:15:00Z,SOL/USDT,buy,127.51372500,2.56057972,0.32650906,USDT
2026-01-24T21:00:00Z,SOL/USDT,stop_sell,127.16995464,2.56057972,0.32562881,USDT
2026-01-24T21:15:00Z,SOL/USDT,buy,127.27360500,2.56283627,0.32618141,USDT
2026-01-24T23:30:00Z,SOL/USDT,sell,127.38627500,2.56283627,0.32647017,USDT
2026-01-25T02:30:00Z,SOL/USDT,buy,127.22358000,2.56220469,0.32597285,USDT
2026-01-25T03:00:00Z,SOL/USDT,sell,127.03645000,2.56220469,0.32549339,USDT
2026-01-25T08:30:00Z,SOL/USDT,buy,126.63328500,2.57159821,0.32564993,USDT
2026-01-25T08:30:00Z,SOL/USDT,stop_sell,126.50671500,2.57159821,0.32532444,USDT
2026-01-25T09:45:00Z,SOL/USDT,buy,126.80337000,2.57159056,0.32608635,USDT
2026-01-25T10:00:00Z,SOL/USDT,sell,126.63665000,2.57159056,0.32565761,USDT
2026-01-25T10:15:00Z,SOL/USDT,buy,127.07350500,2.57050274,0.32664279,USDT
2026-01-25T14:15:00Z,SOL/USDT,sell,126.47673000,2.57050274,0.32510878,USDT
2026-01-26T06:00:00Z,SOL/USDT,buy,122.40117000,2.65826318,0.32537452,USDT
2026-01-26T09:00:00Z,SOL/USDT,sell,122.29882000,2.65826318,0.32510245,USDT
2026-01-26T13:30:00Z,SOL/USDT,buy,123.01147500,2.6449208,0.32535561,USDT
2026-01-26T20:00:00Z,SOL/USDT,sell,124.31781000,2.6449208,0.32881076,USDT
2026-01-26T20:15:00Z,SOL/USDT,buy,124.11202500,2.62393018,0.32566129,USDT
2026-01-26T21:00:00Z,SOL/USDT,sell,123.63815000,2.62393018,0.32441787,USDT
2026-01-27T02:45:00Z,SOL/USDT,buy,124.96245000,2.60237733,0.32519945,USDT
2026-01-27T03:00:00Z,SOL/USDT,sell,124.90751500,2.60237733,0.32505649,USDT
2026-01-27T08:15:00Z,SOL/USDT,buy,124.74234000,2.61105225,0.32570877,USDT
2026-01-27T08:30:00Z,SOL/USDT,stop_sell,124.38777500,2.61105225,0.32478298,USDT
2026-01-27T14:15:00Z,SOL/USDT,buy,124.06200000,2.62498905,0.32566139,USDT
2026-01-27T14:30:00Z,SOL/USDT,stop_sell,123.56961286,2.62498905,0.32436888,USDT
2026-01-27T14:45:00Z,SOL/USDT,buy,123.56175000,2.62670184,0.32455988,USDT
2026-01-27T15:00:00Z,SOL/USDT,sell,123.87803000,2.62670184,0.32539065,USDT
2026-01-27T15:30:00Z,SOL/USDT,buy,123.71182500,2.62894168,0.32523117,USDT
2026-01-27T17:45:00Z,SOL/USDT,sell,123.53820000,2.62894168,0.32477472,USDT
2026-01-27T18:00:00Z,SOL/USDT,buy,124.41217500,2.62250353,0.32627137,USDT
2026-01-27T23:45:00Z,SOL/USDT,sell,127.37628000,2.62250353,0.33404474,USDT
2026-01-28T00:00:00Z,SOL/USDT,buy,127.17355500,2.55617924,0.32507840,USDT
2026-01-28T00:15:00Z,SOL/USDT,sell,126.87653000,2.55617924,0.32431915,USDT
2026-01-28T00:45:00Z,SOL/USDT,buy,126.87340500,2.57123404,0.32622122,USDT
2026-01-28T01:30:00Z,SOL/USDT,sell,126.82655500,2.57123404,0.32610076,USDT
2026-01-28T06:15:00Z,SOL/USDT,buy,127.10352000,2.56325751,0.32579905,USDT
2026-01-28T06:45:00Z,SOL/USDT,sell,126.90651500,2.56325751,0.32529408,USDT
2026-01-28T07:00:00Z,SOL/USDT,buy,127.41367500,2.55729481,0.32583433,USDT
2026-01-28T08:00:00Z,SOL/USDT,sell,126.97648000,2.55729481,0.32471629,USDT
2026-01-28T08:15:00Z,SOL/USDT,buy,127.14354000,2.56161716,0.32569307,USDT
2026-01-28T08:30:00Z,SOL/USDT,sell,126.89652000,2.56161716,0.32506030,USDT
2026-01-28T09:00:00Z,SOL/USDT,buy,126.81337500,2.56869621,0.32574504,USDT
2026-01-28T09:15:00Z,SOL/USDT,stop_sell,126.00089661,2.56869621,0.32365803,USDT
2026-01-28T09:45:00Z,SOL/USDT,buy,127.38366000,2.55486088,0.32544753,USDT
2026-01-28T13:15:00Z,SOL/USDT,sell,126.94649500,2.55486088,0.32433063,USDT
2026-01-29T08:15:00Z,SOL/USDT,buy,123.27160500,2.63365813,0.32465526,USDT
2026-01-29T09:30:00Z,SOL/USDT,sell,123.03845000,2.63365813,0.32404121,USDT
2026-01-29T10:45:00Z,SOL/USDT,buy,123.16155000,2.63990122,0.32513433,USDT
2026-01-29T11:00:00Z,SOL/USDT,sell,123.06843500,2.63990122,0.32488851,USDT
2026-01-29T20:30:00Z,SOL/USDT,buy,117.05850000,2.77297507,0.32460030,USDT
2026-01-29T20:45:00Z,SOL/USDT,sell,117.04145000,2.77297507,0.32455302,USDT
2026-01-30T00:15:00Z,SOL/USDT,buy,118.00897500,2.7527528,0.32484954,USDT
2026-01-30T01:30:00Z,SOL/USDT,stop_sell,116.90152000,2.7527528,0.32180099,USDT
2026-01-30T07:15:00Z,SOL/USDT,buy,115.89792000,2.79986232,0.32449822,USDT
2026-01-30T09:15:00Z,SOL/USDT,sell,115.11241500,2.79986232,0.32229891,USDT
2026-01-30T09:45:00Z,SOL/USDT,buy,115.91793000,2.79813848,0.32435442,USDT
2026-01-30T10:00:00Z,SOL/USDT,sell,115.12241000,2.79813848,0.32212845,USDT
2026-01-30T10:45:00Z,SOL/USDT,buy,115.92793500,2.79978014,0.32457273,USDT
2026-01-30T13:30:00Z,SOL/USDT,sell,115.76209000,2.79978014,0.32410840,USDT
2026-01-30T14:00:00Z,SOL/USDT,buy,116.02798500,2.79876857,0.32473548,USDT
2026-01-30T15:15:00Z,SOL/USDT,stop_sell,115.12383786,2.79876857,0.32220498,USDT
2026-01-30T15:45:00Z,SOL/USDT,buy,116.86840500,2.76810103,0.32350355,USDT
2026-01-30T17:00:00Z,SOL/USDT,sell,116.79157500,2.76810103,0.32329088,USDT
2026-01-30T17:15:00Z,SOL/USDT,buy,116.83839000,2.7689341,0.32351780,USDT
2026-01-30T18:15:00Z,SOL/USDT,sell,115.57218500,2.7689341,0.32001176,USDT
2026-01-30T18:45:00Z,SOL/USDT,buy,117.22858500,2.75900799,0.32343460,USDT
2026-01-30T20:30:00Z,SOL/USDT,sell,117.55119500,2.75900799,0.32432469,USDT
2026-01-30T20:45:00Z,SOL/USDT,buy,117.37866000,2.75940908,0.32389574,USDT
2026-01-30T21:00:00Z,SOL/USDT,sell,117.07143500,2.75940908,0.32304798,USDT
2026-01-31T02:00:00Z,SOL/USDT,buy,118.17906000,2.73295335,0.32297786,USDT
2026-01-31T02:15:00Z,SOL/USDT,stop_sell,117.78786232,2.73295335,0.32190873,USDT
2026-01-31T02:45:00Z,SOL/USDT,buy,118.48921500,2.72671869,0.32308676,USDT
2026-01-31T06:15:00Z,SOL/USDT,stop_sell,117.94885321,2.72671869,0.32161334,USDT
2026-01-31T07:00:00Z,SOL/USDT,buy,118.59927000,2.72736053,0.32346297,USDT
2026-01-31T07:30:00Z,SOL/USDT,sell,118.05094500,2.72736053,0.32196749,USDT
2026-01-31T22:00:00Z,SOL/USDT,buy,103.67181000,3.12128276,0.32358903,USDT
2026-01-31T22:15:00Z,SOL/USDT,sell,103.58818000,3.12128276,0.32332800,USDT
2026-02-01T07:45:00Z,SOL/USDT,buy,105.83289000,3.0428525,0.32203387,USDT
2026-02-01T08:15:00Z,SOL/USDT,stop_sell,104.88753000,3.0428525,0.31915728,USDT
2026-02-01T08:30:00Z,SOL/USDT,buy,106.04299500,3.06070017,0.32456581,USDT
2026-02-01T10:15:00Z,SOL/USDT,sell,105.58718000,3.06070017,0.32317070,USDT
2026-02-01T10:30:00Z,SOL/USDT,buy,105.17256000,3.04872289,0.32064199,USDT
2026-02-01T10:30:00Z,SOL/USDT,stop_sell,104.94999875,3.04872289,0.31996346,USDT
2026-02-01T11:45:00Z,SOL/USDT,buy,105.20257500,3.05698401,0.32160259,USDT
2026-02-01T12:15:00Z,SOL/USDT,stop_sell,104.61195357,3.05698401,0.31979707,USDT
2026-02-01T13:15:00Z,SOL/USDT,buy,106.04299500,3.02241031,0.32050544,USDT
2026-02-01T13:15:00Z,SOL/USDT,stop_sell,105.57147357,3.02241031,0.31908031,USDT
2026-02-01T19:30:00Z,SOL/USDT,buy,102.86140500,3.12688988,0.32163629,USDT
2026-02-01T19:45:00Z,SOL/USDT,sell,102.37878500,3.12688988,0.32012719,USDT
2026-02-01T20:00:00Z,SOL/USDT,buy,101.78086500,3.15776162,0.32139971,USDT
2026-02-01T20:15:00Z,SOL/USDT,stop_sell,100.77851411,3.15776162,0.31823452,USDT
2026-02-01T22:15:00Z,SOL/USDT,buy,102.13104000,3.13291873,0.31996825,USDT
2026-02-01T22:45:00Z,SOL/USDT,sell,101.95899500,3.13291873,0.31942925,USDT
2026-02-02T01:15:00Z,SOL/USDT,buy,100.77036000,3.18482042,0.32093550,USDT
2026-02-02T01:30:00Z,SOL/USDT,sell,102.62866000,3.18482042,0.32685385,USDT
2026-02-02T02:30:00Z,SOL/USDT,buy,102.24109500,3.14439541,0.32148643,USDT
2026-02-02T03:00:00Z,SOL/USDT,sell,100.41976500,3.14439541,0.31575945,USDT
2026-02-02T04:00:00Z,SOL/USDT,buy,100.14004500,3.20621783,0.32107080,USDT
2026-02-02T04:15:00Z,SOL/USDT,sell,99.39028000,3.20621783,0.31866689,USDT
2026-02-02T04:45:00Z,SOL/USDT,buy,100.77036000,3.17523676,0.31996975,USDT
2026-02-02T05:00:00Z,SOL/USDT,sell,100.07993500,3.17523676,0.31777749,USDT
2026-02-02T07:45:00Z,SOL/USDT,buy,101.78086500,3.1505359,0.32066427,USDT
2026-02-02T12:30:00Z,SOL/USDT,sell,103.01846500,3.1505359,0.32456337,USDT
2026-02-02T22:45:00Z,SOL/USDT,buy,105.04249500,3.0554713,0.32095433,USDT
2026-02-02T23:15:00Z,SOL/USDT,sell,104.54770000,3.0554713,0.31944250,USDT
2026-02-03T00:30:00Z,SOL/USDT,buy,104.14204500,3.07462732,0.32019798,USDT
2026-02-03T00:45:00Z,SOL/USDT,sell,104.14790000,3.07462732,0.32021598,USDT
2026-02-03T04:45:00Z,SOL/USDT,buy,105.12253500,3.05306583,0.32094602,USDT
2026-02-03T05:15:00Z,SOL/USDT,stop_sell,103.97798500,3.05306583,0.31745163,USDT
2026-02-03T05:45:00Z,SOL/USDT,buy,104.19207000,3.07451727,0.32034032,USDT
2026-02-03T06:00:00Z,SOL/USDT,stop_sell,103.29439839,3.07451727,0.31758041,USDT
2026-02-03T07:00:00Z,SOL/USDT,buy,103.96195500,3.07574658,0.31976063,USDT
2026-02-03T09:00:00Z,SOL/USDT,stop_sell,103.18052679,3.07574658,0.31735715,USDT
2026-02-03T14:00:00Z,SOL/USDT,buy,103.62178500,3.08706088,0.31988676,USDT
2026-02-03T14:00:00Z,SOL/USDT,stop_sell,103.19837500,3.08706088,0.31857967,USDT
2026-02-04T19:45:00Z,SOL/USDT,buy,94.44720000,3.41210497,0.32226376,USDT
2026-02-04T21:15:00Z,SOL/USDT,sell,92.67364000,3.41210497,0.31621219,USDT
2026-02-04T21:30:00Z,SOL/USDT,buy,92.28612000,3.4637236,0.31965361,USDT
2026-02-04T21:45:00Z,SOL/USDT,sell,91.17439000,3.4637236,0.31580289,USDT
2026-02-04T22:30:00Z,SOL/USDT,buy,92.47621500,3.43113732,0.31729859,USDT
2026-02-04T22:45:00Z,SOL/USDT,stop_sell,91.25756268,3.43113732,0.31311723,USDT
2026-02-05T02:30:00Z,SOL/USDT,buy,91.86591000,3.47337338,0.31908461,USDT
2026-02-05T03:00:00Z,SOL/USDT,stop_sell,90.34159232,3.47337338,0.31379008,USDT
2026-02-05T03:45:00Z,SOL/USDT,buy,91.00548000,3.48264223,0.31693953,USDT
2026-02-05T04:15:00Z,SOL/USDT,sell,90.52471500,3.48264223,0.31526520,USDT
2026-02-05T05:45:00Z,SOL/USDT,buy,91.89592500,3.45186689,0.31721250,USDT
2026-02-05T06:00:00Z,SOL/USDT,sell,90.91452000,3.45186689,0.31382482,USDT
2026-02-05T07:45:00Z,SOL/USDT,buy,91.09552500,3.48779966,0.31772294,USDT
2026-02-05T08:00:00Z,SOL/USDT,sell,90.92451500,3.48779966,0.31712649,USDT
2026-02-05T08:15:00Z,SOL/USDT,buy,91.67581500,3.48097632,0.31912134,USDT
2026-02-05T10:30:00Z,SOL/USDT,sell,92.31382000,3.48097632,0.32134222,USDT
2026-02-05T10:45:00Z,SOL/USDT,buy,91.54575000,3.4607132,0.31681359,USDT
2026-02-05T10:45:00Z,SOL/USDT,stop_sell,90.68427804,3.4607132,0.31383228,USDT
2026-02-05T11:15:00Z,SOL/USDT,buy,90.10503000,3.52014692,0.31718294,USDT
2026-02-05T11:15:00Z,SOL/USDT,stop_sell,88.94586196,3.52014692,0.31310250,USDT
2026-02-05T11:45:00Z,SOL/USDT,buy,90.19507500,3.50041318,0.31572003,USDT
2026-02-05T12:00:00Z,SOL/USDT,sell,90.23486000,3.50041318,0.31585929,USDT
2026-02-06T05:30:00Z,SOL/USDT,buy,79.32964500,4.01131509,0.31821620,USDT
2026-02-06T11:00:00Z,SOL/USDT,sell,80.50972500,4.01131509,0.32294987,USDT
2026-02-06T11:15:00Z,SOL/USDT,buy,80.99047500,3.91138468,0.31678490,USDT
2026-02-06T12:15:00Z,SOL/USDT,sell,81.17939000,3.91138468,0.31752382,USDT
2026-02-06T12:30:00Z,SOL/USDT,buy,81.51073500,3.88083218,0.31632948,USDT
2026-02-06T14:30:00Z,SOL/USDT,sell,82.55870000,3.88083218,0.32039646,USDT
2026-02-06T15:00:00Z,SOL/USDT,buy,84.13204500,3.77329498,0.31745502,USDT
2026-02-06T15:15:00Z,SOL/USDT,sell,83.66814500,3.77329498,0.31570459,USDT
2026-02-06T15:30:00Z,SOL/USDT,buy,84.08202000,3.7737201,0.31730201,USDT
2026-02-06T17:45:00Z,SOL/USDT,sell,87.27634000,3.7737201,0.32935648,USDT
2026-02-06T19:45:00Z,SOL/USDT,buy,87.21358500,3.65955006,0.31916248,USDT
2026-02-07T00:30:00Z,SOL/USDT,sell,86.18688500,3.65955006,0.31540522,USDT
2026-02-07T04:15:00Z,SOL/USDT,buy,88.71433500,3.57928052,0.31753349,USDT
2026-02-07T04:30:00Z,SOL/USDT,sell,88.10592500,3.57928052,0.31535582,USDT
2026-02-07T06:30:00Z,SOL/USDT,buy,87.96396000,3.62040984,0.31846559,USDT
2026-02-07T06:45:00Z,SOL/USDT,stop_sell,86.84905375,3.62040984,0.31442917,USDT
2026-02-07T14:00:00Z,SOL/USDT,buy,86.28312000,3.68338614,0.31781405,USDT
2026-02-07T14:30:00Z,SOL/USDT,sell,86.08693500,3.68338614,0.31709142,USDT
2026-02-07T16:45:00Z,SOL/USDT,buy,87.14355000,3.63898903,0.31711442,USDT
2026-02-07T23:15:00Z,SOL/USDT,sell,87.44625500,3.63898903,0.31821596,USDT
2026-02-08T05:15:00Z,SOL/USDT,buy,87.55375500,3.62194619,0.31711499,USDT
2026-02-08T05:30:00Z,SOL/USDT,sell,87.22636500,3.62194619,0.31592920,USDT
2026-02-08T15:45:00Z,SOL/USDT,buy,87.56376000,3.60832269,0.31595830,USDT
2026-02-08T16:15:00Z,SOL/USDT,sell,87.46624500,3.60832269,0.31560644,USDT
2026-02-09T01:30:00Z,SOL/USDT,buy,87.49372500,3.61112887,0.31595112,USDT
2026-02-09T01:30:00Z,SOL/USDT,stop_sell,86.77766089,3.61112887,0.31336532,USDT
2026-02-09T02:30:00Z,SOL/USDT,buy,86.90343000,3.65065976,0.31725485,USDT
2026-02-09T04:00:00Z,SOL/USDT,sell,87.66614500,3.65065976,0.32003927,USDT
2026-02-09T04:15:00Z,SOL/USDT,buy,87.35365500,3.62752895,0.31687791,USDT
2026-02-09T05:00:00Z,SOL/USDT,sell,86.95650000,3.62752895,0.31543722,USDT
2026-02-09T06:30:00Z,SOL/USDT,buy,86.46321000,3.67489676,0.31774337,USDT
2026-02-09T06:45:00Z,SOL/USDT,sell,86.30682500,3.67489676,0.31716867,USDT
2026-02-09T14:45:00Z,SOL/USDT,buy,84.68232000,3.71563305,0.31464843,USDT
2026-02-09T15:15:00Z,SOL/USDT,stop_sell,84.53771000,3.71563305,0.31411111,USDT
2026-02-09T15:30:00Z,SOL/USDT,buy,84.63229500,3.7413459,0.31663869,USDT
2026-02-09T22:30:00Z,SOL/USDT,sell,87.11642000,3.7413459,0.32593266,USDT
2026-02-09T23:15:00Z,SOL/USDT,buy,87.22359000,3.63513039,0.31706912,USDT
2026-02-09T23:30:00Z,SOL/USDT,sell,86.86654500,3.63513039,0.31577122,USDT
2026-02-10T05:45:00Z,SOL/USDT,buy,85.87291500,3.66828266,0.31500613,USDT
2026-02-10T05:45:00Z,SOL/USDT,stop_sell,85.78708500,3.66828266,0.31469128,USDT
2026-02-10T13:45:00Z,SOL/USDT,buy,84.70233000,3.74061711,0.31683898,USDT
2026-02-10T14:00:00Z,SOL/USDT,sell,84.47774000,3.74061711,0.31599888,USDT
2026-02-11T02:45:00Z,SOL/USDT,buy,84.00198000,3.7645714,0.31623145,USDT
2026-02-11T02:45:00Z,SOL/USDT,stop_sell,83.62281054,3.7645714,0.31480404,USDT
2026-02-11T13:45:00Z,SOL/USDT,buy,81.27061500,3.89317255,0.31640053,USDT
2026-02-11T14:30:00Z,SOL/USDT,sell,81.85905000,3.89317255,0.31869141,USDT
2026-02-12T06:30:00Z,SOL/USDT,buy,80.77036500,3.909233,0.31575018,USDT
2026-02-12T06:45:00Z,SOL/USDT,stop_sell,80.51615036,3.909233,0.31475639,USDT
2026-02-12T09:30:00Z,SOL/USDT,buy,81.59077500,3.87223905,0.31593899,USDT
2026-02-12T12:30:00Z,SOL/USDT,stop_sell,81.29933000,3.87223905,0.31481044,USDT
2026-02-12T12:45:00Z,SOL/USDT,buy,81.27061500,3.89386739,0.31645700,USDT
2026-02-12T13:00:00Z,SOL/USDT,sell,81.00947500,3.89386739,0.31544015,USDT
2026-02-13T00:45:00Z,SOL/USDT,buy,77.70883500,4.05032684,0.31474618,USDT
2026-02-13T00:45:00Z,SOL/USDT,stop_sell,77.56120000,4.05032684,0.31414821,USDT
2026-02-13T02:15:00Z,SOL/USDT,buy,78.72934500,4.0192021,0.31642915,USDT
2026-02-13T06:00:00Z,SOL/USDT,sell,78.41077500,4.0192021,0.31514875,USDT
2026-02-13T06:15:00Z,SOL/USDT,buy,78.44920500,4.02852828,0.31603484,USDT
2026-02-13T06:15:00Z,SOL/USDT,stop_sell,78.03988911,4.02852828,0.31438590,USDT
2026-02-13T07:00:00Z,SOL/USDT,buy,78.75936000,4.00881973,0.31573208,USDT
2026-02-13T07:45:00Z,SOL/USDT,sell,78.51072500,4.00881973,0.31473534,USDT
2026-02-13T08:00:00Z,SOL/USDT,buy,78.92944500,3.99195924,0.31508313,USDT
2026-02-13T08:15:00Z,SOL/USDT,sell,78.91052500,3.99195924,0.31500760,USDT
2026-02-13T08:45:00Z,SOL/USDT,buy,79.49973000,3.97365149,0.31590422,USDT
2026-02-13T13:30:00Z,SOL/USDT,sell,80.49973000,3.97365149,0.31987787,USDT
2026-02-13T13:45:00Z,SOL/USDT,buy,80.13004500,3.91004158,0.31331181,USDT
2026-02-13T13:45:00Z,SOL/USDT,stop_sell,80.04995500,3.91004158,0.31299865,USDT
2026-02-13T14:15:00Z,SOL/USDT,buy,80.52024000,3.95168107,0.31819031,USDT
2026-02-13T23:15:00Z,SOL/USDT,sell,84.40777500,3.95168107,0.33355261,USDT
2026-02-14T00:45:00Z,SOL/USDT,buy,84.94245000,3.72839917,0.31669936,USDT
2026-02-14T02:00:00Z,SOL/USDT,sell,84.86754500,3.72839917,0.31642008,USDT
2026-02-14T07:15:00Z,SOL/USDT,buy,84.95245500,3.73413076,0.31722358,USDT
2026-02-14T08:15:00Z,SOL/USDT,sell,85.55720000,3.73413076,0.31948177,USDT
2026-02-14T08:45:00Z,SOL/USDT,buy,86.12304000,3.68227458,0.31712868,USDT
2026-02-14T09:45:00Z,SOL/USDT,sell,85.97699000,3.68227458,0.31659088,USDT
2026-02-14T10:15:00Z,SOL/USDT,buy,86.02299000,3.68632521,0.31710872,USDT
2026-02-14T10:30:00Z,SOL/USDT,sell,85.86704500,3.68632521,0.31653385,USDT
2026-02-14T11:00:00Z,SOL/USDT,buy,85.98297000,3.69035269,0.31730748,USDT
2026-02-14T21:15:00Z,SOL/USDT,sell,88.26584500,3.69035269,0.32573210,USDT
2026-02-14T23:45:00Z,SOL/USDT,buy,88.28412000,3.59539478,0.31741626,USDT
2026-02-15T00:15:00Z,SOL/USDT,sell,87.89603000,3.59539478,0.31602093,USDT
2026-02-15T01:00:00Z,SOL/USDT,buy,88.28412000,3.59518525,0.31739777,USDT
2026-02-15T01:15:00Z,SOL/USDT,stop_sell,87.75431518,3.59518525,0.31549302,USDT
2026-02-15T02:15:00Z,SOL/USDT,buy,88.24410000,3.60104719,0.31777117,USDT
2026-02-15T03:00:00Z,SOL/USDT,sell,88.03596000,3.60104719,0.31702165,USDT
2026-02-15T04:15:00Z,SOL/USDT,buy,89.54475000,3.54145551,0.31711875,USDT
2026-02-15T04:15:00Z,SOL/USDT,stop_sell,88.77987357,3.54145551,0.31440997,USDT
2026-02-15T05:15:00Z,SOL/USDT,buy,89.22459000,3.55276273,0.31699380,USDT
2026-02-15T10:30:00Z,SOL/USDT,sell,89.47524000,3.55276273,0.31788430,USDT
2026-02-16T09:15:00Z,SOL/USDT,buy,85.71283500,3.69564267,0.31676401,USDT
2026-02-16T11:15:00Z,SOL/USDT,stop_sell,84.97749000,3.69564267,0.31404644,USDT
2026-02-16T11:30:00Z,SOL/USDT,buy,85.37266500,3.71157665,0.31686719,USDT
2026-02-16T11:45:00Z,SOL/USDT,sell,85.24735500,3.71157665,0.31640209,USDT
2026-02-16T18:30:00Z,SOL/USDT,buy,84.87241500,3.72321276,0.31599806,USDT
2026-02-16T19:15:00Z,SOL/USDT,stop_sell,84.24785500,3.72321276,0.31367269,USDT
2026-02-16T19:30:00Z,SOL/USDT,buy,84.93244500,3.72262098,0.31617130,USDT
2026-02-17T04:45:00Z,SOL/USDT,sell,86.29683000,3.72262098,0.32125039,USDT
2026-02-17T06:45:00Z,SOL/USDT,buy,86.65330500,3.6502752,0.31630841,USDT
2026-02-17T07:00:00Z,SOL/USDT,sell,86.47674000,3.6502752,0.31566390,USDT
2026-02-17T10:15:00Z,SOL/USDT,buy,85.69282500,3.68437665,0.31572464,USDT
2026-02-17T10:15:00Z,SOL/USDT,stop_sell,85.58432929,3.68437665,0.31532490,USDT
2026-02-17T21:15:00Z,SOL/USDT,buy,85.41268500,3.71151728,0.31701066,USDT
2026-02-17T23:45:00Z,SOL/USDT,sell,85.04745500,3.71151728,0.31565510,USDT
2026-02-18T00:15:00Z,SOL/USDT,buy,85.30263000,3.70313081,0.31588680,USDT
2026-02-18T00:45:00Z,SOL/USDT,stop_sell,85.00212054,3.70313081,0.31477397,USDT
2026-02-18T01:00:00Z,SOL/USDT,buy,84.62229000,3.72330861,0.31507490,USDT
2026-02-18T01:00:00Z,SOL/USDT,stop_sell,84.50022875,3.72330861,0.31462043,USDT
2026-02-18T03:45:00Z,SOL/USDT,buy,85.34265000,3.70656029,0.31632768,USDT
2026-02-18T04:15:00Z,SOL/USDT,sell,85.37729000,3.70656029,0.31645607,USDT
2026-02-18T23:30:00Z,SOL/USDT,buy,81.45070500,3.88384764,0.31634213,USDT
2026-02-19T01:30:00Z,SOL/USDT,sell,81.78908500,3.88384764,0.31765634,USDT
2026-02-19T06:45:00Z,SOL/USDT,buy,82.39117500,3.83545924,0.31600799,USDT
2026-02-19T08:30:00Z,SOL/USDT,stop_sell,81.60917500,3.83545924,0.31300866,USDT
2026-02-19T08:45:00Z,SOL/USDT,buy,81.88092000,3.8558138,0.31571758,USDT
2026-02-19T09:00:00Z,SOL/USDT,sell,81.75910000,3.8558138,0.31524787,USDT
2026-02-19T09:30:00Z,SOL/USDT,buy,82.01098500,3.84862446,0.31562948,USDT
2026-02-19T09:45:00Z,SOL/USDT,stop_sell,81.22936500,3.84862446,0.31262132,USDT
2026-02-19T18:15:00Z,SOL/USDT,buy,81.03049500,3.89834055,0.31588446,USDT
2026-02-20T05:00:00Z,SOL/USDT,sell,82.67864000,3.89834055,0.32230949,USDT
2026-02-20T10:00:00Z,SOL/USDT,buy,84.28212000,3.74384747,0.31553940,USDT
2026-02-20T11:00:00Z,SOL/USDT,stop_sell,83.89803000,3.74384747,0.31410143,USDT
2026-02-20T12:30:00Z,SOL/USDT,buy,83.72184000,3.7664562,0.31533464,USDT
2026-02-20T13:00:00Z,SOL/USDT,stop_sell,83.28976286,3.7664562,0.31370724,USDT
2026-02-20T16:00:00Z,SOL/USDT,buy,84.37216500,3.73575659,0.31519387,USDT
2026-02-20T17:00:00Z,SOL/USDT,stop_sell,83.35758607,3.73575659,0.31140365,USDT
2026-02-21T02:15:00Z,SOL/USDT,buy,84.73234500,3.71572098,0.31484175,USDT
2026-02-21T02:30:00Z,SOL/USDT,sell,84.98748500,3.71572098,0.31578978,USDT
2026-02-21T06:15:00Z,SOL/USDT,buy,84.72234000,3.71953121,0.31512739,USDT
2026-02-21T06:30:00Z,SOL/USDT,sell,84.25785000,3.71953121,0.31339970,USDT
2026-02-21T10:15:00Z,SOL/USDT,buy,85.00248000,3.70549035,0.31497587,USDT
2026-02-21T20:00:00Z,SOL/USDT,sell,86.11692000,3.70549035,0.31910542,USDT
2026-02-22T01:30:00Z,SOL/USDT,buy,85.41268500,3.69140062,0.31529244,USDT
2026-02-22T01:45:00Z,SOL/USDT,sell,85.28733500,3.69140062,0.31482972,USDT
2026-02-22T07:15:00Z,SOL/USDT,buy,85.30263000,3.69340544,0.31505720,USDT
2026-02-22T08:30:00Z,SOL/USDT,stop_sell,84.93751000,3.69340544,0.31370866,USDT
2026-02-22T22:00:00Z,SOL/USDT,buy,83.54175000,3.76934185,0.31489741,USDT
2026-02-22T22:15:00Z,SOL/USDT,sell,83.59818000,3.76934185,0.31511012,USDT
2026-02-22T22:30:00Z,SOL/USDT,buy,83.20158000,3.76578595,0.31331934,USDT
2026-02-22T22:30:00Z,SOL/USDT,stop_sell,83.11842000,3.76578595,0.31300618,USDT
2026-02-22T22:45:00Z,SOL/USDT,buy,83.55175500,3.76533726,0.31460054,USDT
2026-02-22T23:00:00Z,SOL/USDT,stop_sell,83.25549429,3.76533726,0.31348501,USDT
2026-02-22T23:15:00Z,SOL/USDT,buy,82.85140500,3.78540794,0.31362637,USDT
2026-02-22T23:15:00Z,SOL/USDT,stop_sell,82.72647321,3.78540794,0.31315345,USDT
2026-02-23T08:00:00Z,SOL/USDT,buy,79.38967500,3.95920211,0.31431977,USDT
2026-02-23T08:15:00Z,SOL/USDT,stop_sell,78.88482357,3.95920211,0.31232096,USDT
2026-02-23T08:30:00Z,SOL/USDT,buy,78.81939000,3.98364036,0.31398810,USDT
2026-02-23T08:45:00Z,SOL/USDT,sell,78.51072500,3.98364036,0.31275849,USDT
2026-02-23T09:00:00Z,SOL/USDT,buy,78.96946500,3.99137076,0.31519641,USDT
2026-02-23T14:45:00Z,SOL/USDT,sell,80.24985500,3.99137076,0.32030692,USDT
2026-02-23T22:15:00Z,SOL/USDT,buy,78.87942000,3.98882394,0.31463612,USDT
2026-02-23T22:45:00Z,SOL/USDT,stop_sell,78.37222286,3.98882394,0.31261300,USDT
2026-02-24T08:30:00Z,SOL/USDT,buy,76.92844500,4.08722656,0.31442398,USDT
2026-02-24T09:30:00Z,SOL/USDT,sell,76.30183000,4.08722656,0.31186287,USDT
2026-02-24T10:15:00Z,SOL/USDT,buy,76.76836500,4.09830146,0.31461990,USDT
2026-02-24T10:45:00Z,SOL/USDT,sell,76.54171000,4.09830146,0.31369100,USDT
2026-02-24T14:45:00Z,SOL/USDT,buy,76.77837000,4.08175918,0.31339082,USDT
2026-02-24T19:30:00Z,SOL/USDT,sell,78.29083500,4.08175918,0.31956433,USDT
2026-02-24T19:45:00Z,SOL/USDT,buy,78.38917500,4.01238864,0.31452784,USDT
2026-02-25T06:00:00Z,SOL/USDT,sell,81.31932000,4.01238864,0.32628472,USDT
2026-02-25T06:30:00Z,SOL/USDT,buy,81.77086500,3.8568434,0.31537742,USDT
2026-02-25T06:45:00Z,SOL/USDT,sell,81.68913500,3.8568434,0.31506220,USDT
2026-02-25T07:30:00Z,SOL/USDT,buy,82.31113500,3.83387054,0.31557024,USDT
2026-02-25T07:45:00Z,SOL/USDT,sell,82.09893000,3.83387054,0.31475667,USDT
2026-02-25T08:15:00Z,SOL/USDT,buy,82.08102000,3.83153305,0.31449614,USDT
2026-02-25T23:30:00Z,SOL/USDT,sell,88.36579500,3.83153305,0.33857646,USDT
2026-02-26T00:30:00Z,SOL/USDT,buy,89.06451000,3.55312061,0.31645695,USDT
2026-02-26T00:45:00Z,SOL/USDT,sell,88.48573500,3.55312061,0.31440049,USDT
2026-02-26T04:15:00Z,SOL/USDT,buy,88.23409500,3.57637315,0.31555805,USDT
2026-02-26T04:45:00Z,SOL/USDT,sell,88.82556500,3.57637315,0.31767337,USDT
2026-02-26T10:00:00Z,SOL/USDT,buy,88.44420000,3.58621699,0.31718009,USDT
2026-02-26T10:15:00Z,SOL/USDT,stop_sell,87.79608000,3.58621699,0.31485579,USDT
2026-02-26T13:30:00Z,SOL/USDT,buy,87.61378500,3.6150497,0.31672819,USDT
2026-02-26T13:45:00Z,SOL/USDT,sell,87.98598500,3.6150497,0.31807371,USDT
2026-02-26T20:00:00Z,SOL/USDT,buy,86.66331000,3.655776,0.31682165,USDT
2026-02-26T20:30:00Z,SOL/USDT,sell,86.10692500,3.655776,0.31478763,USDT
2026-02-27T02:30:00Z,SOL/USDT,buy,86.47321500,3.66771195,0.31715884,USDT
2026-02-27T08:45:00Z,SOL/USDT,sell,87.60617500,3.66771195,0.32131421,USDT
2026-02-27T21:30:00Z,SOL/USDT,buy,81.74085000,3.87631409,0.31685321,USDT
2026-02-27T21:45:00Z,SOL/USDT,stop_sell,81.30896804,3.87631409,0.31517910,USDT
2026-02-28T01:45:00Z,SOL/USDT,buy,81.96096000,3.86035334,0.31639827,USDT
2026-02-28T03:30:00Z,SOL/USDT,sell,81.91902000,3.86035334,0.31623636,USDT
2026-02-28T03:45:00Z,SOL/USDT,buy,81.75085500,3.8775494,0.31699298,USDT
2026-02-28T04:30:00Z,SOL/USDT,sell,81.44925500,3.8775494,0.31582351,USDT
2026-02-28T05:15:00Z,SOL/USDT,buy,81.78087000,3.86867202,0.31638336,USDT
2026-02-28T05:30:00Z,SOL/USDT,sell,81.47924000,3.86867202,0.31521646,USDT
2026-02-28T11:30:00Z,SOL/USDT,buy,79.48972500,3.97784026,0.31619743,USDT
2026-02-28T12:00:00Z,SOL/USDT,stop_sell,78.78059000,3.97784026,0.31337660,USDT
2026-02-28T12:15:00Z,SOL/USDT,buy,79.06951500,3.99851534,0.31616067,USDT
2026-02-28T12:30:00Z,SOL/USDT,sell,78.97049500,3.99851534,0.31576474,USDT
2026-02-28T13:00:00Z,SOL/USDT,buy,78.90943500,4.00406343,0.31595838,USDT
2026-02-28T19:15:00Z,SOL/USDT,sell,81.86904500,4.00406343,0.32780885,USDT
2026-02-28T19:45:00Z,SOL/USDT,buy,82.39117500,3.85369943,0.31751082,USDT
2026-02-28T20:15:00Z,SOL/USDT,sell,82.80857500,3.85369943,0.31911936,USDT
2026-03-01T14:00:00Z,SOL/USDT,buy,86.16306000,3.66764815,0.31601579,USDT
2026-03-01T14:15:00Z,SOL/USDT,stop_sell,85.81385732,3.66764815,0.31473504,USDT
2026-03-01T14:30:00Z,SOL/USDT,buy,86.01298500,3.69066151,0.31744481,USDT
2026-03-01T16:00:00Z,SOL/USDT,sell,85.60717500,3.69066151,0.31594711,USDT
2026-03-01T16:15:00Z,SOL/USDT,buy,85.81288500,3.68395067,0.31613044,USDT
2026-03-01T16:45:00Z,SOL/USDT,stop_sell,85.05602214,3.68395067,0.31334219,USDT
2026-03-02T00:15:00Z,SOL/USDT,buy,83.94195000,3.75597464,0.31528384,USDT
2026-03-02T04:00:00Z,SOL/USDT,sell,84.70762500,3.75597464,0.31815969,USDT
2026-03-02T11:15:00Z,SOL/USDT,buy,83.62179000,3.78282122,0.31632628,USDT
2026-03-02T13:45:00Z,SOL/USDT,sell,83.11842000,3.78282122,0.31442212,USDT
2026-03-02T14:45:00Z,SOL/USDT,buy,84.87241500,3.73043712,0.31661121,USDT
2026-03-02T17:30:00Z,SOL/USDT,sell,87.73611000,3.73043712,0.32729404,USDT
2026-03-02T18:00:00Z,SOL/USDT,buy,87.29362500,3.62320142,0.31628239,USDT
2026-03-02T20:00:00Z,SOL/USDT,sell,87.61617000,3.62320142,0.31745103,USDT
2026-03-02T22:30:00Z,SOL/USDT,buy,88.04400000,3.60391602,0.31730318,USDT
2026-03-02T23:15:00Z,SOL/USDT,sell,87.28633500,3.60391602,0.31457262,USDT
2026-03-03T07:00:00Z,SOL/USDT,buy,85.90293000,3.68678219,0.31670539,USDT
2026-03-03T07:45:00Z,SOL/USDT,sell,85.68713500,3.68678219,0.31590980,USDT
2026-03-03T19:15:00Z,SOL/USDT,buy,85.23259500,3.72973497,0.31789499,USDT
2026-03-03T20:15:00Z,SOL/USDT,sell,84.75760000,3.72973497,0.31612338,USDT
2026-03-03T22:00:00Z,SOL/USDT,buy,85.20258000,3.7243968,0.31732822,USDT
2026-03-04T03:30:00Z,SOL/USDT,sell,86.11692000,3.7243968,0.32073358,USDT
2026-03-04T10:15:00Z,SOL/USDT,buy,90.60528000,3.48230657,0.31551536,USDT
2026-03-04T11:30:00Z,SOL/USDT,stop_sell,89.81685482,3.48230657,0.31276982,USDT
2026-03-04T11:45:00Z,SOL/USDT,buy,89.74485000,3.52390544,0.31625237,USDT
2026-03-04T14:15:00Z,SOL/USDT,sell,89.94500500,3.52390544,0.31695769,USDT
2026-03-04T21:45:00Z,SOL/USDT,buy,92.46621000,3.42478891,0.31667725,USDT
2026-03-04T22:30:00Z,SOL/USDT,stop_sell,91.48673375,3.42478891,0.31332275,USDT
2026-03-05T06:30:00Z,SOL/USDT,buy,90.38517000,3.49859685,0.31622127,USDT
2026-03-05T08:00:00Z,SOL/USDT,sell,89.91502000,3.49859685,0.31457641,USDT
2026-03-05T08:30:00Z,SOL/USDT,buy,90.33514500,3.52152939,0.31811787,USDT
2026-03-05T13:45:00Z,SOL/USDT,sell,90.87454000,3.52152939,0.32001736,USDT
2026-03-05T20:15:00Z,SOL/USDT,buy,89.24460000,3.54876567,0.31670817,USDT
2026-03-05T20:30:00Z,SOL/USDT,sell,89.45525000,3.54876567,0.31745572,USDT
2026-03-05T21:00:00Z,SOL/USDT,buy,89.33464500,3.54886754,0.31703682,USDT
2026-03-05T23:30:00Z,SOL/USDT,sell,88.89553000,3.54886754,0.31547846,USDT
2026-03-05T23:45:00Z,SOL/USDT,buy,88.79437500,3.55848897,0.31597380,USDT
2026-03-06T00:00:00Z,SOL/USDT,sell,88.80557500,3.55848897,0.31601366,USDT
2026-03-06T01:45:00Z,SOL/USDT,buy,89.18457000,3.54238866,0.31592641,USDT
2026-03-06T02:00:00Z,SOL/USDT,sell,88.99548000,3.54238866,0.31525658,USDT
2026-03-06T07:45:00Z,SOL/USDT,buy,88.73434500,3.55918868,0.31582228,USDT
2026-03-06T08:15:00Z,SOL/USDT,sell,88.37579000,3.55918868,0.31454611,USDT
2026-03-06T08:30:00Z,SOL/USDT,buy,88.57426500,3.56752512,0.31599092,USDT
2026-03-06T09:00:00Z,SOL/USDT,stop_sell,88.04238536,3.56752512,0.31409342,USDT
2026-03-06T19:00:00Z,SOL/USDT,buy,85.32264000,3.6904227,0.31487661,USDT
2026-03-06T20:15:00Z,SOL/USDT,stop_sell,84.86504625,3.6904227,0.31318789,USDT
2026-03-06T20:30:00Z,SOL/USDT,buy,84.71233500,3.70603755,0.31394709,USDT
2026-03-06T21:15:00Z,SOL/USDT,stop_sell,84.47345643,3.70603755,0.31306180,USDT
2026-03-06T21:30:00Z,SOL/USDT,buy,84.55225500,3.72740964,0.31516089,USDT
2026-03-06T23:30:00Z,SOL/USDT,sell,84.70762500,3.72740964,0.31574002,USDT
2026-03-07T08:45:00Z,SOL/USDT,buy,84.59227500,3.72559725,0.31515675,USDT
2026-03-07T12:45:00Z,SOL/USDT,sell,84.25785000,3.72559725,0.31391081,USDT
2026-03-08T00:15:00Z,SOL/USDT,buy,83.46171000,3.77200488,0.31481798,USDT
2026-03-08T00:15:00Z,SOL/USDT,stop_sell,83.27726911,3.77200488,0.31412227,USDT
2026-03-08T00:45:00Z,SOL/USDT,buy,83.11153500,3.78934836,0.31493856,USDT
2026-03-08T01:30:00Z,SOL/USDT,stop_sell,82.79858000,3.78934836,0.31375266,USDT
2026-03-08T02:30:00Z,SOL/USDT,buy,82.72134000,3.79170915,0.31365526,USDT
2026-03-08T02:30:00Z,SOL/USDT,stop_sell,82.63866000,3.79170915,0.31334176,USDT
2026-03-08T02:45:00Z,SOL/USDT,buy,83.06151000,3.78943215,0.31475596,USDT
2026-03-08T02:45:00Z,SOL/USDT,stop_sell,82.73039982,3.78943215,0.31350124,USDT
2026-03-08T11:45:00Z,SOL/USDT,buy,82.77136500,3.7908143,0.31377087,USDT
2026-03-08T12:00:00Z,SOL/USDT,sell,82.75860000,3.7908143,0.31372248,USDT
2026-03-08T18:30:00Z,SOL/USDT,buy,81.77086500,3.8472235,0.31459079,USDT
2026-03-08T18:45:00Z,SOL/USDT,sell,81.49923000,3.8472235,0.31354575,USDT
2026-03-08T20:00:00Z,SOL/USDT,buy,82.36116000,3.81245365,0.31399811,USDT
2026-03-08T20:15:00Z,SOL/USDT,sell,82.10892500,3.81245365,0.31303647,USDT
2026-03-08T22:45:00Z,SOL/USDT,buy,82.06101000,3.84214842,0.31529058,USDT
2026-03-09T00:00:00Z,SOL/USDT,sell,81.54920500,3.84214842,0.31332415,USDT
2026-03-09T00:15:00Z,SOL/USDT,buy,82.29112500,3.81348248,0.31381576,USDT
2026-03-09T00:30:00Z,SOL/USDT,sell,82.24885500,3.81348248,0.31365457,USDT
2026-03-09T00:45:00Z,SOL/USDT,buy,82.60128000,3.79519249,0.31348776,USDT
2026-03-09T01:15:00Z,SOL/USDT,sell,82.26884500,3.79519249,0.31222610,USDT
2026-03-09T01:30:00Z,SOL/USDT,buy,82.57126500,3.78558269,0.31258035,USDT
2026-03-09T02:15:00Z,SOL/USDT,stop_sell,81.73911000,3.78558269,0.30943016,USDT
2026-03-09T02:45:00Z,SOL/USDT,buy,82.89142500,3.79017478,0.31417299,USDT
2026-03-09T04:15:00Z,SOL/USDT,sell,83.11842000,3.79017478,0.31503334,USDT
2026-03-09T04:30:00Z,SOL/USDT,buy,83.76186000,3.74286002,0.31350892,USDT
2026-03-09T05:30:00Z,SOL/USDT,sell,83.46824500,3.74286002,0.31240996,USDT
2026-03-09T05:45:00Z,SOL/USDT,buy,84.49222500,3.71503085,0.31389122,USDT
2026-03-09T06:15:00Z,SOL/USDT,sell,83.96799500,3.71503085,0.31194369,USDT
2026-03-09T09:30:00Z,SOL/USDT,buy,84.23209500,3.72097458,0.31342548,USDT
2026-03-09T10:30:00Z,SOL/USDT,sell,83.82806500,3.72097458,0.31192210,USDT
2026-03-09T13:15:00Z,SOL/USDT,buy,84.44220000,3.70441779,0.31280919,USDT
2026-03-09T14:15:00Z,SOL/USDT,sell,85.24735500,3.70441779,0.31579182,USDT
2026-03-09T16:00:00Z,SOL/USDT,buy,85.16256000,3.68309689,0.31366196,USDT
2026-03-09T16:30:00Z,SOL/USDT,sell,85.03746000,3.68309689,0.31320120,USDT
2026-03-09T17:15:00Z,SOL/USDT,buy,85.24260000,3.6721356,0.31302239,USDT
2026-03-09T17:30:00Z,SOL/USDT,stop_sell,84.58625714,3.6721356,0.31061221,USDT
2026-03-09T17:45:00Z,SOL/USDT,buy,84.69232500,3.69923921,0.31329717,USDT
2026-03-09T18:15:00Z,SOL/USDT,sell,84.76759500,3.69923921,0.31357561,USDT
2026-03-09T19:30:00Z,SOL/USDT,buy,86.95345500,3.59968704,0.31300523,USDT
2026-03-09T19:45:00Z,SOL/USDT,stop_sell,85.85705000,3.59968704,0.30905851,USDT
2026-03-09T21:30:00Z,SOL/USDT,buy,86.02299000,3.62469027,0.31180669,USDT
2026-03-09T23:15:00Z,SOL/USDT,stop_sell,85.35016071,3.62469027,0.30936790,USDT
2026-03-09T23:45:00Z,SOL/USDT,buy,85.15255500,3.65965188,0.31162871,USDT
2026-03-09T23:45:00Z,SOL/USDT,stop_sell,84.78722804,3.65965188,0.31029174,USDT
2026-03-10T09:30:00Z,SOL/USDT,buy,87.35365500,3.57071328,0.31191486,USDT
2026-03-10T11:00:00Z,SOL/USDT,stop_sell,86.83656000,3.57071328,0.31006846,USDT
2026-03-10T13:30:00Z,SOL/USDT,buy,86.34315000,3.57254251,0.30846457,USDT
2026-03-10T13:30:00Z,SOL/USDT,stop_sell,86.25685000,3.57254251,0.30815626,USDT
2026-03-10T15:00:00Z,SOL/USDT,buy,88.23409500,3.53964493,0.31231737,USDT
2026-03-10T15:15:00Z,SOL/USDT,sell,87.42626500,3.53964493,0.30945794,USDT
2026-03-10T15:30:00Z,SOL/USDT,buy,88.11403500,3.54897804,0.31271478,USDT
2026-03-10T18:15:00Z,SOL/USDT,sell,87.01647000,3.54897804,0.30881954,USDT
2026-03-10T18:30:00Z,SOL/USDT,buy,86.72334000,3.58283988,0.31071584,USDT
2026-03-10T18:45:00Z,SOL/USDT,sell,86.18688500,3.58283988,0.30879381,USDT
2026-03-10T19:00:00Z,SOL/USDT,buy,86.25310500,3.60625642,0.31105081,USDT
2026-03-10T19:30:00Z,SOL/USDT,sell,85.84705500,3.60625642,0.30958649,USDT
2026-03-11T03:00:00Z,SOL/USDT,buy,86.21308500,3.62112825,0.31218864,USDT
2026-03-11T05:45:00Z,SOL/USDT,sell,85.88703500,3.62112825,0.31100797,USDT
2026-03-11T06:45:00Z,SOL/USDT,buy,86.09302500,3.60473787,0.31034279,USDT
2026-03-11T07:30:00Z,SOL/USDT,stop_sell,85.69713000,3.60473787,0.30891569,USDT
2026-03-11T18:00:00Z,SOL/USDT,buy,87.37366500,3.55944441,0.31100170,USDT
2026-03-11T22:30:00Z,SOL/USDT,sell,87.11642000,3.55944441,0.31008605,USDT
2026-03-12T08:30:00Z,SOL/USDT,buy,85.85290500,3.61484005,0.31034452,USDT
2026-03-12T14:30:00Z,SOL/USDT,stop_sell,85.56148357,3.61484005,0.30929108,USDT
2026-03-12T20:15:00Z,SOL/USDT,buy,86.59327500,3.57660144,0.30970963,USDT
2026-03-12T20:30:00Z,SOL/USDT,sell,86.58668500,3.57660144,0.30968606,USDT
2026-03-12T21:00:00Z,SOL/USDT,buy,86.53324500,3.58386291,0.31012329,USDT
2026-03-12T21:45:00Z,SOL/USDT,sell,86.35680000,3.58386291,0.30949093,USDT
2026-03-12T23:15:00Z,SOL/USDT,buy,87.16356000,3.57279207,0.31141728,USDT
2026-03-13T05:15:00Z,SOL/USDT,sell,88.89553000,3.57279207,0.31760524,USDT
2026-03-13T12:15:00Z,SOL/USDT,buy,90.35515500,3.43534093,0.31040076,USDT
2026-03-13T15:30:00Z,SOL/USDT,stop_sell,89.98962554,3.43534093,0.30914504,USDT
2026-03-13T21:15:00Z,SOL/USDT,buy,88.97446500,3.48616182,0.31017938,USDT
2026-03-13T21:30:00Z,SOL/USDT,sell,88.53571000,3.48616182,0.30864981,USDT
2026-03-14T03:00:00Z,SOL/USDT,buy,88.34415000,3.5118578,0.31025209,USDT
2026-03-14T04:30:00Z,SOL/USDT,sell,88.52571500,3.5118578,0.31088972,USDT
2026-03-14T04:45:00Z,SOL/USDT,buy,88.67431500,3.49760972,0.31014815,USDT
2026-03-14T04:45:00Z,SOL/USDT,stop_sell,88.40399018,3.49760972,0.30920266,USDT
2026-03-14T05:00:00Z,SOL/USDT,buy,88.31413500,3.50331153,0.30939193,USDT
2026-03-14T05:00:00Z,SOL/USDT,stop_sell,88.20052054,3.50331153,0.30899390,USDT
2026-03-14T06:15:00Z,SOL/USDT,buy,87.74385000,3.51790196,0.30867426,USDT
2026-03-14T06:15:00Z,SOL/USDT,stop_sell,87.65615000,3.51790196,0.30836574,USDT
2026-03-14T15:30:00Z,SOL/USDT,buy,86.90343000,3.56564499,0.30986678,USDT
2026-03-14T16:00:00Z,SOL/USDT,sell,86.61667000,3.56564499,0.30884430,USDT
2026-03-15T05:45:00Z,SOL/USDT,buy,88.50423000,3.50046676,0.30980612,USDT
2026-03-15T06:30:00Z,SOL/USDT,stop_sell,88.15197339,3.50046676,0.30857305,USDT
2026-03-15T08:15:00Z,SOL/USDT,buy,88.36416000,3.50394214,0.30962290,USDT
2026-03-15T10:15:00Z,SOL/USDT,sell,88.46574500,3.50394214,0.30997885,USDT
2026-03-15T18:00:00Z,SOL/USDT,buy,88.60428000,3.49144846,0.30935728,USDT
2026-03-15T18:45:00Z,SOL/USDT,stop_sell,88.25906268,3.49144846,0.30815197,USDT
2026-03-15T19:00:00Z,SOL/USDT,buy,87.95395500,3.51758503,0.30938552,USDT
2026-03-16T03:30:00Z,SOL/USDT,sell,92.30382500,3.51758503,0.32468655,USDT
2026-03-16T08:30:00Z,SOL/USDT,buy,93.23659500,3.31455759,0.30903806,USDT
2026-03-16T08:30:00Z,SOL/USDT,stop_sell,93.14340500,3.31455759,0.30872918,USDT
2026-03-16T11:00:00Z,SOL/USDT,buy,93.93694500,3.3045936,0.31042343,USDT
2026-03-16T12:00:00Z,SOL/USDT,stop_sell,93.47074125,3.3045936,0.30888281,USDT
2026-03-16T12:30:00Z,SOL/USDT,buy,94.06701000,3.30416108,0.31081255,USDT
2026-03-16T13:00:00Z,SOL/USDT,sell,93.77309000,3.30416108,0.30984139,USDT
2026-03-16T23:30:00Z,SOL/USDT,buy,96.13804500,3.23729344,0.31122706,USDT
2026-03-17T00:45:00Z,SOL/USDT,sell,95.48223500,3.23729344,0.30910401,USDT
2026-03-17T08:30:00Z,SOL/USDT,buy,94.69732500,3.27535005,0.31016689,USDT
2026-03-17T09:45:00Z,SOL/USDT,stop_sell,94.02189411,3.27535005,0.30795462,USDT
2026-03-17T10:30:00Z,SOL/USDT,buy,93.59677500,3.30016451,0.30888476,USDT
2026-03-17T10:45:00Z,SOL/USDT,sell,93.24335500,3.30016451,0.30771841,USDT
2026-03-17T17:45:00Z,SOL/USDT,buy,94.42719000,3.27629724,0.30937154,USDT
2026-03-17T18:00:00Z,SOL/USDT,sell,94.47274000,3.27629724,0.30952078,USDT
2026-03-17T18:45:00Z,SOL/USDT,buy,95.37766500,3.24124663,0.30914254,USDT
2026-03-17T19:30:00Z,SOL/USDT,stop_sell,94.89253000,3.24124663,0.30757009,USDT
2026-03-17T19:45:00Z,SOL/USDT,buy,95.00748000,3.25646553,0.30938858,USDT
2026-03-17T21:15:00Z,SOL/USDT,sell,95.15240000,3.25646553,0.30986051,USDT
2026-03-17T21:30:00Z,SOL/USDT,buy,95.13754500,3.25189055,0.30937688,USDT
2026-03-17T23:30:00Z,SOL/USDT,sell,94.80257500,3.25189055,0.30828760,USDT
2026-03-18T09:30:00Z,SOL/USDT,buy,94.33714500,3.2787226,0.30930533,USDT
2026-03-18T10:00:00Z,SOL/USDT,sell,94.18288500,3.2787226,0.30879955,USDT
2026-03-18T10:15:00Z,SOL/USDT,buy,94.37716500,3.27464339,0.30905156,USDT
2026-03-18T10:30:00Z,SOL/USDT,stop_sell,93.94300500,3.27464339,0.30762984,USDT
2026-03-18T10:45:00Z,SOL/USDT,buy,93.80688000,3.29174948,0.30878875,USDT
2026-03-18T11:00:00Z,SOL/USDT,sell,93.72311500,3.29174948,0.30851302,USDT
2026-03-18T18:45:00Z,SOL/USDT,buy,89.80488000,3.4260742,0.30767818,USDT
2026-03-18T19:00:00Z,SOL/USDT,sell,89.77509000,3.4260742,0.30757612,USDT
2026-03-18T19:15:00Z,SOL/USDT,buy,90.01498500,3.4391729,0.30957710,USDT
2026-03-18T23:00:00Z,SOL/USDT,sell,89.89503000,3.4391729,0.30916455,USDT
2026-03-18T23:45:00Z,SOL/USDT,buy,90.04500000,3.42680329,0.30856650,USDT
2026-03-19T02:00:00Z,SOL/USDT,sell,90.02496500,3.42680329,0.30849785,USDT
2026-03-19T04:00:00Z,SOL/USDT,buy,90.77536500,3.40052427,0.30868383,USDT
2026-03-19T04:00:00Z,SOL/USDT,stop_sell,90.30982250,3.40052427,0.30710074,USDT
2026-03-19T04:15:00Z,SOL/USDT,buy,90.22509000,3.42386139,0.30891820,USDT
2026-03-19T04:30:00Z,SOL/USDT,sell,89.88503500,3.42386139,0.30775390,USDT
2026-03-19T05:00:00Z,SOL/USDT,buy,89.97496500,3.42836867,0.30846735,USDT
2026-03-19T05:15:00Z,SOL/USDT,sell,89.85505000,3.42836867,0.30805624,USDT
2026-03-19T10:00:00Z,SOL/USDT,buy,90.13504500,3.41719494,0.30800902,USDT
2026-03-19T11:15:00Z,SOL/USDT,sell,89.84505500,3.41719494,0.30701807,USDT
2026-03-19T12:00:00Z,SOL/USDT,buy,89.58477000,3.44017983,0.30818772,USDT
2026-03-19T12:15:00Z,SOL/USDT,stop_sell,89.14540500,3.44017983,0.30667622,USDT
2026-03-19T19:00:00Z,SOL/USDT,buy,88.53424500,3.49248494,0.30920452,USDT
2026-03-19T19:15:00Z,SOL/USDT,sell,89.17539000,3.49248494,0.31144371,USDT
2026-03-19T21:00:00Z,SOL/USDT,buy,89.11453500,3.45864915,0.30821591,USDT
2026-03-19T22:30:00Z,SOL/USDT,stop_sell,88.48573500,3.45864915,0.30604111,USDT
2026-03-19T22:45:00Z,SOL/USDT,buy,88.52424000,3.47919028,0.30799268,USDT
2026-03-19T23:00:00Z,SOL/USDT,sell,88.85555000,3.47919028,0.30914537,USDT
2026-03-19T23:45:00Z,SOL/USDT,buy,88.78437000,3.4702615,0.30810498,USDT
2026-03-20T00:00:00Z,SOL/USDT,sell,88.89553000,3.4702615,0.30849074,USDT
2026-03-20T00:15:00Z,SOL/USDT,buy,89.17456500,3.44635769,0.30732745,USDT
2026-03-20T02:30:00Z,SOL/USDT,stop_sell,88.87554000,3.44635769,0.30629690,USDT
2026-03-20T03:00:00Z,SOL/USDT,buy,89.34465000,3.44411415,0.30771317,USDT
2026-03-20T04:00:00Z,SOL/USDT,sell,89.50522500,3.44411415,0.30826621,USDT
2026-03-20T11:00:00Z,SOL/USDT,buy,89.35465500,3.44444329,0.30777704,USDT
2026-03-20T13:00:00Z,SOL/USDT,sell,89.08543500,3.44444329,0.30684973,USDT
2026-03-20T14:15:00Z,SOL/USDT,buy,88.63429500,3.46205074,0.30685643,USDT
2026-03-20T15:45:00Z,SOL/USDT,sell,88.95550000,3.46205074,0.30796845,USDT
2026-03-20T23:00:00Z,SOL/USDT,buy,90.15505500,3.41559881,0.30793350,USDT
2026-03-21T06:00:00Z,SOL/USDT,sell,89.90502500,3.41559881,0.30707950,USDT
2026-03-21T06:15:00Z,SOL/USDT,buy,90.15505500,3.41164259,0.30757683,USDT
2026-03-21T07:45:00Z,SOL/USDT,sell,90.13491000,3.41164259,0.30750810,USDT
2026-03-21T10:45:00Z,SOL/USDT,buy,90.16506000,3.4117927,0.30762449,USDT
2026-03-21T11:00:00Z,SOL/USDT,sell,90.07494000,3.4117927,0.30731702,USDT
2026-03-21T11:15:00Z,SOL/USDT,buy,90.16506000,3.41097387,0.30755066,USDT
2026-03-21T11:30:00Z,SOL/USDT,sell,89.80507500,3.41097387,0.30632276,USDT
2026-03-21T13:00:00Z,SOL/USDT,buy,90.28512000,3.40593752,0.30750548,USDT
2026-03-21T14:00:00Z,SOL/USDT,stop_sell,90.02496500,3.40593752,0.30661941,USDT
2026-03-21T16:30:00Z,SOL/USDT,buy,89.86491000,3.4136891,0.30677086,USDT
2026-03-21T16:30:00Z,SOL/USDT,stop_sell,89.74189232,3.4136891,0.30635092,USDT
2026-03-21T19:45:00Z,SOL/USDT,buy,89.84490000,3.4215173,0.30740588,USDT
2026-03-21T21:15:00Z,SOL/USDT,sell,89.96499500,3.4215173,0.30781679,USDT
2026-03-21T21:30:00Z,SOL/USDT,buy,90.13504500,3.40804326,0.30718413,USDT
2026-03-21T22:00:00Z,SOL/USDT,stop_sell,89.85433607,3.40804326,0.30622746,USDT
2026-03-21T22:30:00Z,SOL/USDT,buy,89.90493000,3.41271001,0.30681945,USDT
2026-03-21T23:00:00Z,SOL/USDT,stop_sell,89.67406911,3.41271001,0.30603159,USDT
2026-03-21T23:30:00Z,SOL/USDT,buy,89.83489500,3.42097406,0.30732285,USDT
2026-03-21T23:45:00Z,SOL/USDT,stop_sell,89.37707482,3.42097406,0.30575665,USDT
2026-03-22T04:45:00Z,SOL/USDT,buy,89.03449500,3.44515295,0.30673745,USDT
2026-03-22T06:00:00Z,SOL/USDT,stop_sell,88.35580000,3.44515295,0.30439925,USDT
2026-03-22T13:15:00Z,SOL/USDT,buy,87.54375000,3.5031176,0.30667605,USDT
2026-03-22T13:30:00Z,SOL/USDT,stop_sell,87.10642500,3.5031176,0.30514405,USDT
2026-03-22T14:00:00Z,SOL/USDT,buy,87.43369500,3.50677003,0.30660986,USDT
2026-03-22T14:15:00Z,SOL/USDT,sell,87.34630500,3.50677003,0.30630340,USDT
2026-03-22T17:30:00Z,SOL/USDT,buy,87.52374000,3.49951543,0.30629068,USDT
2026-03-22T18:00:00Z,SOL/USDT,stop_sell,87.10642500,3.49951543,0.30483028,USDT
2026-03-23T11:15:00Z,SOL/USDT,buy,91.27561500,3.36565711,0.30720242,USDT
2026-03-23T11:15:00Z,SOL/USDT,stop_sell,89.97677482,3.36565711,0.30283097,USDT
2026-03-23T11:30:00Z,SOL/USDT,buy,90.66531000,3.38173273,0.30660585,USDT
2026-03-23T11:45:00Z,SOL/USDT,stop_sell,89.26641589,3.38173273,0.30187516,USDT
2026-03-23T12:00:00Z,SOL/USDT,buy,88.78437000,3.4386549,0.30529881,USDT
2026-03-23T16:00:00Z,SOL/USDT,sell,90.00497500,3.4386549,0.30949605,USDT
2026-03-23T16:45:00Z,SOL/USDT,buy,90.23509500,3.39482974,0.30633278,USDT
2026-03-23T17:30:00Z,SOL/USDT,sell,90.48473500,3.39482974,0.30718027,USDT
2026-03-23T18:00:00Z,SOL/USDT,buy,91.32564000,3.34484833,0.30547041,USDT
2026-03-23T19:15:00Z,SOL/USDT,sell,91.32431500,3.34484833,0.30546598,USDT
2026-03-23T19:45:00Z,SOL/USDT,buy,91.69582500,3.33299487,0.30562171,USDT
2026-03-23T20:00:00Z,SOL/USDT,sell,91.39428000,3.33299487,0.30461667,USDT
2026-03-23T20:15:00Z,SOL/USDT,buy,91.70583000,3.33267573,0.30562579,USDT
2026-03-23T23:15:00Z,SOL/USDT,sell,90.98448500,3.33267573,0.30322178,USDT
2026-03-24T11:15:00Z,SOL/USDT,buy,91.82589000,3.31160643,0.30409121,USDT
2026-03-24T12:00:00Z,SOL/USDT,stop_sell,91.59596482,3.31160643,0.30332979,USDT
2026-03-24T12:15:00Z,SOL/USDT,buy,91.78587000,3.32376892,0.30507502,USDT
2026-03-24T13:00:00Z,SOL/USDT,sell,91.59418000,3.32376892,0.30443789,USDT
2026-03-24T13:15:00Z,SOL/USDT,buy,91.13554500,3.33248966,0.30370826,USDT
2026-03-24T13:15:00Z,SOL/USDT,stop_sell,91.04445500,3.33248966,0.30340470,USDT
2026-03-25T01:30:00Z,SOL/USDT,buy,91.24560000,3.34119039,0.30486892,USDT
2026-03-25T08:45:00Z,SOL/USDT,sell,92.39378000,3.34119039,0.30870521,USDT
2026-03-25T09:00:00Z,SOL/USDT,buy,92.40618000,3.29773805,0.30473138,USDT
2026-03-25T09:45:00Z,SOL/USDT,sell,92.37379000,3.29773805,0.30462456,USDT
2026-03-26T02:00:00Z,SOL/USDT,buy,91.88592000,3.3197311,0.30503655,USDT
2026-03-26T02:15:00Z,SOL/USDT,stop_sell,91.20437500,3.3197311,0.30277400,USDT
2026-03-26T02:30:00Z,SOL/USDT,buy,91.13554500,3.33721247,0.30413868,USDT
2026-03-26T02:30:00Z,SOL/USDT,stop_sell,90.94950250,3.33721247,0.30351781,USDT
2026-03-26T16:15:00Z,SOL/USDT,buy,87.54375000,3.47981025,0.30463564,USDT
2026-03-26T16:30:00Z,SOL/USDT,sell,87.37629000,3.47981025,0.30405291,USDT
2026-03-27T01:45:00Z,SOL/USDT,buy,86.69332500,3.51445211,0.30467954,USDT
2026-03-27T02:30:00Z,SOL/USDT,sell,86.84655500,3.51445211,0.30521806,USDT
2026-03-27T15:30:00Z,SOL/USDT,buy,83.78187000,3.63738133,0.30474661,USDT
2026-03-27T16:00:00Z,SOL/USDT,stop_sell,83.29583125,3.63738133,0.30297870,USDT
2026-03-28T06:00:00Z,SOL/USDT,buy,82.77136500,3.67727785,0.30437331,USDT
2026-03-28T11:15:00Z,SOL/USDT,sell,82.76859500,3.67727785,0.30436312,USDT
2026-03-28T16:00:00Z,SOL/USDT,buy,83.80188000,3.63365179,0.30450685,USDT
2026-03-28T16:30:00Z,SOL/USDT,sell,83.79808000,3.63365179,0.30449304,USDT
2026-03-29T04:30:00Z,SOL/USDT,buy,82.83139500,3.67119798,0.30409045,USDT
2026-03-29T05:00:00Z,SOL/USDT,stop_sell,82.61438643,3.67119798,0.30329377,USDT
2026-03-29T05:30:00Z,SOL/USDT,buy,82.68132000,3.68496124,0.30467746,USDT
2026-03-29T06:30:00Z,SOL/USDT,sell,82.31882000,3.68496124,0.30334166,USDT
2026-03-29T11:15:00Z,SOL/USDT,buy,82.64130000,3.68218468,0.30430053,USDT
2026-03-29T11:45:00Z,SOL/USDT,sell,82.60867500,3.68218468,0.30418040,USDT
2026-03-29T20:15:00Z,SOL/USDT,buy,81.83089500,3.71432482,0.30394652,USDT
2026-03-29T21:00:00Z,SOL/USDT,sell,81.90902500,3.71432482,0.30423672,USDT
2026-03-29T21:45:00Z,SOL/USDT,buy,82.19107500,3.70179825,0.30425478,USDT
2026-03-29T22:00:00Z,SOL/USDT,stop_sell,81.83906000,3.70179825,0.30295169,USDT
2026-03-29T22:15:00Z,SOL/USDT,buy,81.90093000,3.73038313,0.30552185,USDT
2026-03-29T22:30:00Z,SOL/USDT,stop_sell,81.18010393,3.73038313,0.30283289,USDT
2026-03-30T07:00:00Z,SOL/USDT,buy,83.62179000,3.63342923,0.30383386,USDT
2026-03-30T07:15:00Z,SOL/USDT,sell,83.58818500,3.63342923,0.30371175,USDT
2026-03-31T04:30:00Z,SOL/USDT,buy,83.39167500,3.62535115,0.30232410,USDT
2026-03-31T04:45:00Z,SOL/USDT,sell,83.48823500,3.62535115,0.30267417,USDT
2026-03-31T05:15:00Z,SOL/USDT,buy,83.28162000,3.65172416,0.30412150,USDT
2026-03-31T06:15:00Z,SOL/USDT,sell,83.22836500,3.65172416,0.30392703,USDT
2026-03-31T16:00:00Z,SOL/USDT,buy,81.12054000,3.73456096,0.30294960,USDT
2026-03-31T16:15:00Z,SOL/USDT,sell,81.09943000,3.73456096,0.30287077,USDT
2026-03-31T19:00:00Z,SOL/USDT,buy,82.99147500,3.65469111,0.30330821,USDT
2026-03-31T22:00:00Z,SOL/USDT,sell,82.65865000,3.65469111,0.30209183,USDT
2026-03-31T22:30:00Z,SOL/USDT,buy,82.44120000,3.66618925,0.30224504,USDT
2026-03-31T23:00:00Z,SOL/USDT,sell,82.74860500,3.66618925,0.30337205,USDT
2026-04-01T02:00:00Z,SOL/USDT,buy,82.83139500,3.65564015,0.30280177,USDT
2026-04-01T02:15:00Z,SOL/USDT,sell,82.72861500,3.65564015,0.30242605,USDT
2026-04-01T14:30:00Z,SOL/USDT,buy,83.37166500,3.63977136,0.30345380,USDT
2026-04-01T14:45:00Z,SOL/USDT,sell,83.46824500,3.63977136,0.30380533,USDT
2026-04-01T15:30:00Z,SOL/USDT,buy,83.67181500,3.61823428,0.30274423,USDT
2026-04-01T16:00:00Z,SOL/USDT,stop_sell,83.15054679,3.61823428,0.30085816,USDT
2026-04-01T17:45:00Z,SOL/USDT,buy,84.61228500,3.58758741,0.30355397,USDT
2026-04-01T20:00:00Z,SOL/USDT,stop_sell,83.51572125,3.58758741,0.29961995,USDT
2026-04-02T06:30:00Z,SOL/USDT,buy,79.31964000,3.80887879,0.30211889,USDT
2026-04-02T06:45:00Z,SOL/USDT,sell,78.99048500,3.80887879,0.30086518,USDT
2026-04-02T07:00:00Z,SOL/USDT,buy,79.18957500,3.8257955,0.30296312,USDT
2026-04-02T10:30:00Z,SOL/USDT,sell,78.89053500,3.8257955,0.30181905,USDT
2026-04-02T18:15:00Z,SOL/USDT,buy,78.84940500,3.83518668,0.30240219,USDT
2026-04-02T19:30:00Z,SOL/USDT,sell,79.01047500,3.83518668,0.30301992,USDT
2026-04-02T21:00:00Z,SOL/USDT,buy,79.23960000,3.81534775,0.30232663,USDT
2026-04-02T21:30:00Z,SOL/USDT,sell,78.84056000,3.81534775,0.30080415,USDT
2026-04-03T09:15:00Z,SOL/USDT,buy,79.94995500,3.77979786,0.30219467,USDT
2026-04-03T12:45:00Z,SOL/USDT,stop_sell,79.59589643,3.77979786,0.30085640,USDT
2026-04-03T15:30:00Z,SOL/USDT,buy,80.45020500,3.75156383,0.30181408,USDT
2026-04-03T19:00:00Z,SOL/USDT,stop_sell,79.97999000,3.75156383,0.30005004,USDT
2026-04-03T19:30:00Z,SOL/USDT,buy,80.17006500,3.76794141,0.30207611,USDT
2026-04-03T19:45:00Z,SOL/USDT,sell,80.20987500,3.76794141,0.30222611,USDT
2026-04-03T22:30:00Z,SOL/USDT,buy,80.29012500,3.75389155,0.30140042,USDT
2026-04-03T22:45:00Z,SOL/USDT,sell,79.99998000,3.75389155,0.30031125,USDT
2026-04-03T23:30:00Z,SOL/USDT,buy,80.52024000,3.75454431,0.30231681,USDT
2026-04-04T01:15:00Z,SOL/USDT,sell,80.09993000,3.75454431,0.30073874,USDT
2026-04-04T03:45:00Z,SOL/USDT,buy,80.30013000,3.75424148,0.30146608,USDT
2026-04-04T04:00:00Z,SOL/USDT,stop_sell,80.10028696,3.75424148,0.30071582,USDT
2026-04-04T04:45:00Z,SOL/USDT,buy,80.32014000,3.75289359,0.30143294,USDT
2026-04-04T05:00:00Z,SOL/USDT,stop_sell,80.12920107,3.75289359,0.30071637,USDT
2026-04-04T16:00:00Z,SOL/USDT,buy,81.19057500,3.72190422,0.30218354,USDT
2026-04-04T20:00:00Z,SOL/USDT,sell,80.78958500,3.72190422,0.30069110,USDT
2026-04-04T21:45:00Z,SOL/USDT,buy,80.92044000,3.72121223,0.30112213,USDT
2026-04-04T22:45:00Z,SOL/USDT,sell,80.86954500,3.72121223,0.30093274,USDT
2026-04-05T12:15:00Z,SOL/USDT,buy,79.78987500,3.76700462,0.30056883,USDT
2026-04-05T12:15:00Z,SOL/USDT,stop_sell,79.71012500,3.76700462,0.30026841,USDT
2026-04-05T19:15:00Z,SOL/USDT,buy,80.00998500,3.76092297,0.30091139,USDT
2026-04-05T19:30:00Z,SOL/USDT,stop_sell,79.77652036,3.76092297,0.30003335,USDT
2026-04-05T21:15:00Z,SOL/USDT,buy,79.85991000,3.76273661,0.30049181,USDT
2026-04-05T21:15:00Z,SOL/USDT,stop_sell,79.63373464,3.76273661,0.29964077,USDT
2026-04-06T01:00:00Z,SOL/USDT,buy,82.41118500,3.6507386,0.30086169,USDT
2026-04-06T04:30:00Z,SOL/USDT,sell,81.84905500,3.6507386,0.29880950,USDT
2026-04-06T13:45:00Z,SOL/USDT,buy,82.42119000,3.64860521,0.30072238,USDT
2026-04-06T14:00:00Z,SOL/USDT,sell,82.26884500,3.64860521,0.30016654,USDT
2026-04-06T22:00:00Z,SOL/USDT,buy,81.50073000,3.68734195,0.30052106,USDT
2026-04-06T22:15:00Z,SOL/USDT,sell,81.41927000,3.68734195,0.30022069,USDT
2026-04-07T05:00:00Z,SOL/USDT,buy,79.94995500,3.75187502,0.29996224,USDT
2026-04-07T05:15:00Z,SOL/USDT,stop_sell,79.75831518,3.75187502,0.29924323,USDT
2026-04-07T05:30:00Z,SOL/USDT,buy,79.81989000,3.76561584,0.30057104,USDT
2026-04-07T05:30:00Z,SOL/USDT,stop_sell,79.48024000,3.76561584,0.29929205,USDT
2026-04-07T07:30:00Z,SOL/USDT,buy,79.85991000,3.75713018,0.30004408,USDT
2026-04-07T10:30:00Z,SOL/USDT,stop_sell,79.54021000,3.75713018,0.29884292,USDT
2026-04-07T17:00:00Z,SOL/USDT,buy,79.04950500,3.79669837,0.30012713,USDT
2026-04-07T17:15:00Z,SOL/USDT,sell,78.84056000,3.79669837,0.29933383,USDT
2026-04-07T17:30:00Z,SOL/USDT,buy,79.49973000,3.77378305,0.30001473,USDT
2026-04-08T00:30:00Z,SOL/USDT,sell,84.86754500,3.77378305,0.32027170,USDT
2026-04-08T07:30:00Z,SOL/USDT,buy,84.45220500,3.56002344,0.30065183,USDT
2026-04-08T07:45:00Z,SOL/USDT,sell,84.33781000,3.56002344,0.30024458,USDT
2026-04-08T10:15:00Z,SOL/USDT,buy,84.62229000,3.55528957,0.30085675,USDT
2026-04-08T10:30:00Z,SOL/USDT,sell,84.54770500,3.55528957,0.30059157,USDT
2026-04-08T10:45:00Z,SOL/USDT,buy,84.68232000,3.55993383,0.30146346,USDT
2026-04-08T11:30:00Z,SOL/USDT,stop_sell,84.32281750,3.55993383,0.30018365,USDT
2026-04-08T12:00:00Z,SOL/USDT,buy,84.51223500,3.55983781,0.30084985,USDT
2026-04-08T12:15:00Z,SOL/USDT,sell,84.26784500,3.55983781,0.29997986,USDT
2026-04-08T12:45:00Z,SOL/USDT,buy,84.70233000,3.55634304,0.30123054,USDT
2026-04-08T13:30:00Z,SOL/USDT,stop_sell,84.28140964,3.55634304,0.29973360,USDT
2026-04-09T08:00:00Z,SOL/USDT,buy,82.29112500,3.65324735,0.30062983,USDT
2026-04-09T11:15:00Z,SOL/USDT,stop_sell,82.06430446,3.65324735,0.29980120,USDT
2026-04-10T08:15:00Z,SOL/USDT,buy,82.96146000,3.62411941,0.30066224,USDT
2026-04-10T08:30:00Z,SOL/USDT,sell,82.99848000,3.62411941,0.30079640,USDT
2026-04-10T09:15:00Z,SOL/USDT,buy,83.40168000,3.61321328,0.30134806,USDT
2026-04-10T10:30:00Z,SOL/USDT,sell,83.26834500,3.61321328,0.30086629,USDT
2026-04-10T11:15:00Z,SOL/USDT,buy,83.69182500,3.59402347,0.30079038,USDT
2026-04-10T12:00:00Z,SOL/USDT,sell,83.58818500,3.59402347,0.30041790,USDT
2026-04-10T16:00:00Z,SOL/USDT,buy,84.38217000,3.56833531,0.30110388,USDT
2026-04-10T20:15:00Z,SOL/USDT,sell,85.32731500,3.56833531,0.30447647,USDT
2026-04-10T20:30:00Z,SOL/USDT,buy,85.49272500,3.52490417,0.30135366,USDT
2026-04-10T21:15:00Z,SOL/USDT,stop_sell,84.98355839,3.52490417,0.29955890,USDT
2026-04-10T21:30:00Z,SOL/USDT,buy,85.07251500,3.53301392,0.30056238,USDT
2026-04-10T22:30:00Z,SOL/USDT,stop_sell,84.69620214,3.53301392,0.29923286,USDT
2026-04-10T23:00:00Z,SOL/USDT,buy,84.87241500,3.53660575,0.30016027,USDT
2026-04-10T23:30:00Z,SOL/USDT,sell,84.82756500,3.53660575,0.30000165,USDT
2026-04-11T09:30:00Z,SOL/USDT,buy,84.67231500,3.54717153,0.30034723,USDT
2026-04-11T10:00:00Z,SOL/USDT,stop_sell,84.35780000,3.54717153,0.29923159,USDT
2026-04-11T15:00:00Z,SOL/USDT,buy,84.43219500,3.55774139,0.30038791,USDT
2026-04-11T21:45:00Z,SOL/USDT,sell,85.27734000,3.55774139,0.30339472,USDT
2026-04-12T11:45:00Z,SOL/USDT,buy,82.35115500,3.64782105,0.30040228,USDT
2026-04-12T12:15:00Z,SOL/USDT,sell,82.38878500,3.64782105,0.30053954,USDT
2026-04-12T12:30:00Z,SOL/USDT,buy,82.55125500,3.64206062,0.30065667,USDT
2026-04-12T12:30:00Z,SOL/USDT,stop_sell,82.29133375,3.64206062,0.29971003,USDT
2026-04-12T18:00:00Z,SOL/USDT,buy,82.25110500,3.65563766,0.30068024,USDT
2026-04-12T18:45:00Z,SOL/USDT,sell,82.09893000,3.65563766,0.30012394,USDT
2026-04-12T19:00:00Z,SOL/USDT,buy,82.21108500,3.65139639,0.30018526,USDT
2026-04-12T19:45:00Z,SOL/USDT,stop_sell,81.87904000,3.65139639,0.29897283,USDT
2026-04-12T20:30:00Z,SOL/USDT,buy,82.20108000,3.65541632,0.30047917,USDT
2026-04-12T22:15:00Z,SOL/USDT,stop_sell,81.79086982,3.65541632,0.29897968,USDT
2026-04-13T01:00:00Z,SOL/USDT,buy,82.19107500,3.64758867,0.29979923,USDT
2026-04-13T01:15:00Z,SOL/USDT,sell,81.96899500,3.64758867,0.29898918,USDT
2026-04-13T03:30:00Z,SOL/USDT,buy,82.07101500,3.65689914,0.30012542,USDT
2026-04-13T05:00:00Z,SOL/USDT,sell,81.81907000,3.65689914,0.29920409,USDT
2026-04-13T06:15:00Z,SOL/USDT,buy,82.07101500,3.64917772,0.29949172,USDT
2026-04-13T09:00:00Z,SOL/USDT,sell,81.91902000,3.64917772,0.29893706,USDT
2026-04-13T09:45:00Z,SOL/USDT,buy,82.06101000,3.64983269,0.29950896,USDT
2026-04-13T10:30:00Z,SOL/USDT,stop_sell,81.71912000,3.64983269,0.29826112,USDT
2026-04-14T03:30:00Z,SOL/USDT,buy,86.12304000,3.47476052,0.29925694,USDT
2026-04-14T03:45:00Z,SOL/USDT,sell,86.00697500,3.47476052,0.29885364,USDT
2026-04-14T11:00:00Z,SOL/USDT,buy,85.96296000,3.47141134,0.29841279,USDT
2026-04-14T11:00:00Z,SOL/USDT,stop_sell,85.87704000,3.47141134,0.29811453,USDT
2026-04-14T12:15:00Z,SOL/USDT,buy,85.94295000,3.47784547,0.29889630,USDT
2026-04-14T12:30:00Z,SOL/USDT,stop_sell,85.72318839,3.47784547,0.29813200,USDT
2026-04-14T12:45:00Z,SOL/USDT,buy,85.96296000,3.47941138,0.29910050,USDT
2026-04-14T13:30:00Z,SOL/USDT,sell,86.23686000,3.47941138,0.30005351,USDT
2026-04-14T13:45:00Z,SOL/USDT,buy,87.05350500,3.43259856,0.29881974,USDT
2026-04-14T14:15:00Z,SOL/USDT,stop_sell,86.68806286,3.43259856,0.29756532,USDT
2026-04-14T15:00:00Z,SOL/USDT,buy,85.89292500,3.46752461,0.29783583,USDT
2026-04-14T15:00:00Z,SOL/USDT,stop_sell,85.54898982,3.46752461,0.29664323,USDT
2026-04-15T10:15:00Z,SOL/USDT,buy,83.42169000,3.58225359,0.29883765,USDT
2026-04-15T10:45:00Z,SOL/USDT,stop_sell,83.14662018,3.58225359,0.29785228,USDT
2026-04-15T11:00:00Z,SOL/USDT,buy,83.19157500,3.59150414,0.29878289,USDT
