ts,symbol,side,price,qty,fee,fee_currency
2023-01-01T09:45:00Z,LINK/USDT,buy,5.52276000,144.92753623,0.80040000,USDT
2023-01-01T10:30:00Z,LINK/USDT,sell,5.51724000,144.92753623,0.79960000,USDT
2023-01-01T11:45:00Z,LINK/USDT,buy,5.58279000,143.33476703,0.80020790,USDT
2023-01-01T13:30:00Z,LINK/USDT,stop_sell,5.53723000,143.33476703,0.79367757,USDT
2023-01-01T14:00:00Z,LINK/USDT,buy,5.56278000,143.7334645,0.79955764,USDT
2023-01-01T23:15:00Z,LINK/USDT,stop_sell,5.54436929,143.7334645,0.79691141,USDT
2023-01-02T06:30:00Z,LINK/USDT,buy,5.64282000,141.63451175,0.79921806,USDT
2023-01-02T12:30:00Z,LINK/USDT,sell,5.69715000,141.63451175,0.80691306,USDT
2023-01-02T14:45:00Z,LINK/USDT,buy,5.67283500,140.4755283,0.79689449,USDT
2023-01-02T14:45:00Z,LINK/USDT,stop_sell,5.66716500,140.4755283,0.79609800,USDT
2023-01-02T19:45:00Z,LINK/USDT,buy,5.72286000,139.70534911,0.79951415,USDT
2023-01-02T22:45:00Z,LINK/USDT,sell,5.70714500,139.70534911,0.79731868,USDT
2023-01-03T11:45:00Z,LINK/USDT,buy,5.68284000,140.63577689,0.79921062,USDT
2023-01-03T12:45:00Z,LINK/USDT,sell,5.67716000,140.63577689,0.79841181,USDT
2023-01-03T13:15:00Z,LINK/USDT,buy,5.68284000,140.6020243,0.79901881,USDT
2023-01-03T14:45:00Z,LINK/USDT,stop_sell,5.64717500,140.6020243,0.79400424,USDT
2023-01-04T01:15:00Z,LINK/USDT,buy,5.68284000,141.00545769,0.80131146,USDT
2023-01-04T08:00:00Z,LINK/USDT,sell,5.78710500,141.00545769,0.81601339,USDT
2023-01-04T13:15:00Z,LINK/USDT,buy,5.80290000,137.78235504,0.79953723,USDT
2023-01-04T13:45:00Z,LINK/USDT,stop_sell,5.78710500,137.78235504,0.79736096,USDT
2023-01-04T14:00:00Z,LINK/USDT,buy,5.80290000,137.49325398,0.79785960,USDT
2023-01-04T14:00:00Z,LINK/USDT,stop_sell,5.79424429,137.49325398,0.79666950,USDT
2023-01-04T14:15:00Z,LINK/USDT,buy,5.80290000,137.92971246,0.80039233,USDT
2023-01-04T15:00:00Z,LINK/USDT,stop_sell,5.76711500,137.92971246,0.79545651,USDT
2023-01-04T15:45:00Z,LINK/USDT,buy,5.79289500,137.83946495,0.79848955,USDT
2023-01-04T18:00:00Z,LINK/USDT,sell,5.80709500,137.83946495,0.80044687,USDT
2023-01-04T18:15:00Z,LINK/USDT,buy,5.82291000,137.36990925,0.79989262,USDT
2023-01-04T19:00:00Z,LINK/USDT,stop_sell,5.78246446,137.36990925,0.79433662,USDT
2023-01-05T00:00:00Z,LINK/USDT,buy,5.81290500,137.27145515,0.79794593,USDT
2023-01-05T00:45:00Z,LINK/USDT,stop_sell,5.77711000,137.27145515,0.79303230,USDT
2023-01-05T01:00:00Z,LINK/USDT,buy,5.76288000,138.13289179,0.79604328,USDT
2023-01-05T01:00:00Z,LINK/USDT,stop_sell,5.75426429,138.13289179,0.79485317,USDT
2023-01-05T03:45:00Z,LINK/USDT,buy,5.76288000,138.3340807,0.79720271,USDT
2023-01-05T04:00:00Z,LINK/USDT,sell,5.75712000,138.3340807,0.79640590,USDT
2023-01-05T07:15:00Z,LINK/USDT,buy,5.74287000,137.58429565,0.79012872,USDT
2023-01-05T07:15:00Z,LINK/USDT,stop_sell,5.73713000,137.58429565,0.78933899,USDT
2023-01-05T17:15:00Z,LINK/USDT,buy,5.74287000,138.7497449,0.79682175,USDT
2023-01-05T20:15:00Z,LINK/USDT,stop_sell,5.72213750,138.7497449,0.79394512,USDT
2023-01-05T20:30:00Z,LINK/USDT,buy,5.73286500,138.92951903,0.79646418,USDT
2023-01-05T21:45:00Z,LINK/USDT,sell,5.72713500,138.92951903,0.79566811,USDT
2023-01-06T03:45:00Z,LINK/USDT,buy,5.68284000,140.11885355,0.79627303,USDT
2023-01-06T04:15:00Z,LINK/USDT,stop_sell,5.61719000,140.11885355,0.78707422,USDT
2023-01-06T09:30:00Z,LINK/USDT,buy,5.62281000,141.46130181,0.79541002,USDT
2023-01-06T11:00:00Z,LINK/USDT,stop_sell,5.60719500,141.46130181,0.79320110,USDT
2023-01-06T11:15:00Z,LINK/USDT,buy,5.61280500,141.65930727,0.79510607,USDT
2023-01-06T12:15:00Z,LINK/USDT,stop_sell,5.58720500,141.65930727,0.79147959,USDT
2023-01-06T12:30:00Z,LINK/USDT,buy,5.59279500,142.09153286,0.79468881,USDT
2023-01-06T12:45:00Z,LINK/USDT,sell,5.58720500,142.09153286,0.79389452,USDT
2023-01-06T15:15:00Z,LINK/USDT,buy,5.63281500,141.04814186,0.79449809,USDT
2023-01-06T17:00:00Z,LINK/USDT,sell,5.64717500,141.04814186,0.79652354,USDT
2023-01-06T17:15:00Z,LINK/USDT,buy,5.65282500,140.55500762,0.79453286,USDT
2023-01-06T21:00:00Z,LINK/USDT,sell,5.67716000,140.55500762,0.79795327,USDT
2023-01-06T21:15:00Z,LINK/USDT,buy,5.70285000,139.83838498,0.79747733,USDT
2023-01-06T22:30:00Z,LINK/USDT,sell,5.70714500,139.83838498,0.79807794,USDT
2023-01-07T01:45:00Z,LINK/USDT,buy,5.79289500,137.40526483,0.79597427,USDT
2023-01-07T02:45:00Z,LINK/USDT,stop_sell,5.76104661,137.40526483,0.79159814,USDT
2023-01-07T03:00:00Z,LINK/USDT,buy,5.76288000,138.03918852,0.79550328,USDT
2023-01-07T06:30:00Z,LINK/USDT,sell,5.73713000,138.03918852,0.79194877,USDT
2023-01-07T07:45:00Z,LINK/USDT,buy,5.76288000,137.72812103,0.79371063,USDT
2023-01-07T08:00:00Z,LINK/USDT,sell,5.75712000,137.72812103,0.79291732,USDT
2023-01-07T13:15:00Z,LINK/USDT,buy,5.80290000,136.74544513,0.79352014,USDT
2023-01-07T13:45:00Z,LINK/USDT,stop_sell,5.78710500,136.74544513,0.79136025,USDT
2023-01-07T14:30:00Z,LINK/USDT,buy,5.80290000,136.92987906,0.79459040,USDT
2023-01-07T14:30:00Z,LINK/USDT,stop_sell,5.77960875,136.92987906,0.79140113,USDT
2023-01-07T17:45:00Z,LINK/USDT,buy,5.78289000,137.10068841,0.79283820,USDT
2023-01-07T18:00:00Z,LINK/USDT,sell,5.77711000,137.10068841,0.79204576,USDT
2023-01-07T18:30:00Z,LINK/USDT,buy,5.81290500,136.36003321,0.79264792,USDT
2023-01-07T18:45:00Z,LINK/USDT,stop_sell,5.78710500,136.36003321,0.78912983,USDT
2023-01-07T19:45:00Z,LINK/USDT,buy,5.81290500,136.28981129,0.79223973,USDT
2023-01-07T20:30:00Z,LINK/USDT,stop_sell,5.76711500,136.28981129,0.78599902,USDT
2023-01-08T01:30:00Z,LINK/USDT,buy,5.81290500,136.41694615,0.79297875,USDT
2023-01-08T04:45:00Z,LINK/USDT,sell,5.82708500,136.41694615,0.79491314,USDT
2023-01-08T05:00:00Z,LINK/USDT,buy,5.83291500,135.71972688,0.79164163,USDT
2023-01-08T05:00:00Z,LINK/USDT,stop_sell,5.82387232,135.71972688,0.79041436,USDT
2023-01-08T05:15:00Z,LINK/USDT,buy,5.81290500,136.1482378,0.79141677,USDT
2023-01-08T10:30:00Z,LINK/USDT,sell,5.81709000,136.1482378,0.79198655,USDT
2023-01-08T18:15:00Z,LINK/USDT,buy,5.82291000,136.36899514,0.79406439,USDT
2023-01-08T19:45:00Z,LINK/USDT,sell,5.81709000,136.36899514,0.79327072,USDT
2023-01-08T20:15:00Z,LINK/USDT,buy,5.86293000,135.17088745,0.79249745,USDT
2023-01-08T21:45:00Z,LINK/USDT,stop_sell,5.82994071,135.17088745,0.78803826,USDT
2023-01-09T07:30:00Z,LINK/USDT,buy,6.13306500,129.12851526,0.79195358,USDT
2023-01-09T13:15:00Z,LINK/USDT,sell,6.15692000,129.12851526,0.79503394,USDT
2023-01-09T13:45:00Z,LINK/USDT,buy,6.15307500,127.68755787,0.78567112,USDT
2023-01-09T13:45:00Z,LINK/USDT,stop_sell,6.14692500,127.68755787,0.78488584,USDT
2023-01-10T00:45:00Z,LINK/USDT,buy,6.12306000,129.11724124,0.79059262,USDT
2023-01-10T02:15:00Z,LINK/USDT,stop_sell,6.08052964,129.11724124,0.78510121,USDT
2023-01-10T03:15:00Z,LINK/USDT,buy,6.04302000,130.30233477,0.78741962,USDT
2023-01-10T03:30:00Z,LINK/USDT,sell,6.02698500,130.30233477,0.78533022,USDT
2023-01-10T04:00:00Z,LINK/USDT,buy,6.08304000,130.03940311,0.79103489,USDT
2023-01-10T05:00:00Z,LINK/USDT,sell,6.08695500,130.03940311,0.79154399,USDT
2023-01-10T07:00:00Z,LINK/USDT,buy,6.10305000,129.3857867,0.78964793,USDT
2023-01-10T08:00:00Z,LINK/USDT,stop_sell,6.05697000,129.3857867,0.78368583,USDT
2023-01-10T08:15:00Z,LINK/USDT,buy,6.10305000,130.14034066,0.79425301,USDT
2023-01-10T11:45:00Z,LINK/USDT,sell,6.09695000,130.14034066,0.79345915,USDT
2023-01-10T14:15:00Z,LINK/USDT,buy,6.11305500,128.41367084,0.78499983,USDT
2023-01-10T14:15:00Z,LINK/USDT,stop_sell,6.10694500,128.41367084,0.78421523,USDT
2023-01-10T17:15:00Z,LINK/USDT,buy,6.16308000,128.59243608,0.79252547,USDT
2023-01-10T22:15:00Z,LINK/USDT,sell,6.14692500,128.59243608,0.79044806,USDT
2023-01-11T08:15:00Z,LINK/USDT,buy,6.11305500,128.96543411,0.78837279,USDT
2023-01-11T08:30:00Z,LINK/USDT,stop_sell,6.09695000,128.96543411,0.78629580,USDT
2023-01-11T11:15:00Z,LINK/USDT,buy,6.13306500,128.49700977,0.78808051,USDT
2023-01-11T12:15:00Z,LINK/USDT,stop_sell,6.08695500,128.49700977,0.78215552,USDT
2023-01-11T13:30:00Z,LINK/USDT,buy,6.08304000,128.81948465,0.78361408,USDT
2023-01-11T13:30:00Z,LINK/USDT,stop_sell,6.07696000,128.81948465,0.78283086,USDT
2023-01-11T18:15:00Z,LINK/USDT,buy,6.09304500,128.57828069,0.78343325,USDT
2023-01-11T18:15:00Z,LINK/USDT,stop_sell,6.08695500,128.57828069,0.78265021,USDT
2023-01-11T18:45:00Z,LINK/USDT,buy,6.10305000,128.96904062,0.78710450,USDT
2023-01-12T01:00:00Z,LINK/USDT,sell,6.38680500,128.96904062,0.82370011,USDT
2023-01-12T17:30:00Z,LINK/USDT,buy,6.28314000,125.91864948,0.79116450,USDT
2023-01-12T18:15:00Z,LINK/USDT,sell,6.37681000,125.91864948,0.80295930,USDT
2023-01-13T00:30:00Z,LINK/USDT,buy,6.38319000,123.2957857,0.78702043,USDT
2023-01-13T00:30:00Z,LINK/USDT,stop_sell,6.37681000,123.2957857,0.78623380,USDT
2023-01-13T20:30:00Z,LINK/USDT,buy,6.44322000,123.45893685,0.79547309,USDT
2023-01-13T23:00:00Z,LINK/USDT,sell,6.55672000,123.45893685,0.80948568,USDT
2023-01-14T15:00:00Z,LINK/USDT,buy,6.78339000,117.03103643,0.79386716,USDT
2023-01-14T15:30:00Z,LINK/USDT,sell,6.77661000,117.03103643,0.79307369,USDT
2023-01-14T16:15:00Z,LINK/USDT,buy,6.77338500,116.65772469,0.79016768,USDT
2023-01-14T18:00:00Z,LINK/USDT,sell,6.72663500,116.65772469,0.78471393,USDT
2023-01-14T18:15:00Z,LINK/USDT,buy,6.76338000,116.74698419,0.78960422,USDT
2023-01-14T18:30:00Z,LINK/USDT,sell,6.74662500,116.74698419,0.78764812,USDT
2023-01-15T01:00:00Z,LINK/USDT,buy,6.81340500,116.0197379,0.79048946,USDT
2023-01-15T01:00:00Z,LINK/USDT,stop_sell,6.74234143,116.0197379,0.78224469,USDT
2023-01-15T05:30:00Z,LINK/USDT,buy,6.79339500,116.24580475,0.78970367,USDT
2023-01-15T05:45:00Z,LINK/USDT,sell,6.78660500,116.24580475,0.78891436,USDT
2023-01-15T06:00:00Z,LINK/USDT,buy,6.79339500,116.21790575,0.78951414,USDT
2023-01-15T06:30:00Z,LINK/USDT,sell,6.76661500,116.21790575,0.78640182,USDT
2023-01-15T17:30:00Z,LINK/USDT,buy,6.89344500,114.4767085,0.78913889,USDT
2023-01-15T17:45:00Z,LINK/USDT,stop_sell,6.84050661,114.4767085,0.78307868,USDT
2023-01-15T18:30:00Z,LINK/USDT,buy,6.86343000,114.88832757,0.78852799,USDT
2023-01-15T19:00:00Z,LINK/USDT,stop_sell,6.79874179,114.88832757,0.78109607,USDT
2023-01-16T01:00:00Z,LINK/USDT,buy,6.76338000,116.65389683,0.78897463,USDT
2023-01-16T07:15:00Z,LINK/USDT,sell,6.80659500,116.65389683,0.79401583,USDT
2023-01-16T19:45:00Z,LINK/USDT,buy,6.75337500,116.35014183,0.78575614,USDT
2023-01-16T21:00:00Z,LINK/USDT,stop_sell,6.71092857,116.35014183,0.78081749,USDT
2023-01-17T04:00:00Z,LINK/USDT,buy,6.67333500,118.01649812,0.78756363,USDT
2023-01-17T04:15:00Z,LINK/USDT,sell,6.68665500,118.01649812,0.78913561,USDT
2023-01-17T04:45:00Z,LINK/USDT,buy,6.69334500,117.31291578,0.78521582,USDT
2023-01-17T04:45:00Z,LINK/USDT,stop_sell,6.67987268,117.31291578,0.78363534,USDT
2023-01-17T05:15:00Z,LINK/USDT,buy,6.74337000,116.75337072,0.78731118,USDT
2023-01-17T05:45:00Z,LINK/USDT,stop_sell,6.70664500,116.75337072,0.78302341,USDT
2023-01-17T06:00:00Z,LINK/USDT,buy,6.72336000,117.03111168,0.78684230,USDT
2023-01-17T06:45:00Z,LINK/USDT,stop_sell,6.67666000,117.03111168,0.78137694,USDT
2023-01-17T07:15:00Z,LINK/USDT,buy,6.72336000,117.12166687,0.78745113,USDT
2023-01-17T10:00:00Z,LINK/USDT,sell,6.69665000,117.12166687,0.78432281,USDT
2023-01-17T15:00:00Z,LINK/USDT,buy,6.76338000,116.19975994,0.78590313,USDT
2023-01-17T15:30:00Z,LINK/USDT,stop_sell,6.71057161,116.19975994,0.77976681,USDT
2023-01-17T15:45:00Z,LINK/USDT,buy,6.72336000,117.14839072,0.78763080,USDT
2023-01-17T16:15:00Z,LINK/USDT,sell,6.69665000,117.14839072,0.78450177,USDT
2023-01-17T16:30:00Z,LINK/USDT,buy,6.70335000,116.57030082,0.78141153,USDT
2023-01-17T16:45:00Z,LINK/USDT,sell,6.69665000,116.57030082,0.78063050,USDT
2023-01-17T18:30:00Z,LINK/USDT,buy,6.72336000,116.71587492,0.78472284,USDT
2023-01-18T01:00:00Z,LINK/USDT,sell,6.84657500,116.71587492,0.79910399,USDT
2023-01-18T02:00:00Z,LINK/USDT,buy,6.90345000,113.98468288,0.78688756,USDT
2023-01-18T05:15:00Z,LINK/USDT,sell,6.91654000,113.98468288,0.78837962,USDT
2023-01-18T05:30:00Z,LINK/USDT,buy,6.90345000,113.4895677,0.78346956,USDT
2023-01-18T05:30:00Z,LINK/USDT,stop_sell,6.89190946,113.4895677,0.78215983,USDT
2023-01-18T05:45:00Z,LINK/USDT,buy,6.88344000,114.11595634,0.78551034,USDT
2023-01-18T06:45:00Z,LINK/USDT,sell,6.85657000,114.11595634,0.78244404,USDT
2023-01-18T13:15:00Z,LINK/USDT,buy,6.79339500,115.57393809,0.78513941,USDT
2023-01-18T13:30:00Z,LINK/USDT,stop_sell,6.77161250,115.57393809,0.78262192,USDT
2023-01-18T13:45:00Z,LINK/USDT,buy,6.81340500,115.35591464,0.78596657,USDT
2023-01-18T15:30:00Z,LINK/USDT,stop_sell,6.77411125,115.35591464,0.78143380,USDT
2023-01-18T15:45:00Z,LINK/USDT,buy,6.76338000,115.9663027,0.78432417,USDT
2023-01-18T15:45:00Z,LINK/USDT,stop_sell,6.69665000,115.9663027,0.77658574,USDT
2023-01-18T21:15:00Z,LINK/USDT,buy,6.44322000,121.80221756,0.78479848,USDT
2023-01-18T21:30:00Z,LINK/USDT,sell,6.38680500,121.80221756,0.77792701,USDT
2023-01-19T01:30:00Z,LINK/USDT,buy,6.40320000,122.26773799,0.78290478,USDT
2023-01-19T01:45:00Z,LINK/USDT,sell,6.38680500,122.26773799,0.78090020,USDT
2023-01-19T03:00:00Z,LINK/USDT,buy,6.41320500,121.84237576,0.78140013,USDT
2023-01-19T06:30:00Z,LINK/USDT,sell,6.43678000,121.84237576,0.78427257,USDT
2023-01-19T08:30:00Z,LINK/USDT,buy,6.45322500,121.29187492,0.78272376,USDT
2023-01-19T09:15:00Z,LINK/USDT,stop_sell,6.40679500,121.29187492,0.77709218,USDT
2023-01-19T17:00:00Z,LINK/USDT,buy,6.41320500,121.95901426,0.78214816,USDT
2023-01-19T17:30:00Z,LINK/USDT,sell,6.41679000,121.95901426,0.78258538,USDT
2023-01-20T00:30:00Z,LINK/USDT,buy,6.49324500,120.44176897,0.78205791,USDT
2023-01-20T01:00:00Z,LINK/USDT,sell,6.46676500,120.44176897,0.77886862,USDT
2023-01-20T02:00:00Z,LINK/USDT,buy,6.53326500,119.82930408,0.78287660,USDT
2023-01-20T02:45:00Z,LINK/USDT,sell,6.49675000,119.82930408,0.77850103,USDT
2023-01-20T09:45:00Z,LINK/USDT,buy,6.49324500,120.68193309,0.78361736,USDT
2023-01-20T12:45:00Z,LINK/USDT,sell,6.50674500,120.68193309,0.78524656,USDT
2023-01-20T13:15:00Z,LINK/USDT,buy,6.50325000,120.12568222,0.78120734,USDT
2023-01-20T13:15:00Z,LINK/USDT,stop_sell,6.48389929,120.12568222,0.77888283,USDT
2023-01-21T03:30:00Z,LINK/USDT,buy,7.02351000,110.8673531,0.77867796,USDT
2023-01-21T07:00:00Z,LINK/USDT,sell,7.00649500,110.8673531,0.77679156,USDT
2023-01-21T07:30:00Z,LINK/USDT,buy,7.03351500,110.98589127,0.78062093,USDT
2023-01-21T08:00:00Z,LINK/USDT,sell,7.02648500,110.98589127,0.77984070,USDT
2023-01-21T15:15:00Z,LINK/USDT,buy,6.96348000,112.72305784,0.78494476,USDT
2023-01-21T15:30:00Z,LINK/USDT,sell,6.97651000,112.72305784,0.78641354,USDT
2023-01-21T18:30:00Z,LINK/USDT,buy,6.97348500,112.07404513,0.78154667,USDT
2023-01-21T18:45:00Z,LINK/USDT,sell,6.98650500,112.07404513,0.78300588,USDT
2023-01-21T19:45:00Z,LINK/USDT,buy,7.00350000,111.27345595,0.77930365,USDT
2023-01-21T20:15:00Z,LINK/USDT,stop_sell,6.97008464,111.27345595,0.77558541,USDT
2023-01-21T20:45:00Z,LINK/USDT,buy,7.01350500,111.21327756,0.77999488,USDT
2023-01-21T22:45:00Z,LINK/USDT,stop_sell,6.96901375,111.21327756,0.77504686,USDT
2023-01-21T23:15:00Z,LINK/USDT,buy,6.95347500,111.29783299,0.77390670,USDT
2023-01-21T23:15:00Z,LINK/USDT,stop_sell,6.94188446,111.29783299,0.77261670,USDT
2023-01-22T06:00:00Z,LINK/USDT,buy,6.91345500,112.71460331,0.77924734,USDT
2023-01-22T07:15:00Z,LINK/USDT,stop_sell,6.87763089,112.71460331,0.77520944,USDT
2023-01-22T07:30:00Z,LINK/USDT,buy,6.88344000,113.141064,0.77879973,USDT
2023-01-22T08:00:00Z,LINK/USDT,sell,6.87656000,113.141064,0.77802132,USDT
2023-01-22T08:15:00Z,LINK/USDT,buy,6.87343500,113.11391015,0.77748111,USDT
2023-01-22T09:00:00Z,LINK/USDT,sell,6.91654000,113.11391015,0.78235688,USDT
2023-01-22T10:00:00Z,LINK/USDT,buy,6.87343500,112.49840705,0.77325049,USDT
2023-01-22T10:00:00Z,LINK/USDT,stop_sell,6.86656500,112.49840705,0.77247762,USDT
2023-01-22T12:45:00Z,LINK/USDT,buy,6.90345000,112.96131922,0.77982282,USDT
2023-01-22T20:00:00Z,LINK/USDT,sell,7.06646500,112.96131922,0.79823721,USDT
2023-01-23T00:30:00Z,LINK/USDT,buy,7.14357000,109.34788159,0.78113425,USDT
2023-01-23T05:15:00Z,LINK/USDT,sell,7.07646000,109.34788159,0.77379591,USDT
2023-01-23T19:45:00Z,LINK/USDT,buy,6.95347500,111.91651357,0.77820868,USDT
2023-01-23T20:00:00Z,LINK/USDT,sell,6.96651500,111.91651357,0.77966807,USDT
2023-01-23T22:30:00Z,LINK/USDT,buy,7.04352000,110.01851068,0.77491758,USDT
2023-01-23T22:30:00Z,LINK/USDT,stop_sell,7.03469518,110.01851068,0.77394669,USDT
2023-01-24T00:15:00Z,LINK/USDT,buy,7.03351500,110.93012464,0.78022870,USDT
2023-01-24T07:15:00Z,LINK/USDT,sell,7.14642500,110.93012464,0.79275382,USDT
2023-01-24T07:30:00Z,LINK/USDT,buy,7.14357000,109.03575469,0.77890455,USDT
2023-01-24T07:45:00Z,LINK/USDT,sell,7.15642000,109.03575469,0.78030566,USDT
2023-01-24T09:00:00Z,LINK/USDT,buy,7.15357500,108.7298463,0.77780711,USDT
2023-01-24T09:00:00Z,LINK/USDT,stop_sell,7.14642500,108.7298463,0.77702969,USDT
2023-01-25T03:15:00Z,LINK/USDT,buy,6.67333500,117.02799062,0.78096699,USDT
2023-01-25T03:30:00Z,LINK/USDT,sell,6.67666000,117.02799062,0.78135610,USDT
2023-01-25T04:00:00Z,LINK/USDT,buy,6.69334500,116.66355705,0.78086944,USDT
2023-01-25T09:15:00Z,LINK/USDT,sell,6.69665000,116.66355705,0.78125501,USDT
2023-01-25T20:15:00Z,LINK/USDT,buy,6.86343000,113.58869344,0.77960805,USDT
2023-01-25T21:00:00Z,LINK/USDT,stop_sell,6.82015964,113.58869344,0.77469302,USDT
2023-01-25T21:30:00Z,LINK/USDT,buy,6.89344500,113.01899725,0.77909024,USDT
2023-01-25T22:00:00Z,LINK/USDT,sell,7.01649000,113.01899725,0.79299666,USDT
2023-01-26T06:15:00Z,LINK/USDT,buy,6.99349500,111.22505533,0.77785187,USDT
2023-01-26T06:15:00Z,LINK/USDT,stop_sell,6.97436821,111.22505533,0.77572449,USDT
2023-01-26T12:30:00Z,LINK/USDT,buy,6.93346500,112.79206389,0.78203983,USDT
2023-01-26T13:15:00Z,LINK/USDT,sell,6.91654000,112.79206389,0.78013082,USDT
2023-01-26T14:00:00Z,LINK/USDT,buy,6.99349500,111.46144026,0.77950503,USDT
2023-01-26T15:45:00Z,LINK/USDT,stop_sell,6.95009464,111.46144026,0.77466756,USDT
2023-01-26T16:00:00Z,LINK/USDT,buy,6.99349500,112.02937212,0.78347685,USDT
2023-01-27T01:00:00Z,LINK/USDT,sell,7.09645000,112.02937212,0.79501084,USDT
2023-01-27T05:45:00Z,LINK/USDT,buy,7.12356000,109.77472901,0.78198687,USDT
2023-01-27T12:45:00Z,LINK/USDT,sell,7.26636500,109.77472901,0.79766325,USDT
2023-01-27T13:00:00Z,LINK/USDT,buy,7.23361500,107.36290432,0.77662192,USDT
2023-01-27T13:00:00Z,LINK/USDT,stop_sell,7.22460018,107.36290432,0.77565406,USDT
2023-01-27T15:00:00Z,LINK/USDT,buy,7.23361500,108.07849082,0.78179819,USDT
2023-01-27T15:30:00Z,LINK/USDT,sell,7.25637000,108.07849082,0.78425752,USDT
2023-01-28T00:45:00Z,LINK/USDT,buy,7.47373500,104.75143159,0.78288444,USDT
2023-01-28T02:00:00Z,LINK/USDT,sell,7.48625500,104.75143159,0.78419593,USDT
2023-01-28T02:15:00Z,LINK/USDT,buy,7.49374500,104.32857192,0.78181171,USDT
2023-01-28T02:15:00Z,LINK/USDT,stop_sell,7.42806982,104.32857192,0.77495992,USDT
2023-01-28T03:00:00Z,LINK/USDT,buy,7.40370000,105.36554492,0.78009488,USDT
2023-01-28T05:30:00Z,LINK/USDT,sell,7.37631000,105.36554492,0.77720892,USDT
2023-01-28T19:45:00Z,LINK/USDT,buy,7.24362000,107.64496839,0.77973925,USDT
2023-01-28T20:15:00Z,LINK/USDT,stop_sell,7.20639500,107.64496839,0.77573216,USDT
2023-01-29T00:45:00Z,LINK/USDT,buy,7.27363500,107.43511265,0.78144380,USDT
2023-01-29T06:30:00Z,LINK/USDT,sell,7.31634000,107.43511265,0.78603181,USDT
2023-01-29T07:00:00Z,LINK/USDT,buy,7.34367000,106.44073906,0.78166566,USDT
2023-01-29T07:30:00Z,LINK/USDT,sell,7.29635000,106.44073906,0.77662889,USDT
2023-01-29T07:45:00Z,LINK/USDT,buy,7.30365000,106.66008278,0.77900791,USDT
2023-01-29T08:00:00Z,LINK/USDT,sell,7.29635000,106.66008278,0.77822929,USDT
2023-01-29T11:30:00Z,LINK/USDT,buy,7.41370500,105.05151631,0.77882095,USDT
2023-01-29T12:15:00Z,LINK/USDT,stop_sell,7.35632000,105.05151631,0.77279257,USDT
2023-01-29T22:45:00Z,LINK/USDT,buy,7.38369000,104.82821244,0.77401902,USDT
2023-01-29T22:45:00Z,LINK/USDT,stop_sell,7.37631000,104.82821244,0.77324539,USDT
2023-01-30T18:30:00Z,LINK/USDT,buy,7.04352000,110.14726127,0.77582444,USDT
2023-01-30T19:00:00Z,LINK/USDT,stop_sell,7.01363429,110.14726127,0.77253261,USDT
2023-01-31T00:00:00Z,LINK/USDT,buy,6.90345000,112.64528256,0.77764108,USDT
2023-01-31T00:15:00Z,LINK/USDT,sell,6.91654000,112.64528256,0.77911560,USDT
2023-01-31T00:30:00Z,LINK/USDT,buy,6.93346500,112.15669138,0.77763449,USDT
2023-01-31T05:45:00Z,LINK/USDT,sell,6.94652500,112.15669138,0.77909926,USDT
2023-01-31T07:15:00Z,LINK/USDT,buy,6.99349500,111.19292044,0.77762713,USDT
2023-01-31T08:45:00Z,LINK/USDT,stop_sell,6.96401625,111.19292044,0.77434930,USDT
2023-01-31T09:15:00Z,LINK/USDT,buy,6.99349500,111.1376437,0.77724056,USDT
2023-01-31T10:00:00Z,LINK/USDT,sell,6.94652500,111.1376437,0.77202042,USDT
2023-01-31T13:45:00Z,LINK/USDT,buy,7.00350000,110.90151112,0.77669873,USDT
2023-01-31T14:00:00Z,LINK/USDT,sell,6.99650000,110.90151112,0.77592242,USDT
2023-01-31T19:00:00Z,LINK/USDT,buy,7.05352500,109.93261519,0.77541245,USDT
2023-01-31T20:00:00Z,LINK/USDT,stop_sell,7.01649000,109.93261519,0.77134110,USDT
2023-01-31T20:15:00Z,LINK/USDT,buy,7.03351500,110.49498784,0.77716815,USDT
2023-01-31T20:15:00Z,LINK/USDT,stop_sell,6.99828482,110.49498784,0.77327540,USDT
2023-02-06T12:15:00Z,LINK/USDT,buy,6.99349500,110.90691824,0.77562698,USDT
2023-02-06T13:45:00Z,LINK/USDT,stop_sell,6.94652500,110.90691824,0.77041768,USDT
2023-02-06T14:45:00Z,LINK/USDT,buy,6.97348500,110.98838554,0.77397584,USDT
2023-02-06T17:00:00Z,LINK/USDT,sell,6.95652000,110.98838554,0.77209292,USDT
2023-02-07T03:45:00Z,LINK/USDT,buy,6.94347000,111.74958328,0.77592988,USDT
2023-02-07T06:45:00Z,LINK/USDT,sell,6.91654000,111.74958328,0.77292046,USDT
2023-02-07T08:45:00Z,LINK/USDT,buy,6.95347500,111.37553249,0.77444698,USDT
2023-02-07T15:15:00Z,LINK/USDT,sell,6.96651500,111.37553249,0.77589932,USDT
2023-02-07T18:00:00Z,LINK/USDT,buy,7.14357000,108.56270828,0.77552531,USDT
2023-02-07T18:15:00Z,LINK/USDT,stop_sell,7.07717393,108.56270828,0.76831717,USDT
2023-02-07T19:15:00Z,LINK/USDT,buy,7.07353500,109.5399365,0.77483457,USDT
2023-02-08T03:45:00Z,LINK/USDT,sell,7.20639500,109.5399365,0.78938805,USDT
2023-02-08T04:00:00Z,LINK/USDT,buy,7.22361000,107.40514452,0.77585288,USDT
2023-02-08T05:15:00Z,LINK/USDT,sell,7.21639000,107.40514452,0.77507741,USDT
2023-02-08T06:45:00Z,LINK/USDT,buy,7.24362000,106.93438955,0.77459208,USDT
2023-02-08T08:00:00Z,LINK/USDT,stop_sell,7.21639000,106.93438955,0.77168026,USDT
2023-02-08T08:15:00Z,LINK/USDT,buy,7.20360000,107.03296441,0.77102266,USDT
2023-02-08T08:15:00Z,LINK/USDT,stop_sell,7.19640000,107.03296441,0.77025203,USDT
2023-02-08T08:30:00Z,LINK/USDT,buy,7.19359500,107.45324718,0.77297514,USDT
2023-02-08T08:45:00Z,LINK/USDT,sell,7.18640500,107.45324718,0.77220255,USDT
2023-02-08T14:00:00Z,LINK/USDT,buy,7.24362000,106.83397215,0.77386470,USDT
2023-02-08T14:45:00Z,LINK/USDT,stop_sell,7.20532411,106.83397215,0.76977340,USDT
2023-02-08T15:00:00Z,LINK/USDT,buy,7.18359000,107.6639503,0.77341368,USDT
2023-02-08T15:00:00Z,LINK/USDT,stop_sell,7.12607804,107.6639503,0.76722171,USDT
2023-02-08T23:30:00Z,LINK/USDT,buy,7.12356000,108.63692759,0.77388167,USDT
2023-02-09T00:00:00Z,LINK/USDT,sell,7.12643500,108.63692759,0.77419400,USDT
2023-02-09T00:30:00Z,LINK/USDT,buy,7.16358000,107.86448262,0.77269585,USDT
2023-02-09T02:45:00Z,LINK/USDT,stop_sell,7.12643500,107.86448262,0.76868922,USDT
2023-02-09T07:30:00Z,LINK/USDT,buy,7.25362500,106.46425582,0.77225179,USDT
2023-02-09T13:30:00Z,LINK/USDT,sell,7.63618000,106.46425582,0.81298022,USDT
2023-02-09T14:45:00Z,LINK/USDT,buy,7.70385000,101.17458365,0.77943382,USDT
2023-02-09T16:15:00Z,LINK/USDT,stop_sell,7.57156946,101.17458365,0.76605039,USDT
2023-02-09T16:30:00Z,LINK/USDT,buy,7.60380000,101.95032909,0.77520991,USDT
2023-02-09T17:45:00Z,LINK/USDT,sell,7.53623000,101.95032909,0.76832113,USDT
2023-02-10T08:00:00Z,LINK/USDT,buy,6.94347000,110.92229736,0.77018564,USDT
2023-02-10T08:15:00Z,LINK/USDT,sell,6.93653000,110.92229736,0.76941584,USDT
2023-02-10T12:00:00Z,LINK/USDT,buy,6.96348000,111.37516721,0.77555875,USDT
2023-02-10T12:30:00Z,LINK/USDT,sell,6.94652500,111.37516721,0.77367038,USDT
2023-02-10T13:30:00Z,LINK/USDT,buy,6.94347000,110.69751473,0.76862487,USDT
2023-02-10T13:30:00Z,LINK/USDT,stop_sell,6.93581607,110.69751473,0.76777760,USDT
2023-02-10T15:45:00Z,LINK/USDT,buy,6.92346000,111.46868094,0.77174895,USDT
2023-02-10T15:45:00Z,LINK/USDT,stop_sell,6.86656500,111.46868094,0.76540694,USDT
2023-02-10T16:15:00Z,LINK/USDT,buy,6.92346000,111.37772375,0.77111922,USDT
2023-02-10T16:15:00Z,LINK/USDT,stop_sell,6.85478518,111.37772375,0.76347037,USDT
2023-02-10T17:45:00Z,LINK/USDT,buy,6.96348000,111.1113762,0.77372185,USDT
2023-02-10T19:15:00Z,LINK/USDT,sell,6.93653000,111.1113762,0.77072739,USDT
2023-02-10T19:45:00Z,LINK/USDT,buy,7.01350500,110.26464074,0.77334161,USDT
2023-02-10T20:15:00Z,LINK/USDT,sell,6.98650500,110.26464074,0.77036446,USDT
2023-02-10T20:30:00Z,LINK/USDT,buy,6.99349500,110.37079809,0.77187762,USDT
2023-02-10T21:30:00Z,LINK/USDT,stop_sell,6.93367429,110.37079809,0.76527517,USDT
2023-02-10T21:45:00Z,LINK/USDT,buy,6.86343000,112.04323168,0.76900088,USDT
2023-02-10T22:15:00Z,LINK/USDT,sell,6.87656000,112.04323168,0.77047201,USDT
2023-02-11T02:30:00Z,LINK/USDT,buy,6.92346000,111.23288064,0.77011640,USDT
2023-02-11T02:45:00Z,LINK/USDT,sell,6.87656000,111.23288064,0.76489958,USDT
2023-02-11T03:30:00Z,LINK/USDT,buy,6.94347000,110.8344938,0.76957598,USDT
2023-02-11T03:45:00Z,LINK/USDT,stop_sell,6.90654500,110.8344938,0.76548342,USDT
2023-02-11T10:30:00Z,LINK/USDT,buy,6.90345000,111.41176481,0.76912555,USDT
2023-02-11T12:00:00Z,LINK/USDT,sell,6.89655000,111.41176481,0.76835681,USDT
2023-02-11T12:30:00Z,LINK/USDT,buy,6.93346500,110.90283972,0.76894096,USDT
2023-02-11T12:30:00Z,LINK/USDT,stop_sell,6.92332232,110.90283972,0.76781611,USDT
2023-02-11T13:15:00Z,LINK/USDT,buy,6.94347000,110.87211408,0.76983720,USDT
2023-02-11T17:30:00Z,LINK/USDT,stop_sell,6.91368429,110.87211408,0.76653479,USDT
2023-02-11T17:45:00Z,LINK/USDT,buy,6.90345000,111.29806499,0.76834063,USDT
2023-02-11T18:00:00Z,LINK/USDT,sell,6.92653500,111.29806499,0.77090994,USDT
2023-02-11T18:15:00Z,LINK/USDT,buy,6.96348000,110.35043874,0.76842307,USDT
2023-02-11T18:30:00Z,LINK/USDT,stop_sell,6.89655000,110.35043874,0.76103732,USDT
2023-02-11T21:30:00Z,LINK/USDT,buy,6.96348000,110.247965,0.76770950,USDT
2023-02-11T23:00:00Z,LINK/USDT,sell,7.00649500,110.247965,0.77245182,USDT
2023-02-13T07:15:00Z,LINK/USDT,buy,6.77338500,113.71585316,0.77024125,USDT
2023-02-13T08:00:00Z,LINK/USDT,stop_sell,6.73163250,113.71585316,0.76549333,USDT
2023-02-13T14:15:00Z,LINK/USDT,buy,6.57328500,117.29041534,0.77098333,USDT
2023-02-13T16:30:00Z,LINK/USDT,sell,6.52673500,117.29041534,0.76552346,USDT
2023-02-13T18:30:00Z,LINK/USDT,buy,6.56328000,117.02589409,0.76807371,USDT
2023-02-13T19:30:00Z,LINK/USDT,sell,6.58670500,117.02589409,0.77081504,USDT
2023-02-13T21:45:00Z,LINK/USDT,buy,6.57328500,116.6842925,0.76699911,USDT
2023-02-14T01:30:00Z,LINK/USDT,sell,6.61669000,116.6842925,0.77206379,USDT
2023-02-14T01:45:00Z,LINK/USDT,buy,6.62331000,115.84559686,0.76728130,USDT
2023-02-14T04:15:00Z,LINK/USDT,sell,6.61669000,115.84559686,0.76651440,USDT
2023-02-14T09:15:00Z,LINK/USDT,buy,6.64332000,115.46894514,0.76709715,USDT
2023-02-14T11:00:00Z,LINK/USDT,sell,6.62668500,115.46894514,0.76517633,USDT
2023-02-14T15:00:00Z,LINK/USDT,buy,6.75337500,113.88373667,0.76909958,USDT
2023-02-14T15:15:00Z,LINK/USDT,sell,6.79660000,113.88373667,0.77402220,USDT
2023-02-14T18:45:00Z,LINK/USDT,buy,6.77338500,113.25079882,0.76709126,USDT
2023-02-14T20:00:00Z,LINK/USDT,sell,6.78660500,113.25079882,0.76858844,USDT
2023-02-14T20:30:00Z,LINK/USDT,buy,6.83341500,112.25546525,0.76708818,USDT
2023-02-14T20:45:00Z,LINK/USDT,stop_sell,6.79660000,112.25546525,0.76295550,USDT
2023-02-15T05:45:00Z,LINK/USDT,buy,6.80340000,112.68408962,0.76663494,USDT
2023-02-15T08:30:00Z,LINK/USDT,stop_sell,6.74662500,112.68408962,0.76023730,USDT
2023-02-15T20:15:00Z,LINK/USDT,buy,7.11355500,107.68183523,0.76600066,USDT
2023-02-15T20:45:00Z,LINK/USDT,sell,7.19640000,107.68183523,0.77492156,USDT
2023-02-16T09:45:00Z,LINK/USDT,buy,7.31365500,104.81644963,0.76659135,USDT
2023-02-16T11:00:00Z,LINK/USDT,stop_sell,7.26636500,104.81644963,0.76163458,USDT
2023-02-16T13:00:00Z,LINK/USDT,buy,7.29364500,105.03284598,0.76607229,USDT
2023-02-16T13:30:00Z,LINK/USDT,stop_sell,7.24637500,105.03284598,0.76110739,USDT
2023-02-16T15:45:00Z,LINK/USDT,buy,7.35367500,104.24660498,0.76659565,USDT
2023-02-16T16:00:00Z,LINK/USDT,stop_sell,7.27528911,104.24660498,0.75842419,USDT
2023-02-16T16:30:00Z,LINK/USDT,buy,7.34367000,104.28299617,0.76581991,USDT
2023-02-16T19:45:00Z,LINK/USDT,sell,7.30634500,104.28299617,0.76192755,USDT
2023-02-17T03:00:00Z,LINK/USDT,buy,7.16358000,106.4012191,0.76221365,USDT
2023-02-17T04:30:00Z,LINK/USDT,stop_sell,7.14642500,106.4012191,0.76038833,USDT
2023-02-17T04:45:00Z,LINK/USDT,buy,7.17358500,106.5122622,0.76407477,USDT
2023-02-17T06:15:00Z,LINK/USDT,sell,7.14642500,106.5122622,0.76118189,USDT
2023-02-17T06:45:00Z,LINK/USDT,buy,7.20360000,106.01937077,0.76372114,USDT
2023-02-17T08:15:00Z,LINK/USDT,sell,7.17641000,106.01937077,0.76083847,USDT
2023-02-17T08:45:00Z,LINK/USDT,buy,7.25362500,105.38492976,0.76442276,USDT
2023-02-17T15:00:00Z,LINK/USDT,sell,7.29635000,105.38492976,0.76892533,USDT
2023-02-17T15:15:00Z,LINK/USDT,buy,7.34367000,104.26563242,0.76569240,USDT
2023-02-17T15:30:00Z,LINK/USDT,sell,7.34632500,104.26563242,0.76596922,USDT
2023-02-17T22:30:00Z,LINK/USDT,buy,7.50375000,101.88571995,0.76452497,USDT
2023-02-18T04:00:00Z,LINK/USDT,sell,7.65617000,101.88571995,0.78005439,USDT
2023-02-18T12:00:00Z,LINK/USDT,buy,7.64382000,100.16288726,0.76562708,USDT
2023-02-18T18:00:00Z,LINK/USDT,sell,8.14592500,100.16288726,0.81591937,USDT
2023-02-18T18:15:00Z,LINK/USDT,buy,8.11405500,94.48212656,0.76663317,USDT
2023-02-18T18:30:00Z,LINK/USDT,sell,8.07596000,94.48212656,0.76303387,USDT
2023-02-19T00:30:00Z,LINK/USDT,buy,8.02401000,95.72685435,0.76811324,USDT
2023-02-19T00:45:00Z,LINK/USDT,sell,8.03598000,95.72685435,0.76925909,USDT
2023-02-19T08:00:00Z,LINK/USDT,buy,8.10405000,94.77753705,0.76808190,USDT
2023-02-19T11:30:00Z,LINK/USDT,sell,8.13593000,94.77753705,0.77110341,USDT
2023-02-19T11:45:00Z,LINK/USDT,buy,8.14407000,94.32636805,0.76820054,USDT
2023-02-19T12:00:00Z,LINK/USDT,sell,8.16591500,94.32636805,0.77026110,USDT
2023-02-19T12:45:00Z,LINK/USDT,buy,8.20410000,93.52721118,0.76730659,USDT
2023-02-19T13:15:00Z,LINK/USDT,sell,8.13593000,93.52721118,0.76093084,USDT
2023-02-20T01:00:00Z,LINK/USDT,buy,7.95397500,96.14361964,0.76472395,USDT
2023-02-20T01:00:00Z,LINK/USDT,stop_sell,7.93852875,96.14361964,0.76323889,USDT
2023-02-20T10:15:00Z,LINK/USDT,buy,8.19409500,93.4208335,0.76549918,USDT
2023-02-20T11:00:00Z,LINK/USDT,sell,8.17591000,93.4208335,0.76380033,USDT
2023-02-20T11:15:00Z,LINK/USDT,buy,8.15407500,94.07690681,0.76711015,USDT
2023-02-20T12:30:00Z,LINK/USDT,sell,8.11594000,94.07690681,0.76352253,USDT
2023-02-21T01:00:00Z,LINK/USDT,buy,8.04402000,95.43179702,0.76765528,USDT
2023-02-21T01:30:00Z,LINK/USDT,sell,7.99600000,95.43179702,0.76307265,USDT
2023-02-21T03:15:00Z,LINK/USDT,buy,7.99399500,95.84834306,0.76621118,USDT
2023-02-21T04:00:00Z,LINK/USDT,sell,7.96601500,95.84834306,0.76352934,USDT
2023-02-22T01:30:00Z,LINK/USDT,buy,7.62381000,100.06422678,0.76287065,USDT
2023-02-22T01:30:00Z,LINK/USDT,stop_sell,7.61190643,100.06422678,0.76167953,USDT
2023-02-22T13:15:00Z,LINK/USDT,buy,7.49374500,102.17277451,0.76565672,USDT
2023-02-22T14:15:00Z,LINK/USDT,stop_sell,7.45627000,102.17277451,0.76182779,USDT
2023-02-22T14:45:00Z,LINK/USDT,buy,7.46373000,102.25208133,0.76318193,USDT
2023-02-22T14:45:00Z,LINK/USDT,stop_sell,7.43770786,102.25208133,0.76052111,USDT
2023-02-22T21:15:00Z,LINK/USDT,buy,7.54377000,101.39400619,0.76489306,USDT
2023-02-23T02:45:00Z,LINK/USDT,sell,7.78610500,101.39400619,0.78946438,USDT
2023-02-23T03:00:00Z,LINK/USDT,buy,7.85392500,97.74900043,0.76771332,USDT
2023-02-23T11:30:00Z,LINK/USDT,sell,7.88605500,97.74900043,0.77085399,USDT
2023-02-23T13:00:00Z,LINK/USDT,buy,8.06403000,95.09681539,0.76686357,USDT
2023-02-23T14:45:00Z,LINK/USDT,sell,7.98600500,95.09681539,0.75944364,USDT
2023-02-23T15:00:00Z,LINK/USDT,buy,8.04402000,95.12604139,0.76519578,USDT
2023-02-23T15:15:00Z,LINK/USDT,sell,7.97601000,95.12604139,0.75872626,USDT
2023-02-23T15:30:00Z,LINK/USDT,buy,8.04402000,95.28333221,0.76646103,USDT
2023-02-23T16:00:00Z,LINK/USDT,sell,7.96601500,95.28333221,0.75902845,USDT
2023-02-23T16:15:00Z,LINK/USDT,buy,7.97398500,96.15201413,0.76671472,USDT
2023-02-23T17:15:00Z,LINK/USDT,sell,7.86606500,96.15201413,0.75633799,USDT
2023-02-23T22:30:00Z,LINK/USDT,buy,7.87393500,97.00845364,0.76383826,USDT
2023-02-24T00:45:00Z,LINK/USDT,sell,7.88605500,97.00845364,0.76501400,USDT
2023-02-24T01:00:00Z,LINK/USDT,buy,7.97398500,95.78773919,0.76381000,USDT
2023-02-24T01:30:00Z,LINK/USDT,stop_sell,7.91675393,95.78773919,0.75832796,USDT
2023-02-24T02:15:00Z,LINK/USDT,buy,7.95397500,95.95823239,0.76324938,USDT
2023-02-24T10:30:00Z,LINK/USDT,sell,7.97601000,95.95823239,0.76536382,USDT
2023-02-24T20:15:00Z,LINK/USDT,buy,7.69384500,99.07984593,0.76230498,USDT
2023-02-24T20:30:00Z,LINK/USDT,stop_sell,7.64688893,99.07984593,0.75765258,USDT
2023-02-24T20:45:00Z,LINK/USDT,buy,7.63381500,99.79332788,0.76180380,USDT
2023-02-24T21:00:00Z,LINK/USDT,stop_sell,7.57621000,99.79332788,0.75605521,USDT
2023-02-24T22:15:00Z,LINK/USDT,buy,7.63381500,99.45688103,0.75923543,USDT
2023-02-24T22:15:00Z,LINK/USDT,stop_sell,7.57692393,99.45688103,0.75357722,USDT
2023-02-25T07:15:00Z,LINK/USDT,buy,7.41370500,102.73495641,0.76164666,USDT
2023-02-25T07:30:00Z,LINK/USDT,sell,7.40629500,102.73495641,0.76088539,USDT
2023-02-25T10:15:00Z,LINK/USDT,buy,7.36368000,103.12782157,0.75940028,USDT
2023-02-25T10:30:00Z,LINK/USDT,stop_sell,7.34632500,103.12782157,0.75761049,USDT
2023-02-25T10:45:00Z,LINK/USDT,buy,7.36368000,103.51275914,0.76223483,USDT
2023-02-25T12:15:00Z,LINK/USDT,sell,7.32633500,103.51275914,0.75836915,USDT
2023-02-25T23:30:00Z,LINK/USDT,buy,7.38369000,103.03358762,0.76076807,USDT
2023-02-26T00:15:00Z,LINK/USDT,stop_sell,7.33240339,103.03358762,0.75548383,USDT
2023-02-26T23:15:00Z,LINK/USDT,buy,7.47373500,101.71938916,0.76022376,USDT
2023-02-26T23:45:00Z,LINK/USDT,sell,7.46626500,101.71938916,0.75946392,USDT
2023-02-27T02:15:00Z,LINK/USDT,buy,7.51375500,101.1533255,0.76004131,USDT
2023-02-27T03:00:00Z,LINK/USDT,stop_sell,7.43628000,101.1533255,0.75220445,USDT
2023-02-27T03:30:00Z,LINK/USDT,buy,7.46373000,101.7310384,0.75929300,USDT
2023-02-27T04:00:00Z,LINK/USDT,sell,7.43628000,101.7310384,0.75650049,USDT
2023-02-27T14:15:00Z,LINK/USDT,buy,7.43371500,102.37096918,0.76099661,USDT
2023-02-27T15:00:00Z,LINK/USDT,sell,7.41629000,102.37096918,0.75921280,USDT
2023-02-27T16:00:00Z,LINK/USDT,buy,7.34367000,102.75129536,0.75457161,USDT
2023-02-27T16:00:00Z,LINK/USDT,stop_sell,7.32704893,102.75129536,0.75286377,USDT
2023-02-27T17:00:00Z,LINK/USDT,buy,7.27363500,103.70004624,0.75427629,USDT
2023-02-27T17:15:00Z,LINK/USDT,sell,7.27636000,103.70004624,0.75455887,USDT
2023-02-28T00:15:00Z,LINK/USDT,buy,7.26363000,104.40072146,0.75832821,USDT
2023-02-28T00:30:00Z,LINK/USDT,sell,7.28635500,104.40072146,0.76070072,USDT
2023-02-28T01:00:00Z,LINK/USDT,buy,7.29364500,103.98045487,0.75839652,USDT
2023-02-28T01:30:00Z,LINK/USDT,stop_sell,7.23638000,103.98045487,0.75244208,USDT
2023-02-28T01:45:00Z,LINK/USDT,buy,7.23361500,104.76075984,0.75779900,USDT
2023-02-28T04:30:00Z,LINK/USDT,sell,7.23638000,104.76075984,0.75808867,USDT
2023-02-28T05:15:00Z,LINK/USDT,buy,7.30365000,103.88507486,0.75874023,USDT
2023-02-28T08:00:00Z,LINK/USDT,sell,7.25637000,103.88507486,0.75382854,USDT
2023-02-28T09:00:00Z,LINK/USDT,buy,7.29364500,103.81457549,0.75718666,USDT
2023-02-28T09:30:00Z,LINK/USDT,stop_sell,7.23638000,103.81457549,0.75124172,USDT
2023-02-28T09:45:00Z,LINK/USDT,buy,7.24362000,104.4491693,0.75659009,USDT
2023-02-28T10:00:00Z,LINK/USDT,sell,7.23638000,104.4491693,0.75583388,USDT
2023-02-28T13:15:00Z,LINK/USDT,buy,7.35367500,102.72153463,0.75538078,USDT
2023-02-28T13:15:00Z,LINK/USDT,stop_sell,7.34025661,102.72153463,0.75400242,USDT
2023-02-28T13:30:00Z,LINK/USDT,buy,7.34367000,102.9699558,0.75617738,USDT
2023-02-28T14:30:00Z,LINK/USDT,stop_sell,7.31705393,102.9699558,0.75343672,USDT
2023-02-28T14:45:00Z,LINK/USDT,buy,7.39369500,102.22726035,0.75583718,USDT
2023-02-28T15:15:00Z,LINK/USDT,stop_sell,7.36060357,102.22726035,0.75245434,USDT
2023-03-01T02:00:00Z,LINK/USDT,buy,7.23361500,104.43543057,0.75544570,USDT
2023-03-01T08:30:00Z,LINK/USDT,sell,7.40629500,104.43543057,0.77347961,USDT
2023-03-01T10:00:00Z,LINK/USDT,buy,7.41370500,101.52866601,0.75270358,USDT
2023-03-01T10:00:00Z,LINK/USDT,stop_sell,7.40629500,101.52866601,0.75195125,USDT
2023-03-01T12:15:00Z,LINK/USDT,buy,7.47373500,100.96235023,0.75456585,USDT
2023-03-01T12:30:00Z,LINK/USDT,stop_sell,7.44984464,100.96235023,0.75215382,USDT
2023-03-01T12:45:00Z,LINK/USDT,buy,7.45372500,101.46234946,0.75627245,USDT
2023-03-01T13:30:00Z,LINK/USDT,stop_sell,7.40665196,101.46234946,0.75149631,USDT
2023-03-01T14:15:00Z,LINK/USDT,buy,7.41370500,101.66780494,0.75373511,USDT
2023-03-01T14:45:00Z,LINK/USDT,sell,7.44627500,101.66780494,0.75704643,USDT
2023-03-01T15:00:00Z,LINK/USDT,buy,7.43371500,101.55051529,0.75489759,USDT
2023-03-01T15:00:00Z,LINK/USDT,stop_sell,7.40094054,101.55051529,0.75156933,USDT
2023-03-01T21:00:00Z,LINK/USDT,buy,7.42371000,101.49852895,0.75349564,USDT
2023-03-02T01:45:00Z,LINK/USDT,sell,7.47626000,101.49852895,0.75882939,USDT
2023-03-02T02:00:00Z,LINK/USDT,buy,7.46373000,100.9966269,0.75381155,USDT
2023-03-02T02:15:00Z,LINK/USDT,sell,7.45627000,100.9966269,0.75305812,USDT
2023-03-02T18:45:00Z,LINK/USDT,buy,7.24362000,104.46389278,0.75669674,USDT
2023-03-02T20:15:00Z,LINK/USDT,sell,7.27636000,104.46389278,0.76011689,USDT
2023-03-03T06:30:00Z,LINK/USDT,buy,6.85142400,110.31340706,0.75580392,USDT
2023-03-03T18:45:00Z,LINK/USDT,sell,6.88055800,110.31340706,0.75901780,USDT
2023-03-03T20:00:00Z,LINK/USDT,buy,6.93346500,109.02772518,0.75593992,USDT
2023-03-03T21:00:00Z,LINK/USDT,stop_sell,6.88655500,109.02772518,0.75082543,USDT
2023-03-03T21:30:00Z,LINK/USDT,buy,6.89444550,109.26663314,0.75333285,USDT
2023-03-03T21:45:00Z,LINK/USDT,sell,6.88755450,109.26663314,0.75257989,USDT
2023-03-04T02:45:00Z,LINK/USDT,buy,6.94146900,108.79961451,0.75522915,USDT
2023-03-04T03:30:00Z,LINK/USDT,sell,6.90854400,108.79961451,0.75164692,USDT
2023-03-04T09:00:00Z,LINK/USDT,buy,6.92145900,108.86646424,0.75351477,USDT
2023-03-04T14:00:00Z,LINK/USDT,sell,6.91654000,108.86646424,0.75297925,USDT
2023-03-04T16:15:00Z,LINK/USDT,buy,6.94347000,108.68605714,0.75465838,USDT
2023-03-04T16:45:00Z,LINK/USDT,sell,6.94152750,108.68605714,0.75444725,USDT
2023-03-05T06:00:00Z,LINK/USDT,buy,6.94246950,108.24510095,0.75148831,USDT
2023-03-05T06:00:00Z,LINK/USDT,stop_sell,6.93553050,108.24510095,0.75073720,USDT
2023-03-05T11:00:00Z,LINK/USDT,buy,6.96348000,108.32806771,0.75434033,USDT
2023-03-05T16:15:00Z,LINK/USDT,stop_sell,6.94709614,108.32806771,0.75256550,USDT
2023-03-05T20:30:00Z,LINK/USDT,buy,6.98349000,108.07295845,0.75472642,USDT
2023-03-05T21:30:00Z,LINK/USDT,stop_sell,6.96248131,108.07295845,0.75245595,USDT
2023-03-05T21:45:00Z,LINK/USDT,buy,6.97648650,108.26248023,0.75529173,USDT
2023-03-05T23:00:00Z,LINK/USDT,stop_sell,6.93852900,108.26248023,0.75118236,USDT
2023-03-05T23:15:00Z,LINK/USDT,buy,6.92846250,108.72914544,0.75332581,USDT
2023-03-05T23:30:00Z,LINK/USDT,sell,6.91054300,108.72914544,0.75137743,USDT
2023-03-06T08:30:00Z,LINK/USDT,buy,6.88944300,109.30483389,0.75304942,USDT
2023-03-06T12:00:00Z,LINK/USDT,stop_sell,6.85257200,109.30483389,0.74901924,USDT
2023-03-06T13:45:00Z,LINK/USDT,buy,6.90345000,108.90842716,0.75184388,USDT
2023-03-06T15:00:00Z,LINK/USDT,sell,6.92253700,108.90842716,0.75392262,USDT
2023-03-07T01:45:00Z,LINK/USDT,buy,6.93346500,108.55358497,0.75265248,USDT
2023-03-07T06:00:00Z,LINK/USDT,stop_sell,6.89772798,108.55358497,0.74877310,USDT
2023-03-07T15:45:00Z,LINK/USDT,buy,6.82841250,110.27366959,0.75299410,USDT
2023-03-07T16:00:00Z,LINK/USDT,stop_sell,6.77710975,110.27366959,0.74733676,USDT
2023-03-07T20:00:00Z,LINK/USDT,buy,6.71635650,111.96322882,0.75198496,USDT
2023-03-07T20:00:00Z,LINK/USDT,stop_sell,6.68747602,111.96322882,0.74875141,USDT
2023-03-07T21:45:00Z,LINK/USDT,buy,6.75237450,111.17774983,0.75071380,USDT
2023-03-07T22:00:00Z,LINK/USDT,stop_sell,6.70764450,111.17774983,0.74574082,USDT
2023-03-07T23:15:00Z,LINK/USDT,buy,6.81340500,110.18751359,0.75075216,USDT
2023-03-08T04:45:00Z,LINK/USDT,sell,6.88155750,110.18751359,0.75826171,USDT
2023-03-08T21:15:00Z,LINK/USDT,buy,6.67033350,112.62292047,0.75123244,USDT
2023-03-08T21:45:00Z,LINK/USDT,sell,6.61768950,112.62292047,0.74530352,USDT
2023-03-08T22:00:00Z,LINK/USDT,buy,6.69234450,111.96283752,0.74929388,USDT
2023-03-08T22:00:00Z,LINK/USDT,stop_sell,6.66616525,111.96283752,0.74636278,USDT
2023-03-08T23:15:00Z,LINK/USDT,buy,6.60430050,113.60533759,0.75028379,USDT
2023-03-09T00:15:00Z,LINK/USDT,sell,6.55272200,113.60533759,0.74442419,USDT
2023-03-09T03:30:00Z,LINK/USDT,buy,6.59629650,113.65394955,0.74969515,USDT
2023-03-09T04:00:00Z,LINK/USDT,sell,6.58970350,113.65394955,0.74894583,USDT
2023-03-09T09:00:00Z,LINK/USDT,buy,6.60430050,113.48896416,0.74951522,USDT
2023-03-09T09:15:00Z,LINK/USDT,sell,6.59769950,113.48896416,0.74876608,USDT
2023-03-09T13:00:00Z,LINK/USDT,buy,6.59629650,113.27296713,0.74718208,USDT
2023-03-09T13:00:00Z,LINK/USDT,stop_sell,6.58970350,113.27296713,0.74643527,USDT
2023-03-09T13:15:00Z,LINK/USDT,buy,6.59629650,113.57221669,0.74915602,USDT
2023-03-09T16:30:00Z,LINK/USDT,stop_sell,6.57685279,113.57221669,0.74694775,USDT
2023-03-10T01:45:00Z,LINK/USDT,buy,6.16908300,121.586302,0.75007599,USDT
2023-03-10T04:30:00Z,LINK/USDT,sell,6.14692500,121.586302,0.74738188,USDT
2023-03-10T05:15:00Z,LINK/USDT,buy,6.13306500,122.04730012,0.74852402,USDT
2023-03-10T06:45:00Z,LINK/USDT,sell,6.14192750,122.04730012,0.74960567,USDT
2023-03-10T07:45:00Z,LINK/USDT,buy,6.19809750,120.76136092,0.74849069,USDT
2023-03-10T08:15:00Z,LINK/USDT,stop_sell,6.14192750,120.76136092,0.74170752,USDT
2023-03-10T19:00:00Z,LINK/USDT,buy,6.16608150,121.43862904,0.74880048,USDT
2023-03-10T21:30:00Z,LINK/USDT,sell,6.15791950,121.43862904,0.74780930,USDT
2023-03-10T22:00:00Z,LINK/USDT,buy,6.22110900,120.27293392,0.74823103,USDT
2023-03-10T22:45:00Z,LINK/USDT,sell,6.18890400,120.27293392,0.74435764,USDT
2023-03-11T12:30:00Z,LINK/USDT,buy,6.02200950,123.91346609,0.74620807,USDT
2023-03-11T12:45:00Z,LINK/USDT,sell,6.00899400,123.91346609,0.74459527,USDT
2023-03-11T16:30:00Z,LINK/USDT,buy,5.98999350,125.18078005,0.74983206,USDT
2023-03-11T16:45:00Z,LINK/USDT,sell,5.99700000,125.18078005,0.75070914,USDT
2023-03-11T18:30:00Z,LINK/USDT,buy,6.08404050,122.76406763,0.74690156,USDT
2023-03-12T01:45:00Z,LINK/USDT,sell,6.11793950,122.76406763,0.75106314,USDT
2023-03-12T02:15:00Z,LINK/USDT,buy,6.12406050,121.99663199,0.74711476,USDT
2023-03-12T02:30:00Z,LINK/USDT,sell,6.11793950,121.99663199,0.74636801,USDT
2023-03-12T03:15:00Z,LINK/USDT,buy,6.17308500,120.99873038,0.74693545,USDT
2023-03-12T04:45:00Z,LINK/USDT,sell,6.14992350,120.99873038,0.74413294,USDT
2023-03-12T05:15:00Z,LINK/USDT,buy,6.18008850,120.96266494,0.74755997,USDT
2023-03-12T05:30:00Z,LINK/USDT,stop_sell,6.15617038,120.96266494,0.74466677,USDT
2023-03-12T06:30:00Z,LINK/USDT,buy,6.13906800,121.55603747,0.74624078,USDT
2023-03-12T08:00:00Z,LINK/USDT,sell,6.12693500,121.55603747,0.74476594,USDT
2023-03-12T14:30:00Z,LINK/USDT,buy,6.14307000,121.43820492,0.74600339,USDT
2023-03-12T15:00:00Z,LINK/USDT,stop_sell,6.08595550,121.43820492,0.73906751,USDT
2023-03-12T17:00:00Z,LINK/USDT,buy,6.11805750,121.82451381,0.74532938,USDT
2023-03-12T18:45:00Z,LINK/USDT,sell,6.33283200,121.82451381,0.77149418,USDT
2023-03-12T20:15:00Z,LINK/USDT,buy,6.29914800,119.52772284,0.75292282,USDT
2023-03-12T22:45:00Z,LINK/USDT,sell,6.45477100,119.52772284,0.77152408,USDT
2023-03-13T03:45:00Z,LINK/USDT,buy,6.58829250,113.49839,0.74776059,USDT
2023-03-13T05:15:00Z,LINK/USDT,sell,6.60869400,113.49839,0.75007613,USDT
2023-03-13T22:45:00Z,LINK/USDT,buy,6.79339500,110.21506647,0.74873448,USDT
2023-03-13T23:00:00Z,LINK/USDT,sell,6.77760950,110.21506647,0.74699468,USDT
2023-03-14T00:15:00Z,LINK/USDT,buy,6.73536600,111.12618227,0.74847551,USDT
2023-03-14T01:00:00Z,LINK/USDT,sell,6.70064800,111.12618227,0.74461743,USDT
2023-03-14T06:30:00Z,LINK/USDT,buy,6.72235950,111.2774766,0.74804720,USDT
2023-03-14T06:45:00Z,LINK/USDT,sell,6.71564050,111.2774766,0.74729953,USDT
2023-03-14T07:45:00Z,LINK/USDT,buy,6.69134400,111.23421483,0.74430640,USDT
2023-03-14T07:45:00Z,LINK/USDT,stop_sell,6.68465600,111.23421483,0.74356246,USDT
2023-03-14T15:00:00Z,LINK/USDT,buy,7.12856250,105.25568724,0.75032174,USDT
2023-03-14T18:45:00Z,LINK/USDT,sell,7.06346650,105.25568724,0.74347002,USDT
2023-03-15T01:15:00Z,LINK/USDT,buy,7.01050350,106.64872706,0.74766127,USDT
2023-03-15T06:15:00Z,LINK/USDT,sell,7.00649500,106.64872706,0.74723377,USDT
2023-03-15T07:00:00Z,LINK/USDT,buy,7.08954300,105.48169371,0.74781700,USDT
2023-03-15T07:30:00Z,LINK/USDT,stop_sell,7.04247700,105.48169371,0.74285240,USDT
2023-03-15T20:45:00Z,LINK/USDT,buy,6.62130900,112.58338738,0.74544940,USDT
2023-03-15T22:00:00Z,LINK/USDT,stop_sell,6.55725544,112.58338738,0.73823803,USDT
2023-03-15T22:15:00Z,LINK/USDT,buy,6.55127400,113.73140858,0.74508562,USDT
2023-03-15T22:30:00Z,LINK/USDT,sell,6.52473600,113.73140858,0.74206742,USDT
2023-03-15T23:00:00Z,LINK/USDT,buy,6.50224950,114.62094043,0.74529395,USDT
2023-03-15T23:15:00Z,LINK/USDT,sell,6.52173750,114.62094043,0.74752769,USDT
2023-03-16T03:30:00Z,LINK/USDT,buy,6.59929800,112.94432455,0.74535326,USDT
2023-03-16T04:15:00Z,LINK/USDT,stop_sell,6.53772950,112.94432455,0.73839944,USDT
2023-03-16T05:30:00Z,LINK/USDT,buy,6.58529100,113.18518241,0.74535736,USDT
2023-03-16T07:45:00Z,LINK/USDT,sell,6.61768950,113.18518241,0.74902439,USDT
2023-03-16T09:45:00Z,LINK/USDT,buy,6.64832250,112.03605288,0.74485181,USDT
2023-03-16T10:00:00Z,LINK/USDT,stop_sell,6.59470100,112.03605288,0.73884427,USDT
2023-03-16T17:30:00Z,LINK/USDT,buy,6.56628150,113.06889685,0.74244221,USDT
2023-03-16T18:45:00Z,LINK/USDT,sell,6.55572050,113.06889685,0.74124808,USDT
2023-03-16T21:30:00Z,LINK/USDT,buy,6.59929800,112.74500417,0.74403788,USDT
2023-03-17T00:45:00Z,LINK/USDT,sell,6.61768950,112.74500417,0.74611143,USDT
2023-03-17T01:00:00Z,LINK/USDT,buy,6.60830250,112.32634339,0.74228646,USDT
2023-03-17T01:15:00Z,LINK/USDT,sell,6.63867900,112.32634339,0.74569854,USDT
2023-03-17T06:30:00Z,LINK/USDT,buy,6.90345000,108.08873107,0.74618515,USDT
2023-03-17T08:45:00Z,LINK/USDT,sell,6.88255700,108.08873107,0.74392685,USDT
2023-03-17T09:15:00Z,LINK/USDT,buy,6.94146900,107.35876039,0.74522751,USDT
2023-03-17T10:45:00Z,LINK/USDT,sell,7.03348150,107.35876039,0.75510586,USDT
2023-03-17T11:45:00Z,LINK/USDT,buy,7.10455050,104.80735328,0.74460913,USDT
2023-03-17T13:30:00Z,LINK/USDT,stop_sell,7.06767868,104.80735328,0.74074470,USDT
2023-03-17T13:45:00Z,LINK/USDT,buy,7.11255450,104.57036866,0.74376245,USDT
2023-03-17T14:15:00Z,LINK/USDT,stop_sell,7.05022312,104.57036866,0.73724443,USDT
2023-03-17T14:45:00Z,LINK/USDT,buy,6.97848750,106.59338935,0.74386064,USDT
2023-03-17T15:30:00Z,LINK/USDT,sell,6.99150250,106.59338935,0.74524795,USDT
2023-03-18T07:45:00Z,LINK/USDT,buy,7.25962800,102.4201994,0.74353255,USDT
2023-03-18T08:00:00Z,LINK/USDT,stop_sell,7.22634931,102.4201994,0.74012414,USDT
2023-03-18T09:45:00Z,LINK/USDT,buy,7.22361000,102.87667611,0.74314099,USDT
2023-03-18T10:30:00Z,LINK/USDT,sell,7.21639000,102.87667611,0.74239822,USDT
2023-03-18T20:30:00Z,LINK/USDT,buy,7.08153900,105.42182522,0.74654877,USDT
2023-03-18T20:45:00Z,LINK/USDT,sell,7.06846400,105.42182522,0.74517038,USDT
2023-03-18T22:15:00Z,LINK/USDT,buy,7.01850750,106.02138361,0.74411188,USDT
2023-03-18T22:45:00Z,LINK/USDT,sell,7.00049800,106.02138361,0.74220248,USDT
2023-03-19T01:00:00Z,LINK/USDT,buy,7.04752200,105.50043667,0.74351665,USDT
2023-03-19T01:15:00Z,LINK/USDT,sell,7.03348150,105.50043667,0.74203537,USDT
2023-03-19T02:30:00Z,LINK/USDT,buy,7.07853750,105.39177796,0.74601965,USDT
2023-03-19T05:15:00Z,LINK/USDT,sell,7.04047800,105.39177796,0.74200849,USDT
2023-03-19T05:30:00Z,LINK/USDT,buy,7.04752200,105.25451308,0.74178350,USDT
2023-03-19T05:45:00Z,LINK/USDT,sell,7.03148250,105.25451308,0.74009527,USDT
2023-03-19T08:15:00Z,LINK/USDT,buy,7.07053350,104.98005403,0.74226499,USDT
2023-03-19T08:45:00Z,LINK/USDT,sell,7.07446100,104.98005403,0.74267730,USDT
2023-03-19T09:15:00Z,LINK/USDT,buy,7.08153900,104.7009566,0.74144391,USDT
2023-03-19T10:45:00Z,LINK/USDT,stop_sell,7.04847400,104.7009566,0.73798197,USDT
2023-03-19T11:00:00Z,LINK/USDT,buy,7.04652150,105.16513727,0.74104840,USDT
2023-03-19T11:00:00Z,LINK/USDT,stop_sell,7.01698975,105.16513727,0.73794269,USDT
2023-03-19T16:30:00Z,LINK/USDT,buy,7.17458550,103.48214784,0.74244152,USDT
2023-03-19T16:45:00Z,LINK/USDT,sell,7.19040300,103.48214784,0.74407835,USDT
2023-03-20T01:45:00Z,LINK/USDT,buy,7.11055350,104.12423493,0.74038094,USDT
2023-03-20T02:00:00Z,LINK/USDT,sell,7.12543550,104.12423493,0.74193052,USDT
2023-03-20T10:15:00Z,LINK/USDT,buy,7.19859750,102.88058527,0.74059592,USDT
2023-03-20T16:00:00Z,LINK/USDT,sell,7.33932850,102.88058527,0.75507441,USDT
2023-03-20T16:30:00Z,LINK/USDT,buy,7.36768200,100.85258019,0.74304974,USDT
2023-03-20T16:45:00Z,LINK/USDT,sell,7.28435600,100.85258019,0.73464610,USDT
2023-03-21T03:15:00Z,LINK/USDT,buy,7.11155400,104.13059757,0.74053037,USDT
2023-03-21T03:30:00Z,LINK/USDT,sell,7.09545050,104.13059757,0.73885350,USDT
2023-03-21T04:15:00Z,LINK/USDT,buy,7.15157400,104.28571769,0.74580703,USDT
2023-03-21T05:15:00Z,LINK/USDT,sell,7.08445600,104.28571769,0.73880758,USDT
2023-03-21T12:30:00Z,LINK/USDT,buy,7.14457050,103.62084405,0.74032643,USDT
2023-03-21T17:30:00Z,LINK/USDT,sell,7.22638500,103.62084405,0.74880411,USDT
2023-03-21T21:30:00Z,LINK/USDT,buy,7.38369000,100.61229704,0.74289001,USDT
2023-03-22T00:30:00Z,LINK/USDT,stop_sell,7.29977686,100.61229704,0.73444732,USDT
2023-03-22T01:00:00Z,LINK/USDT,buy,7.36067850,100.60014515,0.74048533,USDT
2023-03-22T02:30:00Z,LINK/USDT,sell,7.38530550,100.60014515,0.74296281,USDT
2023-03-22T03:00:00Z,LINK/USDT,buy,7.44872250,99.54106736,0.74145379,USDT
2023-03-22T08:30:00Z,LINK/USDT,sell,7.46526550,99.54106736,0.74310050,USDT
2023-03-22T09:45:00Z,LINK/USDT,buy,7.41670650,99.11587745,0.73511337,USDT
2023-03-22T09:45:00Z,LINK/USDT,stop_sell,7.40458157,99.11587745,0.73391160,USDT
2023-03-22T10:15:00Z,LINK/USDT,buy,7.48874250,98.79592381,0.73985723,USDT
2023-03-22T11:45:00Z,LINK/USDT,sell,7.47725950,98.79592381,0.73872276,USDT
2023-03-22T12:30:00Z,LINK/USDT,buy,7.67083350,96.49834881,0.74022277,USDT
2023-03-22T12:45:00Z,LINK/USDT,stop_sell,7.59027439,96.49834881,0.73244895,USDT
2023-03-22T16:30:00Z,LINK/USDT,buy,7.51875750,98.24898658,0.73871030,USDT
2023-03-22T17:00:00Z,LINK/USDT,sell,7.49225200,98.24898658,0.73610617,USDT
2023-03-23T00:30:00Z,LINK/USDT,buy,7.19759700,102.63034595,0.73869187,USDT
2023-03-23T01:00:00Z,LINK/USDT,sell,7.14142750,102.63034595,0.73292717,USDT
2023-03-23T04:00:00Z,LINK/USDT,buy,7.18058850,102.74988332,0.73780463,USDT
2023-03-23T04:45:00Z,LINK/USDT,stop_sell,7.11644000,102.74988332,0.73121338,USDT
2023-03-23T07:15:00Z,LINK/USDT,buy,7.23561600,101.8792991,0.73715949,USDT
2023-03-23T13:15:00Z,LINK/USDT,sell,7.31833900,101.8792991,0.74558725,USDT
2023-03-23T13:45:00Z,LINK/USDT,buy,7.40570100,99.61452205,0.73771537,USDT
2023-03-23T14:00:00Z,LINK/USDT,sell,7.37930850,99.61452205,0.73508629,USDT
2023-03-23T14:30:00Z,LINK/USDT,buy,7.40870250,99.52985037,0.73738705,USDT
2023-03-23T15:30:00Z,LINK/USDT,sell,7.58620500,99.52985037,0.75505385,USDT
2023-03-23T15:45:00Z,LINK/USDT,buy,7.58479050,97.37701009,0.73858422,USDT
2023-03-23T16:15:00Z,LINK/USDT,stop_sell,7.52080914,97.37701009,0.73235391,USDT
2023-03-23T16:45:00Z,LINK/USDT,buy,7.55477550,97.78584178,0.73875008,USDT
2023-03-23T17:15:00Z,LINK/USDT,sell,7.49525050,97.78584178,0.73292938,USDT
2023-03-23T22:00:00Z,LINK/USDT,buy,7.57678650,97.3857841,0.73787129,USDT
2023-03-23T22:30:00Z,LINK/USDT,sell,7.53722950,97.3857841,0.73401900,USDT
2023-03-23T23:15:00Z,LINK/USDT,buy,7.59479550,97.08580199,0.73734681,USDT
2023-03-24T01:00:00Z,LINK/USDT,stop_sell,7.53301732,97.08580199,0.73134903,USDT
2023-03-24T14:15:00Z,LINK/USDT,buy,7.35067350,100.14826491,0.73615720,USDT
2023-03-24T15:00:00Z,LINK/USDT,stop_sell,7.29256618,100.14826491,0.73033785,USDT
2023-03-24T16:00:00Z,LINK/USDT,buy,7.34367000,100.20529696,0.73587463,USDT
2023-03-24T16:30:00Z,LINK/USDT,sell,7.29135250,100.20529696,0.73063214,USDT
2023-03-24T16:45:00Z,LINK/USDT,buy,7.30765200,100.74985057,0.73624485,USDT
2023-03-24T17:15:00Z,LINK/USDT,sell,7.33633000,100.74985057,0.73913415,USDT
2023-03-24T20:00:00Z,LINK/USDT,buy,7.27763700,100.69633889,0.73283140,USDT
2023-03-24T20:15:00Z,LINK/USDT,sell,7.25637000,100.69633889,0.73068989,USDT
2023-03-24T22:30:00Z,LINK/USDT,buy,7.21160400,101.94157485,0.73516227,USDT
2023-03-24T23:00:00Z,LINK/USDT,sell,7.20439600,101.94157485,0.73442747,USDT
2023-03-25T23:15:00Z,LINK/USDT,buy,7.06353000,104.11260214,0.73540249,USDT
2023-03-26T05:45:00Z,LINK/USDT,sell,7.15841900,104.11260214,0.74528163,USDT
2023-03-26T06:00:00Z,LINK/USDT,buy,7.17458550,102.59388827,0.73606862,USDT
2023-03-26T08:00:00Z,LINK/USDT,stop_sell,7.12543550,102.59388827,0.73102613,USDT
2023-03-26T10:15:00Z,LINK/USDT,buy,7.24662150,101.4454826,0.73513702,USDT
2023-03-26T11:15:00Z,LINK/USDT,stop_sell,7.20739450,101.4454826,0.73115761,USDT
2023-03-26T11:30:00Z,LINK/USDT,buy,7.19159400,101.82112795,0.73225621,USDT
2023-03-26T11:30:00Z,LINK/USDT,stop_sell,7.18440600,101.82112795,0.73152432,USDT
2023-03-26T18:00:00Z,LINK/USDT,buy,7.23261450,101.68397799,0.73544101,USDT
2023-03-26T18:30:00Z,LINK/USDT,sell,7.23238200,101.68397799,0.73541737,USDT
2023-03-26T19:30:00Z,LINK/USDT,buy,7.24862250,101.31659919,0.73440578,USDT
2023-03-26T20:30:00Z,LINK/USDT,sell,7.19440100,101.31659919,0.72891224,USDT
2023-03-26T23:30:00Z,LINK/USDT,buy,7.27363500,100.7807382,0.73304230,USDT
2023-03-27T00:30:00Z,LINK/USDT,stop_sell,7.23338150,100.7807382,0.72898553,USDT
2023-03-27T07:00:00Z,LINK/USDT,buy,7.15657650,102.4801773,0.73340723,USDT
2023-03-27T07:15:00Z,LINK/USDT,sell,7.14942350,102.4801773,0.73267419,USDT
2023-03-27T12:00:00Z,LINK/USDT,buy,7.20460050,101.77263969,0.73323121,USDT
2023-03-27T12:30:00Z,LINK/USDT,stop_sell,7.17041300,101.77263969,0.72975186,USDT
2023-03-27T12:45:00Z,LINK/USDT,buy,7.15257450,102.1005564,0.73028184,USDT
2023-03-27T12:45:00Z,LINK/USDT,stop_sell,7.14542550,102.1005564,0.72955192,USDT
2023-03-27T13:00:00Z,LINK/USDT,buy,7.13256450,102.63408712,0.73204425,USDT
2023-03-27T13:15:00Z,LINK/USDT,sell,7.12843400,102.63408712,0.73162032,USDT
2023-03-28T05:15:00Z,LINK/USDT,buy,6.86042850,106.77310836,0.73250928,USDT
2023-03-28T09:00:00Z,LINK/USDT,stop_sell,6.83258200,106.77310836,0.72953602,USDT
2023-03-28T14:00:00Z,LINK/USDT,buy,6.87243450,106.76807409,0.73375660,USDT
2023-03-28T15:15:00Z,LINK/USDT,sell,6.84357650,106.76807409,0.73067548,USDT
2023-03-28T20:00:00Z,LINK/USDT,buy,7.02250950,104.22125052,0.73189472,USDT
2023-03-28T21:00:00Z,LINK/USDT,stop_sell,6.95784077,104.22125052,0.72515487,USDT
2023-03-28T21:15:00Z,LINK/USDT,buy,6.95447550,105.08613514,0.73081895,USDT
2023-03-29T00:00:00Z,LINK/USDT,sell,6.95851900,105.08613514,0.73124387,USDT
2023-03-29T00:30:00Z,LINK/USDT,buy,6.97348500,104.69780942,0.73010860,USDT
2023-03-29T00:45:00Z,LINK/USDT,sell,6.93952850,104.69780942,0.72655343,USDT
2023-03-29T06:30:00Z,LINK/USDT,buy,7.16558100,102.06639627,0.73136503,USDT
2023-03-29T07:15:00Z,LINK/USDT,sell,7.13243200,102.06639627,0.72798163,USDT
2023-03-29T09:45:00Z,LINK/USDT,buy,7.31865750,99.83554174,0.73066214,USDT
2023-03-29T10:45:00Z,LINK/USDT,stop_sell,7.24983756,99.83554174,0.72379146,USDT
2023-03-29T11:30:00Z,LINK/USDT,buy,7.28364000,100.23802547,0.73009769,USDT
2023-03-29T14:45:00Z,LINK/USDT,sell,7.25936850,100.23802547,0.72766476,USDT
2023-03-29T15:30:00Z,LINK/USDT,buy,7.34066850,99.47057589,0.73018052,USDT
2023-03-29T17:00:00Z,LINK/USDT,sell,7.29934850,99.47057589,0.72607040,USDT
2023-03-29T17:15:00Z,LINK/USDT,buy,7.34367000,99.76377295,0.73263223,USDT
2023-03-29T23:30:00Z,LINK/USDT,sell,7.39430100,99.76377295,0.73768337,USDT
2023-03-29T23:45:00Z,LINK/USDT,buy,7.36768200,98.50791241,0.72577497,USDT
2023-03-30T00:00:00Z,LINK/USDT,sell,7.38230700,98.50791241,0.72721565,USDT
2023-03-30T00:15:00Z,LINK/USDT,buy,7.41670650,98.6678244,0.73179029,USDT
2023-03-30T00:45:00Z,LINK/USDT,stop_sell,7.34075636,98.6678244,0.72429646,USDT
2023-03-30T02:30:00Z,LINK/USDT,buy,7.44271950,97.86860563,0.72840858,USDT
2023-03-30T03:00:00Z,LINK/USDT,sell,7.51324150,97.86860563,0.73531047,USDT
2023-03-30T03:30:00Z,LINK/USDT,buy,7.37368500,98.84390922,0.72884385,USDT
2023-03-30T06:30:00Z,LINK/USDT,sell,7.41928850,98.84390922,0.73335148,USDT
2023-03-30T06:45:00Z,LINK/USDT,buy,7.39969800,98.46280848,0.72859505,USDT
2023-03-30T07:15:00Z,LINK/USDT,sell,7.41029300,98.46280848,0.72963826,USDT
2023-03-30T08:00:00Z,LINK/USDT,buy,7.39669650,98.7117372,0.73014076,USDT
2023-03-30T08:15:00Z,LINK/USDT,sell,7.38330650,98.7117372,0.72881901,USDT
2023-03-30T21:00:00Z,LINK/USDT,buy,7.22661150,100.51988232,0.72641814,USDT
2023-03-30T21:15:00Z,LINK/USDT,sell,7.20639500,100.51988232,0.72438598,USDT
2023-03-30T23:00:00Z,LINK/USDT,buy,7.19759700,101.20763726,0.72845179,USDT
2023-03-31T06:00:00Z,LINK/USDT,sell,7.31933850,101.20763726,0.74077296,USDT
2023-03-31T06:30:00Z,LINK/USDT,buy,7.35967800,99.47565911,0.73210882,USDT
2023-03-31T14:00:00Z,LINK/USDT,sell,7.59719950,99.47565911,0.75573643,USDT
2023-03-31T14:15:00Z,LINK/USDT,buy,7.62681150,96.14896548,0.73331004,USDT
2023-03-31T16:00:00Z,LINK/USDT,sell,7.57421100,96.14896548,0.72825255,USDT
2023-03-31T21:15:00Z,LINK/USDT,buy,7.62681150,95.55236987,0.72875991,USDT
2023-03-31T21:15:00Z,LINK/USDT,stop_sell,7.61711811,95.55236987,0.72783369,USDT
2023-03-31T21:30:00Z,LINK/USDT,buy,7.64782200,95.64004943,0.73143807,USDT
2023-03-31T22:00:00Z,LINK/USDT,stop_sell,7.59719950,95.64004943,0.72659654,USDT
2023-03-31T23:00:00Z,LINK/USDT,buy,7.64982300,95.42403499,0.72997698,USDT
2023-03-31T23:30:00Z,LINK/USDT,sell,7.60919350,95.42403499,0.72609995,USDT
2023-04-01T10:15:00Z,LINK/USDT,buy,7.57378500,96.32569655,0.72955012,USDT
2023-04-01T10:30:00Z,LINK/USDT,sell,7.56621500,96.32569655,0.72882093,USDT
2023-04-01T11:00:00Z,LINK/USDT,buy,7.59179400,96.07413262,0.72937502,USDT
2023-04-01T11:15:00Z,LINK/USDT,stop_sell,7.55322150,96.07413262,0.72566920,USDT
2023-04-01T19:15:00Z,LINK/USDT,buy,7.47473550,97.13340211,0.72604649,USDT
2023-04-01T19:15:00Z,LINK/USDT,stop_sell,7.46726450,97.13340211,0.72532081,USDT
2023-04-01T21:00:00Z,LINK/USDT,buy,7.51675650,96.63352152,0.72637065,USDT
2023-04-01T21:00:00Z,LINK/USDT,stop_sell,7.50924350,96.63352152,0.72564464,USDT
2023-04-02T05:30:00Z,LINK/USDT,buy,7.51175400,97.24252148,0.73046190,USDT
2023-04-02T08:30:00Z,LINK/USDT,stop_sell,7.46926350,97.24252148,0.72633002,USDT
2023-04-03T06:30:00Z,LINK/USDT,buy,7.20460050,101.53489806,0.73151838,USDT
2023-04-03T11:30:00Z,LINK/USDT,sell,7.28135750,101.53489806,0.73931189,USDT
2023-04-03T17:45:00Z,LINK/USDT,buy,7.29564600,99.87766923,0.72867212,USDT
2023-04-03T18:00:00Z,LINK/USDT,sell,7.30534550,99.87766923,0.72964088,USDT
2023-04-03T18:45:00Z,LINK/USDT,buy,7.40570100,98.72153993,0.73110221,USDT
2023-04-03T20:00:00Z,LINK/USDT,stop_sell,7.33186794,98.72153993,0.72381329,USDT
2023-04-04T01:00:00Z,LINK/USDT,buy,7.27163400,100.39592849,0.73004245,USDT
2023-04-04T04:15:00Z,LINK/USDT,sell,7.25137250,100.39592849,0.72800827,USDT
2023-04-04T04:30:00Z,LINK/USDT,buy,7.24562100,100.23289911,0.72624960,USDT
2023-04-04T05:00:00Z,LINK/USDT,sell,7.23338150,100.23289911,0.72502280,USDT
2023-04-04T05:30:00Z,LINK/USDT,buy,7.27063350,100.05169535,0.72743921,USDT
2023-04-04T05:45:00Z,LINK/USDT,sell,7.24137750,100.05169535,0.72451210,USDT
2023-04-04T11:00:00Z,LINK/USDT,buy,7.35867750,98.76669543,0.72679226,USDT
2023-04-04T13:45:00Z,LINK/USDT,stop_sell,7.33268896,98.76669543,0.72422546,USDT
2023-04-04T17:30:00Z,LINK/USDT,buy,7.40069850,98.33544327,0.72775097,USDT
2023-04-04T19:45:00Z,LINK/USDT,sell,7.41429100,98.33544327,0.72908759,USDT
2023-04-04T20:00:00Z,LINK/USDT,buy,7.42971300,97.92320063,0.72754128,USDT
2023-04-04T22:30:00Z,LINK/USDT,sell,7.39630000,97.92320063,0.72426937,USDT
2023-04-04T23:00:00Z,LINK/USDT,buy,7.40370000,98.05732102,0.72598699,USDT
2023-04-04T23:15:00Z,LINK/USDT,sell,7.39230200,98.05732102,0.72486933,USDT
2023-04-05T03:00:00Z,LINK/USDT,buy,7.55977800,96.1976042,0.72723253,USDT
2023-04-05T07:00:00Z,LINK/USDT,sell,7.58520550,96.1976042,0.72967860,USDT
2023-04-05T07:15:00Z,LINK/USDT,buy,7.57378500,95.65029068,0.72443474,USDT
2023-04-05T07:15:00Z,LINK/USDT,stop_sell,7.56207421,95.65029068,0.72331460,USDT
2023-04-05T07:30:00Z,LINK/USDT,buy,7.54276950,96.28295407,0.72624013,USDT
2023-04-05T07:45:00Z,LINK/USDT,sell,7.55222200,96.28295407,0.72715024,USDT
2023-04-05T19:30:00Z,LINK/USDT,buy,7.33166400,99.15839884,0.72699606,USDT
2023-04-05T19:45:00Z,LINK/USDT,sell,7.32933350,99.15839884,0.72676497,USDT
2023-04-05T21:15:00Z,LINK/USDT,buy,7.31465550,99.23490285,0.72586913,USDT
2023-04-05T21:30:00Z,LINK/USDT,sell,7.30734450,99.23490285,0.72514362,USDT
2023-04-06T03:45:00Z,LINK/USDT,buy,7.30164900,99.36058264,0.72549610,USDT
2023-04-06T04:00:00Z,LINK/USDT,sell,7.30734450,99.36058264,0.72606201,USDT
2023-04-06T05:00:00Z,LINK/USDT,buy,7.27063350,99.50080961,0.72343392,USDT
2023-04-06T05:00:00Z,LINK/USDT,stop_sell,7.26336650,99.50080961,0.72271085,USDT
2023-04-06T05:30:00Z,LINK/USDT,buy,7.26262950,99.77815658,0.72465178,USDT
2023-04-06T05:30:00Z,LINK/USDT,stop_sell,7.25362138,99.77815658,0.72375297,USDT
2023-04-06T07:00:00Z,LINK/USDT,buy,7.29264450,99.45123973,0.72526254,USDT
2023-04-06T07:45:00Z,LINK/USDT,stop_sell,7.26336650,99.45123973,0.72235080,USDT
2023-04-07T01:30:00Z,LINK/USDT,buy,7.22661150,100.31169025,0.72491361,USDT
2023-04-07T01:45:00Z,LINK/USDT,stop_sell,7.19739950,100.31169025,0.72198331,USDT
2023-04-07T02:15:00Z,LINK/USDT,buy,7.19059350,100.5695268,0.72315459,USDT
2023-04-07T02:15:00Z,LINK/USDT,stop_sell,7.18340650,100.5695268,0.72243179,USDT
2023-04-07T02:30:00Z,LINK/USDT,buy,7.18359000,100.78336472,0.72398637,USDT
2023-04-07T02:30:00Z,LINK/USDT,stop_sell,7.17034161,100.78336472,0.72265115,USDT
2023-04-07T03:00:00Z,LINK/USDT,buy,7.18559100,100.850654,0.72467155,USDT
2023-04-07T04:00:00Z,LINK/USDT,sell,7.18840400,100.850654,0.72495524,USDT
2023-04-07T04:15:00Z,LINK/USDT,buy,7.19659650,100.61335591,0.72407372,USDT
2023-04-07T05:15:00Z,LINK/USDT,sell,7.19839900,100.61335591,0.72425508,USDT
2023-04-07T11:45:00Z,LINK/USDT,buy,7.18359000,100.78140824,0.72397232,USDT
2023-04-07T12:00:00Z,LINK/USDT,stop_sell,7.14842400,100.78140824,0.72042824,USDT
2023-04-07T12:15:00Z,LINK/USDT,buy,7.15757700,101.09189723,0.72357304,USDT
2023-04-07T13:45:00Z,LINK/USDT,sell,7.14742450,101.09189723,0.72254670,USDT
2023-04-07T14:15:00Z,LINK/USDT,buy,7.18359000,100.69827805,0.72337514,USDT
2023-04-07T20:45:00Z,LINK/USDT,sell,7.21039300,100.69827805,0.72607416,USDT
2023-04-07T22:00:00Z,LINK/USDT,buy,7.24662150,100.08492757,0.72527759,USDT
2023-04-08T01:00:00Z,LINK/USDT,sell,7.21838900,100.08492757,0.72245194,USDT
2023-04-09T00:15:00Z,LINK/USDT,buy,7.15357500,101.39895224,0.72536501,USDT
2023-04-09T04:00:00Z,LINK/USDT,sell,7.15442100,101.39895224,0.72545079,USDT
2023-04-09T04:30:00Z,LINK/USDT,buy,7.17658650,100.74759919,0.72302386,USDT
2023-04-09T05:00:00Z,LINK/USDT,stop_sell,7.16341650,100.74759919,0.72169701,USDT
2023-04-09T16:45:00Z,LINK/USDT,buy,7.12356000,101.466405,0.72280202,USDT
2023-04-09T17:30:00Z,LINK/USDT,sell,7.10444600,101.466405,0.72086260,USDT
2023-04-09T18:15:00Z,LINK/USDT,buy,7.12055850,101.55676503,0.72314089,USDT
2023-04-09T23:45:00Z,LINK/USDT,sell,7.22238700,101.55676503,0.73348226,USDT
2023-04-10T00:00:00Z,LINK/USDT,buy,7.22961300,100.03887851,0.72324238,USDT
2023-04-10T00:45:00Z,LINK/USDT,stop_sell,7.18940350,100.03887851,0.71921986,USDT
2023-04-10T05:45:00Z,LINK/USDT,buy,7.20860250,100.35334603,0.72340738,USDT
2023-04-10T11:30:00Z,LINK/USDT,sell,7.21439100,100.35334603,0.72398828,USDT
2023-04-10T12:00:00Z,LINK/USDT,buy,7.21960800,100.10731958,0.72273561,USDT
2023-04-10T12:45:00Z,LINK/USDT,sell,7.21239200,100.10731958,0.72201323,USDT
2023-04-12T07:00:00Z,LINK/USDT,buy,7.21060350,100.20827643,0.72256215,USDT
2023-04-12T08:15:00Z,LINK/USDT,stop_sell,7.18040800,100.20827643,0.71953631,USDT
2023-04-12T12:45:00Z,LINK/USDT,buy,7.27663650,99.38642616,0.72319890,USDT
2023-04-12T15:00:00Z,LINK/USDT,stop_sell,7.23645139,99.38642616,0.71920504,USDT
2023-04-12T15:15:00Z,LINK/USDT,buy,7.28163900,99.60081631,0.72525719,USDT
2023-04-12T17:45:00Z,LINK/USDT,sell,7.26036800,99.60081631,0.72313858,USDT
2023-04-12T23:45:00Z,LINK/USDT,buy,7.25962800,99.38304192,0.72148391,USDT
2023-04-13T00:00:00Z,LINK/USDT,stop_sell,7.21938850,99.38304192,0.71748479,USDT
2023-04-13T00:45:00Z,LINK/USDT,buy,7.22060850,100.09559788,0.72275112,USDT
2023-04-13T01:15:00Z,LINK/USDT,sell,7.18440600,100.09559788,0.71912741,USDT
2023-04-13T01:45:00Z,LINK/USDT,buy,7.19259450,100.02542114,0.71944229,USDT
2023-04-13T02:00:00Z,LINK/USDT,sell,7.19640000,100.02542114,0.71982294,USDT
2023-04-13T05:45:00Z,LINK/USDT,buy,7.24362000,99.47491272,0.72055847,USDT
2023-04-13T06:15:00Z,LINK/USDT,stop_sell,7.22513562,99.47491272,0.71871974,USDT
2023-04-13T10:30:00Z,LINK/USDT,buy,7.39069350,97.83070081,0.72303672,USDT
2023-04-13T14:15:00Z,LINK/USDT,sell,7.41029300,97.83070081,0.72495416,USDT
2023-04-13T14:45:00Z,LINK/USDT,buy,7.43971800,96.82271149,0.72033367,USDT
2023-04-13T16:00:00Z,LINK/USDT,sell,7.40929350,96.82271149,0.71738789,USDT
2023-04-13T18:15:00Z,LINK/USDT,buy,7.48974300,95.82197101,0.71768194,USDT
2023-04-13T18:15:00Z,LINK/USDT,stop_sell,7.48225700,95.82197101,0.71696461,USDT
2023-04-13T19:15:00Z,LINK/USDT,buy,7.46573100,96.4152834,0.71981057,USDT
2023-04-13T20:00:00Z,LINK/USDT,stop_sell,7.43042579,96.4152834,0.71640661,USDT
2023-04-13T21:00:00Z,LINK/USDT,buy,7.43371500,96.77841594,0.71942316,USDT
2023-04-13T22:15:00Z,LINK/USDT,sell,7.44227700,96.77841594,0.72025178,USDT
2023-04-14T00:15:00Z,LINK/USDT,buy,7.47973800,96.24076372,0.71985570,USDT
2023-04-14T10:15:00Z,LINK/USDT,sell,7.82408600,96.24076372,0.75299601,USDT
2023-04-14T12:15:00Z,LINK/USDT,buy,7.80089850,92.54176514,0.72190892,USDT
2023-04-14T12:45:00Z,LINK/USDT,stop_sell,7.76811400,92.54176514,0.71887498,USDT
2023-04-15T05:30:00Z,LINK/USDT,buy,7.67583600,94.00288911,0.72155076,USDT
2023-04-15T05:45:00Z,LINK/USDT,sell,7.67516050,94.00288911,0.72148726,USDT
2023-04-15T08:00:00Z,LINK/USDT,buy,7.70485050,93.75499184,0.72236820,USDT
2023-04-15T21:00:00Z,LINK/USDT,sell,7.93503050,93.75499184,0.74394872,USDT
2023-04-15T22:15:00Z,LINK/USDT,buy,7.99799700,90.40264934,0.72304012,USDT
2023-04-15T23:15:00Z,LINK/USDT,sell,8.02198700,90.40264934,0.72520888,USDT
2023-04-16T00:30:00Z,LINK/USDT,buy,8.06903250,89.70291916,0.72381577,USDT
2023-04-16T01:00:00Z,LINK/USDT,stop_sell,8.03262454,89.70291916,0.72054987,USDT
2023-04-16T01:30:00Z,LINK/USDT,buy,8.02601100,90.04731967,0.72272078,USDT
2023-04-16T03:45:00Z,LINK/USDT,sell,8.00799400,90.04731967,0.72109840,USDT
2023-04-16T07:30:00Z,LINK/USDT,buy,8.07003300,89.52570075,0.72247536,USDT
2023-04-16T08:15:00Z,LINK/USDT,stop_sell,8.03697950,89.52570075,0.71951622,USDT
2023-04-16T09:30:00Z,LINK/USDT,buy,8.00500050,90.14140276,0.72158197,USDT
2023-04-16T09:30:00Z,LINK/USDT,stop_sell,7.97740216,90.14140276,0.71909422,USDT
2023-04-17T06:30:00Z,LINK/USDT,buy,8.19609600,87.767389,0.71934995,USDT
2023-04-17T06:45:00Z,LINK/USDT,stop_sell,8.16191700,87.767389,0.71635014,USDT
2023-04-17T07:15:00Z,LINK/USDT,buy,8.15307450,88.45597368,0.72118814,USDT
2023-04-17T07:45:00Z,LINK/USDT,sell,8.12093750,88.45597368,0.71834543,USDT
2023-04-17T14:15:00Z,LINK/USDT,buy,8.14407000,88.54428968,0.72111089,USDT
2023-04-17T15:30:00Z,LINK/USDT,stop_sell,8.04479702,88.54428968,0.71232084,USDT
2023-04-17T16:15:00Z,LINK/USDT,buy,8.12606100,88.57438964,0.71976089,USDT
2023-04-18T00:00:00Z,LINK/USDT,sell,8.16391600,88.57438964,0.72311388,USDT
2023-04-18T06:00:00Z,LINK/USDT,buy,8.26312950,87.24078601,0.72088191,USDT
2023-04-18T16:45:00Z,LINK/USDT,sell,8.64967300,87.24078601,0.75460427,USDT
2023-04-18T17:30:00Z,LINK/USDT,buy,8.60530050,83.8845267,0.72185156,USDT
2023-04-18T17:45:00Z,LINK/USDT,sell,8.58270650,83.8845267,0.71995627,USDT
2023-04-19T06:00:00Z,LINK/USDT,buy,8.57728650,84.21522848,0.72233814,USDT
2023-04-19T06:15:00Z,LINK/USDT,stop_sell,8.51474050,84.21522848,0.71707082,USDT
2023-04-20T04:00:00Z,LINK/USDT,buy,7.81890750,92.43970946,0.72277754,USDT
2023-04-20T05:30:00Z,LINK/USDT,sell,7.81309150,92.43970946,0.72223991,USDT
2023-04-20T08:45:00Z,LINK/USDT,buy,7.85292450,91.94841119,0.72206393,USDT
2023-04-20T11:00:00Z,LINK/USDT,sell,7.80009800,91.94841119,0.71720662,USDT
2023-04-20T12:30:00Z,LINK/USDT,buy,7.86192900,91.76731808,0.72146814,USDT
2023-04-20T15:15:00Z,LINK/USDT,stop_sell,7.82594221,91.76731808,0.71816573,USDT
2023-04-20T15:30:00Z,LINK/USDT,buy,7.84692150,91.90615697,0.72118040,USDT
2023-04-20T15:30:00Z,LINK/USDT,stop_sell,7.78574804,91.90615697,0.71555818,USDT
2023-04-20T22:00:00Z,LINK/USDT,buy,7.59079350,95.28446523,0.72328470,USDT
2023-04-20T22:15:00Z,LINK/USDT,sell,7.58820400,95.28446523,0.72303796,USDT
2023-04-20T22:45:00Z,LINK/USDT,buy,7.54577100,95.32960388,0.71933536,USDT
2023-04-20T23:00:00Z,LINK/USDT,sell,7.53822900,95.32960388,0.71861638,USDT
2023-04-21T03:30:00Z,LINK/USDT,buy,7.56277950,94.96732272,0.71821692,USDT
2023-04-21T04:45:00Z,LINK/USDT,stop_sell,7.52423600,94.96732272,0.71455655,USDT
2023-04-21T05:15:00Z,LINK/USDT,buy,7.49174400,96.09239073,0.71989959,USDT
2023-04-21T05:30:00Z,LINK/USDT,sell,7.52723450,96.09239073,0.72330996,USDT
2023-04-21T10:00:00Z,LINK/USDT,buy,7.48674150,96.03645508,0.71900011,USDT
2023-04-21T10:15:00Z,LINK/USDT,sell,7.47925850,96.03645508,0.71828147,USDT
2023-04-21T11:45:00Z,LINK/USDT,buy,7.43271450,97.036375,0.72124367,USDT
2023-04-21T12:00:00Z,LINK/USDT,sell,7.40129750,97.036375,0.71819508,USDT
2023-04-21T17:00:00Z,LINK/USDT,buy,7.38669150,97.40832699,0.71952526,USDT
2023-04-21T17:15:00Z,LINK/USDT,sell,7.31634000,97.40832699,0.71267244,USDT
2023-04-22T00:15:00Z,LINK/USDT,buy,7.14357000,100.61656303,0.71876146,USDT
2023-04-22T00:30:00Z,LINK/USDT,sell,7.11644000,100.61656303,0.71603173,USDT
2023-04-22T00:45:00Z,LINK/USDT,buy,7.12255950,100.866533,0.71842788,USDT
2023-04-22T05:30:00Z,LINK/USDT,sell,7.14342650,100.866533,0.72053266,USDT
2023-04-22T11:15:00Z,LINK/USDT,buy,7.15157400,100.4788725,0.71858209,USDT
2023-04-22T13:15:00Z,LINK/USDT,stop_sell,7.13543050,100.4788725,0.71696001,USDT
2023-04-22T13:30:00Z,LINK/USDT,buy,7.15357500,100.41655536,0.71833736,USDT
2023-04-22T15:45:00Z,LINK/USDT,sell,7.17441100,100.41655536,0.72042964,USDT
2023-04-23T05:15:00Z,LINK/USDT,buy,7.13356500,100.70556126,0.71838967,USDT
2023-04-23T07:30:00Z,LINK/USDT,stop_sell,7.11044300,100.70556126,0.71606115,USDT
2023-04-23T20:15:00Z,LINK/USDT,buy,6.97648650,103.01846055,0.71870690,USDT
2023-04-23T21:15:00Z,LINK/USDT,sell,6.96651500,103.01846055,0.71767965,USDT
2023-04-23T22:15:00Z,LINK/USDT,buy,6.99649650,102.24173893,0.71533397,USDT
2023-04-23T22:15:00Z,LINK/USDT,stop_sell,6.98950350,102.24173893,0.71461899,USDT
2023-04-23T22:45:00Z,LINK/USDT,buy,7.06052850,101.65239188,0.71771961,USDT
2023-04-24T05:45:00Z,LINK/USDT,sell,7.11244200,101.65239188,0.72299674,USDT
2023-04-24T08:15:00Z,LINK/USDT,buy,7.12856250,100.72531125,0.71802668,USDT
2023-04-24T08:30:00Z,LINK/USDT,stop_sell,7.06946350,100.72531125,0.71207391,USDT
2023-04-24T10:00:00Z,LINK/USDT,buy,7.18559100,100.0247194,0.71873672,USDT
2023-04-24T14:45:00Z,LINK/USDT,sell,7.16241700,100.0247194,0.71641875,USDT
2023-04-25T06:00:00Z,LINK/USDT,buy,7.06052850,101.56964194,0.71713535,USDT
2023-04-25T07:00:00Z,LINK/USDT,stop_sell,7.00749450,101.56964194,0.71174871,USDT
2023-04-25T07:15:00Z,LINK/USDT,buy,7.03351500,101.85320263,0.71638603,USDT
2023-04-25T07:30:00Z,LINK/USDT,stop_sell,6.99550050,101.85320263,0.71251413,USDT
2023-04-25T08:00:00Z,LINK/USDT,buy,6.98549100,102.34596182,0.71493680,USDT
2023-04-25T08:15:00Z,LINK/USDT,sell,6.97251200,102.34596182,0.71360845,USDT
2023-04-25T08:45:00Z,LINK/USDT,buy,7.02751200,102.06633939,0.71727242,USDT
2023-04-25T10:45:00Z,LINK/USDT,sell,7.02748450,102.06633939,0.71726962,USDT
2023-04-25T13:30:00Z,LINK/USDT,buy,7.09054350,100.82752503,0.71492195,USDT
2023-04-25T13:45:00Z,LINK/USDT,stop_sell,7.07046300,100.82752503,0.71289729,USDT
2023-04-25T14:15:00Z,LINK/USDT,buy,7.05352500,101.50382042,0.71595973,USDT
2023-04-25T14:30:00Z,LINK/USDT,stop_sell,7.02213004,101.50382042,0.71277303,USDT
2023-04-25T15:15:00Z,LINK/USDT,buy,7.08153900,101.25023844,0.71700751,USDT
2023-04-25T15:30:00Z,LINK/USDT,stop_sell,7.03023312,101.25023844,0.71181278,USDT
2023-04-25T17:45:00Z,LINK/USDT,buy,7.08954300,100.90363034,0.71536063,USDT
2023-04-25T18:00:00Z,LINK/USDT,sell,7.09744950,100.90363034,0.71615842,USDT
2023-04-25T20:15:00Z,LINK/USDT,buy,7.19159400,99.36645815,0.71460322,USDT
2023-04-25T23:00:00Z,LINK/USDT,sell,7.25936850,99.36645815,0.72133774,USDT
2023-04-25T23:15:00Z,LINK/USDT,buy,7.27463550,98.41228131,0.71591348,USDT
2023-04-26T00:00:00Z,LINK/USDT,sell,7.25337150,98.41228131,0.71382084,USDT
2023-04-26T07:00:00Z,LINK/USDT,buy,7.28263950,98.14372813,0.71474539,USDT
2023-04-26T07:15:00Z,LINK/USDT,stop_sell,7.23837900,98.14372813,0.71040150,USDT
2023-04-27T00:30:00Z,LINK/USDT,buy,7.20960300,99.11518451,0.71458113,USDT
2023-04-27T00:30:00Z,LINK/USDT,stop_sell,7.13268188,99.11518451,0.70695708,USDT
2023-04-27T01:45:00Z,LINK/USDT,buy,7.07453550,100.3804401,0.71014499,USDT
2023-04-27T02:30:00Z,LINK/USDT,sell,7.09045300,100.3804401,0.71174279,USDT
2023-04-27T03:00:00Z,LINK/USDT,buy,7.07653650,100.53807448,0.71146135,USDT
2023-04-27T03:15:00Z,LINK/USDT,sell,7.04247700,100.53807448,0.70803708,USDT
2023-04-27T06:15:00Z,LINK/USDT,buy,7.08654150,100.04625942,0.70898197,USDT
2023-04-27T06:15:00Z,LINK/USDT,stop_sell,7.07945850,100.04625942,0.70827334,USDT
2023-04-27T08:00:00Z,LINK/USDT,buy,7.06353000,100.94327588,0.71301586,USDT
2023-04-27T09:00:00Z,LINK/USDT,stop_sell,7.03148250,100.94327588,0.70978088,USDT
2023-04-27T11:15:00Z,LINK/USDT,buy,7.09054350,100.50612468,0.71264305,USDT
2023-04-27T11:30:00Z,LINK/USDT,stop_sell,7.05347150,100.50612468,0.70891709,USDT
2023-04-27T14:00:00Z,LINK/USDT,buy,7.06353000,101.01817848,0.71354493,USDT
2023-04-27T18:00:00Z,LINK/USDT,sell,7.14742450,101.01817848,0.72201980,USDT
2023-04-28T00:00:00Z,LINK/USDT,buy,7.16358000,99.53035039,0.71299363,USDT
2023-04-28T00:15:00Z,LINK/USDT,sell,7.13443100,99.53035039,0.71009242,USDT
2023-04-28T07:00:00Z,LINK/USDT,buy,7.15657650,99.90071611,0.71494712,USDT
2023-04-28T08:30:00Z,LINK/USDT,stop_sell,7.11137111,99.90071611,0.71043107,USDT
2023-04-28T23:00:00Z,LINK/USDT,buy,7.04852250,100.82416975,0.71066143,USDT
2023-04-28T23:00:00Z,LINK/USDT,stop_sell,7.04147750,100.82416975,0.70995112,USDT
2023-04-29T04:00:00Z,LINK/USDT,buy,7.07153400,100.6574019,0.71180224,USDT
2023-04-29T17:45:00Z,LINK/USDT,sell,7.12843400,100.6574019,0.71752965,USDT
2023-04-29T19:45:00Z,LINK/USDT,buy,7.20159900,98.98350195,0.71283949,USDT
2023-04-29T20:15:00Z,LINK/USDT,sell,7.18040800,98.98350195,0.71074193,USDT
2023-04-29T20:45:00Z,LINK/USDT,buy,7.18559100,98.65622175,0.70890326,USDT
2023-04-29T20:45:00Z,LINK/USDT,stop_sell,7.17840900,98.65622175,0.70819471,USDT
2023-04-29T21:00:00Z,LINK/USDT,buy,7.19759700,98.87943001,0.71169429,USDT
2023-04-29T23:00:00Z,LINK/USDT,stop_sell,7.16363068,98.87943001,0.70833572,USDT
2023-04-29T23:15:00Z,LINK/USDT,buy,7.15257450,99.44836082,0.71131181,USDT
2023-04-30T00:30:00Z,LINK/USDT,sell,7.17441100,99.44836082,0.71348341,USDT
2023-04-30T06:30:00Z,LINK/USDT,buy,7.20360000,98.65631694,0.71068064,USDT
2023-04-30T06:45:00Z,LINK/USDT,stop_sell,7.19407973,98.65631694,0.70974141,USDT
2023-04-30T13:15:00Z,LINK/USDT,buy,7.21460550,98.89083245,0.71345834,USDT
2023-04-30T13:30:00Z,LINK/USDT,sell,7.19839900,98.89083245,0.71185567,USDT
2023-05-01T01:00:00Z,LINK/USDT,buy,7.07253450,100.39348186,0.71003636,USDT
2023-05-01T01:00:00Z,LINK/USDT,stop_sell,7.05304314,100.39348186,0.70807956,USDT
2023-05-01T01:30:00Z,LINK/USDT,buy,7.02150900,100.53999588,0.70594249,USDT
2023-05-01T01:30:00Z,LINK/USDT,stop_sell,7.01449100,100.53999588,0.70523690,USDT
2023-05-01T06:30:00Z,LINK/USDT,buy,7.02150900,101.18918914,0.71050080,USDT
2023-05-01T07:45:00Z,LINK/USDT,sell,7.01449100,101.18918914,0.70979066,USDT
2023-05-01T08:00:00Z,LINK/USDT,buy,7.02150900,101.16490373,0.71033028,USDT
2023-05-01T08:45:00Z,LINK/USDT,sell,7.01449100,101.16490373,0.70962031,USDT
2023-05-02T01:15:00Z,LINK/USDT,buy,6.88043850,103.21432315,0.71015980,USDT
2023-05-02T01:30:00Z,LINK/USDT,sell,6.87356150,103.21432315,0.70945000,USDT
2023-05-02T01:45:00Z,LINK/USDT,buy,6.85942800,103.18955171,0.70782130,USDT
2023-05-02T01:45:00Z,LINK/USDT,stop_sell,6.85257200,103.18955171,0.70711383,USDT
2023-05-02T02:00:00Z,LINK/USDT,buy,6.85942800,103.4808569,0.70981949,USDT
2023-05-02T02:30:00Z,LINK/USDT,sell,6.86156750,103.4808569,0.71004088,USDT
2023-05-02T05:15:00Z,LINK/USDT,buy,6.88844250,103.03106432,0.70972356,USDT
2023-05-02T05:30:00Z,LINK/USDT,sell,6.88155750,103.03106432,0.70901419,USDT
2023-05-02T06:00:00Z,LINK/USDT,buy,6.88844250,103.00633687,0.70955323,USDT
2023-05-02T09:15:00Z,LINK/USDT,stop_sell,6.87256200,103.00633687,0.70791744,USDT
2023-05-02T20:00:00Z,LINK/USDT,buy,7.00950300,101.19245908,0.70930885,USDT
2023-05-02T20:15:00Z,LINK/USDT,stop_sell,6.96851400,101.19245908,0.70516107,USDT
2023-05-02T20:30:00Z,LINK/USDT,buy,6.96147900,101.82658645,0.70886364,USDT
2023-05-03T00:30:00Z,LINK/USDT,sell,6.94852400,101.82658645,0.70754448,USDT
2023-05-03T05:30:00Z,LINK/USDT,buy,6.95547600,101.88298947,0.70864469,USDT
2023-05-03T08:30:00Z,LINK/USDT,sell,6.94952350,101.88298947,0.70803823,USDT
2023-05-03T09:00:00Z,LINK/USDT,buy,6.96948300,101.84505846,0.70980740,USDT
2023-05-03T09:30:00Z,LINK/USDT,sell,6.96251700,101.84505846,0.70909795,USDT
2023-05-03T11:00:00Z,LINK/USDT,buy,6.97048350,101.61596424,0.70831240,USDT
2023-05-03T11:15:00Z,LINK/USDT,stop_sell,6.93852900,101.61596424,0.70506531,USDT
2023-05-03T18:00:00Z,LINK/USDT,buy,6.94447050,101.942888,0.70793938,USDT
2023-05-03T23:15:00Z,LINK/USDT,sell,7.11544050,101.942888,0.72536855,USDT
2023-05-04T23:15:00Z,LINK/USDT,buy,6.97548600,101.44036277,0.70759583,USDT
2023-05-04T23:15:00Z,LINK/USDT,stop_sell,6.96851400,101.44036277,0.70688859,USDT
2023-05-05T01:00:00Z,LINK/USDT,buy,7.00850250,101.21329862,0.70935366,USDT
2023-05-05T01:00:00Z,LINK/USDT,stop_sell,6.98928932,101.21329862,0.70740903,USDT
2023-05-05T01:45:00Z,LINK/USDT,buy,7.06653150,100.24431945,0.70837964,USDT
2023-05-05T02:00:00Z,LINK/USDT,sell,7.09145250,100.24431945,0.71087783,USDT
2023-05-05T02:30:00Z,LINK/USDT,buy,7.06853250,100.28491437,0.70886718,USDT
2023-05-05T03:30:00Z,LINK/USDT,sell,7.07845900,100.28491437,0.70986265,USDT
2023-05-05T07:15:00Z,LINK/USDT,buy,7.04952300,100.03940411,0.70523008,USDT
2023-05-05T07:15:00Z,LINK/USDT,stop_sell,7.04247700,100.03940411,0.70452520,USDT
2023-05-05T13:45:00Z,LINK/USDT,buy,7.05852750,100.35560914,0.70836283,USDT
2023-05-05T14:00:00Z,LINK/USDT,sell,7.07446100,100.35560914,0.70996184,USDT
2023-05-06T18:45:00Z,LINK/USDT,buy,6.97648650,101.61014841,0.70888183,USDT
2023-05-06T21:30:00Z,LINK/USDT,stop_sell,6.93852900,101.61014841,0.70502496,USDT
2023-05-06T21:45:00Z,LINK/USDT,buy,6.91745700,102.38685026,0.70825663,USDT
2023-05-06T23:00:00Z,LINK/USDT,sell,6.93253200,102.38685026,0.70980012,USDT
2023-05-07T21:30:00Z,LINK/USDT,buy,6.95547600,101.81399636,0.70816481,USDT
2023-05-07T21:45:00Z,LINK/USDT,stop_sell,6.92853400,101.81399636,0.70542174,USDT
2023-05-07T23:00:00Z,LINK/USDT,buy,6.94347000,101.95679884,0.70793397,USDT
2023-05-07T23:45:00Z,LINK/USDT,stop_sell,6.91654000,101.95679884,0.70518828,USDT
2023-05-08T06:30:00Z,LINK/USDT,buy,6.67533600,105.95467842,0.70728308,USDT
2023-05-08T06:45:00Z,LINK/USDT,sell,6.66766450,105.95467842,0.70647025,USDT
2023-05-08T10:00:00Z,LINK/USDT,buy,6.68734200,105.84870534,0.70784649,USDT
2023-05-08T14:15:00Z,LINK/USDT,sell,6.66866400,105.84870534,0.70586945,USDT
2023-05-08T15:00:00Z,LINK/USDT,buy,6.73136400,105.20959973,0.70820411,USDT
2023-05-08T16:15:00Z,LINK/USDT,stop_sell,6.69343732,105.20959973,0.70421386,USDT
2023-05-09T08:00:00Z,LINK/USDT,buy,6.58929300,107.25263855,0.70671906,USDT
2023-05-09T09:30:00Z,LINK/USDT,stop_sell,6.53673000,107.25263855,0.70108154,USDT
2023-05-09T12:30:00Z,LINK/USDT,buy,6.58629150,107.21589728,0.70615515,USDT
2023-05-09T12:45:00Z,LINK/USDT,sell,6.57970850,107.21589728,0.70544935,USDT
2023-05-09T23:00:00Z,LINK/USDT,buy,6.51225450,108.40879694,0.70598568,USDT
2023-05-09T23:45:00Z,LINK/USDT,sell,6.50574550,108.40879694,0.70528004,USDT
2023-05-10T10:00:00Z,LINK/USDT,buy,6.53826750,107.75370512,0.70452255,USDT
2023-05-10T10:00:00Z,LINK/USDT,stop_sell,6.53173250,107.75370512,0.70381838,USDT
2023-05-10T10:15:00Z,LINK/USDT,buy,6.53826750,107.92570872,0.70564715,USDT
2023-05-10T12:15:00Z,LINK/USDT,stop_sell,6.52123775,107.92570872,0.70380921,USDT
2023-05-10T12:45:00Z,LINK/USDT,buy,6.64131900,106.2439292,0.70559983,USDT
2023-05-10T14:15:00Z,LINK/USDT,sell,6.62868400,106.2439292,0.70425743,USDT
2023-05-10T20:15:00Z,LINK/USDT,buy,6.60930300,106.95212962,0.70687903,USDT
2023-05-10T21:00:00Z,LINK/USDT,sell,6.60669500,106.95212962,0.70660010,USDT
2023-05-10T22:00:00Z,LINK/USDT,buy,6.56628150,107.371498,0.70503148,USDT
2023-05-11T00:15:00Z,LINK/USDT,sell,6.55971850,107.371498,0.70432680,USDT
2023-05-11T05:30:00Z,LINK/USDT,buy,6.54427050,107.70677548,0.70486227,USDT
2023-05-11T06:00:00Z,LINK/USDT,stop_sell,6.48975350,107.70677548,0.69899042,USDT
2023-05-11T13:00:00Z,LINK/USDT,buy,6.42921300,109.2886139,0.70263978,USDT
2023-05-11T13:00:00Z,LINK/USDT,stop_sell,6.42235864,109.2886139,0.70189067,USDT
2023-05-11T21:45:00Z,LINK/USDT,buy,6.36017850,110.51439564,0.70289128,USDT
2023-05-11T22:00:00Z,LINK/USDT,sell,6.36281700,110.51439564,0.70318288,USDT
2023-05-12T07:15:00Z,LINK/USDT,buy,6.35817750,110.86600171,0.70490572,USDT
2023-05-12T14:00:00Z,LINK/USDT,sell,6.46676500,110.86600171,0.71694438,USDT
2023-05-12T14:15:00Z,LINK/USDT,buy,6.46122900,108.73836361,0.70258347,USDT
2023-05-12T14:15:00Z,LINK/USDT,stop_sell,6.45477100,108.73836361,0.70188124,USDT
2023-05-12T14:30:00Z,LINK/USDT,buy,6.46323000,109.06585972,0.70491774,USDT
2023-05-12T14:45:00Z,LINK/USDT,stop_sell,6.42278700,109.06585972,0.70050679,USDT
2023-05-12T19:45:00Z,LINK/USDT,buy,6.44021850,109.43439242,0.70478140,USDT
2023-05-12T21:30:00Z,LINK/USDT,sell,6.56871400,109.43439242,0.71884323,USDT
2023-05-12T21:45:00Z,LINK/USDT,buy,6.57228450,107.30599303,0.70524551,USDT
2023-05-13T00:15:00Z,LINK/USDT,sell,6.57371150,107.30599303,0.70539864,USDT
2023-05-13T19:15:00Z,LINK/USDT,buy,6.51825750,108.1799642,0.70514486,USDT
2023-05-13T19:30:00Z,LINK/USDT,sell,6.48975350,108.1799642,0.70206130,USDT
2023-05-14T03:30:00Z,LINK/USDT,buy,6.51725700,108.29103848,0.70576053,USDT
2023-05-14T04:15:00Z,LINK/USDT,sell,6.49175250,108.29103848,0.70299862,USDT
2023-05-14T10:00:00Z,LINK/USDT,buy,6.54327000,107.66048194,0.70445160,USDT
2023-05-14T11:30:00Z,LINK/USDT,sell,6.53673000,107.66048194,0.70374750,USDT
2023-05-14T13:00:00Z,LINK/USDT,buy,6.55527600,107.53598656,0.70492807,USDT
2023-05-14T13:15:00Z,LINK/USDT,stop_sell,6.53972850,107.53598656,0.70325616,USDT
2023-05-14T13:30:00Z,LINK/USDT,buy,6.54627150,107.54763259,0.70403600,USDT
2023-05-14T17:15:00Z,LINK/USDT,sell,6.53772950,107.54763259,0.70311733,USDT
2023-05-14T23:15:00Z,LINK/USDT,buy,6.53426550,107.71674996,0.70384984,USDT
2023-05-15T00:15:00Z,LINK/USDT,stop_sell,6.51174250,107.71674996,0.70142374,USDT
2023-05-15T00:30:00Z,LINK/USDT,buy,6.51125400,107.93424156,0.70278726,USDT
2023-05-15T00:30:00Z,LINK/USDT,stop_sell,6.50071231,107.93424156,0.70164945,USDT
2023-05-15T01:15:00Z,LINK/USDT,buy,6.52326000,108.06890147,0.70496154,USDT
2023-05-15T05:00:00Z,LINK/USDT,sell,6.64267700,108.06890147,0.71786681,USDT
2023-05-15T05:15:00Z,LINK/USDT,buy,6.65932800,106.12193561,0.70670078,USDT
2023-05-15T06:45:00Z,LINK/USDT,sell,6.70364650,106.12193561,0.71140394,USDT
2023-05-15T07:15:00Z,LINK/USDT,buy,6.67133400,105.05290225,0.70084300,USDT
2023-05-15T07:15:00Z,LINK/USDT,stop_sell,6.66466600,105.05290225,0.70014251,USDT
2023-05-15T17:00:00Z,LINK/USDT,buy,6.68434050,105.69005937,0.70646834,USDT
2023-05-15T19:00:00Z,LINK/USDT,stop_sell,6.64310536,105.69005937,0.70211020,USDT
2023-05-15T19:15:00Z,LINK/USDT,buy,6.66232950,105.60494561,0.70357494,USDT
2023-05-15T19:15:00Z,LINK/USDT,stop_sell,6.64656791,105.60494561,0.70191044,USDT
2023-05-15T20:15:00Z,LINK/USDT,buy,6.67333500,105.45727226,0.70375171,USDT
2023-05-15T21:45:00Z,LINK/USDT,sell,6.65567050,105.45727226,0.70188886,USDT
2023-05-16T05:00:00Z,LINK/USDT,buy,6.64031850,105.97423416,0.70370267,USDT
2023-05-16T11:45:00Z,LINK/USDT,sell,6.67566050,105.97423416,0.70744801,USDT
2023-05-16T17:00:00Z,LINK/USDT,buy,6.68434050,105.25666886,0.70357141,USDT
2023-05-16T17:15:00Z,LINK/USDT,stop_sell,6.64067800,105.25666886,0.69897565,USDT
2023-05-16T18:45:00Z,LINK/USDT,buy,6.63631650,105.9460183,0.70309131,USDT
2023-05-16T20:00:00Z,LINK/USDT,sell,6.60169750,105.9460183,0.69942356,USDT
2023-05-16T22:15:00Z,LINK/USDT,buy,6.67833750,105.21862451,0.70268549,USDT
2023-05-16T23:00:00Z,LINK/USDT,stop_sell,6.63368150,105.21862451,0.69798684,USDT
2023-05-17T00:00:00Z,LINK/USDT,buy,6.66132900,105.28748475,0.70135458,USDT
2023-05-17T00:00:00Z,LINK/USDT,stop_sell,6.64810286,105.28748475,0.69996203,USDT
2023-05-17T01:30:00Z,LINK/USDT,buy,6.69534600,104.8920413,0.70228851,USDT
2023-05-17T03:15:00Z,LINK/USDT,sell,6.68365650,104.8920413,0.70106237,USDT
2023-05-17T12:45:00Z,LINK/USDT,buy,6.61430550,106.09779237,0.70176321,USDT
2023-05-17T14:30:00Z,LINK/USDT,stop_sell,6.58470600,106.09779237,0.69862277,USDT
2023-05-17T14:45:00Z,LINK/USDT,buy,6.62130900,105.93067983,0.70139976,USDT
2023-05-17T16:45:00Z,LINK/USDT,sell,6.59470100,105.93067983,0.69858116,USDT
2023-05-17T19:45:00Z,LINK/USDT,buy,6.78639150,103.3345749,0.70126888,USDT
2023-05-17T20:15:00Z,LINK/USDT,stop_sell,6.74933793,103.3345749,0.69743997,USDT
2023-05-17T21:45:00Z,LINK/USDT,buy,6.75837750,103.67039859,0.70064369,USDT
2023-05-17T22:45:00Z,LINK/USDT,sell,6.73962850,103.67039859,0.69869997,USDT
2023-05-18T01:15:00Z,LINK/USDT,buy,6.74637150,103.7383073,0.69985716,USDT
2023-05-18T01:15:00Z,LINK/USDT,stop_sell,6.73916444,103.7383073,0.69910951,USDT
2023-05-18T02:45:00Z,LINK/USDT,buy,6.75937800,103.59004862,0.70020430,USDT
2023-05-18T04:15:00Z,LINK/USDT,sell,6.74062800,103.59004862,0.69826198,USDT
2023-05-19T02:00:00Z,LINK/USDT,buy,6.49424550,107.77801666,0.69993690,USDT
2023-05-19T02:15:00Z,LINK/USDT,sell,6.48775450,107.77801666,0.69923731,USDT
2023-05-19T17:15:00Z,LINK/USDT,buy,6.52326000,107.33873622,0.70019848,USDT
2023-05-19T18:45:00Z,LINK/USDT,stop_sell,6.48675500,107.33873622,0.69628008,USDT
2023-05-19T23:45:00Z,LINK/USDT,buy,6.51925800,107.27348295,0.69934351,USDT
2023-05-20T00:30:00Z,LINK/USDT,stop_sell,6.49475100,107.27348295,0.69671456,USDT
2023-05-20T00:45:00Z,LINK/USDT,buy,6.48824250,107.52108559,0.69762288,USDT
2023-05-20T00:45:00Z,LINK/USDT,stop_sell,6.48175750,107.52108559,0.69692560,USDT
2023-05-20T01:00:00Z,LINK/USDT,buy,6.49124400,107.66101546,0.69885392,USDT
2023-05-20T02:30:00Z,LINK/USDT,sell,6.49375150,107.66101546,0.69912388,USDT
2023-05-20T08:15:00Z,LINK/USDT,buy,6.49924800,107.51453616,0.69876363,USDT
2023-05-20T11:30:00Z,LINK/USDT,stop_sell,6.48775450,107.51453616,0.69752792,USDT
2023-05-20T19:00:00Z,LINK/USDT,buy,6.53726700,106.85703491,0.69855297,USDT
2023-05-20T19:30:00Z,LINK/USDT,stop_sell,6.49075300,106.85703491,0.69358262,USDT
2023-05-20T19:45:00Z,LINK/USDT,buy,6.49724700,107.43684438,0.69804371,USDT
2023-05-20T20:00:00Z,LINK/USDT,sell,6.49075300,107.43684438,0.69734602,USDT
2023-05-20T21:15:00Z,LINK/USDT,buy,6.50425050,107.29540388,0.69787618,USDT
2023-05-20T21:45:00Z,LINK/USDT,stop_sell,6.48650512,107.29540388,0.69597219,USDT
2023-05-21T06:30:00Z,LINK/USDT,buy,6.52426050,106.92586919,0.69761222,USDT
2023-05-21T07:00:00Z,LINK/USDT,stop_sell,6.50474600,106.92586919,0.69552562,USDT
2023-05-21T20:30:00Z,LINK/USDT,buy,6.42621150,108.51396755,0.69733371,USDT
2023-05-21T21:00:00Z,LINK/USDT,stop_sell,6.38480600,108.51396755,0.69284063,USDT
2023-05-21T23:00:00Z,LINK/USDT,buy,6.43521600,108.28895423,0.69686281,USDT
2023-05-21T23:30:00Z,LINK/USDT,sell,6.42678500,108.28895423,0.69594983,USDT
2023-05-22T00:15:00Z,LINK/USDT,buy,6.43221450,108.31079326,0.69667825,USDT
2023-05-22T00:30:00Z,LINK/USDT,stop_sell,6.38780450,108.31079326,0.69186817,USDT
2023-05-22T02:00:00Z,LINK/USDT,buy,6.42220950,108.79208873,0.69868559,USDT
2023-05-22T06:00:00Z,LINK/USDT,sell,6.45577050,108.79208873,0.70233676,USDT
2023-05-22T06:15:00Z,LINK/USDT,buy,6.46222950,107.75881893,0.69636222,USDT
2023-05-22T06:30:00Z,LINK/USDT,sell,6.45577050,107.75881893,0.69566620,USDT
2023-05-22T13:45:00Z,LINK/USDT,buy,6.58929300,105.73577998,0.69672403,USDT
2023-05-22T14:00:00Z,LINK/USDT,stop_sell,6.53673000,105.73577998,0.69116625,USDT
2023-05-22T14:30:00Z,LINK/USDT,buy,6.53026350,106.39502887,0.69478757,USDT
2023-05-22T14:45:00Z,LINK/USDT,sell,6.52373650,106.39502887,0.69409313,USDT
2023-05-22T19:00:00Z,LINK/USDT,buy,6.52125900,106.58154676,0.69504587,USDT
2023-05-22T19:15:00Z,LINK/USDT,sell,6.51474100,106.58154676,0.69435117,USDT
2023-05-22T21:00:00Z,LINK/USDT,buy,6.52125900,106.6213747,0.69530560,USDT
2023-05-22T21:45:00Z,LINK/USDT,sell,6.51174250,106.6213747,0.69429094,USDT
2023-05-22T22:15:00Z,LINK/USDT,buy,6.53926800,106.29831389,0.69511316,USDT
2023-05-22T22:30:00Z,LINK/USDT,stop_sell,6.51773950,106.29831389,0.69282472,USDT
2023-05-22T23:00:00Z,LINK/USDT,buy,6.53526600,106.20456784,0.69407510,USDT
2023-05-22T23:00:00Z,LINK/USDT,stop_sell,6.52873400,106.20456784,0.69338137,USDT
2023-05-22T23:30:00Z,LINK/USDT,buy,6.54126900,106.29289258,0.69529040,USDT
2023-05-22T23:30:00Z,LINK/USDT,stop_sell,6.52188029,106.29289258,0.69322952,USDT
2023-05-22T23:45:00Z,LINK/USDT,buy,6.52626150,106.39724393,0.69437624,USDT
2023-05-23T00:45:00Z,LINK/USDT,stop_sell,6.51127844,106.39724393,0.69278208,USDT
2023-05-23T02:15:00Z,LINK/USDT,buy,6.58028850,105.48741326,0.69413761,USDT
2023-05-23T03:00:00Z,LINK/USDT,sell,6.57371150,105.48741326,0.69344382,USDT
2023-05-23T23:45:00Z,LINK/USDT,buy,6.50625150,106.6621878,0.69397102,USDT
2023-05-24T00:00:00Z,LINK/USDT,stop_sell,6.49675000,106.6621878,0.69295757,USDT
2023-05-24T00:45:00Z,LINK/USDT,buy,6.49524600,106.81333594,0.69377889,USDT
2023-05-24T01:00:00Z,LINK/USDT,sell,6.48875400,106.81333594,0.69308546,USDT
2023-05-24T10:15:00Z,LINK/USDT,buy,6.35617650,109.12415444,0.69361239,USDT
2023-05-24T10:45:00Z,LINK/USDT,sell,6.34982350,109.12415444,0.69291912,USDT
2023-05-24T12:15:00Z,LINK/USDT,buy,6.34216950,109.33891298,0.69344592,USDT
2023-05-24T13:00:00Z,LINK/USDT,stop_sell,6.32783450,109.33891298,0.69187855,USDT
2023-05-24T18:45:00Z,LINK/USDT,buy,6.29914800,110.04815019,0.69320959,USDT
2023-05-25T00:15:00Z,LINK/USDT,sell,6.31184250,110.04815019,0.69460659,USDT
2023-05-25T09:00:00Z,LINK/USDT,buy,6.31015350,109.85633245,0.69321032,USDT
2023-05-25T09:45:00Z,LINK/USDT,stop_sell,6.29385150,109.85633245,0.69141944,USDT
2023-05-25T10:30:00Z,LINK/USDT,buy,6.30014850,109.99044754,0.69295615,USDT
2023-05-25T11:15:00Z,LINK/USDT,sell,6.28985350,109.99044754,0.69182380,USDT
2023-05-25T11:30:00Z,LINK/USDT,buy,6.29614650,110.02836129,0.69275468,USDT
2023-05-25T11:45:00Z,LINK/USDT,sell,6.28985350,110.02836129,0.69206227,USDT
2023-05-25T12:00:00Z,LINK/USDT,buy,6.32316000,110.00195449,0.69555996,USDT
2023-05-25T12:45:00Z,LINK/USDT,sell,6.30684500,110.00195449,0.69376528,USDT
2023-05-26T05:45:00Z,LINK/USDT,buy,6.28414050,110.1715617,0.69233357,USDT
2023-05-26T06:45:00Z,LINK/USDT,stop_sell,6.26386650,110.1715617,0.69009995,USDT
2023-05-26T07:00:00Z,LINK/USDT,buy,6.27013350,110.37151666,0.69204414,USDT
2023-05-26T12:45:00Z,LINK/USDT,sell,6.28085800,110.37151666,0.69322782,USDT
2023-05-26T17:30:00Z,LINK/USDT,buy,6.34016850,108.63549041,0.68876731,USDT
2023-05-26T17:30:00Z,LINK/USDT,stop_sell,6.33383150,108.63549041,0.68807889,USDT
2023-05-26T18:15:00Z,LINK/USDT,buy,6.33016350,109.29618238,0.69186270,USDT
2023-05-26T18:30:00Z,LINK/USDT,sell,6.32383650,109.29618238,0.69117119,USDT
2023-05-26T19:30:00Z,LINK/USDT,buy,6.35817750,108.78851013,0.69169666,USDT
2023-05-26T23:00:00Z,LINK/USDT,stop_sell,6.34082800,108.78851013,0.68980923,USDT
2023-05-26T23:15:00Z,LINK/USDT,buy,6.34917300,108.9015864,0.69143501,USDT
2023-05-27T00:00:00Z,LINK/USDT,sell,6.34282700,108.9015864,0.69074392,USDT
2023-05-27T09:45:00Z,LINK/USDT,buy,6.36618150,108.58456794,0.69126907,USDT
2023-05-27T17:15:00Z,LINK/USDT,sell,6.36781450,108.58456794,0.69144639,USDT
2023-05-28T03:45:00Z,LINK/USDT,buy,6.53026350,105.84145458,0.69117259,USDT
2023-05-28T06:00:00Z,LINK/USDT,sell,6.49974850,105.84145458,0.68794284,USDT
2023-05-28T15:15:00Z,LINK/USDT,buy,6.50825250,106.14273093,0.69080369,USDT
2023-05-28T18:00:00Z,LINK/USDT,sell,6.50274700,106.14273093,0.69021933,USDT
2023-05-29T08:45:00Z,LINK/USDT,buy,6.61330500,104.43286435,0.69064638,USDT
2023-05-29T12:30:00Z,LINK/USDT,stop_sell,6.59969850,104.43286435,0.68922542,USDT
2023-05-29T13:30:00Z,LINK/USDT,buy,6.62731200,104.17831617,0.69042220,USDT
2023-05-29T14:45:00Z,LINK/USDT,stop_sell,6.56871400,104.17831617,0.68431756,USDT
2023-05-29T19:45:00Z,LINK/USDT,buy,6.59629650,104.57740268,0.68982356,USDT
2023-05-30T00:00:00Z,LINK/USDT,sell,6.63268200,104.57740268,0.69362866,USDT
2023-05-30T00:15:00Z,LINK/USDT,buy,6.65632650,103.92895536,0.69178506,USDT
2023-05-30T02:45:00Z,LINK/USDT,sell,6.63068300,103.92895536,0.68911996,USDT
2023-05-30T18:45:00Z,LINK/USDT,buy,6.59929800,104.55769258,0.69000737,USDT
2023-05-30T19:15:00Z,LINK/USDT,sell,6.60369650,104.55769258,0.69046727,USDT
2023-05-30T22:15:00Z,LINK/USDT,buy,6.63831750,103.63482499,0.68796087,USDT
2023-05-30T22:15:00Z,LINK/USDT,stop_sell,6.63168250,103.63482499,0.68727326,USDT
2023-05-30T23:00:00Z,LINK/USDT,buy,6.63131400,103.96955234,0.68945475,USDT
2023-05-30T23:30:00Z,LINK/USDT,stop_sell,6.61469100,103.96955234,0.68772646,USDT
2023-05-30T23:45:00Z,LINK/USDT,buy,6.60530100,104.34137466,0.68920619,USDT
2023-05-31T00:15:00Z,LINK/USDT,sell,6.60269700,104.34137466,0.68893448,USDT
2023-05-31T04:45:00Z,LINK/USDT,buy,6.57528600,104.2897892,0.68573519,USDT
2023-05-31T04:45:00Z,LINK/USDT,stop_sell,6.56871400,104.2897892,0.68504980,USDT
2023-05-31T09:45:00Z,LINK/USDT,buy,6.50925300,105.83542479,0.68890956,USDT
2023-05-31T12:00:00Z,LINK/USDT,stop_sell,6.45477100,105.83542479,0.68314343,USDT
2023-05-31T19:15:00Z,LINK/USDT,buy,6.45822750,106.58314785,0.68833822,USDT
2023-05-31T19:30:00Z,LINK/USDT,sell,6.45177250,106.58314785,0.68765022,USDT
2023-06-01T02:30:00Z,LINK/USDT,buy,6.49724700,105.91763178,0.68817302,USDT
2023-06-01T02:45:00Z,LINK/USDT,stop_sell,6.46576550,105.91763178,0.68483857,USDT
2023-06-01T07:45:00Z,LINK/USDT,buy,6.45222450,106.59831046,0.68779623,USDT
2023-06-01T10:45:00Z,LINK/USDT,sell,6.44577550,106.59831046,0.68710878,USDT
2023-06-01T17:00:00Z,LINK/USDT,buy,6.43021350,106.62232634,0.68560432,USDT
2023-06-01T17:00:00Z,LINK/USDT,stop_sell,6.42378650,106.62232634,0.68491906,USDT
2023-06-01T17:30:00Z,LINK/USDT,buy,6.41520600,107.16204815,0.68746661,USDT
2023-06-01T17:45:00Z,LINK/USDT,sell,6.40879400,107.16204815,0.68677949,USDT
2023-06-02T00:30:00Z,LINK/USDT,buy,6.33816750,108.50705153,0.68773587,USDT
2023-06-02T00:30:00Z,LINK/USDT,stop_sell,6.31616177,108.50705153,0.68534809,USDT
2023-06-02T01:45:00Z,LINK/USDT,buy,6.38819250,107.27343765,0.68528337,USDT
2023-06-02T02:00:00Z,LINK/USDT,sell,6.38480600,107.27343765,0.68492009,USDT
2023-06-02T02:30:00Z,LINK/USDT,buy,6.41020350,107.25177247,0.68750569,USDT
2023-06-02T06:00:00Z,LINK/USDT,sell,6.45577050,107.25177247,0.69239283,USDT
2023-06-02T17:30:00Z,LINK/USDT,buy,6.41020350,107.21185998,0.68724984,USDT
2023-06-02T22:00:00Z,LINK/USDT,sell,6.42478600,107.21185998,0.68881326,USDT
2023-06-03T00:15:00Z,LINK/USDT,buy,6.45522600,106.46630961,0.68726409,USDT
2023-06-03T00:30:00Z,LINK/USDT,stop_sell,6.43678000,106.46630961,0.68530021,USDT
2023-06-03T08:45:00Z,LINK/USDT,buy,6.42921300,106.83897416,0.68689052,USDT
2023-06-03T13:30:00Z,LINK/USDT,stop_sell,6.42043104,106.83897416,0.68595227,USDT
2023-06-03T13:45:00Z,LINK/USDT,buy,6.43921800,106.64424489,0.68670554,USDT
2023-06-03T14:15:00Z,LINK/USDT,sell,6.43977850,106.64424489,0.68676532,USDT
2023-06-03T15:15:00Z,LINK/USDT,buy,6.43621650,106.67764097,0.68660039,USDT
2023-06-03T15:30:00Z,LINK/USDT,sell,6.42678500,106.67764097,0.68559426,USDT
2023-06-03T17:30:00Z,LINK/USDT,buy,6.39719700,106.5321426,0.68150710,USDT
2023-06-03T17:30:00Z,LINK/USDT,stop_sell,6.39080300,106.5321426,0.68082594,USDT
2023-06-03T22:45:00Z,LINK/USDT,buy,6.41020350,107.05533298,0.68624647,USDT
2023-06-04T07:30:00Z,LINK/USDT,sell,6.47476100,107.05533298,0.69315769,USDT
2023-06-04T07:45:00Z,LINK/USDT,buy,6.48123900,105.95030319,0.68668924,USDT
2023-06-04T12:45:00Z,LINK/USDT,sell,6.48175750,105.95030319,0.68674417,USDT
2023-06-04T22:15:00Z,LINK/USDT,buy,6.53026350,105.33239972,0.68784833,USDT
2023-06-04T22:30:00Z,LINK/USDT,stop_sell,6.50074800,105.33239972,0.68473939,USDT
2023-06-04T23:15:00Z,LINK/USDT,buy,6.47823750,105.09991758,0.68086223,USDT
2023-06-04T23:15:00Z,LINK/USDT,stop_sell,6.47176250,105.09991758,0.68018171,USDT
2023-06-05T07:45:00Z,LINK/USDT,buy,6.38218950,107.49627478,0.68606160,USDT
2023-06-05T09:30:00Z,LINK/USDT,sell,6.37581050,107.49627478,0.68537588,USDT
2023-06-06T01:30:00Z,LINK/USDT,buy,6.02701200,113.09042632,0.68159736,USDT
2023-06-06T01:30:00Z,LINK/USDT,stop_sell,6.02098800,113.09042632,0.68091610,USDT
2023-06-06T03:30:00Z,LINK/USDT,buy,6.03601650,113.60693896,0.68573336,USDT
2023-06-06T04:15:00Z,LINK/USDT,sell,6.04797450,113.60693896,0.68709187,USDT
2023-06-06T04:30:00Z,LINK/USDT,buy,6.06903300,113.06326586,0.68618469,USDT
2023-06-06T06:15:00Z,LINK/USDT,sell,6.06996350,113.06326586,0.68628990,USDT
2023-06-06T07:00:00Z,LINK/USDT,buy,6.07903800,112.78606585,0.68563078,USDT
2023-06-06T12:00:00Z,LINK/USDT,stop_sell,6.06471612,112.78606585,0.68401547,USDT
2023-06-06T12:30:00Z,LINK/USDT,buy,6.11405550,112.30317045,0.68662782,USDT
2023-06-06T13:00:00Z,LINK/USDT,stop_sell,6.06596550,112.30317045,0.68122716,USDT
2023-06-06T13:45:00Z,LINK/USDT,buy,6.11105400,112.01241345,0.68451391,USDT
2023-06-06T17:15:00Z,LINK/USDT,sell,6.24087800,112.01241345,0.69905581,USDT
2023-06-07T06:30:00Z,LINK/USDT,buy,6.22110900,110.77080707,0.68911726,USDT
2023-06-07T08:00:00Z,LINK/USDT,stop_sell,6.17191250,110.77080707,0.68366773,USDT
2023-06-08T01:30:00Z,LINK/USDT,buy,5.93096400,115.55579273,0.68535725,USDT
2023-06-08T04:00:00Z,LINK/USDT,stop_sell,5.88027268,115.55579273,0.67949957,USDT
2023-06-08T04:30:00Z,LINK/USDT,buy,5.88193950,116.420639,0.68477916,USDT
2023-06-08T06:15:00Z,LINK/USDT,sell,5.89705000,116.420639,0.68653833,USDT
2023-06-08T07:00:00Z,LINK/USDT,buy,5.93496600,115.38569879,0.68481020,USDT
2023-06-08T14:15:00Z,LINK/USDT,sell,6.01699000,115.38569879,0.69427460,USDT
2023-06-08T14:30:00Z,LINK/USDT,buy,6.02301000,113.80644355,0.68545735,USDT
2023-06-08T15:00:00Z,LINK/USDT,sell,6.00099800,113.80644355,0.68295224,USDT
2023-06-08T20:00:00Z,LINK/USDT,buy,6.02401050,113.90633879,0.68617298,USDT
2023-06-08T22:00:00Z,LINK/USDT,sell,5.99400150,113.90633879,0.68275477,USDT
2023-06-08T22:15:00Z,LINK/USDT,buy,5.99999850,114.12738658,0.68476415,USDT
2023-06-08T22:45:00Z,LINK/USDT,sell,6.00699500,114.12738658,0.68556264,USDT
2023-06-09T10:00:00Z,LINK/USDT,buy,5.93996850,115.17606708,0.68414221,USDT
2023-06-09T14:30:00Z,LINK/USDT,stop_sell,5.91054325,115.17606708,0.68075313,USDT
2023-06-09T19:30:00Z,LINK/USDT,buy,5.93496600,115.11206196,0.68318617,USDT
2023-06-09T19:45:00Z,LINK/USDT,sell,5.85906900,115.11206196,0.67444951,USDT
2023-06-09T20:00:00Z,LINK/USDT,buy,5.83691700,117.10461579,0.68352992,USDT
2023-06-09T20:00:00Z,LINK/USDT,stop_sell,5.76297421,117.10461579,0.67487088,USDT
2023-06-09T21:15:00Z,LINK/USDT,buy,5.85992850,116.76710012,0.68424686,USDT
2023-06-09T21:30:00Z,LINK/USDT,sell,5.84307700,116.76710012,0.68227916,USDT
2023-06-10T01:15:00Z,LINK/USDT,buy,5.91895800,116.16488334,0.68757507,USDT
2023-06-10T03:15:00Z,LINK/USDT,sell,5.81309200,116.16488334,0.67527715,USDT
2023-06-10T04:00:00Z,LINK/USDT,buy,5.77088400,117.84518668,0.68007090,USDT
2023-06-10T04:15:00Z,LINK/USDT,sell,5.77311200,117.84518668,0.68033346,USDT
2023-06-10T09:15:00Z,LINK/USDT,buy,5.13956850,132.37548721,0.68035288,USDT
2023-06-10T09:30:00Z,LINK/USDT,sell,5.12843450,132.37548721,0.67887902,USDT
2023-06-10T16:15:00Z,LINK/USDT,buy,5.01250500,135.87082997,0.68105321,USDT
2023-06-10T17:00:00Z,LINK/USDT,sell,5.00049850,135.87082997,0.67942188,USDT
2023-06-10T17:30:00Z,LINK/USDT,buy,5.09754750,133.58333599,0.68094740,USDT
2023-06-10T19:15:00Z,LINK/USDT,stop_sell,5.06114673,133.58333599,0.67608486,USDT
2023-06-10T23:00:00Z,LINK/USDT,buy,5.29764750,128.41849821,0.68031594,USDT
2023-06-11T00:15:00Z,LINK/USDT,stop_sell,5.25337200,128.41849821,0.67463014,USDT
2023-06-11T00:30:00Z,LINK/USDT,buy,5.23961850,129.73318482,0.67975240,USDT
2023-06-11T00:45:00Z,LINK/USDT,stop_sell,5.21139300,129.73318482,0.67609061,USDT
2023-06-11T01:00:00Z,LINK/USDT,buy,5.21560650,130.25345842,0.67935078,USDT
2023-06-11T01:45:00Z,LINK/USDT,sell,5.20739500,130.25345842,0.67828121,USDT
2023-06-11T11:00:00Z,LINK/USDT,buy,5.20059900,130.2411938,0.67733222,USDT
2023-06-11T11:00:00Z,LINK/USDT,stop_sell,5.19540100,130.2411938,0.67665523,USDT
2023-06-11T12:45:00Z,LINK/USDT,buy,5.17858800,131.1156537,0.67899395,USDT
2023-06-11T12:45:00Z,LINK/USDT,stop_sell,5.15713443,131.1156537,0.67618105,USDT
2023-06-11T18:45:00Z,LINK/USDT,buy,5.14457100,130.7733136,0.67277260,USDT
2023-06-11T18:45:00Z,LINK/USDT,stop_sell,5.13942900,130.7733136,0.67210016,USDT
2023-06-11T23:45:00Z,LINK/USDT,buy,5.14957350,131.75826558,0.67849887,USDT
2023-06-12T00:00:00Z,LINK/USDT,sell,5.13543100,131.75826558,0.67663548,USDT
2023-06-12T06:30:00Z,LINK/USDT,buy,5.11655700,132.76582665,0.67930392,USDT
2023-06-12T07:00:00Z,LINK/USDT,stop_sell,5.07528252,132.76582665,0.67382408,USDT
2023-06-12T07:15:00Z,LINK/USDT,buy,5.09454600,133.67982503,0.68103802,USDT
2023-06-12T08:30:00Z,LINK/USDT,sell,5.09045350,133.67982503,0.68049093,USDT
2023-06-12T18:15:00Z,LINK/USDT,buy,5.08254000,132.24037968,0.67211702,USDT
2023-06-12T18:15:00Z,LINK/USDT,stop_sell,5.07746000,132.24037968,0.67144524,USDT
2023-06-12T19:45:00Z,LINK/USDT,buy,5.10755250,132.64924703,0.67751299,USDT
2023-06-12T20:00:00Z,LINK/USDT,sell,5.10144800,132.64924703,0.67670324,USDT
2023-06-12T22:30:00Z,LINK/USDT,buy,5.11655700,132.35601075,0.67720707,USDT
2023-06-12T22:45:00Z,LINK/USDT,sell,5.10144800,132.35601075,0.67520731,USDT
2023-06-13T02:45:00Z,LINK/USDT,buy,5.21260500,129.86573214,0.67693876,USDT
2023-06-13T13:15:00Z,LINK/USDT,sell,5.23338200,129.86573214,0.67963698,USDT
2023-06-13T13:45:00Z,LINK/USDT,buy,5.24962350,128.21292081,0.67306956,USDT
2023-06-13T14:00:00Z,LINK/USDT,sell,5.23338200,128.21292081,0.67098719,USDT
2023-06-13T14:30:00Z,LINK/USDT,buy,5.25862800,128.69742806,0.67677190,USDT
2023-06-13T15:00:00Z,LINK/USDT,sell,5.26536600,128.69742806,0.67763906,USDT
2023-06-13T15:15:00Z,LINK/USDT,buy,5.21960850,128.42124588,0.67030863,USDT
2023-06-13T15:15:00Z,LINK/USDT,stop_sell,5.21439150,128.42124588,0.66963865,USDT
2023-06-13T19:45:00Z,LINK/USDT,buy,5.24161950,128.90467182,0.67566924,USDT
2023-06-13T20:00:00Z,LINK/USDT,sell,5.23638050,128.90467182,0.67499391,USDT
2023-06-13T20:15:00Z,LINK/USDT,buy,5.24762250,129.04596847,0.67718453,USDT
2023-06-13T23:15:00Z,LINK/USDT,sell,5.24337700,129.04596847,0.67663666,USDT
2023-06-13T23:30:00Z,LINK/USDT,buy,5.24862300,128.84477582,0.67625765,USDT
2023-06-14T11:15:00Z,LINK/USDT,sell,5.38130800,128.84477582,0.69335342,USDT
2023-06-14T12:45:00Z,LINK/USDT,buy,5.39469600,125.58935211,0.67751638,USDT
2023-06-14T13:00:00Z,LINK/USDT,sell,5.36331700,125.58935211,0.67357551,USDT
2023-06-14T17:45:00Z,LINK/USDT,buy,5.42971350,124.70138746,0.67709281,USDT
2023-06-14T18:00:00Z,LINK/USDT,stop_sell,5.37855938,124.70138746,0.67071382,USDT
2023-06-14T18:15:00Z,LINK/USDT,buy,5.37268500,125.95683421,0.67672639,USDT
2023-06-14T20:00:00Z,LINK/USDT,stop_sell,5.30845159,125.95683421,0.66863576,USDT
2023-06-15T01:30:00Z,LINK/USDT,buy,5.27663700,128.05866631,0.67571910,USDT
2023-06-15T01:30:00Z,LINK/USDT,stop_sell,5.24394814,128.05866631,0.67153301,USDT
2023-06-15T01:45:00Z,LINK/USDT,buy,5.22661200,129.34816761,0.67605269,USDT
2023-06-15T02:30:00Z,LINK/USDT,sell,5.26036850,129.34816761,0.68041903,USDT
2023-06-15T16:15:00Z,LINK/USDT,buy,5.23861800,129.22096233,0.67693926,USDT
2023-06-15T16:45:00Z,LINK/USDT,sell,5.20839450,129.22096233,0.67303375,USDT
2023-06-15T21:45:00Z,LINK/USDT,buy,5.34767250,125.91138077,0.67333283,USDT
2023-06-15T22:30:00Z,LINK/USDT,stop_sell,5.31123591,125.91138077,0.66874505,USDT
2023-06-16T05:30:00Z,LINK/USDT,buy,5.28163950,127.72962698,0.67462184,USDT
2023-06-16T06:45:00Z,LINK/USDT,sell,5.27835950,127.72962698,0.67420289,USDT
2023-06-16T21:45:00Z,LINK/USDT,buy,5.32766250,126.59967673,0.67448035,USDT
2023-06-16T23:00:00Z,LINK/USDT,sell,5.32633550,126.59967673,0.67431235,USDT
2023-06-17T11:15:00Z,LINK/USDT,buy,5.39669700,124.95771883,0.67435895,USDT
2023-06-17T14:15:00Z,LINK/USDT,stop_sell,5.36231750,124.95771883,0.67006296,USDT
2023-06-17T14:30:00Z,LINK/USDT,buy,5.37468600,125.38546219,0.67390749,USDT
2023-06-17T15:30:00Z,LINK/USDT,sell,5.36931400,125.38546219,0.67323392,USDT
2023-06-18T01:00:00Z,LINK/USDT,buy,5.29464600,127.25038661,0.67374575,USDT
2023-06-18T03:15:00Z,LINK/USDT,sell,5.28935400,127.25038661,0.67307234,USDT
2023-06-18T17:15:00Z,LINK/USDT,buy,5.30265000,127.02781656,0.67358405,USDT
2023-06-18T20:15:00Z,LINK/USDT,stop_sell,5.24137800,127.02781656,0.66580080,USDT
2023-06-19T02:30:00Z,LINK/USDT,buy,5.17858800,129.38007255,0.67000609,USDT
2023-06-19T02:30:00Z,LINK/USDT,stop_sell,5.17341200,129.38007255,0.66933642,USDT
2023-06-19T05:00:00Z,LINK/USDT,buy,5.19459600,129.92403787,0.67490289,USDT
2023-06-19T07:15:00Z,LINK/USDT,sell,5.17641050,129.92403787,0.67254015,USDT
2023-06-19T07:30:00Z,LINK/USDT,buy,5.17758750,129.76637997,0.67187679,USDT
2023-06-19T07:45:00Z,LINK/USDT,sell,5.17241250,129.76637997,0.67120525,USDT
2023-06-20T15:15:00Z,LINK/USDT,buy,5.06152950,132.8125938,0.67223486,USDT
2023-06-20T15:30:00Z,LINK/USDT,stop_sell,5.04244181,132.8125938,0.66969978,USDT
2023-06-20T16:00:00Z,LINK/USDT,buy,5.08554150,132.12448365,0.67192454,USDT
2023-06-20T16:15:00Z,LINK/USDT,sell,5.07746000,132.12448365,0.67085678,USDT
2023-06-20T23:00:00Z,LINK/USDT,buy,5.25362550,127.86058023,0.67173160,USDT
2023-06-21T00:00:00Z,LINK/USDT,sell,5.24837450,127.86058023,0.67106021,USDT
2023-06-21T04:30:00Z,LINK/USDT,buy,5.32566150,126.10084008,0.67157039,USDT
2023-06-21T06:00:00Z,LINK/USDT,sell,5.35632050,126.10084008,0.67543651,USDT
2023-06-21T06:30:00Z,LINK/USDT,buy,5.35867800,125.15122111,0.67064510,USDT
2023-06-21T06:30:00Z,LINK/USDT,stop_sell,5.34968096,125.15122111,0.66951910,USDT
2023-06-21T06:45:00Z,LINK/USDT,buy,5.34066900,125.7237327,0.67144884,USDT
2023-06-21T07:00:00Z,LINK/USDT,sell,5.34632550,125.7237327,0.67216000,USDT
2023-06-21T07:15:00Z,LINK/USDT,buy,5.34567150,125.47923213,0.67077076,USDT
2023-06-21T09:30:00Z,LINK/USDT,sell,5.34132800,125.47923213,0.67022574,USDT
2023-06-21T09:45:00Z,LINK/USDT,buy,5.37668700,124.86742304,0.67137305,USDT
2023-06-21T11:00:00Z,LINK/USDT,stop_sell,5.33932900,124.86742304,0.66670825,USDT
2023-06-21T11:30:00Z,LINK/USDT,buy,5.35667700,125.45506102,0.67202224,USDT
2023-06-21T15:45:00Z,LINK/USDT,sell,5.44027850,125.45506102,0.68251047,USDT
2023-06-21T20:30:00Z,LINK/USDT,buy,5.54677200,121.1273903,0.67186602,USDT
2023-06-21T21:15:00Z,LINK/USDT,sell,5.54122800,121.1273903,0.67119449,USDT
2023-06-21T22:15:00Z,LINK/USDT,buy,5.52976350,121.42696395,0.67146239,USDT
2023-06-21T22:45:00Z,LINK/USDT,sell,5.54622550,121.42696395,0.67346132,USDT
2023-06-21T23:00:00Z,LINK/USDT,buy,5.56778250,120.95497393,0.67345099,USDT
2023-06-22T06:30:00Z,LINK/USDT,sell,5.69015350,120.95497393,0.68825237,USDT
2023-06-22T07:00:00Z,LINK/USDT,buy,5.72286000,117.52697982,0.67259045,USDT
2023-06-22T07:15:00Z,LINK/USDT,sell,5.70814450,117.52697982,0.67086098,USDT
2023-06-22T09:15:00Z,LINK/USDT,buy,5.74687200,116.99312169,0.67234450,USDT
2023-06-22T11:00:00Z,LINK/USDT,stop_sell,5.71514100,116.99312169,0.66863219,USDT
2023-06-22T11:15:00Z,LINK/USDT,buy,5.71585650,117.57777103,0.67205767,USDT
2023-06-22T11:30:00Z,LINK/USDT,stop_sell,5.68315700,117.57777103,0.66821293,USDT
2023-06-22T19:30:00Z,LINK/USDT,buy,5.62281000,119.8766615,0.67404369,USDT
2023-06-22T20:30:00Z,LINK/USDT,sell,5.60219750,119.8766615,0.67157273,USDT
2023-06-23T01:15:00Z,LINK/USDT,buy,5.61180450,119.56587093,0.67098029,USDT
2023-06-23T02:00:00Z,LINK/USDT,sell,5.58220750,119.56587093,0.66744150,USDT
2023-06-23T02:15:00Z,LINK/USDT,buy,5.58779250,120.05262753,0.67082917,USDT
2023-06-23T03:00:00Z,LINK/USDT,sell,5.61519100,120.05262753,0.67411843,USDT
2023-06-23T03:15:00Z,LINK/USDT,buy,5.62381050,119.31141611,0.67098479,USDT
2023-06-23T12:45:00Z,LINK/USDT,sell,5.81309200,119.31141611,0.69356824,USDT
2023-06-23T16:45:00Z,LINK/USDT,buy,6.02901300,111.0766531,0.66968259,USDT
2023-06-23T22:30:00Z,LINK/USDT,sell,6.04697500,111.0766531,0.67167774,USDT
2023-06-24T05:45:00Z,LINK/USDT,buy,6.07303500,110.44666312,0.67074645,USDT
2023-06-24T06:00:00Z,LINK/USDT,stop_sell,6.05097300,110.44666312,0.66830978,USDT
2023-06-24T07:00:00Z,LINK/USDT,buy,6.06303000,110.90713311,0.67243328,USDT
2023-06-24T07:15:00Z,LINK/USDT,sell,6.02398650,110.90713311,0.66810307,USDT
2023-06-24T10:30:00Z,LINK/USDT,buy,6.12406050,109.7636162,0.67219903,USDT
2023-06-24T10:45:00Z,LINK/USDT,stop_sell,6.09395150,109.7636162,0.66889415,USDT
2023-06-24T11:15:00Z,LINK/USDT,buy,6.18509100,108.58490622,0.67160753,USDT
2023-06-24T11:30:00Z,LINK/USDT,stop_sell,6.12693500,108.58490622,0.66529266,USDT
2023-06-24T11:45:00Z,LINK/USDT,buy,6.14507100,109.40615809,0.67230861,USDT
2023-06-24T13:00:00Z,LINK/USDT,stop_sell,6.09716418,109.40615809,0.66706731,USDT
2023-06-24T13:45:00Z,LINK/USDT,buy,6.05902800,110.18304751,0.66760217,USDT
2023-06-24T14:00:00Z,LINK/USDT,sell,6.06596550,110.18304751,0.66836656,USDT
2023-06-24T14:15:00Z,LINK/USDT,buy,6.07203450,110.41152893,0.67042261,USDT
2023-06-24T15:15:00Z,LINK/USDT,sell,6.05197250,110.41152893,0.66820754,USDT
2023-06-24T20:00:00Z,LINK/USDT,buy,6.09504600,110.05640364,0.67079884,USDT
2023-06-24T20:00:00Z,LINK/USDT,stop_sell,6.06025407,110.05640364,0.66696977,USDT
2023-06-24T21:00:00Z,LINK/USDT,buy,6.04502100,110.49685129,0.66795579,USDT
2023-06-24T21:00:00Z,LINK/USDT,stop_sell,6.03312479,110.49685129,0.66664129,USDT
2023-06-24T21:30:00Z,LINK/USDT,buy,6.07203450,110.31618823,0.66984370,USDT
2023-06-25T05:30:00Z,LINK/USDT,sell,6.20089800,110.31618823,0.68405943,USDT
2023-06-25T05:45:00Z,LINK/USDT,buy,6.23011350,107.73299212,0.67118877,USDT
2023-06-25T11:30:00Z,LINK/USDT,sell,6.28985350,107.73299212,0.67762474,USDT
2023-06-25T12:00:00Z,LINK/USDT,buy,6.29614650,106.56505902,0.67094922,USDT
2023-06-25T13:00:00Z,LINK/USDT,stop_sell,6.26640094,106.56505902,0.66777939,USDT
2023-06-26T01:45:00Z,LINK/USDT,buy,6.11405550,109.67979564,0.67058836,USDT
2023-06-26T02:15:00Z,LINK/USDT,stop_sell,6.05197250,109.67979564,0.66377911,USDT
2023-06-26T06:00:00Z,LINK/USDT,buy,6.12906300,110.31330176,0.67611718,USDT
2023-06-26T11:30:00Z,LINK/USDT,sell,6.15791950,110.31330176,0.67930043,USDT
2023-06-26T21:45:00Z,LINK/USDT,buy,6.04201950,110.15591591,0.66556419,USDT
2023-06-26T21:45:00Z,LINK/USDT,stop_sell,6.03598050,110.15591591,0.66489896,USDT
2023-06-27T02:15:00Z,LINK/USDT,buy,6.12906300,109.42773544,0.67068948,USDT
2023-06-27T06:30:00Z,LINK/USDT,sell,6.11394150,109.42773544,0.66903477,USDT
2023-06-27T07:00:00Z,LINK/USDT,buy,6.14607150,109.06774618,0.67033817,USDT
2023-06-27T08:45:00Z,LINK/USDT,sell,6.14592550,109.06774618,0.67032224,USDT
2023-06-27T13:45:00Z,LINK/USDT,buy,6.15507600,108.78417288,0.66957485,USDT
2023-06-27T14:30:00Z,LINK/USDT,sell,6.17591050,108.78417288,0.67184132,USDT
2023-06-27T18:00:00Z,LINK/USDT,buy,6.23411550,107.3651324,0.66932664,USDT
2023-06-27T21:30:00Z,LINK/USDT,sell,6.18690500,107.3651324,0.66425787,USDT
2023-06-27T22:00:00Z,LINK/USDT,buy,6.21610650,107.78437513,0.66999915,USDT
2023-06-27T22:15:00Z,LINK/USDT,sell,6.18790450,107.78437513,0.66695942,USDT
2023-06-28T07:30:00Z,LINK/USDT,buy,6.06803250,109.4208401,0.66396921,USDT
2023-06-28T07:30:00Z,LINK/USDT,stop_sell,6.06196750,109.4208401,0.66330558,USDT
2023-06-28T12:45:00Z,LINK/USDT,buy,5.96698200,111.56805329,0.66572457,USDT
2023-06-28T12:45:00Z,LINK/USDT,stop_sell,5.96101800,111.56805329,0.66505917,USDT
2023-06-29T01:15:00Z,LINK/USDT,buy,5.84392050,114.36715939,0.66835259,USDT
2023-06-29T02:00:00Z,LINK/USDT,stop_sell,5.81316339,114.36715939,0.66483498,USDT
2023-06-29T05:30:00Z,LINK/USDT,buy,5.84392050,114.32030164,0.66807875,USDT
2023-06-29T06:00:00Z,LINK/USDT,sell,5.82008850,114.32030164,0.66535427,USDT
2023-06-29T06:45:00Z,LINK/USDT,buy,5.85792750,114.26472329,0.66935446,USDT
2023-06-29T08:15:00Z,LINK/USDT,sell,5.86506600,114.26472329,0.67017014,USDT
2023-06-29T15:45:00Z,LINK/USDT,buy,5.98699200,111.3596431,0.66670929,USDT
2023-06-29T16:00:00Z,LINK/USDT,sell,5.97201250,111.3596431,0.66504118,USDT
2023-06-30T07:15:00Z,LINK/USDT,buy,6.13306500,108.26652906,0.66400566,USDT
2023-06-30T09:30:00Z,LINK/USDT,sell,6.20089800,108.26652906,0.67134970,USDT
2023-06-30T09:45:00Z,LINK/USDT,buy,6.23011350,107.21359357,0.66795286,USDT
2023-06-30T13:30:00Z,LINK/USDT,stop_sell,6.18083661,107.21359357,0.66266970,USDT
2023-06-30T17:00:00Z,LINK/USDT,buy,6.29914800,105.98823406,0.66763557,USDT
2023-06-30T21:45:00Z,LINK/USDT,sell,6.28285700,105.98823406,0.66590892,USDT
2023-07-01T12:15:00Z,LINK/USDT,buy,6.25212450,106.96906148,0.66878389,USDT
2023-07-01T12:45:00Z,LINK/USDT,sell,6.26186750,106.96906148,0.66982609,USDT
2023-07-01T13:30:00Z,LINK/USDT,buy,6.26313000,106.38503772,0.66630332,USDT
2023-07-02T01:00:00Z,LINK/USDT,sell,6.43178250,106.38503772,0.68424542,USDT
2023-07-02T01:15:00Z,LINK/USDT,buy,6.43621650,103.57289424,0.66661757,USDT
2023-07-02T01:30:00Z,LINK/USDT,sell,6.42878400,103.57289424,0.66584777,USDT
2023-07-02T15:30:00Z,LINK/USDT,buy,6.47323500,103.48265826,0.66986757,USDT
2023-07-02T16:15:00Z,LINK/USDT,sell,6.44777450,103.48265826,0.66723285,USDT
2023-07-03T01:15:00Z,LINK/USDT,buy,6.49724700,102.70155567,0.66727737,USDT
2023-07-03T04:45:00Z,LINK/USDT,sell,6.55172250,102.70155567,0.67287209,USDT
2023-07-03T05:00:00Z,LINK/USDT,buy,6.56227950,101.84527808,0.66833718,USDT
2023-07-03T07:45:00Z,LINK/USDT,sell,6.59070300,101.84527808,0.67123198,USDT
2023-07-03T08:15:00Z,LINK/USDT,buy,6.65232450,100.57618506,0.66906542,USDT
2023-07-03T08:30:00Z,LINK/USDT,stop_sell,6.61119275,100.57618506,0.66492855,USDT
2023-07-03T08:45:00Z,LINK/USDT,buy,6.63731700,100.32906504,0.66591581,USDT
2023-07-03T09:15:00Z,LINK/USDT,stop_sell,6.60169750,100.32906504,0.66234214,USDT
2023-07-03T09:30:00Z,LINK/USDT,buy,6.61230450,100.9222283,0.66732850,USDT
2023-07-03T10:30:00Z,LINK/USDT,sell,6.60069800,100.9222283,0.66615715,USDT
2023-07-03T10:45:00Z,LINK/USDT,buy,6.62030850,101.0294391,0.66884605,USDT
2023-07-03T12:15:00Z,LINK/USDT,sell,6.59570050,101.0294391,0.66635992,USDT
2023-07-03T12:45:00Z,LINK/USDT,buy,6.61630650,100.86094075,0.66732690,USDT
2023-07-03T13:00:00Z,LINK/USDT,sell,6.61768950,100.86094075,0.66746639,USDT
2023-07-03T14:15:00Z,LINK/USDT,buy,6.64031850,100.45141707,0.66702940,USDT
2023-07-03T16:00:00Z,LINK/USDT,stop_sell,6.59844912,100.45141707,0.66282356,USDT
2023-07-04T13:30:00Z,LINK/USDT,buy,6.50325000,102.50049227,0.66658633,USDT
2023-07-04T15:30:00Z,LINK/USDT,stop_sell,6.48593398,102.50049227,0.66481143,USDT
2023-07-04T20:30:00Z,LINK/USDT,buy,6.49824750,102.68342521,0.66726231,USDT
2023-07-04T21:15:00Z,LINK/USDT,sell,6.51274200,102.68342521,0.66875066,USDT
2023-07-04T21:45:00Z,LINK/USDT,buy,6.50725200,102.40111969,0.66634989,USDT
2023-07-05T03:30:00Z,LINK/USDT,sell,6.53772950,102.40111969,0.66947082,USDT
2023-07-05T16:45:00Z,LINK/USDT,buy,6.32316000,105.62227544,0.66786655,USDT
2023-07-05T17:15:00Z,LINK/USDT,sell,6.32183750,105.62227544,0.66772686,USDT
2023-07-06T05:45:00Z,LINK/USDT,buy,6.34216950,105.15340526,0.66690072,USDT
2023-07-06T10:30:00Z,LINK/USDT,sell,6.41579050,105.15340526,0.67464222,USDT
2023-07-07T03:45:00Z,LINK/USDT,buy,6.13906800,108.47089754,0.66591022,USDT
2023-07-07T04:30:00Z,LINK/USDT,stop_sell,6.10494600,108.47089754,0.66220897,USDT
2023-07-07T05:15:00Z,LINK/USDT,buy,6.14206950,109.20513382,0.67074552,USDT
2023-07-07T06:30:00Z,LINK/USDT,sell,6.12593550,109.20513382,0.66898361,USDT
2023-07-07T06:45:00Z,LINK/USDT,buy,6.13206450,108.64793355,0.66623614,USDT
2023-07-07T07:00:00Z,LINK/USDT,sell,6.11594050,108.64793355,0.66448430,USDT
2023-07-07T10:45:00Z,LINK/USDT,buy,6.14507100,108.37782155,0.66598941,USDT
2023-07-07T12:30:00Z,LINK/USDT,stop_sell,6.12961223,108.37782155,0.66431402,USDT
2023-07-07T12:45:00Z,LINK/USDT,buy,6.16007850,108.49765607,0.66835408,USDT
2023-07-07T15:00:00Z,LINK/USDT,sell,6.20289700,108.49765607,0.67299979,USDT
2023-07-08T08:15:00Z,LINK/USDT,buy,6.16908300,108.31117359,0.66818062,USDT
2023-07-08T13:45:00Z,LINK/USDT,sell,6.18190750,108.31117359,0.66956966,USDT
2023-07-08T16:15:00Z,LINK/USDT,buy,6.18909300,107.83809749,0.66742001,USDT
2023-07-08T17:15:00Z,LINK/USDT,sell,6.17691000,107.83809749,0.66610622,USDT
2023-07-08T23:00:00Z,LINK/USDT,buy,6.18609150,107.64684413,0.66591323,USDT
2023-07-09T06:00:00Z,LINK/USDT,sell,6.21389150,107.64684413,0.66890581,USDT
2023-07-09T06:30:00Z,LINK/USDT,buy,6.22010850,107.062154,0.66593821,USDT
2023-07-09T06:45:00Z,LINK/USDT,stop_sell,6.20275421,107.062154,0.66408023,USDT
2023-07-09T07:30:00Z,LINK/USDT,buy,6.22311000,106.96951302,0.66568305,USDT
2023-07-09T10:00:00Z,LINK/USDT,stop_sell,6.19789950,106.96951302,0.66298629,USDT
2023-07-10T05:00:00Z,LINK/USDT,buy,6.07903800,109.34369237,0.66470446,USDT
2023-07-10T07:00:00Z,LINK/USDT,stop_sell,6.06086091,109.34369237,0.66271691,USDT
2023-07-10T07:15:00Z,LINK/USDT,buy,6.09104400,109.19236848,0.66509552,USDT
2023-07-10T07:45:00Z,LINK/USDT,sell,6.08495600,109.19236848,0.66443076,USDT
2023-07-10T09:30:00Z,LINK/USDT,buy,6.12506100,108.57761741,0.66504453,USDT
2023-07-10T09:30:00Z,LINK/USDT,stop_sell,6.09909179,108.57761741,0.66222485,USDT
2023-07-10T10:15:00Z,LINK/USDT,buy,6.10004850,108.95060531,0.66460398,USDT
2023-07-10T14:15:00Z,LINK/USDT,sell,6.11194250,108.95060531,0.66589983,USDT
2023-07-10T14:30:00Z,LINK/USDT,buy,6.10905300,108.62944709,0.66362305,USDT
2023-07-10T14:30:00Z,LINK/USDT,stop_sell,6.10294700,108.62944709,0.66295976,USDT
2023-07-10T20:15:00Z,LINK/USDT,buy,6.26713200,105.49799508,0.66116986,USDT
2023-07-10T20:15:00Z,LINK/USDT,stop_sell,6.25908318,105.49799508,0.66032073,USDT
2023-07-10T21:00:00Z,LINK/USDT,buy,6.24412050,106.38298815,0.66426820,USDT
2023-07-10T21:45:00Z,LINK/USDT,stop_sell,6.20114788,106.38298815,0.65969664,USDT
2023-07-11T16:00:00Z,LINK/USDT,buy,6.17808750,107.30463972,0.66293745,USDT
2023-07-11T16:15:00Z,LINK/USDT,stop_sell,6.15484961,107.30463972,0.66044392,USDT
2023-07-11T16:45:00Z,LINK/USDT,buy,6.17408550,107.69068435,0.66489149,USDT
2023-07-11T17:15:00Z,LINK/USDT,sell,6.18590550,107.69068435,0.66616440,USDT
2023-07-11T21:30:00Z,LINK/USDT,buy,6.17008350,107.53276829,0.66348616,USDT
2023-07-11T21:45:00Z,LINK/USDT,sell,6.16391650,107.53276829,0.66282300,USDT
2023-07-11T22:30:00Z,LINK/USDT,buy,6.19709700,106.98651363,0.66300580,USDT
2023-07-12T06:00:00Z,LINK/USDT,sell,6.23688000,106.98651363,0.66726205,USDT
2023-07-12T09:00:00Z,LINK/USDT,buy,6.27813750,106.0658089,0.66589573,USDT
2023-07-12T10:00:00Z,LINK/USDT,stop_sell,6.23787950,106.0658089,0.66162573,USDT
2023-07-12T13:00:00Z,LINK/USDT,buy,6.27813750,105.82495634,0.66438363,USDT
2023-07-12T13:30:00Z,LINK/USDT,sell,6.23887900,105.82495634,0.66022910,USDT
2023-07-12T18:15:00Z,LINK/USDT,buy,6.26913300,105.70433614,0.66267454,USDT
2023-07-12T19:15:00Z,LINK/USDT,stop_sell,6.24177041,105.70433614,0.65978220,USDT
2023-07-12T21:00:00Z,LINK/USDT,buy,6.22311000,105.95489535,0.65936897,USDT
2023-07-12T21:30:00Z,LINK/USDT,sell,6.20989350,105.95489535,0.65796862,USDT
2023-07-13T00:15:00Z,LINK/USDT,buy,6.27013350,105.64954836,0.66243677,USDT
2023-07-13T00:30:00Z,LINK/USDT,stop_sell,6.24694639,105.64954836,0.65998706,USDT
2023-07-13T01:00:00Z,LINK/USDT,buy,6.25212450,105.97356623,0.66255993,USDT
2023-07-13T01:15:00Z,LINK/USDT,stop_sell,6.22367232,105.97356623,0.65954475,USDT
2023-07-13T02:00:00Z,LINK/USDT,buy,6.25712700,105.51229136,0.66020381,USDT
2023-07-13T02:45:00Z,LINK/USDT,stop_sell,6.22888400,105.51229136,0.65722382,USDT
2023-07-13T03:00:00Z,LINK/USDT,buy,6.24712200,106.03277034,0.66239965,USDT
2023-07-13T03:45:00Z,LINK/USDT,sell,6.22188750,106.03277034,0.65972397,USDT
2023-07-13T04:45:00Z,LINK/USDT,buy,6.25812750,105.59175063,0.66080664,USDT
2023-07-13T05:00:00Z,LINK/USDT,sell,6.25187250,105.59175063,0.66014616,USDT
2023-07-13T05:15:00Z,LINK/USDT,buy,6.25812750,105.56640861,0.66064804,USDT
2023-07-13T05:30:00Z,LINK/USDT,sell,6.23987850,105.56640861,0.65872156,USDT
2023-07-13T05:45:00Z,LINK/USDT,buy,6.25212450,105.62621504,0.66038825,USDT
2023-07-13T15:15:00Z,LINK/USDT,sell,6.41978850,105.62621504,0.67809796,USDT
2023-07-13T15:30:00Z,LINK/USDT,buy,6.46423050,102.09446063,0.65996213,USDT
2023-07-14T05:30:00Z,LINK/USDT,sell,7.15841900,102.09446063,0.73083493,USDT
2023-07-14T06:00:00Z,LINK/USDT,buy,7.22361000,93.00327378,0.67181938,USDT
2023-07-14T06:15:00Z,LINK/USDT,sell,7.19040300,93.00327378,0.66873102,USDT
2023-07-14T16:00:00Z,LINK/USDT,buy,7.13956800,93.42286804,0.66699892,USDT
2023-07-14T16:15:00Z,LINK/USDT,stop_sell,7.08913223,93.42286804,0.66228706,USDT
2023-07-14T23:15:00Z,LINK/USDT,buy,6.86242950,96.85747742,0.66467761,USDT
2023-07-15T02:15:00Z,LINK/USDT,sell,6.83957850,96.85747742,0.66246432,USDT
2023-07-15T14:00:00Z,LINK/USDT,buy,6.99249450,95.48338414,0.66766704,USDT
2023-07-15T14:15:00Z,LINK/USDT,sell,6.96551550,95.48338414,0.66509099,USDT
2023-07-15T16:00:00Z,LINK/USDT,buy,6.97748700,95.42485422,0.66582568,USDT
2023-07-15T16:00:00Z,LINK/USDT,stop_sell,6.94791716,95.42485422,0.66300398,USDT
2023-07-15T16:45:00Z,LINK/USDT,buy,6.97048350,95.29525661,0.66425401,USDT
2023-07-15T17:00:00Z,LINK/USDT,sell,6.97551050,95.29525661,0.66473306,USDT
2023-07-15T17:15:00Z,LINK/USDT,buy,6.98649150,95.1900524,0.66504449,USDT
2023-07-15T17:30:00Z,LINK/USDT,stop_sell,6.95252200,95.1900524,0.66181093,USDT
2023-07-15T18:00:00Z,LINK/USDT,buy,6.95947800,95.72696759,0.66620972,USDT
2023-07-15T19:15:00Z,LINK/USDT,sell,6.95951850,95.72696759,0.66621360,USDT
2023-07-17T07:00:00Z,LINK/USDT,buy,6.69634650,99.3158666,0.66505346,USDT
2023-07-17T08:00:00Z,LINK/USDT,stop_sell,6.66027534,99.3158666,0.66147102,USDT
2023-07-17T14:00:00Z,LINK/USDT,buy,6.67933800,99.50997187,0.66466074,USDT
2023-07-17T15:45:00Z,LINK/USDT,stop_sell,6.62068800,99.50997187,0.65882448,USDT
2023-07-17T16:00:00Z,LINK/USDT,buy,6.66633150,99.90309839,0.66598717,USDT
2023-07-17T22:30:00Z,LINK/USDT,sell,7.05647000,99.90309839,0.70496322,USDT
2023-07-17T22:45:00Z,LINK/USDT,buy,7.14457050,93.37040479,0.66709144,USDT
2023-07-18T03:30:00Z,LINK/USDT,sell,7.12143750,93.37040479,0.66493150,USDT
2023-07-18T09:15:00Z,LINK/USDT,buy,7.13056350,93.61974338,0.66756153,USDT
2023-07-18T10:00:00Z,LINK/USDT,sell,7.05846900,93.61974338,0.66081206,USDT
2023-07-18T17:00:00Z,LINK/USDT,buy,6.85742700,96.65201887,0.66278416,USDT
2023-07-18T17:15:00Z,LINK/USDT,sell,6.85057300,96.65201887,0.66212171,USDT
2023-07-18T21:30:00Z,LINK/USDT,buy,6.92245950,96.16820073,0.66572047,USDT
2023-07-18T22:00:00Z,LINK/USDT,stop_sell,6.87056300,96.16820073,0.66072968,USDT
2023-07-18T22:15:00Z,LINK/USDT,buy,6.87643650,96.75221673,0.66531047,USDT
2023-07-18T22:30:00Z,LINK/USDT,sell,6.85856900,96.75221673,0.66358175,USDT
2023-07-19T01:15:00Z,LINK/USDT,buy,7.01750700,94.88085184,0.66582704,USDT
2023-07-19T01:30:00Z,LINK/USDT,stop_sell,6.96087496,94.88085184,0.66045375,USDT
2023-07-19T15:30:00Z,LINK/USDT,buy,6.86443050,96.76535508,0.66423905,USDT
2023-07-19T22:00:00Z,LINK/USDT,sell,6.91654000,96.76535508,0.66928145,USDT
2023-07-20T02:45:00Z,LINK/USDT,buy,6.99449550,94.83317245,0.66331020,USDT
2023-07-20T03:00:00Z,LINK/USDT,stop_sell,6.97251200,94.83317245,0.66122543,USDT
2023-07-20T03:30:00Z,LINK/USDT,buy,6.95747700,95.58534223,0.66503282,USDT
2023-07-20T14:45:00Z,LINK/USDT,sell,8.02598500,95.58534223,0.76716652,USDT
2023-07-20T15:30:00Z,LINK/USDT,buy,8.11705650,83.01941583,0.67387329,USDT
2023-07-20T15:45:00Z,LINK/USDT,sell,8.01698950,83.01941583,0.66556579,USDT
2023-07-20T16:00:00Z,LINK/USDT,buy,8.07203400,83.64709096,0.67520216,USDT
2023-07-20T16:30:00Z,LINK/USDT,sell,8.03897850,83.64709096,0.67243717,USDT
2023-07-20T17:45:00Z,LINK/USDT,buy,8.15907750,81.9125665,0.66833098,USDT
2023-07-20T18:00:00Z,LINK/USDT,sell,8.10294650,81.9125665,0.66373314,USDT
2023-07-20T19:30:00Z,LINK/USDT,buy,8.18409000,82.04489856,0.67146283,USDT
2023-07-20T20:00:00Z,LINK/USDT,sell,8.15092250,82.04489856,0.66874161,USDT
2023-07-20T20:15:00Z,LINK/USDT,buy,8.21410500,81.66555132,0.67080941,USDT
2023-07-21T01:00:00Z,LINK/USDT,sell,8.19889850,81.66555132,0.66956757,USDT
2023-07-21T01:15:00Z,LINK/USDT,buy,8.22010800,81.59069974,0.67068436,USDT
2023-07-21T03:00:00Z,LINK/USDT,sell,8.27186200,81.59069974,0.67490701,USDT
2023-07-21T10:45:00Z,LINK/USDT,buy,8.17908750,82.34038594,0.67346922,USDT
2023-07-21T12:00:00Z,LINK/USDT,sell,8.12193700,82.34038594,0.66876343,USDT
2023-07-21T12:15:00Z,LINK/USDT,buy,8.13506550,82.40240076,0.67034893,USDT
2023-07-21T14:00:00Z,LINK/USDT,sell,8.08495550,82.40240076,0.66621974,USDT
2023-07-21T17:30:00Z,LINK/USDT,buy,8.18809200,81.81532995,0.66991145,USDT
2023-07-21T18:00:00Z,LINK/USDT,sell,8.18890350,81.81532995,0.66997784,USDT
2023-07-21T19:00:00Z,LINK/USDT,buy,8.14306950,81.67314635,0.66507011,USDT
2023-07-21T19:00:00Z,LINK/USDT,stop_sell,8.13493050,81.67314635,0.66440537,USDT
2023-07-22T00:00:00Z,LINK/USDT,buy,8.12506050,82.14472798,0.66743088,USDT
2023-07-22T00:00:00Z,LINK/USDT,stop_sell,8.11693950,82.14472798,0.66676379,USDT
2023-07-22T05:00:00Z,LINK/USDT,buy,8.16908250,82.20579118,0.67154589,USDT
2023-07-22T05:30:00Z,LINK/USDT,sell,8.13193200,82.20579118,0.66849190,USDT
2023-07-22T06:30:00Z,LINK/USDT,buy,8.18108850,82.33455845,0.67358631,USDT
2023-07-22T08:45:00Z,LINK/USDT,stop_sell,8.08691881,82.33455845,0.66583289,USDT
2023-07-22T14:45:00Z,LINK/USDT,buy,7.99899750,83.56174999,0.66841023,USDT
2023-07-22T15:15:00Z,LINK/USDT,stop_sell,7.96658614,83.56174999,0.66570188,USDT
2023-07-22T15:30:00Z,LINK/USDT,buy,8.02000800,83.64684883,0.67084840,USDT
2023-07-22T18:00:00Z,LINK/USDT,sell,7.99400100,83.64684883,0.66867299,USDT
2023-07-22T18:15:00Z,LINK/USDT,buy,7.99799700,83.34019231,0.66655461,USDT
2023-07-22T18:15:00Z,LINK/USDT,stop_sell,7.96912059,83.34019231,0.66414804,USDT
2023-07-22T21:00:00Z,LINK/USDT,buy,8.02701150,83.15749953,0.66750621,USDT
2023-07-22T21:15:00Z,LINK/USDT,sell,7.99799900,83.15749953,0.66509360,USDT
2023-07-22T22:45:00Z,LINK/USDT,buy,7.96998300,83.37997027,0.66453695,USDT
2023-07-22T22:45:00Z,LINK/USDT,stop_sell,7.96201700,83.37997027,0.66387274,USDT
2023-07-23T04:45:00Z,LINK/USDT,buy,7.95597600,83.99012258,0.66822340,USDT
2023-07-23T14:00:00Z,LINK/USDT,sell,7.99500050,83.99012258,0.67150107,USDT
2023-07-24T07:30:00Z,LINK/USDT,buy,7.73986800,86.20328708,0.66720206,USDT
2023-07-24T08:00:00Z,LINK/USDT,sell,7.73313150,86.20328708,0.66662135,USDT
2023-07-24T14:45:00Z,LINK/USDT,buy,7.64081850,87.46103454,0.66827389,USDT
2023-07-24T15:00:00Z,LINK/USDT,stop_sell,7.59819900,87.46103454,0.66454635,USDT
2023-07-24T23:15:00Z,LINK/USDT,buy,7.59979800,87.76483628,0.66699503,USDT
2023-07-24T23:45:00Z,LINK/USDT,stop_sell,7.57021300,87.76483628,0.66439850,USDT
2023-07-25T00:00:00Z,LINK/USDT,buy,7.60279950,87.9319255,0.66852880,USDT
2023-07-25T00:30:00Z,LINK/USDT,sell,7.56121750,87.9319255,0.66487241,USDT
2023-07-25T00:45:00Z,LINK/USDT,buy,7.55077350,88.10022777,0.66522487,USDT
2023-07-25T04:15:00Z,LINK/USDT,sell,7.59020300,88.10022777,0.66869861,USDT
2023-07-25T04:45:00Z,LINK/USDT,buy,7.57878750,87.7049673,0.66469731,USDT
2023-07-25T06:30:00Z,LINK/USDT,sell,7.57021300,87.7049673,0.66394528,USDT
2023-07-25T13:30:00Z,LINK/USDT,buy,7.43571600,89.4385855,0.66503992,USDT
2023-07-25T14:45:00Z,LINK/USDT,sell,7.43927850,89.4385855,0.66535855,USDT
2023-07-25T20:15:00Z,LINK/USDT,buy,7.43271450,89.59625894,0.66594341,USDT
2023-07-25T20:30:00Z,LINK/USDT,sell,7.39130250,89.59625894,0.66223305,USDT
2023-07-26T06:45:00Z,LINK/USDT,buy,7.45072350,88.71787761,0.66101238,USDT
2023-07-26T06:45:00Z,LINK/USDT,stop_sell,7.44327650,88.71787761,0.66035169,USDT
2023-07-26T07:45:00Z,LINK/USDT,buy,7.43971800,89.42433631,0.66529184,USDT
2023-07-26T13:45:00Z,LINK/USDT,sell,7.53623000,89.42433631,0.67392237,USDT
2023-07-26T21:45:00Z,LINK/USDT,buy,7.78589100,85.38071448,0.66476494,USDT
2023-07-26T22:00:00Z,LINK/USDT,stop_sell,7.71046427,85.38071448,0.65832495,USDT
2023-07-27T00:00:00Z,LINK/USDT,buy,7.76187900,85.67473562,0.66499693,USDT
2023-07-27T00:00:00Z,LINK/USDT,stop_sell,7.70357486,85.67473562,0.66000174,USDT
2023-07-27T00:30:00Z,LINK/USDT,buy,7.73686650,85.93067872,0.66483419,USDT
2023-07-27T00:45:00Z,LINK/USDT,sell,7.71414100,85.93067872,0.66288137,USDT
2023-07-27T01:30:00Z,LINK/USDT,buy,7.81690650,85.01709744,0.66457070,USDT
2023-07-27T06:45:00Z,LINK/USDT,sell,7.95102250,85.01709744,0.67597285,USDT
2023-07-27T07:15:00Z,LINK/USDT,buy,7.98098850,83.35947023,0.66529097,USDT
2023-07-27T08:30:00Z,LINK/USDT,sell,7.97401100,83.35947023,0.66470933,USDT
2023-07-27T14:45:00Z,LINK/USDT,buy,8.05002300,82.72841746,0.66596566,USDT
2023-07-27T15:00:00Z,LINK/USDT,stop_sell,7.98518398,82.72841746,0.66060163,USDT
2023-07-27T15:15:00Z,LINK/USDT,buy,7.98098850,82.9715607,0.66219507,USDT
2023-07-27T16:30:00Z,LINK/USDT,sell,7.95302150,82.9715607,0.65987461,USDT
2023-07-27T22:30:00Z,LINK/USDT,buy,7.96898250,83.23666944,0.66331156,USDT
2023-07-28T02:45:00Z,LINK/USDT,stop_sell,7.93503050,83.23666944,0.66048551,USDT
2023-07-28T10:00:00Z,LINK/USDT,buy,7.87993800,84.26192538,0.66397875,USDT
2023-07-28T10:30:00Z,LINK/USDT,stop_sell,7.85007300,84.26192538,0.66146227,USDT
2023-07-28T10:45:00Z,LINK/USDT,buy,7.85792700,84.45881976,0.66367124,USDT
2023-07-28T11:15:00Z,LINK/USDT,sell,7.85007300,84.45881976,0.66300790,USDT
2023-07-29T14:00:00Z,LINK/USDT,buy,7.78689150,85.52751727,0.66599350,USDT
2023-07-29T14:30:00Z,LINK/USDT,stop_sell,7.74380473,85.52751727,0.66230839,USDT
2023-07-29T14:45:00Z,LINK/USDT,buy,7.76187900,85.61933812,0.66456694,USDT
2023-07-29T16:00:00Z,LINK/USDT,sell,7.73413100,85.61933812,0.66219118,USDT
2023-07-29T22:30:00Z,LINK/USDT,buy,7.85392500,84.57590891,0.66425285,USDT
2023-07-30T02:30:00Z,LINK/USDT,sell,7.82008800,84.57590891,0.66139105,USDT
2023-07-30T02:45:00Z,LINK/USDT,buy,7.82791200,84.6303808,0.66247917,USDT
2023-07-30T03:00:00Z,LINK/USDT,sell,7.82008800,84.6303808,0.66181703,USDT
2023-07-31T00:45:00Z,LINK/USDT,buy,7.64682150,86.61378828,0.66232018,USDT
2023-07-31T01:45:00Z,LINK/USDT,stop_sell,7.61112111,86.61378828,0.65922803,USDT
2023-07-31T02:00:00Z,LINK/USDT,buy,7.65282450,86.4996847,0.66196691,USDT
2023-07-31T03:45:00Z,LINK/USDT,stop_sell,7.60523119,86.4996847,0.65785010,USDT
2023-07-31T04:00:00Z,LINK/USDT,buy,7.62280950,86.93152228,0.66266243,USDT
2023-07-31T04:30:00Z,LINK/USDT,sell,7.58420600,86.93152228,0.65930657,USDT
2023-07-31T08:45:00Z,LINK/USDT,buy,7.64181900,86.51832051,0.66115735,USDT
2023-07-31T12:00:00Z,LINK/USDT,stop_sell,7.62318650,86.51832051,0.65954529,USDT
2023-07-31T12:15:00Z,LINK/USDT,buy,7.64081850,86.4989278,0.66092261,USDT
2023-07-31T13:00:00Z,LINK/USDT,stop_sell,7.61918850,86.4989278,0.65905164,USDT
2023-07-31T18:00:00Z,LINK/USDT,buy,7.66182900,86.22839331,0.66066720,USDT
2023-07-31T18:15:00Z,LINK/USDT,stop_sell,7.59919850,86.22839331,0.65526668,USDT
2023-07-31T18:30:00Z,LINK/USDT,buy,7.60580100,86.9072338,0.66099913,USDT
2023-07-31T19:30:00Z,LINK/USDT,sell,7.57121250,86.9072338,0.65799313,USDT
2023-08-01T00:30:00Z,LINK/USDT,buy,7.56878250,87.17167487,0.65978345,USDT
2023-08-01T01:30:00Z,LINK/USDT,stop_sell,7.53915711,87.17167487,0.65720095,USDT
2023-08-01T01:45:00Z,LINK/USDT,buy,7.53676650,87.50056578,0.65947133,USDT
2023-08-01T02:00:00Z,LINK/USDT,stop_sell,7.50728019,87.50056578,0.65689126,USDT
2023-08-01T07:00:00Z,LINK/USDT,buy,7.46172900,88.27951863,0.65871784,USDT
2023-08-01T07:45:00Z,LINK/USDT,sell,7.44527550,88.27951863,0.65726534,USDT
2023-08-01T08:00:00Z,LINK/USDT,buy,7.46072850,88.41570255,0.65964555,USDT
2023-08-01T11:45:00Z,LINK/USDT,sell,7.45826900,88.41570255,0.65942809,USDT
2023-08-01T12:00:00Z,LINK/USDT,buy,7.47273450,88.24519509,0.65943291,USDT
2023-08-01T12:15:00Z,LINK/USDT,stop_sell,7.44027800,88.24519509,0.65656878,USDT
2023-08-01T12:30:00Z,LINK/USDT,buy,7.43771700,88.24768506,0.65636131,USDT
2023-08-01T12:30:00Z,LINK/USDT,stop_sell,7.43028300,88.24768506,0.65570527,USDT
2023-08-01T12:45:00Z,LINK/USDT,buy,7.49174400,87.87310192,0.65832278,USDT
2023-08-01T13:15:00Z,LINK/USDT,sell,7.45127250,87.87310192,0.65476643,USDT
2023-08-01T20:30:00Z,LINK/USDT,buy,7.53776700,87.08836334,0.65645179,USDT
2023-08-01T21:00:00Z,LINK/USDT,sell,7.53023300,87.08836334,0.65579567,USDT
2023-08-01T21:30:00Z,LINK/USDT,buy,7.53776700,87.26397158,0.65777549,USDT
2023-08-01T22:15:00Z,LINK/USDT,stop_sell,7.50824400,87.26397158,0.65519919,USDT
2023-08-02T00:00:00Z,LINK/USDT,buy,7.63281450,86.02377541,0.65660352,USDT
2023-08-02T00:15:00Z,LINK/USDT,stop_sell,7.61386973,86.02377541,0.65497382,USDT
2023-08-02T02:30:00Z,LINK/USDT,buy,7.66883250,85.44489049,0.65526255,USDT
2023-08-02T03:00:00Z,LINK/USDT,stop_sell,7.64717450,85.44489049,0.65341199,USDT
2023-08-02T03:45:00Z,LINK/USDT,buy,7.66182900,85.83628483,0.65766294,USDT
2023-08-02T04:00:00Z,LINK/USDT,stop_sell,7.61854596,85.83628483,0.65394768,USDT
2023-08-02T08:45:00Z,LINK/USDT,buy,7.69084350,85.48201506,0.65742880,USDT
2023-08-02T08:45:00Z,LINK/USDT,stop_sell,7.65024439,85.48201506,0.65395831,USDT
2023-08-02T09:00:00Z,LINK/USDT,buy,7.65582600,85.7337097,0.65636236,USDT
2023-08-02T09:30:00Z,LINK/USDT,stop_sell,7.62058066,85.7337097,0.65334065,USDT
2023-08-02T11:15:00Z,LINK/USDT,buy,7.64081850,85.834276,0.65584412,USDT
2023-08-02T12:45:00Z,LINK/USDT,stop_sell,7.59620000,85.834276,0.65201433,USDT
2023-08-02T13:00:00Z,LINK/USDT,buy,7.62481050,85.98311503,0.65560496,USDT
2023-08-02T13:15:00Z,LINK/USDT,sell,7.63717950,85.98311503,0.65666848,USDT
2023-08-02T13:45:00Z,LINK/USDT,buy,7.66082850,85.48681372,0.65489982,USDT
2023-08-02T13:45:00Z,LINK/USDT,stop_sell,7.63978534,85.48681372,0.65310091,USDT
2023-08-02T14:15:00Z,LINK/USDT,buy,7.65382500,85.16541819,0.65184121,USDT
2023-08-02T14:15:00Z,LINK/USDT,stop_sell,7.64617500,85.16541819,0.65118969,USDT
2023-08-02T21:45:00Z,LINK/USDT,buy,7.41170400,88.37480248,0.65500788,USDT
2023-08-02T22:30:00Z,LINK/USDT,sell,7.40929350,88.37480248,0.65479485,USDT
2023-08-03T05:45:00Z,LINK/USDT,buy,7.36067850,89.15264374,0.65622395,USDT
2023-08-03T06:00:00Z,LINK/USDT,sell,7.36631500,89.15264374,0.65672646,USDT
2023-08-03T06:15:00Z,LINK/USDT,buy,7.37368500,88.80513908,0.65482112,USDT
2023-08-03T06:45:00Z,LINK/USDT,sell,7.31933850,88.80513908,0.64999487,USDT
2023-08-03T13:45:00Z,LINK/USDT,buy,7.27463550,89.89737318,0.65397062,USDT
2023-08-03T15:00:00Z,LINK/USDT,sell,7.29035300,89.89737318,0.65538358,USDT
2023-08-04T02:15:00Z,LINK/USDT,buy,7.17858750,91.15145345,0.65433868,USDT
2023-08-04T02:30:00Z,LINK/USDT,sell,7.18840400,91.15145345,0.65523347,USDT
2023-08-04T02:45:00Z,LINK/USDT,buy,7.19559600,90.93138151,0.65430549,USDT
2023-08-04T03:45:00Z,LINK/USDT,stop_sell,7.15741950,90.93138151,0.65083404,USDT
2023-08-04T04:00:00Z,LINK/USDT,buy,7.15657650,91.27166168,0.65319263,USDT
2023-08-04T04:30:00Z,LINK/USDT,sell,7.14342650,91.27166168,0.65199241,USDT
2023-08-04T05:00:00Z,LINK/USDT,buy,7.15957800,91.23093224,0.65317498,USDT
2023-08-04T05:30:00Z,LINK/USDT,sell,7.15242200,91.23093224,0.65252213,USDT
2023-08-04T12:30:00Z,LINK/USDT,buy,7.14056850,91.61840856,0.65420752,USDT
2023-08-04T12:45:00Z,LINK/USDT,sell,7.15342150,91.61840856,0.65538509,USDT
2023-08-04T23:45:00Z,LINK/USDT,buy,7.14156900,91.4117956,0.65282365,USDT
2023-08-05T02:30:00Z,LINK/USDT,sell,7.14442600,91.4117956,0.65308481,USDT
2023-08-05T03:15:00Z,LINK/USDT,buy,7.16858250,91.23412652,0.65401936,USDT
2023-08-05T12:00:00Z,LINK/USDT,sell,7.19140250,91.23412652,0.65610133,USDT
2023-08-05T12:30:00Z,LINK/USDT,buy,7.19259450,90.86199181,0.65353346,USDT
2023-08-05T12:45:00Z,LINK/USDT,sell,7.19540050,90.86199181,0.65378842,USDT
2023-08-05T13:00:00Z,LINK/USDT,buy,7.20960300,90.72408252,0.65408462,USDT
2023-08-05T13:30:00Z,LINK/USDT,sell,7.20339650,90.72408252,0.65352154,USDT
2023-08-05T14:15:00Z,LINK/USDT,buy,7.23061350,90.35187702,0.65329950,USDT
2023-08-05T14:30:00Z,LINK/USDT,sell,7.22338650,90.35187702,0.65264653,USDT
2023-08-05T20:00:00Z,LINK/USDT,buy,7.20660150,90.63116781,0.65314271,USDT
2023-08-06T03:30:00Z,LINK/USDT,sell,7.23138250,90.63116781,0.65538864,USDT
2023-08-06T22:15:00Z,LINK/USDT,buy,7.14957300,91.3645807,0.65321774,USDT
2023-08-06T22:30:00Z,LINK/USDT,sell,7.14242700,91.3645807,0.65256485,USDT
2023-08-07T00:15:00Z,LINK/USDT,buy,7.12756200,91.62473327,0.65306097,USDT
2023-08-07T00:30:00Z,LINK/USDT,stop_sell,7.09730671,91.62473327,0.65028883,USDT
2023-08-07T01:00:00Z,LINK/USDT,buy,7.13056350,91.88852974,0.65521700,USDT
2023-08-07T06:30:00Z,LINK/USDT,sell,7.15941850,91.88852974,0.65786844,USDT
2023-08-07T07:30:00Z,LINK/USDT,buy,7.19059350,90.93027171,0.65384262,USDT
2023-08-07T08:00:00Z,LINK/USDT,sell,7.19140250,90.93027171,0.65391618,USDT
2023-08-07T08:15:00Z,LINK/USDT,buy,7.20760200,90.45014476,0.65192864,USDT
2023-08-07T08:30:00Z,LINK/USDT,stop_sell,7.18840400,90.45014476,0.65019218,USDT
2023-08-07T08:45:00Z,LINK/USDT,buy,7.20059850,90.61745276,0.65249989,USDT
2023-08-07T09:00:00Z,LINK/USDT,stop_sell,7.16241700,90.61745276,0.64903998,USDT
2023-08-07T09:15:00Z,LINK/USDT,buy,7.20259950,90.86754377,0.65448253,USDT
2023-08-07T13:00:00Z,LINK/USDT,sell,7.18940350,90.86754377,0.65328344,USDT
2023-08-07T19:45:00Z,LINK/USDT,buy,7.10755200,91.72189515,0.65191814,USDT
2023-08-07T20:00:00Z,LINK/USDT,sell,7.12743450,91.72189515,0.65374180,USDT
2023-08-07T23:30:00Z,LINK/USDT,buy,7.28664150,89.46098067,0.65187009,USDT
2023-08-08T06:15:00Z,LINK/USDT,sell,7.36831400,89.46098067,0.65917660,USDT
2023-08-08T10:45:00Z,LINK/USDT,buy,7.40069850,88.20687402,0.65279248,USDT
2023-08-08T12:00:00Z,LINK/USDT,stop_sell,7.38234269,88.20687402,0.65117337,USDT
2023-08-08T12:15:00Z,LINK/USDT,buy,7.39569600,88.2707615,0.65282372,USDT
2023-08-08T12:30:00Z,LINK/USDT,sell,7.39530050,88.2707615,0.65278881,USDT
2023-08-08T14:00:00Z,LINK/USDT,buy,7.37168400,88.29210672,0.65086151,USDT
2023-08-08T14:15:00Z,LINK/USDT,sell,7.34032800,88.29210672,0.64809302,USDT
2023-08-08T21:45:00Z,LINK/USDT,buy,7.49274450,87.2551482,0.65378053,USDT
2023-08-09T02:00:00Z,LINK/USDT,sell,7.45227200,87.2551482,0.65024910,USDT
2023-08-09T06:15:00Z,LINK/USDT,buy,7.47973800,87.08669066,0.65138563,USDT
2023-08-09T06:45:00Z,LINK/USDT,stop_sell,7.45577025,87.08669066,0.64929836,USDT
2023-08-09T07:00:00Z,LINK/USDT,buy,7.47773700,87.24883535,0.65242384,USDT
2023-08-09T17:00:00Z,LINK/USDT,sell,7.66916350,87.24883535,0.66912558,USDT
2023-08-09T17:15:00Z,LINK/USDT,buy,7.71985800,84.27290656,0.65057487,USDT
2023-08-09T17:30:00Z,LINK/USDT,sell,7.68015800,84.27290656,0.64722924,USDT
2023-08-09T22:15:00Z,LINK/USDT,buy,7.70084850,84.71762909,0.65239763,USDT
2023-08-10T00:00:00Z,LINK/USDT,sell,7.69814900,84.71762909,0.65216893,USDT
2023-08-10T16:45:00Z,LINK/USDT,buy,7.68183900,85.23356123,0.65475049,USDT
2023-08-10T17:30:00Z,LINK/USDT,sell,7.61619000,85.23356123,0.64915500,USDT
2023-08-11T06:45:00Z,LINK/USDT,buy,7.59779700,85.72206871,0.65129888,USDT
2023-08-11T07:30:00Z,LINK/USDT,stop_sell,7.57421100,85.72206871,0.64927704,USDT
2023-08-11T08:00:00Z,LINK/USDT,buy,7.55977800,85.89065423,0.64931428,USDT
2023-08-11T08:00:00Z,LINK/USDT,stop_sell,7.55222200,85.89065423,0.64866529,USDT
2023-08-11T12:45:00Z,LINK/USDT,buy,7.56578100,85.72299893,0.64856144,USDT
2023-08-11T12:45:00Z,LINK/USDT,stop_sell,7.55821900,85.72299893,0.64791320,USDT
2023-08-11T13:15:00Z,LINK/USDT,buy,7.55677650,86.008498,0.64994700,USDT
2023-08-11T13:30:00Z,LINK/USDT,stop_sell,7.54122750,86.008498,0.64860965,USDT
2023-08-11T22:00:00Z,LINK/USDT,buy,7.45972800,87.20297608,0.65051048,USDT
2023-08-11T22:30:00Z,LINK/USDT,sell,7.45227200,87.20297608,0.64986030,USDT
2023-08-11T23:15:00Z,LINK/USDT,buy,7.47973800,86.94881557,0.65035436,USDT
2023-08-12T00:15:00Z,LINK/USDT,stop_sell,7.45127250,86.94881557,0.64787932,USDT
2023-08-12T03:15:00Z,LINK/USDT,buy,7.48874250,86.80393897,0.65005235,USDT
2023-08-12T04:15:00Z,LINK/USDT,sell,7.45826900,86.80393897,0.64740713,USDT
2023-08-12T10:15:00Z,LINK/USDT,buy,7.44271950,87.29830203,0.64973677,USDT
2023-08-12T13:15:00Z,LINK/USDT,stop_sell,7.43335289,87.29830203,0.64891909,USDT
2023-08-12T22:30:00Z,LINK/USDT,buy,7.44271950,87.27554258,0.64956738,USDT
2023-08-13T04:30:00Z,LINK/USDT,sell,7.45427100,87.27554258,0.65057555,USDT
2023-08-13T04:45:00Z,LINK/USDT,buy,7.48374000,87.05006743,0.65146007,USDT
2023-08-13T06:00:00Z,LINK/USDT,sell,7.48325650,87.05006743,0.65141798,USDT
2023-08-13T06:15:00Z,LINK/USDT,buy,7.49074350,86.69851817,0.64943636,USDT
2023-08-13T10:00:00Z,LINK/USDT,stop_sell,7.46926350,86.69851817,0.64757408,USDT
2023-08-13T20:30:00Z,LINK/USDT,buy,7.54076850,86.08983176,0.64918349,USDT
2023-08-13T20:45:00Z,LINK/USDT,stop_sell,7.49625000,86.08983176,0.64535090,USDT
2023-08-13T21:45:00Z,LINK/USDT,buy,7.45872750,87.01675953,0.64903430,USDT
2023-08-13T22:15:00Z,LINK/USDT,stop_sell,7.42235839,87.01675953,0.64586958,USDT
2023-08-14T06:45:00Z,LINK/USDT,buy,7.50074850,86.44686167,0.64841617,USDT
2023-08-14T13:30:00Z,LINK/USDT,sell,7.51024300,86.44686167,0.64923694,USDT
2023-08-14T13:45:00Z,LINK/USDT,buy,7.51575600,86.2691655,0.64837800,USDT
2023-08-14T15:30:00Z,LINK/USDT,sell,7.57421100,86.2691655,0.65342086,USDT
2023-08-14T15:45:00Z,LINK/USDT,buy,7.61780700,85.28719501,0.64970139,USDT
2023-08-14T16:15:00Z,LINK/USDT,sell,7.58320650,85.28719501,0.64675041,USDT
2023-08-15T02:45:00Z,LINK/USDT,buy,7.41170400,87.47481938,0.64833747,USDT
2023-08-15T03:15:00Z,LINK/USDT,sell,7.37331150,87.47481938,0.64497909,USDT
2023-08-15T16:45:00Z,LINK/USDT,buy,7.29764700,88.74230289,0.64761000,USDT
2023-08-15T17:00:00Z,LINK/USDT,stop_sell,7.27935850,88.74230289,0.64598704,USDT
2023-08-16T00:00:00Z,LINK/USDT,buy,7.06353000,91.90914276,0.64920299,USDT
2023-08-16T00:45:00Z,LINK/USDT,stop_sell,7.01848900,91.90914276,0.64506331,USDT
2023-08-16T02:45:00Z,LINK/USDT,buy,7.04251950,91.71722228,0.64592033,USDT
2023-08-16T03:00:00Z,LINK/USDT,sell,7.03548050,91.71722228,0.64527473,USDT
2023-08-16T11:30:00Z,LINK/USDT,buy,7.01050350,92.31031005,0.64714175,USDT
2023-08-16T12:00:00Z,LINK/USDT,stop_sell,6.95552050,92.31031005,0.64206625,USDT
2023-08-17T01:15:00Z,LINK/USDT,buy,6.77238450,95.48074547,0.64663232,USDT
2023-08-17T07:15:00Z,LINK/USDT,sell,6.79260200,95.48074547,0.64856270,USDT
2023-08-17T12:30:00Z,LINK/USDT,buy,6.83741700,94.77419077,0.64801066,USDT
2023-08-17T13:00:00Z,LINK/USDT,sell,6.81359150,94.77419077,0.64575262,USDT
2023-08-17T13:30:00Z,LINK/USDT,buy,6.79839750,94.69087448,0.64374620,USDT
2023-08-17T13:30:00Z,LINK/USDT,stop_sell,6.79160250,94.69087448,0.64310278,USDT
2023-08-18T02:30:00Z,LINK/USDT,buy,6.17608650,104.61960069,0.64613970,USDT
2023-08-18T02:45:00Z,LINK/USDT,sell,6.14092800,104.61960069,0.64246144,USDT
2023-08-18T03:30:00Z,LINK/USDT,buy,6.14607150,104.9803326,0.64521663,USDT
2023-08-18T03:45:00Z,LINK/USDT,sell,6.13992850,104.9803326,0.64457174,USDT
2023-08-18T05:45:00Z,LINK/USDT,buy,6.19509600,104.22630661,0.64569198,USDT
2023-08-18T11:00:00Z,LINK/USDT,sell,6.21788950,104.22630661,0.64806766,USDT
2023-08-18T11:45:00Z,LINK/USDT,buy,6.25912800,103.05857326,0.64505680,USDT
2023-08-18T11:45:00Z,LINK/USDT,stop_sell,6.24626816,103.05857326,0.64373148,USDT
2023-08-19T00:00:00Z,LINK/USDT,buy,6.17208450,104.67986956,0.64609300,USDT
2023-08-19T01:45:00Z,LINK/USDT,sell,6.17191250,104.67986956,0.64607500,USDT
2023-08-19T04:15:00Z,LINK/USDT,buy,6.18208950,104.30750236,0.64483832,USDT
2023-08-19T05:30:00Z,LINK/USDT,sell,6.15791950,104.30750236,0.64231720,USDT
2023-08-19T16:30:00Z,LINK/USDT,buy,6.23411550,103.48856374,0.64515966,USDT
2023-08-19T17:15:00Z,LINK/USDT,stop_sell,6.20289700,103.48856374,0.64192890,USDT
2023-08-19T17:45:00Z,LINK/USDT,buy,6.19409550,104.09882297,0.64479805,USDT
2023-08-19T18:30:00Z,LINK/USDT,sell,6.17191250,104.09882297,0.64248883,USDT
2023-08-19T19:45:00Z,LINK/USDT,buy,6.17808750,104.15328894,0.64346813,USDT
2023-08-19T20:00:00Z,LINK/USDT,sell,6.17091300,104.15328894,0.64272088,USDT
2023-08-20T01:15:00Z,LINK/USDT,buy,6.15207450,104.36321782,0.64205029,USDT
2023-08-20T01:15:00Z,LINK/USDT,stop_sell,6.14592550,104.36321782,0.64140856,USDT
2023-08-20T01:45:00Z,LINK/USDT,buy,6.15007350,104.728595,0.64408856,USDT
2023-08-20T02:30:00Z,LINK/USDT,sell,6.14492600,104.728595,0.64354947,USDT
2023-08-20T04:30:00Z,LINK/USDT,buy,6.17608650,104.28078144,0.64404713,USDT
2023-08-20T04:45:00Z,LINK/USDT,sell,6.16991350,104.28078144,0.64340340,USDT
2023-08-20T17:45:00Z,LINK/USDT,buy,6.19409550,103.73481137,0.64254333,USDT
2023-08-20T18:00:00Z,LINK/USDT,sell,6.18790450,103.73481137,0.64190111,USDT
2023-08-20T19:30:00Z,LINK/USDT,buy,6.19809750,104.0790418,0.64509205,USDT
2023-08-20T22:00:00Z,LINK/USDT,sell,6.18490600,104.0790418,0.64371909,USDT
2023-08-21T00:15:00Z,LINK/USDT,buy,6.21510600,103.50880187,0.64331818,USDT
2023-08-21T00:15:00Z,LINK/USDT,stop_sell,6.20264712,103.50880187,0.64202857,USDT
2023-08-21T01:15:00Z,LINK/USDT,buy,6.23711700,102.94551694,0.64208323,USDT
2023-08-21T03:00:00Z,LINK/USDT,stop_sell,6.20489600,102.94551694,0.63876623,USDT
2023-08-21T03:15:00Z,LINK/USDT,buy,6.20910300,103.54976962,0.64295119,USDT
2023-08-21T04:30:00Z,LINK/USDT,sell,6.18790450,103.54976962,0.64075609,USDT
2023-08-21T10:00:00Z,LINK/USDT,buy,6.17808750,103.48824966,0.63935946,USDT
2023-08-21T10:00:00Z,LINK/USDT,stop_sell,6.17191250,103.48824966,0.63872042,USDT
2023-08-21T12:00:00Z,LINK/USDT,buy,6.21010350,103.51357126,0.64282999,USDT
2023-08-21T12:45:00Z,LINK/USDT,stop_sell,6.17648164,103.51357126,0.63934967,USDT
2023-08-21T14:00:00Z,LINK/USDT,buy,6.20910300,103.45215929,0.64234511,USDT
2023-08-21T14:30:00Z,LINK/USDT,sell,6.20289700,103.45215929,0.64170309,USDT
2023-08-21T15:00:00Z,LINK/USDT,buy,6.19209450,103.69474958,0.64208769,USDT
2023-08-21T15:15:00Z,LINK/USDT,sell,6.16091800,103.69474958,0.63885485,USDT
2023-08-21T15:45:00Z,LINK/USDT,buy,6.12205950,104.32764078,0.63870002,USDT
2023-08-21T16:00:00Z,LINK/USDT,sell,6.11394150,104.32764078,0.63785309,USDT
2023-08-21T20:45:00Z,LINK/USDT,buy,6.19709700,103.50857751,0.64145270,USDT
2023-08-21T21:15:00Z,LINK/USDT,stop_sell,6.15592050,103.50857751,0.63719057,USDT
2023-08-21T23:00:00Z,LINK/USDT,buy,6.19909800,103.4036262,0.64100921,USDT
2023-08-22T00:00:00Z,LINK/USDT,stop_sell,6.16291700,103.4036262,0.63726797,USDT
2023-08-22T02:15:00Z,LINK/USDT,buy,6.16308000,104.02718213,0.64112785,USDT
2023-08-22T02:30:00Z,LINK/USDT,sell,6.16991350,104.02718213,0.64183872,USDT
2023-08-22T06:30:00Z,LINK/USDT,buy,6.17808750,103.68284021,0.64056166,USDT
2023-08-22T13:15:00Z,LINK/USDT,sell,6.18890400,103.68284021,0.64168314,USDT
2023-08-22T22:30:00Z,LINK/USDT,buy,6.03101400,106.33261544,0.64129349,USDT
2023-08-23T00:00:00Z,LINK/USDT,sell,6.12693500,106.33261544,0.65149302,USDT
2023-08-23T05:45:00Z,LINK/USDT,buy,6.14607150,104.33684146,0.64126169,USDT
2023-08-23T13:00:00Z,LINK/USDT,sell,6.21289200,104.33684146,0.64823353,USDT
2023-08-23T13:30:00Z,LINK/USDT,buy,6.23411550,102.90322552,0.64151059,USDT
2023-08-23T18:15:00Z,LINK/USDT,sell,6.38880400,102.90322552,0.65742854,USDT
2023-08-23T18:30:00Z,LINK/USDT,buy,6.40119900,100.52649017,0.64349007,USDT
2023-08-23T18:45:00Z,LINK/USDT,sell,6.37581050,100.52649017,0.64093785,USDT
2023-08-25T06:15:00Z,LINK/USDT,buy,6.01100400,106.5281794,0.64034131,USDT
2023-08-25T06:30:00Z,LINK/USDT,sell,6.00499600,106.5281794,0.63970129,USDT
2023-08-25T13:45:00Z,LINK/USDT,buy,6.00199950,106.71510528,0.64050401,USDT
2023-08-25T13:45:00Z,LINK/USDT,stop_sell,5.99600050,106.71510528,0.63986382,USDT
2023-08-25T15:15:00Z,LINK/USDT,buy,5.96598150,107.17047485,0.63937707,USDT
2023-08-25T15:45:00Z,LINK/USDT,sell,5.95202250,107.17047485,0.63788108,USDT
2023-08-25T19:00:00Z,LINK/USDT,buy,6.00199950,106.99054423,0.64215719,USDT
2023-08-25T19:30:00Z,LINK/USDT,stop_sell,5.97900900,106.99054423,0.63969743,USDT
2023-08-25T19:45:00Z,LINK/USDT,buy,5.96898300,107.60442118,0.64228896,USDT
2023-08-25T20:00:00Z,LINK/USDT,sell,5.95801950,107.60442118,0.64110924,USDT
2023-08-25T23:30:00Z,LINK/USDT,buy,6.01200450,106.74761197,0.64176712,USDT
2023-08-26T00:15:00Z,LINK/USDT,sell,6.00099800,106.74761197,0.64059221,USDT
2023-08-26T00:30:00Z,LINK/USDT,buy,6.01500600,106.62613489,0.64135684,USDT
2023-08-26T00:30:00Z,LINK/USDT,stop_sell,5.99935596,106.62613489,0.63968814,USDT
2023-08-26T00:45:00Z,LINK/USDT,buy,6.01400550,106.62235326,0.64122742,USDT
2023-08-26T05:45:00Z,LINK/USDT,sell,6.01399150,106.62235326,0.64122593,USDT
2023-08-26T10:15:00Z,LINK/USDT,buy,6.02000850,106.48124105,0.64101798,USDT
2023-08-26T10:45:00Z,LINK/USDT,sell,6.01399150,106.48124105,0.64037728,USDT
2023-08-26T11:00:00Z,LINK/USDT,buy,6.02000850,106.45568555,0.64086413,USDT
2023-08-26T11:45:00Z,LINK/USDT,stop_sell,6.00099800,106.45568555,0.63884036,USDT
2023-08-26T21:15:00Z,LINK/USDT,buy,6.01000350,106.58890986,0.64059972,USDT
2023-08-26T22:30:00Z,LINK/USDT,stop_sell,5.99982002,106.58890986,0.63951428,USDT
2023-08-26T22:45:00Z,LINK/USDT,buy,6.00500100,106.64617406,0.64041038,USDT
2023-08-27T00:30:00Z,LINK/USDT,stop_sell,5.99417998,106.64617406,0.63925636,USDT
2023-08-27T00:45:00Z,LINK/USDT,buy,5.99699700,106.75602966,0.64021559,USDT
2023-08-27T01:00:00Z,LINK/USDT,stop_sell,5.98200750,106.75602966,0.63861537,USDT
2023-08-27T07:45:00Z,LINK/USDT,buy,5.98399050,106.94955989,0.63998515,USDT
2023-08-27T09:45:00Z,LINK/USDT,sell,5.97800950,106.94955989,0.63934549,USDT
2023-08-27T16:45:00Z,LINK/USDT,buy,6.01800750,106.31950092,0.63983155,USDT
2023-08-27T17:45:00Z,LINK/USDT,stop_sell,5.99999850,106.31950092,0.63791685,USDT
2023-08-27T19:15:00Z,LINK/USDT,buy,6.01300500,106.18877102,0.63851361,USDT
2023-08-27T19:30:00Z,LINK/USDT,sell,6.00699500,106.18877102,0.63787542,USDT
2023-08-27T22:45:00Z,LINK/USDT,buy,6.02401050,106.14569587,0.63942279,USDT
2023-08-28T00:00:00Z,LINK/USDT,stop_sell,6.00699500,106.14569587,0.63761666,USDT
2023-08-28T06:00:00Z,LINK/USDT,buy,5.91895800,108.11585411,0.63993320,USDT
2023-08-28T06:15:00Z,LINK/USDT,sell,5.92303700,108.11585411,0.64037420,USDT
2023-08-28T07:45:00Z,LINK/USDT,buy,5.92896300,107.79437018,0.63910883,USDT
2023-08-28T08:00:00Z,LINK/USDT,stop_sell,5.90504600,107.79437018,0.63653071,USDT
2023-08-28T10:30:00Z,LINK/USDT,buy,5.91895800,107.92446537,0.63880038,USDT
2023-08-28T12:00:00Z,LINK/USDT,sell,5.93403150,107.92446537,0.64042718,USDT
2023-08-28T12:15:00Z,LINK/USDT,buy,5.96898300,107.0784744,0.63914959,USDT
2023-08-28T17:30:00Z,LINK/USDT,sell,5.99100300,107.0784744,0.64150746,USDT
2023-08-28T22:45:00Z,LINK/USDT,buy,5.98399050,106.77062694,0.63891442,USDT
2023-08-29T00:00:00Z,LINK/USDT,sell,5.98100800,106.77062694,0.63859597,USDT
2023-08-29T00:15:00Z,LINK/USDT,buy,5.98699200,106.69576261,0.63878668,USDT
2023-08-29T00:30:00Z,LINK/USDT,sell,5.98100800,106.69576261,0.63814821,USDT
2023-08-29T00:45:00Z,LINK/USDT,buy,5.98599150,106.67015562,0.63852664,USDT
2023-08-29T02:00:00Z,LINK/USDT,stop_sell,5.97062034,106.67015562,0.63688700,USDT
2023-08-29T12:45:00Z,LINK/USDT,buy,5.89994850,108.09435992,0.63775116,USDT
2023-08-29T16:00:00Z,LINK/USDT,sell,6.17790950,108.09435992,0.66779717,USDT
2023-08-29T16:30:00Z,LINK/USDT,buy,6.25012350,102.51004387,0.64070043,USDT
2023-08-29T16:45:00Z,LINK/USDT,sell,6.22388650,102.51004387,0.63801088,USDT
2023-08-30T19:30:00Z,LINK/USDT,buy,5.93896800,107.66405092,0.63941335,USDT
2023-08-30T20:30:00Z,LINK/USDT,sell,5.95202250,107.66405092,0.64081885,USDT
2023-08-31T04:00:00Z,LINK/USDT,buy,5.95697700,107.61143311,0.64103883,USDT
2023-08-31T13:15:00Z,LINK/USDT,sell,5.97701000,107.61143311,0.64319461,USDT
2023-08-31T15:00:00Z,LINK/USDT,buy,6.02100900,106.37130739,0.64046260,USDT
2023-08-31T15:30:00Z,LINK/USDT,stop_sell,5.97201250,106.37130739,0.63525078,USDT
2023-08-31T21:45:00Z,LINK/USDT,buy,5.83891800,109.59964446,0.63994334,USDT
2023-08-31T22:00:00Z,LINK/USDT,sell,5.83308200,109.59964446,0.63930371,USDT
2023-08-31T22:15:00Z,LINK/USDT,buy,5.84692200,109.57334054,0.64066678,USDT
2023-08-31T22:30:00Z,LINK/USDT,sell,5.85407150,109.57334054,0.64145017,USDT
2023-08-31T22:45:00Z,LINK/USDT,buy,5.86893300,109.00615711,0.63974983,USDT
2023-08-31T23:00:00Z,LINK/USDT,sell,5.86806450,109.00615711,0.63965516,USDT
2023-08-31T23:15:00Z,LINK/USDT,buy,5.88594150,108.76491859,0.64018395,USDT
2023-08-31T23:30:00Z,LINK/USDT,sell,5.87206250,108.76491859,0.63867440,USDT
2023-08-31T23:45:00Z,LINK/USDT,buy,5.88093900,108.83806521,0.64007002,USDT
2023-09-01T11:45:00Z,LINK/USDT,sell,6.00399650,108.83806521,0.65346336,USDT
2023-09-01T13:00:00Z,LINK/USDT,buy,5.98299000,107.03429824,0.64038514,USDT
2023-09-01T13:30:00Z,LINK/USDT,sell,5.96801450,107.03429824,0.63878224,USDT
2023-09-01T22:00:00Z,LINK/USDT,buy,5.91595650,108.20810734,0.64015446,USDT
2023-09-01T22:45:00Z,LINK/USDT,sell,5.89505100,108.20810734,0.63789231,USDT
2023-09-02T00:30:00Z,LINK/USDT,buy,5.97298500,106.94838184,0.63880108,USDT
2023-09-02T00:45:00Z,LINK/USDT,stop_sell,5.95602050,106.94838184,0.63698675,USDT
2023-09-02T01:45:00Z,LINK/USDT,buy,5.95497600,107.40996544,0.63962377,USDT
2023-09-02T03:15:00Z,LINK/USDT,stop_sell,5.93263934,107.40996544,0.63722459,USDT
2023-09-02T12:00:00Z,LINK/USDT,buy,5.96398050,107.19846201,0.63932954,USDT
2023-09-02T12:15:00Z,LINK/USDT,sell,5.95801950,107.19846201,0.63869053,USDT
2023-09-02T13:30:00Z,LINK/USDT,buy,5.94997350,107.58785275,0.64014487,USDT
2023-09-02T16:00:00Z,LINK/USDT,sell,5.96401650,107.58785275,0.64165573,USDT
2023-09-03T05:45:00Z,LINK/USDT,buy,6.03501600,105.91428947,0.63919443,USDT
2023-09-03T08:15:00Z,LINK/USDT,stop_sell,5.99100300,105.91428947,0.63453283,USDT
2023-09-03T12:45:00Z,LINK/USDT,buy,6.05302500,105.50325028,0.63861381,USDT
2023-09-03T12:45:00Z,LINK/USDT,stop_sell,6.03790811,105.50325028,0.63701893,USDT
2023-09-03T13:15:00Z,LINK/USDT,buy,5.99999850,106.41496187,0.63848961,USDT
2023-09-03T15:30:00Z,LINK/USDT,stop_sell,5.97701000,106.41496187,0.63604329,USDT
2023-09-03T18:30:00Z,LINK/USDT,buy,6.04902300,105.5032845,0.63819179,USDT
2023-09-03T19:30:00Z,LINK/USDT,stop_sell,6.02598550,105.5032845,0.63576126,USDT
2023-09-03T21:00:00Z,LINK/USDT,buy,6.03901800,105.62897603,0.63789529,USDT
2023-09-03T21:15:00Z,LINK/USDT,stop_sell,6.01884621,105.62897603,0.63576456,USDT
2023-09-03T21:45:00Z,LINK/USDT,buy,6.02100900,105.8996591,0.63762280,USDT
2023-09-03T22:15:00Z,LINK/USDT,sell,6.00499600,105.8996591,0.63592703,USDT
2023-09-03T22:45:00Z,LINK/USDT,buy,6.01800750,105.91298467,0.63738514,USDT
2023-09-03T23:15:00Z,LINK/USDT,sell,6.01499100,105.91298467,0.63706565,USDT
2023-09-04T06:15:00Z,LINK/USDT,buy,6.08404050,105.1748824,0.63988824,USDT
2023-09-04T07:45:00Z,LINK/USDT,sell,6.10394650,105.1748824,0.64198186,USDT
2023-09-04T08:15:00Z,LINK/USDT,buy,6.11905800,104.29011577,0.63815727,USDT
2023-09-04T11:30:00Z,LINK/USDT,stop_sell,6.08695500,104.29011577,0.63480924,USDT
2023-09-04T11:45:00Z,LINK/USDT,buy,6.09204450,104.53765973,0.63684808,USDT
2023-09-04T11:45:00Z,LINK/USDT,stop_sell,6.06896400,104.53765973,0.63443529,USDT
2023-09-05T00:00:00Z,LINK/USDT,buy,6.00199950,105.75695904,0.63475322,USDT
2023-09-05T00:15:00Z,LINK/USDT,sell,5.99999850,105.75695904,0.63454160,USDT
2023-09-05T05:45:00Z,LINK/USDT,buy,5.98198950,106.40929075,0.63653926,USDT
2023-09-05T08:45:00Z,LINK/USDT,stop_sell,5.96101800,106.40929075,0.63430770,USDT
2023-09-05T09:00:00Z,LINK/USDT,buy,5.99899800,106.18483163,0.63700259,USDT
2023-09-05T15:15:00Z,LINK/USDT,sell,6.11294200,106.18483163,0.64910172,USDT
2023-09-05T20:30:00Z,LINK/USDT,buy,6.11605650,103.96832624,0.63587616,USDT
2023-09-05T20:30:00Z,LINK/USDT,stop_sell,6.10865843,103.96832624,0.63510699,USDT
2023-09-05T21:30:00Z,LINK/USDT,buy,6.13206450,104.06060582,0.63810635,USDT
2023-09-06T01:00:00Z,LINK/USDT,sell,6.14292700,104.06060582,0.63923671,USDT
2023-09-06T01:15:00Z,LINK/USDT,buy,6.21010350,102.33580254,0.63551593,USDT
2023-09-06T01:30:00Z,LINK/USDT,stop_sell,6.18790450,102.33580254,0.63324417,USDT
2023-09-06T02:00:00Z,LINK/USDT,buy,6.17508600,103.05227313,0.63635665,USDT
2023-09-06T05:00:00Z,LINK/USDT,stop_sell,6.14845994,103.05227313,0.63361277,USDT
2023-09-06T05:30:00Z,LINK/USDT,buy,6.14607150,103.53681898,0.63634469,USDT
2023-09-06T06:00:00Z,LINK/USDT,sell,6.13992850,103.53681898,0.63570867,USDT
2023-09-06T07:00:00Z,LINK/USDT,buy,6.20710200,102.60997782,0.63691060,USDT
2023-09-06T07:45:00Z,LINK/USDT,sell,6.15791950,102.60997782,0.63186398,USDT
2023-09-06T14:45:00Z,LINK/USDT,buy,6.15407550,103.2616287,0.63547986,USDT
2023-09-06T17:00:00Z,LINK/USDT,stop_sell,6.13332466,103.2616287,0.63333709,USDT
2023-09-06T17:15:00Z,LINK/USDT,buy,6.14206950,103.13346456,0.63345291,USDT
2023-09-06T23:15:00Z,LINK/USDT,sell,6.26686500,103.13346456,0.64632350,USDT
2023-09-06T23:45:00Z,LINK/USDT,buy,6.29014350,101.18090042,0.63644238,USDT
2023-09-07T06:30:00Z,LINK/USDT,sell,6.32083800,101.18090042,0.63954808,USDT
2023-09-07T16:15:00Z,LINK/USDT,buy,6.28914300,101.47862763,0.63821360,USDT
2023-09-07T16:45:00Z,LINK/USDT,sell,6.29285200,101.47862763,0.63858998,USDT
2023-09-07T20:45:00Z,LINK/USDT,buy,6.35217450,100.22018009,0.63661607,USDT
2023-09-08T00:15:00Z,LINK/USDT,sell,6.35082300,100.22018009,0.63648062,USDT
2023-09-08T14:30:00Z,LINK/USDT,buy,6.27613650,101.38447306,0.63630279,USDT
2023-09-08T15:45:00Z,LINK/USDT,stop_sell,6.21888900,101.38447306,0.63049878,USDT
2023-09-08T21:30:00Z,LINK/USDT,buy,6.26813250,101.42364482,0.63573684,USDT
2023-09-08T22:00:00Z,LINK/USDT,stop_sell,6.24887400,101.42364482,0.63378358,USDT
2023-09-08T22:15:00Z,LINK/USDT,buy,6.25212450,101.59330002,0.63517396,USDT
2023-09-08T22:45:00Z,LINK/USDT,sell,6.25687000,101.59330002,0.63565607,USDT
2023-09-08T23:15:00Z,LINK/USDT,buy,6.26813250,101.45338885,0.63592328,USDT
2023-09-09T00:00:00Z,LINK/USDT,stop_sell,6.25287200,101.45338885,0.63437505,USDT
2023-09-09T05:00:00Z,LINK/USDT,buy,6.27113400,101.28792789,0.63519017,USDT
2023-09-09T07:45:00Z,LINK/USDT,stop_sell,6.24287700,101.28792789,0.63232808,USDT
2023-09-10T06:15:00Z,LINK/USDT,buy,6.12406050,103.6664537,0.63485963,USDT
2023-09-10T08:15:00Z,LINK/USDT,sell,6.09595050,103.6664537,0.63194557,USDT
2023-09-10T09:00:00Z,LINK/USDT,buy,6.12105900,103.66261745,0.63452500,USDT
2023-09-10T10:45:00Z,LINK/USDT,stop_sell,6.07696000,103.66261745,0.62995358,USDT
2023-09-10T19:30:00Z,LINK/USDT,buy,5.99999850,105.16777661,0.63100650,USDT
2023-09-10T19:30:00Z,LINK/USDT,stop_sell,5.99400150,105.16777661,0.63037581,USDT
2023-09-10T20:15:00Z,LINK/USDT,buy,6.04302000,105.12521254,0.63527376,USDT
2023-09-10T21:00:00Z,LINK/USDT,sell,6.04297700,105.12521254,0.63526924,USDT
2023-09-11T05:30:00Z,LINK/USDT,buy,6.01700700,105.82820764,0.63676907,USDT
2023-09-11T06:45:00Z,LINK/USDT,sell,5.99100300,105.82820764,0.63401711,USDT
2023-09-12T02:15:00Z,LINK/USDT,buy,5.81990850,108.84748693,0.63348241,USDT
2023-09-12T03:00:00Z,LINK/USDT,sell,5.85407150,108.84748693,0.63720097,USDT
2023-09-12T08:30:00Z,LINK/USDT,buy,5.93796750,106.71637091,0.63367834,USDT
2023-09-12T08:45:00Z,LINK/USDT,sell,5.93203250,106.71637091,0.63304498,USDT
2023-09-12T10:30:00Z,LINK/USDT,buy,6.02301000,104.90550937,0.63184693,USDT
2023-09-12T10:30:00Z,LINK/USDT,stop_sell,6.00974362,104.90550937,0.63045522,USDT
2023-09-12T10:45:00Z,LINK/USDT,buy,6.01000350,105.32401549,0.63299770,USDT
2023-09-12T13:15:00Z,LINK/USDT,stop_sell,5.98086521,105.32401549,0.62992874,USDT
2023-09-12T13:30:00Z,LINK/USDT,buy,5.99899800,105.93616578,0.63551085,USDT
2023-09-12T14:15:00Z,LINK/USDT,sell,5.99999850,105.93616578,0.63561684,USDT
2023-09-12T21:45:00Z,LINK/USDT,buy,5.98299000,105.77885802,0.63287385,USDT
2023-09-12T22:30:00Z,LINK/USDT,stop_sell,5.95202250,105.77885802,0.62959814,USDT
2023-09-12T22:45:00Z,LINK/USDT,buy,5.96998350,106.16196753,0.63378519,USDT
2023-09-12T23:30:00Z,LINK/USDT,sell,5.95801950,106.16196753,0.63251507,USDT
2023-09-13T00:30:00Z,LINK/USDT,buy,5.98699200,105.66654454,0.63262476,USDT
2023-09-13T02:15:00Z,LINK/USDT,sell,5.97501100,105.66654454,0.63135877,USDT
2023-09-13T03:00:00Z,LINK/USDT,buy,5.98799250,105.68571511,0.63284527,USDT
2023-09-13T04:00:00Z,LINK/USDT,stop_sell,5.96201750,105.68571511,0.63010008,USDT
2023-09-13T04:15:00Z,LINK/USDT,buy,5.97498600,105.73820401,0.63178429,USDT
2023-09-13T05:15:00Z,LINK/USDT,sell,5.94702500,105.73820401,0.62882774,USDT
2023-09-13T18:00:00Z,LINK/USDT,buy,5.97398550,105.11845132,0.62797610,USDT
2023-09-13T18:00:00Z,LINK/USDT,stop_sell,5.96801450,105.11845132,0.62734844,USDT
2023-09-13T18:15:00Z,LINK/USDT,buy,5.97898800,105.58576687,0.63129603,USDT
2023-09-13T19:00:00Z,LINK/USDT,stop_sell,5.95416429,105.58576687,0.62867500,USDT
2023-09-13T21:15:00Z,LINK/USDT,buy,6.01700700,104.86698748,0.63098540,USDT
2023-09-13T21:30:00Z,LINK/USDT,sell,6.01099300,104.86698748,0.63035473,USDT
2023-09-14T11:00:00Z,LINK/USDT,buy,6.05402550,104.11471299,0.63031313,USDT
2023-09-14T11:00:00Z,LINK/USDT,stop_sell,6.04472612,104.11471299,0.62934493,USDT
2023-09-14T11:15:00Z,LINK/USDT,buy,6.03901800,104.43016452,0.63065564,USDT
2023-09-14T11:30:00Z,LINK/USDT,sell,6.03298200,104.43016452,0.63002530,USDT
2023-09-14T13:00:00Z,LINK/USDT,buy,6.06603150,104.28416206,0.63259101,USDT
2023-09-14T14:00:00Z,LINK/USDT,sell,6.06896400,104.28416206,0.63289683,USDT
2023-09-14T14:15:00Z,LINK/USDT,buy,6.06703200,103.79054807,0.62970058,USDT
2023-09-14T14:30:00Z,LINK/USDT,sell,6.06796450,103.79054807,0.62979736,USDT
2023-09-14T16:45:00Z,LINK/USDT,buy,6.10204950,103.2818689,0.63023108,USDT
2023-09-15T00:00:00Z,LINK/USDT,sell,6.14892400,103.2818689,0.63507236,USDT
2023-09-15T00:15:00Z,LINK/USDT,buy,6.15207450,102.45537693,0.63031311,USDT
2023-09-15T01:30:00Z,LINK/USDT,sell,6.15392150,102.45537693,0.63050235,USDT
2023-09-15T02:00:00Z,LINK/USDT,buy,6.19009350,102.35825117,0.63360715,USDT
2023-09-15T05:15:00Z,LINK/USDT,sell,6.19490100,102.35825117,0.63409923,USDT
2023-09-15T14:30:00Z,LINK/USDT,buy,6.16207950,102.28172422,0.63026812,USDT
2023-09-16T03:45:00Z,LINK/USDT,sell,6.32783450,102.28172422,0.64722182,USDT
2023-09-16T22:30:00Z,LINK/USDT,buy,6.28914300,100.51127035,0.63212975,USDT
2023-09-16T23:30:00Z,LINK/USDT,stop_sell,6.26086800,100.51127035,0.62928780,USDT
2023-09-16T23:45:00Z,LINK/USDT,buy,6.26713200,100.74769004,0.63139907,USDT
2023-09-17T00:15:00Z,LINK/USDT,stop_sell,6.24555423,100.74769004,0.62922516,USDT
2023-09-17T00:30:00Z,LINK/USDT,buy,6.25112400,101.01021099,0.63142735,USDT
2023-09-17T00:45:00Z,LINK/USDT,stop_sell,6.22078091,101.01021099,0.62836239,USDT
2023-09-17T01:00:00Z,LINK/USDT,buy,6.21810750,101.32799542,0.63006837,USDT
2023-09-17T01:00:00Z,LINK/USDT,stop_sell,6.19747114,101.32799542,0.62797733,USDT
2023-09-17T01:30:00Z,LINK/USDT,buy,6.20410050,101.6935389,0.63091694,USDT
2023-09-17T02:15:00Z,LINK/USDT,sell,6.21489100,101.6935389,0.63201426,USDT
2023-09-17T05:45:00Z,LINK/USDT,buy,6.22911300,100.81292785,0.62797512,USDT
2023-09-17T05:45:00Z,LINK/USDT,stop_sell,6.22288700,100.81292785,0.62734746,USDT
2023-09-17T13:30:00Z,LINK/USDT,buy,6.19509600,101.58512952,0.62932963,USDT
2023-09-17T13:30:00Z,LINK/USDT,stop_sell,6.18890400,101.58512952,0.62870061,USDT
2023-09-17T22:45:00Z,LINK/USDT,buy,6.11805750,103.00572521,0.63019495,USDT
2023-09-17T23:00:00Z,LINK/USDT,sell,6.12293700,103.00572521,0.63069757,USDT
2023-09-17T23:15:00Z,LINK/USDT,buy,6.12906300,102.81086314,0.63013426,USDT
2023-09-17T23:45:00Z,LINK/USDT,sell,6.12393650,102.81086314,0.62960720,USDT
2023-09-18T01:00:00Z,LINK/USDT,buy,6.14507100,102.51976612,0.62999124,USDT
2023-09-18T08:30:00Z,LINK/USDT,sell,6.53673000,102.51976612,0.67014403,USDT
2023-09-18T11:15:00Z,LINK/USDT,buy,6.75737700,93.45511974,0.63151148,USDT
2023-09-18T11:30:00Z,LINK/USDT,sell,6.71963850,93.45511974,0.62798462,USDT
2023-09-19T01:15:00Z,LINK/USDT,buy,6.62030850,95.73141199,0.63377148,USDT
2023-09-19T07:45:00Z,LINK/USDT,sell,6.68665500,95.73141199,0.64012292,USDT
2023-09-19T13:00:00Z,LINK/USDT,buy,6.76538100,93.38959734,0.63181621,USDT
2023-09-19T13:15:00Z,LINK/USDT,sell,6.79260200,93.38959734,0.63435837,USDT
2023-09-19T13:30:00Z,LINK/USDT,buy,6.80340000,93.1297808,0.63359915,USDT
2023-09-19T19:00:00Z,LINK/USDT,sell,6.81958850,93.1297808,0.63510678,USDT
2023-09-19T22:00:00Z,LINK/USDT,buy,6.86142900,92.31754731,0.63343030,USDT
2023-09-20T00:00:00Z,LINK/USDT,sell,6.83957850,92.31754731,0.63141311,USDT
2023-09-20T00:15:00Z,LINK/USDT,buy,6.85342500,92.37356433,0.63307530,USDT
2023-09-20T04:00:00Z,LINK/USDT,sell,6.92953350,92.37356433,0.64010571,USDT
2023-09-20T04:15:00Z,LINK/USDT,buy,6.91645650,91.28130344,0.63134316,USDT
2023-09-20T06:00:00Z,LINK/USDT,stop_sell,6.88145041,91.28130344,0.62814776,USDT
2023-09-20T06:15:00Z,LINK/USDT,buy,6.87943800,91.9457613,0.63253516,USDT
2023-09-20T06:30:00Z,LINK/USDT,sell,6.87356150,91.9457613,0.63199484,USDT
2023-09-20T13:15:00Z,LINK/USDT,buy,6.83541600,92.66534954,0.63340621,USDT
2023-09-20T19:00:00Z,LINK/USDT,sell,6.91554050,92.66534954,0.64083098,USDT
2023-09-20T19:15:00Z,LINK/USDT,buy,6.90044850,91.74299139,0.63306779,USDT
2023-09-20T19:15:00Z,LINK/USDT,stop_sell,6.86092496,91.74299139,0.62944178,USDT
2023-09-21T14:45:00Z,LINK/USDT,buy,6.73736700,94.07185581,0.63379662,USDT
2023-09-21T17:00:00Z,LINK/USDT,sell,6.70764450,94.07185581,0.63100057,USDT
2023-09-21T17:30:00Z,LINK/USDT,buy,6.73936800,93.88397184,0.63271864,USDT
2023-09-21T19:45:00Z,LINK/USDT,sell,6.72163750,93.88397184,0.63105403,USDT
2023-09-22T01:15:00Z,LINK/USDT,buy,6.69734700,94.35345727,0.63191784,USDT
2023-09-22T02:30:00Z,LINK/USDT,sell,6.67666000,94.35345727,0.62996595,USDT
2023-09-22T09:00:00Z,LINK/USDT,buy,6.72836250,93.81102462,0.63119458,USDT
2023-09-22T13:45:00Z,LINK/USDT,sell,6.72163750,93.81102462,0.63056370,USDT
2023-09-22T14:00:00Z,LINK/USDT,buy,6.72836250,93.94195552,0.63207553,USDT
2023-09-22T14:30:00Z,LINK/USDT,sell,6.75662000,93.94195552,0.63473010,USDT
2023-09-22T14:45:00Z,LINK/USDT,buy,6.77838750,93.25127975,0.63209331,USDT
2023-09-22T16:45:00Z,LINK/USDT,sell,6.74262700,93.25127975,0.62875860,USDT
2023-09-22T17:45:00Z,LINK/USDT,buy,6.78839250,93.22453889,0.63284476,USDT
2023-09-23T00:00:00Z,LINK/USDT,sell,6.95652000,93.22453889,0.64851837,USDT
2023-09-23T00:15:00Z,LINK/USDT,buy,7.01550600,90.23739924,0.63306102,USDT
2023-09-23T04:00:00Z,LINK/USDT,stop_sell,6.97611734,90.23739924,0.62950669,USDT
2023-09-23T04:15:00Z,LINK/USDT,buy,7.01550600,90.56998342,0.63539426,USDT
2023-09-23T05:00:00Z,LINK/USDT,sell,6.98950350,90.56998342,0.63303922,USDT
2023-09-23T10:30:00Z,LINK/USDT,buy,7.00249950,90.51549354,0.63383470,USDT
2023-09-23T11:30:00Z,LINK/USDT,sell,6.97850900,90.51549354,0.63166319,USDT
2023-09-23T13:00:00Z,LINK/USDT,buy,7.01250450,89.93511035,0.63067037,USDT
2023-09-23T13:00:00Z,LINK/USDT,stop_sell,7.00549550,89.93511035,0.63004001,USDT
2023-09-23T13:30:00Z,LINK/USDT,buy,7.03951800,89.83683213,0.63240800,USDT
2023-09-23T15:00:00Z,LINK/USDT,stop_sell,7.00870818,89.83683213,0.62964014,USDT
2023-09-23T15:15:00Z,LINK/USDT,buy,6.98048850,90.12429147,0.62911158,USDT
2023-09-23T15:15:00Z,LINK/USDT,stop_sell,6.97351150,90.12429147,0.62848278,USDT
2023-09-23T17:00:00Z,LINK/USDT,buy,7.05052350,89.54024207,0.63130558,USDT
2023-09-23T22:45:00Z,LINK/USDT,sell,7.20239700,89.54024207,0.64490437,USDT
2023-09-23T23:00:00Z,LINK/USDT,buy,7.22060850,87.58007933,0.63238147,USDT
2023-09-24T00:15:00Z,LINK/USDT,stop_sell,7.16702184,87.58007933,0.62768834,USDT
2023-09-24T01:15:00Z,LINK/USDT,buy,7.16558100,88.24775423,0.63234643,USDT
2023-09-24T03:15:00Z,LINK/USDT,sell,7.18440600,88.24775423,0.63400769,USDT
2023-09-24T08:45:00Z,LINK/USDT,buy,7.18058850,88.00623796,0.63193658,USDT
2023-09-24T09:00:00Z,LINK/USDT,sell,7.17341150,88.00623796,0.63130496,USDT
2023-09-24T14:30:00Z,LINK/USDT,buy,7.16057850,88.34207902,0.63258039,USDT
2023-09-24T15:30:00Z,LINK/USDT,stop_sell,7.11843900,88.34207902,0.62885770,USDT
2023-09-24T15:45:00Z,LINK/USDT,buy,7.10154900,88.74566875,0.63023172,USDT
2023-09-24T16:15:00Z,LINK/USDT,sell,7.09045300,88.74566875,0.62924699,USDT
2023-09-24T16:45:00Z,LINK/USDT,buy,7.11355500,88.73289936,0.63120636,USDT
2023-09-24T18:15:00Z,LINK/USDT,stop_sell,7.08085066,88.73289936,0.62830441,USDT
2023-09-25T01:00:00Z,LINK/USDT,buy,7.07153400,89.26358968,0.63123051,USDT
2023-09-25T12:00:00Z,LINK/USDT,sell,7.25337150,89.26358968,0.64746198,USDT
2023-09-25T12:30:00Z,LINK/USDT,buy,7.30064850,86.54167391,0.63181034,USDT
2023-09-25T12:45:00Z,LINK/USDT,sell,7.27536050,86.54167391,0.62962188,USDT
2023-09-25T15:15:00Z,LINK/USDT,buy,7.32766200,85.92709589,0.62964472,USDT
2023-09-25T15:15:00Z,LINK/USDT,stop_sell,7.30934350,85.92709589,0.62807066,USDT
2023-09-25T21:15:00Z,LINK/USDT,buy,7.44972300,84.83425427,0.63199170,USDT
2023-09-25T21:45:00Z,LINK/USDT,sell,7.46826400,84.83425427,0.63356461,USDT
2023-09-26T00:00:00Z,LINK/USDT,buy,7.49974800,84.23755998,0.63176047,USDT
2023-09-26T00:15:00Z,LINK/USDT,stop_sell,7.46133889,84.23755998,0.62852498,USDT
2023-09-26T01:15:00Z,LINK/USDT,buy,7.49074350,84.26828002,0.63123207,USDT
2023-09-26T04:45:00Z,LINK/USDT,sell,7.46526550,84.26828002,0.62908508,USDT
2023-09-26T05:15:00Z,LINK/USDT,buy,7.49374500,84.1981346,0.63095935,USDT
2023-09-26T05:30:00Z,LINK/USDT,stop_sell,7.45851888,84.1981346,0.62799338,USDT
2023-09-26T21:15:00Z,LINK/USDT,buy,7.36167900,85.58126735,0.63002182,USDT
2023-09-26T21:15:00Z,LINK/USDT,stop_sell,7.31344859,85.58126735,0.62589420,USDT
2023-09-26T21:30:00Z,LINK/USDT,buy,7.34367000,85.63906882,0.62890506,USDT
2023-09-27T00:45:00Z,LINK/USDT,sell,7.34732450,85.63906882,0.62921803,USDT
2023-09-27T06:45:00Z,LINK/USDT,buy,7.36368000,85.86226841,0.63226227,USDT
2023-09-27T15:00:00Z,LINK/USDT,sell,7.50824400,85.86226841,0.64467486,USDT
2023-09-27T15:30:00Z,LINK/USDT,buy,7.61780700,82.86566696,0.63125466,USDT
2023-09-27T16:30:00Z,LINK/USDT,sell,7.61019300,82.86566696,0.63062372,USDT
2023-09-27T19:15:00Z,LINK/USDT,buy,7.65782700,82.57453717,0.63234152,USDT
2023-09-27T20:30:00Z,LINK/USDT,stop_sell,7.58838248,82.57453717,0.62660717,USDT
2023-09-27T21:00:00Z,LINK/USDT,buy,7.62080850,82.70706341,0.63029469,USDT
2023-09-28T00:15:00Z,LINK/USDT,sell,7.60319650,82.70706341,0.62883806,USDT
2023-09-28T08:30:00Z,LINK/USDT,buy,7.76588100,81.31212917,0.63146032,USDT
2023-09-28T12:15:00Z,LINK/USDT,sell,7.74812400,81.31212917,0.63001646,USDT
2023-09-28T12:30:00Z,LINK/USDT,buy,7.76087850,81.13751947,0.62969843,USDT
2023-09-28T12:45:00Z,LINK/USDT,stop_sell,7.70500271,81.13751947,0.62516481,USDT
2023-09-29T07:00:00Z,LINK/USDT,buy,7.77388500,80.91098838,0.62899272,USDT
2023-09-29T08:15:00Z,LINK/USDT,sell,7.77511050,80.91098838,0.62909188,USDT
2023-09-29T13:15:00Z,LINK/USDT,buy,7.76588100,81.01368114,0.62914261,USDT
2023-09-29T14:00:00Z,LINK/USDT,stop_sell,7.72813400,81.01368114,0.62608458,USDT
2023-09-29T14:30:00Z,LINK/USDT,buy,7.76588100,80.99010053,0.62895948,USDT
2023-09-30T00:00:00Z,LINK/USDT,sell,7.94102750,80.99010053,0.64314462,USDT
2023-09-30T03:00:00Z,LINK/USDT,buy,8.04101850,78.44502337,0.63077788,USDT
2023-09-30T09:00:00Z,LINK/USDT,sell,8.01399100,78.44502337,0.62865771,USDT
2023-09-30T09:15:00Z,LINK/USDT,buy,8.06603100,78.21645756,0.63089637,USDT
2023-09-30T10:15:00Z,LINK/USDT,sell,8.08295650,78.21645756,0.63222022,USDT
2023-09-30T22:45:00Z,LINK/USDT,buy,8.19109350,76.97354688,0.63049752,USDT
2023-09-30T23:15:00Z,LINK/USDT,sell,8.17990800,76.97354688,0.62963653,USDT
2023-09-30T23:30:00Z,LINK/USDT,buy,8.19109350,76.85880092,0.62955762,USDT
2023-10-01T02:00:00Z,LINK/USDT,stop_sell,8.15238606,76.85880092,0.62658262,USDT
2023-10-01T02:30:00Z,LINK/USDT,buy,8.14407000,77.20408928,0.62875551,USDT
2023-10-01T03:15:00Z,LINK/USDT,sell,8.13493050,77.20408928,0.62804990,USDT
2023-10-01T10:45:00Z,LINK/USDT,buy,8.18509050,76.92983217,0.62967764,USDT
2023-10-01T11:00:00Z,LINK/USDT,stop_sell,8.13828596,76.92983217,0.62607697,USDT
2023-10-02T08:15:00Z,LINK/USDT,buy,8.04101850,78.53505871,0.63150186,USDT
2023-10-02T09:30:00Z,LINK/USDT,stop_sell,7.93767204,78.53505871,0.62338554,USDT
2023-10-02T09:45:00Z,LINK/USDT,buy,7.92095850,79.2736274,0.62792311,USDT
2023-10-02T11:00:00Z,LINK/USDT,sell,7.91703950,79.2736274,0.62761244,USDT
2023-10-03T01:30:00Z,LINK/USDT,buy,7.54276950,83.23172986,0.62779775,USDT
2023-10-03T10:30:00Z,LINK/USDT,sell,7.61019300,83.23172986,0.63340953,USDT
2023-10-03T20:30:00Z,LINK/USDT,buy,7.46773200,83.73326977,0.62529762,USDT
2023-10-03T21:30:00Z,LINK/USDT,sell,7.45726950,83.73326977,0.62442156,USDT
2023-10-03T22:00:00Z,LINK/USDT,buy,7.45272450,84.26124238,0.62797583,USDT
2023-10-03T22:15:00Z,LINK/USDT,sell,7.41928850,84.26124238,0.62515847,USDT
2023-10-04T02:15:00Z,LINK/USDT,buy,7.48273950,83.94705674,0.62815396,USDT
2023-10-04T04:00:00Z,LINK/USDT,sell,7.48325650,83.94705674,0.62819736,USDT
2023-10-04T04:15:00Z,LINK/USDT,buy,7.49974800,83.97902249,0.62982151,USDT
2023-10-04T10:00:00Z,LINK/USDT,sell,7.57321150,83.97902249,0.63599090,USDT
2023-10-04T15:15:00Z,LINK/USDT,buy,7.61880750,82.42043407,0.62794542,USDT
2023-10-04T20:00:00Z,LINK/USDT,sell,7.59719950,82.42043407,0.62616448,USDT
2023-10-04T20:15:00Z,LINK/USDT,buy,7.63881750,82.22657947,0.62811383,USDT
2023-10-04T20:30:00Z,LINK/USDT,sell,7.63518050,82.22657947,0.62781478,USDT
2023-10-05T00:30:00Z,LINK/USDT,buy,7.61880750,82.38303158,0.62766046,USDT
2023-10-05T00:45:00Z,LINK/USDT,sell,7.63218200,82.38303158,0.62876229,USDT
2023-10-05T06:00:00Z,LINK/USDT,buy,7.69984800,81.51423459,0.62764722,USDT
2023-10-05T10:30:00Z,LINK/USDT,sell,7.69115250,81.51423459,0.62693841,USDT
2023-10-05T10:45:00Z,LINK/USDT,buy,7.70685150,81.40918652,0.62740851,USDT
2023-10-05T11:30:00Z,LINK/USDT,sell,7.70514550,81.40918652,0.62726963,USDT
2023-10-06T07:30:00Z,LINK/USDT,buy,7.56578100,82.83570865,0.62671683,USDT
2023-10-06T07:45:00Z,LINK/USDT,sell,7.56321650,82.83570865,0.62650440,USDT
2023-10-06T09:45:00Z,LINK/USDT,buy,7.58178900,82.72185623,0.62717966,USDT
2023-10-06T10:15:00Z,LINK/USDT,sell,7.59819900,82.72185623,0.62853713,USDT
2023-10-06T15:15:00Z,LINK/USDT,buy,7.64482050,82.33180541,0.62941187,USDT
2023-10-06T20:15:00Z,LINK/USDT,sell,7.67815900,82.33180541,0.63215669,USDT
2023-10-07T08:45:00Z,LINK/USDT,buy,7.62881250,82.25016744,0.62747111,USDT
2023-10-07T09:00:00Z,LINK/USDT,sell,7.62318650,82.25016744,0.62700837,USDT
2023-10-07T14:45:00Z,LINK/USDT,buy,7.59279450,82.60055988,0.62716908,USDT
2023-10-07T15:30:00Z,LINK/USDT,stop_sell,7.57599582,82.60055988,0.62578150,USDT
2023-10-07T21:45:00Z,LINK/USDT,buy,7.54176900,83.13138849,0.62695773,USDT
2023-10-08T01:15:00Z,LINK/USDT,stop_sell,7.52020231,83.13138849,0.62516486,USDT
2023-10-08T01:30:00Z,LINK/USDT,buy,7.54176900,83.09907232,0.62671401,USDT
2023-10-08T03:45:00Z,LINK/USDT,sell,7.58320650,83.09907232,0.63015743,USDT
2023-10-08T04:00:00Z,LINK/USDT,buy,7.62080850,82.31420531,0.62730080,USDT
2023-10-08T10:45:00Z,LINK/USDT,stop_sell,7.58977464,82.31420531,0.62474627,USDT
2023-10-08T14:45:00Z,LINK/USDT,buy,7.68484050,81.5457298,0.62666593,USDT
2023-10-08T18:15:00Z,LINK/USDT,stop_sell,7.64210561,81.5457298,0.62318108,USDT
2023-10-08T18:30:00Z,LINK/USDT,buy,7.67483550,81.59202572,0.62620538,USDT
2023-10-09T00:00:00Z,LINK/USDT,sell,7.66516550,81.59202572,0.62541638,USDT
2023-10-09T07:15:00Z,LINK/USDT,buy,7.59679650,82.03056895,0.62316954,USDT
2023-10-09T07:15:00Z,LINK/USDT,stop_sell,7.58920350,82.03056895,0.62254668,USDT
2023-10-09T22:00:00Z,LINK/USDT,buy,7.32065850,85.59032617,0.62657755,USDT
2023-10-09T22:30:00Z,LINK/USDT,sell,7.32033800,85.59032617,0.62655012,USDT
2023-10-10T00:30:00Z,LINK/USDT,buy,7.33166400,85.62316896,0.62776031,USDT
2023-10-10T01:00:00Z,LINK/USDT,sell,7.27935850,85.62316896,0.62328174,USDT
2023-10-10T01:30:00Z,LINK/USDT,buy,7.28163900,85.68945447,0.62395967,USDT
2023-10-10T01:45:00Z,LINK/USDT,sell,7.25637000,85.68945447,0.62179439,USDT
2023-10-10T02:00:00Z,LINK/USDT,buy,7.30365000,85.58164351,0.62505837,USDT
2023-10-10T02:30:00Z,LINK/USDT,sell,7.27835900,85.58164351,0.62289393,USDT
2023-10-10T03:00:00Z,LINK/USDT,buy,7.33066350,85.22901676,0.62478524,USDT
2023-10-10T04:15:00Z,LINK/USDT,stop_sell,7.27735950,85.22901676,0.62024219,USDT
2023-10-10T04:30:00Z,LINK/USDT,buy,7.30965300,85.4106159,0.62432196,USDT
2023-10-10T05:00:00Z,LINK/USDT,stop_sell,7.27436100,85.4106159,0.62130765,USDT
2023-10-10T05:45:00Z,LINK/USDT,buy,7.32065850,85.49268876,0.62586278,USDT
2023-10-10T10:45:00Z,LINK/USDT,sell,7.31034300,85.49268876,0.62498088,USDT
2023-10-10T14:30:00Z,LINK/USDT,buy,7.32265950,84.77206595,0.62075697,USDT
2023-10-10T14:45:00Z,LINK/USDT,sell,7.29834900,84.77206595,0.61869612,USDT
2023-10-10T18:30:00Z,LINK/USDT,buy,7.25162400,85.98710274,0.62354614,USDT
2023-10-10T18:45:00Z,LINK/USDT,sell,7.24437600,85.98710274,0.62292290,USDT
2023-10-10T19:45:00Z,LINK/USDT,buy,7.25362500,85.94275095,0.62339649,USDT
2023-10-10T20:00:00Z,LINK/USDT,sell,7.24637500,85.94275095,0.62277340,USDT
2023-10-10T20:30:00Z,LINK/USDT,buy,7.23661650,85.92212469,0.62178547,USDT
2023-10-10T20:30:00Z,LINK/USDT,stop_sell,7.22938350,85.92212469,0.62116399,USDT
2023-10-11T07:30:00Z,LINK/USDT,buy,7.20660150,86.46206443,0.62309764,USDT
2023-10-11T07:45:00Z,LINK/USDT,sell,7.19939850,86.46206443,0.62247486,USDT
2023-10-11T08:15:00Z,LINK/USDT,buy,7.21560600,86.33344168,0.62294810,USDT
2023-10-11T15:45:00Z,LINK/USDT,sell,7.29235200,86.33344168,0.62957385,USDT
2023-10-11T20:15:00Z,LINK/USDT,buy,7.32265950,85.06029206,0.62286756,USDT
2023-10-11T20:45:00Z,LINK/USDT,sell,7.31534050,85.06029206,0.62224500,USDT
2023-10-11T21:00:00Z,LINK/USDT,buy,7.32265950,85.10960866,0.62322868,USDT
2023-10-12T00:45:00Z,LINK/USDT,sell,7.35831900,85.10960866,0.62626365,USDT
2023-10-12T01:00:00Z,LINK/USDT,buy,7.36568100,84.60891685,0.62320229,USDT
2023-10-12T01:00:00Z,LINK/USDT,stop_sell,7.34189864,84.60891685,0.62119009,USDT
2023-10-12T01:15:00Z,LINK/USDT,buy,7.33666650,84.93107001,0.62311094,USDT
2023-10-12T02:00:00Z,LINK/USDT,stop_sell,7.30748729,84.93107001,0.62063271,USDT
2023-10-12T07:00:00Z,LINK/USDT,buy,7.37368500,84.67107986,0.62433787,USDT
2023-10-12T07:45:00Z,LINK/USDT,sell,7.34032800,84.67107986,0.62151350,USDT
2023-10-12T21:45:00Z,LINK/USDT,buy,7.23561600,86.03099574,0.62248725,USDT
2023-10-12T23:15:00Z,LINK/USDT,stop_sell,7.19440100,86.03099574,0.61894148,USDT
2023-10-13T08:45:00Z,LINK/USDT,buy,7.21160400,86.10901336,0.62098411,USDT
2023-10-13T08:45:00Z,LINK/USDT,stop_sell,7.20439600,86.10901336,0.62036343,USDT
2023-10-13T09:00:00Z,LINK/USDT,buy,7.21260450,86.23168592,0.62195505,USDT
2023-10-13T09:45:00Z,LINK/USDT,stop_sell,7.18840400,86.23168592,0.61986820,USDT
2023-10-14T02:45:00Z,LINK/USDT,buy,7.30465050,85.0154508,0.62100816,USDT
2023-10-14T03:00:00Z,LINK/USDT,sell,7.29035300,85.0154508,0.61979265,USDT
2023-10-14T03:30:00Z,LINK/USDT,buy,7.29764700,85.16334318,0.62149202,USDT
2023-10-14T05:15:00Z,LINK/USDT,sell,7.28835400,85.16334318,0.62070059,USDT
2023-10-14T11:15:00Z,LINK/USDT,buy,7.26262950,85.55155475,0.62132925,USDT
2023-10-14T12:15:00Z,LINK/USDT,sell,7.25537050,85.55155475,0.62070823,USDT
2023-10-14T12:30:00Z,LINK/USDT,buy,7.26262950,85.53102238,0.62118013,USDT
2023-10-14T22:00:00Z,LINK/USDT,sell,7.30534550,85.53102238,0.62483367,USDT
2023-10-15T01:00:00Z,LINK/USDT,buy,7.32566100,84.82140041,0.62137282,USDT
2023-10-15T06:30:00Z,LINK/USDT,sell,7.33633000,84.82140041,0.62227778,USDT
2023-10-15T07:15:00Z,LINK/USDT,buy,7.36368000,84.40271793,0.62151461,USDT
2023-10-15T07:30:00Z,LINK/USDT,sell,7.35632000,84.40271793,0.62089340,USDT
2023-10-15T08:45:00Z,LINK/USDT,buy,7.36868250,84.35952575,0.62161856,USDT
2023-10-15T11:15:00Z,LINK/USDT,stop_sell,7.34832400,84.35952575,0.61990113,USDT
2023-10-15T11:30:00Z,LINK/USDT,buy,7.37468550,84.20151856,0.62095972,USDT
2023-10-15T12:00:00Z,LINK/USDT,stop_sell,7.33832900,84.20151856,0.61789845,USDT
2023-10-15T18:30:00Z,LINK/USDT,buy,7.39969800,83.83638097,0.62036390,USDT
2023-10-15T23:00:00Z,LINK/USDT,sell,7.38030800,83.83638097,0.61873831,USDT
2023-10-17T01:30:00Z,LINK/USDT,buy,7.50074850,82.55574593,0.61922989,USDT
2023-10-17T03:00:00Z,LINK/USDT,sell,7.49125250,82.55574593,0.61844594,USDT
2023-10-17T23:00:00Z,LINK/USDT,buy,7.33666650,84.48003239,0.61980182,USDT
2023-10-18T00:00:00Z,LINK/USDT,stop_sell,7.30834400,84.48003239,0.61740914,USDT
2023-10-18T00:30:00Z,LINK/USDT,buy,7.33266450,84.55568858,0.62001850,USDT
2023-10-18T00:30:00Z,LINK/USDT,stop_sell,7.31094984,84.55568858,0.61818240,USDT
2023-10-18T00:45:00Z,LINK/USDT,buy,7.29964800,84.76503928,0.61875495,USDT
2023-10-18T02:15:00Z,LINK/USDT,sell,7.30934350,84.76503928,0.61957679,USDT
2023-10-18T02:45:00Z,LINK/USDT,buy,7.32366000,84.41390522,0.61821874,USDT
2023-10-18T02:45:00Z,LINK/USDT,stop_sell,7.31634000,84.41390522,0.61760083,USDT
2023-10-18T10:00:00Z,LINK/USDT,buy,7.39969800,83.70914212,0.61942237,USDT
2023-10-18T14:30:00Z,LINK/USDT,stop_sell,7.38087914,83.70914212,0.61784706,USDT
2023-10-18T14:45:00Z,LINK/USDT,buy,7.41170400,83.30706835,0.61744733,USDT
2023-10-18T15:15:00Z,LINK/USDT,sell,7.38630500,83.30706835,0.61533142,USDT
2023-10-18T23:00:00Z,LINK/USDT,buy,7.36267950,83.91477313,0.61783758,USDT
2023-10-18T23:15:00Z,LINK/USDT,sell,7.35432100,83.91477313,0.61713618,USDT
2023-10-20T02:15:00Z,LINK/USDT,buy,7.31765700,84.40893999,0.61767567,USDT
2023-10-20T02:30:00Z,LINK/USDT,sell,7.34332650,84.40893999,0.61984241,USDT
2023-10-20T14:00:00Z,LINK/USDT,buy,7.64882250,81.00341097,0.61958071,USDT
2023-10-20T15:15:00Z,LINK/USDT,sell,7.62218700,81.00341097,0.61742315,USDT
2023-10-20T15:30:00Z,LINK/USDT,buy,7.63081350,81.08464254,0.61874178,USDT
2023-10-20T15:45:00Z,LINK/USDT,sell,7.61519050,81.08464254,0.61747500,USDT
2023-10-20T16:45:00Z,LINK/USDT,buy,7.64882250,80.9310348,0.61902712,USDT
2023-10-20T18:45:00Z,LINK/USDT,sell,7.63318150,80.9310348,0.61776128,USDT
2023-10-20T19:00:00Z,LINK/USDT,buy,7.64081850,80.91541618,0.61826001,USDT
2023-10-20T19:15:00Z,LINK/USDT,stop_sell,7.61176364,80.91541618,0.61590902,USDT
2023-10-21T04:00:00Z,LINK/USDT,buy,7.61080350,81.19682147,0.61797305,USDT
2023-10-21T20:30:00Z,LINK/USDT,sell,8.81259150,81.19682147,0.71555442,USDT
2023-10-22T00:15:00Z,LINK/USDT,buy,8.92446000,70.10807713,0.62567673,USDT
2023-10-22T09:00:00Z,LINK/USDT,sell,9.26536500,70.10807713,0.64957692,USDT
2023-10-22T14:00:00Z,LINK/USDT,buy,9.32566050,67.14925516,0.62621116,USDT
2023-10-22T14:30:00Z,LINK/USDT,sell,9.28735400,67.14925516,0.62363890,USDT
2023-10-22T16:15:00Z,LINK/USDT,buy,9.38368950,66.76624507,0.62651371,USDT
2023-10-22T21:30:00Z,LINK/USDT,sell,9.42828350,66.76624507,0.62949109,USDT
2023-10-22T21:45:00Z,LINK/USDT,buy,9.49674600,65.8896579,0.62573735,USDT
2023-10-22T22:30:00Z,LINK/USDT,sell,9.56321600,65.8896579,0.63011703,USDT
2023-10-23T01:00:00Z,LINK/USDT,buy,10.33116300,60.55762609,0.62563071,USDT
2023-10-23T06:00:00Z,LINK/USDT,sell,10.66666400,60.55762609,0.64594785,USDT
2023-10-23T19:00:00Z,LINK/USDT,buy,10.31915700,61.14747994,0.63099045,USDT
2023-10-23T19:30:00Z,LINK/USDT,sell,10.17690900,61.14747994,0.62229234,USDT
2023-10-24T09:15:00Z,LINK/USDT,buy,10.35317400,60.69231904,0.62835814,USDT
2023-10-24T13:00:00Z,LINK/USDT,sell,10.41279100,60.69231904,0.63197643,USDT
2023-10-24T13:15:00Z,LINK/USDT,buy,10.29914700,60.99942337,0.62824203,USDT
2023-10-24T13:45:00Z,LINK/USDT,sell,10.26486500,60.99942337,0.62615085,USDT
2023-10-24T20:15:00Z,LINK/USDT,buy,10.03001250,62.60887585,0.62796781,USDT
2023-10-24T21:00:00Z,LINK/USDT,sell,9.94602450,62.60887585,0.62270941,USDT
2023-10-24T21:15:00Z,LINK/USDT,buy,10.02400950,62.86409721,0.63015031,USDT
2023-10-25T06:45:00Z,LINK/USDT,sell,11.49025200,62.86409721,0.72232432,USDT
2023-10-25T07:15:00Z,LINK/USDT,buy,11.35967700,55.96555671,0.63575065,USDT
2023-10-25T07:15:00Z,LINK/USDT,stop_sell,11.13011073,55.96555671,0.62290284,USDT
2023-10-25T19:00:00Z,LINK/USDT,buy,11.15657550,56.78745934,0.63355358,USDT
2023-10-25T19:15:00Z,LINK/USDT,sell,11.14542450,56.78745934,0.63292034,USDT
2023-10-25T20:00:00Z,LINK/USDT,buy,11.11755600,56.70267856,0.63039520,USDT
2023-10-25T20:15:00Z,LINK/USDT,sell,11.12343550,56.70267856,0.63072859,USDT
2023-10-26T02:30:00Z,LINK/USDT,buy,10.97048250,57.74021703,0.63343804,USDT
2023-10-26T06:15:00Z,LINK/USDT,sell,10.96751350,57.74021703,0.63326661,USDT
2023-10-26T12:45:00Z,LINK/USDT,buy,11.10054750,56.93549586,0.63201518,USDT
2023-10-26T13:45:00Z,LINK/USDT,stop_sell,10.94409664,56.93549586,0.62310757,USDT
2023-10-26T14:15:00Z,LINK/USDT,buy,10.91145300,57.89312745,0.63169814,USDT
2023-10-26T14:15:00Z,LINK/USDT,stop_sell,10.76011725,57.89312745,0.62293684,USDT
2023-10-26T20:00:00Z,LINK/USDT,buy,10.69134300,59.12979649,0.63217694,USDT
2023-10-27T02:00:00Z,LINK/USDT,sell,10.65267100,59.12979649,0.62989027,USDT
2023-10-27T02:15:00Z,LINK/USDT,buy,10.76237850,58.75665093,0.63236132,USDT
2023-10-27T03:00:00Z,LINK/USDT,sell,10.89654900,58.75665093,0.64024473,USDT
2023-10-27T04:15:00Z,LINK/USDT,buy,11.19959700,56.58340693,0.63371135,USDT
2023-10-27T04:15:00Z,LINK/USDT,stop_sell,10.97376038,56.58340693,0.62093275,USDT
2023-10-27T04:30:00Z,LINK/USDT,buy,11.02350900,57.10681473,0.62951749,USDT
2023-10-27T04:45:00Z,LINK/USDT,sell,10.92753350,57.10681473,0.62403663,USDT
2023-10-27T05:00:00Z,LINK/USDT,buy,10.99549500,57.34882682,0.63057874,USDT
2023-10-27T05:15:00Z,LINK/USDT,stop_sell,10.76950541,57.34882682,0.61761850,USDT
2023-10-27T06:45:00Z,LINK/USDT,buy,10.88443950,58.22031047,0.63369545,USDT
2023-10-27T07:30:00Z,LINK/USDT,sell,10.78960250,58.22031047,0.62817401,USDT
2023-10-27T12:15:00Z,LINK/USDT,buy,11.17358400,56.18860702,0.62782812,USDT
2023-10-27T14:00:00Z,LINK/USDT,stop_sell,11.04897275,56.18860702,0.62082639,USDT
2023-10-27T14:15:00Z,LINK/USDT,buy,11.00750100,57.04248034,0.62789516,USDT
2023-10-27T14:30:00Z,LINK/USDT,stop_sell,10.82390677,57.04248034,0.61742249,USDT
2023-10-27T16:15:00Z,LINK/USDT,buy,11.12455950,56.15120921,0.62465747,USDT
2023-10-27T16:30:00Z,LINK/USDT,stop_sell,10.99778407,56.15120921,0.61753887,USDT
2023-10-27T17:45:00Z,LINK/USDT,buy,11.27463450,55.7021203,0.62802105,USDT
2023-10-27T18:00:00Z,LINK/USDT,sell,11.15541950,55.7021203,0.62138052,USDT
2023-10-27T18:15:00Z,LINK/USDT,buy,11.19159300,55.98461088,0.62655698,USDT
2023-10-27T18:15:00Z,LINK/USDT,stop_sell,10.95369898,55.98461088,0.61323858,USDT
2023-10-27T18:45:00Z,LINK/USDT,buy,11.10955200,56.03081353,0.62247724,USDT
2023-10-27T19:00:00Z,LINK/USDT,sell,10.98750350,56.03081353,0.61563876,USDT
2023-10-27T19:15:00Z,LINK/USDT,buy,11.01050250,56.87101191,0.62617842,USDT
2023-10-27T22:15:00Z,LINK/USDT,sell,11.20739350,56.87101191,0.63737581,USDT
2023-10-27T23:45:00Z,LINK/USDT,buy,11.23861650,55.70424237,0.62603862,USDT
2023-10-28T00:00:00Z,LINK/USDT,stop_sell,11.12629121,55.70424237,0.61978162,USDT
2023-10-28T03:45:00Z,LINK/USDT,buy,11.46172800,54.46541029,0.62426772,USDT
2023-10-28T04:00:00Z,LINK/USDT,stop_sell,11.32047979,54.46541029,0.61657458,USDT
2023-10-28T07:45:00Z,LINK/USDT,buy,11.32265850,55.01288918,0.62289216,USDT
2023-10-28T08:30:00Z,LINK/USDT,sell,11.37730850,55.01288918,0.62589861,USDT
2023-10-28T08:45:00Z,LINK/USDT,buy,11.45872650,54.42479785,0.62363887,USDT
2023-10-28T10:00:00Z,LINK/USDT,sell,11.48425500,54.42479785,0.62502826,USDT
2023-10-28T10:45:00Z,LINK/USDT,buy,11.48473950,54.35459865,0.62424841,USDT
2023-10-28T11:00:00Z,LINK/USDT,sell,11.53423000,54.35459865,0.62693844,USDT
2023-10-28T11:15:00Z,LINK/USDT,buy,11.57478450,53.80635139,0.62279692,USDT
2023-10-28T11:15:00Z,LINK/USDT,stop_sell,11.49267936,53.80635139,0.61837914,USDT
2023-10-28T12:00:00Z,LINK/USDT,buy,11.34066750,54.89957561,0.62259783,USDT
2023-10-28T12:15:00Z,LINK/USDT,sell,11.32433500,54.89957561,0.62170119,USDT
2023-10-28T22:15:00Z,LINK/USDT,buy,11.03651550,56.46668551,0.62319545,USDT
2023-10-28T22:15:00Z,LINK/USDT,stop_sell,10.98671818,56.46668551,0.62038356,USDT
2023-10-29T11:15:00Z,LINK/USDT,buy,11.02450950,56.69425101,0.62502631,USDT
2023-10-29T12:15:00Z,LINK/USDT,sell,10.93552950,56.69425101,0.61998165,USDT
2023-10-29T21:30:00Z,LINK/USDT,buy,11.17358400,55.56555582,0.62086641,USDT
2023-10-29T21:45:00Z,LINK/USDT,stop_sell,11.10951389,55.56555582,0.61730631,USDT
2023-10-29T22:15:00Z,LINK/USDT,buy,11.19559500,55.60079923,0.62248403,USDT
2023-10-29T23:45:00Z,LINK/USDT,sell,11.10644400,55.60079923,0.61752716,USDT
2023-10-30T00:15:00Z,LINK/USDT,buy,11.16658050,55.6410593,0.62132037,USDT
2023-10-30T00:30:00Z,LINK/USDT,stop_sell,11.06921262,55.6410593,0.61590272,USDT
2023-10-30T01:15:00Z,LINK/USDT,buy,11.12455950,55.56350904,0.61811956,USDT
2023-10-30T02:00:00Z,LINK/USDT,sell,11.07446000,55.56350904,0.61533586,USDT
2023-10-30T02:30:00Z,LINK/USDT,buy,11.20459950,55.40082372,0.62074404,USDT
2023-10-30T03:30:00Z,LINK/USDT,sell,11.13443000,55.40082372,0.61685659,USDT
2023-10-30T04:00:00Z,LINK/USDT,buy,11.16057750,55.40874324,0.61839357,USDT
2023-10-30T05:00:00Z,LINK/USDT,sell,11.09544950,55.40874324,0.61478491,USDT
2023-10-30T08:45:00Z,LINK/USDT,buy,11.26062750,55.04937553,0.61989051,USDT
2023-10-30T09:00:00Z,LINK/USDT,sell,11.26036700,55.04937553,0.61987617,USDT
2023-10-30T15:45:00Z,LINK/USDT,buy,11.40770100,54.29745298,0.61940911,USDT
2023-10-30T16:45:00Z,LINK/USDT,sell,11.31633900,54.29745298,0.61444838,USDT
2023-10-30T23:15:00Z,LINK/USDT,buy,11.23061250,55.13851021,0.61923924,USDT
2023-10-31T08:45:00Z,LINK/USDT,sell,11.53622900,55.13851021,0.63609048,USDT
2023-10-31T09:00:00Z,LINK/USDT,buy,11.55377400,53.70431675,0.62048754,USDT
2023-10-31T09:15:00Z,LINK/USDT,sell,11.54522450,53.70431675,0.62002839,USDT
2023-10-31T19:30:00Z,LINK/USDT,buy,11.31565500,54.82241176,0.62035150,USDT
2023-10-31T19:45:00Z,LINK/USDT,sell,11.25936750,54.82241176,0.61726568,USDT
2023-10-31T20:45:00Z,LINK/USDT,buy,11.36367900,54.59392144,0.62038780,USDT
2023-10-31T21:15:00Z,LINK/USDT,sell,11.33532950,54.59392144,0.61884009,USDT
2023-11-01T22:45:00Z,LINK/USDT,buy,11.65482450,53.04158294,0.61819034,USDT
2023-11-02T00:30:00Z,LINK/USDT,stop_sell,11.47890054,53.04158294,0.60885906,USDT
2023-11-02T00:45:00Z,LINK/USDT,buy,11.46873150,53.96737158,0.61893729,USDT
2023-11-02T01:30:00Z,LINK/USDT,sell,11.62818300,53.96737158,0.62754247,USDT
2023-11-02T04:30:00Z,LINK/USDT,buy,11.63481450,53.19730896,0.61894082,USDT
2023-11-02T04:45:00Z,LINK/USDT,sell,11.56121650,53.19730896,0.61502561,USDT
2023-11-02T14:00:00Z,LINK/USDT,buy,11.25062250,55.02932341,0.61911414,USDT
2023-11-02T14:15:00Z,LINK/USDT,sell,11.18040700,55.02932341,0.61525023,USDT
2023-11-02T20:00:00Z,LINK/USDT,buy,11.08353900,55.9736495,0.62038613,USDT
2023-11-02T20:30:00Z,LINK/USDT,sell,11.01449000,55.9736495,0.61652120,USDT
2023-11-02T20:45:00Z,LINK/USDT,buy,10.99449450,56.19612014,0.61784793,USDT
2023-11-02T21:30:00Z,LINK/USDT,sell,10.95951750,56.19612014,0.61588236,USDT
2023-11-03T05:45:00Z,LINK/USDT,buy,10.79839650,57.27172158,0.61844276,USDT
2023-11-03T11:15:00Z,LINK/USDT,sell,10.97351050,57.27172158,0.62847184,USDT
2023-11-03T11:45:00Z,LINK/USDT,buy,11.02751100,56.2571966,0.62037685,USDT
2023-11-03T12:15:00Z,LINK/USDT,sell,10.97051200,56.2571966,0.61717025,USDT
2023-11-03T17:00:00Z,LINK/USDT,buy,11.21760600,55.08241958,0.61789288,USDT
2023-11-03T17:30:00Z,LINK/USDT,sell,11.13842800,55.08241958,0.61353156,USDT
2023-11-03T19:00:00Z,LINK/USDT,buy,11.23561500,55.0082304,0.61805130,USDT
2023-11-03T19:15:00Z,LINK/USDT,sell,11.18240600,55.0082304,0.61512437,USDT
2023-11-03T19:30:00Z,LINK/USDT,buy,11.21860650,55.07669542,0.61788377,USDT
2023-11-03T19:45:00Z,LINK/USDT,sell,11.20739350,55.07669542,0.61726620,USDT
2023-11-03T20:00:00Z,LINK/USDT,buy,11.21860650,55.03891771,0.61745996,USDT
2023-11-03T20:15:00Z,LINK/USDT,sell,11.24237600,55.03891771,0.61876821,USDT
2023-11-03T21:00:00Z,LINK/USDT,buy,11.34066750,54.49511221,0.61801095,USDT
2023-11-04T01:45:00Z,LINK/USDT,sell,11.35432000,54.49511221,0.61875494,USDT
2023-11-04T12:45:00Z,LINK/USDT,buy,11.31065250,54.56872615,0.61720790,USDT
2023-11-04T14:00:00Z,LINK/USDT,sell,11.26436500,54.56872615,0.61468205,USDT
2023-11-04T14:45:00Z,LINK/USDT,buy,11.26763100,54.67752016,0.61608612,USDT
2023-11-04T15:00:00Z,LINK/USDT,sell,11.22538450,54.67752016,0.61377619,USDT
2023-11-04T16:45:00Z,LINK/USDT,buy,11.33066250,54.45931642,0.61706013,USDT
2023-11-04T18:00:00Z,LINK/USDT,sell,11.33732850,54.45931642,0.61742316,USDT
2023-11-04T18:30:00Z,LINK/USDT,buy,11.31565500,54.34275428,0.61492386,USDT
2023-11-04T21:30:00Z,LINK/USDT,sell,11.34832300,54.34275428,0.61669913,USDT
2023-11-04T21:45:00Z,LINK/USDT,buy,11.41570500,54.07487907,0.61730287,USDT
2023-11-04T22:15:00Z,LINK/USDT,sell,11.42028700,54.07487907,0.61755064,USDT
2023-11-05T01:00:00Z,LINK/USDT,buy,11.49574500,53.70056013,0.61732795,USDT
2023-11-05T08:15:00Z,LINK/USDT,sell,12.24987200,53.70056013,0.65782499,USDT
2023-11-05T08:30:00Z,LINK/USDT,buy,12.27713550,50.44097377,0.61927067,USDT
2023-11-05T08:45:00Z,LINK/USDT,sell,12.16791300,50.44097377,0.61376138,USDT
2023-11-05T11:30:00Z,LINK/USDT,buy,12.22110750,50.64444859,0.61893125,USDT
2023-11-05T11:45:00Z,LINK/USDT,sell,12.18990200,50.64444859,0.61735087,USDT
2023-11-05T18:45:00Z,LINK/USDT,buy,11.99799600,51.64859041,0.61967958,USDT
2023-11-05T21:45:00Z,LINK/USDT,stop_sell,11.86042396,51.64859041,0.61257418,USDT
2023-11-05T22:15:00Z,LINK/USDT,buy,12.00499950,51.52840524,0.61859848,USDT
2023-11-06T04:15:00Z,LINK/USDT,sell,12.22488450,51.52840524,0.62992880,USDT
2023-11-06T04:45:00Z,LINK/USDT,buy,12.26112750,50.47637359,0.61889725,USDT
2023-11-06T10:00:00Z,LINK/USDT,sell,12.47975700,50.47637359,0.62993288,USDT
2023-11-06T10:15:00Z,LINK/USDT,buy,12.47623500,49.573973,0.61849654,USDT
2023-11-06T10:30:00Z,LINK/USDT,sell,12.48775300,49.573973,0.61906753,USDT
2023-11-06T13:00:00Z,LINK/USDT,buy,12.59429400,49.250589,0.62027640,USDT
2023-11-06T13:45:00Z,LINK/USDT,stop_sell,12.45212796,49.250589,0.61327464,USDT
2023-11-06T14:15:00Z,LINK/USDT,buy,12.56227800,49.23735968,0.61853340,USDT
2023-11-06T16:15:00Z,LINK/USDT,sell,12.54972200,49.23735968,0.61791518,USDT
2023-11-06T16:30:00Z,LINK/USDT,buy,12.58028700,49.20598808,0.61902545,USDT
2023-11-06T17:00:00Z,LINK/USDT,sell,12.49275050,49.20598808,0.61471813,USDT
2023-11-06T18:15:00Z,LINK/USDT,buy,12.53026200,49.37882681,0.61872964,USDT
2023-11-06T19:15:00Z,LINK/USDT,sell,12.62868250,49.37882681,0.62358953,USDT
2023-11-06T19:30:00Z,LINK/USDT,buy,12.67733550,48.82495522,0.61897034,USDT
2023-11-06T20:00:00Z,LINK/USDT,sell,12.77261050,48.82495522,0.62362214,USDT
2023-11-06T20:30:00Z,LINK/USDT,buy,12.73236300,48.63920862,0.61929206,USDT
2023-11-07T00:45:00Z,LINK/USDT,sell,12.77261050,48.63920862,0.62124967,USDT
2023-11-07T01:00:00Z,LINK/USDT,buy,12.77738550,48.40787724,0.61852611,USDT
2023-11-07T03:30:00Z,LINK/USDT,sell,12.87555900,48.40787724,0.62327848,USDT
2023-11-07T05:00:00Z,LINK/USDT,buy,12.98148750,47.6583901,0.61867680,USDT
2023-11-07T07:00:00Z,LINK/USDT,sell,13.08445450,47.6583901,0.62358404,USDT
2023-11-07T07:15:00Z,LINK/USDT,buy,13.23561450,46.85171855,0.62011129,USDT
2023-11-07T07:45:00Z,LINK/USDT,stop_sell,13.08131321,46.85171855,0.61288200,USDT
2023-11-08T02:30:00Z,LINK/USDT,buy,13.21760550,46.87851215,0.61962168,USDT
2023-11-08T10:00:00Z,LINK/USDT,sell,13.46026650,46.87851215,0.63099727,USDT
2023-11-08T10:15:00Z,LINK/USDT,buy,13.51675500,45.99576914,0.62171354,USDT
2023-11-08T11:30:00Z,LINK/USDT,sell,13.49325000,45.99576914,0.62063241,USDT
2023-11-08T12:00:00Z,LINK/USDT,buy,13.57378350,45.6701397,0.61991659,USDT
2023-11-09T02:30:00Z,LINK/USDT,sell,14.55072100,45.6701397,0.66453346,USDT
2023-11-09T16:00:00Z,LINK/USDT,buy,15.29364300,40.76072679,0.62338000,USDT
2023-11-09T16:00:00Z,LINK/USDT,stop_sell,14.86677718,40.76072679,0.60598064,USDT
2023-11-09T21:15:00Z,LINK/USDT,buy,14.43021150,42.89127122,0.61893012,USDT
2023-11-09T21:45:00Z,LINK/USDT,sell,14.39379950,42.89127122,0.61736836,USDT
2023-11-09T23:00:00Z,LINK/USDT,buy,14.66232750,42.40758766,0.62179394,USDT
2023-11-10T02:15:00Z,LINK/USDT,sell,14.46776250,42.40758766,0.61354291,USDT
2023-11-10T02:30:00Z,LINK/USDT,buy,14.51325300,42.67620228,0.61937052,USDT
2023-11-10T03:00:00Z,LINK/USDT,sell,14.57271000,42.67620228,0.62190792,USDT
2023-11-10T08:45:00Z,LINK/USDT,buy,14.50424850,42.94916248,0.62294533,USDT
2023-11-10T12:30:00Z,LINK/USDT,sell,14.56871200,42.94916248,0.62571398,USDT
2023-11-10T13:00:00Z,LINK/USDT,buy,14.65432350,42.3769504,0.62100554,USDT
2023-11-10T19:30:00Z,LINK/USDT,sell,15.22538350,42.3769504,0.64520532,USDT
2023-11-10T19:45:00Z,LINK/USDT,buy,15.11555400,41.21637972,0.62300841,USDT
2023-11-10T20:00:00Z,LINK/USDT,sell,15.05946650,41.21637972,0.62069669,USDT
2023-11-11T06:45:00Z,LINK/USDT,buy,15.19359300,41.0996036,0.62445065,USDT
2023-11-11T07:30:00Z,LINK/USDT,sell,15.08445400,41.0996036,0.61996508,USDT
2023-11-11T09:15:00Z,LINK/USDT,buy,14.92045650,41.72796074,0.62260022,USDT
2023-11-11T10:15:00Z,LINK/USDT,sell,15.02748250,41.72796074,0.62706620,USDT
2023-11-11T10:30:00Z,LINK/USDT,buy,15.03951600,41.44764182,0.62335247,USDT
2023-11-11T10:45:00Z,LINK/USDT,sell,15.00349450,41.44764182,0.62185947,USDT
2023-11-11T19:15:00Z,LINK/USDT,buy,16.33216200,37.95374383,0.61986669,USDT
2023-11-11T20:30:00Z,LINK/USDT,sell,16.11393900,37.95374383,0.61158431,USDT
2023-11-11T20:45:00Z,LINK/USDT,buy,16.23611400,37.93044332,0.61584300,USDT
2023-11-11T21:30:00Z,LINK/USDT,sell,16.29284950,37.93044332,0.61799500,USDT
2023-11-11T21:45:00Z,LINK/USDT,buy,16.36117650,37.93492874,0.62066006,USDT
2023-11-11T22:00:00Z,LINK/USDT,stop_sell,16.16755504,37.93492874,0.61331505,USDT
2023-11-11T22:45:00Z,LINK/USDT,buy,16.22610900,38.27398222,0.62103781,USDT
2023-11-11T23:15:00Z,LINK/USDT,sell,16.15691750,38.27398222,0.61838957,USDT
2023-11-12T00:00:00Z,LINK/USDT,buy,16.52625900,37.72658521,0.62347932,USDT
2023-11-12T00:15:00Z,LINK/USDT,sell,16.30284450,37.72658521,0.61505065,USDT
2023-11-12T14:30:00Z,LINK/USDT,buy,15.90194700,38.92250613,0.61894363,USDT
2023-11-12T14:45:00Z,LINK/USDT,sell,15.77410900,38.92250613,0.61396785,USDT
2023-11-12T18:30:00Z,LINK/USDT,buy,15.79389300,39.28875144,0.62052234,USDT
2023-11-12T23:30:00Z,LINK/USDT,sell,15.85306950,39.28875144,0.62284731,USDT
2023-11-13T11:00:00Z,LINK/USDT,buy,15.30264750,40.46287458,0.61918911,USDT
2023-11-13T11:15:00Z,LINK/USDT,stop_sell,15.16380716,40.46287458,0.61357123,USDT
2023-11-13T18:45:00Z,LINK/USDT,buy,15.06352800,40.97882906,0.61728574,USDT
2023-11-13T19:00:00Z,LINK/USDT,sell,15.00749250,40.97882906,0.61498947,USDT
2023-11-13T19:30:00Z,LINK/USDT,buy,15.10154700,40.97369986,0.61876625,USDT
2023-11-13T20:45:00Z,LINK/USDT,sell,14.94452400,40.97369986,0.61233244,USDT
2023-11-14T02:00:00Z,LINK/USDT,buy,14.73036150,42.24336461,0.62226003,USDT
2023-11-14T02:45:00Z,LINK/USDT,sell,14.59769750,42.24336461,0.61665586,USDT
2023-11-14T07:00:00Z,LINK/USDT,buy,14.72435850,41.82542828,0.61585260,USDT
2023-11-14T07:15:00Z,LINK/USDT,sell,14.71064100,41.82542828,0.61527886,USDT
2023-11-14T17:30:00Z,LINK/USDT,buy,14.21510400,43.11918317,0.61294367,USDT
2023-11-14T17:45:00Z,LINK/USDT,sell,14.17890700,43.11918317,0.61138289,USDT
2023-11-14T20:15:00Z,LINK/USDT,buy,14.20409850,43.48659084,0.61768782,USDT
2023-11-14T21:00:00Z,LINK/USDT,sell,14.11593850,43.48659084,0.61385404,USDT
2023-11-15T04:15:00Z,LINK/USDT,buy,14.28413850,43.00314836,0.61426293,USDT
2023-11-15T13:15:00Z,LINK/USDT,sell,14.82958150,43.00314836,0.63771869,USDT
2023-11-16T09:15:00Z,LINK/USDT,buy,14.76838050,41.83109455,0.61777752,USDT
2023-11-16T09:30:00Z,LINK/USDT,sell,14.77560850,41.83109455,0.61807988,USDT
2023-11-16T10:15:00Z,LINK/USDT,buy,14.78238750,41.82604005,0.61828873,USDT
2023-11-16T10:30:00Z,LINK/USDT,sell,14.79559850,41.82604005,0.61884130,USDT
2023-11-17T00:00:00Z,LINK/USDT,buy,13.88293800,44.40711293,0.61650120,USDT
2023-11-17T02:45:00Z,LINK/USDT,sell,14.05996650,44.40711293,0.62436252,USDT
2023-11-17T03:00:00Z,LINK/USDT,buy,14.06102700,44.02438876,0.61902812,USDT
2023-11-17T03:15:00Z,LINK/USDT,sell,13.94802250,44.02438876,0.61405316,USDT
2023-11-17T17:15:00Z,LINK/USDT,buy,13.34066700,46.33410591,0.61812788,USDT
2023-11-17T17:30:00Z,LINK/USDT,sell,13.30534400,46.33410591,0.61649122,USDT
2023-11-17T18:15:00Z,LINK/USDT,buy,13.57378350,45.53839058,0.61812825,USDT
2023-11-17T19:15:00Z,LINK/USDT,sell,13.56421450,45.53839058,0.61769250,USDT
2023-11-17T19:30:00Z,LINK/USDT,buy,13.53276300,45.65980645,0.61790334,USDT
2023-11-18T00:30:00Z,LINK/USDT,sell,13.56521400,45.65980645,0.61938505,USDT
2023-11-18T01:30:00Z,LINK/USDT,buy,13.57378350,45.62751887,0.61933806,USDT
2023-11-18T02:00:00Z,LINK/USDT,sell,13.43827750,45.62751887,0.61315526,USDT
2023-11-18T10:30:00Z,LINK/USDT,buy,13.46072700,45.76627145,0.61604729,USDT
2023-11-18T11:30:00Z,LINK/USDT,stop_sell,13.36474286,45.76627145,0.61165445,USDT
2023-11-18T16:15:00Z,LINK/USDT,buy,13.66683000,45.17336279,0.61737667,USDT
2023-11-18T21:30:00Z,LINK/USDT,sell,13.65017150,45.17336279,0.61662415,USDT
2023-11-18T21:45:00Z,LINK/USDT,buy,13.67183250,45.10884062,0.61672051,USDT
2023-11-18T22:00:00Z,LINK/USDT,stop_sell,13.57913561,45.10884062,0.61253906,USDT
2023-11-18T22:45:00Z,LINK/USDT,buy,13.67083200,45.10356962,0.61660332,USDT
2023-11-19T00:00:00Z,LINK/USDT,sell,13.72813250,45.10356962,0.61918778,USDT
2023-11-19T03:00:00Z,LINK/USDT,buy,13.63881600,45.03233269,0.61418770,USDT
2023-11-19T10:30:00Z,LINK/USDT,sell,14.15991650,45.03233269,0.63765407,USDT
2023-11-19T12:00:00Z,LINK/USDT,buy,14.20409850,43.5269113,0.61826054,USDT
2023-11-19T12:15:00Z,LINK/USDT,stop_sell,14.11411798,43.5269113,0.61434396,USDT
2023-11-19T16:45:00Z,LINK/USDT,buy,14.20409850,43.49176387,0.61776130,USDT
2023-11-19T17:00:00Z,LINK/USDT,sell,14.21089100,43.49176387,0.61805672,USDT
2023-11-19T18:15:00Z,LINK/USDT,buy,14.24511900,43.60933387,0.62122015,USDT
2023-11-20T00:30:00Z,LINK/USDT,sell,14.83058100,43.60933387,0.64675176,USDT
2023-11-20T01:00:00Z,LINK/USDT,buy,14.89844550,41.59011688,0.61962809,USDT
2023-11-20T02:00:00Z,LINK/USDT,sell,14.99749750,41.59011688,0.62374767,USDT
2023-11-20T03:45:00Z,LINK/USDT,buy,14.86943100,41.55533753,0.61790422,USDT
2023-11-20T06:15:00Z,LINK/USDT,sell,14.94752250,41.55533753,0.62114934,USDT
2023-11-20T06:45:00Z,LINK/USDT,buy,15.02951100,41.26166938,0.62014271,USDT
2023-11-20T07:30:00Z,LINK/USDT,sell,15.05147050,41.26166938,0.62104880,USDT
2023-11-20T08:00:00Z,LINK/USDT,buy,15.19059150,40.80883793,0.61991039,USDT
2023-11-20T08:30:00Z,LINK/USDT,stop_sell,15.05768168,40.80883793,0.61448649,USDT
2023-11-20T08:45:00Z,LINK/USDT,buy,15.13056150,41.15317651,0.62267067,USDT
2023-11-20T12:30:00Z,LINK/USDT,sell,15.10844200,41.15317651,0.62176038,USDT
2023-11-20T17:45:00Z,LINK/USDT,buy,15.10554900,41.18551887,0.62212987,USDT
2023-11-20T18:15:00Z,LINK/USDT,sell,14.88555350,41.18551887,0.61306924,USDT
2023-11-21T16:15:00Z,LINK/USDT,buy,14.21510400,43.29715604,0.61547358,USDT
2023-11-21T16:30:00Z,LINK/USDT,stop_sell,14.04283221,43.29715604,0.60801470,USDT
2023-11-22T03:15:00Z,LINK/USDT,buy,13.78789050,44.83111214,0.61812647,USDT
2023-11-22T09:15:00Z,LINK/USDT,sell,14.16091600,44.83111214,0.63484961,USDT
2023-11-22T12:00:00Z,LINK/USDT,buy,14.20109700,43.70869101,0.62071136,USDT
2023-11-22T13:15:00Z,LINK/USDT,sell,14.15192050,43.70869101,0.61856192,USDT
2023-11-22T13:45:00Z,LINK/USDT,buy,14.27313300,43.4501106,0.62016921,USDT
2023-11-22T15:00:00Z,LINK/USDT,sell,14.12993150,43.4501106,0.61394709,USDT
2023-11-22T15:30:00Z,LINK/USDT,buy,14.28413850,43.40515141,0.62000519,USDT
2023-11-22T17:15:00Z,LINK/USDT,sell,14.20989150,43.40515141,0.61678249,USDT
2023-11-22T17:30:00Z,LINK/USDT,buy,14.31815550,43.25246329,0.61929550,USDT
2023-11-22T18:45:00Z,LINK/USDT,sell,14.43877700,43.25246329,0.62451267,USDT
2023-11-23T02:45:00Z,LINK/USDT,buy,14.40720000,42.91102559,0.61822773,USDT
2023-11-23T10:00:00Z,LINK/USDT,sell,14.55771750,42.91102559,0.62468659,USDT
2023-11-23T17:00:00Z,LINK/USDT,buy,14.46723000,42.75292608,0.61851641,USDT
2023-11-23T22:00:00Z,LINK/USDT,sell,14.59669800,42.75292608,0.62405155,USDT
2023-11-23T22:30:00Z,LINK/USDT,buy,14.62530900,42.3143191,0.61885999,USDT
2023-11-23T22:45:00Z,LINK/USDT,stop_sell,14.57395938,42.3143191,0.61668717,USDT
2023-11-24T06:30:00Z,LINK/USDT,buy,14.37718500,42.93299402,0.61725560,USDT
2023-11-24T06:30:00Z,LINK/USDT,stop_sell,14.36281500,42.93299402,0.61663865,USDT
2023-11-24T06:45:00Z,LINK/USDT,buy,14.37418350,43.00632989,0.61818088,USDT
2023-11-24T06:45:00Z,LINK/USDT,stop_sell,14.33946954,43.00632989,0.61668796,USDT
2023-11-24T10:15:00Z,LINK/USDT,buy,14.53326300,42.53540004,0.61817816,USDT
2023-11-24T11:00:00Z,LINK/USDT,stop_sell,14.45012846,42.53540004,0.61464199,USDT
2023-11-24T17:15:00Z,LINK/USDT,buy,14.60629950,42.36914154,0.61885637,USDT
2023-11-24T18:15:00Z,LINK/USDT,stop_sell,14.43213746,42.36914154,0.61147727,USDT
2023-11-24T19:15:00Z,LINK/USDT,buy,14.37618450,42.80054701,0.61530856,USDT
2023-11-24T19:30:00Z,LINK/USDT,sell,14.34982150,42.80054701,0.61418021,USDT
2023-11-25T00:00:00Z,LINK/USDT,buy,14.47323300,42.56594577,0.61606685,USDT
2023-11-25T00:00:00Z,LINK/USDT,stop_sell,14.38723136,42.56594577,0.61240611,USDT
2023-11-25T00:45:00Z,LINK/USDT,buy,14.46622950,42.66558566,0.61721015,USDT
2023-11-25T09:15:00Z,LINK/USDT,sell,14.75761750,42.66558566,0.62964239,USDT
2023-11-25T09:30:00Z,LINK/USDT,buy,14.76037650,41.79861498,0.61696329,USDT
2023-11-25T11:30:00Z,LINK/USDT,stop_sell,14.68479679,41.79861498,0.61380417,USDT
2023-11-25T12:00:00Z,LINK/USDT,buy,14.73936600,41.89399977,0.61749100,USDT
2023-11-25T13:00:00Z,LINK/USDT,sell,14.76961150,41.89399977,0.61875810,USDT
2023-11-25T13:15:00Z,LINK/USDT,buy,14.73336300,41.74107242,0.61498637,USDT
2023-11-25T13:30:00Z,LINK/USDT,sell,14.70164550,41.74107242,0.61366245,USDT
2023-11-25T14:00:00Z,LINK/USDT,buy,14.73736500,41.7866374,0.61582493,USDT
2023-11-25T14:15:00Z,LINK/USDT,sell,14.68465400,41.7866374,0.61362231,USDT
2023-11-26T00:00:00Z,LINK/USDT,buy,14.77738500,41.78502077,0.61747334,USDT
2023-11-26T00:00:00Z,LINK/USDT,stop_sell,14.70621464,41.78502077,0.61449948,USDT
2023-11-26T00:30:00Z,LINK/USDT,buy,14.82340800,41.69436782,0.61805263,USDT
2023-11-26T01:15:00Z,LINK/USDT,stop_sell,14.71221164,41.69436782,0.61341636,USDT
2023-11-26T01:30:00Z,LINK/USDT,buy,14.72135700,41.79555726,0.61528732,USDT
2023-11-26T01:45:00Z,LINK/USDT,stop_sell,14.64210386,41.79555726,0.61197489,USDT
2023-11-26T03:30:00Z,LINK/USDT,buy,14.81040150,41.61266295,0.61630025,USDT
2023-11-26T12:30:00Z,LINK/USDT,sell,15.10144550,41.61266295,0.62841136,USDT
2023-11-26T13:00:00Z,LINK/USDT,buy,15.12155700,40.65126757,0.61471046,USDT
2023-11-26T13:15:00Z,LINK/USDT,sell,15.11443900,40.65126757,0.61442110,USDT
2023-11-27T02:00:00Z,LINK/USDT,buy,15.05652450,40.89693425,0.61576569,USDT
2023-11-27T02:30:00Z,LINK/USDT,stop_sell,14.92299906,40.89693425,0.61030491,USDT
2023-11-27T02:45:00Z,LINK/USDT,buy,14.89344300,41.2780307,0.61477200,USDT
2023-11-27T03:15:00Z,LINK/USDT,stop_sell,14.76390007,41.2780307,0.60942472,USDT
2023-11-27T05:00:00Z,LINK/USDT,buy,14.79639450,41.61402123,0.61573747,USDT
2023-11-27T05:15:00Z,LINK/USDT,sell,14.74762250,41.61402123,0.61370788,USDT
2023-11-27T15:30:00Z,LINK/USDT,buy,14.26713000,43.01416854,0.61368873,USDT
2023-11-27T15:45:00Z,LINK/USDT,stop_sell,14.17151784,43.01416854,0.60957606,USDT
2023-11-27T17:15:00Z,LINK/USDT,buy,14.28013650,43.02946576,0.61446664,USDT
2023-11-27T17:30:00Z,LINK/USDT,sell,14.26586350,43.02946576,0.61385249,USDT
2023-11-28T00:15:00Z,LINK/USDT,buy,14.17108200,43.35019532,0.61431917,USDT
2023-11-28T04:00:00Z,LINK/USDT,sell,14.15891700,43.35019532,0.61379182,USDT
2023-11-28T09:45:00Z,LINK/USDT,buy,14.09804550,43.47533493,0.61291725,USDT
2023-11-28T17:15:00Z,LINK/USDT,sell,14.43777750,43.47533493,0.62768721,USDT
2023-11-29T00:45:00Z,LINK/USDT,buy,14.60529900,42.16635202,0.61585218,USDT
2023-11-29T01:45:00Z,LINK/USDT,sell,14.60869200,42.16635202,0.61599525,USDT
2023-11-29T20:00:00Z,LINK/USDT,buy,14.66132700,42.17194621,0.61829669,USDT
2023-11-29T20:30:00Z,LINK/USDT,sell,14.53972650,42.17194621,0.61316856,USDT
2023-11-29T21:15:00Z,LINK/USDT,buy,14.54026650,42.27041476,0.61462310,USDT
2023-11-29T21:45:00Z,LINK/USDT,sell,14.49474900,42.27041476,0.61269905,USDT
2023-11-29T22:00:00Z,LINK/USDT,buy,14.53126200,42.34630388,0.61534524,USDT
2023-11-29T22:30:00Z,LINK/USDT,sell,14.57271000,42.34630388,0.61710041,USDT
2023-11-30T01:30:00Z,LINK/USDT,buy,14.49224250,42.32875572,0.61343859,USDT
2023-11-30T01:45:00Z,LINK/USDT,sell,14.47975650,42.32875572,0.61291008,USDT
2023-11-30T10:00:00Z,LINK/USDT,buy,14.59529400,42.07548328,0.61410405,USDT
2023-11-30T13:45:00Z,LINK/USDT,stop_sell,14.50677869,42.07548328,0.61037972,USDT
2023-11-30T14:00:00Z,LINK/USDT,buy,14.55127200,42.18421716,0.61383402,USDT
2023-11-30T14:00:00Z,LINK/USDT,stop_sell,14.43613546,42.18421716,0.60897707,USDT
2023-11-30T14:15:00Z,LINK/USDT,buy,14.49024150,42.34875275,0.61364365,USDT
2023-11-30T14:30:00Z,LINK/USDT,sell,14.43877700,42.34875275,0.61146420,USDT
2023-12-01T00:00:00Z,LINK/USDT,buy,14.42620950,42.51494118,0.61332945,USDT
2023-12-01T00:00:00Z,LINK/USDT,stop_sell,14.36677731,42.51494118,0.61080269,USDT
2023-12-01T00:45:00Z,LINK/USDT,buy,14.31515400,42.67173849,0.61085251,USDT
2023-12-01T01:00:00Z,LINK/USDT,sell,14.27985650,42.67173849,0.60934630,USDT
2023-12-01T01:15:00Z,LINK/USDT,buy,14.34616950,42.77275033,0.61362513,USDT
2023-12-01T09:30:00Z,LINK/USDT,sell,14.73362950,42.77275033,0.63019786,USDT
2023-12-01T10:00:00Z,LINK/USDT,buy,14.81040150,41.44842304,0.61386779,USDT
2023-12-01T10:15:00Z,LINK/USDT,sell,14.79559850,41.44842304,0.61325423,USDT
2023-12-01T11:45:00Z,LINK/USDT,buy,14.80740000,41.33794404,0.61210747,USDT
2023-12-01T11:45:00Z,LINK/USDT,stop_sell,14.79260000,41.33794404,0.61149567,USDT
2023-12-01T12:45:00Z,LINK/USDT,buy,14.77738500,41.48460524,0.61303398,USDT
2023-12-01T14:00:00Z,LINK/USDT,stop_sell,14.72045752,41.48460524,0.61067237,USDT
2023-12-01T14:30:00Z,LINK/USDT,buy,14.79139200,41.48765439,0.61366016,USDT
2023-12-01T14:45:00Z,LINK/USDT,sell,14.77161050,41.48765439,0.61283947,USDT
2023-12-01T15:15:00Z,LINK/USDT,buy,14.82240750,41.38972839,0.61349542,USDT
2023-12-01T18:30:00Z,LINK/USDT,stop_sell,14.73241582,41.38972839,0.60977069,USDT
2023-12-01T18:45:00Z,LINK/USDT,buy,14.88343800,41.16835701,0.61272669,USDT
2023-12-01T20:30:00Z,LINK/USDT,sell,14.94052600,41.16835701,0.61507691,USDT
2023-12-01T23:00:00Z,LINK/USDT,buy,14.91645450,40.91311683,0.61027865,USDT
2023-12-01T23:00:00Z,LINK/USDT,stop_sell,14.90154550,40.91311683,0.60966867,USDT
2023-12-01T23:30:00Z,LINK/USDT,buy,14.96247750,40.93888744,0.61254718,USDT
2023-12-02T12:00:00Z,LINK/USDT,sell,15.63317950,40.93888744,0.64000498,USDT
2023-12-02T17:30:00Z,LINK/USDT,buy,15.71085150,39.13261353,0.61480668,USDT
2023-12-02T22:30:00Z,LINK/USDT,sell,16.04797200,39.13261353,0.62799909,USDT
2023-12-03T07:30:00Z,LINK/USDT,buy,16.06002600,38.36998976,0.61622303,USDT
2023-12-03T11:15:00Z,LINK/USDT,stop_sell,15.95558964,38.36998976,0.61221581,USDT
2023-12-03T19:45:00Z,LINK/USDT,buy,15.82490850,38.86239576,0.61499386,USDT
2023-12-03T20:15:00Z,LINK/USDT,sell,15.84307450,38.86239576,0.61569983,USDT
2023-12-03T20:45:00Z,LINK/USDT,buy,15.85692450,38.79845018,0.61522410,USDT
2023-12-03T21:15:00Z,LINK/USDT,stop_sell,15.78710250,38.79845018,0.61251511,USDT
2023-12-03T21:30:00Z,LINK/USDT,buy,15.84391800,38.81286293,0.61494782,USDT
2023-12-03T21:45:00Z,LINK/USDT,sell,15.84007600,38.81286293,0.61479870,USDT
2023-12-03T22:00:00Z,LINK/USDT,buy,15.89194200,38.69837457,0.61499232,USDT
2023-12-03T23:15:00Z,LINK/USDT,sell,15.96901150,38.69837457,0.61797479,USDT
2023-12-04T07:00:00Z,LINK/USDT,buy,16.24111650,37.98011295,0.61683944,USDT
2023-12-04T09:00:00Z,LINK/USDT,sell,16.15092050,37.98011295,0.61341378,USDT
2023-12-04T16:45:00Z,LINK/USDT,buy,15.63581400,39.29996003,0.61448687,USDT
2023-12-04T17:30:00Z,LINK/USDT,sell,15.57520850,39.29996003,0.61210507,USDT
2023-12-04T19:00:00Z,LINK/USDT,buy,15.61580400,39.27646673,0.61333361,USDT
2023-12-04T21:00:00Z,LINK/USDT,sell,15.62318450,39.27646673,0.61362349,USDT
2023-12-05T00:15:00Z,LINK/USDT,buy,15.76587900,38.96014966,0.61424101,USDT
2023-12-05T02:00:00Z,LINK/USDT,stop_sell,15.65673914,38.96014966,0.60998890,USDT
2023-12-05T02:15:00Z,LINK/USDT,buy,15.65782500,39.21605289,0.61403809,USDT
2023-12-05T03:15:00Z,LINK/USDT,sell,15.75112050,39.21605289,0.61769677,USDT
2023-12-05T03:30:00Z,LINK/USDT,buy,15.72585900,38.9421973,0.61239950,USDT
2023-12-05T04:00:00Z,LINK/USDT,stop_sell,15.59177164,38.9421973,0.60717785,USDT
2023-12-05T15:45:00Z,LINK/USDT,buy,15.51175200,39.54945746,0.61348138,USDT
2023-12-05T16:00:00Z,LINK/USDT,sell,15.49624800,39.54945746,0.61286820,USDT
2023-12-06T01:00:00Z,LINK/USDT,buy,16.09204200,38.12360861,0.61348671,USDT
2023-12-06T01:30:00Z,LINK/USDT,stop_sell,15.89279962,38.12360861,0.60589087,USDT
2023-12-06T11:30:00Z,LINK/USDT,buy,15.56677950,39.1135362,0.60887179,USDT
2023-12-06T11:30:00Z,LINK/USDT,stop_sell,15.45237709,39.1135362,0.60439711,USDT
2023-12-06T17:15:00Z,LINK/USDT,buy,15.61680450,39.24742611,0.61291938,USDT
2023-12-06T17:45:00Z,LINK/USDT,sell,15.63917650,39.24742611,0.61379742,USDT
2023-12-06T19:15:00Z,LINK/USDT,buy,15.71585400,38.95081992,0.61214540,USDT
2023-12-06T20:45:00Z,LINK/USDT,stop_sell,15.58855896,38.95081992,0.60718715,USDT
2023-12-07T04:45:00Z,LINK/USDT,buy,15.62280750,39.15366165,0.61169012,USDT
2023-12-07T06:00:00Z,LINK/USDT,stop_sell,15.51837979,39.15366165,0.60760139,USDT
2023-12-07T06:30:00Z,LINK/USDT,buy,15.60379800,39.19927054,0.61165750,USDT
2023-12-07T08:15:00Z,LINK/USDT,stop_sell,15.47772156,39.19927054,0.60671539,USDT
2023-12-07T08:45:00Z,LINK/USDT,buy,15.54476850,39.46901547,0.61353671,USDT
2023-12-07T09:00:00Z,LINK/USDT,sell,15.41628800,39.46901547,0.60846571,USDT
2023-12-08T09:00:00Z,LINK/USDT,buy,15.97298250,38.24696514,0.61091810,USDT
2023-12-08T18:30:00Z,LINK/USDT,sell,16.63967600,38.24696514,0.63641711,USDT
2023-12-08T23:45:00Z,LINK/USDT,buy,16.90344750,36.21571391,0.61217042,USDT
2023-12-09T01:00:00Z,LINK/USDT,stop_sell,16.77742852,36.21571391,0.60760655,USDT
2023-12-09T04:45:00Z,LINK/USDT,buy,16.99449300,36.05601197,0.61275364,USDT
2023-12-09T05:15:00Z,LINK/USDT,sell,16.99949600,36.05601197,0.61293403,USDT
2023-12-09T19:30:00Z,LINK/USDT,buy,16.60229700,36.81087319,0.61114505,USDT
2023-12-09T20:15:00Z,LINK/USDT,stop_sell,16.47554382,36.81087319,0.60647915,USDT
2023-12-09T21:30:00Z,LINK/USDT,buy,16.49724450,37.04575714,0.61115291,USDT
2023-12-09T22:45:00Z,LINK/USDT,stop_sell,16.38833744,37.04575714,0.60711837,USDT
2023-12-10T05:00:00Z,LINK/USDT,buy,16.39819500,37.24388434,0.61073248,USDT
2023-12-10T05:30:00Z,LINK/USDT,sell,16.40579300,37.24388434,0.61101546,USDT
2023-12-10T06:00:00Z,LINK/USDT,buy,16.40920050,37.25066602,0.61125365,USDT
2023-12-10T06:15:00Z,LINK/USDT,sell,16.34982100,37.25066602,0.60904172,USDT
2023-12-10T18:15:00Z,LINK/USDT,buy,16.09104150,37.95903341,0.61080038,USDT
2023-12-11T01:00:00Z,LINK/USDT,sell,16.17590800,37.95903341,0.61402183,USDT
2023-12-11T07:30:00Z,LINK/USDT,buy,15.00049650,40.7449633,0.61119468,USDT
2023-12-11T07:45:00Z,LINK/USDT,sell,14.91853700,40.7449633,0.60785524,USDT
2023-12-11T13:00:00Z,LINK/USDT,buy,15.00750000,40.77506427,0.61193178,USDT
2023-12-11T13:30:00Z,LINK/USDT,stop_sell,14.85132062,40.77506427,0.60556355,USDT
2023-12-11T22:15:00Z,LINK/USDT,buy,14.80039650,41.23626252,0.61031304,USDT
2023-12-12T01:00:00Z,LINK/USDT,sell,14.83457900,41.23626252,0.61172259,USDT
2023-12-12T01:30:00Z,LINK/USDT,buy,14.96748000,40.79276785,0.61056494,USDT
2023-12-12T04:00:00Z,LINK/USDT,sell,14.97850700,40.79276785,0.61101476,USDT
2023-12-12T05:30:00Z,LINK/USDT,buy,14.95547400,40.75588975,0.60952365,USDT
2023-12-12T05:45:00Z,LINK/USDT,stop_sell,14.84257500,40.75588975,0.60492235,USDT
2023-12-12T13:15:00Z,LINK/USDT,buy,14.95347300,40.57276595,0.60670376,USDT
2023-12-12T13:15:00Z,LINK/USDT,stop_sell,14.92881757,40.57276595,0.60570342,USDT
2023-12-12T13:45:00Z,LINK/USDT,buy,15.06152700,40.42624955,0.60888105,USDT
2023-12-12T14:15:00Z,LINK/USDT,stop_sell,14.92953150,40.42624955,0.60354497,USDT
2023-12-12T22:15:00Z,LINK/USDT,buy,14.31015150,42.50037604,0.60818682,USDT
2023-12-12T22:30:00Z,LINK/USDT,sell,14.32983150,42.50037604,0.60902323,USDT
2023-12-13T06:15:00Z,LINK/USDT,buy,14.22010650,42.82149558,0.60892623,USDT
2023-12-13T06:30:00Z,LINK/USDT,sell,14.14692300,42.82149558,0.60579240,USDT
2023-12-13T06:45:00Z,LINK/USDT,buy,14.10304800,42.93306006,0.60548701,USDT
2023-12-13T06:45:00Z,LINK/USDT,stop_sell,14.07024707,42.93306006,0.60407876,USDT
2023-12-13T07:15:00Z,LINK/USDT,buy,14.14306800,42.92129635,0.60703881,USDT
2023-12-13T09:45:00Z,LINK/USDT,sell,14.26786250,42.92129635,0.61239515,USDT
2023-12-13T10:00:00Z,LINK/USDT,buy,14.28213750,42.57765744,0.60809996,USDT
2023-12-13T10:15:00Z,LINK/USDT,sell,14.24587350,42.57765744,0.60655592,USDT
2023-12-14T01:15:00Z,LINK/USDT,buy,14.85042150,40.91416596,0.60759261,USDT
2023-12-14T02:00:00Z,LINK/USDT,stop_sell,14.72831073,40.91416596,0.60259655,USDT
2023-12-14T04:15:00Z,LINK/USDT,buy,14.79439350,41.01052926,0.60672591,USDT
2023-12-14T04:30:00Z,LINK/USDT,stop_sell,14.66766250,41.01052926,0.60152860,USDT
2023-12-14T05:15:00Z,LINK/USDT,buy,14.71335300,41.23216775,0.60666344,USDT
2023-12-14T06:00:00Z,LINK/USDT,sell,14.81358950,41.23216775,0.61079641,USDT
2023-12-14T06:15:00Z,LINK/USDT,buy,14.89144200,40.74942317,0.60681767,USDT
2023-12-14T07:00:00Z,LINK/USDT,stop_sell,14.79456331,40.74942317,0.60286992,USDT
2023-12-14T14:00:00Z,LINK/USDT,buy,14.96948100,40.43928412,0.60535510,USDT
2023-12-14T14:00:00Z,LINK/USDT,stop_sell,14.78563919,40.43928412,0.59792066,USDT
2023-12-14T14:30:00Z,LINK/USDT,buy,15.11055150,40.08312149,0.60567807,USDT
2023-12-14T15:30:00Z,LINK/USDT,sell,14.93552850,40.08312149,0.59866260,USDT
2023-12-14T17:15:00Z,LINK/USDT,buy,15.30865050,39.56309842,0.60565765,USDT
2023-12-14T22:00:00Z,LINK/USDT,sell,15.31833700,39.56309842,0.60604087,USDT
2023-12-16T05:00:00Z,LINK/USDT,buy,14.49824550,41.71071335,0.60473216,USDT
2023-12-16T07:15:00Z,LINK/USDT,stop_sell,14.44320336,41.71071335,0.60243632,USDT
2023-12-16T09:15:00Z,LINK/USDT,buy,14.50825050,41.59674935,0.60349606,USDT
2023-12-16T09:45:00Z,LINK/USDT,stop_sell,14.48775250,41.59674935,0.60264341,USDT
2023-12-17T09:30:00Z,LINK/USDT,buy,14.17708500,42.4110595,0.60126520,USDT
2023-12-17T09:45:00Z,LINK/USDT,sell,14.25586850,42.4110595,0.60460649,USDT
2023-12-17T10:30:00Z,LINK/USDT,buy,14.22811050,42.48862252,0.60453282,USDT
2023-12-17T11:15:00Z,LINK/USDT,sell,14.24187550,42.48862252,0.60511767,USDT
2023-12-17T11:30:00Z,LINK/USDT,buy,14.25612450,42.43442292,0.60495042,USDT
2023-12-17T12:00:00Z,LINK/USDT,stop_sell,14.16830516,42.43442292,0.60122385,USDT
2023-12-17T12:15:00Z,LINK/USDT,buy,14.22010650,42.65218276,0.60651858,USDT
2023-12-17T13:15:00Z,LINK/USDT,sell,14.10994150,42.65218276,0.60181980,USDT
2023-12-17T13:30:00Z,LINK/USDT,buy,14.14006650,42.70322539,0.60382645,USDT
2023-12-17T13:45:00Z,LINK/USDT,sell,14.07096100,42.70322539,0.60087542,USDT
2023-12-17T16:00:00Z,LINK/USDT,buy,14.25612450,42.44256896,0.60506655,USDT
2023-12-17T16:15:00Z,LINK/USDT,sell,14.18590350,42.44256896,0.60208619,USDT
2023-12-17T16:45:00Z,LINK/USDT,buy,14.25812550,42.22596405,0.60206309,USDT
2023-12-17T17:15:00Z,LINK/USDT,sell,14.34082600,42.22596405,0.60555520,USDT
2023-12-18T06:30:00Z,LINK/USDT,buy,13.97298300,43.24084029,0.60420353,USDT
2023-12-18T07:45:00Z,LINK/USDT,stop_sell,13.89008719,43.24084029,0.60061904,USDT
2023-12-18T08:00:00Z,LINK/USDT,buy,13.91395350,43.47199215,0.60486728,USDT
2023-12-18T08:00:00Z,LINK/USDT,stop_sell,13.82308500,43.47199215,0.60091704,USDT
2023-12-18T08:30:00Z,LINK/USDT,buy,14.05002150,42.92231799,0.60305949,USDT
2023-12-18T09:15:00Z,LINK/USDT,stop_sell,13.94816529,42.92231799,0.59868759,USDT
2023-12-18T09:30:00Z,LINK/USDT,buy,13.99799550,42.8417196,0.59969820,USDT
2023-12-18T13:30:00Z,LINK/USDT,sell,14.08795250,42.8417196,0.60355211,USDT
2023-12-18T14:00:00Z,LINK/USDT,buy,14.17508400,42.48495615,0.60222782,USDT
2023-12-18T14:30:00Z,LINK/USDT,sell,14.24987150,42.48495615,0.60540517,USDT
2023-12-20T02:00:00Z,LINK/USDT,buy,14.03201250,42.73118991,0.59960459,USDT
2023-12-20T02:00:00Z,LINK/USDT,stop_sell,14.01738066,42.73118991,0.59897936,USDT
2023-12-20T02:45:00Z,LINK/USDT,buy,14.13006150,42.6663651,0.60287836,USDT
2023-12-20T04:30:00Z,LINK/USDT,sell,14.20689300,42.6663651,0.60615648,USDT
2023-12-20T05:00:00Z,LINK/USDT,buy,14.21610450,42.17908959,0.59962235,USDT
2023-12-20T05:15:00Z,LINK/USDT,sell,14.20189550,42.17908959,0.59902302,USDT
2023-12-20T07:45:00Z,LINK/USDT,buy,14.39719500,41.98968901,0.60453374,USDT
2023-12-20T11:30:00Z,LINK/USDT,sell,14.35381950,41.98968901,0.60271242,USDT
2023-12-21T13:15:00Z,LINK/USDT,buy,14.84341800,40.60824319,0.60276513,USDT
2023-12-21T15:00:00Z,LINK/USDT,stop_sell,14.66127284,40.60824319,0.59536853,USDT
2023-12-21T15:15:00Z,LINK/USDT,buy,14.79139200,40.64960357,0.60126422,USDT
2023-12-21T16:15:00Z,LINK/USDT,sell,14.92953150,40.64960357,0.60687954,USDT
2023-12-21T16:30:00Z,LINK/USDT,buy,15.02250750,40.14697151,0.60310818,USDT
2023-12-21T16:45:00Z,LINK/USDT,sell,14.96051600,40.14697151,0.60061941,USDT
2023-12-21T23:00:00Z,LINK/USDT,buy,15.19359300,39.48446751,0.59991093,USDT
2023-12-22T03:45:00Z,LINK/USDT,sell,15.21039100,39.48446751,0.60057419,USDT
2023-12-22T04:15:00Z,LINK/USDT,buy,15.32565900,39.32930686,0.60274755,USDT
2023-12-22T05:00:00Z,LINK/USDT,sell,15.43727750,39.32930686,0.60713742,USDT
2023-12-22T07:15:00Z,LINK/USDT,buy,15.38668950,39.18450115,0.60291975,USDT
2023-12-22T07:15:00Z,LINK/USDT,stop_sell,15.19200734,39.18450115,0.59529123,USDT
2023-12-22T08:15:00Z,LINK/USDT,buy,15.36167700,39.17933837,0.60186034,USDT
2023-12-22T08:30:00Z,LINK/USDT,stop_sell,15.13724902,39.17933837,0.59306740,USDT
2023-12-22T12:30:00Z,LINK/USDT,buy,15.29764500,39.35560774,0.60204812,USDT
2023-12-22T13:00:00Z,LINK/USDT,sell,15.11743750,39.35560774,0.59495594,USDT
2023-12-22T13:30:00Z,LINK/USDT,buy,15.22060650,39.26577115,0.59764885,USDT
2023-12-22T14:30:00Z,LINK/USDT,sell,15.16241500,39.26577115,0.59536392,USDT
2023-12-22T14:45:00Z,LINK/USDT,buy,15.35267250,39.04804772,0.59949189,USDT
2023-12-22T19:30:00Z,LINK/USDT,sell,15.37630800,39.04804772,0.60041481,USDT
2023-12-23T00:45:00Z,LINK/USDT,buy,15.39069150,38.94002297,0.59931388,USDT
2023-12-23T00:45:00Z,LINK/USDT,stop_sell,15.29813282,38.94002297,0.59570964,USDT
2023-12-23T11:45:00Z,LINK/USDT,buy,15.23161200,39.33172573,0.59908559,USDT
2023-12-23T20:00:00Z,LINK/USDT,sell,15.63817700,39.33172573,0.61507649,USDT
2023-12-24T10:00:00Z,LINK/USDT,buy,15.62180700,38.31460067,0.59854330,USDT
2023-12-24T10:15:00Z,LINK/USDT,stop_sell,15.59462736,38.31460067,0.59750192,USDT
2023-12-24T10:30:00Z,LINK/USDT,buy,15.57278250,38.50974883,0.59970394,USDT
2023-12-24T10:30:00Z,LINK/USDT,stop_sell,15.48143398,38.50974883,0.59618613,USDT
2023-12-24T10:45:00Z,LINK/USDT,buy,15.52976100,38.72422263,0.60137792,USDT
2023-12-24T15:00:00Z,LINK/USDT,sell,15.76211500,38.72422263,0.61037565,USDT
2023-12-24T15:15:00Z,LINK/USDT,buy,15.83991600,37.99133343,0.60177953,USDT
2023-12-24T16:15:00Z,LINK/USDT,sell,15.69514850,37.99133343,0.59627962,USDT
2023-12-25T03:30:00Z,LINK/USDT,buy,15.42070650,38.89569082,0.59979903,USDT
2023-12-25T07:00:00Z,LINK/USDT,sell,15.44127550,38.89569082,0.60059908,USDT
2023-12-25T07:15:00Z,LINK/USDT,buy,15.44071650,38.8054929,0.59918461,USDT
2023-12-25T07:15:00Z,LINK/USDT,stop_sell,15.39786864,38.8054929,0.59752188,USDT
2023-12-25T07:30:00Z,LINK/USDT,buy,15.42971100,38.94952871,0.60097997,USDT
2023-12-25T07:45:00Z,LINK/USDT,sell,15.40329450,38.94952871,0.59995106,USDT
2023-12-25T21:30:00Z,LINK/USDT,buy,15.33766500,38.99369342,0.59807221,USDT
2023-12-26T05:30:00Z,LINK/USDT,sell,15.49724750,38.99369342,0.60429492,USDT
2023-12-26T10:45:00Z,LINK/USDT,buy,15.27463350,39.14468718,0.59792075,USDT
2023-12-26T15:00:00Z,LINK/USDT,stop_sell,15.21456748,39.14468718,0.59556948,USDT
2023-12-26T23:00:00Z,LINK/USDT,buy,15.06352800,39.75438953,0.59884136,USDT
2023-12-27T00:30:00Z,LINK/USDT,stop_sell,14.98939441,39.75438953,0.59589422,USDT
2023-12-27T07:15:00Z,LINK/USDT,buy,14.89244250,40.26673005,0.59966996,USDT
2023-12-27T20:00:00Z,LINK/USDT,sell,16.28485350,40.26673005,0.65573780,USDT
2023-12-27T20:15:00Z,LINK/USDT,buy,16.34016600,36.88137709,0.60264782,USDT
2023-12-27T20:30:00Z,LINK/USDT,sell,16.29185000,36.88137709,0.60086586,USDT
2023-12-28T02:30:00Z,LINK/USDT,buy,17.33866500,34.81885701,0.60371250,USDT
2023-12-28T06:15:00Z,LINK/USDT,sell,17.21638750,34.81885701,0.59945493,USDT
2023-12-28T19:30:00Z,LINK/USDT,buy,16.43121150,36.66521281,0.60245387,USDT
2023-12-28T21:30:00Z,LINK/USDT,sell,16.31583800,36.66521281,0.59822367,USDT
2023-12-29T12:00:00Z,LINK/USDT,buy,16.19909550,37.14965681,0.60179084,USDT
2023-12-29T12:15:00Z,LINK/USDT,stop_sell,16.12893150,37.14965681,0.59918427,USDT
2023-12-29T13:00:00Z,LINK/USDT,buy,16.09104150,37.55488513,0.60429722,USDT
2023-12-29T13:15:00Z,LINK/USDT,stop_sell,15.95905219,37.55488513,0.59934037,USDT
2023-12-29T21:15:00Z,LINK/USDT,buy,15.61380300,38.60085991,0.60270622,USDT
2023-12-29T21:45:00Z,LINK/USDT,stop_sell,15.46126550,38.60085991,0.59681814,USDT
2023-12-29T22:00:00Z,LINK/USDT,buy,15.40669950,39.06601557,0.60187836,USDT
2023-12-29T22:15:00Z,LINK/USDT,sell,15.30734250,39.06601557,0.59799688,USDT
2023-12-29T22:45:00Z,LINK/USDT,buy,15.40569900,38.99900473,0.60080693,USDT
2023-12-29T23:00:00Z,LINK/USDT,sell,15.37330950,38.99900473,0.59954377,USDT
2023-12-30T07:00:00Z,LINK/USDT,buy,15.39069150,38.91541941,0.59893521,USDT
2023-12-30T07:30:00Z,LINK/USDT,stop_sell,15.35003543,38.91541941,0.59735307,USDT
2023-12-30T07:45:00Z,LINK/USDT,buy,15.34366800,39.0936611,0.59984016,USDT
2023-12-30T08:00:00Z,LINK/USDT,sell,15.30334450,39.0936611,0.59826376,USDT
2023-12-30T08:15:00Z,LINK/USDT,buy,15.24661950,39.28141504,0.59890879,USDT
2023-12-30T08:15:00Z,LINK/USDT,stop_sell,15.20121702,39.28141504,0.59712531,USDT
2023-12-30T17:15:00Z,LINK/USDT,buy,15.29464350,39.24009968,0.60016334,USDT
2023-12-30T19:00:00Z,LINK/USDT,sell,15.25336950,39.24009968,0.59854374,USDT
2023-12-31T00:45:00Z,LINK/USDT,buy,15.31665450,39.15869689,0.59978023,USDT
2023-12-31T01:30:00Z,LINK/USDT,sell,15.22138550,39.15869689,0.59604962,USDT
2023-12-31T02:30:00Z,LINK/USDT,buy,15.17058150,39.36445299,0.59718164,USDT
2023-12-31T02:30:00Z,LINK/USDT,stop_sell,15.13214443,39.36445299,0.59566859,USDT
2023-12-31T13:30:00Z,LINK/USDT,buy,15.31265250,39.11624092,0.59897340,USDT
2023-12-31T14:30:00Z,LINK/USDT,sell,15.34432400,39.11624092,0.60021227,USDT
2023-12-31T15:00:00Z,LINK/USDT,buy,15.38268750,38.99414577,0.59983476,USDT
2023-12-31T15:45:00Z,LINK/USDT,sell,15.29834700,38.99414577,0.59654597,USDT
2024-01-01T01:45:00Z,LINK/USDT,buy,15.16157700,39.37343287,0.59696333,USDT
2024-01-01T02:00:00Z,LINK/USDT,sell,15.10344450,39.37343287,0.59467446,USDT
2024-01-01T07:45:00Z,LINK/USDT,buy,15.17358300,39.46419002,0.59881316,USDT
2024-01-01T12:45:00Z,LINK/USDT,sell,15.25237000,39.46419002,0.60192243,USDT
2024-01-02T06:30:00Z,LINK/USDT,buy,15.85992600,37.73363322,0.59845263,USDT
2024-01-02T06:45:00Z,LINK/USDT,sell,15.83907650,37.73363322,0.59766590,USDT
2024-01-02T12:45:00Z,LINK/USDT,buy,15.87993600,37.65474001,0.59795486,USDT
2024-01-02T12:45:00Z,LINK/USDT,stop_sell,15.77260975,37.65474001,0.59391352,USDT
2024-01-03T00:15:00Z,LINK/USDT,buy,15.24762000,39.18275977,0.59744383,USDT
2024-01-03T00:15:00Z,LINK/USDT,stop_sell,15.18244069,39.18275977,0.59488993,USDT
2024-01-03T00:45:00Z,LINK/USDT,buy,15.27463350,39.11694087,0.59749694,USDT
2024-01-03T10:15:00Z,LINK/USDT,sell,15.43627800,39.11694087,0.60381997,USDT
2024-01-03T17:00:00Z,LINK/USDT,buy,14.05802550,42.39210638,0.59594931,USDT
2024-01-03T18:45:00Z,LINK/USDT,stop_sell,13.88923048,42.39210638,0.58879374,USDT
2024-01-03T19:00:00Z,LINK/USDT,buy,13.90695000,42.86466702,0.59611678,USDT
2024-01-04T00:00:00Z,LINK/USDT,sell,14.13592850,42.86466702,0.60593187,USDT
2024-01-04T00:15:00Z,LINK/USDT,buy,14.29214250,41.89738717,0.59880343,USDT
2024-01-04T00:45:00Z,LINK/USDT,stop_sell,14.16259373,41.89738717,0.59337567,USDT
2024-01-04T03:45:00Z,LINK/USDT,buy,14.29814550,41.82801223,0.59806300,USDT
2024-01-04T08:00:00Z,LINK/USDT,sell,14.32183550,41.82801223,0.59905391,USDT
2024-01-04T08:30:00Z,LINK/USDT,buy,14.28013650,41.74206862,0.59608244,USDT
2024-01-04T08:45:00Z,LINK/USDT,sell,14.24887200,41.74206862,0.59477739,USDT
2024-01-04T15:45:00Z,LINK/USDT,buy,14.63731500,40.75106569,0.59648619,USDT
2024-01-04T16:00:00Z,LINK/USDT,sell,14.64367450,40.75106569,0.59674534,USDT
2024-01-05T07:45:00Z,LINK/USDT,buy,14.44621950,41.37295594,0.59768280,USDT
2024-01-05T10:45:00Z,LINK/USDT,stop_sell,14.32040764,41.37295594,0.59247759,USDT
2024-01-05T11:00:00Z,LINK/USDT,buy,14.41720500,41.44378081,0.59750348,USDT
2024-01-05T11:00:00Z,LINK/USDT,stop_sell,14.27400229,41.44378081,0.59156862,USDT
2024-01-05T11:15:00Z,LINK/USDT,buy,14.32215750,41.71143175,0.59739770,USDT
2024-01-05T12:00:00Z,LINK/USDT,sell,14.18290500,41.71143175,0.59158927,USDT
2024-01-06T10:45:00Z,LINK/USDT,buy,13.59679500,43.82288879,0.59585084,USDT
2024-01-06T12:45:00Z,LINK/USDT,stop_sell,13.46726300,43.82288879,0.59017437,USDT
2024-01-06T13:15:00Z,LINK/USDT,buy,13.49874600,44.2548965,0.59738561,USDT
2024-01-06T13:30:00Z,LINK/USDT,stop_sell,13.37837889,44.2548965,0.59205877,USDT
2024-01-06T16:00:00Z,LINK/USDT,buy,13.63981650,43.65089604,0.59539021,USDT
2024-01-06T16:45:00Z,LINK/USDT,sell,13.58520400,43.65089604,0.59300633,USDT
2024-01-07T01:30:00Z,LINK/USDT,buy,13.62580950,43.60747591,0.59418716,USDT
2024-01-07T02:30:00Z,LINK/USDT,stop_sell,13.52576944,43.60747591,0.58982467,USDT
2024-01-07T02:45:00Z,LINK/USDT,buy,13.52375850,43.93296519,0.59413881,USDT
2024-01-07T03:00:00Z,LINK/USDT,sell,13.43427950,43.93296519,0.59020773,USDT
2024-01-07T04:45:00Z,LINK/USDT,buy,13.69684500,43.31901095,0.59333378,USDT
2024-01-07T08:30:00Z,LINK/USDT,stop_sell,13.60251677,43.31901095,0.58924757,USDT
2024-01-07T08:45:00Z,LINK/USDT,buy,13.58879100,43.56828091,0.59204026,USDT
2024-01-07T08:45:00Z,LINK/USDT,stop_sell,13.55782484,43.56828091,0.59069112,USDT
2024-01-07T20:15:00Z,LINK/USDT,buy,13.55677500,43.55979464,0.59053033,USDT
2024-01-07T20:45:00Z,LINK/USDT,stop_sell,13.50046068,43.55979464,0.58807729,USDT
2024-01-07T21:15:00Z,LINK/USDT,buy,13.51075200,43.80577608,0.59184898,USDT
2024-01-07T21:30:00Z,LINK/USDT,stop_sell,13.45155657,43.80577608,0.58925588,USDT
2024-01-08T05:45:00Z,LINK/USDT,buy,13.15857600,45.00537937,0.59220670,USDT
2024-01-08T06:15:00Z,LINK/USDT,sell,13.28535400,45.00537937,0.59791240,USDT
2024-01-08T06:30:00Z,LINK/USDT,buy,13.46172750,44.07755746,0.59336007,USDT
2024-01-08T09:45:00Z,LINK/USDT,stop_sell,13.25629711,44.07755746,0.58430520,USDT
2024-01-08T10:00:00Z,LINK/USDT,buy,13.27763550,44.64130609,0.59273099,USDT
2024-01-08T11:00:00Z,LINK/USDT,sell,13.39529900,44.64130609,0.59798364,USDT
2024-01-08T21:00:00Z,LINK/USDT,buy,14.12806050,41.82725412,0.59093798,USDT
2024-01-08T23:30:00Z,LINK/USDT,sell,14.10494400,41.82725412,0.58997108,USDT
2024-01-09T19:30:00Z,LINK/USDT,buy,13.64281800,43.48426906,0.59324797,USDT
2024-01-09T20:30:00Z,LINK/USDT,sell,13.52823250,43.48426906,0.58826530,USDT
2024-01-09T21:15:00Z,LINK/USDT,buy,13.65182250,42.86505495,0.58518612,USDT
2024-01-09T21:15:00Z,LINK/USDT,stop_sell,13.63817750,42.86505495,0.58460123,USDT
2024-01-09T21:30:00Z,LINK/USDT,buy,13.65482400,43.2564424,0.59065911,USDT
2024-01-09T21:30:00Z,LINK/USDT,stop_sell,13.48450438,43.2564424,0.58329169,USDT
2024-01-09T21:45:00Z,LINK/USDT,buy,13.74086700,42.97987864,0.59058080,USDT
2024-01-09T21:45:00Z,LINK/USDT,stop_sell,13.54147588,42.97987864,0.58201099,USDT
2024-01-09T22:00:00Z,LINK/USDT,buy,13.50975150,43.48681582,0.58749608,USDT
2024-01-10T02:00:00Z,LINK/USDT,sell,13.74312500,43.48681582,0.59764475,USDT
2024-01-10T02:15:00Z,LINK/USDT,buy,13.75987650,42.88789128,0.59013209,USDT
2024-01-10T02:30:00Z,LINK/USDT,sell,13.69015150,42.88789128,0.58714173,USDT
2024-01-10T07:30:00Z,LINK/USDT,buy,13.77988650,42.86366086,0.59065638,USDT
2024-01-10T07:30:00Z,LINK/USDT,stop_sell,13.70749996,42.86366086,0.58755363,USDT
2024-01-10T07:45:00Z,LINK/USDT,buy,13.70384850,43.05152618,0.58997159,USDT
2024-01-10T08:15:00Z,LINK/USDT,stop_sell,13.62936048,43.05152618,0.58676477,USDT
2024-01-10T09:00:00Z,LINK/USDT,buy,13.67783550,43.08255168,0.58927605,USDT
2024-01-10T14:15:00Z,LINK/USDT,sell,13.90404450,43.08255168,0.59902172,USDT
2024-01-10T15:30:00Z,LINK/USDT,buy,14.24411850,41.23866597,0.58740844,USDT
2024-01-10T15:45:00Z,LINK/USDT,sell,14.17291000,41.23866597,0.58447190,USDT
2024-01-10T16:00:00Z,LINK/USDT,buy,14.30014650,41.22144943,0.58947277,USDT
2024-01-10T16:15:00Z,LINK/USDT,sell,14.16991150,41.22144943,0.58410429,USDT
2024-01-10T17:30:00Z,LINK/USDT,buy,14.12405850,41.65382012,0.58832099,USDT
2024-01-10T18:00:00Z,LINK/USDT,sell,14.14592350,41.65382012,0.58923175,USDT
2024-01-11T09:30:00Z,LINK/USDT,buy,15.04151700,39.11283916,0.58831644,USDT
2024-01-11T14:15:00Z,LINK/USDT,sell,15.32133550,39.11283916,0.59926093,USDT
2024-01-11T21:00:00Z,LINK/USDT,buy,14.94446850,39.54815725,0.59102619,USDT
2024-01-11T21:45:00Z,LINK/USDT,sell,14.90654300,39.54815725,0.58952631,USDT
2024-01-12T06:00:00Z,LINK/USDT,buy,14.88543900,39.58687381,0.58926800,USDT
2024-01-12T07:00:00Z,LINK/USDT,stop_sell,14.80452261,39.58687381,0.58606477,USDT
2024-01-12T07:30:00Z,LINK/USDT,buy,14.77738500,39.7797335,0.58784044,USDT
2024-01-12T07:45:00Z,LINK/USDT,sell,14.74762250,39.7797335,0.58665649,USDT
2024-01-12T10:00:00Z,LINK/USDT,buy,14.81140200,39.75088943,0.58876640,USDT
2024-01-12T10:15:00Z,LINK/USDT,sell,14.76961150,39.75088943,0.58710519,USDT
2024-01-12T11:30:00Z,LINK/USDT,buy,14.97148200,39.34256959,0.58901657,USDT
2024-01-12T15:15:00Z,LINK/USDT,stop_sell,14.87084657,39.34256959,0.58505732,USDT
2024-01-12T15:30:00Z,LINK/USDT,buy,15.00950100,39.28887037,0.58970634,USDT
2024-01-12T15:45:00Z,LINK/USDT,sell,14.85856700,39.28887037,0.58377631,USDT
2024-01-13T02:30:00Z,LINK/USDT,buy,14.09504400,41.73423732,0.58824591,USDT
2024-01-13T04:15:00Z,LINK/USDT,sell,14.07895700,41.73423732,0.58757453,USDT
2024-01-13T04:30:00Z,LINK/USDT,buy,14.12605950,41.67935085,0.58876499,USDT
2024-01-13T04:45:00Z,LINK/USDT,sell,14.11194050,41.67935085,0.58817652,USDT
2024-01-13T05:30:00Z,LINK/USDT,buy,14.14907100,41.59557142,0.58853869,USDT
2024-01-13T07:30:00Z,LINK/USDT,sell,14.14592350,41.59557142,0.58840777,USDT
2024-01-13T11:45:00Z,LINK/USDT,buy,14.21810550,41.41806824,0.58888646,USDT
2024-01-13T12:00:00Z,LINK/USDT,sell,14.20889200,41.41806824,0.58850486,USDT
2024-01-13T12:30:00Z,LINK/USDT,buy,14.29014150,41.17120564,0.58834235,USDT
2024-01-13T13:00:00Z,LINK/USDT,stop_sell,14.19911118,41.17120564,0.58459453,USDT
2024-01-13T13:15:00Z,LINK/USDT,buy,14.19409350,41.34361313,0.58683511,USDT
2024-01-13T16:00:00Z,LINK/USDT,sell,14.22388450,41.34361313,0.58806678,USDT
2024-01-13T19:15:00Z,LINK/USDT,buy,14.28013650,41.0633116,0.58638969,USDT
2024-01-14T01:00:00Z,LINK/USDT,sell,14.33183050,41.0633116,0.58851242,USDT
2024-01-14T02:00:00Z,LINK/USDT,buy,14.40920100,40.83715642,0.58843080,USDT
2024-01-14T02:30:00Z,LINK/USDT,sell,14.30984150,40.83715642,0.58437324,USDT
2024-01-14T03:00:00Z,LINK/USDT,buy,14.43121200,40.50647027,0.58455746,USDT
2024-01-14T11:00:00Z,LINK/USDT,sell,15.05446900,40.50647027,0.60980340,USDT
2024-01-14T11:30:00Z,LINK/USDT,buy,15.05052150,39.07931921,0.58816413,USDT
2024-01-14T14:45:00Z,LINK/USDT,sell,15.09844700,39.07931921,0.59003703,USDT
2024-01-14T15:00:00Z,LINK/USDT,buy,15.07953600,39.05707075,0.58896250,USDT
2024-01-14T19:30:00Z,LINK/USDT,sell,15.10744250,39.05707075,0.59005245,USDT
2024-01-15T00:45:00Z,LINK/USDT,buy,14.93646450,39.38069728,0.58820839,USDT
2024-01-15T01:00:00Z,LINK/USDT,sell,14.90754250,39.38069728,0.58706942,USDT
2024-01-15T01:45:00Z,LINK/USDT,buy,15.21660450,38.72560199,0.58927217,USDT
2024-01-15T07:45:00Z,LINK/USDT,sell,15.48025600,38.72560199,0.59948223,USDT
2024-01-15T11:15:00Z,LINK/USDT,buy,15.68383800,37.55673815,0.58903380,USDT
2024-01-15T14:30:00Z,LINK/USDT,stop_sell,15.54890023,37.55673815,0.58396597,USDT
2024-01-16T02:15:00Z,LINK/USDT,buy,15.31865550,38.45922485,0.58914362,USDT
2024-01-16T03:45:00Z,LINK/USDT,sell,15.25536850,38.45922485,0.58670965,USDT
2024-01-16T13:00:00Z,LINK/USDT,buy,15.15757500,38.79273712,0.58800382,USDT
2024-01-16T13:15:00Z,LINK/USDT,stop_sell,15.06646300,38.79273712,0.58446934,USDT
2024-01-16T20:30:00Z,LINK/USDT,buy,15.17358300,38.77046012,0.58828679,USDT
2024-01-17T08:15:00Z,LINK/USDT,sell,15.64017600,38.77046012,0.60637682,USDT
2024-01-17T08:30:00Z,LINK/USDT,buy,15.77288250,37.38511074,0.58967096,USDT
2024-01-17T10:15:00Z,LINK/USDT,sell,15.93902650,37.38511074,0.59588227,USDT
2024-01-17T10:30:00Z,LINK/USDT,buy,16.05802500,36.67069324,0.58885891,USDT
2024-01-17T11:00:00Z,LINK/USDT,stop_sell,15.88062714,36.67069324,0.58235361,USDT
2024-01-17T16:00:00Z,LINK/USDT,buy,16.11505350,36.60062669,0.58982106,USDT
2024-01-17T16:45:00Z,LINK/USDT,stop_sell,15.86399261,36.60062669,0.58063207,USDT
2024-01-17T17:00:00Z,LINK/USDT,buy,15.87193200,37.0510602,0.58807191,USDT
2024-01-17T17:15:00Z,LINK/USDT,sell,15.80309450,37.0510602,0.58552141,USDT
2024-01-18T10:15:00Z,LINK/USDT,buy,15.42971100,38.1994023,0.58940574,USDT
2024-01-18T10:30:00Z,LINK/USDT,stop_sell,15.33300823,38.1994023,0.58571175,USDT
2024-01-18T12:15:00Z,LINK/USDT,buy,15.45372300,37.86651241,0.58517859,USDT
2024-01-18T12:15:00Z,LINK/USDT,stop_sell,15.41243279,37.86651241,0.58361508,USDT
2024-01-18T23:00:00Z,LINK/USDT,buy,14.65932600,40.07933994,0.58753611,USDT
2024-01-19T01:15:00Z,LINK/USDT,stop_sell,14.50513666,40.07933994,0.58135630,USDT
2024-01-19T01:30:00Z,LINK/USDT,buy,14.49524400,40.47568599,0.58670494,USDT
2024-01-19T02:45:00Z,LINK/USDT,sell,14.49674800,40.47568599,0.58676582,USDT
2024-01-19T03:15:00Z,LINK/USDT,buy,14.62230750,40.02494611,0.58525707,USDT
2024-01-19T03:30:00Z,LINK/USDT,sell,14.56071600,40.02494611,0.58279187,USDT
2024-01-19T03:45:00Z,LINK/USDT,buy,14.73636450,39.83387183,0.58700645,USDT
2024-01-19T14:45:00Z,LINK/USDT,sell,15.33432900,39.83387183,0.61082570,USDT
2024-01-19T20:45:00Z,LINK/USDT,buy,15.56277750,37.77764748,0.58792512,USDT
2024-01-19T21:15:00Z,LINK/USDT,stop_sell,15.39001543,37.77764748,0.58139858,USDT
2024-01-20T00:45:00Z,LINK/USDT,buy,15.80089650,37.20984094,0.58794885,USDT
2024-01-20T04:15:00Z,LINK/USDT,sell,16.13592800,37.20984094,0.60041531,USDT
2024-01-20T04:45:00Z,LINK/USDT,buy,16.28713950,36.17629225,0.58920832,USDT
2024-01-20T06:15:00Z,LINK/USDT,sell,16.22188500,36.17629225,0.58684765,USDT
2024-01-20T06:30:00Z,LINK/USDT,buy,16.32415800,36.05691474,0.58859877,USDT
2024-01-20T09:15:00Z,LINK/USDT,stop_sell,16.15391900,36.05691474,0.58246048,USDT
2024-01-21T09:00:00Z,LINK/USDT,buy,15.78989100,37.4110756,0.59071681,USDT
2024-01-21T13:15:00Z,LINK/USDT,sell,15.66716250,37.4110756,0.58612540,USDT
2024-01-21T20:30:00Z,LINK/USDT,buy,15.49374300,37.83706551,0.58623777,USDT
2024-01-21T20:45:00Z,LINK/USDT,sell,15.46126550,37.83706551,0.58500892,USDT
2024-01-22T03:15:00Z,LINK/USDT,buy,15.50574900,37.77599379,0.58574508,USDT
2024-01-22T08:30:00Z,LINK/USDT,sell,15.61718750,37.77599379,0.58995478,USDT
2024-01-22T09:00:00Z,LINK/USDT,buy,15.56377800,37.74060063,0.58738633,USDT
2024-01-22T09:30:00Z,LINK/USDT,stop_sell,15.42303462,37.74060063,0.58207459,USDT
2024-01-22T17:00:00Z,LINK/USDT,buy,15.00950100,38.87945168,0.58356117,USDT
2024-01-22T17:00:00Z,LINK/USDT,stop_sell,14.90747111,38.87945168,0.57959430,USDT
2024-01-23T00:30:00Z,LINK/USDT,buy,14.72635950,39.84256972,0.58673601,USDT
2024-01-23T01:15:00Z,LINK/USDT,sell,14.78260500,39.84256972,0.58897697,USDT
2024-01-23T02:00:00Z,LINK/USDT,buy,14.69234250,39.80777523,0.58486947,USDT
2024-01-23T02:15:00Z,LINK/USDT,sell,14.66566350,39.80777523,0.58380744,USDT
2024-01-23T02:30:00Z,LINK/USDT,buy,14.69234250,39.9639038,0.58716336,USDT
2024-01-23T02:45:00Z,LINK/USDT,sell,14.74062600,39.9639038,0.58909296,USDT
2024-01-23T07:30:00Z,LINK/USDT,buy,14.68133700,39.94622207,0.58646395,USDT
2024-01-23T07:45:00Z,LINK/USDT,sell,14.56771250,39.94622207,0.58192508,USDT
2024-01-23T22:45:00Z,LINK/USDT,buy,14.14006650,41.46954158,0.58638208,USDT
2024-01-24T02:00:00Z,LINK/USDT,sell,14.10094600,41.46954158,0.58475977,USDT
2024-01-24T02:15:00Z,LINK/USDT,buy,14.15807550,41.41266603,0.58632365,USDT
2024-01-24T03:00:00Z,LINK/USDT,sell,14.12093600,41.41266603,0.58478561,USDT
2024-01-24T06:45:00Z,LINK/USDT,buy,14.17108200,41.35637957,0.58606465,USDT
2024-01-24T07:15:00Z,LINK/USDT,sell,14.19589850,41.35637957,0.58709097,USDT
2024-01-24T17:45:00Z,LINK/USDT,buy,14.21510400,40.91319774,0.58158536,USDT
2024-01-24T17:45:00Z,LINK/USDT,stop_sell,14.18429716,40.91319774,0.58032495,USDT
2024-01-24T18:30:00Z,LINK/USDT,buy,14.09304300,41.57690251,0.58594507,USDT
2024-01-24T19:15:00Z,LINK/USDT,sell,14.01798750,41.57690251,0.58282450,USDT
2024-01-25T18:15:00Z,LINK/USDT,buy,13.76688000,42.57831689,0.58617058,USDT
2024-01-25T19:00:00Z,LINK/USDT,sell,13.70414450,42.57831689,0.58349941,USDT
2024-01-25T19:45:00Z,LINK/USDT,buy,13.79389350,42.29720471,0.58344314,USDT
2024-01-26T00:00:00Z,LINK/USDT,stop_sell,13.73530748,42.29720471,0.58096511,USDT
2024-01-26T03:15:00Z,LINK/USDT,buy,13.89994650,42.12366837,0.58551674,USDT
2024-01-26T04:00:00Z,LINK/USDT,sell,13.84807250,42.12366837,0.58333161,USDT
2024-01-26T04:15:00Z,LINK/USDT,buy,13.86793050,42.13774578,0.58436333,USDT
2024-01-26T04:30:00Z,LINK/USDT,sell,13.84707300,42.13774578,0.58348444,USDT
2024-01-26T10:00:00Z,LINK/USDT,buy,13.85292300,42.15330991,0.58394656,USDT
2024-01-26T11:15:00Z,LINK/USDT,sell,14.04997150,42.15330991,0.59225280,USDT
2024-01-26T23:15:00Z,LINK/USDT,buy,14.18208750,41.21517691,0.58451725,USDT
2024-01-26T23:30:00Z,LINK/USDT,sell,14.16791250,41.21517691,0.58393302,USDT
2024-01-26T23:45:00Z,LINK/USDT,buy,14.17008150,41.20528527,0.58388225,USDT
2024-01-27T06:00:00Z,LINK/USDT,sell,14.17990650,41.20528527,0.58428709,USDT
2024-01-27T10:45:00Z,LINK/USDT,buy,14.16607950,41.11975305,0.58250569,USDT
2024-01-27T10:45:00Z,LINK/USDT,stop_sell,14.15192050,41.11975305,0.58192348,USDT
2024-01-27T21:15:00Z,LINK/USDT,buy,14.33816550,40.65196136,0.58287455,USDT
2024-01-27T21:45:00Z,LINK/USDT,sell,14.30684300,40.65196136,0.58160123,USDT
2024-01-28T02:00:00Z,LINK/USDT,buy,14.35917600,40.45249825,0.58086454,USDT
2024-01-28T02:00:00Z,LINK/USDT,stop_sell,14.34482400,40.45249825,0.58028397,USDT
2024-01-28T09:30:00Z,LINK/USDT,buy,14.65132200,39.76218039,0.58256851,USDT
2024-01-28T09:45:00Z,LINK/USDT,stop_sell,14.63268000,39.76218039,0.58182726,USDT
2024-01-28T10:00:00Z,LINK/USDT,buy,14.63331300,39.86588138,0.58336992,USDT
2024-01-28T10:15:00Z,LINK/USDT,sell,14.59270000,39.86588138,0.58175085,USDT
2024-01-28T12:45:00Z,LINK/USDT,buy,14.43321300,40.16353806,0.57968890,USDT
2024-01-28T12:45:00Z,LINK/USDT,stop_sell,14.41878700,40.16353806,0.57910950,USDT
2024-01-28T18:00:00Z,LINK/USDT,buy,14.44822050,40.37362487,0.58332703,USDT
2024-01-28T18:15:00Z,LINK/USDT,stop_sell,14.34146854,40.37362487,0.57901707,USDT
2024-01-28T23:15:00Z,LINK/USDT,buy,14.35717500,40.5991451,0.58288903,USDT
2024-01-29T06:00:00Z,LINK/USDT,sell,14.66266500,40.5991451,0.59529166,USDT
2024-01-29T06:30:00Z,LINK/USDT,buy,14.70735000,39.75307864,0.58466244,USDT
2024-01-29T07:15:00Z,LINK/USDT,sell,14.70664300,39.75307864,0.58463434,USDT
2024-01-29T16:00:00Z,LINK/USDT,buy,14.66332800,39.73031164,0.58257859,USDT
2024-01-29T16:15:00Z,LINK/USDT,sell,14.64767250,39.73031164,0.58195659,USDT
2024-01-29T22:00:00Z,LINK/USDT,buy,14.99749500,38.97473929,0.58452346,USDT
2024-01-29T23:45:00Z,LINK/USDT,sell,14.97251000,38.97473929,0.58354967,USDT
2024-01-30T16:30:00Z,LINK/USDT,buy,15.72185700,37.07545145,0.58289495,USDT
2024-01-30T16:45:00Z,LINK/USDT,stop_sell,15.56064436,37.07545145,0.57691791,USDT
2024-01-30T17:00:00Z,LINK/USDT,buy,15.66282750,37.21662902,0.58291764,USDT
2024-01-30T21:00:00Z,LINK/USDT,sell,15.62418400,37.21662902,0.58147946,USDT
2024-01-31T02:30:00Z,LINK/USDT,buy,15.79489350,36.85483995,0.58211827,USDT
2024-01-31T07:15:00Z,LINK/USDT,sell,15.85606800,36.85483995,0.58437285,USDT
2024-01-31T07:30:00Z,LINK/USDT,buy,15.82490850,36.71164385,0.58095840,USDT
2024-01-31T07:45:00Z,LINK/USDT,sell,15.80809200,36.71164385,0.58034104,USDT
2024-01-31T14:45:00Z,LINK/USDT,buy,15.60980100,37.15706606,0.58001441,USDT
2024-01-31T14:45:00Z,LINK/USDT,stop_sell,15.53515711,37.15706606,0.57724086,USDT
2024-01-31T19:45:00Z,LINK/USDT,buy,15.79789500,36.73611267,0.58035325,USDT
2024-01-31T20:00:00Z,LINK/USDT,stop_sell,15.69557686,36.73611267,0.57659448,USDT
2024-01-31T20:15:00Z,LINK/USDT,buy,15.53376300,37.45851874,0.58187175,USDT
2024-01-31T20:30:00Z,LINK/USDT,sell,15.54822200,37.45851874,0.58241337,USDT
2024-02-01T01:00:00Z,LINK/USDT,buy,15.52375800,37.26568121,0.57850342,USDT
2024-02-01T01:15:00Z,LINK/USDT,stop_sell,15.46276475,37.26568121,0.57623046,USDT
2024-02-01T01:30:00Z,LINK/USDT,buy,15.39969600,37.58532556,0.57880259,USDT
2024-02-01T01:30:00Z,LINK/USDT,stop_sell,15.30163107,37.58532556,0.57511679,USDT
2024-02-01T02:15:00Z,LINK/USDT,buy,15.28663950,38.00512313,0.58097062,USDT
2024-02-01T03:30:00Z,LINK/USDT,sell,15.23138050,38.00512313,0.57887049,USDT
2024-02-01T03:45:00Z,LINK/USDT,buy,15.25362300,38.08025052,0.58086179,USDT
2024-02-01T04:15:00Z,LINK/USDT,sell,15.27236000,38.08025052,0.58157529,USDT
2024-02-01T06:15:00Z,LINK/USDT,buy,15.64281750,37.12813925,0.58078871,USDT
2024-02-01T08:45:00Z,LINK/USDT,stop_sell,15.50963416,37.12813925,0.57584386,USDT
2024-02-01T09:00:00Z,LINK/USDT,buy,15.59679450,37.35012664,0.58254225,USDT
2024-02-01T10:45:00Z,LINK/USDT,sell,15.54822200,37.35012664,0.58072806,USDT
2024-02-01T14:45:00Z,LINK/USDT,buy,16.19509350,35.81943967,0.58009917,USDT
2024-02-02T09:00:00Z,LINK/USDT,sell,18.02398350,35.81943967,0.64560899,USDT
2024-02-02T14:00:00Z,LINK/USDT,buy,17.95097100,32.44326115,0.58238804,USDT
2024-02-02T14:15:00Z,LINK/USDT,stop_sell,17.83647016,32.44326115,0.57867326,USDT
2024-02-02T15:00:00Z,LINK/USDT,buy,17.98798950,32.55342937,0.58557075,USDT
2024-02-02T20:00:00Z,LINK/USDT,sell,18.21388850,32.55342937,0.59292453,USDT
2024-02-03T05:45:00Z,LINK/USDT,buy,17.82490800,32.83879403,0.58534848,USDT
2024-02-03T06:15:00Z,LINK/USDT,sell,17.72113500,32.83879403,0.58194070,USDT
2024-02-03T08:00:00Z,LINK/USDT,buy,17.77788450,32.97743649,0.58626906,USDT
2024-02-03T13:30:00Z,LINK/USDT,sell,17.88005550,32.97743649,0.58963839,USDT
2024-02-03T13:45:00Z,LINK/USDT,buy,17.95097100,32.62119601,0.58558214,USDT
2024-02-03T14:00:00Z,LINK/USDT,sell,17.84107500,32.62119601,0.58199720,USDT
2024-02-03T15:00:00Z,LINK/USDT,buy,17.93796450,32.50390512,0.58305390,USDT
2024-02-03T15:00:00Z,LINK/USDT,stop_sell,17.88615959,32.50390512,0.58137003,USDT
2024-02-03T15:15:00Z,LINK/USDT,buy,17.90094600,32.56366955,0.58292049,USDT
2024-02-03T15:45:00Z,LINK/USDT,sell,18.00699200,32.56366955,0.58637374,USDT
2024-02-04T00:45:00Z,LINK/USDT,buy,17.88493800,32.70509654,0.58492862,USDT
2024-02-04T04:15:00Z,LINK/USDT,stop_sell,17.76425629,32.70509654,0.58098172,USDT
2024-02-04T04:30:00Z,LINK/USDT,buy,17.70584850,33.08770324,0.58584586,USDT
2024-02-04T05:00:00Z,LINK/USDT,sell,17.68415350,33.08770324,0.58512802,USDT
2024-02-04T09:15:00Z,LINK/USDT,buy,17.76187650,32.90020538,0.58436938,USDT
2024-02-04T20:30:00Z,LINK/USDT,sell,18.19689700,32.90020538,0.59868165,USDT
2024-02-04T20:45:00Z,LINK/USDT,buy,18.33016050,31.93199486,0.58531859,USDT
2024-02-04T22:45:00Z,LINK/USDT,sell,18.25486800,31.93199486,0.58291435,USDT
2024-02-05T04:45:00Z,LINK/USDT,buy,18.68233650,31.2962092,0.58468631,USDT
2024-02-05T09:00:00Z,LINK/USDT,sell,18.64967050,31.2962092,0.58366399,USDT
2024-02-05T13:00:00Z,LINK/USDT,buy,19.55577300,29.89918305,0.58470164,USDT
2024-02-05T13:45:00Z,LINK/USDT,stop_sell,19.31376686,29.89918305,0.57746585,USDT
2024-02-05T14:00:00Z,LINK/USDT,buy,19.46772900,29.98445784,0.58372930,USDT
2024-02-05T15:00:00Z,LINK/USDT,stop_sell,19.25197634,29.98445784,0.57726007,USDT
2024-02-05T15:15:00Z,LINK/USDT,buy,19.38568800,30.03177181,0.58218656,USDT
2024-02-05T15:30:00Z,LINK/USDT,sell,19.34032500,30.03177181,0.58082423,USDT
2024-02-06T00:45:00Z,LINK/USDT,buy,19.14356700,30.38278869,0.58163495,USDT
2024-02-06T01:45:00Z,LINK/USDT,stop_sell,19.03886866,30.38278869,0.57845392,USDT
2024-02-06T02:45:00Z,LINK/USDT,buy,19.21460250,30.23861637,0.58102299,USDT
2024-02-06T03:00:00Z,LINK/USDT,sell,19.16141450,30.23861637,0.57941466,USDT
2024-02-06T08:30:00Z,LINK/USDT,buy,19.08253650,30.52975618,0.58258519,USDT
2024-02-06T10:15:00Z,LINK/USDT,sell,19.07545750,30.52975618,0.58236907,USDT
2024-02-07T04:15:00Z,LINK/USDT,buy,18.31115100,31.72117844,0.58085129,USDT
2024-02-07T04:15:00Z,LINK/USDT,stop_sell,18.23880461,31.72117844,0.57855638,USDT
2024-02-07T05:15:00Z,LINK/USDT,buy,18.35617350,31.72686438,0.58238383,USDT
2024-02-07T06:30:00Z,LINK/USDT,sell,18.28685200,31.72686438,0.58018447,USDT
2024-02-07T07:15:00Z,LINK/USDT,buy,18.38118600,31.69665322,0.58262208,USDT
2024-02-07T11:45:00Z,LINK/USDT,stop_sell,18.23441394,31.69665322,0.57796990,USDT
2024-02-07T23:15:00Z,LINK/USDT,buy,19.01350200,30.56875006,0.58121899,USDT
2024-02-07T23:45:00Z,LINK/USDT,stop_sell,18.88451731,30.56875006,0.57727609,USDT
2024-02-08T05:45:00Z,LINK/USDT,buy,18.90044550,30.70228539,0.58028687,USDT
2024-02-08T10:15:00Z,LINK/USDT,sell,18.82858100,30.70228539,0.57808047,USDT
2024-02-09T00:00:00Z,LINK/USDT,buy,18.26712900,31.85308634,0.58186444,USDT
2024-02-09T00:30:00Z,LINK/USDT,stop_sell,18.14210298,31.85308634,0.57788197,USDT
2024-02-09T14:45:00Z,LINK/USDT,buy,18.27613350,31.61372424,0.57777664,USDT
2024-02-09T15:15:00Z,LINK/USDT,sell,18.25686700,31.61372424,0.57716756,USDT
2024-02-09T17:15:00Z,LINK/USDT,buy,18.27713400,31.66296717,0.57870829,USDT
2024-02-09T17:30:00Z,LINK/USDT,sell,18.32583250,31.66296717,0.58025023,USDT
2024-02-09T22:00:00Z,LINK/USDT,buy,18.55527300,31.23835202,0.57963615,USDT
2024-02-09T22:00:00Z,LINK/USDT,stop_sell,18.43434964,31.23835202,0.57585870,USDT
2024-02-09T22:15:00Z,LINK/USDT,buy,18.44821950,31.47302034,0.58062119,USDT
2024-02-10T01:00:00Z,LINK/USDT,sell,18.28685200,31.47302034,0.57554246,USDT
2024-02-10T01:30:00Z,LINK/USDT,buy,18.46622850,31.43399385,0.58046731,USDT
2024-02-10T02:45:00Z,LINK/USDT,sell,18.52573250,31.43399385,0.58233776,USDT
2024-02-10T13:45:00Z,LINK/USDT,buy,18.37618350,31.56554859,0.58005431,USDT
2024-02-11T12:45:00Z,LINK/USDT,sell,20.41378800,31.56554859,0.64437242,USDT
2024-02-11T22:00:00Z,LINK/USDT,buy,20.22810900,28.91749364,0.58494621,USDT
2024-02-11T23:00:00Z,LINK/USDT,sell,20.09394800,28.91749364,0.58106661,USDT
2024-02-12T00:15:00Z,LINK/USDT,buy,20.49024000,28.62972431,0.58662992,USDT
2024-02-12T01:00:00Z,LINK/USDT,sell,20.29884550,28.62972431,0.58115035,USDT
2024-02-12T01:30:00Z,LINK/USDT,buy,20.32215600,28.65845152,0.58240152,USDT
2024-02-12T01:30:00Z,LINK/USDT,stop_sell,20.16259223,28.65845152,0.57782867,USDT
2024-02-12T06:30:00Z,LINK/USDT,buy,20.25612300,28.84279034,0.58424311,USDT
2024-02-12T06:30:00Z,LINK/USDT,stop_sell,20.11925677,28.84279034,0.58029550,USDT
2024-02-12T07:00:00Z,LINK/USDT,buy,20.24411700,28.82968678,0.58363155,USDT
2024-02-12T09:30:00Z,LINK/USDT,stop_sell,20.09808879,28.82968678,0.57942160,USDT
2024-02-12T09:45:00Z,LINK/USDT,buy,20.06502750,28.99207956,0.58172687,USDT
2024-02-12T10:00:00Z,LINK/USDT,sell,20.02098450,28.99207956,0.58044998,USDT
2024-02-12T10:15:00Z,LINK/USDT,buy,20.26212600,28.77881474,0.58311997,USDT
2024-02-12T13:15:00Z,LINK/USDT,sell,20.25986500,28.77881474,0.58305490,USDT
2024-02-12T13:30:00Z,LINK/USDT,buy,20.26212600,28.63937953,0.58029472,USDT
2024-02-12T14:15:00Z,LINK/USDT,stop_sell,20.08056184,28.63937953,0.57509483,USDT
2024-02-12T14:45:00Z,LINK/USDT,buy,20.10804900,28.87160055,0.58055156,USDT
2024-02-12T15:00:00Z,LINK/USDT,sell,20.12293350,28.87160055,0.58098130,USDT
2024-02-13T11:45:00Z,LINK/USDT,buy,20.14906950,28.87299505,0.58176398,USDT
2024-02-13T12:00:00Z,LINK/USDT,sell,20.15591700,28.87299505,0.58196169,USDT
2024-02-14T00:30:00Z,LINK/USDT,buy,19.86192600,29.29113452,0.58177835,USDT
2024-02-14T00:30:00Z,LINK/USDT,stop_sell,19.74076754,29.29113452,0.57822948,USDT
2024-02-14T01:45:00Z,LINK/USDT,buy,19.92495750,29.13557411,0.58052508,USDT
2024-02-14T06:00:00Z,LINK/USDT,sell,20.01598700,29.13557411,0.58317727,USDT
2024-02-14T19:45:00Z,LINK/USDT,buy,20.18008500,28.71655519,0.57950252,USDT
2024-02-14T21:00:00Z,LINK/USDT,sell,20.19789600,28.71655519,0.58001400,USDT
2024-02-14T21:15:00Z,LINK/USDT,buy,20.27013000,28.63895442,0.58051533,USDT
2024-02-14T23:45:00Z,LINK/USDT,sell,20.27985500,28.63895442,0.58079384,USDT
2024-02-15T09:30:00Z,LINK/USDT,buy,20.15207100,28.8560077,0.58150832,USDT
2024-02-15T11:15:00Z,LINK/USDT,sell,20.12993000,28.8560077,0.58086942,USDT
2024-02-15T17:00:00Z,LINK/USDT,buy,20.01800400,29.0262415,0.58104742,USDT
2024-02-15T17:15:00Z,LINK/USDT,sell,20.04797100,29.0262415,0.58191725,USDT
2024-02-15T17:30:00Z,LINK/USDT,buy,20.12005500,28.87063441,0.58087875,USDT
2024-02-15T18:00:00Z,LINK/USDT,sell,20.00499250,28.87063441,0.57755682,USDT
2024-02-15T18:15:00Z,LINK/USDT,buy,20.07103050,28.92040218,0.58046227,USDT
2024-02-15T19:15:00Z,LINK/USDT,sell,19.96501250,28.92040218,0.57739619,USDT
2024-02-15T20:45:00Z,LINK/USDT,buy,19.90294650,29.13152384,0.57980316,USDT
2024-02-15T21:30:00Z,LINK/USDT,sell,19.84507250,29.13152384,0.57811720,USDT
2024-02-16T04:45:00Z,LINK/USDT,buy,20.04401700,28.93548661,0.57998339,USDT
2024-02-16T07:15:00Z,LINK/USDT,sell,20.02998000,28.93548661,0.57957722,USDT
2024-02-16T21:30:00Z,LINK/USDT,buy,19.57378200,29.62274305,0.57982911,USDT
2024-02-16T22:30:00Z,LINK/USDT,stop_sell,19.44391604,29.62274305,0.57598213,USDT
2024-02-16T22:45:00Z,LINK/USDT,buy,19.46272650,29.77425949,0.57948827,USDT
2024-02-17T01:30:00Z,LINK/USDT,sell,19.41328850,29.77425949,0.57801629,USDT
2024-02-17T06:15:00Z,LINK/USDT,buy,19.49274150,29.76497494,0.58020096,USDT
2024-02-17T08:45:00Z,LINK/USDT,sell,19.44027500,29.76497494,0.57863930,USDT
2024-02-17T09:00:00Z,LINK/USDT,buy,19.49974500,29.72169494,0.57956547,USDT
2024-02-17T09:00:00Z,LINK/USDT,stop_sell,19.41103962,29.72169494,0.57692900,USDT
2024-02-17T11:00:00Z,LINK/USDT,buy,19.45672350,29.71984815,0.57825087,USDT
2024-02-17T11:15:00Z,LINK/USDT,sell,19.47225900,29.71984815,0.57871258,USDT
2024-02-17T11:45:00Z,LINK/USDT,buy,19.56277650,29.59836564,0.57902621,USDT
2024-02-17T12:15:00Z,LINK/USDT,sell,19.54422300,29.59836564,0.57847706,USDT
2024-02-17T12:30:00Z,LINK/USDT,buy,19.72485750,29.39879663,0.57988707,USDT
2024-02-17T13:15:00Z,LINK/USDT,stop_sell,19.56103602,29.39879663,0.57507092,USDT
2024-02-17T13:30:00Z,LINK/USDT,buy,19.50374700,29.6275817,0.57784886,USDT
2024-02-17T14:30:00Z,LINK/USDT,stop_sell,19.37587864,29.6275817,0.57406043,USDT
2024-02-17T14:45:00Z,LINK/USDT,buy,19.40970000,29.70939206,0.57665039,USDT
2024-02-17T15:15:00Z,LINK/USDT,sell,19.32433300,29.70939206,0.57411419,USDT
2024-02-17T15:30:00Z,LINK/USDT,buy,19.52875950,29.50443086,0.57618493,USDT
2024-02-17T22:15:00Z,LINK/USDT,sell,20.11393800,29.50443086,0.59345029,USDT
2024-02-17T22:45:00Z,LINK/USDT,buy,20.14306650,28.6205432,0.57650550,USDT
2024-02-17T23:00:00Z,LINK/USDT,sell,20.12993000,28.6205432,0.57612953,USDT
2024-02-18T05:15:00Z,LINK/USDT,buy,19.98298650,28.9627844,0.57876293,USDT
2024-02-18T06:45:00Z,LINK/USDT,stop_sell,19.88815809,28.9627844,0.57601643,USDT
2024-02-18T07:00:00Z,LINK/USDT,buy,19.92195600,29.024204,0.57821892,USDT
2024-02-18T08:15:00Z,LINK/USDT,sell,19.92303350,29.024204,0.57825019,USDT
2024-02-18T21:00:00Z,LINK/USDT,buy,20.02900950,28.89054551,0.57864901,USDT
2024-02-19T00:30:00Z,LINK/USDT,sell,20.02198400,28.89054551,0.57844604,USDT
2024-02-19T00:45:00Z,LINK/USDT,buy,20.14606800,28.75427331,0.57928555,USDT
2024-02-19T02:00:00Z,LINK/USDT,sell,20.04897050,28.75427331,0.57649358,USDT
2024-02-19T02:15:00Z,LINK/USDT,buy,20.07103050,28.78440028,0.57773258,USDT
2024-02-19T02:45:00Z,LINK/USDT,sell,20.12193400,28.78440028,0.57919780,USDT
2024-02-19T18:30:00Z,LINK/USDT,buy,20.08803900,28.75982213,0.57772843,USDT
2024-02-19T20:15:00Z,LINK/USDT,stop_sell,19.90504250,28.75982213,0.57246548,USDT
2024-02-19T20:30:00Z,LINK/USDT,buy,20.02500750,28.83336154,0.57738828,USDT
2024-02-19T21:15:00Z,LINK/USDT,sell,19.98100450,28.83336154,0.57611953,USDT
2024-02-19T21:45:00Z,LINK/USDT,buy,20.01600300,28.82223583,0.57690596,USDT
2024-02-19T22:30:00Z,LINK/USDT,sell,19.96501250,28.82223583,0.57543630,USDT
2024-02-20T07:00:00Z,LINK/USDT,buy,19.74486750,29.14678985,0.57549950,USDT
2024-02-20T07:15:00Z,LINK/USDT,sell,19.69015000,29.14678985,0.57390466,USDT
2024-02-20T20:00:00Z,LINK/USDT,buy,19.21160100,30.01118722,0.57656295,USDT
2024-02-20T21:15:00Z,LINK/USDT,stop_sell,19.06121462,30.01118722,0.57204968,USDT
2024-02-20T21:30:00Z,LINK/USDT,buy,19.29164100,29.84770195,0.57581115,USDT
2024-02-21T00:30:00Z,LINK/USDT,sell,19.20539250,29.84770195,0.57323683,USDT
2024-02-21T15:30:00Z,LINK/USDT,buy,18.49724400,31.13296531,0.57587406,USDT
2024-02-21T15:45:00Z,LINK/USDT,sell,18.39779650,31.13296531,0.57277796,USDT
2024-02-21T16:15:00Z,LINK/USDT,buy,18.49124100,31.10113642,0.57509861,USDT
2024-02-21T16:30:00Z,LINK/USDT,sell,18.32383350,31.10113642,0.56989205,USDT
2024-02-21T19:15:00Z,LINK/USDT,buy,18.25012050,31.47876274,0.57449121,USDT
2024-02-21T19:30:00Z,LINK/USDT,sell,18.20789150,31.47876274,0.57316190,USDT
2024-02-22T05:30:00Z,LINK/USDT,buy,18.46923000,31.12015899,0.57476537,USDT
2024-02-22T12:30:00Z,LINK/USDT,sell,18.63667700,31.12015899,0.57997635,USDT
2024-02-23T08:15:00Z,LINK/USDT,buy,18.04001550,31.87857766,0.57509004,USDT
2024-02-23T08:30:00Z,LINK/USDT,stop_sell,17.93302900,31.87857766,0.57167946,USDT
2024-02-23T15:00:00Z,LINK/USDT,buy,17.99599350,31.92209203,0.57446976,USDT
2024-02-23T15:15:00Z,LINK/USDT,sell,17.88005550,31.92209203,0.57076878,USDT
2024-02-23T17:00:00Z,LINK/USDT,buy,17.96697900,31.9894315,0.57475344,USDT
2024-02-23T22:45:00Z,LINK/USDT,sell,17.91403850,31.9894315,0.57305991,USDT
2024-02-24T03:30:00Z,LINK/USDT,buy,18.03701400,31.84014207,0.57430109,USDT
2024-02-24T11:30:00Z,LINK/USDT,sell,18.37081000,31.84014207,0.58492920,USDT
2024-02-24T11:45:00Z,LINK/USDT,buy,18.41720400,31.2187205,0.57496154,USDT
2024-02-24T12:00:00Z,LINK/USDT,stop_sell,18.35181950,31.2187205,0.57292032,USDT
2024-02-24T20:00:00Z,LINK/USDT,buy,18.50324700,31.07653388,0.57501678,USDT
2024-02-24T21:00:00Z,LINK/USDT,stop_sell,18.41146823,31.07653388,0.57216462,USDT
2024-02-25T01:00:00Z,LINK/USDT,buy,18.58929000,30.87877104,0.57401443,USDT
2024-02-25T01:00:00Z,LINK/USDT,stop_sell,18.52519706,30.87877104,0.57203532,USDT
2024-02-25T01:15:00Z,LINK/USDT,buy,18.52325700,30.9903566,0.57404234,USDT
2024-02-25T03:15:00Z,LINK/USDT,sell,18.45876600,30.9903566,0.57204374,USDT
2024-02-25T03:45:00Z,LINK/USDT,buy,18.52225650,30.97844148,0.57379064,USDT
2024-02-25T04:30:00Z,LINK/USDT,sell,18.48575250,30.97844148,0.57265980,USDT
2024-02-25T07:30:00Z,LINK/USDT,buy,18.63531300,30.78072072,0.57360836,USDT
2024-02-25T07:45:00Z,LINK/USDT,stop_sell,18.54872100,30.78072072,0.57094300,USDT
2024-02-25T12:45:00Z,LINK/USDT,buy,18.68934000,30.69514201,0.57367195,USDT
2024-02-25T15:45:00Z,LINK/USDT,stop_sell,18.60169450,30.69514201,0.57098165,USDT
2024-02-25T16:00:00Z,LINK/USDT,buy,18.60329700,30.78424615,0.57268847,USDT
2024-02-25T17:00:00Z,LINK/USDT,sell,18.54872100,30.78424615,0.57100839,USDT
2024-02-25T20:30:00Z,LINK/USDT,buy,18.79339200,30.51458948,0.57347264,USDT
2024-02-25T21:15:00Z,LINK/USDT,sell,18.70764150,30.51458948,0.57085600,USDT
2024-02-25T21:45:00Z,LINK/USDT,buy,18.67833450,30.65705827,0.57262279,USDT
2024-02-26T00:15:00Z,LINK/USDT,sell,18.69364850,30.65705827,0.57309227,USDT
2024-02-26T00:45:00Z,LINK/USDT,buy,18.78638850,30.46643788,0.57235434,USDT
2024-02-26T01:00:00Z,LINK/USDT,stop_sell,18.70867669,30.46643788,0.56998674,USDT
2024-02-26T01:30:00Z,LINK/USDT,buy,18.71935500,30.50183707,0.57097472,USDT
2024-02-26T01:45:00Z,LINK/USDT,sell,18.66266400,30.50183707,0.56924554,USDT
2024-02-26T15:15:00Z,LINK/USDT,buy,18.75137100,30.51563578,0.57221001,USDT
2024-02-26T17:00:00Z,LINK/USDT,sell,18.94252400,30.51563578,0.57804316,USDT
2024-02-26T17:45:00Z,LINK/USDT,buy,19.07953500,29.99441645,0.57227952,USDT
2024-02-26T18:15:00Z,LINK/USDT,sell,18.99549750,29.99441645,0.56975886,USDT
2024-02-27T08:45:00Z,LINK/USDT,buy,19.10754900,29.93509824,0.57198636,USDT
2024-02-27T09:00:00Z,LINK/USDT,sell,19.10844100,29.93509824,0.57201306,USDT
2024-02-27T11:30:00Z,LINK/USDT,buy,19.31065050,29.62176102,0.57201547,USDT
2024-02-27T11:30:00Z,LINK/USDT,stop_sell,19.20692744,29.62176102,0.56894301,USDT
2024-02-27T11:45:00Z,LINK/USDT,buy,19.22160600,29.68274181,0.57054997,USDT
2024-02-27T12:45:00Z,LINK/USDT,stop_sell,19.14995594,29.68274181,0.56842320,USDT
2024-02-27T13:15:00Z,LINK/USDT,buy,19.16857950,29.86312376,0.57243366,USDT
2024-02-27T13:15:00Z,LINK/USDT,stop_sell,19.01291736,29.86312376,0.56778510,USDT
2024-02-27T21:30:00Z,LINK/USDT,buy,19.11555300,29.81239875,0.56988049,USDT
2024-02-27T23:45:00Z,LINK/USDT,stop_sell,19.02423312,29.81239875,0.56715802,USDT
2024-02-28T09:00:00Z,LINK/USDT,buy,19.38468750,29.42419644,0.57037885,USDT
2024-02-28T09:00:00Z,LINK/USDT,stop_sell,19.27350129,29.42419644,0.56710729,USDT
2024-02-28T09:30:00Z,LINK/USDT,buy,19.36067550,29.47748425,0.57070401,USDT
2024-02-28T10:30:00Z,LINK/USDT,sell,19.36031500,29.47748425,0.57069338,USDT
2024-02-28T14:45:00Z,LINK/USDT,buy,19.71485250,28.95746511,0.57089215,USDT
2024-02-28T17:30:00Z,LINK/USDT,sell,19.74312350,28.95746511,0.57171081,USDT
2024-02-29T07:15:00Z,LINK/USDT,buy,20.08603800,28.38207349,0.57008341,USDT
2024-02-29T07:15:00Z,LINK/USDT,stop_sell,19.88483832,28.38207349,0.56437294,USDT
2024-02-29T07:45:00Z,LINK/USDT,buy,19.90494750,28.62140646,0.56970759,USDT
2024-02-29T08:15:00Z,LINK/USDT,sell,19.92103450,28.62140646,0.57016803,USDT
2024-03-01T07:00:00Z,LINK/USDT,buy,19.72986000,28.86248358,0.56945276,USDT
2024-03-01T12:45:00Z,LINK/USDT,sell,19.95301850,28.86248358,0.57589367,USDT
2024-03-01T17:45:00Z,LINK/USDT,buy,19.99299150,28.49668907,0.56973406,USDT
2024-03-01T18:15:00Z,LINK/USDT,sell,19.81208900,28.49668907,0.56457894,USDT
2024-03-01T19:30:00Z,LINK/USDT,buy,19.81190100,28.74185184,0.56943072,USDT
2024-03-01T21:15:00Z,LINK/USDT,sell,19.82808100,28.74185184,0.56989577,USDT
2024-03-02T01:00:00Z,LINK/USDT,buy,20.18308650,28.20773924,0.56931924,USDT
2024-03-02T01:00:00Z,LINK/USDT,stop_sell,20.06278502,28.20773924,0.56592581,USDT
2024-03-02T01:15:00Z,LINK/USDT,buy,20.11305150,28.28793859,0.56895677,USDT
2024-03-02T01:15:00Z,LINK/USDT,stop_sell,19.98371743,28.28793859,0.56529817,USDT
2024-03-02T01:30:00Z,LINK/USDT,buy,20.08103550,28.41445008,0.57059158,USDT
2024-03-02T10:00:00Z,LINK/USDT,sell,20.80959000,28.41445008,0.59129306,USDT
2024-03-02T13:45:00Z,LINK/USDT,buy,21.20559750,26.90012126,0.57043314,USDT
2024-03-02T14:00:00Z,LINK/USDT,stop_sell,21.02262629,26.90012126,0.56551120,USDT
2024-03-02T14:15:00Z,LINK/USDT,buy,21.13856400,26.96252012,0.56994896,USDT
2024-03-02T21:00:00Z,LINK/USDT,sell,21.25636650,26.96252012,0.57312521,USDT
2024-03-02T23:30:00Z,LINK/USDT,buy,21.46572750,26.54533636,0.56981496,USDT
2024-03-02T23:45:00Z,LINK/USDT,sell,21.37830550,26.54533636,0.56749431,USDT
2024-03-03T00:45:00Z,LINK/USDT,buy,21.49574250,26.4695227,0.56898204,USDT
2024-03-03T00:45:00Z,LINK/USDT,stop_sell,21.36117121,26.4695227,0.56542001,USDT
2024-03-03T01:00:00Z,LINK/USDT,buy,21.32665800,26.64158854,0.56817605,USDT
2024-03-03T02:15:00Z,LINK/USDT,stop_sell,21.19946639,26.64158854,0.56478746,USDT
2024-03-03T12:30:00Z,LINK/USDT,buy,20.57528250,27.55373024,0.56692578,USDT
2024-03-03T13:15:00Z,LINK/USDT,stop_sell,20.48175400,27.55373024,0.56434872,USDT
2024-03-03T13:30:00Z,LINK/USDT,buy,20.44521750,27.77085428,0.56778116,USDT
2024-03-03T13:45:00Z,LINK/USDT,sell,20.43277850,27.77085428,0.56743571,USDT
2024-03-03T14:30:00Z,LINK/USDT,buy,20.49424200,27.80039132,0.56974795,USDT
2024-03-03T16:30:00Z,LINK/USDT,sell,20.48275350,27.80039132,0.56942856,USDT
2024-03-03T16:45:00Z,LINK/USDT,buy,20.51925450,27.58812472,0.56608775,USDT
2024-03-03T17:00:00Z,LINK/USDT,sell,20.61168900,27.58812472,0.56863785,USDT
2024-03-03T23:15:00Z,LINK/USDT,buy,20.52025500,27.641959,0.56722005,USDT
2024-03-03T23:30:00Z,LINK/USDT,stop_sell,20.44288059,27.641959,0.56508127,USDT
2024-03-04T07:45:00Z,LINK/USDT,buy,20.40519750,27.84191492,0.56811977,USDT
2024-03-04T08:45:00Z,LINK/USDT,sell,20.68265350,27.84191492,0.57584468,USDT
2024-03-04T22:30:00Z,LINK/USDT,buy,20.44521750,27.85680195,0.56953837,USDT
2024-03-04T23:30:00Z,LINK/USDT,sell,20.38580200,27.85680195,0.56788325,USDT
2024-03-05T04:15:00Z,LINK/USDT,buy,20.53326150,27.68303495,0.56842300,USDT
2024-03-05T04:45:00Z,LINK/USDT,stop_sell,20.31569421,27.68303495,0.56240007,USDT
2024-03-05T05:00:00Z,LINK/USDT,buy,20.50224600,27.66593354,0.56721378,USDT
2024-03-05T05:00:00Z,LINK/USDT,stop_sell,20.24665732,27.66593354,0.56014268,USDT
2024-03-05T05:15:00Z,LINK/USDT,buy,20.53826400,27.70012461,0.56891247,USDT
2024-03-05T09:00:00Z,LINK/USDT,sell,20.44077450,27.70012461,0.56621200,USDT
2024-03-05T09:15:00Z,LINK/USDT,buy,20.56027500,27.73120118,0.57016112,USDT
2024-03-05T10:30:00Z,LINK/USDT,sell,20.78560200,27.73120118,0.57640971,USDT
2024-03-05T11:00:00Z,LINK/USDT,buy,20.75037000,27.26543873,0.56576794,USDT
2024-03-05T11:45:00Z,LINK/USDT,sell,20.71063950,27.26543873,0.56468467,USDT
2024-03-05T12:00:00Z,LINK/USDT,buy,20.71035000,27.35954079,0.56662567,USDT
2024-03-05T12:45:00Z,LINK/USDT,stop_sell,20.54615036,27.35954079,0.56213324,USDT
2024-03-06T01:15:00Z,LINK/USDT,buy,18.86242650,30.02784812,0.56639808,USDT
2024-03-06T02:15:00Z,LINK/USDT,sell,18.69164950,30.02784812,0.56127001,USDT
2024-03-06T03:30:00Z,LINK/USDT,buy,18.60029550,30.43864303,0.56616775,USDT
2024-03-06T03:45:00Z,LINK/USDT,sell,18.59869600,30.43864303,0.56611907,USDT
2024-03-06T05:00:00Z,LINK/USDT,buy,19.03651350,29.73774491,0.56610298,USDT
2024-03-06T06:00:00Z,LINK/USDT,sell,19.36031500,29.73774491,0.57573211,USDT
2024-03-06T11:30:00Z,LINK/USDT,buy,19.64381700,28.90739529,0.56785158,USDT
2024-03-06T12:30:00Z,LINK/USDT,stop_sell,19.42642479,28.90739529,0.56156734,USDT
2024-03-06T18:30:00Z,LINK/USDT,buy,19.79289150,28.59115931,0.56590171,USDT
2024-03-07T02:45:00Z,LINK/USDT,sell,20.08895050,28.59115931,0.57436638,USDT
2024-03-07T03:00:00Z,LINK/USDT,buy,20.18808900,28.10808204,0.56744846,USDT
2024-03-07T03:30:00Z,LINK/USDT,stop_sell,19.91632257,28.10808204,0.55980963,USDT
2024-03-07T19:00:00Z,LINK/USDT,buy,20.16707850,28.07049814,0.56609994,USDT
2024-03-07T19:15:00Z,LINK/USDT,stop_sell,20.03483471,28.07049814,0.56238779,USDT
2024-03-07T21:15:00Z,LINK/USDT,buy,20.10604800,28.14344363,0.56585343,USDT
2024-03-07T21:45:00Z,LINK/USDT,sell,20.02398300,28.14344363,0.56354384,USDT
2024-03-07T22:15:00Z,LINK/USDT,buy,20.11905450,28.09338901,0.56521242,USDT
2024-03-07T22:30:00Z,LINK/USDT,sell,20.04097450,28.09338901,0.56301889,USDT
2024-03-07T23:00:00Z,LINK/USDT,buy,20.08403700,28.18667493,0.56610222,USDT
2024-03-07T23:45:00Z,LINK/USDT,sell,20.07895550,28.18667493,0.56595899,USDT
2024-03-08T00:15:00Z,LINK/USDT,buy,20.14206600,28.05836714,0.56515348,USDT
2024-03-08T01:45:00Z,LINK/USDT,stop_sell,20.03180052,28.05836714,0.56205961,USDT
2024-03-08T23:30:00Z,LINK/USDT,buy,19.68783900,28.54795493,0.56204754,USDT
2024-03-08T23:30:00Z,LINK/USDT,stop_sell,19.66816100,28.54795493,0.56148577,USDT
2024-03-08T23:45:00Z,LINK/USDT,buy,19.68783900,28.67457287,0.56454037,USDT
2024-03-09T00:00:00Z,LINK/USDT,sell,19.66816100,28.67457287,0.56397612,USDT
2024-03-09T00:15:00Z,LINK/USDT,buy,19.72185600,28.59938266,0.56403291,USDT
2024-03-09T02:00:00Z,LINK/USDT,sell,19.71014000,28.59938266,0.56369784,USDT
2024-03-09T02:15:00Z,LINK/USDT,buy,19.75587300,28.55002778,0.56403072,USDT
2024-03-09T08:30:00Z,LINK/USDT,sell,20.02798100,28.55002778,0.57179941,USDT
2024-03-09T12:45:00Z,LINK/USDT,buy,20.12205600,28.06963145,0.56481870,USDT
2024-03-09T13:00:00Z,LINK/USDT,stop_sell,20.00267223,28.06963145,0.56146764,USDT
2024-03-09T13:45:00Z,LINK/USDT,buy,20.13406200,28.10492379,0.56586628,USDT
2024-03-09T17:30:00Z,LINK/USDT,sell,20.02998000,28.10492379,0.56294106,USDT
2024-03-09T23:15:00Z,LINK/USDT,buy,19.99699350,28.12238994,0.56236325,USDT
2024-03-09T23:15:00Z,LINK/USDT,stop_sell,19.97700650,28.12238994,0.56180117,USDT
2024-03-10T00:45:00Z,LINK/USDT,buy,19.93196100,28.2835291,0.56374620,USDT
2024-03-10T01:30:00Z,LINK/USDT,sell,19.90404300,28.2835291,0.56295658,USDT
2024-03-10T07:45:00Z,LINK/USDT,buy,19.98298650,28.22061656,0.56393220,USDT
2024-03-10T08:00:00Z,LINK/USDT,sell,19.98800100,28.22061656,0.56407371,USDT
2024-03-10T16:45:00Z,LINK/USDT,buy,19.82890950,28.43738548,0.56388234,USDT
2024-03-10T17:00:00Z,LINK/USDT,sell,19.73812600,28.43738548,0.56130070,USDT
2024-03-10T18:45:00Z,LINK/USDT,buy,19.75687350,28.54197481,0.56390019,USDT
2024-03-10T19:15:00Z,LINK/USDT,sell,19.68315350,28.54197481,0.56179607,USDT
2024-03-10T22:00:00Z,LINK/USDT,buy,20.03801400,28.10022773,0.56307276,USDT
2024-03-11T04:15:00Z,LINK/USDT,sell,21.16741100,28.10022773,0.59480907,USDT
2024-03-11T13:15:00Z,LINK/USDT,buy,21.47473200,26.3334018,0.56550275,USDT
2024-03-11T13:30:00Z,LINK/USDT,stop_sell,21.29584675,26.3334018,0.56079209,USDT
2024-03-11T20:45:00Z,LINK/USDT,buy,21.25062000,26.61662177,0.56561971,USDT
2024-03-11T23:45:00Z,LINK/USDT,sell,21.29934500,26.61662177,0.56691661,USDT
2024-03-12T00:00:00Z,LINK/USDT,buy,21.33166050,26.56342357,0.56664193,USDT
2024-03-12T00:45:00Z,LINK/USDT,stop_sell,21.17583536,26.56342357,0.56250268,USDT
2024-03-12T11:00:00Z,LINK/USDT,buy,20.55827400,27.49112972,0.56517018,USDT
2024-03-12T11:45:00Z,LINK/USDT,sell,20.54972000,27.49112972,0.56493502,USDT
2024-03-12T14:00:00Z,LINK/USDT,buy,20.65232100,27.35923392,0.56503168,USDT
2024-03-12T14:00:00Z,LINK/USDT,stop_sell,20.45355382,27.35923392,0.55959356,USDT
2024-03-12T14:15:00Z,LINK/USDT,buy,20.50224600,27.55552055,0.56495006,USDT
2024-03-12T14:45:00Z,LINK/USDT,sell,20.46576200,27.55552055,0.56394473,USDT
2024-03-12T19:45:00Z,LINK/USDT,buy,20.55627300,27.41854558,0.56362311,USDT
2024-03-13T00:15:00Z,LINK/USDT,sell,20.61568700,27.41854558,0.56525215,USDT
2024-03-13T02:45:00Z,LINK/USDT,buy,20.85042000,27.06244982,0.56426344,USDT
2024-03-13T03:15:00Z,LINK/USDT,sell,20.76361300,27.06244982,0.56191423,USDT
2024-03-13T04:00:00Z,LINK/USDT,buy,20.71635300,27.2123955,0.56374159,USDT
2024-03-13T04:15:00Z,LINK/USDT,sell,20.66966000,27.2123955,0.56247096,USDT
2024-03-14T14:15:00Z,LINK/USDT,buy,21.23861400,26.64466007,0.56589565,USDT
2024-03-14T14:45:00Z,LINK/USDT,sell,21.00849050,26.64466007,0.55976409,USDT
2024-03-14T18:00:00Z,LINK/USDT,buy,21.26462700,26.46695843,0.56281000,USDT
2024-03-14T18:15:00Z,LINK/USDT,sell,21.10044450,26.46695843,0.55846459,USDT
2024-03-14T20:15:00Z,LINK/USDT,buy,20.59629300,27.31491456,0.56258598,USDT
2024-03-14T22:30:00Z,LINK/USDT,sell,21.15541700,27.31491456,0.57785841,USDT
2024-03-15T08:15:00Z,LINK/USDT,buy,19.49074050,28.90466162,0.56337326,USDT
2024-03-15T08:30:00Z,LINK/USDT,sell,19.35531750,28.90466162,0.55945890,USDT
2024-03-15T10:30:00Z,LINK/USDT,buy,19.37468250,29.12606884,0.56430834,USDT
2024-03-15T10:45:00Z,LINK/USDT,sell,19.30934050,29.12606884,0.56240518,USDT
2024-03-16T00:30:00Z,LINK/USDT,buy,19.70084550,28.58265924,0.56310255,USDT
2024-03-16T02:00:00Z,LINK/USDT,stop_sell,19.55050557,28.58265924,0.55880544,USDT
2024-03-17T05:30:00Z,LINK/USDT,buy,18.25512300,30.76891235,0.56169028,USDT
2024-03-17T05:30:00Z,LINK/USDT,stop_sell,18.14163893,30.76891235,0.55819850,USDT
2024-03-17T05:45:00Z,LINK/USDT,buy,18.18208650,30.97926785,0.56326773,USDT
2024-03-17T06:00:00Z,LINK/USDT,sell,18.20089500,30.97926785,0.56385040,USDT
2024-03-17T17:15:00Z,LINK/USDT,buy,18.53026050,30.31341088,0.56171540,USDT
2024-03-17T18:45:00Z,LINK/USDT,sell,18.50674200,30.31341088,0.56100247,USDT
2024-03-18T01:30:00Z,LINK/USDT,buy,18.76437750,29.95001773,0.56199344,USDT
2024-03-18T08:00:00Z,LINK/USDT,stop_sell,18.49217786,29.95001773,0.55384105,USDT
2024-03-18T08:15:00Z,LINK/USDT,buy,19.29364200,29.09002204,0.56125247,USDT
2024-03-18T08:15:00Z,LINK/USDT,stop_sell,19.03676257,29.09002204,0.55377984,USDT
2024-03-18T08:30:00Z,LINK/USDT,buy,18.98949000,29.43444328,0.55894507,USDT
2024-03-18T09:15:00Z,LINK/USDT,sell,18.93252900,29.43444328,0.55726845,USDT
2024-03-18T22:15:00Z,LINK/USDT,buy,18.50324700,30.28499167,0.56037068,USDT
2024-03-18T22:30:00Z,LINK/USDT,stop_sell,18.31544484,30.28499167,0.55468309,USDT
2024-03-18T23:00:00Z,LINK/USDT,buy,18.50925000,30.24575268,0.55982620,USDT
2024-03-19T00:15:00Z,LINK/USDT,sell,18.38580250,30.24575268,0.55609244,USDT
2024-03-19T12:00:00Z,LINK/USDT,buy,17.33566350,32.33438097,0.56053795,USDT
2024-03-19T17:00:00Z,LINK/USDT,sell,17.83108000,32.33438097,0.57655693,USDT
2024-03-19T17:15:00Z,LINK/USDT,buy,17.92295700,31.26773067,0.56041019,USDT
2024-03-19T17:30:00Z,LINK/USDT,sell,17.88005550,31.26773067,0.55906876,USDT
2024-03-19T17:45:00Z,LINK/USDT,buy,17.84491800,31.50284734,0.56216573,USDT
2024-03-19T18:00:00Z,LINK/USDT,stop_sell,17.56446338,31.50284734,0.55333061,USDT
2024-03-20T04:15:00Z,LINK/USDT,buy,16.96547850,32.9770121,0.55947079,USDT
2024-03-20T04:30:00Z,LINK/USDT,sell,16.79060050,32.9770121,0.55370384,USDT
2024-03-20T06:45:00Z,LINK/USDT,buy,16.87743450,33.12618821,0.55908507,USDT
2024-03-20T07:00:00Z,LINK/USDT,sell,16.88955100,33.12618821,0.55948645,USDT
2024-03-20T07:30:00Z,LINK/USDT,buy,17.20059600,32.44952048,0.55815109,USDT
2024-03-20T12:00:00Z,LINK/USDT,sell,17.36631250,32.44952048,0.56352851,USDT
2024-03-20T12:15:00Z,LINK/USDT,buy,17.50674900,31.83332873,0.55729810,USDT
2024-03-20T13:30:00Z,LINK/USDT,stop_sell,17.40172336,31.83332873,0.55395478,USDT
2024-03-20T13:45:00Z,LINK/USDT,buy,17.51575350,31.80941571,0.55716588,USDT
2024-03-20T15:30:00Z,LINK/USDT,stop_sell,17.40125931,31.80941571,0.55352389,USDT
2024-03-20T15:45:00Z,LINK/USDT,buy,17.31965550,32.24859491,0.55853455,USDT
2024-03-20T16:15:00Z,LINK/USDT,sell,17.26236450,32.24859491,0.55668700,USDT
2024-03-21T03:30:00Z,LINK/USDT,buy,18.43821450,30.28297071,0.55836391,USDT
2024-03-21T03:45:00Z,LINK/USDT,stop_sell,18.30577111,30.28297071,0.55435313,USDT
2024-03-21T10:00:00Z,LINK/USDT,buy,18.17808450,30.80563801,0.55998749,USDT
2024-03-21T18:15:00Z,LINK/USDT,sell,18.28285400,30.80563801,0.56321498,USDT
2024-03-21T20:15:00Z,LINK/USDT,buy,18.62630850,29.84877548,0.55597250,USDT
2024-03-21T21:15:00Z,LINK/USDT,sell,18.71263900,29.84877548,0.55854936,USDT
2024-03-21T22:15:00Z,LINK/USDT,buy,18.54526800,29.99304454,0.55622905,USDT
2024-03-21T22:30:00Z,LINK/USDT,sell,18.42478300,29.99304454,0.55261534,USDT
2024-03-21T23:00:00Z,LINK/USDT,buy,18.34216650,30.43405721,0.55822654,USDT
2024-03-22T00:30:00Z,LINK/USDT,sell,18.42078500,30.43405721,0.56061922,USDT
2024-03-22T07:15:00Z,LINK/USDT,buy,18.42720900,30.25303515,0.55747900,USDT
2024-03-22T08:30:00Z,LINK/USDT,sell,18.36381350,30.25303515,0.55556110,USDT
2024-03-22T18:45:00Z,LINK/USDT,buy,17.89794450,31.08119019,0.55628942,USDT
2024-03-22T21:30:00Z,LINK/USDT,stop_sell,17.73951866,31.08119019,0.55136535,USDT
2024-03-22T22:00:00Z,LINK/USDT,buy,17.89894500,31.16374921,0.55779823,USDT
2024-03-22T23:00:00Z,LINK/USDT,sell,17.93302900,31.16374921,0.55886042,USDT
2024-03-22T23:15:00Z,LINK/USDT,buy,17.99699400,31.01600021,0.55819477,USDT
2024-03-23T00:45:00Z,LINK/USDT,sell,18.27285900,31.01600021,0.56675100,USDT
2024-03-23T01:00:00Z,LINK/USDT,buy,18.23111100,30.61270641,0.55810365,USDT
2024-03-23T01:15:00Z,LINK/USDT,sell,18.31183950,30.61270641,0.56057497,USDT
2024-03-23T04:00:00Z,LINK/USDT,buy,18.14806950,30.77408926,0.55849031,USDT
2024-03-23T04:45:00Z,LINK/USDT,sell,18.22288400,30.77408926,0.56079266,USDT
2024-03-23T10:15:00Z,LINK/USDT,buy,18.42720900,30.291229,0.55818281,USDT
2024-03-23T10:45:00Z,LINK/USDT,sell,18.39379850,30.291229,0.55717076,USDT
2024-03-23T19:45:00Z,LINK/USDT,buy,18.35017050,30.32315509,0.55643507,USDT
2024-03-23T19:45:00Z,LINK/USDT,stop_sell,18.33182950,30.32315509,0.55587891,USDT
2024-03-23T20:15:00Z,LINK/USDT,buy,18.31515300,30.45334979,0.55775776,USDT
2024-03-23T20:45:00Z,LINK/USDT,stop_sell,18.24854973,30.45334979,0.55572947,USDT
2024-03-24T09:45:00Z,LINK/USDT,buy,18.22911000,30.57658466,0.55738393,USDT
2024-03-24T11:15:00Z,LINK/USDT,sell,18.31084000,30.57658466,0.55988295,USDT
2024-03-24T23:00:00Z,LINK/USDT,buy,18.51025050,30.08410987,0.55686441,USDT
2024-03-24T23:15:00Z,LINK/USDT,sell,18.56871100,30.08410987,0.55862314,USDT
2024-03-25T02:45:00Z,LINK/USDT,buy,18.58929000,30.03500803,0.55832947,USDT
2024-03-25T08:00:00Z,LINK/USDT,sell,18.64467300,30.03500803,0.55999290,USDT
2024-03-25T08:15:00Z,LINK/USDT,buy,18.77038050,29.69651524,0.55741489,USDT
2024-03-25T10:15:00Z,LINK/USDT,sell,18.87655700,29.69651524,0.56056796,USDT
2024-03-25T12:30:00Z,LINK/USDT,buy,18.94046550,29.46346603,0.55805176,USDT
2024-03-25T14:45:00Z,LINK/USDT,sell,19.16541250,29.46346603,0.56467948,USDT
2024-03-25T15:00:00Z,LINK/USDT,buy,19.20960000,29.06440071,0.55831551,USDT
2024-03-25T17:00:00Z,LINK/USDT,sell,19.46926050,29.06440071,0.56586239,USDT
2024-03-25T21:30:00Z,LINK/USDT,buy,19.50975000,28.64360562,0.55882958,USDT
2024-03-25T21:30:00Z,LINK/USDT,stop_sell,19.44762846,28.64360562,0.55705020,USDT
2024-03-25T23:15:00Z,LINK/USDT,buy,19.43871450,28.80752739,0.55998130,USDT
2024-03-25T23:30:00Z,LINK/USDT,stop_sell,19.29998804,28.80752739,0.55598493,USDT
2024-03-26T00:30:00Z,LINK/USDT,buy,19.59679350,28.62102815,0.56088038,USDT
2024-03-26T01:00:00Z,LINK/USDT,sell,19.50624200,28.62102815,0.55828870,USDT
2024-03-26T01:15:00Z,LINK/USDT,buy,19.55777400,28.57208619,0.55880640,USDT
2024-03-26T07:30:00Z,LINK/USDT,sell,20.00799100,28.57208619,0.57167004,USDT
2024-03-26T08:00:00Z,LINK/USDT,buy,19.85392200,28.11312095,0.55815571,USDT
2024-03-26T14:30:00Z,LINK/USDT,sell,20.02698150,28.11312095,0.56302095,USDT
2024-03-26T15:00:00Z,LINK/USDT,buy,20.30614800,27.52960652,0.55902026,USDT
2024-03-26T15:15:00Z,LINK/USDT,sell,20.17390800,27.52960652,0.55537975,USDT
2024-03-27T00:30:00Z,LINK/USDT,buy,19.90594800,28.06949232,0.55874985,USDT
2024-03-27T02:15:00Z,LINK/USDT,sell,20.00099450,28.06949232,0.56141776,USDT
2024-03-27T02:30:00Z,LINK/USDT,buy,20.04601800,27.85451473,0.55837210,USDT
2024-03-27T02:45:00Z,LINK/USDT,sell,20.00399300,27.85451473,0.55720152,USDT
2024-03-27T20:15:00Z,LINK/USDT,buy,19.30564800,28.92125262,0.55834352,USDT
2024-03-27T20:30:00Z,LINK/USDT,sell,19.32033500,28.92125262,0.55876829,USDT
2024-03-28T05:30:00Z,LINK/USDT,buy,19.35667350,28.86158161,0.55866421,USDT
2024-03-28T05:45:00Z,LINK/USDT,sell,19.26936050,28.86158161,0.55614422,USDT
2024-03-28T11:45:00Z,LINK/USDT,buy,19.61580300,28.59967068,0.56100551,USDT
2024-03-28T12:30:00Z,LINK/USDT,stop_sell,19.38683744,28.59967068,0.55445717,USDT
2024-03-29T07:00:00Z,LINK/USDT,buy,19.00449750,29.28256919,0.55650051,USDT
2024-03-29T07:30:00Z,LINK/USDT,stop_sell,18.92953050,29.28256919,0.55430529,USDT
2024-03-29T12:30:00Z,LINK/USDT,buy,19.00449750,29.35657467,0.55790695,USDT
2024-03-29T15:30:00Z,LINK/USDT,stop_sell,18.89897436,29.35657467,0.55480915,USDT
2024-03-29T16:00:00Z,LINK/USDT,buy,18.98848950,29.38372361,0.55795253,USDT
2024-03-29T16:15:00Z,LINK/USDT,sell,19.01648700,29.38372361,0.55877520,USDT
2024-03-29T20:30:00Z,LINK/USDT,buy,19.01750400,29.30516402,0.55731107,USDT
2024-03-29T20:45:00Z,LINK/USDT,sell,18.99849600,29.30516402,0.55675404,USDT
2024-03-30T10:15:00Z,LINK/USDT,buy,19.05752400,29.28733868,0.55814416,USDT
2024-03-30T16:00:00Z,LINK/USDT,sell,19.09244900,29.28733868,0.55916702,USDT
2024-03-30T20:30:00Z,LINK/USDT,buy,19.15657350,29.0076691,0.55568755,USDT
2024-03-30T20:30:00Z,LINK/USDT,stop_sell,19.09337711,29.0076691,0.55385437,USDT
2024-03-31T03:45:00Z,LINK/USDT,buy,18.99949500,29.30230436,0.55672899,USDT
2024-03-31T09:30:00Z,LINK/USDT,sell,19.16241400,29.30230436,0.56150289,USDT
2024-03-31T16:15:00Z,LINK/USDT,buy,19.13156100,29.11532337,0.55702159,USDT
2024-03-31T17:15:00Z,LINK/USDT,stop_sell,19.04747150,29.11532337,0.55457329,USDT
2024-04-01T10:45:00Z,LINK/USDT,buy,18.41720400,30.22916245,0.55673665,USDT
2024-04-01T11:00:00Z,LINK/USDT,sell,18.47175950,30.22916245,0.55838582,USDT
2024-04-02T01:00:00Z,LINK/USDT,buy,18.25012050,30.49989839,0.55662682,USDT
2024-04-02T02:15:00Z,LINK/USDT,sell,18.20089500,30.49989839,0.55512545,USDT
2024-04-02T07:00:00Z,LINK/USDT,buy,18.27513300,30.41343262,0.55580953,USDT
2024-04-02T08:30:00Z,LINK/USDT,stop_sell,18.13192950,30.41343262,0.55145422,USDT
2024-04-02T08:45:00Z,LINK/USDT,buy,17.98298700,30.91003115,0.55585469,USDT
2024-04-02T09:00:00Z,LINK/USDT,stop_sell,17.77214519,30.91003115,0.54933756,USDT
2024-04-02T09:15:00Z,LINK/USDT,buy,17.97098100,30.94667844,0.55614217,USDT
2024-04-02T10:45:00Z,LINK/USDT,sell,17.82908100,30.94667844,0.55175084,USDT
2024-04-02T11:00:00Z,LINK/USDT,buy,18.04001550,30.79856592,0.55560661,USDT
2024-04-02T11:15:00Z,LINK/USDT,sell,17.88005550,30.79856592,0.55068007,USDT
2024-04-02T14:30:00Z,LINK/USDT,buy,18.12005550,30.6018958,0.55450805,USDT
2024-04-02T14:45:00Z,LINK/USDT,sell,17.93302900,30.6018958,0.54878468,USDT
2024-04-02T15:30:00Z,LINK/USDT,buy,17.95097100,30.89236906,0.55454802,USDT
2024-04-02T15:45:00Z,LINK/USDT,sell,17.78610250,30.89236906,0.54945484,USDT
2024-04-02T16:15:00Z,LINK/USDT,buy,17.68583850,31.18656408,0.55156054,USDT
2024-04-02T16:30:00Z,LINK/USDT,sell,17.72113500,31.18656408,0.55266131,USDT
2024-04-03T00:00:00Z,LINK/USDT,buy,17.94296700,30.82171231,0.55303297,USDT
2024-04-03T00:15:00Z,LINK/USDT,stop_sell,17.82294121,30.82171231,0.54933357,USDT
2024-04-03T01:45:00Z,LINK/USDT,buy,18.16007550,30.49621711,0.55381361,USDT
2024-04-03T03:15:00Z,LINK/USDT,sell,18.09294900,30.49621711,0.55176650,USDT
2024-04-03T22:30:00Z,LINK/USDT,buy,17.67383250,31.20168256,0.55145331,USDT
2024-04-03T22:45:00Z,LINK/USDT,sell,17.65117000,31.20168256,0.55074620,USDT
2024-04-04T02:00:00Z,LINK/USDT,buy,17.87093100,31.0114199,0.55420295,USDT
2024-04-04T02:15:00Z,LINK/USDT,stop_sell,17.72334818,31.0114199,0.54962619,USDT
2024-04-04T02:45:00Z,LINK/USDT,buy,17.79289200,31.04166725,0.55232103,USDT
2024-04-04T03:30:00Z,LINK/USDT,stop_sell,17.66769744,31.04166725,0.54843479,USDT
2024-04-04T06:45:00Z,LINK/USDT,buy,17.84491800,30.80100782,0.54964146,USDT
2024-04-04T07:00:00Z,LINK/USDT,sell,17.88005550,30.80100782,0.55072373,USDT
2024-04-04T07:15:00Z,LINK/USDT,buy,17.95497300,30.72030977,0.55158233,USDT
2024-04-04T07:45:00Z,LINK/USDT,stop_sell,17.84146766,30.72030977,0.54809541,USDT
2024-04-04T17:00:00Z,LINK/USDT,buy,18.08803950,30.49270838,0.55155331,USDT
2024-04-04T18:45:00Z,LINK/USDT,sell,18.06996050,30.49270838,0.55100204,USDT
2024-04-05T01:00:00Z,LINK/USDT,buy,17.69584350,31.07144932,0.54983550,USDT
2024-04-05T01:15:00Z,LINK/USDT,sell,17.61618750,31.07144932,0.54736048,USDT
2024-04-05T17:45:00Z,LINK/USDT,buy,17.36467800,31.67315951,0.54999422,USDT
2024-04-05T18:00:00Z,LINK/USDT,stop_sell,17.30534300,31.67315951,0.54811489,USDT
2024-04-05T19:00:00Z,LINK/USDT,buy,17.43871500,31.63218219,0.55162461,USDT
2024-04-05T19:45:00Z,LINK/USDT,sell,17.35631750,31.63218219,0.54901820,USDT
2024-04-05T20:15:00Z,LINK/USDT,buy,17.37468300,31.58429929,0.54876719,USDT
2024-04-05T20:30:00Z,LINK/USDT,sell,17.41728700,31.58429929,0.55011281,USDT
2024-04-06T02:15:00Z,LINK/USDT,buy,17.42370750,31.60175538,0.55061974,USDT
2024-04-06T04:15:00Z,LINK/USDT,sell,17.34432350,31.60175538,0.54811107,USDT
2024-04-06T05:00:00Z,LINK/USDT,buy,17.42370750,31.69803363,0.55229727,USDT
2024-04-06T06:15:00Z,LINK/USDT,sell,17.39729700,31.69803363,0.55146011,USDT
2024-04-06T10:30:00Z,LINK/USDT,buy,17.51275200,31.3834439,0.54961047,USDT
2024-04-06T13:00:00Z,LINK/USDT,stop_sell,17.47625750,31.3834439,0.54846515,USDT
2024-04-07T03:30:00Z,LINK/USDT,buy,17.74386750,30.99640441,0.54999609,USDT
2024-04-07T06:15:00Z,LINK/USDT,stop_sell,17.66816150,30.99640441,0.54764948,USDT
2024-04-07T11:15:00Z,LINK/USDT,buy,17.73586350,30.94945595,0.54891533,USDT
2024-04-07T11:30:00Z,LINK/USDT,stop_sell,17.71213950,30.94945595,0.54818108,USDT
2024-04-07T12:15:00Z,LINK/USDT,buy,17.72986050,30.99707602,0.54957383,USDT
2024-04-07T14:30:00Z,LINK/USDT,stop_sell,17.67937018,30.99707602,0.54800878,USDT
2024-04-07T14:45:00Z,LINK/USDT,buy,17.73086100,30.99555029,0.54957779,USDT
2024-04-07T15:30:00Z,LINK/USDT,stop_sell,17.66844707,30.99555029,0.54764324,USDT
2024-04-07T18:45:00Z,LINK/USDT,buy,17.79189150,30.87901605,0.54939610,USDT
2024-04-07T19:15:00Z,LINK/USDT,sell,17.67215950,30.87901605,0.54569890,USDT
2024-04-07T21:30:00Z,LINK/USDT,buy,17.71385250,30.97770388,0.54873448,USDT
2024-04-08T03:00:00Z,LINK/USDT,sell,17.65516800,30.97770388,0.54691657,USDT
2024-04-08T09:00:00Z,LINK/USDT,buy,18.31915500,30.04972387,0.55048555,USDT
2024-04-08T14:15:00Z,LINK/USDT,sell,18.35281900,30.04972387,0.55149714,USDT
2024-04-09T11:30:00Z,LINK/USDT,buy,17.80789950,30.80060291,0.54849404,USDT
2024-04-09T12:00:00Z,LINK/USDT,sell,17.82008550,30.80060291,0.54886938,USDT
2024-04-09T12:15:00Z,LINK/USDT,buy,17.79189150,30.73346989,0.54680656,USDT
2024-04-09T12:15:00Z,LINK/USDT,stop_sell,17.77410850,30.73346989,0.54626003,USDT
2024-04-09T13:30:00Z,LINK/USDT,buy,17.81890500,30.81769111,0.54913751,USDT
2024-04-09T13:45:00Z,LINK/USDT,stop_sell,17.72527579,30.81769111,0.54625207,USDT
2024-04-09T22:00:00Z,LINK/USDT,buy,17.47273200,31.33008437,0.54742217,USDT
2024-04-09T22:15:00Z,LINK/USDT,sell,17.42128500,31.33008437,0.54581033,USDT
2024-04-10T04:15:00Z,LINK/USDT,buy,17.45572350,31.38592807,0.54786408,USDT
2024-04-10T09:00:00Z,LINK/USDT,sell,17.42128500,31.38592807,0.54678320,USDT
2024-04-11T10:00:00Z,LINK/USDT,buy,17.46672900,31.34001871,0.54740761,USDT
2024-04-11T10:30:00Z,LINK/USDT,stop_sell,17.40204462,31.34001871,0.54538040,USDT
2024-04-11T20:15:00Z,LINK/USDT,buy,17.46372750,31.36164222,0.54769117,USDT
2024-04-12T05:30:00Z,LINK/USDT,sell,17.75611750,31.36164222,0.55686100,USDT
2024-04-12T23:30:00Z,LINK/USDT,buy,15.13656450,36.27029396,0.54900764,USDT
2024-04-13T01:45:00Z,LINK/USDT,stop_sell,14.91471748,36.27029396,0.54096119,USDT
2024-04-13T03:30:00Z,LINK/USDT,buy,15.02250750,36.43178334,0.54729674,USDT
2024-04-13T04:00:00Z,LINK/USDT,sell,15.09245000,36.43178334,0.54984487,USDT
2024-04-13T04:15:00Z,LINK/USDT,buy,15.13656450,36.18883941,0.54777470,USDT
2024-04-13T05:30:00Z,LINK/USDT,sell,15.30034600,36.18883941,0.55370176,USDT
2024-04-13T07:15:00Z,LINK/USDT,buy,15.23961600,35.87033487,0.54665013,USDT
2024-04-13T07:30:00Z,LINK/USDT,stop_sell,15.17840700,35.87033487,0.54445454,USDT
2024-04-13T08:45:00Z,LINK/USDT,buy,15.10755000,36.13483794,0.54590887,USDT
2024-04-13T08:45:00Z,LINK/USDT,stop_sell,15.07388786,36.13483794,0.54469249,USDT
2024-04-13T11:15:00Z,LINK/USDT,buy,15.21960600,35.84571309,0.54555763,USDT
2024-04-13T11:15:00Z,LINK/USDT,stop_sell,15.16652009,35.84571309,0.54365473,USDT
2024-04-13T12:45:00Z,LINK/USDT,buy,15.17058150,35.88646442,0.54441853,USDT
2024-04-13T13:15:00Z,LINK/USDT,sell,15.11343950,35.88646442,0.54236791,USDT
2024-04-14T04:30:00Z,LINK/USDT,buy,13.40770050,40.78434934,0.54682434,USDT
2024-04-14T04:45:00Z,LINK/USDT,sell,13.36131600,40.78434934,0.54493258,USDT
2024-04-14T05:15:00Z,LINK/USDT,buy,13.54877100,40.34207532,0.54658554,USDT
2024-04-14T11:15:00Z,LINK/USDT,sell,13.62318500,40.34207532,0.54958756,USDT
2024-04-14T16:15:00Z,LINK/USDT,buy,13.68183750,40.04872491,0.54794015,USDT
2024-04-14T17:00:00Z,LINK/USDT,stop_sell,13.45526900,40.04872491,0.53886637,USDT
2024-04-14T18:15:00Z,LINK/USDT,buy,13.63681500,39.93062601,0.54452656,USDT
2024-04-14T19:30:00Z,LINK/USDT,sell,13.53323000,39.93062601,0.54039035,USDT
2024-04-14T19:45:00Z,LINK/USDT,buy,13.58378850,40.0230723,0.54366495,USDT
2024-04-14T20:15:00Z,LINK/USDT,sell,13.54522400,40.0230723,0.54212148,USDT
2024-04-15T05:45:00Z,LINK/USDT,buy,14.06803050,38.78070112,0.54556809,USDT
2024-04-15T11:30:00Z,LINK/USDT,sell,14.52373450,38.78070112,0.56324061,USDT
2024-04-15T12:00:00Z,LINK/USDT,buy,14.46022650,37.75214694,0.54590460,USDT
2024-04-15T12:15:00Z,LINK/USDT,sell,14.41578850,37.75214694,0.54422697,USDT
2024-04-15T12:45:00Z,LINK/USDT,buy,14.51225250,37.60432759,0.54572350,USDT
2024-04-15T13:45:00Z,LINK/USDT,stop_sell,14.40265221,37.60432759,0.54160205,USDT
2024-04-15T14:00:00Z,LINK/USDT,buy,14.37718500,37.95986004,0.54575593,USDT
2024-04-15T14:15:00Z,LINK/USDT,sell,14.31883700,37.95986004,0.54354105,USDT
2024-04-16T06:45:00Z,LINK/USDT,buy,13.49374350,40.44539623,0.54575980,USDT
2024-04-16T10:15:00Z,LINK/USDT,stop_sell,13.33597154,40.44539623,0.53937865,USDT
2024-04-16T11:15:00Z,LINK/USDT,buy,13.47873600,40.44309015,0.54512174,USDT
2024-04-16T11:30:00Z,LINK/USDT,sell,13.38130600,40.44309015,0.54118136,USDT
2024-04-16T17:45:00Z,LINK/USDT,buy,13.24361850,40.9297231,0.54205764,USDT
2024-04-16T18:00:00Z,LINK/USDT,sell,13.15741800,40.9297231,0.53852948,USDT
2024-04-16T18:30:00Z,LINK/USDT,buy,13.22560950,41.25244345,0.54558871,USDT
2024-04-16T22:15:00Z,LINK/USDT,sell,13.48625350,41.25244345,0.55634091,USDT
2024-04-16T22:45:00Z,LINK/USDT,buy,13.49674500,40.41917644,0.54552732,USDT
2024-04-17T00:00:00Z,LINK/USDT,sell,13.45726800,40.41917644,0.54393169,USDT
2024-04-17T10:00:00Z,LINK/USDT,buy,13.54476900,40.11458286,0.54334276,USDT
2024-04-17T10:00:00Z,LINK/USDT,stop_sell,13.50006802,40.11458286,0.54154960,USDT
2024-04-17T10:15:00Z,LINK/USDT,buy,13.53276300,40.34725022,0.54600977,USDT
2024-04-17T11:30:00Z,LINK/USDT,sell,13.40229550,40.34725022,0.54074577,USDT
2024-04-17T18:15:00Z,LINK/USDT,buy,13.41170250,40.63788004,0.54502316,USDT
2024-04-17T19:30:00Z,LINK/USDT,stop_sell,13.13143100,40.63788004,0.53363352,USDT
2024-04-18T03:45:00Z,LINK/USDT,buy,13.28363850,40.64230594,0.53987770,USDT
2024-04-18T05:45:00Z,LINK/USDT,stop_sell,13.21139100,40.64230594,0.53694139,USDT
2024-04-18T12:00:00Z,LINK/USDT,buy,13.35867600,40.65174742,0.54305352,USDT
2024-04-18T12:30:00Z,LINK/USDT,stop_sell,13.21139100,40.65174742,0.53706613,USDT
2024-04-18T12:45:00Z,LINK/USDT,buy,13.22460900,40.90667712,0.54097481,USDT
2024-04-18T13:45:00Z,LINK/USDT,sell,13.23737800,40.90667712,0.54149715,USDT
2024-04-18T21:45:00Z,LINK/USDT,buy,13.80890100,39.26740045,0.54223965,USDT
2024-04-19T00:45:00Z,LINK/USDT,stop_sell,13.72152866,39.26740045,0.53880876,USDT
2024-04-19T01:00:00Z,LINK/USDT,buy,13.70084700,39.51898624,0.54144358,USDT
2024-04-19T01:00:00Z,LINK/USDT,stop_sell,13.60829959,39.51898624,0.53778620,USDT
2024-04-19T10:15:00Z,LINK/USDT,buy,13.83891600,39.12874332,0.54149939,USDT
2024-04-19T10:45:00Z,LINK/USDT,sell,13.81808750,39.12874332,0.54068440,USDT
2024-04-19T13:00:00Z,LINK/USDT,buy,13.75387350,39.09515921,0.53770987,USDT
2024-04-19T13:00:00Z,LINK/USDT,stop_sell,13.74012650,39.09515921,0.53717243,USDT
2024-04-19T14:45:00Z,LINK/USDT,buy,13.98799050,38.77207695,0.54234344,USDT
2024-04-19T16:30:00Z,LINK/USDT,sell,13.84807250,38.77207695,0.53691853,USDT
2024-04-19T17:00:00Z,LINK/USDT,buy,13.89194250,38.82940679,0.53941589,USDT
2024-04-19T18:45:00Z,LINK/USDT,sell,13.83807750,38.82940679,0.53732434,USDT
2024-04-19T20:15:00Z,LINK/USDT,buy,13.98799050,38.7166156,0.54156765,USDT
2024-04-19T20:30:00Z,LINK/USDT,sell,13.94302500,38.7166156,0.53982674,USDT
2024-04-19T21:15:00Z,LINK/USDT,buy,13.93196250,38.76155322,0.54002451,USDT
2024-04-19T23:00:00Z,LINK/USDT,stop_sell,13.84732288,38.76155322,0.53674374,USDT
2024-04-19T23:30:00Z,LINK/USDT,buy,13.89194250,38.86206941,0.53986963,USDT
2024-04-20T00:45:00Z,LINK/USDT,sell,13.87905700,38.86206941,0.53936888,USDT
2024-04-20T01:30:00Z,LINK/USDT,buy,13.92495900,38.7775614,0.53997595,USDT
2024-04-20T03:00:00Z,LINK/USDT,sell,13.97800750,38.7775614,0.54203304,USDT
2024-04-20T03:30:00Z,LINK/USDT,buy,14.01100200,38.45698081,0.53882084,USDT
2024-04-20T04:00:00Z,LINK/USDT,stop_sell,13.90872073,38.45698081,0.53488741,USDT
2024-04-20T05:30:00Z,LINK/USDT,buy,13.96297800,38.61282459,0.53915002,USDT
2024-04-20T06:00:00Z,LINK/USDT,sell,13.92003650,38.61282459,0.53749193,USDT
2024-04-20T08:45:00Z,LINK/USDT,buy,14.02400850,38.28186468,0.53686520,USDT
2024-04-20T08:45:00Z,LINK/USDT,stop_sell,14.00999150,38.28186468,0.53632860,USDT
2024-04-20T09:30:00Z,LINK/USDT,buy,14.02600950,38.44201682,0.53918809,USDT
2024-04-20T09:45:00Z,LINK/USDT,stop_sell,13.94538096,38.44201682,0.53608857,USDT
2024-04-20T10:15:00Z,LINK/USDT,buy,14.04201750,38.37711665,0.53889214,USDT
2024-04-20T23:15:00Z,LINK/USDT,sell,14.87455900,38.37711665,0.57084269,USDT
2024-04-20T23:30:00Z,LINK/USDT,buy,14.88944100,36.34837981,0.54120706,USDT
2024-04-20T23:45:00Z,LINK/USDT,sell,14.87455900,36.34837981,0.54066612,USDT
2024-04-21T04:30:00Z,LINK/USDT,buy,14.93146200,36.32013187,0.54231267,USDT
2024-04-21T05:00:00Z,LINK/USDT,sell,14.91453900,36.32013187,0.54169802,USDT
2024-04-21T06:00:00Z,LINK/USDT,buy,14.93146200,36.22828136,0.54094121,USDT
2024-04-21T06:45:00Z,LINK/USDT,sell,14.92453400,36.22828136,0.54069022,USDT
2024-04-21T08:15:00Z,LINK/USDT,buy,14.93546400,36.2114323,0.54083454,USDT
2024-04-21T08:30:00Z,LINK/USDT,sell,14.92053600,36.2114323,0.54029398,USDT
2024-04-21T09:00:00Z,LINK/USDT,buy,14.93546400,36.20274156,0.54070474,USDT
2024-04-21T09:15:00Z,LINK/USDT,stop_sell,14.81358950,36.20274156,0.53629255,USDT
2024-04-21T12:45:00Z,LINK/USDT,buy,14.93346300,36.17817171,0.54026539,USDT
2024-04-21T13:00:00Z,LINK/USDT,sell,14.81358950,36.17817171,0.53592858,USDT
2024-04-21T15:00:00Z,LINK/USDT,buy,14.81740500,36.48156532,0.54056213,USDT
2024-04-21T15:45:00Z,LINK/USDT,sell,14.81358950,36.48156532,0.54042293,USDT
2024-04-21T18:45:00Z,LINK/USDT,buy,14.75237250,36.61856751,0.54021075,USDT
2024-04-21T19:00:00Z,LINK/USDT,sell,14.75861700,36.61856751,0.54043941,USDT
2024-04-21T19:15:00Z,LINK/USDT,buy,14.81740500,36.42110586,0.53966628,USDT
2024-04-21T20:00:00Z,LINK/USDT,sell,14.76261500,36.42110586,0.53767076,USDT
2024-04-21T20:30:00Z,LINK/USDT,buy,14.84341800,36.27469217,0.53844042,USDT
2024-04-22T07:30:00Z,LINK/USDT,sell,15.60119550,36.27469217,0.56592856,USDT
2024-04-22T19:00:00Z,LINK/USDT,buy,15.35567400,35.26592728,0.54153208,USDT
2024-04-22T19:45:00Z,LINK/USDT,stop_sell,15.27136050,35.26592728,0.53855869,USDT
2024-04-22T20:00:00Z,LINK/USDT,buy,15.39469350,35.13035285,0.54082101,USDT
2024-04-22T20:15:00Z,LINK/USDT,sell,15.42928150,35.13035285,0.54203610,USDT
2024-04-22T21:15:00Z,LINK/USDT,buy,15.41270250,35.02867006,0.53988647,USDT
2024-04-22T23:30:00Z,LINK/USDT,sell,15.52223500,35.02867006,0.54372325,USDT
2024-04-22T23:45:00Z,LINK/USDT,buy,15.47673450,34.9817715,0.54140359,USDT
2024-04-23T00:00:00Z,LINK/USDT,sell,15.42328450,34.9817715,0.53953381,USDT
2024-04-23T04:30:00Z,LINK/USDT,buy,15.50674950,34.93941016,0.54179668,USDT
2024-04-23T04:45:00Z,LINK/USDT,stop_sell,15.38430400,34.93941016,0.53751851,USDT
2024-04-23T05:45:00Z,LINK/USDT,buy,15.55177200,34.73002307,0.54011340,USDT
2024-04-23T06:30:00Z,LINK/USDT,stop_sell,15.44727250,34.73002307,0.53648413,USDT
2024-04-23T20:30:00Z,LINK/USDT,buy,15.35267250,35.39726585,0.54344263,USDT
2024-04-23T22:45:00Z,LINK/USDT,sell,15.23138050,35.39726585,0.53914922,USDT
2024-04-24T00:00:00Z,LINK/USDT,buy,15.21760500,35.56017657,0.54114072,USDT
2024-04-24T00:15:00Z,LINK/USDT,stop_sell,15.12732541,35.56017657,0.53793036,USDT
2024-04-24T04:30:00Z,LINK/USDT,buy,15.37968600,35.14620393,0.54053758,USDT
2024-04-24T09:45:00Z,LINK/USDT,sell,15.41528850,35.14620393,0.54178887,USDT
2024-04-24T10:15:00Z,LINK/USDT,buy,15.48673950,34.91501572,0.54071975,USDT
2024-04-24T13:00:00Z,LINK/USDT,sell,15.38830200,34.91501572,0.53728281,USDT
2024-04-25T03:15:00Z,LINK/USDT,buy,14.53426350,36.87023509,0.53588171,USDT
2024-04-25T03:15:00Z,LINK/USDT,stop_sell,14.51973650,36.87023509,0.53534610,USDT
2024-04-25T04:45:00Z,LINK/USDT,buy,14.66532900,36.79851267,0.53966230,USDT
2024-04-25T09:45:00Z,LINK/USDT,sell,14.64567350,36.79851267,0.53893900,USDT
2024-04-25T12:15:00Z,LINK/USDT,buy,14.72535900,36.60370077,0.53900263,USDT
2024-04-25T12:30:00Z,LINK/USDT,sell,14.69065100,36.60370077,0.53773219,USDT
2024-04-25T15:15:00Z,LINK/USDT,buy,14.56227750,37.10268645,0.54029962,USDT
2024-04-25T16:30:00Z,LINK/USDT,sell,14.68265500,37.10268645,0.54476594,USDT
2024-04-26T03:00:00Z,LINK/USDT,buy,14.70735000,36.65414931,0.53908540,USDT
2024-04-26T04:00:00Z,LINK/USDT,stop_sell,14.60076739,36.65414931,0.53517871,USDT
2024-04-26T04:15:00Z,LINK/USDT,buy,14.57428350,36.95891805,0.53864975,USDT
2024-04-26T09:30:00Z,LINK/USDT,sell,14.72163550,36.95891805,0.54409572,USDT
2024-04-26T15:45:00Z,LINK/USDT,buy,14.63531400,36.83118514,0.53903596,USDT
2024-04-26T19:00:00Z,LINK/USDT,sell,14.69664800,36.83118514,0.54129496,USDT
2024-04-26T19:30:00Z,LINK/USDT,buy,14.73036150,36.59993683,0.53913030,USDT
2024-04-26T21:15:00Z,LINK/USDT,sell,14.67465900,36.59993683,0.53709159,USDT
2024-04-26T21:30:00Z,LINK/USDT,buy,14.69034150,36.68267218,0.53888098,USDT
2024-04-26T22:00:00Z,LINK/USDT,stop_sell,14.63467900,36.68267218,0.53683913,USDT
2024-04-27T06:00:00Z,LINK/USDT,buy,14.20409850,37.81961855,0.53719359,USDT
2024-04-27T07:30:00Z,LINK/USDT,stop_sell,14.15991650,37.81961855,0.53552264,USDT
2024-04-28T01:45:00Z,LINK/USDT,buy,14.31415350,37.61394961,0.53841185,USDT
2024-04-28T02:00:00Z,LINK/USDT,stop_sell,14.23587850,37.61394961,0.53546762,USDT
2024-04-28T15:15:00Z,LINK/USDT,buy,14.14306800,37.99514858,0.53736797,USDT
2024-04-28T15:45:00Z,LINK/USDT,sell,14.10894200,37.99514858,0.53607135,USDT
2024-04-28T16:00:00Z,LINK/USDT,buy,14.13506400,38.06511776,0.53805288,USDT
2024-04-28T16:15:00Z,LINK/USDT,stop_sell,14.06992581,38.06511776,0.53557338,USDT
2024-04-28T16:45:00Z,LINK/USDT,buy,14.11005150,38.0692507,0.53715909,USDT
2024-04-28T18:00:00Z,LINK/USDT,sell,14.11893700,38.0692507,0.53749735,USDT
2024-04-29T03:45:00Z,LINK/USDT,buy,13.90394850,38.70118579,0.53809929,USDT
2024-04-29T06:30:00Z,LINK/USDT,sell,13.87805750,38.70118579,0.53709728,USDT
2024-04-29T07:15:00Z,LINK/USDT,buy,13.99599450,38.41527575,0.53765999,USDT
2024-04-29T07:30:00Z,LINK/USDT,stop_sell,13.86727718,38.41527575,0.53271528,USDT
2024-04-29T07:45:00Z,LINK/USDT,buy,13.86392850,38.72708224,0.53690950,USDT
2024-04-29T08:30:00Z,LINK/USDT,sell,13.79310000,38.72708224,0.53416652,USDT
2024-04-29T11:15:00Z,LINK/USDT,buy,13.93996650,38.52158688,0.53698963,USDT
2024-04-29T12:00:00Z,LINK/USDT,sell,13.93502900,38.52158688,0.53679943,USDT
2024-04-29T12:45:00Z,LINK/USDT,buy,13.96998150,38.44804868,0.53711853,USDT
2024-04-29T13:30:00Z,LINK/USDT,stop_sell,13.87330988,38.44804868,0.53340169,USDT
2024-04-29T14:30:00Z,LINK/USDT,buy,13.94496900,38.40681956,0.53558191,USDT
2024-04-29T14:45:00Z,LINK/USDT,sell,13.94302500,38.40681956,0.53550725,USDT
2024-04-29T19:30:00Z,LINK/USDT,buy,13.97598450,38.326081,0.53564471,USDT
2024-04-29T23:00:00Z,LINK/USDT,sell,14.07595850,38.326081,0.53947633,USDT
2024-04-29T23:15:00Z,LINK/USDT,buy,14.17008150,37.84106224,0.53621094,USDT
2024-04-29T23:30:00Z,LINK/USDT,stop_sell,14.08495400,37.84106224,0.53298962,USDT
2024-04-30T06:45:00Z,LINK/USDT,buy,14.01500400,38.23797575,0.53590538,USDT
2024-04-30T07:30:00Z,LINK/USDT,sell,13.95901700,38.23797575,0.53376455,USDT
2024-04-30T20:45:00Z,LINK/USDT,buy,13.08453900,40.95316487,0.53585328,USDT
2024-05-01T00:45:00Z,LINK/USDT,sell,13.07046150,40.95316487,0.53527676,USDT
2024-05-01T02:30:00Z,LINK/USDT,buy,13.10955150,40.9274287,0.53654023,USDT
2024-05-01T03:00:00Z,LINK/USDT,sell,13.06646350,40.9274287,0.53477675,USDT
2024-05-01T04:00:00Z,LINK/USDT,buy,13.13756550,40.67990638,0.53443493,USDT
2024-05-01T06:30:00Z,LINK/USDT,sell,13.06646350,40.67990638,0.53154251,USDT
2024-05-01T06:45:00Z,LINK/USDT,buy,13.08453900,40.76431018,0.53338221,USDT
2024-05-01T06:45:00Z,LINK/USDT,stop_sell,13.06235841,40.76431018,0.53247803,USDT
2024-05-01T07:00:00Z,LINK/USDT,buy,13.02851100,41.00236663,0.53419978,USDT
2024-05-01T07:00:00Z,LINK/USDT,stop_sell,12.97351000,41.00236663,0.53194461,USDT
2024-05-01T12:00:00Z,LINK/USDT,buy,12.93146250,41.34670705,0.53467339,USDT
2024-05-01T15:00:00Z,LINK/USDT,stop_sell,12.80470159,41.34670705,0.52943225,USDT
2024-05-01T15:45:00Z,LINK/USDT,buy,12.76037700,41.53589046,0.53001362,USDT
2024-05-01T15:45:00Z,LINK/USDT,stop_sell,12.74762300,41.53589046,0.52948387,USDT
2024-05-02T05:30:00Z,LINK/USDT,buy,13.16257800,40.44032954,0.53229899,USDT
2024-05-02T09:00:00Z,LINK/USDT,sell,13.34732300,40.44032954,0.53977014,USDT
2024-05-02T09:15:00Z,LINK/USDT,buy,13.36467900,39.98821044,0.53442960,USDT
2024-05-02T13:45:00Z,LINK/USDT,sell,13.44627350,39.98821044,0.53769241,USDT
2024-05-02T19:45:00Z,LINK/USDT,buy,13.68283800,39.07691756,0.53468313,USDT
2024-05-02T20:30:00Z,LINK/USDT,sell,13.62918200,39.07691756,0.53258642,USDT
2024-05-02T21:00:00Z,LINK/USDT,buy,13.65882600,39.16725229,0.53497868,USDT
2024-05-02T21:45:00Z,LINK/USDT,stop_sell,13.55861016,39.16725229,0.53105350,USDT
2024-05-02T22:00:00Z,LINK/USDT,buy,13.62881100,39.35732709,0.53639357,USDT
2024-05-02T23:00:00Z,LINK/USDT,sell,13.62718300,39.35732709,0.53632950,USDT
2024-05-03T10:00:00Z,LINK/USDT,buy,13.64281800,38.98264258,0.53183310,USDT
2024-05-03T10:30:00Z,LINK/USDT,sell,13.58920200,38.98264258,0.52974300,USDT
2024-05-03T11:30:00Z,LINK/USDT,buy,13.64281800,39.15013419,0.53411816,USDT
2024-05-03T13:00:00Z,LINK/USDT,sell,13.81508900,39.15013419,0.54086259,USDT
2024-05-03T19:30:00Z,LINK/USDT,buy,13.98899100,38.22109654,0.53467458,USDT
2024-05-03T20:30:00Z,LINK/USDT,sell,14.15092100,38.22109654,0.54086372,USDT
2024-05-03T22:30:00Z,LINK/USDT,buy,14.07203250,37.95147219,0.53405435,USDT
2024-05-03T22:45:00Z,LINK/USDT,sell,14.05596850,37.95147219,0.53344470,USDT
2024-05-04T03:30:00Z,LINK/USDT,buy,14.09904600,37.94463591,0.53498317,USDT
2024-05-04T04:15:00Z,LINK/USDT,sell,14.09894700,37.94463591,0.53497941,USDT
2024-05-04T07:45:00Z,LINK/USDT,buy,14.14306800,37.78016505,0.53432744,USDT
2024-05-04T09:00:00Z,LINK/USDT,sell,14.14392450,37.78016505,0.53435980,USDT
2024-05-04T09:15:00Z,LINK/USDT,buy,14.16808050,37.72891998,0.53454638,USDT
2024-05-04T11:30:00Z,LINK/USDT,sell,14.29384950,37.72891998,0.53929150,USDT
2024-05-04T16:15:00Z,LINK/USDT,buy,14.35117200,37.22877203,0.53427651,USDT
2024-05-04T16:30:00Z,LINK/USDT,sell,14.36781250,37.22877203,0.53489602,USDT
2024-05-04T16:45:00Z,LINK/USDT,buy,14.43921600,37.03526842,0.53476024,USDT
2024-05-04T21:00:00Z,LINK/USDT,sell,14.34182550,37.03526842,0.53115336,USDT
2024-05-05T05:30:00Z,LINK/USDT,buy,14.23611450,37.51394003,0.53405275,USDT
2024-05-05T05:45:00Z,LINK/USDT,sell,14.16891200,37.51394003,0.53153172,USDT
2024-05-05T06:30:00Z,LINK/USDT,buy,14.18308800,37.63395341,0.53376567,USDT
2024-05-05T06:45:00Z,LINK/USDT,sell,14.21089100,37.63395341,0.53481201,USDT
2024-05-05T13:30:00Z,LINK/USDT,buy,14.26813050,37.29705986,0.53215932,USDT
2024-05-05T13:30:00Z,LINK/USDT,stop_sell,14.25386950,37.29705986,0.53162742,USDT
2024-05-05T16:15:00Z,LINK/USDT,buy,14.61930600,36.40995903,0.53228833,USDT
2024-05-05T16:15:00Z,LINK/USDT,stop_sell,14.56617756,36.40995903,0.53035393,USDT
2024-05-05T18:15:00Z,LINK/USDT,buy,14.39319300,37.06665689,0.53350755,USDT
2024-05-05T19:45:00Z,LINK/USDT,sell,14.38180550,37.06665689,0.53308545,USDT
2024-05-05T20:00:00Z,LINK/USDT,buy,14.38919100,37.04292383,0.53301771,USDT
2024-05-05T20:15:00Z,LINK/USDT,sell,14.34782250,37.04292383,0.53148530,USDT
2024-05-05T23:30:00Z,LINK/USDT,buy,14.37018150,37.06712661,0.53266134,USDT
2024-05-05T23:45:00Z,LINK/USDT,sell,14.35481900,37.06712661,0.53209189,USDT
2024-05-06T00:00:00Z,LINK/USDT,buy,14.39519400,37.08899472,0.53390327,USDT
2024-05-06T00:00:00Z,LINK/USDT,stop_sell,14.33714927,37.08899472,0.53175045,USDT
2024-05-06T19:45:00Z,LINK/USDT,buy,14.65632450,36.48675056,0.53476166,USDT
2024-05-06T21:45:00Z,LINK/USDT,sell,14.66266500,36.48675056,0.53499300,USDT
2024-05-07T09:45:00Z,LINK/USDT,buy,14.52726000,36.64539074,0.53235712,USDT
2024-05-07T10:00:00Z,LINK/USDT,stop_sell,14.45098518,36.64539074,0.52956200,USDT
2024-05-07T10:45:00Z,LINK/USDT,buy,14.48223750,36.7557187,0.53230505,USDT
2024-05-07T11:30:00Z,LINK/USDT,stop_sell,14.39044404,36.7557187,0.52893111,USDT
2024-05-07T12:15:00Z,LINK/USDT,buy,14.39319300,36.95844672,0.53195006,USDT
2024-05-07T13:15:00Z,LINK/USDT,sell,14.47775750,36.95844672,0.53507543,USDT
2024-05-07T14:45:00Z,LINK/USDT,buy,14.58228750,36.51052943,0.53240704,USDT
2024-05-07T16:15:00Z,LINK/USDT,stop_sell,14.48614616,36.51052943,0.52889687,USDT
2024-05-07T16:30:00Z,LINK/USDT,buy,14.47323300,36.68183893,0.53090480,USDT
2024-05-07T17:00:00Z,LINK/USDT,stop_sell,14.39169341,36.68183893,0.52791378,USDT
2024-05-07T17:15:00Z,LINK/USDT,buy,14.39619450,36.91425235,0.53142476,USDT
2024-05-07T17:30:00Z,LINK/USDT,sell,14.37880700,36.91425235,0.53078291,USDT
2024-05-08T05:45:00Z,LINK/USDT,buy,13.96998150,38.02254423,0.53117424,USDT
2024-05-08T06:00:00Z,LINK/USDT,sell,13.95401950,38.02254423,0.53056732,USDT
2024-05-08T14:00:00Z,LINK/USDT,buy,13.99599450,37.96948649,0.53142072,USDT
2024-05-08T15:15:00Z,LINK/USDT,stop_sell,13.90454425,37.96948649,0.52794841,USDT
2024-05-08T15:30:00Z,LINK/USDT,buy,13.94196750,38.20037623,0.53258840,USDT
2024-05-08T19:30:00Z,LINK/USDT,sell,13.91703800,38.20037623,0.53163609,USDT
2024-05-09T00:15:00Z,LINK/USDT,buy,13.95297300,38.04630572,0.53085908,USDT
2024-05-09T00:30:00Z,LINK/USDT,sell,13.98800250,38.04630572,0.53219182,USDT
2024-05-09T00:45:00Z,LINK/USDT,buy,14.05302300,37.7795482,0.53091686,USDT
2024-05-09T04:00:00Z,LINK/USDT,sell,13.98900200,37.7795482,0.52849818,USDT
2024-05-09T04:30:00Z,LINK/USDT,buy,13.97298300,37.75435006,0.52754089,USDT
2024-05-09T04:30:00Z,LINK/USDT,stop_sell,13.95901700,37.75435006,0.52701361,USDT
2024-05-09T08:00:00Z,LINK/USDT,buy,14.06903100,37.65148356,0.52971989,USDT
2024-05-09T08:00:00Z,LINK/USDT,stop_sell,14.00535096,37.65148356,0.52732224,USDT
2024-05-09T08:15:00Z,LINK/USDT,buy,14.03801550,37.81452794,0.53084093,USDT
2024-05-09T10:15:00Z,LINK/USDT,sell,14.01798750,37.81452794,0.53008358,USDT
2024-05-09T10:45:00Z,LINK/USDT,buy,14.09904600,37.68040739,0.53125780,USDT
2024-05-09T11:00:00Z,LINK/USDT,sell,14.04297500,37.68040739,0.52914502,USDT
2024-05-09T11:15:00Z,LINK/USDT,buy,14.10705000,37.56611718,0.52994709,USDT
2024-05-09T11:15:00Z,LINK/USDT,stop_sell,13.97018998,37.56611718,0.52480579,USDT
2024-05-09T12:30:00Z,LINK/USDT,buy,14.05602450,37.78840266,0.53115471,USDT
2024-05-09T12:45:00Z,LINK/USDT,sell,14.00099600,37.78840266,0.52907527,USDT
2024-05-10T07:00:00Z,LINK/USDT,buy,14.34416850,36.95188292,0.53004403,USDT
2024-05-10T07:30:00Z,LINK/USDT,sell,14.30384450,36.95188292,0.52855399,USDT
2024-05-10T12:00:00Z,LINK/USDT,buy,14.34416850,36.89120525,0.52917366,USDT
2024-05-10T12:15:00Z,LINK/USDT,sell,14.25386950,36.89120525,0.52584243,USDT
2024-05-10T21:30:00Z,LINK/USDT,buy,13.61380350,38.80392013,0.52826894,USDT
2024-05-10T21:45:00Z,LINK/USDT,sell,13.58020650,38.80392013,0.52696525,USDT
2024-05-10T22:15:00Z,LINK/USDT,buy,13.57378350,38.8986828,0.52800230,USDT
2024-05-10T22:15:00Z,LINK/USDT,stop_sell,13.50867086,38.8986828,0.52546950,USDT
2024-05-11T01:15:00Z,LINK/USDT,buy,13.74386850,38.40207654,0.52779309,USDT
2024-05-11T01:30:00Z,LINK/USDT,stop_sell,13.66844807,38.40207654,0.52489679,USDT
2024-05-11T02:00:00Z,LINK/USDT,buy,13.66182750,38.60672277,0.52743839,USDT
2024-05-11T05:15:00Z,LINK/USDT,sell,13.62918200,38.60672277,0.52617805,USDT
2024-05-11T05:30:00Z,LINK/USDT,buy,13.64281800,38.64977193,0.52729180,USDT
2024-05-11T06:00:00Z,LINK/USDT,sell,13.62118600,38.64977193,0.52645573,USDT
2024-05-11T13:15:00Z,LINK/USDT,buy,13.57478400,38.83233376,0.52714054,USDT
2024-05-11T13:30:00Z,LINK/USDT,stop_sell,13.50824250,38.83233376,0.52455658,USDT
2024-05-11T13:45:00Z,LINK/USDT,buy,13.55777550,38.96309669,0.52825292,USDT
2024-05-11T14:00:00Z,LINK/USDT,sell,13.54822250,38.96309669,0.52788070,USDT
2024-05-12T10:15:00Z,LINK/USDT,buy,13.44071700,39.28309088,0.52799291,USDT
2024-05-12T11:15:00Z,LINK/USDT,sell,13.42728300,39.28309088,0.52746518,USDT
2024-05-12T13:00:00Z,LINK/USDT,buy,13.45672500,39.12184696,0.52645194,USDT
2024-05-12T16:45:00Z,LINK/USDT,sell,13.52623350,39.12184696,0.52917124,USDT
2024-05-12T17:00:00Z,LINK/USDT,buy,13.53676500,38.91193076,0.52674166,USDT
2024-05-12T18:30:00Z,LINK/USDT,sell,13.51823750,38.91193076,0.52602072,USDT
2024-05-12T20:45:00Z,LINK/USDT,buy,13.55677500,38.88419968,0.52714435,USDT
2024-05-12T21:00:00Z,LINK/USDT,sell,13.48525400,38.88419968,0.52436331,USDT
2024-05-12T22:15:00Z,LINK/USDT,buy,13.53676500,38.87016355,0.52617627,USDT
2024-05-12T23:30:00Z,LINK/USDT,sell,13.51124100,38.87016355,0.52518415,USDT
2024-05-12T23:45:00Z,LINK/USDT,buy,13.52475900,38.90120171,0.52612938,USDT
2024-05-13T01:30:00Z,LINK/USDT,sell,13.51024150,38.90120171,0.52556463,USDT
2024-05-13T02:00:00Z,LINK/USDT,buy,13.55377350,38.90026854,0.52724543,USDT
2024-05-13T02:15:00Z,LINK/USDT,stop_sell,13.45823181,38.90026854,0.52352883,USDT
2024-05-13T23:00:00Z,LINK/USDT,buy,13.39869600,39.28480817,0.52636520,USDT
2024-05-13T23:30:00Z,LINK/USDT,sell,13.37730800,39.28480817,0.52552498,USDT
2024-05-14T03:00:00Z,LINK/USDT,buy,13.44071700,38.97620561,0.52386815,USDT
2024-05-14T03:00:00Z,LINK/USDT,stop_sell,13.39276456,38.97620561,0.52199915,USDT
2024-05-14T03:30:00Z,LINK/USDT,buy,13.44071700,39.07780116,0.52523367,USDT
2024-05-14T06:00:00Z,LINK/USDT,stop_sell,13.33818471,39.07780116,0.52122693,USDT
2024-05-14T08:00:00Z,LINK/USDT,buy,13.52175750,38.77925076,0.52436362,USDT
2024-05-14T09:15:00Z,LINK/USDT,sell,13.43527900,38.77925076,0.52101005,USDT
2024-05-14T11:00:00Z,LINK/USDT,buy,13.37968650,39.1585127,0.52392862,USDT
2024-05-14T12:15:00Z,LINK/USDT,sell,13.32733300,39.1585127,0.52187854,USDT
2024-05-15T08:30:00Z,LINK/USDT,buy,13.04652000,40.05254075,0.52254627,USDT
2024-05-15T08:30:00Z,LINK/USDT,stop_sell,13.02020093,40.05254075,0.52149213,USDT
2024-05-15T09:15:00Z,LINK/USDT,buy,13.04551950,40.24583045,0.52502777,USDT
2024-05-15T11:45:00Z,LINK/USDT,sell,13.03248050,40.24583045,0.52450300,USDT
2024-05-15T12:00:00Z,LINK/USDT,buy,13.04852100,40.16209369,0.52405592,USDT
2024-05-15T12:30:00Z,LINK/USDT,sell,13.09944700,40.16209369,0.52610122,USDT
2024-05-15T21:15:00Z,LINK/USDT,buy,13.84992150,37.83523446,0.52401503,USDT
2024-05-15T21:45:00Z,LINK/USDT,sell,13.85706800,37.83523446,0.52428542,USDT
2024-05-16T14:00:00Z,LINK/USDT,buy,13.80690000,37.83073884,0.52232523,USDT
2024-05-16T14:00:00Z,LINK/USDT,stop_sell,13.77086112,37.83073884,0.52096185,USDT
2024-05-16T16:45:00Z,LINK/USDT,buy,13.84792050,37.74865767,0.52274041,USDT
2024-05-16T17:15:00Z,LINK/USDT,stop_sell,13.74519539,37.74865767,0.51886268,USDT
2024-05-16T18:00:00Z,LINK/USDT,buy,13.82791050,37.9006548,0.52408686,USDT
2024-05-17T06:15:00Z,LINK/USDT,sell,15.82608300,37.9006548,0.59981891,USDT
2024-05-17T06:30:00Z,LINK/USDT,buy,15.88794000,33.33586345,0.52963820,USDT
2024-05-17T07:00:00Z,LINK/USDT,sell,16.01398900,33.33586345,0.53384015,USDT
2024-05-17T12:30:00Z,LINK/USDT,buy,16.67933550,31.74169865,0.52943044,USDT
2024-05-17T13:00:00Z,LINK/USDT,stop_sell,16.49813966,31.74169865,0.52367898,USDT
2024-05-17T19:30:00Z,LINK/USDT,buy,16.17508350,32.6609142,0.52829301,USDT
2024-05-17T21:30:00Z,LINK/USDT,sell,16.10994100,32.6609142,0.52616540,USDT
2024-05-18T07:30:00Z,LINK/USDT,buy,16.32015600,32.49665735,0.53035052,USDT
2024-05-18T09:30:00Z,LINK/USDT,stop_sell,16.15263393,32.49665735,0.52490661,USDT
2024-05-18T09:45:00Z,LINK/USDT,buy,16.21710450,32.5266865,0.52748867,USDT
2024-05-18T10:00:00Z,LINK/USDT,sell,16.16691250,32.5266865,0.52585609,USDT
2024-05-18T14:45:00Z,LINK/USDT,buy,16.29914550,32.37781903,0.52773078,USDT
2024-05-18T15:45:00Z,LINK/USDT,stop_sell,16.19454154,32.37781903,0.52434394,USDT
2024-05-18T16:00:00Z,LINK/USDT,buy,16.41320250,32.21768458,0.52879538,USDT
2024-05-18T19:15:00Z,LINK/USDT,sell,16.28485350,32.21768458,0.52466027,USDT
2024-05-18T19:30:00Z,LINK/USDT,buy,16.32015600,32.30876834,0.52728414,USDT
2024-05-18T19:45:00Z,LINK/USDT,sell,16.27585800,32.30876834,0.52585293,USDT
2024-05-19T02:15:00Z,LINK/USDT,buy,16.48824000,31.93827712,0.52660598,USDT
2024-05-19T02:30:00Z,LINK/USDT,stop_sell,16.40179500,31.93827712,0.52384507,USDT
2024-05-19T06:30:00Z,LINK/USDT,buy,16.57528350,31.81948224,0.52741694,USDT
2024-05-19T06:45:00Z,LINK/USDT,stop_sell,16.44770061,31.81948224,0.52335732,USDT
2024-05-19T09:00:00Z,LINK/USDT,buy,16.55127150,31.84481212,0.52707213,USDT
2024-05-19T10:15:00Z,LINK/USDT,sell,16.61568800,31.84481212,0.52912346,USDT
2024-05-19T11:00:00Z,LINK/USDT,buy,16.61530350,31.58958707,0.52487058,USDT
2024-05-19T11:30:00Z,LINK/USDT,stop_sell,16.48257602,31.58958707,0.52067777,USDT
2024-05-19T11:45:00Z,LINK/USDT,buy,16.70034600,31.56821876,0.52720018,USDT
2024-05-19T12:15:00Z,LINK/USDT,stop_sell,16.47532964,31.56821876,0.52009681,USDT
2024-05-19T14:15:00Z,LINK/USDT,buy,16.61530350,31.71377162,0.52693394,USDT
2024-05-19T20:15:00Z,LINK/USDT,sell,16.70264450,31.71377162,0.52970385,USDT
2024-05-20T01:45:00Z,LINK/USDT,buy,16.75437300,31.43725715,0.52671153,USDT
2024-05-20T02:00:00Z,LINK/USDT,stop_sell,16.55636054,31.43725715,0.52048656,USDT
2024-05-20T03:00:00Z,LINK/USDT,buy,16.81540350,31.17294986,0.52418573,USDT
2024-05-20T07:30:00Z,LINK/USDT,sell,16.68765200,31.17294986,0.52020334,USDT
2024-05-20T21:45:00Z,LINK/USDT,buy,16.96447800,30.95228343,0.52508933,USDT
2024-05-21T00:15:00Z,LINK/USDT,sell,17.18940100,30.95228343,0.53205121,USDT
2024-05-21T07:45:00Z,LINK/USDT,buy,16.96647900,31.01496281,0.52621472,USDT
2024-05-21T08:45:00Z,LINK/USDT,sell,16.89155000,31.01496281,0.52389080,USDT
2024-05-21T14:15:00Z,LINK/USDT,buy,16.95947550,30.92771753,0.52451787,USDT
2024-05-21T15:00:00Z,LINK/USDT,sell,16.92453350,30.92771753,0.52343719,USDT
2024-05-21T17:30:00Z,LINK/USDT,buy,16.82040600,31.1954509,0.52472015,USDT
2024-05-21T17:45:00Z,LINK/USDT,sell,16.72063550,31.1954509,0.52160776,USDT
2024-05-21T18:15:00Z,LINK/USDT,buy,16.76537850,31.1663839,0.52251622,USDT
2024-05-21T18:30:00Z,LINK/USDT,sell,16.69864650,31.1663839,0.52043643,USDT
2024-05-21T20:30:00Z,LINK/USDT,buy,16.76537850,31.25377015,0.52398129,USDT
2024-05-21T21:00:00Z,LINK/USDT,sell,16.64867150,31.25377015,0.52033375,USDT
2024-05-22T02:00:00Z,LINK/USDT,buy,16.88243700,31.02217418,0.52372990,USDT
2024-05-22T04:15:00Z,LINK/USDT,stop_sell,16.75833093,31.02217418,0.51987986,USDT
2024-05-22T04:30:00Z,LINK/USDT,buy,16.72335750,31.20428346,0.52184039,USDT
2024-05-22T04:30:00Z,LINK/USDT,stop_sell,16.65820244,31.20428346,0.51980727,USDT
2024-05-22T11:15:00Z,LINK/USDT,buy,16.81540350,31.01196116,0.52147864,USDT
2024-05-22T11:15:00Z,LINK/USDT,stop_sell,16.78039132,31.01196116,0.52039284,USDT
2024-05-22T18:15:00Z,LINK/USDT,buy,16.33716450,31.95550342,0.52206232,USDT
2024-05-22T18:15:00Z,LINK/USDT,stop_sell,16.18179791,31.95550342,0.51709750,USDT
2024-05-22T19:00:00Z,LINK/USDT,buy,16.34116650,32.00441845,0.52298953,USDT
2024-05-22T19:45:00Z,LINK/USDT,sell,16.29085050,32.00441845,0.52137920,USDT
2024-05-22T20:15:00Z,LINK/USDT,buy,16.44922050,31.78872426,0.52289973,USDT
2024-05-22T20:30:00Z,LINK/USDT,sell,16.37480850,31.78872426,0.52053427,USDT
2024-05-22T23:00:00Z,LINK/USDT,buy,16.35217200,31.87502205,0.52122584,USDT
2024-05-23T00:00:00Z,LINK/USDT,sell,16.34782200,31.87502205,0.52108719,USDT
2024-05-23T00:15:00Z,LINK/USDT,buy,16.37318250,31.86340634,0.52170537,USDT
2024-05-23T00:30:00Z,LINK/USDT,sell,16.30384400,31.86340634,0.51949601,USDT
2024-05-23T00:45:00Z,LINK/USDT,buy,16.46122650,31.6541032,0.52106536,USDT
2024-05-23T01:00:00Z,LINK/USDT,stop_sell,16.35999448,31.6541032,0.51786095,USDT
2024-05-23T01:30:00Z,LINK/USDT,buy,16.46322750,31.76854089,0.52301272,USDT
2024-05-23T02:30:00Z,LINK/USDT,sell,16.34782200,31.76854089,0.51934645,USDT
2024-05-23T06:00:00Z,LINK/USDT,buy,16.45122150,31.71848303,0.52180779,USDT
2024-05-23T11:45:00Z,LINK/USDT,sell,16.64867150,31.71848303,0.52807060,USDT
2024-05-23T12:00:00Z,LINK/USDT,buy,16.72936050,31.20012826,0.52195819,USDT
2024-05-23T12:45:00Z,LINK/USDT,stop_sell,16.59405596,31.20012826,0.51773667,USDT
2024-05-23T18:45:00Z,LINK/USDT,buy,16.07803500,32.48635902,0.52231682,USDT
2024-05-23T19:00:00Z,LINK/USDT,sell,16.11293950,32.48635902,0.52345074,USDT
2024-05-23T19:45:00Z,LINK/USDT,buy,15.98298750,32.48679918,0.51923611,USDT
2024-05-23T19:45:00Z,LINK/USDT,stop_sell,15.84907150,32.48679918,0.51488560,USDT
2024-05-23T20:30:00Z,LINK/USDT,buy,16.03901550,32.37907649,0.51932851,USDT
2024-05-23T21:00:00Z,LINK/USDT,sell,16.01498850,32.37907649,0.51855054,USDT
2024-05-23T21:15:00Z,LINK/USDT,buy,16.27513350,31.87392463,0.51875238,USDT
2024-05-24T07:00:00Z,LINK/USDT,sell,16.87755700,31.87392463,0.53795398,USDT
2024-05-24T09:45:00Z,LINK/USDT,buy,17.58578850,29.7828773,0.52375538,USDT
2024-05-24T10:15:00Z,LINK/USDT,sell,17.51523800,29.7828773,0.52165418,USDT
2024-05-24T10:30:00Z,LINK/USDT,buy,17.58278700,29.64825178,0.52129890,USDT
2024-05-24T13:45:00Z,LINK/USDT,stop_sell,17.31226811,29.64825178,0.51327848,USDT
2024-05-24T22:00:00Z,LINK/USDT,buy,17.30264700,29.90993289,0.51752101,USDT
2024-05-24T22:00:00Z,LINK/USDT,stop_sell,17.27496534,29.90993289,0.51669305,USDT
2024-05-24T22:15:00Z,LINK/USDT,buy,17.27263200,30.12646643,0.52036337,USDT
2024-05-24T22:45:00Z,LINK/USDT,sell,17.25536800,30.12646643,0.51984326,USDT
2024-05-24T23:30:00Z,LINK/USDT,buy,17.23361250,30.18566096,0.52020798,USDT
2024-05-25T00:15:00Z,LINK/USDT,sell,17.14242450,30.18566096,0.51745541,USDT
2024-05-25T14:45:00Z,LINK/USDT,buy,17.16858000,30.26642826,0.51963159,USDT
2024-05-25T15:00:00Z,LINK/USDT,sell,17.14942100,30.26642826,0.51905172,USDT
2024-05-25T15:15:00Z,LINK/USDT,buy,17.16657900,30.28886937,0.51995627,USDT
2024-05-25T16:30:00Z,LINK/USDT,sell,17.25436850,30.28886937,0.52261531,USDT
2024-05-25T16:45:00Z,LINK/USDT,buy,17.22160650,30.19960138,0.52008565,USDT
2024-05-25T22:45:00Z,LINK/USDT,sell,17.35931600,30.19960138,0.52424442,USDT
2024-05-25T23:00:00Z,LINK/USDT,buy,17.37668400,29.94443194,0.52033493,USDT
2024-05-25T23:15:00Z,LINK/USDT,sell,17.33532800,29.94443194,0.51909655,USDT
2024-05-26T02:15:00Z,LINK/USDT,buy,17.37968550,29.84458489,0.51868950,USDT
2024-05-26T07:30:00Z,LINK/USDT,sell,17.64417350,29.84458489,0.52658303,USDT
2024-05-26T22:00:00Z,LINK/USDT,buy,17.10754950,30.3570071,0.51933400,USDT
2024-05-26T22:00:00Z,LINK/USDT,stop_sell,17.09045050,30.3570071,0.51881493,USDT
2024-05-26T22:15:00Z,LINK/USDT,buy,17.11755450,30.44563791,0.52115487,USDT
2024-05-26T22:30:00Z,LINK/USDT,sell,17.08245450,30.44563791,0.52008622,USDT
2024-05-27T09:30:00Z,LINK/USDT,buy,17.22160650,30.28513311,0.52155865,USDT
2024-05-27T09:45:00Z,LINK/USDT,stop_sell,17.10804884,30.28513311,0.51811954,USDT
2024-05-27T10:00:00Z,LINK/USDT,buy,17.11855500,30.37214317,0.51992720,USDT
2024-05-27T15:15:00Z,LINK/USDT,sell,17.46326400,30.37214317,0.53039675,USDT
2024-05-27T15:45:00Z,LINK/USDT,buy,17.83891500,29.19475022,0.52080267,USDT
2024-05-28T00:30:00Z,LINK/USDT,sell,18.65566750,29.19475022,0.54464755,USDT
2024-05-28T00:45:00Z,LINK/USDT,buy,18.67833450,27.98482542,0.52270993,USDT
2024-05-28T01:00:00Z,LINK/USDT,sell,18.64367350,27.98482542,0.52173995,USDT
2024-05-28T08:30:00Z,LINK/USDT,buy,18.13006050,28.82077359,0.52252237,USDT
2024-05-28T09:30:00Z,LINK/USDT,sell,18.15491800,28.82077359,0.52323878,USDT
2024-05-28T17:00:00Z,LINK/USDT,buy,18.23211150,28.72894195,0.52378927,USDT
2024-05-28T17:00:00Z,LINK/USDT,stop_sell,17.99717548,28.72894195,0.51703981,USDT
2024-05-28T17:15:00Z,LINK/USDT,buy,18.16307700,28.67256874,0.52078207,USDT
2024-05-28T17:30:00Z,LINK/USDT,sell,18.22588250,28.67256874,0.52258287,USDT
2024-05-28T17:45:00Z,LINK/USDT,buy,18.33116100,28.48796394,0.52221745,USDT
2024-05-28T18:15:00Z,LINK/USDT,stop_sell,18.10669212,28.48796394,0.51582279,USDT
2024-05-28T18:30:00Z,LINK/USDT,buy,18.22710900,28.57252557,0.52079454,USDT
2024-05-29T00:15:00Z,LINK/USDT,sell,18.49574750,28.57252557,0.52847022,USDT
2024-05-29T00:30:00Z,LINK/USDT,buy,18.48123600,28.23463171,0.52181089,USDT
2024-05-29T00:45:00Z,LINK/USDT,sell,18.43577750,28.23463171,0.52052739,USDT
2024-05-29T06:45:00Z,LINK/USDT,buy,18.47423250,28.25515118,0.52199223,USDT
2024-05-29T07:45:00Z,LINK/USDT,stop_sell,18.32783150,28.25515118,0.51785565,USDT
2024-05-29T08:00:00Z,LINK/USDT,buy,18.30014550,28.45477033,0.52072644,USDT
2024-05-29T08:00:00Z,LINK/USDT,stop_sell,18.21338875,28.45477033,0.51825779,USDT
2024-05-29T10:00:00Z,LINK/USDT,buy,18.49324200,28.25118421,0.52245599,USDT
2024-05-29T13:15:00Z,LINK/USDT,stop_sell,18.26807568,28.25118421,0.51609477,USDT
2024-05-29T13:30:00Z,LINK/USDT,buy,18.83941500,27.60788532,0.52011641,USDT
2024-05-29T17:15:00Z,LINK/USDT,sell,18.87355850,27.60788532,0.52105904,USDT
2024-05-29T17:30:00Z,LINK/USDT,buy,18.89944500,27.5431342,0.52054995,USDT
2024-05-29T17:45:00Z,LINK/USDT,sell,18.81658700,27.5431342,0.51826778,USDT
2024-05-30T03:00:00Z,LINK/USDT,buy,18.94846950,27.42014987,0.51956987,USDT
2024-05-30T03:30:00Z,LINK/USDT,stop_sell,18.76953911,27.42014987,0.51466358,USDT
2024-05-30T03:45:00Z,LINK/USDT,buy,18.79339200,27.6562221,0.51975422,USDT
2024-05-30T06:00:00Z,LINK/USDT,stop_sell,18.58152602,27.6562221,0.51389481,USDT
2024-05-31T01:00:00Z,LINK/USDT,buy,17.88793950,28.99167842,0.51860139,USDT
2024-05-31T01:15:00Z,LINK/USDT,sell,17.89404850,28.99167842,0.51877850,USDT
2024-05-31T02:15:00Z,LINK/USDT,buy,18.01100100,28.84276424,0.51948706,USDT
2024-05-31T03:45:00Z,LINK/USDT,sell,17.91803650,28.84276424,0.51680570,USDT
2024-05-31T05:30:00Z,LINK/USDT,buy,17.90494800,29.02798927,0.51974464,USDT
2024-05-31T06:00:00Z,LINK/USDT,sell,17.90804150,29.02798927,0.51983444,USDT
2024-05-31T10:15:00Z,LINK/USDT,buy,17.93196150,28.92655159,0.51870981,USDT
2024-05-31T10:30:00Z,LINK/USDT,stop_sell,17.83407850,28.92655159,0.51587839,USDT
2024-05-31T18:30:00Z,LINK/USDT,buy,17.92495800,28.88672266,0.51779329,USDT
2024-05-31T19:00:00Z,LINK/USDT,stop_sell,17.81062594,28.88672266,0.51449061,USDT
2024-05-31T19:15:00Z,LINK/USDT,buy,18.06402750,28.53010749,0.51536865,USDT
2024-05-31T21:00:00Z,LINK/USDT,stop_sell,17.99349875,28.53010749,0.51335645,USDT
2024-05-31T21:30:00Z,LINK/USDT,buy,18.44621850,27.98158809,0.51615449,USDT
2024-06-01T01:00:00Z,LINK/USDT,sell,18.31183950,27.98158809,0.51239435,USDT
2024-06-01T06:15:00Z,LINK/USDT,buy,18.51225150,28.00782363,0.51848788,USDT
2024-06-01T09:15:00Z,LINK/USDT,stop_sell,18.39886739,28.00782363,0.51531223,USDT
2024-06-01T09:30:00Z,LINK/USDT,buy,18.41520300,28.07779583,0.51705831,USDT
2024-06-01T09:45:00Z,LINK/USDT,sell,18.39080000,28.07779583,0.51637313,USDT
2024-06-01T10:45:00Z,LINK/USDT,buy,18.56027550,27.84637958,0.51683648,USDT
2024-06-01T11:30:00Z,LINK/USDT,sell,18.56871100,27.84637958,0.51707137,USDT
2024-06-01T11:45:00Z,LINK/USDT,buy,18.63031050,27.7621213,0.51721694,USDT
2024-06-01T12:00:00Z,LINK/USDT,stop_sell,18.53772650,27.7621213,0.51464661,USDT
2024-06-01T14:00:00Z,LINK/USDT,buy,18.61230150,27.66633214,0.51493412,USDT
2024-06-01T14:00:00Z,LINK/USDT,stop_sell,18.59369850,27.66633214,0.51441944,USDT
2024-06-01T14:15:00Z,LINK/USDT,buy,18.55927500,27.7922762,0.51580450,USDT
2024-06-01T15:45:00Z,LINK/USDT,sell,18.53772650,27.7922762,0.51520562,USDT
2024-06-01T16:00:00Z,LINK/USDT,buy,18.61230150,27.81971088,0.51778885,USDT
2024-06-01T18:00:00Z,LINK/USDT,sell,18.55271900,27.81971088,0.51613128,USDT
2024-06-01T19:15:00Z,LINK/USDT,buy,18.53026050,27.77814718,0.51473630,USDT
2024-06-01T19:30:00Z,LINK/USDT,sell,18.51473800,27.77814718,0.51430512,USDT
2024-06-02T03:45:00Z,LINK/USDT,buy,18.48523800,27.90864042,0.51589786,USDT
2024-06-02T04:15:00Z,LINK/USDT,stop_sell,18.40479300,27.90864042,0.51365275,USDT
2024-06-02T04:30:00Z,LINK/USDT,buy,18.40819950,28.00358984,0.51549567,USDT
2024-06-02T04:45:00Z,LINK/USDT,sell,18.38980050,28.00358984,0.51498043,USDT
2024-06-02T05:15:00Z,LINK/USDT,buy,18.41620350,28.01209146,0.51587638,USDT
2024-06-02T05:45:00Z,LINK/USDT,sell,18.35181950,28.01209146,0.51407285,USDT
2024-06-02T07:00:00Z,LINK/USDT,buy,18.56627850,27.76878913,0.51556307,USDT
2024-06-02T07:15:00Z,LINK/USDT,sell,18.48275400,27.76878913,0.51324370,USDT
2024-06-04T06:30:00Z,LINK/USDT,buy,17.63781450,29.22447357,0.51545584,USDT
2024-06-04T09:00:00Z,LINK/USDT,sell,17.60019550,29.22447357,0.51435645,USDT
2024-06-04T10:45:00Z,LINK/USDT,buy,17.65182150,29.13705571,0.51432211,USDT
2024-06-04T12:30:00Z,LINK/USDT,sell,17.68715200,29.13705571,0.51535153,USDT
2024-06-04T12:45:00Z,LINK/USDT,buy,17.73486300,29.09257808,0.51595289,USDT
2024-06-04T14:45:00Z,LINK/USDT,sell,17.68715200,29.09257808,0.51456485,USDT
2024-06-05T05:15:00Z,LINK/USDT,buy,17.84191650,28.84517674,0.51465323,USDT
2024-06-05T05:30:00Z,LINK/USDT,sell,17.87805650,28.84517674,0.51569570,USDT
2024-06-05T05:45:00Z,LINK/USDT,buy,17.89194150,28.77423539,0.51482694,USDT
2024-06-05T06:00:00Z,LINK/USDT,stop_sell,17.81044746,28.77423539,0.51248201,USDT
2024-06-05T07:45:00Z,LINK/USDT,buy,18.01100100,28.45670156,0.51253368,USDT
2024-06-05T08:45:00Z,LINK/USDT,stop_sell,17.86766884,28.45670156,0.50845492,USDT
2024-06-05T09:00:00Z,LINK/USDT,buy,17.86292700,28.75723506,0.51368839,USDT
2024-06-05T09:45:00Z,LINK/USDT,sell,17.80009550,28.75723506,0.51188153,USDT
2024-06-05T10:15:00Z,LINK/USDT,buy,17.80990050,28.79290416,0.51279876,USDT
2024-06-05T10:30:00Z,LINK/USDT,sell,17.80609250,28.79290416,0.51268911,USDT
2024-06-05T19:00:00Z,LINK/USDT,buy,17.82290700,28.8168973,0.51360088,USDT
2024-06-05T19:45:00Z,LINK/USDT,stop_sell,17.71595902,28.8168973,0.51051897,USDT
2024-06-05T20:00:00Z,LINK/USDT,buy,17.86993050,28.74682653,0.51370379,USDT
2024-06-05T22:00:00Z,LINK/USDT,sell,17.72713200,28.74682653,0.50959879,USDT
2024-06-05T22:15:00Z,LINK/USDT,buy,17.72585850,28.87592066,0.51185048,USDT
2024-06-05T22:15:00Z,LINK/USDT,stop_sell,17.63899752,28.87592066,0.50934229,USDT
2024-06-06T16:00:00Z,LINK/USDT,buy,17.53076100,29.32582101,0.51410396,USDT
2024-06-06T16:30:00Z,LINK/USDT,stop_sell,17.41175406,29.32582101,0.51061398,USDT
2024-06-06T17:30:00Z,LINK/USDT,buy,17.37668400,29.48062927,0.51227558,USDT
2024-06-06T18:30:00Z,LINK/USDT,sell,17.35931600,29.48062927,0.51176356,USDT
2024-06-06T21:30:00Z,LINK/USDT,buy,17.35267200,29.4803435,0.51156273,USDT
2024-06-06T21:30:00Z,LINK/USDT,stop_sell,17.29556218,29.4803435,0.50987911,USDT
2024-06-06T21:45:00Z,LINK/USDT,buy,17.40369750,29.43905873,0.51234847,USDT
2024-06-06T23:15:00Z,LINK/USDT,sell,17.30734200,29.43905873,0.50951186,USDT
2024-06-07T00:30:00Z,LINK/USDT,buy,17.28763950,29.60011587,0.51171613,USDT
2024-06-07T01:00:00Z,LINK/USDT,sell,17.27935600,29.60011587,0.51147094,USDT
2024-06-07T05:00:00Z,LINK/USDT,buy,17.42871000,29.33108436,0.51120296,USDT
2024-06-07T05:00:00Z,LINK/USDT,stop_sell,17.37891334,29.33108436,0.50974237,USDT
2024-06-07T05:15:00Z,LINK/USDT,buy,17.49374250,29.20242321,0.51085967,USDT
2024-06-07T10:15:00Z,LINK/USDT,sell,17.46726200,29.20242321,0.51008638,USDT
2024-06-07T15:45:00Z,LINK/USDT,buy,17.59079100,29.07460703,0.51144534,USDT
2024-06-07T15:45:00Z,LINK/USDT,stop_sell,17.44063246,29.07460703,0.50707954,USDT
2024-06-07T16:00:00Z,LINK/USDT,buy,17.58378750,29.02201951,0.51031702,USDT
2024-06-07T16:15:00Z,LINK/USDT,sell,17.56221450,29.02201951,0.50969093,USDT
2024-06-08T05:30:00Z,LINK/USDT,buy,16.37218200,31.1654638,0.51024665,USDT
2024-06-08T06:00:00Z,LINK/USDT,stop_sell,16.32861732,31.1654638,0.50888893,USDT
2024-06-08T07:00:00Z,LINK/USDT,buy,16.32115650,31.29335014,0.51074367,USDT
2024-06-08T08:15:00Z,LINK/USDT,stop_sell,16.25576091,31.29335014,0.50869722,USDT
2024-06-08T08:30:00Z,LINK/USDT,buy,16.27413300,31.35716494,0.51031067,USDT
2024-06-08T09:00:00Z,LINK/USDT,sell,16.21189000,31.35716494,0.50835891,USDT
2024-06-08T22:15:00Z,LINK/USDT,buy,15.79289250,32.19382148,0.50843356,USDT
2024-06-08T22:15:00Z,LINK/USDT,stop_sell,15.77710750,32.19382148,0.50792538,USDT
2024-06-08T23:30:00Z,LINK/USDT,buy,15.90594900,32.06459971,0.51001789,USDT
2024-06-09T05:15:00Z,LINK/USDT,sell,15.94802200,32.06459971,0.51136694,USDT
2024-06-09T05:30:00Z,LINK/USDT,buy,16.06002600,31.74662547,0.50985163,USDT
2024-06-09T06:15:00Z,LINK/USDT,sell,16.04397400,31.74662547,0.50934203,USDT
2024-06-09T12:45:00Z,LINK/USDT,buy,16.09304250,31.70345543,0.51020506,USDT
2024-06-09T13:00:00Z,LINK/USDT,sell,16.07695750,31.70345543,0.50969511,USDT
2024-06-09T18:15:00Z,LINK/USDT,buy,16.07803500,31.76304196,0.51068730,USDT
2024-06-09T19:15:00Z,LINK/USDT,sell,16.07295950,31.76304196,0.51052609,USDT
2024-06-09T20:45:00Z,LINK/USDT,buy,16.18008600,31.55837806,0.51061727,USDT
2024-06-10T01:15:00Z,LINK/USDT,sell,16.17890650,31.55837806,0.51058005,USDT
2024-06-10T01:30:00Z,LINK/USDT,buy,16.24411800,31.45566646,0.51096956,USDT
2024-06-10T02:15:00Z,LINK/USDT,sell,16.20489350,31.45566646,0.50973572,USDT
2024-06-10T11:30:00Z,LINK/USDT,buy,15.98298750,31.86181596,0.50924701,USDT
2024-06-10T12:15:00Z,LINK/USDT,sell,15.93302950,31.86181596,0.50765525,USDT
2024-06-10T12:45:00Z,LINK/USDT,buy,15.91295250,31.98892283,0.50903821,USDT
2024-06-10T13:00:00Z,LINK/USDT,stop_sell,15.85399761,31.98892283,0.50715231,USDT
2024-06-10T16:15:00Z,LINK/USDT,buy,16.08703950,31.5850972,0.50811071,USDT
2024-06-10T16:45:00Z,LINK/USDT,sell,16.07096050,31.5850972,0.50760285,USDT
2024-06-11T06:45:00Z,LINK/USDT,buy,15.59079150,32.5520049,0.50751152,USDT
2024-06-11T06:45:00Z,LINK/USDT,stop_sell,15.51288254,32.5520049,0.50497543,USDT
2024-06-11T07:15:00Z,LINK/USDT,buy,15.54476850,32.7329218,0.50882569,USDT
2024-06-11T07:30:00Z,LINK/USDT,sell,15.49824700,32.7329218,0.50730291,USDT
2024-06-12T03:15:00Z,LINK/USDT,buy,15.14656950,33.60076503,0.50893632,USDT
2024-06-12T11:30:00Z,LINK/USDT,sell,15.22138550,33.60076503,0.51145020,USDT
2024-06-12T18:00:00Z,LINK/USDT,buy,16.17508350,31.33285502,0.50681155,USDT
2024-06-12T18:00:00Z,LINK/USDT,stop_sell,16.07485141,31.33285502,0.50367099,USDT
2024-06-12T18:15:00Z,LINK/USDT,buy,16.06002600,31.68956191,0.50893519,USDT
2024-06-12T19:30:00Z,LINK/USDT,sell,15.93302950,31.68956191,0.50491072,USDT
2024-06-12T23:45:00Z,LINK/USDT,buy,16.00399800,31.71587248,0.50758076,USDT
2024-06-13T00:00:00Z,LINK/USDT,sell,15.98400400,31.71587248,0.50694663,USDT
2024-06-13T00:15:00Z,LINK/USDT,buy,15.99499350,31.656173,0.50634028,USDT
2024-06-13T00:15:00Z,LINK/USDT,stop_sell,15.94245336,31.656173,0.50467706,USDT
2024-06-13T00:30:00Z,LINK/USDT,buy,16.00800000,31.71407887,0.50767897,USDT
2024-06-13T01:00:00Z,LINK/USDT,sell,15.96701250,31.71407887,0.50637909,USDT
2024-06-13T08:00:00Z,LINK/USDT,buy,15.53176200,32.58929649,0.50616920,USDT
2024-06-13T08:00:00Z,LINK/USDT,stop_sell,15.51623800,32.58929649,0.50566328,USDT
2024-06-13T14:15:00Z,LINK/USDT,buy,15.50775000,32.77750872,0.50830541,USDT
2024-06-13T15:15:00Z,LINK/USDT,stop_sell,15.34178956,32.77750872,0.50286564,USDT
2024-06-13T17:45:00Z,LINK/USDT,buy,15.38869050,32.89521379,0.50621426,USDT
2024-06-13T18:30:00Z,LINK/USDT,sell,15.40429400,32.89521379,0.50672754,USDT
2024-06-13T19:15:00Z,LINK/USDT,buy,15.44671950,32.82648084,0.50706144,USDT
2024-06-13T19:30:00Z,LINK/USDT,sell,15.39030100,32.82648084,0.50520942,USDT
2024-06-13T20:15:00Z,LINK/USDT,buy,15.36367800,32.94409601,0.50614248,USDT
2024-06-13T20:30:00Z,LINK/USDT,stop_sell,15.28546059,32.94409601,0.50356568,USDT
2024-06-13T22:00:00Z,LINK/USDT,buy,15.29864550,33.01786831,0.50512866,USDT
2024-06-13T22:15:00Z,LINK/USDT,sell,15.22138550,33.01786831,0.50257770,USDT
2024-06-14T02:00:00Z,LINK/USDT,buy,15.29164200,33.06405314,0.50560366,USDT
2024-06-14T07:15:00Z,LINK/USDT,sell,15.30734250,33.06405314,0.50612279,USDT
2024-06-14T07:45:00Z,LINK/USDT,buy,15.35567400,32.97086563,0.50628986,USDT
2024-06-14T08:30:00Z,LINK/USDT,sell,15.35831700,32.97086563,0.50637701,USDT
2024-06-14T11:00:00Z,LINK/USDT,buy,15.32866050,32.86310244,0.50374734,USDT
2024-06-14T11:00:00Z,LINK/USDT,stop_sell,15.31333950,32.86310244,0.50324384,USDT
2024-06-14T11:30:00Z,LINK/USDT,buy,15.42971100,32.7508517,0.50533618,USDT
2024-06-14T12:45:00Z,LINK/USDT,stop_sell,15.35831700,32.7508517,0.50299796,USDT
2024-06-14T13:15:00Z,LINK/USDT,buy,15.41570400,32.82288108,0.50598782,USDT
2024-06-14T14:15:00Z,LINK/USDT,stop_sell,15.31333950,32.82288108,0.50262792,USDT
2024-06-14T15:00:00Z,LINK/USDT,buy,15.32766000,32.94582222,0.50498236,USDT
2024-06-14T15:00:00Z,LINK/USDT,stop_sell,15.23762738,32.94582222,0.50201616,USDT
2024-06-15T00:00:00Z,LINK/USDT,buy,14.72035650,34.26551853,0.50440065,USDT
2024-06-15T00:15:00Z,LINK/USDT,sell,14.74262500,34.26551853,0.50516369,USDT
2024-06-15T01:45:00Z,LINK/USDT,buy,14.78138700,34.16201479,0.50496196,USDT
2024-06-15T02:30:00Z,LINK/USDT,sell,14.80359450,34.16201479,0.50572061,USDT
2024-06-15T03:00:00Z,LINK/USDT,buy,14.82340800,34.11210515,0.50565765,USDT
2024-06-15T05:30:00Z,LINK/USDT,sell,14.89754750,34.11210515,0.50818671,USDT
2024-06-15T08:30:00Z,LINK/USDT,buy,15.01650450,33.59517001,0.50448202,USDT
2024-06-15T09:15:00Z,LINK/USDT,stop_sell,14.94463109,33.59517001,0.50206742,USDT
2024-06-15T09:30:00Z,LINK/USDT,buy,14.94446850,33.69592236,0.50356765,USDT
2024-06-15T10:30:00Z,LINK/USDT,sell,14.92553350,33.69592236,0.50292962,USDT
2024-06-15T15:30:00Z,LINK/USDT,buy,15.02250750,33.55475541,0.50407656,USDT
2024-06-15T18:00:00Z,LINK/USDT,stop_sell,14.95152050,33.55475541,0.50169461,USDT
2024-06-15T19:15:00Z,LINK/USDT,buy,14.86943100,33.84779422,0.50329744,USDT
2024-06-15T19:15:00Z,LINK/USDT,stop_sell,14.85114214,33.84779422,0.50267840,USDT
2024-06-16T07:00:00Z,LINK/USDT,buy,14.84942100,34.03120622,0.50534371,USDT
2024-06-16T11:00:00Z,LINK/USDT,sell,14.90654300,34.03120622,0.50728764,USDT
2024-06-16T11:15:00Z,LINK/USDT,buy,14.92145700,33.76010041,0.50374989,USDT
2024-06-16T13:00:00Z,LINK/USDT,stop_sell,14.88533932,33.76010041,0.50253055,USDT
2024-06-16T13:15:00Z,LINK/USDT,buy,15.07553400,33.45875744,0.50440864,USDT
2024-06-16T18:15:00Z,LINK/USDT,sell,15.08645300,33.45875744,0.50477397,USDT
2024-06-16T18:30:00Z,LINK/USDT,buy,15.10154700,33.34229366,0.50352021,USDT
2024-06-16T19:00:00Z,LINK/USDT,sell,15.09145050,33.34229366,0.50318357,USDT
2024-06-16T21:30:00Z,LINK/USDT,buy,15.11855550,33.29767143,0.50341269,USDT
2024-06-16T21:45:00Z,LINK/USDT,sell,15.10344450,33.29767143,0.50290953,USDT
2024-06-17T15:00:00Z,LINK/USDT,buy,14.36918100,35.09665487,0.50431019,USDT
2024-06-17T15:30:00Z,LINK/USDT,sell,14.36981150,35.09665487,0.50433231,USDT
2024-06-17T15:45:00Z,LINK/USDT,buy,14.35817550,34.95457872,0.50188398,USDT
2024-06-17T15:45:00Z,LINK/USDT,stop_sell,14.28820946,34.95457872,0.49943834,USDT
2024-06-17T16:45:00Z,LINK/USDT,buy,14.51325300,34.60354352,0.50220998,USDT
2024-06-17T22:30:00Z,LINK/USDT,sell,14.59969650,34.60354352,0.50520123,USDT
2024-06-18T08:00:00Z,LINK/USDT,buy,13.72485900,36.54657925,0.50159665,USDT
2024-06-18T08:15:00Z,LINK/USDT,sell,13.71214050,36.54657925,0.50113183,USDT
2024-06-18T16:30:00Z,LINK/USDT,buy,13.44071700,37.31089359,0.50148516,USDT
2024-06-18T16:45:00Z,LINK/USDT,sell,13.39829750,37.31089359,0.49990245,USDT
2024-06-18T17:15:00Z,LINK/USDT,buy,13.50074700,37.18240861,0.50199029,USDT
2024-06-18T17:30:00Z,LINK/USDT,sell,13.34732300,37.18240861,0.49628562,USDT
2024-06-18T18:30:00Z,LINK/USDT,buy,13.40069700,37.36668278,0.50073959,USDT
2024-06-18T19:00:00Z,LINK/USDT,sell,13.31933700,37.36668278,0.49769944,USDT
2024-06-18T19:45:00Z,LINK/USDT,buy,13.44972150,37.3426328,0.50224801,USDT
2024-06-19T02:00:00Z,LINK/USDT,stop_sell,13.29449229,37.3426328,0.49645134,USDT
2024-06-19T02:15:00Z,LINK/USDT,buy,14.28013650,35.20070945,0.50267094,USDT
2024-06-19T09:30:00Z,LINK/USDT,sell,14.29684800,35.20070945,0.50325919,USDT
2024-06-19T10:00:00Z,LINK/USDT,buy,14.34416850,35.00655902,0.50213998,USDT
2024-06-19T11:30:00Z,LINK/USDT,sell,14.25486900,35.00655902,0.49901391,USDT
2024-06-19T16:30:00Z,LINK/USDT,buy,14.28213750,35.10119922,0.50132015,USDT
2024-06-19T17:00:00Z,LINK/USDT,sell,14.23088100,35.10119922,0.49952099,USDT
2024-06-19T17:15:00Z,LINK/USDT,buy,14.35517400,34.91905313,0.50126908,USDT
2024-06-19T22:15:00Z,LINK/USDT,sell,14.36281500,34.91905313,0.50153590,USDT
2024-06-20T06:30:00Z,LINK/USDT,buy,14.58228750,34.33762117,0.50072106,USDT
2024-06-20T09:45:00Z,LINK/USDT,sell,14.59969650,34.33762117,0.50131885,USDT
2024-06-20T10:00:00Z,LINK/USDT,buy,14.61430350,34.26018265,0.50068871,USDT
2024-06-20T11:45:00Z,LINK/USDT,sell,14.65866700,34.26018265,0.50220861,USDT
2024-06-20T19:00:00Z,LINK/USDT,buy,14.49324300,34.5229943,0.50035015,USDT
2024-06-20T20:30:00Z,LINK/USDT,stop_sell,14.40236664,34.5229943,0.49721282,USDT
2024-06-20T20:45:00Z,LINK/USDT,buy,14.40720000,34.73257343,0.50039913,USDT
2024-06-20T21:15:00Z,LINK/USDT,sell,14.38180550,34.73257343,0.49951712,USDT
2024-06-21T04:45:00Z,LINK/USDT,buy,14.27513400,34.95270904,0.49895461,USDT
2024-06-21T05:30:00Z,LINK/USDT,sell,14.29684800,34.95270904,0.49971357,USDT
2024-06-21T05:45:00Z,LINK/USDT,buy,14.28013650,34.95381197,0.49914521,USDT
2024-06-21T06:15:00Z,LINK/USDT,stop_sell,14.21089100,34.95381197,0.49672481,USDT
2024-06-21T07:30:00Z,LINK/USDT,buy,14.41020150,34.67772556,0.49971301,USDT
2024-06-21T07:45:00Z,LINK/USDT,stop_sell,14.33832725,34.67772556,0.49722058,USDT
2024-06-21T08:00:00Z,LINK/USDT,buy,14.28714000,34.91518986,0.49883821,USDT
2024-06-21T08:45:00Z,LINK/USDT,stop_sell,14.21089100,34.91518986,0.49617596,USDT
2024-06-21T09:45:00Z,LINK/USDT,buy,14.40119700,34.70307271,0.49976579,USDT
2024-06-21T12:15:00Z,LINK/USDT,sell,14.37480900,34.70307271,0.49885004,USDT
2024-06-21T12:45:00Z,LINK/USDT,buy,14.31115200,34.78190059,0.49776907,USDT
2024-06-21T13:30:00Z,LINK/USDT,stop_sell,14.22499109,34.78190059,0.49477223,USDT
2024-06-21T13:45:00Z,LINK/USDT,buy,14.26913100,34.95457699,0.49877144,USDT
2024-06-21T15:00:00Z,LINK/USDT,sell,14.46776250,34.95457699,0.50571452,USDT
2024-06-22T13:45:00Z,LINK/USDT,buy,13.78588950,36.19033374,0.49891594,USDT
2024-06-22T13:45:00Z,LINK/USDT,stop_sell,13.73252316,36.19033374,0.49698460,USDT
2024-06-22T16:15:00Z,LINK/USDT,buy,13.73786550,36.28648652,0.49849887,USDT
2024-06-22T17:00:00Z,LINK/USDT,stop_sell,13.68386893,36.28648652,0.49653953,USDT
2024-06-22T17:15:00Z,LINK/USDT,buy,13.68984150,36.43891505,0.49884297,USDT
2024-06-22T17:30:00Z,LINK/USDT,stop_sell,13.62975314,36.43891505,0.49665342,USDT
2024-06-23T01:30:00Z,LINK/USDT,buy,13.60279800,36.55385027,0.49723464,USDT
2024-06-23T02:15:00Z,LINK/USDT,stop_sell,13.55322000,36.55385027,0.49542237,USDT
2024-06-23T03:30:00Z,LINK/USDT,buy,13.64281800,36.53471359,0.49843645,USDT
2024-06-23T05:15:00Z,LINK/USDT,sell,13.58120600,36.53471359,0.49618547,USDT
2024-06-23T07:00:00Z,LINK/USDT,buy,13.65782550,36.51567223,0.49872468,USDT
2024-06-23T09:15:00Z,LINK/USDT,stop_sell,13.60219550,36.51567223,0.49669331,USDT
2024-06-23T09:30:00Z,LINK/USDT,buy,13.60279800,36.57570102,0.49753187,USDT
2024-06-23T09:30:00Z,LINK/USDT,stop_sell,13.57984954,36.57570102,0.49669252,USDT
2024-06-23T09:45:00Z,LINK/USDT,buy,13.58679000,36.63492212,0.49775099,USDT
2024-06-23T10:00:00Z,LINK/USDT,sell,13.59619850,36.63492212,0.49809567,USDT
2024-06-23T10:30:00Z,LINK/USDT,buy,13.52976150,36.68781593,0.49637740,USDT
2024-06-23T10:30:00Z,LINK/USDT,stop_sell,13.51623850,36.68781593,0.49588127,USDT
2024-06-23T15:30:00Z,LINK/USDT,buy,13.54977150,36.69256459,0.49717587,USDT
2024-06-23T15:45:00Z,LINK/USDT,sell,13.46726300,36.69256459,0.49414842,USDT
2024-06-23T19:15:00Z,LINK/USDT,buy,13.44071700,37.07639946,0.49833339,USDT
2024-06-23T19:30:00Z,LINK/USDT,sell,13.38830250,37.07639946,0.49639005,USDT
2024-06-24T04:30:00Z,LINK/USDT,buy,13.16257800,37.64861822,0.49555287,USDT
2024-06-24T05:00:00Z,LINK/USDT,sell,13.16041650,37.64861822,0.49547150,USDT
2024-06-24T10:00:00Z,LINK/USDT,buy,13.12155750,37.97304288,0.49826547,USDT
2024-06-24T17:30:00Z,LINK/USDT,sell,13.18540400,37.97304288,0.50068991,USDT
2024-06-25T15:45:00Z,LINK/USDT,buy,14.15307300,35.12225457,0.49708783,USDT
2024-06-25T16:45:00Z,LINK/USDT,stop_sell,14.04297500,35.12225457,0.49322094,USDT
2024-06-25T17:00:00Z,LINK/USDT,buy,14.07703500,35.30944788,0.49705233,USDT
2024-06-25T23:45:00Z,LINK/USDT,sell,14.16891200,35.30944788,0.50029646,USDT
2024-06-26T00:15:00Z,LINK/USDT,buy,14.18508900,35.00849989,0.49659869,USDT
2024-06-26T00:15:00Z,LINK/USDT,stop_sell,14.13307279,35.00849989,0.49477768,USDT
2024-06-26T01:30:00Z,LINK/USDT,buy,14.19509400,34.92862289,0.49581509,USDT
2024-06-26T02:15:00Z,LINK/USDT,sell,14.25386950,34.92862289,0.49786803,USDT
2024-06-26T07:15:00Z,LINK/USDT,buy,14.26813050,34.86589394,0.49747112,USDT
2024-06-26T07:45:00Z,LINK/USDT,sell,14.21089100,34.86589394,0.49547542,USDT
2024-06-26T08:15:00Z,LINK/USDT,buy,14.18308800,34.91530552,0.49520685,USDT
2024-06-26T08:15:00Z,LINK/USDT,stop_sell,14.16891200,34.91530552,0.49471189,USDT
2024-06-26T08:30:00Z,LINK/USDT,buy,14.16207750,35.00052537,0.49568015,USDT
2024-06-26T08:45:00Z,LINK/USDT,stop_sell,14.13096669,35.00052537,0.49459126,USDT
2024-06-26T17:45:00Z,LINK/USDT,buy,13.94797050,35.45400771,0.49451145,USDT
2024-06-26T18:15:00Z,LINK/USDT,sell,13.95901700,35.45400771,0.49490310,USDT
2024-06-26T19:30:00Z,LINK/USDT,buy,14.05702500,35.36463611,0.49712157,USDT
2024-06-26T22:45:00Z,LINK/USDT,sell,13.97600850,35.36463611,0.49425645,USDT
2024-06-26T23:00:00Z,LINK/USDT,buy,14.00099700,35.44373685,0.49624765,USDT
2024-06-26T23:15:00Z,LINK/USDT,stop_sell,13.94152575,35.44373685,0.49413977,USDT
2024-06-27T09:30:00Z,LINK/USDT,buy,13.88694000,35.7120547,0.49593116,USDT
2024-06-27T11:00:00Z,LINK/USDT,stop_sell,13.79310000,35.7120547,0.49257994,USDT
2024-06-27T11:15:00Z,LINK/USDT,buy,13.87893600,35.76437629,0.49637149,USDT
2024-06-27T23:30:00Z,LINK/USDT,sell,14.39679800,35.76437629,0.51489250,USDT
2024-06-27T23:45:00Z,LINK/USDT,buy,14.37118200,34.46372619,0.49528448,USDT
2024-06-27T23:45:00Z,LINK/USDT,stop_sell,14.35681800,34.46372619,0.49478944,USDT
2024-06-28T00:00:00Z,LINK/USDT,buy,14.42620950,34.38862966,0.49609758,USDT
2024-06-28T00:15:00Z,LINK/USDT,stop_sell,14.37777181,34.38862966,0.49443187,USDT
2024-06-28T10:15:00Z,LINK/USDT,buy,14.30014650,34.72276926,0.49654069,USDT
2024-06-28T15:15:00Z,LINK/USDT,sell,14.27186050,34.72276926,0.49555852,USDT
2024-06-28T15:30:00Z,LINK/USDT,buy,14.43921600,34.42498008,0.49706972,USDT
2024-06-28T16:15:00Z,LINK/USDT,stop_sell,14.27296709,34.42498008,0.49134661,USDT
2024-06-29T03:00:00Z,LINK/USDT,buy,14.03101200,35.32439678,0.49563704,USDT
2024-06-29T06:30:00Z,LINK/USDT,sell,13.96401450,35.32439678,0.49327039,USDT
2024-06-29T20:00:00Z,LINK/USDT,buy,13.66182750,36.25931133,0.49536846,USDT
2024-06-29T20:30:00Z,LINK/USDT,sell,13.62918200,36.25931133,0.49418475,USDT
2024-06-30T03:45:00Z,LINK/USDT,buy,13.55677500,36.51398271,0.49501185,USDT
2024-06-30T04:00:00Z,LINK/USDT,stop_sell,13.49360696,36.51398271,0.49270533,USDT
2024-06-30T08:15:00Z,LINK/USDT,buy,13.68383850,36.16900614,0.49493084,USDT
2024-06-30T08:30:00Z,LINK/USDT,sell,13.66816250,36.16900614,0.49436385,USDT
2024-06-30T23:45:00Z,LINK/USDT,buy,14.24511900,34.71807613,0.49456313,USDT
2024-07-01T02:00:00Z,LINK/USDT,sell,14.41778750,34.71807613,0.50055784,USDT
2024-07-01T02:15:00Z,LINK/USDT,buy,14.41920600,34.45589713,0.49682668,USDT
2024-07-01T02:30:00Z,LINK/USDT,sell,14.33982650,34.45589713,0.49409159,USDT
2024-07-01T05:45:00Z,LINK/USDT,buy,14.41720500,34.32761148,0.49490821,USDT
2024-07-01T06:15:00Z,LINK/USDT,sell,14.35881700,34.32761148,0.49290389,USDT
2024-07-01T06:30:00Z,LINK/USDT,buy,14.42420850,34.41608735,0.49642482,USDT
2024-07-01T06:45:00Z,LINK/USDT,sell,14.36381450,34.41608735,0.49434629,USDT
2024-07-01T07:00:00Z,LINK/USDT,buy,14.40219750,34.38702715,0.49524876,USDT
2024-07-01T08:30:00Z,LINK/USDT,stop_sell,14.30284500,34.38702715,0.49183232,USDT
2024-07-01T08:45:00Z,LINK/USDT,buy,14.35317300,34.50658135,0.49527893,USDT
2024-07-01T12:00:00Z,LINK/USDT,sell,14.42478400,34.50658135,0.49774998,USDT
2024-07-01T12:15:00Z,LINK/USDT,buy,14.39719500,34.26582917,0.49333182,USDT
2024-07-01T12:30:00Z,LINK/USDT,sell,14.38180550,34.26582917,0.49280449,USDT
2024-07-01T13:15:00Z,LINK/USDT,buy,14.35217250,34.42219781,0.49403332,USDT
2024-07-01T13:45:00Z,LINK/USDT,sell,14.30684300,34.42219781,0.49247298,USDT
2024-07-01T19:30:00Z,LINK/USDT,buy,14.48323800,34.1013542,0.49389803,USDT
2024-07-01T22:30:00Z,LINK/USDT,sell,14.41578850,34.1013542,0.49159791,USDT
2024-07-02T07:30:00Z,LINK/USDT,buy,14.57528400,33.77750601,0.49231674,USDT
2024-07-02T11:15:00Z,LINK/USDT,sell,14.59769750,33.77750601,0.49307382,USDT
2024-07-03T06:15:00Z,LINK/USDT,buy,14.48123700,34.15035216,0.49453934,USDT
2024-07-03T08:30:00Z,LINK/USDT,stop_sell,14.35074961,34.15035216,0.49008315,USDT
2024-07-03T08:45:00Z,LINK/USDT,buy,14.49124200,34.03540411,0.49321528,USDT
2024-07-03T10:15:00Z,LINK/USDT,stop_sell,14.37131075,34.03540411,0.48913337,USDT
2024-07-03T10:30:00Z,LINK/USDT,buy,14.28313800,34.55381897,0.49353696,USDT
2024-07-03T11:00:00Z,LINK/USDT,sell,14.36181550,34.55381897,0.49625557,USDT
2024-07-03T15:15:00Z,LINK/USDT,buy,14.39619450,34.19169121,0.49223024,USDT
2024-07-03T17:15:00Z,LINK/USDT,stop_sell,14.26522096,34.19169121,0.48775203,USDT
2024-07-03T17:30:00Z,LINK/USDT,buy,14.22610950,34.52804152,0.49119970,USDT
2024-07-03T17:30:00Z,LINK/USDT,stop_sell,14.12557654,34.52804152,0.48772849,USDT
2024-07-04T06:45:00Z,LINK/USDT,buy,13.32065700,36.91393134,0.49171782,USDT
2024-07-04T07:00:00Z,LINK/USDT,stop_sell,13.22838250,36.91393134,0.48831160,USDT
2024-07-04T08:15:00Z,LINK/USDT,buy,13.22160750,37.10481063,0.49058524,USDT
2024-07-04T08:30:00Z,LINK/USDT,sell,13.21239050,37.10481063,0.49024325,USDT
2024-07-04T08:45:00Z,LINK/USDT,buy,13.28163750,37.15572746,0.49348890,USDT
2024-07-04T09:00:00Z,LINK/USDT,stop_sell,13.11451089,37.15572746,0.48727919,USDT
2024-07-04T18:15:00Z,LINK/USDT,buy,13.04551950,37.52938197,0.48959028,USDT
2024-07-04T18:45:00Z,LINK/USDT,sell,12.99549900,37.52938197,0.48771305,USDT
2024-07-04T22:00:00Z,LINK/USDT,buy,13.12656000,37.40038836,0.49093844,USDT
2024-07-04T22:15:00Z,LINK/USDT,stop_sell,13.03162379,37.40038836,0.48738779,USDT
2024-07-05T11:45:00Z,LINK/USDT,buy,11.98799100,40.91291737,0.49046369,USDT
2024-07-05T13:00:00Z,LINK/USDT,stop_sell,11.80980643,40.91291737,0.48317363,USDT
2024-07-05T21:45:00Z,LINK/USDT,buy,12.35417400,39.64670237,0.48980226,USDT
2024-07-05T22:00:00Z,LINK/USDT,sell,12.30484450,39.64670237,0.48784651,USDT
2024-07-05T22:30:00Z,LINK/USDT,buy,12.31715550,39.6276975,0.48810051,USDT
2024-07-05T22:45:00Z,LINK/USDT,sell,12.26786300,39.6276975,0.48614716,USDT
2024-07-06T00:45:00Z,LINK/USDT,buy,12.54326850,38.90300677,0.48797086,USDT
2024-07-06T00:45:00Z,LINK/USDT,stop_sell,12.47479519,38.90300677,0.48530704,USDT
2024-07-06T03:00:00Z,LINK/USDT,buy,12.36918150,39.59478602,0.48975509,USDT
2024-07-06T03:15:00Z,LINK/USDT,sell,12.30884250,39.59478602,0.48736598,USDT
2024-07-06T03:30:00Z,LINK/USDT,buy,12.31715550,39.68226261,0.48877260,USDT
2024-07-06T04:00:00Z,LINK/USDT,sell,12.33782800,39.68226261,0.48959293,USDT
2024-07-06T04:30:00Z,LINK/USDT,buy,12.32415900,39.56233336,0.48757249,USDT
2024-07-06T04:30:00Z,LINK/USDT,stop_sell,12.27307468,39.56233336,0.48555147,USDT
2024-07-06T06:15:00Z,LINK/USDT,buy,12.36017700,39.54293498,0.48875768,USDT
2024-07-06T09:15:00Z,LINK/USDT,sell,12.35781800,39.54293498,0.48866439,USDT
2024-07-06T14:45:00Z,LINK/USDT,buy,12.61930650,38.70534408,0.48843460,USDT
2024-07-07T01:30:00Z,LINK/USDT,sell,13.14942200,38.70534408,0.50895290,USDT
2024-07-07T11:30:00Z,LINK/USDT,buy,12.88944150,38.01538291,0.48999705,USDT
2024-07-07T11:45:00Z,LINK/USDT,sell,12.87655850,38.01538291,0.48950730,USDT
2024-07-07T12:15:00Z,LINK/USDT,buy,12.92846100,38.00625922,0.49136244,USDT
2024-07-07T12:45:00Z,LINK/USDT,stop_sell,12.82986757,38.00625922,0.48761527,USDT
2024-07-07T13:00:00Z,LINK/USDT,buy,12.88844100,37.97985918,0.48950117,USDT
2024-07-07T13:15:00Z,LINK/USDT,sell,12.79859750,37.97985918,0.48608893,USDT
2024-07-07T19:45:00Z,LINK/USDT,buy,12.59729550,38.77740476,0.48849043,USDT
2024-07-07T20:00:00Z,LINK/USDT,sell,12.58170600,38.77740476,0.48788591,USDT
2024-07-07T20:30:00Z,LINK/USDT,buy,12.61330350,38.77044876,0.48902344,USDT
2024-07-07T21:00:00Z,LINK/USDT,stop_sell,12.54169031,38.77044876,0.48624696,USDT
2024-07-08T04:45:00Z,LINK/USDT,buy,12.49524450,39.25732603,0.49052989,USDT
2024-07-08T13:45:00Z,LINK/USDT,sell,13.25037150,39.25732603,0.52017415,USDT
2024-07-08T20:30:00Z,LINK/USDT,buy,12.96748050,37.97938344,0.49249691,USDT
2024-07-08T21:00:00Z,LINK/USDT,sell,12.87056150,37.97938344,0.48881599,USDT
2024-07-08T21:15:00Z,LINK/USDT,buy,12.88944150,38.16910133,0.49197840,USDT
2024-07-09T01:30:00Z,LINK/USDT,sell,13.04247550,38.16910133,0.49781957,USDT
2024-07-09T01:45:00Z,LINK/USDT,buy,13.00149750,37.81084158,0.49159756,USDT
2024-07-09T02:15:00Z,LINK/USDT,sell,12.99350000,37.81084158,0.49129517,USDT
2024-07-09T10:30:00Z,LINK/USDT,buy,13.11555450,37.40808881,0.49062783,USDT
2024-07-09T11:00:00Z,LINK/USDT,stop_sell,13.03644281,37.40808881,0.48766841,USDT
2024-07-09T11:30:00Z,LINK/USDT,buy,13.16958150,37.22232305,0.49020242,USDT
2024-07-09T13:00:00Z,LINK/USDT,stop_sell,13.08602514,37.22232305,0.48709226,USDT
2024-07-09T13:15:00Z,LINK/USDT,buy,13.04652000,37.50209592,0.48927184,USDT
2024-07-09T13:30:00Z,LINK/USDT,sell,12.99350000,37.50209592,0.48728348,USDT
2024-07-09T14:15:00Z,LINK/USDT,buy,13.09454400,37.45241581,0.49042231,USDT
2024-07-09T14:15:00Z,LINK/USDT,stop_sell,12.97529482,37.45241581,0.48595614,USDT
2024-07-10T13:15:00Z,LINK/USDT,buy,12.90044700,37.982559,0.48999199,USDT
2024-07-10T13:30:00Z,LINK/USDT,sell,12.85956700,37.982559,0.48843926,USDT
2024-07-10T16:15:00Z,LINK/USDT,buy,13.00650000,37.64253925,0.48959769,USDT
2024-07-10T16:45:00Z,LINK/USDT,stop_sell,12.90936352,37.64253925,0.48594122,USDT
2024-07-10T19:45:00Z,LINK/USDT,buy,12.82841100,38.12152841,0.48903863,USDT
2024-07-10T20:15:00Z,LINK/USDT,sell,12.80159600,38.12152841,0.48801641,USDT
2024-07-11T08:45:00Z,LINK/USDT,buy,12.78739050,38.23130385,0.48887861,USDT
2024-07-11T09:00:00Z,LINK/USDT,sell,12.77460950,38.23130385,0.48838998,USDT
2024-07-11T12:15:00Z,LINK/USDT,buy,12.92846100,37.71167379,0.48755390,USDT
2024-07-11T12:15:00Z,LINK/USDT,stop_sell,12.90779288,37.71167379,0.48677447,USDT
2024-07-11T12:45:00Z,LINK/USDT,buy,13.08353850,37.45507491,0.49004491,USDT
2024-07-11T13:00:00Z,LINK/USDT,stop_sell,12.95805344,37.45507491,0.48534486,USDT
2024-07-11T13:15:00Z,LINK/USDT,buy,12.99449400,37.74154443,0.49043227,USDT
2024-07-11T14:15:00Z,LINK/USDT,stop_sell,12.83554331,37.74154443,0.48443323,USDT
2024-07-11T15:00:00Z,LINK/USDT,buy,12.88944150,37.9301715,0.48889873,USDT
2024-07-11T15:45:00Z,LINK/USDT,sell,12.75961700,37.9301715,0.48397446,USDT
2024-07-12T02:00:00Z,LINK/USDT,buy,12.45322350,39.20233514,0.48819544,USDT
2024-07-12T06:30:00Z,LINK/USDT,sell,12.49275050,39.20233514,0.48974499,USDT
2024-07-12T06:45:00Z,LINK/USDT,buy,12.50524950,38.95821516,0.48718220,USDT
2024-07-12T07:30:00Z,LINK/USDT,sell,12.41778800,38.95821516,0.48377486,USDT
2024-07-12T18:00:00Z,LINK/USDT,buy,12.69534450,38.23277027,0.48537819,USDT
2024-07-12T18:15:00Z,LINK/USDT,sell,12.65167100,38.23277027,0.48370843,USDT
2024-07-12T19:15:00Z,LINK/USDT,buy,12.73336350,38.09943283,0.48513393,USDT
2024-07-12T19:45:00Z,LINK/USDT,stop_sell,12.68636793,38.09943283,0.48334342,USDT
2024-07-12T20:00:00Z,LINK/USDT,buy,12.69534450,38.31323516,0.48639972,USDT
2024-07-12T20:15:00Z,LINK/USDT,sell,12.64467450,38.31323516,0.48445839,USDT
2024-07-12T21:00:00Z,LINK/USDT,buy,12.69534450,38.40990165,0.48762693,USDT
2024-07-12T21:30:00Z,LINK/USDT,sell,12.65167100,38.40990165,0.48594944,USDT
2024-07-12T23:00:00Z,LINK/USDT,buy,12.69834600,38.19087751,0.48496098,USDT
2024-07-12T23:15:00Z,LINK/USDT,sell,12.69365000,38.19087751,0.48478163,USDT
2024-07-13T00:15:00Z,LINK/USDT,buy,12.73736550,38.11472044,0.48548113,USDT
2024-07-13T00:15:00Z,LINK/USDT,stop_sell,12.68965200,38.11472044,0.48366254,USDT
2024-07-13T00:30:00Z,LINK/USDT,buy,12.73836600,38.13013627,0.48571563,USDT
2024-07-13T00:30:00Z,LINK/USDT,stop_sell,12.67480229,38.13013627,0.48329194,USDT
2024-07-13T01:00:00Z,LINK/USDT,buy,12.74837100,38.11779828,0.48593983,USDT
2024-07-13T05:30:00Z,LINK/USDT,stop_sell,12.65788218,38.11779828,0.48249060,USDT
2024-07-13T05:45:00Z,LINK/USDT,buy,12.92946150,37.51232728,0.48501419,USDT
2024-07-13T10:30:00Z,LINK/USDT,sell,13.04047650,37.51232728,0.48917862,USDT
2024-07-13T10:45:00Z,LINK/USDT,buy,13.04952150,37.19817659,0.48541841,USDT
2024-07-13T12:00:00Z,LINK/USDT,sell,13.01349000,37.19817659,0.48407810,USDT
2024-07-13T16:45:00Z,LINK/USDT,buy,13.07453400,37.02781735,0.48412146,USDT
2024-07-13T16:45:00Z,LINK/USDT,stop_sell,13.00370918,37.02781735,0.48149897,USDT
2024-07-13T19:45:00Z,LINK/USDT,buy,13.05752550,37.16199031,0.48524364,USDT
2024-07-13T20:30:00Z,LINK/USDT,sell,12.99350000,37.16199031,0.48286432,USDT
2024-07-14T10:00:00Z,LINK/USDT,buy,13.20259800,36.59141653,0.48310176,USDT
2024-07-14T10:45:00Z,LINK/USDT,stop_sell,13.16851959,36.59141653,0.48185479,USDT
2024-07-14T11:00:00Z,LINK/USDT,buy,13.16357850,36.78930337,0.48427888,USDT
2024-07-14T12:00:00Z,LINK/USDT,stop_sell,13.08816693,36.78930337,0.48150454,USDT
2024-07-14T15:00:00Z,LINK/USDT,buy,13.21960650,36.65236616,0.48452986,USDT
2024-07-14T15:30:00Z,LINK/USDT,sell,13.22338500,36.65236616,0.48466835,USDT
2024-07-14T15:45:00Z,LINK/USDT,buy,13.22861100,36.70015755,0.48549211,USDT
2024-07-14T21:45:00Z,LINK/USDT,sell,13.34732300,36.70015755,0.48984886,USDT
2024-07-15T00:15:00Z,LINK/USDT,buy,13.55877600,35.90617873,0.48684383,USDT
2024-07-15T01:45:00Z,LINK/USDT,sell,13.67016150,35.90617873,0.49084326,USDT
2024-07-15T10:00:00Z,LINK/USDT,buy,13.84792050,34.87878339,0.48299862,USDT
2024-07-15T10:30:00Z,LINK/USDT,stop_sell,13.79509900,34.87878339,0.48115627,USDT
2024-07-15T11:00:00Z,LINK/USDT,buy,13.75387350,35.21004643,0.48427452,USDT
2024-07-15T14:15:00Z,LINK/USDT,sell,13.87605850,35.21004643,0.48857666,USDT
2024-07-15T14:30:00Z,LINK/USDT,buy,13.87993650,34.86170827,0.48387830,USDT
2024-07-15T15:45:00Z,LINK/USDT,stop_sell,13.84264664,34.86170827,0.48257831,USDT
2024-07-15T16:00:00Z,LINK/USDT,buy,13.84792050,34.93667718,0.48380033,USDT
2024-07-15T16:15:00Z,LINK/USDT,sell,13.91703800,34.93667718,0.48621506,USDT
2024-07-15T18:30:00Z,LINK/USDT,buy,14.03001150,34.5683262,0.48499401,USDT
2024-07-15T19:15:00Z,LINK/USDT,sell,14.04497400,34.5683262,0.48551124,USDT
2024-07-15T23:45:00Z,LINK/USDT,buy,14.41720500,33.601447,0.48443895,USDT
2024-07-16T00:30:00Z,LINK/USDT,stop_sell,14.28253373,33.601447,0.47991380,USDT
2024-07-16T01:30:00Z,LINK/USDT,buy,14.49724500,33.38562395,0.48399957,USDT
2024-07-16T02:00:00Z,LINK/USDT,sell,14.37780750,33.38562395,0.48001207,USDT
2024-07-16T14:30:00Z,LINK/USDT,buy,14.15707500,34.18882236,0.48401372,USDT
2024-07-16T19:00:00Z,LINK/USDT,sell,14.33382950,34.18882236,0.49005675,USDT
2024-07-17T06:45:00Z,LINK/USDT,buy,14.37118200,33.66507217,0.48380688,USDT
2024-07-17T07:00:00Z,LINK/USDT,sell,14.35781750,33.66507217,0.48335696,USDT
2024-07-17T07:15:00Z,LINK/USDT,buy,14.38418850,33.70644091,0.48483980,USDT
2024-07-17T08:15:00Z,LINK/USDT,stop_sell,14.27232456,33.70644091,0.48106926,USDT
2024-07-17T08:30:00Z,LINK/USDT,buy,14.36718000,33.68707689,0.48398830,USDT
2024-07-17T11:30:00Z,LINK/USDT,sell,14.29684800,33.68707689,0.48161902,USDT
2024-07-17T13:15:00Z,LINK/USDT,buy,14.35317300,33.61224872,0.48244242,USDT
2024-07-17T13:15:00Z,LINK/USDT,stop_sell,14.29824016,33.61224872,0.48059600,USDT
2024-07-17T14:00:00Z,LINK/USDT,buy,14.42020650,33.44764152,0.48232190,USDT
2024-07-17T14:00:00Z,LINK/USDT,stop_sell,14.34464552,33.44764152,0.47979456,USDT
2024-07-18T20:45:00Z,LINK/USDT,buy,13.59779550,35.49390183,0.48263882,USDT
2024-07-18T21:30:00Z,LINK/USDT,sell,13.61319000,35.49390183,0.48318523,USDT
2024-07-19T15:30:00Z,LINK/USDT,buy,13.81590450,34.93884774,0.48271178,USDT
2024-07-19T22:15:00Z,LINK/USDT,sell,14.03397950,34.93884774,0.49033107,USDT
2024-07-19T22:30:00Z,LINK/USDT,buy,14.04702000,34.39941943,0.48320933,USDT
2024-07-19T22:45:00Z,LINK/USDT,sell,13.99100100,34.39941943,0.48128231,USDT
2024-07-20T00:00:00Z,LINK/USDT,buy,14.09004150,34.37070534,0.48428466,USDT
2024-07-20T00:15:00Z,LINK/USDT,sell,14.08995150,34.37070534,0.48428157,USDT
2024-07-20T06:30:00Z,LINK/USDT,buy,14.15107200,34.12706408,0.48293454,USDT
2024-07-20T08:15:00Z,LINK/USDT,stop_sell,14.07481621,34.12706408,0.48033215,USDT
2024-07-20T08:30:00Z,LINK/USDT,buy,14.09704500,34.26192771,0.48299194,USDT
2024-07-20T08:45:00Z,LINK/USDT,sell,14.05896700,34.26192771,0.48168731,USDT
2024-07-20T09:00:00Z,LINK/USDT,buy,14.06302800,34.28312226,0.48212451,USDT
2024-07-20T09:00:00Z,LINK/USDT,stop_sell,14.02898200,34.28312226,0.48095731,USDT
2024-07-20T14:30:00Z,LINK/USDT,buy,14.05502400,34.31736135,0.48233134,USDT
2024-07-20T23:00:00Z,LINK/USDT,sell,14.21189050,34.31736135,0.48771458,USDT
2024-07-20T23:15:00Z,LINK/USDT,buy,14.22610950,33.92707158,0.48265024,USDT
2024-07-20T23:45:00Z,LINK/USDT,sell,14.21189050,33.92707158,0.48216783,USDT
2024-07-21T00:15:00Z,LINK/USDT,buy,14.31015150,33.76694341,0.48321008,USDT
2024-07-21T00:30:00Z,LINK/USDT,stop_sell,14.24469552,33.76694341,0.48099983,USDT
2024-07-21T01:45:00Z,LINK/USDT,buy,14.31415350,33.69961521,0.48238147,USDT
2024-07-21T02:00:00Z,LINK/USDT,sell,14.26086600,33.69961521,0.48058570,USDT
2024-07-21T09:45:00Z,LINK/USDT,buy,14.34116700,33.61368754,0.48205951,USDT
2024-07-21T10:15:00Z,LINK/USDT,stop_sell,14.26140144,33.61368754,0.47937829,USDT
2024-07-21T10:30:00Z,LINK/USDT,buy,14.29814550,33.69443601,0.48176795,USDT
2024-07-21T10:45:00Z,LINK/USDT,stop_sell,14.21767332,33.69443601,0.47905648,USDT
2024-07-21T11:00:00Z,LINK/USDT,buy,14.21510400,33.84677183,0.48113538,USDT
2024-07-21T18:00:00Z,LINK/USDT,stop_sell,14.14428146,33.84677183,0.47873827,USDT
2024-07-21T18:30:00Z,LINK/USDT,buy,14.31115200,33.62449964,0.48120533,USDT
2024-07-21T18:45:00Z,LINK/USDT,sell,14.24187550,33.62449964,0.47887594,USDT
2024-07-22T11:30:00Z,LINK/USDT,buy,14.29614450,33.64138045,0.48094204,USDT
2024-07-22T11:45:00Z,LINK/USDT,sell,14.32883200,33.64138045,0.48204169,USDT
2024-07-23T01:45:00Z,LINK/USDT,buy,14.11605450,34.07134586,0.48095298,USDT
2024-07-23T02:30:00Z,LINK/USDT,sell,14.08495400,34.07134586,0.47989334,USDT
2024-07-23T02:45:00Z,LINK/USDT,buy,14.09904600,34.10097788,0.48079126,USDT
2024-07-23T04:15:00Z,LINK/USDT,stop_sell,13.97604419,34.10097788,0.47659677,USDT
2024-07-23T04:30:00Z,LINK/USDT,buy,13.94396850,34.37912291,0.47938141,USDT
2024-07-23T04:30:00Z,LINK/USDT,stop_sell,13.90814959,34.37912291,0.47814998,USDT
2024-07-23T09:15:00Z,LINK/USDT,buy,14.06803050,34.06172126,0.47918133,USDT
2024-07-23T11:00:00Z,LINK/USDT,stop_sell,14.00213829,34.06172126,0.47693693,USDT
2024-07-23T11:15:00Z,LINK/USDT,buy,13.98799050,34.22327693,0.47871487,USDT
2024-07-23T12:00:00Z,LINK/USDT,stop_sell,13.94198981,34.22327693,0.47714058,USDT
2024-07-23T12:15:00Z,LINK/USDT,buy,13.94296800,34.31164656,0.47840619,USDT
2024-07-23T12:15:00Z,LINK/USDT,stop_sell,13.91018429,34.31164656,0.47728133,USDT
2024-07-23T12:30:00Z,LINK/USDT,buy,13.84792050,34.54196272,0.47833435,USDT
2024-07-23T12:30:00Z,LINK/USDT,stop_sell,13.81726648,34.54196272,0.47727550,USDT
2024-07-23T18:30:00Z,LINK/USDT,buy,13.74586950,34.8771861,0.47941725,USDT
2024-07-23T19:00:00Z,LINK/USDT,sell,13.79010150,34.8771861,0.48095994,USDT
2024-07-23T20:00:00Z,LINK/USDT,buy,13.88794050,34.52375511,0.47946386,USDT
2024-07-24T00:30:00Z,LINK/USDT,sell,13.88205550,34.52375511,0.47926068,USDT
2024-07-25T06:00:00Z,LINK/USDT,buy,13.08453900,36.51637016,0.47779987,USDT
2024-07-25T07:30:00Z,LINK/USDT,stop_sell,13.03547900,36.51637016,0.47600838,USDT
2024-07-25T07:45:00Z,LINK/USDT,buy,13.04551950,36.78277026,0.47985035,USDT
2024-07-25T09:30:00Z,LINK/USDT,sell,12.97351000,36.78277026,0.47720164,USDT
2024-07-26T00:15:00Z,LINK/USDT,buy,12.92946150,37.03654012,0.47886252,USDT
2024-07-26T01:30:00Z,LINK/USDT,stop_sell,12.83515064,37.03654012,0.47536957,USDT
2024-07-26T02:45:00Z,LINK/USDT,buy,13.18058700,36.45886824,0.48054928,USDT
2024-07-26T09:45:00Z,LINK/USDT,sell,13.41329000,36.45886824,0.48903337,USDT
2024-07-26T19:15:00Z,LINK/USDT,buy,13.60680000,35.21092603,0.47910803,USDT
2024-07-26T20:00:00Z,LINK/USDT,stop_sell,13.54822250,35.21092603,0.47704546,USDT
2024-07-26T20:30:00Z,LINK/USDT,buy,13.53276300,35.38570873,0.47886641,USDT
2024-07-26T21:00:00Z,LINK/USDT,sell,13.49325000,35.38570873,0.47746821,USDT
2024-07-27T01:00:00Z,LINK/USDT,buy,13.52175750,35.25969002,0.47677298,USDT
2024-07-27T01:00:00Z,LINK/USDT,stop_sell,13.50824250,35.25969002,0.47629644,USDT
2024-07-27T03:00:00Z,LINK/USDT,buy,13.56177750,35.35287254,0.47944779,USDT
2024-07-27T03:15:00Z,LINK/USDT,stop_sell,13.48553957,35.35287254,0.47675256,USDT
2024-07-27T04:30:00Z,LINK/USDT,buy,13.56177750,35.26611959,0.47827127,USDT
2024-07-27T09:45:00Z,LINK/USDT,sell,13.59020150,35.26611959,0.47927367,USDT
2024-07-28T08:45:00Z,LINK/USDT,buy,13.44071700,35.58402857,0.47827486,USDT
2024-07-28T14:45:00Z,LINK/USDT,sell,13.47126100,35.58402857,0.47936174,USDT
2024-07-29T01:00:00Z,LINK/USDT,buy,13.53776550,35.16079576,0.47599861,USDT
2024-07-29T01:00:00Z,LINK/USDT,stop_sell,13.52423450,35.16079576,0.47552285,USDT
2024-07-29T01:15:00Z,LINK/USDT,buy,13.48573950,35.28214946,0.47580588,USDT
2024-07-29T01:15:00Z,LINK/USDT,stop_sell,13.46737009,35.28214946,0.47515776,USDT
2024-07-29T08:30:00Z,LINK/USDT,buy,13.89494400,34.46365194,0.47887051,USDT
2024-07-29T08:45:00Z,LINK/USDT,stop_sell,13.80534388,34.46365194,0.47578257,USDT
2024-07-29T10:30:00Z,LINK/USDT,buy,13.84792050,34.63267299,0.47959050,USDT
2024-07-29T12:00:00Z,LINK/USDT,sell,13.83108100,34.63267299,0.47900731,USDT
2024-07-29T12:15:00Z,LINK/USDT,buy,13.84491900,34.49612075,0.47759600,USDT
2024-07-29T12:30:00Z,LINK/USDT,stop_sell,13.77510900,34.49612075,0.47518782,USDT
2024-07-29T20:15:00Z,LINK/USDT,buy,13.59879600,35.10067998,0.47732699,USDT
2024-07-29T21:15:00Z,LINK/USDT,sell,13.53223050,35.10067998,0.47499049,USDT
2024-07-29T21:30:00Z,LINK/USDT,buy,13.54576950,35.21865259,0.47706375,USDT
2024-07-29T22:00:00Z,LINK/USDT,sell,13.58920200,35.21865259,0.47859338,USDT
2024-07-29T23:15:00Z,LINK/USDT,buy,13.52175750,35.16490344,0.47549130,USDT
2024-07-29T23:15:00Z,LINK/USDT,stop_sell,13.50824250,35.16490344,0.47501604,USDT
2024-07-29T23:30:00Z,LINK/USDT,buy,13.57778550,35.13835456,0.47710104,USDT
2024-07-29T23:45:00Z,LINK/USDT,sell,13.56421450,35.13835456,0.47662418,USDT
2024-07-30T00:45:00Z,LINK/USDT,buy,13.60179750,35.06015061,0.47688107,USDT
2024-07-30T01:00:00Z,LINK/USDT,sell,13.58920200,35.06015061,0.47643947,USDT
2024-07-30T01:15:00Z,LINK/USDT,buy,13.68784050,34.88004348,0.47743247,USDT
2024-07-30T01:45:00Z,LINK/USDT,stop_sell,13.58288373,34.88004348,0.47377158,USDT
2024-07-30T02:15:00Z,LINK/USDT,buy,13.60279800,34.91949149,0.47500279,USDT
2024-07-30T02:15:00Z,LINK/USDT,stop_sell,13.53687104,34.91949149,0.47270065,USDT
2024-07-30T02:45:00Z,LINK/USDT,buy,13.60279800,35.09085671,0.47733384,USDT
2024-07-30T06:00:00Z,LINK/USDT,sell,13.66016650,35.09085671,0.47934695,USDT
2024-07-30T06:30:00Z,LINK/USDT,buy,13.68283800,34.83254395,0.47660806,USDT
2024-07-30T07:00:00Z,LINK/USDT,sell,13.65217050,34.83254395,0.47553983,USDT
2024-07-30T13:30:00Z,LINK/USDT,buy,13.60279800,34.88197955,0.47449252,USDT
2024-07-30T13:45:00Z,LINK/USDT,sell,13.54822250,34.88197955,0.47258882,USDT
2024-07-31T06:15:00Z,LINK/USDT,buy,13.32065700,35.56929328,0.47380636,USDT
2024-07-31T06:15:00Z,LINK/USDT,stop_sell,13.30734300,35.56929328,0.47333279,USDT
2024-07-31T13:00:00Z,LINK/USDT,buy,13.18759050,36.07339077,0.47572111,USDT
2024-07-31T14:00:00Z,LINK/USDT,sell,13.16141600,36.07339077,0.47477690,USDT
2024-07-31T19:15:00Z,LINK/USDT,buy,13.04551950,36.27102539,0.47317437,USDT
2024-07-31T19:15:00Z,LINK/USDT,stop_sell,13.02701894,36.27102539,0.47250333,USDT
2024-08-01T00:45:00Z,LINK/USDT,buy,12.89144250,36.78891776,0.47426222,USDT
2024-08-01T01:00:00Z,LINK/USDT,stop_sell,12.86759869,36.78891776,0.47338503,USDT
2024-08-01T01:15:00Z,LINK/USDT,buy,12.85042200,36.98664465,0.47529399,USDT
2024-08-01T02:00:00Z,LINK/USDT,sell,12.84457450,36.98664465,0.47507771,USDT
2024-08-01T02:15:00Z,LINK/USDT,buy,12.85642500,36.86743242,0.47398338,USDT
2024-08-01T02:30:00Z,LINK/USDT,stop_sell,12.80959200,36.86743242,0.47225677,USDT
2024-08-01T02:45:00Z,LINK/USDT,buy,12.83741550,36.94259619,0.47424746,USDT
2024-08-01T03:00:00Z,LINK/USDT,sell,12.83457950,36.94259619,0.47414269,USDT
2024-08-01T03:15:00Z,LINK/USDT,buy,12.80740050,36.96480421,0.47342305,USDT
2024-08-01T03:45:00Z,LINK/USDT,sell,12.85556900,36.96480421,0.47520359,USDT
2024-08-01T04:00:00Z,LINK/USDT,buy,12.82641000,36.91536577,0.47349162,USDT
2024-08-01T04:15:00Z,LINK/USDT,sell,12.79459950,36.91536577,0.47231732,USDT
2024-08-01T10:15:00Z,LINK/USDT,buy,12.91745550,36.83343647,0.47579428,USDT
2024-08-01T11:45:00Z,LINK/USDT,stop_sell,12.83172379,36.83343647,0.47263648,USDT
2024-08-01T12:15:00Z,LINK/USDT,buy,13.05952650,36.3620225,0.47487080,USDT
2024-08-01T14:00:00Z,LINK/USDT,sell,12.96151600,36.3620225,0.47130694,USDT
2024-08-01T23:00:00Z,LINK/USDT,buy,12.92646000,36.7343174,0.47484468,USDT
2024-08-02T01:00:00Z,LINK/USDT,stop_sell,12.80755731,36.7343174,0.47047688,USDT
2024-08-02T01:45:00Z,LINK/USDT,buy,12.80439900,36.97365436,0.47342542,USDT
2024-08-02T02:15:00Z,LINK/USDT,stop_sell,12.73363000,36.97365436,0.47080883,USDT
2024-08-02T12:00:00Z,LINK/USDT,buy,12.57228300,37.65420804,0.47339936,USDT
2024-08-02T12:15:00Z,LINK/USDT,stop_sell,12.49275050,37.65420804,0.47040463,USDT
2024-08-02T20:00:00Z,LINK/USDT,buy,11.91695550,39.6750877,0.47280625,USDT
2024-08-02T20:30:00Z,LINK/USDT,sell,11.96401500,39.6750877,0.47467334,USDT
2024-08-03T00:00:00Z,LINK/USDT,buy,11.91795600,39.70458098,0.47319745,USDT
2024-08-03T00:45:00Z,LINK/USDT,sell,11.84307550,39.70458098,0.47022435,USDT
2024-08-03T02:15:00Z,LINK/USDT,buy,11.91895650,39.6716144,0.47284425,USDT
2024-08-03T02:30:00Z,LINK/USDT,sell,11.90704350,39.6716144,0.47237164,USDT
2024-08-03T03:30:00Z,LINK/USDT,buy,11.90494950,39.70875842,0.47273076,USDT
2024-08-03T13:00:00Z,LINK/USDT,sell,12.10194600,39.70875842,0.48055325,USDT
2024-08-03T22:00:00Z,LINK/USDT,buy,11.66783100,40.59070299,0.47360546,USDT
2024-08-04T03:30:00Z,LINK/USDT,sell,11.72213600,40.59070299,0.47580974,USDT
2024-08-04T06:00:00Z,LINK/USDT,buy,11.72686050,40.26075916,0.47213231,USDT
2024-08-04T07:15:00Z,LINK/USDT,stop_sell,11.70314550,40.26075916,0.47117752,USDT
2024-08-04T23:30:00Z,LINK/USDT,buy,10.91045250,43.20356176,0.47137041,USDT
2024-08-05T00:00:00Z,LINK/USDT,sell,10.90654400,43.20356176,0.47120155,USDT
2024-08-05T14:00:00Z,LINK/USDT,buy,8.95047300,53.01610757,0.47451924,USDT
2024-08-05T19:45:00Z,LINK/USDT,sell,9.24437550,53.01610757,0.49010081,USDT
2024-08-05T20:15:00Z,LINK/USDT,buy,9.42170850,50.25686794,0.47350556,USDT
2024-08-05T20:30:00Z,LINK/USDT,sell,9.46926300,50.25686794,0.47589550,USDT
2024-08-05T22:15:00Z,LINK/USDT,buy,9.56478000,49.75220632,0.47586891,USDT
2024-08-06T06:00:00Z,LINK/USDT,sell,10.07296100,49.75220632,0.50115203,USDT
2024-08-06T06:30:00Z,LINK/USDT,buy,10.11605550,47.16987981,0.47717312,USDT
2024-08-06T07:00:00Z,LINK/USDT,stop_sell,10.02234346,47.16987981,0.47275274,USDT
2024-08-06T07:45:00Z,LINK/USDT,buy,10.09904700,47.27249745,0.47740717,USDT
2024-08-06T08:30:00Z,LINK/USDT,stop_sell,9.97700900,47.27249745,0.47163813,USDT
2024-08-06T13:30:00Z,LINK/USDT,buy,9.94697100,47.96746366,0.47713097,USDT
2024-08-06T13:45:00Z,LINK/USDT,sell,9.79110200,47.96746366,0.46965433,USDT
2024-08-06T14:15:00Z,LINK/USDT,buy,10.25612550,46.30543778,0.47491438,USDT
2024-08-06T17:45:00Z,LINK/USDT,sell,10.23088200,46.30543778,0.47374547,USDT
2024-08-07T00:45:00Z,LINK/USDT,buy,10.02501000,46.78197211,0.46898974,USDT
2024-08-07T00:45:00Z,LINK/USDT,stop_sell,10.01499000,46.78197211,0.46852098,USDT
2024-08-07T01:00:00Z,LINK/USDT,buy,10.18909200,46.57793084,0.47458682,USDT
2024-08-07T01:00:00Z,LINK/USDT,stop_sell,10.07942206,46.57793084,0.46947862,USDT
2024-08-07T01:45:00Z,LINK/USDT,buy,10.25212350,46.35281143,0.47521475,USDT
2024-08-07T03:00:00Z,LINK/USDT,sell,10.21089200,46.35281143,0.47330355,USDT
2024-08-07T03:15:00Z,LINK/USDT,buy,10.25512500,46.19482494,0.47373370,USDT
2024-08-07T04:45:00Z,LINK/USDT,sell,10.39779850,46.19482494,0.48032448,USDT
2024-08-08T03:00:00Z,LINK/USDT,buy,9.99699600,47.43273551,0.47418487,USDT
2024-08-08T07:30:00Z,LINK/USDT,sell,9.93702900,47.43273551,0.47134047,USDT
2024-08-08T12:30:00Z,LINK/USDT,buy,10.07003250,47.22280152,0.47553515,USDT
2024-08-08T13:45:00Z,LINK/USDT,stop_sell,9.98825338,47.22280152,0.47167331,USDT
2024-08-08T14:00:00Z,LINK/USDT,buy,10.06302900,47.311804,0.47610006,USDT
2024-08-08T14:45:00Z,LINK/USDT,sell,10.21089200,47.311804,0.48309572,USDT
2024-08-08T17:45:00Z,LINK/USDT,buy,10.39419450,45.67517287,0.47475663,USDT
2024-08-08T21:00:00Z,LINK/USDT,sell,10.34282600,45.67517287,0.47241037,USDT
2024-08-08T21:15:00Z,LINK/USDT,buy,10.33716600,45.78661816,0.47330387,USDT
2024-08-08T21:30:00Z,LINK/USDT,sell,10.37281100,45.78661816,0.47493594,USDT
2024-08-09T00:30:00Z,LINK/USDT,buy,10.71335400,44.22246212,0.47377089,USDT
2024-08-09T01:30:00Z,LINK/USDT,stop_sell,10.58795338,44.22246212,0.46822537,USDT
2024-08-09T02:30:00Z,LINK/USDT,buy,10.61230350,44.59461891,0.47325163,USDT
2024-08-09T02:45:00Z,LINK/USDT,sell,10.57271100,44.59461891,0.47148602,USDT
2024-08-09T07:30:00Z,LINK/USDT,buy,10.59829650,44.63308739,0.47303469,USDT
2024-08-09T08:00:00Z,LINK/USDT,stop_sell,10.52373550,44.63308739,0.46970681,USDT
2024-08-09T09:00:00Z,LINK/USDT,buy,10.59929700,44.59662492,0.47269287,USDT
2024-08-09T09:15:00Z,LINK/USDT,stop_sell,10.55400607,44.59662492,0.47067305,USDT
2024-08-09T09:45:00Z,LINK/USDT,buy,10.53426450,44.84942438,0.47245570,USDT
2024-08-09T10:15:00Z,LINK/USDT,stop_sell,10.47886509,44.84942438,0.46997107,USDT
2024-08-09T17:45:00Z,LINK/USDT,buy,10.37718600,45.5018728,0.47218140,USDT
2024-08-09T18:00:00Z,LINK/USDT,sell,10.35482000,45.5018728,0.47116370,USDT
2024-08-09T18:30:00Z,LINK/USDT,buy,10.34216850,45.71594394,0.47280200,USDT
2024-08-09T18:45:00Z,LINK/USDT,sell,10.37780850,45.71594394,0.47443131,USDT
2024-08-09T19:15:00Z,LINK/USDT,buy,10.40920200,45.61074027,0.47477141,USDT
2024-08-10T04:45:00Z,LINK/USDT,sell,10.49275100,45.61074027,0.47858214,USDT
2024-08-10T05:45:00Z,LINK/USDT,buy,10.54326900,44.83537832,0.47271145,USDT
2024-08-10T06:00:00Z,LINK/USDT,sell,10.53373050,44.83537832,0.47228379,USDT
2024-08-10T06:30:00Z,LINK/USDT,buy,10.56628050,44.6764375,0.47206377,USDT
2024-08-10T08:30:00Z,LINK/USDT,sell,10.61568950,44.6764375,0.47427119,USDT
2024-08-10T09:00:00Z,LINK/USDT,buy,10.61930700,44.56365264,0.47323511,USDT
2024-08-10T09:15:00Z,LINK/USDT,sell,10.57371050,44.56365264,0.47120316,USDT
2024-08-10T10:15:00Z,LINK/USDT,buy,10.64732100,44.36527142,0.47237129,USDT
2024-08-10T14:00:00Z,LINK/USDT,stop_sell,10.57710166,44.36527142,0.46925599,USDT
2024-08-10T14:15:00Z,LINK/USDT,buy,10.57128300,44.51473824,0.47057790,USDT
2024-08-10T14:30:00Z,LINK/USDT,sell,10.54972250,44.51473824,0.46961814,USDT
2024-08-10T15:15:00Z,LINK/USDT,buy,10.61430450,44.29963448,0.47020981,USDT
2024-08-10T15:30:00Z,LINK/USDT,sell,10.60369550,44.29963448,0.46973983,USDT
2024-08-11T00:00:00Z,LINK/USDT,buy,10.56628050,44.62878274,0.47156024,USDT
2024-08-11T00:00:00Z,LINK/USDT,stop_sell,10.54086979,44.62878274,0.47042619,USDT
2024-08-11T01:00:00Z,LINK/USDT,buy,10.58929200,44.34427507,0.46957448,USDT
2024-08-11T01:00:00Z,LINK/USDT,stop_sell,10.57870800,44.34427507,0.46910514,USDT
2024-08-11T03:15:00Z,LINK/USDT,buy,10.64231850,44.32115496,0.47167985,USDT
2024-08-11T04:30:00Z,LINK/USDT,sell,10.62668400,44.32115496,0.47098691,USDT
2024-08-11T08:45:00Z,LINK/USDT,buy,10.75137300,43.93260652,0.47233584,USDT
2024-08-11T10:00:00Z,LINK/USDT,stop_sell,10.67166150,43.93260652,0.46883391,USDT
2024-08-11T10:15:00Z,LINK/USDT,buy,10.68233850,43.8299139,0.46820598,USDT
2024-08-11T10:15:00Z,LINK/USDT,stop_sell,10.67166150,43.8299139,0.46773800,USDT
2024-08-11T18:00:00Z,LINK/USDT,buy,10.43921700,45.07935428,0.47059316,USDT
2024-08-11T18:15:00Z,LINK/USDT,sell,10.44277600,45.07935428,0.47075360,USDT
2024-08-12T03:00:00Z,LINK/USDT,buy,10.08804150,46.6424189,0.47053066,USDT
2024-08-12T03:45:00Z,LINK/USDT,sell,10.04197650,46.6424189,0.46838207,USDT
2024-08-12T06:00:00Z,LINK/USDT,buy,10.03801650,46.68737685,0.46864866,USDT
2024-08-12T06:00:00Z,LINK/USDT,stop_sell,10.02798350,46.68737685,0.46818024,USDT
2024-08-12T06:30:00Z,LINK/USDT,buy,10.07203350,46.68084739,0.47017106,USDT
2024-08-12T06:45:00Z,LINK/USDT,sell,10.00799350,46.68084739,0.46718162,USDT
2024-08-12T07:45:00Z,LINK/USDT,buy,10.23311400,45.96925872,0.47040866,USDT
2024-08-12T14:00:00Z,LINK/USDT,sell,10.21089200,45.96925872,0.46938714,USDT
2024-08-12T14:15:00Z,LINK/USDT,buy,10.41420450,44.87764469,0.46736497,USDT
2024-08-12T15:15:00Z,LINK/USDT,sell,10.58870300,44.87764469,0.47519605,USDT
2024-08-12T15:45:00Z,LINK/USDT,buy,10.51225350,44.49224941,0.46771380,USDT
2024-08-12T16:00:00Z,LINK/USDT,sell,10.48175650,44.49224941,0.46635692,USDT
2024-08-12T18:30:00Z,LINK/USDT,buy,10.48223850,44.89134786,0.47056181,USDT
2024-08-12T18:45:00Z,LINK/USDT,stop_sell,10.33654343,44.89134786,0.46402137,USDT
2024-08-12T23:15:00Z,LINK/USDT,buy,10.45122300,44.75296559,0.46772322,USDT
2024-08-13T01:30:00Z,LINK/USDT,sell,10.54572450,44.75296559,0.47195245,USDT
2024-08-13T13:15:00Z,LINK/USDT,buy,10.25312400,45.62662857,0.46781548,USDT
2024-08-13T21:45:00Z,LINK/USDT,sell,10.64467500,45.62662857,0.48568063,USDT
2024-08-13T22:00:00Z,LINK/USDT,buy,10.65532500,44.21135591,0.47108637,USDT
2024-08-13T22:00:00Z,LINK/USDT,stop_sell,10.56350132,44.21135591,0.46702672,USDT
2024-08-13T22:15:00Z,LINK/USDT,buy,10.57728600,44.49972753,0.47068635,USDT
2024-08-13T22:30:00Z,LINK/USDT,sell,10.56671400,44.49972753,0.47021589,USDT
2024-08-13T23:00:00Z,LINK/USDT,buy,10.60530000,44.48904759,0.47181970,USDT
2024-08-14T00:15:00Z,LINK/USDT,sell,10.54272600,44.48904759,0.46903584,USDT
2024-08-14T00:30:00Z,LINK/USDT,buy,10.65132300,44.55357669,0.47455454,USDT
2024-08-14T00:45:00Z,LINK/USDT,sell,10.55571950,44.55357669,0.47029506,USDT
2024-08-14T01:30:00Z,LINK/USDT,buy,10.54527000,44.31668283,0.46733139,USDT
2024-08-14T01:30:00Z,LINK/USDT,stop_sell,10.53473000,44.31668283,0.46686429,USDT
2024-08-14T01:45:00Z,LINK/USDT,buy,10.62230850,44.32283437,0.47081082,USDT
2024-08-14T02:00:00Z,LINK/USDT,stop_sell,10.51274100,44.32283437,0.46595448,USDT
2024-08-14T02:30:00Z,LINK/USDT,buy,10.52225850,44.22481009,0.46534488,USDT
2024-08-14T02:30:00Z,LINK/USDT,stop_sell,10.51174150,44.22481009,0.46487977,USDT
2024-08-14T06:45:00Z,LINK/USDT,buy,10.63531500,44.06885714,0.46868618,USDT
2024-08-14T07:00:00Z,LINK/USDT,stop_sell,10.60826464,44.06885714,0.46749410,USDT
2024-08-14T18:45:00Z,LINK/USDT,buy,10.37718600,45.1953768,0.46900083,USDT
2024-08-14T19:45:00Z,LINK/USDT,sell,10.33882800,45.1953768,0.46726723,USDT
2024-08-14T23:30:00Z,LINK/USDT,buy,10.37518500,45.13996709,0.46833551,USDT
2024-08-14T23:45:00Z,LINK/USDT,sell,10.36481500,45.13996709,0.46786741,USDT
2024-08-15T00:00:00Z,LINK/USDT,buy,10.37518500,45.17266288,0.46867473,USDT
2024-08-15T05:30:00Z,LINK/USDT,sell,10.45976750,45.17266288,0.47249555,USDT
2024-08-15T13:15:00Z,LINK/USDT,buy,10.53326400,44.64382604,0.47024521,USDT
2024-08-15T16:30:00Z,LINK/USDT,sell,10.59370050,44.64382604,0.47294332,USDT
2024-08-15T16:45:00Z,LINK/USDT,buy,10.56728100,44.25670537,0.46767304,USDT
2024-08-15T17:00:00Z,LINK/USDT,stop_sell,10.52741223,44.25670537,0.46590858,USDT
2024-08-15T23:00:00Z,LINK/USDT,buy,10.13406450,46.09891162,0.46716934,USDT
2024-08-15T23:00:00Z,LINK/USDT,stop_sell,10.12393550,46.09891162,0.46670241,USDT
2024-08-16T01:00:00Z,LINK/USDT,buy,10.16207850,46.01997761,0.46765863,USDT
2024-08-16T01:15:00Z,LINK/USDT,stop_sell,10.12704109,46.01997761,0.46604620,USDT
2024-08-16T02:00:00Z,LINK/USDT,buy,10.12305900,46.19965292,0.46768181,USDT
2024-08-16T02:15:00Z,LINK/USDT,sell,10.11893800,46.19965292,0.46749142,USDT
2024-08-16T02:30:00Z,LINK/USDT,buy,10.16007750,46.10888684,0.46846986,USDT
2024-08-16T06:30:00Z,LINK/USDT,sell,10.31184150,46.10888684,0.47546753,USDT
2024-08-16T07:00:00Z,LINK/USDT,buy,10.36618050,45.2737573,0.46931594,USDT
2024-08-16T08:15:00Z,LINK/USDT,stop_sell,10.29784850,45.2737573,0.46622229,USDT
2024-08-16T08:45:00Z,LINK/USDT,buy,10.29914700,45.51521874,0.46876793,USDT
2024-08-16T09:00:00Z,LINK/USDT,sell,10.29385050,45.51521874,0.46852686,USDT
2024-08-16T20:45:00Z,LINK/USDT,buy,10.24712100,45.71932547,0.46849146,USDT
2024-08-16T21:15:00Z,LINK/USDT,sell,10.18690400,45.71932547,0.46573838,USDT
2024-08-16T21:30:00Z,LINK/USDT,buy,10.19709600,45.91467295,0.46819633,USDT
2024-08-16T23:00:00Z,LINK/USDT,stop_sell,10.15274252,45.91467295,0.46615985,USDT
2024-08-17T06:30:00Z,LINK/USDT,buy,10.09704600,46.19046811,0.46638728,USDT
2024-08-17T06:30:00Z,LINK/USDT,stop_sell,10.08695400,46.19046811,0.46592113,USDT
2024-08-17T18:30:00Z,LINK/USDT,buy,10.06603050,46.3487762,0.46654819,USDT
2024-08-17T18:45:00Z,LINK/USDT,sell,10.05596950,46.3487762,0.46608188,USDT
2024-08-17T21:00:00Z,LINK/USDT,buy,10.09304400,46.20487127,0.46634780,USDT
2024-08-17T21:00:00Z,LINK/USDT,stop_sell,10.08295600,46.20487127,0.46588168,USDT
2024-08-18T02:45:00Z,LINK/USDT,buy,10.15507500,46.18012251,0.46896261,USDT
2024-08-18T03:15:00Z,LINK/USDT,sell,10.11993750,46.18012251,0.46733995,USDT
2024-08-18T15:45:00Z,LINK/USDT,buy,10.37818650,44.88272682,0.46580131,USDT
2024-08-18T15:45:00Z,LINK/USDT,stop_sell,10.35549823,44.88272682,0.46478300,USDT
2024-08-18T18:00:00Z,LINK/USDT,buy,10.34116800,45.18463543,0.46726191,USDT
2024-08-18T18:30:00Z,LINK/USDT,sell,10.39779850,45.18463543,0.46982073,USDT
2024-08-18T18:45:00Z,LINK/USDT,buy,10.38118800,44.90609742,0.46617864,USDT
2024-08-18T18:45:00Z,LINK/USDT,stop_sell,10.34286169,44.90609742,0.46445755,USDT
2024-08-18T19:00:00Z,LINK/USDT,buy,10.38018750,45.25547526,0.46976032,USDT
2024-08-18T20:30:00Z,LINK/USDT,sell,10.31683900,45.25547526,0.46689345,USDT
2024-08-19T04:30:00Z,LINK/USDT,buy,10.15807650,45.89316602,0.46618629,USDT
2024-08-19T06:30:00Z,LINK/USDT,sell,10.11893800,45.89316602,0.46439010,USDT
2024-08-19T07:00:00Z,LINK/USDT,buy,10.11305400,46.03015601,0.46550545,USDT
2024-08-19T07:00:00Z,LINK/USDT,stop_sell,10.10294600,46.03015601,0.46504018,USDT
2024-08-19T18:15:00Z,LINK/USDT,buy,10.03301400,46.50098777,0.46654506,USDT
2024-08-19T19:00:00Z,LINK/USDT,sell,10.00499500,46.50098777,0.46524215,USDT
2024-08-20T00:30:00Z,LINK/USDT,buy,10.29114300,45.48971694,0.46814118,USDT
2024-08-20T10:00:00Z,LINK/USDT,sell,10.45776850,45.48971694,0.47572093,USDT
2024-08-20T19:45:00Z,LINK/USDT,buy,10.22310900,45.54152438,0.46557597,USDT
2024-08-20T19:45:00Z,LINK/USDT,stop_sell,10.21289100,45.54152438,0.46511062,USDT
2024-08-20T21:30:00Z,LINK/USDT,buy,10.20710100,45.73145637,0.46678559,USDT
2024-08-21T01:00:00Z,LINK/USDT,sell,10.24287600,45.73145637,0.46842164,USDT
2024-08-21T02:00:00Z,LINK/USDT,buy,10.30915200,45.39875314,0.46802265,USDT
2024-08-21T08:45:00Z,LINK/USDT,sell,10.35082200,45.39875314,0.46991441,USDT
2024-08-21T14:00:00Z,LINK/USDT,buy,10.37718600,45.03809024,0.46736864,USDT
2024-08-21T14:15:00Z,LINK/USDT,stop_sell,10.28785350,45.03809024,0.46334527,USDT
2024-08-21T19:00:00Z,LINK/USDT,buy,10.91945700,42.91260489,0.46858234,USDT
2024-08-22T02:00:00Z,LINK/USDT,sell,11.21239100,42.91260489,0.48115290,USDT
2024-08-22T03:15:00Z,LINK/USDT,buy,11.32866150,41.27367763,0.46757552,USDT
2024-08-22T08:00:00Z,LINK/USDT,sell,11.34832300,41.27367763,0.46838703,USDT
2024-08-22T13:45:00Z,LINK/USDT,buy,11.35567500,41.02274774,0.46584099,USDT
2024-08-22T13:45:00Z,LINK/USDT,stop_sell,11.32847579,41.02274774,0.46472520,USDT
2024-08-22T14:15:00Z,LINK/USDT,buy,11.39869650,40.99757424,0.46731891,USDT
2024-08-22T18:00:00Z,LINK/USDT,stop_sell,11.31819521,40.99757424,0.46401855,USDT
2024-08-22T23:30:00Z,LINK/USDT,buy,11.45872650,40.94269937,0.46915119,USDT
2024-08-23T06:45:00Z,LINK/USDT,sell,11.58120650,40.94269937,0.47416586,USDT
2024-08-23T07:00:00Z,LINK/USDT,buy,11.63781600,40.27175457,0.46867527,USDT
2024-08-23T07:15:00Z,LINK/USDT,sell,11.64517450,40.27175457,0.46897161,USDT
2024-08-23T11:15:00Z,LINK/USDT,buy,11.53376400,40.37525793,0.46567870,USDT
2024-08-23T11:30:00Z,LINK/USDT,sell,11.52123650,40.37525793,0.46517290,USDT
2024-08-23T13:00:00Z,LINK/USDT,buy,11.67383400,39.99874066,0.46693866,USDT
2024-08-23T13:00:00Z,LINK/USDT,stop_sell,11.62054396,39.99874066,0.46480712,USDT
2024-08-23T14:15:00Z,LINK/USDT,buy,11.77788600,39.92985098,0.47028923,USDT
2024-08-23T14:15:00Z,LINK/USDT,stop_sell,11.59876914,39.92985098,0.46313712,USDT
2024-08-23T15:15:00Z,LINK/USDT,buy,11.67283350,40.13206405,0.46845490,USDT
2024-08-23T17:30:00Z,LINK/USDT,sell,11.73213100,40.13206405,0.47083463,USDT
2024-08-23T19:15:00Z,LINK/USDT,buy,11.96397900,39.00976155,0.46671197,USDT
2024-08-23T20:00:00Z,LINK/USDT,sell,11.97700850,39.00976155,0.46722025,USDT
2024-08-23T23:00:00Z,LINK/USDT,buy,12.07703550,38.46604314,0.46455577,USDT
2024-08-23T23:15:00Z,LINK/USDT,sell,12.04997200,38.46604314,0.46351474,USDT
2024-08-25T06:15:00Z,LINK/USDT,buy,12.13406400,38.39283485,0.46586112,USDT
2024-08-25T07:00:00Z,LINK/USDT,sell,12.08995200,38.39283485,0.46416753,USDT
2024-08-25T08:30:00Z,LINK/USDT,buy,12.15107250,38.40402127,0.46665005,USDT
2024-08-25T08:45:00Z,LINK/USDT,sell,12.11294050,38.40402127,0.46518562,USDT
2024-08-25T09:00:00Z,LINK/USDT,buy,12.15207300,38.41038545,0.46676581,USDT
2024-08-25T09:15:00Z,LINK/USDT,sell,12.09095150,38.41038545,0.46441811,USDT
2024-08-25T12:45:00Z,LINK/USDT,buy,12.10905150,38.43949025,0.46546577,USDT
2024-08-25T17:00:00Z,LINK/USDT,sell,12.13692850,38.43949025,0.46653734,USDT
2024-08-25T22:00:00Z,LINK/USDT,buy,12.25212300,38.02258225,0.46585735,USDT
2024-08-25T22:45:00Z,LINK/USDT,stop_sell,12.17990700,38.02258225,0.46311152,USDT
2024-08-25T23:00:00Z,LINK/USDT,buy,12.21110250,38.0950702,0.46518281,USDT
2024-08-25T23:15:00Z,LINK/USDT,stop_sell,12.15820357,38.0950702,0.46316762,USDT
2024-08-26T04:30:00Z,LINK/USDT,buy,12.16207800,38.22925705,0.46494721,USDT
2024-08-26T11:30:00Z,LINK/USDT,sell,12.39679850,38.22925705,0.47392040,USDT
2024-08-26T11:45:00Z,LINK/USDT,buy,12.32115750,37.67467572,0.46419561,USDT
2024-08-26T12:15:00Z,LINK/USDT,sell,12.36881250,37.67467572,0.46599100,USDT
2024-08-27T07:30:00Z,LINK/USDT,buy,11.84892150,39.12464783,0.46358488,USDT
2024-08-27T07:30:00Z,LINK/USDT,stop_sell,11.83707850,39.12464783,0.46312153,USDT
2024-08-27T07:45:00Z,LINK/USDT,buy,11.81990700,39.29034922,0.46440827,USDT
2024-08-27T07:45:00Z,LINK/USDT,stop_sell,11.79028048,39.29034922,0.46324424,USDT
2024-08-27T18:45:00Z,LINK/USDT,buy,11.61580500,39.98867526,0.46450065,USDT
2024-08-27T19:15:00Z,LINK/USDT,sell,11.67416000,39.98867526,0.46683419,USDT
2024-08-27T19:45:00Z,LINK/USDT,buy,11.64682050,39.96396212,0.46545309,USDT
2024-08-27T20:15:00Z,LINK/USDT,sell,11.58120650,39.96396212,0.46283090,USDT
2024-08-28T04:00:00Z,LINK/USDT,buy,11.16558000,41.64216449,0.46495892,USDT
2024-08-28T04:30:00Z,LINK/USDT,sell,11.14842300,41.64216449,0.46424446,USDT
2024-08-28T05:15:00Z,LINK/USDT,buy,11.15557500,41.76128973,0.46587120,USDT
2024-08-28T07:45:00Z,LINK/USDT,stop_sell,11.07638761,41.76128973,0.46256423,USDT
2024-08-28T08:30:00Z,LINK/USDT,buy,11.15657550,41.72335254,0.46548973,USDT
2024-08-28T08:45:00Z,LINK/USDT,sell,11.11144150,41.72335254,0.46360659,USDT
2024-08-28T09:30:00Z,LINK/USDT,buy,11.20560000,41.46107383,0.46459621,USDT
2024-08-28T15:15:00Z,LINK/USDT,sell,11.28135650,41.46107383,0.46773715,USDT
2024-08-28T21:30:00Z,LINK/USDT,buy,11.37968700,40.90337241,0.46546758,USDT
2024-08-28T21:45:00Z,LINK/USDT,sell,11.24737350,40.90337241,0.46005551,USDT
2024-08-29T23:45:00Z,LINK/USDT,buy,10.91045250,42.47077869,0.46337541,USDT
2024-08-30T00:00:00Z,LINK/USDT,sell,10.92653400,42.47077869,0.46405841,USDT
2024-08-30T02:00:00Z,LINK/USDT,buy,10.98749100,42.1143093,0.46273059,USDT
2024-08-30T02:15:00Z,LINK/USDT,stop_sell,10.94652400,42.1143093,0.46100530,USDT
2024-08-30T02:45:00Z,LINK/USDT,buy,10.97148300,42.33333108,0.46445942,USDT
2024-08-30T10:30:00Z,LINK/USDT,sell,11.13842800,42.33333108,0.47152676,USDT
2024-08-30T10:45:00Z,LINK/USDT,buy,11.14957200,41.65558298,0.46444192,USDT
2024-08-30T11:00:00Z,LINK/USDT,stop_sell,11.07845800,41.65558298,0.46147963,USDT
2024-08-30T11:45:00Z,LINK/USDT,buy,11.05552500,41.85300969,0.46270699,USDT
2024-08-30T11:45:00Z,LINK/USDT,stop_sell,11.04447500,41.85300969,0.46224452,USDT
2024-08-30T19:00:00Z,LINK/USDT,buy,11.05552500,41.96035151,0.46389372,USDT
2024-08-30T19:45:00Z,LINK/USDT,stop_sell,10.94049131,41.96035151,0.45906686,USDT
2024-08-30T20:00:00Z,LINK/USDT,buy,11.03551500,42.16670732,0.46533133,USDT
2024-08-31T04:15:00Z,LINK/USDT,sell,11.09445000,42.16670732,0.46781643,USDT
2024-08-31T05:15:00Z,LINK/USDT,buy,11.14757100,41.59504001,0.46368366,USDT
2024-08-31T05:30:00Z,LINK/USDT,sell,11.13642900,41.59504001,0.46322021,USDT
2024-08-31T06:00:00Z,LINK/USDT,buy,11.10955200,41.5850572,0.46199136,USDT
2024-08-31T06:00:00Z,LINK/USDT,stop_sell,11.09844800,41.5850572,0.46152959,USDT
2024-08-31T07:00:00Z,LINK/USDT,buy,11.10955200,41.71738877,0.46346150,USDT
2024-08-31T07:15:00Z,LINK/USDT,sell,11.09844800,41.71738877,0.46299827,USDT
2024-08-31T07:45:00Z,LINK/USDT,buy,11.10955200,41.70737659,0.46335027,USDT
2024-08-31T08:45:00Z,LINK/USDT,stop_sell,11.08773907,41.70737659,0.46244051,USDT
2024-08-31T11:00:00Z,LINK/USDT,buy,11.15357400,41.64914228,0.46453679,USDT
2024-08-31T14:30:00Z,LINK/USDT,stop_sell,11.07938611,41.64914228,0.46144693,USDT
2024-08-31T14:45:00Z,LINK/USDT,buy,11.08854150,41.74040039,0.46284016,USDT
2024-08-31T15:15:00Z,LINK/USDT,stop_sell,11.04447500,41.74040039,0.46100081,USDT
2024-08-31T16:45:00Z,LINK/USDT,buy,11.05552500,41.62656786,0.46020356,USDT
2024-08-31T16:45:00Z,LINK/USDT,stop_sell,11.04447500,41.62656786,0.45974359,USDT
2024-08-31T22:45:00Z,LINK/USDT,buy,11.03251350,41.92610399,0.46255031,USDT
2024-08-31T23:00:00Z,LINK/USDT,sell,11.02148650,41.92610399,0.46208799,USDT
2024-09-01T10:45:00Z,LINK/USDT,buy,10.79239350,42.69821637,0.46081595,USDT
2024-09-01T10:45:00Z,LINK/USDT,stop_sell,10.78160650,42.69821637,0.46035537,USDT
2024-09-02T03:15:00Z,LINK/USDT,buy,10.47123300,44.24103893,0.46325823,USDT
2024-09-02T04:30:00Z,LINK/USDT,stop_sell,10.39083769,44.24103893,0.45970145,USDT
2024-09-02T04:45:00Z,LINK/USDT,buy,10.38519000,44.41936249,0.46130352,USDT
2024-09-02T04:45:00Z,LINK/USDT,stop_sell,10.36131675,44.41936249,0.46024308,USDT
2024-09-02T05:00:00Z,LINK/USDT,buy,10.37718600,44.54552351,0.46225718,USDT
2024-09-02T05:15:00Z,LINK/USDT,sell,10.39679900,44.54552351,0.46313085,USDT
2024-09-02T05:45:00Z,LINK/USDT,buy,10.47423450,44.10248206,0.46193974,USDT
2024-09-02T07:15:00Z,LINK/USDT,stop_sell,10.42878300,44.10248206,0.45993522,USDT
2024-09-02T10:30:00Z,LINK/USDT,buy,10.74737100,43.02765019,0.46243412,USDT
2024-09-02T14:00:00Z,LINK/USDT,stop_sell,10.64456791,43.02765019,0.45801074,USDT
2024-09-02T14:15:00Z,LINK/USDT,buy,10.61630550,43.29466088,0.45962935,USDT
2024-09-02T15:00:00Z,LINK/USDT,sell,10.68365550,43.29466088,0.46254524,USDT
2024-09-03T01:15:00Z,LINK/USDT,buy,10.78739100,42.6249845,0.45981237,USDT
2024-09-03T01:30:00Z,LINK/USDT,sell,10.77560950,42.6249845,0.45931019,USDT
2024-09-03T02:15:00Z,LINK/USDT,buy,10.84341900,42.53582658,0.46123379,USDT
2024-09-03T02:30:00Z,LINK/USDT,sell,10.81459000,42.53582658,0.46000752,USDT
2024-09-03T13:30:00Z,LINK/USDT,buy,10.65532500,43.14503297,0.45972435,USDT
2024-09-03T13:30:00Z,LINK/USDT,stop_sell,10.64467500,43.14503297,0.45926485,USDT
2024-09-03T20:45:00Z,LINK/USDT,buy,10.43521500,44.04193819,0.45958709,USDT
2024-09-03T21:15:00Z,LINK/USDT,stop_sell,10.37530975,44.04193819,0.45694875,USDT
2024-09-03T21:30:00Z,LINK/USDT,buy,10.39519500,44.31128807,0.46062448,USDT
2024-09-04T00:00:00Z,LINK/USDT,sell,10.29485000,44.31128807,0.45617806,USDT
2024-09-04T00:30:00Z,LINK/USDT,buy,10.37518500,44.52712736,0.46197718,USDT
2024-09-04T00:45:00Z,LINK/USDT,sell,10.29485000,44.52712736,0.45840010,USDT
2024-09-04T05:45:00Z,LINK/USDT,buy,10.20510000,44.88334262,0.45803900,USDT
2024-09-04T05:45:00Z,LINK/USDT,stop_sell,10.19490000,44.88334262,0.45758119,USDT
2024-09-04T06:00:00Z,LINK/USDT,buy,10.20510000,45.04858373,0.45972530,USDT
2024-09-04T08:15:00Z,LINK/USDT,sell,10.23488000,45.04858373,0.46106685,USDT
2024-09-04T20:00:00Z,LINK/USDT,buy,10.33516500,44.52802465,0.46020448,USDT
2024-09-04T20:45:00Z,LINK/USDT,sell,10.30484500,44.52802465,0.45885439,USDT
2024-09-04T22:15:00Z,LINK/USDT,buy,10.40520000,44.1680464,0.45957736,USDT
2024-09-04T22:15:00Z,LINK/USDT,stop_sell,10.35303518,44.1680464,0.45727334,USDT
2024-09-05T01:30:00Z,LINK/USDT,buy,10.34517000,44.39942099,0.45931956,USDT
2024-09-05T02:15:00Z,LINK/USDT,stop_sell,10.29485000,44.39942099,0.45708538,USDT
2024-09-05T07:30:00Z,LINK/USDT,buy,10.28514000,44.63404342,0.45906739,USDT
2024-09-05T07:45:00Z,LINK/USDT,sell,10.27486000,44.63404342,0.45860855,USDT
2024-09-05T08:00:00Z,LINK/USDT,buy,10.27513500,44.62333125,0.45851075,USDT
2024-09-05T08:30:00Z,LINK/USDT,stop_sell,10.23488000,44.62333125,0.45671444,USDT
2024-09-05T10:15:00Z,LINK/USDT,buy,10.18509000,44.9520512,0.45784069,USDT
2024-09-05T10:15:00Z,LINK/USDT,stop_sell,10.17241125,44.9520512,0.45727075,USDT
2024-09-06T00:15:00Z,LINK/USDT,buy,10.03501500,45.79341842,0.45953764,USDT
2024-09-06T00:30:00Z,LINK/USDT,stop_sell,9.98571893,45.79341842,0.45728021,USDT
2024-09-06T01:15:00Z,LINK/USDT,buy,10.00500000,45.85967749,0.45882607,USDT
2024-09-06T01:30:00Z,LINK/USDT,sell,10.03498000,45.85967749,0.46020095,USDT
2024-09-06T12:15:00Z,LINK/USDT,buy,9.91495500,46.18696027,0.45794163,USDT
2024-09-06T12:45:00Z,LINK/USDT,sell,10.05497000,46.18696027,0.46440850,USDT
2024-09-06T23:30:00Z,LINK/USDT,buy,9.57478500,47.92248769,0.45884752,USDT
2024-09-07T00:00:00Z,LINK/USDT,sell,9.53523000,47.92248769,0.45695194,USDT
2024-09-07T02:15:00Z,LINK/USDT,buy,9.58479000,47.8489872,0.45862249,USDT
2024-09-07T18:00:00Z,LINK/USDT,sell,10.02498500,47.8489872,0.47968538,USDT
2024-09-07T18:15:00Z,LINK/USDT,buy,10.05502500,45.77146901,0.46023327,USDT
2024-09-07T20:00:00Z,LINK/USDT,sell,10.04497500,45.77146901,0.45977326,USDT
2024-09-08T05:15:00Z,LINK/USDT,buy,10.25512500,44.86759636,0.46012281,USDT
2024-09-08T06:45:00Z,LINK/USDT,stop_sell,10.20489500,44.86759636,0.45786911,USDT
2024-09-08T07:00:00Z,LINK/USDT,buy,10.25512500,44.97447431,0.46121886,USDT
2024-09-08T10:30:00Z,LINK/USDT,sell,10.27486000,44.97447431,0.46210643,USDT
2024-09-08T17:45:00Z,LINK/USDT,buy,10.26513000,44.75523535,0.45941831,USDT
2024-09-08T18:15:00Z,LINK/USDT,stop_sell,10.22738375,44.75523535,0.45772897,USDT
2024-09-08T22:30:00Z,LINK/USDT,buy,10.42521000,44.04868149,0.45921675,USDT
2024-09-08T22:45:00Z,LINK/USDT,stop_sell,10.33483000,44.04868149,0.45523563,USDT
2024-09-08T23:15:00Z,LINK/USDT,buy,10.34517000,44.56661186,0.46104918,USDT
2024-09-09T00:30:00Z,LINK/USDT,sell,10.30484500,44.56661186,0.45925203,USDT
2024-09-09T01:45:00Z,LINK/USDT,buy,10.35517500,44.33030977,0.45904812,USDT
2024-09-09T02:00:00Z,LINK/USDT,sell,10.35482000,44.33030977,0.45903238,USDT
2024-09-09T02:15:00Z,LINK/USDT,buy,10.35517500,44.28030895,0.45853035,USDT
2024-09-09T02:15:00Z,LINK/USDT,stop_sell,10.29913357,44.28030895,0.45604882,USDT
2024-09-09T02:30:00Z,LINK/USDT,buy,10.36518000,44.25408416,0.45870155,USDT
2024-09-09T02:45:00Z,LINK/USDT,stop_sell,10.29377911,44.25408416,0.45554177,USDT
2024-09-09T07:30:00Z,LINK/USDT,buy,10.49524500,43.67458436,0.45837546,USDT
2024-09-09T12:15:00Z,LINK/USDT,sell,10.45477000,43.67458436,0.45660773,USDT
2024-09-10T12:45:00Z,LINK/USDT,buy,10.46523000,43.7793282,0.45816074,USDT
2024-09-10T13:00:00Z,LINK/USDT,sell,10.45477000,43.7793282,0.45770281,USDT
2024-09-10T14:15:00Z,LINK/USDT,buy,10.43521500,43.8107052,0.45717413,USDT
2024-09-10T14:45:00Z,LINK/USDT,sell,10.44477500,43.8107052,0.45759296,USDT
2024-09-10T16:30:00Z,LINK/USDT,buy,10.45522500,43.43284577,0.45410017,USDT
2024-09-10T16:30:00Z,LINK/USDT,stop_sell,10.44477500,43.43284577,0.45364630,USDT
2024-09-10T19:45:00Z,LINK/USDT,buy,10.62531000,43.095411,0.45790210,USDT
2024-09-10T20:15:00Z,LINK/USDT,sell,10.61469000,43.095411,0.45744443,USDT
2024-09-10T20:30:00Z,LINK/USDT,buy,10.59529500,43.0850681,0.45649901,USDT
2024-09-10T21:00:00Z,LINK/USDT,sell,10.58470500,43.0850681,0.45604274,USDT
2024-09-11T07:45:00Z,LINK/USDT,buy,10.45522500,43.73364419,0.45724509,USDT
2024-09-11T08:45:00Z,LINK/USDT,stop_sell,10.41479000,43.73364419,0.45547672,USDT
2024-09-11T09:15:00Z,LINK/USDT,buy,10.43521500,43.88094346,0.45790708,USDT
2024-09-11T10:00:00Z,LINK/USDT,stop_sell,10.37481000,43.88094346,0.45525645,USDT
2024-09-11T15:45:00Z,LINK/USDT,buy,10.40520000,44.06502676,0.45850542,USDT
2024-09-11T16:00:00Z,LINK/USDT,sell,10.37481000,44.06502676,0.45716628,USDT
2024-09-11T16:30:00Z,LINK/USDT,buy,10.42521000,43.87838068,0.45744133,USDT
2024-09-11T18:15:00Z,LINK/USDT,sell,10.46476500,43.87838068,0.45917694,USDT
2024-09-11T20:45:00Z,LINK/USDT,buy,10.42521000,43.84255875,0.45706788,USDT
2024-09-11T21:00:00Z,LINK/USDT,sell,10.41479000,43.84255875,0.45661104,USDT
2024-09-12T07:30:00Z,LINK/USDT,buy,10.57528500,43.21001142,0.45695819,USDT
2024-09-12T10:30:00Z,LINK/USDT,sell,10.56471500,43.21001142,0.45650146,USDT
2024-09-12T10:45:00Z,LINK/USDT,buy,10.57528500,43.19964102,0.45684852,USDT
2024-09-12T11:30:00Z,LINK/USDT,stop_sell,10.55293518,43.19964102,0.45588301,USDT
2024-09-12T11:45:00Z,LINK/USDT,buy,10.62531000,43.06320252,0.45755988,USDT
2024-09-12T12:30:00Z,LINK/USDT,stop_sell,10.55472000,43.06320252,0.45452004,USDT
2024-09-12T13:00:00Z,LINK/USDT,buy,10.58529000,43.11472531,0.45638187,USDT
2024-09-12T15:45:00Z,LINK/USDT,stop_sell,10.52651982,43.11472531,0.45384801,USDT
2024-09-12T17:00:00Z,LINK/USDT,buy,10.68534000,42.68523095,0.45610621,USDT
2024-09-12T17:45:00Z,LINK/USDT,stop_sell,10.60398107,42.68523095,0.45263338,USDT
2024-09-12T20:15:00Z,LINK/USDT,buy,10.69534500,42.37467362,0.45321175,USDT
2024-09-12T20:15:00Z,LINK/USDT,stop_sell,10.67180429,42.37467362,0.45221422,USDT
2024-09-12T21:15:00Z,LINK/USDT,buy,10.65532500,42.51872129,0.45305079,USDT
2024-09-12T21:30:00Z,LINK/USDT,sell,10.64467500,42.51872129,0.45259797,USDT
2024-09-13T01:30:00Z,LINK/USDT,buy,10.79539500,42.31104341,0.45676443,USDT
2024-09-13T04:15:00Z,LINK/USDT,sell,10.72463500,42.31104341,0.45377050,USDT
2024-09-13T12:00:00Z,LINK/USDT,buy,10.97548500,41.54835342,0.45601333,USDT
2024-09-13T17:45:00Z,LINK/USDT,sell,11.29435000,41.54835342,0.46926165,USDT
2024-09-14T03:30:00Z,LINK/USDT,buy,11.45572500,39.82011469,0.45616828,USDT
2024-09-14T04:00:00Z,LINK/USDT,stop_sell,11.37431000,39.82011469,0.45292633,USDT
2024-09-14T06:00:00Z,LINK/USDT,buy,11.36568000,40.03587252,0.45503492,USDT
2024-09-14T06:30:00Z,LINK/USDT,sell,11.34432500,40.03587252,0.45417995,USDT
2024-09-14T10:15:00Z,LINK/USDT,buy,11.30565000,40.27118433,0.45529192,USDT
2024-09-14T10:30:00Z,LINK/USDT,sell,11.29435000,40.27118433,0.45483685,USDT
2024-09-14T16:15:00Z,LINK/USDT,buy,11.40570000,39.94367363,0.45558556,USDT
2024-09-14T17:00:00Z,LINK/USDT,stop_sell,11.34432500,39.94367363,0.45313402,USDT
2024-09-14T17:45:00Z,LINK/USDT,buy,11.31565500,40.23775936,0.45531660,USDT
2024-09-14T18:00:00Z,LINK/USDT,stop_sell,11.27864357,40.23775936,0.45382735,USDT
2024-09-15T03:45:00Z,LINK/USDT,buy,11.33566500,40.14979579,0.45512463,USDT
2024-09-15T04:15:00Z,LINK/USDT,sell,11.31434000,40.14979579,0.45426844,USDT
2024-09-15T04:30:00Z,LINK/USDT,buy,11.32566000,40.17278616,0.45498332,USDT
2024-09-15T04:45:00Z,LINK/USDT,stop_sell,11.30434500,40.17278616,0.45412703,USDT
2024-09-16T08:15:00Z,LINK/USDT,buy,10.73536500,42.40808842,0.45526631,USDT
2024-09-16T09:30:00Z,LINK/USDT,stop_sell,10.69750571,42.40808842,0.45366077,USDT
2024-09-17T01:45:00Z,LINK/USDT,buy,10.49524500,43.36007161,0.45507457,USDT
2024-09-17T03:00:00Z,LINK/USDT,sell,10.47476000,43.36007161,0.45418634,USDT
2024-09-17T05:15:00Z,LINK/USDT,buy,10.57528500,42.97727068,0.45449689,USDT
2024-09-17T06:30:00Z,LINK/USDT,sell,10.57471000,42.97727068,0.45447217,USDT
2024-09-17T09:45:00Z,LINK/USDT,buy,10.67533500,42.64742316,0.45527553,USDT
2024-09-17T10:45:00Z,LINK/USDT,sell,10.64467500,42.64742316,0.45396796,USDT
2024-09-18T06:00:00Z,LINK/USDT,buy,10.58529000,42.91282718,0.45424472,USDT
2024-09-18T07:30:00Z,LINK/USDT,sell,10.56471500,42.91282718,0.45336179,USDT
2024-09-18T15:00:00Z,LINK/USDT,buy,10.39519500,43.64177582,0.45366477,USDT
2024-09-18T15:30:00Z,LINK/USDT,sell,10.36481500,43.64177582,0.45233893,USDT
2024-09-18T19:45:00Z,LINK/USDT,buy,10.56528000,42.88241221,0.45306469,USDT
2024-09-18T20:00:00Z,LINK/USDT,stop_sell,10.47083339,42.88241221,0.44901459,USDT
2024-09-18T20:30:00Z,LINK/USDT,buy,10.52526000,43.33649589,0.45612789,USDT
2024-09-19T05:45:00Z,LINK/USDT,sell,11.07446000,43.33649589,0.47992829,USDT
2024-09-19T06:00:00Z,LINK/USDT,buy,11.09554500,41.07661505,0.45576743,USDT
2024-09-19T06:15:00Z,LINK/USDT,sell,11.06446500,41.07661505,0.45449077,USDT
2024-09-19T10:15:00Z,LINK/USDT,buy,11.23561500,40.54847961,0.45558711,USDT
2024-09-19T10:45:00Z,LINK/USDT,stop_sell,11.17441000,40.54847961,0.45310534,USDT
2024-09-19T11:15:00Z,LINK/USDT,buy,11.17558500,40.7421778,0.45531767,USDT
2024-09-19T13:00:00Z,LINK/USDT,sell,11.24437500,40.7421778,0.45812033,USDT
2024-09-20T02:00:00Z,LINK/USDT,buy,11.23561500,40.53777554,0.45546684,USDT
2024-09-20T03:00:00Z,LINK/USDT,sell,11.22438500,40.53777554,0.45501160,USDT
2024-09-20T03:30:00Z,LINK/USDT,buy,11.31565500,40.24111364,0.45535456,USDT
2024-09-20T11:45:00Z,LINK/USDT,sell,11.57421000,40.24111364,0.46575910,USDT
2024-09-20T12:15:00Z,LINK/USDT,buy,11.63581500,39.13086412,0.45531950,USDT
2024-09-20T12:30:00Z,LINK/USDT,sell,11.61419000,39.13086412,0.45447329,USDT
2024-09-21T01:15:00Z,LINK/USDT,buy,11.41570500,39.69858575,0.45318734,USDT
2024-09-21T01:15:00Z,LINK/USDT,stop_sell,11.40429500,39.69858575,0.45273438,USDT
2024-09-21T12:00:00Z,LINK/USDT,buy,11.34567000,40.21502367,0.45626639,USDT
2024-09-21T17:00:00Z,LINK/USDT,sell,11.34432500,40.21502367,0.45621230,USDT
2024-09-21T20:30:00Z,LINK/USDT,buy,11.38569000,39.99619882,0.45538432,USDT
2024-09-21T21:00:00Z,LINK/USDT,sell,11.34432500,39.99619882,0.45372988,USDT
2024-09-21T22:45:00Z,LINK/USDT,buy,11.40570000,39.97817733,0.45597910,USDT
2024-09-22T02:30:00Z,LINK/USDT,stop_sell,11.35610482,39.97817733,0.45399637,USDT
2024-09-22T02:45:00Z,LINK/USDT,buy,11.35567500,40.02819031,0.45454712,USDT
2024-09-22T03:45:00Z,LINK/USDT,sell,11.38430500,40.02819031,0.45569313,USDT
2024-09-22T04:00:00Z,LINK/USDT,buy,11.37568500,39.92441644,0.45416759,USDT
2024-09-22T04:15:00Z,LINK/USDT,sell,11.36431500,39.92441644,0.45371364,USDT
2024-09-23T00:30:00Z,LINK/USDT,buy,11.05552500,41.14300068,0.45485747,USDT
2024-09-23T01:45:00Z,LINK/USDT,sell,11.20439500,41.14300068,0.46098243,USDT
2024-09-23T02:30:00Z,LINK/USDT,buy,11.20560000,40.70186825,0.45608885,USDT
2024-09-23T08:00:00Z,LINK/USDT,sell,11.30434500,40.70186825,0.46010796,USDT
2024-09-23T09:15:00Z,LINK/USDT,buy,11.38569000,40.0083585,0.45552277,USDT
2024-09-23T11:15:00Z,LINK/USDT,sell,11.34432500,40.0083585,0.45386782,USDT
2024-09-23T12:15:00Z,LINK/USDT,buy,11.45572500,39.8153957,0.45611422,USDT
2024-09-23T13:00:00Z,LINK/USDT,stop_sell,11.36645679,39.8153957,0.45255997,USDT
2024-09-23T13:15:00Z,LINK/USDT,buy,11.37568500,39.99410193,0.45496031,USDT
2024-09-23T14:15:00Z,LINK/USDT,sell,11.41429000,39.99410193,0.45650428,USDT
2024-09-23T14:30:00Z,LINK/USDT,buy,11.50575000,39.58081285,0.45540694,USDT
2024-09-23T14:30:00Z,LINK/USDT,stop_sell,11.41678875,39.58081285,0.45188578,USDT
2024-09-23T15:00:00Z,LINK/USDT,buy,11.45572500,39.58443062,0.45346835,USDT
2024-09-23T17:00:00Z,LINK/USDT,sell,11.40429500,39.58443062,0.45143252,USDT
2024-09-23T18:00:00Z,LINK/USDT,buy,11.45572500,39.73700833,0.45521624,USDT
2024-09-23T19:15:00Z,LINK/USDT,sell,11.47426000,39.73700833,0.45595277,USDT
2024-09-23T19:30:00Z,LINK/USDT,buy,11.48574000,39.56272071,0.45440712,USDT
2024-09-23T19:45:00Z,LINK/USDT,sell,11.44427500,39.56272071,0.45276666,USDT
2024-09-24T08:00:00Z,LINK/USDT,buy,11.47573500,39.57944398,0.45420321,USDT
2024-09-24T08:15:00Z,LINK/USDT,stop_sell,11.42428500,39.57944398,0.45216685,USDT
2024-09-24T09:30:00Z,LINK/USDT,buy,11.44572000,39.66265768,0.45396767,USDT
2024-09-24T14:15:00Z,LINK/USDT,stop_sell,11.38287714,39.66265768,0.45147516,USDT
2024-09-24T16:00:00Z,LINK/USDT,buy,11.53576500,39.39782513,0.45448405,USDT
2024-09-24T16:30:00Z,LINK/USDT,sell,11.48425500,39.39782513,0.45245467,USDT
2024-09-24T17:00:00Z,LINK/USDT,buy,11.57578500,39.20709875,0.45385295,USDT
2024-09-25T05:00:00Z,LINK/USDT,sell,12.15392000,39.20709875,0.47651994,USDT
2024-09-25T05:15:00Z,LINK/USDT,buy,12.16608000,37.41554205,0.45520048,USDT
2024-09-25T05:30:00Z,LINK/USDT,sell,12.15392000,37.41554205,0.45474550,USDT
2024-09-25T08:15:00Z,LINK/USDT,buy,12.27613500,37.1317386,0.45583424,USDT
2024-09-25T13:30:00Z,LINK/USDT,sell,12.31384000,37.1317386,0.45723429,USDT
2024-09-25T13:45:00Z,LINK/USDT,buy,12.33616500,37.01405668,0.45661151,USDT
2024-09-25T14:00:00Z,LINK/USDT,sell,12.33383000,37.01405668,0.45652508,USDT
2024-09-26T13:30:00Z,LINK/USDT,buy,12.25612500,37.09810697,0.45467904,USDT
2024-09-26T20:30:00Z,LINK/USDT,sell,12.50374500,37.09810697,0.46386527,USDT
2024-09-26T22:30:00Z,LINK/USDT,buy,12.57628500,36.26466612,0.45607478,USDT
2024-09-26T23:00:00Z,LINK/USDT,stop_sell,12.51088429,36.26466612,0.45370304,USDT
2024-09-27T04:45:00Z,LINK/USDT,buy,12.70635000,35.84422721,0.45544930,USDT
2024-09-27T09:15:00Z,LINK/USDT,sell,12.75362000,35.84422721,0.45714365,USDT
2024-09-27T12:45:00Z,LINK/USDT,buy,12.74637000,35.5690802,0.45337666,USDT
2024-09-27T13:00:00Z,LINK/USDT,sell,12.74362500,35.5690802,0.45327902,USDT
2024-09-28T02:15:00Z,LINK/USDT,buy,12.74637000,35.81462495,0.45650646,USDT
2024-09-28T03:30:00Z,LINK/USDT,sell,12.76361500,35.81462495,0.45712408,USDT
2024-09-28T04:00:00Z,LINK/USDT,buy,12.76638000,35.64449511,0.45505117,USDT
2024-09-28T04:15:00Z,LINK/USDT,sell,12.76361500,35.64449511,0.45495261,USDT
2024-09-28T05:15:00Z,LINK/USDT,buy,12.76638000,35.6661064,0.45532707,USDT
2024-09-28T05:30:00Z,LINK/USDT,sell,12.73363000,35.6661064,0.45415900,USDT
2024-09-28T11:00:00Z,LINK/USDT,buy,12.68634000,35.90633888,0.45552002,USDT
2024-09-28T13:00:00Z,LINK/USDT,stop_sell,12.60797857,35.90633888,0.45270635,USDT
2024-09-28T13:15:00Z,LINK/USDT,buy,12.64632000,36.08218744,0.45630689,USDT
2024-09-28T21:30:00Z,LINK/USDT,sell,12.78360500,36.08218744,0.46126043,USDT
2024-09-28T22:00:00Z,LINK/USDT,buy,12.83641500,35.54362811,0.45625276,USDT
2024-09-28T23:15:00Z,LINK/USDT,sell,12.84357500,35.54362811,0.45650725,USDT
2024-09-30T09:00:00Z,LINK/USDT,buy,12.25612500,37.07463557,0.45439137,USDT
2024-09-30T09:00:00Z,LINK/USDT,stop_sell,12.22102929,37.07463557,0.45309021,USDT
2024-09-30T20:45:00Z,LINK/USDT,buy,12.03601500,37.79959161,0.45495645,USDT
2024-09-30T21:45:00Z,LINK/USDT,stop_sell,11.97401000,37.79959161,0.45261269,USDT
2024-10-01T02:45:00Z,LINK/USDT,buy,12.01600500,37.84088097,0.45469621,USDT
2024-10-01T08:15:00Z,LINK/USDT,sell,12.15392000,37.84088097,0.45991504,USDT
2024-10-01T08:30:00Z,LINK/USDT,buy,12.16608000,37.40241098,0.45504072,USDT
2024-10-01T08:45:00Z,LINK/USDT,stop_sell,12.12393500,37.40241098,0.45346440,USDT
2024-10-02T00:45:00Z,LINK/USDT,buy,11.10555000,40.91939974,0.45443244,USDT
2024-10-02T00:45:00Z,LINK/USDT,stop_sell,11.04554589,40.91939974,0.45197711,USDT
2024-10-02T01:15:00Z,LINK/USDT,buy,11.09554500,40.85841653,0.45334640,USDT
2024-10-02T01:30:00Z,LINK/USDT,sell,11.13443000,40.85841653,0.45493518,USDT
2024-10-02T02:15:00Z,LINK/USDT,buy,11.18559000,40.68039674,0.45503424,USDT
2024-10-02T08:15:00Z,LINK/USDT,sell,11.20439500,40.68039674,0.45579923,USDT
2024-10-02T23:00:00Z,LINK/USDT,buy,10.63531500,42.74584803,0.45461556,USDT
2024-10-02T23:15:00Z,LINK/USDT,sell,10.62468500,42.74584803,0.45416117,USDT
2024-10-02T23:45:00Z,LINK/USDT,buy,10.65532500,42.6553344,0.45450645,USDT
2024-10-03T06:45:00Z,LINK/USDT,sell,10.73463000,42.6553344,0.45788923,USDT
2024-10-03T07:15:00Z,LINK/USDT,buy,10.77538500,42.19841617,0.45470418,USDT
2024-10-03T07:30:00Z,LINK/USDT,stop_sell,10.69465000,42.19841617,0.45129729,USDT
2024-10-03T13:00:00Z,LINK/USDT,buy,10.58529000,42.92362107,0.45435898,USDT
2024-10-03T13:15:00Z,LINK/USDT,stop_sell,10.46476500,42.92362107,0.44918561,USDT
2024-10-03T13:30:00Z,LINK/USDT,buy,10.53526500,42.95887858,0.45258317,USDT
2024-10-03T13:30:00Z,LINK/USDT,stop_sell,10.49582089,42.95887858,0.45088870,USDT
2024-10-03T13:45:00Z,LINK/USDT,buy,10.43521500,43.2669773,0.45150021,USDT
2024-10-03T14:30:00Z,LINK/USDT,sell,10.44477500,43.2669773,0.45191384,USDT
2024-10-03T17:15:00Z,LINK/USDT,buy,10.54527000,43.0987395,0.45448784,USDT
2024-10-03T17:30:00Z,LINK/USDT,sell,10.56471500,43.0987395,0.45532590,USDT
2024-10-03T20:45:00Z,LINK/USDT,buy,10.59529500,42.81331434,0.45361970,USDT
2024-10-04T12:15:00Z,LINK/USDT,sell,10.96451500,42.81331434,0.46942723,USDT
2024-10-04T14:45:00Z,LINK/USDT,buy,10.98549000,41.43881109,0.45522564,USDT
2024-10-04T18:45:00Z,LINK/USDT,sell,11.11444000,41.43881109,0.46056918,USDT
2024-10-05T01:15:00Z,LINK/USDT,buy,11.12556000,40.87493053,0.45475649,USDT
2024-10-05T02:00:00Z,LINK/USDT,stop_sell,11.07446000,40.87493053,0.45266778,USDT
2024-10-05T02:45:00Z,LINK/USDT,buy,11.08554000,41.00074718,0.45451542,USDT
2024-10-05T02:45:00Z,LINK/USDT,stop_sell,11.05875357,41.00074718,0.45341716,USDT
2024-10-05T04:30:00Z,LINK/USDT,buy,11.11555500,41.02326629,0.45599637,USDT
2024-10-05T14:45:00Z,LINK/USDT,sell,11.29435000,41.02326629,0.46333113,USDT
2024-10-05T16:15:00Z,LINK/USDT,buy,11.35567500,40.12795632,0.45568003,USDT
2024-10-05T16:45:00Z,LINK/USDT,stop_sell,11.27436000,40.12795632,0.45241703,USDT
2024-10-06T00:45:00Z,LINK/USDT,buy,11.23561500,40.49130334,0.45494470,USDT
2024-10-06T05:15:00Z,LINK/USDT,sell,11.30434500,40.49130334,0.45772766,USDT
2024-10-06T05:30:00Z,LINK/USDT,buy,11.31565500,40.21812203,0.45509439,USDT
2024-10-06T09:00:00Z,LINK/USDT,stop_sell,11.27436000,40.21812203,0.45343359,USDT
2024-10-06T21:45:00Z,LINK/USDT,buy,11.21560500,40.45030367,0.45367463,USDT
2024-10-06T21:45:00Z,LINK/USDT,stop_sell,11.20439500,40.45030367,0.45322118,USDT
2024-10-07T06:30:00Z,LINK/USDT,buy,11.59579500,39.21937755,0.45477986,USDT
2024-10-07T07:30:00Z,LINK/USDT,stop_sell,11.53423000,39.21937755,0.45236532,USDT
2024-10-07T08:15:00Z,LINK/USDT,buy,11.59579500,39.1964496,0.45451399,USDT
2024-10-07T08:30:00Z,LINK/USDT,stop_sell,11.52423500,39.1964496,0.45170910,USDT
2024-10-07T14:00:00Z,LINK/USDT,buy,11.53576500,39.3746714,0.45421696,USDT
2024-10-07T16:15:00Z,LINK/USDT,sell,11.51424000,39.3746714,0.45336942,USDT
2024-10-07T17:00:00Z,LINK/USDT,buy,11.55577500,39.26034179,0.45368368,USDT
2024-10-07T17:15:00Z,LINK/USDT,sell,11.52423500,39.26034179,0.45244540,USDT
2024-10-08T01:45:00Z,LINK/USDT,buy,11.26563000,40.29111893,0.45390484,USDT
2024-10-08T02:00:00Z,LINK/USDT,sell,11.24437500,40.29111893,0.45304845,USDT
2024-10-08T03:45:00Z,LINK/USDT,buy,11.23561500,40.38619161,0.45376370,USDT
2024-10-08T04:45:00Z,LINK/USDT,stop_sell,11.17441000,40.38619161,0.45129186,USDT
2024-10-08T11:00:00Z,LINK/USDT,buy,11.09554500,40.87166641,0.45349341,USDT
2024-10-08T11:15:00Z,LINK/USDT,sell,11.11444000,40.87166641,0.45426568,USDT
2024-10-08T12:00:00Z,LINK/USDT,buy,11.15557500,40.65075707,0.45348257,USDT
2024-10-08T12:00:00Z,LINK/USDT,stop_sell,11.11979446,40.65075707,0.45202806,USDT
2024-10-08T13:00:00Z,LINK/USDT,buy,11.08554000,40.78012061,0.45206966,USDT
2024-10-08T13:00:00Z,LINK/USDT,stop_sell,11.07446000,40.78012061,0.45161781,USDT
2024-10-08T14:30:00Z,LINK/USDT,buy,10.98549000,41.06606505,0.45113085,USDT
2024-10-08T14:30:00Z,LINK/USDT,stop_sell,10.95916054,41.06606505,0.45004960,USDT
2024-10-09T05:15:00Z,LINK/USDT,buy,10.87543500,41.65594326,0.45302650,USDT
2024-10-09T06:30:00Z,LINK/USDT,sell,10.85457000,41.65594326,0.45215735,USDT
2024-10-09T15:30:00Z,LINK/USDT,buy,10.69534500,42.2255743,0.45161708,USDT
2024-10-09T15:45:00Z,LINK/USDT,sell,10.68465500,42.2255743,0.45116569,USDT
2024-10-09T18:00:00Z,LINK/USDT,buy,10.63531500,42.61297764,0.45320244,USDT
2024-10-09T18:30:00Z,LINK/USDT,sell,10.58470500,42.61297764,0.45104580,USDT
2024-10-10T01:15:00Z,LINK/USDT,buy,10.57528500,42.79138612,0.45253110,USDT
2024-10-10T09:00:00Z,LINK/USDT,sell,10.58470500,42.79138612,0.45293420,USDT
2024-10-10T17:30:00Z,LINK/USDT,buy,10.58529000,42.70677636,0.45206361,USDT
2024-10-10T17:45:00Z,LINK/USDT,stop_sell,10.52473500,42.70677636,0.44947750,USDT
2024-10-10T22:45:00Z,LINK/USDT,buy,10.51525500,43.00530444,0.45221174,USDT
2024-10-10T23:00:00Z,LINK/USDT,sell,10.50474500,43.00530444,0.45175976,USDT
2024-10-11T08:30:00Z,LINK/USDT,buy,10.68534000,42.31060609,0.45210321,USDT
2024-10-11T11:30:00Z,LINK/USDT,sell,10.67466000,42.31060609,0.45165133,USDT
2024-10-11T11:45:00Z,LINK/USDT,buy,10.68534000,42.30045154,0.45199471,USDT
2024-10-11T12:00:00Z,LINK/USDT,sell,10.67466000,42.30045154,0.45154294,USDT
2024-10-11T18:45:00Z,LINK/USDT,buy,10.92546000,41.36084231,0.45188623,USDT
2024-10-11T19:30:00Z,LINK/USDT,sell,10.92453500,41.36084231,0.45184797,USDT
2024-10-11T21:00:00Z,LINK/USDT,buy,11.00550000,41.05318532,0.45181083,USDT
2024-10-11T22:15:00Z,LINK/USDT,stop_sell,10.94452500,41.05318532,0.44930761,USDT
2024-10-11T22:30:00Z,LINK/USDT,buy,10.95547500,41.21577092,0.45153835,USDT
2024-10-11T23:15:00Z,LINK/USDT,stop_sell,10.90454500,41.21577092,0.44943923,USDT
2024-10-11T23:45:00Z,LINK/USDT,buy,10.94547000,41.23150675,0.45129822,USDT
2024-10-12T00:00:00Z,LINK/USDT,sell,10.93453000,41.23150675,0.45084715,USDT
2024-10-12T00:15:00Z,LINK/USDT,buy,10.91545500,41.22161119,0.44995264,USDT
2024-10-12T00:15:00Z,LINK/USDT,stop_sell,10.90454500,41.22161119,0.44950291,USDT
2024-10-12T00:30:00Z,LINK/USDT,buy,10.98549000,41.06161127,0.45108192,USDT
2024-10-12T01:00:00Z,LINK/USDT,stop_sell,10.94131232,41.06161127,0.44926791,USDT
2024-10-12T08:00:00Z,LINK/USDT,buy,10.95547500,41.15427792,0.45086466,USDT
2024-10-12T15:15:00Z,LINK/USDT,sell,11.11444000,41.15427792,0.45740675,USDT
2024-10-13T05:00:00Z,LINK/USDT,buy,11.00550000,40.97093994,0.45090568,USDT
2024-10-13T05:45:00Z,LINK/USDT,stop_sell,10.98200625,40.97093994,0.44994312,USDT
2024-10-13T06:00:00Z,LINK/USDT,buy,11.01550500,40.95740018,0.45116645,USDT
2024-10-13T07:30:00Z,LINK/USDT,sell,10.99450000,40.95740018,0.45030614,USDT
2024-10-14T07:45:00Z,LINK/USDT,buy,10.95547500,41.16895281,0.45102543,USDT
2024-10-14T08:00:00Z,LINK/USDT,sell,10.97451000,41.16895281,0.45180908,USDT
2024-10-14T08:30:00Z,LINK/USDT,buy,10.92546000,41.05560097,0.44855133,USDT
2024-10-14T08:30:00Z,LINK/USDT,stop_sell,10.91454000,41.05560097,0.44810300,USDT
2024-10-14T15:45:00Z,LINK/USDT,buy,11.22561000,40.16781641,0.45090824,USDT
2024-10-14T16:00:00Z,LINK/USDT,stop_sell,11.18012143,40.16781641,0.44908107,USDT
2024-10-14T16:45:00Z,LINK/USDT,buy,11.21560500,40.11262038,0.44988731,USDT
2024-10-14T16:45:00Z,LINK/USDT,stop_sell,11.17619482,40.11262038,0.44830646,USDT
2024-10-15T01:00:00Z,LINK/USDT,buy,11.30565000,39.81135311,0.45009322,USDT
2024-10-15T01:30:00Z,LINK/USDT,stop_sell,11.25829661,39.81135311,0.44820802,USDT
2024-10-15T02:00:00Z,LINK/USDT,buy,11.35567500,39.61652495,0.44987238,USDT
2024-10-15T09:15:00Z,LINK/USDT,sell,11.45427000,39.61652495,0.45377837,USDT
2024-10-15T11:00:00Z,LINK/USDT,buy,11.53576500,38.9182291,0.44895155,USDT
2024-10-15T11:00:00Z,LINK/USDT,stop_sell,11.52423500,38.9182291,0.44850282,USDT
2024-10-15T11:15:00Z,LINK/USDT,buy,11.45572500,39.21395611,0.44922430,USDT
2024-10-15T11:15:00Z,LINK/USDT,stop_sell,11.43142429,39.21395611,0.44827137,USDT
2024-10-15T12:45:00Z,LINK/USDT,buy,11.57578500,38.92977356,0.45064269,USDT
2024-10-15T13:00:00Z,LINK/USDT,sell,11.52423500,38.92977356,0.44863586,USDT
2024-10-15T22:15:00Z,LINK/USDT,buy,11.23561500,39.98183943,0.44922055,USDT
2024-10-15T22:30:00Z,LINK/USDT,sell,11.25437000,39.98183943,0.44997041,USDT
2024-10-15T23:45:00Z,LINK/USDT,buy,11.35567500,39.52405511,0.44882232,USDT
2024-10-16T01:00:00Z,LINK/USDT,stop_sell,11.28435500,39.52405511,0.44600347,USDT
2024-10-16T01:15:00Z,LINK/USDT,buy,11.35567500,39.8481075,0.45250216,USDT
2024-10-16T02:30:00Z,LINK/USDT,sell,11.35432000,39.8481075,0.45244816,USDT
2024-10-16T03:00:00Z,LINK/USDT,buy,11.36568000,39.56073389,0.44963464,USDT
2024-10-16T03:45:00Z,LINK/USDT,sell,11.30434500,39.56073389,0.44720818,USDT
2024-10-16T13:00:00Z,LINK/USDT,buy,11.42571000,39.32960359,0.44936865,USDT
2024-10-16T13:30:00Z,LINK/USDT,stop_sell,11.35110732,39.32960359,0.44643455,USDT
2024-10-16T13:45:00Z,LINK/USDT,buy,11.27563500,39.68502929,0.44747391,USDT
2024-10-16T14:30:00Z,LINK/USDT,sell,11.23438000,39.68502929,0.44583670,USDT
2024-10-16T20:30:00Z,LINK/USDT,buy,11.26563000,39.9497097,0.45005865,USDT
2024-10-17T01:30:00Z,LINK/USDT,sell,11.20439500,39.9497097,0.44761233,USDT
2024-10-17T02:00:00Z,LINK/USDT,buy,11.33566500,39.64347662,0.44938517,USDT
2024-10-17T03:15:00Z,LINK/USDT,sell,11.28435500,39.64347662,0.44735106,USDT
2024-10-17T03:30:00Z,LINK/USDT,buy,11.30565000,39.69293651,0.44875445,USDT
2024-10-17T03:45:00Z,LINK/USDT,sell,11.32433500,39.69293651,0.44949611,USDT
2024-10-17T04:00:00Z,LINK/USDT,buy,11.32566000,39.55169692,0.44794907,USDT
2024-10-17T04:30:00Z,LINK/USDT,stop_sell,11.23438000,39.55169692,0.44433879,USDT
2024-10-17T04:45:00Z,LINK/USDT,buy,11.23561500,39.83634526,0.44758584,USDT
2024-10-17T05:00:00Z,LINK/USDT,sell,11.24437500,39.83634526,0.44793480,USDT
2024-10-17T05:15:00Z,LINK/USDT,buy,11.22561000,39.76170483,0.44634939,USDT
2024-10-17T05:30:00Z,LINK/USDT,sell,11.21439000,39.76170483,0.44590327,USDT
2024-10-17T15:15:00Z,LINK/USDT,buy,11.02551000,40.61794248,0.44783353,USDT
2024-10-17T17:30:00Z,LINK/USDT,sell,10.98450500,40.61794248,0.44616799,USDT
2024-10-17T21:00:00Z,LINK/USDT,buy,11.03551500,40.41598581,0.44601122,USDT
2024-10-17T21:15:00Z,LINK/USDT,sell,11.01449000,40.41598581,0.44516147,USDT
2024-10-17T22:15:00Z,LINK/USDT,buy,11.02551000,40.58672317,0.44748932,USDT
2024-10-18T00:30:00Z,LINK/USDT,sell,11.01449000,40.58672317,0.44704206,USDT
2024-10-18T02:30:00Z,LINK/USDT,buy,11.19559500,39.99627421,0.44778209,USDT
2024-10-18T12:45:00Z,LINK/USDT,sell,11.34432500,39.99627421,0.45373073,USDT
2024-10-18T19:45:00Z,LINK/USDT,buy,11.46573000,39.05428589,0.44778590,USDT
2024-10-18T20:00:00Z,LINK/USDT,sell,11.40429500,39.05428589,0.44538660,USDT
2024-10-18T22:15:00Z,LINK/USDT,buy,11.40570000,39.23672969,0.44752237,USDT
2024-10-18T22:30:00Z,LINK/USDT,sell,11.41429000,39.23672969,0.44785941,USDT
2024-10-18T22:45:00Z,LINK/USDT,buy,11.42571000,39.16410257,0.44747768,USDT
2024-10-19T01:30:00Z,LINK/USDT,stop_sell,11.39287214,39.16410257,0.44619161,USDT
2024-10-19T01:45:00Z,LINK/USDT,buy,11.51575500,38.80899936,0.44691493,USDT
2024-10-19T02:00:00Z,LINK/USDT,stop_sell,11.46712071,38.80899936,0.44502748,USDT
2024-10-19T02:30:00Z,LINK/USDT,buy,11.45572500,39.0268403,0.44708075,USDT
2024-10-19T03:30:00Z,LINK/USDT,sell,11.39430000,39.0268403,0.44468353,USDT
2024-10-19T08:15:00Z,LINK/USDT,buy,11.47573500,38.93585025,0.44681750,USDT
2024-10-19T08:30:00Z,LINK/USDT,stop_sell,11.38430500,38.93585025,0.44325759,USDT
2024-10-20T09:15:00Z,LINK/USDT,buy,11.39569500,39.17806883,0.44646132,USDT
2024-10-20T20:00:00Z,LINK/USDT,sell,11.83408000,39.17806883,0.46363640,USDT
2024-10-20T20:15:00Z,LINK/USDT,buy,11.84592000,37.79893601,0.44776317,USDT
2024-10-20T20:30:00Z,LINK/USDT,sell,11.82408500,37.79893601,0.44693783,USDT
2024-10-21T07:30:00Z,LINK/USDT,buy,11.90595000,37.53370798,0.44687445,USDT
2024-10-21T08:30:00Z,LINK/USDT,stop_sell,11.85407000,37.53370798,0.44492720,USDT
2024-10-21T08:45:00Z,LINK/USDT,buy,11.88594000,37.64096591,0.44739826,USDT
2024-10-21T09:30:00Z,LINK/USDT,sell,11.85407000,37.64096591,0.44619864,USDT
2024-10-21T17:30:00Z,LINK/USDT,buy,11.73586500,38.17311852,0.44799457,USDT
2024-10-21T20:00:00Z,LINK/USDT,stop_sell,11.63346607,38.17311852,0.44408568,USDT
2024-10-22T01:15:00Z,LINK/USDT,buy,11.75587500,37.9458913,0.44608715,USDT
2024-10-22T01:15:00Z,LINK/USDT,stop_sell,11.69771964,37.9458913,0.44388040,USDT
2024-10-22T02:30:00Z,LINK/USDT,buy,11.84592000,37.66881035,0.44622171,USDT
2024-10-22T02:45:00Z,LINK/USDT,stop_sell,11.75626179,37.66881035,0.44284440,USDT
2024-10-22T03:15:00Z,LINK/USDT,buy,11.84592000,37.83155995,0.44814963,USDT
2024-10-22T05:00:00Z,LINK/USDT,sell,11.80409500,37.83155995,0.44656733,USDT
2024-10-22T05:15:00Z,LINK/USDT,buy,11.87593500,37.5915624,0.44643495,USDT
2024-10-22T15:15:00Z,LINK/USDT,sell,12.15392000,37.5915624,0.45688484,USDT
2024-10-24T00:30:00Z,LINK/USDT,buy,11.28564000,39.59216806,0.44682296,USDT
2024-10-24T04:00:00Z,LINK/USDT,sell,11.38430500,39.59216806,0.45072932,USDT
2024-10-24T04:30:00Z,LINK/USDT,buy,11.45572500,39.02535899,0.44706378,USDT
2024-10-24T05:30:00Z,LINK/USDT,sell,11.44427500,39.02535899,0.44661694,USDT
2024-10-24T11:45:00Z,LINK/USDT,buy,11.39569500,39.22152053,0.44695649,USDT
2024-10-24T16:30:00Z,LINK/USDT,sell,11.41429000,39.22152053,0.44768581,USDT
2024-10-24T21:45:00Z,LINK/USDT,buy,11.55577500,38.67704704,0.44694325,USDT
2024-10-25T06:15:00Z,LINK/USDT,sell,11.72413500,38.67704704,0.45345492,USDT
2024-10-25T09:15:00Z,LINK/USDT,buy,11.82591000,37.86357281,0.44777120,USDT
2024-10-25T09:30:00Z,LINK/USDT,sell,11.80409500,37.86357281,0.44694521,USDT
2024-10-25T09:45:00Z,LINK/USDT,buy,11.85592500,37.85191686,0.44876949,USDT
2024-10-25T11:30:00Z,LINK/USDT,sell,11.75412000,37.85191686,0.44491597,USDT
2024-10-25T12:00:00Z,LINK/USDT,buy,11.81590500,37.980558,0.44877467,USDT
2024-10-25T13:30:00Z,LINK/USDT,sell,11.76411500,37.980558,0.44680765,USDT
2024-10-25T16:15:00Z,LINK/USDT,buy,11.85592500,37.54603486,0.44514297,USDT
2024-10-25T16:15:00Z,LINK/USDT,stop_sell,11.78232018,37.54603486,0.44237940,USDT
2024-10-25T22:15:00Z,LINK/USDT,buy,11.69584500,38.22881467,0.44711829,USDT
2024-10-25T22:30:00Z,LINK/USDT,sell,11.62418500,38.22881467,0.44437881,USDT
2024-10-25T22:45:00Z,LINK/USDT,buy,11.60580000,38.40135997,0.44567850,USDT
2024-10-25T22:45:00Z,LINK/USDT,stop_sell,11.51316911,38.40135997,0.44212135,USDT
2024-10-26T05:15:00Z,LINK/USDT,buy,11.34567000,39.3537273,0.44649440,USDT
2024-10-26T07:15:00Z,LINK/USDT,sell,11.26436500,39.3537273,0.44329475,USDT
2024-10-27T07:30:00Z,LINK/USDT,buy,10.94547000,40.61651802,0.44456688,USDT
2024-10-27T07:30:00Z,LINK/USDT,stop_sell,10.93453000,40.61651802,0.44412253,USDT
2024-10-27T16:30:00Z,LINK/USDT,buy,11.12556000,40.02251752,0.44527292,USDT
2024-10-27T17:45:00Z,LINK/USDT,stop_sell,11.05447000,40.02251752,0.44242772,USDT
2024-10-27T18:00:00Z,LINK/USDT,buy,11.05552500,40.28548575,0.44537719,USDT
2024-10-27T18:30:00Z,LINK/USDT,sell,10.99450000,40.28548575,0.44291877,USDT
2024-10-28T00:15:00Z,LINK/USDT,buy,10.95547500,40.48124092,0.44349122,USDT
2024-10-28T00:15:00Z,LINK/USDT,stop_sell,10.94452500,40.48124092,0.44304795,USDT
2024-10-28T09:45:00Z,LINK/USDT,buy,11.03551500,40.39796733,0.44581237,USDT
2024-10-28T14:00:00Z,LINK/USDT,sell,10.99450000,40.39796733,0.44415545,USDT
2024-10-28T14:15:00Z,LINK/USDT,buy,11.00550000,40.23314215,0.44278585,USDT
2024-10-28T14:15:00Z,LINK/USDT,stop_sell,10.98628982,40.23314215,0.44201296,USDT
2024-10-29T00:45:00Z,LINK/USDT,buy,11.22561000,39.61117525,0.44465960,USDT
2024-10-29T01:15:00Z,LINK/USDT,stop_sell,11.14121232,39.61117525,0.44131651,USDT
2024-10-29T02:30:00Z,LINK/USDT,buy,11.39569500,38.98971434,0.44431489,USDT
2024-10-29T09:30:00Z,LINK/USDT,sell,11.49425000,38.98971434,0.44815752,USDT
2024-10-29T09:45:00Z,LINK/USDT,buy,11.50575000,38.60338799,0.44416093,USDT
2024-10-29T10:15:00Z,LINK/USDT,stop_sell,11.46105232,38.60338799,0.44243545,USDT
2024-10-29T12:30:00Z,LINK/USDT,buy,11.47573500,38.68613737,0.44395186,USDT
2024-10-29T13:00:00Z,LINK/USDT,sell,11.46426500,38.68613737,0.44350813,USDT
2024-10-29T22:15:00Z,LINK/USDT,buy,11.68584000,38.04661239,0.44460662,USDT
2024-10-30T08:30:00Z,LINK/USDT,sell,11.92403500,38.04661239,0.45366914,USDT
2024-10-30T11:45:00Z,LINK/USDT,buy,11.99599500,36.93072647,0.44302081,USDT
2024-10-30T12:00:00Z,LINK/USDT,stop_sell,11.95402000,36.93072647,0.44147064,USDT
2024-10-30T12:45:00Z,LINK/USDT,buy,12.01600500,36.91453589,0.44356525,USDT
2024-10-30T19:15:00Z,LINK/USDT,sell,12.18390500,36.91453589,0.44976320,USDT
2024-10-30T20:00:00Z,LINK/USDT,buy,12.26613000,36.25662614,0.44472849,USDT
2024-10-30T20:00:00Z,LINK/USDT,stop_sell,12.20782161,36.25662614,0.44261442,USDT
2024-10-30T22:00:00Z,LINK/USDT,buy,12.26613000,36.26662235,0.44485110,USDT
2024-10-31T01:45:00Z,LINK/USDT,sell,12.25387000,36.26662235,0.44440648,USDT
2024-10-31T02:00:00Z,LINK/USDT,buy,12.25612500,36.1693333,0.44329587,USDT
2024-10-31T02:45:00Z,LINK/USDT,sell,12.23388000,36.1693333,0.44249128,USDT
2024-10-31T03:15:00Z,LINK/USDT,buy,12.33616500,36.01169367,0.44424620,USDT
2024-10-31T03:45:00Z,LINK/USDT,sell,12.37381000,36.01169367,0.44560186,USDT
2024-10-31T06:30:00Z,LINK/USDT,buy,12.22611000,36.27953006,0.44355753,USDT
2024-10-31T06:45:00Z,LINK/USDT,sell,12.21389000,36.27953006,0.44311419,USDT
2024-10-31T13:15:00Z,LINK/USDT,buy,12.11605500,36.6299544,0.44381054,USDT
2024-10-31T13:30:00Z,LINK/USDT,stop_sell,12.05504089,36.6299544,0.44157560,USDT
2024-11-01T01:45:00Z,LINK/USDT,buy,11.43571500,38.81937191,0.44392727,USDT
2024-11-01T01:45:00Z,LINK/USDT,stop_sell,11.35467696,38.81937191,0.44078143,USDT
2024-11-01T03:15:00Z,LINK/USDT,buy,11.45572500,38.79116155,0.44438088,USDT
2024-11-01T03:15:00Z,LINK/USDT,stop_sell,11.32790464,38.79116155,0.43942258,USDT
2024-11-01T04:45:00Z,LINK/USDT,buy,11.48574000,38.58149898,0.44313707,USDT
2024-11-01T06:00:00Z,LINK/USDT,stop_sell,11.35967446,38.58149898,0.43827327,USDT
2024-11-01T07:00:00Z,LINK/USDT,buy,11.33566500,38.94859081,0.44150818,USDT
2024-11-01T07:00:00Z,LINK/USDT,stop_sell,11.31041339,38.94859081,0.44052466,USDT
2024-11-01T15:30:00Z,LINK/USDT,buy,11.52576000,38.36138316,0.44214410,USDT
2024-11-01T15:30:00Z,LINK/USDT,stop_sell,11.41607482,38.36138316,0.43793642,USDT
2024-11-01T15:45:00Z,LINK/USDT,buy,11.30565000,39.00262378,0.44095001,USDT
2024-11-01T15:45:00Z,LINK/USDT,stop_sell,11.19582786,39.00262378,0.43666666,USDT
2024-11-01T16:15:00Z,LINK/USDT,buy,11.47573500,38.55780349,0.44247914,USDT
2024-11-01T17:45:00Z,LINK/USDT,sell,11.38430500,38.55780349,0.43895380,USDT
2024-11-01T20:45:00Z,LINK/USDT,buy,11.33566500,38.83224543,0.44018933,USDT
2024-11-01T21:00:00Z,LINK/USDT,sell,11.30434500,38.83224543,0.43897310,USDT
2024-11-02T03:15:00Z,LINK/USDT,buy,11.33566500,38.85168961,0.44040974,USDT
2024-11-02T03:45:00Z,LINK/USDT,sell,11.29435000,38.85168961,0.43880458,USDT
2024-11-02T13:30:00Z,LINK/USDT,buy,11.16558000,39.38944837,0.43980604,USDT
2024-11-02T13:30:00Z,LINK/USDT,stop_sell,11.15442000,39.38944837,0.43936645,USDT
2024-11-02T16:30:00Z,LINK/USDT,buy,11.15557500,39.41524388,0.43969971,USDT
2024-11-02T16:45:00Z,LINK/USDT,sell,11.16441500,39.41524388,0.44004814,USDT
2024-11-02T17:15:00Z,LINK/USDT,buy,11.16558000,39.41144197,0.44005161,USDT
2024-11-02T17:30:00Z,LINK/USDT,sell,11.12443500,39.41144197,0.43843002,USDT
2024-11-02T18:45:00Z,LINK/USDT,buy,11.14557000,39.46415018,0.43985045,USDT
2024-11-02T19:15:00Z,LINK/USDT,sell,11.14442500,39.46415018,0.43980526,USDT
2024-11-03T10:30:00Z,LINK/USDT,buy,11.03551500,39.92256832,0.44056610,USDT
2024-11-03T10:45:00Z,LINK/USDT,stop_sell,10.99450000,39.92256832,0.43892868,USDT
2024-11-03T23:00:00Z,LINK/USDT,buy,10.74537000,40.90562965,0.43954613,USDT
2024-11-04T00:15:00Z,LINK/USDT,stop_sell,10.69465000,40.90562965,0.43747139,USDT
2024-11-04T01:15:00Z,LINK/USDT,buy,10.74537000,41.07455042,0.44136124,USDT
2024-11-04T02:30:00Z,LINK/USDT,sell,10.78460500,41.07455042,0.44297280,USDT
2024-11-04T02:45:00Z,LINK/USDT,buy,10.81540500,40.73764936,0.44059418,USDT
2024-11-04T03:15:00Z,LINK/USDT,sell,10.82458500,40.73764936,0.44096815,USDT
2024-11-04T21:30:00Z,LINK/USDT,buy,10.32516000,42.58722225,0.43971988,USDT
2024-11-04T21:30:00Z,LINK/USDT,stop_sell,10.28414107,42.58722225,0.43797300,USDT
2024-11-04T23:00:00Z,LINK/USDT,buy,10.26513000,42.69087765,0.43822741,USDT
2024-11-04T23:15:00Z,LINK/USDT,sell,10.22488500,42.69087765,0.43650931,USDT
2024-11-05T03:00:00Z,LINK/USDT,buy,10.34517000,42.62935144,0.44100789,USDT
2024-11-05T07:45:00Z,LINK/USDT,sell,10.47476000,42.62935144,0.44653223,USDT
2024-11-05T10:30:00Z,LINK/USDT,buy,10.53526500,41.77393705,0.44009950,USDT
2024-11-05T12:15:00Z,LINK/USDT,stop_sell,10.50545893,41.77393705,0.43885438,USDT
2024-11-05T19:00:00Z,LINK/USDT,buy,10.88544000,40.41448819,0.43992949,USDT
2024-11-05T19:30:00Z,LINK/USDT,sell,10.82458500,40.41448819,0.43747006,USDT
2024-11-05T19:45:00Z,LINK/USDT,buy,10.82541000,40.57642526,0.43925644,USDT
2024-11-05T19:45:00Z,LINK/USDT,stop_sell,10.77532393,40.57642526,0.43722413,USDT
2024-11-05T20:15:00Z,LINK/USDT,buy,10.74537000,40.78087113,0.43820555,USDT
2024-11-05T20:30:00Z,LINK/USDT,sell,10.76461500,40.78087113,0.43899038,USDT
2024-11-05T20:45:00Z,LINK/USDT,buy,10.81540500,40.70459616,0.44023669,USDT
2024-11-05T21:15:00Z,LINK/USDT,sell,10.80459500,40.70459616,0.43979668,USDT
2024-11-06T00:30:00Z,LINK/USDT,buy,10.93546500,40.17355797,0.43931654,USDT
2024-11-06T01:45:00Z,LINK/USDT,sell,11.07446000,40.17355797,0.44490046,USDT
2024-11-06T09:00:00Z,LINK/USDT,buy,11.78589000,37.27506066,0.43931976,USDT
2024-11-06T11:15:00Z,LINK/USDT,sell,11.84407500,37.27506066,0.44148861,USDT
2024-11-06T11:45:00Z,LINK/USDT,buy,11.83591500,37.15773529,0.43979580,USDT
2024-11-06T12:15:00Z,LINK/USDT,sell,11.84407500,37.15773529,0.44009900,USDT
2024-11-06T12:30:00Z,LINK/USDT,buy,11.83591500,37.09112856,0.43900744,USDT
2024-11-06T12:45:00Z,LINK/USDT,sell,11.86406500,37.09112856,0.44005156,USDT
2024-11-06T15:15:00Z,LINK/USDT,buy,11.85592500,37.15495164,0.44050632,USDT
2024-11-06T15:30:00Z,LINK/USDT,sell,11.80409500,37.15495164,0.43858058,USDT
2024-11-06T17:00:00Z,LINK/USDT,buy,11.88594000,36.97968785,0.43953835,USDT
2024-11-06T17:30:00Z,LINK/USDT,sell,11.86406500,36.97968785,0.43872942,USDT
2024-11-06T22:30:00Z,LINK/USDT,buy,12.11605500,36.26620279,0.43940331,USDT
2024-11-07T06:15:00Z,LINK/USDT,sell,12.37381000,36.26620279,0.44875110,USDT
2024-11-07T15:15:00Z,LINK/USDT,buy,12.28614000,35.84845045,0.44043908,USDT
2024-11-07T15:45:00Z,LINK/USDT,sell,12.31384000,35.84845045,0.44143208,USDT
2024-11-07T23:15:00Z,LINK/USDT,buy,12.50625000,35.2742083,0.44114807,USDT
2024-11-08T02:30:00Z,LINK/USDT,sell,12.58370500,35.2742083,0.44388023,USDT
2024-11-08T06:00:00Z,LINK/USDT,buy,12.79639500,34.37633972,0.43989322,USDT
2024-11-08T07:00:00Z,LINK/USDT,stop_sell,12.72077929,34.37633972,0.43729383,USDT
2024-11-08T07:15:00Z,LINK/USDT,buy,12.74637000,34.59787743,0.44099735,USDT
2024-11-08T17:15:00Z,LINK/USDT,sell,13.00349500,34.59787743,0.44989333,USDT
2024-11-08T22:30:00Z,LINK/USDT,buy,13.63681500,32.38084038,0.44157153,USDT
2024-11-09T01:00:00Z,LINK/USDT,sell,13.49325000,32.38084038,0.43692277,USDT
2024-11-09T01:15:00Z,LINK/USDT,buy,13.49674500,32.53973737,0.43918054,USDT
2024-11-09T01:45:00Z,LINK/USDT,stop_sell,13.41578875,32.53973737,0.43654624,USDT
2024-11-09T02:15:00Z,LINK/USDT,buy,13.43671500,32.66392626,0.43889587,USDT
2024-11-09T02:30:00Z,LINK/USDT,sell,13.46326500,32.66392626,0.43976310,USDT
2024-11-09T13:45:00Z,LINK/USDT,buy,13.58679000,32.37522334,0.43987536,USDT
2024-11-09T14:00:00Z,LINK/USDT,stop_sell,13.49075125,32.37522334,0.43676608,USDT
2024-11-09T14:15:00Z,LINK/USDT,buy,13.50675000,32.56758039,0.43988217,USDT
2024-11-09T14:45:00Z,LINK/USDT,sell,13.45327000,32.56758039,0.43814045,USDT
2024-11-09T15:00:00Z,LINK/USDT,buy,13.47673500,32.50385497,0.43804584,USDT
2024-11-09T15:15:00Z,LINK/USDT,sell,13.51324000,32.50385497,0.43923239,USDT
2024-11-09T15:45:00Z,LINK/USDT,buy,13.52676000,32.4097286,0.43839862,USDT
2024-11-09T16:00:00Z,LINK/USDT,sell,13.52323500,32.4097286,0.43828438,USDT
2024-11-09T19:00:00Z,LINK/USDT,buy,13.58679000,32.35612,0.43961581,USDT
2024-11-09T21:30:00Z,LINK/USDT,stop_sell,13.49360696,32.35612,0.43660077,USDT
2024-11-09T21:45:00Z,LINK/USDT,buy,13.49674500,32.45275501,0.43800656,USDT
2024-11-10T09:00:00Z,LINK/USDT,sell,14.45277000,32.45275501,0.46903220,USDT
2024-11-10T09:30:00Z,LINK/USDT,buy,14.57728500,30.27939164,0.44139132,USDT
2024-11-10T09:45:00Z,LINK/USDT,stop_sell,14.49417786,30.27939164,0.43887489,USDT
2024-11-10T10:00:00Z,LINK/USDT,buy,14.51725500,30.44882598,0.44203337,USDT
2024-11-10T10:15:00Z,LINK/USDT,sell,14.53273000,30.44882598,0.44250457,USDT
2024-11-10T10:30:00Z,LINK/USDT,buy,14.50725000,30.40454709,0.44108637,USDT
2024-11-10T12:15:00Z,LINK/USDT,sell,14.43278000,30.40454709,0.43882214,USDT
2024-11-10T12:30:00Z,LINK/USDT,buy,14.49724500,30.42917141,0.44113915,USDT
2024-11-10T14:45:00Z,LINK/USDT,sell,14.47276000,30.42917141,0.44039409,USDT
2024-11-10T15:15:00Z,LINK/USDT,buy,14.57728500,30.25304085,0.44100720,USDT
2024-11-10T15:30:00Z,LINK/USDT,sell,14.50274500,30.25304085,0.43875214,USDT
2024-11-11T02:45:00Z,LINK/USDT,buy,14.51725500,30.29824426,0.43984734,USDT
2024-11-11T03:15:00Z,LINK/USDT,stop_sell,14.36103018,30.29824426,0.43511400,USDT
2024-11-11T03:30:00Z,LINK/USDT,buy,14.36718000,30.68979938,0.44092587,USDT
2024-11-11T04:15:00Z,LINK/USDT,stop_sell,14.15791750,30.68979938,0.43450365,USDT
2024-11-12T03:00:00Z,LINK/USDT,buy,14.63731500,30.00006918,0.43912046,USDT
2024-11-12T04:15:00Z,LINK/USDT,sell,14.71264000,30.00006918,0.44138022,USDT
2024-11-12T06:15:00Z,LINK/USDT,buy,14.66733000,29.96666802,0.43953101,USDT
2024-11-12T07:45:00Z,LINK/USDT,sell,14.81259000,29.96666802,0.44388397,USDT
2024-11-12T08:00:00Z,LINK/USDT,buy,14.82741000,29.66187022,0.43980871,USDT
2024-11-12T08:15:00Z,LINK/USDT,sell,14.78260500,29.66187022,0.43847971,USDT
2024-11-12T09:30:00Z,LINK/USDT,buy,15.05752500,29.13874891,0.43875744,USDT
2024-11-12T09:45:00Z,LINK/USDT,stop_sell,14.80794946,29.13874891,0.43148512,USDT
2024-11-12T10:00:00Z,LINK/USDT,buy,14.65732500,29.92912201,0.43868087,USDT
2024-11-12T10:00:00Z,LINK/USDT,stop_sell,14.36567071,29.92912201,0.42995191,USDT
2024-11-12T22:45:00Z,LINK/USDT,buy,14.24712000,30.84458602,0.43944652,USDT
2024-11-12T23:15:00Z,LINK/USDT,stop_sell,14.01513179,30.84458602,0.43229094,USDT
2024-11-13T14:45:00Z,LINK/USDT,buy,14.22711000,30.71284663,0.43695505,USDT
2024-11-13T15:30:00Z,LINK/USDT,stop_sell,14.03262304,30.71284663,0.43098180,USDT
2024-11-13T15:45:00Z,LINK/USDT,buy,14.20710000,30.78249762,0.43733002,USDT
2024-11-13T15:45:00Z,LINK/USDT,stop_sell,13.89269304,30.78249762,0.42765179,USDT
2024-11-13T16:00:00Z,LINK/USDT,buy,14.24712000,30.74472385,0.43802377,USDT
2024-11-13T16:30:00Z,LINK/USDT,sell,14.14292500,30.74472385,0.43482032,USDT
2024-11-14T00:30:00Z,LINK/USDT,buy,13.43671500,32.3410602,0.43455761,USDT
2024-11-14T00:45:00Z,LINK/USDT,stop_sell,13.31762357,32.3410602,0.43070607,USDT
2024-11-14T02:00:00Z,LINK/USDT,buy,13.43671500,32.33705323,0.43450377,USDT
2024-11-14T02:15:00Z,LINK/USDT,sell,13.39330000,32.33705323,0.43309986,USDT
2024-11-14T09:00:00Z,LINK/USDT,buy,13.58679000,32.1563204,0.43690117,USDT
2024-11-14T09:30:00Z,LINK/USDT,sell,13.53323000,32.1563204,0.43517888,USDT
2024-11-14T17:15:00Z,LINK/USDT,buy,13.31665500,32.67223631,0.43508490,USDT
2024-11-14T17:45:00Z,LINK/USDT,sell,13.24337500,32.67223631,0.43269068,USDT
2024-11-14T19:30:00Z,LINK/USDT,buy,13.29664500,32.75105543,0.43547916,USDT
2024-11-14T20:00:00Z,LINK/USDT,stop_sell,13.14770857,32.75105543,0.43060133,USDT
2024-11-14T20:30:00Z,LINK/USDT,buy,13.19659500,32.88992371,0.43403500,USDT
2024-11-14T21:00:00Z,LINK/USDT,stop_sell,13.08416893,32.88992371,0.43033732,USDT
2024-11-14T22:30:00Z,LINK/USDT,buy,13.28664000,32.66430937,0.43399892,USDT
2024-11-14T22:30:00Z,LINK/USDT,stop_sell,13.13842750,32.66430937,0.42915766,USDT
2024-11-15T05:45:00Z,LINK/USDT,buy,13.03651500,33.23049657,0.43320987,USDT
2024-11-15T12:15:00Z,LINK/USDT,sell,13.48325500,33.23049657,0.44805526,USDT
2024-11-15T12:30:00Z,LINK/USDT,buy,13.47673500,32.25262104,0.43466003,USDT
2024-11-15T12:30:00Z,LINK/USDT,stop_sell,13.40650768,32.25262104,0.43239501,USDT
2024-11-15T12:45:00Z,LINK/USDT,buy,13.44672000,32.30597022,0.43440934,USDT
2024-11-15T13:30:00Z,LINK/USDT,sell,13.54322500,32.30597022,0.43752702,USDT
2024-11-15T13:45:00Z,LINK/USDT,buy,13.56678000,32.05696678,0.43490982,USDT
2024-11-15T14:00:00Z,LINK/USDT,sell,13.58320500,32.05696678,0.43543635,USDT
2024-11-16T02:45:00Z,LINK/USDT,buy,13.88694000,31.36060614,0.43550286,USDT
2024-11-16T05:15:00Z,LINK/USDT,stop_sell,13.71778054,31.36060614,0.43019791,USDT
2024-11-16T05:30:00Z,LINK/USDT,buy,14.09704500,30.70422813,0.43283889,USDT
2024-11-16T08:30:00Z,LINK/USDT,sell,14.05297000,30.70422813,0.43148560,USDT
2024-11-16T10:30:00Z,LINK/USDT,buy,14.14707000,30.64829219,0.43358353,USDT
2024-11-16T10:45:00Z,LINK/USDT,sell,14.17291000,30.64829219,0.43437549,USDT
2024-11-16T11:15:00Z,LINK/USDT,buy,14.18709000,30.58302213,0.43388409,USDT
2024-11-16T15:45:00Z,LINK/USDT,stop_sell,14.10651464,30.58302213,0.43141985,USDT
2024-11-16T18:15:00Z,LINK/USDT,buy,14.42721000,30.05554026,0.43361759,USDT
2024-11-16T19:15:00Z,LINK/USDT,stop_sell,14.25001429,30.05554026,0.42829188,USDT
2024-11-16T20:00:00Z,LINK/USDT,buy,14.72736000,29.4093669,0.43312233,USDT
2024-11-16T23:15:00Z,LINK/USDT,sell,14.50274500,29.4093669,0.42651655,USDT
2024-11-17T00:30:00Z,LINK/USDT,buy,14.76738000,29.26937352,0.43223196,USDT
2024-11-17T00:45:00Z,LINK/USDT,sell,14.69265000,29.26937352,0.43004466,USDT
2024-11-18T01:15:00Z,LINK/USDT,buy,14.03701500,30.79577196,0.43228071,USDT
2024-11-18T11:00:00Z,LINK/USDT,sell,14.61269000,30.79577196,0.45000907,USDT
2024-11-18T14:30:00Z,LINK/USDT,buy,14.67733500,29.5039051,0.43303870,USDT
2024-11-18T15:00:00Z,LINK/USDT,sell,14.59270000,29.5039051,0.43054164,USDT
2024-11-18T15:15:00Z,LINK/USDT,buy,14.72736000,29.4255105,0.43336009,USDT
2024-11-18T20:45:00Z,LINK/USDT,sell,15.09245000,29.4255105,0.44410305,USDT
2024-11-18T23:45:00Z,LINK/USDT,buy,15.20760000,28.58582044,0.43472172,USDT
2024-11-19T00:00:00Z,LINK/USDT,stop_sell,14.97964929,28.58582044,0.42820556,USDT
2024-11-19T13:30:00Z,LINK/USDT,buy,14.81740500,29.2009722,0.43268263,USDT
2024-11-19T13:45:00Z,LINK/USDT,sell,14.72263500,29.2009722,0.42991526,USDT
2024-11-19T20:15:00Z,LINK/USDT,buy,14.94747000,28.98607962,0.43326856,USDT
2024-11-19T20:30:00Z,LINK/USDT,sell,14.84257500,28.98607962,0.43022806,USDT
2024-11-19T21:00:00Z,LINK/USDT,buy,14.75737500,29.39807814,0.43383846,USDT
2024-11-19T21:15:00Z,LINK/USDT,sell,14.62268500,29.39807814,0.42987884,USDT
2024-11-20T08:45:00Z,LINK/USDT,buy,14.61730500,29.61327689,0.43286630,USDT
2024-11-20T11:15:00Z,LINK/USDT,sell,14.58270500,29.61327689,0.43184168,USDT
2024-11-20T11:30:00Z,LINK/USDT,buy,14.63731500,29.54222122,0.43241880,USDT
2024-11-20T14:45:00Z,LINK/USDT,sell,14.92253500,29.54222122,0.44084483,USDT
2024-11-20T23:15:00Z,LINK/USDT,buy,14.33716500,30.13975751,0.43211868,USDT
2024-11-20T23:30:00Z,LINK/USDT,sell,14.30284500,30.13975751,0.43108428,USDT
2024-11-21T00:15:00Z,LINK/USDT,buy,14.32716000,30.21334567,0.43287144,USDT
2024-11-21T01:15:00Z,LINK/USDT,sell,14.34282500,30.21334567,0.43334473,USDT
2024-11-21T08:00:00Z,LINK/USDT,buy,14.66733000,29.53062635,0.43313544,USDT
2024-11-21T09:30:00Z,LINK/USDT,sell,14.60269500,29.53062635,0.43122673,USDT
2024-11-21T13:00:00Z,LINK/USDT,buy,15.08754000,28.75012168,0.43376861,USDT
2024-11-21T15:15:00Z,LINK/USDT,stop_sell,14.82044321,28.75012168,0.42608955,USDT
2024-11-21T15:30:00Z,LINK/USDT,buy,14.73736500,29.2889224,0.43164154,USDT
2024-11-21T17:15:00Z,LINK/USDT,sell,14.92253500,29.2889224,0.43706497,USDT
2024-11-22T00:15:00Z,LINK/USDT,buy,15.06753000,28.65272507,0.43172579,USDT
2024-11-22T00:15:00Z,LINK/USDT,stop_sell,14.94074018,28.65272507,0.42809292,USDT
2024-11-22T01:30:00Z,LINK/USDT,buy,14.86743000,29.03319964,0.43164906,USDT
2024-11-22T09:15:00Z,LINK/USDT,stop_sell,14.69336393,29.03319964,0.42659537,USDT
2024-11-22T12:00:00Z,LINK/USDT,buy,15.32766000,28.1679114,0.43174817,USDT
2024-11-22T12:15:00Z,LINK/USDT,sell,15.34232500,28.1679114,0.43216125,USDT
2024-11-22T12:45:00Z,LINK/USDT,buy,15.47773500,27.78444957,0.43004035,USDT
2024-11-22T13:15:00Z,LINK/USDT,sell,15.31234000,27.78444957,0.42544494,USDT
2024-11-22T15:15:00Z,LINK/USDT,buy,15.21760500,28.3593539,0.43156145,USDT
2024-11-22T17:45:00Z,LINK/USDT,sell,15.45227000,28.3593539,0.43821639,USDT
2024-11-22T18:00:00Z,LINK/USDT,buy,15.43771500,27.98451651,0.43201699,USDT
2024-11-22T20:45:00Z,LINK/USDT,sell,15.23238000,27.98451651,0.42627079,USDT
2024-11-22T22:30:00Z,LINK/USDT,buy,15.74787000,27.36423382,0.43092840,USDT
2024-11-22T22:45:00Z,LINK/USDT,stop_sell,15.54900732,27.36423382,0.42548667,USDT
2024-11-23T03:15:00Z,LINK/USDT,buy,16.63831500,25.90061343,0.43094256,USDT
2024-11-23T05:30:00Z,LINK/USDT,sell,16.78160500,25.90061343,0.43465386,USDT
2024-11-23T05:45:00Z,LINK/USDT,buy,16.85842500,25.57557013,0.43116383,USDT
2024-11-23T06:15:00Z,LINK/USDT,sell,16.91154000,25.57557013,0.43252228,USDT
2024-11-23T09:30:00Z,LINK/USDT,buy,16.88844000,25.54756238,0.43145847,USDT
2024-11-23T10:30:00Z,LINK/USDT,sell,16.75162000,25.54756238,0.42796306,USDT
2024-11-23T11:45:00Z,LINK/USDT,buy,16.91845500,25.43631218,0.43034310,USDT
2024-11-23T19:30:00Z,LINK/USDT,sell,17.57121000,25.43631218,0.44694678,USDT
2024-11-23T21:15:00Z,LINK/USDT,buy,17.48874000,24.7496357,0.43283994,USDT
2024-11-23T21:45:00Z,LINK/USDT,sell,17.55122000,24.7496357,0.43438630,USDT
2024-11-24T01:00:00Z,LINK/USDT,buy,18.30915000,23.60177684,0.43212847,USDT
2024-11-24T01:15:00Z,LINK/USDT,stop_sell,17.96886821,23.60177684,0.42409722,USDT
2024-11-24T02:30:00Z,LINK/USDT,buy,17.93896500,24.07655016,0.43190839,USDT
2024-11-24T05:00:00Z,LINK/USDT,sell,17.76111500,24.07655016,0.42762638,USDT
2024-11-24T17:30:00Z,LINK/USDT,buy,16.67833500,25.84493443,0.43105047,USDT
2024-11-25T02:45:00Z,LINK/USDT,sell,17.53123000,25.84493443,0.45309349,USDT
2024-11-25T04:15:00Z,LINK/USDT,buy,18.20910000,23.77605218,0.43294051,USDT
2024-11-25T05:00:00Z,LINK/USDT,sell,18.01099000,23.77605218,0.42823024,USDT
2024-11-25T07:30:00Z,LINK/USDT,buy,18.02901000,24.09632342,0.43443286,USDT
2024-11-25T13:30:00Z,LINK/USDT,sell,18.44077500,24.09632342,0.44435488,USDT
2024-11-25T13:45:00Z,LINK/USDT,buy,18.50925000,23.32912095,0.43180453,USDT
2024-11-25T14:00:00Z,LINK/USDT,sell,18.40079500,23.32912095,0.42927437,USDT
2024-11-25T14:15:00Z,LINK/USDT,buy,18.68934000,23.10253006,0.43177104,USDT
2024-11-25T14:15:00Z,LINK/USDT,stop_sell,18.36081500,23.10253006,0.42418128,USDT
2024-11-25T16:30:00Z,LINK/USDT,buy,18.62931000,23.20288625,0.43225376,USDT
2024-11-25T16:45:00Z,LINK/USDT,sell,18.29085000,23.20288625,0.42440051,USDT
2024-11-25T19:45:00Z,LINK/USDT,buy,18.02901000,23.91143049,0.43109942,USDT
2024-11-25T20:15:00Z,LINK/USDT,sell,17.96101500,23.91143049,0.42947356,USDT
2024-11-26T02:30:00Z,LINK/USDT,buy,17.68884000,24.34649031,0.43066117,USDT
2024-11-26T02:45:00Z,LINK/USDT,sell,17.72113500,24.34649031,0.43144744,USDT
2024-11-26T14:30:00Z,LINK/USDT,buy,17.03851500,25.23094264,0.42989779,USDT
2024-11-26T18:30:00Z,LINK/USDT,stop_sell,16.71306786,25.23094264,0.42168646,USDT
2024-11-26T18:45:00Z,LINK/USDT,buy,16.90845000,25.44196849,0.43018425,USDT
2024-11-26T19:15:00Z,LINK/USDT,sell,16.99150000,25.44196849,0.43229721,USDT
2024-11-26T20:15:00Z,LINK/USDT,buy,17.18859000,25.00377462,0.42977963,USDT
2024-11-26T20:30:00Z,LINK/USDT,sell,17.05147000,25.00377462,0.42635111,USDT
2024-11-26T20:45:00Z,LINK/USDT,buy,17.15857500,25.07134348,0.43018853,USDT
2024-11-26T21:15:00Z,LINK/USDT,sell,17.11144000,25.07134348,0.42900679,USDT
2024-11-26T22:00:00Z,LINK/USDT,buy,17.19859500,24.94531314,0.42902434,USDT
2024-11-27T01:00:00Z,LINK/USDT,sell,17.11144000,24.94531314,0.42685023,USDT
2024-11-27T02:30:00Z,LINK/USDT,buy,17.30865000,24.75859437,0.42853784,USDT
2024-11-27T02:45:00Z,LINK/USDT,sell,17.26136500,24.75859437,0.42736713,USDT
2024-11-27T04:45:00Z,LINK/USDT,buy,17.79889500,24.09574782,0.42887769,USDT
2024-11-27T11:15:00Z,LINK/USDT,sell,18.07096000,24.09574782,0.43543330,USDT
2024-11-27T19:00:00Z,LINK/USDT,buy,18.14907000,23.65617714,0.42933761,USDT
2024-11-27T19:15:00Z,LINK/USDT,sell,18.09095000,23.65617714,0.42796272,USDT
2024-11-27T21:30:00Z,LINK/USDT,buy,18.16908000,23.63331714,0.42939563,USDT
2024-11-27T21:30:00Z,LINK/USDT,stop_sell,18.01384571,23.63331714,0.42572693,USDT
2024-11-27T21:45:00Z,LINK/USDT,buy,18.35917500,23.39438808,0.42950166,USDT
2024-11-27T23:00:00Z,LINK/USDT,stop_sell,18.15163393,23.39438808,0.42464637,USDT
2024-11-27T23:15:00Z,LINK/USDT,buy,18.75937500,22.84599349,0.42857656,USDT
2024-11-28T00:45:00Z,LINK/USDT,stop_sell,18.44505857,22.84599349,0.42139569,USDT
2024-11-28T12:00:00Z,LINK/USDT,buy,18.03901500,23.73584409,0.42817125,USDT
2024-11-28T12:45:00Z,LINK/USDT,stop_sell,17.88890821,23.73584409,0.42460834,USDT
2024-11-28T13:00:00Z,LINK/USDT,buy,17.96898000,23.75578961,0.42686731,USDT
2024-11-28T13:00:00Z,LINK/USDT,stop_sell,17.85785232,23.75578961,0.42422738,USDT
2024-11-28T18:15:00Z,LINK/USDT,buy,17.92896000,23.80643108,0.42682455,USDT
2024-11-28T18:30:00Z,LINK/USDT,sell,17.90104500,23.80643108,0.42615999,USDT
2024-11-28T20:00:00Z,LINK/USDT,buy,17.81890500,23.93307008,0.42646110,USDT
2024-11-28T20:15:00Z,LINK/USDT,stop_sell,17.68758036,23.93307008,0.42331810,USDT
2024-11-28T22:30:00Z,LINK/USDT,buy,17.97898500,23.72895149,0.42662246,USDT
2024-11-29T00:00:00Z,LINK/USDT,stop_sell,17.87998411,23.72895149,0.42427328,USDT
2024-11-29T00:15:00Z,LINK/USDT,buy,17.93896500,23.82070062,0.42731871,USDT
2024-11-29T00:30:00Z,LINK/USDT,sell,17.90104500,23.82070062,0.42641543,USDT
2024-11-29T02:15:00Z,LINK/USDT,buy,18.02901000,23.61495733,0.42575430,USDT
2024-11-29T02:30:00Z,LINK/USDT,sell,18.01099000,23.61495733,0.42532876,USDT
2024-11-29T09:30:00Z,LINK/USDT,buy,17.75887500,23.94089045,0.42516328,USDT
2024-11-29T09:45:00Z,LINK/USDT,sell,17.77111000,23.94089045,0.42545620,USDT
2024-11-29T11:30:00Z,LINK/USDT,buy,18.05902500,23.60682735,0.42631629,USDT
2024-11-29T12:45:00Z,LINK/USDT,stop_sell,17.94780732,23.60682735,0.42369079,USDT
2024-11-29T15:15:00Z,LINK/USDT,buy,18.37918500,23.16785601,0.42580631,USDT
2024-11-29T15:15:00Z,LINK/USDT,stop_sell,18.25087000,23.16785601,0.42283353,USDT
2024-11-29T20:30:00Z,LINK/USDT,buy,18.18909000,23.39304451,0.42549819,USDT
2024-11-29T21:15:00Z,LINK/USDT,stop_sell,18.03847625,23.39304451,0.42197488,USDT
2024-11-29T21:30:00Z,LINK/USDT,buy,18.08904000,23.55511449,0.42608941,USDT
2024-11-30T00:45:00Z,LINK/USDT,sell,18.04097500,23.55511449,0.42495723,USDT
2024-11-30T01:45:00Z,LINK/USDT,buy,18.32916000,23.21196935,0.42545590,USDT
2024-11-30T02:15:00Z,LINK/USDT,stop_sell,18.11665143,23.21196935,0.42052316,USDT
2024-11-30T02:30:00Z,LINK/USDT,buy,18.20910000,23.36537485,0.42546245,USDT
2024-11-30T05:15:00Z,LINK/USDT,sell,18.31084000,23.36537485,0.42783964,USDT
2024-11-30T05:30:00Z,LINK/USDT,buy,18.34917000,23.16807268,0.42511490,USDT
2024-11-30T10:45:00Z,LINK/USDT,sell,18.27086000,23.16807268,0.42330061,USDT
2024-11-30T14:15:00Z,LINK/USDT,buy,18.55927500,22.89416158,0.42489904,USDT
2024-11-30T15:00:00Z,LINK/USDT,sell,18.52073500,22.89416158,0.42401670,USDT
2024-11-30T15:15:00Z,LINK/USDT,buy,18.64932000,22.73950992,0.42407640,USDT
2024-12-01T00:30:00Z,LINK/USDT,sell,19.03048000,22.73950992,0.43274379,USDT
2024-12-01T05:30:00Z,LINK/USDT,buy,18.70935000,22.67577913,0.42424909,USDT
2024-12-01T05:45:00Z,LINK/USDT,sell,18.66066500,22.67577913,0.42314512,USDT
2024-12-01T08:15:00Z,LINK/USDT,buy,18.74937000,22.66744886,0.42500039,USDT
2024-12-01T08:30:00Z,LINK/USDT,sell,18.73063000,22.66744886,0.42457560,USDT
2024-12-01T14:15:00Z,LINK/USDT,buy,18.74937000,22.66200868,0.42489839,USDT
2024-12-01T14:15:00Z,LINK/USDT,stop_sell,18.64817125,22.66200868,0.42260502,USDT
2024-12-01T15:00:00Z,LINK/USDT,buy,18.80940000,22.57631771,0.42464699,USDT
2024-12-01T17:30:00Z,LINK/USDT,stop_sell,18.69636143,22.57631771,0.42209500,USDT
2024-12-01T17:45:00Z,LINK/USDT,buy,18.73936500,22.68250663,0.42505577,USDT
2024-12-01T18:00:00Z,LINK/USDT,sell,18.69065000,22.68250663,0.42395079,USDT
2024-12-01T19:15:00Z,LINK/USDT,buy,18.73936500,22.63782997,0.42421856,USDT
2024-12-01T19:45:00Z,LINK/USDT,sell,18.66066500,22.63782997,0.42243696,USDT
2024-12-01T21:15:00Z,LINK/USDT,buy,18.87943500,22.47064131,0.42423301,USDT
2024-12-01T21:45:00Z,LINK/USDT,sell,18.78060500,22.47064131,0.42201224,USDT
2024-12-01T23:15:00Z,LINK/USDT,buy,18.88944000,22.43384182,0.42376271,USDT
2024-12-02T00:00:00Z,LINK/USDT,stop_sell,18.69707536,22.43384182,0.41944723,USDT
2024-12-02T00:15:00Z,LINK/USDT,buy,18.98949000,22.22364698,0.42201572,USDT
2024-12-02T02:00:00Z,LINK/USDT,stop_sell,18.82272679,22.22364698,0.41830964,USDT
2024-12-02T02:30:00Z,LINK/USDT,buy,19.21960500,21.97372794,0.42232637,USDT
2024-12-02T03:45:00Z,LINK/USDT,stop_sell,18.89197786,21.97372794,0.41512718,USDT
2024-12-02T04:00:00Z,LINK/USDT,buy,18.89944500,22.31139504,0.42167298,USDT
2024-12-02T04:15:00Z,LINK/USDT,sell,18.67066000,22.31139504,0.41656847,USDT
2024-12-02T04:45:00Z,LINK/USDT,buy,19.10955000,22.05314716,0.42142572,USDT
2024-12-02T12:30:00Z,LINK/USDT,sell,19.90004500,22.05314716,0.43885862,USDT
2024-12-02T12:45:00Z,LINK/USDT,buy,20.01000000,21.11742303,0.42255963,USDT
2024-12-02T13:00:00Z,LINK/USDT,sell,19.84007500,21.11742303,0.41897126,USDT
2024-12-02T13:15:00Z,LINK/USDT,buy,20.24011500,20.92215795,0.42346688,USDT
2024-12-03T02:00:00Z,LINK/USDT,sell,24.53772500,20.92215795,0.51338216,USDT
2024-12-03T08:00:00Z,LINK/USDT,buy,25.11255000,17.10090985,0.42944745,USDT
2024-12-03T11:15:00Z,LINK/USDT,sell,24.63767500,17.10090985,0.42132666,USDT
2024-12-03T19:15:00Z,LINK/USDT,buy,23.99199000,17.88362397,0.42906373,USDT
2024-12-03T21:15:00Z,LINK/USDT,stop_sell,23.48967786,17.88362397,0.42008057,USDT
2024-12-04T07:00:00Z,LINK/USDT,buy,24.43221000,17.55807932,0.42898268,USDT
2024-12-04T09:15:00Z,LINK/USDT,stop_sell,24.09508929,17.55807932,0.42306349,USDT
2024-12-04T09:30:00Z,LINK/USDT,buy,24.12205500,17.76162191,0.42844682,USDT
2024-12-04T10:00:00Z,LINK/USDT,sell,24.06796000,17.76162191,0.42748601,USDT
2024-12-04T11:30:00Z,LINK/USDT,buy,25.07253000,17.08168261,0.42828100,USDT
2024-12-04T11:45:00Z,LINK/USDT,stop_sell,24.63089268,17.08168261,0.42073709,USDT
2024-12-04T13:15:00Z,LINK/USDT,buy,24.54226500,17.38123297,0.42657483,USDT
2024-12-04T13:30:00Z,LINK/USDT,sell,24.24787000,17.38123297,0.42145788,USDT
2024-12-04T13:45:00Z,LINK/USDT,buy,24.45222000,17.46849173,0.42714340,USDT
2024-12-04T16:00:00Z,LINK/USDT,stop_sell,23.92767304,17.46849173,0.41798036,USDT
2024-12-04T17:15:00Z,LINK/USDT,buy,24.22210500,17.55073112,0.42511565,USDT
2024-12-04T19:15:00Z,LINK/USDT,sell,25.05746500,17.55073112,0.43977683,USDT
2024-12-05T08:15:00Z,LINK/USDT,buy,24.06202500,17.7499556,0.42709988,USDT
2024-12-05T08:45:00Z,LINK/USDT,stop_sell,23.73883893,17.7499556,0.42136334,USDT
2024-12-05T09:00:00Z,LINK/USDT,buy,24.02200500,17.76499093,0.42675070,USDT
2024-12-05T09:15:00Z,LINK/USDT,sell,23.82808000,17.76499093,0.42330563,USDT
2024-12-05T15:45:00Z,LINK/USDT,buy,24.36217500,17.56035142,0.42780835,USDT
2024-12-05T16:15:00Z,LINK/USDT,stop_sell,23.82558125,17.56035142,0.41838558,USDT
2024-12-05T16:30:00Z,LINK/USDT,buy,24.24211500,17.49041171,0.42400457,USDT
2024-12-05T17:15:00Z,LINK/USDT,sell,24.39779500,17.49041171,0.42672748,USDT
2024-12-05T18:45:00Z,LINK/USDT,buy,24.36217500,17.43201224,0.42468173,USDT
2024-12-05T19:00:00Z,LINK/USDT,sell,24.12793000,17.43201224,0.42059837,USDT
2024-12-06T04:45:00Z,LINK/USDT,buy,24.14206500,17.60350133,0.42498487,USDT
2024-12-06T06:15:00Z,LINK/USDT,stop_sell,23.90375643,17.60350133,0.42078981,USDT
2024-12-06T06:30:00Z,LINK/USDT,buy,24.17208000,17.56495116,0.42458140,USDT
2024-12-06T07:00:00Z,LINK/USDT,stop_sell,23.88662214,17.56495116,0.41956735,USDT
2024-12-06T15:30:00Z,LINK/USDT,buy,23.98198500,17.69201017,0.42428952,USDT
2024-12-06T20:00:00Z,LINK/USDT,stop_sell,23.53679714,17.69201017,0.41641325,USDT
2024-12-06T20:15:00Z,LINK/USDT,buy,25.04251500,16.88086183,0.42273924,USDT
2024-12-06T20:30:00Z,LINK/USDT,stop_sell,24.48453732,16.88086183,0.41332009,USDT
2024-12-06T21:00:00Z,LINK/USDT,buy,25.14256500,16.80791046,0.42259398,USDT
2024-12-07T02:00:00Z,LINK/USDT,sell,25.23737500,16.80791046,0.42418754,USDT
2024-12-07T02:15:00Z,LINK/USDT,buy,25.39269000,16.65126259,0.42282035,USDT
2024-12-07T07:30:00Z,LINK/USDT,sell,25.45726500,16.65126259,0.42389560,USDT
2024-12-07T23:15:00Z,LINK/USDT,buy,24.81240000,17.05534175,0.42318396,USDT
2024-12-07T23:30:00Z,LINK/USDT,sell,24.79759500,17.05534175,0.42293146,USDT
2024-12-08T00:30:00Z,LINK/USDT,buy,24.89244000,16.99006136,0.42292408,USDT
2024-12-08T02:00:00Z,LINK/USDT,sell,24.73762500,16.99006136,0.42029377,USDT
2024-12-08T02:30:00Z,LINK/USDT,buy,24.83241000,16.99939761,0.42213601,USDT
2024-12-08T04:00:00Z,LINK/USDT,sell,24.77760500,16.99939761,0.42120436,USDT
2024-12-08T04:15:00Z,LINK/USDT,buy,24.95247000,16.96634674,0.42335226,USDT
2024-12-08T05:00:00Z,LINK/USDT,sell,24.74762000,16.96634674,0.41987670,USDT
2024-12-08T06:00:00Z,LINK/USDT,buy,25.05252000,16.84408872,0.42198687,USDT
2024-12-08T09:30:00Z,LINK/USDT,stop_sell,24.89433232,16.84408872,0.41932234,USDT
2024-12-08T09:45:00Z,LINK/USDT,buy,25.67283000,16.45808881,0.42252572,USDT
2024-12-08T12:00:00Z,LINK/USDT,stop_sell,25.06674607,16.45808881,0.41255073,USDT
2024-12-08T12:15:00Z,LINK/USDT,buy,26.40319500,15.93263618,0.42067250,USDT
2024-12-08T16:15:00Z,LINK/USDT,sell,26.08695000,15.93263618,0.41563388,USDT
2024-12-08T21:45:00Z,LINK/USDT,buy,26.14306500,16.06703424,0.42004152,USDT
2024-12-09T01:45:00Z,LINK/USDT,stop_sell,25.89454625,16.06703424,0.41604856,USDT
2024-12-09T02:00:00Z,LINK/USDT,buy,25.95297000,16.16978617,0.41965398,USDT
2024-12-09T07:00:00Z,LINK/USDT,sell,26.26686000,16.16978617,0.42472951,USDT
2024-12-10T05:00:00Z,LINK/USDT,buy,22.34116500,18.81471519,0.42034266,USDT
2024-12-10T11:45:00Z,LINK/USDT,sell,23.14842000,18.81471519,0.43553093,USDT
2024-12-10T12:00:00Z,LINK/USDT,buy,23.18158500,18.14265554,0.42057551,USDT
2024-12-10T12:15:00Z,LINK/USDT,stop_sell,22.86427643,18.14265554,0.41481869,USDT
2024-12-10T20:45:00Z,LINK/USDT,buy,21.59079000,19.39869271,0.41883310,USDT
2024-12-11T01:30:00Z,LINK/USDT,sell,21.35931500,19.39869271,0.41434279,USDT
2024-12-11T02:45:00Z,LINK/USDT,buy,22.22110500,18.84871148,0.41883920,USDT
2024-12-11T03:15:00Z,LINK/USDT,sell,22.12893000,18.84871148,0.41710182,USDT
2024-12-11T06:15:00Z,LINK/USDT,buy,22.35117000,18.75533333,0.41920364,USDT
2024-12-11T07:30:00Z,LINK/USDT,sell,22.45876500,18.75533333,0.42122162,USDT
2024-12-11T16:00:00Z,LINK/USDT,buy,23.96197500,17.5890334,0.42146798,USDT
2024-12-11T17:30:00Z,LINK/USDT,sell,23.62818000,17.5890334,0.41559685,USDT
2024-12-11T17:45:00Z,LINK/USDT,buy,23.62180500,17.75241057,0.41934398,USDT
2024-12-11T18:00:00Z,LINK/USDT,sell,23.47825500,17.75241057,0.41679562,USDT
2024-12-11T18:15:00Z,LINK/USDT,buy,23.60179500,17.80121877,0.42014072,USDT
2024-12-11T18:30:00Z,LINK/USDT,sell,23.58820000,17.80121877,0.41989871,USDT
2024-12-12T01:00:00Z,LINK/USDT,buy,24.09204000,17.45656553,0.42056428,USDT
2024-12-12T03:30:00Z,LINK/USDT,stop_sell,23.76454036,17.45656553,0.41484726,USDT
2024-12-12T03:45:00Z,LINK/USDT,buy,26.80339500,15.63136459,0.41897364,USDT
2024-12-12T10:00:00Z,LINK/USDT,sell,28.02598000,15.63136459,0.43808431,USDT
2024-12-12T14:45:00Z,LINK/USDT,buy,28.09404000,14.96502433,0.42042799,USDT
2024-12-12T15:45:00Z,LINK/USDT,sell,28.35581500,14.96502433,0.42434546,USDT
2024-12-12T16:00:00Z,LINK/USDT,buy,28.25412000,14.93653336,0.42201861,USDT
2024-12-12T16:15:00Z,LINK/USDT,sell,28.29584500,14.93653336,0.42264183,USDT
2024-12-12T17:15:00Z,LINK/USDT,buy,28.42420500,14.81481614,0.42109937,USDT
2024-12-12T19:00:00Z,LINK/USDT,stop_sell,27.78931268,14.81481614,0.41169356,USDT
2024-12-12T21:00:00Z,LINK/USDT,buy,28.32415500,14.79115816,0.41894706,USDT
2024-12-12T22:15:00Z,LINK/USDT,sell,28.10594000,14.79115816,0.41571940,USDT
2024-12-12T22:30:00Z,LINK/USDT,buy,28.53426000,14.71225904,0.41980342,USDT
2024-12-12T23:45:00Z,LINK/USDT,stop_sell,27.75504411,14.71225904,0.40833940,USDT
2024-12-13T00:00:00Z,LINK/USDT,buy,29.15457000,14.38489461,0.41938542,USDT
2024-12-13T02:00:00Z,LINK/USDT,sell,28.89554500,14.38489461,0.41565937,USDT
2024-12-13T02:15:00Z,LINK/USDT,buy,29.15457000,14.3476648,0.41830000,USDT
2024-12-13T05:15:00Z,LINK/USDT,sell,29.21538500,14.3476648,0.41917255,USDT
2024-12-13T05:45:00Z,LINK/USDT,buy,29.33466000,14.21111583,0.41687825,USDT
2024-12-13T07:00:00Z,LINK/USDT,sell,29.05546500,14.21111583,0.41291058,USDT
2024-12-13T22:45:00Z,LINK/USDT,buy,28.30414500,14.76036098,0.41777940,USDT
2024-12-14T05:00:00Z,LINK/USDT,sell,29.58520000,14.76036098,0.43668823,USDT
2024-12-14T08:45:00Z,LINK/USDT,buy,29.89494000,14.00894174,0.41879647,USDT
2024-12-14T12:15:00Z,LINK/USDT,stop_sell,29.57877464,14.00894174,0.41436733,USDT
2024-12-14T14:45:00Z,LINK/USDT,buy,30.32515500,13.82379826,0.41920882,USDT
2024-12-14T15:00:00Z,LINK/USDT,sell,30.02498000,13.82379826,0.41505927,USDT
2024-12-14T15:15:00Z,LINK/USDT,buy,30.42520500,13.751568,0.41839428,USDT
2024-12-14T16:15:00Z,LINK/USDT,sell,30.13492500,13.751568,0.41440247,USDT
2024-12-14T16:45:00Z,LINK/USDT,buy,30.08503500,13.9174175,0.41870599,USDT
2024-12-14T18:15:00Z,LINK/USDT,stop_sell,29.44562696,13.9174175,0.40980708,USDT
2024-12-14T18:30:00Z,LINK/USDT,buy,29.43471000,14.1893637,0.41765981,USDT
2024-12-14T19:00:00Z,LINK/USDT,sell,29.37530500,14.1893637,0.41681689,USDT
2024-12-15T07:00:00Z,LINK/USDT,buy,29.33466000,14.18962594,0.41624785,USDT
2024-12-15T07:15:00Z,LINK/USDT,stop_sell,28.99656589,14.18962594,0.41145042,USDT
2024-12-15T16:15:00Z,LINK/USDT,buy,29.30464500,14.22272988,0.41679205,USDT
2024-12-15T18:00:00Z,LINK/USDT,stop_sell,28.98550000,14.22272988,0.41225294,USDT
2024-12-15T18:45:00Z,LINK/USDT,buy,28.87443000,14.46000873,0.41752451,USDT
2024-12-15T19:30:00Z,LINK/USDT,sell,28.96551000,14.46000873,0.41884153,USDT
2024-12-16T05:30:00Z,LINK/USDT,buy,29.11455000,14.26297336,0.41526005,USDT
2024-12-16T05:45:00Z,LINK/USDT,sell,29.06546000,14.26297336,0.41455988,USDT
2024-12-16T06:45:00Z,LINK/USDT,buy,29.09454000,14.24900288,0.41456818,USDT
2024-12-16T06:45:00Z,LINK/USDT,stop_sell,28.89661589,14.24900288,0.41174796,USDT
2024-12-16T07:15:00Z,LINK/USDT,buy,29.08453500,14.33232773,0.41684909,USDT
2024-12-16T14:00:00Z,LINK/USDT,sell,29.35531500,14.33232773,0.42073000,USDT
2024-12-17T12:30:00Z,LINK/USDT,buy,28.38418500,14.65929645,0.41609218,USDT
2024-12-17T13:00:00Z,LINK/USDT,sell,28.24587000,14.65929645,0.41406458,USDT
2024-12-17T21:30:00Z,LINK/USDT,buy,28.06402500,14.77102832,0.41453451,USDT
2024-12-17T22:30:00Z,LINK/USDT,sell,28.07595500,14.77102832,0.41471073,USDT
2024-12-17T23:30:00Z,LINK/USDT,buy,28.04401500,14.89092417,0.41760130,USDT
2024-12-18T00:30:00Z,LINK/USDT,sell,27.58620000,14.89092417,0.41078401,USDT
2024-12-18T01:00:00Z,LINK/USDT,buy,27.91395000,14.8690011,0.41505255,USDT
2024-12-18T02:00:00Z,LINK/USDT,sell,27.84607000,14.8690011,0.41404325,USDT
2024-12-18T02:15:00Z,LINK/USDT,buy,28.14406500,14.73172498,0.41461063,USDT
2024-12-18T02:45:00Z,LINK/USDT,sell,28.19589500,14.73172498,0.41537417,USDT
2024-12-18T03:30:00Z,LINK/USDT,buy,27.96397500,14.82104157,0.41445524,USDT
2024-12-18T03:45:00Z,LINK/USDT,sell,27.64617000,14.82104157,0.40974503,USDT
2024-12-18T04:00:00Z,LINK/USDT,buy,27.67383000,14.93869423,0.41341088,USDT
2024-12-18T04:15:00Z,LINK/USDT,sell,27.43627500,14.93869423,0.40986212,USDT
2024-12-18T09:15:00Z,LINK/USDT,buy,27.26362500,15.20573947,0.41456358,USDT
2024-12-18T10:15:00Z,LINK/USDT,sell,27.26636000,15.20573947,0.41460517,USDT
2024-12-18T12:00:00Z,LINK/USDT,buy,27.83391000,14.82756079,0.41270899,USDT
2024-12-18T12:15:00Z,LINK/USDT,stop_sell,27.69900071,14.82756079,0.41070862,USDT
2024-12-18T14:15:00Z,LINK/USDT,buy,27.50374500,15.08979636,0.41502591,USDT
2024-12-18T14:30:00Z,LINK/USDT,sell,27.26636000,15.08979636,0.41144382,USDT
2024-12-18T17:45:00Z,LINK/USDT,buy,27.66382500,14.96229665,0.41391436,USDT
2024-12-18T19:15:00Z,LINK/USDT,stop_sell,27.13071357,14.96229665,0.40593778,USDT
2024-12-18T19:45:00Z,LINK/USDT,buy,27.18358500,15.1730386,0.41245758,USDT
2024-12-18T19:45:00Z,LINK/USDT,stop_sell,26.74590607,15.1730386,0.40581667,USDT
2024-12-19T09:30:00Z,LINK/USDT,buy,24.72235500,16.68522414,0.41249803,USDT
2024-12-19T14:45:00Z,LINK/USDT,sell,24.69764500,16.68522414,0.41208574,USDT
2024-12-19T23:00:00Z,LINK/USDT,buy,23.09154000,17.82940407,0.41170840,USDT
2024-12-19T23:15:00Z,LINK/USDT,sell,22.97850500,17.82940407,0.40969305,USDT
2024-12-20T00:30:00Z,LINK/USDT,buy,23.04151500,17.86598499,0.41165936,USDT
2024-12-20T05:15:00Z,LINK/USDT,sell,23.01848500,17.86598499,0.41124791,USDT
2024-12-20T05:45:00Z,LINK/USDT,buy,22.97148000,17.83074286,0.40959855,USDT
2024-12-20T05:45:00Z,LINK/USDT,stop_sell,22.82858000,17.83074286,0.40705054,USDT
2024-12-20T14:00:00Z,LINK/USDT,buy,21.72085500,18.95227522,0.41165962,USDT
2024-12-21T00:15:00Z,LINK/USDT,sell,23.12843000,18.95227522,0.43833637,USDT
2024-12-21T00:45:00Z,LINK/USDT,buy,23.35167000,17.72429299,0.41389184,USDT
2024-12-21T01:00:00Z,LINK/USDT,sell,23.32833000,17.72429299,0.41347816,USDT
2024-12-21T09:30:00Z,LINK/USDT,buy,23.91195000,17.31173976,0.41395746,USDT
2024-12-21T10:45:00Z,LINK/USDT,sell,24.02798000,17.31173976,0.41596614,USDT
2024-12-22T02:15:00Z,LINK/USDT,buy,22.26112500,18.49331225,0.41168194,USDT
2024-12-22T02:30:00Z,LINK/USDT,stop_sell,22.02933696,18.49331225,0.40739541,USDT
2024-12-22T03:30:00Z,LINK/USDT,buy,22.19109000,18.57476744,0.41219434,USDT
2024-12-22T04:45:00Z,LINK/USDT,sell,21.93902500,18.57476744,0.40751229,USDT
2024-12-22T06:30:00Z,LINK/USDT,buy,22.00099500,18.72341987,0.41193387,USDT
2024-12-22T06:45:00Z,LINK/USDT,sell,22.02898000,18.72341987,0.41245784,USDT
2024-12-22T13:30:00Z,LINK/USDT,buy,22.52125500,18.35571457,0.41339373,USDT
2024-12-22T14:00:00Z,LINK/USDT,stop_sell,22.28742214,18.35571457,0.40910156,USDT
2024-12-22T19:00:00Z,LINK/USDT,buy,22.29114000,18.51881948,0.41280560,USDT
2024-12-22T19:15:00Z,LINK/USDT,stop_sell,22.01077482,18.51881948,0.40761357,USDT
2024-12-22T19:30:00Z,LINK/USDT,buy,22.01100000,18.69889765,0.41158144,USDT
2024-12-22T19:45:00Z,LINK/USDT,stop_sell,21.75804411,18.69889765,0.40685144,USDT
2024-12-22T20:45:00Z,LINK/USDT,buy,21.87093000,18.8155086,0.41151267,USDT
2024-12-22T22:00:00Z,LINK/USDT,sell,22.08895000,18.8155086,0.41561483,USDT
2024-12-22T23:00:00Z,LINK/USDT,buy,22.18108500,18.56411847,0.41177229,USDT
2024-12-22T23:30:00Z,LINK/USDT,sell,22.08895000,18.56411847,0.41006188,USDT
2024-12-23T00:00:00Z,LINK/USDT,buy,22.12105500,18.60535231,0.41157002,USDT
2024-12-23T00:15:00Z,LINK/USDT,stop_sell,21.81265964,18.60535231,0.40583222,USDT
2024-12-23T00:30:00Z,LINK/USDT,buy,21.87093000,18.80283286,0.41123544,USDT
2024-12-23T01:15:00Z,LINK/USDT,sell,21.66916000,18.80283286,0.40744159,USDT
2024-12-23T01:45:00Z,LINK/USDT,buy,22.13106000,18.51466009,0.40974905,USDT
2024-12-23T02:00:00Z,LINK/USDT,sell,22.01898500,18.51466009,0.40767402,USDT
2024-12-23T02:45:00Z,LINK/USDT,buy,22.29114000,18.4293695,0.41081166,USDT
2024-12-23T07:45:00Z,LINK/USDT,sell,22.49874500,18.4293695,0.41463768,USDT
2024-12-23T10:30:00Z,LINK/USDT,buy,23.21160000,17.60916385,0.40873687,USDT
2024-12-23T13:00:00Z,LINK/USDT,stop_sell,23.00991786,17.60916385,0.40518541,USDT
2024-12-23T13:15:00Z,LINK/USDT,buy,22.90144500,17.90931794,0.41014926,USDT
2024-12-23T13:45:00Z,LINK/USDT,sell,22.76861000,17.90931794,0.40777028,USDT
2024-12-24T00:30:00Z,LINK/USDT,buy,24.35217000,16.83882184,0.41006185,USDT
2024-12-24T01:30:00Z,LINK/USDT,sell,24.04797000,16.83882184,0.40493948,USDT
2024-12-24T11:30:00Z,LINK/USDT,buy,24.14206500,16.95870475,0.40941815,USDT
2024-12-24T12:15:00Z,LINK/USDT,sell,23.95801500,16.95870475,0.40629690,USDT
2024-12-24T13:30:00Z,LINK/USDT,buy,24.35217000,16.7512736,0.40792986,USDT
2024-12-24T13:45:00Z,LINK/USDT,sell,24.47775500,16.7512736,0.41003357,USDT
2024-12-24T20:45:00Z,LINK/USDT,buy,25.27263000,16.24310755,0.41050605,USDT
2024-12-25T00:30:00Z,LINK/USDT,sell,25.12743000,16.24310755,0.40814755,USDT
2024-12-25T01:00:00Z,LINK/USDT,buy,25.11255000,16.27826666,0.40878879,USDT
2024-12-25T01:30:00Z,LINK/USDT,sell,25.07745500,16.27826666,0.40821750,USDT
2024-12-25T08:45:00Z,LINK/USDT,buy,25.00249500,16.33238259,0.40835031,USDT
2024-12-25T11:30:00Z,LINK/USDT,stop_sell,24.80723304,16.33238259,0.40516122,USDT
2024-12-25T20:00:00Z,LINK/USDT,buy,24.71235000,16.53770774,0.40868562,USDT
2024-12-25T20:15:00Z,LINK/USDT,sell,24.62768000,16.53770774,0.40728537,USDT
2024-12-26T13:30:00Z,LINK/USDT,buy,22.93146000,17.74516116,0.40692245,USDT
2024-12-26T13:30:00Z,LINK/USDT,stop_sell,22.86320554,17.74516116,0.40571127,USDT
2024-12-26T14:15:00Z,LINK/USDT,buy,23.00149500,17.66898229,0.40641301,USDT
2024-12-26T14:30:00Z,LINK/USDT,sell,22.99849500,17.66898229,0.40636000,USDT
2024-12-26T15:30:00Z,LINK/USDT,buy,22.92145500,17.73511038,0.40651453,USDT
2024-12-26T15:45:00Z,LINK/USDT,sell,22.83857500,17.73511038,0.40504465,USDT
2024-12-26T22:30:00Z,LINK/USDT,buy,22.84141500,17.83574029,0.40739355,USDT
2024-12-26T23:00:00Z,LINK/USDT,stop_sell,22.68151071,17.83574029,0.40454153,USDT
2024-12-27T00:30:00Z,LINK/USDT,buy,22.70134500,17.9564525,0.40763562,USDT
2024-12-27T00:45:00Z,LINK/USDT,sell,22.67865500,17.9564525,0.40722819,USDT
2024-12-27T01:15:00Z,LINK/USDT,buy,22.84141500,17.86553174,0.40807402,USDT
2024-12-27T05:00:00Z,LINK/USDT,sell,22.84857000,17.86553174,0.40820185,USDT
2024-12-27T09:30:00Z,LINK/USDT,buy,23.59179000,17.28688658,0.40782860,USDT
2024-12-27T10:15:00Z,LINK/USDT,stop_sell,23.24622821,17.28688658,0.40185491,USDT
2024-12-27T10:45:00Z,LINK/USDT,buy,23.26162500,17.53174044,0.40781677,USDT
2024-12-27T14:00:00Z,LINK/USDT,sell,23.05846500,17.53174044,0.40425502,USDT
2024-12-28T23:15:00Z,LINK/USDT,buy,22.06102500,18.39685254,0.40585342,USDT
2024-12-28T23:30:00Z,LINK/USDT,stop_sell,21.93973893,18.39685254,0.40362214,USDT
2024-12-29T00:00:00Z,LINK/USDT,buy,21.97098000,18.4359152,0.40505512,USDT
2024-12-29T00:30:00Z,LINK/USDT,stop_sell,21.85299661,18.4359152,0.40287999,USDT
2024-12-29T00:45:00Z,LINK/USDT,buy,21.90094500,18.54292218,0.40610752,USDT
2024-12-29T01:30:00Z,LINK/USDT,sell,21.75911500,18.54292218,0.40347758,USDT
2024-12-29T14:00:00Z,LINK/USDT,buy,21.63081000,18.74442719,0.40545714,USDT
2024-12-29T14:15:00Z,LINK/USDT,stop_sell,21.54136679,18.74442719,0.40378058,USDT
2024-12-29T19:30:00Z,LINK/USDT,buy,21.30064500,18.98083054,0.40430393,USDT
2024-12-29T19:30:00Z,LINK/USDT,stop_sell,21.24544339,18.98083054,0.40325616,USDT
2024-12-30T02:45:00Z,LINK/USDT,buy,21.45072000,18.92957094,0.40605293,USDT
2024-12-30T03:30:00Z,LINK/USDT,stop_sell,21.18832911,18.92957094,0.40108598,USDT
2024-12-30T03:45:00Z,LINK/USDT,buy,21.23061000,19.1043033,0.40559601,USDT
2024-12-30T05:00:00Z,LINK/USDT,sell,20.97950500,19.1043033,0.40079883,USDT
2024-12-30T08:15:00Z,LINK/USDT,buy,21.33066000,18.95789501,0.40438441,USDT
2024-12-30T09:15:00Z,LINK/USDT,stop_sell,21.14942000,18.95789501,0.40094848,USDT
2024-12-30T19:00:00Z,LINK/USDT,buy,21.07053000,19.1757285,0.40404276,USDT
2024-12-30T21:30:00Z,LINK/USDT,stop_sell,20.80137982,19.1757285,0.39888161,USDT
2024-12-30T22:00:00Z,LINK/USDT,buy,20.50024500,19.80154433,0.40593651,USDT
2024-12-30T22:30:00Z,LINK/USDT,sell,20.54972000,19.80154433,0.40691619,USDT
2024-12-31T02:45:00Z,LINK/USDT,buy,20.48023500,19.74407142,0.40436322,USDT
2024-12-31T03:00:00Z,LINK/USDT,sell,20.47975500,19.74407142,0.40435375,USDT
2024-12-31T10:15:00Z,LINK/USDT,buy,20.52025500,19.65432851,0.40331183,USDT
2024-12-31T10:30:00Z,LINK/USDT,sell,20.50974000,19.65432851,0.40310517,USDT
2025-01-01T00:30:00Z,LINK/USDT,buy,20.07003000,20.10076321,0.40342292,USDT
2025-01-01T01:15:00Z,LINK/USDT,sell,20.05996500,20.10076321,0.40322061,USDT
2025-01-01T01:45:00Z,LINK/USDT,buy,20.01000000,20.06674632,0.40153559,USDT
2025-01-01T02:15:00Z,LINK/USDT,stop_sell,19.96465554,20.06674632,0.40062568,USDT
2025-01-01T03:00:00Z,LINK/USDT,buy,20.05002000,20.09993195,0.40300404,USDT
2025-01-01T04:15:00Z,LINK/USDT,sell,20.00999000,20.09993195,0.40219944,USDT
2025-01-01T04:30:00Z,LINK/USDT,buy,19.96998000,20.14372067,0.40226970,USDT
2025-01-01T04:45:00Z,LINK/USDT,sell,19.95002000,20.14372067,0.40186763,USDT
2025-01-01T13:45:00Z,LINK/USDT,buy,20.20009500,19.94947298,0.40298125,USDT
2025-01-01T14:30:00Z,LINK/USDT,stop_sell,20.11065393,19.94947298,0.40119695,USDT
2025-01-01T14:45:00Z,LINK/USDT,buy,20.22010500,19.93922157,0.40317315,USDT
2025-01-02T01:30:00Z,LINK/USDT,sell,21.88905000,19.93922157,0.43645062,USDT
2025-01-02T01:45:00Z,LINK/USDT,buy,21.91095000,18.50147435,0.40538488,USDT
2025-01-02T05:00:00Z,LINK/USDT,sell,22.07895500,18.50147435,0.40849322,USDT
2025-01-02T11:30:00Z,LINK/USDT,buy,22.55127000,18.04051868,0.40683661,USDT
2025-01-02T14:15:00Z,LINK/USDT,stop_sell,22.30277161,18.04051868,0.40235357,USDT
2025-01-02T14:30:00Z,LINK/USDT,buy,22.52125500,18.05380934,0.40659444,USDT
2025-01-02T15:15:00Z,LINK/USDT,sell,22.34882000,18.05380934,0.40348134,USDT
2025-01-03T02:00:00Z,LINK/USDT,buy,22.16107500,18.30907403,0.40574876,USDT
2025-01-03T05:15:00Z,LINK/USDT,sell,22.06896000,18.30907403,0.40406222,USDT
2025-01-03T19:45:00Z,LINK/USDT,buy,23.89194000,17.00058482,0.40617695,USDT
2025-01-03T20:00:00Z,LINK/USDT,stop_sell,23.59319750,17.00058482,0.40109816,USDT
2025-01-03T20:15:00Z,LINK/USDT,buy,23.63181000,17.14650118,0.40520286,USDT
2025-01-03T21:30:00Z,LINK/USDT,sell,23.48825000,17.14650118,0.40274131,USDT
2025-01-04T12:30:00Z,LINK/USDT,buy,23.29164000,17.31910262,0.40339030,USDT
2025-01-04T15:30:00Z,LINK/USDT,stop_sell,23.22373946,17.31910262,0.40221433,USDT
2025-01-04T15:45:00Z,LINK/USDT,buy,23.17158000,17.42438268,0.40375048,USDT
2025-01-04T17:45:00Z,LINK/USDT,sell,23.33832500,17.42438268,0.40665591,USDT
2025-01-04T18:15:00Z,LINK/USDT,buy,23.55177000,17.1722172,0.40443611,USDT
2025-01-04T18:45:00Z,LINK/USDT,sell,23.47825500,17.1722172,0.40317369,USDT
2025-01-04T22:00:00Z,LINK/USDT,buy,23.83191000,17.02762322,0.40580078,USDT
2025-01-05T00:30:00Z,LINK/USDT,sell,23.54822000,17.02762322,0.40097022,USDT
2025-01-05T06:00:00Z,LINK/USDT,buy,23.49174000,17.20452045,0.40416412,USDT
2025-01-05T08:00:00Z,LINK/USDT,stop_sell,23.29227661,17.20452045,0.40073245,USDT
2025-01-05T08:15:00Z,LINK/USDT,buy,23.26162500,17.31564392,0.40279002,USDT
2025-01-05T08:30:00Z,LINK/USDT,sell,23.29834500,17.31564392,0.40342585,USDT
2025-01-05T08:45:00Z,LINK/USDT,buy,23.33166000,17.27793324,0.40312286,USDT
2025-01-05T09:00:00Z,LINK/USDT,sell,23.30834000,17.27793324,0.40271994,USDT
2025-01-05T18:45:00Z,LINK/USDT,buy,23.39169000,17.25159323,0.40354392,USDT
2025-01-05T21:00:00Z,LINK/USDT,sell,23.29834500,17.25159323,0.40193357,USDT
2025-01-05T21:30:00Z,LINK/USDT,buy,23.37168000,17.24331631,0.40300527,USDT
2025-01-05T22:00:00Z,LINK/USDT,sell,23.42828000,17.24331631,0.40398124,USDT
2025-01-05T23:00:00Z,LINK/USDT,buy,23.59179000,17.0829425,0.40301719,USDT
2025-01-06T00:00:00Z,LINK/USDT,stop_sell,23.45433839,17.0829425,0.40066911,USDT
2025-01-06T00:30:00Z,LINK/USDT,buy,23.39169000,17.13038797,0.40070872,USDT
2025-01-06T00:30:00Z,LINK/USDT,stop_sell,23.34225161,17.13038797,0.39986183,USDT
2025-01-06T02:00:00Z,LINK/USDT,buy,23.61180000,17.0449583,0.40246215,USDT
2025-01-06T07:00:00Z,LINK/USDT,sell,23.69814500,17.0449583,0.40393389,USDT
2025-01-06T16:15:00Z,LINK/USDT,buy,24.62230500,16.35423756,0.40267903,USDT
2025-01-06T16:45:00Z,LINK/USDT,sell,24.30784000,16.35423756,0.39753619,USDT
2025-01-06T17:00:00Z,LINK/USDT,buy,24.42220500,16.46205653,0.40203972,USDT
2025-01-06T17:15:00Z,LINK/USDT,sell,24.15791500,16.46205653,0.39768896,USDT
2025-01-07T02:15:00Z,LINK/USDT,buy,23.72185500,16.8950657,0.40078230,USDT
2025-01-07T02:15:00Z,LINK/USDT,stop_sell,23.61211661,16.8950657,0.39892826,USDT
2025-01-07T07:15:00Z,LINK/USDT,buy,23.56177500,16.98621767,0.40022544,USDT
2025-01-07T07:15:00Z,LINK/USDT,stop_sell,23.53822500,16.98621767,0.39982541,USDT
2025-01-07T09:30:00Z,LINK/USDT,buy,23.54176500,17.07613687,0.40200240,USDT
2025-01-07T10:45:00Z,LINK/USDT,sell,23.49824500,17.07613687,0.40125925,USDT
2025-01-07T11:00:00Z,LINK/USDT,buy,23.42170500,17.07814063,0.39999917,USDT
2025-01-07T11:15:00Z,LINK/USDT,sell,23.37830500,17.07814063,0.39925798,USDT
2025-01-08T22:00:00Z,LINK/USDT,buy,20.31015000,19.81569481,0.40245973,USDT
2025-01-08T23:00:00Z,LINK/USDT,sell,20.54972000,19.81569481,0.40720698,USDT
2025-01-09T12:30:00Z,LINK/USDT,buy,19.95997500,20.04930097,0.40018355,USDT
2025-01-09T12:45:00Z,LINK/USDT,stop_sell,19.90004500,20.04930097,0.39898199,USDT
2025-01-09T13:00:00Z,LINK/USDT,buy,19.98999000,20.07139414,0.40122697,USDT
2025-01-09T13:15:00Z,LINK/USDT,sell,19.94002500,20.07139414,0.40022410,USDT
2025-01-09T15:30:00Z,LINK/USDT,buy,19.92996000,20.11450624,0.40088130,USDT
2025-01-09T17:45:00Z,LINK/USDT,sell,19.90004500,20.11450624,0.40027958,USDT
2025-01-09T18:30:00Z,LINK/USDT,buy,19.86993000,20.21028131,0.40157687,USDT
2025-01-09T19:30:00Z,LINK/USDT,stop_sell,19.59305571,20.21028131,0.39598117,USDT
2025-01-09T19:45:00Z,LINK/USDT,buy,19.58979000,20.43177219,0.40025413,USDT
2025-01-09T20:00:00Z,LINK/USDT,sell,19.50024500,20.43177219,0.39842456,USDT
2025-01-09T22:45:00Z,LINK/USDT,buy,19.83991500,20.20445242,0.40085462,USDT
2025-01-09T23:15:00Z,LINK/USDT,sell,19.64017500,20.20445242,0.39681898,USDT
2025-01-10T00:30:00Z,LINK/USDT,buy,19.72986000,20.26680999,0.39986132,USDT
2025-01-10T03:15:00Z,LINK/USDT,sell,19.86006500,20.26680999,0.40250016,USDT
2025-01-10T06:30:00Z,LINK/USDT,buy,20.05002000,19.93062868,0.39960950,USDT
2025-01-10T06:45:00Z,LINK/USDT,sell,20.11993500,19.93062868,0.40100295,USDT
2025-01-10T10:45:00Z,LINK/USDT,buy,20.43021000,19.66826553,0.40182680,USDT
2025-01-10T12:15:00Z,LINK/USDT,stop_sell,20.19561143,19.66826553,0.39721265,USDT
2025-01-10T18:00:00Z,LINK/USDT,buy,20.38018500,19.53167645,0.39805918,USDT
2025-01-10T18:15:00Z,LINK/USDT,sell,20.36981000,19.53167645,0.39785654,USDT
2025-01-10T19:00:00Z,LINK/USDT,buy,20.21010000,19.70117903,0.39816280,USDT
2025-01-10T19:15:00Z,LINK/USDT,sell,20.23987500,19.70117903,0.39874940,USDT
2025-01-10T21:00:00Z,LINK/USDT,buy,20.22010500,19.75883593,0.39952574,USDT
2025-01-10T22:45:00Z,LINK/USDT,sell,20.30984000,19.75883593,0.40129880,USDT
2025-01-10T23:30:00Z,LINK/USDT,buy,20.31015000,19.6460331,0.39901388,USDT
2025-01-11T00:00:00Z,LINK/USDT,stop_sell,20.24808518,19.6460331,0.39779455,USDT
2025-01-11T06:30:00Z,LINK/USDT,buy,20.08003500,19.89250433,0.39944218,USDT
2025-01-11T06:45:00Z,LINK/USDT,stop_sell,19.99892411,19.89250433,0.39782868,USDT
2025-01-11T10:15:00Z,LINK/USDT,buy,20.02000500,19.94251376,0.39924923,USDT
2025-01-11T10:30:00Z,LINK/USDT,sell,19.99999500,19.94251376,0.39885018,USDT
2025-01-11T13:00:00Z,LINK/USDT,buy,20.06002500,19.76976851,0.39658205,USDT
2025-01-11T13:00:00Z,LINK/USDT,stop_sell,20.03997500,19.76976851,0.39618567,USDT
2025-01-11T13:15:00Z,LINK/USDT,buy,20.02000500,19.93297333,0.39905823,USDT
2025-01-11T14:30:00Z,LINK/USDT,sell,19.93003000,19.93297333,0.39726476,USDT
2025-01-11T18:30:00Z,LINK/USDT,buy,19.95997500,19.98253699,0.39885094,USDT
2025-01-11T18:30:00Z,LINK/USDT,stop_sell,19.87684232,19.98253699,0.39718974,USDT
2025-01-11T20:30:00Z,LINK/USDT,buy,20.14006500,19.82363351,0.39924927,USDT
2025-01-12T01:30:00Z,LINK/USDT,sell,20.12993000,19.82363351,0.39904835,USDT
2025-01-12T04:45:00Z,LINK/USDT,buy,20.23011000,19.70203248,0.39857428,USDT
2025-01-12T05:45:00Z,LINK/USDT,stop_sell,20.12993000,19.70203248,0.39660053,USDT
2025-01-12T06:15:00Z,LINK/USDT,buy,20.18008500,19.73989007,0.39835266,USDT
2025-01-12T06:30:00Z,LINK/USDT,stop_sell,20.07995500,19.73989007,0.39637610,USDT
2025-01-13T00:30:00Z,LINK/USDT,buy,20.17008000,19.758286,0.39852621,USDT
2025-01-13T01:00:00Z,LINK/USDT,sell,20.14992000,19.758286,0.39812788,USDT
2025-01-13T01:30:00Z,LINK/USDT,buy,19.99999500,19.80270192,0.39605394,USDT
2025-01-13T01:30:00Z,LINK/USDT,stop_sell,19.89361964,19.80270192,0.39394742,USDT
2025-01-13T15:15:00Z,LINK/USDT,buy,18.87943500,21.08189607,0.39801429,USDT
2025-01-13T16:45:00Z,LINK/USDT,stop_sell,18.57642143,21.08189607,0.39162619,USDT
2025-01-13T17:00:00Z,LINK/USDT,buy,18.55927500,21.38020143,0.39680104,USDT
2025-01-13T18:00:00Z,LINK/USDT,sell,18.59070000,21.38020143,0.39747291,USDT
2025-01-13T22:15:00Z,LINK/USDT,buy,19.51975500,20.33916745,0.39701557,USDT
2025-01-14T03:00:00Z,LINK/USDT,sell,19.40029500,20.33916745,0.39458585,USDT
2025-01-14T03:30:00Z,LINK/USDT,buy,19.50975000,20.34681247,0.39696122,USDT
2025-01-14T03:45:00Z,LINK/USDT,sell,19.49025000,20.34681247,0.39656446,USDT
2025-01-14T10:45:00Z,LINK/USDT,buy,19.99999500,19.82346926,0.39646929,USDT
2025-01-14T12:15:00Z,LINK/USDT,stop_sell,19.82543946,19.82346926,0.39300899,USDT
2025-01-14T12:30:00Z,LINK/USDT,buy,19.80990000,20.01654737,0.39652580,USDT
2025-01-14T19:15:00Z,LINK/USDT,sell,20.29984500,20.01654737,0.40633281,USDT
2025-01-14T19:45:00Z,LINK/USDT,buy,20.42020500,19.43455555,0.39685761,USDT
2025-01-14T20:00:00Z,LINK/USDT,stop_sell,20.29984500,19.43455555,0.39451847,USDT
2025-01-14T20:30:00Z,LINK/USDT,buy,20.30014500,19.55630992,0.39699593,USDT
2025-01-14T22:00:00Z,LINK/USDT,sell,20.31983500,19.55630992,0.39738099,USDT
2025-01-14T22:15:00Z,LINK/USDT,buy,20.28013500,19.53543985,0.39618136,USDT
2025-01-15T00:45:00Z,LINK/USDT,sell,20.34982000,19.53543985,0.39754268,USDT
2025-01-15T01:00:00Z,LINK/USDT,buy,20.30014500,19.49927231,0.39583806,USDT
2025-01-15T01:15:00Z,LINK/USDT,sell,20.23987500,19.49927231,0.39466283,USDT
2025-01-15T02:30:00Z,LINK/USDT,buy,20.43021000,19.38675141,0.39607540,USDT
2025-01-15T03:15:00Z,LINK/USDT,sell,20.31983500,19.38675141,0.39393559,USDT
2025-01-15T09:45:00Z,LINK/USDT,buy,20.42020500,19.41324916,0.39642253,USDT
2025-01-15T10:45:00Z,LINK/USDT,sell,20.43977500,19.41324916,0.39680244,USDT
2025-01-15T14:30:00Z,LINK/USDT,buy,21.13056000,18.70625216,0.39527358,USDT
2025-01-15T20:00:00Z,LINK/USDT,sell,21.67915500,18.70625216,0.40553574,USDT
2025-01-16T02:00:00Z,LINK/USDT,buy,21.80089500,18.11780981,0.39498447,USDT
2025-01-16T02:45:00Z,LINK/USDT,stop_sell,21.69057786,18.11780981,0.39298576,USDT
2025-01-16T03:00:00Z,LINK/USDT,buy,21.81090000,18.27437648,0.39858060,USDT
2025-01-16T03:30:00Z,LINK/USDT,sell,21.63917500,18.27437648,0.39544243,USDT
2025-01-16T05:30:00Z,LINK/USDT,buy,21.75087000,18.26830409,0.39735151,USDT
2025-01-16T06:00:00Z,LINK/USDT,sell,21.61918500,18.26830409,0.39494585,USDT
2025-01-16T07:15:00Z,LINK/USDT,buy,21.76087500,18.18114886,0.39563771,USDT
2025-01-16T07:30:00Z,LINK/USDT,sell,21.74912000,18.18114886,0.39542399,USDT
2025-01-16T08:30:00Z,LINK/USDT,buy,21.62080500,18.28650958,0.39536906,USDT
2025-01-16T08:30:00Z,LINK/USDT,stop_sell,21.56813911,18.28650958,0.39440598,USDT
2025-01-16T10:00:00Z,LINK/USDT,buy,21.76087500,18.22956441,0.39669127,USDT
2025-01-16T20:45:00Z,LINK/USDT,sell,23.49824500,18.22956441,0.42836277,USDT
2025-01-17T01:00:00Z,LINK/USDT,buy,23.58178500,16.93271666,0.39930368,USDT
2025-01-17T10:30:00Z,LINK/USDT,sell,24.23787500,16.93271666,0.41041307,USDT
2025-01-17T16:00:00Z,LINK/USDT,buy,24.42220500,16.36297106,0.39961983,USDT
2025-01-18T03:00:00Z,LINK/USDT,sell,24.99749500,16.36297106,0.40903329,USDT
2025-01-18T14:30:00Z,LINK/USDT,buy,24.39219000,16.41807582,0.40047282,USDT
2025-01-18T14:45:00Z,LINK/USDT,sell,24.23787500,16.41807582,0.39793927,USDT
2025-01-18T22:15:00Z,LINK/USDT,buy,23.85192000,16.76486165,0.39987414,USDT
2025-01-19T00:45:00Z,LINK/USDT,sell,23.89804500,16.76486165,0.40064742,USDT
2025-01-19T01:00:00Z,LINK/USDT,buy,23.86192500,16.75774396,0.39987203,USDT
2025-01-19T03:30:00Z,LINK/USDT,sell,23.99799500,16.75774396,0.40215226,USDT
2025-01-19T03:45:00Z,LINK/USDT,buy,23.89194000,16.72764647,0.39965593,USDT
2025-01-19T04:15:00Z,LINK/USDT,sell,23.75811500,16.72764647,0.39741735,USDT
2025-01-19T14:45:00Z,LINK/USDT,buy,24.90244500,15.97582634,0.39783714,USDT
2025-01-19T21:15:00Z,LINK/USDT,sell,25.77710500,15.97582634,0.41181055,USDT
2025-01-20T06:15:00Z,LINK/USDT,buy,24.65232000,16.30464917,0.40194743,USDT
2025-01-20T09:30:00Z,LINK/USDT,sell,25.82708000,16.30464917,0.42110148,USDT
2025-01-20T09:45:00Z,LINK/USDT,buy,25.67283000,15.62683592,0.40118510,USDT
2025-01-20T10:00:00Z,LINK/USDT,sell,25.62718000,15.62683592,0.40047174,USDT
2025-01-20T14:15:00Z,LINK/USDT,buy,26.14306500,15.45995982,0.40417073,USDT
2025-01-20T17:00:00Z,LINK/USDT,stop_sell,25.27307143,15.45995982,0.39072067,USDT
2025-01-20T17:15:00Z,LINK/USDT,buy,25.57278000,15.6447116,0.40007877,USDT
2025-01-20T17:30:00Z,LINK/USDT,stop_sell,25.00142161,15.6447116,0.39114003,USDT
2025-01-20T21:00:00Z,LINK/USDT,buy,25.56277500,15.65098012,0.40008248,USDT
2025-01-20T21:15:00Z,LINK/USDT,sell,25.58720000,15.65098012,0.40046476,USDT
2025-01-20T22:30:00Z,LINK/USDT,buy,25.54276500,15.69878776,0.40099045,USDT
2025-01-20T23:45:00Z,LINK/USDT,sell,25.30734000,15.69878776,0.39729456,USDT
2025-01-21T10:15:00Z,LINK/USDT,buy,25.10254500,16.03057603,0.40240826,USDT
2025-01-21T15:45:00Z,LINK/USDT,sell,25.75711500,16.03057603,0.41290139,USDT
2025-01-21T16:15:00Z,LINK/USDT,buy,26.42320500,15.11040333,0.39926528,USDT
2025-01-21T16:30:00Z,LINK/USDT,sell,26.17690500,15.11040333,0.39554359,USDT
2025-01-22T00:00:00Z,LINK/USDT,buy,26.75337000,14.98934353,0.40101545,USDT
2025-01-22T00:45:00Z,LINK/USDT,sell,26.59669500,14.98934353,0.39866700,USDT
2025-01-22T01:00:00Z,LINK/USDT,buy,26.92345500,14.8685361,0.40031236,USDT
2025-01-22T01:45:00Z,LINK/USDT,stop_sell,26.45498018,14.8685361,0.39334683,USDT
2025-01-22T02:00:00Z,LINK/USDT,buy,26.51325000,15.04683065,0.39894038,USDT
2025-01-22T03:30:00Z,LINK/USDT,sell,26.40679000,15.04683065,0.39733850,USDT
2025-01-22T11:15:00Z,LINK/USDT,buy,25.82290500,15.35786966,0.39658481,USDT
2025-01-22T11:15:00Z,LINK/USDT,stop_sell,25.79709500,15.35786966,0.39618842,USDT
2025-01-22T22:15:00Z,LINK/USDT,buy,25.51275000,15.59421257,0.39785125,USDT
2025-01-22T22:15:00Z,LINK/USDT,stop_sell,25.42299643,15.59421257,0.39645161,USDT
2025-01-23T12:15:00Z,LINK/USDT,buy,24.37218000,16.28083202,0.39679937,USDT
2025-01-23T12:15:00Z,LINK/USDT,stop_sell,24.33354143,16.28083202,0.39617030,USDT
2025-01-23T13:45:00Z,LINK/USDT,buy,24.64231500,16.18371029,0.39880409,USDT
2025-01-23T18:30:00Z,LINK/USDT,sell,25.37730500,16.18371029,0.41069895,USDT
2025-01-23T19:00:00Z,LINK/USDT,buy,25.23261000,15.82785942,0.39937820,USDT
2025-01-23T19:15:00Z,LINK/USDT,sell,25.11743500,15.82785942,0.39755523,USDT
2025-01-23T22:30:00Z,LINK/USDT,buy,25.54276500,15.61547529,0.39886242,USDT
2025-01-23T22:45:00Z,LINK/USDT,sell,25.59719500,15.61547529,0.39971237,USDT
2025-01-23T23:00:00Z,LINK/USDT,buy,25.75287000,15.56695121,0.40089367,USDT
2025-01-24T01:15:00Z,LINK/USDT,sell,25.45726500,15.56695121,0.39629200,USDT
2025-01-24T01:45:00Z,LINK/USDT,buy,25.51275000,15.61706691,0.39843432,USDT
2025-01-24T02:00:00Z,LINK/USDT,stop_sell,25.25343839,15.61706691,0.39438464,USDT
2025-01-24T02:30:00Z,LINK/USDT,buy,25.40269500,15.72499642,0.39945729,USDT
2025-01-24T02:45:00Z,LINK/USDT,stop_sell,25.05139661,15.72499642,0.39393312,USDT
2025-01-24T06:00:00Z,LINK/USDT,buy,26.06302500,15.29478504,0.39862836,USDT
2025-01-24T06:30:00Z,LINK/USDT,sell,25.84707000,15.29478504,0.39532538,USDT
2025-01-25T05:30:00Z,LINK/USDT,buy,25.07253000,15.93731969,0.39958893,USDT
2025-01-25T06:15:00Z,LINK/USDT,sell,24.98750000,15.93731969,0.39823378,USDT
2025-01-25T07:15:00Z,LINK/USDT,buy,25.02250500,15.89857104,0.39782207,USDT
2025-01-25T07:30:00Z,LINK/USDT,sell,24.98750000,15.89857104,0.39726554,USDT
2025-01-25T07:45:00Z,LINK/USDT,buy,25.01250000,15.89424759,0.39755487,USDT
2025-01-25T08:00:00Z,LINK/USDT,sell,24.98750000,15.89424759,0.39715751,USDT
2025-01-26T03:30:00Z,LINK/USDT,buy,25.29264000,15.67730836,0.39652052,USDT
2025-01-26T09:00:00Z,LINK/USDT,sell,25.57720500,15.67730836,0.40098173,USDT
2025-01-26T16:00:00Z,LINK/USDT,buy,25.48273500,15.65182462,0.39885130,USDT
2025-01-26T16:15:00Z,LINK/USDT,sell,25.30734000,15.65182462,0.39610605,USDT
2025-01-26T16:45:00Z,LINK/USDT,buy,25.57278000,15.5793668,0.39840772,USDT
2025-01-26T22:15:00Z,LINK/USDT,sell,25.71713500,15.5793668,0.40065668,USDT
2025-01-26T22:30:00Z,LINK/USDT,buy,25.97298000,15.3374089,0.39835821,USDT
2025-01-26T23:00:00Z,LINK/USDT,sell,25.83707500,15.3374089,0.39627378,USDT
2025-01-27T12:15:00Z,LINK/USDT,buy,22.45122000,17.61930437,0.39557488,USDT
2025-01-27T12:30:00Z,LINK/USDT,sell,22.48875000,17.61930437,0.39623613,USDT
2025-01-27T13:00:00Z,LINK/USDT,buy,23.40169500,17.02978435,0.39852582,USDT
2025-01-27T17:45:00Z,LINK/USDT,sell,23.21838500,17.02978435,0.39540409,USDT
2025-01-27T20:45:00Z,LINK/USDT,buy,23.88193500,16.67331441,0.39819101,USDT
2025-01-28T01:30:00Z,LINK/USDT,sell,23.91803500,16.67331441,0.39879292,USDT
2025-01-28T02:30:00Z,LINK/USDT,buy,24.16207500,16.39719165,0.39619017,USDT
2025-01-28T04:00:00Z,LINK/USDT,sell,24.23787500,16.39719165,0.39743308,USDT
2025-01-28T04:15:00Z,LINK/USDT,buy,24.31215000,16.35813567,0.39770145,USDT
2025-01-28T05:00:00Z,LINK/USDT,sell,24.46776000,16.35813567,0.40024694,USDT
2025-01-29T01:45:00Z,LINK/USDT,buy,23.10154500,17.21507395,0.39769481,USDT
2025-01-29T02:00:00Z,LINK/USDT,sell,23.19839500,17.21507395,0.39936209,USDT
2025-01-29T03:15:00Z,LINK/USDT,buy,23.07153000,17.17342731,0.39621724,USDT
2025-01-29T09:00:00Z,LINK/USDT,sell,23.26836000,17.17342731,0.39959749,USDT
2025-01-29T12:00:00Z,LINK/USDT,buy,23.44171500,16.97685298,0.39796655,USDT
2025-01-29T12:30:00Z,LINK/USDT,stop_sell,23.26978786,16.97685298,0.39504777,USDT
2025-01-29T19:45:00Z,LINK/USDT,buy,23.44171500,16.97141814,0.39783915,USDT
2025-01-30T01:15:00Z,LINK/USDT,sell,23.86806000,16.97141814,0.40507483,USDT
2025-01-30T01:30:00Z,LINK/USDT,buy,24.15207000,16.47248574,0.39784463,USDT
2025-01-30T01:45:00Z,LINK/USDT,sell,24.01798500,16.47248574,0.39563592,USDT
2025-01-30T02:00:00Z,LINK/USDT,buy,23.96197500,16.5516714,0.39661074,USDT
2025-01-30T02:15:00Z,LINK/USDT,sell,23.93802500,16.5516714,0.39621432,USDT
2025-01-30T07:45:00Z,LINK/USDT,buy,24.24211500,16.42457591,0.39816646,USDT
2025-01-30T08:15:00Z,LINK/USDT,sell,24.18790000,16.42457591,0.39727600,USDT
2025-01-30T08:45:00Z,LINK/USDT,buy,24.36217500,16.34467569,0.39819185,USDT
2025-01-30T11:15:00Z,LINK/USDT,sell,24.54772000,16.34467569,0.40122452,USDT
2025-01-30T11:30:00Z,LINK/USDT,buy,24.50224500,16.19870688,0.39690468,USDT
2025-01-30T12:00:00Z,LINK/USDT,stop_sell,24.37102268,16.19870688,0.39477905,USDT
2025-01-30T13:00:00Z,LINK/USDT,buy,24.24211500,16.34915169,0.39633802,USDT
2025-01-30T14:45:00Z,LINK/USDT,sell,24.64767000,16.34915169,0.40296850,USDT
2025-01-30T15:00:00Z,LINK/USDT,buy,24.94246500,15.96095497,0.39810556,USDT
2025-01-30T18:15:00Z,LINK/USDT,stop_sell,24.64802696,15.96095497,0.39340605,USDT
2025-01-30T18:30:00Z,LINK/USDT,buy,24.77238000,16.1049516,0.39895798,USDT
2025-01-30T19:00:00Z,LINK/USDT,sell,24.69764500,16.1049516,0.39775438,USDT
2025-01-31T01:15:00Z,LINK/USDT,buy,24.75237000,16.02050368,0.39654543,USDT
2025-01-31T02:15:00Z,LINK/USDT,stop_sell,24.60483429,16.02050368,0.39418184,USDT
2025-01-31T02:30:00Z,LINK/USDT,buy,24.58228500,16.14059135,0.39677262,USDT
2025-01-31T03:00:00Z,LINK/USDT,stop_sell,24.38994179,16.14059135,0.39366808,USDT
2025-01-31T07:00:00Z,LINK/USDT,buy,25.08253500,15.78121566,0.39583289,USDT
2025-01-31T07:45:00Z,LINK/USDT,stop_sell,24.93609714,15.78121566,0.39352193,USDT
2025-01-31T08:00:00Z,LINK/USDT,buy,24.92245500,15.90429994,0.39637420,USDT
2025-01-31T17:15:00Z,LINK/USDT,sell,25.60719000,15.90429994,0.40726443,USDT
2025-01-31T23:30:00Z,LINK/USDT,buy,25.11255000,15.81605733,0.39718153,USDT
2025-02-01T06:30:00Z,LINK/USDT,sell,25.54722000,15.81605733,0.40405630,USDT
2025-02-02T07:45:00Z,LINK/USDT,buy,22.63131000,17.57157034,0.39766766,USDT
2025-02-02T10:30:00Z,LINK/USDT,sell,22.60869000,17.57157034,0.39727019,USDT
2025-02-03T09:00:00Z,LINK/USDT,buy,18.73936500,21.30689162,0.39927762,USDT
2025-02-03T12:15:00Z,LINK/USDT,sell,19.20039500,21.30689162,0.40910074,USDT
2025-02-03T13:30:00Z,LINK/USDT,buy,18.54927000,21.55358461,0.39980326,USDT
2025-02-03T14:00:00Z,LINK/USDT,sell,18.53073000,21.55358461,0.39940366,USDT
2025-02-03T14:45:00Z,LINK/USDT,buy,19.20960000,20.64309143,0.39654553,USDT
2025-02-03T15:15:00Z,LINK/USDT,sell,19.28035500,20.64309143,0.39800613,USDT
2025-02-03T15:30:00Z,LINK/USDT,buy,20.13006000,19.8233111,0.39904444,USDT
2025-02-04T00:00:00Z,LINK/USDT,sell,21.65916500,19.8233111,0.42935637,USDT
2025-02-04T10:15:00Z,LINK/USDT,buy,20.03001000,20.07071522,0.40201663,USDT
2025-02-04T16:00:00Z,LINK/USDT,sell,20.60969000,20.07071522,0.41365122,USDT
2025-02-05T01:15:00Z,LINK/USDT,buy,20.09004000,19.98387862,0.40147692,USDT
2025-02-05T02:15:00Z,LINK/USDT,stop_sell,19.81187482,19.98387862,0.39591810,USDT
2025-02-05T02:30:00Z,LINK/USDT,buy,19.92996000,20.22037263,0.40299122,USDT
2025-02-05T04:00:00Z,LINK/USDT,sell,19.95002000,20.22037263,0.40339684,USDT
2025-02-05T11:15:00Z,LINK/USDT,buy,19.88994000,20.147598,0.40073452,USDT
2025-02-05T14:45:00Z,LINK/USDT,stop_sell,19.73120089,20.147598,0.39753630,USDT
2025-02-05T15:00:00Z,LINK/USDT,buy,19.66983000,20.35668559,0.40041254,USDT
2025-02-05T15:00:00Z,LINK/USDT,stop_sell,19.49846018,20.35668559,0.39692402,USDT
2025-02-05T15:15:00Z,LINK/USDT,buy,19.68984000,20.34960005,0.40068037,USDT
2025-02-05T16:00:00Z,LINK/USDT,sell,19.51024000,20.34960005,0.39702558,USDT
2025-02-05T21:30:00Z,LINK/USDT,buy,19.44972000,20.57215324,0.40012262,USDT
2025-02-05T21:45:00Z,LINK/USDT,sell,19.40029500,20.57215324,0.39910584,USDT
2025-02-05T22:15:00Z,LINK/USDT,buy,19.38969000,20.71392726,0.40163663,USDT
2025-02-05T22:30:00Z,LINK/USDT,stop_sell,19.09401964,20.71392726,0.39551213,USDT
2025-02-05T23:45:00Z,LINK/USDT,buy,19.21960500,20.80385429,0.39984186,USDT
2025-02-06T00:30:00Z,LINK/USDT,sell,19.26036500,20.80385429,0.40068983,USDT
2025-02-06T01:30:00Z,LINK/USDT,buy,19.37968500,20.52580864,0.39778371,USDT
2025-02-06T01:45:00Z,LINK/USDT,sell,19.22038500,20.52580864,0.39451394,USDT
2025-02-06T07:45:00Z,LINK/USDT,buy,19.69984500,20.23841397,0.39869362,USDT
2025-02-06T08:30:00Z,LINK/USDT,stop_sell,19.55950107,20.23841397,0.39585328,USDT
2025-02-06T21:00:00Z,LINK/USDT,buy,18.93946500,21.06853329,0.39902675,USDT
2025-02-06T21:15:00Z,LINK/USDT,stop_sell,18.68850821,21.06853329,0.39373946,USDT
2025-02-06T22:45:00Z,LINK/USDT,buy,18.63931500,21.33616943,0.39769158,USDT
2025-02-06T23:30:00Z,LINK/USDT,sell,18.56071500,21.33616943,0.39601456,USDT
2025-02-07T01:15:00Z,LINK/USDT,buy,18.75937500,21.1892329,0.39749677,USDT
2025-02-07T01:30:00Z,LINK/USDT,sell,18.64067500,21.1892329,0.39498160,USDT
2025-02-07T02:00:00Z,LINK/USDT,buy,19.04952000,20.87485768,0.39765602,USDT
2025-02-07T03:30:00Z,LINK/USDT,stop_sell,18.82058500,20.87485768,0.39287703,USDT
2025-02-07T08:30:00Z,LINK/USDT,buy,18.86943000,21.06163018,0.39742096,USDT
2025-02-07T14:45:00Z,LINK/USDT,sell,19.64017500,21.06163018,0.41365410,USDT
2025-02-07T15:00:00Z,LINK/USDT,buy,19.65982500,20.16432884,0.39642718,USDT
2025-02-07T15:00:00Z,LINK/USDT,stop_sell,19.54629339,20.16432884,0.39413789,USDT
2025-02-08T01:00:00Z,LINK/USDT,buy,18.47923500,21.46704996,0.39669466,USDT
2025-02-08T01:15:00Z,LINK/USDT,stop_sell,18.37116696,21.46704996,0.39437476,USDT
2025-02-08T02:15:00Z,LINK/USDT,buy,18.31915500,21.7825974,0.39903878,USDT
2025-02-08T04:15:00Z,LINK/USDT,sell,18.19090000,21.7825974,0.39624505,USDT
2025-02-08T16:30:00Z,LINK/USDT,buy,18.05902500,22.02011677,0.39766184,USDT
2025-02-08T22:45:00Z,LINK/USDT,sell,18.20089500,22.02011677,0.40078583,USDT
2025-02-09T09:00:00Z,LINK/USDT,buy,18.81940500,21.12907287,0.39763658,USDT
2025-02-09T09:00:00Z,LINK/USDT,stop_sell,18.73562750,21.12907287,0.39586644,USDT
2025-02-09T09:15:00Z,LINK/USDT,buy,18.71935500,21.20832763,0.39700621,USDT
2025-02-09T10:45:00Z,LINK/USDT,stop_sell,18.65031304,21.20832763,0.39554195,USDT
2025-02-09T11:15:00Z,LINK/USDT,buy,18.63931500,21.32386016,0.39746215,USDT
2025-02-09T11:45:00Z,LINK/USDT,sell,18.62068500,21.32386016,0.39706488,USDT
2025-02-09T15:45:00Z,LINK/USDT,buy,18.74937000,21.17101128,0.39694312,USDT
2025-02-09T18:15:00Z,LINK/USDT,stop_sell,18.59426964,21.17101128,0.39365949,USDT
2025-02-09T18:30:00Z,LINK/USDT,buy,18.62931000,21.35857012,0.39789542,USDT
2025-02-09T19:45:00Z,LINK/USDT,stop_sell,18.40793429,21.35857012,0.39316716,USDT
2025-02-10T05:15:00Z,LINK/USDT,buy,18.58929000,21.3577956,0.39702626,USDT
2025-02-10T10:45:00Z,LINK/USDT,sell,18.80059500,21.3577956,0.40153927,USDT
2025-02-10T11:00:00Z,LINK/USDT,buy,18.79939500,21.15721823,0.39774290,USDT
2025-02-10T12:45:00Z,LINK/USDT,sell,18.59070000,21.15721823,0.39332750,USDT
2025-02-10T14:00:00Z,LINK/USDT,buy,18.89944500,20.80216922,0.39314945,USDT
2025-02-10T14:00:00Z,LINK/USDT,stop_sell,18.88055500,20.80216922,0.39275650,USDT
2025-02-10T16:15:00Z,LINK/USDT,buy,18.65932500,21.17514778,0.39511396,USDT
2025-02-10T16:30:00Z,LINK/USDT,sell,18.60069500,21.17514778,0.39387247,USDT
2025-02-10T17:30:00Z,LINK/USDT,buy,18.79939500,21.05393813,0.39580130,USDT
2025-02-10T18:45:00Z,LINK/USDT,sell,18.79060000,21.05393813,0.39561613,USDT
2025-02-10T19:15:00Z,LINK/USDT,buy,18.90945000,20.96063786,0.39635413,USDT
2025-02-10T21:30:00Z,LINK/USDT,stop_sell,18.72099196,20.96063786,0.39240393,USDT
2025-02-10T22:00:00Z,LINK/USDT,buy,18.64932000,21.14202739,0.39428443,USDT
2025-02-10T22:15:00Z,LINK/USDT,sell,18.71064000,21.14202739,0.39558086,USDT
2025-02-11T02:15:00Z,LINK/USDT,buy,19.21960500,20.49781646,0.39395994,USDT
2025-02-11T02:15:00Z,LINK/USDT,stop_sell,19.17148089,20.49781646,0.39297350,USDT
2025-02-11T02:30:00Z,LINK/USDT,buy,19.06953000,20.73759768,0.39545624,USDT
2025-02-11T09:15:00Z,LINK/USDT,sell,19.53023000,20.73759768,0.40501005,USDT
2025-02-11T22:00:00Z,LINK/USDT,buy,18.89944500,20.96117754,0.39615462,USDT
2025-02-11T22:30:00Z,LINK/USDT,stop_sell,18.71171089,20.96117754,0.39221949,USDT
2025-02-11T23:15:00Z,LINK/USDT,buy,18.65932500,21.24467929,0.39641138,USDT
2025-02-12T02:15:00Z,LINK/USDT,sell,18.72063500,21.24467929,0.39771389,USDT
2025-02-12T03:45:00Z,LINK/USDT,buy,18.55927500,21.22407754,0.39390349,USDT
2025-02-12T03:45:00Z,LINK/USDT,stop_sell,18.48111196,21.22407754,0.39224455,USDT
2025-02-12T17:00:00Z,LINK/USDT,buy,18.63931500,21.29351126,0.39689646,USDT
2025-02-12T17:15:00Z,LINK/USDT,sell,18.59070000,21.29351126,0.39586128,USDT
2025-02-12T21:45:00Z,LINK/USDT,buy,18.92946000,20.90312917,0.39568495,USDT
2025-02-13T03:15:00Z,LINK/USDT,sell,19.24037500,20.90312917,0.40218404,USDT
2025-02-13T03:45:00Z,LINK/USDT,buy,19.28964000,20.53647832,0.39614127,USDT
2025-02-13T04:15:00Z,LINK/USDT,stop_sell,19.15042000,20.53647832,0.39328219,USDT
2025-02-13T05:00:00Z,LINK/USDT,buy,19.09954500,20.63909343,0.39419729,USDT
2025-02-13T05:00:00Z,LINK/USDT,stop_sell,19.02441161,20.63909343,0.39264661,USDT
2025-02-14T01:45:00Z,LINK/USDT,buy,18.59929500,21.27296497,0.39566215,USDT
2025-02-14T02:00:00Z,LINK/USDT,sell,18.64067500,21.27296497,0.39654243,USDT
2025-02-14T06:00:00Z,LINK/USDT,buy,18.70935000,21.14820666,0.39566920,USDT
2025-02-14T07:00:00Z,LINK/USDT,sell,18.78060500,21.14820666,0.39717612,USDT
2025-02-14T07:15:00Z,LINK/USDT,buy,18.83941500,21.02756991,0.39614712,USDT
2025-02-14T08:15:00Z,LINK/USDT,stop_sell,18.71064000,21.02756991,0.39343929,USDT
2025-02-14T08:30:00Z,LINK/USDT,buy,18.85942500,20.93478798,0.39481806,USDT
2025-02-14T08:45:00Z,LINK/USDT,sell,18.88055500,20.93478798,0.39526042,USDT
2025-02-14T13:15:00Z,LINK/USDT,buy,19.01950500,20.92223288,0.39793051,USDT
2025-02-14T19:45:00Z,LINK/USDT,sell,19.56021500,20.92223288,0.40924337,USDT
2025-02-14T20:15:00Z,LINK/USDT,buy,19.46973000,20.30043229,0.39524394,USDT
2025-02-14T20:30:00Z,LINK/USDT,sell,19.42028500,20.30043229,0.39424018,USDT
2025-02-14T22:00:00Z,LINK/USDT,buy,19.53976500,20.29307918,0.39652200,USDT
2025-02-14T22:30:00Z,LINK/USDT,sell,19.43028000,20.29307918,0.39430021,USDT
2025-02-15T01:45:00Z,LINK/USDT,buy,19.48974000,20.31195924,0.39587480,USDT
2025-02-15T02:45:00Z,LINK/USDT,sell,19.49025000,20.31195924,0.39588516,USDT
2025-02-15T06:15:00Z,LINK/USDT,buy,19.64982000,20.22568783,0.39743113,USDT
2025-02-15T06:30:00Z,LINK/USDT,stop_sell,19.48168286,20.22568783,0.39403044,USDT
2025-02-16T00:30:00Z,LINK/USDT,buy,19.06953000,20.70608077,0.39485523,USDT
2025-02-16T01:00:00Z,LINK/USDT,stop_sell,18.98050500,20.70608077,0.39301187,USDT
2025-02-16T02:00:00Z,LINK/USDT,buy,18.91945500,20.90309967,0.39547525,USDT
2025-02-16T02:15:00Z,LINK/USDT,sell,18.80059500,20.90309967,0.39299071,USDT
2025-02-16T07:30:00Z,LINK/USDT,buy,18.95947500,20.86716401,0.39563047,USDT
2025-02-16T09:30:00Z,LINK/USDT,sell,18.99050000,20.86716401,0.39627788,USDT
2025-02-16T09:45:00Z,LINK/USDT,buy,19.04952000,20.77869383,0.39582414,USDT
2025-02-16T11:00:00Z,LINK/USDT,sell,18.99050000,20.77869383,0.39459779,USDT
2025-02-16T12:00:00Z,LINK/USDT,buy,19.15957500,20.61827797,0.39503744,USDT
2025-02-16T12:45:00Z,LINK/USDT,stop_sell,19.04047500,20.61827797,0.39258181,USDT
2025-02-16T13:00:00Z,LINK/USDT,buy,19.03951500,20.70206718,0.39415732,USDT
2025-02-16T13:30:00Z,LINK/USDT,sell,19.01049000,20.70206718,0.39355644,USDT
2025-02-16T15:45:00Z,LINK/USDT,buy,19.01950500,20.73978393,0.39446042,USDT
2025-02-16T16:00:00Z,LINK/USDT,stop_sell,18.88055500,20.73978393,0.39157863,USDT
2025-02-16T19:15:00Z,LINK/USDT,buy,18.73936500,20.98933756,0.39332686,USDT
2025-02-16T19:30:00Z,LINK/USDT,sell,18.76061500,20.98933756,0.39377288,USDT
2025-02-16T21:45:00Z,LINK/USDT,buy,18.95947500,20.76660938,0.39372401,USDT
2025-02-16T22:00:00Z,LINK/USDT,sell,18.94052500,20.76660938,0.39333048,USDT
2025-02-16T23:00:00Z,LINK/USDT,buy,18.79939500,20.84955709,0.39195906,USDT
2025-02-16T23:15:00Z,LINK/USDT,stop_sell,18.77882018,20.84955709,0.39153008,USDT
2025-02-16T23:30:00Z,LINK/USDT,buy,18.80940000,20.98886653,0.39478799,USDT
2025-02-16T23:45:00Z,LINK/USDT,sell,18.71064000,20.98886653,0.39271513,USDT
2025-02-17T00:15:00Z,LINK/USDT,buy,18.77938500,20.95432945,0.39350942,USDT
2025-02-17T00:30:00Z,LINK/USDT,sell,18.79060000,20.95432945,0.39374442,USDT
2025-02-17T02:00:00Z,LINK/USDT,buy,18.95947500,20.78595494,0.39409079,USDT
2025-02-17T02:45:00Z,LINK/USDT,sell,18.85057000,20.78595494,0.39182710,USDT
2025-02-17T06:00:00Z,LINK/USDT,buy,18.77938500,20.98367972,0.39406060,USDT
2025-02-17T07:30:00Z,LINK/USDT,sell,18.91054000,20.98367972,0.39681271,USDT
2025-02-17T08:00:00Z,LINK/USDT,buy,18.86943000,20.98085639,0.39589680,USDT
2025-02-17T16:00:00Z,LINK/USDT,sell,19.24037500,20.98085639,0.40367954,USDT
2025-02-17T22:00:00Z,LINK/USDT,buy,19.38969000,20.27533251,0.39313241,USDT
2025-02-17T22:30:00Z,LINK/USDT,sell,19.33033000,20.27533251,0.39192887,USDT
2025-02-17T23:15:00Z,LINK/USDT,buy,19.09954500,20.60652131,0.39357518,USDT
2025-02-18T00:15:00Z,LINK/USDT,stop_sell,18.93124393,20.60652131,0.39010708,USDT
2025-02-18T13:30:00Z,LINK/USDT,buy,18.13906500,21.61815823,0.39213318,USDT
2025-02-18T13:45:00Z,LINK/USDT,sell,18.24087500,21.61815823,0.39433412,USDT
2025-02-18T21:15:00Z,LINK/USDT,buy,17.66883000,22.22267859,0.39264873,USDT
2025-02-18T23:00:00Z,LINK/USDT,sell,17.68115500,22.22267859,0.39292262,USDT
2025-02-18T23:30:00Z,LINK/USDT,buy,17.85892500,21.9967973,0.39283915,USDT
2025-02-19T00:00:00Z,LINK/USDT,sell,17.85107000,21.9967973,0.39266637,USDT
2025-02-19T03:45:00Z,LINK/USDT,buy,17.83891500,22.06651938,0.39364276,USDT
2025-02-19T04:15:00Z,LINK/USDT,sell,17.75112000,22.06651938,0.39170543,USDT
2025-02-19T07:45:00Z,LINK/USDT,buy,18.02901000,21.83388264,0.39364329,USDT
2025-02-19T09:15:00Z,LINK/USDT,stop_sell,17.87355875,21.83388264,0.39024918,USDT
2025-02-19T09:30:00Z,LINK/USDT,buy,17.90895000,21.88824438,0.39199547,USDT
2025-02-19T12:15:00Z,LINK/USDT,sell,18.02098500,21.88824438,0.39444772,USDT
2025-02-19T17:45:00Z,LINK/USDT,buy,18.02901000,21.87129945,0.39431788,USDT
2025-02-19T18:00:00Z,LINK/USDT,sell,17.93103000,21.87129945,0.39217493,USDT
2025-02-19T19:30:00Z,LINK/USDT,buy,17.90895000,21.87042849,0.39167641,USDT
2025-02-19T20:30:00Z,LINK/USDT,sell,17.93103000,21.87042849,0.39215931,USDT
2025-02-20T01:45:00Z,LINK/USDT,buy,17.95897500,21.86908801,0.39274640,USDT
2025-02-20T02:00:00Z,LINK/USDT,sell,17.96101500,21.86908801,0.39279102,USDT
2025-02-20T20:45:00Z,LINK/USDT,buy,18.36918000,21.47127101,0.39440964,USDT
2025-02-20T21:30:00Z,LINK/USDT,stop_sell,18.17483661,21.47127101,0.39023684,USDT
2025-02-20T21:45:00Z,LINK/USDT,buy,18.17908500,21.52018382,0.39121725,USDT
2025-02-20T22:15:00Z,LINK/USDT,sell,18.20089500,21.52018382,0.39168661,USDT
2025-02-20T23:30:00Z,LINK/USDT,buy,18.33916500,21.41309318,0.39269825,USDT
2025-02-21T00:15:00Z,LINK/USDT,sell,18.25087000,21.41309318,0.39080758,USDT
2025-02-21T05:15:00Z,LINK/USDT,buy,18.23911500,21.48350319,0.39184009,USDT
2025-02-21T15:30:00Z,LINK/USDT,stop_sell,18.19054304,21.48350319,0.39079659,USDT
2025-02-22T01:15:00Z,LINK/USDT,buy,17.63881500,22.23073412,0.39212381,USDT
2025-02-22T02:15:00Z,LINK/USDT,stop_sell,17.47875625,22.23073412,0.38856558,USDT
2025-02-22T03:00:00Z,LINK/USDT,buy,17.50875000,22.37604169,0.39177652,USDT
2025-02-22T03:15:00Z,LINK/USDT,sell,17.49125000,22.37604169,0.39138494,USDT
2025-02-22T04:00:00Z,LINK/USDT,buy,17.49874500,22.43477078,0.39258033,USDT
2025-02-22T05:30:00Z,LINK/USDT,sell,17.52123500,22.43477078,0.39308489,USDT
2025-02-22T07:45:00Z,LINK/USDT,buy,17.56878000,22.26759167,0.39121442,USDT
2025-02-22T08:00:00Z,LINK/USDT,stop_sell,17.48125500,22.26759167,0.38926545,USDT
2025-02-22T15:30:00Z,LINK/USDT,buy,17.68884000,22.07934004,0.39055791,USDT
2025-02-22T20:45:00Z,LINK/USDT,sell,17.78110500,22.07934004,0.39259506,USDT
2025-02-22T21:00:00Z,LINK/USDT,buy,17.79889500,21.99810148,0.39154190,USDT
2025-02-22T21:15:00Z,LINK/USDT,sell,17.83108000,21.99810148,0.39224991,USDT
2025-02-22T21:30:00Z,LINK/USDT,buy,17.81890500,21.96072742,0.39131612,USDT
2025-02-22T21:45:00Z,LINK/USDT,sell,17.78110500,21.96072742,0.39048600,USDT
2025-02-23T01:00:00Z,LINK/USDT,buy,17.86893000,21.89206543,0.39118778,USDT
2025-02-23T01:00:00Z,LINK/USDT,stop_sell,17.81180393,21.89206543,0.38993718,USDT
2025-02-23T01:30:00Z,LINK/USDT,buy,17.76888000,21.95669122,0.39014581,USDT
2025-02-23T01:30:00Z,LINK/USDT,stop_sell,17.74755036,21.95669122,0.38967748,USDT
2025-02-23T03:30:00Z,LINK/USDT,buy,17.82891000,21.93876647,0.39114429,USDT
2025-02-23T04:15:00Z,LINK/USDT,sell,17.75112000,21.93876647,0.38943768,USDT
2025-02-23T06:00:00Z,LINK/USDT,buy,17.84892000,21.90301808,0.39094522,USDT
2025-02-23T11:30:00Z,LINK/USDT,sell,17.84107500,21.90301808,0.39077339,USDT
2025-02-23T17:45:00Z,LINK/USDT,buy,17.63881500,22.15958927,0.39086890,USDT
2025-02-23T18:00:00Z,LINK/USDT,sell,17.63118000,22.15958927,0.39069971,USDT
2025-02-24T00:45:00Z,LINK/USDT,buy,17.64882000,22.155275,0.39101446,USDT
2025-02-24T01:00:00Z,LINK/USDT,stop_sell,17.51088304,22.155275,0.38795843,USDT
2025-02-24T10:00:00Z,LINK/USDT,buy,16.69834500,23.37070047,0.39025202,USDT
2025-02-24T10:30:00Z,LINK/USDT,sell,16.56171500,23.37070047,0.38705888,USDT
2025-02-24T13:15:00Z,LINK/USDT,buy,16.62831000,23.53488605,0.39134538,USDT
2025-02-24T14:00:00Z,LINK/USDT,sell,16.55172000,23.53488605,0.38954284,USDT
2025-02-24T20:30:00Z,LINK/USDT,buy,16.22811000,24.02998692,0.38996127,USDT
2025-02-24T21:00:00Z,LINK/USDT,sell,16.07196000,24.02998692,0.38620899,USDT
2025-02-25T06:00:00Z,LINK/USDT,buy,15.05752500,25.78835177,0.38830875,USDT
2025-02-25T06:15:00Z,LINK/USDT,sell,14.97251000,25.78835177,0.38611635,USDT
2025-02-25T12:00:00Z,LINK/USDT,buy,14.84742000,26.13611591,0.38805389,USDT
2025-02-25T13:30:00Z,LINK/USDT,sell,14.76261500,26.13611591,0.38583742,USDT
2025-02-25T13:45:00Z,LINK/USDT,buy,14.85742500,26.27888762,0.39043660,USDT
2025-02-25T14:45:00Z,LINK/USDT,stop_sell,14.51630964,26.27888762,0.38147247,USDT
2025-02-25T15:15:00Z,LINK/USDT,buy,14.52726000,26.75042408,0.38861037,USDT
2025-02-25T15:30:00Z,LINK/USDT,sell,14.42278500,26.75042408,0.38581562,USDT
2025-02-25T15:45:00Z,LINK/USDT,buy,14.67733500,26.49338247,0.38885225,USDT
2025-02-25T16:45:00Z,LINK/USDT,sell,14.81259000,26.49338247,0.39243561,USDT
2025-02-25T22:00:00Z,LINK/USDT,buy,15.43771500,25.16778763,0.38853313,USDT
2025-02-26T00:15:00Z,LINK/USDT,stop_sell,15.23987625,25.16778763,0.38355397,USDT
2025-02-26T00:30:00Z,LINK/USDT,buy,15.24762000,25.5017885,0.38884158,USDT
2025-02-26T00:45:00Z,LINK/USDT,sell,15.14242500,25.5017885,0.38615892,USDT
2025-02-26T04:30:00Z,LINK/USDT,buy,15.38769000,25.18534281,0.38754425,USDT
2025-02-26T05:45:00Z,LINK/USDT,stop_sell,15.28663857,25.18534281,0.38499923,USDT
2025-02-26T06:00:00Z,LINK/USDT,buy,15.21760500,25.3660005,0.38600978,USDT
2025-02-26T07:45:00Z,LINK/USDT,sell,15.25237000,25.3660005,0.38689163,USDT
2025-02-26T09:45:00Z,LINK/USDT,buy,15.41770500,25.05462029,0.38628474,USDT
2025-02-26T12:45:00Z,LINK/USDT,stop_sell,15.35981625,25.05462029,0.38483436,USDT
2025-02-26T13:00:00Z,LINK/USDT,buy,15.26763000,25.35492553,0.38710962,USDT
2025-02-26T14:00:00Z,LINK/USDT,sell,15.19240000,25.35492553,0.38520217,USDT
2025-02-26T15:00:00Z,LINK/USDT,buy,15.54777000,24.99688316,0.38864579,USDT
2025-02-26T16:00:00Z,LINK/USDT,sell,15.49225000,24.99688316,0.38725796,USDT
2025-02-26T16:45:00Z,LINK/USDT,buy,15.39769500,24.87314569,0.38298911,USDT
2025-02-26T17:00:00Z,LINK/USDT,sell,15.48225500,24.87314569,0.38509238,USDT
2025-02-26T22:15:00Z,LINK/USDT,buy,15.55777500,24.78432688,0.38558898,USDT
2025-02-26T23:15:00Z,LINK/USDT,stop_sell,15.32126411,24.78432688,0.37972722,USDT
2025-02-27T09:15:00Z,LINK/USDT,buy,15.53776500,24.95832793,0.38779663,USDT
2025-02-27T12:30:00Z,LINK/USDT,sell,15.63218000,24.95832793,0.39015307,USDT
2025-02-27T12:45:00Z,LINK/USDT,buy,15.70785000,24.58508035,0.38617875,USDT
2025-02-27T13:30:00Z,LINK/USDT,stop_sell,15.60790643,24.58508035,0.38372163,USDT
2025-02-27T14:00:00Z,LINK/USDT,buy,15.58779000,24.78956009,0.38641446,USDT
2025-02-27T14:15:00Z,LINK/USDT,stop_sell,15.48296893,24.78956009,0.38381599,USDT
2025-02-28T19:30:00Z,LINK/USDT,buy,14.79739500,26.18492564,0.38746869,USDT
2025-02-28T20:15:00Z,LINK/USDT,stop_sell,14.62625464,26.18492564,0.38298739,USDT
2025-02-28T20:30:00Z,LINK/USDT,buy,14.69734500,26.35320208,0.38732210,USDT
2025-03-01T00:30:00Z,LINK/USDT,sell,14.74262500,26.35320208,0.38851538,USDT
2025-03-01T19:15:00Z,LINK/USDT,buy,14.79739500,25.99981169,0.38472948,USDT
2025-03-01T23:30:00Z,LINK/USDT,sell,14.81259000,25.99981169,0.38512455,USDT
2025-03-02T05:45:00Z,LINK/USDT,buy,14.83741500,25.98025801,0.38547987,USDT
2025-03-02T06:15:00Z,LINK/USDT,stop_sell,14.74262500,25.98025801,0.38301720,USDT
2025-03-02T06:30:00Z,LINK/USDT,buy,14.89744500,25.91041272,0.38599895,USDT
2025-03-02T07:15:00Z,LINK/USDT,stop_sell,14.77261000,25.91041272,0.38276442,USDT
2025-03-02T13:00:00Z,LINK/USDT,buy,14.70735000,26.13508627,0.38437786,USDT
2025-03-02T13:15:00Z,LINK/USDT,stop_sell,14.66266500,26.13508627,0.38321001,USDT
2025-03-02T15:30:00Z,LINK/USDT,buy,14.97748500,25.79165896,0.38629419,USDT
2025-03-02T22:15:00Z,LINK/USDT,sell,17.18140500,25.79165896,0.44313694,USDT
2025-03-02T22:30:00Z,LINK/USDT,buy,17.16858000,22.52661846,0.38675005,USDT
2025-03-03T01:15:00Z,LINK/USDT,stop_sell,17.07824232,22.52661846,0.38471505,USDT
2025-03-03T01:30:00Z,LINK/USDT,buy,16.97848500,22.88464882,0.38854667,USDT
2025-03-03T01:45:00Z,LINK/USDT,sell,16.94152500,22.88464882,0.38770085,USDT
2025-03-03T12:45:00Z,LINK/USDT,buy,16.51825500,23.55638899,0.38911044,USDT
2025-03-03T13:00:00Z,LINK/USDT,sell,16.54172500,23.55638899,0.38966331,USDT
2025-03-03T15:00:00Z,LINK/USDT,buy,16.38819000,24.11056736,0.39512856,USDT
2025-03-03T16:15:00Z,LINK/USDT,sell,16.26186500,24.11056736,0.39208279,USDT
2025-03-03T16:30:00Z,LINK/USDT,buy,16.28814000,23.73812394,0.38664989,USDT
2025-03-03T16:45:00Z,LINK/USDT,sell,16.23188000,23.73812394,0.38531438,USDT
2025-03-04T06:30:00Z,LINK/USDT,buy,14.01700500,27.70785938,0.38838120,USDT
2025-03-04T07:00:00Z,LINK/USDT,stop_sell,13.83807750,27.70785938,0.38342351,USDT
2025-03-04T07:30:00Z,LINK/USDT,buy,13.88694000,27.95448808,0.38820230,USDT
2025-03-04T07:45:00Z,LINK/USDT,sell,13.81309000,27.95448808,0.38613786,USDT
2025-03-04T08:30:00Z,LINK/USDT,buy,13.92696000,27.87781636,0.38825323,USDT
2025-03-04T08:45:00Z,LINK/USDT,sell,13.76311500,27.87781636,0.38368559,USDT
2025-03-04T14:45:00Z,LINK/USDT,buy,13.95697500,27.82706549,0.38838166,USDT
2025-03-04T15:00:00Z,LINK/USDT,sell,13.63318000,27.82706549,0.37937139,USDT
2025-03-04T19:45:00Z,LINK/USDT,buy,14.50725000,26.67764086,0.38701921,USDT
2025-03-05T02:15:00Z,LINK/USDT,sell,14.88255500,26.67764086,0.39703146,USDT
2025-03-05T02:45:00Z,LINK/USDT,buy,14.99749500,25.83648169,0.38748250,USDT
2025-03-05T03:45:00Z,LINK/USDT,stop_sell,14.83543571,25.83648169,0.38329546,USDT
2025-03-05T04:15:00Z,LINK/USDT,buy,15.00750000,25.8964414,0.38864084,USDT
2025-03-05T13:00:00Z,LINK/USDT,sell,15.97201000,25.8964414,0.41361822,USDT
2025-03-05T17:45:00Z,LINK/USDT,buy,15.94797000,24.3006804,0.38754652,USDT
2025-03-06T00:30:00Z,LINK/USDT,sell,16.44177500,24.3006804,0.39954632,USDT
2025-03-06T00:45:00Z,LINK/USDT,buy,16.48824000,23.63257863,0.38965963,USDT
2025-03-06T07:00:00Z,LINK/USDT,sell,17.32133500,23.63257863,0.40934781,USDT
2025-03-06T07:15:00Z,LINK/USDT,buy,17.27863500,22.61284152,0.39071903,USDT
2025-03-06T07:15:00Z,LINK/USDT,stop_sell,17.13678446,22.61284152,0.38751139,USDT
2025-03-06T09:00:00Z,LINK/USDT,buy,17.19859500,22.67307951,0.38994511,USDT
2025-03-06T09:45:00Z,LINK/USDT,sell,17.17141000,22.67307951,0.38932874,USDT
2025-03-06T10:00:00Z,LINK/USDT,buy,17.24862000,22.65345178,0.39074078,USDT
2025-03-06T12:45:00Z,LINK/USDT,stop_sell,17.07181696,22.65345178,0.38673558,USDT
2025-03-06T13:00:00Z,LINK/USDT,buy,17.05852500,22.88345423,0.39035798,USDT
2025-03-06T13:15:00Z,LINK/USDT,sell,17.08145500,22.88345423,0.39088269,USDT
2025-03-06T19:30:00Z,LINK/USDT,buy,16.65832500,23.31992665,0.38847092,USDT
2025-03-06T19:45:00Z,LINK/USDT,sell,16.77161000,23.31992665,0.39111272,USDT
2025-03-06T21:15:00Z,LINK/USDT,buy,16.97848500,22.97182754,0.39002683,USDT
2025-03-06T21:30:00Z,LINK/USDT,sell,16.88155500,22.97182754,0.38780017,USDT
2025-03-06T22:00:00Z,LINK/USDT,buy,16.95847500,23.18971409,0.39326219,USDT
2025-03-07T00:15:00Z,LINK/USDT,stop_sell,16.66166500,23.18971409,0.38637925,USDT
2025-03-07T05:15:00Z,LINK/USDT,buy,16.44822000,23.74621857,0.39058303,USDT
2025-03-07T06:00:00Z,LINK/USDT,sell,16.56171500,23.74621857,0.39327810,USDT
2025-03-07T09:15:00Z,LINK/USDT,buy,17.09854500,22.76977685,0.38933005,USDT
2025-03-07T12:30:00Z,LINK/USDT,stop_sell,16.88298286,22.76977685,0.38442175,USDT
2025-03-08T06:15:00Z,LINK/USDT,buy,15.67783500,24.70706778,0.38735333,USDT
2025-03-08T07:30:00Z,LINK/USDT,sell,15.62218500,24.70706778,0.38597838,USDT
2025-03-08T08:00:00Z,LINK/USDT,buy,15.57778500,25.01379133,0.38965946,USDT
2025-03-08T08:15:00Z,LINK/USDT,sell,15.46226500,25.01379133,0.38676987,USDT
2025-03-08T14:15:00Z,LINK/USDT,buy,15.46773000,25.07555957,0.38786199,USDT
2025-03-08T14:45:00Z,LINK/USDT,stop_sell,15.38194804,25.07555957,0.38571095,USDT
2025-03-08T19:30:00Z,LINK/USDT,buy,15.51775500,25.07664333,0.38913321,USDT
2025-03-08T22:00:00Z,LINK/USDT,stop_sell,15.38230500,25.07664333,0.38573658,USDT
2025-03-08T22:45:00Z,LINK/USDT,buy,15.34767000,25.18517099,0.38653369,USDT
2025-03-08T22:45:00Z,LINK/USDT,stop_sell,15.33233000,25.18517099,0.38614735,USDT
2025-03-09T06:45:00Z,LINK/USDT,buy,15.18759000,25.59437753,0.38871691,USDT
2025-03-09T07:00:00Z,LINK/USDT,sell,15.20239500,25.59437753,0.38909584,USDT
2025-03-09T22:45:00Z,LINK/USDT,buy,13.76688000,28.07372303,0.38648758,USDT
2025-03-09T23:00:00Z,LINK/USDT,stop_sell,13.68565375,28.07372303,0.38420725,USDT
2025-03-09T23:30:00Z,LINK/USDT,buy,13.74687000,28.11709723,0.38652208,USDT
2025-03-09T23:45:00Z,LINK/USDT,sell,13.74312500,28.11709723,0.38641678,USDT
2025-03-10T00:15:00Z,LINK/USDT,buy,13.84692000,27.94985666,0.38701943,USDT
2025-03-10T00:30:00Z,LINK/USDT,sell,13.80309500,27.94985666,0.38579453,USDT
2025-03-10T01:15:00Z,LINK/USDT,buy,13.98699000,27.44367525,0.38385441,USDT
2025-03-10T01:15:00Z,LINK/USDT,stop_sell,13.95230607,27.44367525,0.38290256,USDT
2025-03-10T01:45:00Z,LINK/USDT,buy,14.00700000,27.62961523,0.38700802,USDT
2025-03-10T05:30:00Z,LINK/USDT,sell,14.14292500,27.62961523,0.39076358,USDT
2025-03-10T09:30:00Z,LINK/USDT,buy,14.35717500,26.97323788,0.38725950,USDT
2025-03-10T09:30:00Z,LINK/USDT,stop_sell,14.23966232,26.97323788,0.38408980,USDT
2025-03-11T00:15:00Z,LINK/USDT,buy,12.67633500,30.23342268,0.38324899,USDT
2025-03-11T00:15:00Z,LINK/USDT,stop_sell,12.60655071,30.23342268,0.38113918,USDT
2025-03-11T10:30:00Z,LINK/USDT,buy,13.08654000,29.75097679,0.38933735,USDT
2025-03-11T11:15:00Z,LINK/USDT,sell,12.95352000,29.75097679,0.38537987,USDT
2025-03-11T12:30:00Z,LINK/USDT,buy,12.93646500,29.97532036,0.38777468,USDT
2025-03-11T13:00:00Z,LINK/USDT,sell,12.77361000,29.97532036,0.38289305,USDT
2025-03-11T13:30:00Z,LINK/USDT,buy,13.09654500,29.7099576,0.38909780,USDT
2025-03-11T13:30:00Z,LINK/USDT,stop_sell,12.82215714,29.7099576,0.38094574,USDT
2025-03-11T16:00:00Z,LINK/USDT,buy,13.00650000,29.60949932,0.38511595,USDT
2025-03-11T16:15:00Z,LINK/USDT,sell,12.85357000,29.60949932,0.38058777,USDT
2025-03-11T16:45:00Z,LINK/USDT,buy,13.15657500,29.2845757,0.38528472,USDT
2025-03-11T23:00:00Z,LINK/USDT,sell,13.32333500,29.2845757,0.39016821,USDT
2025-03-12T07:45:00Z,LINK/USDT,buy,12.99649500,29.39899419,0.38208388,USDT
2025-03-12T08:00:00Z,LINK/USDT,sell,13.10344500,29.39899419,0.38522810,USDT
2025-03-12T08:15:00Z,LINK/USDT,buy,13.12656000,29.12469537,0.38230706,USDT
2025-03-12T08:15:00Z,LINK/USDT,stop_sell,13.08345500,29.12469537,0.38105164,USDT
2025-03-12T08:30:00Z,LINK/USDT,buy,13.18659000,29.26723344,0.38593501,USDT
2025-03-12T14:45:00Z,LINK/USDT,sell,13.04347500,29.26723344,0.38174643,USDT
2025-03-12T18:45:00Z,LINK/USDT,buy,13.26663000,29.08255011,0.38582743,USDT
2025-03-12T19:00:00Z,LINK/USDT,sell,13.15342000,29.08255011,0.38253500,USDT
2025-03-12T21:45:00Z,LINK/USDT,buy,13.35667500,28.75396858,0.38405741,USDT
2025-03-12T22:00:00Z,LINK/USDT,sell,13.42328500,28.75396858,0.38597272,USDT
2025-03-12T23:15:00Z,LINK/USDT,buy,13.44672000,28.63241975,0.38501213,USDT
2025-03-13T01:00:00Z,LINK/USDT,stop_sell,13.33333000,28.63241975,0.38176550,USDT
2025-03-13T01:15:00Z,LINK/USDT,buy,13.38669000,28.71535838,0.38440360,USDT
2025-03-13T01:15:00Z,LINK/USDT,stop_sell,13.31476786,28.71535838,0.38233833,USDT
2025-03-13T09:30:00Z,LINK/USDT,buy,13.29664500,28.91437832,0.38446422,USDT
2025-03-13T13:30:00Z,LINK/USDT,stop_sell,13.18162018,28.91437832,0.38113835,USDT
2025-03-13T23:15:00Z,LINK/USDT,buy,13.11655500,29.1087771,0.38180688,USDT
2025-03-13T23:15:00Z,LINK/USDT,stop_sell,13.08916643,29.1087771,0.38100963,USDT
2025-03-13T23:30:00Z,LINK/USDT,buy,13.05652500,29.36648545,0.38342425,USDT
2025-03-14T13:15:00Z,LINK/USDT,sell,14.15292000,29.36648545,0.41562152,USDT
2025-03-14T13:30:00Z,LINK/USDT,buy,14.17708500,27.3800016,0.38816861,USDT
2025-03-14T19:30:00Z,LINK/USDT,sell,14.53273000,27.3800016,0.39790617,USDT
2025-03-15T01:00:00Z,LINK/USDT,buy,13.81690500,27.9861129,0.38668146,USDT
2025-03-15T01:30:00Z,LINK/USDT,stop_sell,13.73955536,27.9861129,0.38451675,USDT
2025-03-15T04:30:00Z,LINK/USDT,buy,14.02701000,27.64925434,0.38783637,USDT
2025-03-15T06:00:00Z,LINK/USDT,stop_sell,13.87591571,27.64925434,0.38365872,USDT
2025-03-15T06:15:00Z,LINK/USDT,buy,13.92696000,27.7399237,0.38633281,USDT
2025-03-15T07:15:00Z,LINK/USDT,stop_sell,13.78810250,27.7399237,0.38248091,USDT
2025-03-15T07:30:00Z,LINK/USDT,buy,13.79689500,27.99474114,0.38624050,USDT
2025-03-15T07:45:00Z,LINK/USDT,sell,13.78310500,27.99474114,0.38585446,USDT
2025-03-15T11:15:00Z,LINK/USDT,buy,13.94697000,27.66701283,0.38587100,USDT
2025-03-15T14:45:00Z,LINK/USDT,sell,13.99300000,27.66701283,0.38714451,USDT
2025-03-15T15:00:00Z,LINK/USDT,buy,14.04702000,27.57106205,0.38729126,USDT
2025-03-15T16:15:00Z,LINK/USDT,sell,14.04297500,27.57106205,0.38717974,USDT
2025-03-15T18:30:00Z,LINK/USDT,buy,14.07703500,27.42885494,0.38611695,USDT
2025-03-15T20:00:00Z,LINK/USDT,sell,14.13293000,27.42885494,0.38765009,USDT
2025-03-15T20:15:00Z,LINK/USDT,buy,14.13706500,27.33602964,0.38645123,USDT
2025-03-15T23:00:00Z,LINK/USDT,sell,14.05297000,27.33602964,0.38415240,USDT
2025-03-16T04:45:00Z,LINK/USDT,buy,14.07703500,27.45474622,0.38648142,USDT
2025-03-16T09:30:00Z,LINK/USDT,stop_sell,13.98407589,27.45474622,0.38392925,USDT
2025-03-17T00:15:00Z,LINK/USDT,buy,13.43671500,28.7881537,0.38681822,USDT
2025-03-17T06:00:00Z,LINK/USDT,sell,13.67316000,28.7881537,0.39362503,USDT
2025-03-17T06:15:00Z,LINK/USDT,buy,13.62681000,28.21312045,0.38445483,USDT
2025-03-17T06:15:00Z,LINK/USDT,stop_sell,13.60783554,28.21312045,0.38391950,USDT
2025-03-17T09:15:00Z,LINK/USDT,buy,13.82691000,27.9399849,0.38632366,USDT
2025-03-17T10:00:00Z,LINK/USDT,sell,13.78310500,27.9399849,0.38509975,USDT
2025-03-17T10:15:00Z,LINK/USDT,buy,13.82691000,27.96893145,0.38672390,USDT
2025-03-17T12:45:00Z,LINK/USDT,sell,13.74312500,27.96893145,0.38438052,USDT
2025-03-17T15:30:00Z,LINK/USDT,buy,13.74687000,27.93060915,0.38395845,USDT
2025-03-17T15:45:00Z,LINK/USDT,sell,13.73313000,27.93060915,0.38357469,USDT
2025-03-17T16:00:00Z,LINK/USDT,buy,13.73686500,27.9847714,0.38442303,USDT
2025-03-17T16:30:00Z,LINK/USDT,sell,13.79310000,27.9847714,0.38599675,USDT
2025-03-17T17:15:00Z,LINK/USDT,buy,13.80690000,27.94884457,0.38588690,USDT
2025-03-17T23:30:00Z,LINK/USDT,sell,13.98300500,27.94884457,0.39080883,USDT
2025-03-18T05:45:00Z,LINK/USDT,buy,14.07703500,27.47479953,0.38676371,USDT
2025-03-18T06:00:00Z,LINK/USDT,sell,14.06296500,27.47479953,0.38637714,USDT
2025-03-18T06:15:00Z,LINK/USDT,buy,13.95697500,27.40962392,0.38255544,USDT
2025-03-18T06:15:00Z,LINK/USDT,stop_sell,13.94302500,27.40962392,0.38217307,USDT
2025-03-18T06:30:00Z,LINK/USDT,buy,13.96698000,27.69839376,0.38686291,USDT
2025-03-18T10:30:00Z,LINK/USDT,sell,13.90304500,27.69839376,0.38509201,USDT
2025-03-18T11:15:00Z,LINK/USDT,buy,13.86693000,27.66390617,0.38361345,USDT
2025-03-18T11:15:00Z,LINK/USDT,stop_sell,13.83522179,27.66390617,0.38273628,USDT
2025-03-18T23:15:00Z,LINK/USDT,buy,13.82691000,27.89476692,0.38569843,USDT
2025-03-19T04:15:00Z,LINK/USDT,sell,13.92303500,27.89476692,0.38837982,USDT
2025-03-19T06:45:00Z,LINK/USDT,buy,13.93696500,27.64557501,0.38529541,USDT
2025-03-19T07:45:00Z,LINK/USDT,sell,13.86306500,27.64557501,0.38325240,USDT
2025-03-19T10:45:00Z,LINK/USDT,buy,14.21710500,27.23864152,0.38725463,USDT
2025-03-19T16:15:00Z,LINK/USDT,sell,14.51274000,27.23864152,0.39530732,USDT
2025-03-19T21:45:00Z,LINK/USDT,buy,14.72736000,26.20489143,0.38592887,USDT
2025-03-20T03:30:00Z,LINK/USDT,sell,14.75262000,26.20489143,0.38659081,USDT
2025-03-20T09:00:00Z,LINK/USDT,buy,14.75737500,26.11558261,0.38539745,USDT
2025-03-20T09:15:00Z,LINK/USDT,stop_sell,14.68265500,26.11558261,0.38344609,USDT
2025-03-20T14:30:00Z,LINK/USDT,buy,14.72736000,26.18950674,0.38570229,USDT
2025-03-20T15:00:00Z,LINK/USDT,stop_sell,14.66230804,26.18950674,0.38399862,USDT
2025-03-20T15:15:00Z,LINK/USDT,buy,14.51725500,26.31910306,0.38208113,USDT
2025-03-20T15:15:00Z,LINK/USDT,stop_sell,14.50274500,26.31910306,0.38169924,USDT
2025-03-20T15:30:00Z,LINK/USDT,buy,14.46723000,26.58523224,0.38461467,USDT
2025-03-20T15:30:00Z,LINK/USDT,stop_sell,14.39708357,26.58523224,0.38274981,USDT
2025-03-20T22:15:00Z,LINK/USDT,buy,14.18709000,27.09426019,0.38438871,USDT
2025-03-20T22:45:00Z,LINK/USDT,sell,14.17291000,27.09426019,0.38400451,USDT
2025-03-21T02:00:00Z,LINK/USDT,buy,14.36718000,26.80482103,0.38510969,USDT
2025-03-21T02:45:00Z,LINK/USDT,stop_sell,14.28285500,26.80482103,0.38284937,USDT
2025-03-21T08:15:00Z,LINK/USDT,buy,14.23711500,27.03267519,0.38486731,USDT
2025-03-21T08:30:00Z,LINK/USDT,stop_sell,14.12293500,27.03267519,0.38178071,USDT
2025-03-21T10:00:00Z,LINK/USDT,buy,14.19709500,27.08715355,0.38455889,USDT
2025-03-21T10:15:00Z,LINK/USDT,stop_sell,14.07296000,27.08715355,0.38119643,USDT
2025-03-21T19:00:00Z,LINK/USDT,buy,14.04702000,27.3530236,0.38422847,USDT
2025-03-21T20:00:00Z,LINK/USDT,stop_sell,13.97301000,27.3530236,0.38220407,USDT
2025-03-22T03:00:00Z,LINK/USDT,buy,14.05702500,27.31766441,0.38400509,USDT
2025-03-22T05:45:00Z,LINK/USDT,sell,14.04297500,27.31766441,0.38362128,USDT
2025-03-22T16:15:00Z,LINK/USDT,buy,14.29714500,26.89005395,0.38445100,USDT
2025-03-22T21:45:00Z,LINK/USDT,sell,14.30284500,26.89005395,0.38460427,USDT
2025-03-22T22:15:00Z,LINK/USDT,buy,14.34717000,26.75535615,0.38386364,USDT
2025-03-22T22:45:00Z,LINK/USDT,sell,14.33283000,26.75535615,0.38347997,USDT
2025-03-23T04:30:00Z,LINK/USDT,buy,14.39719500,26.65599208,0.38377152,USDT
2025-03-23T05:00:00Z,LINK/USDT,stop_sell,14.31426786,26.65599208,0.38156101,USDT
2025-03-23T15:30:00Z,LINK/USDT,buy,14.43721500,26.56560353,0.38353333,USDT
2025-03-23T16:00:00Z,LINK/USDT,sell,14.40279500,26.56560353,0.38261894,USDT
2025-03-23T22:30:00Z,LINK/USDT,buy,14.39719500,26.59314475,0.38286669,USDT
2025-03-23T22:30:00Z,LINK/USDT,stop_sell,14.36531375,26.59314475,0.38201887,USDT
2025-03-24T03:45:00Z,LINK/USDT,buy,14.59729500,26.13084578,0.38143966,USDT
2025-03-24T11:30:00Z,LINK/USDT,sell,15.16241500,26.13084578,0.39620673,USDT
2025-03-24T21:15:00Z,LINK/USDT,buy,15.20760000,25.32612739,0.38514961,USDT
2025-03-24T22:15:00Z,LINK/USDT,sell,15.05247000,25.32612739,0.38122077,USDT
2025-03-24T23:00:00Z,LINK/USDT,buy,15.05752500,25.41865798,0.38274208,USDT
2025-03-24T23:00:00Z,LINK/USDT,stop_sell,15.04104714,25.41865798,0.38232323,USDT
2025-03-25T00:30:00Z,LINK/USDT,buy,15.21760500,25.2286011,0.38391889,USDT
2025-03-25T01:15:00Z,LINK/USDT,sell,15.13243000,25.2286011,0.38177004,USDT
2025-03-25T06:15:00Z,LINK/USDT,buy,15.15757500,25.29642875,0.38343252,USDT
2025-03-25T14:00:00Z,LINK/USDT,sell,15.33233000,25.29642875,0.38785319,USDT
2025-03-25T21:00:00Z,LINK/USDT,buy,15.53776500,24.79236506,0.38521794,USDT
2025-03-25T22:15:00Z,LINK/USDT,stop_sell,15.40051018,24.79236506,0.38181507,USDT
2025-03-25T22:30:00Z,LINK/USDT,buy,15.36768000,24.91567374,0.38289610,USDT
2025-03-25T22:45:00Z,LINK/USDT,sell,15.35232000,24.91567374,0.38251340,USDT
2025-03-26T00:00:00Z,LINK/USDT,buy,15.43771500,24.82903949,0.38330364,USDT
2025-03-26T00:15:00Z,LINK/USDT,sell,15.39230000,24.82903949,0.38217602,USDT
2025-03-26T00:30:00Z,LINK/USDT,buy,15.52776000,24.8031665,0.38513762,USDT
2025-03-26T01:00:00Z,LINK/USDT,sell,15.49225000,24.8031665,0.38425686,USDT
2025-03-26T01:30:00Z,LINK/USDT,buy,15.50775000,24.71463936,0.38326845,USDT
2025-03-26T02:00:00Z,LINK/USDT,sell,15.42228500,24.71463936,0.38115621,USDT
2025-03-26T04:45:00Z,LINK/USDT,buy,15.50775000,24.71573771,0.38328548,USDT
2025-03-26T05:30:00Z,LINK/USDT,sell,15.51224000,24.71573771,0.38339646,USDT
2025-03-26T05:45:00Z,LINK/USDT,buy,15.67783500,24.42848248,0.38298572,USDT
2025-03-26T12:30:00Z,LINK/USDT,sell,15.76211500,24.42848248,0.38504455,USDT
2025-03-27T01:45:00Z,LINK/USDT,buy,15.40770000,24.87963513,0.38333795,USDT
2025-03-27T07:45:00Z,LINK/USDT,sell,15.57221000,24.87963513,0.38743090,USDT
2025-03-27T09:00:00Z,LINK/USDT,buy,15.67783500,24.45203312,0.38335494,USDT
2025-03-27T09:15:00Z,LINK/USDT,stop_sell,15.57221000,24.45203312,0.38077219,USDT
2025-03-27T10:30:00Z,LINK/USDT,buy,15.72786000,24.37273133,0.38333091,USDT
2025-03-27T11:15:00Z,LINK/USDT,sell,15.59220000,24.37273133,0.38002450,USDT
2025-03-27T14:45:00Z,LINK/USDT,buy,15.69784500,24.3520069,0.38227403,USDT
2025-03-27T15:45:00Z,LINK/USDT,sell,15.55222000,24.3520069,0.37872777,USDT
2025-03-27T18:30:00Z,LINK/USDT,buy,15.46773000,24.81983424,0.38390649,USDT
2025-03-27T18:45:00Z,LINK/USDT,sell,15.53223000,24.81983424,0.38550737,USDT
2025-03-28T00:00:00Z,LINK/USDT,buy,15.49774500,24.67992025,0.38248311,USDT
2025-03-28T00:15:00Z,LINK/USDT,sell,15.45227000,24.67992025,0.38136079,USDT
2025-03-28T01:00:00Z,LINK/USDT,buy,15.39769500,24.73404994,0.38084736,USDT
2025-03-28T01:00:00Z,LINK/USDT,stop_sell,15.38230500,24.73404994,0.38046670,USDT
2025-03-28T01:45:00Z,LINK/USDT,buy,15.50775000,24.55332351,0.38076680,USDT
2025-03-28T02:00:00Z,LINK/USDT,sell,15.49225000,24.55332351,0.38038623,USDT
2025-03-29T01:15:00Z,LINK/USDT,buy,14.26713000,26.69171038,0.38081410,USDT
2025-03-29T01:15:00Z,LINK/USDT,stop_sell,14.24822946,26.69171038,0.38030961,USDT
2025-03-29T02:00:00Z,LINK/USDT,buy,14.31715500,26.77819962,0.38338763,USDT
2025-03-29T02:45:00Z,LINK/USDT,stop_sell,14.19290000,26.77819962,0.38006031,USDT
2025-03-29T04:00:00Z,LINK/USDT,buy,14.26713000,26.75524998,0.38172063,USDT
2025-03-29T04:30:00Z,LINK/USDT,sell,14.22288500,26.75524998,0.38053684,USDT
2025-03-29T14:45:00Z,LINK/USDT,buy,13.70685000,27.73630409,0.38017736,USDT
2025-03-29T15:00:00Z,LINK/USDT,sell,13.71314000,27.73630409,0.38035182,USDT
2025-03-30T00:00:00Z,LINK/USDT,buy,13.55677500,28.20468164,0.38236452,USDT
2025-03-30T00:30:00Z,LINK/USDT,sell,13.48325500,28.20468164,0.38029091,USDT
2025-03-30T01:45:00Z,LINK/USDT,buy,13.57678500,27.93991164,0.37933417,USDT
2025-03-30T02:15:00Z,LINK/USDT,sell,13.66316500,27.93991164,0.38174762,USDT
2025-03-30T11:45:00Z,LINK/USDT,buy,13.73686500,27.84752258,0.38253766,USDT
2025-03-30T12:15:00Z,LINK/USDT,sell,13.69315000,27.84752258,0.38132030,USDT
2025-03-30T13:15:00Z,LINK/USDT,buy,13.70685000,27.8156268,0.38126462,USDT
2025-03-30T13:30:00Z,LINK/USDT,stop_sell,13.61319000,27.8156268,0.37865941,USDT
2025-03-30T15:30:00Z,LINK/USDT,buy,13.62681000,27.83661377,0.37932425,USDT
2025-03-30T15:30:00Z,LINK/USDT,stop_sell,13.61319000,27.83661377,0.37894511,USDT
2025-03-30T18:30:00Z,LINK/USDT,buy,13.63681500,27.93205312,0.38090424,USDT
2025-03-30T19:45:00Z,LINK/USDT,sell,13.64317500,27.93205312,0.38108189,USDT
2025-03-30T22:45:00Z,LINK/USDT,buy,13.50675000,28.11426417,0.37973234,USDT
2025-03-30T23:00:00Z,LINK/USDT,sell,13.45327000,28.11426417,0.37822879,USDT
2025-03-31T02:45:00Z,LINK/USDT,buy,13.50675000,28.35217705,0.38294577,USDT
2025-03-31T03:15:00Z,LINK/USDT,sell,13.33333000,28.35217705,0.37802893,USDT
2025-03-31T14:00:00Z,LINK/USDT,buy,13.33666500,28.50952672,0.38022201,USDT
2025-03-31T20:00:00Z,LINK/USDT,sell,13.53323000,28.50952672,0.38582598,USDT
2025-03-31T20:45:00Z,LINK/USDT,buy,13.63681500,27.91042006,0.38060923,USDT
2025-03-31T21:30:00Z,LINK/USDT,sell,13.60319500,27.91042006,0.37967089,USDT
2025-03-31T21:45:00Z,LINK/USDT,buy,13.61680500,27.94145005,0.38047328,USDT
2025-03-31T22:00:00Z,LINK/USDT,stop_sell,13.49325000,27.94145005,0.37702097,USDT
2025-03-31T22:30:00Z,LINK/USDT,buy,13.48674000,28.18593109,0.38013632,USDT
2025-03-31T22:45:00Z,LINK/USDT,sell,13.47326000,28.18593109,0.37975638,USDT
2025-04-01T00:45:00Z,LINK/USDT,buy,13.58679000,28.03359144,0.38088652,USDT
2025-04-01T01:15:00Z,LINK/USDT,sell,13.57321000,28.03359144,0.38050582,USDT
2025-04-01T03:45:00Z,LINK/USDT,buy,13.64682000,27.88280447,0.38051161,USDT
2025-04-01T04:30:00Z,LINK/USDT,sell,13.60319500,27.88280447,0.37929523,USDT
2025-04-01T04:45:00Z,LINK/USDT,buy,13.61680500,27.89167534,0.37979550,USDT
2025-04-01T05:15:00Z,LINK/USDT,sell,13.70314500,27.89167534,0.38220367,USDT
2025-04-01T13:15:00Z,LINK/USDT,buy,14.00700000,27.1047391,0.37965608,USDT
2025-04-01T13:45:00Z,LINK/USDT,sell,13.99300000,27.1047391,0.37927661,USDT
2025-04-01T15:00:00Z,LINK/USDT,buy,14.11705500,27.07891033,0.38227447,USDT
2025-04-01T19:30:00Z,LINK/USDT,sell,14.13293000,27.07891033,0.38270434,USDT
2025-04-03T03:00:00Z,LINK/USDT,buy,13.28664000,28.56429758,0.37952354,USDT
2025-04-03T04:30:00Z,LINK/USDT,stop_sell,13.15342000,28.56429758,0.37571820,USDT
2025-04-03T04:45:00Z,LINK/USDT,buy,13.16658000,28.81874382,0.37944430,USDT
2025-04-03T05:30:00Z,LINK/USDT,sell,13.14342500,28.81874382,0.37877700,USDT
2025-04-03T17:45:00Z,LINK/USDT,buy,12.51625500,30.33125017,0.37963366,USDT
2025-04-03T18:30:00Z,LINK/USDT,sell,12.50374500,30.33125017,0.37925422,USDT
2025-04-03T19:00:00Z,LINK/USDT,buy,12.70635000,29.91709238,0.38013705,USDT
2025-04-04T01:45:00Z,LINK/USDT,sell,12.77361000,29.91709238,0.38214927,USDT
2025-04-04T05:45:00Z,LINK/USDT,buy,12.85642500,29.551797,0.37993046,USDT
2025-04-04T06:15:00Z,LINK/USDT,sell,12.88355500,29.551797,0.38073220,USDT
2025-04-04T07:45:00Z,LINK/USDT,buy,13.06653000,29.0538576,0.37963310,USDT
2025-04-04T10:00:00Z,LINK/USDT,stop_sell,12.98350500,29.0538576,0.37722091,USDT
2025-04-04T15:15:00Z,LINK/USDT,buy,12.88644000,29.46339951,0.37967833,USDT
2025-04-04T20:00:00Z,LINK/USDT,sell,12.95352000,29.46339951,0.38165473,USDT
2025-04-04T20:30:00Z,LINK/USDT,buy,12.98649000,29.24355891,0.37977119,USDT
2025-04-04T22:30:00Z,LINK/USDT,sell,12.95352000,29.24355891,0.37880703,USDT
2025-04-05T00:45:00Z,LINK/USDT,buy,12.98649000,29.32342913,0.38080842,USDT
2025-04-05T01:45:00Z,LINK/USDT,sell,13.00349500,29.32342913,0.38130706,USDT
2025-04-05T11:30:00Z,LINK/USDT,buy,12.95647500,29.25387079,0.37902705,USDT
2025-04-05T11:45:00Z,LINK/USDT,stop_sell,12.90354500,29.25387079,0.37747864,USDT
2025-04-05T12:15:00Z,LINK/USDT,buy,12.91645500,29.33022724,0.37884256,USDT
2025-04-05T12:30:00Z,LINK/USDT,stop_sell,12.84357500,29.33022724,0.37670497,USDT
2025-04-06T12:00:00Z,LINK/USDT,buy,12.62631000,29.84398919,0.37681946,USDT
2025-04-06T12:00:00Z,LINK/USDT,stop_sell,12.61369000,29.84398919,0.37644283,USDT
2025-04-07T01:30:00Z,LINK/USDT,buy,11.44572000,32.95569612,0.37720167,USDT
2025-04-07T02:00:00Z,LINK/USDT,sell,11.35432000,32.95569612,0.37418952,USDT
2025-04-07T12:00:00Z,LINK/USDT,buy,10.67533500,35.36298485,0.37751171,USDT
2025-04-07T13:45:00Z,LINK/USDT,sell,10.85457000,35.36298485,0.38384999,USDT
2025-04-07T14:00:00Z,LINK/USDT,buy,11.28564000,33.73230498,0.38069065,USDT
2025-04-07T19:00:00Z,LINK/USDT,sell,11.36431500,33.73230498,0.38334454,USDT
2025-04-07T19:15:00Z,LINK/USDT,buy,11.28564000,33.53655006,0.37848143,USDT
2025-04-07T22:15:00Z,LINK/USDT,sell,11.61419000,33.53655006,0.38949986,USDT
2025-04-07T22:30:00Z,LINK/USDT,buy,11.60580000,32.62662824,0.37865812,USDT
2025-04-07T23:30:00Z,LINK/USDT,stop_sell,11.48425500,32.62662824,0.37469252,USDT
2025-04-08T00:00:00Z,LINK/USDT,buy,11.52576000,33.02004966,0.38058117,USDT
2025-04-08T00:15:00Z,LINK/USDT,sell,11.48425500,33.02004966,0.37921067,USDT
2025-04-08T02:45:00Z,LINK/USDT,buy,11.72586000,32.05581615,0.37588201,USDT
2025-04-08T02:45:00Z,LINK/USDT,stop_sell,11.71414000,32.05581615,0.37550632,USDT
2025-04-08T03:00:00Z,LINK/USDT,buy,11.73586500,32.32163655,0.37932236,USDT
2025-04-08T06:30:00Z,LINK/USDT,sell,11.59420000,32.32163655,0.37474352,USDT
2025-04-08T11:45:00Z,LINK/USDT,buy,11.72586000,32.31280508,0.37889543,USDT
2025-04-08T13:45:00Z,LINK/USDT,sell,11.70414500,32.31280508,0.37819376,USDT
2025-04-09T04:45:00Z,LINK/USDT,buy,10.96548000,34.41913071,0.37742229,USDT
2025-04-09T05:15:00Z,LINK/USDT,sell,11.01449000,34.41913071,0.37910917,USDT
2025-04-09T05:30:00Z,LINK/USDT,buy,11.03551500,34.17711604,0.37716208,USDT
2025-04-09T11:15:00Z,LINK/USDT,sell,11.27436000,34.17711604,0.38532511,USDT
2025-04-09T14:00:00Z,LINK/USDT,buy,11.44572000,33.15246879,0.37945388,USDT
2025-04-09T14:15:00Z,LINK/USDT,sell,11.32433500,33.15246879,0.37542966,USDT
2025-04-09T16:00:00Z,LINK/USDT,buy,11.42571000,33.29378985,0.38040519,USDT
2025-04-09T23:00:00Z,LINK/USDT,sell,12.70364500,33.29378985,0.42295249,USDT
2025-04-09T23:15:00Z,LINK/USDT,buy,12.68634000,30.04641274,0.38117901,USDT
2025-04-10T00:00:00Z,LINK/USDT,stop_sell,12.61583179,30.04641274,0.37906049,USDT
2025-04-10T06:15:00Z,LINK/USDT,buy,12.49624500,30.55721419,0.38185044,USDT
2025-04-10T07:00:00Z,LINK/USDT,sell,12.47376000,30.55721419,0.38116336,USDT
2025-04-10T07:15:00Z,LINK/USDT,buy,12.45622500,30.57240367,0.38081674,USDT
2025-04-10T07:30:00Z,LINK/USDT,sell,12.35382000,30.57240367,0.37768597,USDT
2025-04-10T08:00:00Z,LINK/USDT,buy,12.33616500,30.91909621,0.38142307,USDT
2025-04-10T09:00:00Z,LINK/USDT,sell,12.32383500,30.91909621,0.38104184,USDT
2025-04-10T09:30:00Z,LINK/USDT,buy,12.42621000,30.76198228,0.38225485,USDT
2025-04-10T10:45:00Z,LINK/USDT,sell,12.33383000,30.76198228,0.37941306,USDT
2025-04-10T12:30:00Z,LINK/USDT,buy,12.53626500,30.44385961,0.38165229,USDT
2025-04-10T12:45:00Z,LINK/USDT,stop_sell,12.42378500,30.44385961,0.37822797,USDT
2025-04-10T13:00:00Z,LINK/USDT,buy,12.37618500,30.76135386,0.38070821,USDT
2025-04-10T13:30:00Z,LINK/USDT,stop_sell,12.27386000,30.76135386,0.37756055,USDT
2025-04-10T20:30:00Z,LINK/USDT,buy,12.03601500,31.6047775,0.38039558,USDT
2025-04-10T23:30:00Z,LINK/USDT,sell,12.04397500,31.6047775,0.38064715,USDT
2025-04-11T18:45:00Z,LINK/USDT,buy,12.75637500,29.84024457,0.38065335,USDT
2025-04-11T22:30:00Z,LINK/USDT,sell,12.70364500,29.84024457,0.37907987,USDT
2025-04-12T20:45:00Z,LINK/USDT,buy,13.19659500,28.72094173,0.37901864,USDT
2025-04-12T20:45:00Z,LINK/USDT,stop_sell,13.16876946,28.72094173,0.37821946,USDT
2025-04-13T09:30:00Z,LINK/USDT,buy,13.00650000,29.21950353,0.38004347,USDT
2025-04-13T11:15:00Z,LINK/USDT,stop_sell,12.96137321,29.21950353,0.37872489,USDT
2025-04-13T11:30:00Z,LINK/USDT,buy,12.93646500,29.29686403,0.37899786,USDT
2025-04-13T11:45:00Z,LINK/USDT,sell,12.87356000,29.29686403,0.37715494,USDT
2025-04-13T17:15:00Z,LINK/USDT,buy,12.86643000,29.5085095,0.37966917,USDT
2025-04-13T19:30:00Z,LINK/USDT,stop_sell,12.78931643,29.5085095,0.37739367,USDT
2025-04-14T00:30:00Z,LINK/USDT,buy,12.86643000,29.46673089,0.37913163,USDT
2025-04-14T01:00:00Z,LINK/USDT,sell,12.75362000,29.46673089,0.37580749,USDT
2025-04-14T08:45:00Z,LINK/USDT,buy,12.83641500,29.53316446,0.37909996,USDT
2025-04-14T09:15:00Z,LINK/USDT,sell,12.79360000,29.53316446,0.37783549,USDT
2025-04-14T10:15:00Z,LINK/USDT,buy,12.88644000,29.40596182,0.37893816,USDT
2025-04-14T15:30:00Z,LINK/USDT,sell,12.91354000,29.40596182,0.37973506,USDT
2025-04-14T18:30:00Z,LINK/USDT,buy,12.95647500,29.20214699,0.37835689,USDT
2025-04-14T19:30:00Z,LINK/USDT,sell,12.89355000,29.20214699,0.37651934,USDT
2025-04-15T20:30:00Z,LINK/USDT,buy,12.41620500,30.5524175,0.37934508,USDT
2025-04-15T21:00:00Z,LINK/USDT,sell,12.34382500,30.5524175,0.37713369,USDT
2025-04-15T21:45:00Z,LINK/USDT,buy,12.37618500,30.53325454,0.37788521,USDT
2025-04-15T22:00:00Z,LINK/USDT,sell,12.36381500,30.53325454,0.37750751,USDT
2025-04-15T22:15:00Z,LINK/USDT,buy,12.28614000,30.57529318,0.37565233,USDT
2025-04-15T22:15:00Z,LINK/USDT,stop_sell,12.27386000,30.57529318,0.37527687,USDT
2025-04-15T23:15:00Z,LINK/USDT,buy,12.27613500,30.79204114,0.37800725,USDT
2025-04-15T23:30:00Z,LINK/USDT,sell,12.26386500,30.79204114,0.37762944,USDT
2025-04-16T01:45:00Z,LINK/USDT,buy,12.38619000,30.58540362,0.37883662,USDT
2025-04-16T02:30:00Z,LINK/USDT,sell,12.34382500,30.58540362,0.37754087,USDT
2025-04-16T03:15:00Z,LINK/USDT,buy,12.37618500,30.49809673,0.37745009,USDT
2025-04-16T04:30:00Z,LINK/USDT,stop_sell,12.31848054,30.49809673,0.37569021,USDT
2025-04-16T04:45:00Z,LINK/USDT,buy,12.24612000,30.80508786,0.37724280,USDT
2025-04-16T05:15:00Z,LINK/USDT,sell,12.24387500,30.80508786,0.37717365,USDT
2025-04-16T13:00:00Z,LINK/USDT,buy,12.15607500,31.07855895,0.37779329,USDT
2025-04-16T13:15:00Z,LINK/USDT,sell,12.11394000,31.07855895,0.37648380,USDT
2025-04-16T14:30:00Z,LINK/USDT,buy,12.29614500,30.73610664,0.37793562,USDT
2025-04-16T16:15:00Z,LINK/USDT,sell,12.27386000,30.73610664,0.37725067,USDT
2025-04-16T18:15:00Z,LINK/USDT,buy,12.15607500,30.95358312,0.37627408,USDT
2025-04-16T18:45:00Z,LINK/USDT,sell,12.16391500,30.95358312,0.37651675,USDT
2025-04-17T01:30:00Z,LINK/USDT,buy,12.47623500,30.30388507,0.37807839,USDT
2025-04-17T01:30:00Z,LINK/USDT,stop_sell,12.39665571,30.30388507,0.37566683,USDT
2025-04-17T01:45:00Z,LINK/USDT,buy,12.43621500,30.33227229,0.37721866,USDT
2025-04-17T02:15:00Z,LINK/USDT,sell,12.34382500,30.33227229,0.37441626,USDT
2025-04-17T04:30:00Z,LINK/USDT,buy,12.38619000,30.43181114,0.37693419,USDT
2025-04-17T09:15:00Z,LINK/USDT,sell,12.46376500,30.43181114,0.37929494,USDT
2025-04-17T09:30:00Z,LINK/USDT,buy,12.48624000,30.22246859,0.37736500,USDT
2025-04-17T09:45:00Z,LINK/USDT,sell,12.47376000,30.22246859,0.37698782,USDT
2025-04-17T15:15:00Z,LINK/USDT,buy,12.42621000,30.21520938,0.37546054,USDT
2025-04-17T20:00:00Z,LINK/USDT,sell,12.53373000,30.21520938,0.37870928,USDT
2025-04-17T20:15:00Z,LINK/USDT,buy,12.58629000,30.03850411,0.37807332,USDT
2025-04-17T21:15:00Z,LINK/USDT,sell,12.55372000,30.03850411,0.37709497,USDT
2025-04-18T04:30:00Z,LINK/USDT,buy,12.60630000,29.9320528,0.37733244,USDT
2025-04-18T12:30:00Z,LINK/USDT,sell,12.62368500,29.9320528,0.37785281,USDT
2025-04-18T18:00:00Z,LINK/USDT,buy,12.62631000,29.85941042,0.37701417,USDT
2025-04-18T23:00:00Z,LINK/USDT,sell,12.56371500,29.85941042,0.37514512,USDT
2025-04-19T09:00:00Z,LINK/USDT,buy,12.88644000,29.26309734,0.37709715,USDT
2025-04-19T10:45:00Z,LINK/USDT,stop_sell,12.77361000,29.26309734,0.37379539,USDT
2025-04-19T16:15:00Z,LINK/USDT,buy,12.77638500,29.46686381,0.37648000,USDT
2025-04-19T16:45:00Z,LINK/USDT,stop_sell,12.70364500,29.46686381,0.37433658,USDT
2025-04-19T17:45:00Z,LINK/USDT,buy,12.89644500,29.24263701,0.37712606,USDT
2025-04-20T00:00:00Z,LINK/USDT,sell,12.93353000,29.24263701,0.37821052,USDT
2025-04-20T06:00:00Z,LINK/USDT,buy,13.05652500,28.77480047,0.37569890,USDT
2025-04-20T06:00:00Z,LINK/USDT,stop_sell,13.04347500,28.77480047,0.37532339,USDT
2025-04-20T06:45:00Z,LINK/USDT,buy,12.95647500,28.81199383,0.37330188,USDT
2025-04-20T06:45:00Z,LINK/USDT,stop_sell,12.94352500,28.81199383,0.37292876,USDT
2025-04-20T07:00:00Z,LINK/USDT,buy,12.95647500,29.02756539,0.37609493,USDT
2025-04-20T07:15:00Z,LINK/USDT,sell,12.93353000,29.02756539,0.37542889,USDT
2025-04-20T08:00:00Z,LINK/USDT,buy,12.98649000,28.9964172,0.37656168,USDT
2025-04-20T09:45:00Z,LINK/USDT,sell,13.02348500,28.9964172,0.37763440,USDT
2025-04-20T10:15:00Z,LINK/USDT,buy,13.10655000,28.68847702,0.37600696,USDT
2025-04-20T10:45:00Z,LINK/USDT,stop_sell,13.02348500,28.68847702,0.37362395,USDT
2025-04-20T12:15:00Z,LINK/USDT,buy,12.95647500,29.00142377,0.37575622,USDT
2025-04-20T13:00:00Z,LINK/USDT,sell,12.97351000,29.00142377,0.37625026,USDT
2025-04-20T15:45:00Z,LINK/USDT,buy,13.12656000,28.58050232,0.37516368,USDT
2025-04-20T16:00:00Z,LINK/USDT,stop_sell,13.07346000,28.58050232,0.37364605,USDT
2025-04-20T19:15:00Z,LINK/USDT,buy,13.34667000,28.22304404,0.37668366,USDT
2025-04-20T22:15:00Z,LINK/USDT,stop_sell,13.25586875,28.22304404,0.37412097,USDT
2025-04-20T22:30:00Z,LINK/USDT,buy,13.31665500,28.28819052,0.37670407,USDT
2025-04-20T23:15:00Z,LINK/USDT,sell,13.31334000,28.28819052,0.37661030,USDT
2025-04-21T08:00:00Z,LINK/USDT,buy,13.63681500,27.53550948,0.37549665,USDT
2025-04-21T08:45:00Z,LINK/USDT,sell,13.60319500,27.53550948,0.37457090,USDT
2025-04-21T09:00:00Z,LINK/USDT,buy,13.60680000,27.54589083,0.37481143,USDT
2025-04-21T09:15:00Z,LINK/USDT,stop_sell,13.53323000,27.54589083,0.37278488,USDT
2025-04-21T09:30:00Z,LINK/USDT,buy,13.53676500,27.6719086,0.37458812,USDT
2025-04-21T09:45:00Z,LINK/USDT,sell,13.54322500,27.6719086,0.37476688,USDT
2025-04-22T08:30:00Z,LINK/USDT,buy,13.32666000,28.08335794,0.37425736,USDT
2025-04-22T10:15:00Z,LINK/USDT,stop_sell,13.26372196,28.08335794,0.37248985,USDT
2025-04-22T10:30:00Z,LINK/USDT,buy,13.36668000,28.21634169,0.37715881,USDT
2025-04-22T14:00:00Z,LINK/USDT,sell,13.61319000,28.21634169,0.38411442,USDT
2025-04-22T18:15:00Z,LINK/USDT,buy,13.82691000,27.0509669,0.37403128,USDT
2025-04-22T19:30:00Z,LINK/USDT,sell,13.84307500,27.0509669,0.37446856,USDT
2025-04-22T22:30:00Z,LINK/USDT,buy,14.01700500,26.70238629,0.37428748,USDT
2025-04-22T22:45:00Z,LINK/USDT,sell,13.99300000,26.70238629,0.37364649,USDT
2025-04-23T04:15:00Z,LINK/USDT,buy,14.40720000,26.02711038,0.37497778,USDT
2025-04-23T14:00:00Z,LINK/USDT,sell,14.96251500,26.02711038,0.38943103,USDT
2025-04-23T14:15:00Z,LINK/USDT,buy,14.88744000,25.07575026,0.37331373,USDT
2025-04-23T14:15:00Z,LINK/USDT,stop_sell,14.82080018,25.07575026,0.37164268,USDT
2025-04-23T14:30:00Z,LINK/USDT,buy,14.95747500,25.12991414,0.37588006,USDT
2025-04-23T15:15:00Z,LINK/USDT,sell,14.80259500,25.12991414,0.37198794,USDT
2025-04-23T21:45:00Z,LINK/USDT,buy,14.96748000,25.08830329,0.37550868,USDT
2025-04-24T01:15:00Z,LINK/USDT,sell,14.87256000,25.08830329,0.37312730,USDT
2025-04-24T13:15:00Z,LINK/USDT,buy,14.47723500,25.92056779,0.37525815,USDT
2025-04-24T19:30:00Z,LINK/USDT,sell,14.93253000,25.92056779,0.38705966,USDT
2025-04-24T23:00:00Z,LINK/USDT,buy,14.93746500,25.11381101,0.37513667,USDT
2025-04-24T23:15:00Z,LINK/USDT,sell,14.96251500,25.11381101,0.37576577,USDT
2025-04-25T00:30:00Z,LINK/USDT,buy,15.05752500,24.97966822,0.37613198,USDT
2025-04-25T01:30:00Z,LINK/USDT,sell,14.96251500,24.97966822,0.37375866,USDT
2025-04-25T04:00:00Z,LINK/USDT,buy,14.97748500,25.07971629,0.37563107,USDT
2025-04-25T04:15:00Z,LINK/USDT,sell,15.00249500,25.07971629,0.37625832,USDT
2025-04-25T06:30:00Z,LINK/USDT,buy,15.09754500,24.91274392,0.37612127,USDT
2025-04-25T10:45:00Z,LINK/USDT,sell,15.06246500,24.91274392,0.37524733,USDT
2025-04-25T22:45:00Z,LINK/USDT,buy,14.99749500,25.05364601,0.37574193,USDT
2025-04-25T23:15:00Z,LINK/USDT,sell,14.99250000,25.05364601,0.37561679,USDT
2025-04-26T02:00:00Z,LINK/USDT,buy,15.17758500,24.68665573,0.37468382,USDT
2025-04-26T02:30:00Z,LINK/USDT,stop_sell,15.12243500,24.68665573,0.37332235,USDT
2025-04-26T02:45:00Z,LINK/USDT,buy,15.18759000,24.77328552,0.37624650,USDT
2025-04-26T04:15:00Z,LINK/USDT,stop_sell,15.04247500,24.77328552,0.37265153,USDT
2025-04-26T04:30:00Z,LINK/USDT,buy,15.04752000,24.91480171,0.37490598,USDT
2025-04-26T04:30:00Z,LINK/USDT,stop_sell,14.98464679,24.91480171,0.37333950,USDT
2025-04-26T04:45:00Z,LINK/USDT,buy,15.01750500,25.00217399,0.37547027,USDT
2025-04-26T05:45:00Z,LINK/USDT,sell,15.04247500,25.00217399,0.37609458,USDT
2025-04-26T07:30:00Z,LINK/USDT,buy,15.18759000,24.65607943,0.37446643,USDT
2025-04-26T07:45:00Z,LINK/USDT,sell,15.11244000,24.65607943,0.37261352,USDT
2025-04-26T08:30:00Z,LINK/USDT,buy,15.21760500,24.62619386,0.37475169,USDT
2025-04-26T08:30:00Z,LINK/USDT,stop_sell,15.14135411,24.62619386,0.37287392,USDT
2025-04-26T09:30:00Z,LINK/USDT,buy,14.94747000,24.94033158,0.37279486,USDT
2025-04-26T09:30:00Z,LINK/USDT,stop_sell,14.92003625,24.94033158,0.37211065,USDT
2025-04-26T16:45:00Z,LINK/USDT,buy,14.83741500,25.21833208,0.37417486,USDT
2025-04-26T20:45:00Z,LINK/USDT,sell,14.83258000,25.21833208,0.37405293,USDT
2025-04-26T21:30:00Z,LINK/USDT,buy,14.85742500,25.19666231,0.37435752,USDT
2025-04-26T21:45:00Z,LINK/USDT,sell,14.82258500,25.19666231,0.37347967,USDT
2025-04-26T22:15:00Z,LINK/USDT,buy,14.94747000,25.05293906,0.37447806,USDT
2025-04-26T23:00:00Z,LINK/USDT,sell,14.87256000,25.05293906,0.37260134,USDT
2025-04-26T23:15:00Z,LINK/USDT,buy,14.88744000,25.1230159,0.37401739,USDT
2025-04-27T00:15:00Z,LINK/USDT,sell,14.90254500,25.1230159,0.37439687,USDT
2025-04-27T01:15:00Z,LINK/USDT,buy,14.99749500,24.8703235,0.37299255,USDT
2025-04-27T01:15:00Z,LINK/USDT,stop_sell,14.95287696,24.8703235,0.37188289,USDT
2025-04-27T19:45:00Z,LINK/USDT,buy,14.76738000,25.31521673,0.37383943,USDT
2025-04-27T20:45:00Z,LINK/USDT,stop_sell,14.69265000,25.31521673,0.37194762,USDT
2025-04-27T21:00:00Z,LINK/USDT,buy,14.66733000,25.40418989,0.37261164,USDT
2025-04-27T21:00:00Z,LINK/USDT,stop_sell,14.63053821,25.40418989,0.37167697,USDT
2025-04-27T21:15:00Z,LINK/USDT,buy,14.63731500,25.51656016,0.37349393,USDT
2025-04-27T23:30:00Z,LINK/USDT,sell,14.58270500,25.51656016,0.37210047,USDT
2025-04-28T03:30:00Z,LINK/USDT,buy,14.72736000,25.34892329,0.37332272,USDT
2025-04-28T09:15:00Z,LINK/USDT,sell,14.99250000,25.34892329,0.38004373,USDT
2025-04-28T09:45:00Z,LINK/USDT,buy,14.96748000,24.89097685,0.37255520,USDT
2025-04-28T09:45:00Z,LINK/USDT,stop_sell,14.94787946,24.89097685,0.37206732,USDT
2025-04-28T10:30:00Z,LINK/USDT,buy,14.89744500,25.15252274,0.37470832,USDT
2025-04-28T11:15:00Z,LINK/USDT,sell,14.93253000,25.15252274,0.37559080,USDT
2025-04-28T18:45:00Z,LINK/USDT,buy,14.76738000,25.34094551,0.37421937,USDT
2025-04-28T19:00:00Z,LINK/USDT,sell,14.81259000,25.34094551,0.37536504,USDT
2025-04-28T19:15:00Z,LINK/USDT,buy,14.90745000,25.12153485,0.37449802,USDT
2025-04-29T04:30:00Z,LINK/USDT,sell,15.05247000,25.12153485,0.37814115,USDT
2025-04-29T06:30:00Z,LINK/USDT,buy,15.18759000,24.67250575,0.37471590,USDT
2025-04-29T10:45:00Z,LINK/USDT,stop_sell,15.05247000,24.67250575,0.37138215,USDT
2025-04-30T04:00:00Z,LINK/USDT,buy,14.74737000,25.33664005,0.37364881,USDT
2025-04-30T04:45:00Z,LINK/USDT,sell,14.73263000,25.33664005,0.37327534,USDT
2025-04-30T12:15:00Z,LINK/USDT,buy,14.59729500,25.48617361,0.37202919,USDT
2025-04-30T12:15:00Z,LINK/USDT,stop_sell,14.58270500,25.48617361,0.37165735,USDT
2025-04-30T18:00:00Z,LINK/USDT,buy,14.26713000,26.21370794,0.37399438,USDT
2025-04-30T19:15:00Z,LINK/USDT,stop_sell,14.14720857,26.21370794,0.37085079,USDT
2025-05-01T04:45:00Z,LINK/USDT,buy,14.51725500,25.66910713,0.37264497,USDT
2025-05-01T07:00:00Z,LINK/USDT,sell,14.61269000,25.66910713,0.37509471,USDT
2025-05-01T07:15:00Z,LINK/USDT,buy,14.63731500,25.48553865,0.37303986,USDT
2025-05-01T13:15:00Z,LINK/USDT,sell,14.93253000,25.48553865,0.38056357,USDT
2025-05-01T20:45:00Z,LINK/USDT,buy,14.88744000,25.11088002,0.37383672,USDT
2025-05-01T21:00:00Z,LINK/USDT,sell,14.88255500,25.11088002,0.37371405,USDT
2025-05-01T21:15:00Z,LINK/USDT,buy,14.92746000,25.00537331,0.37326671,USDT
2025-05-01T21:30:00Z,LINK/USDT,sell,14.85257000,25.00537331,0.37139406,USDT
2025-05-01T22:30:00Z,LINK/USDT,buy,14.84742000,25.05844914,0.37205332,USDT
2025-05-01T22:45:00Z,LINK/USDT,sell,14.83258000,25.05844914,0.37168145,USDT
2025-05-02T06:30:00Z,LINK/USDT,buy,14.74737000,25.32439919,0.37346828,USDT
2025-05-02T07:00:00Z,LINK/USDT,sell,14.68265500,25.32439919,0.37182942,USDT
2025-05-02T13:00:00Z,LINK/USDT,buy,14.63731500,25.44958464,0.37251359,USDT
2025-05-02T13:30:00Z,LINK/USDT,sell,14.57271000,25.44958464,0.37086942,USDT
2025-05-02T20:45:00Z,LINK/USDT,buy,14.79739500,25.21297542,0.37308636,USDT
2025-05-02T21:00:00Z,LINK/USDT,sell,14.75262000,25.21297542,0.37195745,USDT
2025-05-03T12:45:00Z,LINK/USDT,buy,14.42721000,25.81371123,0.37241983,USDT
2025-05-03T16:00:00Z,LINK/USDT,stop_sell,14.38780250,25.81371123,0.37140258,USDT
2025-05-03T16:15:00Z,LINK/USDT,buy,14.39719500,25.8936139,0.37279541,USDT
2025-05-03T16:30:00Z,LINK/USDT,stop_sell,14.33889839,25.8936139,0.37128590,USDT
2025-05-03T22:00:00Z,LINK/USDT,buy,14.26713000,26.06219851,0.37183277,USDT
2025-05-04T00:00:00Z,LINK/USDT,stop_sell,14.23288000,26.06219851,0.37094014,USDT
2025-05-04T00:15:00Z,LINK/USDT,buy,14.28714000,26.12617435,0.37326831,USDT
2025-05-04T00:30:00Z,LINK/USDT,sell,14.20289500,26.12617435,0.37106731,USDT
2025-05-04T05:30:00Z,LINK/USDT,buy,14.23711500,26.14633574,0.37224839,USDT
2025-05-04T06:15:00Z,LINK/USDT,sell,14.17291000,26.14633574,0.37056966,USDT
2025-05-04T14:00:00Z,LINK/USDT,buy,14.04702000,26.46751845,0.37178976,USDT
2025-05-04T16:30:00Z,LINK/USDT,stop_sell,14.02048625,26.46751845,0.37108748,USDT
2025-05-04T22:15:00Z,LINK/USDT,buy,14.05702500,26.53483379,0.37300082,USDT
2025-05-04T22:15:00Z,LINK/USDT,stop_sell,13.96015929,26.53483379,0.37043051,USDT
2025-05-05T03:30:00Z,LINK/USDT,buy,13.95697500,26.62995854,0.37167367,USDT
2025-05-05T09:45:00Z,LINK/USDT,sell,13.98300500,26.62995854,0.37236684,USDT
2025-05-06T05:30:00Z,LINK/USDT,buy,13.60680000,27.31498916,0.37166959,USDT
2025-05-06T06:30:00Z,LINK/USDT,stop_sell,13.54322500,27.31498916,0.36993304,USDT
2025-05-06T06:45:00Z,LINK/USDT,buy,13.55677500,27.40115132,0.37147124,USDT
2025-05-06T07:15:00Z,LINK/USDT,stop_sell,13.51752357,27.40115132,0.37039571,USDT
2025-05-06T17:15:00Z,LINK/USDT,buy,13.48674000,27.55309638,0.37160145,USDT
2025-05-06T21:30:00Z,LINK/USDT,sell,13.36331500,27.55309638,0.36820071,USDT
2025-05-07T02:00:00Z,LINK/USDT,buy,14.00700000,26.54323299,0.37179106,USDT
2025-05-07T02:45:00Z,LINK/USDT,stop_sell,13.86235107,26.54323299,0.36795161,USDT
2025-05-07T03:00:00Z,LINK/USDT,buy,13.86693000,26.72746244,0.37062785,USDT
2025-05-07T06:00:00Z,LINK/USDT,sell,13.84307500,26.72746244,0.36999027,USDT
2025-05-07T07:45:00Z,LINK/USDT,buy,13.91695500,26.66179793,0.37105104,USDT
2025-05-07T08:30:00Z,LINK/USDT,sell,13.86306500,26.66179793,0.36961424,USDT
2025-05-07T20:00:00Z,LINK/USDT,buy,13.59679500,27.13769616,0.36898569,USDT
2025-05-07T20:15:00Z,LINK/USDT,sell,13.58320500,27.13769616,0.36861689,USDT
2025-05-08T00:00:00Z,LINK/USDT,buy,13.84692000,26.73913753,0.37025470,USDT
2025-05-09T00:45:00Z,LINK/USDT,sell,15.78210500,26.73913753,0.42199988,USDT
2025-05-09T01:00:00Z,LINK/USDT,buy,15.78789000,23.69511699,0.37409590,USDT
2025-05-09T01:45:00Z,LINK/USDT,sell,15.81209000,23.69511699,0.37466932,USDT
2025-05-10T02:15:00Z,LINK/USDT,buy,15.98799000,23.44184648,0.37478801,USDT
2025-05-10T02:30:00Z,LINK/USDT,sell,16.06196500,23.44184648,0.37652212,USDT
2025-05-10T09:00:00Z,LINK/USDT,buy,16.18809000,23.05671558,0.37324419,USDT
2025-05-10T11:15:00Z,LINK/USDT,sell,16.19190000,23.05671558,0.37333203,USDT
2025-05-10T12:15:00Z,LINK/USDT,buy,16.33816500,22.9263355,0.37457425,USDT
2025-05-10T12:45:00Z,LINK/USDT,sell,16.26186500,22.9263355,0.37282497,USDT
2025-05-10T13:15:00Z,LINK/USDT,buy,16.41820500,22.7606854,0.37368960,USDT
2025-05-10T14:30:00Z,LINK/USDT,sell,16.37181000,22.7606854,0.37263362,USDT
2025-05-10T14:45:00Z,LINK/USDT,buy,16.44822000,22.83530096,0.37560005,USDT
2025-05-10T15:30:00Z,LINK/USDT,sell,16.43178000,22.83530096,0.37522464,USDT
2025-05-10T15:45:00Z,LINK/USDT,buy,16.44822000,22.81585945,0.37528028,USDT
2025-05-11T00:30:00Z,LINK/USDT,sell,16.80159500,22.81585945,0.38334283,USDT
2025-05-11T00:45:00Z,LINK/USDT,buy,17.05852500,21.96643734,0.37471502,USDT
2025-05-11T01:45:00Z,LINK/USDT,sell,16.98150500,21.96643734,0.37302317,USDT
2025-05-11T05:15:00Z,LINK/USDT,buy,17.01850500,21.99370516,0.37429998,USDT
2025-05-11T05:30:00Z,LINK/USDT,sell,16.96151500,21.99370516,0.37304656,USDT
2025-05-11T13:45:00Z,LINK/USDT,buy,16.59829500,22.48664241,0.37323992,USDT
2025-05-11T13:45:00Z,LINK/USDT,stop_sell,16.54993518,22.48664241,0.37215247,USDT
2025-05-11T14:30:00Z,LINK/USDT,buy,16.64832000,22.50489079,0.37466862,USDT
2025-05-11T15:45:00Z,LINK/USDT,stop_sell,16.48389679,22.50489079,0.37096830,USDT
2025-05-11T16:30:00Z,LINK/USDT,buy,16.68834000,22.30887448,0.37229808,USDT
2025-05-12T01:45:00Z,LINK/USDT,sell,16.95152000,22.30887448,0.37816933,USDT
2025-05-12T02:00:00Z,LINK/USDT,buy,16.97848500,22.01768089,0.37382686,USDT
2025-05-12T03:15:00Z,LINK/USDT,sell,17.09145000,22.01768089,0.37631409,USDT
2025-05-12T06:30:00Z,LINK/USDT,buy,17.12856000,21.9097357,0.37528222,USDT
2025-05-12T12:00:00Z,LINK/USDT,sell,17.16141500,21.9097357,0.37600207,USDT
2025-05-12T13:00:00Z,LINK/USDT,buy,17.37868500,21.49406168,0.37353853,USDT
2025-05-12T13:30:00Z,LINK/USDT,sell,17.44127500,21.49406168,0.37488384,USDT
2025-05-12T22:45:00Z,LINK/USDT,buy,16.80840000,22.30437832,0.37490091,USDT
2025-05-13T00:15:00Z,LINK/USDT,stop_sell,16.63203696,22.30437832,0.37096724,USDT
2025-05-13T07:00:00Z,LINK/USDT,buy,16.43821500,22.72932248,0.37362949,USDT
2025-05-13T12:15:00Z,LINK/USDT,sell,16.56171500,22.72932248,0.37643656,USDT
2025-05-13T14:30:00Z,LINK/USDT,buy,16.74837000,22.25206083,0.37268575,USDT
2025-05-13T14:45:00Z,LINK/USDT,stop_sell,16.63310786,22.25206083,0.37012093,USDT
2025-05-13T15:00:00Z,LINK/USDT,buy,16.61830500,22.43663735,0.37285888,USDT
2025-05-13T23:45:00Z,LINK/USDT,sell,17.43128000,22.43663735,0.39109931,USDT
2025-05-14T07:00:00Z,LINK/USDT,buy,17.38869000,21.58711164,0.37537159,USDT
2025-05-14T07:15:00Z,LINK/USDT,stop_sell,17.27136000,21.58711164,0.37283878,USDT
2025-05-14T07:45:00Z,LINK/USDT,buy,17.22861000,21.75990982,0.37489300,USDT
2025-05-14T08:00:00Z,LINK/USDT,stop_sell,17.13000214,21.75990982,0.37274730,USDT
2025-05-14T19:00:00Z,LINK/USDT,buy,17.00850000,22.05383864,0.37510271,USDT
2025-05-14T20:45:00Z,LINK/USDT,sell,17.03148000,22.05383864,0.37560951,USDT
2025-05-14T21:00:00Z,LINK/USDT,buy,17.02851000,21.97503913,0.37420217,USDT
2025-05-14T21:00:00Z,LINK/USDT,stop_sell,16.97151000,21.97503913,0.37294960,USDT
2025-05-15T00:15:00Z,LINK/USDT,buy,17.08854000,21.91420893,0.37448184,USDT
2025-05-15T01:15:00Z,LINK/USDT,sell,17.04147500,21.91420893,0.37345044,USDT
2025-05-15T01:30:00Z,LINK/USDT,buy,17.00850000,21.9572971,0.37346069,USDT
2025-05-15T01:30:00Z,LINK/USDT,stop_sell,16.94366679,21.9572971,0.37203713,USDT
2025-05-15T13:15:00Z,LINK/USDT,buy,16.39819500,22.84537677,0.37462294,USDT
2025-05-15T13:30:00Z,LINK/USDT,sell,16.27186000,22.84537677,0.37173677,USDT
2025-05-15T16:30:00Z,LINK/USDT,buy,16.35817500,22.79976909,0.37296261,USDT
2025-05-15T18:00:00Z,LINK/USDT,sell,16.55172000,22.79976909,0.37737539,USDT
2025-05-15T18:15:00Z,LINK/USDT,buy,16.44822000,22.65179956,0.37258178,USDT
2025-05-15T18:15:00Z,LINK/USDT,stop_sell,16.33682750,22.65179956,0.37005854,USDT
2025-05-15T18:30:00Z,LINK/USDT,buy,16.30815000,22.91354631,0.37367755,USDT
2025-05-15T18:45:00Z,LINK/USDT,sell,16.21189000,22.91354631,0.37147189,USDT
2025-05-15T19:00:00Z,LINK/USDT,buy,16.14807000,23.22660919,0.37506491,USDT
2025-05-15T19:15:00Z,LINK/USDT,sell,16.21189000,23.22660919,0.37654723,USDT
2025-05-16T02:45:00Z,LINK/USDT,buy,16.26813000,22.90265681,0.37258340,USDT
2025-05-16T07:15:00Z,LINK/USDT,sell,16.37181000,22.90265681,0.37495795,USDT
2025-05-16T07:30:00Z,LINK/USDT,buy,16.35817500,22.84061693,0.37363081,USDT
2025-05-16T08:15:00Z,LINK/USDT,stop_sell,16.26614857,22.84061693,0.37152887,USDT
2025-05-16T09:15:00Z,LINK/USDT,buy,16.30815000,22.88264246,0.37317357,USDT
2025-05-16T11:45:00Z,LINK/USDT,sell,16.35182000,22.88264246,0.37417285,USDT
2025-05-16T12:00:00Z,LINK/USDT,buy,16.32816000,22.82792666,0.37273804,USDT
2025-05-16T12:15:00Z,LINK/USDT,sell,16.31184000,22.82792666,0.37236549,USDT
2025-05-16T13:30:00Z,LINK/USDT,buy,16.24812000,22.90647041,0.37218708,USDT
2025-05-16T14:00:00Z,LINK/USDT,sell,16.26186500,22.90647041,0.37250193,USDT
2025-05-17T14:30:00Z,LINK/USDT,buy,15.36768000,24.30605993,0.37352775,USDT
2025-05-17T15:15:00Z,LINK/USDT,sell,15.34232500,24.30605993,0.37291147,USDT
2025-05-17T15:30:00Z,LINK/USDT,buy,15.37768500,24.29896243,0.37366179,USDT
2025-05-17T16:00:00Z,LINK/USDT,sell,15.29235000,24.29896243,0.37158824,USDT
2025-05-17T21:45:00Z,LINK/USDT,buy,15.39769500,24.23694339,0.37319306,USDT
2025-05-17T22:00:00Z,LINK/USDT,stop_sell,15.26557768,24.23694339,0.36999094,USDT
2025-05-18T01:00:00Z,LINK/USDT,buy,15.31765500,24.29536731,0.37214805,USDT
2025-05-18T01:45:00Z,LINK/USDT,sell,15.32233500,24.29536731,0.37226176,USDT
2025-05-18T02:15:00Z,LINK/USDT,buy,15.40770000,24.18173121,0.37258486,USDT
2025-05-18T02:45:00Z,LINK/USDT,sell,15.36231500,24.18173121,0.37148737,USDT
2025-05-18T03:45:00Z,LINK/USDT,buy,15.38769000,24.20358369,0.37243724,USDT
2025-05-18T10:45:00Z,LINK/USDT,sell,15.65217000,24.20358369,0.37883861,USDT
2025-05-19T01:00:00Z,LINK/USDT,buy,15.49774500,24.0765113,0.37313163,USDT
2025-05-19T02:00:00Z,LINK/USDT,sell,15.38230500,24.0765113,0.37035224,USDT
2025-05-19T08:30:00Z,LINK/USDT,buy,15.19759500,24.42092595,0.37113934,USDT
2025-05-19T09:00:00Z,LINK/USDT,sell,15.23238000,24.42092595,0.37198882,USDT
2025-05-19T09:15:00Z,LINK/USDT,buy,15.16758000,24.5340249,0.37212179,USDT
2025-05-19T12:15:00Z,LINK/USDT,sell,15.11244000,24.5340249,0.37076898,USDT
2025-05-19T13:45:00Z,LINK/USDT,buy,15.31765500,24.36260187,0.37317793,USDT
2025-05-19T14:30:00Z,LINK/USDT,sell,15.28235500,24.36260187,0.37231793,USDT
2025-05-19T14:45:00Z,LINK/USDT,buy,15.37768500,24.27482027,0.37329054,USDT
2025-05-19T15:30:00Z,LINK/USDT,sell,15.43228000,24.27482027,0.37461582,USDT
2025-05-19T16:00:00Z,LINK/USDT,buy,15.39769500,24.12059152,0.37140151,USDT
2025-05-19T16:15:00Z,LINK/USDT,sell,15.43228000,24.12059152,0.37223572,USDT
2025-05-19T16:30:00Z,LINK/USDT,buy,15.51775500,24.04320071,0.37309650,USDT
2025-05-19T18:30:00Z,LINK/USDT,sell,15.55222000,24.04320071,0.37392515,USDT
2025-05-19T18:45:00Z,LINK/USDT,buy,15.62781000,23.81302488,0.37214543,USDT
2025-05-19T22:15:00Z,LINK/USDT,sell,15.68215500,23.81302488,0.37343955,USDT
2025-05-19T23:45:00Z,LINK/USDT,buy,15.79789500,23.67956719,0.37408732,USDT
2025-05-20T00:30:00Z,LINK/USDT,sell,15.75212000,23.67956719,0.37300338,USDT
2025-05-20T22:30:00Z,LINK/USDT,buy,15.55777500,23.92886311,0.37227987,USDT
2025-05-20T22:45:00Z,LINK/USDT,sell,15.54222500,23.92886311,0.37190777,USDT
2025-05-20T23:45:00Z,LINK/USDT,buy,15.65782500,23.72490806,0.37148046,USDT
2025-05-21T02:00:00Z,LINK/USDT,sell,15.62218500,23.72490806,0.37063490,USDT
2025-05-21T02:30:00Z,LINK/USDT,buy,15.65782500,23.80785629,0.37277925,USDT
2025-05-21T08:00:00Z,LINK/USDT,sell,15.86206500,23.80785629,0.37764176,USDT
2025-05-21T08:15:00Z,LINK/USDT,buy,15.85792500,23.42426173,0.37146019,USDT
2025-05-21T08:30:00Z,LINK/USDT,sell,15.83208000,23.42426173,0.37085479,USDT
2025-05-21T11:00:00Z,LINK/USDT,buy,15.91795500,23.38806183,0.37229012,USDT
2025-05-21T11:45:00Z,LINK/USDT,sell,15.93203000,23.38806183,0.37261930,USDT
2025-05-21T18:45:00Z,LINK/USDT,buy,15.86793000,23.48925467,0.37272585,USDT
2025-05-21T19:00:00Z,LINK/USDT,sell,15.73213000,23.48925467,0.36953601,USDT
2025-05-21T22:15:00Z,LINK/USDT,buy,15.84792000,23.52878673,0.37288233,USDT
2025-05-21T22:30:00Z,LINK/USDT,sell,15.89205000,23.52878673,0.37392066,USDT
2025-05-22T06:45:00Z,LINK/USDT,buy,16.32816000,22.80891723,0.37242765,USDT
2025-05-22T13:15:00Z,LINK/USDT,sell,16.41179000,22.80891723,0.37433516,USDT
2025-05-22T15:15:00Z,LINK/USDT,buy,16.87843500,22.18880738,0.37451234,USDT
2025-05-22T19:00:00Z,LINK/USDT,sell,16.75162000,22.18880738,0.37169847,USDT
2025-05-23T17:00:00Z,LINK/USDT,buy,16.24812000,22.99452647,0.37361783,USDT
2025-05-23T17:30:00Z,LINK/USDT,sell,16.32183500,22.99452647,0.37531287,USDT
2025-05-24T05:45:00Z,LINK/USDT,buy,15.74787000,23.58257336,0.37137530,USDT
2025-05-24T06:30:00Z,LINK/USDT,stop_sell,15.69215000,23.58257336,0.37006128,USDT
2025-05-24T07:00:00Z,LINK/USDT,buy,15.74787000,23.67724492,0.37286617,USDT
2025-05-24T08:00:00Z,LINK/USDT,sell,15.69215000,23.67724492,0.37154688,USDT
2025-05-24T09:00:00Z,LINK/USDT,buy,15.74787000,23.60658504,0.37175343,USDT
2025-05-24T09:30:00Z,LINK/USDT,sell,15.73213000,23.60658504,0.37138186,USDT
2025-05-25T03:00:00Z,LINK/USDT,buy,15.37768500,24.20055194,0.37214846,USDT
2025-05-25T07:45:00Z,LINK/USDT,sell,15.29235000,24.20055194,0.37008331,USDT
2025-05-25T13:45:00Z,LINK/USDT,buy,15.29764500,24.34451682,0.37241378,USDT
2025-05-25T14:30:00Z,LINK/USDT,stop_sell,15.18240500,24.34451682,0.36960831,USDT
2025-05-25T22:00:00Z,LINK/USDT,buy,15.12756000,24.58383583,0.37189345,USDT
2025-05-26T03:30:00Z,LINK/USDT,sell,15.63218000,24.58383583,0.38429895,USDT
2025-05-26T10:15:00Z,LINK/USDT,buy,15.80790000,23.61282711,0.37326921,USDT
2025-05-26T11:45:00Z,LINK/USDT,sell,15.75212000,23.61282711,0.37195209,USDT
2025-05-26T18:45:00Z,LINK/USDT,buy,15.58779000,23.85988699,0.37192291,USDT
2025-05-26T19:15:00Z,LINK/USDT,sell,15.44227500,23.85988699,0.36845094,USDT
2025-05-26T21:15:00Z,LINK/USDT,buy,15.55777500,23.80769562,0.37039477,USDT
2025-05-26T21:30:00Z,LINK/USDT,sell,15.61219000,23.80769562,0.37169027,USDT
2025-05-26T21:45:00Z,LINK/USDT,buy,15.54777000,23.78004639,0.36972669,USDT
2025-05-26T22:00:00Z,LINK/USDT,sell,15.56221500,23.78004639,0.37007019,USDT
2025-05-26T22:15:00Z,LINK/USDT,buy,15.63781500,23.73243585,0.37112344,USDT
2025-05-26T22:30:00Z,LINK/USDT,stop_sell,15.53223000,23.73243585,0.36861765,USDT
2025-05-26T22:45:00Z,LINK/USDT,buy,15.51775500,23.88371806,0.37062169,USDT
2025-05-26T22:45:00Z,LINK/USDT,stop_sell,15.45298393,23.88371806,0.36907471,USDT
2025-05-26T23:00:00Z,LINK/USDT,buy,15.48774000,23.96447319,0.37115553,USDT
2025-05-26T23:15:00Z,LINK/USDT,sell,15.43228000,23.96447319,0.36982646,USDT
2025-05-27T03:45:00Z,LINK/USDT,buy,15.50775000,23.92286715,0.37098984,USDT
2025-05-27T11:45:00Z,LINK/USDT,sell,15.89205000,23.92286715,0.38018340,USDT
2025-05-27T12:00:00Z,LINK/USDT,buy,15.91795500,23.36351142,0.37189932,USDT
2025-05-27T12:30:00Z,LINK/USDT,stop_sell,15.85992321,23.36351142,0.37054350,USDT
2025-05-27T20:30:00Z,LINK/USDT,buy,15.93796500,23.20699813,0.36987232,USDT
2025-05-27T20:30:00Z,LINK/USDT,stop_sell,15.92203500,23.20699813,0.36950264,USDT
2025-05-27T21:00:00Z,LINK/USDT,buy,16.01800500,23.24503726,0.37233912,USDT
2025-05-27T21:30:00Z,LINK/USDT,sell,15.90204500,23.24503726,0.36964363,USDT
2025-05-28T00:15:00Z,LINK/USDT,buy,15.86793000,23.30076928,0.36973498,USDT
2025-05-28T01:15:00Z,LINK/USDT,sell,15.88205500,23.30076928,0.37006410,USDT
2025-05-28T03:00:00Z,LINK/USDT,buy,15.82791000,23.40160207,0.37039845,USDT
2025-05-28T03:15:00Z,LINK/USDT,sell,15.86206500,23.40160207,0.37119773,USDT
2025-05-28T03:45:00Z,LINK/USDT,buy,15.98799000,23.18250048,0.37064159,USDT
2025-05-28T05:30:00Z,LINK/USDT,sell,15.97201000,23.18250048,0.37027113,USDT
2025-05-28T05:45:00Z,LINK/USDT,buy,15.98799000,23.20595108,0.37101651,USDT
2025-05-28T06:00:00Z,LINK/USDT,stop_sell,15.88098411,23.20595108,0.36853334,USDT
2025-05-28T11:00:00Z,LINK/USDT,buy,15.94797000,23.29184666,0.37145767,USDT
2025-05-28T13:45:00Z,LINK/USDT,sell,15.88205500,23.29184666,0.36992239,USDT
2025-05-28T21:45:00Z,LINK/USDT,buy,15.50775000,23.94254346,0.37129498,USDT
2025-05-28T22:00:00Z,LINK/USDT,sell,15.44227500,23.94254346,0.36972734,USDT
2025-05-28T23:15:00Z,LINK/USDT,buy,15.58779000,23.79218859,0.37086764,USDT
2025-05-29T05:30:00Z,LINK/USDT,sell,15.79210000,23.79218859,0.37572862,USDT
2025-05-30T06:15:00Z,LINK/USDT,buy,14.61730500,25.24084505,0.36895313,USDT
2025-05-30T06:15:00Z,LINK/USDT,stop_sell,14.60269500,25.24084505,0.36858436,USDT
2025-05-30T06:45:00Z,LINK/USDT,buy,14.52726000,25.51288574,0.37063232,USDT
2025-05-30T07:00:00Z,LINK/USDT,sell,14.57271000,25.51288574,0.37179189,USDT
2025-05-30T11:30:00Z,LINK/USDT,buy,14.55727500,25.46257538,0.37066571,USDT
2025-05-30T12:00:00Z,LINK/USDT,sell,14.43278000,25.46257538,0.36749575,USDT
2025-05-30T19:30:00Z,LINK/USDT,buy,14.32716000,25.88586167,0.37087088,USDT
2025-05-30T20:00:00Z,LINK/USDT,sell,14.29285000,25.88586167,0.36998274,USDT
2025-05-30T20:45:00Z,LINK/USDT,buy,14.30715000,25.87674839,0.37022252,USDT
2025-05-30T21:00:00Z,LINK/USDT,stop_sell,14.17291000,25.87674839,0.36674883,USDT
2025-05-30T21:15:00Z,LINK/USDT,buy,14.18709000,26.07197805,0.36988550,USDT
2025-05-30T22:30:00Z,LINK/USDT,stop_sell,14.05297000,26.07197805,0.36638873,USDT
2025-05-31T06:30:00Z,LINK/USDT,buy,13.69684500,27.01989795,0.37008735,USDT
2025-05-31T07:00:00Z,LINK/USDT,sell,13.68315500,27.01989795,0.36971745,USDT
2025-05-31T09:45:00Z,LINK/USDT,buy,13.76688000,26.83671718,0.36945787,USDT
2025-05-31T11:00:00Z,LINK/USDT,stop_sell,13.63318000,26.83671718,0.36586980,USDT
2025-05-31T13:00:00Z,LINK/USDT,buy,13.87693500,26.59894424,0.36911182,USDT
2025-05-31T14:30:00Z,LINK/USDT,sell,13.89305000,26.59894424,0.36954046,USDT
2025-05-31T14:45:00Z,LINK/USDT,buy,13.89694500,26.55885931,0.36908701,USDT
2025-05-31T15:00:00Z,LINK/USDT,sell,13.88305500,26.55885931,0.36871810,USDT
2025-06-01T08:00:00Z,LINK/USDT,buy,13.84692000,26.64841179,0.36899843,USDT
2025-06-01T08:30:00Z,LINK/USDT,sell,13.83308000,26.64841179,0.36862961,USDT
2025-06-01T14:15:00Z,LINK/USDT,buy,13.92696000,26.48890113,0.36890987,USDT
2025-06-01T15:00:00Z,LINK/USDT,stop_sell,13.87306000,26.48890113,0.36748211,USDT
2025-06-02T15:30:00Z,LINK/USDT,buy,13.69684500,26.92128359,0.36873665,USDT
2025-06-02T16:15:00Z,LINK/USDT,stop_sell,13.65317000,26.92128359,0.36756086,USDT
2025-06-02T18:00:00Z,LINK/USDT,buy,13.73686500,26.87085379,0.36912129,USDT
2025-06-02T19:30:00Z,LINK/USDT,stop_sell,13.64531679,26.87085379,0.36666131,USDT
2025-06-03T08:00:00Z,LINK/USDT,buy,14.07703500,26.0356255,0.36650441,USDT
2025-06-03T08:00:00Z,LINK/USDT,stop_sell,14.06296500,26.0356255,0.36613809,USDT
2025-06-03T15:15:00Z,LINK/USDT,buy,14.39719500,25.61279245,0.36875237,USDT
2025-06-03T17:00:00Z,LINK/USDT,stop_sell,14.23288000,25.61279245,0.36454380,USDT
2025-06-03T17:15:00Z,LINK/USDT,buy,14.35717500,25.78264226,0.37016591,USDT
2025-06-03T18:15:00Z,LINK/USDT,sell,14.27286000,25.78264226,0.36799204,USDT
2025-06-04T01:15:00Z,LINK/USDT,buy,14.32716000,25.65834615,0.36761123,USDT
2025-06-04T06:00:00Z,LINK/USDT,stop_sell,14.25822446,25.65834615,0.36584246,USDT
2025-06-04T09:30:00Z,LINK/USDT,buy,14.39719500,25.51962049,0.36741095,USDT
2025-06-04T09:45:00Z,LINK/USDT,sell,14.38280500,25.51962049,0.36704373,USDT
2025-06-05T15:00:00Z,LINK/USDT,buy,13.68684000,26.68162821,0.36518718,USDT
2025-06-05T15:15:00Z,LINK/USDT,sell,13.66316500,26.68162821,0.36455549,USDT
2025-06-05T15:30:00Z,LINK/USDT,buy,13.67683500,26.84932625,0.36721380,USDT
2025-06-05T16:00:00Z,LINK/USDT,sell,13.66316500,26.84932625,0.36684677,USDT
2025-06-05T19:15:00Z,LINK/USDT,buy,13.45672500,27.06063441,0.36414752,USDT
2025-06-05T19:15:00Z,LINK/USDT,stop_sell,13.44327500,27.06063441,0.36378355,USDT
2025-06-06T07:15:00Z,LINK/USDT,buy,13.23661500,27.68715855,0.36648426,USDT
2025-06-06T07:15:00Z,LINK/USDT,stop_sell,13.22338500,27.68715855,0.36611796,USDT
2025-06-06T07:45:00Z,LINK/USDT,buy,13.23661500,27.72236875,0.36695032,USDT
2025-06-06T08:15:00Z,LINK/USDT,sell,13.18340500,27.72236875,0.36547521,USDT
2025-06-06T13:45:00Z,LINK/USDT,buy,13.40670000,27.37791904,0.36704755,USDT
2025-06-06T19:45:00Z,LINK/USDT,sell,13.51324000,27.37791904,0.36996439,USDT
2025-06-06T20:30:00Z,LINK/USDT,buy,13.49674500,27.14764785,0.36640488,USDT
2025-06-06T21:15:00Z,LINK/USDT,sell,13.52323500,27.14764785,0.36712402,USDT
2025-06-06T22:00:00Z,LINK/USDT,buy,13.56678000,27.04746102,0.36694695,USDT
2025-06-06T23:15:00Z,LINK/USDT,sell,13.54322500,27.04746102,0.36630985,USDT
2025-06-06T23:30:00Z,LINK/USDT,buy,13.60680000,27.05933156,0.36819091,USDT
2025-06-07T00:15:00Z,LINK/USDT,stop_sell,13.49325000,27.05933156,0.36511833,USDT
2025-06-07T00:30:00Z,LINK/USDT,buy,13.57678500,27.03686133,0.36707365,USDT
2025-06-07T10:30:00Z,LINK/USDT,sell,13.95302000,27.03686133,0.37724587,USDT
2025-06-07T10:45:00Z,LINK/USDT,buy,13.96698000,26.29682682,0.36728725,USDT
2025-06-07T11:00:00Z,LINK/USDT,sell,13.95302000,26.29682682,0.36692015,USDT
2025-06-07T23:15:00Z,LINK/USDT,buy,13.84692000,26.51846803,0.36719911,USDT
2025-06-08T00:15:00Z,LINK/USDT,stop_sell,13.76311500,26.51846803,0.36497673,USDT
2025-06-08T01:30:00Z,LINK/USDT,buy,13.83691500,26.59747883,0.36802705,USDT
2025-06-08T03:30:00Z,LINK/USDT,sell,13.83308000,26.59747883,0.36792505,USDT
2025-06-08T05:45:00Z,LINK/USDT,buy,13.75687500,26.55410549,0.36530151,USDT
2025-06-08T05:45:00Z,LINK/USDT,stop_sell,13.74312500,26.55410549,0.36493639,USDT
2025-06-08T14:45:00Z,LINK/USDT,buy,13.73686500,26.66360497,0.36627434,USDT
2025-06-08T16:15:00Z,LINK/USDT,sell,13.81309000,26.66360497,0.36830678,USDT
2025-06-09T11:00:00Z,LINK/USDT,buy,13.87693500,26.44040349,0.36691176,USDT
2025-06-09T12:45:00Z,LINK/USDT,sell,13.83308000,26.44040349,0.36575222,USDT
2025-06-09T14:00:00Z,LINK/USDT,buy,13.87693500,26.60210594,0.36915569,USDT
2025-06-09T19:00:00Z,LINK/USDT,sell,14.02298500,26.60210594,0.37304093,USDT
2025-06-09T19:15:00Z,LINK/USDT,buy,14.03701500,26.14600592,0.36701188,USDT
2025-06-09T20:45:00Z,LINK/USDT,sell,14.01299000,26.14600592,0.36638372,USDT
2025-06-09T21:15:00Z,LINK/USDT,buy,14.17708500,25.87999568,0.36690290,USDT
2025-06-09T21:45:00Z,LINK/USDT,sell,14.18290500,25.87999568,0.36705352,USDT
2025-06-10T03:45:00Z,LINK/USDT,buy,14.45722500,25.37528526,0.36685621,USDT
2025-06-10T05:15:00Z,LINK/USDT,sell,14.38280500,25.37528526,0.36496778,USDT
2025-06-10T08:45:00Z,LINK/USDT,buy,14.42721000,25.32572577,0.36537956,USDT
2025-06-10T09:00:00Z,LINK/USDT,sell,14.41279000,25.32572577,0.36501437,USDT
2025-06-10T09:30:00Z,LINK/USDT,buy,14.50725000,25.28472081,0.36681177,USDT
2025-06-10T09:45:00Z,LINK/USDT,stop_sell,14.39708357,25.28472081,0.36402624,USDT
2025-06-10T10:00:00Z,LINK/USDT,buy,14.56728000,25.14383896,0.36627734,USDT
2025-06-10T17:30:00Z,LINK/USDT,sell,15.13243000,25.14383896,0.38048738,USDT
2025-06-10T18:30:00Z,LINK/USDT,buy,15.09754500,24.25174091,0.36614175,USDT
2025-06-10T21:00:00Z,LINK/USDT,sell,15.22238500,24.25174091,0.36916934,USDT
2025-06-11T00:30:00Z,LINK/USDT,buy,15.33766500,23.9787689,0.36777832,USDT
2025-06-11T00:30:00Z,LINK/USDT,stop_sell,15.26093714,23.9787689,0.36593848,USDT
2025-06-11T02:15:00Z,LINK/USDT,buy,15.25762500,24.07533475,0.36733243,USDT
2025-06-11T02:45:00Z,LINK/USDT,stop_sell,15.15242000,24.07533475,0.36479958,USDT
2025-06-11T09:00:00Z,LINK/USDT,buy,15.24762000,23.91705716,0.36467820,USDT
2025-06-11T09:00:00Z,LINK/USDT,stop_sell,15.23238000,23.91705716,0.36431370,USDT
2025-06-11T12:45:00Z,LINK/USDT,buy,15.34767000,23.74111183,0.36437075,USDT
2025-06-11T13:00:00Z,LINK/USDT,sell,15.32233500,23.74111183,0.36376927,USDT
2025-06-11T14:00:00Z,LINK/USDT,buy,15.33766500,23.92001357,0.36687715,USDT
2025-06-11T17:30:00Z,LINK/USDT,sell,15.41229000,23.92001357,0.36866219,USDT
2025-06-11T17:45:00Z,LINK/USDT,buy,15.34767000,23.83221361,0.36576895,USDT
2025-06-11T18:00:00Z,LINK/USDT,sell,15.26236500,23.83221361,0.36373594,USDT
2025-06-12T14:15:00Z,LINK/USDT,buy,14.46723000,25.38481762,0.36724800,USDT
2025-06-12T15:15:00Z,LINK/USDT,stop_sell,14.34710857,25.38481762,0.36419873,USDT
2025-06-12T15:45:00Z,LINK/USDT,buy,14.36718000,25.50517478,0.36643744,USDT
2025-06-12T18:30:00Z,LINK/USDT,sell,14.38280500,25.50517478,0.36683596,USDT
2025-06-13T07:30:00Z,LINK/USDT,buy,13.21660500,27.72350715,0.36641064,USDT
2025-06-13T08:45:00Z,LINK/USDT,sell,13.22338500,27.72350715,0.36659861,USDT
2025-06-13T13:45:00Z,LINK/USDT,buy,13.25662500,27.63652271,0.36636702,USDT
2025-06-13T14:30:00Z,LINK/USDT,stop_sell,13.11344000,27.63652271,0.36240988,USDT
2025-06-13T15:00:00Z,LINK/USDT,buy,13.32666000,27.71280704,0.36931916,USDT
2025-06-13T17:00:00Z,LINK/USDT,sell,13.41329000,27.71280704,0.37171992,USDT
2025-06-14T02:00:00Z,LINK/USDT,buy,13.31665500,27.39085559,0.36475457,USDT
2025-06-14T02:30:00Z,LINK/USDT,stop_sell,13.28335500,27.39085559,0.36384246,USDT
2025-06-14T02:45:00Z,LINK/USDT,buy,13.29664500,27.52525009,0.36599348,USDT
2025-06-14T03:00:00Z,LINK/USDT,sell,13.28335500,27.52525009,0.36562767,USDT
2025-06-14T06:00:00Z,LINK/USDT,buy,13.28664000,27.5393659,0.36590564,USDT
2025-06-14T06:30:00Z,LINK/USDT,sell,13.20339500,27.5393659,0.36361313,USDT
2025-06-15T00:30:00Z,LINK/USDT,buy,13.20660000,27.68795579,0.36566376,USDT
2025-06-15T05:30:00Z,LINK/USDT,sell,13.22338500,27.68795579,0.36612850,USDT
2025-06-15T22:00:00Z,LINK/USDT,buy,13.20660000,27.83394154,0.36759173,USDT
2025-06-16T11:15:00Z,LINK/USDT,sell,13.62318500,27.83394154,0.37918693,USDT
2025-06-16T13:45:00Z,LINK/USDT,buy,13.73686500,26.75876745,0.36758158,USDT
2025-06-16T22:45:00Z,LINK/USDT,sell,13.79310000,26.75876745,0.36908636,USDT
2025-06-17T03:45:00Z,LINK/USDT,buy,13.65682500,26.64647093,0.36390619,USDT
2025-06-17T04:00:00Z,LINK/USDT,sell,13.63318000,26.64647093,0.36327613,USDT
2025-06-17T21:30:00Z,LINK/USDT,buy,13.03651500,28.11054461,0.36646354,USDT
2025-06-17T22:30:00Z,LINK/USDT,stop_sell,12.92353500,28.11054461,0.36328761,USDT
2025-06-17T23:00:00Z,LINK/USDT,buy,12.89644500,28.3916169,0.36615093,USDT
2025-06-17T23:45:00Z,LINK/USDT,sell,12.99350000,28.3916169,0.36890647,USDT
2025-06-18T03:30:00Z,LINK/USDT,buy,13.05652500,28.05590659,0.36631265,USDT
2025-06-18T04:45:00Z,LINK/USDT,sell,13.04347500,28.05590659,0.36594652,USDT
2025-06-18T05:15:00Z,LINK/USDT,buy,13.18659000,27.77251214,0.36622473,USDT
2025-06-18T05:30:00Z,LINK/USDT,sell,13.19340000,27.77251214,0.36641386,USDT
2025-06-18T06:00:00Z,LINK/USDT,buy,13.18659000,27.70614908,0.36534963,USDT
2025-06-18T06:00:00Z,LINK/USDT,stop_sell,13.17341000,27.70614908,0.36498446,USDT
2025-06-18T06:15:00Z,LINK/USDT,buy,13.18659000,27.76256368,0.36609354,USDT
2025-06-18T07:00:00Z,LINK/USDT,stop_sell,13.08345500,27.76256368,0.36323025,USDT
2025-06-18T16:45:00Z,LINK/USDT,buy,12.80640000,28.32092796,0.36268913,USDT
2025-06-18T16:45:00Z,LINK/USDT,stop_sell,12.79360000,28.32092796,0.36232662,USDT
2025-06-18T19:45:00Z,LINK/USDT,buy,12.82641000,28.51296241,0.36571895,USDT
2025-06-18T20:00:00Z,LINK/USDT,stop_sell,12.73363000,28.51296241,0.36307351,USDT
2025-06-18T21:00:00Z,LINK/USDT,buy,13.09654500,27.94691967,0.36600809,USDT
2025-06-19T12:45:00Z,LINK/USDT,sell,13.10344500,27.94691967,0.36620092,USDT
2025-06-19T18:30:00Z,LINK/USDT,buy,13.12656000,27.83712577,0.36540570,USDT
2025-06-19T18:45:00Z,LINK/USDT,stop_sell,13.02348500,27.83712577,0.36253639,USDT
2025-06-20T03:30:00Z,LINK/USDT,buy,13.04652000,27.98583664,0.36511778,USDT
2025-06-20T04:00:00Z,LINK/USDT,sell,13.01349000,27.98583664,0.36419341,USDT
2025-06-20T07:30:00Z,LINK/USDT,buy,13.07653500,27.91147782,0.36498542,USDT
2025-06-20T08:45:00Z,LINK/USDT,sell,13.15342000,27.91147782,0.36713139,USDT
2025-06-20T09:00:00Z,LINK/USDT,buy,13.21660500,27.72918873,0.36648573,USDT
2025-06-20T09:30:00Z,LINK/USDT,stop_sell,13.10344500,27.72918873,0.36334790,USDT
2025-06-20T13:30:00Z,LINK/USDT,buy,13.21660500,27.60081076,0.36478901,USDT
2025-06-20T13:45:00Z,LINK/USDT,stop_sell,13.09345000,27.60081076,0.36138984,USDT
2025-06-20T22:15:00Z,LINK/USDT,buy,12.49624500,28.95681094,0.36185140,USDT
2025-06-20T22:15:00Z,LINK/USDT,stop_sell,12.48375500,28.95681094,0.36148973,USDT
2025-06-21T02:00:00Z,LINK/USDT,buy,12.65632500,28.78971389,0.36437198,USDT
2025-06-21T07:00:00Z,LINK/USDT,stop_sell,12.57371000,28.78971389,0.36199351,USDT
2025-06-21T09:00:00Z,LINK/USDT,buy,12.69634500,28.61175271,0.36326468,USDT
2025-06-21T09:15:00Z,LINK/USDT,sell,12.67366000,28.61175271,0.36261563,USDT
2025-06-22T02:15:00Z,LINK/USDT,buy,11.90595000,30.29404658,0.36067940,USDT
2025-06-22T02:15:00Z,LINK/USDT,stop_sell,11.89405000,30.29404658,0.36031890,USDT
2025-06-22T07:45:00Z,LINK/USDT,buy,11.97598500,30.18630537,0.36151074,USDT
2025-06-22T07:45:00Z,LINK/USDT,stop_sell,11.96401500,30.18630537,0.36114941,USDT
2025-06-22T08:30:00Z,LINK/USDT,buy,11.98599000,30.35544745,0.36384009,USDT
2025-06-22T09:15:00Z,LINK/USDT,stop_sell,11.90404500,30.35544745,0.36135261,USDT
2025-06-22T18:15:00Z,LINK/USDT,buy,11.39569500,31.76584326,0.36199386,USDT
2025-06-22T18:45:00Z,LINK/USDT,sell,11.43428000,31.76584326,0.36321955,USDT
2025-06-22T23:45:00Z,LINK/USDT,buy,11.67583500,31.14321205,0.36362301,USDT
2025-06-23T04:00:00Z,LINK/USDT,sell,11.66416500,31.14321205,0.36325956,USDT
2025-06-23T04:15:00Z,LINK/USDT,buy,11.67583500,31.13573768,0.36353574,USDT
2025-06-23T04:30:00Z,LINK/USDT,sell,11.66416500,31.13573768,0.36317238,USDT
2025-06-23T07:30:00Z,LINK/USDT,buy,11.89594500,30.55230056,0.36344849,USDT
2025-06-23T09:15:00Z,LINK/USDT,stop_sell,11.83408000,30.55230056,0.36155837,USDT
2025-06-23T09:30:00Z,LINK/USDT,buy,11.80590000,30.68957259,0.36231803,USDT
2025-06-23T09:30:00Z,LINK/USDT,stop_sell,11.79410000,30.68957259,0.36195589,USDT
2025-06-23T09:45:00Z,LINK/USDT,buy,11.80590000,30.76023143,0.36315222,USDT
2025-06-23T10:45:00Z,LINK/USDT,sell,11.79410000,30.76023143,0.36278925,USDT
2025-06-23T11:15:00Z,LINK/USDT,buy,11.80590000,30.75284897,0.36306506,USDT
2025-06-23T12:00:00Z,LINK/USDT,sell,11.79410000,30.75284897,0.36270218,USDT
2025-06-23T13:00:00Z,LINK/USDT,buy,11.96598000,30.35954191,0.36328167,USDT
2025-06-23T13:00:00Z,LINK/USDT,stop_sell,11.92474893,30.35954191,0.36202991,USDT
2025-06-23T13:45:00Z,LINK/USDT,buy,12.03601500,30.27031389,0.36433395,USDT
2025-06-23T14:00:00Z,LINK/USDT,sell,12.05397000,30.27031389,0.36487746,USDT
2025-06-23T15:00:00Z,LINK/USDT,buy,11.89594500,30.49819207,0.36280482,USDT
2025-06-23T15:45:00Z,LINK/USDT,sell,11.80409500,30.49819207,0.36000356,USDT
2025-06-24T03:15:00Z,LINK/USDT,buy,12.95647500,28.00166757,0.36280291,USDT
2025-06-24T10:00:00Z,LINK/USDT,sell,13.09345000,28.00166757,0.36663843,USDT
2025-06-24T12:30:00Z,LINK/USDT,buy,13.10655000,27.53151597,0.36084319,USDT
2025-06-24T12:30:00Z,LINK/USDT,stop_sell,13.09345000,27.53151597,0.36048253,USDT
2025-06-24T12:45:00Z,LINK/USDT,buy,13.07653500,27.69316319,0.36213062,USDT
2025-06-24T13:15:00Z,LINK/USDT,sell,13.12343500,27.69316319,0.36342943,USDT
2025-06-24T13:30:00Z,LINK/USDT,buy,13.09654500,27.63333584,0.36190123,USDT
2025-06-24T19:30:00Z,LINK/USDT,sell,13.35332000,27.63333584,0.36899678,USDT
2025-06-24T19:45:00Z,LINK/USDT,buy,13.33666500,27.21578248,0.36296777,USDT
2025-06-24T21:00:00Z,LINK/USDT,sell,13.35332000,27.21578248,0.36342105,USDT
2025-06-25T07:30:00Z,LINK/USDT,buy,13.45672500,26.99157543,0.36321821,USDT
2025-06-25T09:00:00Z,LINK/USDT,stop_sell,13.39330000,26.99157543,0.36150627,USDT
2025-06-25T09:15:00Z,LINK/USDT,buy,13.42671000,27.07774301,0.36356500,USDT
2025-06-25T09:30:00Z,LINK/USDT,stop_sell,13.36759857,27.07774301,0.36196440,USDT
2025-06-25T19:15:00Z,LINK/USDT,buy,13.19659500,27.49474341,0.36283699,USDT
2025-06-25T19:45:00Z,LINK/USDT,sell,13.20339500,27.49474341,0.36302396,USDT
2025-06-25T20:15:00Z,LINK/USDT,buy,13.21660500,27.44985268,0.36279386,USDT
2025-06-25T22:00:00Z,LINK/USDT,stop_sell,13.13343000,27.44985268,0.36051072,USDT
2025-06-25T22:45:00Z,LINK/USDT,buy,13.07653500,27.57778068,0.36062181,USDT
2025-06-25T22:45:00Z,LINK/USDT,stop_sell,13.06346500,27.57778068,0.36026137,USDT
2025-06-26T01:45:00Z,LINK/USDT,buy,13.32666000,27.19861353,0.36246667,USDT
2025-06-26T02:00:00Z,LINK/USDT,stop_sell,13.26407893,27.19861353,0.36076456,USDT
2025-06-26T06:15:00Z,LINK/USDT,buy,13.31665500,27.20447064,0.36227255,USDT
2025-06-26T06:30:00Z,LINK/USDT,sell,13.30334500,27.20447064,0.36191046,USDT
2025-06-26T09:15:00Z,LINK/USDT,buy,13.25662500,27.07588648,0.35893487,USDT
2025-06-26T09:15:00Z,LINK/USDT,stop_sell,13.24337500,27.07588648,0.35857612,USDT
2025-06-26T20:15:00Z,LINK/USDT,buy,13.14657000,27.54326491,0.36209946,USDT
2025-06-26T21:00:00Z,LINK/USDT,stop_sell,13.09487786,27.54326491,0.36067569,USDT
2025-06-27T02:30:00Z,LINK/USDT,buy,13.05652500,27.74131728,0.36220520,USDT
2025-06-27T07:30:00Z,LINK/USDT,sell,13.05347000,27.74131728,0.36212045,USDT
2025-06-27T09:00:00Z,LINK/USDT,buy,13.17658500,27.46257033,0.36186289,USDT
2025-06-27T09:15:00Z,LINK/USDT,stop_sell,13.12343500,27.46257033,0.36040326,USDT
2025-06-27T21:15:00Z,LINK/USDT,buy,13.02651000,27.82967661,0.36252356,USDT
2025-06-27T21:30:00Z,LINK/USDT,sell,13.03348000,27.82967661,0.36271753,USDT
2025-06-27T22:15:00Z,LINK/USDT,buy,13.02651000,27.80499982,0.36220211,USDT
2025-06-28T06:30:00Z,LINK/USDT,sell,13.10344500,27.80499982,0.36434129,USDT
2025-06-28T14:15:00Z,LINK/USDT,buy,13.13656500,27.58032101,0.36231068,USDT
2025-06-28T14:15:00Z,LINK/USDT,stop_sell,13.08523982,27.58032101,0.36089511,USDT
2025-06-28T14:30:00Z,LINK/USDT,buy,13.13656500,27.52527851,0.36158761,USDT
2025-06-28T15:00:00Z,LINK/USDT,sell,13.13343000,27.52527851,0.36150132,USDT
2025-06-28T23:15:00Z,LINK/USDT,buy,13.45672500,26.86558783,0.36152283,USDT
2025-06-28T23:45:00Z,LINK/USDT,stop_sell,13.38330500,26.86558783,0.35955036,USDT
2025-06-29T00:15:00Z,LINK/USDT,buy,13.37668500,27.01022234,0.36130724,USDT
2025-06-29T01:30:00Z,LINK/USDT,sell,13.37331000,27.01022234,0.36121608,USDT
2025-06-29T07:30:00Z,LINK/USDT,buy,13.37668500,27.00535364,0.36124211,USDT
2025-06-29T11:15:00Z,LINK/USDT,sell,13.45327000,27.00535364,0.36331031,USDT
2025-06-29T18:30:00Z,LINK/USDT,buy,13.39669500,26.97304483,0.36134965,USDT
2025-06-29T19:00:00Z,LINK/USDT,stop_sell,13.34332500,26.97304483,0.35991010,USDT
2025-06-29T20:15:00Z,LINK/USDT,buy,13.33666500,27.08148578,0.36117670,USDT
2025-06-29T21:00:00Z,LINK/USDT,stop_sell,13.27336000,27.08148578,0.35946231,USDT
2025-06-29T21:15:00Z,LINK/USDT,buy,13.28664000,27.16878033,0.36098180,USDT
2025-06-29T22:00:00Z,LINK/USDT,sell,13.43328000,27.16878033,0.36496583,USDT
2025-06-30T00:15:00Z,LINK/USDT,buy,13.65682500,26.35489412,0.35992418,USDT
2025-06-30T01:15:00Z,LINK/USDT,stop_sell,13.59320000,26.35489412,0.35824735,USDT
2025-06-30T01:30:00Z,LINK/USDT,buy,13.58679000,26.57367079,0.36105088,USDT
2025-06-30T03:00:00Z,LINK/USDT,sell,13.50324500,26.57367079,0.35883079,USDT
2025-06-30T21:00:00Z,LINK/USDT,buy,13.60680000,26.51729787,0.36081557,USDT
2025-06-30T21:45:00Z,LINK/USDT,stop_sell,13.43328000,26.51729787,0.35621429,USDT
2025-06-30T22:00:00Z,LINK/USDT,buy,13.42671000,26.80132337,0.35985360,USDT
2025-07-01T00:00:00Z,LINK/USDT,stop_sell,13.35332000,26.80132337,0.35788665,USDT
2025-07-01T12:15:00Z,LINK/USDT,buy,13.10655000,27.45957368,0.35990028,USDT
2025-07-01T12:15:00Z,LINK/USDT,stop_sell,13.09059429,27.45957368,0.35946214,USDT
2025-07-02T08:00:00Z,LINK/USDT,buy,13.05652500,27.57872881,0.36008236,USDT
2025-07-02T11:00:00Z,LINK/USDT,sell,13.13343000,27.57872881,0.36220330,USDT
2025-07-02T13:45:00Z,LINK/USDT,buy,13.10655000,27.4820079,0.36019431,USDT
2025-07-02T14:15:00Z,LINK/USDT,sell,13.17341000,27.4820079,0.36203176,USDT
2025-07-02T15:00:00Z,LINK/USDT,buy,13.24662000,27.30125255,0.36164932,USDT
2025-07-02T23:30:00Z,LINK/USDT,sell,13.58320500,27.30125255,0.37083851,USDT
2025-07-03T10:15:00Z,LINK/USDT,buy,13.86693000,25.95539982,0.35992171,USDT
2025-07-03T10:15:00Z,LINK/USDT,stop_sell,13.85307000,25.95539982,0.35956197,USDT
2025-07-03T10:45:00Z,LINK/USDT,buy,13.81690500,26.02407788,0.35957221,USDT
2025-07-03T10:45:00Z,LINK/USDT,stop_sell,13.80309500,26.02407788,0.35921282,USDT
2025-07-03T21:30:00Z,LINK/USDT,buy,13.75687500,26.24508481,0.36105035,USDT
2025-07-03T22:00:00Z,LINK/USDT,sell,13.73313000,26.24508481,0.36042716,USDT
2025-07-04T13:00:00Z,LINK/USDT,buy,13.32666000,27.06455645,0.36068014,USDT
2025-07-04T13:30:00Z,LINK/USDT,sell,13.31334000,27.06455645,0.36031964,USDT
2025-07-04T21:45:00Z,LINK/USDT,buy,13.09654500,27.53348907,0.36059358,USDT
2025-07-04T22:45:00Z,LINK/USDT,sell,13.11344000,27.53348907,0.36105876,USDT
2025-07-05T04:00:00Z,LINK/USDT,buy,13.19659500,27.30248894,0.36029989,USDT
2025-07-05T04:00:00Z,LINK/USDT,stop_sell,13.16555679,27.30248894,0.35945247,USDT
2025-07-05T04:15:00Z,LINK/USDT,buy,13.16658000,27.37594834,0.36044761,USDT
2025-07-05T08:15:00Z,LINK/USDT,sell,13.17341000,27.37594834,0.36063459,USDT
2025-07-05T14:30:00Z,LINK/USDT,buy,13.15657500,27.39351725,0.36040486,USDT
2025-07-05T14:45:00Z,LINK/USDT,sell,13.14342500,27.39351725,0.36004464,USDT
2025-07-05T22:00:00Z,LINK/USDT,buy,13.18659000,27.40778523,0.36141523,USDT
2025-07-06T03:30:00Z,LINK/USDT,sell,13.19340000,27.40778523,0.36160187,USDT
2025-07-06T22:00:00Z,LINK/USDT,buy,13.65682500,26.57530541,0.36293430,USDT
2025-07-06T23:15:00Z,LINK/USDT,stop_sell,13.47326000,26.57530541,0.35805600,USDT
2025-07-07T00:45:00Z,LINK/USDT,buy,13.47673500,26.7794077,0.36089898,USDT
2025-07-07T02:15:00Z,LINK/USDT,sell,13.58320500,26.7794077,0.36375018,USDT
2025-07-07T04:30:00Z,LINK/USDT,buy,13.56678000,26.49613915,0.35946729,USDT
2025-07-07T04:45:00Z,LINK/USDT,stop_sell,13.53323000,26.49613915,0.35857835,USDT
2025-07-07T06:30:00Z,LINK/USDT,buy,13.55677500,26.54531442,0.35986885,USDT
2025-07-07T07:15:00Z,LINK/USDT,sell,13.57321000,26.54531442,0.36030513,USDT
2025-07-07T07:45:00Z,LINK/USDT,buy,13.63681500,26.38784287,0.35984613,USDT
2025-07-07T08:15:00Z,LINK/USDT,sell,13.58320500,26.38784287,0.35843148,USDT
2025-07-07T14:00:00Z,LINK/USDT,buy,13.65682500,26.4529554,0.36126338,USDT
2025-07-07T14:45:00Z,LINK/USDT,stop_sell,13.48325500,26.4529554,0.35667194,USDT
2025-07-08T07:30:00Z,LINK/USDT,buy,13.31665500,26.97752922,0.35925045,USDT
2025-07-08T07:45:00Z,LINK/USDT,sell,13.30334500,26.97752922,0.35889138,USDT
2025-07-08T16:30:00Z,LINK/USDT,buy,13.56678000,26.47380066,0.35916423,USDT
2025-07-09T01:00:00Z,LINK/USDT,sell,13.92303500,26.47380066,0.36859565,USDT
2025-07-09T01:15:00Z,LINK/USDT,buy,13.92696000,25.82060517,0.35960254,USDT
2025-07-09T01:15:00Z,LINK/USDT,stop_sell,13.86520679,25.82060517,0.35800803,USDT
2025-07-09T05:15:00Z,LINK/USDT,buy,13.94697000,25.78881354,0.35967581,USDT
2025-07-09T10:30:00Z,LINK/USDT,sell,13.97301000,25.78881354,0.36034735,USDT
2025-07-09T21:45:00Z,LINK/USDT,buy,14.31715500,25.12174578,0.35967193,USDT
2025-07-09T23:45:00Z,LINK/USDT,sell,14.26286500,25.12174578,0.35830807,USDT
2025-07-10T01:15:00Z,LINK/USDT,buy,14.22711000,25.35819584,0.36077384,USDT
2025-07-10T02:15:00Z,LINK/USDT,sell,14.34282500,25.35819584,0.36370817,USDT
2025-07-10T02:30:00Z,LINK/USDT,buy,14.33716500,25.00016845,0.35843154,USDT
2025-07-10T02:30:00Z,LINK/USDT,stop_sell,14.31712357,25.00016845,0.35793050,USDT
2025-07-10T04:30:00Z,LINK/USDT,buy,14.27713500,25.1332189,0.35883036,USDT
2025-07-10T05:30:00Z,LINK/USDT,stop_sell,14.23930536,25.1332189,0.35787958,USDT
2025-07-10T05:45:00Z,LINK/USDT,buy,14.27713500,25.22974937,0.36020854,USDT
2025-07-10T06:45:00Z,LINK/USDT,sell,14.26286500,25.22974937,0.35984851,USDT
2025-07-10T07:15:00Z,LINK/USDT,buy,14.44722000,24.9607522,0.36061348,USDT
2025-07-10T10:15:00Z,LINK/USDT,sell,14.31284000,24.9607522,0.35725925,USDT
2025-07-10T10:30:00Z,LINK/USDT,buy,14.32716000,25.06001789,0.35903889,USDT
2025-07-10T12:00:00Z,LINK/USDT,sell,14.31284000,25.06001789,0.35868003,USDT
2025-07-10T20:45:00Z,LINK/USDT,buy,14.74737000,24.34011737,0.35895272,USDT
2025-07-11T03:45:00Z,LINK/USDT,sell,15.34232500,24.34011737,0.37343399,USDT
2025-07-11T04:00:00Z,LINK/USDT,buy,15.36768000,23.44451081,0.36028774,USDT
2025-07-11T07:00:00Z,LINK/USDT,sell,15.28235500,23.44451081,0.35828734,USDT
2025-07-11T11:45:00Z,LINK/USDT,buy,15.43771500,23.30886084,0.35983555,USDT
2025-07-11T19:15:00Z,LINK/USDT,sell,15.73213000,23.30886084,0.36669803,USDT
2025-07-12T09:30:00Z,LINK/USDT,buy,15.34767000,23.60069452,0.36221567,USDT
2025-07-12T12:00:00Z,LINK/USDT,sell,15.28235500,23.60069452,0.36067419,USDT
2025-07-12T17:45:00Z,LINK/USDT,buy,15.07753500,23.88622752,0.36014543,USDT
2025-07-12T19:00:00Z,LINK/USDT,sell,15.03248000,23.88622752,0.35906924,USDT
2025-07-12T21:15:00Z,LINK/USDT,buy,14.99749500,24.08445891,0.36120655,USDT
2025-07-12T22:00:00Z,LINK/USDT,sell,14.98250500,24.08445891,0.36084553,USDT
2025-07-12T23:15:00Z,LINK/USDT,buy,15.01750500,23.96636708,0.35991504,USDT
2025-07-12T23:30:00Z,LINK/USDT,sell,15.02248500,23.96636708,0.36003439,USDT
2025-07-12T23:45:00Z,LINK/USDT,buy,15.09754500,23.88360705,0.36058383,USDT
2025-07-13T04:30:00Z,LINK/USDT,sell,15.11244000,23.88360705,0.36093958,USDT
2025-07-13T05:00:00Z,LINK/USDT,buy,15.22761000,23.66170131,0.36031116,USDT
2025-07-13T05:45:00Z,LINK/USDT,stop_sell,15.13243000,23.66170131,0.35805904,USDT
2025-07-13T06:15:00Z,LINK/USDT,buy,15.24762000,23.66163401,0.36078360,USDT
2025-07-13T13:15:00Z,LINK/USDT,sell,15.48225500,23.66163401,0.36633545,USDT
2025-07-13T13:30:00Z,LINK/USDT,buy,15.52776000,23.22828915,0.36068330,USDT
2025-07-13T20:00:00Z,LINK/USDT,sell,15.78210500,23.22828915,0.36659130,USDT
2025-07-13T20:30:00Z,LINK/USDT,buy,15.84792000,22.8132145,0.36154200,USDT
2025-07-13T21:30:00Z,LINK/USDT,stop_sell,15.71035518,22.8132145,0.35840370,USDT
2025-07-13T22:00:00Z,LINK/USDT,buy,15.59779500,23.01227606,0.35894076,USDT
2025-07-13T22:15:00Z,LINK/USDT,sell,15.53223000,23.01227606,0.35743196,USDT
2025-07-14T10:30:00Z,LINK/USDT,buy,16.20810000,22.21951722,0.36013616,USDT
2025-07-14T14:30:00Z,LINK/USDT,stop_sell,16.08017018,22.21951722,0.35729362,USDT
2025-07-14T15:00:00Z,LINK/USDT,buy,16.18809000,22.18822138,0.35918492,USDT
2025-07-14T15:15:00Z,LINK/USDT,sell,16.13193000,22.18822138,0.35793883,USDT
2025-07-14T23:45:00Z,LINK/USDT,buy,15.78789000,22.81219868,0.36015648,USDT
2025-07-15T00:15:00Z,LINK/USDT,sell,15.66216500,22.81219868,0.35728842,USDT
2025-07-15T00:30:00Z,LINK/USDT,buy,15.82791000,22.66447528,0.35873127,USDT
2025-07-15T00:30:00Z,LINK/USDT,stop_sell,15.71642357,22.66447528,0.35620449,USDT
2025-07-15T07:15:00Z,LINK/USDT,buy,15.49774500,23.1598419,0.35892532,USDT
2025-07-15T08:00:00Z,LINK/USDT,stop_sell,15.38230500,23.1598419,0.35625175,USDT
2025-07-15T08:15:00Z,LINK/USDT,buy,15.34767000,23.29271288,0.35748887,USDT
2025-07-15T08:15:00Z,LINK/USDT,stop_sell,15.33233000,23.29271288,0.35713156,USDT
2025-07-15T08:30:00Z,LINK/USDT,buy,15.39769500,23.28714079,0.35856829,USDT
2025-07-15T11:00:00Z,LINK/USDT,sell,15.38230500,23.28714079,0.35820990,USDT
2025-07-15T13:00:00Z,LINK/USDT,buy,15.49774500,23.20615825,0.35964312,USDT
2025-07-15T14:45:00Z,LINK/USDT,sell,15.34232500,23.20615825,0.35603642,USDT
2025-07-15T15:45:00Z,LINK/USDT,buy,15.54777000,23.10892788,0.35929230,USDT
2025-07-15T22:15:00Z,LINK/USDT,sell,15.83208000,23.10892788,0.36586239,USDT
2025-07-16T00:00:00Z,LINK/USDT,buy,16.09804500,22.27625161,0.35860410,USDT
2025-07-16T02:15:00Z,LINK/USDT,stop_sell,15.98343286,22.27625161,0.35605097,USDT
2025-07-16T03:00:00Z,LINK/USDT,buy,15.95797500,22.4553897,0.35834255,USDT
2025-07-16T04:00:00Z,LINK/USDT,sell,15.93203000,22.4553897,0.35775994,USDT
2025-07-16T07:45:00Z,LINK/USDT,buy,16.35817500,21.91307033,0.35845784,USDT
2025-07-16T14:15:00Z,LINK/USDT,sell,16.51174000,21.91307033,0.36182292,USDT
2025-07-16T14:30:00Z,LINK/USDT,buy,16.55827500,21.67399595,0.35888399,USDT
2025-07-16T15:45:00Z,LINK/USDT,sell,16.58170500,21.67399595,0.35939181,USDT
2025-07-16T16:00:00Z,LINK/USDT,buy,16.62831000,21.59459414,0.35908161,USDT
2025-07-16T21:15:00Z,LINK/USDT,sell,16.85157000,21.59459414,0.36390281,USDT
2025-07-17T06:00:00Z,LINK/USDT,buy,16.74837000,21.45913673,0.35940556,USDT
2025-07-17T13:45:00Z,LINK/USDT,sell,16.89155000,21.45913673,0.36247808,USDT
2025-07-17T22:00:00Z,LINK/USDT,buy,17.27863500,20.82241588,0.35978292,USDT
2025-07-18T08:00:00Z,LINK/USDT,sell,18.59070000,20.82241588,0.38710329,USDT
2025-07-19T00:30:00Z,LINK/USDT,buy,17.93896500,20.12805933,0.36107655,USDT
2025-07-19T00:45:00Z,LINK/USDT,stop_sell,17.76111500,20.12805933,0.35749678,USDT
2025-07-19T02:00:00Z,LINK/USDT,buy,17.88894000,20.09767201,0.35952605,USDT
2025-07-19T02:15:00Z,LINK/USDT,sell,17.80109500,20.09767201,0.35776057,USDT
2025-07-19T03:15:00Z,LINK/USDT,buy,18.10905000,19.93106275,0.36093261,USDT
2025-07-19T07:30:00Z,LINK/USDT,sell,17.99100000,19.93106275,0.35857975,USDT
2025-07-19T15:45:00Z,LINK/USDT,buy,17.94897000,20.11775556,0.36109299,USDT
2025-07-20T00:15:00Z,LINK/USDT,sell,18.30084500,20.11775556,0.36817193,USDT
2025-07-20T00:45:00Z,LINK/USDT,buy,18.41920500,19.62001078,0.36138500,USDT
2025-07-20T01:00:00Z,LINK/USDT,sell,18.41079000,19.62001078,0.36121990,USDT
2025-07-20T01:30:00Z,LINK/USDT,buy,18.42921000,19.44685985,0.35839026,USDT
2025-07-20T01:30:00Z,LINK/USDT,stop_sell,18.41079000,19.44685985,0.35803205,USDT
2025-07-20T02:15:00Z,LINK/USDT,buy,18.48924000,19.50534691,0.36063904,USDT
2025-07-20T14:15:00Z,LINK/USDT,sell,19.39030000,19.50534691,0.37821453,USDT
2025-07-20T17:45:00Z,LINK/USDT,buy,19.40970000,18.61140647,0.36124182,USDT
2025-07-20T18:30:00Z,LINK/USDT,sell,19.25037000,18.61140647,0.35827646,USDT
2025-07-20T19:00:00Z,LINK/USDT,buy,19.34967000,18.68273653,0.36150479,USDT
2025-07-20T19:15:00Z,LINK/USDT,sell,19.40029500,18.68273653,0.36245060,USDT
2025-07-20T23:15:00Z,LINK/USDT,buy,19.35967500,18.74176778,0.36283453,USDT
2025-07-21T00:00:00Z,LINK/USDT,sell,19.34032500,18.74176778,0.36247188,USDT
2025-07-21T02:00:00Z,LINK/USDT,buy,19.41970500,18.66950742,0.36255633,USDT
2025-07-21T02:45:00Z,LINK/USDT,sell,19.40029500,18.66950742,0.36219395,USDT
2025-07-21T03:00:00Z,LINK/USDT,buy,19.45972500,18.61693424,0.36228042,USDT
2025-07-21T03:30:00Z,LINK/USDT,sell,19.49025000,18.61693424,0.36284870,USDT
2025-07-21T13:45:00Z,LINK/USDT,buy,19.94997000,18.12147171,0.36152282,USDT
2025-07-21T15:45:00Z,LINK/USDT,sell,19.81009000,18.12147171,0.35898799,USDT
2025-07-22T01:45:00Z,LINK/USDT,buy,19.59979500,18.43194071,0.36126226,USDT
2025-07-22T03:30:00Z,LINK/USDT,sell,19.58020500,18.43194071,0.36090118,USDT
2025-07-22T13:30:00Z,LINK/USDT,buy,19.12956000,18.82143164,0.36004571,USDT
2025-07-22T13:30:00Z,LINK/USDT,stop_sell,19.05903714,18.82143164,0.35871836,USDT
2025-07-22T13:45:00Z,LINK/USDT,buy,19.23961500,18.68624394,0.35951614,USDT
2025-07-22T13:45:00Z,LINK/USDT,stop_sell,19.16005804,18.68624394,0.35802952,USDT
2025-07-22T14:00:00Z,LINK/USDT,buy,18.90945000,19.001846,0.35931446,USDT
2025-07-22T14:00:00Z,LINK/USDT,stop_sell,18.79060000,19.001846,0.35705609,USDT
2025-07-22T14:15:00Z,LINK/USDT,buy,19.06953000,18.96931884,0.36173599,USDT
2025-07-22T19:45:00Z,LINK/USDT,sell,19.12043500,18.96931884,0.36270163,USDT
2025-07-23T00:00:00Z,LINK/USDT,buy,19.66983000,18.33348696,0.36061657,USDT
2025-07-23T00:15:00Z,LINK/USDT,stop_sell,19.53130089,18.33348696,0.35807685,USDT
2025-07-23T00:30:00Z,LINK/USDT,buy,19.55977500,18.43273697,0.36054019,USDT
2025-07-23T03:15:00Z,LINK/USDT,sell,19.46026500,18.43273697,0.35870595,USDT
2025-07-23T03:30:00Z,LINK/USDT,buy,19.52976000,18.43171538,0.35996698,USDT
2025-07-23T04:00:00Z,LINK/USDT,sell,19.48025500,18.43171538,0.35905452,USDT
2025-07-23T05:15:00Z,LINK/USDT,buy,19.60980000,18.36860044,0.36020458,USDT
2025-07-23T05:15:00Z,LINK/USDT,stop_sell,19.45598143,18.36860044,0.35737915,USDT
2025-07-23T22:45:00Z,LINK/USDT,buy,18.22911000,19.73421742,0.35973722,USDT
2025-07-24T04:15:00Z,LINK/USDT,sell,18.17091000,19.73421742,0.35858869,USDT
2025-07-24T10:45:00Z,LINK/USDT,buy,17.70885000,20.34001657,0.36019830,USDT
2025-07-24T14:00:00Z,LINK/USDT,sell,17.87106000,20.34001657,0.36349766,USDT
2025-07-24T14:30:00Z,LINK/USDT,buy,18.06903000,19.97856364,0.36099327,USDT
2025-07-24T19:45:00Z,LINK/USDT,sell,18.34082500,19.97856364,0.36642334,USDT
2025-07-24T21:00:00Z,LINK/USDT,buy,18.39919500,19.53284634,0.35938865,USDT
2025-07-24T21:15:00Z,LINK/USDT,stop_sell,18.26086500,19.53284634,0.35668667,USDT
2025-07-24T21:30:00Z,LINK/USDT,buy,18.22911000,19.69972145,0.35910839,USDT
2025-07-24T22:00:00Z,LINK/USDT,sell,18.16091500,19.69972145,0.35776497,USDT
2025-07-25T07:30:00Z,LINK/USDT,buy,17.50875000,20.49897891,0.35891150,USDT
2025-07-25T07:45:00Z,LINK/USDT,stop_sell,17.37131000,20.49897891,0.35609412,USDT
2025-07-25T08:15:00Z,LINK/USDT,buy,17.63881500,20.48286769,0.36129351,USDT
2025-07-25T14:30:00Z,LINK/USDT,sell,17.90104500,20.48286769,0.36666474,USDT
2025-07-26T02:30:00Z,LINK/USDT,buy,18.41920500,19.53508747,0.35982078,USDT
2025-07-26T03:15:00Z,LINK/USDT,stop_sell,18.32083500,19.53508747,0.35789911,USDT
2025-07-26T04:00:00Z,LINK/USDT,buy,18.38919000,19.56613007,0.35980528,USDT
2025-07-26T06:30:00Z,LINK/USDT,stop_sell,18.26086500,19.56613007,0.35729446,USDT
2025-07-26T06:45:00Z,LINK/USDT,buy,18.25912500,19.65909007,0.35895778,USDT
2025-07-26T07:15:00Z,LINK/USDT,sell,18.27086000,19.65909007,0.35918848,USDT
2025-07-26T16:30:00Z,LINK/USDT,buy,18.30915000,19.62473114,0.35931215,USDT
2025-07-26T17:45:00Z,LINK/USDT,sell,18.30084500,19.62473114,0.35914916,USDT
2025-07-26T18:45:00Z,LINK/USDT,buy,18.45922500,19.49305452,0.35982668,USDT
2025-07-26T21:45:00Z,LINK/USDT,sell,18.36081500,19.49305452,0.35790837,USDT
2025-07-26T22:00:00Z,LINK/USDT,buy,18.49924500,19.44992848,0.35980899,USDT
2025-07-27T00:00:00Z,LINK/USDT,sell,18.37081000,19.44992848,0.35731094,USDT
2025-07-27T01:15:00Z,LINK/USDT,buy,18.64932000,19.24820004,0.35896584,USDT
2025-07-27T02:00:00Z,LINK/USDT,stop_sell,18.51252482,19.24820004,0.35633278,USDT
2025-07-27T02:15:00Z,LINK/USDT,buy,18.61930500,19.19261371,0.35735313,USDT
2025-07-27T08:45:00Z,LINK/USDT,sell,18.64067500,19.19261371,0.35776327,USDT
2025-07-27T11:00:00Z,LINK/USDT,buy,18.96948000,18.93772201,0.35923874,USDT
2025-07-27T11:30:00Z,LINK/USDT,stop_sell,18.83771929,18.93772201,0.35674349,USDT
2025-07-27T13:00:00Z,LINK/USDT,buy,18.92946000,18.9541981,0.35879273,USDT
2025-07-27T13:45:00Z,LINK/USDT,stop_sell,18.75633143,18.9541981,0.35551122,USDT
2025-07-27T17:15:00Z,LINK/USDT,buy,19.00950000,18.87731592,0.35884834,USDT
2025-07-27T17:45:00Z,LINK/USDT,sell,18.92053500,18.87731592,0.35716892,USDT
2025-07-27T18:45:00Z,LINK/USDT,buy,19.05952500,18.76816282,0.35771227,USDT
2025-07-27T20:45:00Z,LINK/USDT,stop_sell,18.93124393,18.76816282,0.35530467,USDT
2025-07-27T22:45:00Z,LINK/USDT,buy,19.26963000,18.56020012,0.35764819,USDT
2025-07-27T23:00:00Z,LINK/USDT,stop_sell,19.13043000,18.56020012,0.35506461,USDT
2025-07-27T23:30:00Z,LINK/USDT,buy,19.16958000,18.63361946,0.35719866,USDT
2025-07-28T01:00:00Z,LINK/USDT,stop_sell,19.02298375,18.63361946,0.35446704,USDT
2025-07-28T09:15:00Z,LINK/USDT,buy,19.19959500,18.60952979,0.35729544,USDT
2025-07-28T09:30:00Z,LINK/USDT,sell,19.12043500,18.60952979,0.35582230,USDT
2025-07-29T01:15:00Z,LINK/USDT,buy,18.15907500,19.68911023,0.35753603,USDT
2025-07-29T01:30:00Z,LINK/USDT,sell,18.23088000,19.68911023,0.35894981,USDT
2025-07-29T06:00:00Z,LINK/USDT,buy,18.25912500,19.5411271,0.35680388,USDT
2025-07-29T06:15:00Z,LINK/USDT,sell,18.26086500,19.5411271,0.35683788,USDT
2025-07-29T09:30:00Z,LINK/USDT,buy,18.36918000,19.42108923,0.35674948,USDT
2025-07-29T10:00:00Z,LINK/USDT,stop_sell,18.26086500,19.42108923,0.35464589,USDT
2025-07-29T10:30:00Z,LINK/USDT,buy,18.22911000,19.63338838,0.35789920,USDT
2025-07-29T10:45:00Z,LINK/USDT,sell,18.12093500,19.63338838,0.35577535,USDT
2025-07-29T21:15:00Z,LINK/USDT,buy,17.67883500,20.1538765,0.35629706,USDT
2025-07-29T22:15:00Z,LINK/USDT,sell,17.74112500,20.1538765,0.35755244,USDT
2025-07-30T01:00:00Z,LINK/USDT,buy,17.77888500,20.15632827,0.35835704,USDT
2025-07-30T01:15:00Z,LINK/USDT,sell,17.66116500,20.15632827,0.35598424,USDT
2025-07-30T01:30:00Z,LINK/USDT,buy,17.75887500,20.18805156,0.35851708,USDT
2025-07-30T02:15:00Z,LINK/USDT,sell,17.84107500,20.18805156,0.36017654,USDT
2025-07-30T02:30:00Z,LINK/USDT,buy,17.89894500,19.89886027,0.35616861,USDT
2025-07-30T02:45:00Z,LINK/USDT,sell,17.88105500,19.89886027,0.35581261,USDT
2025-07-30T03:15:00Z,LINK/USDT,buy,17.89894500,19.89408454,0.35608313,USDT
2025-07-30T04:30:00Z,LINK/USDT,sell,17.74112500,19.89408454,0.35294344,USDT
2025-07-30T15:45:00Z,LINK/USDT,buy,17.54877000,20.27350488,0.35577507,USDT
2025-07-30T18:45:00Z,LINK/USDT,stop_sell,17.40914821,20.27350488,0.35294445,USDT
2025-07-30T20:15:00Z,LINK/USDT,buy,17.59879500,20.16538752,0.35488652,USDT
2025-07-30T20:45:00Z,LINK/USDT,sell,17.51124000,20.16538752,0.35312094,USDT
2025-07-31T00:30:00Z,LINK/USDT,buy,17.74887000,20.0065488,0.35509363,USDT
2025-07-31T08:00:00Z,LINK/USDT,sell,18.03098000,20.0065488,0.36073768,USDT
2025-08-01T03:30:00Z,LINK/USDT,buy,16.99849500,20.86329216,0.35464457,USDT
2025-08-01T03:45:00Z,LINK/USDT,sell,16.87156000,20.86329216,0.35199629,USDT
2025-08-01T05:00:00Z,LINK/USDT,buy,16.76838000,21.19582963,0.35541973,USDT
2025-08-01T05:15:00Z,LINK/USDT,sell,16.70164500,21.19582963,0.35400522,USDT
2025-08-01T13:45:00Z,LINK/USDT,buy,16.49824500,21.51952669,0.35503442,USDT
2025-08-01T13:45:00Z,LINK/USDT,stop_sell,16.37502268,21.51952669,0.35238274,USDT
2025-08-01T14:30:00Z,LINK/USDT,buy,16.73836500,21.23300192,0.35540574,USDT
2025-08-01T15:15:00Z,LINK/USDT,stop_sell,16.49175000,21.23300192,0.35016936,USDT
2025-08-01T15:45:00Z,LINK/USDT,buy,16.65832500,21.28096732,0.35450527,USDT
2025-08-01T16:45:00Z,LINK/USDT,sell,16.49175000,21.28096732,0.35096039,USDT
2025-08-01T18:45:00Z,LINK/USDT,buy,16.32816000,21.63741311,0.35329914,USDT
2025-08-01T19:00:00Z,LINK/USDT,sell,16.35182000,21.63741311,0.35381108,USDT
2025-08-02T03:15:00Z,LINK/USDT,buy,16.21810500,21.82320992,0.35393111,USDT
2025-08-02T03:45:00Z,LINK/USDT,stop_sell,16.17440875,21.82320992,0.35297752,USDT
2025-08-02T11:30:00Z,LINK/USDT,buy,15.98799000,22.14265487,0.35401654,USDT
2025-08-02T12:30:00Z,LINK/USDT,sell,15.97201000,22.14265487,0.35366271,USDT
2025-08-02T13:45:00Z,LINK/USDT,buy,16.05802500,22.12349615,0.35525965,USDT
2025-08-02T14:30:00Z,LINK/USDT,stop_sell,15.88205500,22.12349615,0.35136658,USDT
2025-08-02T15:15:00Z,LINK/USDT,buy,15.95797500,22.25357226,0.35512195,USDT
2025-08-02T15:30:00Z,LINK/USDT,stop_sell,15.79210000,22.25357226,0.35143064,USDT
2025-08-02T22:45:00Z,LINK/USDT,buy,15.70785000,22.48629926,0.35321142,USDT
2025-08-02T23:15:00Z,LINK/USDT,stop_sell,15.58720250,22.48629926,0.35049850,USDT
2025-08-02T23:45:00Z,LINK/USDT,buy,15.65782500,22.4260374,0.35114297,USDT
2025-08-03T00:15:00Z,LINK/USDT,sell,15.67216000,22.4260374,0.35146445,USDT
2025-08-03T01:00:00Z,LINK/USDT,buy,15.79789500,22.38141358,0.35357922,USDT
2025-08-03T01:15:00Z,LINK/USDT,sell,15.79210000,22.38141358,0.35344952,USDT
2025-08-03T06:00:00Z,LINK/USDT,buy,15.92796000,22.15227008,0.35284047,USDT
2025-08-03T15:00:00Z,LINK/USDT,sell,16.09195000,22.15227008,0.35647322,USDT
2025-08-03T17:00:00Z,LINK/USDT,buy,16.32816000,21.69010538,0.35415951,USDT
2025-08-03T19:45:00Z,LINK/USDT,stop_sell,16.22188500,21.69010538,0.35185440,USDT
2025-08-03T20:00:00Z,LINK/USDT,buy,16.23811500,21.72871991,0.35283345,USDT
2025-08-03T21:30:00Z,LINK/USDT,sell,16.31184000,21.72871991,0.35443540,USDT
2025-08-03T23:30:00Z,LINK/USDT,buy,16.36818000,21.56043391,0.35290506,USDT
2025-08-03T23:45:00Z,LINK/USDT,stop_sell,16.29185000,21.56043391,0.35125936,USDT
2025-08-04T00:45:00Z,LINK/USDT,buy,16.50825000,21.39203331,0.35314503,USDT
2025-08-04T02:00:00Z,LINK/USDT,stop_sell,16.40322286,21.39203331,0.35089829,USDT
2025-08-04T05:15:00Z,LINK/USDT,buy,16.54827000,21.30015997,0.35248080,USDT
2025-08-04T05:45:00Z,LINK/USDT,sell,16.49175000,21.30015997,0.35127691,USDT
2025-08-04T06:45:00Z,LINK/USDT,buy,16.55827500,21.27806855,0.35232811,USDT
2025-08-04T09:30:00Z,LINK/USDT,sell,16.63168000,21.27806855,0.35389003,USDT
2025-08-04T09:45:00Z,LINK/USDT,buy,16.64832000,21.16709678,0.35239660,USDT
2025-08-04T10:00:00Z,LINK/USDT,stop_sell,16.59170000,21.16709678,0.35119812,USDT
2025-08-04T10:30:00Z,LINK/USDT,buy,16.74837000,21.03156059,0.35224436,USDT
2025-08-04T10:45:00Z,LINK/USDT,stop_sell,16.64167500,21.03156059,0.35000040,USDT
2025-08-04T12:30:00Z,LINK/USDT,buy,16.65832500,21.13108875,0.35200854,USDT
2025-08-04T13:00:00Z,LINK/USDT,sell,16.64167500,21.13108875,0.35165671,USDT
2025-08-04T14:00:00Z,LINK/USDT,buy,16.84842000,20.88765961,0.35192406,USDT
2025-08-04T14:45:00Z,LINK/USDT,stop_sell,16.77375179,20.88765961,0.35036442,USDT
2025-08-04T19:30:00Z,LINK/USDT,buy,16.84842000,20.83978858,0.35111751,USDT
2025-08-04T20:00:00Z,LINK/USDT,sell,16.85157000,20.83978858,0.35118316,USDT
2025-08-04T22:30:00Z,LINK/USDT,buy,17.13856500,20.52050793,0.35169206,USDT
2025-08-05T00:00:00Z,LINK/USDT,stop_sell,17.05147000,20.52050793,0.34990483,USDT
2025-08-05T10:30:00Z,LINK/USDT,buy,16.92846000,20.80030754,0.35211717,USDT
2025-08-05T11:15:00Z,LINK/USDT,sell,16.83158000,20.80030754,0.35010204,USDT
2025-08-05T12:45:00Z,LINK/USDT,buy,16.71835500,21.08707545,0.35254121,USDT
2025-08-05T14:00:00Z,LINK/USDT,stop_sell,16.54422375,21.08707545,0.34886929,USDT
2025-08-05T19:15:00Z,LINK/USDT,buy,16.36818000,21.43948288,0.35092531,USDT
2025-08-05T19:45:00Z,LINK/USDT,stop_sell,16.27186000,21.43948288,0.34886026,USDT
2025-08-06T05:30:00Z,LINK/USDT,buy,16.32816000,21.43906746,0.35006052,USDT
2025-08-06T10:30:00Z,LINK/USDT,sell,16.35182000,21.43906746,0.35056777,USDT
2025-08-06T13:45:00Z,LINK/USDT,buy,16.44822000,21.3988573,0.35197311,USDT
2025-08-06T14:30:00Z,LINK/USDT,sell,16.50174500,21.3988573,0.35311849,USDT
2025-08-06T21:15:00Z,LINK/USDT,buy,16.78839000,20.90330979,0.35093292,USDT
2025-08-06T21:30:00Z,LINK/USDT,stop_sell,16.69165000,20.90330979,0.34891073,USDT
2025-08-06T22:00:00Z,LINK/USDT,buy,16.77838500,20.97788879,0.35197509,USDT
2025-08-06T22:45:00Z,LINK/USDT,sell,16.70164500,20.97788879,0.35036525,USDT
2025-08-07T01:30:00Z,LINK/USDT,buy,16.74837000,20.91671255,0.35032084,USDT
2025-08-07T01:45:00Z,LINK/USDT,stop_sell,16.67166000,20.91671255,0.34871632,USDT
2025-08-07T05:00:00Z,LINK/USDT,buy,16.67833500,20.9934903,0.35013646,USDT
2025-08-07T05:15:00Z,LINK/USDT,sell,16.66166500,20.9934903,0.34978650,USDT
2025-08-07T06:00:00Z,LINK/USDT,buy,16.74837000,20.93821021,0.35068089,USDT
2025-08-07T18:30:00Z,LINK/USDT,sell,17.96101500,20.93821021,0.37607151,USDT
2025-08-07T18:45:00Z,LINK/USDT,buy,17.95897500,19.5798888,0.35163473,USDT
2025-08-08T00:30:00Z,LINK/USDT,sell,18.24087500,19.5798888,0.35715430,USDT
2025-08-08T00:45:00Z,LINK/USDT,buy,18.38919000,19.09135308,0.35107452,USDT
2025-08-08T01:00:00Z,LINK/USDT,sell,18.30084500,19.09135308,0.34938789,USDT
2025-08-08T04:45:00Z,LINK/USDT,buy,18.97948500,18.51891095,0.35147939,USDT
2025-08-08T05:15:00Z,LINK/USDT,stop_sell,18.81059000,18.51891095,0.34835164,USDT
2025-08-08T05:30:00Z,LINK/USDT,buy,18.82941000,18.70948354,0.35228854,USDT
2025-08-08T12:30:00Z,LINK/USDT,sell,19.32033500,18.70948354,0.36147349,USDT
2025-08-08T13:30:00Z,LINK/USDT,buy,19.48974000,18.15641349,0.35386378,USDT
2025-08-08T15:00:00Z,LINK/USDT,stop_sell,19.28356768,18.15641349,0.35012043,USDT
2025-08-08T15:30:00Z,LINK/USDT,buy,19.20960000,18.25091753,0.35059283,USDT
2025-08-08T15:30:00Z,LINK/USDT,stop_sell,19.06724732,18.25091753,0.34799476,USDT
2025-08-08T18:00:00Z,LINK/USDT,buy,19.42971000,18.12449597,0.35215370,USDT
2025-08-08T18:30:00Z,LINK/USDT,sell,19.51024000,18.12449597,0.35361327,USDT
2025-08-08T19:30:00Z,LINK/USDT,buy,19.54977000,17.95187606,0.35095505,USDT
2025-08-09T08:30:00Z,LINK/USDT,sell,20.83957500,17.95187606,0.37410947,USDT
2025-08-09T12:30:00Z,LINK/USDT,buy,21.08053500,16.75277684,0.35315750,USDT
2025-08-09T13:15:00Z,LINK/USDT,stop_sell,20.95951500,16.75277684,0.35113008,USDT
2025-08-09T13:30:00Z,LINK/USDT,buy,21.03051000,16.7107604,0.35143581,USDT
2025-08-09T13:30:00Z,LINK/USDT,stop_sell,21.00949000,16.7107604,0.35108455,USDT
2025-08-09T13:45:00Z,LINK/USDT,buy,21.06052500,16.77020788,0.35318938,USDT
2025-08-09T19:45:00Z,LINK/USDT,sell,21.34932000,16.77020788,0.35803253,USDT
2025-08-09T20:15:00Z,LINK/USDT,buy,21.44071500,16.50391201,0.35385567,USDT
2025-08-09T21:15:00Z,LINK/USDT,stop_sell,21.31933500,16.50391201,0.35185243,USDT
2025-08-09T22:00:00Z,LINK/USDT,buy,21.45072000,16.51692141,0.35429986,USDT
2025-08-10T01:45:00Z,LINK/USDT,stop_sell,21.25222571,16.51692141,0.35102134,USDT
2025-08-10T02:00:00Z,LINK/USDT,buy,21.74086500,16.28139287,0.35397156,USDT
2025-08-10T02:45:00Z,LINK/USDT,sell,21.32933000,16.28139287,0.34727120,USDT
2025-08-10T06:00:00Z,LINK/USDT,buy,21.95097000,16.12031472,0.35385654,USDT
2025-08-10T08:00:00Z,LINK/USDT,stop_sell,21.62561036,16.12031472,0.34861165,USDT
2025-08-10T08:15:00Z,LINK/USDT,buy,21.90094500,16.17993995,0.35435597,USDT
2025-08-10T10:00:00Z,LINK/USDT,sell,22.05896500,16.17993995,0.35691273,USDT
2025-08-10T15:45:00Z,LINK/USDT,buy,22.39119000,15.73829903,0.35239924,USDT
2025-08-10T17:30:00Z,LINK/USDT,stop_sell,22.10322857,15.73829903,0.34786722,USDT
2025-08-11T14:45:00Z,LINK/USDT,buy,21.83091000,16.12303158,0.35198045,USDT
2025-08-11T15:00:00Z,LINK/USDT,sell,21.61918500,16.12303158,0.34856680,USDT
2025-08-11T15:30:00Z,LINK/USDT,buy,21.77088000,16.10794745,0.35068419,USDT
2025-08-11T18:30:00Z,LINK/USDT,sell,21.51923500,16.10794745,0.34663071,USDT
2025-08-12T03:00:00Z,LINK/USDT,buy,21.45072000,16.30726193,0.34980251,USDT
2025-08-12T03:00:00Z,LINK/USDT,stop_sell,21.39072786,16.30726193,0.34882420,USDT
2025-08-12T03:15:00Z,LINK/USDT,buy,21.32065500,16.45387692,0.35080743,USDT
2025-08-12T07:15:00Z,LINK/USDT,sell,21.44927000,16.45387692,0.35292365,USDT
2025-08-12T08:00:00Z,LINK/USDT,buy,21.45072000,16.34423619,0.35059563,USDT
2025-08-12T09:00:00Z,LINK/USDT,sell,21.42928000,16.34423619,0.35024521,USDT
2025-08-12T12:30:00Z,LINK/USDT,buy,21.85092000,16.07097493,0.35116559,USDT
2025-08-12T19:30:00Z,LINK/USDT,sell,23.23837500,16.07097493,0.37346334,USDT
2025-08-12T19:45:00Z,LINK/USDT,buy,23.32165500,15.20982935,0.35471839,USDT
2025-08-12T20:00:00Z,LINK/USDT,sell,23.38830000,15.20982935,0.35573205,USDT
2025-08-13T19:00:00Z,LINK/USDT,buy,23.75187000,14.85221892,0.35276797,USDT
2025-08-13T20:15:00Z,LINK/USDT,sell,23.62818000,14.85221892,0.35093090,USDT
2025-08-13T22:00:00Z,LINK/USDT,buy,24.00199500,14.73816629,0.35374539,USDT
2025-08-13T22:15:00Z,LINK/USDT,sell,23.90804000,14.73816629,0.35236067,USDT
2025-08-13T23:15:00Z,LINK/USDT,buy,24.02200500,14.70044519,0.35313417,USDT
2025-08-14T00:15:00Z,LINK/USDT,sell,23.93802500,14.70044519,0.35189962,USDT
2025-08-14T10:30:00Z,LINK/USDT,buy,23.54176500,14.94968188,0.35194190,USDT
2025-08-14T10:30:00Z,LINK/USDT,stop_sell,23.36295554,14.94968188,0.34926875,USDT
2025-08-14T17:45:00Z,LINK/USDT,buy,22.40119500,15.69079611,0.35149258,USDT
2025-08-14T18:00:00Z,LINK/USDT,sell,22.34882000,15.69079611,0.35067078,USDT
2025-08-15T01:15:00Z,LINK/USDT,buy,22.21110000,15.76972833,0.35026301,USDT
2025-08-15T04:30:00Z,LINK/USDT,sell,22.52873000,15.76972833,0.35527195,USDT
2025-08-15T04:45:00Z,LINK/USDT,buy,22.47123000,15.65882221,0.35187300,USDT
2025-08-15T08:15:00Z,LINK/USDT,sell,22.54872000,15.65882221,0.35308640,USDT
2025-08-15T22:00:00Z,LINK/USDT,buy,21.62080500,16.28329112,0.35205786,USDT
2025-08-15T22:15:00Z,LINK/USDT,sell,21.59919500,16.28329112,0.35170598,USDT
2025-08-15T22:45:00Z,LINK/USDT,buy,21.83091000,16.17469615,0.35310834,USDT
2025-08-16T03:45:00Z,LINK/USDT,sell,21.81908500,16.17469615,0.35291707,USDT
2025-08-16T04:15:00Z,LINK/USDT,buy,21.82090500,16.14174011,0.35222738,USDT
2025-08-16T04:30:00Z,LINK/USDT,sell,21.79909500,16.14174011,0.35187533,USDT
2025-08-16T15:00:00Z,LINK/USDT,buy,22.03101000,15.99849362,0.35246297,USDT
2025-08-17T00:15:00Z,LINK/USDT,sell,22.58870000,15.99849362,0.36138517,USDT
2025-08-17T08:15:00Z,LINK/USDT,buy,24.23211000,14.53518251,0.35221814,USDT
2025-08-17T19:45:00Z,LINK/USDT,sell,25.46726000,14.53518251,0.37017127,USDT
2025-08-18T00:30:00Z,LINK/USDT,buy,25.65282000,13.80662976,0.35417899,USDT
2025-08-18T01:30:00Z,LINK/USDT,sell,25.62718000,13.80662976,0.35382499,USDT
2025-08-18T01:45:00Z,LINK/USDT,buy,25.77288000,13.76038206,0.35464468,USDT
2025-08-18T02:15:00Z,LINK/USDT,stop_sell,25.42014071,13.76038206,0.34979085,USDT
2025-08-18T07:45:00Z,LINK/USDT,buy,24.93246000,14.2013807,0.35407536,USDT
2025-08-18T08:00:00Z,LINK/USDT,sell,24.68765000,14.2013807,0.35059872,USDT
2025-08-18T08:15:00Z,LINK/USDT,buy,24.83241000,14.29707937,0.35503094,USDT
2025-08-18T08:30:00Z,LINK/USDT,sell,24.73762500,14.29707937,0.35367579,USDT
2025-08-18T09:45:00Z,LINK/USDT,buy,24.93246000,14.19842124,0.35400157,USDT
2025-08-18T11:45:00Z,LINK/USDT,stop_sell,24.52773000,14.19842124,0.34825504,USDT
2025-08-18T12:15:00Z,LINK/USDT,buy,24.83241000,14.2005177,0.35263308,USDT
2025-08-18T17:00:00Z,LINK/USDT,sell,24.95751500,14.2005177,0.35440963,USDT
2025-08-18T17:15:00Z,LINK/USDT,buy,25.13256000,14.04551435,0.35299973,USDT
2025-08-18T17:45:00Z,LINK/USDT,sell,25.40729000,14.04551435,0.35685846,USDT
2025-08-18T19:45:00Z,LINK/USDT,buy,25.38268500,13.89501062,0.35269268,USDT
2025-08-18T20:30:00Z,LINK/USDT,sell,25.30734000,13.89501062,0.35164576,USDT
2025-08-18T22:00:00Z,LINK/USDT,buy,25.80289500,13.64232955,0.35201160,USDT
2025-08-19T00:15:00Z,LINK/USDT,stop_sell,25.49010571,13.64232955,0.34774442,USDT
2025-08-19T01:00:00Z,LINK/USDT,buy,25.63281000,13.75466085,0.35257061,USDT
2025-08-19T01:15:00Z,LINK/USDT,sell,25.40729000,13.75466085,0.34946866,USDT
2025-08-19T15:30:00Z,LINK/USDT,buy,24.56227500,14.30701404,0.35141281,USDT
2025-08-19T16:00:00Z,LINK/USDT,sell,24.28785000,14.30701404,0.34748661,USDT
2025-08-20T07:30:00Z,LINK/USDT,buy,24.67233000,14.17100109,0.34963162,USDT
2025-08-20T07:45:00Z,LINK/USDT,stop_sell,24.51773500,14.17100109,0.34744085,USDT
2025-08-20T08:00:00Z,LINK/USDT,buy,24.50224500,14.37020491,0.35210228,USDT
2025-08-20T11:45:00Z,LINK/USDT,sell,24.48775000,14.37020491,0.35189399,USDT
2025-08-20T12:00:00Z,LINK/USDT,buy,24.93246000,14.11891184,0.35201920,USDT
2025-08-20T13:45:00Z,LINK/USDT,sell,24.84757000,14.11891184,0.35082065,USDT
2025-08-20T14:30:00Z,LINK/USDT,buy,25.03251000,13.9891002,0.35018229,USDT
2025-08-20T20:30:00Z,LINK/USDT,sell,26.21688500,13.9891002,0.36675063,USDT
2025-08-20T20:45:00Z,LINK/USDT,buy,26.38318500,13.36346332,0.35257073,USDT
2025-08-21T01:15:00Z,LINK/USDT,sell,26.24687000,13.36346332,0.35074908,USDT
2025-08-21T08:45:00Z,LINK/USDT,buy,25.73286000,13.6720703,0.35182147,USDT
2025-08-21T09:30:00Z,LINK/USDT,sell,25.80709000,13.6720703,0.35283635,USDT
2025-08-21T09:45:00Z,LINK/USDT,buy,26.26312500,13.42291724,0.35252775,USDT
2025-08-21T10:00:00Z,LINK/USDT,stop_sell,26.01591411,13.42291724,0.34920946,USDT
2025-08-21T10:15:00Z,LINK/USDT,buy,26.05302000,13.47227206,0.35099337,USDT
2025-08-21T12:45:00Z,LINK/USDT,stop_sell,25.84350036,13.47227206,0.34817067,USDT
2025-08-21T13:15:00Z,LINK/USDT,buy,25.83291000,13.57059038,0.35056784,USDT
2025-08-21T14:30:00Z,LINK/USDT,sell,25.80709000,13.57059038,0.35021745,USDT
2025-08-21T21:45:00Z,LINK/USDT,buy,24.90244500,14.10633637,0.35128227,USDT
2025-08-21T22:15:00Z,LINK/USDT,sell,24.93752500,14.10633637,0.35177712,USDT
2025-08-22T00:15:00Z,LINK/USDT,buy,24.92245500,14.11133062,0.35168900,USDT
2025-08-22T01:00:00Z,LINK/USDT,sell,24.84757000,14.11133062,0.35063228,USDT
2025-08-22T07:30:00Z,LINK/USDT,buy,24.93246000,14.07178702,0.35084427,USDT
2025-08-22T09:15:00Z,LINK/USDT,sell,24.90754000,14.07178702,0.35049360,USDT
2025-08-22T09:45:00Z,LINK/USDT,buy,24.93246000,14.15343921,0.35288006,USDT
2025-08-22T10:45:00Z,LINK/USDT,sell,24.70764000,14.15343921,0.34969808,USDT
2025-08-22T14:15:00Z,LINK/USDT,buy,26.58328500,13.30468525,0.35368224,USDT
2025-08-22T14:15:00Z,LINK/USDT,stop_sell,25.85385232,13.30468525,0.34397737,USDT
2025-08-23T13:15:00Z,LINK/USDT,buy,25.81290000,13.57678924,0.35045630,USDT
2025-08-24T00:30:00Z,LINK/USDT,sell,26.18690000,13.57678924,0.35553402,USDT
2025-08-24T01:00:00Z,LINK/USDT,buy,26.16307500,13.40325555,0.35067038,USDT
2025-08-24T01:00:00Z,LINK/USDT,stop_sell,26.05446625,13.40325555,0.34921467,USDT
2025-08-24T13:00:00Z,LINK/USDT,buy,25.62280500,13.66313124,0.35008775,USDT
2025-08-24T15:30:00Z,LINK/USDT,stop_sell,25.53936679,13.66313124,0.34894772,USDT
2025-08-24T15:45:00Z,LINK/USDT,buy,25.53276000,13.72161285,0.35035065,USDT
2025-08-24T19:30:00Z,LINK/USDT,stop_sell,25.34767696,13.72161285,0.34781101,USDT
2025-08-24T20:00:00Z,LINK/USDT,buy,26.11305000,13.44798371,0.35116787,USDT
2025-08-24T20:00:00Z,LINK/USDT,stop_sell,25.62253946,13.44798371,0.34457149,USDT
2025-08-24T20:30:00Z,LINK/USDT,buy,25.86292500,13.52431927,0.34977845,USDT
2025-08-24T21:00:00Z,LINK/USDT,stop_sell,25.34589214,13.52431927,0.34278594,USDT
2025-08-24T21:15:00Z,LINK/USDT,buy,25.97298000,13.40708805,0.34822203,USDT
2025-08-24T22:30:00Z,LINK/USDT,sell,25.75711500,13.40708805,0.34532791,USDT
2025-08-24T23:00:00Z,LINK/USDT,buy,26.05302000,13.34986002,0.34780417,USDT
2025-08-24T23:15:00Z,LINK/USDT,sell,25.98700000,13.34986002,0.34692281,USDT
2025-08-25T05:30:00Z,LINK/USDT,buy,25.83291000,13.43252062,0.34700110,USDT
2025-08-25T06:30:00Z,LINK/USDT,stop_sell,25.71249446,13.43252062,0.34538361,USDT
2025-08-26T02:15:00Z,LINK/USDT,buy,23.53176000,14.73837723,0.34681996,USDT
2025-08-26T02:30:00Z,LINK/USDT,stop_sell,23.30834000,14.73837723,0.34352711,USDT
2025-08-26T11:15:00Z,LINK/USDT,buy,23.55177000,14.7062078,0.34635722,USDT
2025-08-26T11:15:00Z,LINK/USDT,stop_sell,23.44969786,14.7062078,0.34485613,USDT
2025-08-26T11:45:00Z,LINK/USDT,buy,23.53176000,14.83680879,0.34913622,USDT
2025-08-26T17:45:00Z,LINK/USDT,sell,23.98800000,14.83680879,0.35590537,USDT
2025-08-26T18:00:00Z,LINK/USDT,buy,24.10204500,14.50464826,0.34959169,USDT
2025-08-26T19:15:00Z,LINK/USDT,sell,24.18790000,14.50464826,0.35083698,USDT
2025-08-26T23:15:00Z,LINK/USDT,buy,24.63231000,14.07825102,0.34677984,USDT
2025-08-26T23:15:00Z,LINK/USDT,stop_sell,24.56771000,14.07825102,0.34587039,USDT
2025-08-26T23:45:00Z,LINK/USDT,buy,24.40219500,14.26924884,0.34820099,USDT
2025-08-27T00:15:00Z,LINK/USDT,sell,24.43777500,14.26924884,0.34870869,USDT
2025-08-27T10:00:00Z,LINK/USDT,buy,24.53226000,14.2510992,0.34961167,USDT
2025-08-27T11:15:00Z,LINK/USDT,stop_sell,24.26786000,14.2510992,0.34584368,USDT
2025-08-27T11:30:00Z,LINK/USDT,buy,24.33216000,14.31856535,0.34840162,USDT
2025-08-27T13:00:00Z,LINK/USDT,sell,24.20789000,14.31856535,0.34662225,USDT
2025-08-28T13:45:00Z,LINK/USDT,buy,24.54226500,14.17034321,0.34777232,USDT
2025-08-28T18:45:00Z,LINK/USDT,sell,25.00749000,14.17034321,0.35436472,USDT
2025-08-28T20:45:00Z,LINK/USDT,buy,24.65232000,14.05769844,0.34655488,USDT
2025-08-28T21:00:00Z,LINK/USDT,sell,24.65766500,14.05769844,0.34663002,USDT
2025-08-28T22:00:00Z,LINK/USDT,buy,24.87243000,13.98225855,0.34777275,USDT
2025-08-28T22:15:00Z,LINK/USDT,sell,25.00749000,13.98225855,0.34966119,USDT
2025-08-29T13:15:00Z,LINK/USDT,buy,23.63181000,14.71348302,0.34770624,USDT
2025-08-29T13:30:00Z,LINK/USDT,stop_sell,23.49253357,14.71348302,0.34565699,USDT
2025-08-29T15:30:00Z,LINK/USDT,buy,23.53176000,14.76664395,0.34748512,USDT
2025-08-29T17:00:00Z,LINK/USDT,sell,23.47825500,14.76664395,0.34669503,USDT
2025-08-29T19:00:00Z,LINK/USDT,buy,23.33166000,14.99722707,0.34991020,USDT
2025-08-29T19:15:00Z,LINK/USDT,sell,23.36831000,14.99722707,0.35045985,USDT
2025-08-29T23:45:00Z,LINK/USDT,buy,23.48173500,14.81771806,0.34794573,USDT
2025-08-30T00:30:00Z,LINK/USDT,stop_sell,23.36902393,14.81771806,0.34627561,USDT
2025-08-30T08:30:00Z,LINK/USDT,buy,23.33166000,14.83494955,0.34612400,USDT
2025-08-30T08:30:00Z,LINK/USDT,stop_sell,23.30834000,14.83494955,0.34577805,USDT
2025-08-30T18:00:00Z,LINK/USDT,buy,23.36167500,14.87586681,0.34752517,USDT
2025-08-30T20:30:00Z,LINK/USDT,sell,23.28835000,14.87586681,0.34643439,USDT
2025-08-30T21:15:00Z,LINK/USDT,buy,23.43171000,14.82530792,0.34738232,USDT
2025-08-30T21:30:00Z,LINK/USDT,stop_sell,23.36831000,14.82530792,0.34644239,USDT
2025-08-30T22:30:00Z,LINK/USDT,buy,23.44171500,14.83239366,0.34769674,USDT
2025-08-31T05:45:00Z,LINK/USDT,sell,23.73812500,14.83239366,0.35209321,USDT
2025-08-31T06:00:00Z,LINK/USDT,buy,23.83191000,14.62626299,0.34857178,USDT
2025-08-31T06:45:00Z,LINK/USDT,sell,23.70814000,14.62626299,0.34676149,USDT
2025-08-31T07:45:00Z,LINK/USDT,buy,23.77188000,14.6116707,0.34734688,USDT
2025-08-31T08:00:00Z,LINK/USDT,sell,23.74812000,14.6116707,0.34699971,USDT
2025-08-31T10:15:00Z,LINK/USDT,buy,23.66182500,14.63896981,0.34638474,USDT
2025-08-31T10:15:00Z,LINK/USDT,stop_sell,23.63817500,14.63896981,0.34603853,USDT
2025-08-31T11:30:00Z,LINK/USDT,buy,23.77188000,14.60466681,0.34718039,USDT
2025-08-31T12:30:00Z,LINK/USDT,sell,23.80809000,14.60466681,0.34770922,USDT
2025-08-31T12:45:00Z,LINK/USDT,buy,23.80189500,14.58569143,0.34716710,USDT
2025-08-31T14:00:00Z,LINK/USDT,stop_sell,23.71170964,14.58569143,0.34585168,USDT
2025-08-31T15:15:00Z,LINK/USDT,buy,23.77188000,14.5973453,0.34700634,USDT
2025-08-31T16:15:00Z,LINK/USDT,sell,23.63817500,14.5973453,0.34505460,USDT
2025-09-01T08:30:00Z,LINK/USDT,buy,23.61180000,14.72478422,0.34767866,USDT
2025-09-01T10:30:00Z,LINK/USDT,stop_sell,23.34510732,14.72478422,0.34375167,USDT
2025-09-01T10:45:00Z,LINK/USDT,buy,23.34166500,14.84148936,0.34642507,USDT
2025-09-01T12:15:00Z,LINK/USDT,sell,23.21838500,14.84148936,0.34459541,USDT
2025-09-02T01:30:00Z,LINK/USDT,buy,22.55127000,15.44178011,0.34823175,USDT
2025-09-02T08:30:00Z,LINK/USDT,sell,23.30834000,15.44178011,0.35992226,USDT
2025-09-02T08:45:00Z,LINK/USDT,buy,23.43171000,14.84505266,0.34784497,USDT
2025-09-02T10:15:00Z,LINK/USDT,sell,23.34832000,14.84505266,0.34660704,USDT
2025-09-02T14:00:00Z,LINK/USDT,buy,23.43171000,14.83209111,0.34754126,USDT
2025-09-02T14:15:00Z,LINK/USDT,sell,23.18840000,14.83209111,0.34393246,USDT
2025-09-03T02:00:00Z,LINK/USDT,buy,23.53176000,14.74171356,0.34689847,USDT
2025-09-03T02:45:00Z,LINK/USDT,sell,23.44827000,14.74171356,0.34566768,USDT
2025-09-03T06:00:00Z,LINK/USDT,buy,23.32165500,14.85527244,0.34644954,USDT
2025-09-03T06:45:00Z,LINK/USDT,sell,23.29834500,14.85527244,0.34610326,USDT
2025-09-03T10:00:00Z,LINK/USDT,buy,23.44171500,14.78195107,0.34651428,USDT
2025-09-03T15:00:00Z,LINK/USDT,sell,23.70814000,14.78195107,0.35045257,USDT
2025-09-03T15:30:00Z,LINK/USDT,buy,23.68183500,14.62442378,0.34633319,USDT
2025-09-03T17:30:00Z,LINK/USDT,stop_sell,23.55178964,14.62442378,0.34443135,USDT
2025-09-03T17:45:00Z,LINK/USDT,buy,23.73186000,14.57260905,0.34583512,USDT
2025-09-03T18:30:00Z,LINK/USDT,sell,23.71813500,14.57260905,0.34563511,USDT
2025-09-03T18:45:00Z,LINK/USDT,buy,23.66182500,14.6311865,0.34620057,USDT
2025-09-03T19:30:00Z,LINK/USDT,sell,23.63817500,14.6311865,0.34585455,USDT
2025-09-03T20:00:00Z,LINK/USDT,buy,23.88193500,14.51114575,0.34655424,USDT
2025-09-03T20:30:00Z,LINK/USDT,sell,23.74812000,14.51114575,0.34461243,USDT
2025-09-03T21:45:00Z,LINK/USDT,buy,23.81190000,14.53278101,0.34605313,USDT
2025-09-03T22:30:00Z,LINK/USDT,sell,23.73812500,14.53278101,0.34498097,USDT
2025-09-03T22:45:00Z,LINK/USDT,buy,23.76187500,14.55743717,0.34591200,USDT
2025-09-03T23:45:00Z,LINK/USDT,sell,23.69814500,14.55743717,0.34498426,USDT
2025-09-04T00:00:00Z,LINK/USDT,buy,23.72185500,14.57653486,0.34578245,USDT
2025-09-04T00:45:00Z,LINK/USDT,sell,23.81808500,14.57653486,0.34718515,USDT
2025-09-05T04:30:00Z,LINK/USDT,buy,22.48123500,15.38346329,0.34583925,USDT
2025-09-05T11:00:00Z,LINK/USDT,sell,22.76861000,15.38346329,0.35026008,USDT
2025-09-05T11:15:00Z,LINK/USDT,buy,22.78138500,15.19386904,0.34613738,USDT
2025-09-05T12:00:00Z,LINK/USDT,sell,22.76861000,15.19386904,0.34594328,USDT
2025-09-05T13:00:00Z,LINK/USDT,buy,23.17158000,14.96079167,0.34666518,USDT
2025-09-05T13:30:00Z,LINK/USDT,stop_sell,22.99385446,14.96079167,0.34400627,USDT
2025-09-05T19:15:00Z,LINK/USDT,buy,22.42120500,15.45040396,0.34641667,USDT
2025-09-05T20:15:00Z,LINK/USDT,sell,22.36881000,15.45040396,0.34560715,USDT
2025-09-05T20:30:00Z,LINK/USDT,buy,22.45122000,15.45194153,0.34691494,USDT
2025-09-05T21:15:00Z,LINK/USDT,stop_sell,22.26100679,15.45194153,0.34397578,USDT
2025-09-05T21:45:00Z,LINK/USDT,buy,22.37118000,15.43895386,0.34538762,USDT
2025-09-06T00:00:00Z,LINK/USDT,sell,22.25886500,15.43895386,0.34365359,USDT
2025-09-06T01:15:00Z,LINK/USDT,buy,22.48123500,15.38212942,0.34580927,USDT
2025-09-06T01:45:00Z,LINK/USDT,sell,22.46876000,15.38212942,0.34561737,USDT
2025-09-06T02:00:00Z,LINK/USDT,buy,22.51125000,15.34477302,0.34543002,USDT
2025-09-06T02:30:00Z,LINK/USDT,stop_sell,22.39486839,15.34477302,0.34364417,USDT
2025-09-06T02:45:00Z,LINK/USDT,buy,22.49124000,15.3770073,0.34584796,USDT
2025-09-06T04:15:00Z,LINK/USDT,sell,22.32883000,15.3770073,0.34335058,USDT
2025-09-06T10:45:00Z,LINK/USDT,buy,22.23111000,15.49696704,0.34451478,USDT
2025-09-06T11:15:00Z,LINK/USDT,stop_sell,22.18568732,15.49696704,0.34381087,USDT
2025-09-06T11:30:00Z,LINK/USDT,buy,22.17108000,15.54089342,0.34455839,USDT
2025-09-06T13:45:00Z,LINK/USDT,sell,22.12893000,15.54089342,0.34390334,USDT
2025-09-06T14:15:00Z,LINK/USDT,buy,22.26112500,15.47320078,0.34445086,USDT
2025-09-06T15:00:00Z,LINK/USDT,stop_sell,22.14892000,15.47320078,0.34271469,USDT
2025-09-06T17:00:00Z,LINK/USDT,buy,22.23111000,15.47144112,0.34394731,USDT
2025-09-06T17:15:00Z,LINK/USDT,sell,22.11893500,15.47144112,0.34221180,USDT
2025-09-06T20:45:00Z,LINK/USDT,buy,22.07103000,15.58889923,0.34406306,USDT
2025-09-06T21:00:00Z,LINK/USDT,sell,22.00899000,15.58889923,0.34309593,USDT
2025-09-06T22:15:00Z,LINK/USDT,buy,22.18108500,15.50558292,0.34393065,USDT
2025-09-07T05:15:00Z,LINK/USDT,sell,22.38880000,15.50558292,0.34715139,USDT
2025-09-07T05:30:00Z,LINK/USDT,buy,22.41120000,15.35540831,0.34413313,USDT
2025-09-07T06:00:00Z,LINK/USDT,sell,22.37880500,15.35540831,0.34363569,USDT
2025-09-07T15:00:00Z,LINK/USDT,buy,22.40119500,15.3580317,0.34403826,USDT
2025-09-07T16:45:00Z,LINK/USDT,stop_sell,22.25886500,15.3580317,0.34185235,USDT
2025-09-07T18:00:00Z,LINK/USDT,buy,22.21110000,15.45128533,0.34319004,USDT
2025-09-07T18:30:00Z,LINK/USDT,sell,22.18890000,15.45128533,0.34284703,USDT
2025-09-08T04:45:00Z,LINK/USDT,buy,22.52125500,15.24198142,0.34326855,USDT
2025-09-08T05:30:00Z,LINK/USDT,sell,22.41878500,15.24198142,0.34170670,USDT
2025-09-08T06:30:00Z,LINK/USDT,buy,22.46122500,15.35664202,0.34492899,USDT
2025-09-08T07:30:00Z,LINK/USDT,sell,22.45876500,15.35664202,0.34489121,USDT
2025-09-08T10:15:00Z,LINK/USDT,buy,23.15157000,14.84932127,0.34378510,USDT
2025-09-08T11:00:00Z,LINK/USDT,stop_sell,22.99492536,14.84932127,0.34145903,USDT
2025-09-08T16:15:00Z,LINK/USDT,buy,23.18158500,14.77499582,0.34250782,USDT
2025-09-08T16:45:00Z,LINK/USDT,sell,23.08845000,14.77499582,0.34113175,USDT
2025-09-08T17:00:00Z,LINK/USDT,buy,23.11155000,14.83819239,0.34293363,USDT
2025-09-08T17:30:00Z,LINK/USDT,sell,23.10844000,14.83819239,0.34288748,USDT
2025-09-08T22:45:00Z,LINK/USDT,buy,23.11155000,14.83565854,0.34287506,USDT
2025-09-08T23:00:00Z,LINK/USDT,stop_sell,23.02848000,14.83565854,0.34164267,USDT
2025-09-08T23:15:00Z,LINK/USDT,buy,23.12155500,14.82902274,0.34287006,USDT
2025-09-08T23:30:00Z,LINK/USDT,stop_sell,23.00849000,14.82902274,0.34119342,USDT
2025-09-09T00:15:00Z,LINK/USDT,buy,23.14156500,14.80163608,0.34253302,USDT
2025-09-09T00:15:00Z,LINK/USDT,stop_sell,23.03633321,14.80163608,0.34097542,USDT
2025-09-09T00:30:00Z,LINK/USDT,buy,23.20159500,14.76199095,0.34250174,USDT
2025-09-09T00:30:00Z,LINK/USDT,stop_sell,23.07559929,14.76199095,0.34064179,USDT
2025-09-09T00:45:00Z,LINK/USDT,buy,23.19159000,14.82995764,0.34393030,USDT
2025-09-09T02:15:00Z,LINK/USDT,stop_sell,22.93959589,14.82995764,0.34019324,USDT
2025-09-09T04:00:00Z,LINK/USDT,buy,23.19159000,14.76343101,0.34238744,USDT
2025-09-09T05:45:00Z,LINK/USDT,sell,23.20839000,14.76343101,0.34263546,USDT
2025-09-09T06:15:00Z,LINK/USDT,buy,23.57178000,14.51735209,0.34219983,USDT
2025-09-09T11:00:00Z,LINK/USDT,sell,23.64817000,14.51735209,0.34330881,USDT
2025-09-09T12:30:00Z,LINK/USDT,buy,23.63181000,14.40861492,0.34050165,USDT
2025-09-09T12:30:00Z,LINK/USDT,stop_sell,23.60819000,14.40861492,0.34016132,USDT
2025-09-09T13:00:00Z,LINK/USDT,buy,23.66182500,14.4478083,0.34186151,USDT
2025-09-09T13:15:00Z,LINK/USDT,stop_sell,23.54714911,14.4478083,0.34020470,USDT
2025-09-09T22:30:00Z,LINK/USDT,buy,23.07153000,14.82220294,0.34197090,USDT
2025-09-10T00:15:00Z,LINK/USDT,stop_sell,22.97065179,14.82220294,0.34047566,USDT
2025-09-10T02:30:00Z,LINK/USDT,buy,23.32165500,14.68714893,0.34252862,USDT
2025-09-10T07:45:00Z,LINK/USDT,sell,23.40829000,14.68714893,0.34380104,USDT
2025-09-10T14:00:00Z,LINK/USDT,buy,23.87193000,14.36768638,0.34298440,USDT
2025-09-10T14:30:00Z,LINK/USDT,stop_sell,23.61318750,14.36768638,0.33926687,USDT
2025-09-10T14:45:00Z,LINK/USDT,buy,23.70184500,14.40136173,0.34133884,USDT
2025-09-10T15:00:00Z,LINK/USDT,sell,23.65816500,14.40136173,0.34070979,USDT
2025-09-11T03:00:00Z,LINK/USDT,buy,23.77188000,14.38478303,0.34195334,USDT
2025-09-11T06:00:00Z,LINK/USDT,sell,23.68815000,14.38478303,0.34074890,USDT
2025-09-11T06:30:00Z,LINK/USDT,buy,23.87193000,14.28199441,0.34093877,USDT
2025-09-11T09:15:00Z,LINK/USDT,sell,23.75811500,14.28199441,0.33931327,USDT
2025-09-11T10:15:00Z,LINK/USDT,buy,23.78188500,14.32830989,0.34075422,USDT
2025-09-11T10:45:00Z,LINK/USDT,stop_sell,23.71813500,14.32830989,0.33984079,USDT
2025-09-11T19:00:00Z,LINK/USDT,buy,23.83191000,14.29888299,0.34076969,USDT
2025-09-12T01:15:00Z,LINK/USDT,stop_sell,23.71884893,14.29888299,0.33915305,USDT
2025-09-12T01:30:00Z,LINK/USDT,buy,24.52225500,13.88301422,0.34044281,USDT
2025-09-12T02:00:00Z,LINK/USDT,sell,24.47775500,13.88301422,0.33982502,USDT
2025-09-12T02:15:00Z,LINK/USDT,buy,24.53226000,13.89011162,0.34075583,USDT
2025-09-12T08:00:00Z,LINK/USDT,sell,24.50774000,13.89011162,0.34041524,USDT
2025-09-12T16:45:00Z,LINK/USDT,buy,24.54226500,13.8359273,0.33956499,USDT
2025-09-13T00:45:00Z,LINK/USDT,sell,25.07745500,13.8359273,0.34696984,USDT
2025-09-13T01:00:00Z,LINK/USDT,buy,25.17258000,13.5869389,0.34201831,USDT
2025-09-13T01:45:00Z,LINK/USDT,sell,25.08745000,13.5869389,0.34086165,USDT
2025-09-13T02:30:00Z,LINK/USDT,buy,25.07253000,13.58648824,0.34064763,USDT
2025-09-13T03:00:00Z,LINK/USDT,sell,25.04747000,13.58648824,0.34030716,USDT
2025-09-13T03:45:00Z,LINK/USDT,buy,25.21260000,13.49705316,0.34029580,USDT
2025-09-13T05:00:00Z,LINK/USDT,stop_sell,25.10744000,13.49705316,0.33887645,USDT
2025-09-13T05:45:00Z,LINK/USDT,buy,25.06252500,13.56570171,0.33999074,USDT
2025-09-13T06:00:00Z,LINK/USDT,sell,25.04747000,13.56570171,0.33978651,USDT
2025-09-13T06:15:00Z,LINK/USDT,buy,25.16257500,13.51438531,0.34005673,USDT
2025-09-13T11:30:00Z,LINK/USDT,sell,25.20739000,13.51438531,0.34066238,USDT
2025-09-13T11:45:00Z,LINK/USDT,buy,25.30264500,13.48735418,0.34126573,USDT
2025-09-13T13:15:00Z,LINK/USDT,sell,25.30734000,13.48735418,0.34132906,USDT
2025-09-14T19:15:00Z,LINK/USDT,buy,24.18208500,14.07122593,0.34027158,USDT
2025-09-14T21:00:00Z,LINK/USDT,stop_sell,24.09044875,14.07122593,0.33898215,USDT
2025-09-14T21:30:00Z,LINK/USDT,buy,24.21210000,14.05889312,0.34039533,USDT
2025-09-14T22:15:00Z,LINK/USDT,sell,24.18790000,14.05889312,0.34005510,USDT
2025-09-15T00:15:00Z,LINK/USDT,buy,24.10204500,14.04970573,0.33862664,USDT
2025-09-15T01:00:00Z,LINK/USDT,sell,24.12793000,14.04970573,0.33899032,USDT
2025-09-15T02:00:00Z,LINK/USDT,buy,24.20209500,14.0719365,0.34057034,USDT
2025-09-15T02:30:00Z,LINK/USDT,sell,24.16791000,14.0719365,0.34008929,USDT
2025-09-15T04:15:00Z,LINK/USDT,buy,24.34216500,13.9754969,0.34019385,USDT
2025-09-15T06:30:00Z,LINK/USDT,stop_sell,24.19789500,13.9754969,0.33817761,USDT
2025-09-15T19:00:00Z,LINK/USDT,buy,23.33166000,14.5720498,0.33999011,USDT
2025-09-15T19:15:00Z,LINK/USDT,sell,23.30834000,14.5720498,0.33965029,USDT
2025-09-15T21:30:00Z,LINK/USDT,buy,23.62180500,14.37117712,0.33947314,USDT
2025-09-16T00:00:00Z,LINK/USDT,stop_sell,23.52251857,14.37117712,0.33804628,USDT
2025-09-16T00:15:00Z,LINK/USDT,buy,23.54176500,14.41899078,0.33944849,USDT
2025-09-16T01:45:00Z,LINK/USDT,sell,23.43827500,14.41899078,0.33795627,USDT
2025-09-16T09:15:00Z,LINK/USDT,buy,23.69184000,14.362782,0.34028073,USDT
2025-09-16T11:00:00Z,LINK/USDT,stop_sell,23.53608321,14.362782,0.33804363,USDT
2025-09-16T11:30:00Z,LINK/USDT,buy,23.58178500,14.3772613,0.33904148,USDT
2025-09-16T13:00:00Z,LINK/USDT,sell,23.59819500,14.3772613,0.33927742,USDT
2025-09-16T21:00:00Z,LINK/USDT,buy,23.57178000,14.38796849,0.33915003,USDT
2025-09-16T22:15:00Z,LINK/USDT,sell,23.57820500,14.38796849,0.33924247,USDT
2025-09-17T00:45:00Z,LINK/USDT,buy,23.53176000,14.40432746,0.33895918,USDT
2025-09-17T01:00:00Z,LINK/USDT,sell,23.52823000,14.40432746,0.33890833,USDT
2025-09-17T17:00:00Z,LINK/USDT,buy,23.09154000,14.70827116,0.33963663,USDT
2025-09-17T17:45:00Z,LINK/USDT,stop_sell,22.94138071,14.70827116,0.33742805,USDT
2025-09-17T18:30:00Z,LINK/USDT,buy,23.15157000,14.64103083,0.33896285,USDT
2025-09-17T18:30:00Z,LINK/USDT,stop_sell,22.90389946,14.64103083,0.33533670,USDT
2025-09-17T19:15:00Z,LINK/USDT,buy,23.22160500,14.58829149,0.33876354,USDT
2025-09-18T03:00:00Z,LINK/USDT,sell,24.00799000,14.58829149,0.35023556,USDT
2025-09-18T08:30:00Z,LINK/USDT,buy,24.14206500,14.05552396,0.33932937,USDT
2025-09-18T13:45:00Z,LINK/USDT,sell,24.11793500,14.05552396,0.33899021,USDT
2025-09-18T14:00:00Z,LINK/USDT,buy,24.34216500,13.94232166,0.33938629,USDT
2025-09-18T14:45:00Z,LINK/USDT,sell,24.32783000,13.94232166,0.33918643,USDT
2025-09-18T15:30:00Z,LINK/USDT,buy,24.47223000,13.85394786,0.33903700,USDT
2025-09-18T23:30:00Z,LINK/USDT,sell,24.60769000,13.85394786,0.34091365,USDT
2025-09-18T23:45:00Z,LINK/USDT,buy,24.68233500,13.72321057,0.33872088,USDT
2025-09-19T03:30:00Z,LINK/USDT,stop_sell,24.59448232,13.72321057,0.33751526,USDT
2025-09-19T08:00:00Z,LINK/USDT,buy,24.81240000,13.66180454,0.33898216,USDT
2025-09-19T08:45:00Z,LINK/USDT,stop_sell,24.61732804,13.66180454,0.33631712,USDT
2025-09-19T09:00:00Z,LINK/USDT,buy,24.68233500,13.7564212,0.33954060,USDT
2025-09-19T09:45:00Z,LINK/USDT,sell,24.40779000,13.7564212,0.33576384,USDT
2025-09-19T20:00:00Z,LINK/USDT,buy,23.46172500,14.41557378,0.33821423,USDT
2025-09-19T20:15:00Z,LINK/USDT,sell,23.45826500,14.41557378,0.33816435,USDT
2025-09-19T22:00:00Z,LINK/USDT,buy,23.55177000,14.36411471,0.33830033,USDT
2025-09-19T23:15:00Z,LINK/USDT,stop_sell,23.44827000,14.36411471,0.33681364,USDT
2025-09-20T00:45:00Z,LINK/USDT,buy,23.63181000,14.3081421,0.33812730,USDT
2025-09-20T01:30:00Z,LINK/USDT,sell,23.52823000,14.3081421,0.33664526,USDT
2025-09-20T15:15:00Z,LINK/USDT,buy,23.53176000,14.39223569,0.33867464,USDT
2025-09-20T16:15:00Z,LINK/USDT,stop_sell,23.31833500,14.39223569,0.33560297,USDT
2025-09-20T18:30:00Z,LINK/USDT,buy,23.27163000,14.4348202,0.33592179,USDT
2025-09-20T18:30:00Z,LINK/USDT,stop_sell,23.24837000,14.4348202,0.33558604,USDT
2025-09-20T21:15:00Z,LINK/USDT,buy,23.42170500,14.42520374,0.33786287,USDT
2025-09-20T22:00:00Z,LINK/USDT,sell,23.40829000,14.42520374,0.33766935,USDT
2025-09-20T22:15:00Z,LINK/USDT,buy,23.43171000,14.40375712,0.33750466,USDT
2025-09-20T22:45:00Z,LINK/USDT,stop_sell,23.34832000,14.40375712,0.33630353,USDT
2025-09-21T07:30:00Z,LINK/USDT,buy,23.34166500,14.45909077,0.33749925,USDT
2025-09-21T08:00:00Z,LINK/USDT,sell,23.31833500,14.45909077,0.33716192,USDT
2025-09-21T15:30:00Z,LINK/USDT,buy,23.05152000,14.58066771,0.33610655,USDT
2025-09-21T15:30:00Z,LINK/USDT,stop_sell,23.02848000,14.58066771,0.33577061,USDT
2025-09-21T20:45:00Z,LINK/USDT,buy,23.11155000,14.57718045,0.33690123,USDT
2025-09-21T21:15:00Z,LINK/USDT,stop_sell,23.05489536,14.57718045,0.33607537,USDT
2025-09-21T21:30:00Z,LINK/USDT,buy,23.06152500,14.60357628,0.33678074,USDT
2025-09-21T22:00:00Z,LINK/USDT,stop_sell,23.00849000,14.60357628,0.33600624,USDT
2025-09-22T11:00:00Z,LINK/USDT,buy,21.34066500,15.79684436,0.33711516,USDT
2025-09-22T11:45:00Z,LINK/USDT,sell,21.24937000,15.79684436,0.33567299,USDT
2025-09-22T12:30:00Z,LINK/USDT,buy,21.45072000,15.75934105,0.33804921,USDT
2025-09-22T13:45:00Z,LINK/USDT,sell,21.38930000,15.75934105,0.33708127,USDT
2025-09-22T14:00:00Z,LINK/USDT,buy,21.51075000,15.60705377,0.33571943,USDT
2025-09-22T14:45:00Z,LINK/USDT,stop_sell,21.41750018,15.60705377,0.33426408,USDT
2025-09-22T15:15:00Z,LINK/USDT,buy,21.34066500,15.7599837,0.33632853,USDT
2025-09-22T15:45:00Z,LINK/USDT,sell,21.25936500,15.7599837,0.33504725,USDT
2025-09-22T20:15:00Z,LINK/USDT,buy,21.37068000,15.73791382,0.33632992,USDT
2025-09-23T02:15:00Z,LINK/USDT,sell,21.44927000,15.73791382,0.33756676,USDT
2025-09-23T03:45:00Z,LINK/USDT,buy,21.56077500,15.52201639,0.33466670,USDT
2025-09-23T04:15:00Z,LINK/USDT,stop_sell,21.48925000,15.52201639,0.33355649,USDT
2025-09-23T06:00:00Z,LINK/USDT,buy,21.62080500,15.56575267,0.33654410,USDT
2025-09-23T06:15:00Z,LINK/USDT,sell,21.59919500,15.56575267,0.33620773,USDT
2025-09-23T07:15:00Z,LINK/USDT,buy,21.80089500,15.41917714,0.33615186,USDT
2025-09-23T08:30:00Z,LINK/USDT,sell,21.80909000,15.41917714,0.33627822,USDT
2025-09-23T11:00:00Z,LINK/USDT,buy,21.84091500,15.38892278,0.33610815,USDT
2025-09-23T11:15:00Z,LINK/USDT,stop_sell,21.70914000,15.38892278,0.33408028,USDT
2025-09-23T12:15:00Z,LINK/USDT,buy,21.89094000,15.34389119,0.33589220,USDT
2025-09-23T12:45:00Z,LINK/USDT,sell,21.86906000,15.34389119,0.33555648,USDT
2025-09-23T13:00:00Z,LINK/USDT,buy,21.87093000,15.35424361,0.33581159,USDT
2025-09-23T13:15:00Z,LINK/USDT,stop_sell,21.77410750,15.35424361,0.33432495,USDT
2025-09-23T13:45:00Z,LINK/USDT,buy,21.87093000,15.34635057,0.33563896,USDT
2025-09-23T17:00:00Z,LINK/USDT,sell,21.96901000,15.34635057,0.33714413,USDT
2025-09-23T17:30:00Z,LINK/USDT,buy,21.83091000,15.33536629,0.33478500,USDT
2025-09-23T17:30:00Z,LINK/USDT,stop_sell,21.77053786,15.33536629,0.33385917,USDT
2025-09-24T08:45:00Z,LINK/USDT,buy,21.69084000,15.4709528,0.33557796,USDT
2025-09-24T10:15:00Z,LINK/USDT,sell,21.64917000,15.4709528,0.33493329,USDT
2025-09-24T19:00:00Z,LINK/USDT,buy,21.86092500,15.32472769,0.33501272,USDT
2025-09-24T19:30:00Z,LINK/USDT,stop_sell,21.80909000,15.32472769,0.33421837,USDT
2025-09-24T20:00:00Z,LINK/USDT,buy,21.86092500,15.36150113,0.33581662,USDT
2025-09-24T20:30:00Z,LINK/USDT,sell,21.75911500,15.36150113,0.33425267,USDT
2025-09-25T14:30:00Z,LINK/USDT,buy,21.10054500,15.84717279,0.33438398,USDT
2025-09-25T15:00:00Z,LINK/USDT,stop_sell,20.88419554,15.84717279,0.33095546,USDT
2025-09-25T22:00:00Z,LINK/USDT,buy,20.41020000,16.47866684,0.33633289,USDT
2025-09-25T23:15:00Z,LINK/USDT,stop_sell,20.18418857,16.47866684,0.33260852,USDT
2025-09-26T01:00:00Z,LINK/USDT,buy,20.44021500,16.36467248,0.33449742,USDT
2025-09-26T05:45:00Z,LINK/USDT,sell,20.38980000,16.36467248,0.33367240,USDT
2025-09-26T13:45:00Z,LINK/USDT,buy,20.51025000,16.31888688,0.33470445,USDT
2025-09-26T22:15:00Z,LINK/USDT,sell,21.08945000,16.31888688,0.34415635,USDT
2025-09-26T22:30:00Z,LINK/USDT,buy,21.09054000,15.88769669,0.33508010,USDT
2025-09-26T22:45:00Z,LINK/USDT,sell,21.01948500,15.88769669,0.33395120,USDT
2025-09-27T04:45:00Z,LINK/USDT,buy,21.04051500,15.85079601,0.33350891,USDT
2025-09-27T04:45:00Z,LINK/USDT,stop_sell,21.01948500,15.85079601,0.33317557,USDT
2025-09-27T05:00:00Z,LINK/USDT,buy,21.01050000,15.9148269,0.33437847,USDT
2025-09-27T05:15:00Z,LINK/USDT,sell,20.98950000,15.9148269,0.33404426,USDT
2025-09-27T10:15:00Z,LINK/USDT,buy,21.00049500,15.92615892,0.33445722,USDT
2025-09-27T10:30:00Z,LINK/USDT,sell,20.96951000,15.92615892,0.33396375,USDT
2025-09-27T10:45:00Z,LINK/USDT,buy,21.07053000,15.88393388,0.33468291,USDT
2025-09-27T12:00:00Z,LINK/USDT,stop_sell,20.94952000,15.88393388,0.33276079,USDT
2025-09-27T13:00:00Z,LINK/USDT,buy,20.95047000,15.97269387,0.33463544,USDT
2025-09-27T13:15:00Z,LINK/USDT,sell,20.91953500,15.97269387,0.33414133,USDT
2025-09-27T22:15:00Z,LINK/USDT,buy,21.01050000,15.94539367,0.33502069,USDT
2025-09-28T00:00:00Z,LINK/USDT,stop_sell,20.88955000,15.94539367,0.33309210,USDT
2025-09-28T00:30:00Z,LINK/USDT,buy,20.96047500,15.95070271,0.33433431,USDT
2025-09-28T00:30:00Z,LINK/USDT,stop_sell,20.86206375,15.95070271,0.33276458,USDT
2025-09-28T07:45:00Z,LINK/USDT,buy,20.72035500,16.11920659,0.33399568,USDT
2025-09-28T08:00:00Z,LINK/USDT,sell,20.69964500,16.11920659,0.33366185,USDT
2025-09-28T08:30:00Z,LINK/USDT,buy,20.72035500,16.11533798,0.33391552,USDT
2025-09-28T09:00:00Z,LINK/USDT,stop_sell,20.61968500,16.11533798,0.33229319,USDT
2025-09-28T14:00:00Z,LINK/USDT,buy,20.78038500,16.0599695,0.33373235,USDT
2025-09-29T01:15:00Z,LINK/USDT,sell,21.48925000,16.0599695,0.34511670,USDT
2025-09-29T01:30:00Z,LINK/USDT,buy,21.52075500,15.54728064,0.33458922,USDT
2025-09-29T02:00:00Z,LINK/USDT,sell,21.45926500,15.54728064,0.33363322,USDT
2025-09-29T19:15:00Z,LINK/USDT,buy,21.61080000,15.49082802,0.33476919,USDT
2025-09-29T19:45:00Z,LINK/USDT,sell,21.60919000,15.49082802,0.33474425,USDT
2025-09-29T20:00:00Z,LINK/USDT,buy,21.68083500,15.39550955,0.33378750,USDT
2025-09-30T00:15:00Z,LINK/USDT,stop_sell,21.61347357,15.39550955,0.33275044,USDT
2025-09-30T06:45:00Z,LINK/USDT,buy,21.64081500,15.44614999,0.33426727,USDT
2025-09-30T07:00:00Z,LINK/USDT,stop_sell,21.51923500,15.44614999,0.33238933,USDT
2025-09-30T13:30:00Z,LINK/USDT,buy,21.36067500,15.57353807,0.33266129,USDT
2025-09-30T13:30:00Z,LINK/USDT,stop_sell,21.32968696,15.57353807,0.33217869,USDT
2025-09-30T14:00:00Z,LINK/USDT,buy,21.37068000,15.64221469,0.33428476,USDT
2025-09-30T14:15:00Z,LINK/USDT,stop_sell,21.20189375,15.64221469,0.33164457,USDT
2025-09-30T14:45:00Z,LINK/USDT,buy,21.27063000,15.66652757,0.33323691,USDT
2025-09-30T15:00:00Z,LINK/USDT,sell,21.14942000,15.66652757,0.33133797,USDT
2025-09-30T19:45:00Z,LINK/USDT,buy,21.41070000,15.62021044,0.33443964,USDT
2025-10-01T00:15:00Z,LINK/USDT,sell,21.27935500,15.62021044,0.33238800,USDT
2025-10-01T05:15:00Z,LINK/USDT,buy,21.30064500,15.59540326,0.33219215,USDT
2025-10-01T06:30:00Z,LINK/USDT,sell,21.23937500,15.59540326,0.33123662,USDT
2025-10-01T09:15:00Z,LINK/USDT,buy,22.10104500,14.97923063,0.33105665,USDT
2025-10-01T14:00:00Z,LINK/USDT,sell,22.25886500,14.97923063,0.33342067,USDT
2025-10-01T17:30:00Z,LINK/USDT,buy,22.46122500,14.89156283,0.33448274,USDT
2025-10-01T21:15:00Z,LINK/USDT,sell,22.33882500,14.89156283,0.33266002,USDT
2025-10-02T02:30:00Z,LINK/USDT,buy,22.71135000,14.64694549,0.33265191,USDT
2025-10-02T03:00:00Z,LINK/USDT,sell,22.77860500,14.64694549,0.33363699,USDT
2025-10-02T17:45:00Z,LINK/USDT,buy,22.66132500,14.70629745,0.33326419,USDT
2025-10-02T22:30:00Z,LINK/USDT,sell,22.72863000,14.70629745,0.33425399,USDT
2025-10-03T03:45:00Z,LINK/USDT,buy,22.80139500,14.66210292,0.33431640,USDT
2025-10-03T03:45:00Z,LINK/USDT,stop_sell,22.62475339,14.66210292,0.33172646,USDT
2025-10-03T17:15:00Z,LINK/USDT,buy,22.48123500,14.71543029,0.33082105,USDT
2025-10-03T17:30:00Z,LINK/USDT,sell,22.45876500,14.71543029,0.33049039,USDT
2025-10-03T20:00:00Z,LINK/USDT,buy,22.56127500,14.69891832,0.33162634,USDT
2025-10-03T20:15:00Z,LINK/USDT,sell,22.47875500,14.69891832,0.33041338,USDT
2025-10-03T22:00:00Z,LINK/USDT,buy,22.63131000,14.69878523,0.33265277,USDT
2025-10-03T23:30:00Z,LINK/USDT,stop_sell,22.53801107,14.69878523,0.33128138,USDT
2025-10-04T13:30:00Z,LINK/USDT,buy,22.07103000,15.1124919,0.33354826,USDT
2025-10-04T14:45:00Z,LINK/USDT,stop_sell,21.91260964,15.1124919,0.33115414,USDT
2025-10-04T15:00:00Z,LINK/USDT,buy,22.01100000,15.15650344,0.33360980,USDT
2025-10-04T15:15:00Z,LINK/USDT,stop_sell,21.80373554,15.15650344,0.33046839,USDT
2025-10-04T15:30:00Z,LINK/USDT,buy,21.86092500,15.17030415,0.33163688,USDT
2025-10-04T17:45:00Z,LINK/USDT,sell,21.89904500,15.17030415,0.33221517,USDT
2025-10-04T19:45:00Z,LINK/USDT,buy,21.99099000,15.0940722,0.33193359,USDT
2025-10-04T22:00:00Z,LINK/USDT,sell,22.04897000,15.0940722,0.33280875,USDT
2025-10-04T22:15:00Z,LINK/USDT,buy,22.06102500,15.04009701,0.33179996,USDT
2025-10-05T00:45:00Z,LINK/USDT,stop_sell,21.99899500,15.04009701,0.33086702,USDT
2025-10-05T01:15:00Z,LINK/USDT,buy,22.09104000,15.02749849,0.33197307,USDT
2025-10-05T02:15:00Z,LINK/USDT,sell,22.11893500,15.02749849,0.33239226,USDT
2025-10-05T03:45:00Z,LINK/USDT,buy,22.41120000,14.77226182,0.33106411,USDT
2025-10-05T03:45:00Z,LINK/USDT,stop_sell,22.31348054,14.77226182,0.32962058,USDT
2025-10-05T10:15:00Z,LINK/USDT,buy,22.64131500,14.65379929,0.33178129,USDT
2025-10-05T11:15:00Z,LINK/USDT,sell,22.49874500,14.65379929,0.32969209,USDT
2025-10-05T17:30:00Z,LINK/USDT,buy,22.48123500,14.6700127,0.32980000,USDT
2025-10-05T17:45:00Z,LINK/USDT,sell,22.36881000,14.6700127,0.32815073,USDT
2025-10-06T08:15:00Z,LINK/USDT,buy,22.04101500,15.0278851,0.33122984,USDT
2025-10-07T00:15:00Z,LINK/USDT,sell,23.34832000,15.0278851,0.35087587,USDT
2025-10-07T01:15:00Z,LINK/USDT,buy,23.57178000,14.08646432,0.33204304,USDT
2025-10-07T01:15:00Z,LINK/USDT,stop_sell,23.47290054,14.08646432,0.33065018,USDT
2025-10-07T01:45:00Z,LINK/USDT,buy,23.63181000,14.07949929,0.33272405,USDT
2025-10-07T02:30:00Z,LINK/USDT,stop_sell,23.41828500,14.07949929,0.32971773,USDT
2025-10-07T02:45:00Z,LINK/USDT,buy,23.45172000,14.1811903,0.33257330,USDT
2025-10-07T03:00:00Z,LINK/USDT,sell,23.43827500,14.1811903,0.33238264,USDT
2025-10-07T04:45:00Z,LINK/USDT,buy,23.52175500,14.14806251,0.33278726,USDT
2025-10-07T06:00:00Z,LINK/USDT,sell,23.38830000,14.14806251,0.33089913,USDT
2025-10-07T14:00:00Z,LINK/USDT,buy,22.73136000,14.60611275,0.33201681,USDT
2025-10-07T14:00:00Z,LINK/USDT,stop_sell,22.57049482,14.60611275,0.32966719,USDT
2025-10-07T20:30:00Z,LINK/USDT,buy,22.10104500,15.05949036,0.33283047,USDT
2025-10-07T21:30:00Z,LINK/USDT,sell,22.07895500,15.05949036,0.33249781,USDT
2025-10-08T02:30:00Z,LINK/USDT,buy,22.14106500,14.98780011,0.33184586,USDT
2025-10-08T02:30:00Z,LINK/USDT,stop_sell,21.99114179,14.98780011,0.32959884,USDT
2025-10-08T04:45:00Z,LINK/USDT,buy,21.93096000,15.11393528,0.33146311,USDT
2025-10-08T05:15:00Z,LINK/USDT,stop_sell,21.79980893,15.11393528,0.32948090,USDT
2025-10-08T08:15:00Z,LINK/USDT,buy,21.95097000,15.10428874,0.33155379,USDT
2025-10-08T09:00:00Z,LINK/USDT,sell,21.99899500,15.10428874,0.33227917,USDT
2025-10-08T10:45:00Z,LINK/USDT,buy,22.00099500,15.0564317,0.33125648,USDT
2025-10-08T12:30:00Z,LINK/USDT,sell,21.97900500,15.0564317,0.33092539,USDT
2025-10-08T13:00:00Z,LINK/USDT,buy,22.14106500,14.98467502,0.33177666,USDT
2025-10-08T13:15:00Z,LINK/USDT,stop_sell,22.01470143,14.98467502,0.32988315,USDT
2025-10-08T14:00:00Z,LINK/USDT,buy,22.14106500,14.94835324,0.33097246,USDT
2025-10-08T14:30:00Z,LINK/USDT,stop_sell,22.02255464,14.94835324,0.32920093,USDT
2025-10-08T14:45:00Z,LINK/USDT,buy,22.03101000,15.01419258,0.33077783,USDT
2025-10-08T15:00:00Z,LINK/USDT,sell,21.93902500,15.01419258,0.32939675,USDT
2025-10-08T15:30:00Z,LINK/USDT,buy,22.01100000,14.95922228,0.32926744,USDT
2025-10-08T15:45:00Z,LINK/USDT,sell,21.96901000,14.95922228,0.32863930,USDT
2025-10-09T00:15:00Z,LINK/USDT,buy,22.56127500,14.58482722,0.32905230,USDT
2025-10-09T00:15:00Z,LINK/USDT,stop_sell,22.53872500,14.58482722,0.32872341,USDT
2025-10-09T00:30:00Z,LINK/USDT,buy,22.58128500,14.62654577,0.33028620,USDT
2025-10-09T00:30:00Z,LINK/USDT,stop_sell,22.50874000,14.62654577,0.32922512,USDT
2025-10-09T00:45:00Z,LINK/USDT,buy,22.58128500,14.61397769,0.33000240,USDT
2025-10-09T01:00:00Z,LINK/USDT,stop_sell,22.51766411,14.61397769,0.32907264,USDT
2025-10-09T18:30:00Z,LINK/USDT,buy,21.85092000,15.08238801,0.32956405,USDT
2025-10-09T19:45:00Z,LINK/USDT,stop_sell,21.70914000,15.08238801,0.32742567,USDT
2025-10-09T20:00:00Z,LINK/USDT,buy,21.72085500,15.19018977,0.32994391,USDT
2025-10-09T22:00:00Z,LINK/USDT,sell,21.80909000,15.19018977,0.33128422,USDT
2025-10-09T22:15:00Z,LINK/USDT,buy,21.91095000,15.11610203,0.33120816,USDT
2025-10-10T08:15:00Z,LINK/USDT,sell,22.43877500,15.11610203,0.33918681,USDT
2025-10-10T09:15:00Z,LINK/USDT,buy,22.54126500,14.65268324,0.33029002,USDT
2025-10-10T10:45:00Z,LINK/USDT,sell,22.50874000,14.65268324,0.32981344,USDT
2025-10-11T02:15:00Z,LINK/USDT,buy,17.58879000,15.9380308,0.28033068,USDT
2025-10-11T02:45:00Z,LINK/USDT,sell,18.14092500,15.9380308,0.28913062,USDT
2025-10-11T03:00:00Z,LINK/USDT,buy,18.01900500,18.23611632,0.32859667,USDT
2025-10-11T03:15:00Z,LINK/USDT,sell,17.66116500,18.23611632,0.32207106,USDT
2025-10-11T04:00:00Z,LINK/USDT,buy,17.49874500,18.85909868,0.33001056,USDT
2025-10-11T04:15:00Z,LINK/USDT,sell,17.60119500,18.85909868,0.33194267,USDT
2025-10-11T06:15:00Z,LINK/USDT,buy,17.72886000,18.66250829,0.33086500,USDT
2025-10-11T07:15:00Z,LINK/USDT,sell,17.74112500,18.66250829,0.33109389,USDT
2025-10-11T08:00:00Z,LINK/USDT,buy,17.72886000,18.60801671,0.32989892,USDT
2025-10-11T12:45:00Z,LINK/USDT,sell,17.94102500,18.60801671,0.33384689,USDT
2025-10-11T13:00:00Z,LINK/USDT,buy,17.69884500,18.48748545,0.32720714,USDT
2025-10-11T13:00:00Z,LINK/USDT,stop_sell,17.65509661,18.48748545,0.32639834,USDT
2025-10-11T16:00:00Z,LINK/USDT,buy,18.01900500,18.3680068,0.33097321,USDT
2025-10-11T16:45:00Z,LINK/USDT,sell,17.80109500,18.3680068,0.32697063,USDT
2025-10-11T17:15:00Z,LINK/USDT,buy,18.03901500,18.31676545,0.33041641,USDT
2025-10-11T19:00:00Z,LINK/USDT,stop_sell,17.76182893,18.31676545,0.32533925,USDT
2025-10-11T19:15:00Z,LINK/USDT,buy,17.68884000,18.65343034,0.32995754,USDT
2025-10-11T19:15:00Z,LINK/USDT,stop_sell,17.50410071,18.65343034,0.32651152,USDT
2025-10-12T01:30:00Z,LINK/USDT,buy,16.85842500,19.41452264,0.32729827,USDT
2025-10-12T02:00:00Z,LINK/USDT,stop_sell,16.77161000,19.41452264,0.32561280,USDT
2025-10-12T04:15:00Z,LINK/USDT,buy,17.25862500,19.16632006,0.33078433,USDT
2025-10-12T04:45:00Z,LINK/USDT,sell,17.30134500,19.16632006,0.33160312,USDT
2025-10-12T12:00:00Z,LINK/USDT,buy,17.46873000,18.87048083,0.32964333,USDT
2025-10-12T13:30:00Z,LINK/USDT,stop_sell,17.34489464,18.87048083,0.32730650,USDT
2025-10-12T14:00:00Z,LINK/USDT,buy,17.26863000,19.06433301,0.32921491,USDT
2025-10-12T14:15:00Z,LINK/USDT,sell,17.44127500,19.06433301,0.33250627,USDT
2025-10-12T15:00:00Z,LINK/USDT,buy,17.97898500,18.39445581,0.33071365,USDT
2025-10-12T21:00:00Z,LINK/USDT,sell,19.10044500,18.39445581,0.35134229,USDT
2025-10-13T03:30:00Z,LINK/USDT,buy,19.18959000,17.25007749,0.33102191,USDT
2025-10-13T04:00:00Z,LINK/USDT,sell,19.06046500,17.25007749,0.32879450,USDT
2025-10-13T04:15:00Z,LINK/USDT,buy,18.96948000,17.39218872,0.32992078,USDT
2025-10-13T04:30:00Z,LINK/USDT,sell,18.93053000,17.39218872,0.32924335,USDT
2025-10-13T05:00:00Z,LINK/USDT,buy,19.19959500,17.19659628,0.33016768,USDT
2025-10-13T11:15:00Z,LINK/USDT,stop_sell,19.01227482,17.19659628,0.32694641,USDT
2025-10-13T14:45:00Z,LINK/USDT,buy,19.61980500,16.71940809,0.32803153,USDT
2025-10-13T15:00:00Z,LINK/USDT,sell,19.47026000,16.71940809,0.32553122,USDT
2025-10-13T15:30:00Z,LINK/USDT,buy,19.69984500,16.67286511,0.32845286,USDT
2025-10-13T19:30:00Z,LINK/USDT,sell,19.97001000,16.67286511,0.33295728,USDT
2025-10-14T11:30:00Z,LINK/USDT,buy,18.61930500,17.71799579,0.32989677,USDT
2025-10-14T11:45:00Z,LINK/USDT,sell,18.66066500,17.71799579,0.33062958,USDT
2025-10-14T15:15:00Z,LINK/USDT,buy,18.47923500,17.88138737,0.33043436,USDT
2025-10-14T19:45:00Z,LINK/USDT,sell,18.85057000,17.88138737,0.33707434,USDT
2025-10-14T23:15:00Z,LINK/USDT,buy,19.13956500,17.28944187,0.33091240,USDT
2025-10-14T23:45:00Z,LINK/USDT,sell,19.12043500,17.28944187,0.33058165,USDT
2025-10-15T00:15:00Z,LINK/USDT,buy,19.05952500,17.2852924,0.32944946,USDT
2025-10-15T00:15:00Z,LINK/USDT,stop_sell,19.04047500,17.2852924,0.32912018,USDT
2025-10-15T00:30:00Z,LINK/USDT,buy,19.03951500,17.37197137,0.33075391,USDT
2025-10-15T01:00:00Z,LINK/USDT,stop_sell,18.93802625,17.37197137,0.32899085,USDT
2025-10-15T05:15:00Z,LINK/USDT,buy,19.06953000,17.28006229,0.32952267,USDT
2025-10-15T05:45:00Z,LINK/USDT,sell,19.01049000,17.28006229,0.32850245,USDT
2025-10-15T22:00:00Z,LINK/USDT,buy,17.90895000,18.38867103,0.32932179,USDT
2025-10-15T22:45:00Z,LINK/USDT,sell,17.92103500,18.38867103,0.32954402,USDT
2025-10-16T02:00:00Z,LINK/USDT,buy,18.20910000,18.36627367,0.33443331,USDT
2025-10-16T03:15:00Z,LINK/USDT,sell,17.98100500,18.36627367,0.33024406,USDT
2025-10-16T04:30:00Z,LINK/USDT,buy,17.99899500,18.18287133,0.32727341,USDT
2025-10-16T04:30:00Z,LINK/USDT,stop_sell,17.98100500,18.18287133,0.32694630,USDT
2025-10-16T06:15:00Z,LINK/USDT,buy,18.06903000,18.25906864,0.32992366,USDT
2025-10-16T07:00:00Z,LINK/USDT,sell,18.05097000,18.25906864,0.32959390,USDT
2025-10-16T08:00:00Z,LINK/USDT,buy,18.06903000,18.25468646,0.32984448,USDT
2025-10-16T08:00:00Z,LINK/USDT,stop_sell,18.00385071,18.25468646,0.32865465,USDT
2025-10-16T09:45:00Z,LINK/USDT,buy,18.05902500,18.2768592,0.33006226,USDT
2025-10-16T15:00:00Z,LINK/USDT,sell,18.14092500,18.2768592,0.33155913,USDT
2025-10-17T01:00:00Z,LINK/USDT,buy,17.52876000,18.85575467,0.33051800,USDT
2025-10-17T02:15:00Z,LINK/USDT,stop_sell,17.39130000,18.85575467,0.32792609,USDT
2025-10-17T02:30:00Z,LINK/USDT,buy,17.41870500,18.916632,0.32950323,USDT
2025-10-17T04:15:00Z,LINK/USDT,sell,17.50124500,18.916632,0.33106461,USDT
2025-10-17T04:30:00Z,LINK/USDT,buy,17.51875500,18.81271434,0.32957533,USDT
2025-10-17T04:45:00Z,LINK/USDT,sell,17.50124500,18.81271434,0.32924592,USDT
2025-10-17T14:00:00Z,LINK/USDT,buy,16.42821000,19.73226899,0.32416586,USDT
2025-10-17T14:00:00Z,LINK/USDT,stop_sell,16.41179000,19.73226899,0.32384185,USDT
2025-10-17T15:00:00Z,LINK/USDT,buy,16.40820000,20.19962016,0.33143941,USDT
2025-10-17T16:45:00Z,LINK/USDT,sell,16.55172000,20.19962016,0.33433846,USDT
2025-10-17T23:00:00Z,LINK/USDT,buy,16.66833000,19.77385776,0.32959719,USDT
2025-10-17T23:15:00Z,LINK/USDT,stop_sell,16.59170000,19.77385776,0.32808192,USDT
2025-10-17T23:30:00Z,LINK/USDT,buy,16.59829500,19.82291597,0.32902661,USDT
2025-10-17T23:30:00Z,LINK/USDT,stop_sell,16.55778839,19.82291597,0.32822365,USDT
2025-10-17T23:45:00Z,LINK/USDT,buy,16.61830500,19.82782034,0.32950477,USDT
2025-10-18T04:45:00Z,LINK/USDT,sell,16.57171000,19.82782034,0.32858089,USDT
2025-10-18T10:45:00Z,LINK/USDT,buy,16.89844500,19.59590593,0.33114034,USDT
2025-10-18T12:00:00Z,LINK/USDT,sell,16.89155000,19.59590593,0.33100522,USDT
2025-10-18T12:15:00Z,LINK/USDT,buy,16.92846000,19.4645846,0.32950544,USDT
2025-10-18T12:30:00Z,LINK/USDT,stop_sell,16.81159000,19.4645846,0.32723062,USDT
2025-10-18T17:30:00Z,LINK/USDT,buy,16.85842500,19.50842462,0.32888131,USDT
2025-10-18T19:45:00Z,LINK/USDT,sell,16.83158000,19.50842462,0.32835761,USDT
2025-10-18T20:00:00Z,LINK/USDT,buy,16.85842500,19.50281777,0.32878679,USDT
2025-10-18T21:00:00Z,LINK/USDT,stop_sell,16.77161000,19.50281777,0.32709365,USDT
2025-10-19T04:15:00Z,LINK/USDT,buy,16.81840500,19.49166516,0.32781872,USDT
2025-10-19T04:15:00Z,LINK/USDT,stop_sell,16.78803036,19.49166516,0.32722667,USDT
2025-10-19T05:30:00Z,LINK/USDT,buy,16.80840000,19.46264317,0.32713589,USDT
2025-10-19T05:30:00Z,LINK/USDT,stop_sell,16.79160000,19.46264317,0.32680892,USDT
2025-10-19T07:00:00Z,LINK/USDT,buy,16.72836000,19.63255483,0.32842044,USDT
2025-10-19T08:15:00Z,LINK/USDT,sell,16.91154000,19.63255483,0.33201674,USDT
2025-10-19T09:45:00Z,LINK/USDT,buy,16.80840000,19.57635192,0.32904715,USDT
2025-10-19T10:15:00Z,LINK/USDT,sell,16.99150000,19.57635192,0.33263158,USDT
2025-10-19T11:00:00Z,LINK/USDT,buy,17.17858500,19.25746955,0.33081608,USDT
2025-10-19T12:45:00Z,LINK/USDT,stop_sell,16.88583857,19.25746955,0.32517852,USDT
2025-10-19T16:45:00Z,LINK/USDT,buy,17.48874000,18.7769749,0.32838563,USDT
2025-10-19T19:15:00Z,LINK/USDT,sell,17.49125000,18.7769749,0.32843276,USDT
2025-10-19T19:30:00Z,LINK/USDT,buy,17.43871500,18.75272835,0.32702349,USDT
2025-10-19T21:30:00Z,LINK/USDT,sell,17.41129000,18.75272835,0.32650919,USDT
2025-10-19T22:30:00Z,LINK/USDT,buy,17.47873500,18.77958329,0.32824336,USDT
2025-10-19T23:00:00Z,LINK/USDT,stop_sell,17.35132000,18.77958329,0.32585056,USDT
2025-10-20T04:45:00Z,LINK/USDT,buy,17.71885500,18.56373548,0.32892814,USDT
2025-10-20T16:15:00Z,LINK/USDT,sell,18.69065000,18.56373548,0.34696828,USDT
2025-10-20T20:45:00Z,LINK/USDT,buy,18.91945500,17.45624117,0.33026257,USDT
2025-10-20T21:15:00Z,LINK/USDT,stop_sell,18.77346571,17.45624117,0.32771415,USDT
2025-10-20T21:30:00Z,LINK/USDT,buy,18.82941000,17.46115692,0.32878328,USDT
2025-10-20T22:00:00Z,LINK/USDT,stop_sell,18.70064500,17.46115692,0.32653490,USDT
2025-10-21T00:30:00Z,LINK/USDT,buy,18.85942500,17.44882697,0.32907484,USDT
2025-10-21T01:15:00Z,LINK/USDT,sell,18.77061000,17.44882697,0.32752513,USDT
2025-10-21T09:00:00Z,LINK/USDT,buy,17.98899000,18.2532997,0.32835843,USDT
2025-10-21T10:00:00Z,LINK/USDT,stop_sell,17.86106500,18.2532997,0.32602337,USDT
2025-10-21T10:15:00Z,LINK/USDT,buy,17.85892500,18.37270508,0.32811676,USDT
2025-10-21T13:45:00Z,LINK/USDT,sell,17.88105500,18.37270508,0.32852335,USDT
2025-10-21T14:15:00Z,LINK/USDT,buy,18.32916000,18.03847449,0.33063009,USDT
2025-10-21T14:30:00Z,LINK/USDT,sell,18.16091500,18.03847449,0.32759520,USDT
2025-10-22T04:30:00Z,LINK/USDT,buy,17.72886000,18.49998799,0.32798370,USDT
2025-10-22T05:15:00Z,LINK/USDT,stop_sell,17.62582554,18.49998799,0.32607756,USDT
2025-10-22T05:45:00Z,LINK/USDT,buy,17.62881000,18.67806104,0.32927199,USDT
2025-10-22T06:00:00Z,LINK/USDT,sell,17.60119500,18.67806104,0.32875619,USDT
2025-10-22T19:30:00Z,LINK/USDT,buy,17.31865500,18.93160401,0.32786992,USDT
2025-10-22T19:45:00Z,LINK/USDT,sell,17.23138000,18.93160401,0.32621766,USDT
2025-10-23T00:45:00Z,LINK/USDT,buy,17.21860500,19.01983495,0.32749503,USDT
2025-10-23T01:15:00Z,LINK/USDT,sell,17.27136000,19.01983495,0.32849842,USDT
2025-10-23T01:45:00Z,LINK/USDT,buy,17.26863000,18.9883681,0.32790310,USDT
2025-10-23T05:15:00Z,LINK/USDT,sell,17.30134500,18.9883681,0.32852431,USDT
2025-10-23T17:45:00Z,LINK/USDT,buy,17.72886000,18.48456726,0.32771031,USDT
2025-10-23T18:15:00Z,LINK/USDT,stop_sell,17.58120500,18.48456726,0.32498097,USDT
2025-10-23T18:30:00Z,LINK/USDT,buy,17.55877500,18.60579702,0.32669500,USDT
2025-10-23T19:00:00Z,LINK/USDT,stop_sell,17.43128000,18.60579702,0.32432286,USDT
2025-10-23T19:30:00Z,LINK/USDT,buy,17.49874500,18.79506416,0.32889003,USDT
2025-10-23T20:15:00Z,LINK/USDT,sell,17.35132000,18.79506416,0.32611917,USDT
2025-10-24T00:15:00Z,LINK/USDT,buy,17.42871000,18.76852652,0.32711121,USDT
2025-10-24T00:15:00Z,LINK/USDT,stop_sell,17.33918321,18.76852652,0.32543092,USDT
2025-10-24T05:30:00Z,LINK/USDT,buy,17.69884500,18.46090562,0.32673671,USDT
2025-10-24T06:00:00Z,LINK/USDT,stop_sell,17.61154696,18.46090562,0.32512511,USDT
2025-10-24T07:45:00Z,LINK/USDT,buy,17.58879000,18.51346247,0.32562940,USDT
2025-10-24T10:15:00Z,LINK/USDT,sell,17.60119500,18.51346247,0.32585906,USDT
2025-10-24T11:00:00Z,LINK/USDT,buy,17.67883500,18.4696433,0.32652178,USDT
2025-10-24T11:30:00Z,LINK/USDT,sell,17.54122500,18.4696433,0.32398017,USDT
2025-10-24T12:00:00Z,LINK/USDT,buy,17.75887500,18.41350809,0.32700319,USDT
2025-10-24T14:00:00Z,LINK/USDT,sell,17.80109500,18.41350809,0.32778061,USDT
2025-10-24T19:15:00Z,LINK/USDT,buy,17.67883500,18.45574641,0.32627610,USDT
2025-10-24T19:30:00Z,LINK/USDT,sell,17.78110500,18.45574641,0.32816356,USDT
2025-10-25T00:45:00Z,LINK/USDT,buy,17.82891000,18.32649896,0.32674150,USDT
2025-10-25T01:15:00Z,LINK/USDT,sell,17.92103500,18.32649896,0.32842983,USDT
2025-10-25T01:30:00Z,LINK/USDT,buy,17.90895000,18.19823391,0.32591126,USDT
2025-10-25T01:30:00Z,LINK/USDT,stop_sell,17.86106500,18.19823391,0.32503984,USDT
2025-10-25T02:00:00Z,LINK/USDT,buy,17.94897000,18.24231231,0.32743072,USDT
2025-10-25T02:15:00Z,LINK/USDT,sell,17.90104500,18.24231231,0.32655645,USDT
2025-10-25T06:30:00Z,LINK/USDT,buy,17.93896500,18.19477032,0.32639535,USDT
2025-10-25T06:30:00Z,LINK/USDT,stop_sell,17.87891321,18.19477032,0.32530272,USDT
2025-10-25T09:00:00Z,LINK/USDT,buy,18.02901000,18.10615211,0.32643600,USDT
2025-10-25T09:15:00Z,LINK/USDT,stop_sell,17.95102000,18.10615211,0.32502390,USDT
2025-10-25T10:15:00Z,LINK/USDT,buy,17.93896500,18.16763264,0.32590853,USDT
2025-10-25T13:45:00Z,LINK/USDT,sell,17.94102500,18.16763264,0.32594595,USDT
2025-10-25T14:30:00Z,LINK/USDT,buy,18.04902000,18.14465175,0.32749318,USDT
2025-10-25T17:00:00Z,LINK/USDT,sell,17.98100500,18.14465175,0.32625907,USDT
2025-10-25T18:00:00Z,LINK/USDT,buy,18.01900500,18.06578636,0.32552749,USDT
2025-10-25T22:00:00Z,LINK/USDT,sell,17.99100000,18.06578636,0.32502156,USDT
2025-10-26T09:45:00Z,LINK/USDT,buy,18.05902500,17.98082606,0.32471619,USDT
2025-10-26T10:30:00Z,LINK/USDT,stop_sell,18.02098500,17.98082606,0.32403220,USDT
2025-10-26T10:45:00Z,LINK/USDT,buy,18.01900500,18.0949017,0.32605212,USDT
2025-10-26T15:15:00Z,LINK/USDT,sell,18.29085000,18.0949017,0.33097113,USDT
2025-10-26T15:30:00Z,LINK/USDT,buy,18.30915000,17.84587898,0.32674288,USDT
2025-10-26T16:15:00Z,LINK/USDT,sell,18.20089500,17.84587898,0.32481097,USDT
2025-10-26T22:00:00Z,LINK/USDT,buy,18.33916500,17.84433194,0.32725015,USDT
2025-10-27T07:00:00Z,LINK/USDT,sell,18.95052000,17.84433194,0.33815937,USDT
2025-10-27T07:15:00Z,LINK/USDT,buy,18.90945000,17.20992192,0.32543016,USDT
2025-10-27T07:30:00Z,LINK/USDT,stop_sell,18.79060000,17.20992192,0.32338476,USDT
2025-10-27T16:30:00Z,LINK/USDT,buy,18.52926000,17.55030045,0.32519408,USDT
2025-10-27T20:00:00Z,LINK/USDT,stop_sell,18.43149393,17.55030045,0.32347826,USDT
2025-10-27T20:15:00Z,LINK/USDT,buy,18.47923500,17.64458163,0.32605837,USDT
2025-10-27T20:30:00Z,LINK/USDT,stop_sell,18.32083500,17.64458163,0.32326347,USDT
2025-10-27T20:45:00Z,LINK/USDT,buy,18.37918500,17.72563336,0.32578269,USDT
2025-10-27T21:00:00Z,LINK/USDT,stop_sell,18.27086000,17.72563336,0.32386257,USDT
2025-10-28T07:00:00Z,LINK/USDT,buy,18.38919000,17.70480429,0.32557701,USDT
2025-10-28T08:15:00Z,LINK/USDT,stop_sell,18.27086000,17.70480429,0.32348200,USDT
2025-10-28T08:30:00Z,LINK/USDT,buy,18.40920000,17.6736292,0.32535737,USDT
2025-10-28T14:45:00Z,LINK/USDT,sell,18.27086000,17.6736292,0.32291240,USDT
2025-10-28T15:00:00Z,LINK/USDT,buy,18.43921500,17.5647199,0.32387965,USDT
2025-10-28T15:15:00Z,LINK/USDT,sell,18.41079000,17.5647199,0.32338037,USDT
2025-10-29T01:00:00Z,LINK/USDT,buy,17.82891000,18.28112522,0.32593254,USDT
2025-10-29T03:30:00Z,LINK/USDT,sell,17.80109500,18.28112522,0.32542405,USDT
2025-10-29T08:00:00Z,LINK/USDT,buy,17.94897000,18.09263552,0.32474417,USDT
2025-10-29T09:00:00Z,LINK/USDT,stop_sell,17.76111500,18.09263552,0.32134538,USDT
2025-10-29T10:45:00Z,LINK/USDT,buy,18.00900000,18.02440095,0.32460144,USDT
2025-10-29T11:00:00Z,LINK/USDT,stop_sell,17.93103000,18.02440095,0.32319607,USDT
2025-10-29T16:30:00Z,LINK/USDT,buy,18.17908500,17.85655089,0.32461576,USDT
2025-10-29T17:30:00Z,LINK/USDT,sell,18.23088000,17.85655089,0.32554064,USDT
2025-10-29T17:45:00Z,LINK/USDT,buy,18.37918500,17.65361688,0.32445909,USDT
2025-10-29T18:00:00Z,LINK/USDT,stop_sell,18.21945714,17.65361688,0.32163932,USDT
2025-10-29T18:15:00Z,LINK/USDT,buy,18.28914000,17.725365,0.32418168,USDT
2025-10-29T18:30:00Z,LINK/USDT,stop_sell,18.11450964,17.725365,0.32108630,USDT
2025-10-29T19:00:00Z,LINK/USDT,buy,18.17908500,17.78683626,0.32334841,USDT
2025-10-29T23:15:00Z,LINK/USDT,sell,18.26086500,17.78683626,0.32480302,USDT
2025-10-29T23:30:00Z,LINK/USDT,buy,18.24912000,17.76110457,0.32412453,USDT
2025-10-29T23:30:00Z,LINK/USDT,stop_sell,18.09130696,17.76110457,0.32132159,USDT
2025-10-30T07:15:00Z,LINK/USDT,buy,18.37918500,17.64915799,0.32437714,USDT
2025-10-30T09:15:00Z,LINK/USDT,stop_sell,18.05097000,17.64915799,0.31858442,USDT
2025-10-30T09:30:00Z,LINK/USDT,buy,18.06903000,17.89441615,0.32333474,USDT
2025-10-30T10:30:00Z,LINK/USDT,stop_sell,17.88105500,17.89441615,0.31997104,USDT
2025-10-31T00:00:00Z,LINK/USDT,buy,16.77838500,19.26409856,0.32322046,USDT
2025-10-31T01:15:00Z,LINK/USDT,sell,16.98150500,19.26409856,0.32713339,USDT
2025-10-31T03:45:00Z,LINK/USDT,buy,16.94847000,19.0859726,0.32347803,USDT
2025-10-31T12:00:00Z,LINK/USDT,sell,17.30134500,19.0859726,0.33021300,USDT
2025-10-31T12:30:00Z,LINK/USDT,buy,17.37868500,18.61952551,0.32358287,USDT
2025-10-31T13:00:00Z,LINK/USDT,stop_sell,17.21139000,18.61952551,0.32046792,USDT
2025-10-31T13:30:00Z,LINK/USDT,buy,17.20860000,18.69909941,0.32178532,USDT
2025-10-31T13:30:00Z,LINK/USDT,stop_sell,17.19140000,18.69909941,0.32146370,USDT
2025-10-31T19:45:00Z,LINK/USDT,buy,17.30865000,18.67302011,0.32320477,USDT
2025-10-31T20:00:00Z,LINK/USDT,sell,17.27136000,18.67302011,0.32250845,USDT
2025-10-31T20:30:00Z,LINK/USDT,buy,17.32866000,18.64525898,0.32309735,USDT
2025-10-31T21:00:00Z,LINK/USDT,stop_sell,17.19354179,18.64525898,0.32057804,USDT
2025-11-01T09:15:00Z,LINK/USDT,buy,17.40870000,18.55565534,0.32302984,USDT
2025-11-01T09:30:00Z,LINK/USDT,stop_sell,17.31169696,18.55565534,0.32122988,USDT
2025-11-01T10:00:00Z,LINK/USDT,buy,17.33866500,18.5764579,0.32209098,USDT
2025-11-01T11:00:00Z,LINK/USDT,stop_sell,17.27742839,18.5764579,0.32095342,USDT
2025-11-01T11:15:00Z,LINK/USDT,buy,17.37868500,18.55756252,0.32250603,USDT
2025-11-01T11:30:00Z,LINK/USDT,stop_sell,17.27136000,18.55756252,0.32051434,USDT
2025-11-01T12:00:00Z,LINK/USDT,buy,17.34867000,18.58823336,0.32248113,USDT
2025-11-01T13:30:00Z,LINK/USDT,stop_sell,17.23673446,18.58823336,0.32040044,USDT
2025-11-01T20:15:00Z,LINK/USDT,buy,17.27863500,18.68347062,0.32282487,USDT
2025-11-01T21:00:00Z,LINK/USDT,sell,17.23138000,18.68347062,0.32194198,USDT
2025-11-02T02:45:00Z,LINK/USDT,buy,17.18859000,18.71983633,0.32176759,USDT
2025-11-02T03:30:00Z,LINK/USDT,stop_sell,17.12143500,18.71983633,0.32051046,USDT
2025-11-02T04:00:00Z,LINK/USDT,buy,17.15857500,18.73279172,0.32142801,USDT
2025-11-02T10:45:00Z,LINK/USDT,sell,17.31134000,18.73279172,0.32428973,USDT
2025-11-02T21:00:00Z,LINK/USDT,buy,17.20860000,18.75403925,0.32273076,USDT
2025-11-02T21:30:00Z,LINK/USDT,sell,17.15142000,18.75403925,0.32165840,USDT
2025-11-03T11:30:00Z,LINK/USDT,buy,16.05802500,20.04249059,0.32184281,USDT
2025-11-03T12:15:00Z,LINK/USDT,sell,16.14192500,20.04249059,0.32352438,USDT
2025-11-03T14:15:00Z,LINK/USDT,buy,16.11805500,19.92352135,0.32112841,USDT
2025-11-03T14:30:00Z,LINK/USDT,sell,16.08195500,19.92352135,0.32040917,USDT
2025-11-03T15:00:00Z,LINK/USDT,buy,16.21810500,19.76988369,0.32063005,USDT
2025-11-03T15:00:00Z,LINK/USDT,stop_sell,16.16762643,19.76988369,0.31963209,USDT
2025-11-03T15:15:00Z,LINK/USDT,buy,16.13806500,19.90866565,0.32128734,USDT
2025-11-03T15:15:00Z,LINK/USDT,stop_sell,16.03483571,19.90866565,0.31923218,USDT
2025-11-04T00:45:00Z,LINK/USDT,buy,15.44772000,20.78326624,0.32105408,USDT
2025-11-04T01:00:00Z,LINK/USDT,stop_sell,15.31519571,20.78326624,0.31829979,USDT
2025-11-04T05:00:00Z,LINK/USDT,buy,15.34767000,21.05165933,0.32309392,USDT
2025-11-04T05:15:00Z,LINK/USDT,stop_sell,15.14171107,21.05165933,0.31875814,USDT
2025-11-04T10:30:00Z,LINK/USDT,buy,14.93746500,21.43312797,0.32015660,USDT
2025-11-04T12:30:00Z,LINK/USDT,stop_sell,14.83793446,21.43312797,0.31802335,USDT
2025-11-04T15:00:00Z,LINK/USDT,buy,15.34767000,20.90136203,0.32078721,USDT
2025-11-04T15:45:00Z,LINK/USDT,stop_sell,15.14885036,20.90136203,0.31663161,USDT
2025-11-04T22:30:00Z,LINK/USDT,buy,14.74737000,21.78587055,0.32128429,USDT
2025-11-05T01:00:00Z,LINK/USDT,stop_sell,14.37423786,21.78587055,0.31315529,USDT
2025-11-05T01:15:00Z,LINK/USDT,buy,14.36718000,22.11449879,0.31772298,USDT
2025-11-05T01:15:00Z,LINK/USDT,stop_sell,14.23894839,22.11449879,0.31488721,USDT
2025-11-05T02:00:00Z,LINK/USDT,buy,14.45722500,21.97354624,0.31767650,USDT
2025-11-05T03:00:00Z,LINK/USDT,sell,14.73263000,21.97354624,0.32372813,USDT
2025-11-05T08:15:00Z,LINK/USDT,buy,14.70735000,21.51439118,0.31641968,USDT
2025-11-05T08:15:00Z,LINK/USDT,stop_sell,14.69265000,21.51439118,0.31610342,USDT
2025-11-05T09:15:00Z,LINK/USDT,buy,14.73736500,21.56737382,0.31784626,USDT
2025-11-05T09:15:00Z,LINK/USDT,stop_sell,14.72263500,21.56737382,0.31752857,USDT
2025-11-05T14:45:00Z,LINK/USDT,buy,14.97748500,21.41760975,0.32078193,USDT
2025-11-05T15:15:00Z,LINK/USDT,sell,14.90254500,21.41760975,0.31917689,USDT
2025-11-05T15:45:00Z,LINK/USDT,buy,15.06753000,21.19236134,0.31931654,USDT
2025-11-05T21:45:00Z,LINK/USDT,sell,15.15242000,21.19236134,0.32111556,USDT
2025-11-05T23:00:00Z,LINK/USDT,buy,15.20760000,20.9756668,0.31898955,USDT
2025-11-05T23:15:00Z,LINK/USDT,sell,15.19240000,20.9756668,0.31867072,USDT
2025-11-06T05:00:00Z,LINK/USDT,buy,15.13756500,20.9982322,0.31786210,USDT
2025-11-06T05:00:00Z,LINK/USDT,stop_sell,15.12243500,20.9982322,0.31754440,USDT
2025-11-06T06:15:00Z,LINK/USDT,buy,14.98749000,21.3300054,0.31968324,USDT
2025-11-06T06:45:00Z,LINK/USDT,sell,14.85257000,21.3300054,0.31680540,USDT
2025-11-06T11:45:00Z,LINK/USDT,buy,14.95747500,21.32546716,0.31897514,USDT
2025-11-06T12:30:00Z,LINK/USDT,stop_sell,14.80259500,21.32546716,0.31567225,USDT
2025-11-06T13:30:00Z,LINK/USDT,buy,15.03751500,21.19100008,0.31865998,USDT
2025-11-06T14:15:00Z,LINK/USDT,stop_sell,14.85257000,21.19100008,0.31474081,USDT
2025-11-06T19:45:00Z,LINK/USDT,buy,14.67733500,21.68619806,0.31829559,USDT
2025-11-06T20:15:00Z,LINK/USDT,sell,14.71264000,21.68619806,0.31906123,USDT
2025-11-06T20:30:00Z,LINK/USDT,buy,14.63731500,21.61323285,0.31635970,USDT
2025-11-06T21:00:00Z,LINK/USDT,stop_sell,14.58948732,21.61323285,0.31532599,USDT
2025-11-06T21:15:00Z,LINK/USDT,buy,14.61730500,21.7668416,0.31817256,USDT
2025-11-06T23:00:00Z,LINK/USDT,sell,14.58270500,21.7668416,0.31741943,USDT
2025-11-06T23:15:00Z,LINK/USDT,buy,14.59729500,21.78906497,0.31806141,USDT
2025-11-06T23:30:00Z,LINK/USDT,sell,14.58270500,21.78906497,0.31774351,USDT
2025-11-07T00:15:00Z,LINK/USDT,buy,14.86743000,21.37364904,0.31777123,USDT
2025-11-07T00:15:00Z,LINK/USDT,stop_sell,14.80152411,21.37364904,0.31636258,USDT
2025-11-07T00:30:00Z,LINK/USDT,buy,14.74737000,21.55106775,0.31782157,USDT
2025-11-07T01:30:00Z,LINK/USDT,stop_sell,14.65873839,21.55106775,0.31591146,USDT
2025-11-07T02:00:00Z,LINK/USDT,buy,14.68734000,21.62528825,0.31761796,USDT
2025-11-07T02:15:00Z,LINK/USDT,sell,14.74262500,21.62528825,0.31881352,USDT
2025-11-07T03:00:00Z,LINK/USDT,buy,14.96748000,21.32330163,0.31915609,USDT
2025-11-07T05:00:00Z,LINK/USDT,sell,15.03248000,21.32330163,0.32054211,USDT
2025-11-07T05:30:00Z,LINK/USDT,buy,15.06753000,21.08656485,0.31772245,USDT
2025-11-07T09:15:00Z,LINK/USDT,stop_sell,14.96572768,21.08656485,0.31557579,USDT
2025-11-07T09:30:00Z,LINK/USDT,buy,14.80740000,21.31237541,0.31558087,USDT
2025-11-07T09:30:00Z,LINK/USDT,stop_sell,14.79260000,21.31237541,0.31526544,USDT
2025-11-07T15:15:00Z,LINK/USDT,buy,14.96748000,21.23598181,0.31784913,USDT
2025-11-07T22:30:00Z,LINK/USDT,sell,16.03198000,21.23598181,0.34045484,USDT
2025-11-08T05:45:00Z,LINK/USDT,buy,15.68784000,20.37173437,0.31958851,USDT
2025-11-08T06:00:00Z,LINK/USDT,sell,15.59220000,20.37173437,0.31764016,USDT
2025-11-08T10:30:00Z,LINK/USDT,buy,15.90795000,20.15262413,0.32058694,USDT
2025-11-08T10:30:00Z,LINK/USDT,stop_sell,15.75426179,20.15262413,0.31748972,USDT
2025-11-08T10:45:00Z,LINK/USDT,buy,15.82791000,20.27470973,0.32090628,USDT
2025-11-08T12:00:00Z,LINK/USDT,stop_sell,15.59220000,20.27470973,0.31612733,USDT
2025-11-08T12:15:00Z,LINK/USDT,buy,15.71785500,20.38989815,0.32048546,USDT
2025-11-08T13:00:00Z,LINK/USDT,sell,15.54222500,20.38989815,0.31690438,USDT
2025-11-08T21:00:00Z,LINK/USDT,buy,15.43771500,20.5926723,0.31790381,USDT
2025-11-09T00:15:00Z,LINK/USDT,stop_sell,15.32590464,20.5926723,0.31560133,USDT
2025-11-09T00:30:00Z,LINK/USDT,buy,15.37768500,20.68469416,0.31808271,USDT
2025-11-09T01:00:00Z,LINK/USDT,sell,15.46226500,20.68469416,0.31983222,USDT
2025-11-09T01:15:00Z,LINK/USDT,buy,15.40770000,20.62331059,0.31775778,USDT
2025-11-09T01:45:00Z,LINK/USDT,sell,15.39230000,20.62331059,0.31744018,USDT
2025-11-09T11:15:00Z,LINK/USDT,buy,15.38769000,20.61836099,0.31726895,USDT
2025-11-09T18:15:00Z,LINK/USDT,sell,15.73213000,20.61836099,0.32437074,USDT
2025-11-09T21:00:00Z,LINK/USDT,buy,16.06803000,19.79088806,0.31800058,USDT
2025-11-09T21:00:00Z,LINK/USDT,stop_sell,16.00520768,19.79088806,0.31675727,USDT
2025-11-10T06:15:00Z,LINK/USDT,buy,16.31815500,19.49045529,0.31804827,USDT
2025-11-10T08:30:00Z,LINK/USDT,stop_sell,16.22152804,19.49045529,0.31616497,USDT
2025-11-10T09:30:00Z,LINK/USDT,buy,16.42821000,19.45425134,0.31959853,USDT
2025-11-10T14:30:00Z,LINK/USDT,sell,16.38180500,19.45425134,0.31869575,USDT
2025-11-10T20:45:00Z,LINK/USDT,buy,16.26813000,19.66344514,0.31988748,USDT
2025-11-10T21:15:00Z,LINK/USDT,stop_sell,16.03198000,19.66344514,0.31524396,USDT
2025-11-10T21:30:00Z,LINK/USDT,buy,16.03801500,19.7843011,0.31730092,USDT
2025-11-10T21:45:00Z,LINK/USDT,sell,16.02198500,19.7843011,0.31698378,USDT
2025-11-10T22:45:00Z,LINK/USDT,buy,16.28814000,19.49976829,0.31761496,USDT
2025-11-11T05:00:00Z,LINK/USDT,sell,16.29185000,19.49976829,0.31768730,USDT
2025-11-11T05:30:00Z,LINK/USDT,buy,16.19809500,19.49699851,0.31581423,USDT
2025-11-11T05:45:00Z,LINK/USDT,sell,16.14192500,19.49699851,0.31471909,USDT
2025-11-11T12:00:00Z,LINK/USDT,buy,16.26813000,19.58486659,0.31860916,USDT
2025-11-11T12:30:00Z,LINK/USDT,stop_sell,16.03198000,19.58486659,0.31398419,USDT
2025-11-11T12:45:00Z,LINK/USDT,buy,16.03801500,19.74189249,0.31662077,USDT
2025-11-11T13:45:00Z,LINK/USDT,stop_sell,15.94809339,19.74189249,0.31484555,USDT
2025-11-12T05:30:00Z,LINK/USDT,buy,15.46773000,20.36509991,0.31500187,USDT
2025-11-12T07:30:00Z,LINK/USDT,stop_sell,15.40229500,20.36509991,0.31366928,USDT
2025-11-12T21:00:00Z,LINK/USDT,buy,15.24762000,20.74232944,0.31627116,USDT
2025-11-12T23:30:00Z,LINK/USDT,sell,15.22238500,20.74232944,0.31574772,USDT
2025-11-12T23:45:00Z,LINK/USDT,buy,15.13756500,20.74987948,0.31410265,USDT
2025-11-12T23:45:00Z,LINK/USDT,stop_sell,15.12243500,20.74987948,0.31378870,USDT
2025-11-13T00:00:00Z,LINK/USDT,buy,15.15757500,20.88204346,0.31652114,USDT
2025-11-13T01:30:00Z,LINK/USDT,sell,15.23238000,20.88204346,0.31808322,USDT
2025-11-13T03:30:00Z,LINK/USDT,buy,15.39769500,20.57418722,0.31679506,USDT
2025-11-13T09:45:00Z,LINK/USDT,sell,15.66216500,20.57418722,0.32223631,USDT
2025-11-13T15:00:00Z,LINK/USDT,buy,15.53776500,20.0763765,0.31194202,USDT
2025-11-13T15:00:00Z,LINK/USDT,stop_sell,15.52223500,20.0763765,0.31163023,USDT
2025-11-14T00:30:00Z,LINK/USDT,buy,14.53726500,21.77074088,0.31648703,USDT
2025-11-14T03:45:00Z,LINK/USDT,sell,14.38280500,21.77074088,0.31312432,USDT
2025-11-14T09:00:00Z,LINK/USDT,buy,14.38719000,21.96035298,0.31594777,USDT
2025-11-14T09:15:00Z,LINK/USDT,stop_sell,14.25287000,21.96035298,0.31299806,USDT
2025-11-14T09:30:00Z,LINK/USDT,buy,14.21710500,22.15601309,0.31499436,USDT
2025-11-14T09:45:00Z,LINK/USDT,sell,14.18290500,22.15601309,0.31423663,USDT
2025-11-14T14:45:00Z,LINK/USDT,buy,14.31715500,22.08623017,0.31621198,USDT
2025-11-14T15:00:00Z,LINK/USDT,stop_sell,14.11258304,22.08623017,0.31169376,USDT
2025-11-14T16:15:00Z,LINK/USDT,buy,14.34717000,21.98051177,0.31535814,USDT
2025-11-14T17:45:00Z,LINK/USDT,sell,14.26286500,21.98051177,0.31350507,USDT
2025-11-15T12:30:00Z,LINK/USDT,buy,14.11705500,22.32473313,0.31515949,USDT
2025-11-15T20:30:00Z,LINK/USDT,sell,14.11294000,22.32473313,0.31506762,USDT
2025-11-15T21:00:00Z,LINK/USDT,buy,14.11705500,22.28904578,0.31465569,USDT
2025-11-15T21:45:00Z,LINK/USDT,sell,14.08295500,22.28904578,0.31389563,USDT
2025-11-16T02:30:00Z,LINK/USDT,buy,14.15707500,22.32859066,0.31610753,USDT
2025-11-16T04:45:00Z,LINK/USDT,sell,14.16291500,22.32859066,0.31623793,USDT
2025-11-16T09:00:00Z,LINK/USDT,buy,14.27713500,21.99811129,0.31407000,USDT
2025-11-16T09:00:00Z,LINK/USDT,stop_sell,14.25893839,21.99811129,0.31366971,USDT
2025-11-16T09:15:00Z,LINK/USDT,buy,14.26713000,22.03856654,0.31442709,USDT
2025-11-16T11:15:00Z,LINK/USDT,sell,14.29285000,22.03856654,0.31499393,USDT
2025-11-16T22:00:00Z,LINK/USDT,buy,13.48674000,23.20838665,0.31300548,USDT
2025-11-16T22:45:00Z,LINK/USDT,sell,13.59320000,23.20838665,0.31547624,USDT
2025-11-16T23:30:00Z,LINK/USDT,buy,13.78689000,22.76595124,0.31387167,USDT
2025-11-17T00:15:00Z,LINK/USDT,stop_sell,13.66352196,22.76595124,0.31106307,USDT
2025-11-17T00:30:00Z,LINK/USDT,buy,13.82691000,22.72965489,0.31428089,USDT
2025-11-17T01:00:00Z,LINK/USDT,sell,13.89305000,22.72965489,0.31578423,USDT
2025-11-17T01:30:00Z,LINK/USDT,buy,13.82691000,22.76760388,0.31480561,USDT
2025-11-17T09:15:00Z,LINK/USDT,sell,14.10294500,22.76760388,0.32109027,USDT
2025-11-17T11:45:00Z,LINK/USDT,buy,14.10705000,22.19015397,0.31303761,USDT
2025-11-17T11:45:00Z,LINK/USDT,stop_sell,14.09295000,22.19015397,0.31272473,USDT
2025-11-17T23:15:00Z,LINK/USDT,buy,13.29664500,23.70391985,0.31518261,USDT
2025-11-17T23:45:00Z,LINK/USDT,sell,13.28335500,23.70391985,0.31486758,USDT
2025-11-18T00:15:00Z,LINK/USDT,buy,13.29664500,23.71607597,0.31534424,USDT
2025-11-18T00:30:00Z,LINK/USDT,stop_sell,13.23266607,23.71607597,0.31382691,USDT
2025-11-18T01:00:00Z,LINK/USDT,buy,13.36668000,23.56121024,0.31493516,USDT
2025-11-18T02:00:00Z,LINK/USDT,stop_sell,13.27336000,23.56121024,0.31273643,USDT
2025-11-18T11:30:00Z,LINK/USDT,buy,13.55677500,23.21414439,0.31470893,USDT
2025-11-18T12:00:00Z,LINK/USDT,stop_sell,13.43328000,23.21414439,0.31184210,USDT
2025-11-18T15:30:00Z,LINK/USDT,buy,13.76688000,22.93957562,0.31580638,USDT
2025-11-18T15:45:00Z,LINK/USDT,sell,13.69315000,22.93957562,0.31411505,USDT
2025-11-18T17:00:00Z,LINK/USDT,buy,13.90695000,22.59615003,0.31424353,USDT
2025-11-18T17:30:00Z,LINK/USDT,stop_sell,13.74312500,22.59615003,0.31054171,USDT
2025-11-18T17:45:00Z,LINK/USDT,buy,13.83691500,22.68549223,0.31389723,USDT
2025-11-18T21:15:00Z,LINK/USDT,sell,13.86306500,22.68549223,0.31449045,USDT
2025-11-18T21:30:00Z,LINK/USDT,buy,13.79689500,22.61986622,0.31208392,USDT
2025-11-18T21:30:00Z,LINK/USDT,stop_sell,13.78310500,22.61986622,0.31177199,USDT
2025-11-19T11:15:00Z,LINK/USDT,buy,13.48674000,23.1485374,0.31219831,USDT
2025-11-19T11:15:00Z,LINK/USDT,stop_sell,13.47326000,23.1485374,0.31188626,USDT
2025-11-19T11:45:00Z,LINK/USDT,buy,13.44672000,23.33242498,0.31374459,USDT
2025-11-19T12:15:00Z,LINK/USDT,sell,13.40329500,23.33242498,0.31273138,USDT
2025-11-19T20:45:00Z,LINK/USDT,buy,13.08654000,24.03808411,0.31457535,USDT
2025-11-20T01:45:00Z,LINK/USDT,sell,13.59320000,24.03808411,0.32675448,USDT
2025-11-20T02:00:00Z,LINK/USDT,buy,13.63681500,23.06527082,0.31453683,USDT
2025-11-20T02:15:00Z,LINK/USDT,sell,13.61319000,23.06527082,0.31399191,USDT
2025-11-20T07:30:00Z,LINK/USDT,buy,13.82691000,22.87378206,0.31627373,USDT
2025-11-20T10:15:00Z,LINK/USDT,sell,13.76311500,22.87378206,0.31481449,USDT
2025-11-20T10:30:00Z,LINK/USDT,buy,13.77688500,22.81180391,0.31427560,USDT
2025-11-20T11:00:00Z,LINK/USDT,stop_sell,13.67316000,22.81180391,0.31190944,USDT
2025-11-20T21:30:00Z,LINK/USDT,buy,13.14657000,23.88730234,0.31403609,USDT
2025-11-20T23:30:00Z,LINK/USDT,stop_sell,13.03062429,23.88730234,0.31126646,USDT
2025-11-21T01:15:00Z,LINK/USDT,buy,13.15657500,23.86663304,0.31400315,USDT
2025-11-21T02:15:00Z,LINK/USDT,sell,12.95352000,23.86663304,0.30915691,USDT
2025-11-22T01:45:00Z,LINK/USDT,buy,12.22611000,25.62766008,0.31332659,USDT
2025-11-22T02:30:00Z,LINK/USDT,sell,12.07396000,25.62766008,0.30942734,USDT
2025-11-22T03:15:00Z,LINK/USDT,buy,12.11605500,25.83057357,0.31296465,USDT
2025-11-22T04:00:00Z,LINK/USDT,stop_sell,12.02398500,25.83057357,0.31058643,USDT
2025-11-22T11:45:00Z,LINK/USDT,buy,11.97598500,26.11262358,0.31272439,USDT
2025-11-22T12:15:00Z,LINK/USDT,sell,11.81409000,26.11262358,0.30849689,USDT
2025-11-22T13:30:00Z,LINK/USDT,buy,11.85592500,26.3443212,0.31233630,USDT
2025-11-22T16:15:00Z,LINK/USDT,sell,11.94402500,26.3443212,0.31465723,USDT
2025-11-22T20:15:00Z,LINK/USDT,buy,12.08604000,25.98300512,0.31403164,USDT
2025-11-22T20:45:00Z,LINK/USDT,sell,11.99400000,25.98300512,0.31164016,USDT
2025-11-22T21:00:00Z,LINK/USDT,buy,12.00600000,26.00619581,0.31223039,USDT
2025-11-22T21:45:00Z,LINK/USDT,sell,12.02398500,26.00619581,0.31269811,USDT
2025-11-22T22:30:00Z,LINK/USDT,buy,12.11605500,25.76893255,0.31221780,USDT
2025-11-23T07:45:00Z,LINK/USDT,sell,12.30384500,25.76893255,0.31705695,USDT
2025-11-23T08:45:00Z,LINK/USDT,buy,12.50625000,24.99188504,0.31255476,USDT
2025-11-23T09:00:00Z,LINK/USDT,sell,12.49375000,24.99188504,0.31224236,USDT
2025-11-23T09:45:00Z,LINK/USDT,buy,12.54627000,24.90618719,0.31247975,USDT
2025-11-23T10:30:00Z,LINK/USDT,sell,12.49375000,24.90618719,0.31117168,USDT
2025-11-23T21:00:00Z,LINK/USDT,buy,12.61630500,24.61901021,0.31060094,USDT
2025-11-23T21:15:00Z,LINK/USDT,sell,12.68365500,24.61901021,0.31225903,USDT
2025-11-23T22:45:00Z,LINK/USDT,buy,12.73636500,24.52881915,0.31240799,USDT
2025-11-23T23:00:00Z,LINK/USDT,stop_sell,12.67437393,24.52881915,0.31088743,USDT
2025-11-24T02:15:00Z,LINK/USDT,buy,12.80640000,24.5539228,0.31444736,USDT
2025-11-24T02:45:00Z,LINK/USDT,sell,12.64367500,24.5539228,0.31045182,USDT
2025-11-24T04:45:00Z,LINK/USDT,buy,12.62631000,24.71932783,0.31211390,USDT
2025-11-24T07:00:00Z,LINK/USDT,sell,12.60369500,24.71932783,0.31155487,USDT
2025-11-24T09:15:00Z,LINK/USDT,buy,12.55627500,24.82996878,0.31177192,USDT
2025-11-24T09:15:00Z,LINK/USDT,stop_sell,12.47625875,24.82996878,0.30978512,USDT
2025-11-24T14:15:00Z,LINK/USDT,buy,12.44622000,25.03275237,0.31156314,USDT
2025-11-24T14:45:00Z,LINK/USDT,stop_sell,12.37381000,25.03275237,0.30975052,USDT
2025-11-24T15:15:00Z,LINK/USDT,buy,12.50625000,24.73869036,0.30938825,USDT
2025-11-24T15:15:00Z,LINK/USDT,stop_sell,12.49375000,24.73869036,0.30907901,USDT
2025-11-25T13:45:00Z,LINK/USDT,buy,12.73636500,24.30769599,0.30959169,USDT
2025-11-25T13:45:00Z,LINK/USDT,stop_sell,12.72363500,24.30769599,0.30928225,USDT
2025-11-25T16:30:00Z,LINK/USDT,buy,12.93646500,24.1509506,0.31242793,USDT
2025-11-25T22:15:00Z,LINK/USDT,sell,12.94352500,24.1509506,0.31259843,USDT
2025-11-25T23:00:00Z,LINK/USDT,buy,13.19659500,23.70639345,0.31284367,USDT
2025-11-26T01:00:00Z,LINK/USDT,sell,13.03348000,23.70639345,0.30897680,USDT
2025-11-26T08:45:00Z,LINK/USDT,buy,13.08654000,23.75143632,0.31082412,USDT
2025-11-26T09:00:00Z,LINK/USDT,stop_sell,12.95352000,23.75143632,0.30766471,USDT
2025-11-26T16:15:00Z,LINK/USDT,buy,12.96648000,23.94803662,0.31052174,USDT
2025-11-26T22:30:00Z,LINK/USDT,sell,13.39330000,23.94803662,0.32074324,USDT
2025-11-27T14:30:00Z,LINK/USDT,buy,13.36668000,23.25364525,0.31082403,USDT
2025-11-27T19:15:00Z,LINK/USDT,sell,13.44327500,23.25364525,0.31260515,USDT
2025-11-27T21:00:00Z,LINK/USDT,buy,13.50675000,23.03674228,0.31115152,USDT
2025-11-27T21:00:00Z,LINK/USDT,stop_sell,13.49325000,23.03674228,0.31084052,USDT
2025-11-28T08:30:00Z,LINK/USDT,buy,13.36668000,23.28980158,0.31130732,USDT
2025-11-28T11:15:00Z,LINK/USDT,stop_sell,13.29335000,23.28980158,0.30959948,USDT
2025-11-28T14:30:00Z,LINK/USDT,buy,13.46673000,23.06865351,0.31065933,USDT
2025-11-28T14:30:00Z,LINK/USDT,stop_sell,13.42399893,23.06865351,0.30967358,USDT
2025-11-28T23:30:00Z,LINK/USDT,buy,13.14657000,23.56610787,0.30981349,USDT
2025-11-28T23:30:00Z,LINK/USDT,stop_sell,13.13343000,23.56610787,0.30950383,USDT
2025-11-28T23:45:00Z,LINK/USDT,buy,13.14657000,23.65012517,0.31091803,USDT
2025-11-29T00:00:00Z,LINK/USDT,sell,13.11344000,23.65012517,0.31013450,USDT
2025-11-29T05:45:00Z,LINK/USDT,buy,13.14657000,23.64157369,0.31080560,USDT
2025-11-29T06:00:00Z,LINK/USDT,sell,13.13343000,23.64157369,0.31049495,USDT
2025-11-29T07:45:00Z,LINK/USDT,buy,13.12656000,23.67193004,0.31073101,USDT
2025-11-29T08:15:00Z,LINK/USDT,sell,13.11344000,23.67193004,0.31042043,USDT
2025-11-29T08:30:00Z,LINK/USDT,buy,13.12656000,23.66624878,0.31065643,USDT
2025-11-29T09:15:00Z,LINK/USDT,stop_sell,13.03348000,23.66624878,0.30845358,USDT
2025-11-29T11:15:00Z,LINK/USDT,buy,13.15657500,23.59508949,0.31043056,USDT
2025-11-29T13:15:00Z,LINK/USDT,stop_sell,13.07346000,23.59508949,0.30846946,USDT
2025-11-29T14:30:00Z,LINK/USDT,buy,13.11655500,23.65133687,0.31022406,USDT
2025-11-29T16:00:00Z,LINK/USDT,sell,13.14342500,23.65133687,0.31085957,USDT
2025-11-29T23:30:00Z,LINK/USDT,buy,12.98649000,23.88830359,0.31022522,USDT
2025-11-30T00:00:00Z,LINK/USDT,sell,12.97351000,23.88830359,0.30991515,USDT
2025-11-30T03:15:00Z,LINK/USDT,buy,13.09654500,23.68187653,0.31015076,USDT
2025-11-30T05:15:00Z,LINK/USDT,stop_sell,13.00349500,23.68187653,0.30794716,USDT
2025-11-30T05:30:00Z,LINK/USDT,buy,13.01650500,23.8101482,0.30992491,USDT
2025-11-30T06:00:00Z,LINK/USDT,sell,12.98350500,23.8101482,0.30913918,USDT
2025-11-30T12:00:00Z,LINK/USDT,buy,13.02651000,23.7832292,0.30981247,USDT
2025-11-30T19:45:00Z,LINK/USDT,sell,13.29335000,23.7832292,0.31615879,USDT
2025-11-30T20:00:00Z,LINK/USDT,buy,13.30665000,23.31693773,0.31027033,USDT
2025-11-30T21:00:00Z,LINK/USDT,sell,13.29335000,23.31693773,0.30996021,USDT
2025-12-01T23:15:00Z,LINK/USDT,buy,12.15607500,25.64440398,0.31173530,USDT
2025-12-02T00:15:00Z,LINK/USDT,sell,12.10394500,25.64440398,0.31039846,USDT
2025-12-02T07:30:00Z,LINK/USDT,buy,12.11605500,25.46295201,0.30851053,USDT
2025-12-02T07:30:00Z,LINK/USDT,stop_sell,12.10394500,25.46295201,0.30820217,USDT
2025-12-02T08:15:00Z,LINK/USDT,buy,12.11605500,25.58299921,0.30996503,USDT
2025-12-02T09:00:00Z,LINK/USDT,sell,12.02398500,25.58299921,0.30760960,USDT
2025-12-02T12:15:00Z,LINK/USDT,buy,12.26613000,25.25059383,0.30972707,USDT
2025-12-02T21:00:00Z,LINK/USDT,sell,13.31334000,25.25059383,0.33616974,USDT
2025-12-02T21:15:00Z,LINK/USDT,buy,13.38669000,23.27378809,0.31155899,USDT
2025-12-02T21:30:00Z,LINK/USDT,sell,13.36331500,23.27378809,0.31101496,USDT
2025-12-02T21:45:00Z,LINK/USDT,buy,13.43671500,23.30162264,0.31309726,USDT
2025-12-03T11:15:00Z,LINK/USDT,sell,14.31284000,23.30162264,0.33351240,USDT
2025-12-03T11:45:00Z,LINK/USDT,buy,14.35717500,21.82050011,0.31328074,USDT
2025-12-03T14:00:00Z,LINK/USDT,stop_sell,14.24965732,21.82050011,0.31093465,USDT
2025-12-03T14:45:00Z,LINK/USDT,buy,14.55727500,21.47471189,0.31261329,USDT
2025-12-03T14:45:00Z,LINK/USDT,stop_sell,14.43420786,21.47471189,0.30997046,USDT
2025-12-03T15:30:00Z,LINK/USDT,buy,14.38719000,21.74028644,0.31278163,USDT
2025-12-03T17:00:00Z,LINK/USDT,sell,14.41279000,21.74028644,0.31333818,USDT
2025-12-03T17:45:00Z,LINK/USDT,buy,14.51725500,21.58976198,0.31342408,USDT
2025-12-03T18:30:00Z,LINK/USDT,sell,14.43278000,21.58976198,0.31160028,USDT
2025-12-03T19:00:00Z,LINK/USDT,buy,14.44722000,21.63600055,0.31258006,USDT
2025-12-03T19:15:00Z,LINK/USDT,sell,14.35282000,21.63600055,0.31053762,USDT
2025-12-03T19:45:00Z,LINK/USDT,buy,14.44722000,21.68129191,0.31323439,USDT
2025-12-03T20:30:00Z,LINK/USDT,sell,14.39280000,21.68129191,0.31205450,USDT
2025-12-04T03:15:00Z,LINK/USDT,buy,14.70735000,21.28691601,0.31307412,USDT
2025-12-04T03:45:00Z,LINK/USDT,sell,14.58270500,21.28691601,0.31042082,USDT
2025-12-04T09:15:00Z,LINK/USDT,buy,14.62731000,21.34182372,0.31217347,USDT
2025-12-04T11:00:00Z,LINK/USDT,stop_sell,14.50274500,21.34182372,0.30951503,USDT
2025-12-04T11:15:00Z,LINK/USDT,buy,14.49724500,21.47082246,0.31126777,USDT
2025-12-04T11:45:00Z,LINK/USDT,sell,14.45277000,21.47082246,0.31031286,USDT
2025-12-04T12:00:00Z,LINK/USDT,buy,14.49724500,21.50659629,0.31178640,USDT
2025-12-04T12:30:00Z,LINK/USDT,sell,14.40279500,21.50659629,0.30975510,USDT
2025-12-04T15:45:00Z,LINK/USDT,buy,14.44722000,21.38854207,0.30900497,USDT
2025-12-04T15:45:00Z,LINK/USDT,stop_sell,14.43278000,21.38854207,0.30869612,USDT
2025-12-04T23:30:00Z,LINK/USDT,buy,14.29714500,21.77250965,0.31128473,USDT
2025-12-05T00:00:00Z,LINK/USDT,stop_sell,14.18290500,21.77250965,0.30879744,USDT
2025-12-05T03:30:00Z,LINK/USDT,buy,14.27713500,21.67925893,0.30951771,USDT
2025-12-05T03:30:00Z,LINK/USDT,stop_sell,14.26286500,21.67925893,0.30920834,USDT
2025-12-05T03:45:00Z,LINK/USDT,buy,14.27713500,21.78040126,0.31096173,USDT
2025-12-05T04:00:00Z,LINK/USDT,sell,14.29285000,21.78040126,0.31130401,USDT
2025-12-05T04:15:00Z,LINK/USDT,buy,14.30715000,21.73314175,0.31093932,USDT
2025-12-05T05:15:00Z,LINK/USDT,stop_sell,14.17291000,21.73314175,0.30802186,USDT
2025-12-05T15:15:00Z,LINK/USDT,buy,14.10705000,22.02134848,0.31065626,USDT
2025-12-05T15:30:00Z,LINK/USDT,sell,14.03298000,22.02134848,0.30902514,USDT
2025-12-05T22:00:00Z,LINK/USDT,buy,13.52676000,22.88502576,0.30956025,USDT
2025-12-05T23:15:00Z,LINK/USDT,sell,13.55322000,22.88502576,0.31016579,USDT
2025-12-05T23:30:00Z,LINK/USDT,buy,13.60680000,22.88494205,0.31139083,USDT
2025-12-06T00:15:00Z,LINK/USDT,sell,13.51324000,22.88494205,0.30924971,USDT
2025-12-06T04:45:00Z,LINK/USDT,buy,13.62681000,22.68462866,0.30911912,USDT
2025-12-06T04:45:00Z,LINK/USDT,stop_sell,13.61319000,22.68462866,0.30881016,USDT
2025-12-06T09:45:00Z,LINK/USDT,buy,13.76688000,22.6626259,0.31199365,USDT
2025-12-06T14:15:00Z,LINK/USDT,sell,13.75312000,22.6626259,0.31168181,USDT
2025-12-06T14:30:00Z,LINK/USDT,buy,13.76688000,22.49273449,0.30965478,USDT
2025-12-06T14:45:00Z,LINK/USDT,sell,13.84307500,22.49273449,0.31136861,USDT
2025-12-06T15:30:00Z,LINK/USDT,buy,13.92696000,22.27279498,0.31019232,USDT
2025-12-06T17:00:00Z,LINK/USDT,stop_sell,13.84129018,22.27279498,0.30828422,USDT
2025-12-06T17:30:00Z,LINK/USDT,buy,13.97698500,22.24229572,0.31088023,USDT
2025-12-06T19:30:00Z,LINK/USDT,stop_sell,13.84307500,22.24229572,0.30790177,USDT
2025-12-06T20:30:00Z,LINK/USDT,buy,13.95697500,22.22163673,0.31014683,USDT
2025-12-06T22:45:00Z,LINK/USDT,sell,13.97301000,22.22163673,0.31050315,USDT
2025-12-07T00:00:00Z,LINK/USDT,buy,13.92696000,22.23608143,0.30968102,USDT
2025-12-07T00:15:00Z,LINK/USDT,stop_sell,13.88519679,22.23608143,0.30875237,USDT
2025-12-07T00:45:00Z,LINK/USDT,buy,13.97698500,22.2112338,0.31044608,USDT
2025-12-07T01:15:00Z,LINK/USDT,sell,13.89305000,22.2112338,0.30858178,USDT
2025-12-07T07:45:00Z,LINK/USDT,buy,13.90695000,22.21291815,0.30891394,USDT
2025-12-07T07:45:00Z,LINK/USDT,stop_sell,13.89305000,22.21291815,0.30860518,USDT
2025-12-07T08:00:00Z,LINK/USDT,buy,13.90695000,22.23954808,0.30928428,USDT
2025-12-07T08:15:00Z,LINK/USDT,sell,13.89305000,22.23954808,0.30897515,USDT
2025-12-07T19:00:00Z,LINK/USDT,buy,14.01700500,21.99683468,0.30832974,USDT
2025-12-07T21:30:00Z,LINK/USDT,stop_sell,13.89090821,21.99683468,0.30555601,USDT
2025-12-07T22:00:00Z,LINK/USDT,buy,13.68684000,22.47340014,0.30758983,USDT
2025-12-07T22:00:00Z,LINK/USDT,stop_sell,13.66030929,22.47340014,0.30699360,USDT
2025-12-08T03:30:00Z,LINK/USDT,buy,13.92696000,22.1758371,0.30884200,USDT
2025-12-08T08:00:00Z,LINK/USDT,sell,14.01299000,22.1758371,0.31074978,USDT
2025-12-08T08:15:00Z,LINK/USDT,buy,14.02701000,22.02501484,0.30894510,USDT
2025-12-08T08:30:00Z,LINK/USDT,sell,14.01299000,22.02501484,0.30863631,USDT
2025-12-08T20:15:00Z,LINK/USDT,buy,13.75687500,22.45211624,0.30887096,USDT
2025-12-08T21:15:00Z,LINK/USDT,sell,13.80309500,22.45211624,0.30990869,USDT
2025-12-09T07:00:00Z,LINK/USDT,buy,13.65682500,22.61905603,0.30890449,USDT
2025-12-09T07:15:00Z,LINK/USDT,sell,13.75312000,22.61905603,0.31108259,USDT
2025-12-09T07:45:00Z,LINK/USDT,buy,13.76688000,22.4472939,0.30902920,USDT
2025-12-09T10:30:00Z,LINK/USDT,stop_sell,13.67316000,22.4472939,0.30692544,USDT
2025-12-09T15:15:00Z,LINK/USDT,buy,13.93696500,22.28571746,0.31059526,USDT
2025-12-09T20:45:00Z,LINK/USDT,sell,14.48275500,22.28571746,0.32275859,USDT
2025-12-10T09:45:00Z,LINK/USDT,buy,14.27713500,21.74013935,0.31038690,USDT
2025-12-10T10:30:00Z,LINK/USDT,stop_sell,14.17291000,21.74013935,0.30812104,USDT
2025-12-10T12:15:00Z,LINK/USDT,buy,14.14707000,21.81585574,0.30863044,USDT
2025-12-10T13:15:00Z,LINK/USDT,sell,14.14292500,21.81585574,0.30854001,USDT
2025-12-10T16:30:00Z,LINK/USDT,buy,14.18709000,21.7505082,0.30857642,USDT
2025-12-10T16:45:00Z,LINK/USDT,sell,14.17291000,21.7505082,0.30826800,USDT
2025-12-10T17:15:00Z,LINK/USDT,buy,14.26713000,21.74530276,0.31024306,USDT
2025-12-10T22:00:00Z,LINK/USDT,sell,14.19290000,21.74530276,0.30862891,USDT
2025-12-11T14:00:00Z,LINK/USDT,buy,13.64682000,22.70680112,0.30987563,USDT
2025-12-11T14:15:00Z,LINK/USDT,stop_sell,13.59320000,22.70680112,0.30865809,USDT
2025-12-11T14:45:00Z,LINK/USDT,buy,13.52676000,22.64609072,0.30632823,USDT
2025-12-11T14:45:00Z,LINK/USDT,stop_sell,13.51324000,22.64609072,0.30602206,USDT
2025-12-11T15:15:00Z,LINK/USDT,buy,13.68684000,22.70729378,0.31079110,USDT
2025-12-11T15:30:00Z,LINK/USDT,stop_sell,13.54286804,22.70729378,0.30752188,USDT
2025-12-11T23:30:00Z,LINK/USDT,buy,14.06703000,21.89554246,0.30800525,USDT
2025-12-12T00:45:00Z,LINK/USDT,stop_sell,13.98336196,21.89554246,0.30617330,USDT
2025-12-12T01:00:00Z,LINK/USDT,buy,13.88694000,22.24476929,0.30891178,USDT
2025-12-12T02:00:00Z,LINK/USDT,sell,13.97301000,22.24476929,0.31082638,USDT
2025-12-12T02:30:00Z,LINK/USDT,buy,14.10705000,21.8734817,0.30857030,USDT
2025-12-12T02:45:00Z,LINK/USDT,sell,14.09295000,21.8734817,0.30826188,USDT
2025-12-12T03:15:00Z,LINK/USDT,buy,14.01700500,21.86823206,0.30652712,USDT
2025-12-12T03:15:00Z,LINK/USDT,stop_sell,14.00299500,21.86823206,0.30622074,USDT
2025-12-12T06:00:00Z,LINK/USDT,buy,14.14707000,21.86301719,0.30929763,USDT
2025-12-12T07:15:00Z,LINK/USDT,sell,14.07296000,21.86301719,0.30767737,USDT
2025-12-12T11:45:00Z,LINK/USDT,buy,14.14707000,21.78851223,0.30824361,USDT
2025-12-12T15:00:00Z,LINK/USDT,stop_sell,14.09295000,21.78851223,0.30706441,USDT
2025-12-12T20:45:00Z,LINK/USDT,buy,13.57678500,22.67643613,0.30787310,USDT
2025-12-13T02:15:00Z,LINK/USDT,sell,13.68315500,22.67643613,0.31028519,USDT
2025-12-13T02:30:00Z,LINK/USDT,buy,13.69684500,22.50471274,0.30824356,USDT
2025-12-13T12:30:00Z,LINK/USDT,sell,13.75312000,22.50471274,0.30951001,USDT
2025-12-13T12:45:00Z,LINK/USDT,buy,13.76688000,22.39399806,0.30829548,USDT
2025-12-13T13:00:00Z,LINK/USDT,sell,13.74312500,22.39399806,0.30776351,USDT
2025-12-13T18:30:00Z,LINK/USDT,buy,13.75687500,22.37106544,0.30775595,USDT
2025-12-13T19:00:00Z,LINK/USDT,stop_sell,13.72349196,22.37106544,0.30700914,USDT
2025-12-13T19:15:00Z,LINK/USDT,buy,13.75687500,22.44465341,0.30876829,USDT
2025-12-13T20:00:00Z,LINK/USDT,sell,13.74312500,22.44465341,0.30845968,USDT
2025-12-14T04:30:00Z,LINK/USDT,buy,13.68684000,22.42291168,0.30689880,USDT
2025-12-14T04:30:00Z,LINK/USDT,stop_sell,13.67316000,22.42291168,0.30659206,USDT
2025-12-14T16:30:00Z,LINK/USDT,buy,13.49674500,22.76575137,0.30726354,USDT
2025-12-14T17:00:00Z,LINK/USDT,sell,13.48325500,22.76575137,0.30695643,USDT
2025-12-14T22:30:00Z,LINK/USDT,buy,13.28664000,22.98127349,0.30534391,USDT
2025-12-14T22:30:00Z,LINK/USDT,stop_sell,13.27336000,22.98127349,0.30503872,USDT
2025-12-15T00:30:00Z,LINK/USDT,buy,13.40670000,22.99297505,0.30825992,USDT
2025-12-15T00:30:00Z,LINK/USDT,stop_sell,13.31762357,22.99297505,0.30621179,USDT
2025-12-15T01:00:00Z,LINK/USDT,buy,13.39669500,22.94276103,0.30735717,USDT
2025-12-15T05:45:00Z,LINK/USDT,sell,13.60319500,22.94276103,0.31209485,USDT
2025-12-15T06:00:00Z,LINK/USDT,buy,13.63681500,22.61296518,0.30836882,USDT
2025-12-15T07:15:00Z,LINK/USDT,sell,13.58320500,22.61296518,0.30715654,USDT
2025-12-15T12:45:00Z,LINK/USDT,buy,13.68684000,22.55250965,0.30867259,USDT
2025-12-15T13:00:00Z,LINK/USDT,stop_sell,13.59320000,22.55250965,0.30656077,USDT
2025-12-15T13:15:00Z,LINK/USDT,buy,13.60680000,22.60279909,0.30755177,USDT
2025-12-15T13:15:00Z,LINK/USDT,stop_sell,13.55678964,22.60279909,0.30642139,USDT
2025-12-15T22:15:00Z,LINK/USDT,buy,12.73636500,24.13656872,0.30741215,USDT
2025-12-16T04:00:00Z,LINK/USDT,sell,12.76361500,24.13656872,0.30806987,USDT
2025-12-16T12:45:00Z,LINK/USDT,buy,12.96648000,23.81875186,0.30884537,USDT
2025-12-16T13:30:00Z,LINK/USDT,stop_sell,12.85713964,23.81875186,0.30624102,USDT
2025-12-16T16:00:00Z,LINK/USDT,buy,12.96648000,23.52523709,0.30503952,USDT
2025-12-16T16:15:00Z,LINK/USDT,sell,12.95352000,23.52523709,0.30473463,USDT
2025-12-16T18:45:00Z,LINK/USDT,buy,12.96648000,23.83005987,0.30899199,USDT
2025-12-16T19:00:00Z,LINK/USDT,sell,12.89355000,23.83005987,0.30725407,USDT
2025-12-16T21:00:00Z,LINK/USDT,buy,13.00650000,23.59560287,0.30689621,USDT
2025-12-16T22:00:00Z,LINK/USDT,sell,12.99350000,23.59560287,0.30658947,USDT
2025-12-16T22:30:00Z,LINK/USDT,buy,12.93646500,23.58993992,0.30517043,USDT
2025-12-16T22:30:00Z,LINK/USDT,stop_sell,12.92353500,23.58993992,0.30486541,USDT
2025-12-17T07:00:00Z,LINK/USDT,buy,12.73636500,23.91544576,0.30459585,USDT
2025-12-17T07:00:00Z,LINK/USDT,stop_sell,12.72363500,23.91544576,0.30429140,USDT
2025-12-17T13:15:00Z,LINK/USDT,buy,12.72636000,24.09771606,0.30667621,USDT
2025-12-17T13:30:00Z,LINK/USDT,sell,12.71364000,24.09771606,0.30636969,USDT
2025-12-17T23:30:00Z,LINK/USDT,buy,12.24612000,24.97549981,0.30585297,USDT
2025-12-18T00:45:00Z,LINK/USDT,sell,12.27386000,24.97549981,0.30654579,USDT
2025-12-18T12:15:00Z,LINK/USDT,buy,12.19609500,25.13993572,0.30660904,USDT
2025-12-18T12:45:00Z,LINK/USDT,sell,12.18390500,25.13993572,0.30630259,USDT
2025-12-18T13:15:00Z,LINK/USDT,buy,12.48624000,24.54986114,0.30653546,USDT
2025-12-18T13:30:00Z,LINK/USDT,stop_sell,12.42378500,24.54986114,0.30500220,USDT
2025-12-19T00:30:00Z,LINK/USDT,buy,11.93596500,25.66728274,0.30636379,USDT
2025-12-19T00:30:00Z,LINK/USDT,stop_sell,11.88655375,25.66728274,0.30509554,USDT
2025-12-19T01:00:00Z,LINK/USDT,buy,11.91595500,25.74098454,0.30672841,USDT
2025-12-19T01:15:00Z,LINK/USDT,sell,11.89405000,25.74098454,0.30616456,USDT
2025-12-19T04:15:00Z,LINK/USDT,buy,12.28614000,24.91581158,0.30611915,USDT
2025-12-19T08:45:00Z,LINK/USDT,sell,12.40379500,24.91581158,0.30905062,USDT
2025-12-19T09:00:00Z,LINK/USDT,buy,12.41620500,24.66973974,0.30630455,USDT
2025-12-19T09:15:00Z,LINK/USDT,sell,12.37381000,24.66973974,0.30525867,USDT
2025-12-19T16:30:00Z,LINK/USDT,buy,12.65632500,24.28721232,0.30738685,USDT
2025-12-19T17:30:00Z,LINK/USDT,stop_sell,12.49375000,24.28721232,0.30343836,USDT
2025-12-19T17:45:00Z,LINK/USDT,buy,12.44622000,24.41326915,0.30385292,USDT
2025-12-19T18:00:00Z,LINK/USDT,sell,12.41379000,24.41326915,0.30306120,USDT
2025-12-19T19:15:00Z,LINK/USDT,buy,12.58629000,24.34599513,0.30642576,USDT
2025-12-19T21:30:00Z,LINK/USDT,sell,12.57371000,24.34599513,0.30611948,USDT
2025-12-20T08:15:00Z,LINK/USDT,buy,12.65632500,24.14772596,0.30562147,USDT
2025-12-20T09:00:00Z,LINK/USDT,stop_sell,12.62368500,24.14772596,0.30483329,USDT
2025-12-20T10:30:00Z,LINK/USDT,buy,12.65632500,24.13888083,0.30550952,USDT
2025-12-20T11:00:00Z,LINK/USDT,stop_sell,12.61369000,24.13888083,0.30448036,USDT
2025-12-20T11:15:00Z,LINK/USDT,buy,12.62631000,24.18587246,0.30537832,USDT
2025-12-20T13:00:00Z,LINK/USDT,sell,12.61369000,24.18587246,0.30507310,USDT
2025-12-20T16:00:00Z,LINK/USDT,buy,12.65632500,24.12272381,0.30530503,USDT
2025-12-20T17:15:00Z,LINK/USDT,stop_sell,12.61369000,24.12272381,0.30427656,USDT
2025-12-21T06:30:00Z,LINK/USDT,buy,12.52626000,24.36273258,0.30517392,USDT
2025-12-21T12:45:00Z,LINK/USDT,sell,12.49375000,24.36273258,0.30438189,USDT
2025-12-21T23:00:00Z,LINK/USDT,buy,12.34617000,24.70901822,0.30506174,USDT
2025-12-21T23:15:00Z,LINK/USDT,sell,12.33383000,24.70901822,0.30475683,USDT
2025-12-22T02:30:00Z,LINK/USDT,buy,12.42621000,24.50451018,0.30449819,USDT
2025-12-22T05:45:00Z,LINK/USDT,sell,12.56371500,24.50451018,0.30786768,USDT
2025-12-22T06:00:00Z,LINK/USDT,buy,12.54627000,24.26862982,0.30448078,USDT
2025-12-22T06:00:00Z,LINK/USDT,stop_sell,12.53373000,24.26862982,0.30417645,USDT
2025-12-22T09:15:00Z,LINK/USDT,buy,12.61630500,24.10937849,0.30417127,USDT
2025-12-22T09:15:00Z,LINK/USDT,stop_sell,12.60369500,24.10937849,0.30386725,USDT
2025-12-22T12:15:00Z,LINK/USDT,buy,12.73636500,24.04658307,0.30626606,USDT
2025-12-22T13:15:00Z,LINK/USDT,sell,12.72363500,24.04658307,0.30595995,USDT
2025-12-22T13:30:00Z,LINK/USDT,buy,12.73636500,23.94636341,0.30498962,USDT
2025-12-22T14:00:00Z,LINK/USDT,sell,12.72363500,23.94636341,0.30468479,USDT
2025-12-22T14:30:00Z,LINK/USDT,buy,12.65632500,23.94061628,0.30300022,USDT
2025-12-22T14:30:00Z,LINK/USDT,stop_sell,12.64367500,23.94061628,0.30269737,USDT
2025-12-22T15:00:00Z,LINK/USDT,buy,12.81640500,23.78543025,0.30484371,USDT
2025-12-22T15:15:00Z,LINK/USDT,stop_sell,12.72363500,23.78543025,0.30263713,USDT
2025-12-23T03:30:00Z,LINK/USDT,buy,12.54627000,24.27960424,0.30461847,USDT
2025-12-23T03:45:00Z,LINK/USDT,sell,12.50374500,24.27960424,0.30358598,USDT
2025-12-23T11:15:00Z,LINK/USDT,buy,12.26613000,24.82340796,0.30448715,USDT
2025-12-23T11:30:00Z,LINK/USDT,sell,12.25387000,24.82340796,0.30418281,USDT
2025-12-23T12:45:00Z,LINK/USDT,buy,12.26613000,24.81745034,0.30441407,USDT
2025-12-23T13:30:00Z,LINK/USDT,stop_sell,12.25065732,24.81745034,0.30403008,USDT
2025-12-23T16:00:00Z,LINK/USDT,buy,12.25612500,24.77056565,0.30359115,USDT
2025-12-24T00:15:00Z,LINK/USDT,sell,12.39380000,24.77056565,0.30700144,USDT
2025-12-24T00:30:00Z,LINK/USDT,buy,12.40620000,24.54891305,0.30455873,USDT
2025-12-24T01:30:00Z,LINK/USDT,sell,12.38380500,24.54891305,0.30400895,USDT
2025-12-24T22:45:00Z,LINK/USDT,buy,12.36618000,24.6807668,0.30520680,USDT
2025-12-24T23:45:00Z,LINK/USDT,stop_sell,12.28385500,24.6807668,0.30317496,USDT
2025-12-25T00:00:00Z,LINK/USDT,buy,12.25612500,24.74390859,0.30326444,USDT
2025-12-25T00:00:00Z,LINK/USDT,stop_sell,12.24387500,24.74390859,0.30296132,USDT
2025-12-25T00:15:00Z,LINK/USDT,buy,12.25612500,24.81876648,0.30418190,USDT
2025-12-25T01:15:00Z,LINK/USDT,sell,12.25387000,24.81876648,0.30412594,USDT
2025-12-25T04:45:00Z,LINK/USDT,buy,12.33616500,24.6734373,0.30437559,USDT
2025-12-25T05:30:00Z,LINK/USDT,stop_sell,12.29385000,24.6734373,0.30333154,USDT
2025-12-25T05:45:00Z,LINK/USDT,buy,12.30615000,24.70281353,0.30399653,USDT
2025-12-25T08:45:00Z,LINK/USDT,stop_sell,12.23388000,24.70281353,0.30221126,USDT
2025-12-25T15:00:00Z,LINK/USDT,buy,12.28614000,24.72746645,0.30380511,USDT
2025-12-25T18:00:00Z,LINK/USDT,sell,12.34382500,24.72746645,0.30523152,USDT
2025-12-25T18:15:00Z,LINK/USDT,buy,12.35617500,24.59260546,0.30387054,USDT
2025-12-25T18:45:00Z,LINK/USDT,sell,12.35382000,24.59260546,0.30381262,USDT
2025-12-25T20:45:00Z,LINK/USDT,buy,12.39619500,24.50891279,0.30381726,USDT
2025-12-25T21:00:00Z,LINK/USDT,stop_sell,12.34382500,24.50891279,0.30253373,USDT
2025-12-25T22:00:00Z,LINK/USDT,buy,12.30615000,24.57605173,0.30243658,USDT
2025-12-25T22:00:00Z,LINK/USDT,stop_sell,12.29385000,24.57605173,0.30213429,USDT
2025-12-26T05:30:00Z,LINK/USDT,buy,12.41620500,24.4513852,0.30359341,USDT
2025-12-26T07:15:00Z,LINK/USDT,sell,12.45377000,24.4513852,0.30451193,USDT
2025-12-26T07:30:00Z,LINK/USDT,buy,12.48624000,24.31622782,0.30361826,USDT
2025-12-26T07:30:00Z,LINK/USDT,stop_sell,12.44484589,24.31622782,0.30261171,USDT
2025-12-26T08:30:00Z,LINK/USDT,buy,12.41620500,24.46270169,0.30373392,USDT
2025-12-26T09:45:00Z,LINK/USDT,sell,12.38380500,24.46270169,0.30294133,USDT
2025-12-26T19:45:00Z,LINK/USDT,buy,12.19609500,24.87494336,0.30337717,USDT
2025-12-26T20:15:00Z,LINK/USDT,sell,12.18390500,24.87494336,0.30307395,USDT
2025-12-26T21:30:00Z,LINK/USDT,buy,12.24612000,24.76738443,0.30330436,USDT
2025-12-26T21:45:00Z,LINK/USDT,sell,12.20389500,24.76738443,0.30225856,USDT
2025-12-27T09:00:00Z,LINK/USDT,buy,12.23611500,24.65587276,0.30169209,USDT
2025-12-27T09:00:00Z,LINK/USDT,stop_sell,12.22388500,24.65587276,0.30139055,USDT
2025-12-27T10:15:00Z,LINK/USDT,buy,12.24612000,24.73047398,0.30285235,USDT
2025-12-27T13:15:00Z,LINK/USDT,sell,12.25387000,24.73047398,0.30304401,USDT
2025-12-27T14:15:00Z,LINK/USDT,buy,12.29614500,24.64728783,0.30306663,USDT
2025-12-27T17:00:00Z,LINK/USDT,stop_sell,12.27850054,24.64728783,0.30263174,USDT
2025-12-27T17:15:00Z,LINK/USDT,buy,12.28614000,24.66057985,0.30298334,USDT
2025-12-27T19:00:00Z,LINK/USDT,sell,12.27386000,24.66057985,0.30268050,USDT
2025-12-27T19:30:00Z,LINK/USDT,buy,12.31615500,24.59457684,0.30291062,USDT
2025-12-27T20:45:00Z,LINK/USDT,sell,12.34382500,24.59457684,0.30359115,USDT
2025-12-27T21:00:00Z,LINK/USDT,buy,12.35617500,24.51539784,0.30291655,USDT
2025-12-27T21:15:00Z,LINK/USDT,sell,12.38380500,24.51539784,0.30359391,USDT
2025-12-28T02:30:00Z,LINK/USDT,buy,12.48624000,24.26048328,0.30292222,USDT
2025-12-28T03:15:00Z,LINK/USDT,sell,12.44377500,24.26048328,0.30189200,USDT
2025-12-28T04:15:00Z,LINK/USDT,buy,12.53626500,24.15323451,0.30279135,USDT
2025-12-28T04:45:00Z,LINK/USDT,sell,12.48375500,24.15323451,0.30152306,USDT
2025-12-28T08:00:00Z,LINK/USDT,buy,12.48624000,24.23799843,0.30264147,USDT
2025-12-28T08:30:00Z,LINK/USDT,sell,12.47376000,24.23799843,0.30233898,USDT
2025-12-28T14:00:00Z,LINK/USDT,buy,12.47623500,24.17407056,0.30160139,USDT
2025-12-28T14:00:00Z,LINK/USDT,stop_sell,12.46376500,24.17407056,0.30129993,USDT
2025-12-28T16:15:00Z,LINK/USDT,buy,12.58629000,24.14898359,0.30394611,USDT
2025-12-28T16:45:00Z,LINK/USDT,stop_sell,12.49553482,24.14898359,0.30175447,USDT
2025-12-28T17:00:00Z,LINK/USDT,buy,12.54627000,24.16971895,0.30323982,USDT
2025-12-28T18:00:00Z,LINK/USDT,stop_sell,12.45626875,24.16971895,0.30106451,USDT
2025-12-28T18:15:00Z,LINK/USDT,buy,12.40620000,24.24892515,0.30083702,USDT
2025-12-28T18:15:00Z,LINK/USDT,stop_sell,12.39380000,24.24892515,0.30053633,USDT
2025-12-29T05:15:00Z,LINK/USDT,buy,12.94647000,23.37931475,0.30267960,USDT
2025-12-29T06:45:00Z,LINK/USDT,stop_sell,12.82858250,23.37931475,0.29992347,USDT
2025-12-29T07:00:00Z,LINK/USDT,buy,12.80640000,23.54084737,0.30147351,USDT
2025-12-29T07:00:00Z,LINK/USDT,stop_sell,12.74897946,23.54084737,0.30012178,USDT
2025-12-29T07:15:00Z,LINK/USDT,buy,12.75637500,23.63937168,0.30155269,USDT
2025-12-29T08:00:00Z,LINK/USDT,sell,12.74362500,23.63937168,0.30125129,USDT
2025-12-29T18:00:00Z,LINK/USDT,buy,12.41620500,24.26164674,0.30123758,USDT
2025-12-29T18:30:00Z,LINK/USDT,stop_sell,12.36381500,24.26164674,0.29996651,USDT
2025-12-30T00:30:00Z,LINK/USDT,buy,12.30615000,24.48616835,0.30133046,USDT
2025-12-30T00:30:00Z,LINK/USDT,stop_sell,12.28849554,24.48616835,0.30089817,USDT
2025-12-30T00:45:00Z,LINK/USDT,buy,12.32616000,24.43970042,0.30124766,USDT
2025-12-30T02:30:00Z,LINK/USDT,stop_sell,12.29385000,24.43970042,0.30045801,USDT
2025-12-30T03:15:00Z,LINK/USDT,buy,12.31615500,24.45051186,0.30113629,USDT
2025-12-30T05:30:00Z,LINK/USDT,sell,12.30384500,24.45051186,0.30083531,USDT
2025-12-30T06:00:00Z,LINK/USDT,buy,12.34617000,24.38521592,0.30106402,USDT
2025-12-30T06:15:00Z,LINK/USDT,sell,12.33383000,24.38521592,0.30076311,USDT
2025-12-30T10:15:00Z,LINK/USDT,buy,12.49624500,24.04806916,0.30051056,USDT
2025-12-30T13:00:00Z,LINK/USDT,sell,12.49375000,24.04806916,0.30045056,USDT
2025-12-30T13:30:00Z,LINK/USDT,buy,12.50625000,24.06307746,0.30093886,USDT
2025-12-30T14:00:00Z,LINK/USDT,stop_sell,12.46376500,24.06307746,0.29991654,USDT
2025-12-31T09:15:00Z,LINK/USDT,buy,12.40620000,24.26623198,0.30105173,USDT
2025-12-31T10:00:00Z,LINK/USDT,sell,12.39380000,24.26623198,0.30075083,USDT
2025-12-31T12:30:00Z,LINK/USDT,buy,12.46623000,24.12410899,0.30073669,USDT
2025-12-31T13:00:00Z,LINK/USDT,stop_sell,12.44377500,24.12410899,0.30019498,USDT
2025-12-31T13:30:00Z,LINK/USDT,buy,12.45622500,24.13614352,0.30064523,USDT
2025-12-31T13:45:00Z,LINK/USDT,stop_sell,12.43378000,24.13614352,0.30010350,USDT
2025-12-31T14:30:00Z,LINK/USDT,buy,12.54627000,23.95562904,0.30055379,USDT
2025-12-31T15:30:00Z,LINK/USDT,stop_sell,12.37381000,23.95562904,0.29642240,USDT
2026-01-01T05:30:00Z,LINK/USDT,buy,12.28614000,24.43202924,0.30017533,USDT
2026-01-01T05:45:00Z,LINK/USDT,stop_sell,12.24708768,24.43202924,0.29922120,USDT
2026-01-01T06:00:00Z,LINK/USDT,buy,12.28614000,24.42190856,0.30005099,USDT
2026-01-01T07:15:00Z,LINK/USDT,stop_sell,12.22388500,24.42190856,0.29853060,USDT
2026-01-01T09:00:00Z,LINK/USDT,buy,12.24612000,24.48786926,0.29988139,USDT
2026-01-01T10:15:00Z,LINK/USDT,sell,12.26386500,24.48786926,0.30031592,USDT
2026-01-01T13:00:00Z,LINK/USDT,buy,12.24612000,24.4667973,0.29962334,USDT
2026-01-01T13:00:00Z,LINK/USDT,stop_sell,12.23388000,24.4667973,0.29932386,USDT
2026-01-01T14:00:00Z,LINK/USDT,buy,12.29614500,24.44097824,0.30052981,USDT
2026-01-01T14:30:00Z,LINK/USDT,stop_sell,12.24387500,24.44097824,0.29925228,USDT
2026-01-01T16:15:00Z,LINK/USDT,buy,12.36618000,24.13345756,0.29843868,USDT
2026-01-01T16:15:00Z,LINK/USDT,stop_sell,12.35382000,24.13345756,0.29814039,USDT
2026-01-01T17:00:00Z,LINK/USDT,buy,12.40620000,24.22529278,0.30054383,USDT
2026-01-02T02:45:00Z,LINK/USDT,sell,12.65367000,24.22529278,0.30653886,USDT
2026-01-02T03:00:00Z,LINK/USDT,buy,12.68634000,23.68528079,0.30047953,USDT
2026-01-02T09:00:00Z,LINK/USDT,sell,12.95352000,23.68528079,0.30680776,USDT
2026-01-02T09:15:00Z,LINK/USDT,buy,12.94647000,23.17232488,0.29999981,USDT
2026-01-02T09:30:00Z,LINK/USDT,sell,12.97351000,23.17232488,0.30062639,USDT
2026-01-02T12:45:00Z,LINK/USDT,buy,13.04652000,23.08342865,0.30115841,USDT
2026-01-02T14:15:00Z,LINK/USDT,stop_sell,12.94459589,23.08342865,0.29880566,USDT
2026-01-02T15:45:00Z,LINK/USDT,buy,13.16658000,22.85446984,0.30091521,USDT
2026-01-02T22:00:00Z,LINK/USDT,sell,13.35332000,22.85446984,0.30518305,USDT
2026-01-02T22:15:00Z,LINK/USDT,buy,13.41670500,22.39911474,0.30052231,USDT
2026-01-02T23:30:00Z,LINK/USDT,stop_sell,13.29335000,22.39911474,0.29775927,USDT
2026-01-03T12:15:00Z,LINK/USDT,buy,13.10655000,22.89116878,0.30002425,USDT
2026-01-03T14:30:00Z,LINK/USDT,sell,13.13343000,22.89116878,0.30063956,USDT
2026-01-03T14:45:00Z,LINK/USDT,buy,13.15657500,22.82162698,0.30025445,USDT
2026-01-03T15:15:00Z,LINK/USDT,sell,13.14342500,22.82162698,0.29995434,USDT
2026-01-03T19:45:00Z,LINK/USDT,buy,13.18659000,22.76421621,0.30018239,USDT
2026-01-03T22:00:00Z,LINK/USDT,sell,13.19340000,22.76421621,0.30033741,USDT
2026-01-04T03:30:00Z,LINK/USDT,buy,13.36668000,22.45484507,0.30014673,USDT
2026-01-04T04:30:00Z,LINK/USDT,sell,13.35332000,22.45484507,0.29984673,USDT
2026-01-04T04:45:00Z,LINK/USDT,buy,13.36668000,22.4494559,0.30007469,USDT
2026-01-04T05:45:00Z,LINK/USDT,sell,13.40329500,22.4494559,0.30089668,USDT
2026-01-04T06:00:00Z,LINK/USDT,buy,13.44672000,22.36707025,0.30076373,USDT
2026-01-04T06:30:00Z,LINK/USDT,stop_sell,13.35332000,22.36707025,0.29867465,USDT
2026-01-04T09:30:00Z,LINK/USDT,buy,13.40670000,22.36771121,0.29987719,USDT
2026-01-04T10:45:00Z,LINK/USDT,sell,13.37331000,22.36771121,0.29913034,USDT
2026-01-04T12:15:00Z,LINK/USDT,buy,13.46673000,22.30972904,0.30043910,USDT
2026-01-04T13:15:00Z,LINK/USDT,stop_sell,13.38330500,22.30972904,0.29857791,USDT
2026-01-04T13:45:00Z,LINK/USDT,buy,13.45672500,22.27848546,0.29979545,USDT
2026-01-04T18:45:00Z,LINK/USDT,sell,13.41329000,22.27848546,0.29882779,USDT
2026-01-04T21:15:00Z,LINK/USDT,buy,13.44672000,22.26916231,0.29944719,USDT
2026-01-04T21:30:00Z,LINK/USDT,sell,13.39330000,22.26916231,0.29825757,USDT
2026-01-05T00:00:00Z,LINK/USDT,buy,13.44672000,22.29169564,0.29975019,USDT
2026-01-05T00:45:00Z,LINK/USDT,sell,13.51324000,22.29169564,0.30123303,USDT
2026-01-05T02:15:00Z,LINK/USDT,buy,13.68684000,21.73021818,0.29741802,USDT
2026-01-05T02:30:00Z,LINK/USDT,stop_sell,13.64317500,21.73021818,0.29646917,USDT
2026-01-05T03:45:00Z,LINK/USDT,buy,13.75687500,21.75284985,0.29925124,USDT
2026-01-05T04:00:00Z,LINK/USDT,stop_sell,13.64353196,21.75284985,0.29678570,USDT
2026-01-05T18:45:00Z,LINK/USDT,buy,13.84692000,21.64060534,0.29965573,USDT
2026-01-05T19:45:00Z,LINK/USDT,stop_sell,13.74098321,21.64060534,0.29736319,USDT
2026-01-06T12:00:00Z,LINK/USDT,buy,13.93696500,21.46841088,0.29920449,USDT
2026-01-06T13:45:00Z,LINK/USDT,stop_sell,13.84307500,21.46841088,0.29718882,USDT
2026-01-06T14:00:00Z,LINK/USDT,buy,13.85692500,21.5463271,0.29856584,USDT
2026-01-06T16:30:00Z,LINK/USDT,sell,13.79310000,21.5463271,0.29719064,USDT
2026-01-06T21:30:00Z,LINK/USDT,buy,13.98699000,21.45747872,0.30012554,USDT
2026-01-07T00:45:00Z,LINK/USDT,stop_sell,13.83200911,21.45747872,0.29680004,USDT
2026-01-07T01:00:00Z,LINK/USDT,buy,13.86693000,21.5589841,0.29895692,USDT
2026-01-07T01:15:00Z,LINK/USDT,stop_sell,13.73384393,21.5589841,0.29608772,USDT
2026-01-07T07:00:00Z,LINK/USDT,buy,13.74687000,21.6643392,0.29781685,USDT
2026-01-07T08:00:00Z,LINK/USDT,sell,13.87306000,21.6643392,0.30055068,USDT
2026-01-07T08:15:00Z,LINK/USDT,buy,13.88694000,21.45813091,0.29798778,USDT
2026-01-07T09:00:00Z,LINK/USDT,stop_sell,13.85378393,21.45813091,0.29727631,USDT
2026-01-07T09:15:00Z,LINK/USDT,buy,13.76688000,21.49706271,0.29594748,USDT
2026-01-07T09:15:00Z,LINK/USDT,stop_sell,13.75312000,21.49706271,0.29565168,USDT
2026-01-07T20:15:00Z,LINK/USDT,buy,13.43671500,22.16406006,0.29781216,USDT
2026-01-07T20:30:00Z,LINK/USDT,stop_sell,13.35332000,22.16406006,0.29596379,USDT
2026-01-07T21:30:00Z,LINK/USDT,buy,13.39669500,22.21567997,0.29761669,USDT
2026-01-07T21:45:00Z,LINK/USDT,stop_sell,13.33333000,22.21567997,0.29620899,USDT
2026-01-08T08:30:00Z,LINK/USDT,buy,13.36668000,22.25358032,0.29745649,USDT
2026-01-08T09:00:00Z,LINK/USDT,sell,13.35332000,22.25358032,0.29715918,USDT
2026-01-08T11:15:00Z,LINK/USDT,buy,13.20660000,22.382265,0.29559362,USDT
2026-01-08T11:15:00Z,LINK/USDT,stop_sell,13.19340000,22.382265,0.29529818,USDT
2026-01-08T11:45:00Z,LINK/USDT,buy,13.20660000,22.51254335,0.29731416,USDT
2026-01-08T12:00:00Z,LINK/USDT,sell,13.19340000,22.51254335,0.29701699,USDT
2026-01-08T15:00:00Z,LINK/USDT,buy,13.09654500,22.5755511,0.29566172,USDT
2026-01-08T15:00:00Z,LINK/USDT,stop_sell,13.08345500,22.5755511,0.29536621,USDT
2026-01-08T23:15:00Z,LINK/USDT,buy,13.28664000,22.36621454,0.29717184,USDT
2026-01-09T00:15:00Z,LINK/USDT,stop_sell,13.22945339,22.36621454,0.29589279,USDT
2026-01-09T02:15:00Z,LINK/USDT,buy,13.31665500,22.30454997,0.29702200,USDT
2026-01-09T03:00:00Z,LINK/USDT,sell,13.26336500,22.30454997,0.29583339,USDT
2026-01-09T08:30:00Z,LINK/USDT,buy,13.26663000,22.29384244,0.29576416,USDT
2026-01-09T08:30:00Z,LINK/USDT,stop_sell,13.25337000,22.29384244,0.29546854,USDT
2026-01-09T15:30:00Z,LINK/USDT,buy,13.37668500,22.20509693,0.29703059,USDT
2026-01-09T15:45:00Z,LINK/USDT,stop_sell,13.27336000,22.20509693,0.29473625,USDT
2026-01-09T16:00:00Z,LINK/USDT,buy,13.36668000,22.32147638,0.29836403,USDT
2026-01-09T18:15:00Z,LINK/USDT,stop_sell,13.19340000,22.32147638,0.29449617,USDT
2026-01-09T20:00:00Z,LINK/USDT,buy,13.12656000,22.56648996,0.29622038,USDT
2026-01-09T20:15:00Z,LINK/USDT,sell,13.11344000,22.56648996,0.29592431,USDT
2026-01-09T23:15:00Z,LINK/USDT,buy,13.20660000,22.42434022,0.29614929,USDT
2026-01-10T00:15:00Z,LINK/USDT,stop_sell,13.11344000,22.42434022,0.29406024,USDT
2026-01-10T05:30:00Z,LINK/USDT,buy,13.12656000,22.54473704,0.29593484,USDT
2026-01-10T06:15:00Z,LINK/USDT,sell,13.11344000,22.54473704,0.29563906,USDT
2026-01-10T09:30:00Z,LINK/USDT,buy,13.17658500,22.45375559,0.29586382,USDT
2026-01-10T15:00:00Z,LINK/USDT,sell,13.14342500,22.45375559,0.29511925,USDT
2026-01-10T19:45:00Z,LINK/USDT,buy,13.25662500,22.31012205,0.29575692,USDT
2026-01-10T21:30:00Z,LINK/USDT,stop_sell,13.17341000,22.31012205,0.29390038,USDT
2026-01-10T21:45:00Z,LINK/USDT,buy,13.18659000,22.41376492,0.29556113,USDT
2026-01-10T22:15:00Z,LINK/USDT,sell,13.15342000,22.41376492,0.29481766,USDT
2026-01-10T22:45:00Z,LINK/USDT,buy,13.15657500,22.40566875,0.29478186,USDT
2026-01-10T22:45:00Z,LINK/USDT,stop_sell,13.14342500,22.40566875,0.29448723,USDT
2026-01-11T03:15:00Z,LINK/USDT,buy,13.22661000,22.33252662,0.29538362,USDT
2026-01-11T07:15:00Z,LINK/USDT,sell,13.20339500,22.33252662,0.29486517,USDT
2026-01-12T05:45:00Z,LINK/USDT,buy,13.42671000,21.99309285,0.29529488,USDT
2026-01-12T07:15:00Z,LINK/USDT,sell,13.39330000,21.99309285,0.29456009,USDT
2026-01-13T01:30:00Z,LINK/USDT,buy,13.16658000,22.41955429,0.29518886,USDT
2026-01-13T02:45:00Z,LINK/USDT,stop_sell,13.10344500,22.41955429,0.29377340,USDT
2026-01-13T03:00:00Z,LINK/USDT,buy,13.10655000,22.49282844,0.29480338,USDT
2026-01-13T06:45:00Z,LINK/USDT,sell,13.25337000,22.49282844,0.29810578,USDT
2026-01-13T07:15:00Z,LINK/USDT,buy,13.26663000,22.25473151,0.29524529,USDT
2026-01-13T07:30:00Z,LINK/USDT,sell,13.25337000,22.25473151,0.29495019,USDT
2026-01-13T14:45:00Z,LINK/USDT,buy,13.45672500,21.83766961,0.29386351,USDT
2026-01-13T14:45:00Z,LINK/USDT,stop_sell,13.44327500,21.83766961,0.29356980,USDT
2026-01-13T15:15:00Z,LINK/USDT,buy,13.41670500,21.99525909,0.29510390,USDT
2026-01-14T03:15:00Z,LINK/USDT,sell,14.06296500,21.99525909,0.30931856,USDT
2026-01-14T04:00:00Z,LINK/USDT,buy,14.12706000,20.95153879,0.29598365,USDT
2026-01-14T04:15:00Z,LINK/USDT,sell,14.11294000,20.95153879,0.29568781,USDT
2026-01-14T05:30:00Z,LINK/USDT,buy,13.99699500,21.12592737,0.29569950,USDT
2026-01-14T05:45:00Z,LINK/USDT,sell,14.03298000,21.12592737,0.29645972,USDT
2026-01-14T08:00:00Z,LINK/USDT,buy,14.10705000,21.00693308,0.29634586,USDT
2026-01-14T11:30:00Z,LINK/USDT,stop_sell,14.04975732,21.00693308,0.29514231,USDT
2026-01-14T17:15:00Z,LINK/USDT,buy,14.36718000,20.57330212,0.29558033,USDT
2026-01-14T17:30:00Z,LINK/USDT,stop_sell,14.23680661,20.57330212,0.29289812,USDT
2026-01-14T17:45:00Z,LINK/USDT,buy,14.24712000,20.78638744,0.29614616,USDT
2026-01-14T18:30:00Z,LINK/USDT,stop_sell,14.06831946,20.78638744,0.29242954,USDT
2026-01-15T10:45:00Z,LINK/USDT,buy,14.06703000,20.99843627,0.29538563,USDT
2026-01-15T11:30:00Z,LINK/USDT,stop_sell,13.97301000,20.99843627,0.29341136,USDT
2026-01-15T12:45:00Z,LINK/USDT,buy,14.00700000,21.07378345,0.29518048,USDT
2026-01-15T14:45:00Z,LINK/USDT,sell,13.95302000,21.07378345,0.29404292,USDT
2026-01-15T15:00:00Z,LINK/USDT,buy,14.04702000,20.9591205,0.29441318,USDT
2026-01-15T15:15:00Z,LINK/USDT,stop_sell,13.96765554,20.9591205,0.29274978,USDT
2026-01-15T23:30:00Z,LINK/USDT,buy,13.76688000,21.41822527,0.29486214,USDT
2026-01-16T01:30:00Z,LINK/USDT,sell,13.72313500,21.41822527,0.29392520,USDT
2026-01-16T01:45:00Z,LINK/USDT,buy,13.80690000,21.45613412,0.29624270,USDT
2026-01-16T02:15:00Z,LINK/USDT,stop_sell,13.67316000,21.45613412,0.29337315,USDT
2026-01-16T02:30:00Z,LINK/USDT,buy,13.78689000,21.35819947,0.29446315,USDT
2026-01-16T04:00:00Z,LINK/USDT,stop_sell,13.69315000,21.35819947,0.29246103,USDT
2026-01-17T01:00:00Z,LINK/USDT,buy,13.73686500,21.42089333,0.29425592,USDT
2026-01-17T01:45:00Z,LINK/USDT,stop_sell,13.68315500,21.42089333,0.29310540,USDT
2026-01-17T06:45:00Z,LINK/USDT,buy,13.72686000,21.42637283,0.29411682,USDT
2026-01-17T11:15:00Z,LINK/USDT,sell,13.70314500,21.42637283,0.29360869,USDT
2026-01-17T16:30:00Z,LINK/USDT,buy,13.89694500,21.1578234,0.29402911,USDT
2026-01-17T16:45:00Z,LINK/USDT,stop_sell,13.79310000,21.1578234,0.29183197,USDT
2026-01-17T17:00:00Z,LINK/USDT,buy,13.78689000,21.31056077,0.29380636,USDT
2026-01-17T18:45:00Z,LINK/USDT,sell,13.78310500,21.31056077,0.29372570,USDT
2026-01-18T06:00:00Z,LINK/USDT,buy,13.74687000,21.43110014,0.29461055,USDT
2026-01-18T16:00:00Z,LINK/USDT,sell,13.76311500,21.43110014,0.29495870,USDT
2026-01-18T19:00:00Z,LINK/USDT,buy,13.84692000,21.19759988,0.29352147,USDT
2026-01-18T19:15:00Z,LINK/USDT,sell,13.83308000,21.19759988,0.29322809,USDT
2026-01-18T23:00:00Z,LINK/USDT,buy,13.76688000,21.17722571,0.29154433,USDT
2026-01-18T23:00:00Z,LINK/USDT,stop_sell,13.75312000,21.17722571,0.29125293,USDT
2026-01-19T17:30:00Z,LINK/USDT,buy,12.91645500,22.73016365,0.29359314,USDT
2026-01-19T18:15:00Z,LINK/USDT,stop_sell,12.86356500,22.73016365,0.29239094,USDT
2026-01-19T18:30:00Z,LINK/USDT,buy,12.87643500,22.78969371,0.29345001,USDT
2026-01-19T22:15:00Z,LINK/USDT,sell,12.87356000,22.78969371,0.29338449,USDT
2026-01-19T23:45:00Z,LINK/USDT,buy,12.88644000,22.76794796,0.29339780,USDT
2026-01-20T00:15:00Z,LINK/USDT,stop_sell,12.84036232,22.76794796,0.29234870,USDT
2026-01-20T03:00:00Z,LINK/USDT,buy,12.87643500,22.74013828,0.29281191,USDT
2026-01-20T03:15:00Z,LINK/USDT,sell,12.86356500,22.74013828,0.29251925,USDT
2026-01-20T13:30:00Z,LINK/USDT,buy,12.48624000,23.3878805,0.29202669,USDT
2026-01-20T13:30:00Z,LINK/USDT,stop_sell,12.47376000,23.3878805,0.29173481,USDT
2026-01-20T14:15:00Z,LINK/USDT,buy,12.50625000,23.36364365,0.29219157,USDT
2026-01-20T14:15:00Z,LINK/USDT,stop_sell,12.49375000,23.36364365,0.29189952,USDT
2026-01-20T14:45:00Z,LINK/USDT,buy,12.50625000,23.30230711,0.29142448,USDT
2026-01-20T14:45:00Z,LINK/USDT,stop_sell,12.49375000,23.30230711,0.29113320,USDT
2026-01-20T21:30:00Z,LINK/USDT,buy,12.35617500,23.71174846,0.29298651,USDT
2026-01-20T22:00:00Z,LINK/USDT,sell,12.34382500,23.71174846,0.29269367,USDT
2026-01-20T22:30:00Z,LINK/USDT,buy,12.24612000,23.70605764,0.29030723,USDT
2026-01-20T22:30:00Z,LINK/USDT,stop_sell,12.23388000,23.70605764,0.29001706,USDT
2026-01-21T01:30:00Z,LINK/USDT,buy,12.35617500,23.70041886,0.29284652,USDT
2026-01-21T06:15:00Z,LINK/USDT,sell,12.43378000,23.70041886,0.29468579,USDT
2026-01-21T08:00:00Z,LINK/USDT,buy,12.34617000,23.67019499,0.29223625,USDT
2026-01-21T08:00:00Z,LINK/USDT,stop_sell,12.33383000,23.67019499,0.29194416,USDT
2026-01-22T00:15:00Z,LINK/USDT,buy,12.42621000,23.5502985,0.29264095,USDT
2026-01-22T00:30:00Z,LINK/USDT,sell,12.45377000,23.5502985,0.29329000,USDT
2026-01-22T04:15:00Z,LINK/USDT,buy,12.53626500,23.36275017,0.29288163,USDT
2026-01-22T05:00:00Z,LINK/USDT,stop_sell,12.49375000,23.36275017,0.29188836,USDT
2026-01-22T05:15:00Z,LINK/USDT,buy,12.50625000,23.40872133,0.29275532,USDT
2026-01-22T06:00:00Z,LINK/USDT,stop_sell,12.47376000,23.40872133,0.29199477,USDT
2026-01-22T11:45:00Z,LINK/USDT,buy,12.48624000,23.43761159,0.29264764,USDT
2026-01-22T13:30:00Z,LINK/USDT,stop_sell,12.42378500,23.43761159,0.29118385,USDT
2026-01-23T01:00:00Z,LINK/USDT,buy,12.26613000,23.84482728,0.29248375,USDT
2026-01-23T02:00:00Z,LINK/USDT,sell,12.27386000,23.84482728,0.29266807,USDT
2026-01-23T05:00:00Z,LINK/USDT,buy,12.35617500,23.66846283,0.29245167,USDT
2026-01-23T07:00:00Z,LINK/USDT,stop_sell,12.27386000,23.66846283,0.29050340,USDT
2026-01-23T07:15:00Z,LINK/USDT,buy,12.29614500,23.76753604,0.29224907,USDT
2026-01-23T07:45:00Z,LINK/USDT,stop_sell,12.24387500,23.76753604,0.29100674,USDT
2026-01-23T13:15:00Z,LINK/USDT,buy,12.28614000,23.77499765,0.29210295,USDT
2026-01-23T13:45:00Z,LINK/USDT,stop_sell,12.26636375,23.77499765,0.29163277,USDT
2026-01-23T18:15:00Z,LINK/USDT,buy,12.44622000,23.46243231,0.29201859,USDT
2026-01-23T19:15:00Z,LINK/USDT,stop_sell,12.29385000,23.46243231,0.28844362,USDT
2026-01-23T19:30:00Z,LINK/USDT,buy,12.23611500,23.66397916,0.28955517,USDT
2026-01-23T19:30:00Z,LINK/USDT,stop_sell,12.22388500,23.66397916,0.28926576,USDT
2026-01-23T21:00:00Z,LINK/USDT,buy,12.22611000,23.83244193,0.29137806,USDT
2026-01-23T21:45:00Z,LINK/USDT,stop_sell,12.17391000,23.83244193,0.29013400,USDT
2026-01-23T22:00:00Z,LINK/USDT,buy,12.23611500,23.91828567,0.29266689,USDT
2026-01-23T22:15:00Z,LINK/USDT,sell,12.22388500,23.91828567,0.29237437,USDT
2026-01-24T00:45:00Z,LINK/USDT,buy,12.26613000,23.79530348,0.29187629,USDT
2026-01-24T01:30:00Z,LINK/USDT,stop_sell,12.20389500,23.79530348,0.29039539,USDT
2026-01-24T07:15:00Z,LINK/USDT,buy,12.25612500,23.76240496,0.29123501,USDT
2026-01-24T09:00:00Z,LINK/USDT,sell,12.24387500,23.76240496,0.29094392,USDT
2026-01-24T09:15:00Z,LINK/USDT,buy,12.21610500,23.75670198,0.29021437,USDT
2026-01-24T09:15:00Z,LINK/USDT,stop_sell,12.20389500,23.75670198,0.28992430,USDT
2026-01-24T14:15:00Z,LINK/USDT,buy,12.23611500,23.78985958,0.29109546,USDT
2026-01-24T14:30:00Z,LINK/USDT,stop_sell,12.21389000,23.78985958,0.29056673,USDT
2026-01-24T14:45:00Z,LINK/USDT,buy,12.22611000,23.80205821,0.29100658,USDT
2026-01-24T15:00:00Z,LINK/USDT,stop_sell,12.19390000,23.80205821,0.29023992,USDT
2026-01-24T21:30:00Z,LINK/USDT,buy,12.23611500,23.79323392,0.29113675,USDT
2026-01-25T00:15:00Z,LINK/USDT,stop_sell,12.20211018,23.79323392,0.29032766,USDT
2026-01-25T00:30:00Z,LINK/USDT,buy,12.19609500,23.80360971,0.29031109,USDT
2026-01-25T00:30:00Z,LINK/USDT,stop_sell,12.18390500,23.80360971,0.29002092,USDT
2026-01-25T00:45:00Z,LINK/USDT,buy,12.19609500,23.83695116,0.29071772,USDT
2026-01-25T02:00:00Z,LINK/USDT,sell,12.18390500,23.83695116,0.29042715,USDT
2026-01-26T00:15:00Z,LINK/USDT,buy,11.61580500,25.04333597,0.29089851,USDT
2026-01-26T05:45:00Z,LINK/USDT,sell,11.74412500,25.04333597,0.29411207,USDT
2026-01-26T09:30:00Z,LINK/USDT,buy,11.83591500,24.57421651,0.29085834,USDT
2026-01-26T13:15:00Z,LINK/USDT,sell,11.82408500,24.57421651,0.29056762,USDT
2026-01-27T02:45:00Z,LINK/USDT,buy,12.05602500,24.20010077,0.29175702,USDT
2026-01-27T03:00:00Z,LINK/USDT,sell,12.03398000,24.20010077,0.29122353,USDT
2026-01-27T04:45:00Z,LINK/USDT,buy,12.01600500,24.19266382,0.29069917,USDT
2026-01-27T06:45:00Z,LINK/USDT,stop_sell,11.92403500,24.19266382,0.28847417,USDT
2026-01-27T15:30:00Z,LINK/USDT,buy,11.90595000,24.27504671,0.28901749,USDT
2026-01-27T15:30:00Z,LINK/USDT,stop_sell,11.89405000,24.27504671,0.28872862,USDT
2026-01-27T18:15:00Z,LINK/USDT,buy,11.92596000,24.35069036,0.29040536,USDT
2026-01-27T19:15:00Z,LINK/USDT,sell,11.90404500,24.35069036,0.28987171,USDT
2026-01-28T00:15:00Z,LINK/USDT,buy,12.05602500,23.98108391,0.28911655,USDT
2026-01-28T00:15:00Z,LINK/USDT,stop_sell,12.04397500,23.98108391,0.28882758,USDT
2026-01-28T19:15:00Z,LINK/USDT,buy,11.81590500,24.56407807,0.29024681,USDT
2026-01-28T20:00:00Z,LINK/USDT,sell,11.80409500,24.56407807,0.28995671,USDT
2026-01-28T20:15:00Z,LINK/USDT,buy,11.90595000,24.55818269,0.29238850,USDT
2026-01-28T22:45:00Z,LINK/USDT,sell,11.81409000,24.55818269,0.29013258,USDT
2026-01-28T23:30:00Z,LINK/USDT,buy,11.82591000,24.51819482,0.28994997,USDT
2026-01-29T00:15:00Z,LINK/USDT,stop_sell,11.79588482,24.51819482,0.28921380,USDT
2026-01-29T20:30:00Z,LINK/USDT,buy,11.01550500,26.43246684,0.29116697,USDT
2026-01-29T21:00:00Z,LINK/USDT,sell,11.04447500,26.43246684,0.29193272,USDT
2026-01-29T21:15:00Z,LINK/USDT,buy,11.09554500,26.12393584,0.28985931,USDT
2026-01-29T22:00:00Z,LINK/USDT,sell,11.14442500,26.12393584,0.29113624,USDT
2026-01-29T22:45:00Z,LINK/USDT,buy,11.13556500,26.03505156,0.28991501,USDT
2026-01-29T23:00:00Z,LINK/USDT,stop_sell,11.08445500,26.03505156,0.28858436,USDT
2026-01-30T00:15:00Z,LINK/USDT,buy,11.17558500,25.97465398,0.29028195,USDT
2026-01-30T00:15:00Z,LINK/USDT,stop_sell,11.11444000,25.97465398,0.28869373,USDT
2026-01-30T00:30:00Z,LINK/USDT,buy,11.12556000,26.00575168,0.28932855,USDT
2026-01-30T01:30:00Z,LINK/USDT,stop_sell,11.00449500,26.00575168,0.28618016,USDT
2026-01-30T06:30:00Z,LINK/USDT,buy,10.90545000,26.52716556,0.28929068,USDT
2026-01-30T06:45:00Z,LINK/USDT,sell,10.69465000,26.52716556,0.28369875,USDT
2026-01-30T15:45:00Z,LINK/USDT,buy,10.82541000,26.67771823,0.28879724,USDT
2026-01-30T16:15:00Z,LINK/USDT,stop_sell,10.77461000,26.67771823,0.28744201,USDT
2026-01-30T18:45:00Z,LINK/USDT,buy,10.82541000,27.03827497,0.29270041,USDT
2026-01-30T20:00:00Z,LINK/USDT,sell,10.91454000,27.03827497,0.29511033,USDT
2026-01-31T02:00:00Z,LINK/USDT,buy,10.80540000,26.77589636,0.28932427,USDT
2026-01-31T02:30:00Z,LINK/USDT,stop_sell,10.73463000,26.77589636,0.28742934,USDT
2026-01-31T13:30:00Z,LINK/USDT,buy,10.49524500,27.49727627,0.28859065,USDT
2026-01-31T13:45:00Z,LINK/USDT,stop_sell,10.36481500,27.49727627,0.28500418,USDT
2026-01-31T22:00:00Z,LINK/USDT,buy,9.81490500,29.36938052,0.28825768,USDT
2026-02-01T06:30:00Z,LINK/USDT,sell,9.99500000,29.36938052,0.29354696,USDT
2026-02-01T06:45:00Z,LINK/USDT,buy,9.94497000,28.84902208,0.28690266,USDT
2026-02-01T06:45:00Z,LINK/USDT,stop_sell,9.93503000,28.84902208,0.28661590,USDT
2026-02-01T20:15:00Z,LINK/USDT,buy,9.52476000,30.2963654,0.28856561,USDT
2026-02-01T21:15:00Z,LINK/USDT,sell,9.47526000,30.2963654,0.28706594,USDT
2026-02-01T21:30:00Z,LINK/USDT,buy,9.50475000,30.40668507,0.28900794,USDT
2026-02-01T22:00:00Z,LINK/USDT,sell,9.49525000,30.40668507,0.28871908,USDT
2026-02-01T22:30:00Z,LINK/USDT,buy,9.50475000,30.33537339,0.28833014,USDT
2026-02-01T23:00:00Z,LINK/USDT,sell,9.55522000,30.33537339,0.28986117,USDT
2026-02-02T01:30:00Z,LINK/USDT,buy,9.59479500,30.02732021,0.28810598,USDT
2026-02-02T02:00:00Z,LINK/USDT,sell,9.58520500,30.02732021,0.28781802,USDT
2026-02-02T02:30:00Z,LINK/USDT,buy,9.55477500,30.05142473,0.28713460,USDT
2026-02-02T02:45:00Z,LINK/USDT,sell,9.43528000,30.05142473,0.28354361,USDT
2026-02-02T04:45:00Z,LINK/USDT,buy,9.48474000,30.36500309,0.28800416,USDT
2026-02-02T05:00:00Z,LINK/USDT,stop_sell,9.24537500,30.36500309,0.28073584,USDT
2026-02-02T13:00:00Z,LINK/USDT,buy,9.66483000,29.7342924,0.28737688,USDT
2026-02-02T20:00:00Z,LINK/USDT,sell,9.79510000,29.7342924,0.29125037,USDT
2026-02-03T02:15:00Z,LINK/USDT,buy,9.80490000,29.3364136,0.28764060,USDT
2026-02-03T02:45:00Z,LINK/USDT,stop_sell,9.66516500,29.3364136,0.28354128,USDT
2026-02-03T04:45:00Z,LINK/USDT,buy,9.85492500,29.17918829,0.28755871,USDT
2026-02-03T05:00:00Z,LINK/USDT,sell,9.79510000,29.17918829,0.28581307,USDT
2026-02-03T14:00:00Z,LINK/USDT,buy,9.67483500,29.6729774,0.28708116,USDT
2026-02-03T14:45:00Z,LINK/USDT,stop_sell,9.53523000,29.6729774,0.28293866,USDT
2026-02-03T16:15:00Z,LINK/USDT,buy,9.66483000,29.66466772,0.28670397,USDT
2026-02-03T16:30:00Z,LINK/USDT,stop_sell,9.52523500,29.66466772,0.28256293,USDT
2026-02-03T20:45:00Z,LINK/USDT,buy,9.75487500,29.35219136,0.28632696,USDT
2026-02-03T22:00:00Z,LINK/USDT,stop_sell,9.59520000,29.35219136,0.28164015,USDT
2026-02-03T22:15:00Z,LINK/USDT,buy,9.61480500,29.73605447,0.28590637,USDT
2026-02-04T01:30:00Z,LINK/USDT,sell,9.54522500,29.73605447,0.28383733,USDT
2026-02-04T03:00:00Z,LINK/USDT,buy,9.62481000,29.68319971,0.28569516,USDT
2026-02-04T05:45:00Z,LINK/USDT,stop_sell,9.57521000,29.68319971,0.28422287,USDT
2026-02-04T06:00:00Z,LINK/USDT,buy,9.61480500,29.69708687,0.28553170,USDT
2026-02-04T08:45:00Z,LINK/USDT,sell,9.68515500,29.69708687,0.28762089,USDT
2026-02-04T10:45:00Z,LINK/USDT,buy,9.62481000,29.61724977,0.28506040,USDT
2026-02-04T10:45:00Z,LINK/USDT,stop_sell,9.61519000,29.61724977,0.28477548,USDT
2026-02-04T11:00:00Z,LINK/USDT,buy,9.55477500,29.67171596,0.28350657,USDT
2026-02-04T11:00:00Z,LINK/USDT,stop_sell,9.54522500,29.67171596,0.28322320,USDT
2026-02-04T20:00:00Z,LINK/USDT,buy,9.42471000,30.29446921,0.28551659,USDT
2026-02-04T21:00:00Z,LINK/USDT,stop_sell,9.30534500,30.29446921,0.28190049,USDT
2026-02-04T21:45:00Z,LINK/USDT,buy,9.22461000,30.91531655,0.28518174,USDT
2026-02-04T22:00:00Z,LINK/USDT,stop_sell,9.11544000,30.91531655,0.28180671,USDT
2026-02-04T22:30:00Z,LINK/USDT,buy,9.38469000,30.71454774,0.28824651,USDT
2026-02-05T00:00:00Z,LINK/USDT,sell,9.24537500,30.71454774,0.28396751,USDT
2026-02-05T07:45:00Z,LINK/USDT,buy,9.14457000,31.10894536,0.28447793,USDT
2026-02-05T08:00:00Z,LINK/USDT,sell,9.13543000,31.10894536,0.28419359,USDT
2026-02-05T08:30:00Z,LINK/USDT,buy,9.14457000,31.10147922,0.28440965,USDT
2026-02-05T09:00:00Z,LINK/USDT,sell,9.13543000,31.10147922,0.28412539,USDT
2026-02-06T01:15:00Z,LINK/USDT,buy,8.02401000,35.30426035,0.28328174,USDT
2026-02-06T01:30:00Z,LINK/USDT,sell,7.98600500,35.30426035,0.28194000,USDT
2026-02-06T12:45:00Z,LINK/USDT,buy,8.28414000,34.30516172,0.28418876,USDT
2026-02-06T13:00:00Z,LINK/USDT,sell,8.33583000,34.30516172,0.28596200,USDT
2026-02-06T15:00:00Z,LINK/USDT,buy,8.51425500,33.15554092,0.28229473,USDT
2026-02-06T15:00:00Z,LINK/USDT,stop_sell,8.50574500,33.15554092,0.28201258,USDT
2026-02-06T15:45:00Z,LINK/USDT,buy,8.61430500,32.9936433,0.28421731,USDT
2026-02-06T16:15:00Z,LINK/USDT,sell,8.64567500,32.9936433,0.28525232,USDT
2026-02-06T18:15:00Z,LINK/USDT,buy,8.75437500,32.03072289,0.28040896,USDT
2026-02-06T18:15:00Z,LINK/USDT,stop_sell,8.74562500,32.03072289,0.28012869,USDT
2026-02-06T18:45:00Z,LINK/USDT,buy,8.79439500,32.42525657,0.28516051,USDT
2026-02-06T19:30:00Z,LINK/USDT,sell,8.81559000,32.42525657,0.28584777,USDT
2026-02-06T20:00:00Z,LINK/USDT,buy,8.81440500,31.42196318,0.27696591,USDT
2026-02-06T20:00:00Z,LINK/USDT,stop_sell,8.80559500,31.42196318,0.27668908,USDT
2026-02-07T01:00:00Z,LINK/USDT,buy,8.84442000,32.08905181,0.28380905,USDT
2026-02-07T01:00:00Z,LINK/USDT,stop_sell,8.80809375,32.08905181,0.28264338,USDT
2026-02-07T01:15:00Z,LINK/USDT,buy,8.87443500,32.25562936,0.28625049,USDT
2026-02-07T04:00:00Z,LINK/USDT,sell,8.95552000,32.25562936,0.28886593,USDT
2026-02-07T04:15:00Z,LINK/USDT,buy,8.96448000,31.69785322,0.28415477,USDT
2026-02-07T06:15:00Z,LINK/USDT,stop_sell,8.92553500,31.69785322,0.28292030,USDT
2026-02-07T06:30:00Z,LINK/USDT,buy,8.93446500,31.82383868,0.28432897,USDT
2026-02-07T06:45:00Z,LINK/USDT,stop_sell,8.86556500,31.82383868,0.28213631,USDT
2026-02-07T16:45:00Z,LINK/USDT,buy,8.90445000,31.87055178,0.28378973,USDT
2026-02-07T17:00:00Z,LINK/USDT,stop_sell,8.82165839,31.87055178,0.28115112,USDT
2026-02-08T04:00:00Z,LINK/USDT,buy,8.84442000,31.87757327,0.28193865,USDT
2026-02-08T04:00:00Z,LINK/USDT,stop_sell,8.83558000,31.87757327,0.28165685,USDT
2026-02-08T20:45:00Z,LINK/USDT,buy,8.89444500,31.86996569,0.28346566,USDT
2026-02-08T21:45:00Z,LINK/USDT,stop_sell,8.78560500,31.86996569,0.27999693,USDT
2026-02-08T22:00:00Z,LINK/USDT,buy,8.79439500,32.19583843,0.28314292,USDT
2026-02-08T22:45:00Z,LINK/USDT,sell,8.78560500,32.19583843,0.28285992,USDT
2026-02-08T23:30:00Z,LINK/USDT,buy,8.76438000,31.93380355,0.27987999,USDT
2026-02-08T23:30:00Z,LINK/USDT,stop_sell,8.75562000,31.93380355,0.27960025,USDT
2026-02-09T07:45:00Z,LINK/USDT,buy,8.82441000,32.07101608,0.28300780,USDT
2026-02-09T08:15:00Z,LINK/USDT,stop_sell,8.67566000,32.07101608,0.27823723,USDT
2026-02-09T15:45:00Z,LINK/USDT,buy,8.76438000,32.24198825,0.28258104,USDT
2026-02-09T20:45:00Z,LINK/USDT,sell,8.89555000,32.24198825,0.28681022,USDT
2026-02-10T11:45:00Z,LINK/USDT,buy,8.52426000,33.10686187,0.28221150,USDT
2026-02-10T11:45:00Z,LINK/USDT,stop_sell,8.51574000,33.10686187,0.28192943,USDT
2026-02-10T14:30:00Z,LINK/USDT,buy,8.53426500,32.8298378,0.28017854,USDT
2026-02-10T14:30:00Z,LINK/USDT,stop_sell,8.52573500,32.8298378,0.27989850,USDT
2026-02-10T23:15:00Z,LINK/USDT,buy,8.55427500,33.05236189,0.28273899,USDT
2026-02-11T02:30:00Z,LINK/USDT,sell,8.59570000,33.05236189,0.28410819,USDT
2026-02-11T02:45:00Z,LINK/USDT,buy,8.60430000,32.86766069,0.28280321,USDT
2026-02-11T04:15:00Z,LINK/USDT,stop_sell,8.45577000,32.86766069,0.27792138,USDT
2026-02-11T13:45:00Z,LINK/USDT,buy,8.33416500,33.84010519,0.28202902,USDT
2026-02-11T13:45:00Z,LINK/USDT,stop_sell,8.31976661,33.84010519,0.28154178,USDT
2026-02-11T15:30:00Z,LINK/USDT,buy,8.27413500,34.1163739,0.28228348,USDT
2026-02-11T16:45:00Z,LINK/USDT,sell,8.26586500,34.1163739,0.28200134,USDT
2026-02-11T17:45:00Z,LINK/USDT,buy,8.31415500,33.94400698,0.28221574,USDT
2026-02-11T18:00:00Z,LINK/USDT,stop_sell,8.18590500,33.94400698,0.27786242,USDT
2026-02-11T23:30:00Z,LINK/USDT,buy,8.35417500,33.73432649,0.28182247,USDT
2026-02-11T23:45:00Z,LINK/USDT,stop_sell,8.32583500,33.73432649,0.28086644,USDT
2026-02-12T00:00:00Z,LINK/USDT,buy,8.34417000,33.80073573,0.28203909,USDT
2026-02-12T06:15:00Z,LINK/USDT,sell,8.40579500,33.80073573,0.28412206,USDT
2026-02-12T06:45:00Z,LINK/USDT,buy,8.48424000,33.21715488,0.28182231,USDT
2026-02-12T09:15:00Z,LINK/USDT,stop_sell,8.43578000,33.21715488,0.28021261,USDT
2026-02-12T21:00:00Z,LINK/USDT,buy,8.26413000,33.95750716,0.28062925,USDT
2026-02-12T21:00:00Z,LINK/USDT,stop_sell,8.25372821,33.95750716,0.28027603,USDT
2026-02-12T21:15:00Z,LINK/USDT,buy,8.26413000,33.98968652,0.28089519,USDT
2026-02-12T22:15:00Z,LINK/USDT,sell,8.27586000,33.98968652,0.28129389,USDT
2026-02-12T22:45:00Z,LINK/USDT,buy,8.37418500,33.98810691,0.28462270,USDT
2026-02-13T00:30:00Z,LINK/USDT,sell,8.34582500,33.98810691,0.28365879,USDT
2026-02-13T00:45:00Z,LINK/USDT,buy,8.39419500,33.52788444,0.28143960,USDT
2026-02-13T01:45:00Z,LINK/USDT,sell,8.40579500,33.52788444,0.28182852,USDT
2026-02-13T02:15:00Z,LINK/USDT,buy,8.41420500,33.44649261,0.28142565,USDT
2026-02-13T03:45:00Z,LINK/USDT,sell,8.39580000,33.44649261,0.28081006,USDT
2026-02-13T14:00:00Z,LINK/USDT,buy,8.46423000,33.12023291,0.28033727,USDT
2026-02-13T14:00:00Z,LINK/USDT,stop_sell,8.45577000,33.12023291,0.28005707,USDT
2026-02-14T02:30:00Z,LINK/USDT,buy,8.86443000,31.72951807,0.28126409,USDT
2026-02-14T07:00:00Z,LINK/USDT,sell,8.84557500,31.72951807,0.28066583,USDT
2026-02-14T08:45:00Z,LINK/USDT,buy,8.94447000,31.43520301,0.28117123,USDT
2026-02-14T09:00:00Z,LINK/USDT,sell,8.93553000,31.43520301,0.28089020,USDT
2026-02-14T10:15:00Z,LINK/USDT,buy,8.98449000,31.28766899,0.28110375,USDT
2026-02-14T10:45:00Z,LINK/USDT,stop_sell,8.93553000,31.28766899,0.27957190,USDT
2026-02-14T21:45:00Z,LINK/USDT,buy,9.12456000,30.78902039,0.28093626,USDT
2026-02-14T23:30:00Z,LINK/USDT,sell,9.07546000,30.78902039,0.27942452,USDT
2026-02-15T04:15:00Z,LINK/USDT,buy,9.14457000,30.80462105,0.28169501,USDT
2026-02-15T05:00:00Z,LINK/USDT,sell,9.12543500,30.80462105,0.28110557,USDT
2026-02-15T11:00:00Z,LINK/USDT,buy,9.14457000,30.69342648,0.28067819,USDT
2026-02-15T12:00:00Z,LINK/USDT,stop_sell,9.06546500,30.69342648,0.27825018,USDT
2026-02-15T17:45:00Z,LINK/USDT,buy,8.76438000,31.52969218,0.27633820,USDT
2026-02-15T17:45:00Z,LINK/USDT,stop_sell,8.75562000,31.52969218,0.27606200,USDT
2026-02-15T23:30:00Z,LINK/USDT,buy,8.76438000,32.17367112,0.28198228,USDT
2026-02-16T00:45:00Z,LINK/USDT,sell,8.76561500,32.17367112,0.28202201,USDT
2026-02-16T02:15:00Z,LINK/USDT,buy,8.76438000,31.98524359,0.28033083,USDT
2026-02-16T03:00:00Z,LINK/USDT,stop_sell,8.70957161,31.98524359,0.27857777,USDT
2026-02-16T04:00:00Z,LINK/USDT,buy,8.80440000,32.0739721,0.28239208,USDT
2026-02-16T06:00:00Z,LINK/USDT,sell,8.72563500,32.0739721,0.27986577,USDT
2026-02-16T11:45:00Z,LINK/USDT,buy,8.74437000,32.00900358,0.27989857,USDT
2026-02-16T12:00:00Z,LINK/USDT,sell,8.79560000,32.00900358,0.28153839,USDT
2026-02-16T13:45:00Z,LINK/USDT,buy,8.80440000,31.80056386,0.27998488,USDT
2026-02-16T13:45:00Z,LINK/USDT,stop_sell,8.73670089,31.80056386,0.27783201,USDT
2026-02-16T16:30:00Z,LINK/USDT,buy,8.76438000,31.92101679,0.27976792,USDT
2026-02-16T17:00:00Z,LINK/USDT,sell,8.78560500,31.92101679,0.28044544,USDT
2026-02-16T17:15:00Z,LINK/USDT,buy,8.75437500,31.81313901,0.27850415,USDT
2026-02-16T17:30:00Z,LINK/USDT,sell,8.81559000,31.81313901,0.28045159,USDT
2026-02-16T17:45:00Z,LINK/USDT,buy,8.82441000,31.71752503,0.27988845,USDT
2026-02-16T18:00:00Z,LINK/USDT,sell,8.81559000,31.71752503,0.27960870,USDT
2026-02-16T18:30:00Z,LINK/USDT,buy,8.82441000,31.70991282,0.27982127,USDT
2026-02-16T18:45:00Z,LINK/USDT,stop_sell,8.75562000,31.70991282,0.27763995,USDT
2026-02-17T16:15:00Z,LINK/USDT,buy,8.80440000,31.5420235,0.27770859,USDT
2026-02-17T17:45:00Z,LINK/USDT,stop_sell,8.77561000,31.5420235,0.27680050,USDT
2026-02-17T18:45:00Z,LINK/USDT,buy,8.87443500,31.38711459,0.27854291,USDT
2026-02-17T21:00:00Z,LINK/USDT,sell,8.83558000,31.38711459,0.27732336,USDT
2026-02-18T02:15:00Z,LINK/USDT,buy,8.87443500,31.47725895,0.27934289,USDT
2026-02-18T02:30:00Z,LINK/USDT,stop_sell,8.83558000,31.47725895,0.27811984,USDT
2026-02-18T09:00:00Z,LINK/USDT,buy,8.94447000,31.21485972,0.27920038,USDT
2026-02-18T09:15:00Z,LINK/USDT,stop_sell,8.86556500,31.21485972,0.27673737,USDT
2026-02-19T02:00:00Z,LINK/USDT,buy,8.67433500,32.1590923,0.27895874,USDT
2026-02-19T06:30:00Z,LINK/USDT,sell,8.67566000,32.1590923,0.27900135,USDT
2026-02-20T10:00:00Z,LINK/USDT,buy,8.69434500,32.08033398,0.27891749,USDT
2026-02-20T11:30:00Z,LINK/USDT,stop_sell,8.66566500,32.08033398,0.27799743,USDT
2026-02-20T15:15:00Z,LINK/USDT,buy,8.64432000,31.77422394,0.27466656,USDT
2026-02-20T15:15:00Z,LINK/USDT,stop_sell,8.63568000,31.77422394,0.27439203,USDT
2026-02-20T15:30:00Z,LINK/USDT,buy,8.70435000,31.83932079,0.27714059,USDT
2026-02-20T15:45:00Z,LINK/USDT,sell,8.69565000,31.83932079,0.27686359,USDT
2026-02-20T16:15:00Z,LINK/USDT,buy,8.86443000,31.26010959,0.27710305,USDT
2026-02-20T17:00:00Z,LINK/USDT,stop_sell,8.82201536,31.26010959,0.27577717,USDT
2026-02-20T17:30:00Z,LINK/USDT,buy,8.79439500,31.81454573,0.27978968,USDT
2026-02-21T02:00:00Z,LINK/USDT,sell,8.94552500,31.81454573,0.28459781,USDT
2026-02-21T02:15:00Z,LINK/USDT,buy,8.97448500,31.17637301,0.27979189,USDT
2026-02-21T03:00:00Z,LINK/USDT,stop_sell,8.91411214,31.17637301,0.27790969,USDT
2026-02-22T01:45:00Z,LINK/USDT,buy,8.90445000,31.36504302,0.27928846,USDT
2026-02-22T02:45:00Z,LINK/USDT,stop_sell,8.83558000,31.36504302,0.27712835,USDT
2026-02-22T05:15:00Z,LINK/USDT,buy,8.86443000,31.41131601,0.27844341,USDT
2026-02-22T05:30:00Z,LINK/USDT,stop_sell,8.81559000,31.41131601,0.27690928,USDT
2026-02-22T23:30:00Z,LINK/USDT,buy,8.66433000,32.11744819,0.27827617,USDT
2026-02-23T00:15:00Z,LINK/USDT,stop_sell,8.64817375,32.11744819,0.27775727,USDT
2026-02-23T06:15:00Z,LINK/USDT,buy,8.31415500,33.37948462,0.27752221,USDT
2026-02-23T07:45:00Z,LINK/USDT,sell,8.38580500,33.37948462,0.27991385,USDT
2026-02-23T08:00:00Z,LINK/USDT,buy,8.39419500,33.15826498,0.27833694,USDT
2026-02-23T08:15:00Z,LINK/USDT,sell,8.38580500,33.15826498,0.27805874,USDT
2026-02-23T08:45:00Z,LINK/USDT,buy,8.34417000,33.150307,0.27661180,USDT
2026-02-23T08:45:00Z,LINK/USDT,stop_sell,8.33583000,33.150307,0.27633532,USDT
2026-02-23T22:15:00Z,LINK/USDT,buy,8.32416000,33.42124063,0.27820375,USDT
2026-02-24T00:15:00Z,LINK/USDT,stop_sell,8.29585000,33.42124063,0.27725760,USDT
2026-02-24T00:30:00Z,LINK/USDT,buy,8.28414000,33.56818753,0.27808357,USDT
2026-02-24T01:15:00Z,LINK/USDT,stop_sell,8.16591500,33.56818753,0.27411497,USDT
2026-02-24T01:30:00Z,LINK/USDT,buy,8.30415000,33.44372637,0.27772172,USDT
2026-02-24T03:00:00Z,LINK/USDT,sell,8.21589000,33.44372637,0.27476998,USDT
2026-02-24T11:30:00Z,LINK/USDT,buy,8.20410000,33.81738904,0.27744124,USDT
2026-02-24T12:00:00Z,LINK/USDT,stop_sell,8.17591000,33.81738904,0.27648793,USDT
2026-02-24T12:15:00Z,LINK/USDT,buy,8.20410000,33.80268424,0.27732060,USDT
2026-02-24T13:15:00Z,LINK/USDT,stop_sell,8.12593500,33.80268424,0.27467841,USDT
2026-02-26T05:15:00Z,LINK/USDT,buy,9.30465000,29.77704042,0.27706494,USDT
2026-02-26T09:15:00Z,LINK/USDT,stop_sell,9.25537000,29.77704042,0.27559753,USDT
2026-02-26T14:30:00Z,LINK/USDT,buy,9.21460500,29.92052648,0.27570583,USDT
2026-02-26T14:30:00Z,LINK/USDT,stop_sell,9.20539500,29.92052648,0.27543026,USDT
2026-02-26T21:30:00Z,LINK/USDT,buy,9.11455500,30.37307723,0.27683708,USDT
2026-02-27T00:00:00Z,LINK/USDT,stop_sell,9.05547000,30.37307723,0.27504249,USDT
2026-02-28T01:45:00Z,LINK/USDT,buy,8.72436000,31.63741599,0.27601621,USDT
2026-02-28T02:30:00Z,LINK/USDT,sell,8.72563500,31.63741599,0.27605654,USDT
2026-02-28T04:00:00Z,LINK/USDT,buy,8.68434000,31.63273192,0.27470940,USDT
2026-02-28T04:00:00Z,LINK/USDT,stop_sell,8.67566000,31.63273192,0.27443483,USDT
2026-02-28T05:15:00Z,LINK/USDT,buy,8.68434000,31.8437995,0.27654238,USDT
2026-02-28T05:30:00Z,LINK/USDT,sell,8.67566000,31.8437995,0.27626598,USDT
2026-02-28T12:30:00Z,LINK/USDT,buy,8.31415500,33.17381064,0.27581220,USDT
2026-02-28T12:45:00Z,LINK/USDT,sell,8.30584500,33.17381064,0.27553653,USDT
2026-02-28T19:45:00Z,LINK/USDT,buy,8.69434500,32.08730323,0.27897808,USDT
2026-03-01T06:45:00Z,LINK/USDT,sell,8.97551000,32.08730323,0.28799991,USDT
2026-03-01T14:00:00Z,LINK/USDT,buy,8.98449000,30.80623679,0.27677833,USDT
2026-03-01T14:15:00Z,LINK/USDT,sell,9.00549500,30.80623679,0.27742541,USDT
2026-03-01T22:15:00Z,LINK/USDT,buy,8.70435000,31.61592457,0.27519607,USDT
2026-03-01T22:30:00Z,LINK/USDT,sell,8.64567500,31.61592457,0.27334101,USDT
2026-03-02T04:30:00Z,LINK/USDT,buy,8.83441500,31.34351201,0.27690159,USDT
2026-03-02T05:00:00Z,LINK/USDT,stop_sell,8.76668589,31.34351201,0.27477872,USDT
2026-03-02T05:45:00Z,LINK/USDT,buy,8.81440500,31.28385149,0.27574854,USDT
2026-03-02T06:00:00Z,LINK/USDT,sell,8.76561500,31.28385149,0.27422220,USDT
2026-03-02T14:45:00Z,LINK/USDT,buy,8.81440500,31.58664485,0.27841748,USDT
2026-03-02T16:00:00Z,LINK/USDT,sell,9.11544000,31.58664485,0.28792617,USDT
2026-03-02T18:00:00Z,LINK/USDT,buy,9.06453000,30.58482669,0.27723708,USDT
2026-03-02T18:15:00Z,LINK/USDT,sell,9.04547500,30.58482669,0.27665429,USDT
2026-03-02T22:30:00Z,LINK/USDT,buy,9.10455000,30.54107993,0.27806279,USDT
2026-03-02T23:15:00Z,LINK/USDT,sell,9.01549000,30.54107993,0.27534280,USDT
2026-03-03T14:15:00Z,LINK/USDT,buy,8.70435000,31.84645839,0.27720272,USDT
2026-03-03T14:30:00Z,LINK/USDT,stop_sell,8.64567500,31.84645839,0.27533413,USDT
2026-03-03T17:00:00Z,LINK/USDT,buy,8.75437500,31.39069616,0.27480593,USDT
2026-03-03T17:15:00Z,LINK/USDT,sell,8.74562500,31.39069616,0.27453126,USDT
2026-03-03T18:30:00Z,LINK/USDT,buy,8.91445500,31.13582351,0.27755890,USDT
2026-03-03T19:00:00Z,LINK/USDT,sell,8.83558000,31.13582351,0.27510306,USDT
2026-03-03T19:30:00Z,LINK/USDT,buy,8.81440500,31.35589475,0.27638356,USDT
2026-03-03T19:45:00Z,LINK/USDT,sell,8.80559500,31.35589475,0.27610731,USDT
2026-03-03T20:45:00Z,LINK/USDT,buy,8.75437500,31.2773651,0.27381378,USDT
2026-03-03T20:45:00Z,LINK/USDT,stop_sell,8.74562500,31.2773651,0.27354011,USDT
2026-03-04T14:45:00Z,LINK/USDT,buy,9.17458500,29.97974499,0.27505172,USDT
2026-03-04T16:15:00Z,LINK/USDT,sell,9.41529000,29.97974499,0.28226799,USDT
2026-03-04T16:30:00Z,LINK/USDT,buy,9.47473500,29.43044338,0.27884565,USDT
2026-03-04T21:30:00Z,LINK/USDT,sell,9.40529500,29.43044338,0.27680200,USDT
2026-03-05T14:15:00Z,LINK/USDT,buy,9.39469500,29.43964046,0.27657644,USDT
2026-03-05T15:00:00Z,LINK/USDT,stop_sell,9.33533000,29.43964046,0.27482876,USDT
2026-03-05T21:00:00Z,LINK/USDT,buy,9.31465500,29.80089501,0.27758506,USDT
2026-03-05T22:15:00Z,LINK/USDT,stop_sell,9.17541000,29.80089501,0.27343543,USDT
2026-03-06T01:00:00Z,LINK/USDT,buy,9.21460500,29.95420685,0.27601618,USDT
2026-03-06T01:30:00Z,LINK/USDT,sell,9.26536500,29.95420685,0.27753666,USDT
2026-03-06T03:30:00Z,LINK/USDT,buy,9.27463500,29.73659471,0.27579606,USDT
2026-03-06T03:45:00Z,LINK/USDT,stop_sell,9.24537500,29.73659471,0.27492597,USDT
2026-03-06T04:00:00Z,LINK/USDT,buy,9.26463000,29.82074959,0.27627821,USDT
2026-03-06T04:30:00Z,LINK/USDT,stop_sell,9.21539000,29.82074959,0.27480984,USDT
2026-03-06T21:45:00Z,LINK/USDT,buy,8.77438500,31.43447854,0.27581822,USDT
2026-03-07T00:15:00Z,LINK/USDT,sell,8.79560000,31.43447854,0.27648510,USDT
2026-03-07T03:45:00Z,LINK/USDT,buy,8.80440000,31.25731781,0.27520193,USDT
2026-03-07T03:45:00Z,LINK/USDT,stop_sell,8.79560000,31.25731781,0.27492686,USDT
2026-03-07T04:45:00Z,LINK/USDT,buy,8.83441500,31.21444254,0.27576134,USDT
2026-03-07T05:15:00Z,LINK/USDT,stop_sell,8.78560500,31.21444254,0.27423776,USDT
2026-03-07T13:15:00Z,LINK/USDT,buy,8.77438500,31.40908114,0.27559537,USDT
2026-03-07T14:00:00Z,LINK/USDT,stop_sell,8.75704786,31.40908114,0.27505083,USDT
2026-03-08T00:15:00Z,LINK/USDT,buy,8.72436000,31.57913147,0.27550771,USDT
2026-03-08T00:15:00Z,LINK/USDT,stop_sell,8.69957661,31.57913147,0.27472507,USDT
2026-03-08T00:45:00Z,LINK/USDT,buy,8.68434000,31.7123729,0.27540103,USDT
2026-03-08T01:30:00Z,LINK/USDT,sell,8.67566000,31.7123729,0.27512577,USDT
2026-03-08T02:30:00Z,LINK/USDT,buy,8.65432500,31.70476193,0.27438331,USDT
2026-03-08T02:30:00Z,LINK/USDT,stop_sell,8.64567500,31.70476193,0.27410907,USDT
2026-03-08T07:45:00Z,LINK/USDT,buy,8.65432500,31.8071115,0.27526908,USDT
2026-03-08T08:30:00Z,LINK/USDT,stop_sell,8.59570000,31.8071115,0.27340439,USDT
2026-03-08T10:15:00Z,LINK/USDT,buy,8.75437500,31.56583757,0.27633918,USDT
2026-03-08T11:30:00Z,LINK/USDT,stop_sell,8.64567500,31.56583757,0.27290797,USDT
2026-03-08T20:00:00Z,LINK/USDT,buy,8.64432000,31.78472325,0.27475732,USDT
2026-03-08T21:00:00Z,LINK/USDT,stop_sell,8.59570000,31.78472325,0.27321195,USDT
2026-03-08T21:15:00Z,LINK/USDT,buy,8.60430000,31.91308622,0.27458977,USDT
2026-03-08T22:00:00Z,LINK/USDT,stop_sell,8.54572500,31.91308622,0.27272046,USDT
2026-03-09T03:00:00Z,LINK/USDT,buy,8.63431500,32.00224177,0.27631744,USDT
2026-03-09T03:30:00Z,LINK/USDT,sell,8.66566500,32.00224177,0.27732071,USDT
2026-03-09T04:45:00Z,LINK/USDT,buy,8.75437500,31.34802086,0.27443233,USDT
2026-03-09T05:30:00Z,LINK/USDT,sell,8.74562500,31.34802086,0.27415803,USDT
2026-03-09T06:00:00Z,LINK/USDT,buy,8.84442000,30.98636742,0.27405645,USDT
2026-03-09T06:30:00Z,LINK/USDT,stop_sell,8.75562000,30.98636742,0.27130486,USDT
2026-03-09T06:45:00Z,LINK/USDT,buy,8.75437500,31.27461137,0.27378968,USDT
2026-03-09T07:00:00Z,LINK/USDT,stop_sell,8.69565000,31.27461137,0.27195307,USDT
2026-03-09T07:45:00Z,LINK/USDT,buy,8.71435500,31.4322627,0.27391190,USDT
2026-03-09T08:00:00Z,LINK/USDT,sell,8.74562500,31.4322627,0.27489478,USDT
2026-03-09T08:15:00Z,LINK/USDT,buy,8.75437500,31.29254109,0.27394664,USDT
2026-03-09T09:00:00Z,LINK/USDT,sell,8.74562500,31.29254109,0.27367283,USDT
2026-03-09T11:30:00Z,LINK/USDT,buy,8.75437500,31.14266441,0.27263456,USDT
2026-03-09T11:30:00Z,LINK/USDT,stop_sell,8.74562500,31.14266441,0.27236206,USDT
2026-03-09T14:45:00Z,LINK/USDT,buy,8.94447000,30.61282109,0.27381546,USDT
2026-03-09T15:45:00Z,LINK/USDT,sell,8.89555000,30.61282109,0.27231788,USDT
2026-03-09T17:15:00Z,LINK/USDT,buy,8.97448500,30.49220999,0.27365188,USDT
2026-03-09T17:30:00Z,LINK/USDT,stop_sell,8.91518304,30.49220999,0.27184363,USDT
2026-03-09T18:00:00Z,LINK/USDT,buy,8.89444500,30.71087911,0.27315623,USDT
2026-03-09T19:15:00Z,LINK/USDT,sell,8.91554000,30.71087911,0.27380407,USDT
2026-03-09T19:30:00Z,LINK/USDT,buy,9.10455000,30.13615159,0.27437610,USDT
2026-03-09T19:30:00Z,LINK/USDT,stop_sell,9.00014054,30.13615159,0.27122960,USDT
2026-03-09T19:45:00Z,LINK/USDT,buy,8.97448500,30.33772517,0.27226546,USDT
2026-03-09T21:15:00Z,LINK/USDT,sell,8.98550500,30.33772517,0.27259978,USDT
2026-03-09T21:30:00Z,LINK/USDT,buy,8.99449500,30.36959767,0.27315919,USDT
2026-03-09T22:30:00Z,LINK/USDT,stop_sell,8.91554000,30.36959767,0.27076136,USDT
2026-03-10T06:15:00Z,LINK/USDT,buy,9.00450000,30.14224783,0.27141587,USDT
2026-03-10T06:15:00Z,LINK/USDT,stop_sell,8.99550000,30.14224783,0.27114459,USDT
2026-03-10T07:00:00Z,LINK/USDT,buy,9.03451500,30.30247063,0.27376813,USDT
2026-03-10T07:30:00Z,LINK/USDT,sell,9.05547000,30.30247063,0.27440311,USDT
2026-03-10T08:00:00Z,LINK/USDT,buy,9.10455000,30.00321023,0.27316573,USDT
2026-03-10T09:15:00Z,LINK/USDT,sell,9.07546000,30.00321023,0.27229293,USDT
2026-03-10T11:30:00Z,LINK/USDT,buy,9.08454000,30.0237578,0.27275203,USDT
2026-03-10T12:00:00Z,LINK/USDT,stop_sell,9.05939661,30.0237578,0.27199713,USDT
2026-03-10T15:00:00Z,LINK/USDT,buy,9.14457000,29.78270481,0.27235003,USDT
2026-03-10T15:15:00Z,LINK/USDT,sell,9.06546500,29.78270481,0.26999407,USDT
2026-03-10T19:15:00Z,LINK/USDT,buy,8.98449000,30.32069984,0.27241602,USDT
2026-03-10T19:30:00Z,LINK/USDT,sell,8.90554500,30.32069984,0.27002236,USDT
2026-03-10T23:30:00Z,LINK/USDT,buy,9.00450000,30.294543,0.27278721,USDT
2026-03-11T01:00:00Z,LINK/USDT,sell,8.97551000,30.294543,0.27190897,USDT
2026-03-11T02:45:00Z,LINK/USDT,buy,8.92446000,30.31562556,0.27055059,USDT
2026-03-11T02:45:00Z,LINK/USDT,stop_sell,8.91554000,30.31562556,0.27028017,USDT
2026-03-11T10:30:00Z,LINK/USDT,buy,8.94447000,30.51248728,0.27291803,USDT
2026-03-11T12:00:00Z,LINK/USDT,sell,8.89555000,30.51248728,0.27142536,USDT
2026-03-11T12:30:00Z,LINK/USDT,buy,8.97448500,30.29022302,0.27183915,USDT
2026-03-11T15:00:00Z,LINK/USDT,sell,9.08545500,30.29022302,0.27520046,USDT
2026-03-11T15:15:00Z,LINK/USDT,buy,9.03451500,30.14727736,0.27236603,USDT
2026-03-11T15:30:00Z,LINK/USDT,stop_sell,8.94159839,30.14727736,0.26956485,USDT
2026-03-11T15:45:00Z,LINK/USDT,buy,8.97448500,30.21813045,0.27119216,USDT
2026-03-11T16:30:00Z,LINK/USDT,sell,9.01549000,30.21813045,0.27243125,USDT
2026-03-12T08:30:00Z,LINK/USDT,buy,8.97448500,30.29170907,0.27185249,USDT
2026-03-12T09:15:00Z,LINK/USDT,stop_sell,8.91554000,30.29170907,0.27006694,USDT
2026-03-12T16:45:00Z,LINK/USDT,buy,9.03451500,29.93720322,0.27046811,USDT
2026-03-12T17:15:00Z,LINK/USDT,stop_sell,8.98621893,29.93720322,0.26902226,USDT
2026-03-12T18:45:00Z,LINK/USDT,buy,8.99449500,30.08554391,0.27060427,USDT
2026-03-12T19:00:00Z,LINK/USDT,sell,9.00549500,30.08554391,0.27093522,USDT
2026-03-12T19:30:00Z,LINK/USDT,buy,9.02451000,30.08367607,0.27149044,USDT
2026-03-12T20:00:00Z,LINK/USDT,sell,9.01549000,30.08367607,0.27121908,USDT
2026-03-12T20:15:00Z,LINK/USDT,buy,8.97448500,30.04314873,0.26962179,USDT
2026-03-12T20:15:00Z,LINK/USDT,stop_sell,8.96551500,30.04314873,0.26935230,USDT
2026-03-12T23:15:00Z,LINK/USDT,buy,9.07453500,29.93652938,0.27166008,USDT
2026-03-12T23:30:00Z,LINK/USDT,sell,9.05547000,29.93652938,0.27108934,USDT
2026-03-13T16:45:00Z,LINK/USDT,buy,9.32466000,29.12308024,0.27156282,USDT
2026-03-13T17:30:00Z,LINK/USDT,sell,9.22538500,29.12308024,0.26867163,USDT
2026-03-14T03:00:00Z,LINK/USDT,buy,9.09454500,29.83054656,0.27129525,USDT
2026-03-14T03:00:00Z,LINK/USDT,stop_sell,9.06046750,29.83054656,0.27027870,USDT
2026-03-14T05:00:00Z,LINK/USDT,buy,9.11455500,29.71862929,0.27087208,USDT
2026-03-14T05:15:00Z,LINK/USDT,sell,9.08545500,29.71862929,0.27000727,USDT
2026-03-14T12:45:00Z,LINK/USDT,buy,9.00450000,30.06936194,0.27075957,USDT
2026-03-14T15:00:00Z,LINK/USDT,stop_sell,8.97551000,30.06936194,0.26988786,USDT
2026-03-14T15:30:00Z,LINK/USDT,buy,8.98449000,30.12374931,0.27064652,USDT
2026-03-14T21:30:00Z,LINK/USDT,sell,9.06546500,30.12374931,0.27308580,USDT
2026-03-14T21:45:00Z,LINK/USDT,buy,9.07453500,29.84155589,0.27079824,USDT
2026-03-15T05:30:00Z,LINK/USDT,sell,9.18540500,29.84155589,0.27410678,USDT
2026-03-15T07:15:00Z,LINK/USDT,buy,9.23461500,29.34821258,0.27101944,USDT
2026-03-15T08:00:00Z,LINK/USDT,sell,9.22538500,29.34821258,0.27074856,USDT
2026-03-15T10:45:00Z,LINK/USDT,buy,9.28464000,29.18308082,0.27095440,USDT
2026-03-15T12:15:00Z,LINK/USDT,stop_sell,9.26536500,29.18308082,0.27039190,USDT
2026-03-15T12:30:00Z,LINK/USDT,buy,9.24462000,29.20503581,0.26998946,USDT
2026-03-15T12:30:00Z,LINK/USDT,stop_sell,9.23538000,29.20503581,0.26971960,USDT
2026-03-15T18:00:00Z,LINK/USDT,buy,9.21460500,29.35639012,0.27050754,USDT
2026-03-15T18:30:00Z,LINK/USDT,sell,9.20539500,29.35639012,0.27023717,USDT
2026-03-16T04:00:00Z,LINK/USDT,buy,9.69484500,27.9546516,0.27101601,USDT
2026-03-16T08:15:00Z,LINK/USDT,sell,9.66516500,27.9546516,0.27018632,USDT
2026-03-16T12:30:00Z,LINK/USDT,buy,9.71485500,27.79972824,0.27007033,USDT
2026-03-16T12:45:00Z,LINK/USDT,sell,9.70514500,27.79972824,0.26980039,USDT
2026-03-16T15:00:00Z,LINK/USDT,buy,9.71485500,27.9077989,0.27112022,USDT
2026-03-16T23:15:00Z,LINK/USDT,sell,9.91504000,27.9077989,0.27670694,USDT
2026-03-17T10:30:00Z,LINK/USDT,buy,9.75487500,27.77740338,0.27096510,USDT
2026-03-17T11:15:00Z,LINK/USDT,sell,9.74512500,27.77740338,0.27069427,USDT
2026-03-17T13:45:00Z,LINK/USDT,buy,9.77488500,27.54472877,0.26924656,USDT
2026-03-17T13:45:00Z,LINK/USDT,stop_sell,9.76511500,27.54472877,0.26897744,USDT
2026-03-17T14:15:00Z,LINK/USDT,buy,9.82491000,27.56620132,0.27083545,USDT
2026-03-17T15:30:00Z,LINK/USDT,stop_sell,9.76511500,27.56620132,0.26918713,USDT
2026-03-17T15:45:00Z,LINK/USDT,buy,9.77488500,27.68935819,0.27066029,USDT
2026-03-17T17:30:00Z,LINK/USDT,sell,9.82508500,27.68935819,0.27205030,USDT
2026-03-17T18:00:00Z,LINK/USDT,buy,9.87493500,27.41568522,0.27072811,USDT
2026-03-17T18:30:00Z,LINK/USDT,sell,9.86506500,27.41568522,0.27045752,USDT
2026-03-17T18:45:00Z,LINK/USDT,buy,9.87493500,27.40910545,0.27066313,USDT
2026-03-17T19:00:00Z,LINK/USDT,sell,9.88505500,27.40910545,0.27094051,USDT
2026-03-18T01:00:00Z,LINK/USDT,buy,9.85492500,27.51848758,0.27119263,USDT
2026-03-18T02:00:00Z,LINK/USDT,sell,9.84507500,27.51848758,0.27092157,USDT
2026-03-18T03:30:00Z,LINK/USDT,buy,9.87493500,27.40037277,0.27057690,USDT
2026-03-18T04:00:00Z,LINK/USDT,sell,9.89505000,27.40037277,0.27112806,USDT
2026-03-18T04:15:00Z,LINK/USDT,buy,9.89494500,27.34503898,0.27057766,USDT
2026-03-18T05:45:00Z,LINK/USDT,stop_sell,9.82508500,27.34503898,0.26866733,USDT
2026-03-18T23:45:00Z,LINK/USDT,buy,9.21460500,29.24745346,0.26950373,USDT
2026-03-18T23:45:00Z,LINK/USDT,stop_sell,9.20539500,29.24745346,0.26923436,USDT
2026-03-19T04:00:00Z,LINK/USDT,buy,9.22461000,29.14582755,0.26885889,USDT
2026-03-19T04:00:00Z,LINK/USDT,stop_sell,9.21539000,29.14582755,0.26859017,USDT
2026-03-19T04:15:00Z,LINK/USDT,buy,9.18459000,29.26514924,0.26878840,USDT
2026-03-19T04:15:00Z,LINK/USDT,stop_sell,9.17541000,29.26514924,0.26851974,USDT
2026-03-19T12:00:00Z,LINK/USDT,buy,9.16458000,29.48175224,0.27018788,USDT
2026-03-19T12:15:00Z,LINK/USDT,stop_sell,9.06546500,29.48175224,0.26726579,USDT
2026-03-19T17:45:00Z,LINK/USDT,buy,9.00450000,29.97512084,0.26991098,USDT
2026-03-19T18:15:00Z,LINK/USDT,sell,8.99550000,29.97512084,0.26964120,USDT
2026-03-19T19:45:00Z,LINK/USDT,buy,9.07453500,29.73664182,0.26984620,USDT
2026-03-19T20:45:00Z,LINK/USDT,stop_sell,9.04547500,29.73664182,0.26898205,USDT
2026-03-19T21:00:00Z,LINK/USDT,buy,9.05452500,29.75707542,0.26943618,USDT
2026-03-19T21:00:00Z,LINK/USDT,stop_sell,9.04547500,29.75707542,0.26916688,USDT
2026-03-19T21:15:00Z,LINK/USDT,buy,9.08454000,29.65175697,0.26937257,USDT
2026-03-19T22:00:00Z,LINK/USDT,sell,9.07546000,29.65175697,0.26910333,USDT
2026-03-19T23:00:00Z,LINK/USDT,buy,9.04452000,29.80861214,0.26960459,USDT
2026-03-19T23:30:00Z,LINK/USDT,sell,9.04547500,29.80861214,0.26963306,USDT
2026-03-19T23:45:00Z,LINK/USDT,buy,9.05452500,29.77115935,0.26956371,USDT
2026-03-20T00:00:00Z,LINK/USDT,sell,9.04547500,29.77115935,0.26929428,USDT
2026-03-20T00:30:00Z,LINK/USDT,buy,9.08454000,29.66567502,0.26949901,USDT
2026-03-20T02:45:00Z,LINK/USDT,sell,9.06546500,29.66567502,0.26893314,USDT
2026-03-20T03:15:00Z,LINK/USDT,buy,9.11455500,29.55828593,0.26941062,USDT
2026-03-20T06:00:00Z,LINK/USDT,sell,9.11544000,29.55828593,0.26943678,USDT
2026-03-20T06:15:00Z,LINK/USDT,buy,9.12456000,29.48904378,0.26907455,USDT
2026-03-20T06:15:00Z,LINK/USDT,stop_sell,9.11258429,29.48904378,0.26872140,USDT
2026-03-20T18:45:00Z,LINK/USDT,buy,9.04452000,29.7747449,0.26929828,USDT
2026-03-20T19:15:00Z,LINK/USDT,stop_sell,8.97551000,29.7747449,0.26724352,USDT
2026-03-20T23:00:00Z,LINK/USDT,buy,9.15457500,29.36205132,0.26879710,USDT
2026-03-20T23:00:00Z,LINK/USDT,stop_sell,9.13614393,29.36205132,0.26825593,USDT
2026-03-21T10:45:00Z,LINK/USDT,buy,9.14457000,29.41686345,0.26900457,USDT
2026-03-21T11:00:00Z,LINK/USDT,stop_sell,9.10544500,29.41686345,0.26785363,USDT
2026-03-22T04:45:00Z,LINK/USDT,buy,8.91445500,30.09351719,0.26826730,USDT
2026-03-22T07:00:00Z,LINK/USDT,stop_sell,8.89555000,30.09351719,0.26769839,USDT
2026-03-22T07:45:00Z,LINK/USDT,buy,8.86443000,30.18502448,0.26757304,USDT
2026-03-22T07:45:00Z,LINK/USDT,stop_sell,8.85557000,30.18502448,0.26730560,USDT
2026-03-22T18:30:00Z,LINK/USDT,buy,8.75437500,30.59026565,0.26779866,USDT
2026-03-22T18:30:00Z,LINK/USDT,stop_sell,8.74562500,30.59026565,0.26753099,USDT
2026-03-23T00:15:00Z,LINK/USDT,buy,8.70435000,30.75810915,0.26772935,USDT
2026-03-23T00:30:00Z,LINK/USDT,stop_sell,8.68172839,30.75810915,0.26703355,USDT
2026-03-23T01:45:00Z,LINK/USDT,buy,8.70435000,30.78209266,0.26793811,USDT
2026-03-23T03:30:00Z,LINK/USDT,sell,8.70564500,30.78209266,0.26797797,USDT
2026-03-23T11:15:00Z,LINK/USDT,buy,9.16458000,29.29914451,0.26851435,USDT
2026-03-23T11:15:00Z,LINK/USDT,stop_sell,9.08045750,29.29914451,0.26604964,USDT
2026-03-23T11:30:00Z,LINK/USDT,buy,9.12456000,29.72729725,0.27124851,USDT
2026-03-23T11:45:00Z,LINK/USDT,sell,8.98550500,29.72729725,0.26711478,USDT
2026-03-23T12:15:00Z,LINK/USDT,buy,9.00450000,29.78492256,0.26819834,USDT
2026-03-23T16:00:00Z,LINK/USDT,sell,9.07546000,29.78492256,0.27031187,USDT
2026-03-23T18:00:00Z,LINK/USDT,buy,9.12456000,29.37417281,0.26802640,USDT
2026-03-23T19:00:00Z,LINK/USDT,sell,9.16541500,29.37417281,0.26922648,USDT
2026-03-23T20:30:00Z,LINK/USDT,buy,9.14457000,29.31569829,0.26807946,USDT
2026-03-23T20:45:00Z,LINK/USDT,sell,9.13543000,29.31569829,0.26781151,USDT
2026-03-24T04:15:00Z,LINK/USDT,buy,9.14457000,29.30866252,0.26801512,USDT
2026-03-24T04:30:00Z,LINK/USDT,stop_sell,9.06546500,29.30866252,0.26569665,USDT
2026-03-24T04:45:00Z,LINK/USDT,buy,9.07453500,29.50970249,0.26778683,USDT
2026-03-24T05:00:00Z,LINK/USDT,sell,9.06546500,29.50970249,0.26751918,USDT
2026-03-24T05:30:00Z,LINK/USDT,buy,9.09454500,29.4377079,0.26772256,USDT
2026-03-24T11:00:00Z,LINK/USDT,sell,9.21539000,29.4377079,0.27127996,USDT
2026-03-24T11:15:00Z,LINK/USDT,buy,9.22461000,29.0488326,0.26796415,USDT
2026-03-24T12:00:00Z,LINK/USDT,sell,9.21539000,29.0488326,0.26769632,USDT
2026-03-24T12:30:00Z,LINK/USDT,buy,9.22461000,29.04186088,0.26789984,USDT
2026-03-24T12:45:00Z,LINK/USDT,sell,9.23538000,29.04186088,0.26821262,USDT
2026-03-24T19:15:00Z,LINK/USDT,buy,9.10455000,29.42286712,0.26788196,USDT
2026-03-24T19:45:00Z,LINK/USDT,sell,9.08545500,29.42286712,0.26732014,USDT
2026-03-24T20:30:00Z,LINK/USDT,buy,9.18459000,28.93625171,0.26576761,USDT
2026-03-24T20:30:00Z,LINK/USDT,stop_sell,9.17541000,28.93625171,0.26550197,USDT
2026-03-24T20:45:00Z,LINK/USDT,buy,9.22461000,29.0234898,0.26773037,USDT
2026-03-24T21:15:00Z,LINK/USDT,stop_sell,9.16541500,29.0234898,0.26601233,USDT
2026-03-24T23:00:00Z,LINK/USDT,buy,9.21460500,29.03544331,0.26755014,USDT
2026-03-25T01:15:00Z,LINK/USDT,sell,9.27536000,29.03544331,0.26931419,USDT
2026-03-25T09:15:00Z,LINK/USDT,buy,9.35467500,28.51968098,0.26679235,USDT
2026-03-25T09:15:00Z,LINK/USDT,stop_sell,9.34532500,28.51968098,0.26652569,USDT
2026-03-25T10:15:00Z,LINK/USDT,buy,9.38469000,28.51285815,0.26758433,USDT
2026-03-25T11:15:00Z,LINK/USDT,sell,9.40529500,28.51285815,0.26817184,USDT
2026-03-25T12:15:00Z,LINK/USDT,buy,9.38469000,28.36211554,0.26616966,USDT
2026-03-25T12:15:00Z,LINK/USDT,stop_sell,9.37531000,28.36211554,0.26590363,USDT
2026-03-25T12:30:00Z,LINK/USDT,buy,9.39469500,28.53691577,0.26809562,USDT
2026-03-25T15:15:00Z,LINK/USDT,sell,9.31534000,28.53691577,0.26583107,USDT
2026-03-25T17:00:00Z,LINK/USDT,buy,9.45472500,28.27164263,0.26730061,USDT
2026-03-25T17:45:00Z,LINK/USDT,sell,9.39530000,28.27164263,0.26562056,USDT
2026-03-26T02:00:00Z,LINK/USDT,buy,9.38469000,28.46375115,0.26712348,USDT
2026-03-26T02:15:00Z,LINK/USDT,stop_sell,9.31534000,28.46375115,0.26514952,USDT
2026-03-26T15:00:00Z,LINK/USDT,buy,8.95447500,29.709297,0.26603116,USDT
2026-03-26T15:00:00Z,LINK/USDT,stop_sell,8.94552500,29.709297,0.26576526,USDT
2026-03-26T20:15:00Z,LINK/USDT,buy,8.95447500,29.7353034,0.26626403,USDT
2026-03-26T21:00:00Z,LINK/USDT,stop_sell,8.90554500,29.7353034,0.26480908,USDT
2026-03-26T22:15:00Z,LINK/USDT,buy,8.93446500,29.75075778,0.26580710,USDT
2026-03-26T22:15:00Z,LINK/USDT,stop_sell,8.92553500,29.75075778,0.26554143,USDT
2026-03-26T22:45:00Z,LINK/USDT,buy,8.94447000,29.91055308,0.26753404,USDT
2026-03-27T01:00:00Z,LINK/USDT,sell,8.89555000,29.91055308,0.26607082,USDT
2026-03-27T03:15:00Z,LINK/USDT,buy,8.93446500,29.82567543,0.26647645,USDT
2026-03-27T03:45:00Z,LINK/USDT,sell,8.92553500,29.82567543,0.26621011,USDT
2026-03-27T05:15:00Z,LINK/USDT,buy,8.91445500,29.88544997,0.26641250,USDT
2026-03-27T07:30:00Z,LINK/USDT,sell,8.90554500,29.88544997,0.26614622,USDT
2026-03-27T15:45:00Z,LINK/USDT,buy,8.64432000,30.81197363,0.26634856,USDT
2026-03-27T16:30:00Z,LINK/USDT,sell,8.59570000,30.81197363,0.26485048,USDT
2026-03-27T17:00:00Z,LINK/USDT,buy,8.60430000,30.93640814,0.26618614,USDT
2026-03-27T17:45:00Z,LINK/USDT,sell,8.54572500,30.93640814,0.26437404,USDT
2026-03-28T04:30:00Z,LINK/USDT,buy,8.58429000,30.98667799,0.26599863,USDT
2026-03-28T04:45:00Z,LINK/USDT,stop_sell,8.51574000,30.98667799,0.26387449,USDT
2026-03-28T13:45:00Z,LINK/USDT,buy,8.62431000,30.67590951,0.26455855,USDT
2026-03-28T13:45:00Z,LINK/USDT,stop_sell,8.61569000,30.67590951,0.26429413,USDT
2026-03-28T14:15:00Z,LINK/USDT,buy,8.62431000,30.8108949,0.26572271,USDT
2026-03-28T15:00:00Z,LINK/USDT,stop_sell,8.59641393,30.8108949,0.26486321,USDT
2026-03-28T16:00:00Z,LINK/USDT,buy,8.65432500,30.72670219,0.26591887,USDT
2026-03-28T18:30:00Z,LINK/USDT,sell,8.64567500,30.72670219,0.26565308,USDT
2026-03-28T18:45:00Z,LINK/USDT,buy,8.65432500,30.68380559,0.26554763,USDT
2026-03-28T19:00:00Z,LINK/USDT,stop_sell,8.59570000,30.68380559,0.26374879,USDT
2026-03-29T04:30:00Z,LINK/USDT,buy,8.54427000,31.05722102,0.26536128,USDT
2026-03-29T04:45:00Z,LINK/USDT,sell,8.53573000,31.05722102,0.26509605,USDT
2026-03-29T05:30:00Z,LINK/USDT,buy,8.54427000,31.04976729,0.26529760,USDT
2026-03-29T08:30:00Z,LINK/USDT,sell,8.52573500,31.04976729,0.26472209,USDT
2026-03-29T18:00:00Z,LINK/USDT,buy,8.45422500,31.37000834,0.26520911,USDT
2026-03-29T18:30:00Z,LINK/USDT,stop_sell,8.41579000,31.37000834,0.26400340,USDT
2026-03-29T20:15:00Z,LINK/USDT,buy,8.44422000,31.39073187,0.26507025,USDT
2026-03-29T21:30:00Z,LINK/USDT,sell,8.43578000,31.39073187,0.26480531,USDT
2026-03-29T23:30:00Z,LINK/USDT,buy,8.44422000,31.3831981,0.26500663,USDT
2026-03-30T00:00:00Z,LINK/USDT,stop_sell,8.40258232,31.3831981,0.26369991,USDT
2026-03-30T00:30:00Z,LINK/USDT,buy,8.53426500,31.0348602,0.26485972,USDT
2026-03-30T00:30:00Z,LINK/USDT,stop_sell,8.46897768,31.0348602,0.26283354,USDT
2026-03-30T01:00:00Z,LINK/USDT,buy,8.48424000,31.15701383,0.26434358,USDT
2026-03-30T06:45:00Z,LINK/USDT,sell,8.64567500,31.15701383,0.26937342,USDT
2026-03-30T07:00:00Z,LINK/USDT,buy,8.68434000,30.6222817,0.26593431,USDT
2026-03-30T16:30:00Z,LINK/USDT,sell,8.82558500,30.6222817,0.27025955,USDT
2026-03-31T04:30:00Z,LINK/USDT,buy,8.76438000,30.27235853,0.26531845,USDT
2026-03-31T05:00:00Z,LINK/USDT,stop_sell,8.71564000,30.27235853,0.26384298,USDT
2026-03-31T13:45:00Z,LINK/USDT,buy,8.73436500,30.46269998,0.26607234,USDT
2026-03-31T14:45:00Z,LINK/USDT,stop_sell,8.67209036,30.46269998,0.26417529,USDT
2026-03-31T15:00:00Z,LINK/USDT,buy,8.69434500,30.61633592,0.26618899,USDT
2026-03-31T15:45:00Z,LINK/USDT,sell,8.64567500,30.61633592,0.26469889,USDT
2026-03-31T16:00:00Z,LINK/USDT,buy,8.65432500,30.59764473,0.26480196,USDT
2026-03-31T18:45:00Z,LINK/USDT,sell,8.81559000,30.59764473,0.26973629,USDT
2026-03-31T19:00:00Z,LINK/USDT,buy,8.82441000,30.04780161,0.26515412,USDT
2026-03-31T19:15:00Z,LINK/USDT,sell,8.81559000,30.04780161,0.26488910,USDT
2026-04-01T02:45:00Z,LINK/USDT,buy,8.78439000,30.17744932,0.26509048,USDT
2026-04-01T11:30:00Z,LINK/USDT,sell,9.04547500,30.17744932,0.27296936,USDT
2026-04-01T18:00:00Z,LINK/USDT,buy,9.01450500,29.47228308,0.26567804,USDT
2026-04-01T18:45:00Z,LINK/USDT,stop_sell,8.96551500,29.47228308,0.26423420,USDT
2026-04-02T14:45:00Z,LINK/USDT,buy,8.60430000,30.85899649,0.26552006,USDT
2026-04-02T15:15:00Z,LINK/USDT,stop_sell,8.56357321,30.85899649,0.26426328,USDT
2026-04-02T18:15:00Z,LINK/USDT,buy,8.55427500,31.022742,0.26537707,USDT
2026-04-02T19:00:00Z,LINK/USDT,sell,8.54572500,31.022742,0.26511182,USDT
2026-04-02T20:45:00Z,LINK/USDT,buy,8.62431000,30.69222054,0.26469922,USDT
2026-04-02T20:45:00Z,LINK/USDT,stop_sell,8.61569000,30.69222054,0.26443466,USDT
2026-04-02T21:15:00Z,LINK/USDT,buy,8.61430500,30.79178738,0.26524985,USDT
2026-04-02T21:45:00Z,LINK/USDT,sell,8.60569500,30.79178738,0.26498473,USDT
2026-04-02T22:00:00Z,LINK/USDT,buy,8.61430500,30.78439735,0.26518619,USDT
2026-04-03T07:00:00Z,LINK/USDT,sell,8.72563500,30.78439735,0.26861341,USDT
2026-04-03T07:15:00Z,LINK/USDT,buy,8.73436500,30.38775892,0.26541778,USDT
2026-04-03T09:00:00Z,LINK/USDT,sell,8.70564500,30.38775892,0.26454504,USDT
2026-04-03T14:15:00Z,LINK/USDT,buy,8.70435000,30.47964592,0.26530551,USDT
2026-04-03T15:15:00Z,LINK/USDT,sell,8.72563500,30.47964592,0.26595427,USDT
2026-04-03T15:30:00Z,LINK/USDT,buy,8.73436500,30.37598161,0.26531491,USDT
2026-04-03T15:45:00Z,LINK/USDT,stop_sell,8.67566000,30.37598161,0.26353169,USDT
2026-04-04T16:00:00Z,LINK/USDT,buy,8.69434500,30.45946597,0.26482511,USDT
2026-04-04T17:15:00Z,LINK/USDT,sell,8.67566000,30.45946597,0.26425597,USDT
2026-04-04T21:45:00Z,LINK/USDT,buy,8.71435500,30.41440834,0.26504195,USDT
2026-04-05T00:00:00Z,LINK/USDT,sell,8.70564500,30.41440834,0.26477704,USDT
2026-04-05T01:30:00Z,LINK/USDT,buy,8.70435000,30.44205958,0.26497834,USDT
2026-04-05T02:00:00Z,LINK/USDT,stop_sell,8.65567000,30.44205958,0.26349642,USDT
2026-04-05T15:30:00Z,LINK/USDT,buy,8.64432000,30.77733568,0.26604914,USDT
2026-04-05T19:00:00Z,LINK/USDT,sell,8.61569000,30.77733568,0.26516798,USDT
2026-04-05T19:15:00Z,LINK/USDT,buy,8.64432000,30.69281868,0.26531855,USDT
2026-04-05T21:00:00Z,LINK/USDT,sell,8.61569000,30.69281868,0.26443981,USDT
2026-04-05T22:45:00Z,LINK/USDT,buy,8.70435000,30.57334307,0.26612108,USDT
2026-04-06T00:00:00Z,LINK/USDT,sell,8.85557000,30.57334307,0.27074438,USDT
2026-04-06T01:00:00Z,LINK/USDT,buy,8.93446500,29.55204603,0.26403172,USDT
2026-04-06T05:30:00Z,LINK/USDT,sell,8.92553500,29.55204603,0.26376782,USDT
2026-04-06T08:30:00Z,LINK/USDT,buy,8.99449500,29.47917555,0.26515030,USDT
2026-04-06T13:30:00Z,LINK/USDT,sell,9.04547500,29.47917555,0.26665315,USDT
2026-04-06T13:45:00Z,LINK/USDT,buy,9.01450500,29.29211062,0.26405388,USDT
2026-04-06T13:45:00Z,LINK/USDT,stop_sell,9.00549500,29.29211062,0.26378996,USDT
2026-04-06T16:00:00Z,LINK/USDT,buy,9.08454000,29.15609458,0.26486971,USDT
2026-04-06T16:45:00Z,LINK/USDT,stop_sell,9.01549000,29.15609458,0.26285648,USDT
2026-04-06T22:00:00Z,LINK/USDT,buy,8.97448500,29.49097686,0.26466633,USDT
2026-04-06T22:15:00Z,LINK/USDT,stop_sell,8.94552500,29.49097686,0.26381227,USDT
2026-04-07T17:45:00Z,LINK/USDT,buy,8.68434000,30.39350108,0.26394750,USDT
2026-04-07T18:15:00Z,LINK/USDT,sell,8.67566000,30.39350108,0.26368368,USDT
2026-04-08T01:00:00Z,LINK/USDT,buy,9.22461000,28.73479823,0.26506731,USDT
2026-04-08T04:00:00Z,LINK/USDT,sell,9.23538000,28.73479823,0.26537678,USDT
2026-04-08T05:15:00Z,LINK/USDT,buy,9.24462000,28.608492,0.26447464,USDT
2026-04-08T07:00:00Z,LINK/USDT,sell,9.23538000,28.608492,0.26421029,USDT
2026-04-09T06:45:00Z,LINK/USDT,buy,8.78439000,30.10011661,0.26441116,USDT
2026-04-09T07:45:00Z,LINK/USDT,stop_sell,8.74562500,30.10011661,0.26324433,USDT
2026-04-09T14:00:00Z,LINK/USDT,buy,8.74437000,30.15336358,0.26367217,USDT
2026-04-09T14:00:00Z,LINK/USDT,stop_sell,8.73563000,30.15336358,0.26340863,USDT
2026-04-09T15:15:00Z,LINK/USDT,buy,8.81440500,30.04325543,0.26481342,USDT
2026-04-09T23:30:00Z,LINK/USDT,sell,8.95552000,30.04325543,0.26905297,USDT
2026-04-10T08:15:00Z,LINK/USDT,buy,8.91445500,29.67190463,0.26450886,USDT
2026-04-10T08:30:00Z,LINK/USDT,sell,8.92553500,29.67190463,0.26483762,USDT
2026-04-10T11:15:00Z,LINK/USDT,buy,8.97448500,29.47164144,0.26449280,USDT
2026-04-10T15:45:00Z,LINK/USDT,sell,9.05547000,29.47164144,0.26687956,USDT
2026-04-10T16:00:00Z,LINK/USDT,buy,9.06453000,29.13095317,0.26405840,USDT
2026-04-10T16:30:00Z,LINK/USDT,sell,9.05547000,29.13095317,0.26379447,USDT
2026-04-10T20:45:00Z,LINK/USDT,buy,9.14457000,28.86961926,0.26400025,USDT
2026-04-10T20:45:00Z,LINK/USDT,stop_sell,9.13543000,28.86961926,0.26373639,USDT
2026-04-10T21:45:00Z,LINK/USDT,buy,9.14457000,28.92586259,0.26451458,USDT
2026-04-10T22:30:00Z,LINK/USDT,stop_sell,9.08545500,28.92586259,0.26280462,USDT
2026-04-10T23:00:00Z,LINK/USDT,buy,9.10455000,29.03334092,0.26433550,USDT
2026-04-11T00:00:00Z,LINK/USDT,sell,9.08545500,29.03334092,0.26378111,USDT
2026-04-11T10:30:00Z,LINK/USDT,buy,9.03451500,29.24881525,0.26424886,USDT
2026-04-11T11:00:00Z,LINK/USDT,stop_sell,9.00549500,29.24881525,0.26340006,USDT
2026-04-11T22:15:00Z,LINK/USDT,buy,9.16458000,28.82169058,0.26413869,USDT
2026-04-11T23:00:00Z,LINK/USDT,stop_sell,9.11544000,28.82169058,0.26272239,USDT
2026-04-12T07:00:00Z,LINK/USDT,buy,8.79439500,30.01720512,0.26398316,USDT
2026-04-12T07:15:00Z,LINK/USDT,sell,8.78560500,30.01720512,0.26371931,USDT
2026-04-12T12:45:00Z,LINK/USDT,buy,8.78439000,29.94187386,0.26302110,USDT
2026-04-12T12:45:00Z,LINK/USDT,stop_sell,8.77561000,29.94187386,0.26275821,USDT
2026-04-12T19:15:00Z,LINK/USDT,buy,8.79439500,30.00282312,0.26385668,USDT
2026-04-12T20:15:00Z,LINK/USDT,stop_sell,8.75562000,30.00282312,0.26269332,USDT
2026-04-12T20:30:00Z,LINK/USDT,buy,8.81440500,30.09013955,0.26522668,USDT
2026-04-12T22:00:00Z,LINK/USDT,stop_sell,8.74491107,30.09013955,0.26313559,USDT
2026-04-12T22:45:00Z,LINK/USDT,buy,8.77438500,30.03193465,0.26351176,USDT
2026-04-12T23:30:00Z,LINK/USDT,stop_sell,8.72563500,30.03193465,0.26204770,USDT
2026-04-13T01:00:00Z,LINK/USDT,buy,8.81440500,29.91146563,0.26365177,USDT
2026-04-13T01:30:00Z,LINK/USDT,sell,8.79560000,29.91146563,0.26308929,USDT
2026-04-13T02:30:00Z,LINK/USDT,buy,8.82441000,29.83375958,0.26326533,USDT
2026-04-13T03:00:00Z,LINK/USDT,stop_sell,8.78560500,29.83375958,0.26210763,USDT
2026-04-13T03:15:00Z,LINK/USDT,buy,8.77438500,29.92026322,0.26253191,USDT
2026-04-13T03:15:00Z,LINK/USDT,stop_sell,8.75990357,29.92026322,0.26209862,USDT
2026-04-13T05:30:00Z,LINK/USDT,buy,8.74437000,29.91154496,0.26155762,USDT
2026-04-13T05:30:00Z,LINK/USDT,stop_sell,8.73563000,29.91154496,0.26129619,USDT
2026-04-13T18:00:00Z,LINK/USDT,buy,8.87443500,29.46858047,0.26151700,USDT
2026-04-13T18:00:00Z,LINK/USDT,stop_sell,8.86556500,29.46858047,0.26125562,USDT
2026-04-13T18:15:00Z,LINK/USDT,buy,8.86443000,29.62762177,0.26263198,USDT
2026-04-13T22:00:00Z,LINK/USDT,sell,9.01549000,29.62762177,0.26710753,USDT
2026-04-13T22:15:00Z,LINK/USDT,buy,9.17458500,28.78694418,0.26410827,USDT
2026-04-14T03:15:00Z,LINK/USDT,sell,9.21539000,28.78694418,0.26528292,USDT
2026-04-14T11:00:00Z,LINK/USDT,buy,9.22461000,28.54276471,0.26329587,USDT
2026-04-14T11:45:00Z,LINK/USDT,stop_sell,9.18540500,28.54276471,0.26217685,USDT
2026-04-14T23:45:00Z,LINK/USDT,buy,9.01450500,29.19342189,0.26316425,USDT
2026-04-15T00:00:00Z,LINK/USDT,sell,9.00549500,29.19342189,0.26290121,USDT
2026-04-15T00:15:00Z,LINK/USDT,buy,9.05452500,29.18641547,0.26426913,USDT
2026-04-15T06:15:00Z,LINK/USDT,sell,9.04547500,29.18641547,0.26400499,USDT
