ts,symbol,side,price,qty,fee,fee_currency
2023-01-01T11:15:00Z,LINK/USDT,buy,5.58279000,143.36917563,0.80040000,USDT
2023-01-01T13:30:00Z,LINK/USDT,stop_sell,5.53723000,143.36917563,0.79386810,USDT
2023-01-01T16:15:00Z,LINK/USDT,buy,5.60280000,142.74105475,0.79974958,USDT
2023-01-01T23:15:00Z,LINK/USDT,sell,5.60719500,142.74105475,0.80037693,USDT
2023-01-02T07:15:00Z,LINK/USDT,buy,5.66283000,140.71691623,0.79685597,USDT
2023-01-02T07:15:00Z,LINK/USDT,stop_sell,5.65717000,140.71691623,0.79605952,USDT
2023-01-02T07:30:00Z,LINK/USDT,buy,5.70285000,140.68326309,0.80229555,USDT
2023-01-02T10:00:00Z,LINK/USDT,sell,5.71714000,140.68326309,0.80430591,USDT
2023-01-02T10:15:00Z,LINK/USDT,buy,5.72286000,139.70511107,0.79951279,USDT
2023-01-02T11:30:00Z,LINK/USDT,stop_sell,5.67716000,139.70511107,0.79312827,USDT
2023-01-02T18:00:00Z,LINK/USDT,buy,5.72286000,139.59354234,0.79887430,USDT
2023-01-02T18:30:00Z,LINK/USDT,stop_sell,5.68715500,139.59354234,0.79389011,USDT
2023-01-02T22:00:00Z,LINK/USDT,buy,5.75287500,138.77372279,0.79834788,USDT
2023-01-02T22:30:00Z,LINK/USDT,stop_sell,5.71714000,138.77372279,0.79338880,USDT
2023-01-04T01:30:00Z,LINK/USDT,buy,5.70285000,140.88778106,0.80346188,USDT
2023-01-04T08:00:00Z,LINK/USDT,sell,5.78710500,140.88778106,0.81533238,USDT
2023-01-04T13:15:00Z,LINK/USDT,buy,5.80290000,137.62844435,0.79864410,USDT
2023-01-04T13:45:00Z,LINK/USDT,stop_sell,5.78710500,137.62844435,0.79647026,USDT
2023-01-04T14:00:00Z,LINK/USDT,buy,5.80290000,137.33966623,0.79696835,USDT
2023-01-04T14:00:00Z,LINK/USDT,stop_sell,5.79424429,137.33966623,0.79577958,USDT
2023-01-05T19:00:00Z,LINK/USDT,buy,5.77288500,137.77563716,0.79536291,USDT
2023-01-05T19:00:00Z,LINK/USDT,stop_sell,5.76711500,137.77563716,0.79456794,USDT
2023-01-06T12:15:00Z,LINK/USDT,buy,5.59279500,141.90927891,0.79366951,USDT
2023-01-06T12:15:00Z,LINK/USDT,stop_sell,5.58720500,141.90927891,0.79287623,USDT
2023-01-06T14:45:00Z,LINK/USDT,buy,5.61280500,141.87540249,0.79631897,USDT
2023-01-06T21:00:00Z,LINK/USDT,sell,5.67716000,141.87540249,0.80544936,USDT
2023-01-07T02:00:00Z,LINK/USDT,buy,5.79289500,138.0522581,0.79972224,USDT
2023-01-07T02:45:00Z,LINK/USDT,stop_sell,5.75890482,138.0522581,0.79502981,USDT
2023-01-07T13:15:00Z,LINK/USDT,buy,5.80290000,137.4894962,0.79783780,USDT
2023-01-07T13:45:00Z,LINK/USDT,stop_sell,5.78710500,137.4894962,0.79566615,USDT
2023-01-07T15:30:00Z,LINK/USDT,buy,5.82291000,137.43756309,0.80028656,USDT
2023-01-07T16:30:00Z,LINK/USDT,stop_sell,5.78424929,137.43756309,0.79497313,USDT
2023-01-08T06:00:00Z,LINK/USDT,buy,5.87293500,136.16840521,0.79970819,USDT
2023-01-08T06:30:00Z,LINK/USDT,stop_sell,5.82708500,136.16840521,0.79346487,USDT
2023-01-08T15:45:00Z,LINK/USDT,buy,5.84292000,136.29422104,0.79635623,USDT
2023-01-08T16:15:00Z,LINK/USDT,stop_sell,5.81709000,136.29422104,0.79283575,USDT
2023-01-08T20:45:00Z,LINK/USDT,buy,5.86293000,135.29753013,0.79323995,USDT
2023-01-08T20:45:00Z,LINK/USDT,stop_sell,5.85707000,135.29753013,0.79244710,USDT
2023-01-09T00:15:00Z,LINK/USDT,buy,5.97298500,133.00320982,0.79442618,USDT
2023-01-09T00:15:00Z,LINK/USDT,stop_sell,5.93417429,133.00320982,0.78926423,USDT
2023-01-09T02:45:00Z,LINK/USDT,buy,6.13306500,130.08503168,0.79781995,USDT
2023-01-09T06:30:00Z,LINK/USDT,sell,6.08695500,130.08503168,0.79182173,USDT
2023-01-09T10:45:00Z,LINK/USDT,buy,6.22311000,127.68689945,0.79460962,USDT
2023-01-09T11:15:00Z,LINK/USDT,stop_sell,6.17691000,127.68689945,0.78871049,USDT
2023-01-10T09:00:00Z,LINK/USDT,buy,6.11305500,129.88771165,0.79401073,USDT
2023-01-10T10:15:00Z,LINK/USDT,sell,6.12693500,129.88771165,0.79581357,USDT
2023-01-10T10:30:00Z,LINK/USDT,buy,6.14307000,129.2558566,0.79402778,USDT
2023-01-10T11:30:00Z,LINK/USDT,stop_sell,6.11694000,129.2558566,0.79065032,USDT
2023-01-10T14:45:00Z,LINK/USDT,buy,6.12306000,128.77175144,0.78847716,USDT
2023-01-10T14:45:00Z,LINK/USDT,stop_sell,6.11694000,128.77175144,0.78768908,USDT
2023-01-10T18:15:00Z,LINK/USDT,buy,6.20310000,128.11709998,0.79472318,USDT
2023-01-10T20:45:00Z,LINK/USDT,sell,6.21689000,128.11709998,0.79648992,USDT
2023-01-11T22:45:00Z,LINK/USDT,buy,6.18309000,128.32668133,0.79345542,USDT
2023-01-12T05:30:00Z,LINK/USDT,sell,6.31684000,128.32668133,0.81061911,USDT
2023-01-13T09:15:00Z,LINK/USDT,buy,6.38319000,123.91632764,0.79098146,USDT
2023-01-13T09:15:00Z,LINK/USDT,stop_sell,6.37681000,123.91632764,0.79019088,USDT
2023-01-13T18:00:00Z,LINK/USDT,buy,6.38319000,124.66466554,0.79575825,USDT
2023-01-13T23:00:00Z,LINK/USDT,sell,6.55672000,124.66466554,0.81739131,USDT
2023-01-14T00:45:00Z,LINK/USDT,buy,6.77338500,117.8837796,0.79847222,USDT
2023-01-14T03:15:00Z,LINK/USDT,sell,6.79660000,117.8837796,0.80120890,USDT
2023-01-14T07:00:00Z,LINK/USDT,buy,7.03351500,113.52446099,0.79847600,USDT
2023-01-14T07:00:00Z,LINK/USDT,stop_sell,6.96258839,113.52446099,0.79042409,USDT
2023-01-15T15:00:00Z,LINK/USDT,buy,6.79339500,117.26182996,0.79660593,USDT
2023-01-15T18:00:00Z,LINK/USDT,stop_sell,6.75305036,117.26182996,0.79187504,USDT
2023-01-16T01:00:00Z,LINK/USDT,buy,6.76338000,117.70809744,0.79610459,USDT
2023-01-16T03:15:00Z,LINK/USDT,sell,6.78660500,117.70809744,0.79883836,USDT
2023-01-16T06:00:00Z,LINK/USDT,buy,6.95347500,114.49866916,0.79616363,USDT
2023-01-16T06:15:00Z,LINK/USDT,stop_sell,6.88655500,114.49866916,0.78850138,USDT
2023-01-16T19:15:00Z,LINK/USDT,buy,6.77338500,117.43801933,0.79545292,USDT
2023-01-16T21:00:00Z,LINK/USDT,stop_sell,6.71057161,117.43801933,0.78807624,USDT
2023-01-17T07:30:00Z,LINK/USDT,buy,6.75337500,117.50580651,0.79356078,USDT
2023-01-17T07:30:00Z,LINK/USDT,stop_sell,6.71342732,117.50580651,0.78886669,USDT
2023-01-17T12:30:00Z,LINK/USDT,buy,6.76338000,117.43141822,0.79423331,USDT
2023-01-17T12:45:00Z,LINK/USDT,stop_sell,6.71664000,117.43141822,0.78874456,USDT
2023-01-17T14:15:00Z,LINK/USDT,buy,6.78339000,117.00093578,0.79366298,USDT
2023-01-17T14:15:00Z,LINK/USDT,stop_sell,6.74305536,117.00093578,0.78894379,USDT
2023-01-17T15:15:00Z,LINK/USDT,buy,6.78339000,116.92646845,0.79315784,USDT
2023-01-17T15:30:00Z,LINK/USDT,stop_sell,6.71628304,116.92646845,0.78531126,USDT
2023-01-17T19:45:00Z,LINK/USDT,buy,6.89344500,115.28253462,0.79469381,USDT
2023-01-17T21:00:00Z,LINK/USDT,sell,6.85657000,115.28253462,0.79044277,USDT
2023-01-17T22:00:00Z,LINK/USDT,buy,6.95347500,113.55909383,0.78963032,USDT
2023-01-17T22:30:00Z,LINK/USDT,stop_sell,6.87941571,113.55909383,0.78122021,USDT
2023-01-18T13:45:00Z,LINK/USDT,buy,6.81340500,116.1136495,0.79112932,USDT
2023-01-18T15:30:00Z,LINK/USDT,stop_sell,6.77411125,116.1136495,0.78656678,USDT
2023-01-19T15:30:00Z,LINK/USDT,buy,6.41320500,122.90990617,0.78824642,USDT
2023-01-19T16:45:00Z,LINK/USDT,sell,6.40679500,122.90990617,0.78745857,USDT
2023-01-19T21:00:00Z,LINK/USDT,buy,6.54327000,120.62576652,0.78928696,USDT
2023-01-19T21:00:00Z,LINK/USDT,stop_sell,6.50031964,120.62576652,0.78410604,USDT
2023-01-20T11:45:00Z,LINK/USDT,buy,6.49324500,121.47182866,0.78874634,USDT
2023-01-20T11:45:00Z,LINK/USDT,stop_sell,6.47390429,121.47182866,0.78639699,USDT
2023-01-20T15:15:00Z,LINK/USDT,buy,6.53326500,120.67966438,0.78843223,USDT
2023-01-21T00:15:00Z,LINK/USDT,sell,6.91654000,120.67966438,0.83468573,USDT
2023-01-21T21:30:00Z,LINK/USDT,buy,7.04352000,112.92562608,0.79539391,USDT
2023-01-21T22:30:00Z,LINK/USDT,sell,7.00649500,112.92562608,0.79121283,USDT
2023-01-22T13:15:00Z,LINK/USDT,buy,6.96348000,113.99815916,0.79382390,USDT
2023-01-22T15:30:00Z,LINK/USDT,sell,7.00649500,113.99815916,0.79872753,USDT
2023-01-23T01:15:00Z,LINK/USDT,buy,7.17358500,110.07122544,0.78960529,USDT
2023-01-23T01:45:00Z,LINK/USDT,stop_sell,7.13071857,110.07122544,0.78488693,USDT
2023-01-23T10:30:00Z,LINK/USDT,buy,7.12356000,111.08268016,0.79130414,USDT
2023-01-23T12:00:00Z,LINK/USDT,stop_sell,7.07467518,111.08268016,0.78587388,USDT
2023-01-24T02:00:00Z,LINK/USDT,buy,7.15357500,110.84825918,0.79296134,USDT
2023-01-24T04:45:00Z,LINK/USDT,sell,7.11644000,110.84825918,0.78884499,USDT
2023-01-25T18:30:00Z,LINK/USDT,buy,6.78339000,116.50327956,0.79028718,USDT
2023-01-25T23:00:00Z,LINK/USDT,sell,6.85657000,116.50327956,0.79881289,USDT
2023-01-26T13:45:00Z,LINK/USDT,buy,6.96348000,113.73340492,0.79198029,USDT
2023-01-26T16:00:00Z,LINK/USDT,sell,6.98650500,113.73340492,0.79459900,USDT
2023-01-26T20:00:00Z,LINK/USDT,buy,7.13356500,110.71845025,0.78981726,USDT
2023-01-26T22:45:00Z,LINK/USDT,sell,7.16641500,110.71845025,0.79345436,USDT
2023-01-27T00:15:00Z,LINK/USDT,buy,7.28364000,108.61181884,0.79108939,USDT
2023-01-27T00:15:00Z,LINK/USDT,stop_sell,7.21317732,108.61181884,0.78343631,USDT
2023-01-27T06:00:00Z,LINK/USDT,buy,7.18359000,110.48333325,0.79366697,USDT
2023-01-27T07:30:00Z,LINK/USDT,sell,7.16641500,110.48333325,0.79176942,USDT
2023-01-27T08:00:00Z,LINK/USDT,buy,7.29364500,108.47214199,0.79115730,USDT
2023-01-27T10:00:00Z,LINK/USDT,stop_sell,7.21639000,108.47214199,0.78277728,USDT
2023-01-27T17:30:00Z,LINK/USDT,buy,7.32366000,108.06587366,0.79143772,USDT
2023-01-27T22:00:00Z,LINK/USDT,sell,7.39630000,108.06587366,0.79928762,USDT
2023-01-29T00:45:00Z,LINK/USDT,buy,7.27363500,108.88022236,0.79195500,USDT
2023-01-29T02:15:00Z,LINK/USDT,sell,7.30634500,108.88022236,0.79551647,USDT
2023-01-29T09:30:00Z,LINK/USDT,buy,7.38369000,106.83890827,0.78886538,USDT
2023-01-29T09:45:00Z,LINK/USDT,stop_sell,7.35632000,106.83890827,0.78594120,USDT
2023-01-29T10:15:00Z,LINK/USDT,buy,7.41370500,106.50197208,0.78957420,USDT
2023-01-29T11:00:00Z,LINK/USDT,stop_sell,7.38166446,106.50197208,0.78616182,USDT
2023-01-29T17:15:00Z,LINK/USDT,buy,7.44372000,106.01889298,0.78917495,USDT
2023-01-29T17:15:00Z,LINK/USDT,stop_sell,7.39344429,106.01889298,0.78384478,USDT
2023-01-29T19:45:00Z,LINK/USDT,buy,7.43371500,105.80245748,0.78650532,USDT
2023-01-29T21:00:00Z,LINK/USDT,sell,7.36631500,105.80245748,0.77937423,USDT
2023-01-30T17:30:00Z,LINK/USDT,buy,7.04352000,111.23341116,0.78347476,USDT
2023-01-30T18:00:00Z,LINK/USDT,stop_sell,7.02648500,111.23341116,0.78157990,USDT
2023-01-31T01:00:00Z,LINK/USDT,buy,6.94347000,112.78735784,0.78313564,USDT
2023-01-31T01:00:00Z,LINK/USDT,stop_sell,6.93653000,112.78735784,0.78235289,USDT
2023-01-31T13:45:00Z,LINK/USDT,buy,7.00350000,112.4382713,0.78746143,USDT
2023-01-31T19:45:00Z,LINK/USDT,sell,7.03648000,112.4382713,0.79116965,USDT
2023-02-06T16:00:00Z,LINK/USDT,buy,7.04352000,111.98268361,0.78875227,USDT
2023-02-06T16:30:00Z,LINK/USDT,stop_sell,7.00649500,111.98268361,0.78460611,USDT
2023-02-07T05:30:00Z,LINK/USDT,buy,6.96348000,113.04320465,0.78717409,USDT
2023-02-07T06:30:00Z,LINK/USDT,stop_sell,6.92439321,113.04320465,0.78275560,USDT
2023-02-07T09:30:00Z,LINK/USDT,buy,6.99349500,112.48950362,0.78669478,USDT
2023-02-07T12:15:00Z,LINK/USDT,sell,7.03648000,112.48950362,0.79153014,USDT
2023-02-07T18:00:00Z,LINK/USDT,buy,7.14357000,110.31727928,0.78805921,USDT
2023-02-07T18:15:00Z,LINK/USDT,stop_sell,7.07717393,110.31727928,0.78073457,USDT
2023-02-07T20:30:00Z,LINK/USDT,buy,7.14357000,110.21749327,0.78734638,USDT
2023-02-08T01:30:00Z,LINK/USDT,sell,7.23638000,110.21749327,0.79757566,USDT
2023-02-08T06:45:00Z,LINK/USDT,buy,7.24362000,108.63843593,0.78693555,USDT
2023-02-08T07:45:00Z,LINK/USDT,sell,7.22638500,108.63843593,0.78506316,USDT
2023-02-08T14:00:00Z,LINK/USDT,buy,7.24362000,108.60037646,0.78665986,USDT
2023-02-08T14:45:00Z,LINK/USDT,stop_sell,7.20532411,108.60037646,0.78250091,USDT
2023-02-09T01:30:00Z,LINK/USDT,buy,7.23361500,108.83773917,0.78729030,USDT
2023-02-09T02:00:00Z,LINK/USDT,stop_sell,7.18319232,108.83773917,0.78180241,USDT
2023-02-09T07:45:00Z,LINK/USDT,buy,7.41370500,105.68558791,0.78352177,USDT
2023-02-09T07:45:00Z,LINK/USDT,stop_sell,7.35988964,105.68558791,0.77783426,USDT
2023-02-09T08:00:00Z,LINK/USDT,buy,7.47373500,105.60753823,0.78928275,USDT
2023-02-09T11:00:00Z,LINK/USDT,sell,7.55622000,105.60753823,0.79799379,USDT
2023-02-10T21:15:00Z,LINK/USDT,buy,6.97348500,112.33675393,0.78337867,USDT
2023-02-10T21:30:00Z,LINK/USDT,sell,6.94652500,112.33675393,0.78035007,USDT
2023-02-11T12:30:00Z,LINK/USDT,buy,6.93346500,113.25635263,0.78525896,USDT
2023-02-11T12:30:00Z,LINK/USDT,stop_sell,6.92332232,113.25635263,0.78411023,USDT
2023-02-11T22:00:00Z,LINK/USDT,buy,6.99349500,112.25308675,0.78504140,USDT
2023-02-12T00:15:00Z,LINK/USDT,sell,6.99650000,112.25308675,0.78537872,USDT
2023-02-12T16:45:00Z,LINK/USDT,buy,7.00350000,111.75932029,0.78270640,USDT
2023-02-12T16:45:00Z,LINK/USDT,stop_sell,6.99650000,111.75932029,0.78192408,USDT
2023-02-12T17:30:00Z,LINK/USDT,buy,7.08354000,110.94238653,0.78586483,USDT
2023-02-12T17:45:00Z,LINK/USDT,stop_sell,7.03648000,110.94238653,0.78064388,USDT
2023-02-13T14:45:00Z,LINK/USDT,buy,6.61330500,118.58088898,0.78421159,USDT
2023-02-13T15:45:00Z,LINK/USDT,stop_sell,6.57992268,118.58088898,0.78025308,USDT
2023-02-13T22:45:00Z,LINK/USDT,buy,6.61330500,118.51404517,0.78376953,USDT
2023-02-13T23:00:00Z,LINK/USDT,stop_sell,6.58956071,118.51404517,0.78095550,USDT
2023-02-13T23:30:00Z,LINK/USDT,buy,6.65332500,117.57170241,0.78224275,USDT
2023-02-14T01:15:00Z,LINK/USDT,stop_sell,6.63311036,117.57170241,0.77986608,USDT
2023-02-14T06:30:00Z,LINK/USDT,buy,6.66333000,117.52438975,0.78310379,USDT
2023-02-14T08:30:00Z,LINK/USDT,stop_sell,6.61669000,117.52438975,0.77762245,USDT
2023-02-14T10:30:00Z,LINK/USDT,buy,6.68334000,117.08818423,0.78254015,USDT
2023-02-14T10:45:00Z,LINK/USDT,stop_sell,6.63668000,117.08818423,0.77707681,USDT
2023-02-14T15:00:00Z,LINK/USDT,buy,6.75337500,116.13480453,0.78430189,USDT
2023-02-14T16:45:00Z,LINK/USDT,sell,6.67666000,116.13480453,0.77539260,USDT
2023-02-15T05:45:00Z,LINK/USDT,buy,6.80340000,114.81613477,0.78114009,USDT
2023-02-15T08:30:00Z,LINK/USDT,stop_sell,6.74662500,114.81613477,0.77462141,USDT
2023-02-15T11:45:00Z,LINK/USDT,buy,6.85342500,114.0502574,0.78163489,USDT
2023-02-15T14:15:00Z,LINK/USDT,sell,6.86656500,114.0502574,0.78313351,USDT
2023-02-15T19:30:00Z,LINK/USDT,buy,7.03351500,111.125138,0.78160033,USDT
2023-02-16T04:15:00Z,LINK/USDT,sell,7.28635500,111.125138,0.80969720,USDT
2023-02-16T16:00:00Z,LINK/USDT,buy,7.40370000,105.70525883,0.78261002,USDT
2023-02-16T16:00:00Z,LINK/USDT,stop_sell,7.32669196,105.70525883,0.77446987,USDT
2023-02-17T07:30:00Z,LINK/USDT,buy,7.26363000,107.93413489,0.78399362,USDT
2023-02-17T08:00:00Z,LINK/USDT,stop_sell,7.19640000,107.93413489,0.77673721,USDT
2023-02-17T09:45:00Z,LINK/USDT,buy,7.26363000,107.53963708,0.78112813,USDT
2023-02-17T13:45:00Z,LINK/USDT,sell,7.26636500,107.53963708,0.78142225,USDT
2023-02-17T17:15:00Z,LINK/USDT,buy,7.51375500,104.08483878,0.78206798,USDT
2023-02-17T18:00:00Z,LINK/USDT,stop_sell,7.42021661,104.08483878,0.77233205,USDT
2023-02-17T20:15:00Z,LINK/USDT,buy,7.53376500,103.68790752,0.78116033,USDT
2023-02-17T22:00:00Z,LINK/USDT,sell,7.48625500,103.68790752,0.77623412,USDT
2023-02-17T23:00:00Z,LINK/USDT,buy,7.62381000,102.52820737,0.78165557,USDT
2023-02-18T01:00:00Z,LINK/USDT,sell,7.58620500,102.52820737,0.77780000,USDT
2023-02-18T12:15:00Z,LINK/USDT,buy,7.83391500,99.58838538,0.78016695,USDT
2023-02-18T17:30:00Z,LINK/USDT,sell,8.15592000,99.58838538,0.81223490,USDT
2023-02-19T12:15:00Z,LINK/USDT,buy,8.20410000,95.38696193,0.78256417,USDT
2023-02-19T12:15:00Z,LINK/USDT,stop_sell,8.13771482,95.38696193,0.77623189,USDT
2023-02-19T12:30:00Z,LINK/USDT,buy,8.24412000,94.73154515,0.78097823,USDT
2023-02-19T12:45:00Z,LINK/USDT,stop_sell,8.18126446,94.73154515,0.77502382,USDT
2023-02-20T04:30:00Z,LINK/USDT,buy,8.07403500,96.89280742,0.78231592,USDT
2023-02-20T07:15:00Z,LINK/USDT,sell,8.11594000,96.89280742,0.78637621,USDT
2023-02-20T08:00:00Z,LINK/USDT,buy,8.37418500,93.21223749,0.78057652,USDT
2023-02-20T08:15:00Z,LINK/USDT,stop_sell,8.29192339,93.21223749,0.77290873,USDT
2023-02-20T21:45:00Z,LINK/USDT,buy,8.03401500,96.94635894,0.77886850,USDT
2023-02-20T21:45:00Z,LINK/USDT,stop_sell,8.01134946,96.94635894,0.77667116,USDT
2023-02-21T02:45:00Z,LINK/USDT,buy,8.03401500,96.54876027,0.77567419,USDT
2023-02-21T02:45:00Z,LINK/USDT,stop_sell,8.02598500,96.54876027,0.77489890,USDT
2023-02-22T23:15:00Z,LINK/USDT,buy,7.71385500,101.16395151,0.78036405,USDT
2023-02-23T01:00:00Z,LINK/USDT,sell,7.68615500,101.16395151,0.77756181,USDT
2023-02-23T02:30:00Z,LINK/USDT,buy,7.76388000,100.46627267,0.78000809,USDT
2023-02-23T05:45:00Z,LINK/USDT,sell,7.86606500,100.46627267,0.79027423,USDT
2023-02-23T09:45:00Z,LINK/USDT,buy,7.99399500,97.6578048,0.78067600,USDT
2023-02-23T11:00:00Z,LINK/USDT,sell,8.00599500,97.6578048,0.78184790,USDT
2023-02-23T13:00:00Z,LINK/USDT,buy,8.06403000,96.68461934,0.77966767,USDT
2023-02-23T14:30:00Z,LINK/USDT,sell,8.01599000,96.68461934,0.77502294,USDT
2023-02-24T03:30:00Z,LINK/USDT,buy,8.02401000,97.226227,0.78014422,USDT
2023-02-24T04:30:00Z,LINK/USDT,sell,8.00599500,97.226227,0.77839269,USDT
2023-02-24T07:45:00Z,LINK/USDT,buy,8.14407000,95.75858215,0.77986460,USDT
2023-02-24T08:00:00Z,LINK/USDT,stop_sell,8.06275232,95.75858215,0.77207773,USDT
2023-02-25T08:15:00Z,LINK/USDT,buy,7.43371500,104.67969963,0.77815905,USDT
2023-02-25T09:15:00Z,LINK/USDT,stop_sell,7.38630500,104.67969963,0.77319619,USDT
2023-02-26T10:45:00Z,LINK/USDT,buy,7.43371500,104.60955999,0.77763766,USDT
2023-02-26T12:30:00Z,LINK/USDT,stop_sell,7.40629500,104.60955999,0.77476926,USDT
2023-02-26T21:00:00Z,LINK/USDT,buy,7.51375500,103.44811806,0.77728381,USDT
2023-02-26T22:15:00Z,LINK/USDT,stop_sell,7.46626500,103.44811806,0.77237106,USDT
2023-02-27T13:45:00Z,LINK/USDT,buy,7.42371000,104.77440946,0.77781483,USDT
2023-02-27T15:30:00Z,LINK/USDT,stop_sell,7.37523911,104.77440946,0.77273632,USDT
2023-02-28T03:45:00Z,LINK/USDT,buy,7.29364500,106.42634421,0.77623597,USDT
2023-02-28T04:30:00Z,LINK/USDT,stop_sell,7.23638000,106.42634421,0.77014147,USDT
2023-02-28T12:15:00Z,LINK/USDT,buy,7.36368000,105.33108407,0.77562440,USDT
2023-02-28T13:15:00Z,LINK/USDT,stop_sell,7.33490214,105.33108407,0.77259319,USDT
2023-02-28T14:45:00Z,LINK/USDT,buy,7.39369500,104.85391409,0.77525786,USDT
2023-02-28T15:15:00Z,LINK/USDT,stop_sell,7.36060357,104.85391409,0.77178809,USDT
2023-03-01T03:30:00Z,LINK/USDT,buy,7.34367000,105.94652259,0.77803630,USDT
2023-03-01T09:30:00Z,LINK/USDT,sell,7.39630000,105.94652259,0.78361227,USDT
2023-03-01T11:45:00Z,LINK/USDT,buy,7.47373500,103.44328778,0.77310772,USDT
2023-03-01T12:30:00Z,LINK/USDT,stop_sell,7.45412821,103.44328778,0.77107953,USDT
2023-03-01T21:45:00Z,LINK/USDT,buy,7.52376000,103.40513154,0.77799539,USDT
2023-03-02T01:00:00Z,LINK/USDT,sell,7.49625000,103.40513154,0.77515072,USDT
2023-03-02T19:15:00Z,LINK/USDT,buy,7.28364000,106.48591603,0.77560508,USDT
2023-03-02T20:45:00Z,LINK/USDT,stop_sell,7.23638000,106.48591603,0.77057255,USDT
2023-03-03T14:00:00Z,LINK/USDT,buy,6.93346500,111.79571003,0.77513164,USDT
2023-03-03T15:00:00Z,LINK/USDT,stop_sell,6.90550981,111.79571003,0.77200637,USDT
2023-03-04T00:30:00Z,LINK/USDT,buy,6.98349000,110.89237354,0.77441578,USDT
2023-03-04T01:45:00Z,LINK/USDT,stop_sell,6.94499006,110.89237354,0.77014643,USDT
2023-03-04T12:00:00Z,LINK/USDT,buy,6.96047850,111.03267353,0.77284054,USDT
2023-03-04T13:45:00Z,LINK/USDT,stop_sell,6.91654000,111.03267353,0.76796193,USDT
2023-03-05T01:30:00Z,LINK/USDT,buy,6.96948300,110.97483185,0.77343720,USDT
2023-03-05T02:30:00Z,LINK/USDT,stop_sell,6.92242991,110.97483185,0.76821550,USDT
2023-03-05T13:15:00Z,LINK/USDT,buy,6.97248450,110.73795178,0.77211865,USDT
2023-03-05T15:15:00Z,LINK/USDT,sell,6.96451600,110.73795178,0.77123624,USDT
2023-03-05T20:30:00Z,LINK/USDT,buy,6.98349000,110.6307319,0.77258861,USDT
2023-03-05T21:30:00Z,LINK/USDT,stop_sell,6.96248131,110.6307319,0.77026440,USDT
2023-03-06T10:15:00Z,LINK/USDT,buy,6.90645150,111.72379538,0.77161497,USDT
2023-03-06T12:00:00Z,LINK/USDT,stop_sell,6.85257200,111.72379538,0.76559535,USDT
2023-03-06T13:45:00Z,LINK/USDT,buy,6.90345000,111.57156695,0.77022873,USDT
2023-03-06T19:15:00Z,LINK/USDT,stop_sell,6.89230212,111.57156695,0.76898495,USDT
2023-03-07T01:15:00Z,LINK/USDT,buy,6.93046350,111.31370798,0.77145559,USDT
2023-03-07T06:00:00Z,LINK/USDT,sell,6.93852900,111.31370798,0.77235339,USDT
2023-03-08T22:00:00Z,LINK/USDT,buy,6.69234450,114.96052712,0.76935545,USDT
2023-03-08T22:00:00Z,LINK/USDT,stop_sell,6.66616525,114.96052712,0.76634587,USDT
2023-03-09T07:00:00Z,LINK/USDT,buy,6.63431550,115.94441646,0.76921184,USDT
2023-03-09T07:00:00Z,LINK/USDT,stop_sell,6.62718475,115.94441646,0.76838507,USDT
2023-03-10T01:45:00Z,LINK/USDT,buy,6.16908300,125.04836262,0.77143373,USDT
2023-03-10T04:00:00Z,LINK/USDT,sell,6.15092300,125.04836262,0.76916285,USDT
2023-03-10T07:45:00Z,LINK/USDT,buy,6.19809750,124.21191321,0.76987755,USDT
2023-03-10T08:15:00Z,LINK/USDT,stop_sell,6.14192750,124.21191321,0.76290057,USDT
2023-03-10T13:45:00Z,LINK/USDT,buy,6.20910300,123.92198927,0.76944440,USDT
2023-03-10T14:00:00Z,LINK/USDT,stop_sell,6.15570632,123.92198927,0.76282737,USDT
2023-03-10T23:15:00Z,LINK/USDT,buy,6.21610650,123.10257658,0.76521873,USDT
2023-03-10T23:45:00Z,LINK/USDT,sell,6.20289700,123.10257658,0.76359260,USDT
2023-03-11T01:45:00Z,LINK/USDT,buy,6.35317500,120.7781823,0.76732493,USDT
2023-03-11T02:15:00Z,LINK/USDT,stop_sell,6.30984350,120.7781823,0.76209143,USDT
2023-03-11T17:30:00Z,LINK/USDT,buy,6.05302500,127.04745857,0.76902144,USDT
2023-03-11T23:00:00Z,LINK/USDT,sell,6.12293700,127.04745857,0.77790358,USDT
2023-03-12T00:00:00Z,LINK/USDT,buy,6.15907800,124.54645915,0.76709136,USDT
2023-03-12T00:15:00Z,LINK/USDT,stop_sell,6.12193750,124.54645915,0.76246564,USDT
2023-03-12T05:30:00Z,LINK/USDT,buy,6.17008350,124.12438058,0.76585779,USDT
2023-03-12T05:30:00Z,LINK/USDT,stop_sell,6.16391650,124.12438058,0.76509232,USDT
2023-03-12T17:30:00Z,LINK/USDT,buy,6.22110900,123.41600951,0.76778445,USDT
2023-03-12T20:00:00Z,LINK/USDT,sell,6.24587550,123.41600951,0.77084103,USDT
2023-03-13T14:15:00Z,LINK/USDT,buy,6.61430550,116.46665165,0.77034601,USDT
2023-03-13T17:15:00Z,LINK/USDT,sell,6.71564050,116.46665165,0.78214816,USDT
2023-03-14T12:45:00Z,LINK/USDT,buy,6.86443050,111.70841065,0.76681462,USDT
2023-03-14T12:45:00Z,LINK/USDT,stop_sell,6.83083288,111.70841065,0.76306148,USDT
2023-03-14T13:00:00Z,LINK/USDT,buy,6.95747700,110.55379395,0.76917548,USDT
2023-03-14T16:30:00Z,LINK/USDT,sell,7.06446600,110.55379395,0.78100352,USDT
2023-03-15T07:15:00Z,LINK/USDT,buy,7.10455050,108.24085732,0.76900264,USDT
2023-03-15T07:30:00Z,LINK/USDT,stop_sell,7.04247700,108.24085732,0.76228375,USDT
2023-03-16T23:15:00Z,LINK/USDT,buy,6.67833750,115.04993466,0.76834229,USDT
2023-03-17T00:30:00Z,LINK/USDT,stop_sell,6.61768950,115.04993466,0.76136474,USDT
2023-03-17T01:45:00Z,LINK/USDT,buy,6.75737700,113.60345475,0.76766137,USDT
2023-03-17T05:45:00Z,LINK/USDT,sell,6.84357650,113.60345475,0.77745393,USDT
2023-03-17T11:15:00Z,LINK/USDT,buy,7.07053350,108.72681991,0.76875662,USDT
2023-03-17T13:00:00Z,LINK/USDT,sell,7.09545050,108.72681991,0.77146577,USDT
2023-03-17T22:45:00Z,LINK/USDT,buy,7.19659650,106.87879807,0.76916358,USDT
2023-03-18T00:15:00Z,LINK/USDT,sell,7.15542050,106.87879807,0.76476274,USDT
2023-03-18T01:15:00Z,LINK/USDT,buy,7.26262950,105.43355241,0.76572483,USDT
2023-03-18T01:45:00Z,LINK/USDT,stop_sell,7.19615012,105.43355241,0.75871567,USDT
2023-03-19T12:00:00Z,LINK/USDT,buy,7.12055850,107.85844919,0.76801240,USDT
2023-03-19T12:30:00Z,LINK/USDT,stop_sell,7.07246200,107.85844919,0.76282478,USDT
2023-03-19T14:45:00Z,LINK/USDT,buy,7.13656650,107.66171644,0.76833500,USDT
2023-03-19T18:15:00Z,LINK/USDT,sell,7.16641500,107.66171644,0.77154854,USDT
2023-03-20T03:00:00Z,LINK/USDT,buy,7.13856750,106.61705247,0.76109303,USDT
2023-03-20T03:15:00Z,LINK/USDT,stop_sell,7.11419112,106.61705247,0.75849409,USDT
2023-03-20T10:00:00Z,LINK/USDT,buy,7.24362000,105.82051219,0.76652358,USDT
2023-03-20T13:30:00Z,LINK/USDT,sell,7.30834400,105.82051219,0.77337271,USDT
2023-03-21T12:30:00Z,LINK/USDT,buy,7.14457050,107.3921612,0.76727087,USDT
2023-03-21T17:30:00Z,LINK/USDT,sell,7.22638500,107.3921612,0.77605710,USDT
2023-03-21T21:15:00Z,LINK/USDT,buy,7.33166400,104.52986501,0.76637785,USDT
2023-03-21T22:45:00Z,LINK/USDT,sell,7.37131250,104.52986501,0.77052230,USDT
2023-03-22T03:30:00Z,LINK/USDT,buy,7.47073350,102.84858377,0.76835436,USDT
2023-03-22T04:45:00Z,LINK/USDT,sell,7.42128750,102.84858377,0.76326891,USDT
2023-03-22T06:45:00Z,LINK/USDT,buy,7.52376000,101.97126563,0.76720733,USDT
2023-03-22T07:00:00Z,LINK/USDT,stop_sell,7.48122181,101.97126563,0.76286966,USDT
2023-03-22T12:30:00Z,LINK/USDT,buy,7.67083350,100.05934163,0.76753855,USDT
2023-03-22T12:45:00Z,LINK/USDT,stop_sell,7.59027439,100.05934163,0.75947786,USDT
2023-03-23T05:45:00Z,LINK/USDT,buy,7.22160900,106.19884601,0.76692654,USDT
2023-03-23T10:30:00Z,LINK/USDT,sell,7.34832400,106.19884601,0.78038353,USDT
2023-03-23T15:00:00Z,LINK/USDT,buy,7.51075350,102.11006461,0.76692353,USDT
2023-03-23T16:15:00Z,LINK/USDT,stop_sell,7.46351638,102.11006461,0.76210014,USDT
2023-03-23T23:15:00Z,LINK/USDT,buy,7.59479550,100.95309203,0.76671809,USDT
2023-03-24T01:00:00Z,LINK/USDT,sell,7.55622000,100.95309203,0.76282377,USDT
2023-03-26T03:00:00Z,LINK/USDT,buy,7.16358000,106.92711644,0.76598095,USDT
2023-03-26T04:15:00Z,LINK/USDT,stop_sell,7.11444100,106.92711644,0.76072666,USDT
2023-03-26T08:45:00Z,LINK/USDT,buy,7.22961300,105.87540461,0.76543820,USDT
2023-03-26T11:30:00Z,LINK/USDT,sell,7.18440600,105.87540461,0.76065189,USDT
2023-03-26T13:45:00Z,LINK/USDT,buy,7.25862750,105.49892118,0.76577737,USDT
2023-03-26T14:30:00Z,LINK/USDT,stop_sell,7.22238700,105.49892118,0.76195404,USDT
2023-03-26T22:15:00Z,LINK/USDT,buy,7.25962800,105.38168481,0.76503183,USDT
2023-03-27T00:45:00Z,LINK/USDT,sell,7.23338150,105.38168481,0.76226593,USDT
2023-03-28T06:15:00Z,LINK/USDT,buy,6.90044850,110.74077726,0.76416103,USDT
2023-03-28T07:15:00Z,LINK/USDT,stop_sell,6.87556050,110.74077726,0.76140491,USDT
2023-03-28T19:00:00Z,LINK/USDT,buy,6.93946800,110.10046238,0.76403864,USDT
2023-03-28T21:15:00Z,LINK/USDT,sell,6.94752450,110.10046238,0.76492566,USDT
2023-03-29T04:30:00Z,LINK/USDT,buy,7.02851250,108.62055363,0.76344092,USDT
2023-03-29T11:00:00Z,LINK/USDT,sell,7.26036800,108.62055363,0.78862519,USDT
2023-03-29T13:45:00Z,LINK/USDT,buy,7.33866750,104.4174959,0.76628528,USDT
2023-03-29T14:15:00Z,LINK/USDT,stop_sell,7.28849679,104.4174959,0.76104658,USDT
2023-03-29T21:00:00Z,LINK/USDT,buy,7.38669150,103.11954489,0.76171227,USDT
2023-03-29T21:00:00Z,LINK/USDT,stop_sell,7.37930850,103.11954489,0.76095093,USDT
2023-03-30T02:45:00Z,LINK/USDT,buy,7.54276950,101.57457491,0.76615361,USDT
2023-03-30T03:00:00Z,LINK/USDT,stop_sell,7.45951838,101.57457491,0.75769741,USDT
2023-03-31T00:30:00Z,LINK/USDT,buy,7.29264450,104.85357242,0.76465983,USDT
2023-03-31T02:00:00Z,LINK/USDT,sell,7.30734450,104.85357242,0.76620118,USDT
2023-03-31T02:15:00Z,LINK/USDT,buy,7.33666650,103.81327449,0.76164337,USDT
2023-03-31T05:30:00Z,LINK/USDT,sell,7.35632000,103.81327449,0.76368367,USDT
2023-03-31T07:45:00Z,LINK/USDT,buy,7.43971800,102.92352214,0.76572198,USDT
2023-03-31T08:45:00Z,LINK/USDT,sell,7.44127750,102.92352214,0.76588249,USDT
2023-03-31T12:45:00Z,LINK/USDT,buy,7.56177900,100.96321657,0.76346153,USDT
2023-03-31T15:30:00Z,LINK/USDT,sell,7.58820400,100.96321657,0.76612948,USDT
2023-04-03T08:15:00Z,LINK/USDT,buy,7.31265450,104.72738779,0.76583520,USDT
2023-04-03T10:15:00Z,LINK/USDT,sell,7.31634000,104.72738779,0.76622118,USDT
2023-04-03T18:45:00Z,LINK/USDT,buy,7.40570100,103.52245526,0.76665635,USDT
2023-04-03T20:00:00Z,LINK/USDT,stop_sell,7.33186794,103.52245526,0.75901297,USDT
2023-04-04T07:00:00Z,LINK/USDT,buy,7.31265450,104.52824065,0.76437891,USDT
2023-04-04T07:30:00Z,LINK/USDT,stop_sell,7.26336650,104.52824065,0.75922692,USDT
2023-04-04T10:30:00Z,LINK/USDT,buy,7.36668150,103.54713853,0.76279879,USDT
2023-04-04T12:45:00Z,LINK/USDT,sell,7.34932350,103.54713853,0.76100142,USDT
2023-04-04T20:15:00Z,LINK/USDT,buy,7.43471550,102.48109282,0.76191777,USDT
2023-04-04T21:30:00Z,LINK/USDT,stop_sell,7.41454088,102.48109282,0.75985025,USDT
2023-04-05T01:00:00Z,LINK/USDT,buy,7.50575100,101.67686434,0.76316123,USDT
2023-04-05T05:00:00Z,LINK/USDT,sell,7.55322150,101.67686434,0.76798788,USDT
2023-04-07T12:45:00Z,LINK/USDT,buy,7.19759700,106.08691324,0.76357085,USDT
2023-04-07T13:00:00Z,LINK/USDT,stop_sell,7.16641500,106.08691324,0.76026285,USDT
2023-04-07T14:45:00Z,LINK/USDT,buy,7.19959800,105.5190245,0.75969456,USDT
2023-04-07T14:45:00Z,LINK/USDT,stop_sell,7.19240200,105.5190245,0.75893524,USDT
2023-04-07T22:30:00Z,LINK/USDT,buy,7.26463050,104.95584375,0.76246542,USDT
2023-04-08T00:15:00Z,LINK/USDT,stop_sell,7.24198434,104.95584375,0.76008858,USDT
2023-04-09T19:00:00Z,LINK/USDT,buy,7.16658150,106.36407017,0.76226678,USDT
2023-04-09T23:30:00Z,LINK/USDT,sell,7.22238700,106.36407017,0.76820248,USDT
2023-04-10T09:30:00Z,LINK/USDT,buy,7.24362000,105.19337965,0.76198087,USDT
2023-04-10T11:15:00Z,LINK/USDT,stop_sell,7.22238700,105.19337965,0.75974730,USDT
2023-04-10T22:45:00Z,LINK/USDT,buy,7.34567100,103.69104396,0.76168029,USDT
2023-04-11T00:15:00Z,LINK/USDT,sell,7.32733450,103.69104396,0.75977896,USDT
2023-04-11T02:15:00Z,LINK/USDT,buy,7.40570100,102.70254002,0.76058430,USDT
2023-04-11T02:30:00Z,LINK/USDT,stop_sell,7.37363277,102.70254002,0.75729081,USDT
2023-04-11T07:30:00Z,LINK/USDT,buy,7.42371000,102.51225235,0.76102123,USDT
2023-04-11T09:00:00Z,LINK/USDT,stop_sell,7.39283744,102.51225235,0.75785642,USDT
2023-04-11T14:30:00Z,LINK/USDT,buy,7.40970300,102.83595522,0.76198389,USDT
2023-04-11T14:30:00Z,LINK/USDT,stop_sell,7.38148598,102.83595522,0.75908216,USDT
2023-04-12T12:45:00Z,LINK/USDT,buy,7.27663650,104.62789395,0.76133915,USDT
2023-04-12T15:00:00Z,LINK/USDT,stop_sell,7.23645139,104.62789395,0.75713467,USDT
2023-04-13T05:45:00Z,LINK/USDT,buy,7.24362000,104.89703828,0.75983428,USDT
2023-04-13T06:15:00Z,LINK/USDT,stop_sell,7.22513562,104.89703828,0.75789533,USDT
2023-04-13T08:45:00Z,LINK/USDT,buy,7.33766700,103.62790366,0.76038705,USDT
2023-04-13T14:00:00Z,LINK/USDT,sell,7.39729950,103.62790366,0.76656664,USDT
2023-04-13T15:00:00Z,LINK/USDT,buy,7.44772200,102.03522746,0.75993001,USDT
2023-04-13T15:45:00Z,LINK/USDT,stop_sell,7.40929350,102.03522746,0.75600895,USDT
2023-04-13T17:30:00Z,LINK/USDT,buy,7.47373500,101.73080585,0.76030908,USDT
2023-04-13T19:15:00Z,LINK/USDT,sell,7.45826900,101.73080585,0.75873572,USDT
2023-04-14T00:30:00Z,LINK/USDT,buy,7.49774700,101.33100283,0.75975422,USDT
2023-04-14T07:15:00Z,LINK/USDT,sell,7.79809900,101.33100283,0.79018919,USDT
2023-04-15T10:00:00Z,LINK/USDT,buy,7.84291950,97.27523096,0.76292181,USDT
2023-04-15T11:45:00Z,LINK/USDT,stop_sell,7.78410600,97.27523096,0.75720071,USDT
2023-04-15T14:45:00Z,LINK/USDT,buy,7.91695650,95.96257692,0.75973155,USDT
2023-04-15T17:30:00Z,LINK/USDT,sell,7.96701450,95.96257692,0.76453524,USDT
2023-04-16T00:15:00Z,LINK/USDT,buy,8.05802700,94.54047452,0.76180970,USDT
2023-04-16T01:00:00Z,LINK/USDT,stop_sell,8.01913129,94.54047452,0.75813248,USDT
2023-04-16T17:15:00Z,LINK/USDT,buy,8.03501550,94.79505934,0.76167977,USDT
2023-04-16T20:00:00Z,LINK/USDT,sell,8.06096750,94.79505934,0.76413989,USDT
2023-04-16T21:15:00Z,LINK/USDT,buy,8.16007800,93.51047709,0.76305279,USDT
2023-04-16T22:30:00Z,LINK/USDT,sell,8.10194700,93.51047709,0.75761693,USDT
2023-04-17T03:00:00Z,LINK/USDT,buy,8.22010800,92.49807546,0.76034417,USDT
2023-04-17T04:30:00Z,LINK/USDT,stop_sell,8.13907129,92.49807546,0.75284843,USDT
2023-04-17T19:15:00Z,LINK/USDT,buy,8.24612100,92.18594869,0.76017649,USDT
2023-04-17T21:15:00Z,LINK/USDT,stop_sell,8.18497689,92.18594869,0.75453986,USDT
2023-04-18T05:30:00Z,LINK/USDT,buy,8.21010300,92.55475978,0.75988411,USDT
2023-04-18T12:45:00Z,LINK/USDT,sell,8.62868350,92.55475978,0.79862573,USDT
2023-04-20T12:45:00Z,LINK/USDT,buy,7.91495550,96.30117771,0.76221954,USDT
2023-04-20T14:30:00Z,LINK/USDT,stop_sell,7.86970604,96.30117771,0.75786196,USDT
2023-04-22T12:00:00Z,LINK/USDT,buy,7.16658150,106.26494512,0.76155639,USDT
2023-04-22T13:15:00Z,LINK/USDT,stop_sell,7.13543050,106.26494512,0.75824613,USDT
2023-04-22T15:00:00Z,LINK/USDT,buy,7.19859750,105.82687397,0.76180507,USDT
2023-04-22T15:30:00Z,LINK/USDT,stop_sell,7.17673127,105.82687397,0.75949104,USDT
2023-04-22T16:15:00Z,LINK/USDT,buy,7.23561600,105.21341595,0.76128388,USDT
2023-04-22T16:15:00Z,LINK/USDT,stop_sell,7.20136181,105.21341595,0.75767988,USDT
2023-04-24T01:00:00Z,LINK/USDT,buy,7.19059350,105.786045,0.76066445,USDT
2023-04-24T02:00:00Z,LINK/USDT,stop_sell,7.13867888,105.786045,0.75517261,USDT
2023-04-24T11:45:00Z,LINK/USDT,buy,7.21060350,105.26848496,0.75904931,USDT
2023-04-24T14:30:00Z,LINK/USDT,stop_sell,7.17851609,105.26848496,0.75567151,USDT
2023-04-25T12:30:00Z,LINK/USDT,buy,7.07953800,107.28105114,0.75950028,USDT
2023-04-25T14:00:00Z,LINK/USDT,sell,7.08145750,107.28105114,0.75970620,USDT
2023-04-25T18:15:00Z,LINK/USDT,buy,7.12856250,106.54346651,0.75950176,USDT
2023-04-25T18:45:00Z,LINK/USDT,stop_sell,7.09280896,106.54346651,0.75569245,USDT
2023-04-25T20:15:00Z,LINK/USDT,buy,7.19159400,105.53557254,0.75896899,USDT
2023-04-26T00:15:00Z,LINK/USDT,sell,7.29635000,105.53557254,0.77002447,USDT
2023-04-26T06:15:00Z,LINK/USDT,buy,7.28263950,104.24928812,0.75920998,USDT
2023-04-26T07:15:00Z,LINK/USDT,stop_sell,7.23837900,104.24928812,0.75459586,USDT
2023-04-26T08:30:00Z,LINK/USDT,buy,7.29764700,103.55643834,0.75571833,USDT
2023-04-26T08:30:00Z,LINK/USDT,stop_sell,7.29035300,103.55643834,0.75496299,USDT
2023-04-26T09:45:00Z,LINK/USDT,buy,7.33866750,103.43289685,0.75905964,USDT
2023-04-26T13:45:00Z,LINK/USDT,sell,7.43827900,103.43289685,0.76936274,USDT
2023-04-27T15:30:00Z,LINK/USDT,buy,7.13456550,106.94018774,0.76297177,USDT
2023-04-27T15:45:00Z,LINK/USDT,stop_sell,7.06061079,106.94018774,0.75506304,USDT
2023-04-27T18:30:00Z,LINK/USDT,buy,7.20560100,105.33575838,0.75900745,USDT
2023-04-27T19:00:00Z,LINK/USDT,stop_sell,7.16156029,105.33575838,0.75436838,USDT
2023-04-28T04:45:00Z,LINK/USDT,buy,7.16458050,105.76673227,0.75777427,USDT
2023-04-28T05:00:00Z,LINK/USDT,stop_sell,7.13643000,105.76673227,0.75479688,USDT
2023-04-28T19:15:00Z,LINK/USDT,buy,7.05452550,107.47081836,0.75815563,USDT
2023-04-28T23:15:00Z,LINK/USDT,sell,7.04347650,107.47081836,0.75696818,USDT
2023-04-29T04:00:00Z,LINK/USDT,buy,7.07153400,107.1817395,0.75793932,USDT
2023-04-29T07:00:00Z,LINK/USDT,sell,7.08245700,107.1817395,0.75911006,USDT
2023-04-29T07:30:00Z,LINK/USDT,buy,7.09454550,106.8301834,0.75791160,USDT
2023-04-29T10:30:00Z,LINK/USDT,sell,7.09045300,106.8301834,0.75747439,USDT
2023-04-29T12:45:00Z,LINK/USDT,buy,7.14757200,106.01576476,0.75775531,USDT
2023-04-29T16:00:00Z,LINK/USDT,sell,7.17641000,106.01576476,0.76081259,USDT
2023-04-30T06:15:00Z,LINK/USDT,buy,7.21060350,105.22290882,0.75872067,USDT
2023-04-30T06:45:00Z,LINK/USDT,stop_sell,7.18694044,105.22290882,0.75623078,USDT
2023-04-30T09:15:00Z,LINK/USDT,buy,7.24161900,104.68399458,0.75808160,USDT
2023-04-30T12:00:00Z,LINK/USDT,sell,7.20239700,104.68399458,0.75397569,USDT
2023-04-30T15:15:00Z,LINK/USDT,buy,7.28263950,104.08939408,0.75804553,USDT
2023-04-30T15:45:00Z,LINK/USDT,stop_sell,7.24537550,104.08939408,0.75416675,USDT
2023-05-02T07:30:00Z,LINK/USDT,buy,6.92946300,109.19702787,0.75667676,USDT
2023-05-02T09:15:00Z,LINK/USDT,sell,6.87256200,109.19702787,0.75046334,USDT
2023-05-02T19:15:00Z,LINK/USDT,buy,6.97048350,108.73107485,0.75790816,USDT
2023-05-02T20:30:00Z,LINK/USDT,sell,6.95452100,108.73107485,0.75617254,USDT
2023-05-03T18:15:00Z,LINK/USDT,buy,6.97148400,108.50631919,0.75645007,USDT
2023-05-03T20:45:00Z,LINK/USDT,sell,7.03847900,108.50631919,0.76371945,USDT
2023-05-05T02:15:00Z,LINK/USDT,buy,7.07953800,106.41713798,0.75338417,USDT
2023-05-05T02:15:00Z,LINK/USDT,stop_sell,7.07246200,106.41713798,0.75263116,USDT
2023-05-05T14:15:00Z,LINK/USDT,buy,7.10054850,106.61684668,0.75703809,USDT
2023-05-05T19:00:00Z,LINK/USDT,sell,7.20939350,106.61684668,0.76864280,USDT
2023-05-05T20:30:00Z,LINK/USDT,buy,7.25662650,104.25944482,0.75657185,USDT
2023-05-05T22:00:00Z,LINK/USDT,stop_sell,7.22592094,104.25944482,0.75337051,USDT
2023-05-07T11:45:00Z,LINK/USDT,buy,6.93246450,108.9838035,0.75552635,USDT
2023-05-07T11:45:00Z,LINK/USDT,stop_sell,6.92553550,108.9838035,0.75477120,USDT
2023-05-07T12:15:00Z,LINK/USDT,buy,6.94447050,108.91058824,0.75632637,USDT
2023-05-07T16:15:00Z,LINK/USDT,sell,6.93852900,108.91058824,0.75567927,USDT
2023-05-10T12:45:00Z,LINK/USDT,buy,6.64131900,113.8902449,0.75638145,USDT
2023-05-10T14:45:00Z,LINK/USDT,stop_sell,6.60751602,113.8902449,0.75253162,USDT
2023-05-11T21:45:00Z,LINK/USDT,buy,6.36017850,118.61604361,0.75441921,USDT
2023-05-11T23:00:00Z,LINK/USDT,stop_sell,6.33911457,118.61604361,0.75192069,USDT
2023-05-12T00:45:00Z,LINK/USDT,buy,6.39019350,117.89921563,0.75339880,USDT
2023-05-12T01:15:00Z,LINK/USDT,stop_sell,6.35482100,117.89921563,0.74922841,USDT
2023-05-12T09:00:00Z,LINK/USDT,buy,6.42120900,117.77317552,0.75624617,USDT
2023-05-12T12:00:00Z,LINK/USDT,sell,6.41479100,117.77317552,0.75549031,USDT
2023-05-12T20:00:00Z,LINK/USDT,buy,6.47923800,116.49032229,0.75476852,USDT
2023-05-13T00:15:00Z,LINK/USDT,sell,6.57371150,116.49032229,0.76577377,USDT
2023-05-14T06:45:00Z,LINK/USDT,buy,6.55027350,115.34292098,0.75552768,USDT
2023-05-14T12:00:00Z,LINK/USDT,stop_sell,6.52873400,115.34292098,0.75304325,USDT
2023-05-14T13:15:00Z,LINK/USDT,buy,6.54627150,115.20614525,0.75417071,USDT
2023-05-14T13:15:00Z,LINK/USDT,stop_sell,6.53972850,115.20614525,0.75341691,USDT
2023-05-14T14:00:00Z,LINK/USDT,buy,6.57228450,114.88046174,0.75502708,USDT
2023-05-14T17:00:00Z,LINK/USDT,stop_sell,6.55272200,114.88046174,0.75277973,USDT
2023-05-15T01:30:00Z,LINK/USDT,buy,6.58228950,114.88719779,0.75622080,USDT
2023-05-15T11:00:00Z,LINK/USDT,sell,6.65267200,114.88719779,0.76430684,USDT
2023-05-16T07:15:00Z,LINK/USDT,buy,6.70335000,112.66784811,0.75525202,USDT
2023-05-16T10:15:00Z,LINK/USDT,stop_sell,6.67466100,112.66784811,0.75201969,USDT
2023-05-17T01:45:00Z,LINK/USDT,buy,6.72436050,112.25939806,0.75487266,USDT
2023-05-17T03:00:00Z,LINK/USDT,stop_sell,6.68065800,112.25939806,0.74996665,USDT
2023-05-17T13:30:00Z,LINK/USDT,buy,6.63731700,113.7915101,0.75527032,USDT
2023-05-17T14:00:00Z,LINK/USDT,stop_sell,6.59170250,113.7915101,0.75007978,USDT
2023-05-17T18:15:00Z,LINK/USDT,buy,6.72135900,112.17014656,0.75393582,USDT
2023-05-17T20:30:00Z,LINK/USDT,sell,6.72863400,112.17014656,0.75475186,USDT
2023-05-19T17:30:00Z,LINK/USDT,buy,6.51925800,115.533118,0.75319020,USDT
2023-05-19T18:45:00Z,LINK/USDT,stop_sell,6.48675500,115.533118,0.74943503,USDT
2023-05-20T18:00:00Z,LINK/USDT,buy,6.53926800,115.13315575,0.75288656,USDT
2023-05-20T18:00:00Z,LINK/USDT,stop_sell,6.53073300,115.13315575,0.75190390,USDT
2023-05-21T01:00:00Z,LINK/USDT,buy,6.53926800,115.17317051,0.75314823,USDT
2023-05-21T01:30:00Z,LINK/USDT,stop_sell,6.51474100,115.17317051,0.75032338,USDT
2023-05-22T03:15:00Z,LINK/USDT,buy,6.47923800,116.25858723,0.75326706,USDT
2023-05-22T04:15:00Z,LINK/USDT,stop_sell,6.44220586,116.25858723,0.74896175,USDT
2023-05-22T10:00:00Z,LINK/USDT,buy,6.56328000,114.69813513,0.75279598,USDT
2023-05-22T10:45:00Z,LINK/USDT,stop_sell,6.53772950,114.69813513,0.74986538,USDT
2023-05-23T01:45:00Z,LINK/USDT,buy,6.57928800,114.43457878,0.75289805,USDT
2023-05-23T04:15:00Z,LINK/USDT,sell,6.58470600,114.43457878,0.75351806,USDT
2023-05-23T13:15:00Z,LINK/USDT,buy,6.54627150,114.8609813,0.75191117,USDT
2023-05-23T13:45:00Z,LINK/USDT,stop_sell,6.51773950,114.8609813,0.74863395,USDT
2023-05-24T19:45:00Z,LINK/USDT,buy,6.33316500,118.66558925,0.75152876,USDT
2023-05-24T20:00:00Z,LINK/USDT,stop_sell,6.31237794,118.66558925,0.74906205,USDT
2023-05-24T20:45:00Z,LINK/USDT,buy,6.35717700,118.24185764,0.75168442,USDT
2023-05-24T21:15:00Z,LINK/USDT,stop_sell,6.33083300,118.24185764,0.74856945,USDT
2023-05-25T08:15:00Z,LINK/USDT,buy,6.31415550,118.95174808,0.75107983,USDT
2023-05-25T09:45:00Z,LINK/USDT,stop_sell,6.29385150,118.95174808,0.74866464,USDT
2023-05-25T12:15:00Z,LINK/USDT,buy,6.33916800,118.67637769,0.75230950,USDT
2023-05-25T12:30:00Z,LINK/USDT,stop_sell,6.31194959,118.67637769,0.74907931,USDT
2023-05-26T10:45:00Z,LINK/USDT,buy,6.33216450,118.46655991,0.75014975,USDT
2023-05-26T12:30:00Z,LINK/USDT,stop_sell,6.28085800,118.46655991,0.74407164,USDT
2023-05-26T13:45:00Z,LINK/USDT,buy,6.33116400,118.20275664,0.74836104,USDT
2023-05-26T14:00:00Z,LINK/USDT,stop_sell,6.31883900,118.20275664,0.74690419,USDT
2023-05-26T15:15:00Z,LINK/USDT,buy,6.37018350,117.62728168,0.74930737,USDT
2023-05-26T17:30:00Z,LINK/USDT,stop_sell,6.33383150,117.62728168,0.74503138,USDT
2023-05-27T12:30:00Z,LINK/USDT,buy,6.38819250,117.37043695,0.74978495,USDT
2023-05-27T13:45:00Z,LINK/USDT,stop_sell,6.36481600,117.37043695,0.74704124,USDT
2023-05-27T16:00:00Z,LINK/USDT,buy,6.39919800,116.87736815,0.74792142,USDT
2023-05-27T16:15:00Z,LINK/USDT,stop_sell,6.37681000,116.87736815,0.74530477,USDT
2023-05-27T18:45:00Z,LINK/USDT,buy,6.39919800,116.73481788,0.74700921,USDT
2023-05-27T18:45:00Z,LINK/USDT,stop_sell,6.39165971,116.73481788,0.74612923,USDT
2023-05-27T20:15:00Z,LINK/USDT,buy,6.42220950,116.46882596,0.74798720,USDT
2023-05-27T21:45:00Z,LINK/USDT,sell,6.41679000,116.46882596,0.74735600,USDT
2023-05-28T00:45:00Z,LINK/USDT,buy,6.47323500,115.63169402,0.74851113,USDT
2023-05-28T02:45:00Z,LINK/USDT,sell,6.51074300,115.63169402,0.75284824,USDT
2023-05-28T15:15:00Z,LINK/USDT,buy,6.50825250,114.93776026,0.74804397,USDT
2023-05-28T20:45:00Z,LINK/USDT,sell,6.53573050,114.93776026,0.75120223,USDT
2023-05-28T22:15:00Z,LINK/USDT,buy,6.64131900,112.7227693,0.74862787,USDT
2023-05-28T23:15:00Z,LINK/USDT,stop_sell,6.61579759,112.7227693,0.74575103,USDT
2023-05-29T00:30:00Z,LINK/USDT,buy,6.66032850,112.38207093,0.74850151,USDT
2023-05-29T00:45:00Z,LINK/USDT,stop_sell,6.62647082,112.38207093,0.74469651,USDT
2023-05-29T01:30:00Z,LINK/USDT,buy,6.67033350,112.16656129,0.74818837,USDT
2023-05-29T02:00:00Z,LINK/USDT,stop_sell,6.62968350,112.16656129,0.74362880,USDT
2023-05-29T09:45:00Z,LINK/USDT,buy,6.62130900,112.80525645,0.74691846,USDT
2023-05-29T12:30:00Z,LINK/USDT,stop_sell,6.59969850,112.80525645,0.74448068,USDT
2023-05-29T13:30:00Z,LINK/USDT,buy,6.62731200,112.65562394,0.74660397,USDT
2023-05-29T14:45:00Z,LINK/USDT,stop_sell,6.56871400,112.65562394,0.74000257,USDT
2023-05-29T22:45:00Z,LINK/USDT,buy,6.63731700,112.50698852,0.74674455,USDT
2023-05-30T00:00:00Z,LINK/USDT,sell,6.63268200,112.50698852,0.74622308,USDT
2023-05-30T10:45:00Z,LINK/USDT,buy,6.62030850,112.65266101,0.74579537,USDT
2023-05-30T13:45:00Z,LINK/USDT,stop_sell,6.59370150,112.65266101,0.74279802,USDT
2023-05-30T19:45:00Z,LINK/USDT,buy,6.62631150,112.49641892,0.74543631,USDT
2023-05-30T22:30:00Z,LINK/USDT,sell,6.63168250,112.49641892,0.74604053,USDT
2023-05-31T23:15:00Z,LINK/USDT,buy,6.48524100,114.93255196,0.74536530,USDT
2023-06-01T02:15:00Z,LINK/USDT,sell,6.49075300,114.93255196,0.74599881,USDT
2023-06-01T17:00:00Z,LINK/USDT,buy,6.43021350,115.56378736,0.74309983,USDT
2023-06-01T17:00:00Z,LINK/USDT,stop_sell,6.42378650,115.56378736,0.74235710,USDT
2023-06-02T22:45:00Z,LINK/USDT,buy,6.46022850,115.33930905,0.74511829,USDT
2023-06-03T00:30:00Z,LINK/USDT,stop_sell,6.43678000,115.33930905,0.74241376,USDT
2023-06-03T10:45:00Z,LINK/USDT,buy,6.44021850,115.64557298,0.74478276,USDT
2023-06-03T13:15:00Z,LINK/USDT,sell,6.43178250,115.64557298,0.74380717,USDT
2023-06-04T01:45:00Z,LINK/USDT,buy,6.42921300,115.81285701,0.74458553,USDT
2023-06-04T04:45:00Z,LINK/USDT,sell,6.43378150,115.81285701,0.74511462,USDT
2023-06-04T07:15:00Z,LINK/USDT,buy,6.46923300,114.99560662,0.74393337,USDT
2023-06-04T11:15:00Z,LINK/USDT,sell,6.48875400,114.99560662,0.74617820,USDT
2023-06-04T14:00:00Z,LINK/USDT,buy,6.52125900,114.17565938,0.74456905,USDT
2023-06-04T15:15:00Z,LINK/USDT,stop_sell,6.49874900,114.17565938,0.74199895,USDT
2023-06-04T20:15:00Z,LINK/USDT,buy,6.52225950,114.10836246,0.74424435,USDT
2023-06-04T21:30:00Z,LINK/USDT,stop_sell,6.49974850,114.10836246,0.74167566,USDT
2023-06-05T11:30:00Z,LINK/USDT,buy,6.38819250,116.45231728,0.74391982,USDT
2023-06-05T12:30:00Z,LINK/USDT,stop_sell,6.35182250,116.45231728,0.73968445,USDT
2023-06-05T23:30:00Z,LINK/USDT,buy,6.07003350,122.48071993,0.74346207,USDT
2023-06-06T01:30:00Z,LINK/USDT,stop_sell,6.02098800,122.48071993,0.73745494,USDT
2023-06-06T04:45:00Z,LINK/USDT,buy,6.07903800,122.24094241,0.74310733,USDT
2023-06-06T06:30:00Z,LINK/USDT,sell,6.07496100,122.24094241,0.74260896,USDT
2023-06-06T14:00:00Z,LINK/USDT,buy,6.13206450,120.96020153,0.74173576,USDT
2023-06-06T14:00:00Z,LINK/USDT,stop_sell,6.10276852,120.96020153,0.73819211,USDT
2023-06-06T14:15:00Z,LINK/USDT,buy,6.19609650,119.95648678,0.74326197,USDT
2023-06-06T20:45:00Z,LINK/USDT,sell,6.23987850,119.95648678,0.74851390,USDT
2023-06-08T05:00:00Z,LINK/USDT,buy,5.92296000,124.3894224,0.73675357,USDT
2023-06-08T05:00:00Z,LINK/USDT,stop_sell,5.91704000,124.3894224,0.73601719,USDT
2023-06-08T08:45:00Z,LINK/USDT,buy,5.99399550,123.88229566,0.74254992,USDT
2023-06-08T10:15:00Z,LINK/USDT,stop_sell,5.96201750,123.88229566,0.73858841,USDT
2023-06-09T13:45:00Z,LINK/USDT,buy,5.97798750,124.12042498,0.74199035,USDT
2023-06-09T14:15:00Z,LINK/USDT,stop_sell,5.95659164,124.12042498,0.73933469,USDT
2023-06-10T17:45:00Z,LINK/USDT,buy,5.17758750,143.9954507,0.74554905,USDT
2023-06-10T19:00:00Z,LINK/USDT,stop_sell,5.11126452,143.9954507,0.73599884,USDT
2023-06-11T18:15:00Z,LINK/USDT,buy,5.18959350,142.74263347,0.74077624,USDT
2023-06-11T18:45:00Z,LINK/USDT,stop_sell,5.13942900,142.74263347,0.73361563,USDT
2023-06-12T09:15:00Z,LINK/USDT,buy,5.15957850,143.2168905,0.73893879,USDT
2023-06-12T10:15:00Z,LINK/USDT,stop_sell,5.13553809,143.2168905,0.73549580,USDT
2023-06-13T02:30:00Z,LINK/USDT,buy,5.13856800,144.00503413,0.73997966,USDT
2023-06-13T11:00:00Z,LINK/USDT,sell,5.26236750,144.00503413,0.75780741,USDT
2023-06-13T12:00:00Z,LINK/USDT,buy,5.30164950,139.1373741,0.73765759,USDT
2023-06-13T12:00:00Z,LINK/USDT,stop_sell,5.29635050,139.1373741,0.73692030,USDT
2023-06-13T12:30:00Z,LINK/USDT,buy,5.34967350,138.71324335,0.74207056,USDT
2023-06-13T12:30:00Z,LINK/USDT,stop_sell,5.31380606,138.71324335,0.73709527,USDT
2023-06-13T20:45:00Z,LINK/USDT,buy,5.27263500,140.61857405,0.74143042,USDT
2023-06-13T21:45:00Z,LINK/USDT,sell,5.26336700,140.61857405,0.74012716,USDT
2023-06-14T01:00:00Z,LINK/USDT,buy,5.29764750,139.7001231,0.74008201,USDT
2023-06-14T03:30:00Z,LINK/USDT,sell,5.32533600,139.7001231,0.74395009,USDT
2023-06-14T06:30:00Z,LINK/USDT,buy,5.39669700,137.2223435,0.74054741,USDT
2023-06-14T07:00:00Z,LINK/USDT,stop_sell,5.36745779,137.2223435,0.73653514,USDT
2023-06-14T12:15:00Z,LINK/USDT,buy,5.37668700,137.11546963,0.73722696,USDT
2023-06-14T12:15:00Z,LINK/USDT,stop_sell,5.37131300,137.11546963,0.73649010,USDT
2023-06-14T17:45:00Z,LINK/USDT,buy,5.42971350,136.2238588,0.73965653,USDT
2023-06-14T18:00:00Z,LINK/USDT,stop_sell,5.37855938,136.2238588,0.73268811,USDT
2023-06-15T08:30:00Z,LINK/USDT,buy,5.30265000,139.36068324,0.73898093,USDT
2023-06-15T08:45:00Z,LINK/USDT,stop_sell,5.25936900,139.36068324,0.73294926,USDT
2023-06-15T18:15:00Z,LINK/USDT,buy,5.26363050,140.27966797,0.73838034,USDT
2023-06-15T20:30:00Z,LINK/USDT,sell,5.29834950,140.27966797,0.74325071,USDT
2023-06-16T16:00:00Z,LINK/USDT,buy,5.25762750,140.49142384,0.73865157,USDT
2023-06-16T17:15:00Z,LINK/USDT,sell,5.26136800,140.49142384,0.73917708,USDT
2023-06-16T18:15:00Z,LINK/USDT,buy,5.38369050,137.69935584,0.74133071,USDT
2023-06-16T19:00:00Z,LINK/USDT,stop_sell,5.31687594,137.69935584,0.73213039,USDT
2023-06-18T16:30:00Z,LINK/USDT,buy,5.30265000,139.12308378,0.73772102,USDT
2023-06-18T20:15:00Z,LINK/USDT,stop_sell,5.24137800,139.12308378,0.72919667,USDT
2023-06-19T18:15:00Z,LINK/USDT,buy,5.17458600,142.38411804,0.73677886,USDT
2023-06-19T18:45:00Z,LINK/USDT,stop_sell,5.14374827,142.38411804,0.73238806,USDT
2023-06-20T18:00:00Z,LINK/USDT,buy,5.15457600,142.7626542,0.73588095,USDT
2023-06-20T22:00:00Z,LINK/USDT,sell,5.21339200,142.7626542,0.74427768,USDT
2023-06-21T01:00:00Z,LINK/USDT,buy,5.29764750,139.64693282,0.73980022,USDT
2023-06-21T06:45:00Z,LINK/USDT,sell,5.33533100,139.64693282,0.74506261,USDT
2023-06-21T14:00:00Z,LINK/USDT,buy,5.39369550,136.64746382,0.73703481,USDT
2023-06-21T14:00:00Z,LINK/USDT,stop_sell,5.37798823,136.64746382,0.73488845,USDT
2023-06-21T14:45:00Z,LINK/USDT,buy,5.41370550,135.68802908,0.73457503,USDT
2023-06-21T17:30:00Z,LINK/USDT,sell,5.50624550,135.68802908,0.74713160,USDT
2023-06-22T00:30:00Z,LINK/USDT,buy,5.59579650,131.86774521,0.73790507,USDT
2023-06-22T04:15:00Z,LINK/USDT,sell,5.74212750,131.86774521,0.75720141,USDT
2023-06-23T05:30:00Z,LINK/USDT,buy,5.68884300,130.25919223,0.74102409,USDT
2023-06-23T09:45:00Z,LINK/USDT,sell,5.83008350,130.25919223,0.75942197,USDT
2023-06-23T15:45:00Z,LINK/USDT,buy,5.97198450,124.02616715,0.74068235,USDT
2023-06-23T19:45:00Z,LINK/USDT,sell,6.05197250,124.02616715,0.75060295,USDT
2023-06-24T10:30:00Z,LINK/USDT,buy,6.12406050,121.09601852,0.74159934,USDT
2023-06-24T10:45:00Z,LINK/USDT,stop_sell,6.09395150,121.09601852,0.73795326,USDT
2023-06-24T11:15:00Z,LINK/USDT,buy,6.18509100,119.79561415,0.74094677,USDT
2023-06-24T11:30:00Z,LINK/USDT,stop_sell,6.12693500,119.79561415,0.73397994,USDT
2023-06-24T22:45:00Z,LINK/USDT,buy,6.10605150,121.23564573,0.74027110,USDT
2023-06-25T05:15:00Z,LINK/USDT,sell,6.18790450,121.23564573,0.75019460,USDT
2023-06-25T08:30:00Z,LINK/USDT,buy,6.34216950,117.01308085,0.74211679,USDT
2023-06-25T09:30:00Z,LINK/USDT,sell,6.30184750,117.01308085,0.73739859,USDT
2023-06-26T06:30:00Z,LINK/USDT,buy,6.16508100,120.33820673,0.74189479,USDT
2023-06-26T08:15:00Z,LINK/USDT,sell,6.15791950,120.33820673,0.74103299,USDT
2023-06-26T14:00:00Z,LINK/USDT,buy,6.24812250,118.51552026,0.74049949,USDT
2023-06-26T14:00:00Z,LINK/USDT,stop_sell,6.22381511,118.51552026,0.73761869,USDT
2023-06-27T03:15:00Z,LINK/USDT,buy,6.16808250,119.70600183,0.73835650,USDT
2023-06-27T05:15:00Z,LINK/USDT,stop_sell,6.14299839,119.70600183,0.73535378,USDT
2023-06-29T12:00:00Z,LINK/USDT,buy,6.09004350,121.33709209,0.73894817,USDT
2023-06-29T13:45:00Z,LINK/USDT,stop_sell,6.05083021,121.33709209,0.73419014,USDT
2023-06-30T02:15:00Z,LINK/USDT,buy,5.94997350,124.21171545,0.73905642,USDT
2023-06-30T06:00:00Z,LINK/USDT,sell,6.14192750,124.21171545,0.76289935,USDT
2023-06-30T11:00:00Z,LINK/USDT,buy,6.21210450,118.66576125,0.73716411,USDT
2023-06-30T11:30:00Z,LINK/USDT,stop_sell,6.19989850,118.66576125,0.73571568,USDT
2023-06-30T17:00:00Z,LINK/USDT,buy,6.29914800,117.61052511,0.74084610,USDT
2023-06-30T18:45:00Z,LINK/USDT,sell,6.22888400,117.61052511,0.73258232,USDT
2023-07-01T08:00:00Z,LINK/USDT,buy,6.22511100,118.54146648,0.73793379,USDT
2023-07-01T08:00:00Z,LINK/USDT,stop_sell,6.20650234,118.54146648,0.73572789,USDT
2023-07-01T14:30:00Z,LINK/USDT,buy,6.32716200,116.90136061,0.73965385,USDT
2023-07-01T16:15:00Z,LINK/USDT,stop_sell,6.29135275,116.90136061,0.73546770,USDT
2023-07-01T17:45:00Z,LINK/USDT,buy,6.36418050,116.00414595,0.73827132,USDT
2023-07-01T22:00:00Z,LINK/USDT,sell,6.43678000,116.00414595,0.74669317,USDT
2023-07-01T23:45:00Z,LINK/USDT,buy,6.49524600,113.75124661,0.73884233,USDT
2023-07-02T00:00:00Z,LINK/USDT,stop_sell,6.46587259,113.75124661,0.73550107,USDT
2023-07-02T11:45:00Z,LINK/USDT,buy,6.49024350,113.90228199,0.73925355,USDT
2023-07-02T12:15:00Z,LINK/USDT,stop_sell,6.46083939,113.90228199,0.73590435,USDT
2023-07-02T21:45:00Z,LINK/USDT,buy,6.45122400,114.38942922,0.73795183,USDT
2023-07-03T00:45:00Z,LINK/USDT,sell,6.48475600,114.38942922,0.74178754,USDT
2023-07-03T08:15:00Z,LINK/USDT,buy,6.65232450,111.19774686,0.73972350,USDT
2023-07-03T08:30:00Z,LINK/USDT,stop_sell,6.61119275,111.19774686,0.73514974,USDT
2023-07-03T15:30:00Z,LINK/USDT,buy,6.64732200,111.07474299,0.73834958,USDT
2023-07-03T16:00:00Z,LINK/USDT,stop_sell,6.60851552,111.07474299,0.73403916,USDT
2023-07-03T19:15:00Z,LINK/USDT,buy,6.65332500,111.00513349,0.73855323,USDT
2023-07-03T20:15:00Z,LINK/USDT,sell,6.62068800,111.00513349,0.73493036,USDT
2023-07-04T16:45:00Z,LINK/USDT,buy,6.53226450,112.86275961,0.73724940,USDT
2023-07-04T16:45:00Z,LINK/USDT,stop_sell,6.51002907,112.86275961,0.73473985,USDT
2023-07-04T22:45:00Z,LINK/USDT,buy,6.54627150,112.53838529,0.73670682,USDT
2023-07-04T23:45:00Z,LINK/USDT,stop_sell,6.51831064,112.53838529,0.73356015,USDT
2023-07-06T09:00:00Z,LINK/USDT,buy,6.46022850,113.92584755,0.73598701,USDT
2023-07-06T10:00:00Z,LINK/USDT,stop_sell,6.43620886,113.92584755,0.73325055,USDT
2023-07-07T04:00:00Z,LINK/USDT,buy,6.15807750,119.74436082,0.73739505,USDT
2023-07-07T04:30:00Z,LINK/USDT,stop_sell,6.10494600,119.74436082,0.73103286,USDT
2023-07-08T09:30:00Z,LINK/USDT,buy,6.20710200,118.54360693,0.73581226,USDT
2023-07-08T10:15:00Z,LINK/USDT,stop_sell,6.18801159,118.54360693,0.73354921,USDT
2023-07-08T16:30:00Z,LINK/USDT,buy,6.20310000,118.61016645,0.73575072,USDT
2023-07-08T17:15:00Z,LINK/USDT,sell,6.17691000,118.61016645,0.73264432,USDT
2023-07-08T23:00:00Z,LINK/USDT,buy,6.18609150,118.8963197,0.73550351,USDT
2023-07-09T01:45:00Z,LINK/USDT,sell,6.20089800,118.8963197,0.73726395,USDT
2023-07-10T09:30:00Z,LINK/USDT,buy,6.12506100,120.08496358,0.73552773,USDT
2023-07-10T09:30:00Z,LINK/USDT,stop_sell,6.09909179,120.08496358,0.73240922,USDT
2023-07-10T12:45:00Z,LINK/USDT,buy,6.12606150,119.98581515,0.73504048,USDT
2023-07-10T13:00:00Z,LINK/USDT,stop_sell,6.10094800,119.98581515,0.73202722,USDT
2023-07-10T15:00:00Z,LINK/USDT,buy,6.14707200,119.57575634,0.73504078,USDT
2023-07-10T16:15:00Z,LINK/USDT,stop_sell,6.11793950,119.57575634,0.73155724,USDT
2023-07-12T00:45:00Z,LINK/USDT,buy,6.22611150,117.93647896,0.73428567,USDT
2023-07-12T00:45:00Z,LINK/USDT,stop_sell,6.20768032,117.93647896,0.73211196,USDT
2023-07-12T01:15:00Z,LINK/USDT,buy,6.26913300,117.08067349,0.73399431,USDT
2023-07-12T01:30:00Z,LINK/USDT,stop_sell,6.22988350,117.08067349,0.72939896,USDT
2023-07-12T14:45:00Z,LINK/USDT,buy,6.28914300,116.63105313,0.73350937,USDT
2023-07-12T15:30:00Z,LINK/USDT,sell,6.26686500,116.63105313,0.73091106,USDT
2023-07-12T18:30:00Z,LINK/USDT,buy,6.32115900,115.98888601,0.73318419,USDT
2023-07-12T19:15:00Z,LINK/USDT,stop_sell,6.28185750,115.98888601,0.72862565,USDT
2023-07-13T07:00:00Z,LINK/USDT,buy,6.32015850,116.04122232,0.73339892,USDT
2023-07-13T14:00:00Z,LINK/USDT,sell,6.40779450,116.04122232,0.74356831,USDT
2023-07-13T15:30:00Z,LINK/USDT,buy,6.46423050,113.15707746,0.73147343,USDT
2023-07-13T21:30:00Z,LINK/USDT,sell,6.89854900,113.15707746,0.78061964,USDT
2023-07-14T00:15:00Z,LINK/USDT,buy,7.16157900,103.02604548,0.73782916,USDT
2023-07-14T03:00:00Z,LINK/USDT,sell,7.22038800,103.02604548,0.74388802,USDT
2023-07-14T15:45:00Z,LINK/USDT,buy,7.12756200,103.250483,0.73592422,USDT
2023-07-14T16:15:00Z,LINK/USDT,stop_sell,7.09305884,103.250483,0.73236175,USDT
2023-07-15T10:00:00Z,LINK/USDT,buy,6.99849750,105.40858202,0.73770170,USDT
2023-07-15T11:00:00Z,LINK/USDT,stop_sell,6.96351650,105.40858202,0.73401440,USDT
2023-07-16T14:45:00Z,LINK/USDT,buy,6.85442550,107.37726264,0.73600945,USDT
2023-07-16T15:00:00Z,LINK/USDT,stop_sell,6.82558550,107.37726264,0.73291269,USDT
2023-07-17T05:30:00Z,LINK/USDT,buy,6.70935300,109.33274103,0.73355195,USDT
2023-07-17T05:30:00Z,LINK/USDT,stop_sell,6.70264700,109.33274103,0.73281877,USDT
2023-07-17T16:15:00Z,LINK/USDT,buy,6.68734200,109.92710608,0.73512015,USDT
2023-07-17T18:45:00Z,LINK/USDT,sell,6.79759950,109.92710608,0.74724044,USDT
2023-07-17T22:45:00Z,LINK/USDT,buy,7.14457050,103.1797034,0.73717467,USDT
2023-07-18T02:15:00Z,LINK/USDT,sell,7.21439100,103.1797034,0.74437872,USDT
2023-07-19T01:00:00Z,LINK/USDT,buy,7.01450550,105.21851024,0.73805582,USDT
2023-07-19T01:30:00Z,LINK/USDT,stop_sell,6.96191016,105.21851024,0.73252182,USDT
2023-07-19T14:30:00Z,LINK/USDT,buy,6.89044350,106.97074009,0.73707584,USDT
2023-07-19T14:45:00Z,LINK/USDT,stop_sell,6.85010894,106.97074009,0.73276122,USDT
2023-07-19T15:45:00Z,LINK/USDT,buy,6.91245450,106.50141202,0.73618616,USDT
2023-07-19T16:45:00Z,LINK/USDT,sell,6.86656500,106.50141202,0.73129887,USDT
2023-07-19T18:45:00Z,LINK/USDT,buy,6.97548600,105.54223491,0.73620838,USDT
2023-07-19T20:15:00Z,LINK/USDT,sell,6.97950850,105.54223491,0.73663293,USDT
2023-07-20T05:45:00Z,LINK/USDT,buy,7.03451550,104.59976017,0.73580863,USDT
2023-07-20T14:45:00Z,LINK/USDT,sell,8.02598500,104.59976017,0.83951611,USDT
2023-07-21T17:15:00Z,LINK/USDT,buy,8.19009300,90.85219708,0.74408794,USDT
2023-07-21T18:00:00Z,LINK/USDT,sell,8.18890350,90.85219708,0.74397987,USDT
2023-07-22T08:45:00Z,LINK/USDT,buy,8.24912250,90.16471376,0.74377977,USDT
2023-07-22T08:45:00Z,LINK/USDT,stop_sell,8.20882211,90.16471376,0.74014610,USDT
2023-07-23T05:00:00Z,LINK/USDT,buy,8.01500550,92.78139656,0.74364340,USDT
2023-07-23T07:15:00Z,LINK/USDT,stop_sell,7.97201200,92.78139656,0.73965441,USDT
2023-07-23T11:15:00Z,LINK/USDT,buy,8.04101850,92.44973897,0.74339006,USDT
2023-07-23T12:00:00Z,LINK/USDT,stop_sell,8.01798900,92.44973897,0.74126099,USDT
2023-07-23T17:30:00Z,LINK/USDT,buy,8.02300950,92.14994478,0.73931988,USDT
2023-07-23T17:30:00Z,LINK/USDT,stop_sell,8.01499050,92.14994478,0.73858093,USDT
2023-07-25T02:15:00Z,LINK/USDT,buy,7.63381500,97.28371651,0.74264589,USDT
2023-07-25T04:00:00Z,LINK/USDT,sell,7.59020300,97.28371651,0.73840316,USDT
2023-07-25T13:45:00Z,LINK/USDT,buy,7.49074350,98.81668497,0.74021044,USDT
2023-07-25T14:30:00Z,LINK/USDT,stop_sell,7.47786634,98.81668497,0.73893796,USDT
2023-07-26T12:30:00Z,LINK/USDT,buy,7.54076850,98.52487365,0.74295326,USDT
2023-07-26T13:30:00Z,LINK/USDT,sell,7.53623000,98.52487365,0.74250611,USDT
2023-07-26T18:30:00Z,LINK/USDT,buy,7.56077850,97.39158213,0.73635618,USDT
2023-07-26T18:30:00Z,LINK/USDT,stop_sell,7.55322150,97.39158213,0.73562019,USDT
2023-07-26T18:45:00Z,LINK/USDT,buy,7.64081850,97.18965224,0.74260849,USDT
2023-07-26T19:00:00Z,LINK/USDT,stop_sell,7.56546538,97.18965224,0.73528495,USDT
2023-07-26T19:30:00Z,LINK/USDT,buy,7.70885250,96.0894463,0.74073937,USDT
2023-07-26T22:00:00Z,LINK/USDT,sell,7.72913350,96.0894463,0.74268816,USDT
2023-07-27T01:30:00Z,LINK/USDT,buy,7.81690650,94.8026871,0.74106374,USDT
2023-07-27T06:45:00Z,LINK/USDT,sell,7.95102250,94.8026871,0.75377830,USDT
2023-07-27T12:15:00Z,LINK/USDT,buy,8.05402500,91.99704328,0.74094649,USDT
2023-07-27T14:00:00Z,LINK/USDT,stop_sell,8.02791261,91.99704328,0.73854422,USDT
2023-07-28T00:45:00Z,LINK/USDT,buy,8.07303450,91.85594604,0.74155622,USDT
2023-07-28T01:00:00Z,LINK/USDT,stop_sell,8.03133946,91.85594604,0.73772628,USDT
2023-07-28T13:30:00Z,LINK/USDT,buy,7.86393000,93.95749505,0.73887516,USDT
2023-07-28T13:30:00Z,LINK/USDT,stop_sell,7.85607000,93.95749505,0.73813666,USDT
2023-07-28T14:15:00Z,LINK/USDT,buy,7.90094850,93.82790442,0.74132944,USDT
2023-07-28T15:45:00Z,LINK/USDT,sell,7.91304150,93.82790442,0.74246410,USDT
2023-07-29T18:00:00Z,LINK/USDT,buy,7.79089350,94.94304089,0.73969112,USDT
2023-07-30T00:15:00Z,LINK/USDT,sell,7.83108250,94.94304089,0.74350679,USDT
2023-08-01T12:45:00Z,LINK/USDT,buy,7.49174400,98.92392046,0.74111269,USDT
2023-08-01T13:15:00Z,LINK/USDT,stop_sell,7.45127250,98.92392046,0.73710909,USDT
2023-08-01T23:15:00Z,LINK/USDT,buy,7.57378500,97.82026569,0.74086966,USDT
2023-08-02T03:15:00Z,LINK/USDT,sell,7.64117750,97.82026569,0.74746201,USDT
2023-08-02T14:15:00Z,LINK/USDT,buy,7.65382500,96.33399562,0.73732354,USDT
2023-08-02T14:15:00Z,LINK/USDT,stop_sell,7.64617500,96.33399562,0.73658659,USDT
2023-08-04T14:00:00Z,LINK/USDT,buy,7.19259450,102.89498724,0.74008192,USDT
2023-08-04T14:00:00Z,LINK/USDT,stop_sell,7.17551759,102.89498724,0.73832479,USDT
2023-08-04T17:00:00Z,LINK/USDT,buy,7.23961800,102.30464073,0.74064652,USDT
2023-08-04T17:30:00Z,LINK/USDT,stop_sell,7.19640000,102.30464073,0.73622512,USDT
2023-08-05T05:45:00Z,LINK/USDT,buy,7.20360000,102.79345817,0.74048296,USDT
2023-08-05T07:45:00Z,LINK/USDT,sell,7.18740450,102.79345817,0.73881816,USDT
2023-08-05T08:45:00Z,LINK/USDT,buy,7.21560600,102.4453513,0.73920529,USDT
2023-08-05T10:30:00Z,LINK/USDT,sell,7.21439100,102.4453513,0.73908082,USDT
2023-08-05T21:30:00Z,LINK/USDT,buy,7.21860750,102.48437567,0.73979448,USDT
2023-08-06T01:00:00Z,LINK/USDT,sell,7.21738950,102.48437567,0.73966966,USDT
2023-08-06T21:15:00Z,LINK/USDT,buy,7.16858250,103.38364246,0.74111417,USDT
2023-08-06T21:45:00Z,LINK/USDT,stop_sell,7.12843400,103.38364246,0.73696347,USDT
2023-08-07T01:30:00Z,LINK/USDT,buy,7.19559600,102.86038218,0.74014175,USDT
2023-08-07T04:00:00Z,LINK/USDT,sell,7.16741450,102.86038218,0.73724299,USDT
2023-08-07T22:45:00Z,LINK/USDT,buy,7.25062350,101.81938972,0.73825406,USDT
2023-08-08T02:00:00Z,LINK/USDT,sell,7.31134250,101.81938972,0.74443643,USDT
2023-08-08T05:00:00Z,LINK/USDT,buy,7.40570100,99.91507885,0.73994120,USDT
2023-08-08T06:15:00Z,LINK/USDT,sell,7.36831400,99.91507885,0.73620567,USDT
2023-08-08T11:15:00Z,LINK/USDT,buy,7.41970800,99.57592696,0.73882430,USDT
2023-08-08T11:30:00Z,LINK/USDT,stop_sell,7.38730450,99.57592696,0.73559769,USDT
2023-08-08T13:00:00Z,LINK/USDT,buy,7.46172900,98.96473477,0.73844803,USDT
2023-08-08T13:30:00Z,LINK/USDT,stop_sell,7.40729450,98.96473477,0.73306094,USDT
2023-08-09T07:15:00Z,LINK/USDT,buy,7.53076350,98.06279797,0.73848774,USDT
2023-08-09T08:45:00Z,LINK/USDT,sell,7.49625000,98.06279797,0.73510325,USDT
2023-08-09T10:00:00Z,LINK/USDT,buy,7.53176400,97.8679842,0.73711856,USDT
2023-08-09T15:15:00Z,LINK/USDT,sell,7.77411100,97.8679842,0.76083657,USDT
2023-08-09T22:45:00Z,LINK/USDT,buy,7.71785700,95.45527213,0.73671014,USDT
2023-08-09T23:30:00Z,LINK/USDT,stop_sell,7.70114750,95.45527213,0.73511513,USDT
2023-08-10T12:45:00Z,LINK/USDT,buy,7.69084350,96.40745429,0.74145464,USDT
2023-08-10T14:30:00Z,LINK/USDT,sell,7.64717450,96.40745429,0.73724463,USDT
2023-08-11T06:45:00Z,LINK/USDT,buy,7.59779700,97.2108003,0.73858793,USDT
2023-08-11T07:30:00Z,LINK/USDT,stop_sell,7.57421100,97.2108003,0.73629511,USDT
2023-08-12T01:00:00Z,LINK/USDT,buy,7.53176400,98.02303423,0.73828636,USDT
2023-08-12T02:30:00Z,LINK/USDT,stop_sell,7.48825400,98.02303423,0.73402138,USDT
2023-08-12T13:00:00Z,LINK/USDT,buy,7.46773200,98.86826901,0.73832174,USDT
2023-08-12T13:15:00Z,LINK/USDT,stop_sell,7.43727950,98.86826901,0.73531095,USDT
2023-08-12T23:00:00Z,LINK/USDT,buy,7.46072850,98.85993361,0.73756712,USDT
2023-08-12T23:15:00Z,LINK/USDT,stop_sell,7.44445448,98.85993361,0.73595828,USDT
2023-08-13T01:15:00Z,LINK/USDT,buy,7.48674150,98.28639124,0.73584480,USDT
2023-08-13T01:15:00Z,LINK/USDT,stop_sell,7.47226200,98.28639124,0.73442167,USDT
2023-08-13T07:15:00Z,LINK/USDT,buy,7.52075850,97.99409376,0.73698991,USDT
2023-08-13T08:45:00Z,LINK/USDT,stop_sell,7.49924850,97.99409376,0.73488206,USDT
2023-08-14T08:45:00Z,LINK/USDT,buy,7.51175400,98.07341832,0.73670339,USDT
2023-08-14T13:00:00Z,LINK/USDT,sell,7.49525050,98.07341832,0.73508484,USDT
2023-08-14T14:45:00Z,LINK/USDT,buy,7.56077850,97.27606678,0.73548279,USDT
2023-08-14T16:45:00Z,LINK/USDT,sell,7.55821900,97.27606678,0.73523382,USDT
2023-08-17T02:30:00Z,LINK/USDT,buy,6.83741700,107.81576645,0.73718135,USDT
2023-08-17T07:15:00Z,LINK/USDT,sell,6.79260200,107.81576645,0.73234959,USDT
2023-08-17T12:45:00Z,LINK/USDT,buy,6.82040850,107.60004655,0.73387627,USDT
2023-08-17T12:45:00Z,LINK/USDT,stop_sell,6.81359150,107.60004655,0.73314276,USDT
2023-08-18T21:30:00Z,LINK/USDT,buy,6.20510100,117.94518382,0.73186178,USDT
2023-08-18T21:30:00Z,LINK/USDT,stop_sell,6.19889900,117.94518382,0.73113028,USDT
2023-08-19T16:00:00Z,LINK/USDT,buy,6.22611150,118.25848083,0.73629049,USDT
2023-08-19T17:15:00Z,LINK/USDT,stop_sell,6.20289700,118.25848083,0.73354518,USDT
2023-08-20T13:15:00Z,LINK/USDT,buy,6.22010850,118.18521877,0.73512488,USDT
2023-08-20T14:30:00Z,LINK/USDT,stop_sell,6.16091800,118.18521877,0.72812944,USDT
2023-08-20T20:45:00Z,LINK/USDT,buy,6.22911300,117.90568734,0.73444785,USDT
2023-08-20T21:00:00Z,LINK/USDT,stop_sell,6.21228516,117.90568734,0.73246375,USDT
2023-08-22T08:00:00Z,LINK/USDT,buy,6.20710200,118.43200913,0.73511956,USDT
2023-08-22T08:45:00Z,LINK/USDT,stop_sell,6.18290700,118.43200913,0.73225410,USDT
2023-08-22T23:15:00Z,LINK/USDT,buy,6.13906800,119.68963801,0.73478283,USDT
2023-08-23T03:15:00Z,LINK/USDT,sell,6.13293200,119.68963801,0.73404841,USDT
2023-08-23T07:00:00Z,LINK/USDT,buy,6.18809250,118.40494784,0.73270077,USDT
2023-08-23T12:30:00Z,LINK/USDT,sell,6.23987850,118.40494784,0.73883249,USDT
2023-08-23T14:15:00Z,LINK/USDT,buy,6.32015850,116.13972721,0.73402148,USDT
2023-08-23T18:00:00Z,LINK/USDT,sell,6.38580550,116.13972721,0.74164571,USDT
2023-08-25T13:15:00Z,LINK/USDT,buy,6.00900300,122.11352984,0.73378057,USDT
2023-08-25T13:15:00Z,LINK/USDT,stop_sell,6.00042686,122.11352984,0.73273330,USDT
2023-08-26T05:00:00Z,LINK/USDT,buy,6.04001850,121.57453027,0.73431241,USDT
2023-08-26T05:15:00Z,LINK/USDT,stop_sell,6.01898900,121.57453027,0.73175576,USDT
2023-08-27T13:00:00Z,LINK/USDT,buy,5.98399050,122.65902386,0.73399043,USDT
2023-08-27T17:45:00Z,LINK/USDT,sell,5.99999850,122.65902386,0.73595396,USDT
2023-08-28T00:00:00Z,LINK/USDT,buy,6.01300500,121.85070722,0.73268891,USDT
2023-08-28T00:00:00Z,LINK/USDT,stop_sell,6.00699500,121.85070722,0.73195659,USDT
2023-08-28T12:15:00Z,LINK/USDT,buy,5.96898300,123.00643145,0.73422330,USDT
2023-08-28T16:00:00Z,LINK/USDT,sell,6.01399150,123.00643145,0.73975963,USDT
2023-08-29T01:30:00Z,LINK/USDT,buy,6.00300000,122.30205648,0.73417925,USDT
2023-08-29T01:45:00Z,LINK/USDT,stop_sell,5.98200750,122.30205648,0.73161182,USDT
2023-08-29T12:45:00Z,LINK/USDT,buy,5.89994850,124.25710343,0.73311051,USDT
2023-08-29T18:45:00Z,LINK/USDT,sell,6.21289200,124.25710343,0.77199596,USDT
2023-08-30T20:45:00Z,LINK/USDT,buy,5.96197950,123.59122491,0.73684835,USDT
2023-08-30T22:15:00Z,LINK/USDT,stop_sell,5.93203250,123.59122491,0.73314716,USDT
2023-08-31T11:15:00Z,LINK/USDT,buy,6.02200950,122.49399479,0.73766000,USDT
2023-08-31T12:00:00Z,LINK/USDT,stop_sell,6.00106939,122.49399479,0.73509496,USDT
2023-09-01T00:30:00Z,LINK/USDT,buy,5.91095400,124.638894,0.73673477,USDT
2023-09-01T05:45:00Z,LINK/USDT,sell,5.98100800,124.638894,0.74546622,USDT
2023-09-02T00:00:00Z,LINK/USDT,buy,5.93796750,124.10641015,0.73693983,USDT
2023-09-02T03:15:00Z,LINK/USDT,sell,5.93703000,124.10641015,0.73682348,USDT
2023-09-02T11:00:00Z,LINK/USDT,buy,5.96398050,123.62655288,0.73730635,USDT
2023-09-02T12:30:00Z,LINK/USDT,stop_sell,5.93403150,123.62655288,0.73360386,USDT
2023-09-02T15:30:00Z,LINK/USDT,buy,5.98098900,122.81459694,0.73455275,USDT
2023-09-02T15:30:00Z,LINK/USDT,stop_sell,5.97501100,122.81459694,0.73381857,USDT
2023-09-02T22:30:00Z,LINK/USDT,buy,5.95897800,123.5689645,0.73634474,USDT
2023-09-03T00:45:00Z,LINK/USDT,sell,5.95502100,123.5689645,0.73585578,USDT
2023-09-03T03:00:00Z,LINK/USDT,buy,5.99299500,122.22854457,0.73251506,USDT
2023-09-03T03:00:00Z,LINK/USDT,stop_sell,5.98700500,122.22854457,0.73178291,USDT
2023-09-03T12:45:00Z,LINK/USDT,buy,6.05302500,121.51271474,0.73551950,USDT
2023-09-03T12:45:00Z,LINK/USDT,stop_sell,6.03790811,121.51271474,0.73368261,USDT
2023-09-03T18:30:00Z,LINK/USDT,buy,6.04902300,121.56945901,0.73537645,USDT
2023-09-03T19:30:00Z,LINK/USDT,stop_sell,6.02598550,121.56945901,0.73257580,USDT
2023-09-04T02:45:00Z,LINK/USDT,buy,6.08404050,121.01259438,0.73624553,USDT
2023-09-04T05:00:00Z,LINK/USDT,sell,6.07596050,121.01259438,0.73526774,USDT
2023-09-04T09:00:00Z,LINK/USDT,buy,6.15807750,119.40684716,0.73531662,USDT
2023-09-04T09:45:00Z,LINK/USDT,stop_sell,6.11094300,119.40684716,0.72968844,USDT
2023-09-05T08:15:00Z,LINK/USDT,buy,5.99199450,122.2154974,0.73231459,USDT
2023-09-05T08:15:00Z,LINK/USDT,stop_sell,5.98600550,122.2154974,0.73158264,USDT
2023-09-05T09:30:00Z,LINK/USDT,buy,6.01200450,122.12523207,0.73421744,USDT
2023-09-05T13:45:00Z,LINK/USDT,sell,6.06596550,122.12523207,0.74080744,USDT
2023-09-06T01:15:00Z,LINK/USDT,buy,6.21010350,118.0095792,0.73285170,USDT
2023-09-06T01:30:00Z,LINK/USDT,stop_sell,6.18790450,118.0095792,0.73023201,USDT
2023-09-06T03:00:00Z,LINK/USDT,buy,6.24612150,117.54140156,0.73417788,USDT
2023-09-06T03:45:00Z,LINK/USDT,stop_sell,6.20935806,117.54140156,0.72985665,USDT
2023-09-06T14:45:00Z,LINK/USDT,buy,6.15407550,119.18546223,0.73347633,USDT
2023-09-06T16:30:00Z,LINK/USDT,sell,6.15692000,119.18546223,0.73381536,USDT
2023-09-06T18:00:00Z,LINK/USDT,buy,6.28213950,117.09643686,0.73561615,USDT
2023-09-06T21:00:00Z,LINK/USDT,sell,6.24787450,117.09643686,0.73160384,USDT
2023-09-06T22:15:00Z,LINK/USDT,buy,6.28414050,116.67242879,0.73318593,USDT
2023-09-06T23:00:00Z,LINK/USDT,stop_sell,6.25886900,116.67242879,0.73023745,USDT
2023-09-07T01:30:00Z,LINK/USDT,buy,6.30214950,116.15391253,0.73201932,USDT
2023-09-07T03:30:00Z,LINK/USDT,sell,6.34182750,116.15391253,0.73662808,USDT
2023-09-07T20:00:00Z,LINK/USDT,buy,6.32716200,115.8080893,0.73273654,USDT
2023-09-07T23:30:00Z,LINK/USDT,sell,6.36481600,115.8080893,0.73709718,USDT
2023-09-09T00:00:00Z,LINK/USDT,buy,6.25912800,116.63734012,0.73004804,USDT
2023-09-09T00:00:00Z,LINK/USDT,stop_sell,6.25287200,116.63734012,0.72931836,USDT
2023-09-09T03:15:00Z,LINK/USDT,buy,6.29214450,116.51676282,0.73314031,USDT
2023-09-09T03:30:00Z,LINK/USDT,stop_sell,6.25487100,116.51676282,0.72879732,USDT
2023-09-10T21:45:00Z,LINK/USDT,buy,6.04402050,120.78336258,0.73001712,USDT
2023-09-10T21:45:00Z,LINK/USDT,stop_sell,6.03797950,120.78336258,0.72928747,USDT
2023-09-12T10:00:00Z,LINK/USDT,buy,5.95997850,122.80013599,0.73188617,USDT
2023-09-12T13:15:00Z,LINK/USDT,sell,5.99100300,122.80013599,0.73569598,USDT
2023-09-12T16:45:00Z,LINK/USDT,buy,6.01100400,121.46654325,0.73013588,USDT
2023-09-12T16:45:00Z,LINK/USDT,stop_sell,6.00403219,121.46654325,0.72928904,USDT
2023-09-13T00:45:00Z,LINK/USDT,buy,6.00300000,122.14502635,0.73323659,USDT
2023-09-13T02:00:00Z,LINK/USDT,stop_sell,5.97900900,122.14502635,0.73030621,USDT
2023-09-13T07:30:00Z,LINK/USDT,buy,5.99399550,122.2495446,0.73276322,USDT
2023-09-13T07:45:00Z,LINK/USDT,stop_sell,5.97101300,122.2495446,0.72995362,USDT
2023-09-13T16:00:00Z,LINK/USDT,buy,6.02200950,121.36120601,0.73083834,USDT
2023-09-13T16:00:00Z,LINK/USDT,stop_sell,5.99999850,121.36120601,0.72816705,USDT
2023-09-14T00:15:00Z,LINK/USDT,buy,6.04101900,121.02525504,0.73111587,USDT
2023-09-14T00:15:00Z,LINK/USDT,stop_sell,6.02780602,121.02525504,0.72951676,USDT
2023-09-14T00:45:00Z,LINK/USDT,buy,6.07203450,120.48611717,0.73159586,USDT
2023-09-14T01:15:00Z,LINK/USDT,stop_sell,6.04947375,120.48611717,0.72887760,USDT
2023-09-14T18:15:00Z,LINK/USDT,buy,6.13206450,118.97955835,0.72959033,USDT
2023-09-14T18:45:00Z,LINK/USDT,stop_sell,6.11694000,118.97955835,0.72779082,USDT
2023-09-15T17:00:00Z,LINK/USDT,buy,6.23011350,117.06860168,0.72935068,USDT
2023-09-15T17:00:00Z,LINK/USDT,stop_sell,6.21571202,117.06860168,0.72766471,USDT
2023-09-15T22:30:00Z,LINK/USDT,buy,6.27613650,116.5983867,0.73178739,USDT
2023-09-16T01:45:00Z,LINK/USDT,sell,6.35682000,116.5983867,0.74119496,USDT
2023-09-16T22:00:00Z,LINK/USDT,buy,6.26913300,116.34669838,0.72939293,USDT
2023-09-16T22:00:00Z,LINK/USDT,stop_sell,6.26286700,116.34669838,0.72866390,USDT
2023-09-18T02:30:00Z,LINK/USDT,buy,6.24612150,117.08323434,0.73131611,USDT
2023-09-18T07:00:00Z,LINK/USDT,sell,6.56871400,117.08323434,0.76908628,USDT
2023-09-18T10:45:00Z,LINK/USDT,buy,6.78839250,108.280508,0.73505059,USDT
2023-09-18T11:30:00Z,LINK/USDT,stop_sell,6.71963850,108.280508,0.72760587,USDT
2023-09-19T02:45:00Z,LINK/USDT,buy,6.69034350,109.53375553,0.73281845,USDT
2023-09-19T06:15:00Z,LINK/USDT,sell,6.79160250,109.53375553,0.74390973,USDT
2023-09-19T13:45:00Z,LINK/USDT,buy,6.84041850,107.30657714,0.73402190,USDT
2023-09-19T13:45:00Z,LINK/USDT,stop_sell,6.79881318,107.30657714,0.72955737,USDT
2023-09-19T14:15:00Z,LINK/USDT,buy,6.85742700,106.97113346,0.73354674,USDT
2023-09-19T15:00:00Z,LINK/USDT,stop_sell,6.80830843,106.97113346,0.72829247,USDT
2023-09-19T22:15:00Z,LINK/USDT,buy,6.85542600,106.67476228,0.73130094,USDT
2023-09-20T00:00:00Z,LINK/USDT,sell,6.83957850,106.67476228,0.72961041,USDT
2023-09-20T01:45:00Z,LINK/USDT,buy,6.90345000,105.9130338,0.73116533,USDT
2023-09-20T03:30:00Z,LINK/USDT,sell,6.93153250,105.9130338,0.73413964,USDT
2023-09-20T18:15:00Z,LINK/USDT,buy,6.96948300,105.44240784,0.73487907,USDT
2023-09-20T18:45:00Z,LINK/USDT,stop_sell,6.92000256,105.44240784,0.72966173,USDT
2023-09-21T16:00:00Z,LINK/USDT,buy,6.73736700,107.97741954,0.72748350,USDT
2023-09-21T16:00:00Z,LINK/USDT,stop_sell,6.73063300,107.97741954,0.72675638,USDT
2023-09-22T01:30:00Z,LINK/USDT,buy,6.71235450,109.04582851,0.73195426,USDT
2023-09-22T02:30:00Z,LINK/USDT,sell,6.67666000,109.04582851,0.72806192,USDT
2023-09-22T09:00:00Z,LINK/USDT,buy,6.72836250,108.54517151,0.73033126,USDT
2023-09-22T12:45:00Z,LINK/USDT,sell,6.75262200,108.54517151,0.73296451,USDT
2023-09-22T18:00:00Z,LINK/USDT,buy,6.81140400,107.25342795,0.73054643,USDT
2023-09-22T20:30:00Z,LINK/USDT,sell,6.87056300,107.25342795,0.73689143,USDT
2023-09-23T00:15:00Z,LINK/USDT,buy,7.01550600,104.35659352,0.73211431,USDT
2023-09-23T02:30:00Z,LINK/USDT,sell,7.03048300,104.35659352,0.73367726,USDT
2023-09-23T17:45:00Z,LINK/USDT,buy,7.10755200,102.83230495,0.73088595,USDT
2023-09-23T21:15:00Z,LINK/USDT,sell,7.16641500,102.83230495,0.73693897,USDT
2023-09-25T01:15:00Z,LINK/USDT,buy,7.19159400,101.79650468,0.73207913,USDT
2023-09-25T04:00:00Z,LINK/USDT,sell,7.15442100,101.79650468,0.72829505,USDT
2023-09-25T07:30:00Z,LINK/USDT,buy,7.24562100,100.74347407,0.72994903,USDT
2023-09-25T07:30:00Z,LINK/USDT,stop_sell,7.22988325,100.74347407,0.72836356,USDT
2023-09-25T08:15:00Z,LINK/USDT,buy,7.29364500,100.2956124,0.73152059,USDT
2023-09-25T08:15:00Z,LINK/USDT,stop_sell,7.25569177,100.2956124,0.72771405,USDT
2023-09-25T12:30:00Z,LINK/USDT,buy,7.30064850,100.12799226,0.73099928,USDT
2023-09-25T13:30:00Z,LINK/USDT,stop_sell,7.26036800,100.12799226,0.72696607,USDT
2023-09-25T15:00:00Z,LINK/USDT,buy,7.31965800,99.53604712,0.72856982,USDT
2023-09-25T15:15:00Z,LINK/USDT,stop_sell,7.30277536,99.53604712,0.72688939,USDT
2023-09-25T15:30:00Z,LINK/USDT,buy,7.35767700,99.325922,0.73080805,USDT
2023-09-25T19:15:00Z,LINK/USDT,sell,7.43827900,99.325922,0.73881392,USDT
2023-09-26T00:15:00Z,LINK/USDT,buy,7.53676650,96.99589571,0.73103542,USDT
2023-09-26T00:15:00Z,LINK/USDT,stop_sell,7.49649988,96.99589571,0.72712972,USDT
2023-09-26T20:15:00Z,LINK/USDT,buy,7.45372500,98.07143404,0.73099750,USDT
2023-09-26T20:45:00Z,LINK/USDT,stop_sell,7.39990534,98.07143404,0.72571933,USDT
2023-09-27T09:00:00Z,LINK/USDT,buy,7.42371000,98.58154508,0.73184080,USDT
2023-09-27T14:00:00Z,LINK/USDT,sell,7.71514050,98.58154508,0.76057047,USDT
2023-09-28T01:30:00Z,LINK/USDT,buy,7.70885250,94.81582369,0.73092120,USDT
2023-09-28T02:45:00Z,LINK/USDT,sell,7.65916850,94.81582369,0.72621037,USDT
2023-09-28T07:45:00Z,LINK/USDT,buy,7.79089350,94.29995127,0.73468088,USDT
2023-09-28T11:15:00Z,LINK/USDT,sell,7.77511050,94.29995127,0.73319254,USDT
2023-09-28T15:45:00Z,LINK/USDT,buy,7.87493550,92.65689625,0.72966708,USDT
2023-09-28T17:00:00Z,LINK/USDT,sell,7.86206700,92.65689625,0.72847473,USDT
2023-09-28T19:45:00Z,LINK/USDT,buy,7.97398500,91.79258984,0.73195273,USDT
2023-09-28T20:30:00Z,LINK/USDT,stop_sell,7.89308719,91.79258984,0.72452692,USDT
2023-09-29T14:45:00Z,LINK/USDT,buy,7.84792200,93.18943493,0.73134342,USDT
2023-09-29T16:00:00Z,LINK/USDT,stop_sell,7.78906781,93.18943493,0.72585883,USDT
2023-09-29T18:45:00Z,LINK/USDT,buy,7.96097850,91.67968068,0.72985997,USDT
2023-09-29T20:45:00Z,LINK/USDT,sell,7.96501550,91.67968068,0.73023008,USDT
2023-09-30T05:45:00Z,LINK/USDT,buy,8.06503050,90.35203813,0.72869194,USDT
2023-09-30T07:30:00Z,LINK/USDT,sell,8.08395600,90.35203813,0.73040190,USDT
2023-09-30T11:15:00Z,LINK/USDT,buy,8.21310450,88.91228573,0.73024589,USDT
2023-09-30T12:45:00Z,LINK/USDT,sell,8.16891350,88.91228573,0.72631677,USDT
2023-10-01T10:15:00Z,LINK/USDT,buy,8.18809200,89.03336274,0.72901337,USDT
2023-10-01T11:00:00Z,LINK/USDT,stop_sell,8.15370682,89.03336274,0.72595194,USDT
2023-10-01T22:30:00Z,LINK/USDT,buy,8.01200400,91.10248253,0.72991345,USDT
2023-10-02T00:15:00Z,LINK/USDT,sell,7.97501050,91.10248253,0.72654325,USDT
2023-10-03T01:45:00Z,LINK/USDT,buy,7.55877750,96.20029449,0.72715662,USDT
2023-10-03T02:45:00Z,LINK/USDT,stop_sell,7.52023800,96.20029449,0.72344911,USDT
2023-10-03T05:15:00Z,LINK/USDT,buy,7.60380000,95.80423432,0.72847624,USDT
2023-10-03T05:15:00Z,LINK/USDT,stop_sell,7.56910641,95.80423432,0.72515244,USDT
2023-10-03T05:45:00Z,LINK/USDT,buy,7.60980300,95.42748323,0.72618435,USDT
2023-10-03T07:45:00Z,LINK/USDT,sell,7.63018300,95.42748323,0.72812916,USDT
2023-10-03T14:00:00Z,LINK/USDT,buy,7.67083350,94.62608594,0.72586095,USDT
2023-10-03T14:00:00Z,LINK/USDT,stop_sell,7.64035648,94.62608594,0.72297703,USDT
2023-10-04T02:30:00Z,LINK/USDT,buy,7.47573600,97.23601206,0.72691076,USDT
2023-10-04T06:30:00Z,LINK/USDT,sell,7.52823400,97.23601206,0.73201545,USDT
2023-10-04T12:45:00Z,LINK/USDT,buy,7.63381500,95.18826264,0.72664959,USDT
2023-10-04T12:45:00Z,LINK/USDT,stop_sell,7.60808691,95.18826264,0.72420057,USDT
2023-10-04T17:30:00Z,LINK/USDT,buy,7.70685150,94.02821599,0.72466150,USDT
2023-10-04T17:45:00Z,LINK/USDT,stop_sell,7.65202921,94.02821599,0.71950666,USDT
2023-10-05T05:45:00Z,LINK/USDT,buy,7.69884750,94.46060533,0.72723780,USDT
2023-10-05T08:15:00Z,LINK/USDT,sell,7.70514550,94.46060533,0.72783271,USDT
2023-10-05T09:15:00Z,LINK/USDT,buy,7.78589100,93.61225469,0.72885481,USDT
2023-10-05T09:30:00Z,LINK/USDT,stop_sell,7.72513550,93.61225469,0.72316735,USDT
2023-10-06T15:15:00Z,LINK/USDT,buy,7.64482050,95.3814535,0.72917409,USDT
2023-10-06T18:45:00Z,LINK/USDT,sell,7.64417600,95.3814535,0.72911262,USDT
2023-10-08T04:00:00Z,LINK/USDT,buy,7.62080850,95.39054205,0.72695305,USDT
2023-10-08T07:00:00Z,LINK/USDT,sell,7.64717450,95.39054205,0.72946812,USDT
2023-10-08T08:15:00Z,LINK/USDT,buy,7.68083850,94.76673597,0.72788799,USDT
2023-10-08T09:45:00Z,LINK/USDT,sell,7.64017800,94.76673597,0.72403473,USDT
2023-10-08T14:45:00Z,LINK/USDT,buy,7.68484050,94.50170351,0.72623052,USDT
2023-10-08T16:30:00Z,LINK/USDT,sell,7.65517050,94.50170351,0.72342665,USDT
2023-10-08T21:00:00Z,LINK/USDT,buy,7.81490550,93.15947106,0.72803246,USDT
2023-10-08T22:00:00Z,LINK/USDT,stop_sell,7.74648196,93.15947106,0.72165816,USDT
2023-10-10T07:30:00Z,LINK/USDT,buy,7.37068350,98.38562261,0.72516929,USDT
2023-10-10T08:30:00Z,LINK/USDT,stop_sell,7.34532550,98.38562261,0.72267442,USDT
2023-10-10T10:00:00Z,LINK/USDT,buy,7.34567100,98.12968513,0.72082838,USDT
2023-10-10T10:00:00Z,LINK/USDT,stop_sell,7.33832900,98.12968513,0.72010791,USDT
2023-10-11T09:15:00Z,LINK/USDT,buy,7.27663650,99.64486902,0.72507949,USDT
2023-10-11T13:45:00Z,LINK/USDT,sell,7.32633500,99.64486902,0.73003169,USDT
2023-10-11T22:00:00Z,LINK/USDT,buy,7.39069350,97.99814986,0.72427429,USDT
2023-10-12T00:00:00Z,LINK/USDT,sell,7.37930850,97.99814986,0.72315858,USDT
2023-10-13T12:45:00Z,LINK/USDT,buy,7.25962800,99.83369194,0.72475547,USDT
2023-10-13T13:30:00Z,LINK/USDT,stop_sell,7.22938350,99.83369194,0.72173605,USDT
2023-10-13T21:00:00Z,LINK/USDT,buy,7.29464550,99.49649523,0.72579166,USDT
2023-10-13T23:00:00Z,LINK/USDT,sell,7.27536050,99.49649523,0.72387287,USDT
2023-10-14T13:15:00Z,LINK/USDT,buy,7.27663650,99.51416464,0.72412840,USDT
2023-10-14T14:45:00Z,LINK/USDT,stop_sell,7.26536550,99.51416464,0.72300678,USDT
2023-10-14T16:00:00Z,LINK/USDT,buy,7.31965800,98.95528155,0.72431882,USDT
2023-10-14T19:45:00Z,LINK/USDT,sell,7.33033300,98.95528155,0.72537517,USDT
2023-10-15T09:00:00Z,LINK/USDT,buy,7.38669150,98.14562547,0.72497146,USDT
2023-10-15T11:00:00Z,LINK/USDT,stop_sell,7.36403043,98.14562547,0.72274737,USDT
2023-10-15T18:45:00Z,LINK/USDT,buy,7.41970800,97.53685862,0.72369501,USDT
2023-10-15T21:15:00Z,LINK/USDT,sell,7.46626500,97.53685862,0.72823603,USDT
2023-10-16T05:30:00Z,LINK/USDT,buy,7.59179400,95.35823568,0.72394008,USDT
2023-10-16T08:00:00Z,LINK/USDT,sell,7.56821400,95.35823568,0.72169153,USDT
2023-10-16T13:00:00Z,LINK/USDT,buy,7.58679150,95.36956347,0.72354899,USDT
2023-10-16T13:15:00Z,LINK/USDT,stop_sell,7.56021800,95.36956347,0.72101469,USDT
2023-10-16T13:30:00Z,LINK/USDT,buy,7.62581100,93.18926008,0.71064368,USDT
2023-10-16T13:30:00Z,LINK/USDT,stop_sell,7.61818900,93.18926008,0.70993340,USDT
2023-10-16T19:15:00Z,LINK/USDT,buy,7.56177900,95.63300532,0.72315565,USDT
2023-10-16T19:30:00Z,LINK/USDT,stop_sell,7.52923350,95.63300532,0.72004323,USDT
2023-10-18T04:45:00Z,LINK/USDT,buy,7.36067850,98.14322981,0.72240076,USDT
2023-10-18T07:00:00Z,LINK/USDT,sell,7.34732450,98.14322981,0.72109016,USDT
2023-10-18T10:30:00Z,LINK/USDT,buy,7.41170400,97.4775707,0.72247490,USDT
2023-10-18T13:00:00Z,LINK/USDT,sell,7.42828400,97.4775707,0.72409108,USDT
2023-10-19T12:15:00Z,LINK/USDT,buy,7.36368000,98.1151376,0.72248848,USDT
2023-10-19T15:45:00Z,LINK/USDT,sell,7.37231200,98.1151376,0.72333541,USDT
2023-10-20T03:00:00Z,LINK/USDT,buy,7.41070350,97.55194558,0.72292854,USDT
2023-10-20T08:00:00Z,LINK/USDT,sell,7.45726950,97.55194558,0.72747115,USDT
2023-10-20T08:30:00Z,LINK/USDT,buy,7.56077850,95.54588327,0.72240126,USDT
2023-10-20T11:45:00Z,LINK/USDT,sell,7.61219200,95.54588327,0.72731361,USDT
2023-10-20T17:30:00Z,LINK/USDT,buy,7.65482550,94.3470281,0.72221004,USDT
2023-10-20T18:15:00Z,LINK/USDT,stop_sell,7.63278884,94.3470281,0.72013094,USDT
2023-10-21T05:15:00Z,LINK/USDT,buy,7.64582100,94.52004363,0.72268333,USDT
2023-10-21T18:45:00Z,LINK/USDT,sell,8.94852350,94.52004363,0.84581483,USDT
2023-10-22T00:45:00Z,LINK/USDT,buy,9.07653600,80.7019307,0.73249398,USDT
2023-10-22T01:00:00Z,LINK/USDT,stop_sell,8.98186396,80.7019307,0.72485376,USDT
2023-10-22T03:30:00Z,LINK/USDT,buy,9.20660100,79.45669364,0.73152608,USDT
2023-10-22T06:30:00Z,LINK/USDT,sell,9.47625950,79.45669364,0.75295225,USDT
2023-10-22T16:15:00Z,LINK/USDT,buy,9.38368950,78.06100157,0.73250020,USDT
2023-10-22T18:45:00Z,LINK/USDT,sell,9.45527000,78.06100157,0.73808785,USDT
2023-10-22T22:45:00Z,LINK/USDT,buy,9.83291400,74.69887005,0.73450757,USDT
2023-10-23T04:15:00Z,LINK/USDT,sell,10.70464500,74.69887005,0.79962489,USDT
2023-10-23T17:00:00Z,LINK/USDT,buy,10.37318400,71.30874671,0.73969875,USDT
2023-10-23T17:15:00Z,LINK/USDT,stop_sell,10.14342575,71.30874671,0.72331498,USDT
2023-10-23T19:15:00Z,LINK/USDT,buy,10.41220350,70.60486926,0.73515227,USDT
2023-10-23T19:15:00Z,LINK/USDT,stop_sell,10.20357423,70.60486926,0.72042202,USDT
2023-10-24T00:30:00Z,LINK/USDT,buy,11.00149800,66.55882693,0.73224680,USDT
2023-10-24T00:45:00Z,LINK/USDT,stop_sell,10.71706736,66.55882693,0.71331543,USDT
2023-10-24T09:30:00Z,LINK/USDT,buy,10.44321900,70.53411499,0.73660321,USDT
2023-10-24T12:15:00Z,LINK/USDT,sell,10.40679400,70.53411499,0.73403400,USDT
2023-10-24T21:45:00Z,LINK/USDT,buy,10.09304400,72.91341813,0.73591834,USDT
2023-10-25T05:45:00Z,LINK/USDT,sell,11.38430500,72.91341813,0.83006859,USDT
2023-10-25T15:45:00Z,LINK/USDT,buy,11.46973200,64.4849943,0.73962560,USDT
2023-10-25T16:00:00Z,LINK/USDT,stop_sell,11.32829731,64.4849943,0.73050519,USDT
2023-10-26T03:15:00Z,LINK/USDT,buy,11.08654050,66.89086489,0.74158828,USDT
2023-10-26T04:00:00Z,LINK/USDT,sell,11.08145650,66.89086489,0.74124821,USDT
2023-10-26T22:15:00Z,LINK/USDT,buy,10.88544000,68.07731378,0.74105151,USDT
2023-10-26T23:45:00Z,LINK/USDT,sell,10.89055200,68.07731378,0.74139953,USDT
2023-10-27T04:15:00Z,LINK/USDT,buy,11.19959700,66.27061821,0.74220422,USDT
2023-10-27T04:15:00Z,LINK/USDT,stop_sell,10.97376038,66.27061821,0.72723788,USDT
2023-10-27T10:00:00Z,LINK/USDT,buy,10.99049250,67.20615603,0.73862875,USDT
2023-10-27T11:15:00Z,LINK/USDT,stop_sell,10.90047561,67.20615603,0.73257906,USDT
2023-10-27T12:15:00Z,LINK/USDT,buy,11.17358400,65.9866955,0.73730789,USDT
2023-10-27T13:45:00Z,LINK/USDT,sell,11.11543950,65.9866955,0.73347112,USDT
2023-10-28T03:15:00Z,LINK/USDT,buy,11.26462950,65.32382092,0.73584864,USDT
2023-10-28T07:00:00Z,LINK/USDT,sell,11.35531950,65.32382092,0.74177286,USDT
2023-10-29T06:00:00Z,LINK/USDT,buy,10.92946200,67.51370538,0.73788848,USDT
2023-10-29T07:15:00Z,LINK/USDT,sell,10.93552950,67.51370538,0.73829812,USDT
2023-10-29T08:15:00Z,LINK/USDT,buy,11.09654550,66.35854224,0.73635058,USDT
2023-10-29T09:45:00Z,LINK/USDT,stop_sell,11.06250169,66.35854224,0.73409149,USDT
2023-10-30T08:45:00Z,LINK/USDT,buy,11.26062750,65.54190746,0.73804301,USDT
2023-10-30T11:30:00Z,LINK/USDT,sell,11.27436000,65.54190746,0.73894306,USDT
2023-10-30T13:30:00Z,LINK/USDT,buy,11.52375900,63.93017873,0.73671597,USDT
2023-10-30T13:45:00Z,LINK/USDT,stop_sell,11.36963377,63.93017873,0.72686272,USDT
2023-10-31T00:15:00Z,LINK/USDT,buy,11.32465950,65.04698679,0.73663498,USDT
2023-10-31T01:00:00Z,LINK/USDT,stop_sell,11.26739919,65.04698679,0.73291037,USDT
2023-10-31T02:00:00Z,LINK/USDT,buy,11.65282350,63.55676734,0.74061579,USDT
2023-10-31T02:00:00Z,LINK/USDT,stop_sell,11.45837509,63.55676734,0.72825728,USDT
2023-10-31T04:45:00Z,LINK/USDT,buy,11.59679550,63.2864499,0.73392002,USDT
2023-10-31T07:00:00Z,LINK/USDT,sell,11.66516450,63.2864499,0.73824685,USDT
2023-11-01T18:30:00Z,LINK/USDT,buy,11.08754100,66.1417319,0.73334916,USDT
2023-11-01T23:15:00Z,LINK/USDT,sell,11.57121150,66.1417319,0.76533997,USDT
2023-11-03T07:15:00Z,LINK/USDT,buy,10.99449450,67.10961838,0.73783633,USDT
2023-11-03T09:45:00Z,LINK/USDT,sell,11.07246100,67.10961838,0.74306863,USDT
2023-11-03T21:00:00Z,LINK/USDT,buy,11.34066750,65.17468046,0.73912438,USDT
2023-11-03T22:45:00Z,LINK/USDT,sell,11.30434500,65.17468046,0.73675707,USDT
2023-11-03T23:00:00Z,LINK/USDT,buy,11.41770600,64.66787634,0.73835880,USDT
2023-11-04T00:30:00Z,LINK/USDT,sell,11.38930250,64.66787634,0.73652201,USDT
2023-11-04T21:45:00Z,LINK/USDT,buy,11.41570500,64.69001554,0.73848213,USDT
2023-11-05T00:15:00Z,LINK/USDT,sell,11.39529950,64.69001554,0.73716210,USDT
2023-11-05T01:15:00Z,LINK/USDT,buy,11.61280350,63.79193745,0.74080323,USDT
2023-11-05T06:45:00Z,LINK/USDT,sell,12.24187600,63.79193745,0.78093299,USDT
2023-11-05T22:30:00Z,LINK/USDT,buy,12.12606000,61.06861221,0.74052166,USDT
2023-11-06T01:45:00Z,LINK/USDT,sell,12.21588900,61.06861221,0.74600739,USDT
2023-11-06T05:00:00Z,LINK/USDT,buy,12.40720050,59.74478067,0.74126547,USDT
2023-11-06T07:30:00Z,LINK/USDT,sell,12.40179600,59.74478067,0.74094258,USDT
2023-11-06T15:15:00Z,LINK/USDT,buy,12.83141250,57.83003145,0.74204099,USDT
2023-11-06T15:30:00Z,LINK/USDT,stop_sell,12.67697977,57.83003145,0.73311014,USDT
2023-11-06T22:45:00Z,LINK/USDT,buy,12.99849600,57.01263219,0.74107847,USDT
2023-11-07T00:15:00Z,LINK/USDT,sell,12.89255050,57.01263219,0.73503824,USDT
2023-11-07T18:15:00Z,LINK/USDT,buy,12.96047700,56.73889574,0.73536315,USDT
2023-11-07T22:15:00Z,LINK/USDT,sell,13.04547400,56.73889574,0.74018579,USDT
2023-11-08T02:30:00Z,LINK/USDT,buy,13.21760550,56.0028298,0.74022331,USDT
2023-11-08T08:00:00Z,LINK/USDT,sell,13.42128600,56.0028298,0.75163000,USDT
2023-11-08T13:45:00Z,LINK/USDT,buy,13.72585950,53.95426403,0.74056865,USDT
2023-11-08T15:15:00Z,LINK/USDT,sell,13.73512900,53.95426403,0.74106878,USDT
2023-11-08T18:45:00Z,LINK/USDT,buy,14.26813050,51.85818579,0.73991936,USDT
2023-11-08T23:15:00Z,LINK/USDT,sell,14.74862200,51.85818579,0.76483678,USDT
2023-11-09T12:00:00Z,LINK/USDT,buy,14.80039650,50.16517075,0.74246442,USDT
2023-11-09T15:30:00Z,LINK/USDT,sell,15.37730750,50.16517075,0.77140526,USDT
2023-11-10T09:00:00Z,LINK/USDT,buy,14.62831050,50.87415901,0.74420299,USDT
2023-11-10T12:00:00Z,LINK/USDT,sell,14.70764250,50.87415901,0.74823894,USDT
2023-11-10T13:30:00Z,LINK/USDT,buy,14.93746500,49.79534943,0.74381629,USDT
2023-11-10T14:00:00Z,LINK/USDT,stop_sell,14.74319614,49.79534943,0.73414260,USDT
2023-11-10T14:45:00Z,LINK/USDT,buy,15.06552900,49.00142009,0.73823232,USDT
2023-11-10T17:00:00Z,LINK/USDT,sell,15.06546350,49.00142009,0.73822911,USDT
2023-11-10T22:15:00Z,LINK/USDT,buy,15.36267750,48.40975341,0.74370343,USDT
2023-11-11T00:45:00Z,LINK/USDT,sell,15.41328950,48.40975341,0.74615354,USDT
2023-11-11T14:15:00Z,LINK/USDT,buy,15.56978100,47.72786762,0.74311245,USDT
2023-11-11T17:00:00Z,LINK/USDT,sell,16.02798200,47.72786762,0.76498140,USDT
2023-11-12T19:30:00Z,LINK/USDT,buy,16.18008600,46.04980612,0.74508982,USDT
2023-11-12T22:45:00Z,LINK/USDT,sell,16.12293450,46.04980612,0.74245801,USDT
2023-11-13T16:30:00Z,LINK/USDT,buy,15.30564900,48.74059646,0.74600646,USDT
2023-11-13T16:45:00Z,LINK/USDT,sell,15.13143050,48.74059646,0.73751495,USDT
2023-11-15T06:00:00Z,LINK/USDT,buy,14.55027150,51.07849716,0.74320600,USDT
2023-11-15T09:45:00Z,LINK/USDT,sell,14.66466400,51.07849716,0.74904900,USDT
2023-11-15T11:30:00Z,LINK/USDT,buy,14.89044150,49.98363914,0.74427845,USDT
2023-11-15T13:15:00Z,LINK/USDT,sell,14.82958150,49.98363914,0.74123645,USDT
2023-11-15T18:15:00Z,LINK/USDT,buy,14.99349300,49.59627793,0.74362145,USDT
2023-11-15T21:15:00Z,LINK/USDT,sell,15.01249000,49.59627793,0.74456363,USDT
2023-11-16T07:15:00Z,LINK/USDT,buy,15.03251250,49.51084782,0.74427244,USDT
2023-11-16T08:15:00Z,LINK/USDT,sell,14.86056600,49.51084782,0.73575922,USDT
2023-11-17T02:00:00Z,LINK/USDT,buy,14.25112200,52.19139125,0.74378588,USDT
2023-11-17T02:30:00Z,LINK/USDT,stop_sell,14.11372532,52.19139125,0.73661496,USDT
2023-11-17T18:30:00Z,LINK/USDT,buy,13.57878600,54.70151213,0.74278013,USDT
2023-11-17T20:45:00Z,LINK/USDT,sell,13.42728300,54.70151213,0.73449268,USDT
2023-11-18T15:45:00Z,LINK/USDT,buy,13.47673500,54.78118965,0.73827158,USDT
2023-11-18T20:15:00Z,LINK/USDT,sell,13.68215550,54.78118965,0.74952476,USDT
2023-11-19T04:00:00Z,LINK/USDT,buy,14.12105700,52.65311887,0.74351769,USDT
2023-11-19T09:00:00Z,LINK/USDT,sell,14.20089600,52.65311887,0.74772147,USDT
2023-11-19T18:30:00Z,LINK/USDT,buy,14.31015150,51.8847187,0.74247819,USDT
2023-11-19T22:30:00Z,LINK/USDT,sell,14.87755750,51.8847187,0.77191789,USDT
2023-11-20T02:45:00Z,LINK/USDT,buy,15.07453350,49.43979843,0.74528190,USDT
2023-11-20T03:30:00Z,LINK/USDT,sell,14.97750750,49.43979843,0.74048495,USDT
2023-11-22T04:15:00Z,LINK/USDT,buy,14.03601450,53.04335396,0.74451729,USDT
2023-11-22T06:30:00Z,LINK/USDT,sell,14.12993150,53.04335396,0.74949896,USDT
2023-11-22T14:30:00Z,LINK/USDT,buy,14.37818550,51.83685336,0.74531989,USDT
2023-11-22T14:45:00Z,LINK/USDT,stop_sell,14.26154423,51.83685336,0.73927358,USDT
2023-11-22T18:30:00Z,LINK/USDT,buy,14.47423350,51.54731369,0.74610785,USDT
2023-11-22T21:45:00Z,LINK/USDT,sell,14.40979150,51.54731369,0.74278604,USDT
2023-11-23T17:00:00Z,LINK/USDT,buy,14.46723000,51.42801309,0.74402089,USDT
2023-11-23T18:00:00Z,LINK/USDT,sell,14.41079100,51.42801309,0.74111835,USDT
2023-11-24T09:45:00Z,LINK/USDT,buy,14.61130200,50.80990187,0.74239882,USDT
2023-11-24T09:45:00Z,LINK/USDT,stop_sell,14.55968081,50.80990187,0.73977595,USDT
2023-11-24T15:45:00Z,LINK/USDT,buy,14.59729500,50.86046352,0.74242519,USDT
2023-11-24T16:45:00Z,LINK/USDT,stop_sell,14.50795668,50.86046352,0.73788140,USDT
2023-11-25T00:15:00Z,LINK/USDT,buy,14.50024650,51.21311378,0.74260277,USDT
2023-11-25T05:00:00Z,LINK/USDT,sell,14.69464900,51.21311378,0.75255873,USDT
2023-11-25T08:45:00Z,LINK/USDT,buy,14.79539400,50.20703873,0.74283292,USDT
2023-11-25T09:00:00Z,LINK/USDT,stop_sell,14.72295627,50.20703873,0.73919604,USDT
2023-11-26T06:00:00Z,LINK/USDT,buy,15.00549900,49.47742301,0.74243342,USDT
2023-11-26T06:15:00Z,LINK/USDT,stop_sell,14.94452400,49.47742301,0.73941654,USDT
2023-11-26T07:30:00Z,LINK/USDT,buy,15.11855550,49.05803048,0.74168656,USDT
2023-11-26T10:30:00Z,LINK/USDT,sell,15.14942150,49.05803048,0.74320078,USDT
2023-11-27T00:30:00Z,LINK/USDT,buy,14.97048150,49.61555319,0.74276872,USDT
2023-11-27T02:15:00Z,LINK/USDT,sell,14.95551850,49.61555319,0.74202632,USDT
2023-11-28T00:45:00Z,LINK/USDT,buy,14.31015150,51.89256428,0.74259046,USDT
2023-11-28T02:00:00Z,LINK/USDT,stop_sell,14.19789750,51.89256428,0.73676531,USDT
2023-11-28T12:00:00Z,LINK/USDT,buy,14.28714000,51.89161675,0.74138279,USDT
2023-11-28T13:00:00Z,LINK/USDT,stop_sell,14.20089600,51.89161675,0.73690745,USDT
2023-11-28T14:00:00Z,LINK/USDT,buy,14.39919600,51.53018815,0.74199328,USDT
2023-11-28T15:30:00Z,LINK/USDT,stop_sell,14.30684300,51.53018815,0.73723431,USDT
2023-11-28T17:30:00Z,LINK/USDT,buy,14.59929600,51.01664421,0.74480709,USDT
2023-11-28T20:30:00Z,LINK/USDT,sell,14.55671800,51.01664421,0.74263490,USDT
2023-11-29T09:00:00Z,LINK/USDT,buy,14.84842050,49.78929861,0.73929244,USDT
2023-11-29T10:15:00Z,LINK/USDT,sell,14.78060600,49.78929861,0.73591601,USDT
2023-11-30T04:00:00Z,LINK/USDT,buy,14.64832050,50.60375701,0.74126005,USDT
2023-11-30T05:00:00Z,LINK/USDT,sell,14.53173050,50.60375701,0.73536016,USDT
2023-11-30T10:00:00Z,LINK/USDT,buy,14.59529400,50.66734857,0.73950485,USDT
2023-11-30T13:15:00Z,LINK/USDT,sell,14.58270500,50.66734857,0.73886700,USDT
2023-12-01T00:00:00Z,LINK/USDT,buy,14.42620950,51.28125701,0.73979416,USDT
2023-12-01T00:00:00Z,LINK/USDT,stop_sell,14.36677731,51.28125701,0.73674640,USDT
2023-12-01T02:15:00Z,LINK/USDT,buy,14.51425350,50.81550041,0.73754905,USDT
2023-12-01T05:45:00Z,LINK/USDT,sell,14.61768750,50.81550041,0.74280511,USDT
2023-12-01T12:15:00Z,LINK/USDT,buy,14.84942100,49.73820279,0.73858351,USDT
2023-12-01T12:15:00Z,LINK/USDT,stop_sell,14.80773529,49.73820279,0.73651014,USDT
2023-12-01T16:00:00Z,LINK/USDT,buy,14.93046150,49.37027626,0.73712101,USDT
2023-12-01T16:00:00Z,LINK/USDT,stop_sell,14.89008694,49.37027626,0.73512771,USDT
2023-12-01T16:30:00Z,LINK/USDT,buy,14.99349300,49.24317023,0.73832713,USDT
2023-12-01T17:30:00Z,LINK/USDT,stop_sell,14.90254500,49.24317023,0.73384856,USDT
2023-12-01T22:15:00Z,LINK/USDT,buy,14.96547900,49.3034701,0.73785005,USDT
2023-12-01T23:00:00Z,LINK/USDT,stop_sell,14.90154550,49.3034701,0.73469790,USDT
2023-12-02T01:00:00Z,LINK/USDT,buy,15.07253250,48.96152612,0.73797419,USDT
2023-12-02T05:15:00Z,LINK/USDT,sell,15.29035100,48.96152612,0.74863892,USDT
2023-12-02T07:00:00Z,LINK/USDT,buy,15.65782500,47.32371192,0.74098640,USDT
2023-12-02T09:45:00Z,LINK/USDT,sell,15.69314950,47.32371192,0.74265809,USDT
2023-12-02T17:45:00Z,LINK/USDT,buy,15.78588900,46.47002063,0.73357059,USDT
2023-12-02T17:45:00Z,LINK/USDT,stop_sell,15.77011100,46.47002063,0.73283738,USDT
2023-12-02T18:00:00Z,LINK/USDT,buy,15.95097150,46.41805601,0.74041309,USDT
2023-12-02T22:15:00Z,LINK/USDT,sell,16.04897150,46.41805601,0.74496206,USDT
2023-12-03T07:30:00Z,LINK/USDT,buy,16.06002600,46.04842487,0.73953890,USDT
2023-12-03T09:00:00Z,LINK/USDT,sell,15.97900650,46.04842487,0.73580808,USDT
2023-12-03T22:45:00Z,LINK/USDT,buy,16.03801500,46.19815954,0.74092678,USDT
2023-12-03T23:15:00Z,LINK/USDT,stop_sell,15.90714959,46.19815954,0.73488103,USDT
2023-12-04T04:15:00Z,LINK/USDT,buy,16.11105150,45.49142473,0.73291469,USDT
2023-12-04T04:15:00Z,LINK/USDT,stop_sell,16.06117968,45.49142473,0.73064595,USDT
2023-12-04T22:15:00Z,LINK/USDT,buy,15.68784000,47.04274407,0.73799904,USDT
2023-12-04T22:15:00Z,LINK/USDT,stop_sell,15.62903871,47.04274407,0.73523287,USDT
2023-12-04T22:30:00Z,LINK/USDT,buy,15.73186200,46.74964998,0.73545904,USDT
2023-12-04T22:30:00Z,LINK/USDT,stop_sell,15.70853466,46.74964998,0.73436850,USDT
2023-12-05T15:15:00Z,LINK/USDT,buy,15.40169700,47.72055337,0.73497750,USDT
2023-12-05T19:00:00Z,LINK/USDT,sell,15.71114050,47.72055337,0.74974432,USDT
2023-12-06T00:30:00Z,LINK/USDT,buy,15.87593400,46.49142796,0.73809484,USDT
2023-12-06T01:45:00Z,LINK/USDT,sell,15.88305450,46.49142796,0.73842588,USDT
2023-12-07T16:00:00Z,LINK/USDT,buy,15.23861550,48.35031999,0.73679194,USDT
2023-12-07T18:45:00Z,LINK/USDT,sell,15.34232500,48.35031999,0.74180632,USDT
2023-12-07T22:00:00Z,LINK/USDT,buy,15.64281750,47.19645019,0.73828546,USDT
2023-12-08T01:15:00Z,LINK/USDT,sell,15.64217500,47.19645019,0.73825513,USDT
2023-12-08T03:45:00Z,LINK/USDT,buy,15.92595900,46.16424614,0.73520989,USDT
2023-12-08T03:45:00Z,LINK/USDT,stop_sell,15.88601731,46.16424614,0.73336601,USDT
2023-12-08T05:45:00Z,LINK/USDT,buy,16.01300250,46.08423303,0.73794694,USDT
2023-12-08T07:15:00Z,LINK/USDT,stop_sell,15.84075423,46.08423303,0.73000901,USDT
2023-12-08T10:30:00Z,LINK/USDT,buy,16.21310250,45.33474921,0.73501694,USDT
2023-12-08T15:45:00Z,LINK/USDT,sell,16.79859650,45.33474921,0.76156016,USDT
2023-12-09T07:45:00Z,LINK/USDT,buy,17.25362250,42.83814058,0.73911311,USDT
2023-12-09T08:30:00Z,LINK/USDT,stop_sell,17.13867638,42.83814058,0.73418903,USDT
2023-12-10T16:15:00Z,LINK/USDT,buy,16.17708450,45.6371381,0.73827584,USDT
2023-12-10T16:30:00Z,LINK/USDT,stop_sell,16.09095050,45.6371381,0.73434493,USDT
2023-12-10T20:00:00Z,LINK/USDT,buy,16.21310250,45.55691411,0.73861892,USDT
2023-12-10T21:30:00Z,LINK/USDT,sell,16.26186500,45.55691411,0.74084039,USDT
2023-12-12T01:45:00Z,LINK/USDT,buy,14.96447850,49.34104698,0.73836304,USDT
2023-12-12T04:00:00Z,LINK/USDT,sell,14.97850700,49.34104698,0.73905522,USDT
2023-12-12T09:00:00Z,LINK/USDT,buy,15.01650450,49.12989411,0.73775928,USDT
2023-12-12T09:00:00Z,LINK/USDT,stop_sell,14.91553850,49.12989411,0.73279883,USDT
2023-12-12T13:45:00Z,LINK/USDT,buy,15.06152700,48.98149323,0.73773608,USDT
2023-12-12T14:15:00Z,LINK/USDT,stop_sell,14.92953150,48.98149323,0.73127075,USDT
2023-12-13T13:30:00Z,LINK/USDT,buy,14.44121700,51.09811704,0.73791900,USDT
2023-12-13T14:00:00Z,LINK/USDT,stop_sell,14.32972441,51.09811704,0.73222194,USDT
2023-12-13T15:15:00Z,LINK/USDT,buy,14.58428850,50.41150965,0.73521600,USDT
2023-12-13T16:15:00Z,LINK/USDT,stop_sell,14.49428494,50.41150965,0.73067879,USDT
2023-12-13T19:15:00Z,LINK/USDT,buy,14.65132200,50.2169984,0.73574541,USDT
2023-12-13T22:45:00Z,LINK/USDT,sell,14.78160550,50.2169984,0.74228786,USDT
2023-12-14T11:00:00Z,LINK/USDT,buy,15.02350800,49.00693606,0.73625610,USDT
2023-12-14T13:15:00Z,LINK/USDT,stop_sell,14.91171898,49.00693606,0.73077766,USDT
2023-12-14T17:15:00Z,LINK/USDT,buy,15.30865050,48.09576551,0.73628126,USDT
2023-12-14T18:30:00Z,LINK/USDT,sell,15.14242500,48.09576551,0.72828652,USDT
2023-12-18T08:45:00Z,LINK/USDT,buy,14.34516900,51.47984285,0.73848705,USDT
2023-12-18T09:00:00Z,LINK/USDT,stop_sell,14.13792750,51.47984285,0.72781829,USDT
2023-12-18T21:00:00Z,LINK/USDT,buy,14.46322800,50.90890744,0.73630714,USDT
2023-12-18T22:30:00Z,LINK/USDT,stop_sell,14.31940814,50.90890744,0.72898542,USDT
2023-12-20T06:30:00Z,LINK/USDT,buy,14.34817050,51.1297274,0.73361805,USDT
2023-12-20T10:30:00Z,LINK/USDT,sell,14.37980650,51.1297274,0.73523559,USDT
2023-12-20T13:15:00Z,LINK/USDT,buy,14.54727000,50.4098141,0.73332518,USDT
2023-12-20T16:15:00Z,LINK/USDT,sell,14.63467900,50.4098141,0.73773145,USDT
2023-12-21T08:15:00Z,LINK/USDT,buy,14.52325800,50.54412734,0.73406540,USDT
2023-12-21T09:30:00Z,LINK/USDT,sell,14.48775250,50.54412734,0.73227081,USDT
2023-12-21T10:00:00Z,LINK/USDT,buy,14.62530900,50.21122391,0.73435466,USDT
2023-12-21T13:00:00Z,LINK/USDT,sell,14.93053100,50.21122391,0.74968024,USDT
2023-12-22T00:00:00Z,LINK/USDT,buy,15.26963100,48.10583095,0.73455829,USDT
2023-12-22T02:30:00Z,LINK/USDT,sell,15.21039100,48.10583095,0.73170850,USDT
2023-12-22T06:30:00Z,LINK/USDT,buy,15.71285250,46.86715465,0.73641669,USDT
2023-12-22T06:30:00Z,LINK/USDT,stop_sell,15.55475444,46.86715465,0.72900708,USDT
2023-12-22T15:00:00Z,LINK/USDT,buy,15.50474850,47.33268158,0.73388132,USDT
2023-12-22T18:00:00Z,LINK/USDT,sell,15.52623300,47.33268158,0.73489824,USDT
2023-12-23T10:30:00Z,LINK/USDT,buy,15.27363300,47.98087285,0.73284224,USDT
2023-12-23T11:00:00Z,LINK/USDT,stop_sell,15.18940150,47.98087285,0.72880074,USDT
2023-12-23T12:30:00Z,LINK/USDT,buy,15.37268250,47.68676807,0.73307354,USDT
2023-12-23T17:45:00Z,LINK/USDT,sell,15.74812200,47.68676807,0.75097704,USDT
2023-12-24T10:15:00Z,LINK/USDT,buy,15.74887050,46.52466153,0.73271087,USDT
2023-12-24T10:15:00Z,LINK/USDT,stop_sell,15.70171664,46.52466153,0.73051705,USDT
2023-12-24T19:30:00Z,LINK/USDT,buy,15.94096650,46.02763468,0.73372498,USDT
2023-12-24T19:30:00Z,LINK/USDT,stop_sell,15.82579743,46.02763468,0.72842402,USDT
2023-12-25T05:45:00Z,LINK/USDT,buy,15.53476350,47.25663581,0.73412066,USDT
2023-12-25T06:45:00Z,LINK/USDT,sell,15.42328450,47.25663581,0.72885254,USDT
2023-12-25T15:30:00Z,LINK/USDT,buy,15.60780000,47.04906303,0.73433237,USDT
2023-12-25T16:15:00Z,LINK/USDT,stop_sell,15.46972556,47.04906303,0.72783609,USDT
2023-12-25T23:00:00Z,LINK/USDT,buy,15.71685450,46.73206187,0.73448102,USDT
2023-12-26T00:30:00Z,LINK/USDT,sell,15.54622300,46.73206187,0.72650706,USDT
2023-12-26T02:30:00Z,LINK/USDT,buy,15.68083650,46.66599586,0.73176185,USDT
2023-12-26T03:00:00Z,LINK/USDT,stop_sell,15.57420900,46.66599586,0.72678597,USDT
2023-12-26T03:30:00Z,LINK/USDT,buy,15.87693450,46.03381434,0.73087586,USDT
2023-12-26T03:30:00Z,LINK/USDT,stop_sell,15.75583243,46.03381434,0.72530106,USDT
2023-12-26T13:00:00Z,LINK/USDT,buy,15.45072150,47.33741297,0.73139718,USDT
2023-12-26T13:30:00Z,LINK/USDT,stop_sell,15.32654718,47.33741297,0.72551909,USDT
2023-12-27T09:30:00Z,LINK/USDT,buy,15.20760000,48.02168622,0.73029460,USDT
2023-12-27T18:00:00Z,LINK/USDT,sell,16.21189000,48.02168622,0.77852229,USDT
2023-12-27T22:30:00Z,LINK/USDT,buy,16.52926050,44.3902759,0.73373843,USDT
2023-12-28T03:15:00Z,LINK/USDT,sell,17.19839650,44.3902759,0.76344157,USDT
2023-12-28T12:00:00Z,LINK/USDT,buy,17.32265700,42.57086721,0.73744053,USDT
2023-12-28T12:15:00Z,LINK/USDT,stop_sell,17.08934391,42.57086721,0.72750819,USDT
2023-12-29T09:30:00Z,LINK/USDT,buy,16.07403300,45.66024368,0.73394426,USDT
2023-12-29T12:30:00Z,LINK/USDT,sell,16.07695750,45.66024368,0.73407780,USDT
2023-12-30T16:00:00Z,LINK/USDT,buy,15.40970100,47.71165323,0.73522231,USDT
2023-12-30T17:00:00Z,LINK/USDT,stop_sell,15.29906093,47.71165323,0.72994349,USDT
2024-01-01T09:45:00Z,LINK/USDT,buy,15.32365800,47.92252433,0.73434837,USDT
2024-01-01T12:30:00Z,LINK/USDT,sell,15.23837700,47.92252433,0.73026149,USDT
2024-01-01T16:15:00Z,LINK/USDT,buy,15.36868050,47.75322331,0.73390403,USDT
2024-01-01T16:15:00Z,LINK/USDT,stop_sell,15.29827561,47.75322331,0.73054197,USDT
2024-01-01T18:30:00Z,LINK/USDT,buy,15.37868550,47.67532467,0.73318382,USDT
2024-01-01T21:30:00Z,LINK/USDT,sell,15.44027600,47.67532467,0.73612017,USDT
2024-01-02T00:15:00Z,LINK/USDT,buy,15.57078150,47.14037327,0.73401245,USDT
2024-01-02T03:30:00Z,LINK/USDT,sell,15.70414400,47.14037327,0.74029921,USDT
2024-01-02T08:30:00Z,LINK/USDT,buy,16.00499850,45.89350069,0.73452541,USDT
2024-01-02T09:30:00Z,LINK/USDT,stop_sell,15.89983182,45.89350069,0.72969894,USDT
2024-01-03T01:30:00Z,LINK/USDT,buy,15.35067150,47.8401466,0.73437837,USDT
2024-01-03T03:00:00Z,LINK/USDT,sell,15.27735750,47.8401466,0.73087102,USDT
2024-01-03T06:00:00Z,LINK/USDT,buy,15.51775500,47.26520277,0.73344984,USDT
2024-01-03T06:45:00Z,LINK/USDT,stop_sell,15.43327950,47.26520277,0.72945708,USDT
2024-01-04T15:15:00Z,LINK/USDT,buy,14.57428350,50.31370566,0.73328621,USDT
2024-01-04T16:30:00Z,LINK/USDT,sell,14.48275500,50.31370566,0.72868107,USDT
2024-01-07T00:45:00Z,LINK/USDT,buy,13.59679500,53.87842284,0.73257387,USDT
2024-01-07T02:00:00Z,LINK/USDT,sell,13.57021150,53.87842284,0.73114159,USDT
2024-01-07T05:00:00Z,LINK/USDT,buy,13.71185250,53.40138233,0.73223188,USDT
2024-01-07T06:00:00Z,LINK/USDT,sell,13.65117100,53.40138233,0.72899140,USDT
2024-01-08T12:15:00Z,LINK/USDT,buy,13.68083700,53.64804124,0.73395011,USDT
2024-01-08T14:15:00Z,LINK/USDT,sell,13.66616350,53.64804124,0.73316290,USDT
2024-01-08T18:30:00Z,LINK/USDT,buy,14.00199750,52.25464308,0.73166938,USDT
2024-01-08T21:00:00Z,LINK/USDT,sell,14.11393950,52.25464308,0.73751887,USDT
2024-01-10T09:30:00Z,LINK/USDT,buy,14.16808050,51.64839211,0.73175858,USDT
2024-01-10T12:15:00Z,LINK/USDT,sell,14.17490900,51.64839211,0.73211126,USDT
2024-01-10T21:00:00Z,LINK/USDT,buy,14.35117200,50.98326726,0.73166964,USDT
2024-01-11T00:30:00Z,LINK/USDT,sell,14.91353950,50.98326726,0.76034097,USDT
2024-01-11T09:15:00Z,LINK/USDT,buy,15.02050650,48.88226134,0.73423632,USDT
2024-01-11T13:45:00Z,LINK/USDT,sell,15.33133050,48.88226134,0.74943010,USDT
2024-01-12T11:45:00Z,LINK/USDT,buy,14.96748000,49.08293067,0.73464778,USDT
2024-01-12T15:15:00Z,LINK/USDT,stop_sell,14.87252431,49.08293067,0.72998708,USDT
2024-01-13T12:45:00Z,LINK/USDT,buy,14.29614450,51.28799786,0.73322063,USDT
2024-01-13T13:00:00Z,LINK/USDT,stop_sell,14.23088100,51.28799786,0.72987339,USDT
2024-01-14T03:00:00Z,LINK/USDT,buy,14.43121200,50.67340888,0.73127871,USDT
2024-01-14T04:00:00Z,LINK/USDT,sell,14.41179050,50.67340888,0.73029455,USDT
2024-01-14T06:15:00Z,LINK/USDT,buy,15.07553400,48.46733375,0.73067094,USDT
2024-01-14T07:00:00Z,LINK/USDT,stop_sell,14.95380507,48.46733375,0.72477106,USDT
2024-01-14T15:30:00Z,LINK/USDT,buy,15.21160200,48.13583367,0.73222314,USDT
2024-01-14T16:00:00Z,LINK/USDT,stop_sell,15.12800364,48.13583367,0.72819907,USDT
2024-01-14T17:45:00Z,LINK/USDT,buy,15.30064650,47.94328077,0.73356319,USDT
2024-01-14T18:00:00Z,LINK/USDT,stop_sell,15.16712693,47.94328077,0.72716182,USDT
2024-01-15T02:00:00Z,LINK/USDT,buy,15.34166700,47.73962663,0.73240545,USDT
2024-01-15T04:45:00Z,LINK/USDT,sell,15.44927150,47.73962663,0.73754245,USDT
2024-01-15T09:45:00Z,LINK/USDT,buy,15.71385300,46.63323824,0.73278785,USDT
2024-01-15T10:00:00Z,LINK/USDT,stop_sell,15.59362786,46.63323824,0.72718136,USDT
2024-01-15T10:45:00Z,LINK/USDT,buy,15.83391300,46.22916422,0.73198856,USDT
2024-01-15T11:00:00Z,LINK/USDT,stop_sell,15.70003891,46.22916422,0.72579968,USDT
2024-01-15T13:30:00Z,LINK/USDT,buy,15.94396800,45.86589633,0.73128438,USDT
2024-01-15T14:15:00Z,LINK/USDT,stop_sell,15.80255906,45.86589633,0.72479854,USDT
2024-01-16T21:00:00Z,LINK/USDT,buy,15.28864050,47.88103555,0.73203594,USDT
2024-01-16T23:45:00Z,LINK/USDT,sell,15.25836700,47.88103555,0.73058641,USDT
2024-01-17T00:30:00Z,LINK/USDT,buy,15.40970100,47.40886126,0.73055638,USDT
2024-01-17T00:30:00Z,LINK/USDT,stop_sell,15.33190164,47.40886126,0.72686800,USDT
2024-01-17T01:15:00Z,LINK/USDT,buy,15.39369300,47.35445513,0.72895994,USDT
2024-01-17T06:45:00Z,LINK/USDT,sell,15.79509850,47.35445513,0.74796828,USDT
2024-01-17T10:30:00Z,LINK/USDT,buy,16.05802500,45.47128448,0.73017902,USDT
2024-01-17T11:00:00Z,LINK/USDT,stop_sell,15.88062714,45.47128448,0.72211251,USDT
2024-01-17T14:45:00Z,LINK/USDT,buy,16.17408300,45.23261538,0.73159608,USDT
2024-01-17T16:00:00Z,LINK/USDT,sell,16.09894650,45.23261538,0.72819746,USDT
2024-01-19T03:45:00Z,LINK/USDT,buy,14.73636450,49.594859,0.73084792,USDT
2024-01-19T08:30:00Z,LINK/USDT,sell,14.91653800,49.594859,0.73978360,USDT
2024-01-19T09:15:00Z,LINK/USDT,buy,15.21660450,48.08994396,0.73176566,USDT
2024-01-19T12:30:00Z,LINK/USDT,sell,15.40829200,48.08994396,0.74098390,USDT
2024-01-19T22:45:00Z,LINK/USDT,buy,15.70084650,46.74897557,0.73399849,USDT
2024-01-20T00:45:00Z,LINK/USDT,sell,15.78510350,46.74897557,0.73793742,USDT
2024-01-21T08:45:00Z,LINK/USDT,buy,15.77488350,46.34672607,0.73111420,USDT
2024-01-21T08:45:00Z,LINK/USDT,stop_sell,15.69971764,46.34672607,0.72763051,USDT
2024-01-21T09:30:00Z,LINK/USDT,buy,15.80790000,46.24547276,0.73104381,USDT
2024-01-21T11:30:00Z,LINK/USDT,sell,15.75012100,46.24547276,0.72837179,USDT
2024-01-22T05:15:00Z,LINK/USDT,buy,15.73886550,46.524798,0.73224754,USDT
2024-01-22T07:30:00Z,LINK/USDT,sell,15.65316950,46.524798,0.72826055,USDT
2024-01-24T10:45:00Z,LINK/USDT,buy,14.38218750,50.85948513,0.73147065,USDT
2024-01-24T11:30:00Z,LINK/USDT,sell,14.27985650,50.85948513,0.72626615,USDT
2024-01-25T00:00:00Z,LINK/USDT,buy,14.19109200,51.18601536,0.72638545,USDT
2024-01-25T00:00:00Z,LINK/USDT,stop_sell,14.17690800,51.18601536,0.72565943,USDT
2024-01-25T21:15:00Z,LINK/USDT,buy,13.83891600,52.73875098,0.72984714,USDT
2024-01-25T21:45:00Z,LINK/USDT,sell,13.77510900,52.73875098,0.72648204,USDT
2024-01-26T02:00:00Z,LINK/USDT,buy,13.84992150,52.66897993,0.72946124,USDT
2024-01-26T04:00:00Z,LINK/USDT,sell,13.84807250,52.66897993,0.72936385,USDT
2024-01-26T10:45:00Z,LINK/USDT,buy,13.96998150,51.98033317,0.72616429,USDT
2024-01-26T13:00:00Z,LINK/USDT,sell,14.07296000,51.98033317,0.73151715,USDT
2024-01-26T16:15:00Z,LINK/USDT,buy,14.23011150,51.23893813,0.72913580,USDT
2024-01-26T17:30:00Z,LINK/USDT,sell,14.16191550,51.23893813,0.72564151,USDT
2024-01-27T00:15:00Z,LINK/USDT,buy,14.25212250,51.16798041,0.72925232,USDT
2024-01-27T00:45:00Z,LINK/USDT,stop_sell,14.20050334,51.16798041,0.72661108,USDT
2024-01-27T04:15:00Z,LINK/USDT,buy,14.29614450,50.89842895,0.72765130,USDT
2024-01-27T05:00:00Z,LINK/USDT,stop_sell,14.27685800,50.89842895,0.72666964,USDT
2024-01-27T12:00:00Z,LINK/USDT,buy,14.25112200,51.13488024,0.72872942,USDT
2024-01-27T12:15:00Z,LINK/USDT,stop_sell,14.20218107,51.13488024,0.72622683,USDT
2024-01-27T14:45:00Z,LINK/USDT,buy,14.28313800,50.99451079,0.72836163,USDT
2024-01-27T16:00:00Z,LINK/USDT,sell,14.30584350,50.99451079,0.72951949,USDT
2024-01-27T18:45:00Z,LINK/USDT,buy,14.30815050,50.74756925,0.72610386,USDT
2024-01-27T18:45:00Z,LINK/USDT,stop_sell,14.29384950,50.74756925,0.72537812,USDT
2024-01-28T01:30:00Z,LINK/USDT,buy,14.42020650,50.54517019,0.72887179,USDT
2024-01-28T01:30:00Z,LINK/USDT,stop_sell,14.36003068,50.54517019,0.72583019,USDT
2024-01-28T03:30:00Z,LINK/USDT,buy,14.45322300,50.39420523,0.72835869,USDT
2024-01-28T05:45:00Z,LINK/USDT,sell,14.50574350,50.39420523,0.73100541,USDT
2024-01-29T01:15:00Z,LINK/USDT,buy,14.67533400,49.6882972,0.72919236,USDT
2024-01-29T04:00:00Z,LINK/USDT,sell,14.70664300,49.6882972,0.73074805,USDT
2024-01-29T16:00:00Z,LINK/USDT,buy,14.66332800,49.55008145,0.72656910,USDT
2024-01-29T21:45:00Z,LINK/USDT,sell,14.95751750,49.55008145,0.74114621,USDT
2024-01-30T01:45:00Z,LINK/USDT,buy,15.08053650,48.33447083,0.72890975,USDT
2024-01-30T02:15:00Z,LINK/USDT,stop_sell,15.00513654,48.33447083,0.72526533,USDT
2024-01-30T02:45:00Z,LINK/USDT,buy,15.09454350,48.26899055,0.72859838,USDT
2024-01-30T03:00:00Z,LINK/USDT,stop_sell,15.00349450,48.26899055,0.72420353,USDT
2024-01-30T09:15:00Z,LINK/USDT,buy,15.09454350,48.23798295,0.72813033,USDT
2024-01-30T12:30:00Z,LINK/USDT,sell,15.06246500,48.23798295,0.72658293,USDT
2024-01-30T15:45:00Z,LINK/USDT,buy,15.40770000,47.24196621,0.72789004,USDT
2024-01-30T19:15:00Z,LINK/USDT,sell,15.59220000,47.24196621,0.73660619,USDT
2024-01-31T02:30:00Z,LINK/USDT,buy,15.79489350,46.08268426,0.72787109,USDT
2024-01-31T05:30:00Z,LINK/USDT,sell,15.85406900,46.08268426,0.73059806,USDT
2024-01-31T19:45:00Z,LINK/USDT,buy,15.79789500,45.96981826,0.72622636,USDT
2024-01-31T20:00:00Z,LINK/USDT,stop_sell,15.69557686,45.96981826,0.72152282,USDT
2024-02-01T06:45:00Z,LINK/USDT,buy,15.70284750,46.38086599,0.72831167,USDT
2024-02-01T08:30:00Z,LINK/USDT,stop_sell,15.55686054,46.38086599,0.72154066,USDT
2024-02-01T12:30:00Z,LINK/USDT,buy,15.87493350,45.85670887,0.72797220,USDT
2024-02-01T13:00:00Z,LINK/USDT,stop_sell,15.73859106,45.85670887,0.72171999,USDT
2024-02-01T13:30:00Z,LINK/USDT,buy,16.06402800,45.27810811,0.72734880,USDT
2024-02-01T18:45:00Z,LINK/USDT,sell,16.72463350,45.27810811,0.75725976,USDT
2024-02-01T20:15:00Z,LINK/USDT,buy,16.96848000,42.84045122,0.72693734,USDT
2024-02-01T22:30:00Z,LINK/USDT,sell,17.10144500,42.84045122,0.73263362,USDT
2024-02-02T00:15:00Z,LINK/USDT,buy,17.48874000,41.73421558,0.72987885,USDT
2024-02-02T03:30:00Z,LINK/USDT,sell,17.69115000,41.73421558,0.73832627,USDT
2024-02-02T04:30:00Z,LINK/USDT,buy,18.13206150,40.23676994,0.72957559,USDT
2024-02-02T04:45:00Z,LINK/USDT,stop_sell,17.87238077,40.23676994,0.71912687,USDT
2024-02-02T14:00:00Z,LINK/USDT,buy,17.95097100,40.41384116,0.72546769,USDT
2024-02-02T14:15:00Z,LINK/USDT,sell,17.93202950,40.41384116,0.72470219,USDT
2024-02-02T15:15:00Z,LINK/USDT,buy,18.38118600,39.76876856,0.73099713,USDT
2024-02-02T18:15:00Z,LINK/USDT,sell,18.44677200,39.76876856,0.73360541,USDT
2024-02-03T08:45:00Z,LINK/USDT,buy,17.89494300,40.72758658,0.72881784,USDT
2024-02-03T10:30:00Z,LINK/USDT,sell,17.85806650,40.72758658,0.72731595,USDT
2024-02-04T09:45:00Z,LINK/USDT,buy,17.90494800,40.72346404,0.72915151,USDT
2024-02-04T13:00:00Z,LINK/USDT,sell,18.09294900,40.72346404,0.73680756,USDT
2024-02-04T18:00:00Z,LINK/USDT,buy,18.51025050,39.50321744,0.73121445,USDT
2024-02-04T18:30:00Z,LINK/USDT,sell,18.31383850,39.50321744,0.72345554,USDT
2024-02-04T21:45:00Z,LINK/USDT,buy,18.60029550,39.11977626,0.72763940,USDT
2024-02-04T22:15:00Z,LINK/USDT,stop_sell,18.38594529,39.11977626,0.71925407,USDT
2024-02-05T04:30:00Z,LINK/USDT,buy,18.75937500,38.78990387,0.72767435,USDT
2024-02-05T05:15:00Z,LINK/USDT,stop_sell,18.52973050,38.78990387,0.71876646,USDT
2024-02-05T10:00:00Z,LINK/USDT,buy,18.95947500,38.33679954,0.72684559,USDT
2024-02-05T14:00:00Z,LINK/USDT,sell,19.44827100,38.33679954,0.74558447,USDT
2024-02-06T01:15:00Z,LINK/USDT,buy,19.19759400,37.93327428,0.72822760,USDT
2024-02-06T01:45:00Z,LINK/USDT,sell,19.11143950,37.93327428,0.72495948,USDT
2024-02-07T16:45:00Z,LINK/USDT,buy,18.52325700,39.2471926,0.72698584,USDT
2024-02-07T18:00:00Z,LINK/USDT,sell,18.63367850,39.2471926,0.73131957,USDT
2024-02-07T23:15:00Z,LINK/USDT,buy,19.01350200,38.26861571,0.72762040,USDT
2024-02-07T23:45:00Z,LINK/USDT,stop_sell,18.88451731,38.26861571,0.72268434,USDT
2024-02-08T05:15:00Z,LINK/USDT,buy,18.90844950,38.50498183,0.72806950,USDT
2024-02-08T08:15:00Z,LINK/USDT,sell,19.03247900,38.50498183,0.73284526,USDT
2024-02-09T03:00:00Z,LINK/USDT,buy,18.54326700,39.35249778,0.72972387,USDT
2024-02-09T03:15:00Z,LINK/USDT,stop_sell,18.36816846,39.35249778,0.72283331,USDT
2024-02-10T18:15:00Z,LINK/USDT,buy,18.50824950,39.31639209,0.72767759,USDT
2024-02-10T22:45:00Z,LINK/USDT,sell,18.61768650,39.31639209,0.73198026,USDT
2024-02-10T23:15:00Z,LINK/USDT,buy,18.84942000,38.63483181,0.72824417,USDT
2024-02-11T09:45:00Z,LINK/USDT,sell,20.33282850,38.63483181,0.78555541,USDT
2024-02-11T11:00:00Z,LINK/USDT,buy,20.66032500,35.42344116,0.73185981,USDT
2024-02-11T12:00:00Z,LINK/USDT,stop_sell,20.47068811,35.42344116,0.72514222,USDT
2024-02-11T19:45:00Z,LINK/USDT,buy,20.30414700,35.94884862,0.72991071,USDT
2024-02-11T20:45:00Z,LINK/USDT,sell,20.20589200,35.94884862,0.72637855,USDT
2024-02-12T00:15:00Z,LINK/USDT,buy,20.49024000,35.81471032,0.73385201,USDT
2024-02-12T01:30:00Z,LINK/USDT,stop_sell,20.22673871,35.81471032,0.72441479,USDT
2024-02-12T11:00:00Z,LINK/USDT,buy,20.42620800,35.64090757,0.72800859,USDT
2024-02-12T11:00:00Z,LINK/USDT,stop_sell,20.32740264,35.64090757,0.72448708,USDT
2024-02-12T12:15:00Z,LINK/USDT,buy,20.68233600,35.33663471,0.73084415,USDT
2024-02-12T12:30:00Z,LINK/USDT,stop_sell,20.43077950,35.33663471,0.72195499,USDT
2024-02-12T17:45:00Z,LINK/USDT,buy,20.70934950,35.18740521,0.72870827,USDT
2024-02-12T20:15:00Z,LINK/USDT,sell,20.68765100,35.18740521,0.72794476,USDT
2024-02-13T23:45:00Z,LINK/USDT,buy,19.90194600,36.60599674,0.72853057,USDT
2024-02-14T00:15:00Z,LINK/USDT,stop_sell,19.79209900,36.60599674,0.72450951,USDT
2024-02-14T01:15:00Z,LINK/USDT,buy,20.02500750,36.35915859,0.72809242,USDT
2024-02-14T04:30:00Z,LINK/USDT,sell,20.03197900,36.35915859,0.72834590,USDT
2024-02-14T09:15:00Z,LINK/USDT,buy,20.27813400,35.79634587,0.72588310,USDT
2024-02-14T09:15:00Z,LINK/USDT,stop_sell,20.22056323,35.79634587,0.72382228,USDT
2024-02-14T22:00:00Z,LINK/USDT,buy,20.37518250,35.72979713,0.72800114,USDT
2024-02-14T22:30:00Z,LINK/USDT,stop_sell,20.27585700,35.72979713,0.72445226,USDT
2024-02-15T10:30:00Z,LINK/USDT,buy,20.15407200,35.94498484,0.72443781,USDT
2024-02-15T10:30:00Z,LINK/USDT,stop_sell,20.13392800,35.94498484,0.72371374,USDT
2024-02-16T04:30:00Z,LINK/USDT,buy,20.06902950,36.18689481,0.72623586,USDT
2024-02-16T07:00:00Z,LINK/USDT,sell,20.10394300,36.18689481,0.72749927,USDT
2024-02-16T13:00:00Z,LINK/USDT,buy,20.13006000,36.12318551,0.72716189,USDT
2024-02-16T13:30:00Z,LINK/USDT,stop_sell,20.02369743,36.12318551,0.72331974,USDT
2024-02-17T07:30:00Z,LINK/USDT,buy,19.57078050,37.13009705,0.72666498,USDT
2024-02-17T08:30:00Z,LINK/USDT,stop_sell,19.50524250,37.13009705,0.72423155,USDT
2024-02-17T12:30:00Z,LINK/USDT,buy,19.72485750,36.9141861,0.72812706,USDT
2024-02-17T13:15:00Z,LINK/USDT,stop_sell,19.56103602,36.9141861,0.72207972,USDT
2024-02-17T17:15:00Z,LINK/USDT,buy,19.85992500,36.55471951,0.72597399,USDT
2024-02-17T23:15:00Z,LINK/USDT,sell,20.11393800,36.55471951,0.73525936,USDT
2024-02-19T16:30:00Z,LINK/USDT,buy,20.06202600,36.31361108,0.72852461,USDT
2024-02-19T16:45:00Z,LINK/USDT,stop_sell,19.85892271,36.31361108,0.72114920,USDT
2024-02-20T21:30:00Z,LINK/USDT,buy,19.29164100,37.5984,0.72533483,USDT
2024-02-20T23:45:00Z,LINK/USDT,sell,19.32033500,37.5984,0.72641368,USDT
2024-02-22T07:45:00Z,LINK/USDT,buy,18.77238150,38.66097228,0.72575852,USDT
2024-02-22T10:30:00Z,LINK/USDT,sell,18.80259400,38.66097228,0.72692657,USDT
2024-02-23T15:00:00Z,LINK/USDT,buy,17.99599350,40.30540315,0.72533577,USDT
2024-02-23T15:15:00Z,LINK/USDT,stop_sell,17.85107000,40.30540315,0.71949457,USDT
2024-02-23T20:15:00Z,LINK/USDT,buy,18.18808950,39.83470825,0.72451724,USDT
2024-02-23T22:00:00Z,LINK/USDT,sell,18.10294400,39.83470825,0.72112549,USDT
2024-02-24T05:00:00Z,LINK/USDT,buy,18.29114100,39.63479377,0.72496560,USDT
2024-02-24T07:00:00Z,LINK/USDT,sell,18.26586250,39.63479377,0.72396369,USDT
2024-02-24T07:45:00Z,LINK/USDT,buy,18.44021550,39.30788129,0.72484580,USDT
2024-02-24T11:00:00Z,LINK/USDT,sell,18.39080000,39.30788129,0.72290338,USDT
2024-02-24T17:45:00Z,LINK/USDT,buy,18.46622850,39.30382666,0.72579344,USDT
2024-02-24T21:15:00Z,LINK/USDT,sell,18.42078500,39.30382666,0.72400734,USDT
2024-02-24T22:00:00Z,LINK/USDT,buy,18.55927500,39.0586043,0.72489938,USDT
2024-02-24T23:15:00Z,LINK/USDT,sell,18.45776650,39.0586043,0.72093460,USDT
2024-02-25T00:45:00Z,LINK/USDT,buy,18.59729400,38.90503842,0.72352844,USDT
2024-02-25T01:00:00Z,LINK/USDT,stop_sell,18.52366211,38.90503842,0.72066379,USDT
2024-02-25T02:15:00Z,LINK/USDT,buy,18.66632850,38.74475486,0.72322232,USDT
2024-02-25T02:30:00Z,LINK/USDT,stop_sell,18.58905796,38.74475486,0.72022849,USDT
2024-02-25T13:00:00Z,LINK/USDT,buy,18.71735400,38.58714759,0.72224930,USDT
2024-02-25T14:00:00Z,LINK/USDT,stop_sell,18.64467300,38.58714759,0.71944475,USDT
2024-02-25T14:15:00Z,LINK/USDT,buy,18.75637350,38.53607261,0.72279697,USDT
2024-02-25T15:30:00Z,LINK/USDT,stop_sell,18.66216425,38.53607261,0.71916652,USDT
2024-02-26T15:30:00Z,LINK/USDT,buy,18.81240150,38.41805979,0.72273597,USDT
2024-02-26T19:00:00Z,LINK/USDT,sell,18.91453800,38.41805979,0.72665985,USDT
2024-02-26T19:45:00Z,LINK/USDT,buy,19.13556300,37.7948605,0.72322593,USDT
2024-02-26T21:00:00Z,LINK/USDT,sell,19.09045000,37.7948605,0.72152089,USDT
2024-02-27T02:45:00Z,LINK/USDT,buy,19.20059550,37.60448374,0.72202848,USDT
2024-02-27T03:45:00Z,LINK/USDT,stop_sell,19.08127602,37.60448374,0.71754153,USDT
2024-02-28T08:00:00Z,LINK/USDT,buy,19.00149600,37.91564724,0.72045402,USDT
2024-02-28T12:00:00Z,LINK/USDT,sell,19.25236900,37.91564724,0.72996603,USDT
2024-02-28T14:15:00Z,LINK/USDT,buy,20.09004000,35.89271809,0.72108614,USDT
2024-02-28T14:15:00Z,LINK/USDT,stop_sell,19.78770834,35.89271809,0.71023464,USDT
2024-02-29T00:30:00Z,LINK/USDT,buy,19.55677350,36.98783044,0.72336262,USDT
2024-02-29T02:45:00Z,LINK/USDT,sell,19.48025500,36.98783044,0.72053237,USDT
2024-02-29T05:15:00Z,LINK/USDT,buy,19.77788400,36.48910643,0.72167731,USDT
2024-02-29T07:30:00Z,LINK/USDT,sell,19.86606200,36.48910643,0.72489485,USDT
2024-03-01T23:30:00Z,LINK/USDT,buy,20.04201600,35.97521829,0.72101590,USDT
2024-03-02T01:30:00Z,LINK/USDT,sell,20.06096450,35.97521829,0.72169758,USDT
2024-03-02T01:45:00Z,LINK/USDT,buy,20.30814900,35.50077297,0.72095499,USDT
2024-03-02T08:15:00Z,LINK/USDT,sell,21.05746600,35.50077297,0.74755632,USDT
2024-03-02T16:30:00Z,LINK/USDT,buy,21.24661800,33.9378788,0.72106515,USDT
2024-03-02T18:00:00Z,LINK/USDT,sell,21.29934500,33.9378788,0.72285459,USDT
2024-03-03T01:15:00Z,LINK/USDT,buy,21.47973450,33.59364778,0.72158264,USDT
2024-03-03T01:15:00Z,LINK/USDT,stop_sell,21.33779006,33.59364778,0.71681420,USDT
2024-03-04T00:30:00Z,LINK/USDT,buy,20.74536750,34.82693084,0.72249748,USDT
2024-03-04T00:45:00Z,LINK/USDT,stop_sell,20.60233654,34.82693084,0.71751615,USDT
2024-03-04T08:45:00Z,LINK/USDT,buy,20.70334650,34.88122117,0.72215801,USDT
2024-03-04T09:00:00Z,LINK/USDT,stop_sell,20.55643093,34.88122117,0.71703341,USDT
2024-03-04T09:45:00Z,LINK/USDT,buy,20.66632800,34.79864881,0.71916029,USDT
2024-03-04T10:00:00Z,LINK/USDT,stop_sell,20.56706846,34.79864881,0.71570619,USDT
2024-03-04T23:15:00Z,LINK/USDT,buy,20.53726350,35.08794954,0.72061047,USDT
2024-03-04T23:15:00Z,LINK/USDT,stop_sell,20.41011127,35.08794954,0.71614895,USDT
2024-03-05T05:45:00Z,LINK/USDT,buy,20.86142550,34.54197026,0.72059474,USDT
2024-03-05T07:30:00Z,LINK/USDT,sell,20.56771100,34.54197026,0.71044926,USDT
2024-03-06T08:30:00Z,LINK/USDT,buy,19.60279650,36.71252489,0.71966815,USDT
2024-03-06T08:30:00Z,LINK/USDT,stop_sell,19.42663896,36.71252489,0.71320097,USDT
2024-03-06T17:45:00Z,LINK/USDT,buy,19.69284150,36.5478283,0.71973059,USDT
2024-03-06T22:45:00Z,LINK/USDT,sell,19.92103450,36.5478283,0.72807055,USDT
2024-03-07T00:45:00Z,LINK/USDT,buy,20.23011000,35.59652899,0.72012170,USDT
2024-03-07T02:15:00Z,LINK/USDT,stop_sell,20.03972512,35.59652899,0.71334466,USDT
2024-03-08T01:00:00Z,LINK/USDT,buy,20.25512250,35.49901332,0.71903686,USDT
2024-03-08T01:30:00Z,LINK/USDT,stop_sell,20.13217888,35.49901332,0.71467249,USDT
2024-03-08T12:00:00Z,LINK/USDT,buy,19.98898950,35.94130034,0.71843028,USDT
2024-03-08T12:00:00Z,LINK/USDT,stop_sell,19.90254375,35.94130034,0.71532330,USDT
2024-03-08T12:15:00Z,LINK/USDT,buy,20.01800400,35.87822657,0.71821048,USDT
2024-03-08T13:30:00Z,LINK/USDT,sell,19.94202400,35.87822657,0.71548446,USDT
2024-03-08T15:00:00Z,LINK/USDT,buy,20.09604300,35.58234028,0.71506424,USDT
2024-03-08T15:00:00Z,LINK/USDT,stop_sell,20.01034696,35.58234028,0.71201497,USDT
2024-03-09T01:00:00Z,LINK/USDT,buy,19.82290650,36.20748522,0.71773759,USDT
2024-03-09T01:45:00Z,LINK/USDT,stop_sell,19.70724859,36.20748522,0.71354991,USDT
2024-03-09T03:45:00Z,LINK/USDT,buy,19.94696850,35.94339769,0.71696182,USDT
2024-03-09T05:15:00Z,LINK/USDT,sell,19.98900050,35.94339769,0.71847259,USDT
2024-03-09T12:45:00Z,LINK/USDT,buy,20.12205600,35.63094405,0.71696785,USDT
2024-03-09T13:00:00Z,LINK/USDT,stop_sell,20.00267223,35.63094405,0.71271410,USDT
2024-03-09T15:15:00Z,LINK/USDT,buy,20.20909950,35.45496667,0.71651295,USDT
2024-03-09T16:15:00Z,LINK/USDT,stop_sell,20.07185191,35.45496667,0.71164684,USDT
2024-03-10T07:45:00Z,LINK/USDT,buy,19.98298650,35.83632099,0.71611672,USDT
2024-03-10T09:15:00Z,LINK/USDT,sell,19.91004000,35.83632099,0.71350258,USDT
2024-03-10T21:45:00Z,LINK/USDT,buy,20.02200600,35.74851724,0.71575703,USDT
2024-03-11T01:45:00Z,LINK/USDT,sell,21.21738600,35.74851724,0.75849009,USDT
2024-03-13T02:30:00Z,LINK/USDT,buy,20.81340150,34.54114565,0.71891873,USDT
2024-03-13T03:45:00Z,LINK/USDT,sell,20.69564700,34.54114565,0.71485136,USDT
2024-03-13T22:15:00Z,LINK/USDT,buy,20.55627300,34.96535752,0.71875743,USDT
2024-03-14T01:00:00Z,LINK/USDT,sell,20.60269350,34.96535752,0.72038054,USDT
2024-03-14T08:45:00Z,LINK/USDT,buy,20.77538250,34.65896927,0.72005334,USDT
2024-03-14T11:15:00Z,LINK/USDT,sell,21.00549200,34.65896927,0.72802870,USDT
2024-03-14T12:15:00Z,LINK/USDT,buy,21.89694300,32.78108749,0.71780560,USDT
2024-03-14T12:30:00Z,LINK/USDT,stop_sell,21.58034729,32.78108749,0.70742725,USDT
2024-03-15T19:00:00Z,LINK/USDT,buy,19.78888950,36.29005797,0.71813995,USDT
2024-03-15T19:30:00Z,LINK/USDT,stop_sell,19.57645688,36.29005797,0.71043076,USDT
2024-03-17T15:45:00Z,LINK/USDT,buy,18.57528300,38.64248952,0.71779518,USDT
2024-03-17T17:00:00Z,LINK/USDT,sell,18.50674200,38.64248952,0.71514658,USDT
2024-03-17T20:00:00Z,LINK/USDT,buy,18.66732900,38.35207152,0.71593074,USDT
2024-03-17T21:15:00Z,LINK/USDT,sell,18.64067500,38.35207152,0.71490850,USDT
2024-03-18T07:15:00Z,LINK/USDT,buy,19.35867450,37.04323355,0.71710790,USDT
2024-03-18T08:00:00Z,LINK/USDT,stop_sell,19.19507623,37.04323355,0.71104769,USDT
2024-03-19T13:30:00Z,LINK/USDT,buy,17.77188150,40.2976583,0.71616521,USDT
2024-03-19T14:15:00Z,LINK/USDT,stop_sell,17.50438629,40.2976583,0.70538578,USDT
2024-03-20T12:00:00Z,LINK/USDT,buy,17.38368750,40.99496094,0.71264359,USDT
2024-03-20T15:30:00Z,LINK/USDT,sell,17.46026550,40.99496094,0.71578290,USDT
2024-03-21T01:30:00Z,LINK/USDT,buy,18.39419250,38.88889437,0.71532981,USDT
2024-03-21T01:45:00Z,LINK/USDT,sell,18.30584250,38.88889437,0.71189398,USDT
2024-03-21T03:45:00Z,LINK/USDT,buy,18.38118600,38.6951784,0.71126327,USDT
2024-03-21T03:45:00Z,LINK/USDT,stop_sell,18.35099848,38.6951784,0.71009516,USDT
2024-03-21T13:15:00Z,LINK/USDT,buy,18.38818950,38.88819395,0.71508348,USDT
2024-03-21T16:00:00Z,LINK/USDT,sell,18.37380850,38.88819395,0.71452423,USDT
2024-03-22T19:45:00Z,LINK/USDT,buy,18.15907500,39.45504992,0.71646721,USDT
2024-03-22T21:00:00Z,LINK/USDT,sell,17.99000050,39.45504992,0.70979637,USDT
2024-03-23T07:30:00Z,LINK/USDT,buy,18.43821450,38.73044502,0.71412025,USDT
2024-03-23T08:30:00Z,LINK/USDT,sell,18.30084500,38.73044502,0.70879987,USDT
2024-03-24T12:30:00Z,LINK/USDT,buy,18.37218150,38.84874686,0.71373623,USDT
2024-03-24T13:15:00Z,LINK/USDT,stop_sell,18.29534775,38.84874686,0.71075133,USDT
2024-03-24T21:45:00Z,LINK/USDT,buy,18.35017050,38.7957163,0.71190801,USDT
2024-03-25T00:15:00Z,LINK/USDT,sell,18.44877100,38.7957163,0.71573329,USDT
2024-03-25T05:30:00Z,LINK/USDT,buy,18.87443250,37.79809714,0.71341763,USDT
2024-03-25T06:30:00Z,LINK/USDT,stop_sell,18.75708106,37.79809714,0.70898197,USDT
2024-03-25T12:15:00Z,LINK/USDT,buy,19.01050050,37.43586726,0.71167457,USDT
2024-03-25T12:30:00Z,LINK/USDT,stop_sell,18.90889796,37.43586726,0.70787099,USDT
2024-03-25T14:45:00Z,LINK/USDT,buy,19.18458750,37.11555361,0.71204659,USDT
2024-03-25T18:30:00Z,LINK/USDT,sell,19.34832100,37.11555361,0.71812365,USDT
2024-03-26T02:45:00Z,LINK/USDT,buy,19.72585800,36.127517,0.71264627,USDT
2024-03-26T08:00:00Z,LINK/USDT,sell,19.83407800,36.127517,0.71655599,USDT
2024-03-26T09:30:00Z,LINK/USDT,buy,20.13006000,35.38927421,0.71238821,USDT
2024-03-26T13:00:00Z,LINK/USDT,sell,20.39079950,35.38927421,0.72161559,USDT
2024-03-26T21:45:00Z,LINK/USDT,buy,20.03801400,35.61477304,0.71364932,USDT
2024-03-26T22:00:00Z,LINK/USDT,stop_sell,19.88851506,35.61477304,0.70832495,USDT
2024-03-27T13:15:00Z,LINK/USDT,buy,19.91395200,35.8095341,0.71310934,USDT
2024-03-27T13:30:00Z,LINK/USDT,stop_sell,19.80023779,35.8095341,0.70903729,USDT
2024-03-28T09:15:00Z,LINK/USDT,buy,19.68183600,36.11770768,0.71086280,USDT
2024-03-28T10:15:00Z,LINK/USDT,stop_sell,19.62196982,36.11770768,0.70870057,USDT
2024-03-29T13:45:00Z,LINK/USDT,buy,19.08954000,37.25743746,0.71122734,USDT
2024-03-29T15:30:00Z,LINK/USDT,sell,19.03747650,37.25743746,0.70928759,USDT
2024-03-30T05:15:00Z,LINK/USDT,buy,19.06752900,37.25506757,0.71036208,USDT
2024-03-30T05:15:00Z,LINK/USDT,stop_sell,19.03804764,37.25506757,0.70926375,USDT
2024-03-30T11:15:00Z,LINK/USDT,buy,19.18858950,37.10082014,0.71191241,USDT
2024-03-30T13:45:00Z,LINK/USDT,sell,19.25236900,37.10082014,0.71427868,USDT
2024-03-31T06:15:00Z,LINK/USDT,buy,19.34066550,36.8682953,0.71305737,USDT
2024-03-31T07:00:00Z,LINK/USDT,stop_sell,19.20282236,36.8682953,0.70797533,USDT
2024-04-02T22:45:00Z,LINK/USDT,buy,18.08904000,39.33139325,0.71146715,USDT
2024-04-02T23:45:00Z,LINK/USDT,sell,17.95701700,39.33139325,0.70627450,USDT
2024-04-03T08:45:00Z,LINK/USDT,buy,18.24912000,38.95738809,0.71093805,USDT
2024-04-03T09:15:00Z,LINK/USDT,stop_sell,18.10494300,38.95738809,0.70532129,USDT
2024-04-04T07:15:00Z,LINK/USDT,buy,17.95497300,39.54001878,0.70993997,USDT
2024-04-04T07:45:00Z,LINK/USDT,stop_sell,17.84146766,39.54001878,0.70545197,USDT
2024-04-04T13:00:00Z,LINK/USDT,buy,17.97398250,39.49612278,0.70990262,USDT
2024-04-04T14:30:00Z,LINK/USDT,sell,18.01698700,39.49612278,0.71160113,USDT
2024-04-04T18:00:00Z,LINK/USDT,buy,18.19509300,39.01737635,0.70992479,USDT
2024-04-04T18:00:00Z,LINK/USDT,stop_sell,18.11479521,39.01737635,0.70679178,USDT
2024-04-04T18:15:00Z,LINK/USDT,buy,18.16507800,38.97807245,0.70803973,USDT
2024-04-04T18:15:00Z,LINK/USDT,stop_sell,18.10890531,38.97807245,0.70585022,USDT
2024-04-05T14:45:00Z,LINK/USDT,buy,17.42570850,40.72835555,0.70972045,USDT
2024-04-05T16:45:00Z,LINK/USDT,sell,17.40429350,40.72835555,0.70884825,USDT
2024-04-06T09:15:00Z,LINK/USDT,buy,17.57578350,40.3102318,0.70848391,USDT
2024-04-06T09:30:00Z,LINK/USDT,stop_sell,17.51223950,40.3102318,0.70592243,USDT
2024-04-06T11:45:00Z,LINK/USDT,buy,17.63381250,40.22350812,0.70929380,USDT
2024-04-06T12:15:00Z,LINK/USDT,stop_sell,17.56421350,40.22350812,0.70649428,USDT
2024-04-06T23:00:00Z,LINK/USDT,buy,17.58178650,40.30276059,0.70859453,USDT
2024-04-07T00:00:00Z,LINK/USDT,stop_sell,17.53183684,40.30276059,0.70658142,USDT
2024-04-07T02:15:00Z,LINK/USDT,buy,17.71585350,39.97768641,0.70823884,USDT
2024-04-07T05:15:00Z,LINK/USDT,sell,17.70914100,39.97768641,0.70797049,USDT
2024-04-07T13:00:00Z,LINK/USDT,buy,17.79389250,39.76568741,0.70758637,USDT
2024-04-07T13:00:00Z,LINK/USDT,stop_sell,17.75850916,39.76568741,0.70617932,USDT
2024-04-07T13:15:00Z,LINK/USDT,buy,17.80789950,39.74630645,0.70779823,USDT
2024-04-07T13:30:00Z,LINK/USDT,stop_sell,17.76097221,39.74630645,0.70593304,USDT
2024-04-08T07:45:00Z,LINK/USDT,buy,17.85992550,39.64914752,0.70813082,USDT
2024-04-08T12:45:00Z,LINK/USDT,sell,18.46276400,39.64914752,0.73203285,USDT
2024-04-09T20:30:00Z,LINK/USDT,buy,17.62680900,40.21207785,0.70881062,USDT
2024-04-09T21:00:00Z,LINK/USDT,stop_sell,17.55268356,40.21207785,0.70582988,USDT
2024-04-10T22:15:00Z,LINK/USDT,buy,17.49974550,40.54629023,0.70954976,USDT
2024-04-10T22:30:00Z,LINK/USDT,stop_sell,17.39729700,40.54629023,0.70539585,USDT
2024-04-11T07:15:00Z,LINK/USDT,buy,17.53576350,40.39137661,0.70829363,USDT
2024-04-11T08:00:00Z,LINK/USDT,stop_sell,17.49082164,40.39137661,0.70647836,USDT
2024-04-11T09:00:00Z,LINK/USDT,buy,17.52976050,40.23436222,0.70529873,USDT
2024-04-11T09:00:00Z,LINK/USDT,stop_sell,17.51223950,40.23436222,0.70459379,USDT
2024-04-11T20:30:00Z,LINK/USDT,buy,17.61280200,40.27739678,0.70939781,USDT
2024-04-11T21:15:00Z,LINK/USDT,stop_sell,17.48610971,40.27739678,0.70429498,USDT
2024-04-12T00:30:00Z,LINK/USDT,buy,17.65682400,40.07440469,0.70758671,USDT
2024-04-12T03:00:00Z,LINK/USDT,sell,17.74812150,40.07440469,0.71124540,USDT
2024-04-14T05:30:00Z,LINK/USDT,buy,13.64181750,51.8897002,0.70786982,USDT
2024-04-14T09:15:00Z,LINK/USDT,sell,13.78010650,51.8897002,0.71504560,USDT
2024-04-14T16:30:00Z,LINK/USDT,buy,13.77788550,51.29139276,0.70668694,USDT
2024-04-14T17:00:00Z,LINK/USDT,sell,13.73712800,51.29139276,0.70459643,USDT
2024-04-14T22:15:00Z,LINK/USDT,buy,13.91395350,50.88030259,0.70794616,USDT
2024-04-15T00:30:00Z,LINK/USDT,sell,13.96201550,50.88030259,0.71039157,USDT
2024-04-17T10:00:00Z,LINK/USDT,buy,13.54476900,52.12304146,0.70599456,USDT
2024-04-17T10:00:00Z,LINK/USDT,stop_sell,13.50006802,52.12304146,0.70366461,USDT
2024-04-17T10:30:00Z,LINK/USDT,buy,13.55577450,52.07032499,0.70585358,USDT
2024-04-17T10:45:00Z,LINK/USDT,stop_sell,13.48625350,52.07032499,0.70223360,USDT
2024-04-18T03:15:00Z,LINK/USDT,buy,13.32866100,53.09599096,0.70769846,USDT
2024-04-18T05:00:00Z,LINK/USDT,sell,13.22838250,53.09599096,0.70237408,USDT
2024-04-18T11:30:00Z,LINK/USDT,buy,13.46873100,52.50348293,0.70715529,USDT
2024-04-18T12:00:00Z,LINK/USDT,stop_sell,13.31965827,52.50348293,0.69932845,USDT
2024-04-18T14:15:00Z,LINK/USDT,buy,13.48874100,52.34354674,0.70604854,USDT
2024-04-18T17:15:00Z,LINK/USDT,sell,13.52723300,52.34354674,0.70806335,USDT
2024-04-18T20:30:00Z,LINK/USDT,buy,13.70685000,51.57814462,0.70697389,USDT
2024-04-19T00:15:00Z,LINK/USDT,sell,13.77710800,51.57814462,0.71059767,USDT
2024-04-19T07:00:00Z,LINK/USDT,buy,13.85692500,50.99474459,0.70663035,USDT
2024-04-19T07:30:00Z,LINK/USDT,stop_sell,13.63946257,50.99474459,0.69554091,USDT
2024-04-19T21:45:00Z,LINK/USDT,buy,13.97098200,50.39468976,0.70406330,USDT
2024-04-19T23:00:00Z,LINK/USDT,stop_sell,13.91707369,50.39468976,0.70134661,USDT
2024-04-20T01:45:00Z,LINK/USDT,buy,14.03901600,50.06331904,0.70283974,USDT
2024-04-20T04:00:00Z,LINK/USDT,sell,13.92803250,50.06331904,0.69728353,USDT
2024-04-20T07:45:00Z,LINK/USDT,buy,14.04702000,50.11636148,0.70398553,USDT
2024-04-20T08:00:00Z,LINK/USDT,stop_sell,13.99739066,50.11636148,0.70149829,USDT
2024-04-20T11:45:00Z,LINK/USDT,buy,14.11605450,49.89883202,0.70437463,USDT
2024-04-20T22:15:00Z,LINK/USDT,sell,14.94552350,49.89883202,0.74576417,USDT
2024-04-21T02:45:00Z,LINK/USDT,buy,14.96948100,46.92766726,0.70248282,USDT
2024-04-21T02:45:00Z,LINK/USDT,stop_sell,14.95451900,46.92766726,0.70178069,USDT
2024-04-21T21:00:00Z,LINK/USDT,buy,14.95747500,47.33439609,0.70800305,USDT
2024-04-21T22:00:00Z,LINK/USDT,stop_sell,14.85456900,47.33439609,0.70313205,USDT
2024-04-21T23:15:00Z,LINK/USDT,buy,15.07053150,46.88000649,0.70650661,USDT
2024-04-22T07:15:00Z,LINK/USDT,sell,15.63717750,46.88000649,0.73307098,USDT
2024-04-22T18:30:00Z,LINK/USDT,buy,15.43571400,45.91024055,0.70865734,USDT
2024-04-22T19:15:00Z,LINK/USDT,stop_sell,15.32233500,45.91024055,0.70345209,USDT
2024-04-23T14:15:00Z,LINK/USDT,buy,15.43471350,45.86997807,0.70798997,USDT
2024-04-23T15:00:00Z,LINK/USDT,stop_sell,15.31333950,45.86997807,0.70242255,USDT
2024-04-24T04:15:00Z,LINK/USDT,buy,15.34366800,46.11174132,0.70752325,USDT
2024-04-24T05:45:00Z,LINK/USDT,sell,15.39529850,46.11174132,0.70990402,USDT
2024-04-24T11:30:00Z,LINK/USDT,buy,15.59679450,45.40035514,0.70810001,USDT
2024-04-24T12:15:00Z,LINK/USDT,stop_sell,15.52223500,45.40035514,0.70471498,USDT
2024-04-25T05:15:00Z,LINK/USDT,buy,14.71435350,48.04015937,0.70687989,USDT
2024-04-25T06:45:00Z,LINK/USDT,sell,14.70164550,48.04015937,0.70626939,USDT
2024-04-26T05:00:00Z,LINK/USDT,buy,14.73636450,47.98024398,0.70705436,USDT
2024-04-26T08:45:00Z,LINK/USDT,sell,14.78060600,47.98024398,0.70917708,USDT
2024-04-26T14:30:00Z,LINK/USDT,buy,14.70134700,47.87032867,0.70375831,USDT
2024-04-26T14:30:00Z,LINK/USDT,stop_sell,14.66248652,47.87032867,0.70189805,USDT
2024-04-26T16:30:00Z,LINK/USDT,buy,14.68033650,47.77497017,0.70135264,USDT
2024-04-26T20:00:00Z,LINK/USDT,sell,14.68665300,47.77497017,0.70165441,USDT
2024-04-27T18:00:00Z,LINK/USDT,buy,14.26913100,49.63171221,0.70820140,USDT
2024-04-27T18:15:00Z,LINK/USDT,stop_sell,14.13785611,49.63171221,0.70168601,USDT
2024-04-28T03:00:00Z,LINK/USDT,buy,14.39719500,49.09391605,0.70681468,USDT
2024-04-28T04:00:00Z,LINK/USDT,stop_sell,14.30777111,49.09391605,0.70242451,USDT
2024-04-28T13:45:00Z,LINK/USDT,buy,14.19509400,49.6243006,0.70442161,USDT
2024-04-28T14:00:00Z,LINK/USDT,stop_sell,14.15609698,49.6243006,0.70248641,USDT
2024-04-29T04:30:00Z,LINK/USDT,buy,14.03801550,50.23461459,0.70519430,USDT
2024-04-29T06:15:00Z,LINK/USDT,stop_sell,13.89936827,50.23461459,0.69822941,USDT
2024-04-29T20:15:00Z,LINK/USDT,buy,14.04601950,50.07986852,0.70342281,USDT
2024-04-29T20:30:00Z,LINK/USDT,stop_sell,14.00656464,50.07986852,0.70144692,USDT
2024-04-29T23:15:00Z,LINK/USDT,buy,14.17008150,49.71073776,0.70440521,USDT
2024-04-29T23:30:00Z,LINK/USDT,stop_sell,14.08495400,49.71073776,0.70017345,USDT
2024-05-01T18:15:00Z,LINK/USDT,buy,13.17158250,53.41217423,0.70352286,USDT
2024-05-01T18:30:00Z,LINK/USDT,stop_sell,13.04436741,53.41217423,0.69672802,USDT
2024-05-01T18:45:00Z,LINK/USDT,buy,13.26963150,52.88470446,0.70176054,USDT
2024-05-01T19:30:00Z,LINK/USDT,stop_sell,13.13546469,52.88470446,0.69466517,USDT
2024-05-02T09:30:00Z,LINK/USDT,buy,13.36968150,52.55683848,0.70266819,USDT
2024-05-02T13:15:00Z,LINK/USDT,sell,13.52123600,52.55683848,0.71063342,USDT
2024-05-02T19:00:00Z,LINK/USDT,buy,13.64281800,51.47134284,0.70221416,USDT
2024-05-02T19:15:00Z,LINK/USDT,stop_sell,13.58948757,51.47134284,0.69946917,USDT
2024-05-02T19:30:00Z,LINK/USDT,buy,13.67883600,51.41692547,0.70332369,USDT
2024-05-02T20:30:00Z,LINK/USDT,sell,13.62918200,51.41692547,0.70077064,USDT
2024-05-03T03:15:00Z,LINK/USDT,buy,13.78789050,51.00551178,0.70325841,USDT
2024-05-03T04:30:00Z,LINK/USDT,stop_sell,13.67216050,51.00551178,0.69735554,USDT
2024-05-03T10:00:00Z,LINK/USDT,buy,13.64281800,51.25720355,0.69929270,USDT
2024-05-03T10:30:00Z,LINK/USDT,stop_sell,13.58920200,51.25720355,0.69654449,USDT
2024-05-03T13:15:00Z,LINK/USDT,buy,13.85392350,50.69961529,0.70238859,USDT
2024-05-03T17:00:00Z,LINK/USDT,sell,13.88105600,50.69961529,0.70376420,USDT
2024-05-03T20:00:00Z,LINK/USDT,buy,14.05502400,49.9269995,0.70172518,USDT
2024-05-03T22:45:00Z,LINK/USDT,sell,14.05596850,49.9269995,0.70177233,USDT
2024-05-04T08:15:00Z,LINK/USDT,buy,14.22410850,49.31885262,0.70151671,USDT
2024-05-04T08:45:00Z,LINK/USDT,stop_sell,14.16191550,49.31885262,0.69844942,USDT
2024-05-04T10:45:00Z,LINK/USDT,buy,14.24211750,49.25560496,0.70150411,USDT
2024-05-04T11:45:00Z,LINK/USDT,stop_sell,14.18383311,49.25560496,0.69863328,USDT
2024-05-04T16:45:00Z,LINK/USDT,buy,14.43921600,48.56597586,0.70125462,USDT
2024-05-04T19:15:00Z,LINK/USDT,sell,14.34382450,48.56597586,0.69662183,USDT
2024-05-05T08:30:00Z,LINK/USDT,buy,14.30214750,49.06663516,0.70175825,USDT
2024-05-05T09:15:00Z,LINK/USDT,sell,14.25686800,49.06663516,0.69953654,USDT
2024-05-05T15:00:00Z,LINK/USDT,buy,14.36918100,48.62368149,0.69868248,USDT
2024-05-05T17:45:00Z,LINK/USDT,sell,14.45876700,48.62368149,0.70303848,USDT
2024-05-06T07:45:00Z,LINK/USDT,buy,14.75037150,47.48837228,0.70047113,USDT
2024-05-06T10:45:00Z,LINK/USDT,sell,14.90654300,47.48837228,0.70788746,USDT
2024-05-07T08:45:00Z,LINK/USDT,buy,14.49324300,48.22443932,0.69892852,USDT
2024-05-07T10:00:00Z,LINK/USDT,stop_sell,14.44648743,48.22443932,0.69667376,USDT
2024-05-07T14:45:00Z,LINK/USDT,buy,14.58228750,48.06203938,0.70085448,USDT
2024-05-07T15:45:00Z,LINK/USDT,sell,14.49075100,48.06203938,0.69645505,USDT
2024-05-08T14:45:00Z,LINK/USDT,buy,14.04601950,49.7550838,0.69886088,USDT
2024-05-08T15:15:00Z,LINK/USDT,stop_sell,13.96522818,49.7550838,0.69484110,USDT
2024-05-09T08:45:00Z,LINK/USDT,buy,14.18308800,49.41853912,0.70090749,USDT
2024-05-09T09:30:00Z,LINK/USDT,stop_sell,14.06203689,49.41853912,0.69492532,USDT
2024-05-09T16:30:00Z,LINK/USDT,buy,14.14006650,49.41174551,0.69868537,USDT
2024-05-09T16:45:00Z,LINK/USDT,stop_sell,14.04625907,49.41174551,0.69405018,USDT
2024-05-09T20:15:00Z,LINK/USDT,buy,14.24211750,48.89351046,0.69634712,USDT
2024-05-09T20:30:00Z,LINK/USDT,stop_sell,14.21089100,48.89351046,0.69482035,USDT
2024-05-09T23:00:00Z,LINK/USDT,buy,14.35317300,48.59807817,0.69753662,USDT
2024-05-09T23:00:00Z,LINK/USDT,stop_sell,14.29599129,48.59807817,0.69475770,USDT
2024-05-11T01:30:00Z,LINK/USDT,buy,13.72585950,50.69277693,0.69580193,USDT
2024-05-11T01:30:00Z,LINK/USDT,stop_sell,13.68429729,50.69277693,0.69369503,USDT
2024-05-12T03:00:00Z,LINK/USDT,buy,13.42671000,51.90974401,0.69697708,USDT
2024-05-12T03:00:00Z,LINK/USDT,stop_sell,13.39105112,51.90974401,0.69512604,USDT
2024-05-12T16:15:00Z,LINK/USDT,buy,13.56177750,51.42719047,0.69744411,USDT
2024-05-12T18:15:00Z,LINK/USDT,sell,13.51823750,51.42719047,0.69520497,USDT
2024-05-14T08:00:00Z,LINK/USDT,buy,13.52175750,51.5083608,0.69648356,USDT
2024-05-14T08:45:00Z,LINK/USDT,sell,13.46726300,51.5083608,0.69367664,USDT
2024-05-15T12:45:00Z,LINK/USDT,buy,13.40069700,52.15050396,0.69885310,USDT
2024-05-15T22:15:00Z,LINK/USDT,sell,13.81408950,52.15050396,0.72041173,USDT
2024-05-16T06:15:00Z,LINK/USDT,buy,14.04301800,49.73133221,0.69837799,USDT
2024-05-16T06:15:00Z,LINK/USDT,stop_sell,13.99042986,49.73133221,0.69576272,USDT
2024-05-16T18:45:00Z,LINK/USDT,buy,14.11405350,49.4582991,0.69805708,USDT
2024-05-16T23:45:00Z,LINK/USDT,sell,15.42528350,49.4582991,0.76290829,USDT
2024-05-17T07:15:00Z,LINK/USDT,buy,16.17508350,43.36538594,0.70143874,USDT
2024-05-17T10:45:00Z,LINK/USDT,sell,16.40179500,43.36538594,0.71127017,USDT
2024-05-17T11:45:00Z,LINK/USDT,buy,16.63031100,42.34352269,0.70418595,USDT
2024-05-17T13:00:00Z,LINK/USDT,stop_sell,16.40486489,42.34352269,0.69463977,USDT
2024-05-18T08:30:00Z,LINK/USDT,buy,16.32015600,43.03426079,0.70232585,USDT
2024-05-18T08:45:00Z,LINK/USDT,stop_sell,16.22092119,43.03426079,0.69805535,USDT
2024-05-19T00:30:00Z,LINK/USDT,buy,16.37618400,42.89611874,0.70247473,USDT
2024-05-19T03:00:00Z,LINK/USDT,sell,16.40479350,42.89611874,0.70370197,USDT
2024-05-19T05:30:00Z,LINK/USDT,buy,16.62730950,42.24738891,0.70246041,USDT
2024-05-19T06:30:00Z,LINK/USDT,stop_sell,16.52940973,42.24738891,0.69832440,USDT
2024-05-19T08:30:00Z,LINK/USDT,buy,16.74036600,41.87303292,0.70096990,USDT
2024-05-19T08:30:00Z,LINK/USDT,stop_sell,16.60287298,41.87303292,0.69521265,USDT
2024-05-19T15:30:00Z,LINK/USDT,buy,16.76537850,41.80146304,0.70081735,USDT
2024-05-19T16:30:00Z,LINK/USDT,sell,16.76461350,41.80146304,0.70078537,USDT
2024-05-19T18:15:00Z,LINK/USDT,buy,17.06152650,41.07702617,0.70083677,USDT
2024-05-19T18:45:00Z,LINK/USDT,stop_sell,16.81412444,41.07702617,0.69067423,USDT
2024-05-20T02:45:00Z,LINK/USDT,buy,16.77838500,41.69228322,0.69952918,USDT
2024-05-20T05:15:00Z,LINK/USDT,sell,16.91353900,41.69228322,0.70516406,USDT
2024-05-20T17:30:00Z,LINK/USDT,buy,16.66532850,41.92216091,0.69864658,USDT
2024-05-20T17:45:00Z,LINK/USDT,stop_sell,16.53619206,41.92216091,0.69323290,USDT
2024-05-20T19:30:00Z,LINK/USDT,buy,16.90344750,41.6254742,0.70361402,USDT
2024-05-20T21:15:00Z,LINK/USDT,sell,16.74862150,41.6254742,0.69716931,USDT
2024-05-20T22:30:00Z,LINK/USDT,buy,17.19659400,40.71869663,0.70022289,USDT
2024-05-21T00:15:00Z,LINK/USDT,sell,17.18940100,40.71869663,0.69993000,USDT
2024-05-22T00:30:00Z,LINK/USDT,buy,16.84341750,41.53068468,0.69951866,USDT
2024-05-22T00:45:00Z,LINK/USDT,stop_sell,16.74340982,41.53068468,0.69536527,USDT
2024-05-22T02:00:00Z,LINK/USDT,buy,16.88243700,41.41328711,0.69915721,USDT
2024-05-22T02:45:00Z,LINK/USDT,sell,16.82358400,41.41328711,0.69671991,USDT
2024-05-23T06:45:00Z,LINK/USDT,buy,16.60329750,42.10645159,0.69910594,USDT
2024-05-23T09:45:00Z,LINK/USDT,sell,16.58370400,42.10645159,0.69828093,USDT
2024-05-23T12:30:00Z,LINK/USDT,buy,16.76437800,41.57928102,0.69705078,USDT
2024-05-23T12:30:00Z,LINK/USDT,stop_sell,16.69275659,41.57928102,0.69407282,USDT
2024-05-23T21:15:00Z,LINK/USDT,buy,16.27513350,42.77882421,0.69623107,USDT
2024-05-24T05:45:00Z,LINK/USDT,sell,17.31233950,42.77882421,0.74060153,USDT
2024-05-24T09:45:00Z,LINK/USDT,buy,17.58578850,40.05728722,0.70443898,USDT
2024-05-24T13:45:00Z,LINK/USDT,sell,17.42028550,40.05728722,0.69780938,USDT
2024-05-25T18:15:00Z,LINK/USDT,buy,17.39769450,40.40370946,0.70293139,USDT
2024-05-25T19:15:00Z,LINK/USDT,stop_sell,17.25904473,40.40370946,0.69732943,USDT
2024-05-26T01:45:00Z,LINK/USDT,buy,17.49274200,40.03890094,0.70039016,USDT
2024-05-26T02:15:00Z,LINK/USDT,sell,17.36231450,40.03890094,0.69516799,USDT
2024-05-26T02:45:00Z,LINK/USDT,buy,17.57778450,39.72912623,0.69835002,USDT
2024-05-26T03:00:00Z,LINK/USDT,stop_sell,17.49496243,39.72912623,0.69505957,USDT
2024-05-27T12:30:00Z,LINK/USDT,buy,17.42770950,40.32158815,0.70271292,USDT
2024-05-27T12:45:00Z,LINK/USDT,stop_sell,17.21895764,40.32158815,0.69429572,USDT
2024-05-27T14:15:00Z,LINK/USDT,buy,17.48173650,39.92629808,0.69798102,USDT
2024-05-27T14:45:00Z,LINK/USDT,stop_sell,17.34132500,39.92629808,0.69237491,USDT
2024-05-27T15:45:00Z,LINK/USDT,buy,17.83891500,39.13579149,0.69814006,USDT
2024-05-27T20:00:00Z,LINK/USDT,sell,18.64867100,39.13579149,0.72983050,USDT
2024-05-28T19:30:00Z,LINK/USDT,buy,18.54526800,37.77579629,0.70056227,USDT
2024-05-28T21:00:00Z,LINK/USDT,sell,18.47575750,37.77579629,0.69793645,USDT
2024-05-28T21:30:00Z,LINK/USDT,buy,18.56627850,37.71569838,0.70024016,USDT
2024-05-28T23:15:00Z,LINK/USDT,sell,18.48275400,37.71569838,0.69708998,USDT
2024-05-29T10:15:00Z,LINK/USDT,buy,18.61430250,37.64132661,0.70066704,USDT
2024-05-29T13:15:00Z,LINK/USDT,stop_sell,18.40647073,37.64132661,0.69284398,USDT
2024-05-30T02:15:00Z,LINK/USDT,buy,19.05652350,36.68761945,0.69913848,USDT
2024-05-30T02:30:00Z,LINK/USDT,stop_sell,18.88755150,36.68761945,0.69293930,USDT
2024-05-30T14:00:00Z,LINK/USDT,buy,18.42520800,37.98801823,0.69993714,USDT
2024-05-30T14:30:00Z,LINK/USDT,stop_sell,18.25693839,37.98801823,0.69354491,USDT
2024-05-30T16:15:00Z,LINK/USDT,buy,18.33616350,37.93967857,0.69566815,USDT
2024-05-30T16:15:00Z,LINK/USDT,stop_sell,18.24240994,37.93967857,0.69211117,USDT
2024-05-31T11:45:00Z,LINK/USDT,buy,18.03301200,38.67972423,0.69751193,USDT
2024-05-31T12:15:00Z,LINK/USDT,stop_sell,17.95401850,38.67972423,0.69445648,USDT
2024-05-31T12:45:00Z,LINK/USDT,buy,18.16908000,38.43395236,0.69830956,USDT
2024-05-31T13:00:00Z,LINK/USDT,stop_sell,18.04897100,38.43395236,0.69369329,USDT
2024-05-31T18:30:00Z,LINK/USDT,buy,17.92495800,38.829359,0.69601463,USDT
2024-05-31T19:00:00Z,LINK/USDT,stop_sell,17.81062594,38.829359,0.69157519,USDT
2024-05-31T20:15:00Z,LINK/USDT,buy,18.36017550,37.91949935,0.69620866,USDT
2024-05-31T21:00:00Z,LINK/USDT,stop_sell,18.20003829,37.91949935,0.69013634,USDT
2024-06-01T05:15:00Z,LINK/USDT,buy,18.48123600,37.63880679,0.69561167,USDT
2024-06-01T08:15:00Z,LINK/USDT,sell,18.48575250,37.63880679,0.69578167,USDT
2024-06-02T14:00:00Z,LINK/USDT,buy,18.46722900,37.64982275,0.69528790,USDT
2024-06-02T15:15:00Z,LINK/USDT,stop_sell,18.37412977,37.64982275,0.69178273,USDT
2024-06-04T07:45:00Z,LINK/USDT,buy,17.68583850,39.30389478,0.69512234,USDT
2024-06-04T08:00:00Z,LINK/USDT,stop_sell,17.59419850,39.30389478,0.69152053,USDT
2024-06-05T05:45:00Z,LINK/USDT,buy,17.89194150,38.84185668,0.69495623,USDT
2024-06-05T06:00:00Z,LINK/USDT,stop_sell,17.81044746,38.84185668,0.69179085,USDT
2024-06-05T06:15:00Z,LINK/USDT,buy,18.00900000,38.68084393,0.69660332,USDT
2024-06-05T07:15:00Z,LINK/USDT,stop_sell,17.78524579,38.68084393,0.68794832,USDT
2024-06-05T07:30:00Z,LINK/USDT,buy,18.07603350,38.36664476,0.69351676,USDT
2024-06-05T08:15:00Z,LINK/USDT,sell,17.91403850,38.36664476,0.68730155,USDT
2024-06-07T04:15:00Z,LINK/USDT,buy,17.47473300,39.67695094,0.69334412,USDT
2024-06-07T05:00:00Z,LINK/USDT,stop_sell,17.40432919,39.67695094,0.69055072,USDT
2024-06-07T05:15:00Z,LINK/USDT,buy,17.49374250,39.55583517,0.69197959,USDT
2024-06-07T08:15:00Z,LINK/USDT,sell,17.47126000,39.55583517,0.69109028,USDT
2024-06-07T11:30:00Z,LINK/USDT,buy,17.58178650,39.40135956,0.69274629,USDT
2024-06-07T12:30:00Z,LINK/USDT,stop_sell,17.51316761,39.40135956,0.69004261,USDT
2024-06-07T15:00:00Z,LINK/USDT,buy,17.63781450,39.23532207,0.69202533,USDT
2024-06-07T15:45:00Z,LINK/USDT,stop_sell,17.51316761,39.23532207,0.68713477,USDT
2024-06-08T23:45:00Z,LINK/USDT,buy,15.96197700,43.32809237,0.69160201,USDT
2024-06-09T00:30:00Z,LINK/USDT,stop_sell,15.89354925,43.32809237,0.68863717,USDT
2024-06-09T00:45:00Z,LINK/USDT,buy,15.99399300,43.24937584,0.69173021,USDT
2024-06-09T02:45:00Z,LINK/USDT,sell,15.97500850,43.24937584,0.69090915,USDT
2024-06-09T13:00:00Z,LINK/USDT,buy,16.09304250,42.91863318,0.69069139,USDT
2024-06-09T13:00:00Z,LINK/USDT,stop_sell,16.05639636,42.91863318,0.68911859,USDT
2024-06-09T21:30:00Z,LINK/USDT,buy,16.24812000,42.55755152,0.69148020,USDT
2024-06-10T00:30:00Z,LINK/USDT,sell,16.28985100,42.55755152,0.69325617,USDT
2024-06-10T15:30:00Z,LINK/USDT,buy,16.17508350,42.84201341,0.69297314,USDT
2024-06-10T16:30:00Z,LINK/USDT,sell,16.04097550,42.84201341,0.68722769,USDT
2024-06-12T08:15:00Z,LINK/USDT,buy,15.45172200,44.71532855,0.69092883,USDT
2024-06-12T08:30:00Z,LINK/USDT,stop_sell,15.36895454,44.71532855,0.68722785,USDT
2024-06-12T12:45:00Z,LINK/USDT,buy,15.74586900,43.94564967,0.69196244,USDT
2024-06-12T18:15:00Z,LINK/USDT,sell,16.04397400,43.94564967,0.70506286,USDT
2024-06-14T05:30:00Z,LINK/USDT,buy,15.41470350,44.86889729,0.69164075,USDT
2024-06-14T06:45:00Z,LINK/USDT,stop_sell,15.33750598,44.86889729,0.68817698,USDT
2024-06-14T13:30:00Z,LINK/USDT,buy,15.45872550,44.71296965,0.69120552,USDT
2024-06-14T14:00:00Z,LINK/USDT,stop_sell,15.35831700,44.71296965,0.68671596,USDT
2024-06-14T21:45:00Z,LINK/USDT,buy,14.91145200,46.27150932,0.68997539,USDT
2024-06-14T22:00:00Z,LINK/USDT,stop_sell,14.76261500,46.27150932,0.68308848,USDT
2024-06-15T05:45:00Z,LINK/USDT,buy,14.95347300,46.13122041,0.68982196,USDT
2024-06-15T08:15:00Z,LINK/USDT,sell,15.00149550,46.13122041,0.69203730,USDT
2024-06-16T11:00:00Z,LINK/USDT,buy,14.92145700,46.29687932,0.69081689,USDT
2024-06-16T13:00:00Z,LINK/USDT,stop_sell,14.85895966,46.29687932,0.68792346,USDT
2024-06-16T13:15:00Z,LINK/USDT,buy,15.07553400,45.78173777,0.69018414,USDT
2024-06-16T14:45:00Z,LINK/USDT,sell,14.96351450,45.78173777,0.68505570,USDT
2024-06-16T15:45:00Z,LINK/USDT,buy,15.15057150,45.47508004,0.68897345,USDT
2024-06-16T17:15:00Z,LINK/USDT,sell,15.07146050,45.47508004,0.68537587,USDT
2024-06-16T22:15:00Z,LINK/USDT,buy,15.15157200,45.25441716,0.68567556,USDT
2024-06-16T22:15:00Z,LINK/USDT,stop_sell,15.13642800,45.25441716,0.68499023,USDT
2024-06-16T22:45:00Z,LINK/USDT,buy,15.16758000,45.17819659,0.68524391,USDT
2024-06-16T22:45:00Z,LINK/USDT,stop_sell,15.15242000,45.17819659,0.68455901,USDT
2024-06-17T16:45:00Z,LINK/USDT,buy,14.51325300,47.32207446,0.68679724,USDT
2024-06-17T20:00:00Z,LINK/USDT,sell,14.68765250,47.32207446,0.69505019,USDT
2024-06-18T20:15:00Z,LINK/USDT,buy,13.63481400,50.60293201,0.68996157,USDT
2024-06-19T02:00:00Z,LINK/USDT,stop_sell,13.44195423,50.60293201,0.68020230,USDT
2024-06-19T02:15:00Z,LINK/USDT,buy,14.28013650,48.26546143,0.68923738,USDT
2024-06-19T07:30:00Z,LINK/USDT,sell,14.32883200,48.26546143,0.69158769,USDT
2024-06-19T07:45:00Z,LINK/USDT,buy,14.39419350,47.89410843,0.68939706,USDT
2024-06-19T08:30:00Z,LINK/USDT,stop_sell,14.28920896,47.89410843,0.68436892,USDT
2024-06-19T18:15:00Z,LINK/USDT,buy,14.47323300,47.47131111,0.68706335,USDT
2024-06-19T20:15:00Z,LINK/USDT,sell,14.34682300,47.47131111,0.68106250,USDT
2024-06-20T07:30:00Z,LINK/USDT,buy,14.70134700,46.74545188,0.68722111,USDT
2024-06-20T08:45:00Z,LINK/USDT,sell,14.61568850,46.74545188,0.68321696,USDT
2024-06-21T10:15:00Z,LINK/USDT,buy,14.43921600,47.36808502,0.68395801,USDT
2024-06-21T12:15:00Z,LINK/USDT,sell,14.37480900,47.36808502,0.68090717,USDT
2024-06-22T13:30:00Z,LINK/USDT,buy,13.73986650,49.8073824,0.68434678,USDT
2024-06-22T16:00:00Z,LINK/USDT,sell,13.74112600,49.8073824,0.68440952,USDT
2024-06-23T07:30:00Z,LINK/USDT,buy,13.68283800,50.1020249,0.68553789,USDT
2024-06-23T09:00:00Z,LINK/USDT,stop_sell,13.61718800,50.1020249,0.68224869,USDT
2024-06-24T10:45:00Z,LINK/USDT,buy,13.12756050,51.92771715,0.68168425,USDT
2024-06-24T14:30:00Z,LINK/USDT,sell,13.33233050,51.92771715,0.69231749,USDT
2024-06-24T21:45:00Z,LINK/USDT,buy,13.45772550,51.13855533,0.68820864,USDT
2024-06-25T05:45:00Z,LINK/USDT,sell,14.00499400,51.13855533,0.71619516,USDT
2024-06-26T07:15:00Z,LINK/USDT,buy,14.26813050,48.29284004,0.68904854,USDT
2024-06-26T08:15:00Z,LINK/USDT,stop_sell,14.16891200,48.29284004,0.68425700,USDT
2024-06-27T09:30:00Z,LINK/USDT,buy,13.88694000,49.54198358,0.68798655,USDT
2024-06-27T11:00:00Z,LINK/USDT,sell,13.79310000,49.54198358,0.68333753,USDT
2024-06-27T13:15:00Z,LINK/USDT,buy,14.14006650,48.66179328,0.68808099,USDT
2024-06-27T13:15:00Z,LINK/USDT,stop_sell,14.02837516,48.66179328,0.68264589,USDT
2024-06-27T14:15:00Z,LINK/USDT,buy,14.14506900,48.4036936,0.68467359,USDT
2024-06-27T15:30:00Z,LINK/USDT,sell,14.06996150,48.4036936,0.68103811,USDT
2024-06-27T17:45:00Z,LINK/USDT,buy,14.40619950,47.60973793,0.68587538,USDT
2024-06-27T20:45:00Z,LINK/USDT,stop_sell,14.29420646,47.60973793,0.68054342,USDT
2024-06-28T01:45:00Z,LINK/USDT,buy,14.45822550,47.4769483,0.68643242,USDT
2024-06-28T02:45:00Z,LINK/USDT,sell,14.37480900,47.4769483,0.68247206,USDT
2024-06-28T13:00:00Z,LINK/USDT,buy,14.46823050,47.44412177,0.68643249,USDT
2024-06-28T14:45:00Z,LINK/USDT,sell,14.39479900,47.44412177,0.68294860,USDT
2024-06-30T07:15:00Z,LINK/USDT,buy,13.67083200,50.11864321,0.68516355,USDT
2024-06-30T09:15:00Z,LINK/USDT,stop_sell,13.61886573,50.11864321,0.68255907,USDT
2024-06-30T17:30:00Z,LINK/USDT,buy,13.78789050,49.79273714,0.68653681,USDT
2024-06-30T21:45:00Z,LINK/USDT,sell,13.98000650,49.79273714,0.69610279,USDT
2024-06-30T23:00:00Z,LINK/USDT,buy,14.32215750,47.84161831,0.68519519,USDT
2024-07-01T03:30:00Z,LINK/USDT,sell,14.30284500,47.84161831,0.68427125,USDT
2024-07-01T09:30:00Z,LINK/USDT,buy,14.39619450,47.3818944,0.68211897,USDT
2024-07-01T09:30:00Z,LINK/USDT,stop_sell,14.38180550,47.3818944,0.68143719,USDT
2024-07-01T21:45:00Z,LINK/USDT,buy,14.52625950,46.9900435,0.68258957,USDT
2024-07-01T22:15:00Z,LINK/USDT,stop_sell,14.50502957,46.9900435,0.68159197,USDT
2024-07-02T03:45:00Z,LINK/USDT,buy,14.47823550,47.29856501,0.68479976,USDT
2024-07-02T07:45:00Z,LINK/USDT,sell,14.51773750,47.29856501,0.68666815,USDT
2024-07-02T10:45:00Z,LINK/USDT,buy,14.73636450,46.50722457,0.68534741,USDT
2024-07-02T11:00:00Z,LINK/USDT,stop_sell,14.62050752,46.50722457,0.67995923,USDT
2024-07-02T19:00:00Z,LINK/USDT,buy,14.56728000,46.95882662,0.68406238,USDT
2024-07-02T19:45:00Z,LINK/USDT,sell,14.51174050,46.95882662,0.68145431,USDT
2024-07-03T06:15:00Z,LINK/USDT,buy,14.48123700,47.30739503,0.68506960,USDT
2024-07-03T08:30:00Z,LINK/USDT,stop_sell,14.35074961,47.30739503,0.67889658,USDT
2024-07-03T08:45:00Z,LINK/USDT,buy,14.49124200,47.14816116,0.68323541,USDT
2024-07-03T10:00:00Z,LINK/USDT,sell,14.45876700,47.14816116,0.68170428,USDT
2024-07-06T00:45:00Z,LINK/USDT,buy,12.54326850,54.29271268,0.68100807,USDT
2024-07-06T00:45:00Z,LINK/USDT,stop_sell,12.47479519,54.29271268,0.67729047,USDT
2024-07-06T08:30:00Z,LINK/USDT,buy,12.50524950,54.28632116,0.67886399,USDT
2024-07-06T08:30:00Z,LINK/USDT,stop_sell,12.49275050,54.28632116,0.67818547,USDT
2024-07-06T13:45:00Z,LINK/USDT,buy,12.58128750,54.32524023,0.68348147,USDT
2024-07-06T14:00:00Z,LINK/USDT,stop_sell,12.51441823,54.32524023,0.67984878,USDT
2024-07-06T15:30:00Z,LINK/USDT,buy,12.71535450,53.63123647,0.68194018,USDT
2024-07-06T23:15:00Z,LINK/USDT,sell,13.15941700,53.63123647,0.70575580,USDT
2024-07-08T06:30:00Z,LINK/USDT,buy,12.69134250,53.87415201,0.68373532,USDT
2024-07-08T11:00:00Z,LINK/USDT,sell,13.22838250,53.87415201,0.71266789,USDT
2024-07-08T20:45:00Z,LINK/USDT,buy,12.92846100,52.77472958,0.68229603,USDT
2024-07-08T20:45:00Z,LINK/USDT,stop_sell,12.90140321,52.77472958,0.68086807,USDT
2024-07-09T11:30:00Z,LINK/USDT,buy,13.16958150,52.02468661,0.68514335,USDT
2024-07-09T13:00:00Z,LINK/USDT,stop_sell,13.08602514,52.02468661,0.68079636,USDT
2024-07-10T04:15:00Z,LINK/USDT,buy,13.04151750,52.56052389,0.68546899,USDT
2024-07-10T05:45:00Z,LINK/USDT,sell,13.03248050,52.56052389,0.68499400,USDT
2024-07-10T16:30:00Z,LINK/USDT,buy,12.99249300,52.6502038,0.68405740,USDT
2024-07-10T16:30:00Z,LINK/USDT,stop_sell,12.92635502,52.6502038,0.68057523,USDT
2024-07-11T12:45:00Z,LINK/USDT,buy,13.08353850,52.48721572,0.68671851,USDT
2024-07-11T13:00:00Z,LINK/USDT,stop_sell,12.95805344,52.48721572,0.68013215,USDT
2024-07-12T14:00:00Z,LINK/USDT,buy,12.64331850,54.21380818,0.68544244,USDT
2024-07-12T14:00:00Z,LINK/USDT,stop_sell,12.54679489,54.21380818,0.68020953,USDT
2024-07-12T14:15:00Z,LINK/USDT,buy,12.63331350,54.10759987,0.68355827,USDT
2024-07-12T14:45:00Z,LINK/USDT,stop_sell,12.55072150,54.10759987,0.67908942,USDT
2024-07-12T15:15:00Z,LINK/USDT,buy,12.65532450,54.05353047,0.68406497,USDT
2024-07-12T16:15:00Z,LINK/USDT,sell,12.60769300,54.05353047,0.68149032,USDT
2024-07-12T18:45:00Z,LINK/USDT,buy,12.77038200,53.46978978,0.68282964,USDT
2024-07-12T19:30:00Z,LINK/USDT,sell,12.70864250,53.46978978,0.67952844,USDT
2024-07-13T05:45:00Z,LINK/USDT,buy,12.92946150,52.77890911,0.68240287,USDT
2024-07-13T09:00:00Z,LINK/USDT,sell,12.92253550,52.77890911,0.68203733,USDT
2024-07-13T15:45:00Z,LINK/USDT,buy,13.03251300,52.17071712,0.67991555,USDT
2024-07-13T15:45:00Z,LINK/USDT,stop_sell,13.01948700,52.17071712,0.67923597,USDT
2024-07-13T23:15:00Z,LINK/USDT,buy,13.12355850,52.13430797,0.68418764,USDT
2024-07-13T23:15:00Z,LINK/USDT,stop_sell,13.02152169,52.13430797,0.67886802,USDT
2024-07-14T08:30:00Z,LINK/USDT,buy,13.12355850,51.93456822,0.68156634,USDT
2024-07-14T11:00:00Z,LINK/USDT,sell,13.15042150,51.93456822,0.68296146,USDT
2024-07-14T20:45:00Z,LINK/USDT,buy,13.38168750,50.93294793,0.68156879,USDT
2024-07-14T20:45:00Z,LINK/USDT,stop_sell,13.33275886,50.93294793,0.67907671,USDT
2024-07-14T21:00:00Z,LINK/USDT,buy,13.40069700,50.89087897,0.68197325,USDT
2024-07-14T21:00:00Z,LINK/USDT,stop_sell,13.30487994,50.89087897,0.67709703,USDT
2024-07-15T08:45:00Z,LINK/USDT,buy,13.87793550,49.11369552,0.68159670,USDT
2024-07-15T08:45:00Z,LINK/USDT,stop_sell,13.79267164,49.11369552,0.67740908,USDT
2024-07-15T14:45:00Z,LINK/USDT,buy,13.91195250,48.83491866,0.67938907,USDT
2024-07-15T15:45:00Z,LINK/USDT,sell,13.85107100,48.83491866,0.67641593,USDT
2024-07-15T16:45:00Z,LINK/USDT,buy,13.95897600,48.71209086,0.67997091,USDT
2024-07-15T23:15:00Z,LINK/USDT,sell,14.37081100,48.71209086,0.70003225,USDT
2024-07-16T14:15:00Z,LINK/USDT,buy,14.13006150,48.2281101,0.68146616,USDT
2024-07-16T18:45:00Z,LINK/USDT,sell,14.37880700,48.2281101,0.69346269,USDT
2024-07-19T06:30:00Z,LINK/USDT,buy,13.67383350,49.72477773,0.67992833,USDT
2024-07-19T07:00:00Z,LINK/USDT,stop_sell,13.65438368,49.72477773,0.67896119,USDT
2024-07-19T13:45:00Z,LINK/USDT,buy,13.63681500,50.26461548,0.68544926,USDT
2024-07-19T18:45:00Z,LINK/USDT,sell,13.95901700,50.26461548,0.70164462,USDT
2024-07-19T19:30:00Z,LINK/USDT,buy,14.11105200,48.42412831,0.68331539,USDT
2024-07-19T20:30:00Z,LINK/USDT,sell,14.04397450,48.42412831,0.68006722,USDT
2024-07-20T16:15:00Z,LINK/USDT,buy,14.14106700,48.2952442,0.68294628,USDT
2024-07-20T21:30:00Z,LINK/USDT,sell,14.22288500,48.2952442,0.68689770,USDT
2024-07-21T09:45:00Z,LINK/USDT,buy,14.34116700,47.63579654,0.68315291,USDT
2024-07-21T10:15:00Z,LINK/USDT,stop_sell,14.26140144,47.63579654,0.67935322,USDT
2024-07-21T13:15:00Z,LINK/USDT,buy,14.35617450,47.51417153,0.68212174,USDT
2024-07-21T13:30:00Z,LINK/USDT,stop_sell,14.30784250,47.51417153,0.67982528,USDT
2024-07-21T14:30:00Z,LINK/USDT,buy,14.44321800,47.2634326,0.68263606,USDT
2024-07-21T16:00:00Z,LINK/USDT,sell,14.45676800,47.2634326,0.68327648,USDT
2024-07-21T20:30:00Z,LINK/USDT,buy,14.71735500,46.20294133,0.67998509,USDT
2024-07-21T23:45:00Z,LINK/USDT,sell,14.75661800,46.20294133,0.68179916,USDT
2024-07-24T10:00:00Z,LINK/USDT,buy,13.85492400,49.25505505,0.68242504,USDT
2024-07-24T10:15:00Z,LINK/USDT,stop_sell,13.79310000,49.25505505,0.67937990,USDT
2024-07-24T13:30:00Z,LINK/USDT,buy,13.90895100,49.03837192,0.68207231,USDT
2024-07-24T13:45:00Z,LINK/USDT,stop_sell,13.83946966,49.03837192,0.67866506,USDT
2024-07-24T14:45:00Z,LINK/USDT,buy,13.88994150,48.93349665,0.67968341,USDT
2024-07-24T15:15:00Z,LINK/USDT,stop_sell,13.83407950,48.93349665,0.67694988,USDT
2024-07-26T01:45:00Z,LINK/USDT,buy,13.04551950,52.24570731,0.68157239,USDT
2024-07-26T07:45:00Z,LINK/USDT,sell,13.39030150,52.24570731,0.69958577,USDT
2024-07-26T19:15:00Z,LINK/USDT,buy,13.60680000,50.1730421,0.68269455,USDT
2024-07-26T20:00:00Z,LINK/USDT,stop_sell,13.54822250,50.1730421,0.67975554,USDT
2024-07-27T07:45:00Z,LINK/USDT,buy,13.68283800,49.86905934,0.68235026,USDT
2024-07-27T08:00:00Z,LINK/USDT,stop_sell,13.63018150,49.86905934,0.67972433,USDT
2024-07-27T13:15:00Z,LINK/USDT,buy,13.72185750,49.74025649,0.68252871,USDT
2024-07-27T14:45:00Z,LINK/USDT,sell,13.70114600,49.74025649,0.68149852,USDT
2024-07-28T10:00:00Z,LINK/USDT,buy,13.48173750,50.66904665,0.68310679,USDT
2024-07-28T14:15:00Z,LINK/USDT,sell,13.51024150,50.66904665,0.68455106,USDT
2024-07-29T00:30:00Z,LINK/USDT,buy,13.52275800,50.27700527,0.67988378,USDT
2024-07-29T01:00:00Z,LINK/USDT,stop_sell,13.48750288,50.27700527,0.67811125,USDT
2024-07-29T02:45:00Z,LINK/USDT,buy,13.71185250,49.79565566,0.68279069,USDT
2024-07-29T09:00:00Z,LINK/USDT,sell,13.79409950,49.79565566,0.68688623,USDT
2024-07-30T03:45:00Z,LINK/USDT,buy,13.76587950,49.59770265,0.68275600,USDT
2024-07-30T05:15:00Z,LINK/USDT,sell,13.77510900,49.59770265,0.68321376,USDT
2024-07-31T06:15:00Z,LINK/USDT,buy,13.32065700,50.96101845,0.67883425,USDT
2024-07-31T06:15:00Z,LINK/USDT,stop_sell,13.30734300,50.96101845,0.67815575,USDT
2024-07-31T13:45:00Z,LINK/USDT,buy,13.20259800,51.44905513,0.67926119,USDT
2024-07-31T13:45:00Z,LINK/USDT,stop_sell,13.18940200,51.44905513,0.67858227,USDT
2024-08-01T09:15:00Z,LINK/USDT,buy,12.96748050,52.58446555,0.68188803,USDT
2024-08-01T10:00:00Z,LINK/USDT,stop_sell,12.90236702,52.58446555,0.67846407,USDT
2024-08-01T10:45:00Z,LINK/USDT,buy,12.94947150,52.44154491,0.67909029,USDT
2024-08-01T11:45:00Z,LINK/USDT,stop_sell,12.92531982,52.44154491,0.67782374,USDT
2024-08-01T12:00:00Z,LINK/USDT,buy,13.04151750,52.29644757,0.68202504,USDT
2024-08-01T13:15:00Z,LINK/USDT,sell,12.96051650,52.29644757,0.67778897,USDT
2024-08-02T14:00:00Z,LINK/USDT,buy,12.57228300,53.98378229,0.67869939,USDT
2024-08-02T14:00:00Z,LINK/USDT,stop_sell,12.51338304,53.98378229,0.67551975,USDT
2024-08-03T07:15:00Z,LINK/USDT,buy,12.05502450,56.40891331,0.68001083,USDT
2024-08-03T08:15:00Z,LINK/USDT,stop_sell,12.00899250,56.40891331,0.67741422,USDT
2024-08-03T10:30:00Z,LINK/USDT,buy,12.05902650,56.17751371,0.67744613,USDT
2024-08-03T10:30:00Z,LINK/USDT,stop_sell,12.04697350,56.17751371,0.67676902,USDT
2024-08-05T14:30:00Z,LINK/USDT,buy,9.10555050,74.57913336,0.67908407,USDT
2024-08-05T18:30:00Z,LINK/USDT,sell,9.35532000,74.57913336,0.69771166,USDT
2024-08-06T00:45:00Z,LINK/USDT,buy,9.97698600,68.24831842,0.68091252,USDT
2024-08-06T02:30:00Z,LINK/USDT,sell,9.94502500,68.24831842,0.67873123,USDT
2024-08-06T14:15:00Z,LINK/USDT,buy,10.25612550,66.38908529,0.68089479,USDT
2024-08-06T17:45:00Z,LINK/USDT,sell,10.23088200,66.38908529,0.67921890,USDT
2024-08-07T04:15:00Z,LINK/USDT,buy,10.37718600,65.5655685,0.68038610,USDT
2024-08-07T06:00:00Z,LINK/USDT,sell,10.31384050,65.5655685,0.67623282,USDT
2024-08-08T01:45:00Z,LINK/USDT,buy,9.78789150,69.51061514,0.68036236,USDT
2024-08-08T05:00:00Z,LINK/USDT,sell,9.95601950,69.51061514,0.69204904,USDT
2024-08-08T12:45:00Z,LINK/USDT,buy,10.13006250,66.85305814,0.67722566,USDT
2024-08-08T12:45:00Z,LINK/USDT,stop_sell,10.10951414,66.85305814,0.67585194,USDT
2024-08-08T16:15:00Z,LINK/USDT,buy,10.29514500,65.79091614,0.67732702,USDT
2024-08-08T18:30:00Z,LINK/USDT,sell,10.34282600,65.79091614,0.68046400,USDT
2024-08-08T23:00:00Z,LINK/USDT,buy,10.82340900,62.94334506,0.68126157,USDT
2024-08-08T23:15:00Z,LINK/USDT,stop_sell,10.71128454,62.94334506,0.67420408,USDT
2024-08-09T09:00:00Z,LINK/USDT,buy,10.59929700,64.15721922,0.68002142,USDT
2024-08-09T09:15:00Z,LINK/USDT,stop_sell,10.55400607,64.15721922,0.67711568,USDT
2024-08-10T00:30:00Z,LINK/USDT,buy,10.59429450,64.13108187,0.67942357,USDT
2024-08-10T00:30:00Z,LINK/USDT,stop_sell,10.50599438,64.13108187,0.67376079,USDT
2024-08-10T07:15:00Z,LINK/USDT,buy,10.62430950,63.89112132,0.67879905,USDT
2024-08-10T08:30:00Z,LINK/USDT,sell,10.61568950,63.89112132,0.67824831,USDT
2024-08-10T11:00:00Z,LINK/USDT,buy,10.67733600,63.60137299,0.67909323,USDT
2024-08-10T13:15:00Z,LINK/USDT,sell,10.61968750,63.60137299,0.67542671,USDT
2024-08-11T00:45:00Z,LINK/USDT,buy,10.60329900,63.99556202,0.67856408,USDT
2024-08-11T01:00:00Z,LINK/USDT,stop_sell,10.56753502,63.99556202,0.67627534,USDT
2024-08-11T03:30:00Z,LINK/USDT,buy,10.70835150,63.4056753,0.67897026,USDT
2024-08-11T04:15:00Z,LINK/USDT,stop_sell,10.60469500,63.4056753,0.67239785,USDT
2024-08-11T05:45:00Z,LINK/USDT,buy,10.71135300,63.2635511,0.67763823,USDT
2024-08-11T06:00:00Z,LINK/USDT,stop_sell,10.61069200,63.2635511,0.67127006,USDT
2024-08-12T07:45:00Z,LINK/USDT,buy,10.23311400,66.23749134,0.67781580,USDT
2024-08-12T13:30:00Z,LINK/USDT,sell,10.51573950,66.23749134,0.69653620,USDT
2024-08-12T23:30:00Z,LINK/USDT,buy,10.57128300,64.17470147,0.67840893,USDT
2024-08-13T00:15:00Z,LINK/USDT,stop_sell,10.47376050,64.17470147,0.67215045,USDT
2024-08-13T13:15:00Z,LINK/USDT,buy,10.25312400,65.83684867,0.67503337,USDT
2024-08-13T14:45:00Z,LINK/USDT,sell,10.34282600,65.83684867,0.68093907,USDT
2024-08-14T06:30:00Z,LINK/USDT,buy,10.64632050,63.48460717,0.67587747,USDT
2024-08-14T06:30:00Z,LINK/USDT,stop_sell,10.63567950,63.48460717,0.67520194,USDT
2024-08-14T12:45:00Z,LINK/USDT,buy,10.60029750,63.3093256,0.67109769,USDT
2024-08-14T12:45:00Z,LINK/USDT,stop_sell,10.58970250,63.3093256,0.67042692,USDT
2024-08-15T00:45:00Z,LINK/USDT,buy,10.43521500,65.00691214,0.67836110,USDT
2024-08-15T01:45:00Z,LINK/USDT,stop_sell,10.37695179,65.00691214,0.67457359,USDT
2024-08-15T12:45:00Z,LINK/USDT,buy,10.54927200,64.29501497,0.67826560,USDT
2024-08-15T12:45:00Z,LINK/USDT,stop_sell,10.49639204,64.29501497,0.67486568,USDT
2024-08-15T13:30:00Z,LINK/USDT,buy,10.52626050,64.08243927,0.67454845,USDT
2024-08-15T16:30:00Z,LINK/USDT,sell,10.59370050,64.08243927,0.67887017,USDT
2024-08-16T02:45:00Z,LINK/USDT,buy,10.21310400,66.26351045,0.67675612,USDT
2024-08-16T03:45:00Z,LINK/USDT,sell,10.15591950,66.26351045,0.67296688,USDT
2024-08-17T17:00:00Z,LINK/USDT,buy,10.15507500,66.65388229,0.67687517,USDT
2024-08-17T18:15:00Z,LINK/USDT,sell,10.11294100,66.65388229,0.67406678,USDT
2024-08-18T00:45:00Z,LINK/USDT,buy,10.18909200,66.39216086,0.67647584,USDT
2024-08-18T01:15:00Z,LINK/USDT,stop_sell,10.11893800,66.39216086,0.67181816,USDT
2024-08-18T10:00:00Z,LINK/USDT,buy,10.17608550,66.4951467,0.67666030,USDT
2024-08-18T14:15:00Z,LINK/USDT,sell,10.24387550,66.4951467,0.68116800,USDT
2024-08-18T15:45:00Z,LINK/USDT,buy,10.37818650,64.94146133,0.67397460,USDT
2024-08-18T15:45:00Z,LINK/USDT,stop_sell,10.35549823,64.94146133,0.67250119,USDT
2024-08-19T17:45:00Z,LINK/USDT,buy,10.11105300,66.74734099,0.67488590,USDT
2024-08-19T17:45:00Z,LINK/USDT,stop_sell,10.04076282,66.74734099,0.67019422,USDT
2024-08-20T00:30:00Z,LINK/USDT,buy,10.29114300,65.89900841,0.67817612,USDT
2024-08-20T07:30:00Z,LINK/USDT,sell,10.47076200,65.89900841,0.69001283,USDT
2024-08-21T02:15:00Z,LINK/USDT,buy,10.35717600,65.4125988,0.67748980,USDT
2024-08-21T02:45:00Z,LINK/USDT,stop_sell,10.30277461,65.4125988,0.67393126,USDT
2024-08-21T04:00:00Z,LINK/USDT,buy,10.37218350,65.00979648,0.67429354,USDT
2024-08-21T07:45:00Z,LINK/USDT,sell,10.39879800,65.00979648,0.67602374,USDT
2024-08-21T14:00:00Z,LINK/USDT,buy,10.37718600,65.21349309,0.67673255,USDT
2024-08-21T14:15:00Z,LINK/USDT,stop_sell,10.28785350,65.21349309,0.67090686,USDT
2024-08-21T17:30:00Z,LINK/USDT,buy,10.65532500,63.5273193,0.67690423,USDT
2024-08-21T23:00:00Z,LINK/USDT,sell,11.21239100,63.5273193,0.71229314,USDT
2024-08-22T03:15:00Z,LINK/USDT,buy,11.32866150,59.88412778,0.67840701,USDT
2024-08-22T04:45:00Z,LINK/USDT,sell,11.29335050,59.88412778,0.67629244,USDT
2024-08-22T14:00:00Z,LINK/USDT,buy,11.42871150,59.33024999,0.67806831,USDT
2024-08-22T16:15:00Z,LINK/USDT,sell,11.41728850,59.33024999,0.67739058,USDT
2024-08-22T16:45:00Z,LINK/USDT,buy,11.60179800,58.42084598,0.67778685,USDT
2024-08-22T16:45:00Z,LINK/USDT,stop_sell,11.50163916,58.42084598,0.67193549,USDT
2024-08-23T05:30:00Z,LINK/USDT,buy,11.60279850,58.36613289,0.67721048,USDT
2024-08-23T05:45:00Z,LINK/USDT,stop_sell,11.53522950,58.36613289,0.67326674,USDT
2024-08-23T08:30:00Z,LINK/USDT,buy,11.67283350,57.94487799,0.67638091,USDT
2024-08-23T09:00:00Z,LINK/USDT,stop_sell,11.60551577,57.94487799,0.67248020,USDT
2024-08-23T14:15:00Z,LINK/USDT,buy,11.77788600,57.84943859,0.68134409,USDT
2024-08-23T14:15:00Z,LINK/USDT,stop_sell,11.59876914,57.84943859,0.67098228,USDT
2024-08-23T18:00:00Z,LINK/USDT,buy,11.88594000,56.95051531,0.67691041,USDT
2024-08-23T23:15:00Z,LINK/USDT,sell,12.04997200,56.95051531,0.68625211,USDT
2024-08-24T10:15:00Z,LINK/USDT,buy,12.09804600,55.91474489,0.67645916,USDT
2024-08-24T13:15:00Z,LINK/USDT,sell,12.08895250,55.91474489,0.67595070,USDT
2024-08-24T15:45:00Z,LINK/USDT,buy,12.19309350,55.43909588,0.67597408,USDT
2024-08-24T19:00:00Z,LINK/USDT,sell,12.45077150,55.43909588,0.69025951,USDT
2024-08-25T15:30:00Z,LINK/USDT,buy,12.29514450,55.23382518,0.67910786,USDT
2024-08-25T15:45:00Z,LINK/USDT,stop_sell,12.19257923,55.23382518,0.67344279,USDT
2024-08-26T05:00:00Z,LINK/USDT,buy,12.20610000,55.41417612,0.67639098,USDT
2024-08-26T06:00:00Z,LINK/USDT,stop_sell,12.14742325,55.41417612,0.67313945,USDT
2024-08-26T06:30:00Z,LINK/USDT,buy,12.31415400,55.1489442,0.67911259,USDT
2024-08-26T10:30:00Z,LINK/USDT,sell,12.41379000,55.1489442,0.68460741,USDT
2024-08-27T05:15:00Z,LINK/USDT,buy,11.98999200,56.4098258,0.67635336,USDT
2024-08-27T06:30:00Z,LINK/USDT,sell,11.90904250,56.4098258,0.67178701,USDT
2024-08-28T04:30:00Z,LINK/USDT,buy,11.15957700,60.32703995,0.67322425,USDT
2024-08-28T04:45:00Z,LINK/USDT,stop_sell,11.11643900,60.32703995,0.67062186,USDT
2024-08-28T10:00:00Z,LINK/USDT,buy,11.43471450,59.18885822,0.67680770,USDT
2024-08-28T13:45:00Z,LINK/USDT,sell,11.50024700,59.18885822,0.68068649,USDT
2024-08-29T14:15:00Z,LINK/USDT,buy,11.43071250,59.2896944,0.67772345,USDT
2024-08-29T16:00:00Z,LINK/USDT,sell,11.37630900,59.2896944,0.67449788,USDT
2024-08-30T03:30:00Z,LINK/USDT,buy,10.99049250,61.23011116,0.67294908,USDT
2024-08-30T05:30:00Z,LINK/USDT,sell,11.01149150,61.23011116,0.67423485,USDT
2024-08-30T07:30:00Z,LINK/USDT,buy,11.11255350,60.84884284,0.67618602,USDT
2024-08-30T11:15:00Z,LINK/USDT,sell,11.07845800,60.84884284,0.67411135,USDT
2024-08-31T12:45:00Z,LINK/USDT,buy,11.17358400,60.41030125,0.67499958,USDT
2024-08-31T14:00:00Z,LINK/USDT,sell,11.11943750,60.41030125,0.67172857,USDT
2024-09-02T10:00:00Z,LINK/USDT,buy,10.69434450,63.16508815,0.67550921,USDT
2024-09-02T13:00:00Z,LINK/USDT,sell,10.68365550,63.16508815,0.67483404,USDT
2024-09-02T21:00:00Z,LINK/USDT,buy,10.82340900,62.68026448,0.67841414,USDT
2024-09-02T22:00:00Z,LINK/USDT,sell,10.72463500,62.68026448,0.67222296,USDT
2024-09-03T01:15:00Z,LINK/USDT,buy,10.78739100,62.27681054,0.67180431,USDT
2024-09-03T01:30:00Z,LINK/USDT,stop_sell,10.74926554,62.27681054,0.66942997,USDT
2024-09-04T07:45:00Z,LINK/USDT,buy,10.36518000,64.87003991,0.67238964,USDT
2024-09-04T07:45:00Z,LINK/USDT,stop_sell,10.33518696,64.87003991,0.67044399,USDT
2024-09-04T15:00:00Z,LINK/USDT,buy,10.30515000,65.22169919,0.67211939,USDT
2024-09-04T15:30:00Z,LINK/USDT,stop_sell,10.24737375,65.22169919,0.66835113,USDT
2024-09-04T16:45:00Z,LINK/USDT,buy,10.44522000,64.43287709,0.67301558,USDT
2024-09-04T17:45:00Z,LINK/USDT,sell,10.35482000,64.43287709,0.66719084,USDT
2024-09-06T02:15:00Z,LINK/USDT,buy,10.12506000,66.54515264,0.67377366,USDT
2024-09-06T04:30:00Z,LINK/USDT,sell,10.08495500,66.54515264,0.67110487,USDT
2024-09-06T12:45:00Z,LINK/USDT,buy,10.06503000,66.97756211,0.67413117,USDT
2024-09-06T13:30:00Z,LINK/USDT,stop_sell,9.98750375,66.97756211,0.66893865,USDT
2024-09-07T05:15:00Z,LINK/USDT,buy,9.76488000,68.77685459,0.67159773,USDT
2024-09-07T09:30:00Z,LINK/USDT,sell,9.88505500,68.77685459,0.67986299,USDT
2024-09-07T15:15:00Z,LINK/USDT,buy,10.06503000,66.78083545,0.67215111,USDT
2024-09-07T16:45:00Z,LINK/USDT,sell,10.06496500,66.78083545,0.67214677,USDT
2024-09-08T02:30:00Z,LINK/USDT,buy,10.06503000,66.77011069,0.67204317,USDT
2024-09-08T02:45:00Z,LINK/USDT,stop_sell,10.02498500,66.77011069,0.66936936,USDT
2024-09-08T04:00:00Z,LINK/USDT,buy,10.12506000,66.40812026,0.67238620,USDT
2024-09-08T07:00:00Z,LINK/USDT,sell,10.24487500,66.40812026,0.68034289,USDT
2024-09-08T08:45:00Z,LINK/USDT,buy,10.30515000,65.23440899,0.67225037,USDT
2024-09-08T09:00:00Z,LINK/USDT,stop_sell,10.27129036,65.23440899,0.67004156,USDT
2024-09-08T11:30:00Z,LINK/USDT,buy,10.29514500,65.20682759,0.67131375,USDT
2024-09-08T12:30:00Z,LINK/USDT,sell,10.25487000,65.20682759,0.66868754,USDT
2024-09-08T21:30:00Z,LINK/USDT,buy,10.27513500,65.1760221,0.66969243,USDT
2024-09-08T23:00:00Z,LINK/USDT,sell,10.29485000,65.1760221,0.67097737,USDT
2024-09-09T07:30:00Z,LINK/USDT,buy,10.49524500,63.99509721,0.67164422,USDT
2024-09-09T10:45:00Z,LINK/USDT,sell,10.61469000,63.99509721,0.67928812,USDT
2024-09-09T16:45:00Z,LINK/USDT,buy,10.56528000,63.61856124,0.67214791,USDT
2024-09-09T18:15:00Z,LINK/USDT,sell,10.51474000,63.61856124,0.66893263,USDT
2024-09-10T12:00:00Z,LINK/USDT,buy,10.54527000,63.70469617,0.67178322,USDT
2024-09-10T12:15:00Z,LINK/USDT,stop_sell,10.45477000,63.70469617,0.66601795,USDT
2024-09-10T20:45:00Z,LINK/USDT,buy,10.67533500,62.99335696,0.67247519,USDT
2024-09-10T21:15:00Z,LINK/USDT,sell,10.61469000,62.99335696,0.66865496,USDT
2024-09-12T01:30:00Z,LINK/USDT,buy,10.52526000,63.73254207,0.67080158,USDT
2024-09-12T06:45:00Z,LINK/USDT,sell,10.53473000,63.73254207,0.67140512,USDT
2024-09-12T11:30:00Z,LINK/USDT,buy,10.63531500,63.12685968,0.67137404,USDT
2024-09-12T11:30:00Z,LINK/USDT,stop_sell,10.60076839,63.12685968,0.66919322,USDT
2024-09-12T23:30:00Z,LINK/USDT,buy,10.75537500,62.33725944,0.67046060,USDT
2024-09-13T00:45:00Z,LINK/USDT,stop_sell,10.69322214,62.33725944,0.66658616,USDT
2024-09-13T01:15:00Z,LINK/USDT,buy,10.76538000,61.95269381,0.66694429,USDT
2024-09-13T01:15:00Z,LINK/USDT,stop_sell,10.75462000,61.95269381,0.66627768,USDT
2024-09-13T02:30:00Z,LINK/USDT,buy,10.71535500,61.88065004,0.66307313,USDT
2024-09-13T02:30:00Z,LINK/USDT,stop_sell,10.70464500,61.88065004,0.66241039,USDT
2024-09-13T09:15:00Z,LINK/USDT,buy,10.79539500,62.26879771,0.67221627,USDT
2024-09-13T22:45:00Z,LINK/USDT,sell,11.44427500,62.26879771,0.71262124,USDT
2024-09-14T14:45:00Z,LINK/USDT,buy,11.33566500,59.35668019,0.67284744,USDT
2024-09-14T17:15:00Z,LINK/USDT,sell,11.31434000,59.35668019,0.67158166,USDT
2024-09-16T08:30:00Z,LINK/USDT,buy,10.79539500,62.19263365,0.67139405,USDT
2024-09-16T08:30:00Z,LINK/USDT,stop_sell,10.77782268,62.19263365,0.67030118,USDT
2024-09-17T14:30:00Z,LINK/USDT,buy,10.74537000,62.52163764,0.67181813,USDT
2024-09-17T14:30:00Z,LINK/USDT,stop_sell,10.69964750,62.52163764,0.66895948,USDT
2024-09-17T15:30:00Z,LINK/USDT,buy,10.90545000,61.63042668,0.67210754,USDT
2024-09-17T15:45:00Z,LINK/USDT,stop_sell,10.81851661,61.63042668,0.66674979,USDT
2024-09-18T18:30:00Z,LINK/USDT,buy,10.61530500,63.5038716,0.67411297,USDT
2024-09-18T20:00:00Z,LINK/USDT,stop_sell,10.49510696,63.5038716,0.66647992,USDT
2024-09-18T23:45:00Z,LINK/USDT,buy,10.78539000,62.20018851,0.67085329,USDT
2024-09-19T01:00:00Z,LINK/USDT,stop_sell,10.72320714,62.20018851,0.66698551,USDT
2024-09-19T08:15:00Z,LINK/USDT,buy,11.15557500,60.15274526,0.67103846,USDT
2024-09-19T11:00:00Z,LINK/USDT,sell,11.15442000,60.15274526,0.67096898,USDT
2024-09-19T16:45:00Z,LINK/USDT,buy,11.32566000,59.08189272,0.66914143,USDT
2024-09-19T19:00:00Z,LINK/USDT,sell,11.27436000,59.08189272,0.66611053,USDT
2024-09-20T04:00:00Z,LINK/USDT,buy,11.41570500,58.74029572,0.67056189,USDT
2024-09-20T08:45:00Z,LINK/USDT,sell,11.65417000,58.74029572,0.68456939,USDT
2024-09-21T13:00:00Z,LINK/USDT,buy,11.38569000,58.98430617,0.67157702,USDT
2024-09-21T15:15:00Z,LINK/USDT,sell,11.36431500,58.98430617,0.67031624,USDT
2024-09-21T22:45:00Z,LINK/USDT,buy,11.40570000,58.91417807,0.67195744,USDT
2024-09-22T01:45:00Z,LINK/USDT,sell,11.41429000,58.91417807,0.67246351,USDT
2024-09-22T23:00:00Z,LINK/USDT,buy,11.18559000,60.06955902,0.67191346,USDT
2024-09-23T00:00:00Z,LINK/USDT,stop_sell,11.07446000,60.06955902,0.66523793,USDT
2024-09-23T02:45:00Z,LINK/USDT,buy,11.25562500,59.58498791,0.67066628,USDT
2024-09-23T04:30:00Z,LINK/USDT,sell,11.34432500,59.58498791,0.67595147,USDT
2024-09-23T09:30:00Z,LINK/USDT,buy,11.45572500,58.62207785,0.67155840,USDT
2024-09-23T11:00:00Z,LINK/USDT,stop_sell,11.37288214,58.62207785,0.66670198,USDT
2024-09-23T14:30:00Z,LINK/USDT,buy,11.50575000,58.2728264,0.67047257,USDT
2024-09-23T14:30:00Z,LINK/USDT,stop_sell,11.41678875,58.2728264,0.66528855,USDT
2024-09-23T15:45:00Z,LINK/USDT,buy,11.54577000,57.87484364,0.66820963,USDT
2024-09-23T16:00:00Z,LINK/USDT,stop_sell,11.47283214,57.87484364,0.66398837,USDT
2024-09-24T08:45:00Z,LINK/USDT,buy,11.50575000,58.08765554,0.66834204,USDT
2024-09-24T09:15:00Z,LINK/USDT,stop_sell,11.44427500,58.08765554,0.66477110,USDT
2024-09-24T10:45:00Z,LINK/USDT,buy,11.52576000,58.00317632,0.66853069,USDT
2024-09-24T11:00:00Z,LINK/USDT,stop_sell,11.44427500,58.00317632,0.66380430,USDT
2024-09-24T12:00:00Z,LINK/USDT,buy,11.52576000,57.91083203,0.66746635,USDT
2024-09-24T13:30:00Z,LINK/USDT,sell,11.55422000,57.91083203,0.66911449,USDT
2024-09-24T18:00:00Z,LINK/USDT,buy,11.77888650,56.97413124,0.67109183,USDT
2024-09-25T04:30:00Z,LINK/USDT,sell,12.19390000,56.97413124,0.69473686,USDT
2024-09-25T08:30:00Z,LINK/USDT,buy,12.34617000,54.21207729,0.66931152,USDT
2024-09-25T08:45:00Z,LINK/USDT,stop_sell,12.28492589,54.21207729,0.66599135,USDT
2024-09-25T12:45:00Z,LINK/USDT,buy,12.38619000,54.00699893,0.66894095,USDT
2024-09-25T12:45:00Z,LINK/USDT,stop_sell,12.33989839,54.00699893,0.66644088,USDT
2024-09-25T16:45:00Z,LINK/USDT,buy,12.49624500,53.42171569,0.66757085,USDT
2024-09-25T17:00:00Z,LINK/USDT,stop_sell,12.41379000,53.42171569,0.66316596,USDT
2024-09-26T06:45:00Z,LINK/USDT,buy,12.24612000,54.69566535,0.66980968,USDT
2024-09-26T08:15:00Z,LINK/USDT,sell,12.16391500,54.69566535,0.66531342,USDT
2024-09-26T10:30:00Z,LINK/USDT,buy,12.30615000,54.30199351,0.66824848,USDT
2024-09-26T12:45:00Z,LINK/USDT,sell,12.26386500,54.30199351,0.66595232,USDT
2024-09-26T14:15:00Z,LINK/USDT,buy,12.34617000,54.10243851,0.66795790,USDT
2024-09-26T17:45:00Z,LINK/USDT,sell,12.55372000,54.10243851,0.67918686,USDT
2024-09-27T04:15:00Z,LINK/USDT,buy,12.66633000,52.88090479,0.66980699,USDT
2024-09-27T08:00:00Z,LINK/USDT,sell,12.77361000,52.88090479,0.67548005,USDT
2024-09-28T02:30:00Z,LINK/USDT,buy,12.78639000,52.36968353,0.66961920,USDT
2024-09-28T03:30:00Z,LINK/USDT,sell,12.76361500,52.36968353,0.66842648,USDT
2024-09-28T14:15:00Z,LINK/USDT,buy,12.70635000,52.68387687,0.66941978,USDT
2024-09-28T16:45:00Z,LINK/USDT,sell,12.75362000,52.68387687,0.67191015,USDT
2024-10-01T03:45:00Z,LINK/USDT,buy,12.09604500,55.30606455,0.66898465,USDT
2024-10-01T08:15:00Z,LINK/USDT,sell,12.15392000,55.30606455,0.67218548,USDT
2024-10-03T04:00:00Z,LINK/USDT,buy,10.82541000,61.86855633,0.66975249,USDT
2024-10-03T05:45:00Z,LINK/USDT,stop_sell,10.75462000,61.86855633,0.66537281,USDT
2024-10-04T00:15:00Z,LINK/USDT,buy,10.67533500,62.57883051,0.66804998,USDT
2024-10-04T00:30:00Z,LINK/USDT,stop_sell,10.63396607,62.57883051,0.66546116,USDT
2024-10-04T01:30:00Z,LINK/USDT,buy,10.75537500,62.25797982,0.66960792,USDT
2024-10-04T10:00:00Z,LINK/USDT,sell,10.95452000,62.25797982,0.68200629,USDT
2024-10-04T15:15:00Z,LINK/USDT,buy,11.08554000,60.4256426,0.66985088,USDT
2024-10-04T17:45:00Z,LINK/USDT,sell,11.10444500,60.4256426,0.67099322,USDT
2024-10-05T06:15:00Z,LINK/USDT,buy,11.15557500,59.99067119,0.66923043,USDT
2024-10-05T12:45:00Z,LINK/USDT,sell,11.32433500,59.99067119,0.67935446,USDT
2024-10-05T16:15:00Z,LINK/USDT,buy,11.35567500,59.04744436,0.67052359,USDT
2024-10-05T16:45:00Z,LINK/USDT,stop_sell,11.27436000,59.04744436,0.66572214,USDT
2024-10-06T06:15:00Z,LINK/USDT,buy,11.35567500,59.05622276,0.67062327,USDT
2024-10-06T08:00:00Z,LINK/USDT,stop_sell,11.29006643,59.05622276,0.66674868,USDT
2024-10-06T15:00:00Z,LINK/USDT,buy,11.31565500,59.12378838,0.66902439,USDT
2024-10-06T15:30:00Z,LINK/USDT,stop_sell,11.24437500,59.12378838,0.66481005,USDT
2024-10-07T01:00:00Z,LINK/USDT,buy,11.39569500,58.61808705,0.66799384,USDT
2024-10-07T06:00:00Z,LINK/USDT,sell,11.58420500,58.61808705,0.67904394,USDT
2024-10-07T14:15:00Z,LINK/USDT,buy,11.60580000,57.67434802,0.66935695,USDT
2024-10-07T15:00:00Z,LINK/USDT,stop_sell,11.51709571,57.67434802,0.66424099,USDT
2024-10-08T14:00:00Z,LINK/USDT,buy,11.15557500,59.95573742,0.66884073,USDT
2024-10-08T14:00:00Z,LINK/USDT,stop_sell,11.09837661,59.95573742,0.66541135,USDT
2024-10-10T04:30:00Z,LINK/USDT,buy,10.65532500,62.85281113,0.66971713,USDT
2024-10-10T08:00:00Z,LINK/USDT,sell,10.63468000,62.85281113,0.66841953,USDT
2024-10-11T02:00:00Z,LINK/USDT,buy,10.59529500,62.95141599,0.66698882,USDT
2024-10-11T02:00:00Z,LINK/USDT,stop_sell,10.57256821,62.95141599,0.66555814,USDT
2024-10-11T07:15:00Z,LINK/USDT,buy,10.68534000,62.57670714,0.66865339,USDT
2024-10-11T08:00:00Z,LINK/USDT,stop_sell,10.64860161,62.57670714,0.66635442,USDT
2024-10-11T09:30:00Z,LINK/USDT,buy,10.70535000,62.37408852,0.66773645,USDT
2024-10-11T10:30:00Z,LINK/USDT,stop_sell,10.67466000,62.37408852,0.66582219,USDT
2024-10-11T16:45:00Z,LINK/USDT,buy,10.88544000,61.26197627,0.66686357,USDT
2024-10-11T17:30:00Z,LINK/USDT,stop_sell,10.81601786,61.26197627,0.66261063,USDT
2024-10-12T00:45:00Z,LINK/USDT,buy,11.01550500,60.60875715,0.66763607,USDT
2024-10-12T01:00:00Z,LINK/USDT,stop_sell,10.95916054,60.60875715,0.66422110,USDT
2024-10-12T09:30:00Z,LINK/USDT,buy,10.98549000,60.68457037,0.66664974,USDT
2024-10-12T12:30:00Z,LINK/USDT,sell,11.04447500,60.68457037,0.67022922,USDT
2024-10-12T13:15:00Z,LINK/USDT,buy,11.10555000,59.99063823,0.66622903,USDT
2024-10-12T15:30:00Z,LINK/USDT,sell,11.09445000,59.99063823,0.66556314,USDT
2024-10-13T22:15:00Z,LINK/USDT,buy,10.81540500,61.75497458,0.66790506,USDT
2024-10-13T22:15:00Z,LINK/USDT,stop_sell,10.76318714,61.75497458,0.66468035,USDT
2024-10-14T14:00:00Z,LINK/USDT,buy,11.08554000,60.1600354,0.66690648,USDT
2024-10-14T17:00:00Z,LINK/USDT,sell,11.17441000,60.1600354,0.67225290,USDT
2024-10-14T23:15:00Z,LINK/USDT,buy,11.25562500,58.9639091,0.66367565,USDT
2024-10-14T23:15:00Z,LINK/USDT,stop_sell,11.24437500,58.9639091,0.66301231,USDT
2024-10-15T01:15:00Z,LINK/USDT,buy,11.31565500,58.89769853,0.66646604,USDT
2024-10-15T01:30:00Z,LINK/USDT,stop_sell,11.25508393,58.89769853,0.66289854,USDT
2024-10-15T14:00:00Z,LINK/USDT,buy,11.62581000,57.39148461,0.66722250,USDT
2024-10-15T14:00:00Z,LINK/USDT,stop_sell,11.48603982,57.39148461,0.65920088,USDT
2024-10-16T20:45:00Z,LINK/USDT,buy,11.29564500,58.90109638,0.66532587,USDT
2024-10-16T21:30:00Z,LINK/USDT,stop_sell,11.24437500,58.90109638,0.66230602,USDT
2024-10-18T02:00:00Z,LINK/USDT,buy,11.20560000,59.4495151,0.66616749,USDT
2024-10-18T02:00:00Z,LINK/USDT,stop_sell,11.14121232,59.4495151,0.66233967,USDT
2024-10-18T02:30:00Z,LINK/USDT,buy,11.19559500,59.41261833,0.66515961,USDT
2024-10-18T04:15:00Z,LINK/USDT,sell,11.16441500,59.41261833,0.66330713,USDT
2024-10-18T06:15:00Z,LINK/USDT,buy,11.30565000,58.9155809,0.66607894,USDT
2024-10-18T09:30:00Z,LINK/USDT,sell,11.39430000,58.9155809,0.67130180,USDT
2024-10-18T19:15:00Z,LINK/USDT,buy,11.46573000,57.96591934,0.66462158,USDT
2024-10-18T20:00:00Z,LINK/USDT,stop_sell,11.40429500,57.96591934,0.66106044,USDT
2024-10-19T00:30:00Z,LINK/USDT,buy,11.49574500,57.78054744,0.66423044,USDT
2024-10-19T00:45:00Z,LINK/USDT,stop_sell,11.45748268,57.78054744,0.66201962,USDT
2024-10-19T01:00:00Z,LINK/USDT,buy,11.50575000,57.7056978,0.66394733,USDT
2024-10-19T01:30:00Z,LINK/USDT,stop_sell,11.46212321,57.7056978,0.66142982,USDT
2024-10-19T21:30:00Z,LINK/USDT,buy,11.40570000,58.23600469,0.66422240,USDT
2024-10-20T00:30:00Z,LINK/USDT,sell,11.40429500,58.23600469,0.66414058,USDT
2024-10-20T09:45:00Z,LINK/USDT,buy,11.47573500,57.92098503,0.66468588,USDT
2024-10-20T17:30:00Z,LINK/USDT,sell,11.83408000,57.92098503,0.68544157,USDT
2024-10-20T23:00:00Z,LINK/USDT,buy,11.95597500,55.53447987,0.66396885,USDT
2024-10-20T23:15:00Z,LINK/USDT,stop_sell,11.93188821,55.53447987,0.66263121,USDT
2024-10-22T02:15:00Z,LINK/USDT,buy,11.88594000,55.93725457,0.66486685,USDT
2024-10-22T02:45:00Z,LINK/USDT,stop_sell,11.78410500,55.93725457,0.65917048,USDT
2024-10-22T06:30:00Z,LINK/USDT,buy,11.99599500,55.37722699,0.66430494,USDT
2024-10-22T08:30:00Z,LINK/USDT,sell,11.98400500,55.37722699,0.66364097,USDT
2024-10-22T11:15:00Z,LINK/USDT,buy,12.25612500,54.32189837,0.66577598,USDT
2024-10-22T11:15:00Z,LINK/USDT,stop_sell,12.09287911,54.32189837,0.65690815,USDT
2024-10-24T00:45:00Z,LINK/USDT,buy,11.37568500,58.41395218,0.66449872,USDT
2024-10-24T02:15:00Z,LINK/USDT,sell,11.42428500,58.41395218,0.66733764,USDT
2024-10-24T20:00:00Z,LINK/USDT,buy,11.52576000,57.66251511,0.66460431,USDT
2024-10-24T23:45:00Z,LINK/USDT,sell,11.59420000,57.66251511,0.66855073,USDT
2024-10-25T00:30:00Z,LINK/USDT,buy,11.64582000,57.03594026,0.66423029,USDT
2024-10-25T04:00:00Z,LINK/USDT,sell,11.91404000,57.03594026,0.67952847,USDT
2024-10-25T12:15:00Z,LINK/USDT,buy,11.89594500,55.88261892,0.66477656,USDT
2024-10-25T12:45:00Z,LINK/USDT,stop_sell,11.80409500,55.88261892,0.65964374,USDT
2024-10-26T20:30:00Z,LINK/USDT,buy,11.08554000,60.0296347,0.66546092,USDT
2024-10-26T21:15:00Z,LINK/USDT,stop_sell,11.01698875,60.0296347,0.66134581,USDT
2024-10-27T13:30:00Z,LINK/USDT,buy,11.00550000,60.3723755,0.66442818,USDT
2024-10-27T13:45:00Z,LINK/USDT,stop_sell,10.95880357,60.3723755,0.66160900,USDT
2024-10-28T07:15:00Z,LINK/USDT,buy,10.95547500,60.72901006,0.66531515,USDT
2024-10-28T14:00:00Z,LINK/USDT,sell,10.99450000,60.72901006,0.66768510,USDT
2024-10-28T19:30:00Z,LINK/USDT,buy,11.01550500,60.13089263,0.66237215,USDT
2024-10-29T01:15:00Z,LINK/USDT,stop_sell,10.93774268,60.13089263,0.65769623,USDT
2024-10-29T02:00:00Z,LINK/USDT,buy,11.24562000,58.80781427,0.66133033,USDT
2024-10-29T03:30:00Z,LINK/USDT,sell,11.36431500,58.80781427,0.66831053,USDT
2024-10-29T08:15:00Z,LINK/USDT,buy,11.55577500,57.42130832,0.66354772,USDT
2024-10-29T09:15:00Z,LINK/USDT,stop_sell,11.48318411,57.42130832,0.65937946,USDT
2024-10-29T16:00:00Z,LINK/USDT,buy,11.55577500,57.53270971,0.66483505,USDT
2024-10-29T18:30:00Z,LINK/USDT,sell,11.58420500,57.53270971,0.66647070,USDT
2024-10-30T03:15:00Z,LINK/USDT,buy,11.92596000,55.60412447,0.66313256,USDT
2024-10-30T07:15:00Z,LINK/USDT,sell,11.97401000,55.60412447,0.66580434,USDT
2024-10-30T13:00:00Z,LINK/USDT,buy,12.08604000,54.74059381,0.66159701,USDT
2024-10-30T13:30:00Z,LINK/USDT,stop_sell,12.03398000,54.74059381,0.65874721,USDT
2024-10-30T14:30:00Z,LINK/USDT,buy,12.29614500,53.95561725,0.66344609,USDT
2024-10-30T15:15:00Z,LINK/USDT,stop_sell,12.19247214,53.95561725,0.65785236,USDT
2024-10-30T22:15:00Z,LINK/USDT,buy,12.32616000,53.86670279,0.66396960,USDT
2024-10-31T00:45:00Z,LINK/USDT,sell,12.36381500,53.86670279,0.66599795,USDT
2024-11-01T05:00:00Z,LINK/USDT,buy,11.48574000,57.67226899,0.66240869,USDT
2024-11-01T06:00:00Z,LINK/USDT,sell,11.39430000,57.67226899,0.65713513,USDT
2024-11-01T12:45:00Z,LINK/USDT,buy,11.45572500,57.77731007,0.66188098,USDT
2024-11-01T13:00:00Z,LINK/USDT,stop_sell,11.40429500,57.77731007,0.65890949,USDT
2024-11-01T14:30:00Z,LINK/USDT,buy,11.71585500,56.61017278,0.66323658,USDT
2024-11-01T14:45:00Z,LINK/USDT,stop_sell,11.59384304,56.61017278,0.65632946,USDT
2024-11-05T08:00:00Z,LINK/USDT,buy,10.50525000,62.90939842,0.66087896,USDT
2024-11-05T11:00:00Z,LINK/USDT,sell,10.53473000,62.90939842,0.66273353,USDT
2024-11-05T11:15:00Z,LINK/USDT,buy,10.57528500,62.49679848,0.66092146,USDT
2024-11-05T12:15:00Z,LINK/USDT,stop_sell,10.54115536,62.49679848,0.65878846,USDT
2024-11-05T14:30:00Z,LINK/USDT,buy,10.75537500,61.48183833,0.66126023,USDT
2024-11-05T18:30:00Z,LINK/USDT,sell,10.87456000,61.48183833,0.66858794,USDT
2024-11-06T00:30:00Z,LINK/USDT,buy,10.93546500,60.4569783,0.66112517,USDT
2024-11-06T08:00:00Z,LINK/USDT,sell,11.71414000,60.4569783,0.70820151,USDT
2024-11-06T16:00:00Z,LINK/USDT,buy,11.81590500,55.97736594,0.66142324,USDT
2024-11-06T17:30:00Z,LINK/USDT,sell,11.86406500,55.97736594,0.66411911,USDT
2024-11-06T21:45:00Z,LINK/USDT,buy,12.06603000,55.10455721,0.66489324,USDT
2024-11-06T23:45:00Z,LINK/USDT,sell,12.13393000,55.10455721,0.66863484,USDT
2024-11-07T01:30:00Z,LINK/USDT,buy,12.48624000,53.18028845,0.66402184,USDT
2024-11-07T01:45:00Z,LINK/USDT,stop_sell,12.37916446,53.18028845,0.65832754,USDT
2024-11-07T03:00:00Z,LINK/USDT,buy,12.63631500,52.58846184,0.66452437,USDT
2024-11-07T04:00:00Z,LINK/USDT,stop_sell,12.49196518,52.58846184,0.65693323,USDT
2024-11-07T16:00:00Z,LINK/USDT,buy,12.39619500,53.59283244,0.66434720,USDT
2024-11-07T18:15:00Z,LINK/USDT,sell,12.39380000,53.59283244,0.66421885,USDT
2024-11-07T19:15:00Z,LINK/USDT,buy,12.50625000,52.81550254,0.66052388,USDT
2024-11-07T19:45:00Z,LINK/USDT,sell,12.49375000,52.81550254,0.65986368,USDT
2024-11-07T20:15:00Z,LINK/USDT,buy,12.60630000,52.67706636,0.66406290,USDT
2024-11-07T22:15:00Z,LINK/USDT,sell,12.52373500,52.67706636,0.65971362,USDT
2024-11-08T01:15:00Z,LINK/USDT,buy,12.77638500,52.06209118,0.66516532,USDT
2024-11-08T01:30:00Z,LINK/USDT,stop_sell,12.62618375,52.06209118,0.65734553,USDT
2024-11-08T09:30:00Z,LINK/USDT,buy,12.90645000,51.27955357,0.66183699,USDT
2024-11-08T15:00:00Z,LINK/USDT,sell,13.21339000,51.27955357,0.67757674,USDT
2024-11-08T15:30:00Z,LINK/USDT,buy,13.29664500,49.71297325,0.66101576,USDT
2024-11-08T16:30:00Z,LINK/USDT,stop_sell,13.17483786,49.71297325,0.65496036,USDT
2024-11-09T19:00:00Z,LINK/USDT,buy,13.58679000,48.82692362,0.66340116,USDT
2024-11-09T21:30:00Z,LINK/USDT,sell,13.53323000,48.82692362,0.66078599,USDT
2024-11-09T23:00:00Z,LINK/USDT,buy,13.74687000,48.1298114,0.66163426,USDT
2024-11-10T08:45:00Z,LINK/USDT,sell,14.44277500,48.1298114,0.69512804,USDT
2024-11-10T12:00:00Z,LINK/USDT,buy,14.57728500,45.50562396,0.66334845,USDT
2024-11-10T12:00:00Z,LINK/USDT,stop_sell,14.51274000,45.50562396,0.66041129,USDT
2024-11-11T02:45:00Z,LINK/USDT,buy,14.51725500,45.73271111,0.66391343,USDT
2024-11-11T03:15:00Z,LINK/USDT,stop_sell,14.36103018,45.73271111,0.65676884,USDT
2024-11-11T11:30:00Z,LINK/USDT,buy,14.12706000,46.97941055,0.66368095,USDT
2024-11-11T12:15:00Z,LINK/USDT,stop_sell,14.03298000,46.97941055,0.65926113,USDT
2024-11-11T15:30:00Z,LINK/USDT,buy,14.32716000,46.48631043,0.66601681,USDT
2024-11-11T20:00:00Z,LINK/USDT,sell,14.56271500,46.48631043,0.67696689,USDT
2024-11-11T20:15:00Z,LINK/USDT,buy,14.69734500,45.17879033,0.66400827,USDT
2024-11-11T21:15:00Z,LINK/USDT,stop_sell,14.52559071,45.17879033,0.65624862,USDT
2024-11-12T00:00:00Z,LINK/USDT,buy,14.84742000,44.70362703,0.66373353,USDT
2024-11-12T00:00:00Z,LINK/USDT,stop_sell,14.58520375,44.70362703,0.65201151,USDT
2024-11-12T08:45:00Z,LINK/USDT,buy,14.93746500,44.33459198,0.66224642,USDT
2024-11-12T10:00:00Z,LINK/USDT,sell,14.64267500,44.33459198,0.64917702,USDT
2024-11-13T11:00:00Z,LINK/USDT,buy,13.43671500,49.19704901,0.66104673,USDT
2024-11-13T13:00:00Z,LINK/USDT,sell,13.39330000,49.19704901,0.65891084,USDT
2024-11-13T13:45:00Z,LINK/USDT,buy,13.79689500,47.82430325,0.65982689,USDT
2024-11-13T15:30:00Z,LINK/USDT,stop_sell,13.66637768,47.82430325,0.65358499,USDT
2024-11-14T05:00:00Z,LINK/USDT,buy,13.61680500,48.44662113,0.65968819,USDT
2024-11-14T06:30:00Z,LINK/USDT,stop_sell,13.49574875,48.44662113,0.65382343,USDT
2024-11-15T08:45:00Z,LINK/USDT,buy,13.30665000,49.64282797,0.66057974,USDT
2024-11-15T12:45:00Z,LINK/USDT,sell,13.43328000,49.64282797,0.66686601,USDT
2024-11-15T13:15:00Z,LINK/USDT,buy,13.55677500,48.61192119,0.65902088,USDT
2024-11-15T13:15:00Z,LINK/USDT,stop_sell,13.51216911,48.61192119,0.65685250,USDT
2024-11-16T04:00:00Z,LINK/USDT,buy,14.15707500,46.50254755,0.65834005,USDT
2024-11-16T04:00:00Z,LINK/USDT,stop_sell,14.06939036,46.50254755,0.65426249,USDT
2024-11-16T11:30:00Z,LINK/USDT,buy,14.28714000,46.21162837,0.66023200,USDT
2024-11-16T11:30:00Z,LINK/USDT,stop_sell,14.18897339,46.21162837,0.65569557,USDT
2024-11-16T12:00:00Z,LINK/USDT,buy,14.43721500,45.60358114,0.65838871,USDT
2024-11-16T12:15:00Z,LINK/USDT,stop_sell,14.33889839,45.60358114,0.65390512,USDT
2024-11-16T18:30:00Z,LINK/USDT,buy,14.57728500,45.19616176,0.65883733,USDT
2024-11-16T19:15:00Z,LINK/USDT,stop_sell,14.38601768,45.19616176,0.65019278,USDT
2024-11-18T00:45:00Z,LINK/USDT,buy,14.05702500,46.81222708,0.65804065,USDT
2024-11-18T04:45:00Z,LINK/USDT,sell,14.22288500,46.81222708,0.66580492,USDT
2024-11-18T06:00:00Z,LINK/USDT,buy,14.43721500,45.64681171,0.65901283,USDT
2024-11-18T09:00:00Z,LINK/USDT,sell,14.70264500,45.64681171,0.67112887,USDT
2024-11-18T14:30:00Z,LINK/USDT,buy,14.67733500,44.86656884,0.65852166,USDT
2024-11-18T18:00:00Z,LINK/USDT,sell,15.28235500,44.86656884,0.68566683,USDT
2024-11-20T09:00:00Z,LINK/USDT,buy,14.66733000,45.19165925,0.66284098,USDT
2024-11-20T11:15:00Z,LINK/USDT,sell,14.58270500,45.19165925,0.65901664,USDT
2024-11-20T14:00:00Z,LINK/USDT,buy,15.11755500,43.81580098,0.66238778,USDT
2024-11-20T14:30:00Z,LINK/USDT,stop_sell,14.87755750,43.81580098,0.65187210,USDT
2024-11-21T04:45:00Z,LINK/USDT,buy,14.51725500,45.37798372,0.65876376,USDT
2024-11-21T08:30:00Z,LINK/USDT,sell,14.59270000,45.37798372,0.66218730,USDT
2024-11-21T12:15:00Z,LINK/USDT,buy,14.90745000,44.32263872,0.66073752,USDT
2024-11-21T12:30:00Z,LINK/USDT,stop_sell,14.75833143,44.32263872,0.65412819,USDT
2024-11-21T12:45:00Z,LINK/USDT,buy,15.17758500,43.52014225,0.66053066,USDT
2024-11-21T14:45:00Z,LINK/USDT,sell,15.12243500,43.52014225,0.65813052,USDT
2024-11-22T02:30:00Z,LINK/USDT,buy,15.09754500,43.64454644,0.65892550,USDT
2024-11-22T02:45:00Z,LINK/USDT,stop_sell,14.94573768,43.64454644,0.65229994,USDT
2024-11-22T04:30:00Z,LINK/USDT,buy,15.27763500,43.17362022,0.65959081,USDT
2024-11-22T04:30:00Z,LINK/USDT,stop_sell,15.10422982,43.17362022,0.65210428,USDT
2024-11-22T04:45:00Z,LINK/USDT,buy,15.35767500,42.98652617,0.66017310,USDT
2024-11-22T06:45:00Z,LINK/USDT,sell,15.22238500,42.98652617,0.65435745,USDT
2024-11-22T12:30:00Z,LINK/USDT,buy,15.45772500,42.53226124,0.65745200,USDT
2024-11-22T13:15:00Z,LINK/USDT,sell,15.31234000,42.53226124,0.65126845,USDT
2024-11-22T17:00:00Z,LINK/USDT,buy,15.74787000,41.68406694,0.65643527,USDT
2024-11-22T17:30:00Z,LINK/USDT,stop_sell,15.46369286,41.68406694,0.64458961,USDT
2024-11-22T23:00:00Z,LINK/USDT,buy,15.89794500,41.40696902,0.65828572,USDT
2024-11-23T02:45:00Z,LINK/USDT,sell,16.63168000,41.40696902,0.68866746,USDT
2024-11-23T08:30:00Z,LINK/USDT,buy,17.13856500,38.35539958,0.65735651,USDT
2024-11-23T08:30:00Z,LINK/USDT,stop_sell,16.99364179,38.35539958,0.65179792,USDT
2024-11-23T12:45:00Z,LINK/USDT,buy,17.50875000,37.64293719,0.65908078,USDT
2024-11-23T13:15:00Z,LINK/USDT,stop_sell,17.28421071,37.64293719,0.65062846,USDT
2024-11-23T14:15:00Z,LINK/USDT,buy,17.42871000,37.59820854,0.65528827,USDT
2024-11-23T16:30:00Z,LINK/USDT,sell,17.38130500,37.59820854,0.65350593,USDT
2024-11-24T00:15:00Z,LINK/USDT,buy,17.73886500,37.01169939,0.65654554,USDT
2024-11-24T01:45:00Z,LINK/USDT,sell,17.89105000,37.01169939,0.66217816,USDT
2024-11-24T18:45:00Z,LINK/USDT,buy,17.06853000,38.59862095,0.65882172,USDT
2024-11-25T01:00:00Z,LINK/USDT,sell,17.85107000,38.59862095,0.68902668,USDT
2024-11-25T08:15:00Z,LINK/USDT,buy,18.27913500,35.94495972,0.65704277,USDT
2024-11-25T09:15:00Z,LINK/USDT,stop_sell,18.10986911,35.94495972,0.65095852,USDT
2024-11-25T10:30:00Z,LINK/USDT,buy,18.74937000,35.10825232,0.65825761,USDT
2024-11-25T11:45:00Z,LINK/USDT,sell,18.56071500,35.10825232,0.65163427,USDT
2024-11-26T14:30:00Z,LINK/USDT,buy,17.03851500,38.54894912,0.65681685,USDT
2024-11-26T16:00:00Z,LINK/USDT,sell,16.92153500,38.54894912,0.65230739,USDT
2024-11-26T22:45:00Z,LINK/USDT,buy,17.42871000,37.66072123,0.65637779,USDT
2024-11-26T23:30:00Z,LINK/USDT,sell,17.23138000,37.66072123,0.64894620,USDT
2024-11-27T04:15:00Z,LINK/USDT,buy,17.63881500,37.34247056,0.65867693,USDT
2024-11-27T09:15:00Z,LINK/USDT,sell,17.98100500,37.34247056,0.67145515,USDT
2024-11-27T10:45:00Z,LINK/USDT,buy,18.39919500,35.72806953,0.65736772,USDT
2024-11-27T10:45:00Z,LINK/USDT,stop_sell,18.22481161,35.72806953,0.65113734,USDT
2024-11-27T20:30:00Z,LINK/USDT,buy,18.33916500,35.79255414,0.65640556,USDT
2024-11-27T21:15:00Z,LINK/USDT,stop_sell,18.18233286,35.79255414,0.65079213,USDT
2024-11-27T22:30:00Z,LINK/USDT,buy,18.47923500,35.5108073,0.65621255,USDT
2024-11-27T23:00:00Z,LINK/USDT,stop_sell,18.29513357,35.5108073,0.64967496,USDT
2024-11-27T23:15:00Z,LINK/USDT,buy,18.75937500,34.96598617,0.65594005,USDT
2024-11-28T00:15:00Z,LINK/USDT,sell,18.49075000,34.96598617,0.64654731,USDT
2024-11-28T22:30:00Z,LINK/USDT,buy,17.97898500,36.41582995,0.65471966,USDT
2024-11-29T00:00:00Z,LINK/USDT,stop_sell,17.87998411,36.41582995,0.65111446,USDT
2024-11-29T14:45:00Z,LINK/USDT,buy,18.19909500,35.93430752,0.65397188,USDT
2024-11-29T15:30:00Z,LINK/USDT,stop_sell,18.09701839,35.93430752,0.65030382,USDT
2024-11-29T23:15:00Z,LINK/USDT,buy,18.30915000,35.73584446,0.65429294,USDT
2024-11-29T23:15:00Z,LINK/USDT,stop_sell,18.19446964,35.73584446,0.65019474,USDT
2024-11-30T03:15:00Z,LINK/USDT,buy,18.41920500,35.44109212,0.65279674,USDT
2024-11-30T05:15:00Z,LINK/USDT,sell,18.31084000,35.44109212,0.64895617,USDT
2024-11-30T06:15:00Z,LINK/USDT,buy,18.57928500,35.20875216,0.65415344,USDT
2024-11-30T06:45:00Z,LINK/USDT,stop_sell,18.41328875,35.20875216,0.64830892,USDT
2024-11-30T07:45:00Z,LINK/USDT,buy,18.65932500,34.97055701,0.65252699,USDT
2024-11-30T08:45:00Z,LINK/USDT,sell,18.55072000,34.97055701,0.64872901,USDT
2024-11-30T14:30:00Z,LINK/USDT,buy,18.70935000,34.85529958,0.65212000,USDT
2024-11-30T14:45:00Z,LINK/USDT,stop_sell,18.56785429,34.85529958,0.64718812,USDT
2024-11-30T15:30:00Z,LINK/USDT,buy,18.77938500,34.71732342,0.65196998,USDT
2024-11-30T17:15:00Z,LINK/USDT,sell,18.73063000,34.71732342,0.65027734,USDT
2024-11-30T20:15:00Z,LINK/USDT,buy,19.42971000,33.56025602,0.65206604,USDT
2024-11-30T21:00:00Z,LINK/USDT,stop_sell,19.24608643,33.56025602,0.64590359,USDT
2024-12-01T15:30:00Z,LINK/USDT,buy,18.90945000,34.39787185,0.65044484,USDT
2024-12-01T17:00:00Z,LINK/USDT,stop_sell,18.80023804,34.39787185,0.64668818,USDT
2024-12-02T01:00:00Z,LINK/USDT,buy,19.22961000,33.89283127,0.65174593,USDT
2024-12-02T02:00:00Z,LINK/USDT,stop_sell,18.95980107,33.89283127,0.64260134,USDT
2024-12-02T03:00:00Z,LINK/USDT,buy,19.59979500,33.32828718,0.65322760,USDT
2024-12-02T03:45:00Z,LINK/USDT,stop_sell,19.09901714,33.32828718,0.63653753,USDT
2024-12-02T07:45:00Z,LINK/USDT,buy,19.97998500,32.50400855,0.64942960,USDT
2024-12-02T08:15:00Z,LINK/USDT,stop_sell,19.55200482,32.50400855,0.63551853,USDT
2024-12-02T09:45:00Z,LINK/USDT,buy,20.22010500,32.08900044,0.64884296,USDT
2024-12-02T10:45:00Z,LINK/USDT,sell,20.04997000,32.08900044,0.64338350,USDT
2024-12-02T13:30:00Z,LINK/USDT,buy,21.01050000,30.82375364,0.64762248,USDT
2024-12-02T16:45:00Z,LINK/USDT,sell,21.18940000,30.82375364,0.65313685,USDT
2024-12-02T17:15:00Z,LINK/USDT,buy,22.23111000,29.10491461,0.64703456,USDT
2024-12-02T19:30:00Z,LINK/USDT,stop_sell,21.43463446,29.10491461,0.62385321,USDT
2024-12-02T21:15:00Z,LINK/USDT,buy,26.46322500,24.34875466,0.64434657,USDT
2024-12-02T21:15:00Z,LINK/USDT,stop_sell,25.30087894,24.34875466,0.61604489,USDT
2024-12-03T10:30:00Z,LINK/USDT,buy,25.92295500,24.73585128,0.64122636,USDT
2024-12-03T10:45:00Z,LINK/USDT,stop_sell,25.24058768,24.73585128,0.62434742,USDT
2024-12-03T21:15:00Z,LINK/USDT,buy,25.05252000,25.62728896,0.64202817,USDT
2024-12-03T21:15:00Z,LINK/USDT,stop_sell,24.63017875,25.62728896,0.63120471,USDT
2024-12-03T21:30:00Z,LINK/USDT,buy,25.18258500,25.4360398,0.64054523,USDT
2024-12-03T21:45:00Z,LINK/USDT,stop_sell,24.60233554,25.4360398,0.62578599,USDT
2024-12-04T11:15:00Z,LINK/USDT,buy,24.72235500,25.81603537,0.63823319,USDT
2024-12-04T12:00:00Z,LINK/USDT,stop_sell,24.36031375,25.81603537,0.62888672,USDT
2024-12-04T14:30:00Z,LINK/USDT,buy,25.69284000,24.80900925,0.63741391,USDT
2024-12-04T14:30:00Z,LINK/USDT,stop_sell,25.12314643,24.80900925,0.62328037,USDT
2024-12-04T14:45:00Z,LINK/USDT,buy,25.88293500,24.6270054,0.63741918,USDT
2024-12-04T16:00:00Z,LINK/USDT,sell,25.38730000,24.6270054,0.62521317,USDT
2024-12-05T12:30:00Z,LINK/USDT,buy,24.51225000,25.94002443,0.63584836,USDT
2024-12-05T13:45:00Z,LINK/USDT,stop_sell,24.29713107,25.94002443,0.63026817,USDT
2024-12-06T03:45:00Z,LINK/USDT,buy,24.09204000,26.40261514,0.63609286,USDT
2024-12-06T05:45:00Z,LINK/USDT,sell,23.95801500,26.40261514,0.63255425,USDT
2024-12-06T15:00:00Z,LINK/USDT,buy,23.61180000,26.83290966,0.63357330,USDT
2024-12-06T20:00:00Z,LINK/USDT,stop_sell,23.25158268,26.83290966,0.62390762,USDT
2024-12-06T20:15:00Z,LINK/USDT,buy,25.04251500,25.27819947,0.63302969,USDT
2024-12-06T20:30:00Z,LINK/USDT,stop_sell,24.48453732,25.27819947,0.61892502,USDT
2024-12-07T03:00:00Z,LINK/USDT,buy,25.77288000,24.50584776,0.63158627,USDT
2024-12-07T04:45:00Z,LINK/USDT,sell,25.86706000,24.50584776,0.63389423,USDT
2024-12-08T07:00:00Z,LINK/USDT,buy,25.37268000,24.91450686,0.63214781,USDT
2024-12-08T07:15:00Z,LINK/USDT,stop_sell,25.20167857,24.91450686,0.62788739,USDT
2024-12-08T09:30:00Z,LINK/USDT,buy,25.96297500,24.32234294,0.63148038,USDT
2024-12-08T09:30:00Z,LINK/USDT,stop_sell,25.58720000,24.32234294,0.62234065,USDT
2024-12-08T11:45:00Z,LINK/USDT,buy,26.68333500,23.67990281,0.63185878,USDT
2024-12-08T12:00:00Z,LINK/USDT,stop_sell,25.96344036,23.67990281,0.61481174,USDT
2024-12-08T12:30:00Z,LINK/USDT,buy,27.00349500,23.32750787,0.62992424,USDT
2024-12-08T14:15:00Z,LINK/USDT,sell,26.63667500,23.32750787,0.62136725,USDT
2024-12-08T22:15:00Z,LINK/USDT,buy,26.43321000,23.77392477,0.62842115,USDT
2024-12-08T22:30:00Z,LINK/USDT,stop_sell,26.19725196,23.77392477,0.62281150,USDT
2024-12-09T00:15:00Z,LINK/USDT,buy,26.85342000,23.40816309,0.62858923,USDT
2024-12-09T00:15:00Z,LINK/USDT,stop_sell,26.54636304,23.40816309,0.62140160,USDT
2024-12-09T03:00:00Z,LINK/USDT,buy,26.84341500,23.36561848,0.62721299,USDT
2024-12-09T03:45:00Z,LINK/USDT,stop_sell,26.34360732,23.36561848,0.61553468,USDT
2024-12-09T15:00:00Z,LINK/USDT,buy,25.82290500,24.36068727,0.62906371,USDT
2024-12-09T15:00:00Z,LINK/USDT,stop_sell,25.34339339,24.36068727,0.61738248,USDT
2024-12-10T05:15:00Z,LINK/USDT,buy,23.04151500,27.08944888,0.62418194,USDT
2024-12-10T07:45:00Z,LINK/USDT,sell,22.82858000,27.08944888,0.61841365,USDT
2024-12-11T02:45:00Z,LINK/USDT,buy,22.22110500,28.0486944,0.62327298,USDT
2024-12-11T06:30:00Z,LINK/USDT,sell,22.30884000,28.0486944,0.62573384,USDT
2024-12-11T08:30:00Z,LINK/USDT,buy,22.68133500,27.60716759,0.62616742,USDT
2024-12-11T10:45:00Z,LINK/USDT,sell,22.63867500,27.60716759,0.62498969,USDT
2024-12-11T12:30:00Z,LINK/USDT,buy,23.35167000,26.86325894,0.62730196,USDT
2024-12-11T16:45:00Z,LINK/USDT,sell,23.81808500,26.86325894,0.63983138,USDT
2024-12-12T02:30:00Z,LINK/USDT,buy,24.87243000,25.17125127,0.62607019,USDT
2024-12-12T03:30:00Z,LINK/USDT,stop_sell,24.50524125,25.17125127,0.61682758,USDT
2024-12-12T04:30:00Z,LINK/USDT,buy,27.77388000,22.44776227,0.62346146,USDT
2024-12-12T09:00:00Z,LINK/USDT,sell,28.68565000,22.44776227,0.64392865,USDT
2024-12-12T21:30:00Z,LINK/USDT,buy,28.99449000,21.55851956,0.62507828,USDT
2024-12-12T21:30:00Z,LINK/USDT,stop_sell,28.42149643,21.55851956,0.61272539,USDT
2024-12-13T00:00:00Z,LINK/USDT,buy,29.15457000,21.52111826,0.62743895,USDT
2024-12-13T01:15:00Z,LINK/USDT,sell,28.57570500,21.52111826,0.61498113,USDT
2024-12-13T02:30:00Z,LINK/USDT,buy,29.91495000,20.88705313,0.62483515,USDT
2024-12-13T04:30:00Z,LINK/USDT,sell,29.81508500,20.88705313,0.62274926,USDT
2024-12-14T00:00:00Z,LINK/USDT,buy,29.01450000,21.5038309,0.62392290,USDT
2024-12-14T02:30:00Z,LINK/USDT,sell,29.35531500,21.5038309,0.63125173,USDT
2024-12-14T09:45:00Z,LINK/USDT,buy,30.14506500,20.80393284,0.62713591,USDT
2024-12-14T11:45:00Z,LINK/USDT,sell,29.87505500,20.80393284,0.62151864,USDT
2024-12-14T14:45:00Z,LINK/USDT,buy,30.32515500,20.62084008,0.62533017,USDT
2024-12-14T16:15:00Z,LINK/USDT,sell,30.13492500,20.62084008,0.62140747,USDT
2024-12-15T06:30:00Z,LINK/USDT,buy,29.66482500,20.98853547,0.62262123,USDT
2024-12-15T06:45:00Z,LINK/USDT,sell,29.35531500,20.98853547,0.61612507,USDT
2024-12-16T01:15:00Z,LINK/USDT,buy,29.57478000,21.08120709,0.62347206,USDT
2024-12-16T01:15:00Z,LINK/USDT,stop_sell,29.05153839,21.08120709,0.61244150,USDT
2024-12-16T08:45:00Z,LINK/USDT,buy,29.36467500,21.20583378,0.62270242,USDT
2024-12-16T12:00:00Z,LINK/USDT,sell,29.92503000,21.20583378,0.63458521,USDT
2024-12-18T17:45:00Z,LINK/USDT,buy,27.66382500,22.5571761,0.62401777,USDT
2024-12-18T19:15:00Z,LINK/USDT,sell,27.29634500,22.5571761,0.61572846,USDT
2024-12-19T10:30:00Z,LINK/USDT,buy,25.13256000,24.78163597,0.62282595,USDT
2024-12-19T12:30:00Z,LINK/USDT,sell,25.07745500,24.78163597,0.62146036,USDT
2024-12-20T15:00:00Z,LINK/USDT,buy,22.45122000,27.74567747,0.62292431,USDT
2024-12-20T20:30:00Z,LINK/USDT,sell,23.09844500,27.74567747,0.64088201,USDT
2024-12-21T06:00:00Z,LINK/USDT,buy,24.18208500,25.83479487,0.62473921,USDT
2024-12-21T08:30:00Z,LINK/USDT,sell,24.39779500,25.83479487,0.63031203,USDT
2024-12-23T03:15:00Z,LINK/USDT,buy,22.75137000,27.50172054,0.62570182,USDT
2024-12-23T05:15:00Z,LINK/USDT,sell,22.82858000,27.50172054,0.62782523,USDT
2024-12-24T09:00:00Z,LINK/USDT,buy,24.38218500,25.59739895,0.62412052,USDT
2024-12-24T09:00:00Z,LINK/USDT,stop_sell,24.16077071,25.59739895,0.61845289,USDT
2024-12-24T14:00:00Z,LINK/USDT,buy,24.75237000,25.22281652,0.62432449,USDT
2024-12-24T14:15:00Z,LINK/USDT,stop_sell,24.45883589,25.22281652,0.61692073,USDT
2024-12-24T14:45:00Z,LINK/USDT,buy,24.71235000,25.19482784,0.62262340,USDT
2024-12-24T16:15:00Z,LINK/USDT,sell,24.65766500,25.19482784,0.62124562,USDT
2024-12-24T21:45:00Z,LINK/USDT,buy,25.80289500,24.18789211,0.62411764,USDT
2024-12-24T23:30:00Z,LINK/USDT,sell,25.56721000,24.18789211,0.61841692,USDT
2024-12-25T10:30:00Z,LINK/USDT,buy,25.36267500,24.54792749,0.62260111,USDT
2024-12-25T10:45:00Z,LINK/USDT,stop_sell,25.08816393,24.54792749,0.61586243,USDT
2024-12-27T01:45:00Z,LINK/USDT,buy,23.10154500,26.92504691,0.62201018,USDT
2024-12-27T03:00:00Z,LINK/USDT,sell,22.92853000,26.92504691,0.61735175,USDT
2024-12-27T09:15:00Z,LINK/USDT,buy,23.55177000,26.38983878,0.62152741,USDT
2024-12-27T10:30:00Z,LINK/USDT,sell,23.19839500,26.38983878,0.61220190,USDT
2024-12-28T14:00:00Z,LINK/USDT,buy,21.50074500,28.85680955,0.62044290,USDT
2024-12-28T14:45:00Z,LINK/USDT,sell,21.45926500,28.85680955,0.61924592,USDT
2024-12-28T15:30:00Z,LINK/USDT,buy,21.63081000,28.58161142,0.61824341,USDT
2024-12-28T15:45:00Z,LINK/USDT,stop_sell,21.49460446,28.58161142,0.61435043,USDT
2024-12-28T17:15:00Z,LINK/USDT,buy,21.98098500,28.21135718,0.62011342,USDT
2024-12-28T18:45:00Z,LINK/USDT,sell,21.76911000,28.21135718,0.61413614,USDT
2024-12-30T01:30:00Z,LINK/USDT,buy,21.66082500,28.49665443,0.61726104,USDT
2024-12-30T02:00:00Z,LINK/USDT,stop_sell,21.49353357,28.49665443,0.61249380,USDT
2024-12-31T08:30:00Z,LINK/USDT,buy,20.79039000,29.7919329,0.61938590,USDT
2024-12-31T08:45:00Z,LINK/USDT,stop_sell,20.59826714,29.7919329,0.61366219,USDT
2024-12-31T13:30:00Z,LINK/USDT,buy,20.93046000,29.48095785,0.61705001,USDT
2024-12-31T15:00:00Z,LINK/USDT,stop_sell,20.78852911,29.48095785,0.61286575,USDT
2025-01-01T11:45:00Z,LINK/USDT,buy,20.06002500,30.81342651,0.61811811,USDT
2025-01-01T17:15:00Z,LINK/USDT,sell,20.42978000,30.81342651,0.62951152,USDT
2025-01-01T18:00:00Z,LINK/USDT,buy,20.82040500,29.66896764,0.61771992,USDT
2025-01-01T22:15:00Z,LINK/USDT,sell,21.58920000,29.66896764,0.64052928,USDT
2025-01-02T00:15:00Z,LINK/USDT,buy,21.98098500,28.24652162,0.62088637,USDT
2025-01-02T01:30:00Z,LINK/USDT,sell,21.88905000,28.24652162,0.61828952,USDT
2025-01-02T09:45:00Z,LINK/USDT,buy,22.40119500,27.72702788,0.62111856,USDT
2025-01-02T13:30:00Z,LINK/USDT,sell,22.59869500,27.72702788,0.62659465,USDT
2025-01-03T09:45:00Z,LINK/USDT,buy,22.17108000,27.89199248,0.61839560,USDT
2025-01-03T13:45:00Z,LINK/USDT,sell,22.50874000,27.89199248,0.62781361,USDT
2025-01-03T14:45:00Z,LINK/USDT,buy,22.93146000,27.00974388,0.61937286,USDT
2025-01-03T20:15:00Z,LINK/USDT,sell,23.60819000,27.00974388,0.63765117,USDT
2025-01-04T13:00:00Z,LINK/USDT,buy,23.53176000,26.46979648,0.62288090,USDT
2025-01-04T15:30:00Z,LINK/USDT,sell,23.58820000,26.46979648,0.62437485,USDT
2025-01-04T21:15:00Z,LINK/USDT,buy,23.88193500,26.07107989,0.62262784,USDT
2025-01-04T21:45:00Z,LINK/USDT,stop_sell,23.69992982,26.07107989,0.61788276,USDT
2025-01-05T07:15:00Z,LINK/USDT,buy,23.74186500,26.18273951,0.62162707,USDT
2025-01-05T07:45:00Z,LINK/USDT,stop_sell,23.57356446,26.18273951,0.61722050,USDT
2025-01-05T15:15:00Z,LINK/USDT,buy,23.21160000,26.71535178,0.62010606,USDT
2025-01-05T18:00:00Z,LINK/USDT,sell,23.18840000,26.71535178,0.61948626,USDT
2025-01-06T02:15:00Z,LINK/USDT,buy,23.83191000,26.06955163,0.62128721,USDT
2025-01-06T05:15:00Z,LINK/USDT,sell,23.95801500,26.06955163,0.62457471,USDT
2025-01-06T12:45:00Z,LINK/USDT,buy,23.90194500,25.95649479,0.62041071,USDT
2025-01-06T13:00:00Z,LINK/USDT,stop_sell,23.78488732,25.95649479,0.61737230,USDT
2025-01-06T15:00:00Z,LINK/USDT,buy,24.10204500,25.73775447,0.62033252,USDT
2025-01-06T15:00:00Z,LINK/USDT,stop_sell,23.82593821,25.73775447,0.61322615,USDT
2025-01-06T16:15:00Z,LINK/USDT,buy,24.62230500,25.19797016,0.62043211,USDT
2025-01-06T16:45:00Z,LINK/USDT,stop_sell,24.23537625,25.19797016,0.61068229,USDT
2025-01-09T16:00:00Z,LINK/USDT,buy,20.27013000,30.56748599,0.61960691,USDT
2025-01-09T17:15:00Z,LINK/USDT,stop_sell,19.98178982,30.56748599,0.61079308,USDT
2025-01-10T05:00:00Z,LINK/USDT,buy,19.95997500,30.55798579,0.60993663,USDT
2025-01-10T05:00:00Z,LINK/USDT,stop_sell,19.94002500,30.55798579,0.60932700,USDT
2025-01-10T07:15:00Z,LINK/USDT,buy,20.24011500,30.46041108,0.61652222,USDT
2025-01-10T09:15:00Z,LINK/USDT,sell,20.36981000,30.46041108,0.62047279,USDT
2025-01-11T12:00:00Z,LINK/USDT,buy,20.26012500,30.53130007,0.61856796,USDT
2025-01-11T12:00:00Z,LINK/USDT,stop_sell,20.17669232,30.53130007,0.61602065,USDT
2025-01-11T20:45:00Z,LINK/USDT,buy,20.26012500,30.56163574,0.61918256,USDT
2025-01-11T22:30:00Z,LINK/USDT,sell,20.31983500,30.56163574,0.62100740,USDT
2025-01-12T14:15:00Z,LINK/USDT,buy,20.02000500,30.82309458,0.61707851,USDT
2025-01-12T16:30:00Z,LINK/USDT,sell,20.05996500,30.82309458,0.61831020,USDT
2025-01-13T00:30:00Z,LINK/USDT,buy,20.17008000,30.68534014,0.61892577,USDT
2025-01-13T01:00:00Z,LINK/USDT,stop_sell,20.00035196,30.68534014,0.61371760,USDT
2025-01-13T15:15:00Z,LINK/USDT,buy,18.87943500,32.7405878,0.61812380,USDT
2025-01-13T16:45:00Z,LINK/USDT,stop_sell,18.57642143,32.7405878,0.60820296,USDT
2025-01-13T22:15:00Z,LINK/USDT,buy,19.51975500,31.5878951,0.61658797,USDT
2025-01-14T00:15:00Z,LINK/USDT,sell,19.32033500,31.5878951,0.61028872,USDT
2025-01-14T09:30:00Z,LINK/USDT,buy,20.01000000,30.70755841,0.61445824,USDT
2025-01-14T11:15:00Z,LINK/USDT,stop_sell,19.92146286,30.70755841,0.61173948,USDT
2025-01-15T01:45:00Z,LINK/USDT,buy,20.55027000,29.88728277,0.61419173,USDT
2025-01-15T02:00:00Z,LINK/USDT,stop_sell,20.42264071,29.88728277,0.61037724,USDT
2025-01-15T07:30:00Z,LINK/USDT,buy,20.71035000,29.72342513,0.61558254,USDT
2025-01-15T09:15:00Z,LINK/USDT,sell,20.61968500,29.72342513,0.61288766,USDT
2025-01-15T13:45:00Z,LINK/USDT,buy,21.02050500,29.28385869,0.61556150,USDT
2025-01-15T17:00:00Z,LINK/USDT,sell,21.40929000,29.28385869,0.62694662,USDT
2025-01-16T11:00:00Z,LINK/USDT,buy,22.15107000,27.86300642,0.61719541,USDT
2025-01-16T11:00:00Z,LINK/USDT,stop_sell,21.92938696,27.86300642,0.61101865,USDT
2025-01-16T12:00:00Z,LINK/USDT,buy,22.37118000,27.40222914,0.61302020,USDT
2025-01-16T14:45:00Z,LINK/USDT,sell,22.55871500,27.40222914,0.61815908,USDT
2025-01-16T16:15:00Z,LINK/USDT,buy,23.52175500,26.05811431,0.61293258,USDT
2025-01-16T18:45:00Z,LINK/USDT,sell,23.34832000,26.05811431,0.60841319,USDT
2025-01-17T05:30:00Z,LINK/USDT,buy,24.01200000,25.5731144,0.61406162,USDT
2025-01-17T08:15:00Z,LINK/USDT,sell,23.97800500,25.5731144,0.61319226,USDT
2025-01-17T15:15:00Z,LINK/USDT,buy,24.40219500,25.14788026,0.61366348,USDT
2025-01-17T17:45:00Z,LINK/USDT,sell,24.32783000,25.14788026,0.61179336,USDT
2025-01-17T20:30:00Z,LINK/USDT,buy,24.80239500,24.82302205,0.61567040,USDT
2025-01-17T21:45:00Z,LINK/USDT,sell,24.64767000,24.82302205,0.61182966,USDT
2025-01-19T00:00:00Z,LINK/USDT,buy,24.06202500,25.42270557,0.61172178,USDT
2025-01-19T00:00:00Z,LINK/USDT,stop_sell,23.96158464,25.42270557,0.60916831,USDT
2025-01-19T02:45:00Z,LINK/USDT,buy,24.44221500,25.09855348,0.61346424,USDT
2025-01-19T02:45:00Z,LINK/USDT,stop_sell,24.18111768,25.09855348,0.60691108,USDT
2025-01-19T14:15:00Z,LINK/USDT,buy,24.14206500,25.31113227,0.61106300,USDT
2025-01-19T19:15:00Z,LINK/USDT,sell,26.13692500,25.31113227,0.66155517,USDT
2025-01-20T06:45:00Z,LINK/USDT,buy,25.22260500,24.50283044,0.61802521,USDT
2025-01-20T09:30:00Z,LINK/USDT,sell,25.82708000,24.50283044,0.63283656,USDT
2025-01-21T10:15:00Z,LINK/USDT,buy,25.10254500,24.79194618,0.62234094,USDT
2025-01-21T13:45:00Z,LINK/USDT,sell,25.84707000,24.79194618,0.64079917,USDT
2025-01-21T16:15:00Z,LINK/USDT,buy,26.42320500,23.37558447,0.61765786,USDT
2025-01-21T20:00:00Z,LINK/USDT,sell,26.61668500,23.37558447,0.62218057,USDT
2025-01-22T00:15:00Z,LINK/USDT,buy,26.80339500,22.96959518,0.61566313,USDT
2025-01-22T00:30:00Z,LINK/USDT,stop_sell,26.61025964,22.96959518,0.61122689,USDT
2025-01-23T14:45:00Z,LINK/USDT,buy,25.44271500,24.33214153,0.61907574,USDT
2025-01-23T15:15:00Z,LINK/USDT,stop_sell,25.12600214,24.33214153,0.61136944,USDT
2025-01-23T16:15:00Z,LINK/USDT,buy,25.98298500,23.81760522,0.61885248,USDT
2025-01-23T17:00:00Z,LINK/USDT,stop_sell,25.48082464,23.81760522,0.60689222,USDT
2025-01-25T15:30:00Z,LINK/USDT,buy,25.12255500,24.64990038,0.61926848,USDT
2025-01-25T17:00:00Z,LINK/USDT,sell,25.07745500,24.64990038,0.61815677,USDT
2025-01-26T04:30:00Z,LINK/USDT,buy,25.77288000,23.91706323,0.61641160,USDT
2025-01-26T04:45:00Z,LINK/USDT,stop_sell,25.64859786,23.91706323,0.61343914,USDT
2025-01-26T17:00:00Z,LINK/USDT,buy,25.69284000,24.03436088,0.61751099,USDT
2025-01-26T21:00:00Z,LINK/USDT,sell,26.18690000,24.03436088,0.62938540,USDT
2025-01-27T13:00:00Z,LINK/USDT,buy,23.40169500,26.49175264,0.61995192,USDT
2025-01-27T14:15:00Z,LINK/USDT,sell,23.15841500,26.49175264,0.61350700,USDT
2025-01-27T15:00:00Z,LINK/USDT,buy,23.86192500,25.69447854,0.61311972,USDT
2025-01-27T16:30:00Z,LINK/USDT,stop_sell,23.54786304,25.69447854,0.60505006,USDT
2025-01-28T04:45:00Z,LINK/USDT,buy,24.40219500,25.20209616,0.61498646,USDT
2025-01-28T06:45:00Z,LINK/USDT,sell,24.33782500,25.20209616,0.61336421,USDT
2025-01-29T19:45:00Z,LINK/USDT,buy,23.44171500,26.34475403,0.61756622,USDT
2025-01-29T22:30:00Z,LINK/USDT,sell,23.99799500,26.34475403,0.63222128,USDT
2025-01-30T09:15:00Z,LINK/USDT,buy,24.51225000,25.18514136,0.61734448,USDT
2025-01-30T10:30:00Z,LINK/USDT,sell,24.48775000,25.18514136,0.61672745,USDT
2025-01-30T15:00:00Z,LINK/USDT,buy,24.94246500,24.7848887,0.61819622,USDT
2025-01-30T16:45:00Z,LINK/USDT,sell,24.92753000,24.7848887,0.61782606,USDT
2025-01-31T01:15:00Z,LINK/USDT,buy,24.75237000,24.90972892,0.61657483,USDT
2025-01-31T02:15:00Z,LINK/USDT,stop_sell,24.60483429,24.90972892,0.61289975,USDT
2025-01-31T11:30:00Z,LINK/USDT,buy,25.46272500,24.09651245,0.61356287,USDT
2025-01-31T14:00:00Z,LINK/USDT,sell,25.56721000,24.09651245,0.61608059,USDT
2025-01-31T16:15:00Z,LINK/USDT,buy,25.97298000,23.70241126,0.61562225,USDT
2025-01-31T17:00:00Z,LINK/USDT,stop_sell,25.72034768,23.70241126,0.60963426,USDT
2025-02-01T00:45:00Z,LINK/USDT,buy,25.58278500,24.11567704,0.61694618,USDT
2025-02-01T03:45:00Z,LINK/USDT,sell,25.55721500,24.11567704,0.61632954,USDT
2025-02-02T08:45:00Z,LINK/USDT,buy,23.06152500,26.72370824,0.61628947,USDT
2025-02-02T08:45:00Z,LINK/USDT,stop_sell,22.86856000,26.72370824,0.61113273,USDT
2025-02-03T14:45:00Z,LINK/USDT,buy,19.20960000,31.93661717,0.61348964,USDT
2025-02-03T20:45:00Z,LINK/USDT,sell,20.97950500,31.93661717,0.67001442,USDT
2025-02-04T14:45:00Z,LINK/USDT,buy,20.75037000,29.7010192,0.61630714,USDT
2025-02-04T15:00:00Z,LINK/USDT,stop_sell,20.56971000,29.7010192,0.61094135,USDT
2025-02-04T19:15:00Z,LINK/USDT,buy,20.91045000,29.66155281,0.62023642,USDT
2025-02-04T19:45:00Z,LINK/USDT,stop_sell,20.63432054,29.66155281,0.61204599,USDT
2025-02-05T12:30:00Z,LINK/USDT,buy,19.96998000,30.75924559,0.61426152,USDT
2025-02-05T12:30:00Z,LINK/USDT,stop_sell,19.95002000,30.75924559,0.61364756,USDT
2025-02-06T04:00:00Z,LINK/USDT,buy,19.57978500,31.64852543,0.61967132,USDT
2025-02-06T07:15:00Z,LINK/USDT,sell,19.74012500,31.64852543,0.62474585,USDT
2025-02-07T02:00:00Z,LINK/USDT,buy,19.04952000,32.51234668,0.61934460,USDT
2025-02-07T03:30:00Z,LINK/USDT,sell,18.82058500,32.51234668,0.61190138,USDT
2025-02-07T09:00:00Z,LINK/USDT,buy,18.94947000,32.51004858,0.61604819,USDT
2025-02-07T12:30:00Z,LINK/USDT,sell,19.17041000,32.51004858,0.62323096,USDT
2025-02-07T13:45:00Z,LINK/USDT,buy,19.38969000,31.96366752,0.61976560,USDT
2025-02-07T15:15:00Z,LINK/USDT,sell,19.22038500,31.96366752,0.61435400,USDT
2025-02-08T14:00:00Z,LINK/USDT,buy,18.08904000,33.93440971,0.61384089,USDT
2025-02-08T14:00:00Z,LINK/USDT,stop_sell,18.07096000,33.93440971,0.61322736,USDT
2025-02-08T19:30:00Z,LINK/USDT,buy,18.38919000,33.59444004,0.61777454,USDT
2025-02-08T20:00:00Z,LINK/USDT,stop_sell,18.28585250,33.59444004,0.61430298,USDT
2025-02-09T03:45:00Z,LINK/USDT,buy,18.75937500,32.87713706,0.61675454,USDT
2025-02-09T05:15:00Z,LINK/USDT,stop_sell,18.64067500,32.87713706,0.61285203,USDT
2025-02-09T16:15:00Z,LINK/USDT,buy,18.85942500,32.71599552,0.61700486,USDT
2025-02-09T17:30:00Z,LINK/USDT,sell,18.72063500,32.71599552,0.61246421,USDT
2025-02-10T08:30:00Z,LINK/USDT,buy,18.81940500,32.63964158,0.61425863,USDT
2025-02-10T09:45:00Z,LINK/USDT,stop_sell,18.72563250,32.63964158,0.61119793,USDT
2025-02-10T14:00:00Z,LINK/USDT,buy,18.89944500,32.36463691,0.61167368,USDT
2025-02-10T14:00:00Z,LINK/USDT,stop_sell,18.88055500,32.36463691,0.61106231,USDT
2025-02-10T20:30:00Z,LINK/USDT,buy,19.02951000,31.75680602,0.60431646,USDT
2025-02-10T20:30:00Z,LINK/USDT,stop_sell,19.01049000,31.75680602,0.60371244,USDT
2025-02-11T04:15:00Z,LINK/USDT,buy,19.39969500,31.84778509,0.61783732,USDT
2025-02-11T08:00:00Z,LINK/USDT,sell,19.66016500,31.84778509,0.62613271,USDT
2025-02-12T13:30:00Z,LINK/USDT,buy,18.63931500,32.91455471,0.61350475,USDT
2025-02-12T13:30:00Z,LINK/USDT,stop_sell,18.60747732,32.91455471,0.61245683,USDT
2025-02-13T21:15:00Z,LINK/USDT,buy,18.68934000,32.78239471,0.61268132,USDT
2025-02-13T21:15:00Z,LINK/USDT,stop_sell,18.65388268,32.78239471,0.61151894,USDT
2025-02-14T09:15:00Z,LINK/USDT,buy,19.01950500,32.4104058,0.61642988,USDT
2025-02-14T11:30:00Z,LINK/USDT,sell,19.09045000,32.4104058,0.61872923,USDT
2025-02-14T15:00:00Z,LINK/USDT,buy,19.47973500,31.66569359,0.61683932,USDT
2025-02-14T15:00:00Z,LINK/USDT,stop_sell,19.30070196,31.66569359,0.61117011,USDT
2025-02-14T16:00:00Z,LINK/USDT,buy,19.51975500,31.54015755,0.61565615,USDT
2025-02-14T16:15:00Z,LINK/USDT,stop_sell,19.31355268,31.54015755,0.60915249,USDT
2025-02-14T17:45:00Z,LINK/USDT,buy,19.63981500,31.3799592,0.61629659,USDT
2025-02-14T19:30:00Z,LINK/USDT,sell,19.53023000,31.3799592,0.61285782,USDT
2025-02-15T05:30:00Z,LINK/USDT,buy,19.59979500,31.39293342,0.61529506,USDT
2025-02-15T05:45:00Z,LINK/USDT,stop_sell,19.51024000,31.39293342,0.61248367,USDT
2025-02-16T00:30:00Z,LINK/USDT,buy,19.06953000,32.19824159,0.61400533,USDT
2025-02-16T01:00:00Z,LINK/USDT,stop_sell,18.98050500,32.19824159,0.61113889,USDT
2025-02-16T06:45:00Z,LINK/USDT,buy,19.17958500,31.93020294,0.61240804,USDT
2025-02-16T06:45:00Z,LINK/USDT,stop_sell,19.16041500,31.93020294,0.61179594,USDT
2025-02-17T10:15:00Z,LINK/USDT,buy,19.37968500,31.65928866,0.61354704,USDT
2025-02-17T15:45:00Z,LINK/USDT,sell,19.42028500,31.65928866,0.61483241,USDT
2025-02-17T21:45:00Z,LINK/USDT,buy,19.32966000,31.7249359,0.61323222,USDT
2025-02-17T22:45:00Z,LINK/USDT,sell,19.24037500,31.7249359,0.61039966,USDT
2025-02-18T14:30:00Z,LINK/USDT,buy,18.23911500,33.63672677,0.61350413,USDT
2025-02-18T14:30:00Z,LINK/USDT,stop_sell,18.15413268,33.63672677,0.61064560,USDT
2025-02-18T23:30:00Z,LINK/USDT,buy,17.85892500,34.29534094,0.61247792,USDT
2025-02-19T00:45:00Z,LINK/USDT,sell,17.79110000,34.29534094,0.61015184,USDT
2025-02-19T08:00:00Z,LINK/USDT,buy,18.10905000,33.88175429,0.61356638,USDT
2025-02-19T08:30:00Z,LINK/USDT,stop_sell,17.96458464,33.88175429,0.60867164,USDT
2025-02-20T01:00:00Z,LINK/USDT,buy,18.14907000,33.74286313,0.61240158,USDT
2025-02-20T01:15:00Z,LINK/USDT,stop_sell,18.04704339,33.74286313,0.60895892,USDT
2025-02-20T03:15:00Z,LINK/USDT,buy,18.21910500,33.51928144,0.61069131,USDT
2025-02-20T05:00:00Z,LINK/USDT,sell,18.18090500,33.51928144,0.60941087,USDT
2025-02-21T08:45:00Z,LINK/USDT,buy,18.40920000,33.27158852,0.61250333,USDT
2025-02-21T09:45:00Z,LINK/USDT,sell,18.43078000,33.27158852,0.61322133,USDT
2025-02-21T12:30:00Z,LINK/USDT,buy,18.74937000,32.68321468,0.61278968,USDT
2025-02-21T14:45:00Z,LINK/USDT,sell,18.84057500,32.68321468,0.61577056,USDT
2025-02-22T10:15:00Z,LINK/USDT,buy,17.63881500,34.73039115,0.61260294,USDT
2025-02-22T12:00:00Z,LINK/USDT,stop_sell,17.56121500,34.73039115,0.60990787,USDT
2025-02-22T16:00:00Z,LINK/USDT,buy,17.80890000,34.40041533,0.61263356,USDT
2025-02-22T19:00:00Z,LINK/USDT,sell,17.89105000,34.40041533,0.61545955,USDT
2025-02-23T07:45:00Z,LINK/USDT,buy,18.09904500,33.85570912,0.61275600,USDT
2025-02-23T08:45:00Z,LINK/USDT,stop_sell,17.95102000,33.85570912,0.60774451,USDT
2025-02-25T12:15:00Z,LINK/USDT,buy,14.89744500,41.07539701,0.61191847,USDT
2025-02-25T13:30:00Z,LINK/USDT,sell,14.76261500,41.07539701,0.60638027,USDT
2025-02-25T20:30:00Z,LINK/USDT,buy,15.38769000,39.78334257,0.61217374,USDT
2025-02-25T23:45:00Z,LINK/USDT,sell,15.32233500,39.78334257,0.60957370,USDT
2025-02-26T11:15:00Z,LINK/USDT,buy,15.58779000,39.20195115,0.61107178,USDT
2025-02-26T11:30:00Z,LINK/USDT,stop_sell,15.48546768,39.20195115,0.60706055,USDT
2025-02-26T12:15:00Z,LINK/USDT,buy,15.55777500,39.14997111,0.60908644,USDT
2025-02-26T12:30:00Z,LINK/USDT,stop_sell,15.47939929,39.14997111,0.60601804,USDT
2025-02-26T22:15:00Z,LINK/USDT,buy,15.55777500,39.10290825,0.60835425,USDT
2025-02-26T23:15:00Z,LINK/USDT,stop_sell,15.32126411,39.10290825,0.59910598,USDT
2025-02-27T06:45:00Z,LINK/USDT,buy,15.47773500,39.32659204,0.60868657,USDT
2025-02-27T08:30:00Z,LINK/USDT,sell,15.46226500,39.32659204,0.60807819,USDT
2025-02-28T18:45:00Z,LINK/USDT,buy,14.77738500,41.3457501,0.61098207,USDT
2025-02-28T20:30:00Z,LINK/USDT,sell,14.68265500,41.3457501,0.60706538,USDT
2025-02-28T23:45:00Z,LINK/USDT,buy,14.84742000,41.01159842,0.60891643,USDT
2025-03-01T00:15:00Z,LINK/USDT,stop_sell,14.75440482,41.01159842,0.60510173,USDT
2025-03-01T17:00:00Z,LINK/USDT,buy,14.53726500,41.60121908,0.60476795,USDT
2025-03-01T17:00:00Z,LINK/USDT,stop_sell,14.52273500,41.60121908,0.60416348,USDT
2025-03-01T20:00:00Z,LINK/USDT,buy,14.87743500,40.9747137,0.60959864,USDT
2025-03-01T23:15:00Z,LINK/USDT,sell,14.85257000,40.9747137,0.60857980,USDT
2025-03-02T15:30:00Z,LINK/USDT,buy,14.97748500,40.77034139,0.61063718,USDT
2025-03-03T00:15:00Z,LINK/USDT,sell,17.23138000,40.77034139,0.70252925,USDT
2025-03-03T12:45:00Z,LINK/USDT,buy,16.51825500,37.28073347,0.61581266,USDT
2025-03-03T14:45:00Z,LINK/USDT,sell,16.54172500,37.28073347,0.61668764,USDT
2025-03-04T21:30:00Z,LINK/USDT,buy,15.17758500,40.41415904,0.61338933,USDT
2025-03-04T21:30:00Z,LINK/USDT,stop_sell,14.93824143,40.41415904,0.60371646,USDT
2025-03-05T07:00:00Z,LINK/USDT,buy,15.19759500,40.48993425,0.61534962,USDT
2025-03-05T12:00:00Z,LINK/USDT,sell,16.02198500,40.48993425,0.64872912,USDT
2025-03-05T17:30:00Z,LINK/USDT,buy,16.11805500,38.31065441,0.61749323,USDT
2025-03-05T22:00:00Z,LINK/USDT,sell,16.33183000,38.31065441,0.62568310,USDT
2025-03-06T06:30:00Z,LINK/USDT,buy,17.25862500,35.74738105,0.61695064,USDT
2025-03-06T07:30:00Z,LINK/USDT,sell,17.13143000,35.74738105,0.61240376,USDT
2025-03-06T10:15:00Z,LINK/USDT,buy,17.46873000,35.43338146,0.61897617,USDT
2025-03-06T12:15:00Z,LINK/USDT,sell,17.31134000,35.43338146,0.61339931,USDT
2025-03-06T22:15:00Z,LINK/USDT,buy,17.18859000,35.89693841,0.61701776,USDT
2025-03-06T22:15:00Z,LINK/USDT,stop_sell,16.97936321,35.89693841,0.60950716,USDT
2025-03-07T07:15:00Z,LINK/USDT,buy,16.81840500,36.55887544,0.61486197,USDT
2025-03-07T12:15:00Z,LINK/USDT,sell,17.20139500,36.55887544,0.62886366,USDT
2025-03-08T20:00:00Z,LINK/USDT,buy,15.49774500,39.70844166,0.61539130,USDT
2025-03-08T20:45:00Z,LINK/USDT,stop_sell,15.42228500,39.70844166,0.61239490,USDT
2025-03-10T09:30:00Z,LINK/USDT,buy,14.35717500,42.8903385,0.61578410,USDT
2025-03-10T09:30:00Z,LINK/USDT,stop_sell,14.23966232,42.8903385,0.61074394,USDT
2025-03-11T09:30:00Z,LINK/USDT,buy,12.99649500,47.22644396,0.61377824,USDT
2025-03-11T12:00:00Z,LINK/USDT,stop_sell,12.89319304,47.22644396,0.60889966,USDT
2025-03-11T16:45:00Z,LINK/USDT,buy,13.15657500,46.79427592,0.61565240,USDT
2025-03-11T17:30:00Z,LINK/USDT,sell,12.90354500,46.79427592,0.60381205,USDT
2025-03-12T12:45:00Z,LINK/USDT,buy,13.62681000,45.20235046,0.61596384,USDT
2025-03-12T13:15:00Z,LINK/USDT,stop_sell,13.42578375,45.20235046,0.60687698,USDT
2025-03-13T12:30:00Z,LINK/USDT,buy,13.54677000,45.5100272,0.61651387,USDT
2025-03-13T12:30:00Z,LINK/USDT,stop_sell,13.34903643,45.5100272,0.60751501,USDT
2025-03-13T23:00:00Z,LINK/USDT,buy,13.13656500,46.76773554,0.61436740,USDT
2025-03-14T00:15:00Z,LINK/USDT,stop_sell,13.00884946,46.76773554,0.60839443,USDT
2025-03-14T04:30:00Z,LINK/USDT,buy,13.36668000,45.8144968,0.61238772,USDT
2025-03-14T05:15:00Z,LINK/USDT,sell,13.37331000,45.8144968,0.61269147,USDT
2025-03-15T03:30:00Z,LINK/USDT,buy,13.95697500,43.90301083,0.61275322,USDT
2025-03-15T05:30:00Z,LINK/USDT,sell,14.01299000,43.90301083,0.61521245,USDT
2025-03-15T11:30:00Z,LINK/USDT,buy,14.03701500,43.47347102,0.61023776,USDT
2025-03-15T14:00:00Z,LINK/USDT,stop_sell,13.97301000,43.47347102,0.60745525,USDT
2025-03-16T04:45:00Z,LINK/USDT,buy,14.07703500,43.54351992,0.61296365,USDT
2025-03-16T07:00:00Z,LINK/USDT,sell,14.06296500,43.54351992,0.61235100,USDT
2025-03-17T02:00:00Z,LINK/USDT,buy,13.67683500,44.64521293,0.61060521,USDT
2025-03-17T05:45:00Z,LINK/USDT,sell,13.64317500,44.64521293,0.60910245,USDT
2025-03-17T09:30:00Z,LINK/USDT,buy,13.84692000,44.17786271,0.61172733,USDT
2025-03-17T10:30:00Z,LINK/USDT,stop_sell,13.75312000,44.17786271,0.60758345,USDT
2025-03-17T11:45:00Z,LINK/USDT,buy,13.82691000,44.0513745,0.60909439,USDT
2025-03-17T12:00:00Z,LINK/USDT,stop_sell,13.81059125,44.0513745,0.60837553,USDT
2025-03-17T18:30:00Z,LINK/USDT,buy,14.01700500,43.7562792,0.61333198,USDT
2025-03-17T21:00:00Z,LINK/USDT,sell,14.10294500,43.7562792,0.61709240,USDT
2025-03-18T23:30:00Z,LINK/USDT,buy,13.87693500,43.95971632,0.61002613,USDT
2025-03-19T01:45:00Z,LINK/USDT,sell,13.84307500,43.95971632,0.60853765,USDT
2025-03-19T09:15:00Z,LINK/USDT,buy,14.04702000,43.50594685,0.61112891,USDT
2025-03-19T16:15:00Z,LINK/USDT,sell,14.51274000,43.50594685,0.63139050,USDT
2025-03-20T00:00:00Z,LINK/USDT,buy,15.02751000,40.85023478,0.61387731,USDT
2025-03-20T00:30:00Z,LINK/USDT,stop_sell,14.89362089,40.85023478,0.60840791,USDT
2025-03-22T04:30:00Z,LINK/USDT,buy,14.15707500,43.23743353,0.61211559,USDT
2025-03-22T05:30:00Z,LINK/USDT,stop_sell,14.06296500,43.23743353,0.60804651,USDT
2025-03-22T13:15:00Z,LINK/USDT,buy,14.30715000,42.75430388,0.61169224,USDT
2025-03-22T13:30:00Z,LINK/USDT,stop_sell,14.22288500,42.75430388,0.60808955,USDT
2025-03-22T18:00:00Z,LINK/USDT,buy,14.38719000,42.57844931,0.61258424,USDT
2025-03-22T21:15:00Z,LINK/USDT,sell,14.32283500,42.57844931,0.60984410,USDT
2025-03-23T11:15:00Z,LINK/USDT,buy,14.42721000,42.37916325,0.61141309,USDT
2025-03-23T11:45:00Z,LINK/USDT,stop_sell,14.34282500,42.37916325,0.60783692,USDT
2025-03-24T00:30:00Z,LINK/USDT,buy,14.53726500,42.0896627,0.61186858,USDT
2025-03-24T01:00:00Z,LINK/USDT,stop_sell,14.43599268,42.0896627,0.60760606,USDT
2025-03-24T03:15:00Z,LINK/USDT,buy,14.55727500,41.82863853,0.60891099,USDT
2025-03-24T11:15:00Z,LINK/USDT,sell,15.16241500,41.82863853,0.63422318,USDT
2025-03-25T10:00:00Z,LINK/USDT,buy,15.37768500,39.80397356,0.61209297,USDT
2025-03-25T12:45:00Z,LINK/USDT,sell,15.37231000,39.80397356,0.61187902,USDT
2025-03-25T20:15:00Z,LINK/USDT,buy,15.57778500,39.2600796,0.61158508,USDT
2025-03-25T20:30:00Z,LINK/USDT,stop_sell,15.49403482,39.2600796,0.60829704,USDT
2025-03-26T05:45:00Z,LINK/USDT,buy,15.67783500,39.01157667,0.61161706,USDT
2025-03-26T09:15:00Z,LINK/USDT,sell,15.80209500,39.01157667,0.61646464,USDT
2025-03-27T14:45:00Z,LINK/USDT,buy,15.69784500,38.93067895,0.61112776,USDT
2025-03-27T15:45:00Z,LINK/USDT,sell,15.55222000,38.93067895,0.60545848,USDT
2025-03-28T13:30:00Z,LINK/USDT,buy,14.32716000,42.37518009,0.60711599,USDT
2025-03-28T13:30:00Z,LINK/USDT,stop_sell,14.31284000,42.37518009,0.60650917,USDT
2025-03-30T01:45:00Z,LINK/USDT,buy,13.57678500,44.78771715,0.60807321,USDT
2025-03-30T06:00:00Z,LINK/USDT,sell,13.66316500,44.78771715,0.61194197,USDT
2025-03-30T09:30:00Z,LINK/USDT,buy,13.82691000,44.25172786,0.61186466,USDT
2025-03-30T10:30:00Z,LINK/USDT,stop_sell,13.69315000,44.25172786,0.60594555,USDT
2025-03-31T19:15:00Z,LINK/USDT,buy,13.68684000,44.63051228,0.61085068,USDT
2025-03-31T19:45:00Z,LINK/USDT,stop_sell,13.58320500,44.63051228,0.60622540,USDT
2025-04-01T07:15:00Z,LINK/USDT,buy,13.73686500,44.40160257,0.60993882,USDT
2025-04-01T11:15:00Z,LINK/USDT,sell,13.95302000,44.40160257,0.61953645,USDT
2025-04-01T15:15:00Z,LINK/USDT,buy,14.21710500,42.98011763,0.61105285,USDT
2025-04-01T18:15:00Z,LINK/USDT,sell,14.15292000,42.98011763,0.60829417,USDT
2025-04-02T15:15:00Z,LINK/USDT,buy,13.96698000,44.01075915,0.61469739,USDT
2025-04-02T17:30:00Z,LINK/USDT,sell,13.89305000,44.01075915,0.61144368,USDT
2025-04-02T20:15:00Z,LINK/USDT,buy,14.17708500,42.93250112,0.60865772,USDT
2025-04-02T20:15:00Z,LINK/USDT,stop_sell,14.07438786,42.93250112,0.60424867,USDT
2025-04-03T18:45:00Z,LINK/USDT,buy,12.63631500,48.30594967,0.61040920,USDT
2025-04-03T23:15:00Z,LINK/USDT,sell,12.81359000,48.30594967,0.61897263,USDT
2025-04-04T00:30:00Z,LINK/USDT,buy,12.92646000,47.2297066,0.61051291,USDT
2025-04-04T00:45:00Z,LINK/USDT,stop_sell,12.85142821,47.2297066,0.60696918,USDT
2025-04-04T07:15:00Z,LINK/USDT,buy,13.01650500,46.87370579,0.61013183,USDT
2025-04-04T10:00:00Z,LINK/USDT,stop_sell,12.94138321,46.87370579,0.60661059,USDT
2025-04-04T21:15:00Z,LINK/USDT,buy,13.08654000,46.59387416,0.60975260,USDT
2025-04-04T21:30:00Z,LINK/USDT,stop_sell,13.00492286,46.59387416,0.60594974,USDT
2025-04-05T23:15:00Z,LINK/USDT,buy,12.74637000,47.76834425,0.60887299,USDT
2025-04-06T02:45:00Z,LINK/USDT,sell,12.81359000,47.76834425,0.61208398,USDT
2025-04-07T14:00:00Z,LINK/USDT,buy,11.28564000,54.29639854,0.61276961,USDT
2025-04-07T15:30:00Z,LINK/USDT,sell,11.19440000,54.29639854,0.60781560,USDT
2025-04-07T20:45:00Z,LINK/USDT,buy,11.62581000,52.38482139,0.60901598,USDT
2025-04-07T21:00:00Z,LINK/USDT,stop_sell,11.48425500,52.38482139,0.60160065,USDT
2025-04-09T07:30:00Z,LINK/USDT,buy,11.39569500,53.38204991,0.60832556,USDT
2025-04-09T09:45:00Z,LINK/USDT,sell,11.34432500,53.38204991,0.60558332,USDT
2025-04-09T17:30:00Z,LINK/USDT,buy,12.02601000,50.59992148,0.60851516,USDT
2025-04-09T23:15:00Z,LINK/USDT,sell,12.67366000,50.59992148,0.64128620,USDT
2025-04-11T06:15:00Z,LINK/USDT,buy,12.46623000,48.81814048,0.60857817,USDT
2025-04-11T06:45:00Z,LINK/USDT,stop_sell,12.42378500,48.81814048,0.60650608,USDT
2025-04-11T09:45:00Z,LINK/USDT,buy,12.54627000,48.71915194,0.61124363,USDT
2025-04-11T11:30:00Z,LINK/USDT,sell,12.50374500,48.71915194,0.60917185,USDT
2025-04-11T21:15:00Z,LINK/USDT,buy,12.84642000,47.48445534,0.61000526,USDT
2025-04-11T21:30:00Z,LINK/USDT,stop_sell,12.77682268,47.48445534,0.60670047,USDT
2025-04-12T05:15:00Z,LINK/USDT,buy,12.68634000,48.13101792,0.61060646,USDT
2025-04-12T09:00:00Z,LINK/USDT,sell,12.78360500,48.13101792,0.61528792,USDT
2025-04-12T13:45:00Z,LINK/USDT,buy,13.02651000,46.89347172,0.61085828,USDT
2025-04-12T16:00:00Z,LINK/USDT,sell,13.09345000,46.89347172,0.61399733,USDT
2025-04-12T20:45:00Z,LINK/USDT,buy,13.19659500,46.08981616,0.60822864,USDT
2025-04-12T20:45:00Z,LINK/USDT,stop_sell,13.16876946,46.08981616,0.60694616,USDT
2025-04-13T09:45:00Z,LINK/USDT,buy,13.07653500,46.67446064,0.61034022,USDT
2025-04-13T11:15:00Z,LINK/USDT,stop_sell,13.01349000,46.67446064,0.60739763,USDT
2025-04-13T17:30:00Z,LINK/USDT,buy,12.94647000,46.97267769,0.60813036,USDT
2025-04-13T19:15:00Z,LINK/USDT,sell,12.94352500,46.97267769,0.60799203,USDT
2025-04-14T02:45:00Z,LINK/USDT,buy,12.97648500,46.67641939,0.60569586,USDT
2025-04-14T02:45:00Z,LINK/USDT,stop_sell,12.91818054,46.67641939,0.60297441,USDT
2025-04-14T11:15:00Z,LINK/USDT,buy,13.21660500,46.12218666,0.60957872,USDT
2025-04-14T11:30:00Z,LINK/USDT,stop_sell,13.11415393,46.12218666,0.60485346,USDT
2025-04-16T14:30:00Z,LINK/USDT,buy,12.29614500,49.53889967,0.60913749,USDT
2025-04-16T16:30:00Z,LINK/USDT,sell,12.22388500,49.53889967,0.60555781,USDT
2025-04-17T05:45:00Z,LINK/USDT,buy,12.58629000,48.32703799,0.60825811,USDT
2025-04-17T08:30:00Z,LINK/USDT,sell,12.55372000,48.32703799,0.60668410,USDT
2025-04-17T16:30:00Z,LINK/USDT,buy,12.65632500,48.11805396,0.60899773,USDT
2025-04-17T19:00:00Z,LINK/USDT,sell,12.59370000,48.11805396,0.60598434,USDT
2025-04-18T06:15:00Z,LINK/USDT,buy,12.65632500,48.01523728,0.60769645,USDT
2025-04-18T09:30:00Z,LINK/USDT,sell,12.65367000,48.01523728,0.60756897,USDT
2025-04-18T10:00:00Z,LINK/USDT,buy,12.67633500,47.81774267,0.60615373,USDT
2025-04-18T10:00:00Z,LINK/USDT,stop_sell,12.66366500,47.81774267,0.60554787,USDT
2025-04-18T17:45:00Z,LINK/USDT,buy,12.62631000,48.18570855,0.60840769,USDT
2025-04-18T23:00:00Z,LINK/USDT,sell,12.56371500,48.18570855,0.60539151,USDT
2025-04-19T02:15:00Z,LINK/USDT,buy,12.72636000,47.77964795,0.60806100,USDT
2025-04-19T11:00:00Z,LINK/USDT,sell,12.78360500,47.77964795,0.61079615,USDT
2025-04-19T17:45:00Z,LINK/USDT,buy,12.89644500,47.19462147,0.60864284,USDT
2025-04-19T23:30:00Z,LINK/USDT,sell,12.94352500,47.19462147,0.61086476,USDT
2025-04-20T04:45:00Z,LINK/USDT,buy,13.08654000,46.44246559,0.60777118,USDT
2025-04-20T06:45:00Z,LINK/USDT,stop_sell,12.94352500,46.44246559,0.60112921,USDT
2025-04-20T18:15:00Z,LINK/USDT,buy,13.26663000,45.72963467,0.60667814,USDT
2025-04-20T21:15:00Z,LINK/USDT,sell,13.33333000,45.72963467,0.60972831,USDT
2025-04-21T08:15:00Z,LINK/USDT,buy,13.68684000,44.3363784,0.60682492,USDT
2025-04-21T08:30:00Z,LINK/USDT,stop_sell,13.61319000,44.3363784,0.60355954,USDT
2025-04-22T01:15:00Z,LINK/USDT,buy,13.14657000,46.16630585,0.60692857,USDT
2025-04-22T02:30:00Z,LINK/USDT,sell,13.12343500,46.16630585,0.60586051,USDT
2025-04-22T07:45:00Z,LINK/USDT,buy,13.28664000,45.69993425,0.60719857,USDT
2025-04-22T10:30:00Z,LINK/USDT,sell,13.35332000,45.69993425,0.61024585,USDT
2025-04-22T11:15:00Z,LINK/USDT,buy,13.45672500,45.16598467,0.60778624,USDT
2025-04-22T17:15:00Z,LINK/USDT,sell,13.74312500,45.16598467,0.62072177,USDT
2025-04-22T22:00:00Z,LINK/USDT,buy,14.08704000,43.11534636,0.60736761,USDT
2025-04-22T22:30:00Z,LINK/USDT,stop_sell,13.99157214,43.11534636,0.60325148,USDT
2025-04-22T23:15:00Z,LINK/USDT,buy,14.01700500,43.05450226,0.60349517,USDT
2025-04-23T01:00:00Z,LINK/USDT,sell,14.07296000,43.05450226,0.60590429,USDT
2025-04-23T01:15:00Z,LINK/USDT,buy,14.18709000,42.78800522,0.60703728,USDT
2025-04-23T10:15:00Z,LINK/USDT,sell,14.79260000,42.78800522,0.63294585,USDT
2025-04-23T11:30:00Z,LINK/USDT,buy,15.10755000,40.36521224,0.60981946,USDT
2025-04-23T13:45:00Z,LINK/USDT,sell,15.03248000,40.36521224,0.60678925,USDT
2025-04-24T13:45:00Z,LINK/USDT,buy,14.57728500,41.754815,0.60867184,USDT
2025-04-24T17:30:00Z,LINK/USDT,sell,14.82258500,41.754815,0.61891429,USDT
2025-04-25T06:45:00Z,LINK/USDT,buy,15.12756000,40.23043885,0.60858838,USDT
2025-04-25T07:45:00Z,LINK/USDT,sell,15.05247000,40.23043885,0.60556747,USDT
2025-04-25T10:00:00Z,LINK/USDT,buy,15.22761000,39.89187676,0.60745794,USDT
2025-04-25T10:00:00Z,LINK/USDT,stop_sell,15.15384786,39.89187676,0.60451543,USDT
2025-04-25T15:00:00Z,LINK/USDT,buy,15.30765000,39.84398695,0.60991781,USDT
2025-04-25T15:30:00Z,LINK/USDT,stop_sell,15.12743250,39.84398695,0.60273722,USDT
2025-04-26T01:00:00Z,LINK/USDT,buy,15.08754000,40.30147358,0.60805009,USDT
2025-04-26T03:30:00Z,LINK/USDT,sell,15.09245000,40.30147358,0.60824797,USDT
2025-04-26T08:30:00Z,LINK/USDT,buy,15.21760500,39.95165997,0.60796858,USDT
2025-04-26T08:30:00Z,LINK/USDT,stop_sell,15.14135411,39.95165997,0.60492223,USDT
2025-04-27T00:30:00Z,LINK/USDT,buy,14.98749000,40.51527745,0.60722232,USDT
2025-04-27T01:15:00Z,LINK/USDT,stop_sell,14.93431482,40.51527745,0.60506791,USDT
2025-04-27T19:45:00Z,LINK/USDT,buy,14.76738000,41.12836539,0.60735820,USDT
2025-04-27T20:45:00Z,LINK/USDT,stop_sell,14.69265000,41.12836539,0.60428468,USDT
2025-04-28T04:15:00Z,LINK/USDT,buy,14.87743500,40.7736465,0.60660728,USDT
2025-04-28T05:45:00Z,LINK/USDT,sell,14.76261500,40.7736465,0.60192565,USDT
2025-04-28T08:15:00Z,LINK/USDT,buy,15.07753500,40.25502303,0.60694652,USDT
2025-04-28T09:00:00Z,LINK/USDT,stop_sell,14.98821643,40.25502303,0.60335100,USDT
2025-04-28T19:15:00Z,LINK/USDT,buy,14.90745000,40.74352262,0.60738203,USDT
2025-04-28T20:45:00Z,LINK/USDT,sell,14.83258000,40.74352262,0.60433156,USDT
2025-04-28T23:15:00Z,LINK/USDT,buy,15.06753000,40.26031961,0.60662357,USDT
2025-04-29T02:00:00Z,LINK/USDT,sell,15.05247000,40.26031961,0.60601725,USDT
2025-04-29T06:30:00Z,LINK/USDT,buy,15.18759000,39.95839538,0.60687173,USDT
2025-04-29T09:00:00Z,LINK/USDT,sell,15.18240500,39.95839538,0.60666454,USDT
2025-05-01T01:00:00Z,LINK/USDT,buy,14.44722000,41.9152377,0.60555866,USDT
2025-05-01T04:15:00Z,LINK/USDT,sell,14.52273500,41.9152377,0.60872389,USDT
2025-05-01T05:30:00Z,LINK/USDT,buy,14.65732500,41.35328607,0.60612855,USDT
2025-05-01T06:45:00Z,LINK/USDT,sell,14.58270500,41.35328607,0.60304277,USDT
2025-05-01T08:30:00Z,LINK/USDT,buy,14.83741500,40.80030423,0.60537105,USDT
2025-05-01T12:45:00Z,LINK/USDT,sell,14.93253000,40.80030423,0.60925177,USDT
2025-05-02T14:45:00Z,LINK/USDT,buy,14.85742500,40.75971715,0.60558444,USDT
2025-05-02T15:15:00Z,LINK/USDT,stop_sell,14.72263500,40.75971715,0.60009044,USDT
2025-05-03T13:15:00Z,LINK/USDT,buy,14.44722000,41.79307709,0.60379378,USDT
2025-05-03T14:30:00Z,LINK/USDT,sell,14.41279000,41.79307709,0.60235484,USDT
2025-05-04T02:15:00Z,LINK/USDT,buy,14.32716000,42.12782012,0.60357202,USDT
2025-05-04T02:30:00Z,LINK/USDT,stop_sell,14.26286500,42.12782012,0.60086341,USDT
2025-05-04T14:45:00Z,LINK/USDT,buy,14.15707500,42.70114313,0.60452329,USDT
2025-05-04T15:30:00Z,LINK/USDT,stop_sell,14.09295000,42.70114313,0.60178508,USDT
2025-05-04T20:45:00Z,LINK/USDT,buy,14.15707500,42.67884196,0.60420757,USDT
2025-05-04T22:00:00Z,LINK/USDT,stop_sell,14.04297500,42.67884196,0.59933791,USDT
2025-05-06T19:45:00Z,LINK/USDT,buy,13.67683500,44.14189887,0.60372147,USDT
2025-05-06T19:45:00Z,LINK/USDT,stop_sell,13.62032929,44.14189887,0.60122720,USDT
2025-05-07T21:30:00Z,LINK/USDT,buy,13.75687500,43.92744502,0.60430437,USDT
2025-05-08T11:30:00Z,LINK/USDT,sell,14.81259000,43.92744502,0.65067923,USDT
2025-05-08T15:30:00Z,LINK/USDT,buy,15.10755000,40.07486199,0.60543298,USDT
2025-05-08T22:15:00Z,LINK/USDT,sell,15.64217500,40.07486199,0.62685800,USDT
2025-05-09T07:45:00Z,LINK/USDT,buy,16.06803000,37.76218678,0.60676395,USDT
2025-05-09T09:15:00Z,LINK/USDT,stop_sell,15.99806839,37.76218678,0.60412205,USDT
2025-05-10T00:30:00Z,LINK/USDT,buy,16.15807500,37.51021628,0.60609289,USDT
2025-05-10T00:30:00Z,LINK/USDT,stop_sell,16.12264893,37.51021628,0.60476405,USDT
2025-05-10T06:15:00Z,LINK/USDT,buy,16.25812500,37.52082902,0.61001833,USDT
2025-05-10T09:00:00Z,LINK/USDT,sell,16.17191000,37.52082902,0.60678347,USDT
2025-05-10T16:30:00Z,LINK/USDT,buy,16.63831500,36.55122126,0.60815073,USDT
2025-05-10T18:00:00Z,LINK/USDT,sell,16.79160000,36.55122126,0.61375349,USDT
2025-05-10T21:45:00Z,LINK/USDT,buy,17.00850000,35.75480973,0.60813568,USDT
2025-05-11T00:15:00Z,LINK/USDT,stop_sell,16.88441071,35.75480973,0.60369889,USDT
2025-05-11T18:45:00Z,LINK/USDT,buy,16.99849500,35.72822797,0.60732610,USDT
2025-05-11T21:15:00Z,LINK/USDT,sell,16.96151500,35.72822797,0.60600487,USDT
2025-05-12T00:45:00Z,LINK/USDT,buy,17.16858000,35.25999481,0.60536404,USDT
2025-05-12T01:15:00Z,LINK/USDT,stop_sell,17.08716643,35.25999481,0.60249340,USDT
2025-05-12T07:00:00Z,LINK/USDT,buy,17.32866000,35.03757683,0.60715426,USDT
2025-05-12T08:15:00Z,LINK/USDT,sell,17.33133000,35.03757683,0.60724781,USDT
2025-05-13T09:30:00Z,LINK/USDT,buy,16.62831000,36.55187726,0.60779595,USDT
2025-05-13T12:15:00Z,LINK/USDT,sell,16.56171500,36.55187726,0.60536177,USDT
2025-05-13T12:45:00Z,LINK/USDT,buy,16.74837000,36.14239428,0.60532619,USDT
2025-05-13T14:00:00Z,LINK/USDT,stop_sell,16.65274089,36.14239428,0.60186993,USDT
2025-05-13T15:15:00Z,LINK/USDT,buy,16.74837000,36.07716067,0.60423364,USDT
2025-05-13T21:15:00Z,LINK/USDT,sell,17.57121000,36.07716067,0.63391937,USDT
2025-05-14T19:30:00Z,LINK/USDT,buy,17.03851500,35.74454204,0.60903392,USDT
2025-05-14T21:00:00Z,LINK/USDT,stop_sell,16.91189696,35.74454204,0.60450801,USDT
2025-05-15T00:30:00Z,LINK/USDT,buy,17.14857000,35.48820489,0.60857197,USDT
2025-05-15T01:30:00Z,LINK/USDT,sell,16.99150000,35.48820489,0.60299783,USDT
2025-05-18T05:15:00Z,LINK/USDT,buy,15.53776500,39.10947158,0.60767378,USDT
2025-05-18T07:00:00Z,LINK/USDT,sell,15.55222000,39.10947158,0.60823911,USDT
2025-05-18T08:00:00Z,LINK/USDT,buy,15.73786500,38.63346353,0.60800823,USDT
2025-05-18T09:45:00Z,LINK/USDT,sell,15.71214000,38.63346353,0.60701439,USDT
2025-05-18T14:30:00Z,LINK/USDT,buy,15.93796500,38.18498977,0.60859103,USDT
2025-05-18T17:30:00Z,LINK/USDT,sell,16.05197000,38.18498977,0.61294431,USDT
2025-05-19T15:00:00Z,LINK/USDT,buy,15.43771500,39.38987528,0.60808967,USDT
2025-05-19T18:30:00Z,LINK/USDT,sell,15.55222000,39.38987528,0.61260001,USDT
2025-05-19T19:45:00Z,LINK/USDT,buy,15.75787500,38.48353697,0.60641877,USDT
2025-05-19T21:30:00Z,LINK/USDT,sell,15.69215000,38.48353697,0.60388943,USDT
2025-05-20T01:45:00Z,LINK/USDT,buy,16.02801000,38.03105057,0.60956206,USDT
2025-05-20T03:45:00Z,LINK/USDT,sell,16.05197000,38.03105057,0.61047328,USDT
2025-05-20T21:00:00Z,LINK/USDT,buy,15.66783000,38.7328554,0.60685979,USDT
2025-05-20T22:15:00Z,LINK/USDT,stop_sell,15.55436179,38.7328554,0.60246485,USDT
2025-05-21T11:15:00Z,LINK/USDT,buy,16.18809000,37.55463062,0.60793774,USDT
2025-05-21T11:30:00Z,LINK/USDT,stop_sell,16.02234196,37.55463062,0.60171313,USDT
2025-05-21T16:30:00Z,LINK/USDT,buy,16.29814500,37.26417273,0.60733689,USDT
2025-05-21T17:15:00Z,LINK/USDT,sell,16.11194000,37.26417273,0.60039812,USDT
2025-05-21T23:00:00Z,LINK/USDT,buy,16.00800000,37.7578784,0.60442812,USDT
2025-05-22T01:45:00Z,LINK/USDT,sell,16.11194000,37.7578784,0.60835267,USDT
2025-05-22T03:00:00Z,LINK/USDT,buy,16.28814000,37.16891481,0.60541249,USDT
2025-05-22T06:00:00Z,LINK/USDT,sell,16.28185500,37.16891481,0.60517888,USDT
2025-05-22T08:30:00Z,LINK/USDT,buy,16.56828000,36.57836809,0.60604064,USDT
2025-05-22T11:00:00Z,LINK/USDT,sell,16.50174500,36.57836809,0.60360690,USDT
2025-05-22T14:30:00Z,LINK/USDT,buy,16.79839500,36.12448117,0.60683330,USDT
2025-05-22T16:45:00Z,LINK/USDT,sell,16.79160000,36.12448117,0.60658784,USDT
2025-05-23T00:15:00Z,LINK/USDT,buy,16.78839000,36.07446921,0.60563226,USDT
2025-05-23T00:15:00Z,LINK/USDT,stop_sell,16.69986018,36.07446921,0.60243859,USDT
2025-05-23T02:15:00Z,LINK/USDT,buy,16.91845500,35.69188522,0.60385155,USDT
2025-05-23T04:30:00Z,LINK/USDT,sell,16.84157500,35.69188522,0.60110756,USDT
2025-05-23T11:00:00Z,LINK/USDT,buy,17.06853000,35.31901509,0.60284367,USDT
2025-05-23T11:00:00Z,LINK/USDT,stop_sell,17.00542161,35.31901509,0.60061474,USDT
2025-05-24T10:45:00Z,LINK/USDT,buy,15.83791500,38.22814343,0.60545409,USDT
2025-05-24T12:00:00Z,LINK/USDT,stop_sell,15.73034518,38.22814343,0.60134189,USDT
2025-05-25T21:15:00Z,LINK/USDT,buy,15.16758000,39.83914435,0.60426341,USDT
2025-05-25T21:30:00Z,LINK/USDT,stop_sell,15.08245500,39.83914435,0.60087210,USDT
2025-05-25T22:15:00Z,LINK/USDT,buy,15.28764000,39.45056947,0.60310610,USDT
2025-05-26T02:45:00Z,LINK/USDT,sell,15.57221000,39.45056947,0.61433255,USDT
2025-05-26T07:15:00Z,LINK/USDT,buy,15.82791000,38.03615064,0.60203277,USDT
2025-05-26T07:15:00Z,LINK/USDT,stop_sell,15.81209000,38.03615064,0.60143104,USDT
2025-05-27T08:15:00Z,LINK/USDT,buy,15.89794500,38.02706218,0.60455214,USDT
2025-05-27T09:30:00Z,LINK/USDT,sell,15.86206500,38.02706218,0.60318773,USDT
2025-05-27T13:15:00Z,LINK/USDT,buy,16.04802000,37.68211141,0.60472328,USDT
2025-05-27T13:30:00Z,LINK/USDT,stop_sell,15.98236196,37.68211141,0.60224914,USDT
2025-05-28T12:30:00Z,LINK/USDT,buy,16.03801500,37.66374033,0.60405163,USDT
2025-05-28T13:00:00Z,LINK/USDT,stop_sell,15.93203000,37.66374033,0.60005984,USDT
2025-05-28T23:15:00Z,LINK/USDT,buy,15.58779000,38.77468414,0.60441163,USDT
2025-05-29T04:15:00Z,LINK/USDT,sell,15.95202000,38.77468414,0.61853454,USDT
2025-05-31T10:15:00Z,LINK/USDT,buy,13.86693000,43.60505641,0.60466826,USDT
2025-05-31T11:00:00Z,LINK/USDT,stop_sell,13.63318000,43.60505641,0.59447558,USDT
2025-05-31T13:15:00Z,LINK/USDT,buy,13.88694000,43.2274166,0.60029654,USDT
2025-05-31T13:15:00Z,LINK/USDT,stop_sell,13.87306000,43.2274166,0.59969654,USDT
2025-05-31T18:30:00Z,LINK/USDT,buy,14.11705500,42.75767091,0.60361239,USDT
2025-05-31T20:00:00Z,LINK/USDT,sell,14.09295000,42.75767091,0.60258172,USDT
2025-06-01T14:15:00Z,LINK/USDT,buy,13.92696000,43.32843299,0.60343335,USDT
2025-06-01T15:00:00Z,LINK/USDT,stop_sell,13.87306000,43.32843299,0.60109795,USDT
2025-06-01T15:30:00Z,LINK/USDT,buy,13.92696000,43.24595355,0.60228467,USDT
2025-06-01T18:00:00Z,LINK/USDT,sell,13.97301000,43.24595355,0.60427614,USDT
2025-06-01T22:30:00Z,LINK/USDT,buy,14.03701500,42.97301395,0.60321284,USDT
2025-06-02T00:15:00Z,LINK/USDT,stop_sell,13.98657464,42.97301395,0.60104527,USDT
2025-06-02T17:15:00Z,LINK/USDT,buy,13.70685000,43.95635588,0.60250318,USDT
2025-06-02T17:30:00Z,LINK/USDT,stop_sell,13.66887643,43.95635588,0.60083400,USDT
2025-06-02T23:15:00Z,LINK/USDT,buy,14.09704500,42.7545662,0.60271304,USDT
2025-06-03T03:00:00Z,LINK/USDT,sell,14.23288000,42.7545662,0.60852061,USDT
2025-06-04T01:30:00Z,LINK/USDT,buy,14.35717500,42.00554316,0.60308093,USDT
2025-06-04T04:15:00Z,LINK/USDT,sell,14.34282500,42.00554316,0.60247815,USDT
2025-06-04T10:15:00Z,LINK/USDT,buy,14.39719500,41.67599428,0.60001742,USDT
2025-06-04T10:15:00Z,LINK/USDT,stop_sell,14.38280500,41.67599428,0.59941770,USDT
2025-06-05T13:00:00Z,LINK/USDT,buy,14.02701000,42.97367654,0.60279219,USDT
2025-06-05T13:45:00Z,LINK/USDT,stop_sell,13.79310000,42.97367654,0.59274022,USDT
2025-06-06T12:45:00Z,LINK/USDT,buy,13.28664000,45.300538,0.60189194,USDT
2025-06-06T17:15:00Z,LINK/USDT,sell,13.53323000,45.300538,0.61306260,USDT
2025-06-06T22:45:00Z,LINK/USDT,buy,13.56678000,44.42386438,0.60268879,USDT
2025-06-07T00:15:00Z,LINK/USDT,stop_sell,13.49325000,44.42386438,0.59942231,USDT
2025-06-07T05:15:00Z,LINK/USDT,buy,13.86693000,43.43651611,0.60233113,USDT
2025-06-07T09:00:00Z,LINK/USDT,sell,13.93303000,43.43651611,0.60520228,USDT
2025-06-07T22:45:00Z,LINK/USDT,buy,13.88694000,43.38351606,0.60246428,USDT
2025-06-07T23:00:00Z,LINK/USDT,stop_sell,13.83308000,43.38351606,0.60012765,USDT
2025-06-08T11:30:00Z,LINK/USDT,buy,13.74687000,43.80495376,0.60218100,USDT
2025-06-08T14:00:00Z,LINK/USDT,sell,13.73313000,43.80495376,0.60157912,USDT
2025-06-08T18:15:00Z,LINK/USDT,buy,13.86693000,43.41526792,0.60203648,USDT
2025-06-08T18:45:00Z,LINK/USDT,stop_sell,13.82308500,43.41526792,0.60013294,USDT
2025-06-09T09:30:00Z,LINK/USDT,buy,13.65682500,44.06499315,0.60178790,USDT
2025-06-09T14:00:00Z,LINK/USDT,sell,13.86306500,44.06499315,0.61087586,USDT
2025-06-09T18:30:00Z,LINK/USDT,buy,14.08704000,42.7640043,0.60241824,USDT
2025-06-09T18:30:00Z,LINK/USDT,stop_sell,14.02048625,42.7640043,0.59957213,USDT
2025-06-09T21:15:00Z,LINK/USDT,buy,14.17708500,42.46953655,0.60209423,USDT
2025-06-10T03:30:00Z,LINK/USDT,sell,14.43278000,42.46953655,0.61295348,USDT
2025-06-10T10:00:00Z,LINK/USDT,buy,14.56728000,41.38494979,0.60286615,USDT
2025-06-10T10:45:00Z,LINK/USDT,sell,14.51274000,41.38494979,0.60060902,USDT
2025-06-10T11:30:00Z,LINK/USDT,buy,14.89744500,40.55811583,0.60421230,USDT
2025-06-10T13:45:00Z,LINK/USDT,sell,14.97251000,40.55811583,0.60725679,USDT
2025-06-11T00:15:00Z,LINK/USDT,buy,15.42771000,39.04307596,0.60234525,USDT
2025-06-11T00:15:00Z,LINK/USDT,stop_sell,15.38052018,39.04307596,0.60050282,USDT
2025-06-11T07:15:00Z,LINK/USDT,buy,15.36768000,39.25626072,0.60327765,USDT
2025-06-11T08:30:00Z,LINK/USDT,sell,15.33233000,39.25626072,0.60188994,USDT
2025-06-11T11:00:00Z,LINK/USDT,buy,15.45772500,38.91296764,0.60150595,USDT
2025-06-11T11:00:00Z,LINK/USDT,stop_sell,15.37659357,38.91296764,0.59834889,USDT
2025-06-11T14:30:00Z,LINK/USDT,buy,15.55777500,38.74018389,0.60271106,USDT
2025-06-11T16:30:00Z,LINK/USDT,sell,15.52223500,38.74018389,0.60133424,USDT
2025-06-12T14:30:00Z,LINK/USDT,buy,14.48724000,41.56382765,0.60214515,USDT
2025-06-12T15:15:00Z,LINK/USDT,stop_sell,14.37388089,41.56382765,0.59743351,USDT
2025-06-12T17:45:00Z,LINK/USDT,buy,14.55727500,41.3312028,0.60166969,USDT
2025-06-12T18:00:00Z,LINK/USDT,stop_sell,14.45776750,41.3312028,0.59755692,USDT
2025-06-13T12:45:00Z,LINK/USDT,buy,13.25662500,44.84919562,0.59454897,USDT
2025-06-13T12:45:00Z,LINK/USDT,stop_sell,13.24337500,44.84919562,0.59395472,USDT
2025-06-14T22:45:00Z,LINK/USDT,buy,13.12656000,45.62219673,0.59886250,USDT
2025-06-15T04:00:00Z,LINK/USDT,sell,13.22338500,45.62219673,0.60327987,USDT
2025-06-15T05:00:00Z,LINK/USDT,buy,13.26663000,45.29753598,0.60094565,USDT
2025-06-15T05:15:00Z,LINK/USDT,stop_sell,13.20339500,45.29753598,0.59808126,USDT
2025-06-15T06:00:00Z,LINK/USDT,buy,13.29664500,45.17082421,0.60062041,USDT
2025-06-15T06:00:00Z,LINK/USDT,stop_sell,13.26514982,45.17082421,0.59919775,USDT
2025-06-15T13:45:00Z,LINK/USDT,buy,13.17658500,45.67050649,0.60178131,USDT
2025-06-15T16:00:00Z,LINK/USDT,sell,13.17341000,45.67050649,0.60163631,USDT
2025-06-15T22:15:00Z,LINK/USDT,buy,13.21660500,45.42033168,0.60030258,USDT
2025-06-16T01:15:00Z,LINK/USDT,sell,13.22338500,45.42033168,0.60061053,USDT
2025-06-16T05:30:00Z,LINK/USDT,buy,13.54677000,44.40645037,0.60156397,USDT
2025-06-16T09:30:00Z,LINK/USDT,sell,13.62318500,44.40645037,0.60495729,USDT
2025-06-16T13:45:00Z,LINK/USDT,buy,13.73686500,43.83536072,0.60216043,USDT
2025-06-16T21:30:00Z,LINK/USDT,sell,14.03298000,43.83536072,0.61514074,USDT
2025-06-18T05:45:00Z,LINK/USDT,buy,13.21660500,45.49940415,0.60134765,USDT
2025-06-18T06:00:00Z,LINK/USDT,stop_sell,13.17341000,45.49940415,0.59938231,USDT
2025-06-18T21:00:00Z,LINK/USDT,buy,13.09654500,45.96739424,0.60201405,USDT
2025-06-19T01:15:00Z,LINK/USDT,sell,13.09345000,45.96739424,0.60187178,USDT
2025-06-19T09:45:00Z,LINK/USDT,buy,13.28664000,45.26647704,0.60143938,USDT
2025-06-19T12:00:00Z,LINK/USDT,stop_sell,13.18340500,45.26647704,0.59676630,USDT
2025-06-20T00:45:00Z,LINK/USDT,buy,13.08654000,45.88810757,0.60051656,USDT
2025-06-20T01:45:00Z,LINK/USDT,stop_sell,13.03348000,45.88810757,0.59808173,USDT
2025-06-21T02:15:00Z,LINK/USDT,buy,12.65632500,47.42496232,0.60022574,USDT
2025-06-21T05:30:00Z,LINK/USDT,sell,12.62368500,47.42496232,0.59867779,USDT
2025-06-22T07:15:00Z,LINK/USDT,buy,12.05602500,49.76813485,0.60000588,USDT
2025-06-22T07:45:00Z,LINK/USDT,stop_sell,11.96401500,49.76813485,0.59542671,USDT
2025-06-22T23:45:00Z,LINK/USDT,buy,11.67583500,51.34910515,0.59954368,USDT
2025-06-23T01:30:00Z,LINK/USDT,sell,11.59420000,51.34910515,0.59535179,USDT
2025-06-23T06:00:00Z,LINK/USDT,buy,11.84592000,50.66100801,0.60012625,USDT
2025-06-23T09:30:00Z,LINK/USDT,sell,11.79410000,50.66100801,0.59750099,USDT
2025-06-23T13:00:00Z,LINK/USDT,buy,11.96598000,50.08429157,0.59930763,USDT
2025-06-23T13:00:00Z,LINK/USDT,stop_sell,11.92474893,50.08429157,0.59724260,USDT
2025-06-23T14:15:00Z,LINK/USDT,buy,12.00600000,49.77091164,0.59754957,USDT
2025-06-23T14:45:00Z,LINK/USDT,stop_sell,11.88405500,49.77091164,0.59148025,USDT
2025-06-23T19:30:00Z,LINK/USDT,buy,12.07603500,49.3123507,0.59549767,USDT
2025-06-24T03:00:00Z,LINK/USDT,sell,12.93353000,49.3123507,0.63778277,USDT
2025-06-24T05:15:00Z,LINK/USDT,buy,13.07653500,46.01453565,0.60171069,USDT
2025-06-24T07:45:00Z,LINK/USDT,sell,13.03348000,46.01453565,0.59972953,USDT
2025-06-25T21:15:00Z,LINK/USDT,buy,13.25662500,45.33548889,0.60099558,USDT
2025-06-25T21:30:00Z,LINK/USDT,stop_sell,13.20339500,45.33548889,0.59858237,USDT
2025-06-26T01:45:00Z,LINK/USDT,buy,13.32666000,45.07554091,0.60070641,USDT
2025-06-26T02:00:00Z,LINK/USDT,stop_sell,13.26407893,45.07554091,0.59788553,USDT
2025-06-26T02:15:00Z,LINK/USDT,buy,13.32666000,45.01760297,0.59993429,USDT
2025-06-26T04:15:00Z,LINK/USDT,sell,13.30334500,45.01760297,0.59888470,USDT
2025-06-28T02:30:00Z,LINK/USDT,buy,13.17658500,45.55085613,0.60020473,USDT
2025-06-28T03:00:00Z,LINK/USDT,stop_sell,13.10344500,45.55085613,0.59687314,USDT
2025-06-28T10:15:00Z,LINK/USDT,buy,13.18659000,45.48880742,0.59984225,USDT
2025-06-28T11:00:00Z,LINK/USDT,stop_sell,13.09345000,45.48880742,0.59560543,USDT
2025-06-28T16:00:00Z,LINK/USDT,buy,13.28664000,45.18159124,0.60031154,USDT
2025-06-28T17:00:00Z,LINK/USDT,stop_sell,13.19340000,45.18159124,0.59609881,USDT
2025-06-28T17:45:00Z,LINK/USDT,buy,13.33666500,45.01317056,0.60032558,USDT
2025-06-28T20:15:00Z,LINK/USDT,sell,13.29335000,45.01317056,0.59837583,USDT
2025-06-29T22:30:00Z,LINK/USDT,buy,13.73686500,43.58509051,0.59872250,USDT
2025-06-30T00:45:00Z,LINK/USDT,sell,13.67316000,43.58509051,0.59594592,USDT
2025-06-30T15:00:00Z,LINK/USDT,buy,13.25662500,45.20828361,0.59930926,USDT
2025-06-30T19:15:00Z,LINK/USDT,sell,13.43328000,45.20828361,0.60729553,USDT
2025-06-30T19:30:00Z,LINK/USDT,buy,13.53676500,44.31147042,0.59983396,USDT
2025-06-30T21:45:00Z,LINK/USDT,stop_sell,13.43328000,44.31147042,0.59524839,USDT
2025-07-02T05:00:00Z,LINK/USDT,buy,13.04652000,45.87312216,0.59848461,USDT
2025-07-02T10:15:00Z,LINK/USDT,sell,13.05347000,45.87312216,0.59880342,USDT
2025-07-02T14:30:00Z,LINK/USDT,buy,13.19659500,45.24320994,0.59705632,USDT
2025-07-02T21:30:00Z,LINK/USDT,sell,13.69315000,45.24320994,0.61952206,USDT
2025-07-03T05:15:00Z,LINK/USDT,buy,13.63681500,43.91033444,0.59879711,USDT
2025-07-03T10:30:00Z,LINK/USDT,sell,13.85307000,43.91033444,0.60829294,USDT
2025-07-03T14:15:00Z,LINK/USDT,buy,13.93696500,43.0759159,0.60034753,USDT
2025-07-03T14:30:00Z,LINK/USDT,stop_sell,13.82379893,43.0759159,0.59547280,USDT
2025-07-05T04:45:00Z,LINK/USDT,buy,13.23661500,45.35091636,0.60029262,USDT
2025-07-05T05:15:00Z,LINK/USDT,stop_sell,13.18340500,45.35091636,0.59787950,USDT
2025-07-05T22:45:00Z,LINK/USDT,buy,13.21660500,45.39770779,0.60000357,USDT
2025-07-06T03:45:00Z,LINK/USDT,stop_sell,13.17341000,45.39770779,0.59804262,USDT
2025-07-06T12:45:00Z,LINK/USDT,buy,13.21660500,45.37857682,0.59975073,USDT
2025-07-06T17:30:00Z,LINK/USDT,sell,13.39330000,45.37857682,0.60776889,USDT
2025-07-07T14:15:00Z,LINK/USDT,buy,13.65682500,43.95574005,0.60029585,USDT
2025-07-07T14:45:00Z,LINK/USDT,stop_sell,13.48325500,43.95574005,0.59266645,USDT
2025-07-08T11:00:00Z,LINK/USDT,buy,13.41670500,44.72313902,0.60003716,USDT
2025-07-08T15:00:00Z,LINK/USDT,sell,13.42328500,44.72313902,0.60033144,USDT
2025-07-08T17:15:00Z,LINK/USDT,buy,13.78689000,43.48458459,0.59951718,USDT
2025-07-09T00:30:00Z,LINK/USDT,sell,13.89305000,43.48458459,0.60413351,USDT
2025-07-09T05:45:00Z,LINK/USDT,buy,14.05702500,42.27719249,0.59429155,USDT
2025-07-09T05:45:00Z,LINK/USDT,stop_sell,14.04297500,42.27719249,0.59369756,USDT
2025-07-09T19:45:00Z,LINK/USDT,buy,14.26713000,42.05951093,0.60006851,USDT
2025-07-09T20:00:00Z,LINK/USDT,stop_sell,14.19147214,42.05951093,0.59688638,USDT
2025-07-10T16:15:00Z,LINK/USDT,buy,14.37718500,41.68390423,0.59929720,USDT
2025-07-10T18:45:00Z,LINK/USDT,sell,14.58270500,41.68390423,0.60786408,USDT
2025-07-10T21:30:00Z,LINK/USDT,buy,15.04752000,39.91920646,0.60068506,USDT
2025-07-11T00:30:00Z,LINK/USDT,sell,15.01249000,39.91920646,0.59928669,USDT
2025-07-11T02:45:00Z,LINK/USDT,buy,15.40770000,38.94597879,0.60006796,USDT
2025-07-11T06:45:00Z,LINK/USDT,sell,15.39230000,38.94597879,0.59946819,USDT
2025-07-13T00:30:00Z,LINK/USDT,buy,15.14757000,39.55344352,0.59913855,USDT
2025-07-13T00:30:00Z,LINK/USDT,stop_sell,15.10280196,39.55344352,0.59736782,USDT
2025-07-13T02:15:00Z,LINK/USDT,buy,15.11755500,39.48564867,0.59692647,USDT
2025-07-13T02:15:00Z,LINK/USDT,stop_sell,15.10244500,39.48564867,0.59632984,USDT
2025-07-13T07:30:00Z,LINK/USDT,buy,15.31765500,39.06419437,0.59837185,USDT
2025-07-13T09:30:00Z,LINK/USDT,sell,15.28235500,39.06419437,0.59699289,USDT
2025-07-13T13:45:00Z,LINK/USDT,buy,15.58779000,38.44882165,0.59933216,USDT
2025-07-13T16:15:00Z,LINK/USDT,sell,15.73213000,38.44882165,0.60488186,USDT
2025-07-13T19:00:00Z,LINK/USDT,buy,15.86793000,37.72013805,0.59854051,USDT
2025-07-13T19:30:00Z,LINK/USDT,stop_sell,15.78103411,37.72013805,0.59526279,USDT
2025-07-14T12:30:00Z,LINK/USDT,buy,16.31815500,36.61394924,0.59747210,USDT
2025-07-14T13:15:00Z,LINK/USDT,stop_sell,16.24116107,36.61394924,0.59465305,USDT
2025-07-14T14:15:00Z,LINK/USDT,buy,16.32816000,36.52730011,0.59642360,USDT
2025-07-14T14:15:00Z,LINK/USDT,stop_sell,16.25187000,36.52730011,0.59363693,USDT
2025-07-15T09:15:00Z,LINK/USDT,buy,15.45772500,38.60548984,0.59675305,USDT
2025-07-15T09:15:00Z,LINK/USDT,stop_sell,15.42442679,38.60548984,0.59546755,USDT
2025-07-15T14:00:00Z,LINK/USDT,buy,15.64782000,38.10075337,0.59619373,USDT
2025-07-15T14:30:00Z,LINK/USDT,stop_sell,15.54400982,38.10075337,0.59223848,USDT
2025-07-15T17:45:00Z,LINK/USDT,buy,16.02801000,37.360183,0.59880939,USDT
2025-07-15T18:30:00Z,LINK/USDT,stop_sell,15.80744946,37.360183,0.59056920,USDT
2025-07-16T07:30:00Z,LINK/USDT,buy,16.23811500,36.76124223,0.59693328,USDT
2025-07-16T11:15:00Z,LINK/USDT,sell,16.47176000,36.76124223,0.60552236,USDT
2025-07-16T14:45:00Z,LINK/USDT,buy,16.74837000,35.91256111,0.60147686,USDT
2025-07-16T15:30:00Z,LINK/USDT,stop_sell,16.50174500,35.91256111,0.59261993,USDT
2025-07-16T17:15:00Z,LINK/USDT,buy,16.82841000,35.50129814,0.59743040,USDT
2025-07-16T19:00:00Z,LINK/USDT,sell,16.79160000,35.50129814,0.59612360,USDT
2025-07-17T06:00:00Z,LINK/USDT,buy,16.74837000,35.68053741,0.59759084,USDT
2025-07-17T11:15:00Z,LINK/USDT,sell,17.15142000,35.68053741,0.61197188,USDT
2025-07-17T18:45:00Z,LINK/USDT,buy,17.16858000,34.70514227,0.59583801,USDT
2025-07-17T20:00:00Z,LINK/USDT,sell,17.03148000,34.70514227,0.59107994,USDT
2025-07-17T21:30:00Z,LINK/USDT,buy,17.31865500,34.41752589,0.59606526,USDT
2025-07-17T21:30:00Z,LINK/USDT,stop_sell,17.13749839,34.41752589,0.58983029,USDT
2025-07-17T23:30:00Z,LINK/USDT,buy,17.96898000,33.12256835,0.59517877,USDT
2025-07-18T06:30:00Z,LINK/USDT,sell,18.83058000,33.12256835,0.62371717,USDT
2025-07-18T14:15:00Z,LINK/USDT,buy,18.60930000,32.06815601,0.59676594,USDT
2025-07-18T14:15:00Z,LINK/USDT,stop_sell,18.51573750,32.06815601,0.59376556,USDT
2025-07-19T00:30:00Z,LINK/USDT,buy,17.93896500,33.35507632,0.59835555,USDT
2025-07-19T00:45:00Z,LINK/USDT,stop_sell,17.76111500,33.35507632,0.59242335,USDT
2025-07-19T03:00:00Z,LINK/USDT,buy,18.06903000,33.01031382,0.59646435,USDT
2025-07-19T05:15:00Z,LINK/USDT,sell,18.07096000,33.01031382,0.59652806,USDT
2025-07-19T16:30:00Z,LINK/USDT,buy,18.03901500,33.09675,0.59703277,USDT
2025-07-19T21:15:00Z,LINK/USDT,sell,18.23088000,33.09675,0.60338288,USDT
2025-07-20T01:30:00Z,LINK/USDT,buy,18.42921000,32.24424557,0.59423597,USDT
2025-07-20T01:30:00Z,LINK/USDT,stop_sell,18.41079000,32.24424557,0.59364203,USDT
2025-07-20T03:30:00Z,LINK/USDT,buy,18.63931500,32.09805411,0.59828574,USDT
2025-07-20T04:15:00Z,LINK/USDT,sell,18.65067000,32.09805411,0.59865021,USDT
2025-07-20T07:15:00Z,LINK/USDT,buy,18.78939000,31.73654649,0.59631035,USDT
2025-07-20T12:15:00Z,LINK/USDT,sell,19.27036000,31.73654649,0.61157468,USDT
2025-07-20T15:45:00Z,LINK/USDT,buy,19.84992000,30.14721479,0.59841980,USDT
2025-07-20T15:45:00Z,LINK/USDT,stop_sell,19.67230179,30.14721479,0.59306511,USDT
2025-07-21T03:45:00Z,LINK/USDT,buy,19.53976500,30.67692264,0.59941986,USDT
2025-07-21T05:30:00Z,LINK/USDT,sell,19.46026500,30.67692264,0.59698104,USDT
2025-07-21T06:15:00Z,LINK/USDT,buy,19.70985000,30.28921855,0.59699595,USDT
2025-07-21T09:00:00Z,LINK/USDT,sell,19.86006500,30.28921855,0.60154585,USDT
2025-07-21T11:00:00Z,LINK/USDT,buy,20.18008500,29.65678148,0.59847637,USDT
2025-07-21T12:00:00Z,LINK/USDT,stop_sell,19.98535946,29.65678148,0.59270144,USDT
2025-07-22T02:15:00Z,LINK/USDT,buy,19.89994500,30.04625408,0.59791880,USDT
2025-07-22T02:45:00Z,LINK/USDT,stop_sell,19.66801821,30.04625408,0.59095027,USDT
2025-07-22T15:15:00Z,LINK/USDT,buy,19.42971000,30.739825,0.59726589,USDT
2025-07-22T17:15:00Z,LINK/USDT,sell,19.28035500,30.739825,0.59267474,USDT
2025-07-22T23:30:00Z,LINK/USDT,buy,19.63981500,30.34104347,0.59589248,USDT
2025-07-23T00:30:00Z,LINK/USDT,sell,19.54022500,30.34104347,0.59287082,USDT
2025-07-24T11:30:00Z,LINK/USDT,buy,17.98899000,33.01041419,0.59382401,USDT
2025-07-24T12:30:00Z,LINK/USDT,stop_sell,17.90211589,33.01041419,0.59095626,USDT
2025-07-24T15:00:00Z,LINK/USDT,buy,18.52926000,32.13828899,0.59549871,USDT
2025-07-24T15:30:00Z,LINK/USDT,stop_sell,18.36259982,32.13828899,0.59014254,USDT
2025-07-25T09:30:00Z,LINK/USDT,buy,17.96898000,33.29533181,0.59828315,USDT
2025-07-25T13:15:00Z,LINK/USDT,sell,18.18090500,33.29533181,0.60533926,USDT
2025-07-26T03:00:00Z,LINK/USDT,buy,18.42921000,32.34466515,0.59608663,USDT
2025-07-26T03:15:00Z,LINK/USDT,stop_sell,18.32083500,32.34466515,0.59258127,USDT
2025-07-26T10:45:00Z,LINK/USDT,buy,18.37918500,32.25423675,0.59280658,USDT
2025-07-26T10:45:00Z,LINK/USDT,stop_sell,18.36081500,32.25423675,0.59221407,USDT
2025-07-26T18:45:00Z,LINK/USDT,buy,18.45922500,32.31655852,0.59653862,USDT
2025-07-26T20:45:00Z,LINK/USDT,sell,18.50074500,32.31655852,0.59788041,USDT
2025-07-27T03:00:00Z,LINK/USDT,buy,18.68934000,31.73149238,0.59304065,USDT
2025-07-27T03:00:00Z,LINK/USDT,stop_sell,18.63496357,31.73149238,0.59131520,USDT
2025-07-27T04:45:00Z,LINK/USDT,buy,18.86943000,31.55090206,0.59534754,USDT
2025-07-27T06:45:00Z,LINK/USDT,sell,18.80059500,31.55090206,0.59317573,USDT
2025-07-27T16:45:00Z,LINK/USDT,buy,18.95947500,31.20572857,0.59164423,USDT
2025-07-27T16:45:00Z,LINK/USDT,stop_sell,18.94052500,31.20572857,0.59105288,USDT
2025-07-28T00:30:00Z,LINK/USDT,buy,19.32966000,30.8103245,0.59555310,USDT
2025-07-28T00:45:00Z,LINK/USDT,stop_sell,19.16826821,30.8103245,0.59058056,USDT
2025-07-28T02:45:00Z,LINK/USDT,buy,19.21960500,30.76885394,0.59136522,USDT
2025-07-28T03:00:00Z,LINK/USDT,stop_sell,19.16755429,30.76885394,0.58976368,USDT
2025-07-28T05:00:00Z,LINK/USDT,buy,19.34967000,30.7096151,0.59422092,USDT
2025-07-28T06:45:00Z,LINK/USDT,sell,19.38030500,30.7096151,0.59516171,USDT
2025-07-30T18:15:00Z,LINK/USDT,buy,17.64882000,33.45938414,0.59051865,USDT
2025-07-30T18:15:00Z,LINK/USDT,stop_sell,17.63118000,33.45938414,0.58992842,USDT
2025-07-31T02:45:00Z,LINK/USDT,buy,17.95897500,33.13406333,0.59505381,USDT
2025-07-31T06:15:00Z,LINK/USDT,sell,18.01099000,33.13406333,0.59677728,USDT
2025-07-31T07:00:00Z,LINK/USDT,buy,18.10905000,32.80690308,0.59410185,USDT
2025-07-31T07:30:00Z,LINK/USDT,stop_sell,18.01099000,32.80690308,0.59088480,USDT
2025-07-31T09:00:00Z,LINK/USDT,buy,18.15907500,32.69712305,0.59374951,USDT
2025-07-31T10:45:00Z,LINK/USDT,stop_sell,18.09095000,32.69712305,0.59152202,USDT
2025-08-01T12:15:00Z,LINK/USDT,buy,16.60830000,35.5410283,0.59027606,USDT
2025-08-01T12:15:00Z,LINK/USDT,stop_sell,16.59170000,35.5410283,0.58968608,USDT
2025-08-02T04:45:00Z,LINK/USDT,buy,16.23811500,36.53962827,0.59333469,USDT
2025-08-02T05:00:00Z,LINK/USDT,stop_sell,16.19190000,36.53962827,0.59164601,USDT
2025-08-03T01:45:00Z,LINK/USDT,buy,15.79789500,37.472078,0.59197995,USDT
2025-08-03T02:30:00Z,LINK/USDT,stop_sell,15.67929929,37.472078,0.58753593,USDT
2025-08-03T02:45:00Z,LINK/USDT,buy,15.85792500,37.37276912,0.59265457,USDT
2025-08-03T04:45:00Z,LINK/USDT,sell,15.83208000,37.37276912,0.59168867,USDT
2025-08-03T10:15:00Z,LINK/USDT,buy,16.11805500,36.75893055,0.59248246,USDT
2025-08-03T12:00:00Z,LINK/USDT,sell,16.15192000,36.75893055,0.59372731,USDT
2025-08-03T19:30:00Z,LINK/USDT,buy,16.32816000,36.26399643,0.59212434,USDT
2025-08-03T19:30:00Z,LINK/USDT,stop_sell,16.28435375,36.26399643,0.59053575,USDT
2025-08-04T00:45:00Z,LINK/USDT,buy,16.50825000,35.92047098,0.59298412,USDT
2025-08-04T02:00:00Z,LINK/USDT,sell,16.44177500,35.92047098,0.59059630,USDT
2025-08-04T10:30:00Z,LINK/USDT,buy,16.74837000,35.34549882,0.59197949,USDT
2025-08-04T10:45:00Z,LINK/USDT,stop_sell,16.64167500,35.34549882,0.58820830,USDT
2025-08-04T14:00:00Z,LINK/USDT,buy,16.84842000,35.11208671,0.59158318,USDT
2025-08-04T14:45:00Z,LINK/USDT,stop_sell,16.77375179,35.11208671,0.58896143,USDT
2025-08-04T17:15:00Z,LINK/USDT,buy,17.08854000,34.39949686,0.58783718,USDT
2025-08-04T17:15:00Z,LINK/USDT,stop_sell,17.05468268,34.39949686,0.58667250,USDT
2025-08-04T22:30:00Z,LINK/USDT,buy,17.13856500,34.48897964,0.59109162,USDT
2025-08-05T00:00:00Z,LINK/USDT,stop_sell,17.05147000,34.48897964,0.58808780,USDT
2025-08-05T10:45:00Z,LINK/USDT,buy,16.97848500,34.79443615,0.59075681,USDT
2025-08-05T11:00:00Z,LINK/USDT,stop_sell,16.88012714,34.79443615,0.58733451,USDT
2025-08-05T23:45:00Z,LINK/USDT,buy,16.41820500,35.95938755,0.59038860,USDT
2025-08-06T00:00:00Z,LINK/USDT,stop_sell,16.33325786,35.95938755,0.58733395,USDT
2025-08-06T05:30:00Z,LINK/USDT,buy,16.32816000,36.07063976,0.58896718,USDT
2025-08-06T08:45:00Z,LINK/USDT,sell,16.35182000,36.07063976,0.58982061,USDT
2025-08-06T16:00:00Z,LINK/USDT,buy,16.79839500,35.1657085,0.59072746,USDT
2025-08-06T17:00:00Z,LINK/USDT,stop_sell,16.62168500,35.1657085,0.58451333,USDT
2025-08-07T07:45:00Z,LINK/USDT,buy,16.82841000,35.02602745,0.58943235,USDT
2025-08-07T15:00:00Z,LINK/USDT,sell,17.62118500,35.02602745,0.61720011,USDT
2025-08-08T03:15:00Z,LINK/USDT,buy,18.90945000,31.28373925,0.59155830,USDT
2025-08-08T05:15:00Z,LINK/USDT,sell,18.81059000,31.28373925,0.58846559,USDT
2025-08-08T12:00:00Z,LINK/USDT,buy,19.44972000,30.33474605,0.59000232,USDT
2025-08-08T12:00:00Z,LINK/USDT,stop_sell,19.35781625,30.33474605,0.58721444,USDT
2025-08-08T14:00:00Z,LINK/USDT,buy,19.76988000,29.85862718,0.59030148,USDT
2025-08-08T14:30:00Z,LINK/USDT,stop_sell,19.59020000,29.85862718,0.58493648,USDT
2025-08-08T23:00:00Z,LINK/USDT,buy,19.88994000,29.71200537,0.59097000,USDT
2025-08-09T00:00:00Z,LINK/USDT,stop_sell,19.73334268,29.71200537,0.58631718,USDT
2025-08-09T01:45:00Z,LINK/USDT,buy,20.18008500,29.24672709,0.59020144,USDT
2025-08-09T06:30:00Z,LINK/USDT,sell,20.95951500,29.24672709,0.61299722,USDT
2025-08-09T14:30:00Z,LINK/USDT,buy,21.27063000,27.81474244,0.59163709,USDT
2025-08-09T15:30:00Z,LINK/USDT,sell,21.18940000,27.81474244,0.58937770,USDT
2025-08-09T22:30:00Z,LINK/USDT,buy,21.62080500,27.22552703,0.58863781,USDT
2025-08-09T22:30:00Z,LINK/USDT,stop_sell,21.54065286,27.22552703,0.58645563,USDT
2025-08-10T07:00:00Z,LINK/USDT,buy,22.58128500,26.07226874,0.58874533,USDT
2025-08-10T07:15:00Z,LINK/USDT,stop_sell,22.31133875,26.07226874,0.58170722,USDT
2025-08-10T15:30:00Z,LINK/USDT,buy,22.37118000,26.39270682,0.59043599,USDT
2025-08-10T17:30:00Z,LINK/USDT,sell,22.14892000,26.39270682,0.58456995,USDT
2025-08-11T16:15:00Z,LINK/USDT,buy,22.07103000,26.79898366,0.59148117,USDT
2025-08-11T16:45:00Z,LINK/USDT,sell,21.82908000,26.79898366,0.58499716,USDT
2025-08-12T02:30:00Z,LINK/USDT,buy,21.61080000,27.26688895,0.58925928,USDT
2025-08-12T03:00:00Z,LINK/USDT,stop_sell,21.42928000,27.26688895,0.58430980,USDT
2025-08-12T12:45:00Z,LINK/USDT,buy,22.46122500,26.21269295,0.58876919,USDT
2025-08-12T13:00:00Z,LINK/USDT,stop_sell,22.15605929,26.21269295,0.58076998,USDT
2025-08-12T13:30:00Z,LINK/USDT,buy,22.78138500,25.78944522,0.58751928,USDT
2025-08-12T13:45:00Z,LINK/USDT,stop_sell,22.42413946,25.78944522,0.57830612,USDT
2025-08-12T15:30:00Z,LINK/USDT,buy,23.47173000,24.95370482,0.58570662,USDT
2025-08-12T18:30:00Z,LINK/USDT,sell,23.56821000,24.95370482,0.58811416,USDT
2025-08-13T03:45:00Z,LINK/USDT,buy,24.33216000,24.1170844,0.58682076,USDT
2025-08-13T05:30:00Z,LINK/USDT,sell,24.14792000,24.1170844,0.58237742,USDT
2025-08-13T19:30:00Z,LINK/USDT,buy,23.90194500,24.55256726,0.58685411,USDT
2025-08-13T20:00:00Z,LINK/USDT,stop_sell,23.70457036,24.55256726,0.58200806,USDT
2025-08-13T22:30:00Z,LINK/USDT,buy,24.03201000,24.41998494,0.58686132,USDT
2025-08-13T23:00:00Z,LINK/USDT,sell,23.98800000,24.41998494,0.58578660,USDT
2025-08-15T23:00:00Z,LINK/USDT,buy,21.96097500,26.68032099,0.58592586,USDT
2025-08-15T23:15:00Z,LINK/USDT,stop_sell,21.80909000,26.68032099,0.58187352,USDT
2025-08-16T13:30:00Z,LINK/USDT,buy,21.88093500,26.72214686,0.58470556,USDT
2025-08-16T13:45:00Z,LINK/USDT,stop_sell,21.70914000,26.72214686,0.58011483,USDT
2025-08-16T15:00:00Z,LINK/USDT,buy,22.03101000,26.59189971,0.58584641,USDT
2025-08-16T17:45:00Z,LINK/USDT,sell,21.98900000,26.59189971,0.58472928,USDT
2025-08-16T18:15:00Z,LINK/USDT,buy,22.20109500,26.36784389,0.58539501,USDT
2025-08-16T21:30:00Z,LINK/USDT,sell,22.57870500,26.36784389,0.59535177,USDT
2025-08-17T03:45:00Z,LINK/USDT,buy,23.33166000,25.13050896,0.58633649,USDT
2025-08-17T07:00:00Z,LINK/USDT,sell,24.10794000,25.13050896,0.60584480,USDT
2025-08-17T09:00:00Z,LINK/USDT,buy,24.63231000,23.80398009,0.58634702,USDT
2025-08-17T11:15:00Z,LINK/USDT,sell,24.50774000,23.80398009,0.58338176,USDT
2025-08-17T14:45:00Z,LINK/USDT,buy,25.33266000,23.22546912,0.58836291,USDT
2025-08-17T18:15:00Z,LINK/USDT,sell,25.96701000,23.22546912,0.60309599,USDT
2025-08-18T00:45:00Z,LINK/USDT,buy,25.94296500,22.64966009,0.58759934,USDT
2025-08-18T01:30:00Z,LINK/USDT,sell,25.62718000,22.64966009,0.58044692,USDT
2025-08-18T12:30:00Z,LINK/USDT,buy,24.97248000,23.46494971,0.58597799,USDT
2025-08-18T14:00:00Z,LINK/USDT,sell,25.17740500,23.46494971,0.59078654,USDT
2025-08-18T22:30:00Z,LINK/USDT,buy,26.58328500,22.0158765,0.58525432,USDT
2025-08-18T22:45:00Z,LINK/USDT,stop_sell,26.27792589,22.0158765,0.57853157,USDT
2025-08-19T11:30:00Z,LINK/USDT,buy,24.73236000,23.72635108,0.58680866,USDT
2025-08-19T12:30:00Z,LINK/USDT,stop_sell,24.47882589,23.72635108,0.58079322,USDT
2025-08-20T09:00:00Z,LINK/USDT,buy,25.09254000,23.32582646,0.58530423,USDT
2025-08-20T10:00:00Z,LINK/USDT,stop_sell,24.87434232,23.32582646,0.58021459,USDT
2025-08-20T13:00:00Z,LINK/USDT,buy,25.28263500,23.11277056,0.58435174,USDT
2025-08-20T13:00:00Z,LINK/USDT,stop_sell,25.02426732,23.11277056,0.57838015,USDT
2025-08-20T15:30:00Z,LINK/USDT,buy,26.08303500,22.37502333,0.58360852,USDT
2025-08-20T16:30:00Z,LINK/USDT,stop_sell,25.66359036,22.37502333,0.57422343,USDT
2025-08-20T20:15:00Z,LINK/USDT,buy,26.16307500,22.24070905,0.58188534,USDT
2025-08-20T21:30:00Z,LINK/USDT,sell,26.19689500,22.24070905,0.58263752,USDT
2025-08-21T09:45:00Z,LINK/USDT,buy,26.26312500,22.26487955,0.58474531,USDT
2025-08-21T10:00:00Z,LINK/USDT,stop_sell,26.01591411,22.26487955,0.57924119,USDT
2025-08-22T02:30:00Z,LINK/USDT,buy,25.09254000,23.19018637,0.58190068,USDT
2025-08-22T02:30:00Z,LINK/USDT,stop_sell,24.95501625,23.19018637,0.57871148,USDT
2025-08-22T08:00:00Z,LINK/USDT,buy,25.03251000,23.22249227,0.58131727,USDT
2025-08-22T09:00:00Z,LINK/USDT,sell,24.95751500,23.22249227,0.57957570,USDT
2025-08-22T14:15:00Z,LINK/USDT,buy,26.58328500,22.10450374,0.58761032,USDT
2025-08-22T14:15:00Z,LINK/USDT,stop_sell,25.85385232,22.10450374,0.57148658,USDT
2025-08-22T16:15:00Z,LINK/USDT,buy,27.69384000,21.01640828,0.58202505,USDT
2025-08-22T18:00:00Z,LINK/USDT,sell,26.98650000,21.01640828,0.56715930,USDT
2025-08-23T19:15:00Z,LINK/USDT,buy,26.24311500,22.12935519,0.58074321,USDT
2025-08-23T20:00:00Z,LINK/USDT,stop_sell,26.13692500,22.12935519,0.57839330,USDT
2025-08-23T23:00:00Z,LINK/USDT,buy,26.29314000,22.11022342,0.58134720,USDT
2025-08-24T00:15:00Z,LINK/USDT,sell,26.21688500,22.11022342,0.57966118,USDT
2025-08-24T13:30:00Z,LINK/USDT,buy,25.73286000,22.47846902,0.57843530,USDT
2025-08-24T13:45:00Z,LINK/USDT,stop_sell,25.67893982,22.47846902,0.57722325,USDT
2025-08-24T17:00:00Z,LINK/USDT,buy,25.88293500,22.42766284,0.58049374,USDT
2025-08-24T19:30:00Z,LINK/USDT,stop_sell,25.69357536,22.42766284,0.57624685,USDT
2025-08-25T16:30:00Z,LINK/USDT,buy,24.65232000,23.41644275,0.57726964,USDT
2025-08-25T17:00:00Z,LINK/USDT,sell,24.43777500,23.41644275,0.57224576,USDT
2025-08-26T12:45:00Z,LINK/USDT,buy,24.21210000,24.02776762,0.58176271,USDT
2025-08-26T12:45:00Z,LINK/USDT,stop_sell,23.79095571,24.02776762,0.57164356,USDT
2025-08-26T13:00:00Z,LINK/USDT,buy,24.07203000,23.96049407,0.57677773,USDT
2025-08-26T13:45:00Z,LINK/USDT,stop_sell,23.76097071,23.96049407,0.56932460,USDT
2025-08-28T05:15:00Z,LINK/USDT,buy,24.21210000,23.71566056,0.57420595,USDT
2025-08-28T05:15:00Z,LINK/USDT,stop_sell,24.18790000,23.71566056,0.57363203,USDT
2025-08-28T13:45:00Z,LINK/USDT,buy,24.54226500,23.5359477,0.57762547,USDT
2025-08-28T15:30:00Z,LINK/USDT,sell,24.93752500,23.5359477,0.58692828,USDT
2025-08-28T22:30:00Z,LINK/USDT,buy,25.28263500,22.9085051,0.57918737,USDT
2025-08-29T00:30:00Z,LINK/USDT,stop_sell,24.97286446,22.9085051,0.57209099,USDT
2025-08-29T12:45:00Z,LINK/USDT,buy,23.75187000,24.28841271,0.57689522,USDT
2025-08-29T13:15:00Z,LINK/USDT,stop_sell,23.59176964,24.28841271,0.57300664,USDT
2025-08-30T23:30:00Z,LINK/USDT,buy,23.46172500,24.51911595,0.57526076,USDT
2025-08-30T23:30:00Z,LINK/USDT,stop_sell,23.43827500,24.51911595,0.57468578,USDT
2025-08-31T01:00:00Z,LINK/USDT,buy,23.78188500,24.21468348,0.57587082,USDT
2025-08-31T01:00:00Z,LINK/USDT,stop_sell,23.71670714,24.21468348,0.57429256,USDT
2025-08-31T03:15:00Z,LINK/USDT,buy,23.91195000,24.11436567,0.57662151,USDT
2025-08-31T04:30:00Z,LINK/USDT,sell,23.75811500,24.11436567,0.57291187,USDT
2025-08-31T13:00:00Z,LINK/USDT,buy,24.01200000,24.01770668,0.57671317,USDT
2025-08-31T13:00:00Z,LINK/USDT,stop_sell,23.88876393,24.01770668,0.57375333,USDT
2025-08-31T18:45:00Z,LINK/USDT,buy,23.88193500,24.11461169,0.57590359,USDT
2025-08-31T19:00:00Z,LINK/USDT,stop_sell,23.74812000,24.11461169,0.57267669,USDT
2025-09-01T08:15:00Z,LINK/USDT,buy,23.57178000,24.3241329,0.57336311,USDT
2025-09-01T10:30:00Z,LINK/USDT,sell,23.44827000,24.3241329,0.57035884,USDT
2025-09-02T02:15:00Z,LINK/USDT,buy,22.73136000,25.19429901,0.57270068,USDT
2025-09-02T07:15:00Z,LINK/USDT,sell,23.32833000,25.19429901,0.58774092,USDT
2025-09-03T14:45:00Z,LINK/USDT,buy,23.83191000,24.24428818,0.57778769,USDT
2025-09-03T16:45:00Z,LINK/USDT,sell,23.67815500,24.24428818,0.57406001,USDT
2025-09-05T07:15:00Z,LINK/USDT,buy,22.77138000,25.32573361,0.57670190,USDT
2025-09-05T09:30:00Z,LINK/USDT,sell,22.71863500,25.32573361,0.57536610,USDT
2025-09-05T13:15:00Z,LINK/USDT,buy,23.12155500,24.81478633,0.57375645,USDT
2025-09-05T13:15:00Z,LINK/USDT,stop_sell,23.05203964,24.81478633,0.57203144,USDT
2025-09-05T13:45:00Z,LINK/USDT,buy,23.13156000,24.73023351,0.57204888,USDT
2025-09-05T13:45:00Z,LINK/USDT,stop_sell,23.08880696,24.73023351,0.57099159,USDT
2025-09-07T03:00:00Z,LINK/USDT,buy,22.35117000,25.74078803,0.57533673,USDT
2025-09-07T06:00:00Z,LINK/USDT,sell,22.37880500,25.74078803,0.57604808,USDT
2025-09-07T14:15:00Z,LINK/USDT,buy,22.40119500,25.68173299,0.57530151,USDT
2025-09-07T16:45:00Z,LINK/USDT,stop_sell,22.25886500,25.68173299,0.57164623,USDT
2025-09-08T03:45:00Z,LINK/USDT,buy,22.64131500,25.25845377,0.57188461,USDT
2025-09-08T04:00:00Z,LINK/USDT,stop_sell,22.54872000,25.25845377,0.56954580,USDT
2025-09-08T09:15:00Z,LINK/USDT,buy,22.78138500,25.2240406,0.57463858,USDT
2025-09-08T11:30:00Z,LINK/USDT,sell,22.90854000,25.2240406,0.57784594,USDT
2025-09-08T13:15:00Z,LINK/USDT,buy,23.25162000,24.73163128,0.57505049,USDT
2025-09-08T13:30:00Z,LINK/USDT,stop_sell,23.07167268,24.73163128,0.57060010,USDT
2025-09-09T00:30:00Z,LINK/USDT,buy,23.20159500,24.7549854,0.57435515,USDT
2025-09-09T00:30:00Z,LINK/USDT,stop_sell,23.07559929,24.7549854,0.57123612,USDT
2025-09-09T01:15:00Z,LINK/USDT,buy,23.13156000,24.66581867,0.57055886,USDT
2025-09-09T01:15:00Z,LINK/USDT,stop_sell,23.10844000,24.66581867,0.56998859,USDT
2025-09-09T06:15:00Z,LINK/USDT,buy,23.57178000,24.36661328,0.57436445,USDT
2025-09-09T10:30:00Z,LINK/USDT,sell,23.63817500,24.36661328,0.57598227,USDT
2025-09-09T21:30:00Z,LINK/USDT,buy,23.09154000,24.7787246,0.57217891,USDT
2025-09-09T21:30:00Z,LINK/USDT,stop_sell,23.06846000,24.7787246,0.57160702,USDT
2025-09-10T07:00:00Z,LINK/USDT,buy,23.50174500,24.35202634,0.57231511,USDT
2025-09-10T07:30:00Z,LINK/USDT,stop_sell,23.44291554,24.35202634,0.57088250,USDT
2025-09-10T12:45:00Z,LINK/USDT,buy,23.59179000,24.30199895,0.57332766,USDT
2025-09-10T12:45:00Z,LINK/USDT,stop_sell,23.51930589,24.30199895,0.57156615,USDT
2025-09-10T13:15:00Z,LINK/USDT,buy,23.79189000,24.13865387,0.57430420,USDT
2025-09-10T13:30:00Z,LINK/USDT,stop_sell,23.63174964,24.13865387,0.57043862,USDT
2025-09-10T23:15:00Z,LINK/USDT,buy,23.59179000,24.28544604,0.57293714,USDT
2025-09-10T23:30:00Z,LINK/USDT,stop_sell,23.46826000,24.28544604,0.56993716,USDT
2025-09-11T12:15:00Z,LINK/USDT,buy,24.06202500,23.69852543,0.57023451,USDT
2025-09-11T12:15:00Z,LINK/USDT,stop_sell,24.03797500,23.69852543,0.56966456,USDT
2025-09-11T22:30:00Z,LINK/USDT,buy,24.28213500,23.59515882,0.57294083,USDT
2025-09-12T01:15:00Z,LINK/USDT,stop_sell,24.12543125,23.59515882,0.56924338,USDT
2025-09-12T14:15:00Z,LINK/USDT,buy,24.48223500,23.31004609,0.57068203,USDT
2025-09-12T15:30:00Z,LINK/USDT,sell,24.38780000,23.31004609,0.56848074,USDT
2025-09-12T17:30:00Z,LINK/USDT,buy,24.68233500,23.16693129,0.57181396,USDT
2025-09-12T21:30:00Z,LINK/USDT,sell,24.97750500,23.16693129,0.57865214,USDT
2025-09-13T04:00:00Z,LINK/USDT,buy,25.26262500,22.65280048,0.57226920,USDT
2025-09-13T05:00:00Z,LINK/USDT,stop_sell,25.10744000,22.65280048,0.56875383,USDT
2025-09-13T09:30:00Z,LINK/USDT,buy,25.59279000,22.3460008,0.57189651,USDT
2025-09-13T09:30:00Z,LINK/USDT,stop_sell,25.46975875,22.3460008,0.56914725,USDT
2025-09-15T04:15:00Z,LINK/USDT,buy,24.34216500,23.50059549,0.57205537,USDT
2025-09-15T06:30:00Z,LINK/USDT,stop_sell,24.19789500,23.50059549,0.56866494,USDT
2025-09-15T21:30:00Z,LINK/USDT,buy,23.62180500,24.17176055,0.57098061,USDT
2025-09-15T23:30:00Z,LINK/USDT,sell,23.59819500,24.17176055,0.57040992,USDT
2025-09-16T09:30:00Z,LINK/USDT,buy,23.72185500,24.11491413,0.57205050,USDT
2025-09-16T11:00:00Z,LINK/USDT,stop_sell,23.54822000,24.11491413,0.56786330,USDT
2025-09-17T20:00:00Z,LINK/USDT,buy,23.41170000,24.34374088,0.56992836,USDT
2025-09-17T21:15:00Z,LINK/USDT,sell,23.40829000,24.34374088,0.56984535,USDT
2025-09-17T22:15:00Z,LINK/USDT,buy,23.96197500,23.81110756,0.57056116,USDT
2025-09-18T01:00:00Z,LINK/USDT,sell,23.91803500,23.81110756,0.56951490,USDT
2025-09-18T09:15:00Z,LINK/USDT,buy,24.28213500,23.49963393,0.57062128,USDT
2025-09-18T10:15:00Z,LINK/USDT,sell,24.14792000,23.49963393,0.56746728,USDT
2025-09-18T14:30:00Z,LINK/USDT,buy,24.38218500,23.36030142,0.56957519,USDT
2025-09-18T15:15:00Z,LINK/USDT,stop_sell,24.28999179,23.36030142,0.56742153,USDT
2025-09-18T15:30:00Z,LINK/USDT,buy,24.47223000,23.28268598,0.56977925,USDT
2025-09-18T16:15:00Z,LINK/USDT,sell,24.42778000,23.28268598,0.56874433,USDT
2025-09-20T00:45:00Z,LINK/USDT,buy,23.63181000,24.1033287,0.56960528,USDT
2025-09-20T01:30:00Z,LINK/USDT,sell,23.52823000,24.1033287,0.56710866,USDT
2025-09-20T14:45:00Z,LINK/USDT,buy,23.24161500,24.49547813,0.56931447,USDT
2025-09-20T16:30:00Z,LINK/USDT,sell,23.40829000,24.49547813,0.57339726,USDT
2025-09-22T13:00:00Z,LINK/USDT,buy,21.48073500,26.53916843,0.57008084,USDT
2025-09-22T15:00:00Z,LINK/USDT,sell,21.41928500,26.53916843,0.56845001,USDT
2025-09-23T06:45:00Z,LINK/USDT,buy,21.85092000,26.15090137,0.57142125,USDT
2025-09-23T09:30:00Z,LINK/USDT,sell,21.75911500,26.15090137,0.56902047,USDT
2025-09-23T14:45:00Z,LINK/USDT,buy,21.86092500,25.95893728,0.56748638,USDT
2025-09-23T15:00:00Z,LINK/USDT,stop_sell,21.80159375,25.95893728,0.56594620,USDT
2025-09-23T15:45:00Z,LINK/USDT,buy,21.97098000,25.89009231,0.56883070,USDT
2025-09-23T16:00:00Z,LINK/USDT,stop_sell,21.80909000,25.89009231,0.56463935,USDT
2025-09-24T07:00:00Z,LINK/USDT,buy,21.74086500,26.14452102,0.56840450,USDT
2025-09-24T09:30:00Z,LINK/USDT,sell,21.64917000,26.14452102,0.56600718,USDT
2025-09-24T11:15:00Z,LINK/USDT,buy,21.83091000,26.02373524,0.56812182,USDT
2025-09-24T12:00:00Z,LINK/USDT,stop_sell,21.74912000,26.02373524,0.56599334,USDT
2025-09-24T15:00:00Z,LINK/USDT,buy,21.83091000,25.92859275,0.56604477,USDT
2025-09-24T15:00:00Z,LINK/USDT,stop_sell,21.79338357,25.92859275,0.56507177,USDT
2025-09-25T14:30:00Z,LINK/USDT,buy,21.10054500,26.8405187,0.56634957,USDT
2025-09-25T15:00:00Z,LINK/USDT,stop_sell,20.88419554,26.8405187,0.56054264,USDT
2025-09-26T01:30:00Z,LINK/USDT,buy,20.54026500,27.61100144,0.56713729,USDT
2025-09-26T04:15:00Z,LINK/USDT,sell,20.57970500,27.61100144,0.56822626,USDT
2025-09-26T17:30:00Z,LINK/USDT,buy,21.09054000,26.87767419,0.56686466,USDT
2025-09-26T19:30:00Z,LINK/USDT,sell,20.94952000,26.87767419,0.56307437,USDT
2025-09-28T14:30:00Z,LINK/USDT,buy,20.87043000,27.11615751,0.56592587,USDT
2025-09-29T01:15:00Z,LINK/USDT,sell,21.48925000,27.11615751,0.58270589,USDT
2025-09-29T14:45:00Z,LINK/USDT,buy,21.61080000,26.30709182,0.56851730,USDT
2025-09-29T15:45:00Z,LINK/USDT,stop_sell,21.41500143,26.30709182,0.56336641,USDT
2025-10-01T08:45:00Z,LINK/USDT,buy,22.03101000,25.78201907,0.56800392,USDT
2025-10-01T13:00:00Z,LINK/USDT,sell,22.14892000,25.78201907,0.57104388,USDT
2025-10-01T14:30:00Z,LINK/USDT,buy,22.36117500,25.37372506,0.56738631,USDT
2025-10-01T17:15:00Z,LINK/USDT,sell,22.35881500,25.37372506,0.56732642,USDT
2025-10-01T18:45:00Z,LINK/USDT,buy,22.46122500,25.245257,0.56703940,USDT
2025-10-01T20:15:00Z,LINK/USDT,sell,22.50874000,25.245257,0.56823893,USDT
2025-10-02T18:15:00Z,LINK/USDT,buy,22.77138000,24.90193436,0.56705141,USDT
2025-10-02T20:45:00Z,LINK/USDT,sell,22.84857000,24.90193436,0.56897359,USDT
2025-10-03T22:30:00Z,LINK/USDT,buy,22.66132500,25.04763608,0.56761262,USDT
2025-10-03T23:00:00Z,LINK/USDT,stop_sell,22.54872000,25.04763608,0.56479213,USDT
2025-10-04T20:15:00Z,LINK/USDT,buy,22.05102000,25.74989671,0.56781149,USDT
2025-10-04T23:15:00Z,LINK/USDT,sell,22.02898000,25.74989671,0.56724396,USDT
2025-10-05T02:45:00Z,LINK/USDT,buy,22.30114500,25.4432908,0.56741452,USDT
2025-10-05T09:45:00Z,LINK/USDT,sell,22.74862000,25.4432908,0.57879975,USDT
2025-10-06T06:45:00Z,LINK/USDT,buy,22.03101000,25.71085329,0.56643607,USDT
2025-10-06T07:30:00Z,LINK/USDT,stop_sell,21.97686321,25.71085329,0.56504391,USDT
2025-10-06T09:00:00Z,LINK/USDT,buy,22.16107500,25.63205734,0.56803395,USDT
2025-10-06T10:45:00Z,LINK/USDT,sell,22.07895500,25.63205734,0.56592904,USDT
2025-10-06T13:00:00Z,LINK/USDT,buy,22.35117000,25.39098658,0.56751826,USDT
2025-10-06T21:00:00Z,LINK/USDT,sell,23.41828500,25.39098658,0.59461336,USDT
2025-10-07T01:15:00Z,LINK/USDT,buy,23.57178000,24.11305709,0.56838768,USDT
2025-10-07T01:15:00Z,LINK/USDT,stop_sell,23.47290054,24.11305709,0.56600339,USDT
2025-10-07T13:30:00Z,LINK/USDT,buy,23.03151000,24.70811045,0.56906509,USDT
2025-10-07T13:30:00Z,LINK/USDT,stop_sell,22.94459339,24.70811045,0.56691755,USDT
2025-10-08T14:15:00Z,LINK/USDT,buy,22.22110500,25.56247647,0.56802647,USDT
2025-10-08T14:30:00Z,LINK/USDT,stop_sell,22.11893500,25.56247647,0.56541476,USDT
2025-10-08T17:15:00Z,LINK/USDT,buy,22.39119000,25.43469748,0.56951314,USDT
2025-10-08T21:00:00Z,LINK/USDT,sell,22.48875000,25.43469748,0.57199455,USDT
2025-10-09T00:15:00Z,LINK/USDT,buy,22.56127500,25.10254661,0.56634546,USDT
2025-10-09T00:15:00Z,LINK/USDT,stop_sell,22.53872500,25.10254661,0.56577939,USDT
2025-10-09T22:45:00Z,LINK/USDT,buy,22.09104000,25.77944788,0.56949481,USDT
2025-10-10T04:45:00Z,LINK/USDT,sell,22.27885500,25.77944788,0.57433658,USDT
2025-10-10T09:30:00Z,LINK/USDT,buy,22.68133500,25.02123452,0.56751500,USDT
2025-10-10T09:45:00Z,LINK/USDT,stop_sell,22.61868500,25.02123452,0.56594742,USDT
2025-10-12T15:00:00Z,LINK/USDT,buy,17.97898500,31.76070264,0.57102520,USDT
2025-10-12T18:45:00Z,LINK/USDT,sell,18.94052500,31.76070264,0.60156438,USDT
2025-10-13T11:00:00Z,LINK/USDT,buy,19.56978000,28.96326255,0.56680468,USDT
2025-10-13T11:00:00Z,LINK/USDT,stop_sell,19.55022000,28.96326255,0.56623815,USDT
2025-10-13T14:00:00Z,LINK/USDT,buy,19.69984500,28.89771847,0.56928057,USDT
2025-10-13T15:00:00Z,LINK/USDT,sell,19.47026000,28.89771847,0.56264609,USDT
2025-10-13T16:15:00Z,LINK/USDT,buy,19.80990000,28.793365,0.57039368,USDT
2025-10-13T16:30:00Z,LINK/USDT,sell,19.56021500,28.793365,0.56320441,USDT
2025-10-18T00:30:00Z,LINK/USDT,buy,16.69834500,34.03722639,0.56836535,USDT
2025-10-18T00:45:00Z,LINK/USDT,stop_sell,16.67987018,34.03722639,0.56773652,USDT
2025-10-18T07:15:00Z,LINK/USDT,buy,16.78839000,33.52777402,0.56287735,USDT
2025-10-18T07:15:00Z,LINK/USDT,stop_sell,16.77161000,33.52777402,0.56231475,USDT
2025-10-19T10:00:00Z,LINK/USDT,buy,16.85842500,33.48038704,0.56442659,USDT
2025-10-19T10:00:00Z,LINK/USDT,stop_sell,16.84157500,33.48038704,0.56386245,USDT
2025-10-19T14:30:00Z,LINK/USDT,buy,17.44872000,32.51606772,0.56736376,USDT
2025-10-19T16:15:00Z,LINK/USDT,sell,17.35132000,32.51606772,0.56419670,USDT
2025-10-19T17:15:00Z,LINK/USDT,buy,17.60880000,32.27510188,0.56832581,USDT
2025-10-19T17:30:00Z,LINK/USDT,stop_sell,17.45127000,32.27510188,0.56324152,USDT
2025-10-20T05:00:00Z,LINK/USDT,buy,17.75887500,32.08300542,0.56975808,USDT
2025-10-20T11:00:00Z,LINK/USDT,sell,18.71064000,32.08300542,0.60029356,USDT
2025-10-20T12:15:00Z,LINK/USDT,buy,19.08954000,29.94956747,0.57172347,USDT
2025-10-20T13:15:00Z,LINK/USDT,sell,18.94052500,29.94956747,0.56726053,USDT
2025-10-21T11:00:00Z,LINK/USDT,buy,18.05902500,31.58399484,0.57037615,USDT
2025-10-21T13:30:00Z,LINK/USDT,sell,18.06096500,31.58399484,0.57043743,USDT
2025-10-21T15:30:00Z,LINK/USDT,buy,18.86943000,30.12710061,0.56848122,USDT
2025-10-21T16:45:00Z,LINK/USDT,stop_sell,18.65888018,30.12710061,0.56213796,USDT
2025-10-23T06:30:00Z,LINK/USDT,buy,17.55877500,32.352661,0.56807310,USDT
2025-10-23T06:30:00Z,LINK/USDT,stop_sell,17.54122500,32.352661,0.56750531,USDT
2025-10-23T06:45:00Z,LINK/USDT,buy,17.66883000,32.30820455,0.57084817,USDT
2025-10-23T07:15:00Z,LINK/USDT,stop_sell,17.52123500,32.30820455,0.56607964,USDT
2025-10-23T16:15:00Z,LINK/USDT,buy,17.43871500,32.63328328,0.56908253,USDT
2025-10-23T18:45:00Z,LINK/USDT,sell,17.49125000,32.63328328,0.57079692,USDT
2025-10-24T04:45:00Z,LINK/USDT,buy,17.67883500,32.35745668,0.57204214,USDT
2025-10-24T07:45:00Z,LINK/USDT,sell,17.57121000,32.35745668,0.56855967,USDT
2025-10-24T12:15:00Z,LINK/USDT,buy,17.74887000,31.97267956,0.56747893,USDT
2025-10-24T13:45:00Z,LINK/USDT,stop_sell,17.70114500,31.97267956,0.56595304,USDT
2025-10-24T22:30:00Z,LINK/USDT,buy,17.97898500,31.65802208,0.56917910,USDT
2025-10-25T00:00:00Z,LINK/USDT,stop_sell,17.87106000,31.65802208,0.56576241,USDT
2025-10-25T07:45:00Z,LINK/USDT,buy,18.00900000,31.54985364,0.56818131,USDT
2025-10-25T09:15:00Z,LINK/USDT,stop_sell,17.95102000,31.54985364,0.56635205,USDT
2025-10-25T18:45:00Z,LINK/USDT,buy,18.11905500,31.32782903,0.56763066,USDT
2025-10-25T19:00:00Z,LINK/USDT,stop_sell,18.09059304,31.32782903,0.56673901,USDT
2025-10-25T20:00:00Z,LINK/USDT,buy,18.20910000,31.1812187,0.56778193,USDT
2025-10-25T20:15:00Z,LINK/USDT,stop_sell,18.14092500,31.1812187,0.56565615,USDT
2025-10-26T09:30:00Z,LINK/USDT,buy,18.17908500,31.26998032,0.56845963,USDT
2025-10-26T09:30:00Z,LINK/USDT,stop_sell,18.08809429,31.26998032,0.56561435,USDT
2025-10-26T11:45:00Z,LINK/USDT,buy,18.27913500,30.99612328,0.56658232,USDT
2025-10-26T15:00:00Z,LINK/USDT,sell,18.28085500,30.99612328,0.56663564,USDT
2025-10-26T22:15:00Z,LINK/USDT,buy,18.38919000,30.70599688,0.56465841,USDT
2025-10-27T04:15:00Z,LINK/USDT,sell,18.84057500,30.70599688,0.57851864,USDT
2025-10-28T13:30:00Z,LINK/USDT,buy,18.76938000,30.2208657,0.56722691,USDT
2025-10-28T14:00:00Z,LINK/USDT,stop_sell,18.70457161,30.2208657,0.56526835,USDT
2025-10-29T01:45:00Z,LINK/USDT,buy,17.99899500,31.55101621,0.56788658,USDT
2025-10-29T02:00:00Z,LINK/USDT,stop_sell,17.89747536,31.55101621,0.56468354,USDT
2025-10-29T07:30:00Z,LINK/USDT,buy,17.95897500,31.56682984,0.56690791,USDT
2025-10-29T07:30:00Z,LINK/USDT,stop_sell,17.94102500,31.56682984,0.56634128,USDT
2025-10-29T11:30:00Z,LINK/USDT,buy,18.09904500,31.38461219,0.56803151,USDT
2025-10-29T14:15:00Z,LINK/USDT,sell,18.04097500,31.38461219,0.56620900,USDT
2025-10-29T18:00:00Z,LINK/USDT,buy,18.33916500,30.77542902,0.56439567,USDT
2025-10-29T18:00:00Z,LINK/USDT,stop_sell,18.27264482,30.77542902,0.56234848,USDT
2025-10-29T19:30:00Z,LINK/USDT,buy,18.35917500,30.76164431,0.56475841,USDT
2025-10-29T19:45:00Z,LINK/USDT,sell,18.23088000,30.76164431,0.56081185,USDT
2025-10-29T21:45:00Z,LINK/USDT,buy,18.60930000,30.44213534,0.56650683,USDT
2025-10-29T22:45:00Z,LINK/USDT,sell,18.41079000,30.44213534,0.56046376,USDT
2025-10-31T01:30:00Z,LINK/USDT,buy,16.98849000,33.25397497,0.56493482,USDT
2025-10-31T02:00:00Z,LINK/USDT,stop_sell,16.92224893,33.25397497,0.56273204,USDT
2025-10-31T04:15:00Z,LINK/USDT,buy,17.08854000,33.06337301,0.56500477,USDT
2025-10-31T04:15:00Z,LINK/USDT,stop_sell,16.97151000,33.06337301,0.56113537,USDT
2025-10-31T12:00:00Z,LINK/USDT,buy,17.31865500,32.65803669,0.56559327,USDT
2025-10-31T13:00:00Z,LINK/USDT,stop_sell,17.21139000,32.65803669,0.56209021,USDT
2025-11-01T09:15:00Z,LINK/USDT,buy,17.40870000,32.46771564,0.56522072,USDT
2025-11-01T09:30:00Z,LINK/USDT,stop_sell,17.31169696,32.46771564,0.56207125,USDT
2025-11-02T06:00:00Z,LINK/USDT,buy,17.47873500,32.20727364,0.56294240,USDT
2025-11-02T06:00:00Z,LINK/USDT,stop_sell,17.43627750,32.20727364,0.56157496,USDT
2025-11-02T23:45:00Z,LINK/USDT,buy,17.46873000,32.23269015,0.56306416,USDT
2025-11-03T00:30:00Z,LINK/USDT,stop_sell,17.41200393,32.23269015,0.56123573,USDT
2025-11-05T05:15:00Z,LINK/USDT,buy,15.00750000,37.58905726,0.56411778,USDT
2025-11-05T06:00:00Z,LINK/USDT,sell,14.83258000,37.58905726,0.55754270,USDT
2025-11-05T12:30:00Z,LINK/USDT,buy,14.87743500,37.82539422,0.56274484,USDT
2025-11-05T14:45:00Z,LINK/USDT,sell,14.96251500,37.82539422,0.56596303,USDT
2025-11-05T15:45:00Z,LINK/USDT,buy,15.06753000,37.40951381,0.56366897,USDT
2025-11-05T20:00:00Z,LINK/USDT,sell,15.31234000,37.40951381,0.57282719,USDT
2025-11-06T13:30:00Z,LINK/USDT,buy,15.03751500,37.52688065,0.56431103,USDT
2025-11-06T14:15:00Z,LINK/USDT,stop_sell,14.85257000,37.52688065,0.55737062,USDT
2025-11-07T05:30:00Z,LINK/USDT,buy,15.06753000,37.4092994,0.56366574,USDT
2025-11-07T09:15:00Z,LINK/USDT,stop_sell,14.96572768,37.4092994,0.55985739,USDT
2025-11-07T17:00:00Z,LINK/USDT,buy,15.53776500,36.34535176,0.56472553,USDT
2025-11-07T22:30:00Z,LINK/USDT,sell,16.03198000,36.34535176,0.58268795,USDT
2025-11-08T23:00:00Z,LINK/USDT,buy,15.50775000,36.43219491,0.56498137,USDT
2025-11-09T00:15:00Z,LINK/USDT,stop_sell,15.40229500,36.43219491,0.56113941,USDT
2025-11-09T12:30:00Z,LINK/USDT,buy,15.48774000,36.4300551,0.56421922,USDT
2025-11-09T17:30:00Z,LINK/USDT,sell,15.81209000,36.4300551,0.57603531,USDT
2025-11-09T19:00:00Z,LINK/USDT,buy,15.96798000,35.41011408,0.56542799,USDT
2025-11-09T21:15:00Z,LINK/USDT,sell,16.02198500,35.41011408,0.56734032,USDT
2025-11-10T01:00:00Z,LINK/USDT,buy,16.16808000,34.97546031,0.56548604,USDT
2025-11-10T04:45:00Z,LINK/USDT,sell,16.20189500,34.97546031,0.56666874,USDT
2025-11-10T09:45:00Z,LINK/USDT,buy,16.50825000,34.27534753,0.56582601,USDT
2025-11-10T12:15:00Z,LINK/USDT,sell,16.47176000,34.27534753,0.56457530,USDT
2025-11-10T13:45:00Z,LINK/USDT,buy,16.60830000,33.91394826,0.56325303,USDT
2025-11-10T14:00:00Z,LINK/USDT,stop_sell,16.55707446,33.91394826,0.56151577,USDT
2025-11-11T01:30:00Z,LINK/USDT,buy,16.52826000,33.9409667,0.56098512,USDT
2025-11-11T01:30:00Z,LINK/USDT,stop_sell,16.42999518,33.9409667,0.55764992,USDT
2025-11-12T08:45:00Z,LINK/USDT,buy,15.61780500,36.08969732,0.56364186,USDT
2025-11-12T14:30:00Z,LINK/USDT,sell,16.05197000,36.08969732,0.57931074,USDT
2025-11-12T21:15:00Z,LINK/USDT,buy,15.31765500,36.8237162,0.56405298,USDT
2025-11-12T23:15:00Z,LINK/USDT,stop_sell,15.22238500,36.8237162,0.56054479,USDT
2025-11-13T04:30:00Z,LINK/USDT,buy,15.61780500,36.11722635,0.56407180,USDT
2025-11-13T07:45:00Z,LINK/USDT,sell,15.85207000,36.11722635,0.57253280,USDT
2025-11-14T15:00:00Z,LINK/USDT,buy,14.20710000,39.43231325,0.56021882,USDT
2025-11-14T15:00:00Z,LINK/USDT,stop_sell,14.14970732,39.43231325,0.55795569,USDT
2025-11-15T03:30:00Z,LINK/USDT,buy,14.27713500,39.60678822,0.56547146,USDT
2025-11-15T04:30:00Z,LINK/USDT,sell,14.13293000,39.60678822,0.55975997,USDT
2025-11-15T13:15:00Z,LINK/USDT,buy,14.20710000,39.81960012,0.56572104,USDT
2025-11-15T14:30:00Z,LINK/USDT,sell,14.12293500,39.81960012,0.56236962,USDT
2025-11-16T06:15:00Z,LINK/USDT,buy,14.25712500,39.59884695,0.56456571,USDT
2025-11-16T09:15:00Z,LINK/USDT,sell,14.25287000,39.59884695,0.56439722,USDT
2025-11-16T10:15:00Z,LINK/USDT,buy,14.49724500,38.98961801,0.56524204,USDT
2025-11-16T10:45:00Z,LINK/USDT,stop_sell,14.39851143,38.98961801,0.56139246,USDT
2025-11-17T00:45:00Z,LINK/USDT,buy,13.85692500,40.6182763,0.56284441,USDT
2025-11-17T02:00:00Z,LINK/USDT,sell,13.78310500,40.6182763,0.55984597,USDT
2025-11-17T07:00:00Z,LINK/USDT,buy,14.10705000,39.96113366,0.56373371,USDT
2025-11-17T09:00:00Z,LINK/USDT,stop_sell,14.04261804,39.96113366,0.56115894,USDT
2025-11-17T11:45:00Z,LINK/USDT,buy,14.10705000,39.65887403,0.55946972,USDT
2025-11-17T11:45:00Z,LINK/USDT,stop_sell,14.09295000,39.65887403,0.55891053,USDT
2025-11-18T03:45:00Z,LINK/USDT,buy,13.45672500,41.86035729,0.56330332,USDT
2025-11-18T04:30:00Z,LINK/USDT,sell,13.38330500,41.86035729,0.56022993,USDT
2025-11-18T15:30:00Z,LINK/USDT,buy,13.76688000,41.07197459,0.56543295,USDT
2025-11-18T17:30:00Z,LINK/USDT,sell,13.74312500,41.07197459,0.56445728,USDT
2025-11-19T23:15:00Z,LINK/USDT,buy,13.53676500,41.57558075,0.56279887,USDT
2025-11-20T04:30:00Z,LINK/USDT,sell,13.60319500,41.57558075,0.56556073,USDT
2025-11-21T17:30:00Z,LINK/USDT,buy,12.29614500,45.78098357,0.56292961,USDT
2025-11-21T18:00:00Z,LINK/USDT,stop_sell,12.10822857,45.78098357,0.55432661,USDT
2025-11-22T23:00:00Z,LINK/USDT,buy,12.25612500,45.86699328,0.56215160,USDT
2025-11-22T23:15:00Z,LINK/USDT,stop_sell,12.14392500,45.86699328,0.55700533,USDT
2025-11-23T01:45:00Z,LINK/USDT,buy,12.34617000,45.49185032,0.56165012,USDT
2025-11-23T06:30:00Z,LINK/USDT,sell,12.44377500,45.49185032,0.56609035,USDT
2025-11-24T15:15:00Z,LINK/USDT,buy,12.50625000,44.64502641,0.55834186,USDT
2025-11-24T15:15:00Z,LINK/USDT,stop_sell,12.49375000,44.64502641,0.55778380,USDT
2025-11-24T16:00:00Z,LINK/USDT,buy,12.62631000,44.2823736,0.55912298,USDT
2025-11-24T20:00:00Z,LINK/USDT,sell,12.99350000,44.2823736,0.57538302,USDT
2025-11-25T13:00:00Z,LINK/USDT,buy,12.88644000,43.68870654,0.56299190,USDT
2025-11-25T13:30:00Z,LINK/USDT,stop_sell,12.79360000,43.68870654,0.55893584,USDT
2025-11-25T17:45:00Z,LINK/USDT,buy,13.04652000,43.120882,0.56257745,USDT
2025-11-25T19:00:00Z,LINK/USDT,stop_sell,12.89961839,43.120882,0.55624292,USDT
2025-11-26T16:45:00Z,LINK/USDT,buy,13.05652500,43.04214816,0.56198088,USDT
2025-11-26T21:15:00Z,LINK/USDT,sell,13.35332000,43.04214816,0.57475558,USDT
2025-11-27T16:15:00Z,LINK/USDT,buy,13.52676000,41.73820995,0.56458275,USDT
2025-11-27T17:15:00Z,LINK/USDT,stop_sell,13.43684964,41.73820995,0.56083005,USDT
2025-11-28T08:30:00Z,LINK/USDT,buy,13.36668000,42.08389381,0.56252194,USDT
2025-11-28T11:15:00Z,LINK/USDT,sell,13.29335000,42.08389381,0.55943593,USDT
2025-11-28T23:15:00Z,LINK/USDT,buy,13.19659500,42.56849877,0.56175924,USDT
2025-11-28T23:30:00Z,LINK/USDT,stop_sell,13.13343000,42.56849877,0.55907040,USDT
2025-11-30T01:15:00Z,LINK/USDT,buy,13.09654500,42.90293432,0.56188021,USDT
2025-11-30T05:15:00Z,LINK/USDT,stop_sell,13.00349500,42.90293432,0.55788809,USDT
2025-11-30T13:30:00Z,LINK/USDT,buy,13.28664000,42.32205576,0.56231792,USDT
2025-11-30T19:00:00Z,LINK/USDT,sell,13.33333000,42.32205576,0.56429394,USDT
2025-12-01T22:15:00Z,LINK/USDT,buy,12.06603000,46.3849927,0.55968271,USDT
2025-12-02T00:30:00Z,LINK/USDT,sell,12.07396000,46.3849927,0.56005055,USDT
2025-12-02T11:15:00Z,LINK/USDT,buy,12.19609500,46.03759308,0.56147886,USDT
2025-12-02T20:30:00Z,LINK/USDT,sell,13.31334000,46.03759308,0.61291413,USDT
2025-12-03T01:00:00Z,LINK/USDT,buy,13.61680500,41.46875495,0.56467195,USDT
2025-12-03T09:15:00Z,LINK/USDT,sell,14.37281000,41.46875495,0.59602254,USDT
2025-12-03T10:30:00Z,LINK/USDT,buy,14.44722000,38.98587371,0.56323749,USDT
2025-12-03T10:30:00Z,LINK/USDT,stop_sell,14.43278000,38.98587371,0.56267454,USDT
2025-12-03T14:00:00Z,LINK/USDT,buy,14.44722000,38.89645043,0.56194558,USDT
2025-12-03T14:00:00Z,LINK/USDT,stop_sell,14.43278000,38.89645043,0.56138391,USDT
2025-12-03T23:00:00Z,LINK/USDT,buy,14.67733500,38.88721126,0.57076063,USDT
2025-12-04T00:15:00Z,LINK/USDT,sell,14.52273500,38.88721126,0.56474866,USDT
2025-12-04T00:45:00Z,LINK/USDT,buy,14.77738500,38.29679828,0.56592653,USDT
2025-12-04T03:00:00Z,LINK/USDT,sell,14.75262000,38.29679828,0.56497811,USDT
2025-12-04T15:45:00Z,LINK/USDT,buy,14.44722000,38.94338615,0.56262367,USDT
2025-12-04T15:45:00Z,LINK/USDT,stop_sell,14.43278000,38.94338615,0.56206132,USDT
2025-12-05T02:45:00Z,LINK/USDT,buy,14.38719000,39.39438848,0.56677455,USDT
2025-12-05T03:30:00Z,LINK/USDT,stop_sell,14.26286500,39.39438848,0.56187684,USDT
2025-12-05T09:00:00Z,LINK/USDT,buy,14.20710000,39.55340305,0.56193915,USDT
2025-12-05T09:00:00Z,LINK/USDT,stop_sell,14.19290000,39.55340305,0.56137749,USDT
2025-12-06T12:15:00Z,LINK/USDT,buy,13.76688000,41.12459299,0.56615734,USDT
2025-12-06T13:00:00Z,LINK/USDT,stop_sell,13.70171714,41.12459299,0.56347754,USDT
2025-12-06T15:00:00Z,LINK/USDT,buy,13.81690500,40.77647045,0.56340462,USDT
2025-12-06T15:00:00Z,LINK/USDT,stop_sell,13.80309500,40.77647045,0.56284150,USDT
2025-12-06T15:30:00Z,LINK/USDT,buy,13.92696000,40.62029422,0.56571721,USDT
2025-12-06T17:00:00Z,LINK/USDT,stop_sell,13.84129018,40.62029422,0.56223728,USDT
2025-12-07T04:00:00Z,LINK/USDT,buy,14.04702000,40.33303816,0.56655899,USDT
2025-12-07T04:30:00Z,LINK/USDT,stop_sell,13.92303500,40.33303816,0.56155830,USDT
2025-12-07T13:15:00Z,LINK/USDT,buy,13.85692500,40.44237535,0.56040696,USDT
2025-12-07T13:15:00Z,LINK/USDT,stop_sell,13.84307500,40.44237535,0.55984684,USDT
2025-12-07T17:45:00Z,LINK/USDT,buy,14.07703500,40.37490196,0.56835891,USDT
2025-12-07T21:30:00Z,LINK/USDT,sell,13.92303500,40.37490196,0.56214117,USDT
2025-12-08T09:00:00Z,LINK/USDT,buy,14.10705000,40.04639706,0.56493653,USDT
2025-12-08T10:15:00Z,LINK/USDT,sell,14.07296000,40.04639706,0.56357134,USDT
2025-12-09T15:15:00Z,LINK/USDT,buy,13.93696500,40.6970235,0.56719299,USDT
2025-12-09T19:15:00Z,LINK/USDT,sell,14.68265500,40.6970235,0.59754036,USDT
2025-12-10T10:00:00Z,LINK/USDT,buy,14.36718000,39.69063014,0.57024243,USDT
2025-12-10T10:30:00Z,LINK/USDT,stop_sell,14.17291000,39.69063014,0.56253173,USDT
2025-12-10T18:45:00Z,LINK/USDT,buy,14.44722000,39.36496574,0.56871432,USDT
2025-12-10T19:00:00Z,LINK/USDT,stop_sell,14.26286500,39.36496574,0.56145719,USDT
2025-12-10T19:15:00Z,LINK/USDT,buy,14.49724500,38.85821913,0.56333712,USDT
2025-12-10T19:30:00Z,LINK/USDT,stop_sell,14.39101518,38.85821913,0.55920922,USDT
2025-12-10T20:15:00Z,LINK/USDT,buy,14.81740500,38.01818654,0.56333087,USDT
2025-12-10T20:15:00Z,LINK/USDT,stop_sell,14.64410286,38.01818654,0.55674223,USDT
2025-12-11T13:15:00Z,LINK/USDT,buy,13.62681000,41.37835475,0.56385498,USDT
2025-12-11T13:30:00Z,LINK/USDT,stop_sell,13.60319500,41.37835475,0.56287783,USDT
2025-12-11T14:15:00Z,LINK/USDT,buy,13.60680000,41.30534319,0.56203354,USDT
2025-12-11T14:15:00Z,LINK/USDT,stop_sell,13.59320000,41.30534319,0.56147179,USDT
2025-12-11T14:45:00Z,LINK/USDT,buy,13.52676000,41.29545898,0.55859376,USDT
2025-12-11T14:45:00Z,LINK/USDT,stop_sell,13.51324000,41.29545898,0.55803545,USDT
2025-12-11T21:00:00Z,LINK/USDT,buy,13.91695500,40.4842606,0.56341763,USDT
2025-12-11T23:15:00Z,LINK/USDT,sell,14.08295500,40.4842606,0.57013802,USDT
2025-12-12T06:15:00Z,LINK/USDT,buy,14.20710000,39.68894447,0.56386480,USDT
2025-12-12T06:45:00Z,LINK/USDT,stop_sell,14.09295000,39.68894447,0.55933431,USDT
2025-12-12T13:15:00Z,LINK/USDT,buy,14.24712000,39.65709268,0.56499936,USDT
2025-12-12T14:30:00Z,LINK/USDT,stop_sell,14.16934036,39.65709268,0.56191484,USDT
2025-12-13T08:15:00Z,LINK/USDT,buy,13.81690500,40.78215955,0.56348322,USDT
2025-12-13T11:45:00Z,LINK/USDT,sell,13.84307500,40.78215955,0.56455049,USDT
2025-12-14T00:30:00Z,LINK/USDT,buy,13.77688500,40.93010477,0.56388935,USDT
2025-12-14T03:30:00Z,LINK/USDT,sell,13.73313000,40.93010477,0.56209845,USDT
2025-12-15T02:15:00Z,LINK/USDT,buy,13.60680000,41.36438161,0.56283687,USDT
2025-12-15T04:30:00Z,LINK/USDT,sell,13.51324000,41.36438161,0.55896682,USDT
2025-12-16T09:30:00Z,LINK/USDT,buy,12.80640000,43.91845636,0.56243732,USDT
2025-12-16T13:45:00Z,LINK/USDT,sell,12.86356500,43.91845636,0.56494792,USDT
2025-12-16T16:00:00Z,LINK/USDT,buy,12.96648000,43.08558609,0.55866839,USDT
2025-12-16T16:30:00Z,LINK/USDT,stop_sell,12.87356000,43.08558609,0.55466488,USDT
2025-12-17T14:15:00Z,LINK/USDT,buy,12.77638500,43.99824204,0.56213848,USDT
2025-12-17T14:30:00Z,LINK/USDT,stop_sell,12.72363500,43.99824204,0.55981757,USDT
2025-12-17T15:00:00Z,LINK/USDT,buy,13.04652000,43.33195384,0.56533120,USDT
2025-12-17T15:30:00Z,LINK/USDT,stop_sell,12.86891946,43.33195384,0.55763542,USDT
2025-12-18T13:15:00Z,LINK/USDT,buy,12.48624000,44.94203703,0.56115706,USDT
2025-12-18T13:30:00Z,LINK/USDT,stop_sell,12.42378500,44.94203703,0.55835021,USDT
2025-12-18T13:45:00Z,LINK/USDT,buy,12.66633000,44.31324215,0.56128615,USDT
2025-12-18T14:30:00Z,LINK/USDT,stop_sell,12.58905946,44.31324215,0.55786204,USDT
2025-12-19T03:15:00Z,LINK/USDT,buy,12.11605500,46.37409377,0.56187107,USDT
2025-12-19T05:45:00Z,LINK/USDT,sell,12.21389000,46.37409377,0.56640808,USDT
2025-12-19T07:15:00Z,LINK/USDT,buy,12.49624500,44.873639,0.56075199,USDT
2025-12-19T07:45:00Z,LINK/USDT,stop_sell,12.36381500,44.873639,0.55480937,USDT
2025-12-19T14:45:00Z,LINK/USDT,buy,12.50625000,44.50771836,0.55662465,USDT
2025-12-19T14:45:00Z,LINK/USDT,stop_sell,12.49375000,44.50771836,0.55606831,USDT
2025-12-19T15:15:00Z,LINK/USDT,buy,12.65632500,44.49710443,0.56316982,USDT
2025-12-19T15:15:00Z,LINK/USDT,stop_sell,12.52873250,44.49710443,0.55749232,USDT
2025-12-20T15:00:00Z,LINK/USDT,buy,12.65632500,44.20788309,0.55950934,USDT
2025-12-20T17:15:00Z,LINK/USDT,sell,12.61369000,44.20788309,0.55762453,USDT
2025-12-20T17:30:00Z,LINK/USDT,buy,12.65632500,44.18889851,0.55926906,USDT
2025-12-20T18:00:00Z,LINK/USDT,stop_sell,12.57371000,44.18889851,0.55561840,USDT
2025-12-21T07:45:00Z,LINK/USDT,buy,12.53626500,44.58166974,0.55888763,USDT
2025-12-21T12:00:00Z,LINK/USDT,sell,12.59370000,44.58166974,0.56144817,USDT
2025-12-22T01:00:00Z,LINK/USDT,buy,12.55627500,44.41363584,0.55766983,USDT
2025-12-22T01:45:00Z,LINK/USDT,stop_sell,12.50374500,44.41363584,0.55533678,USDT
2025-12-22T08:30:00Z,LINK/USDT,buy,12.73636500,43.86864528,0.55872708,USDT
2025-12-22T08:30:00Z,LINK/USDT,stop_sell,12.69257911,43.86864528,0.55680625,USDT
2025-12-22T15:00:00Z,LINK/USDT,buy,12.81640500,43.57571784,0.55848405,USDT
2025-12-22T15:15:00Z,LINK/USDT,stop_sell,12.72363500,43.57571784,0.55444153,USDT
2025-12-23T13:30:00Z,LINK/USDT,buy,12.26613000,45.38588364,0.55670915,USDT
2025-12-23T13:30:00Z,LINK/USDT,stop_sell,12.25387000,45.38588364,0.55615272,USDT
2025-12-23T16:15:00Z,LINK/USDT,buy,12.31615500,45.22781562,0.55703279,USDT
2025-12-23T18:00:00Z,LINK/USDT,sell,12.33383000,45.22781562,0.55783219,USDT
2025-12-24T21:45:00Z,LINK/USDT,buy,12.31615500,45.29924691,0.55791255,USDT
2025-12-24T23:45:00Z,LINK/USDT,stop_sell,12.28385500,45.29924691,0.55644938,USDT
2025-12-25T14:00:00Z,LINK/USDT,buy,12.28614000,45.35618611,0.55725245,USDT
2025-12-25T17:15:00Z,LINK/USDT,sell,12.33383000,45.35618611,0.55941549,USDT
2025-12-26T02:30:00Z,LINK/USDT,buy,12.52626000,44.74408,0.56047598,USDT
2025-12-26T04:00:00Z,LINK/USDT,stop_sell,12.33383000,44.74408,0.55186588,USDT
2025-12-26T07:30:00Z,LINK/USDT,buy,12.48624000,44.61005137,0.55701181,USDT
2025-12-26T07:30:00Z,LINK/USDT,stop_sell,12.44484589,44.61005137,0.55516521,USDT
2025-12-26T14:15:00Z,LINK/USDT,buy,12.48624000,44.5910849,0.55677499,USDT
2025-12-26T14:30:00Z,LINK/USDT,stop_sell,12.42378500,44.5910849,0.55399005,USDT
2025-12-27T03:15:00Z,LINK/USDT,buy,12.24612000,45.4771123,0.55691817,USDT
2025-12-27T05:00:00Z,LINK/USDT,stop_sell,12.17391000,45.4771123,0.55363427,USDT
2025-12-27T08:30:00Z,LINK/USDT,buy,12.29614500,45.22648715,0.55611144,USDT
2025-12-27T09:00:00Z,LINK/USDT,stop_sell,12.22388500,45.22648715,0.55284338,USDT
2025-12-27T14:15:00Z,LINK/USDT,buy,12.29614500,45.19799556,0.55576111,USDT
2025-12-27T17:00:00Z,LINK/USDT,stop_sell,12.27850054,45.19799556,0.55496361,USDT
2025-12-27T21:30:00Z,LINK/USDT,buy,12.39619500,44.82088038,0.55560837,USDT
2025-12-27T23:15:00Z,LINK/USDT,sell,12.40379500,44.82088038,0.55594901,USDT
2025-12-27T23:30:00Z,LINK/USDT,buy,12.48624000,44.49271109,0.55554667,USDT
2025-12-27T23:45:00Z,LINK/USDT,stop_sell,12.43734964,44.49271109,0.55337140,USDT
2025-12-28T00:00:00Z,LINK/USDT,buy,12.55627500,44.22360954,0.55528380,USDT
2025-12-28T01:45:00Z,LINK/USDT,sell,12.47376000,44.22360954,0.55163469,USDT
2025-12-28T13:45:00Z,LINK/USDT,buy,12.51625500,44.33459771,0.55490313,USDT
2025-12-28T14:00:00Z,LINK/USDT,stop_sell,12.46376500,44.33459771,0.55257601,USDT
2025-12-28T16:30:00Z,LINK/USDT,buy,12.60630000,43.99611502,0.55462822,USDT
2025-12-28T16:45:00Z,LINK/USDT,stop_sell,12.50374500,43.99611502,0.55011620,USDT
2025-12-29T00:30:00Z,LINK/USDT,buy,12.58629000,44.03034244,0.55417866,USDT
2025-12-29T01:00:00Z,LINK/USDT,stop_sell,12.54372500,44.03034244,0.55230451,USDT
2025-12-29T01:45:00Z,LINK/USDT,buy,12.66633000,43.73327466,0.55394009,USDT
2025-12-29T06:15:00Z,LINK/USDT,sell,12.88355500,43.73327466,0.56344005,USDT
2025-12-30T00:45:00Z,LINK/USDT,buy,12.32616000,44.99463178,0.55461103,USDT
2025-12-30T01:00:00Z,LINK/USDT,sell,12.30384500,44.99463178,0.55360698,USDT
2025-12-31T01:30:00Z,LINK/USDT,buy,12.42621000,44.61875054,0.55444196,USDT
2025-12-31T03:45:00Z,LINK/USDT,stop_sell,12.39380000,44.61875054,0.55299587,USDT
2025-12-31T09:30:00Z,LINK/USDT,buy,12.40620000,44.67424187,0.55423758,USDT
2025-12-31T14:00:00Z,LINK/USDT,sell,12.48375500,44.67424187,0.55770229,USDT
2025-12-31T14:15:00Z,LINK/USDT,buy,12.54627000,44.19049608,0.55442590,USDT
2025-12-31T15:30:00Z,LINK/USDT,stop_sell,12.37381000,44.19049608,0.54680480,USDT
2026-01-01T14:15:00Z,LINK/USDT,buy,12.30615000,45.032631,0.55417831,USDT
2026-01-01T14:30:00Z,LINK/USDT,stop_sell,12.24387500,45.032631,0.55137390,USDT
2026-01-01T15:45:00Z,LINK/USDT,buy,12.37618500,44.67998693,0.55296778,USDT
2026-01-02T02:15:00Z,LINK/USDT,sell,12.58370500,44.67998693,0.56223977,USDT
2026-01-02T03:45:00Z,LINK/USDT,buy,12.88644000,42.99617864,0.55406768,USDT
2026-01-02T07:45:00Z,LINK/USDT,sell,12.82358500,42.99617864,0.55136515,USDT
2026-01-02T10:00:00Z,LINK/USDT,buy,13.06653000,42.38025607,0.55376289,USDT
2026-01-02T11:15:00Z,LINK/USDT,sell,12.97351000,42.38025607,0.54982068,USDT
2026-01-03T18:45:00Z,LINK/USDT,buy,13.23661500,41.93195456,0.55503714,USDT
2026-01-03T19:15:00Z,LINK/USDT,sell,13.17341000,41.93195456,0.55238683,USDT
2026-01-04T00:15:00Z,LINK/USDT,buy,13.36668000,41.46900691,0.55430295,USDT
2026-01-04T00:15:00Z,LINK/USDT,stop_sell,13.29442089,41.46900691,0.55130643,USDT
2026-01-04T06:15:00Z,LINK/USDT,buy,13.42671000,41.10518543,0.55190740,USDT
2026-01-04T06:15:00Z,LINK/USDT,stop_sell,13.41329000,41.10518543,0.55135577,USDT
2026-01-04T12:30:00Z,LINK/USDT,buy,13.48674000,40.82197344,0.55055534,USDT
2026-01-04T12:30:00Z,LINK/USDT,stop_sell,13.47326000,40.82197344,0.55000506,USDT
2026-01-04T17:15:00Z,LINK/USDT,buy,13.52676000,40.78207041,0.55164928,USDT
2026-01-04T18:15:00Z,LINK/USDT,stop_sell,13.50217411,40.78207041,0.55064662,USDT
2026-01-05T01:15:00Z,LINK/USDT,buy,13.69684500,40.41148145,0.55350980,USDT
2026-01-05T04:15:00Z,LINK/USDT,sell,13.59320000,40.41148145,0.54932135,USDT
2026-01-05T14:45:00Z,LINK/USDT,buy,13.58679000,40.55864223,0.55106175,USDT
2026-01-05T17:30:00Z,LINK/USDT,sell,13.59320000,40.55864223,0.55132174,USDT
2026-01-05T19:00:00Z,LINK/USDT,buy,13.80690000,39.82167091,0.54981383,USDT
2026-01-05T19:45:00Z,LINK/USDT,stop_sell,13.75312000,39.82167091,0.54767222,USDT
2026-01-05T20:30:00Z,LINK/USDT,buy,13.96698000,39.5743729,0.55273447,USDT
2026-01-05T23:45:00Z,LINK/USDT,sell,13.94302500,39.5743729,0.55178647,USDT
2026-01-06T12:30:00Z,LINK/USDT,buy,13.93696500,39.56258524,0.55138237,USDT
2026-01-06T13:45:00Z,LINK/USDT,stop_sell,13.84307500,39.56258524,0.54766783,USDT
2026-01-06T14:15:00Z,LINK/USDT,buy,14.06703000,39.22519416,0.55178198,USDT
2026-01-06T15:30:00Z,LINK/USDT,stop_sell,13.99014429,39.22519416,0.54876613,USDT
2026-01-06T21:30:00Z,LINK/USDT,buy,13.98699000,39.59657651,0.55383692,USDT
2026-01-07T00:30:00Z,LINK/USDT,sell,13.92303500,39.59657651,0.55130452,USDT
2026-01-08T00:45:00Z,LINK/USDT,buy,13.48674000,40.86934698,0.55119426,USDT
2026-01-08T02:45:00Z,LINK/USDT,sell,13.43328000,40.86934698,0.54900938,USDT
2026-01-08T16:15:00Z,LINK/USDT,buy,13.23661500,41.34124842,0.54721819,USDT
2026-01-08T16:30:00Z,LINK/USDT,stop_sell,13.20982036,41.34124842,0.54611047,USDT
2026-01-09T04:00:00Z,LINK/USDT,buy,13.33666500,41.20408694,0.54952510,USDT
2026-01-09T04:00:00Z,LINK/USDT,stop_sell,13.29049429,41.20408694,0.54762268,USDT
2026-01-09T13:45:00Z,LINK/USDT,buy,13.22661000,41.52853773,0.54928177,USDT
2026-01-09T14:00:00Z,LINK/USDT,stop_sell,13.15342000,41.52853773,0.54624230,USDT
2026-01-09T15:30:00Z,LINK/USDT,buy,13.37668500,41.09968221,0.54977750,USDT
2026-01-09T15:45:00Z,LINK/USDT,stop_sell,13.27336000,41.09968221,0.54553088,USDT
2026-01-09T16:30:00Z,LINK/USDT,buy,13.36668000,41.06769459,0.54893873,USDT
2026-01-09T17:15:00Z,LINK/USDT,stop_sell,13.26122321,41.06769459,0.54460786,USDT
2026-01-10T09:00:00Z,LINK/USDT,buy,13.15657500,41.69052826,0.54850456,USDT
2026-01-10T15:00:00Z,LINK/USDT,sell,13.14342500,41.69052826,0.54795633,USDT
2026-01-11T06:15:00Z,LINK/USDT,buy,13.29664500,41.24145006,0.54837292,USDT
2026-01-11T06:30:00Z,LINK/USDT,stop_sell,13.20339500,41.24145006,0.54452716,USDT
2026-01-11T16:15:00Z,LINK/USDT,buy,13.28664000,41.24275438,0.54797763,USDT
2026-01-11T17:45:00Z,LINK/USDT,sell,13.28335500,41.24275438,0.54784215,USDT
2026-01-12T01:15:00Z,LINK/USDT,buy,13.29664500,41.11150705,0.54664511,USDT
2026-01-12T04:00:00Z,LINK/USDT,sell,13.41329000,41.11150705,0.55144057,USDT
2026-01-12T15:30:00Z,LINK/USDT,buy,13.22661000,41.38225553,0.54734695,USDT
2026-01-12T17:30:00Z,LINK/USDT,sell,13.19340000,41.38225553,0.54597265,USDT
2026-01-13T03:30:00Z,LINK/USDT,buy,13.13656500,41.61881864,0.54672832,USDT
2026-01-13T03:30:00Z,LINK/USDT,stop_sell,13.12343500,41.61881864,0.54618186,USDT
2026-01-13T09:15:00Z,LINK/USDT,buy,13.30665000,41.10904685,0.54702370,USDT
2026-01-13T09:15:00Z,LINK/USDT,stop_sell,13.29335000,41.10904685,0.54647695,USDT
2026-01-13T14:30:00Z,LINK/USDT,buy,13.49674500,40.73223839,0.54975263,USDT
2026-01-13T14:45:00Z,LINK/USDT,stop_sell,13.41079125,40.73223839,0.54625155,USDT
2026-01-13T15:45:00Z,LINK/USDT,buy,13.54677000,40.4042479,0.54734705,USDT
2026-01-13T22:00:00Z,LINK/USDT,sell,13.74312500,40.4042479,0.55528063,USDT
2026-01-13T22:15:00Z,LINK/USDT,buy,14.03701500,39.03207359,0.54789380,USDT
2026-01-14T00:45:00Z,LINK/USDT,sell,14.06296500,39.03207359,0.54890668,USDT
2026-01-14T08:30:00Z,LINK/USDT,buy,14.13706500,38.75536298,0.54788709,USDT
2026-01-14T11:30:00Z,LINK/USDT,stop_sell,14.09295000,38.75536298,0.54617739,USDT
2026-01-15T13:30:00Z,LINK/USDT,buy,14.09704500,38.73948892,0.54611232,USDT
2026-01-15T13:30:00Z,LINK/USDT,stop_sell,14.08295500,38.73948892,0.54556648,USDT
2026-01-16T08:30:00Z,LINK/USDT,buy,13.84692000,39.54176134,0.54753161,USDT
2026-01-16T09:15:00Z,LINK/USDT,stop_sell,13.76311500,39.54176134,0.54421781,USDT
2026-01-16T14:30:00Z,LINK/USDT,buy,13.77688500,39.71717743,0.54717899,USDT
2026-01-16T14:45:00Z,LINK/USDT,stop_sell,13.72313500,39.71717743,0.54504419,USDT
2026-01-17T16:00:00Z,LINK/USDT,buy,13.89694500,39.46912429,0.54850025,USDT
2026-01-17T16:45:00Z,LINK/USDT,stop_sell,13.79310000,39.46912429,0.54440158,USDT
2026-01-18T07:15:00Z,LINK/USDT,buy,13.73686500,39.75487959,0.54610741,USDT
2026-01-18T16:00:00Z,LINK/USDT,sell,13.76311500,39.75487959,0.54715098,USDT
2026-01-18T18:30:00Z,LINK/USDT,buy,13.85692500,39.46734611,0.54689605,USDT
2026-01-18T18:30:00Z,LINK/USDT,stop_sell,13.81915839,39.46734611,0.54540551,USDT
2026-01-18T18:45:00Z,LINK/USDT,buy,13.85692500,39.42393085,0.54629445,USDT
2026-01-18T19:30:00Z,LINK/USDT,stop_sell,13.78310500,39.42393085,0.54338418,USDT
2026-01-19T14:45:00Z,LINK/USDT,buy,12.79639500,42.66625848,0.54597430,USDT
2026-01-19T18:30:00Z,LINK/USDT,sell,12.86356500,42.66625848,0.54884019,USDT
2026-01-19T20:15:00Z,LINK/USDT,buy,12.97648500,42.0850526,0.54611605,USDT
2026-01-19T22:00:00Z,LINK/USDT,stop_sell,12.87356000,42.0850526,0.54178445,USDT
2026-01-20T14:45:00Z,LINK/USDT,buy,12.50625000,43.38978297,0.54264347,USDT
2026-01-20T14:45:00Z,LINK/USDT,stop_sell,12.49375000,43.38978297,0.54210110,USDT
2026-01-21T05:45:00Z,LINK/USDT,buy,12.45622500,43.90333354,0.54686980,USDT
2026-01-21T07:00:00Z,LINK/USDT,stop_sell,12.36381500,43.90333354,0.54281269,USDT
2026-01-21T15:30:00Z,LINK/USDT,buy,12.44622000,43.72934666,0.54426507,USDT
2026-01-21T16:15:00Z,LINK/USDT,stop_sell,12.33383000,43.72934666,0.53935033,USDT
2026-01-23T00:30:00Z,LINK/USDT,buy,12.26613000,44.29518233,0.54333046,USDT
2026-01-23T00:30:00Z,LINK/USDT,stop_sell,12.25387000,44.29518233,0.54278741,USDT
2026-01-23T06:15:00Z,LINK/USDT,buy,12.37618500,43.99817758,0.54452959,USDT
2026-01-23T07:00:00Z,LINK/USDT,stop_sell,12.27386000,43.99817758,0.54002747,USDT
2026-01-23T17:30:00Z,LINK/USDT,buy,12.46623000,43.89108338,0.54715634,USDT
2026-01-23T19:15:00Z,LINK/USDT,stop_sell,12.29385000,43.89108338,0.53959040,USDT
2026-01-24T21:45:00Z,LINK/USDT,buy,12.23611500,44.40869237,0.54338987,USDT
2026-01-24T22:45:00Z,LINK/USDT,stop_sell,12.20389500,44.40869237,0.54195902,USDT
2026-01-25T14:15:00Z,LINK/USDT,buy,12.00600000,44.98069693,0.54003825,USDT
2026-01-25T14:15:00Z,LINK/USDT,stop_sell,11.99400000,44.98069693,0.53949848,USDT
2026-01-26T01:15:00Z,LINK/USDT,buy,11.79589500,46.11618246,0.54398165,USDT
2026-01-26T01:30:00Z,LINK/USDT,stop_sell,11.71378304,46.11618246,0.54019496,USDT
2026-01-26T08:30:00Z,LINK/USDT,buy,11.95597500,45.38893709,0.54266900,USDT
2026-01-26T09:00:00Z,LINK/USDT,stop_sell,11.84407500,45.38893709,0.53758998,USDT
2026-01-26T14:45:00Z,LINK/USDT,buy,12.00600000,45.15875464,0.54217601,USDT
2026-01-26T16:00:00Z,LINK/USDT,stop_sell,11.93403000,45.15875464,0.53892593,USDT
2026-01-26T22:00:00Z,LINK/USDT,buy,12.00600000,45.12988013,0.54182934,USDT
2026-01-26T22:30:00Z,LINK/USDT,stop_sell,11.95402000,45.12988013,0.53948349,USDT
2026-01-27T14:30:00Z,LINK/USDT,buy,11.89594500,45.25789201,0.53838539,USDT
2026-01-27T14:30:00Z,LINK/USDT,stop_sell,11.88405500,45.25789201,0.53784728,USDT
2026-01-27T15:15:00Z,LINK/USDT,buy,11.96598000,45.24709369,0.54142582,USDT
2026-01-27T15:30:00Z,LINK/USDT,stop_sell,11.89405000,45.24709369,0.53817119,USDT
2026-01-27T16:00:00Z,LINK/USDT,buy,12.13606500,45.10496271,0.54739676,USDT
2026-01-27T17:30:00Z,LINK/USDT,sell,11.99400000,45.10496271,0.54098892,USDT
2026-01-28T20:30:00Z,LINK/USDT,buy,11.90595000,45.3956979,0.54047891,USDT
2026-01-28T21:00:00Z,LINK/USDT,stop_sell,11.81409000,45.3956979,0.53630886,USDT
2026-01-29T14:30:00Z,LINK/USDT,buy,11.52576000,46.6139083,0.53726072,USDT
2026-01-29T14:30:00Z,LINK/USDT,stop_sell,11.51424000,46.6139083,0.53672373,USDT
2026-01-30T16:30:00Z,LINK/USDT,buy,10.82541000,49.8761719,0.53993001,USDT
2026-01-30T17:00:00Z,LINK/USDT,stop_sell,10.74462500,49.8761719,0.53590076,USDT
2026-01-30T19:00:00Z,LINK/USDT,buy,10.95547500,49.29175263,0.54001456,USDT
2026-01-30T20:30:00Z,LINK/USDT,stop_sell,10.69465000,49.29175263,0.52715804,USDT
2026-02-02T14:15:00Z,LINK/USDT,buy,9.68484000,55.59275602,0.53840695,USDT
2026-02-02T17:45:00Z,LINK/USDT,sell,9.88505500,55.59275602,0.54953745,USDT
2026-02-03T04:45:00Z,LINK/USDT,buy,9.85492500,54.77045559,0.53975873,USDT
2026-02-03T05:00:00Z,LINK/USDT,stop_sell,9.77939357,54.77045559,0.53562184,USDT
2026-02-03T20:45:00Z,LINK/USDT,buy,9.75487500,55.23326167,0.53879356,USDT
2026-02-03T22:00:00Z,LINK/USDT,stop_sell,9.59520000,55.23326167,0.52997419,USDT
2026-02-04T04:00:00Z,LINK/USDT,buy,9.75487500,55.20875259,0.53855448,USDT
2026-02-04T05:00:00Z,LINK/USDT,stop_sell,9.69515000,55.20875259,0.53525714,USDT
2026-02-06T13:15:00Z,LINK/USDT,buy,8.41420500,64.51183168,0.54281578,USDT
2026-02-06T18:30:00Z,LINK/USDT,sell,8.75562000,64.51183168,0.56484108,USDT
2026-02-07T04:15:00Z,LINK/USDT,buy,8.96448000,60.16260825,0.53932650,USDT
2026-02-07T06:15:00Z,LINK/USDT,stop_sell,8.92553500,60.16260825,0.53698347,USDT
2026-02-07T16:15:00Z,LINK/USDT,buy,8.95447500,60.5374632,0.54208120,USDT
2026-02-07T17:00:00Z,LINK/USDT,stop_sell,8.82915464,60.5374632,0.53449462,USDT
2026-02-08T11:45:00Z,LINK/USDT,buy,8.95447500,60.12182908,0.53835942,USDT
2026-02-08T13:45:00Z,LINK/USDT,sell,8.94552500,60.12182908,0.53782133,USDT
2026-02-08T23:15:00Z,LINK/USDT,buy,8.86443000,59.90659561,0.53103782,USDT
2026-02-08T23:15:00Z,LINK/USDT,stop_sell,8.85557000,59.90659561,0.53050705,USDT
2026-02-09T15:30:00Z,LINK/USDT,buy,8.76438000,62.17732291,0.54494569,USDT
2026-02-09T20:30:00Z,LINK/USDT,sell,8.89555000,62.17732291,0.55310148,USDT
2026-02-10T17:45:00Z,LINK/USDT,buy,8.63431500,62.38684396,0.53866766,USDT
2026-02-10T18:15:00Z,LINK/USDT,stop_sell,8.59570000,62.38684396,0.53625859,USDT
2026-02-12T00:45:00Z,LINK/USDT,buy,8.41420500,63.98570081,0.53838880,USDT
2026-02-12T00:45:00Z,LINK/USDT,stop_sell,8.39187339,63.98570081,0.53695990,USDT
2026-02-12T01:00:00Z,LINK/USDT,buy,8.41420500,63.96187915,0.53818836,USDT
2026-02-12T03:00:00Z,LINK/USDT,stop_sell,8.37581000,63.96187915,0.53573255,USDT
2026-02-13T09:45:00Z,LINK/USDT,buy,8.45422500,63.62568339,0.53790584,USDT
2026-02-13T10:30:00Z,LINK/USDT,stop_sell,8.43578000,63.62568339,0.53673227,USDT
2026-02-13T13:30:00Z,LINK/USDT,buy,8.52426000,63.37938297,0.54026234,USDT
2026-02-13T13:30:00Z,LINK/USDT,stop_sell,8.46719286,63.37938297,0.53664546,USDT
2026-02-13T16:45:00Z,LINK/USDT,buy,8.86443000,60.27852576,0.53433477,USDT
2026-02-13T17:00:00Z,LINK/USDT,stop_sell,8.81987357,60.27852576,0.53164898,USDT
2026-02-14T02:15:00Z,LINK/USDT,buy,8.86443000,60.58482191,0.53704991,USDT
2026-02-14T11:00:00Z,LINK/USDT,sell,8.91554000,60.58482191,0.54014640,USDT
2026-02-14T11:30:00Z,LINK/USDT,buy,9.00450000,59.66034063,0.53721154,USDT
2026-02-14T13:45:00Z,LINK/USDT,stop_sell,8.94552500,59.66034063,0.53369307,USDT
2026-02-14T16:15:00Z,LINK/USDT,buy,9.02451000,59.48735208,0.53684420,USDT
2026-02-14T16:30:00Z,LINK/USDT,stop_sell,8.97551000,59.48735208,0.53392932,USDT
2026-02-14T17:45:00Z,LINK/USDT,buy,9.06453000,59.18952136,0.53652519,USDT
2026-02-14T20:30:00Z,LINK/USDT,sell,9.10544500,59.18952136,0.53894693,USDT
2026-02-15T07:15:00Z,LINK/USDT,buy,9.14457000,58.68323467,0.53663295,USDT
2026-02-15T08:45:00Z,LINK/USDT,sell,9.08545500,58.68323467,0.53316389,USDT
2026-02-16T01:15:00Z,LINK/USDT,buy,8.82441000,60.77116285,0.53626966,USDT
2026-02-16T01:30:00Z,LINK/USDT,stop_sell,8.75562000,60.77116285,0.53208921,USDT
2026-02-16T08:30:00Z,LINK/USDT,buy,8.81440500,60.79248034,0.53584954,USDT
2026-02-16T08:30:00Z,LINK/USDT,stop_sell,8.78846071,60.79248034,0.53427232,USDT
2026-02-16T21:00:00Z,LINK/USDT,buy,8.85442500,60.49378131,0.53563765,USDT
2026-02-17T04:15:00Z,LINK/USDT,sell,8.91554000,60.49378131,0.53933473,USDT
2026-02-17T16:45:00Z,LINK/USDT,buy,8.93446500,59.97533405,0.53584752,USDT
2026-02-17T17:45:00Z,LINK/USDT,stop_sell,8.77561000,59.97533405,0.52632014,USDT
2026-02-18T08:15:00Z,LINK/USDT,buy,8.96448000,59.88046686,0.53679725,USDT
2026-02-18T09:15:00Z,LINK/USDT,stop_sell,8.86556500,59.88046686,0.53087417,USDT
2026-02-19T01:45:00Z,LINK/USDT,buy,8.67433500,61.7541398,0.53567610,USDT
2026-02-19T09:00:00Z,LINK/USDT,sell,8.67566000,61.7541398,0.53575792,USDT
2026-02-19T21:45:00Z,LINK/USDT,buy,8.56428000,62.39417529,0.53436119,USDT
2026-02-20T01:45:00Z,LINK/USDT,sell,8.59570000,62.39417529,0.53632161,USDT
2026-02-20T15:15:00Z,LINK/USDT,buy,8.64432000,60.90824628,0.52651037,USDT
2026-02-20T15:15:00Z,LINK/USDT,stop_sell,8.63568000,60.90824628,0.52598412,USDT
2026-02-20T16:15:00Z,LINK/USDT,buy,8.86443000,59.93703934,0.53130769,USDT
2026-02-20T17:00:00Z,LINK/USDT,stop_sell,8.82201536,59.93703934,0.52876548,USDT
2026-02-20T21:15:00Z,LINK/USDT,buy,8.92446000,59.8375379,0.53401771,USDT
2026-02-21T00:00:00Z,LINK/USDT,sell,8.95552000,59.8375379,0.53587627,USDT
2026-02-21T09:00:00Z,LINK/USDT,buy,8.91445500,59.91177675,0.53408084,USDT
2026-02-21T12:00:00Z,LINK/USDT,sell,8.92553500,59.91177675,0.53474466,USDT
2026-02-21T14:00:00Z,LINK/USDT,buy,8.99449500,59.30905895,0.53345503,USDT
2026-02-21T15:15:00Z,LINK/USDT,stop_sell,8.96551500,59.30905895,0.53173626,USDT
2026-02-22T23:30:00Z,LINK/USDT,buy,8.66433000,61.61187219,0.53382559,USDT
2026-02-23T00:15:00Z,LINK/USDT,stop_sell,8.64817375,61.61187219,0.53283018,USDT
2026-02-23T06:30:00Z,LINK/USDT,buy,8.34417000,63.9560968,0.53366054,USDT
2026-02-23T09:00:00Z,LINK/USDT,sell,8.33583000,63.9560968,0.53312715,USDT
2026-02-23T09:45:00Z,LINK/USDT,buy,8.52426000,62.95936633,0.53668201,USDT
2026-02-23T11:45:00Z,LINK/USDT,sell,8.45577000,62.95936633,0.53236992,USDT
2026-02-23T22:15:00Z,LINK/USDT,buy,8.32416000,64.04270934,0.53310176,USDT
2026-02-24T00:15:00Z,LINK/USDT,stop_sell,8.29585000,64.04270934,0.53128871,USDT
2026-02-24T11:00:00Z,LINK/USDT,buy,8.20410000,64.95184714,0.53287145,USDT
2026-02-24T12:00:00Z,LINK/USDT,stop_sell,8.17591000,64.95184714,0.53104046,USDT
2026-02-24T12:15:00Z,LINK/USDT,buy,8.20410000,64.92360417,0.53263974,USDT
2026-02-24T13:15:00Z,LINK/USDT,stop_sell,8.12593500,64.92360417,0.52756499,USDT
2026-02-25T01:00:00Z,LINK/USDT,buy,8.32416000,64.47063728,0.53666390,USDT
2026-02-25T04:15:00Z,LINK/USDT,sell,8.49575000,64.47063728,0.54772642,USDT
2026-02-25T10:45:00Z,LINK/USDT,buy,8.60430000,61.93965205,0.53294735,USDT
2026-02-25T11:00:00Z,LINK/USDT,stop_sell,8.57571000,61.93965205,0.53117649,USDT
2026-02-25T12:30:00Z,LINK/USDT,buy,8.69434500,61.27206092,0.53272044,USDT
2026-02-25T19:15:00Z,LINK/USDT,sell,9.35532000,61.27206092,0.57321974,USDT
2026-02-25T22:30:00Z,LINK/USDT,buy,9.52476000,56.26110065,0.53587348,USDT
2026-02-25T23:30:00Z,LINK/USDT,stop_sell,9.30534500,56.26110065,0.52352895,USDT
2026-02-27T04:15:00Z,LINK/USDT,buy,9.25462500,57.78739066,0.53480063,USDT
2026-02-27T05:15:00Z,LINK/USDT,stop_sell,9.18540500,57.78739066,0.53080059,USDT
2026-02-28T13:45:00Z,LINK/USDT,buy,8.41420500,64.12102186,0.53952742,USDT
2026-02-28T16:15:00Z,LINK/USDT,sell,8.41579000,64.12102186,0.53962905,USDT
2026-02-28T18:45:00Z,LINK/USDT,buy,8.58429000,62.46197779,0.53619173,USDT
2026-02-28T23:30:00Z,LINK/USDT,sell,8.82558500,62.46197779,0.55126349,USDT
2026-03-01T14:00:00Z,LINK/USDT,buy,8.98449000,59.52932756,0.53484065,USDT
2026-03-01T15:00:00Z,LINK/USDT,stop_sell,8.93731482,59.52932756,0.53203234,USDT
2026-03-02T15:15:00Z,LINK/USDT,buy,9.03451500,59.10040225,0.53394347,USDT
2026-03-02T17:30:00Z,LINK/USDT,stop_sell,8.97586696,59.10040225,0.53047735,USDT
2026-03-03T16:15:00Z,LINK/USDT,buy,8.86443000,60.39505049,0.53536770,USDT
2026-03-03T16:30:00Z,LINK/USDT,stop_sell,8.76632893,60.39505049,0.52944288,USDT
2026-03-04T08:00:00Z,LINK/USDT,buy,8.93446500,59.85841104,0.53480288,USDT
2026-03-04T11:45:00Z,LINK/USDT,sell,9.11544000,59.85841104,0.54563575,USDT
2026-03-04T15:00:00Z,LINK/USDT,buy,9.27463500,57.99536025,0.53788580,USDT
2026-03-04T18:15:00Z,LINK/USDT,sell,9.41529000,57.99536025,0.54604314,USDT
2026-03-05T13:00:00Z,LINK/USDT,buy,9.47473500,56.52408597,0.53555074,USDT
2026-03-05T13:15:00Z,LINK/USDT,stop_sell,9.41529000,56.52408597,0.53219066,USDT
2026-03-05T21:00:00Z,LINK/USDT,buy,9.31465500,57.7053796,0.53750570,USDT
2026-03-05T22:00:00Z,LINK/USDT,sell,9.21539000,57.7053796,0.53177758,USDT
2026-03-06T22:45:00Z,LINK/USDT,buy,8.81440500,60.65664884,0.53465227,USDT
2026-03-07T00:00:00Z,LINK/USDT,stop_sell,8.76561500,60.65664884,0.53169283,USDT
2026-03-07T01:15:00Z,LINK/USDT,buy,8.82441000,60.55136209,0.53433005,USDT
2026-03-07T02:00:00Z,LINK/USDT,stop_sell,8.78560500,60.55136209,0.53198035,USDT
2026-03-08T00:15:00Z,LINK/USDT,buy,8.72436000,61.21441894,0.53405663,USDT
2026-03-08T00:15:00Z,LINK/USDT,stop_sell,8.69957661,61.21441894,0.53253953,USDT
2026-03-08T10:15:00Z,LINK/USDT,buy,8.75437500,61.2609687,0.53630149,USDT
2026-03-08T11:30:00Z,LINK/USDT,stop_sell,8.64567500,61.2609687,0.52964243,USDT
2026-03-08T21:00:00Z,LINK/USDT,buy,8.60430000,61.4015019,0.52831694,USDT
2026-03-08T21:00:00Z,LINK/USDT,stop_sell,8.59570000,61.4015019,0.52778889,USDT
2026-03-09T13:30:00Z,LINK/USDT,buy,8.91445500,60.27582622,0.53732614,USDT
2026-03-09T15:45:00Z,LINK/USDT,sell,8.89555000,60.27582622,0.53618663,USDT
2026-03-09T17:15:00Z,LINK/USDT,buy,8.97448500,59.38252638,0.53292759,USDT
2026-03-09T17:30:00Z,LINK/USDT,stop_sell,8.91518304,59.38252638,0.52940609,USDT
2026-03-09T19:30:00Z,LINK/USDT,buy,9.10455000,58.68738202,0.53432220,USDT
2026-03-09T19:30:00Z,LINK/USDT,stop_sell,9.00014054,58.68738202,0.52819469,USDT
2026-03-10T02:45:00Z,LINK/USDT,buy,9.07453500,58.68867021,0.53257239,USDT
2026-03-10T03:45:00Z,LINK/USDT,stop_sell,8.96551500,58.68867021,0.52617415,USDT
2026-03-10T08:15:00Z,LINK/USDT,buy,9.16458000,57.9828377,0.53138835,USDT
2026-03-10T09:15:00Z,LINK/USDT,stop_sell,9.07546000,57.9828377,0.52622092,USDT
2026-03-11T04:45:00Z,LINK/USDT,buy,9.02451000,58.82758205,0.53089010,USDT
2026-03-11T05:15:00Z,LINK/USDT,stop_sell,8.96551500,58.82758205,0.52741957,USDT
2026-03-11T14:45:00Z,LINK/USDT,buy,9.12456000,58.27060249,0.53169361,USDT
2026-03-11T15:00:00Z,LINK/USDT,stop_sell,9.03548000,58.27060249,0.52650286,USDT
2026-03-12T09:45:00Z,LINK/USDT,buy,9.01450500,58.79717729,0.53002745,USDT
2026-03-12T12:00:00Z,LINK/USDT,sell,9.01549000,58.79717729,0.53008536,USDT
2026-03-12T23:45:00Z,LINK/USDT,buy,9.07453500,58.39938165,0.52994723,USDT
2026-03-13T03:00:00Z,LINK/USDT,sell,9.24537500,58.39938165,0.53992418,USDT
2026-03-13T11:30:00Z,LINK/USDT,buy,9.29464500,57.09310634,0.53066016,USDT
2026-03-13T14:45:00Z,LINK/USDT,sell,9.43528000,57.09310634,0.53868944,USDT
2026-03-14T12:15:00Z,LINK/USDT,buy,9.00450000,58.99463922,0.53121723,USDT
2026-03-14T13:45:00Z,LINK/USDT,sell,8.98550500,58.99463922,0.53009663,USDT
2026-03-14T16:45:00Z,LINK/USDT,buy,9.04452000,58.714292,0.53104259,USDT
2026-03-14T19:15:00Z,LINK/USDT,stop_sell,9.01549000,58.714292,0.52933811,USDT
2026-03-14T21:45:00Z,LINK/USDT,buy,9.07453500,58.49570134,0.53082129,USDT
2026-03-15T01:30:00Z,LINK/USDT,sell,9.13543000,58.49570134,0.53438338,USDT
2026-03-15T03:15:00Z,LINK/USDT,buy,9.24462000,57.44109983,0.53102114,USDT
2026-03-15T03:45:00Z,LINK/USDT,stop_sell,9.19540000,57.44109983,0.52819389,USDT
2026-03-15T04:15:00Z,LINK/USDT,buy,9.19459500,57.34538866,0.52726762,USDT
2026-03-15T04:15:00Z,LINK/USDT,stop_sell,9.18540500,57.34538866,0.52674062,USDT
2026-03-15T09:30:00Z,LINK/USDT,buy,9.28464000,57.14637545,0.53058352,USDT
2026-03-15T12:30:00Z,LINK/USDT,sell,9.23538000,57.14637545,0.52776849,USDT
2026-03-15T22:15:00Z,LINK/USDT,buy,9.27463500,57.11298422,0.52970208,USDT
2026-03-16T02:30:00Z,LINK/USDT,sell,9.44527500,57.11298422,0.53944784,USDT
2026-03-16T03:45:00Z,LINK/USDT,buy,9.72486000,54.48692221,0.52987769,USDT
2026-03-16T06:15:00Z,LINK/USDT,sell,9.70514500,54.48692221,0.52880348,USDT
2026-03-16T13:45:00Z,LINK/USDT,buy,9.81490500,54.24662485,0.53242547,USDT
2026-03-16T14:00:00Z,LINK/USDT,stop_sell,9.72513500,54.24662485,0.52755575,USDT
2026-03-16T17:45:00Z,LINK/USDT,buy,9.86493000,53.92244303,0.53194113,USDT
2026-03-16T20:00:00Z,LINK/USDT,sell,9.94502500,53.92244303,0.53626004,USDT
2026-03-17T14:45:00Z,LINK/USDT,buy,9.85492500,53.78475379,0.53004471,USDT
2026-03-17T15:15:00Z,LINK/USDT,stop_sell,9.81509000,53.78475379,0.52790220,USDT
2026-03-19T00:15:00Z,LINK/USDT,buy,9.22461000,57.36597785,0.52917877,USDT
2026-03-19T00:15:00Z,LINK/USDT,stop_sell,9.21539000,57.36597785,0.52864986,USDT
2026-03-19T00:30:00Z,LINK/USDT,buy,9.25462500,57.29023739,0.53019966,USDT
2026-03-19T00:30:00Z,LINK/USDT,stop_sell,9.23359518,57.29023739,0.52899486,USDT
2026-03-19T19:15:00Z,LINK/USDT,buy,9.07453500,58.40723,0.53001845,USDT
2026-03-19T22:30:00Z,LINK/USDT,stop_sell,9.03548000,58.40723,0.52773736,USDT
2026-03-20T01:15:00Z,LINK/USDT,buy,9.12456000,58.05772676,0.52975121,USDT
2026-03-20T02:15:00Z,LINK/USDT,stop_sell,9.08545500,58.05772676,0.52748086,USDT
2026-03-20T08:15:00Z,LINK/USDT,buy,9.20460000,57.52394149,0.52948487,USDT
2026-03-20T09:15:00Z,LINK/USDT,stop_sell,9.11544000,57.52394149,0.52435604,USDT
2026-03-20T21:30:00Z,LINK/USDT,buy,9.09454500,58.16563781,0.52899001,USDT
2026-03-21T02:00:00Z,LINK/USDT,sell,9.11544000,58.16563781,0.53020538,USDT
2026-03-21T20:30:00Z,LINK/USDT,buy,9.09454500,58.16701229,0.52900251,USDT
2026-03-21T22:00:00Z,LINK/USDT,stop_sell,9.07153339,58.16701229,0.52766399,USDT
2026-03-23T11:15:00Z,LINK/USDT,buy,9.16458000,57.70158592,0.52881080,USDT
2026-03-23T11:15:00Z,LINK/USDT,stop_sell,9.08045750,57.70158592,0.52395680,USDT
2026-03-23T14:15:00Z,LINK/USDT,buy,9.18459000,57.52439929,0.52833802,USDT
2026-03-23T15:45:00Z,LINK/USDT,sell,9.06546500,57.52439929,0.52148543,USDT
2026-03-24T08:00:00Z,LINK/USDT,buy,9.25462500,57.02073428,0.52770551,USDT
2026-03-24T08:30:00Z,LINK/USDT,stop_sell,9.21539000,57.02073428,0.52546830,USDT
2026-03-25T00:30:00Z,LINK/USDT,buy,9.26463000,56.86931624,0.52687317,USDT
2026-03-25T00:30:00Z,LINK/USDT,stop_sell,9.23966357,56.86931624,0.52545335,USDT
2026-03-25T08:45:00Z,LINK/USDT,buy,9.38469000,56.18132084,0.52724428,USDT
2026-03-25T09:15:00Z,LINK/USDT,stop_sell,9.34532500,56.18132084,0.52503270,USDT
2026-03-25T11:30:00Z,LINK/USDT,buy,9.43471500,55.91504046,0.52754247,USDT
2026-03-25T12:15:00Z,LINK/USDT,stop_sell,9.37531000,55.91504046,0.52422084,USDT
2026-03-25T13:00:00Z,LINK/USDT,buy,9.46473000,55.6416289,0.52663299,USDT
2026-03-25T14:15:00Z,LINK/USDT,stop_sell,9.41529000,55.6416289,0.52388207,USDT
2026-03-28T04:15:00Z,LINK/USDT,buy,8.58429000,61.313018,0.52632873,USDT
2026-03-28T04:45:00Z,LINK/USDT,stop_sell,8.51574000,61.313018,0.52212572,USDT
2026-03-28T13:45:00Z,LINK/USDT,buy,8.62431000,60.69810364,0.52347926,USDT
2026-03-28T13:45:00Z,LINK/USDT,stop_sell,8.61569000,60.69810364,0.52295604,USDT
2026-03-30T00:30:00Z,LINK/USDT,buy,8.53426500,61.60844141,0.52578277,USDT
2026-03-30T00:30:00Z,LINK/USDT,stop_sell,8.46897768,61.60844141,0.52176052,USDT
2026-03-30T02:45:00Z,LINK/USDT,buy,8.60430000,61.27356147,0.52721610,USDT
2026-03-30T06:45:00Z,LINK/USDT,sell,8.64567500,61.27356147,0.52975130,USDT
2026-03-30T08:15:00Z,LINK/USDT,buy,8.78439000,59.82148974,0.52549530,USDT
2026-03-30T10:45:00Z,LINK/USDT,stop_sell,8.73563000,59.82148974,0.52257840,USDT
2026-03-30T11:30:00Z,LINK/USDT,buy,8.83441500,59.58178006,0.52637017,USDT
2026-03-30T13:45:00Z,LINK/USDT,sell,8.85557000,59.58178006,0.52763062,USDT
2026-03-31T01:45:00Z,LINK/USDT,buy,8.78439000,59.58365476,0.52340606,USDT
2026-03-31T03:15:00Z,LINK/USDT,stop_sell,8.76561500,59.58365476,0.52228738,USDT
2026-03-31T13:45:00Z,LINK/USDT,buy,8.73436500,60.31710901,0.52683165,USDT
2026-03-31T14:45:00Z,LINK/USDT,stop_sell,8.67209036,60.31710901,0.52307542,USDT
2026-04-01T01:15:00Z,LINK/USDT,buy,8.83441500,59.31836625,0.52404306,USDT
2026-04-01T01:30:00Z,LINK/USDT,stop_sell,8.77561000,59.31836625,0.52055485,USDT
2026-04-01T05:00:00Z,LINK/USDT,buy,8.85442500,59.21036526,0.52427374,USDT
2026-04-01T08:15:00Z,LINK/USDT,sell,9.05547000,59.21036526,0.53617769,USDT
2026-04-02T14:45:00Z,LINK/USDT,buy,8.60430000,61.03246654,0.52514165,USDT
2026-04-02T15:15:00Z,LINK/USDT,stop_sell,8.56357321,61.03246654,0.52265600,USDT
2026-04-03T04:30:00Z,LINK/USDT,buy,8.68434000,60.43738893,0.52485883,USDT
2026-04-03T04:45:00Z,LINK/USDT,stop_sell,8.66566500,60.43738893,0.52373017,USDT
2026-04-03T05:00:00Z,LINK/USDT,buy,8.67433500,60.41732204,0.52408009,USDT
2026-04-03T05:00:00Z,LINK/USDT,stop_sell,8.66566500,60.41732204,0.52355627,USDT
2026-04-03T05:45:00Z,LINK/USDT,buy,8.70435000,60.26398149,0.52455879,USDT
2026-04-03T06:15:00Z,LINK/USDT,stop_sell,8.66566500,60.26398149,0.52222748,USDT
2026-04-03T12:45:00Z,LINK/USDT,buy,8.70435000,60.09476962,0.52308591,USDT
2026-04-03T13:00:00Z,LINK/USDT,stop_sell,8.68565500,60.09476962,0.52196244,USDT
2026-04-04T05:30:00Z,LINK/USDT,buy,8.66433000,60.49109809,0.52411484,USDT
2026-04-04T08:00:00Z,LINK/USDT,stop_sell,8.64567500,60.49109809,0.52298637,USDT
2026-04-04T08:15:00Z,LINK/USDT,buy,8.67433500,60.40125311,0.52394070,USDT
2026-04-04T11:15:00Z,LINK/USDT,stop_sell,8.66031054,60.40125311,0.52309361,USDT
2026-04-04T16:15:00Z,LINK/USDT,buy,8.70435000,60.17555565,0.52378910,USDT
2026-04-04T17:15:00Z,LINK/USDT,sell,8.67566000,60.17555565,0.52206266,USDT
2026-04-05T15:30:00Z,LINK/USDT,buy,8.64432000,60.84948268,0.52600240,USDT
2026-04-05T21:15:00Z,LINK/USDT,sell,8.61569000,60.84948268,0.52426028,USDT
2026-04-05T23:30:00Z,LINK/USDT,buy,8.81440500,59.5087782,0.52453447,USDT
2026-04-06T03:30:00Z,LINK/USDT,sell,8.94552500,59.5087782,0.53233726,USDT
2026-04-06T08:30:00Z,LINK/USDT,buy,8.99449500,58.30978106,0.52446703,USDT
2026-04-06T12:15:00Z,LINK/USDT,sell,9.04547500,58.30978106,0.52743967,USDT
2026-04-07T09:30:00Z,LINK/USDT,buy,8.88444000,58.98372658,0.52403738,USDT
2026-04-07T10:00:00Z,LINK/USDT,stop_sell,8.82558500,58.98372658,0.52056589,USDT
2026-04-07T17:45:00Z,LINK/USDT,buy,8.68434000,60.16255227,0.52247206,USDT
2026-04-07T18:30:00Z,LINK/USDT,stop_sell,8.64567500,60.16255227,0.52014587,USDT
2026-04-07T20:00:00Z,LINK/USDT,buy,8.75437500,59.85637306,0.52400514,USDT
2026-04-08T03:00:00Z,LINK/USDT,sell,9.20539500,59.85637306,0.55100156,USDT
2026-04-08T13:15:00Z,LINK/USDT,buy,9.24462000,56.84181967,0.52548102,USDT
2026-04-08T13:30:00Z,LINK/USDT,stop_sell,9.18540500,56.84181967,0.52211513,USDT
2026-04-09T06:15:00Z,LINK/USDT,buy,8.78439000,59.77965091,0.52512777,USDT
2026-04-09T07:45:00Z,LINK/USDT,stop_sell,8.74562500,59.77965091,0.52281041,USDT
2026-04-09T13:30:00Z,LINK/USDT,buy,8.78439000,59.74898761,0.52485841,USDT
2026-04-09T13:30:00Z,LINK/USDT,stop_sell,8.76704286,59.74898761,0.52382194,USDT
2026-04-09T15:30:00Z,LINK/USDT,buy,8.86443000,59.39176658,0.52647416,USDT
2026-04-09T21:30:00Z,LINK/USDT,sell,9.00549500,59.39176658,0.53485226,USDT
2026-04-09T22:30:00Z,LINK/USDT,buy,9.12456000,57.56739482,0.52527715,USDT
2026-04-09T22:45:00Z,LINK/USDT,stop_sell,9.06546500,57.56739482,0.52187520,USDT
2026-04-10T11:45:00Z,LINK/USDT,buy,8.99449500,58.29541255,0.52433780,USDT
2026-04-10T15:45:00Z,LINK/USDT,sell,9.05547000,58.29541255,0.52789236,USDT
2026-04-11T16:30:00Z,LINK/USDT,buy,9.07453500,57.99545851,0.52628182,USDT
2026-04-11T18:15:00Z,LINK/USDT,sell,9.05547000,57.99545851,0.52517613,USDT
2026-04-13T14:45:00Z,LINK/USDT,buy,8.91445500,59.15291186,0.52731597,USDT
2026-04-13T15:30:00Z,LINK/USDT,stop_sell,8.80559500,59.15291186,0.52087658,USDT
2026-04-13T22:15:00Z,LINK/USDT,buy,9.17458500,57.33996958,0.52607042,USDT
2026-04-14T00:45:00Z,LINK/USDT,sell,9.28535500,57.33996958,0.53242197,USDT
2026-04-14T14:00:00Z,LINK/USDT,buy,9.23461500,56.70386664,0.52363838,USDT
2026-04-14T14:00:00Z,LINK/USDT,stop_sell,9.21539000,56.70386664,0.52254825,USDT
2026-04-15T00:30:00Z,LINK/USDT,buy,9.08454000,57.81034851,0.52518042,USDT
2026-04-15T06:00:00Z,LINK/USDT,stop_sell,9.03548000,57.81034851,0.52234425,USDT
2026-04-15T12:00:00Z,LINK/USDT,buy,9.11455500,57.45933826,0.52371630,USDT
