ts,symbol,side,price,qty,fee,fee_currency
2023-01-02T15:00:00Z,LINK/USDT,buy,5.26753645,151.9495892,0.80040000,USDT
2023-01-03T13:00:00Z,LINK/USDT,sell,5.44784571,151.9495892,0.82779792,USDT
2023-01-04T11:00:00Z,LINK/USDT,buy,5.51179152,145.59015988,0.80246261,USDT
2023-01-04T18:00:00Z,LINK/USDT,sell,5.46819853,145.59015988,0.79611590,USDT
2023-01-05T00:00:00Z,LINK/USDT,buy,5.52442283,145.14216091,0.80182667,USDT
2023-01-05T03:00:00Z,LINK/USDT,sell,5.52231646,145.14216091,0.80152094,USDT
2023-01-07T20:00:00Z,LINK/USDT,buy,5.60889204,142.92909528,0.80167386,USDT
2023-01-07T21:00:00Z,LINK/USDT,sell,5.51105310,142.92909528,0.78768983,USDT
2023-01-08T21:00:00Z,LINK/USDT,buy,5.46000964,146.59816074,0.80042737,USDT
2023-01-08T22:00:00Z,LINK/USDT,sell,5.43230049,146.59816074,0.79636526,USDT
2023-01-09T00:00:00Z,LINK/USDT,buy,5.47528427,146.1064654,0.79997443,USDT
2023-01-09T03:00:00Z,LINK/USDT,stop_sell,5.35797303,146.1064654,0.78283450,USDT
2023-01-14T06:00:00Z,LINK/USDT,buy,4.43001990,180.24204896,0.79847586,USDT
2023-01-14T11:00:00Z,LINK/USDT,sell,4.37049366,180.24204896,0.78774673,USDT
2023-01-14T12:00:00Z,LINK/USDT,buy,4.44190784,179.53775074,0.79749014,USDT
2023-01-14T18:00:00Z,LINK/USDT,sell,4.37138821,179.53775074,0.78482921,USDT
2023-01-15T00:00:00Z,LINK/USDT,buy,4.49106841,177.31863337,0.79635011,USDT
2023-01-15T03:00:00Z,LINK/USDT,sell,4.48884845,177.31863337,0.79595647,USDT
2023-01-15T05:00:00Z,LINK/USDT,buy,4.51185880,176.46632861,0.79619116,USDT
2023-01-15T08:00:00Z,LINK/USDT,sell,4.50216779,176.46632861,0.79448102,USDT
2023-01-15T11:00:00Z,LINK/USDT,buy,4.57514743,173.96750013,0.79592696,USDT
2023-01-15T13:00:00Z,LINK/USDT,stop_sell,4.49305392,173.96750013,0.78164536,USDT
2023-01-15T14:00:00Z,LINK/USDT,buy,4.49155265,176.92269335,0.79465759,USDT
2023-01-15T15:00:00Z,LINK/USDT,stop_sell,4.39851710,176.92269335,0.77819749,USDT
2023-01-16T09:00:00Z,LINK/USDT,buy,4.59527249,172.61527737,0.79321424,USDT
2023-01-16T12:00:00Z,LINK/USDT,stop_sell,4.48923683,172.61527737,0.77491086,USDT
2023-01-16T16:00:00Z,LINK/USDT,buy,4.55407390,173.82759653,0.79162372,USDT
2023-01-17T04:00:00Z,LINK/USDT,sell,4.49717629,173.82759653,0.78173335,USDT
2023-01-17T06:00:00Z,LINK/USDT,buy,4.64062815,170.38774425,0.79070616,USDT
2023-01-18T13:00:00Z,LINK/USDT,sell,4.83945106,170.38774425,0.82458315,USDT
2023-01-18T14:00:00Z,LINK/USDT,buy,4.91418086,161.42840723,0.79328839,USDT
2023-01-18T15:00:00Z,LINK/USDT,sell,4.84105526,161.42840723,0.78148384,USDT
2023-01-19T14:00:00Z,LINK/USDT,buy,4.90567561,161.48999062,0.79221751,USDT
2023-01-19T20:00:00Z,LINK/USDT,sell,4.92263345,161.48999062,0.79495603,USDT
2023-01-19T21:00:00Z,LINK/USDT,buy,4.93978966,160.39340072,0.79230966,USDT
2023-01-20T13:00:00Z,LINK/USDT,sell,4.98560995,160.39340072,0.79965893,USDT
2023-01-20T15:00:00Z,LINK/USDT,buy,5.00416683,158.42207175,0.79277048,USDT
2023-01-20T16:00:00Z,LINK/USDT,sell,4.93561096,158.42207175,0.78190971,USDT
2023-01-27T03:00:00Z,LINK/USDT,buy,4.47035406,177.11687565,0.79177514,USDT
2023-01-27T05:00:00Z,LINK/USDT,stop_sell,4.38171055,177.11687565,0.77607488,USDT
2023-01-30T14:00:00Z,LINK/USDT,buy,3.82303156,206.74509012,0.79039300,USDT
2023-01-31T11:00:00Z,LINK/USDT,sell,4.04325036,206.74509012,0.83592216,USDT
2023-01-31T12:00:00Z,LINK/USDT,buy,4.10391293,193.45122599,0.79390699,USDT
2023-01-31T14:00:00Z,LINK/USDT,sell,4.11598698,193.45122599,0.79624273,USDT
2023-01-31T16:00:00Z,LINK/USDT,buy,4.10778387,193.2834567,0.79396667,USDT
2023-01-31T19:00:00Z,LINK/USDT,sell,4.08380508,193.2834567,0.78933196,USDT
2023-01-31T20:00:00Z,LINK/USDT,buy,4.10037216,193.51145329,0.79346898,USDT
2023-01-31T21:00:00Z,LINK/USDT,stop_sell,4.01684978,193.51145329,0.77730644,USDT
2023-02-01T17:00:00Z,LINK/USDT,buy,4.06015706,195.07856204,0.79204960,USDT
2023-02-01T20:00:00Z,LINK/USDT,sell,4.07922637,195.07856204,0.79576961,USDT
2023-02-02T02:00:00Z,LINK/USDT,buy,4.11884539,192.34037378,0.79222026,USDT
2023-02-02T04:00:00Z,LINK/USDT,stop_sell,4.03934321,192.34037378,0.77692878,USDT
2023-02-03T13:00:00Z,LINK/USDT,buy,3.92653429,201.41699531,0.79087074,USDT
2023-02-03T14:00:00Z,LINK/USDT,sell,3.90886959,201.41699531,0.78731277,USDT
2023-02-03T15:00:00Z,LINK/USDT,buy,3.94784394,200.22565557,0.79045964,USDT
2023-02-05T06:00:00Z,LINK/USDT,sell,4.20640774,200.22565557,0.84223075,USDT
2023-02-05T07:00:00Z,LINK/USDT,buy,4.14913553,191.47909557,0.79447272,USDT
2023-02-05T09:00:00Z,LINK/USDT,sell,4.13777308,191.47909557,0.79229705,USDT
2023-02-09T11:00:00Z,LINK/USDT,buy,3.82359484,207.7028571,0.79417157,USDT
2023-02-09T12:00:00Z,LINK/USDT,sell,3.76546932,207.7028571,0.78209874,USDT
2023-02-10T06:00:00Z,LINK/USDT,buy,3.83713761,206.68508121,0.79307910,USDT
2023-02-11T12:00:00Z,LINK/USDT,sell,4.16664663,206.68508121,0.86118370,USDT
2023-02-12T07:00:00Z,LINK/USDT,buy,4.19149070,190.48062872,0.79839778,USDT
2023-02-12T10:00:00Z,LINK/USDT,stop_sell,4.08645993,190.48062872,0.77839146,USDT
2023-02-15T13:00:00Z,LINK/USDT,buy,3.70242629,215.17518752,0.79667027,USDT
2023-02-15T17:00:00Z,LINK/USDT,sell,3.67914051,215.17518752,0.79165975,USDT
2023-02-17T00:00:00Z,LINK/USDT,buy,3.56218820,223.49804476,0.79614210,USDT
2023-02-17T03:00:00Z,LINK/USDT,sell,3.53961031,223.49804476,0.79109598,USDT
2023-02-17T04:00:00Z,LINK/USDT,buy,3.56631527,223.09053062,0.79561117,USDT
2023-02-17T05:00:00Z,LINK/USDT,stop_sell,3.46962375,223.09053062,0.77404020,USDT
2023-02-18T03:00:00Z,LINK/USDT,buy,3.45067247,230.03023219,0.79375899,USDT
2023-02-18T07:00:00Z,LINK/USDT,stop_sell,3.37720126,230.03023219,0.77685839,USDT
2023-02-18T08:00:00Z,LINK/USDT,buy,3.39951991,233.05660066,0.79228055,USDT
2023-02-18T09:00:00Z,LINK/USDT,sell,3.39420505,233.05660066,0.79104189,USDT
2023-02-18T11:00:00Z,LINK/USDT,buy,3.43206317,230.78091583,0.79205468,USDT
2023-02-18T12:00:00Z,LINK/USDT,sell,3.40488970,230.78091583,0.78578356,USDT
2023-02-19T20:00:00Z,LINK/USDT,buy,3.36206119,235.39918138,0.79142645,USDT
2023-02-20T04:00:00Z,LINK/USDT,stop_sell,3.27636061,235.39918138,0.77125261,USDT
2023-02-20T05:00:00Z,LINK/USDT,buy,3.25724081,242.44036822,0.78968666,USDT
2023-02-20T11:00:00Z,LINK/USDT,sell,3.24064787,242.44036822,0.78566386,USDT
2023-02-20T22:00:00Z,LINK/USDT,buy,3.35249841,235.41803389,0.78923858,USDT
2023-02-21T13:00:00Z,LINK/USDT,sell,3.36660186,235.41803389,0.79255879,USDT
2023-02-21T14:00:00Z,LINK/USDT,buy,3.38479355,233.21296115,0.78937773,USDT
2023-02-22T02:00:00Z,LINK/USDT,sell,3.51842591,233.21296115,0.82054253,USDT
2023-02-22T04:00:00Z,LINK/USDT,buy,3.46388308,228.57102333,0.79174330,USDT
2023-02-22T13:00:00Z,LINK/USDT,sell,3.42778525,228.57102333,0.78349238,USDT
2023-02-23T15:00:00Z,LINK/USDT,buy,3.60372296,219.48324624,0.79095681,USDT
2023-02-23T19:00:00Z,LINK/USDT,stop_sell,3.51133534,219.48324624,0.77067928,USDT
2023-02-23T20:00:00Z,LINK/USDT,buy,3.54526675,222.60914707,0.78920881,USDT
2023-02-24T10:00:00Z,LINK/USDT,sell,3.57374923,222.60914707,0.79554927,USDT
2023-02-24T11:00:00Z,LINK/USDT,buy,3.54937280,222.45886748,0.78958945,USDT
2023-02-24T12:00:00Z,LINK/USDT,sell,3.52315254,222.45886748,0.78375652,USDT
2023-02-25T17:00:00Z,LINK/USDT,buy,3.54294259,222.69529799,0.78899666,USDT
2023-02-25T22:00:00Z,LINK/USDT,stop_sell,3.45745370,222.69529799,0.76995868,USDT
2023-02-25T23:00:00Z,LINK/USDT,buy,3.47073950,226.85311766,0.78734808,USDT
2023-02-26T02:00:00Z,LINK/USDT,sell,3.41032898,226.85311766,0.77364376,USDT
2023-02-26T06:00:00Z,LINK/USDT,buy,3.46240034,227.04660511,0.78612624,USDT
2023-02-26T08:00:00Z,LINK/USDT,stop_sell,3.38513876,227.04660511,0.76858426,USDT
2023-03-02T13:00:00Z,LINK/USDT,buy,3.20257249,244.98984674,0.78459774,USDT
2023-03-02T16:00:00Z,LINK/USDT,sell,3.14006718,244.98984674,0.76928458,USDT
2023-03-03T01:00:00Z,LINK/USDT,buy,3.21969004,243.26804571,0.78324770,USDT
2023-03-03T05:00:00Z,LINK/USDT,sell,3.18696072,243.26804571,0.77528571,USDT
2023-03-03T06:00:00Z,LINK/USDT,buy,3.20431336,244.19761544,0.78248568,USDT
2023-03-05T04:00:00Z,LINK/USDT,sell,3.37626202,244.19761544,0.82447513,USDT
2023-03-06T11:00:00Z,LINK/USDT,buy,3.36983708,233.16198305,0.78571790,USDT
2023-03-06T18:00:00Z,LINK/USDT,stop_sell,3.30186603,233.16198305,0.76986963,USDT
2023-03-09T07:00:00Z,LINK/USDT,buy,3.00738894,260.79928663,0.78432489,USDT
2023-03-10T05:00:00Z,LINK/USDT,sell,2.97506772,260.79928663,0.77589554,USDT
2023-03-20T02:00:00Z,LINK/USDT,buy,2.01067584,389.68256932,0.78352533,USDT
2023-03-20T12:00:00Z,LINK/USDT,sell,2.05821238,389.68256932,0.80204949,USDT
2023-03-20T22:00:00Z,LINK/USDT,buy,2.12870282,368.71332292,0.78488109,USDT
2023-03-21T11:00:00Z,LINK/USDT,sell,2.09347774,368.71332292,0.77189313,USDT
2023-03-23T03:00:00Z,LINK/USDT,buy,2.13374034,367.29723682,0.78371693,USDT
2023-03-23T04:00:00Z,LINK/USDT,stop_sell,2.09038397,367.29723682,0.76779226,USDT
2023-03-23T12:00:00Z,LINK/USDT,buy,2.08889493,374.51291903,0.78231814,USDT
2023-03-23T15:00:00Z,LINK/USDT,sell,2.07761567,374.51291903,0.77809391,USDT
2023-03-23T18:00:00Z,LINK/USDT,buy,2.13258476,366.6232397,0.78185513,USDT
2023-03-23T20:00:00Z,LINK/USDT,sell,2.10635929,366.6232397,0.77224027,USDT
2023-03-24T00:00:00Z,LINK/USDT,buy,2.13685189,365.47276517,0.78096117,USDT
2023-03-24T01:00:00Z,LINK/USDT,stop_sell,2.08814502,365.47276517,0.76316013,USDT
2023-03-24T02:00:00Z,LINK/USDT,buy,2.09268582,372.44615317,0.77941278,USDT
2023-03-24T06:00:00Z,LINK/USDT,sell,2.06595950,372.44615317,0.76945867,USDT
2023-03-26T04:00:00Z,LINK/USDT,buy,1.99008154,391.18602298,0.77849208,USDT
2023-03-26T07:00:00Z,LINK/USDT,stop_sell,1.94802896,391.18602298,0.76204170,USDT
2023-03-26T08:00:00Z,LINK/USDT,buy,1.92883093,402.86169102,0.77705209,USDT
2023-03-26T10:00:00Z,LINK/USDT,sell,1.91201551,402.86169102,0.77027780,USDT
2023-03-27T07:00:00Z,LINK/USDT,buy,1.91636270,405.13522216,0.77638603,USDT
2023-03-27T18:00:00Z,LINK/USDT,sell,1.93658322,405.13522216,0.78457807,USDT
2023-03-30T07:00:00Z,LINK/USDT,buy,1.79032472,433.95299993,0.77691678,USDT
2023-03-30T11:00:00Z,LINK/USDT,sell,1.74804154,433.95299993,0.75856787,USDT
2023-04-03T16:00:00Z,LINK/USDT,buy,1.69183249,458.27541244,0.77532523,USDT
2023-04-04T14:00:00Z,LINK/USDT,sell,1.77177867,458.27541244,0.81196260,USDT
2023-04-05T06:00:00Z,LINK/USDT,buy,1.87199353,415.66951496,0.77813064,USDT
2023-04-05T11:00:00Z,LINK/USDT,stop_sell,1.82551325,415.66951496,0.75881021,USDT
2023-04-05T13:00:00Z,LINK/USDT,buy,1.83456783,423.23930847,0.77646122,USDT
2023-04-05T17:00:00Z,LINK/USDT,sell,1.80777266,423.23930847,0.76512045,USDT
2023-04-07T01:00:00Z,LINK/USDT,buy,1.80952031,428.52799773,0.77543012,USDT
2023-04-07T04:00:00Z,LINK/USDT,sell,1.78475518,428.52799773,0.76481756,USDT
2023-04-07T06:00:00Z,LINK/USDT,buy,1.79507109,431.43550693,0.77445741,USDT
2023-04-07T08:00:00Z,LINK/USDT,stop_sell,1.75695662,431.43550693,0.75801347,USDT
2023-04-07T10:00:00Z,LINK/USDT,buy,1.75505409,440.45284865,0.77301857,USDT
2023-04-07T11:00:00Z,LINK/USDT,sell,1.75783264,440.45284865,0.77424239,USDT
2023-04-07T13:00:00Z,LINK/USDT,buy,1.76636674,437.61732275,0.77299268,USDT
2023-04-07T14:00:00Z,LINK/USDT,sell,1.75069322,437.61732275,0.76613368,USDT
2023-04-08T04:00:00Z,LINK/USDT,buy,1.76130521,438.49327919,0.77232050,USDT
2023-04-08T05:00:00Z,LINK/USDT,sell,1.74892210,438.49327919,0.76689059,USDT
2023-04-08T09:00:00Z,LINK/USDT,buy,1.78156134,433.19456614,0.77176269,USDT
2023-04-09T23:00:00Z,LINK/USDT,sell,1.82574667,433.19456614,0.79090354,USDT
2023-04-10T04:00:00Z,LINK/USDT,buy,1.85314611,417.22001467,0.77316965,USDT
2023-04-11T08:00:00Z,LINK/USDT,sell,1.98705697,417.22001467,0.82903994,USDT
2023-04-11T09:00:00Z,LINK/USDT,buy,1.98631266,391.43548752,0.77751326,USDT
2023-04-13T05:00:00Z,LINK/USDT,sell,2.20384553,391.43548752,0.86266335,USDT
2023-04-14T02:00:00Z,LINK/USDT,buy,2.27016552,345.43622135,0.78419740,USDT
2023-04-14T05:00:00Z,LINK/USDT,sell,2.21814038,345.43622135,0.76622603,USDT
2023-04-16T05:00:00Z,LINK/USDT,buy,2.21835362,352.79987167,0.78263487,USDT
2023-04-16T05:00:00Z,LINK/USDT,stop_sell,2.16561733,352.79987167,0.76402952,USDT
2023-04-18T05:00:00Z,LINK/USDT,buy,2.49254765,313.34281825,0.78102191,USDT
2023-04-19T01:00:00Z,LINK/USDT,sell,2.49054810,313.34281825,0.78039536,USDT
2023-04-21T06:00:00Z,LINK/USDT,buy,2.36944313,329.54864854,0.78084678,USDT
2023-04-23T02:00:00Z,LINK/USDT,sell,2.49745665,329.54864854,0.82303346,USDT
2023-04-24T00:00:00Z,LINK/USDT,buy,2.62037153,299.23047909,0.78409503,USDT
2023-04-25T20:00:00Z,LINK/USDT,sell,2.80146557,299.23047909,0.83828388,USDT
2023-04-25T22:00:00Z,LINK/USDT,buy,2.81470265,280.06597785,0.78830245,USDT
2023-04-26T02:00:00Z,LINK/USDT,sell,2.83285986,280.06597785,0.79338767,USDT
2023-04-26T03:00:00Z,LINK/USDT,buy,2.84796727,276.89323522,0.78858287,USDT
2023-04-26T08:00:00Z,LINK/USDT,sell,2.89602126,276.89323522,0.80188870,USDT
2023-04-26T09:00:00Z,LINK/USDT,buy,2.89635345,272.59123634,0.78952057,USDT
2023-04-26T11:00:00Z,LINK/USDT,sell,2.85184636,272.59123634,0.77738833,USDT
2023-04-26T15:00:00Z,LINK/USDT,buy,2.82397528,279.18944388,0.78842409,USDT
2023-04-26T18:00:00Z,LINK/USDT,sell,2.80780839,279.18944388,0.78391046,USDT
2023-04-28T00:00:00Z,LINK/USDT,buy,2.90702679,271.04565112,0.78793697,USDT
2023-04-29T16:00:00Z,LINK/USDT,sell,3.19852994,271.04565112,0.86694763,USDT
2023-04-29T17:00:00Z,LINK/USDT,buy,3.28835936,241.49687982,0.79412853,USDT
2023-04-30T00:00:00Z,LINK/USDT,sell,3.31588923,241.49687982,0.80077690,USDT
2023-05-01T01:00:00Z,LINK/USDT,buy,3.30970703,240.06143088,0.79453301,USDT
2023-05-01T03:00:00Z,LINK/USDT,sell,3.29146544,240.06143088,0.79015390,USDT
2023-05-02T17:00:00Z,LINK/USDT,buy,3.14255749,252.67816565,0.79405566,USDT
2023-05-03T00:00:00Z,LINK/USDT,sell,3.09640702,252.67816565,0.78239445,USDT
2023-05-06T02:00:00Z,LINK/USDT,buy,3.01557904,262.96645209,0.79299612,USDT
2023-05-06T12:00:00Z,LINK/USDT,stop_sell,2.94533324,262.96645209,0.77452383,USDT
2023-05-07T13:00:00Z,LINK/USDT,buy,2.91591823,271.40408998,0.79139213,USDT
2023-05-08T12:00:00Z,LINK/USDT,sell,3.02123063,271.40408998,0.81997435,USDT
2023-05-09T06:00:00Z,LINK/USDT,buy,3.08875260,256.91629672,0.79355088,USDT
2023-05-09T06:00:00Z,LINK/USDT,stop_sell,3.01627957,256.91629672,0.77493138,USDT
2023-05-09T07:00:00Z,LINK/USDT,buy,3.04486567,260.08866059,0.79193503,USDT
2023-05-10T12:00:00Z,LINK/USDT,sell,3.16346748,260.08866059,0.82278202,USDT
2023-05-10T23:00:00Z,LINK/USDT,buy,3.18827234,249.12388295,0.79427479,USDT
2023-05-11T00:00:00Z,LINK/USDT,sell,3.18262389,249.12388295,0.79286762,USDT
2023-05-11T01:00:00Z,LINK/USDT,buy,3.18607724,249.22029832,0.79403512,USDT
2023-05-11T02:00:00Z,LINK/USDT,sell,3.15926058,249.22029832,0.78735186,USDT
2023-05-11T03:00:00Z,LINK/USDT,buy,3.18556699,249.05256174,0.79337362,USDT
2023-05-11T05:00:00Z,LINK/USDT,sell,3.16334154,249.05256174,0.78783831,USDT
2023-05-13T03:00:00Z,LINK/USDT,buy,3.06567207,258.60692034,0.79280401,USDT
2023-05-13T21:00:00Z,LINK/USDT,sell,3.10830807,258.60692034,0.80382998,USDT
2023-05-13T23:00:00Z,LINK/USDT,buy,3.08968407,256.84138521,0.79355874,USDT
2023-05-14T01:00:00Z,LINK/USDT,sell,3.05507770,256.84138521,0.78467039,USDT
2023-05-15T13:00:00Z,LINK/USDT,buy,3.18744693,248.70092263,0.79272099,USDT
2023-05-16T05:00:00Z,LINK/USDT,sell,3.22483777,248.70092263,0.80202013,USDT
2023-05-16T10:00:00Z,LINK/USDT,buy,3.26003220,243.35270401,0.79333765,USDT
2023-05-16T13:00:00Z,LINK/USDT,sell,3.25840898,243.35270401,0.79294264,USDT
2023-05-16T15:00:00Z,LINK/USDT,buy,3.28398317,241.52957771,0.79317907,USDT
2023-05-16T15:00:00Z,LINK/USDT,stop_sell,3.22616700,241.52957771,0.77921475,USDT
2023-05-17T00:00:00Z,LINK/USDT,buy,3.25040339,243.64222388,0.79193551,USDT
2023-05-17T01:00:00Z,LINK/USDT,sell,3.22338250,243.64222388,0.78535208,USDT
2023-05-17T14:00:00Z,LINK/USDT,buy,3.21489765,246.12986594,0.79128233,USDT
2023-05-17T16:00:00Z,LINK/USDT,sell,3.16176832,246.12986594,0.77820561,USDT
2023-05-22T02:00:00Z,LINK/USDT,buy,2.74742403,287.58212679,0.79011005,USDT
2023-05-22T03:00:00Z,LINK/USDT,sell,2.71271996,287.58212679,0.78012978,USDT
2023-05-22T04:00:00Z,LINK/USDT,buy,2.69325295,293.02317875,0.78918554,USDT
2023-05-22T05:00:00Z,LINK/USDT,sell,2.69719373,293.02317875,0.79034028,USDT
2023-05-23T18:00:00Z,LINK/USDT,buy,2.97005428,265.70273336,0.78915154,USDT
2023-05-23T23:00:00Z,LINK/USDT,stop_sell,2.90288879,265.70273336,0.77130549,USDT
2023-05-24T00:00:00Z,LINK/USDT,buy,2.89093274,272.4374153,0.78759824,USDT
2023-05-24T05:00:00Z,LINK/USDT,sell,2.91321766,272.4374153,0.79366949,USDT
2023-05-24T07:00:00Z,LINK/USDT,buy,2.92541898,269.34863971,0.78795762,USDT
2023-05-24T09:00:00Z,LINK/USDT,sell,2.96596428,269.34863971,0.79887844,USDT
2023-05-24T11:00:00Z,LINK/USDT,buy,2.99988119,262.91198364,0.78870471,USDT
2023-05-24T15:00:00Z,LINK/USDT,sell,3.02389730,262.91198364,0.79501884,USDT
2023-05-24T19:00:00Z,LINK/USDT,buy,3.04352900,259.26591623,0.78908333,USDT
2023-05-25T15:00:00Z,LINK/USDT,sell,3.05071588,259.26591623,0.79094665,USDT
2023-05-25T20:00:00Z,LINK/USDT,buy,3.16051447,249.67644284,0.78910601,USDT
2023-05-25T23:00:00Z,LINK/USDT,sell,3.09242601,249.67644284,0.77210593,USDT
2023-05-26T03:00:00Z,LINK/USDT,buy,3.15100171,249.95872273,0.78762036,USDT
2023-05-27T08:00:00Z,LINK/USDT,sell,3.15860291,249.95872273,0.78952035,USDT
2023-05-27T09:00:00Z,LINK/USDT,buy,3.17508275,248.0710793,0.78764620,USDT
2023-05-27T09:00:00Z,LINK/USDT,stop_sell,3.09828483,248.0710793,0.76859486,USDT
2023-05-31T08:00:00Z,LINK/USDT,buy,2.90630242,270.4456241,0.78599677,USDT
2023-05-31T10:00:00Z,LINK/USDT,sell,2.87342557,270.4456241,0.77710537,USDT
2023-05-31T14:00:00Z,LINK/USDT,buy,2.90555505,270.22719613,0.78515999,USDT
2023-05-31T14:00:00Z,LINK/USDT,stop_sell,2.85035882,270.22719613,0.77024447,USDT
2023-05-31T15:00:00Z,LINK/USDT,buy,2.86756907,273.34709059,0.78384166,USDT
2023-05-31T17:00:00Z,LINK/USDT,sell,2.84897280,273.34709059,0.77875843,USDT
2023-06-02T06:00:00Z,LINK/USDT,buy,2.70651258,289.41662227,0.78330973,USDT
2023-06-02T07:00:00Z,LINK/USDT,sell,2.66224621,289.41662227,0.77049831,USDT
2023-06-02T10:00:00Z,LINK/USDT,buy,2.68620043,291.17705719,0.78215994,USDT
2023-06-02T16:00:00Z,LINK/USDT,sell,2.66811627,291.17705719,0.77689424,USDT
2023-06-03T15:00:00Z,LINK/USDT,buy,2.63376322,296.76687571,0.78161368,USDT
2023-06-03T17:00:00Z,LINK/USDT,sell,2.63821123,296.76687571,0.78293370,USDT
2023-06-04T18:00:00Z,LINK/USDT,buy,2.68521194,291.07352802,0.78159411,USDT
2023-06-05T17:00:00Z,LINK/USDT,sell,2.68519173,291.07352802,0.78158823,USDT
2023-06-06T16:00:00Z,LINK/USDT,buy,2.84365412,274.81138402,0.78146852,USDT
2023-06-09T00:00:00Z,LINK/USDT,sell,3.23097370,274.81138402,0.88790835,USDT
2023-06-09T04:00:00Z,LINK/USDT,buy,3.24946392,243.07220204,0.78985435,USDT
2023-06-09T06:00:00Z,LINK/USDT,sell,3.19775832,243.07220204,0.77728616,USDT
2023-06-10T02:00:00Z,LINK/USDT,buy,3.24167603,243.30715084,0.78872296,USDT
2023-06-10T02:00:00Z,LINK/USDT,stop_sell,3.17185985,243.30715084,0.77173618,USDT
2023-06-11T01:00:00Z,LINK/USDT,buy,3.18742191,246.98281519,0.78723844,USDT
2023-06-11T19:00:00Z,LINK/USDT,sell,3.17365338,246.98281519,0.78383785,USDT
2023-06-13T11:00:00Z,LINK/USDT,buy,3.36363698,233.92551294,0.78684051,USDT
2023-06-14T02:00:00Z,LINK/USDT,sell,3.38208111,233.92551294,0.79115506,USDT
2023-06-15T18:00:00Z,LINK/USDT,buy,3.34217725,235.4930573,0.78705954,USDT
2023-06-15T19:00:00Z,LINK/USDT,sell,3.30307564,235.4930573,0.77785138,USDT
2023-06-16T03:00:00Z,LINK/USDT,buy,3.32014624,236.79597385,0.78619726,USDT
2023-06-16T06:00:00Z,LINK/USDT,sell,3.35174229,236.79597385,0.79367908,USDT
2023-06-16T19:00:00Z,LINK/USDT,buy,3.36545389,233.74845743,0.78666966,USDT
2023-06-16T20:00:00Z,LINK/USDT,sell,3.33386723,233.74845743,0.77928632,USDT
2023-06-17T04:00:00Z,LINK/USDT,buy,3.32451943,236.41111749,0.78595335,USDT
2023-06-17T04:00:00Z,LINK/USDT,stop_sell,3.23913341,236.41111749,0.76576715,USDT
2023-06-18T13:00:00Z,LINK/USDT,buy,3.17263953,247.18012971,0.78421345,USDT
2023-06-19T20:00:00Z,LINK/USDT,sell,3.34211311,247.18012971,0.82610395,USDT
2023-06-20T00:00:00Z,LINK/USDT,buy,3.43085257,229.5165589,0.78743748,USDT
2023-06-20T04:00:00Z,LINK/USDT,sell,3.36663884,229.5165589,0.77269936,USDT
2023-06-20T09:00:00Z,LINK/USDT,buy,3.42792110,229.33228037,0.78613296,USDT
2023-06-20T19:00:00Z,LINK/USDT,sell,3.39405912,229.33228037,0.77836732,USDT
2023-06-21T21:00:00Z,LINK/USDT,buy,3.57706664,219.56151731,0.78538618,USDT
2023-06-22T10:00:00Z,LINK/USDT,stop_sell,3.49752275,219.56151731,0.76792140,USDT
2023-06-22T11:00:00Z,LINK/USDT,buy,3.50733279,223.49289854,0.78386397,USDT
2023-06-22T15:00:00Z,LINK/USDT,sell,3.51427698,223.49289854,0.78541595,USDT
2023-06-28T01:00:00Z,LINK/USDT,buy,2.99254052,261.93883778,0.78386259,USDT
2023-06-28T08:00:00Z,LINK/USDT,stop_sell,2.90912007,261.93883778,0.76201153,USDT
2023-06-28T09:00:00Z,LINK/USDT,buy,2.95048951,265.03734184,0.78198990,USDT
2023-06-28T16:00:00Z,LINK/USDT,sell,2.92845404,265.03734184,0.77614967,USDT
2023-06-29T16:00:00Z,LINK/USDT,buy,3.10710378,251.48749053,0.78139773,USDT
2023-06-30T11:00:00Z,LINK/USDT,sell,3.08900672,251.48749053,0.77684655,USDT
2023-06-30T12:00:00Z,LINK/USDT,buy,3.10244545,251.70748233,0.78090873,USDT
2023-06-30T14:00:00Z,LINK/USDT,sell,3.10411017,251.70748233,0.78132776,USDT
2023-06-30T15:00:00Z,LINK/USDT,buy,3.14471857,248.29478745,0.78081723,USDT
2023-06-30T16:00:00Z,LINK/USDT,sell,3.13547048,248.29478745,0.77852098,USDT
2023-07-01T16:00:00Z,LINK/USDT,buy,3.07533790,253.79605545,0.78050863,USDT
2023-07-02T13:00:00Z,LINK/USDT,sell,3.10729558,253.79605545,0.78861936,USDT
2023-07-02T15:00:00Z,LINK/USDT,buy,3.21500870,242.93315852,0.78103222,USDT
2023-07-03T13:00:00Z,LINK/USDT,sell,3.38894468,242.93315852,0.82328704,USDT
2023-07-07T10:00:00Z,LINK/USDT,buy,3.02191520,259.53272401,0.78428588,USDT
2023-07-07T17:00:00Z,LINK/USDT,stop_sell,2.93690199,259.53272401,0.76222217,USDT
2023-07-07T18:00:00Z,LINK/USDT,buy,2.96449951,263.92182559,0.78239612,USDT
2023-07-07T19:00:00Z,LINK/USDT,sell,2.96186832,263.92182559,0.78170169,USDT
2023-07-08T14:00:00Z,LINK/USDT,buy,2.97686069,262.76518531,0.78221535,USDT
2023-07-08T15:00:00Z,LINK/USDT,sell,2.93001826,262.76518531,0.76990679,USDT
2023-07-08T17:00:00Z,LINK/USDT,buy,3.00313682,260.09668833,0.78110594,USDT
2023-07-08T19:00:00Z,LINK/USDT,stop_sell,2.93397746,260.09668833,0.76311782,USDT
2023-07-08T20:00:00Z,LINK/USDT,buy,2.93611732,265.5011656,0.77954257,USDT
2023-07-08T21:00:00Z,LINK/USDT,stop_sell,2.86092428,265.5011656,0.75957873,USDT
2023-07-09T19:00:00Z,LINK/USDT,buy,2.76769416,281.03592067,0.77782148,USDT
2023-07-10T08:00:00Z,LINK/USDT,sell,2.74135364,281.03592067,0.77041884,USDT
2023-07-10T09:00:00Z,LINK/USDT,buy,2.75122092,282.45825,0.77710505,USDT
2023-07-10T12:00:00Z,LINK/USDT,sell,2.75871195,282.45825,0.77922095,USDT
2023-07-12T17:00:00Z,LINK/USDT,buy,2.59679575,299.27260784,0.77714984,USDT
2023-07-13T12:00:00Z,LINK/USDT,sell,2.59002634,299.27260784,0.77512394,USDT
2023-07-16T16:00:00Z,LINK/USDT,buy,2.41273176,321.9850009,0.77686344,USDT
2023-07-16T18:00:00Z,LINK/USDT,sell,2.43334672,321.9850009,0.78350115,USDT
2023-07-17T16:00:00Z,LINK/USDT,buy,2.47509993,314.03573632,0.77726983,USDT
2023-07-18T01:00:00Z,LINK/USDT,sell,2.45841818,314.03573632,0.77203116,USDT
2023-07-18T02:00:00Z,LINK/USDT,buy,2.47507792,313.81901724,0.77672652,USDT
2023-07-18T03:00:00Z,LINK/USDT,sell,2.47263606,313.81901724,0.77596022,USDT
2023-07-20T01:00:00Z,LINK/USDT,buy,2.52263869,307.82882706,0.77654091,USDT
2023-07-20T03:00:00Z,LINK/USDT,stop_sell,2.46308284,307.82882706,0.75820790,USDT
2023-07-20T04:00:00Z,LINK/USDT,buy,2.46850664,313.93502536,0.77495069,USDT
2023-07-21T15:00:00Z,LINK/USDT,sell,2.61588740,313.93502536,0.82121868,USDT
2023-07-21T16:00:00Z,LINK/USDT,buy,2.66374521,292.26752747,0.77852623,USDT
2023-07-21T18:00:00Z,LINK/USDT,sell,2.62411029,292.26752747,0.76694223,USDT
2023-07-21T19:00:00Z,LINK/USDT,buy,2.63368018,295.20491824,0.77747534,USDT
2023-07-21T22:00:00Z,LINK/USDT,sell,2.64110978,295.20491824,0.77966860,USDT
2023-07-21T23:00:00Z,LINK/USDT,buy,2.67657162,290.49335058,0.77752626,USDT
2023-07-23T14:00:00Z,LINK/USDT,sell,2.93671791,290.49335058,0.85309703,USDT
2023-07-23T15:00:00Z,LINK/USDT,buy,2.96581417,264.15829933,0.78344443,USDT
2023-07-25T01:00:00Z,LINK/USDT,sell,3.09620612,264.15829933,0.81788854,USDT
2023-07-25T02:00:00Z,LINK/USDT,buy,3.13371708,250.84369253,0.78607316,USDT
2023-07-26T07:00:00Z,LINK/USDT,sell,3.36751240,250.84369253,0.84471925,USDT
2023-07-26T08:00:00Z,LINK/USDT,buy,3.41429229,231.56677825,0.79063667,USDT
2023-07-26T17:00:00Z,LINK/USDT,sell,3.35145044,231.56677825,0.77608458,USDT
2023-07-28T01:00:00Z,LINK/USDT,buy,3.18470055,247.85580419,0.78934652,USDT
2023-07-28T01:00:00Z,LINK/USDT,stop_sell,3.11308107,247.85580419,0.77159521,USDT
2023-07-28T07:00:00Z,LINK/USDT,buy,3.07239443,256.41263939,0.78780077,USDT
2023-07-28T09:00:00Z,LINK/USDT,sell,3.06847200,256.41263939,0.78679500,USDT
2023-07-28T10:00:00Z,LINK/USDT,buy,3.09219733,254.70374305,0.78759423,USDT
2023-07-28T11:00:00Z,LINK/USDT,sell,3.05696575,254.70374305,0.77862062,USDT
2023-07-29T11:00:00Z,LINK/USDT,buy,3.00846048,261.51270087,0.78675063,USDT
2023-07-29T13:00:00Z,LINK/USDT,sell,2.97856197,261.51270087,0.77893179,USDT
2023-07-29T17:00:00Z,LINK/USDT,buy,3.03446848,259.02377771,0.78599949,USDT
2023-07-29T20:00:00Z,LINK/USDT,stop_sell,2.96913419,259.02377771,0.76907635,USDT
2023-07-29T21:00:00Z,LINK/USDT,buy,2.98887469,262.48022191,0.78452049,USDT
2023-07-29T22:00:00Z,LINK/USDT,stop_sell,2.92097674,262.48022191,0.76669862,USDT
2023-07-31T23:00:00Z,LINK/USDT,buy,3.05885066,255.96864863,0.78296987,USDT
2023-08-01T10:00:00Z,LINK/USDT,sell,3.08828708,255.96864863,0.79050467,USDT
2023-08-01T11:00:00Z,LINK/USDT,buy,3.12171408,250.96693524,0.78344702,USDT
2023-08-01T22:00:00Z,LINK/USDT,sell,3.12460891,250.96693524,0.78417352,USDT
2023-08-02T19:00:00Z,LINK/USDT,buy,3.06128988,255.89856647,0.78337969,USDT
2023-08-03T13:00:00Z,LINK/USDT,stop_sell,2.98026966,255.89856647,0.76264673,USDT
2023-08-03T21:00:00Z,LINK/USDT,buy,3.11163704,251.18497808,0.78159648,USDT
2023-08-04T00:00:00Z,LINK/USDT,sell,3.06067590,251.18497808,0.76879581,USDT
2023-08-04T01:00:00Z,LINK/USDT,buy,3.06504876,254.62819164,0.78044782,USDT
2023-08-04T02:00:00Z,LINK/USDT,sell,3.04671288,254.62819164,0.77577899,USDT
2023-08-04T08:00:00Z,LINK/USDT,buy,3.03572911,256.9233096,0.77994957,USDT
2023-08-04T15:00:00Z,LINK/USDT,sell,3.05061693,256.9233096,0.78377460,USDT
2023-08-04T17:00:00Z,LINK/USDT,buy,3.08076962,253.22586925,0.78013056,USDT
2023-08-04T18:00:00Z,LINK/USDT,sell,3.06109669,253.22586925,0.77514887,USDT
2023-08-04T19:00:00Z,LINK/USDT,buy,3.07181514,253.79370463,0.77960734,USDT
2023-08-04T20:00:00Z,LINK/USDT,sell,3.05970838,253.79370463,0.77653472,USDT
2023-08-04T21:00:00Z,LINK/USDT,buy,3.07143795,253.7042488,0.77923686,USDT
2023-08-05T01:00:00Z,LINK/USDT,sell,3.01314567,253.7042488,0.76444786,USDT
2023-08-06T14:00:00Z,LINK/USDT,buy,3.02561205,257.1147845,0.77792959,USDT
2023-08-06T19:00:00Z,LINK/USDT,sell,2.98972739,257.1147845,0.76870311,USDT
2023-08-07T00:00:00Z,LINK/USDT,buy,3.02434442,256.9374395,0.77706731,USDT
2023-08-07T01:00:00Z,LINK/USDT,stop_sell,2.94009008,256.9374395,0.75541922,USDT
2023-08-08T15:00:00Z,LINK/USDT,buy,2.87399328,269.73338548,0.77521194,USDT
2023-08-09T02:00:00Z,LINK/USDT,sell,2.84448405,269.73338548,0.76725231,USDT
2023-08-10T01:00:00Z,LINK/USDT,buy,2.79341601,277.24169508,0.77445139,USDT
2023-08-10T04:00:00Z,LINK/USDT,stop_sell,2.72170315,277.24169508,0.75456959,USDT
2023-08-10T05:00:00Z,LINK/USDT,buy,2.73553008,282.48187552,0.77273767,USDT
2023-08-10T15:00:00Z,LINK/USDT,sell,2.73510676,282.48187552,0.77261809,USDT
2023-08-10T17:00:00Z,LINK/USDT,buy,2.74523893,281.43430324,0.77260441,USDT
2023-08-10T18:00:00Z,LINK/USDT,sell,2.70913176,281.43430324,0.76244261,USDT
2023-08-12T11:00:00Z,LINK/USDT,buy,2.32766125,331.52083083,0.77166819,USDT
2023-08-12T13:00:00Z,LINK/USDT,sell,2.34618132,331.52083083,0.77780798,USDT
2023-08-12T20:00:00Z,LINK/USDT,buy,2.46764621,312.863164,0.77203560,USDT
2023-08-13T02:00:00Z,LINK/USDT,stop_sell,2.40430799,312.863164,0.75221940,USDT
2023-08-13T03:00:00Z,LINK/USDT,buy,2.44811845,314.66104546,0.77032751,USDT
2023-08-13T03:00:00Z,LINK/USDT,stop_sell,2.38833285,314.66104546,0.75151531,USDT
2023-08-13T04:00:00Z,LINK/USDT,buy,2.40646463,319.43123679,0.76869997,USDT
2023-08-13T12:00:00Z,LINK/USDT,sell,2.40518780,319.43123679,0.76829211,USDT
2023-08-13T21:00:00Z,LINK/USDT,buy,2.47775226,310.1780274,0.76854431,USDT
2023-08-13T22:00:00Z,LINK/USDT,sell,2.50201137,310.1780274,0.77606895,USDT
2023-08-15T09:00:00Z,LINK/USDT,buy,2.54532503,302.13153174,0.76902295,USDT
2023-08-15T17:00:00Z,LINK/USDT,sell,2.53732570,302.13153174,0.76660610,USDT
2023-08-15T22:00:00Z,LINK/USDT,buy,2.55404638,300.97597175,0.76870659,USDT
2023-08-16T06:00:00Z,LINK/USDT,sell,2.54143765,300.97597175,0.76491167,USDT
2023-08-16T07:00:00Z,LINK/USDT,buy,2.57177224,298.7356668,0.76828009,USDT
2023-08-16T10:00:00Z,LINK/USDT,sell,2.52690791,298.7356668,0.75487752,USDT
2023-08-16T12:00:00Z,LINK/USDT,buy,2.57916094,297.41666355,0.76708544,USDT
2023-08-16T12:00:00Z,LINK/USDT,stop_sell,2.50938882,297.41666355,0.74633405,USDT
2023-08-16T15:00:00Z,LINK/USDT,buy,2.50387531,305.64755411,0.76530336,USDT
2023-08-16T16:00:00Z,LINK/USDT,sell,2.47475300,305.64755411,0.75640220,USDT
2023-08-18T01:00:00Z,LINK/USDT,buy,2.40445062,317.93920438,0.76446912,USDT
2023-08-19T00:00:00Z,LINK/USDT,sell,2.48005535,317.93920438,0.78850682,USDT
2023-08-19T01:00:00Z,LINK/USDT,buy,2.50128002,306.3506652,0.76626880,USDT
2023-08-19T02:00:00Z,LINK/USDT,sell,2.50409133,306.3506652,0.76713004,USDT
2023-08-19T17:00:00Z,LINK/USDT,buy,2.54772823,300.7444001,0.76621500,USDT
2023-08-19T17:00:00Z,LINK/USDT,stop_sell,2.48067547,300.7444001,0.74604926,USDT
2023-08-19T19:00:00Z,LINK/USDT,buy,2.51389532,304.10171968,0.76447989,USDT
2023-08-20T00:00:00Z,LINK/USDT,sell,2.54391740,304.10171968,0.77360966,USDT
2023-08-20T06:00:00Z,LINK/USDT,buy,2.52896085,302.53039624,0.76508753,USDT
2023-08-20T07:00:00Z,LINK/USDT,sell,2.48630423,302.53039624,0.75218260,USDT
2023-08-20T11:00:00Z,LINK/USDT,buy,2.58095183,295.98893166,0.76393317,USDT
2023-08-20T11:00:00Z,LINK/USDT,stop_sell,2.51136212,295.98893166,0.74333539,USDT
2023-08-20T15:00:00Z,LINK/USDT,buy,2.53360917,300.82141133,0.76216389,USDT
2023-08-20T19:00:00Z,LINK/USDT,sell,2.53896688,300.82141133,0.76377560,USDT
2023-08-20T20:00:00Z,LINK/USDT,buy,2.52846160,301.43655431,0.76217075,USDT
2023-08-20T23:00:00Z,LINK/USDT,sell,2.54480896,301.43655431,0.76709844,USDT
2023-08-21T00:00:00Z,LINK/USDT,buy,2.55383628,298.54801885,0.76244276,USDT
2023-08-21T01:00:00Z,LINK/USDT,sell,2.50525475,298.54801885,0.74793884,USDT
2023-08-21T02:00:00Z,LINK/USDT,buy,2.50691083,303.6250705,0.76116098,USDT
2023-08-21T04:00:00Z,LINK/USDT,sell,2.52685994,303.6250705,0.76721803,USDT
2023-08-21T10:00:00Z,LINK/USDT,buy,2.55683878,297.83788397,0.76152345,USDT
2023-08-21T13:00:00Z,LINK/USDT,sell,2.53398737,297.83788397,0.75471744,USDT
2023-08-21T20:00:00Z,LINK/USDT,buy,2.51113294,302.99365151,0.76085734,USDT
2023-08-22T05:00:00Z,LINK/USDT,sell,2.51733370,302.99365151,0.76273613,USDT
2023-08-22T09:00:00Z,LINK/USDT,buy,2.54237255,299.28177455,0.76088577,USDT
2023-08-22T10:00:00Z,LINK/USDT,stop_sell,2.48289925,299.28177455,0.74308649,USDT
2023-08-22T12:00:00Z,LINK/USDT,buy,2.53679376,299.33089075,0.75934074,USDT
2023-08-22T14:00:00Z,LINK/USDT,sell,2.50946064,299.33089075,0.75115909,USDT
2023-08-23T14:00:00Z,LINK/USDT,buy,2.39653867,316.52523976,0.75856498,USDT
2023-08-23T15:00:00Z,LINK/USDT,sell,2.37645318,316.52523976,0.75220741,USDT
2023-08-26T09:00:00Z,LINK/USDT,buy,2.42601240,312.42016553,0.75793520,USDT
2023-08-28T00:00:00Z,LINK/USDT,sell,2.57279196,312.42016553,0.80379209,USDT
2023-08-28T01:00:00Z,LINK/USDT,buy,2.57235854,296.02427887,0.76148058,USDT
2023-08-28T14:00:00Z,LINK/USDT,sell,2.60094987,296.02427887,0.76994431,USDT
2023-08-28T15:00:00Z,LINK/USDT,buy,2.63847758,288.81634175,0.76203544,USDT
2023-08-28T22:00:00Z,LINK/USDT,sell,2.63340764,288.81634175,0.76057116,USDT
2023-08-31T09:00:00Z,LINK/USDT,buy,2.44765422,311.2352909,0.76179637,USDT
2023-08-31T12:00:00Z,LINK/USDT,sell,2.41539770,311.2352909,0.75175701,USDT
2023-09-02T10:00:00Z,LINK/USDT,buy,2.43628253,312.30847237,0.76087168,USDT
2023-09-02T16:00:00Z,LINK/USDT,stop_sell,2.38935883,312.30847237,0.74621701,USDT
2023-09-04T05:00:00Z,LINK/USDT,buy,2.39149815,317.61600503,0.75957809,USDT
2023-09-04T08:00:00Z,LINK/USDT,sell,2.36812534,317.61600503,0.75215451,USDT
2023-09-04T10:00:00Z,LINK/USDT,buy,2.34147915,324.09552105,0.75886291,USDT
2023-09-04T21:00:00Z,LINK/USDT,sell,2.36439521,324.09552105,0.76628990,USDT
2023-09-06T04:00:00Z,LINK/USDT,buy,2.45795236,308.93002712,0.75933529,USDT
2023-09-07T16:00:00Z,LINK/USDT,sell,2.57070400,308.93002712,0.79416766,USDT
2023-09-07T17:00:00Z,LINK/USDT,buy,2.56983127,296.51710523,0.76199893,USDT
2023-09-08T19:00:00Z,LINK/USDT,sell,2.71879192,296.51710523,0.80616831,USDT
2023-09-08T20:00:00Z,LINK/USDT,buy,2.73528396,279.8278873,0.76540873,USDT
2023-09-08T23:00:00Z,LINK/USDT,sell,2.69623121,279.8278873,0.75448068,USDT
2023-09-09T00:00:00Z,LINK/USDT,buy,2.74538301,278.43561237,0.76441240,USDT
2023-09-09T01:00:00Z,LINK/USDT,sell,2.71973645,278.43561237,0.75727148,USDT
2023-09-09T02:00:00Z,LINK/USDT,buy,2.74666264,278.05345707,0.76371904,USDT
2023-09-09T03:00:00Z,LINK/USDT,sell,2.73132166,278.05345707,0.75945343,USDT
2023-09-09T15:00:00Z,LINK/USDT,buy,2.79968314,272.62217572,0.76325571,USDT
2023-09-11T08:00:00Z,LINK/USDT,sell,2.98709471,272.62217572,0.81434826,USDT
2023-09-12T16:00:00Z,LINK/USDT,buy,3.09966306,247.51686608,0.76721889,USDT
2023-09-14T14:00:00Z,LINK/USDT,sell,3.64838889,247.51686608,0.90303778,USDT
2023-09-16T04:00:00Z,LINK/USDT,buy,3.33248341,233.44636643,0.77795614,USDT
2023-09-16T06:00:00Z,LINK/USDT,sell,3.35393619,233.44636643,0.78296422,USDT
2023-09-18T03:00:00Z,LINK/USDT,buy,3.23825132,240.32478554,0.77823205,USDT
2023-09-19T04:00:00Z,LINK/USDT,sell,3.41195017,240.32478554,0.81997619,USDT
2023-09-19T06:00:00Z,LINK/USDT,buy,3.46115471,225.77590381,0.78144533,USDT
2023-09-20T07:00:00Z,LINK/USDT,sell,3.60541239,225.77590381,0.81401524,USDT
2023-09-20T08:00:00Z,LINK/USDT,buy,3.65306062,214.59390092,0.78392453,USDT
2023-09-20T15:00:00Z,LINK/USDT,sell,3.64650284,214.59390092,0.78251727,USDT
2023-09-20T20:00:00Z,LINK/USDT,buy,3.78822016,206.87459528,0.78368651,USDT
2023-09-20T22:00:00Z,LINK/USDT,stop_sell,3.69229614,206.87459528,0.76384227,USDT
2023-09-23T08:00:00Z,LINK/USDT,buy,3.47123075,225.2729284,0.78197432,USDT
2023-09-23T18:00:00Z,LINK/USDT,sell,3.42750539,225.2729284,0.77212418,USDT
2023-09-25T08:00:00Z,LINK/USDT,buy,3.44857042,226.48849367,0.78106152,USDT
2023-09-25T09:00:00Z,LINK/USDT,stop_sell,3.36927684,226.48849367,0.76310244,USDT
2023-09-25T10:00:00Z,LINK/USDT,buy,3.36752392,231.47585555,0.77950048,USDT
2023-09-25T15:00:00Z,LINK/USDT,sell,3.40208711,231.47585555,0.78750102,USDT
2023-09-25T19:00:00Z,LINK/USDT,buy,3.42963896,227.43368321,0.78001542,USDT
2023-09-26T08:00:00Z,LINK/USDT,sell,3.53038193,227.43368321,0.80292777,USDT
2023-09-26T10:00:00Z,LINK/USDT,buy,3.60031026,217.12646165,0.78172263,USDT
2023-09-27T19:00:00Z,LINK/USDT,sell,3.82587411,217.12646165,0.83069851,USDT
2023-09-27T20:00:00Z,LINK/USDT,buy,3.80828919,206.26416696,0.78551360,USDT
2023-09-28T00:00:00Z,LINK/USDT,sell,3.79627092,206.26416696,0.78303466,USDT
2023-09-28T03:00:00Z,LINK/USDT,buy,3.76914563,208.32032348,0.78518964,USDT
2023-09-28T06:00:00Z,LINK/USDT,sell,3.71880167,208.32032348,0.77470197,USDT
2023-09-29T23:00:00Z,LINK/USDT,buy,3.80169290,206.2831932,0.78422535,USDT
2023-09-30T10:00:00Z,LINK/USDT,stop_sell,3.71631762,206.2831932,0.76661387,USDT
2023-09-30T11:00:00Z,LINK/USDT,buy,3.72477846,210.13104713,0.78269160,USDT
2023-09-30T17:00:00Z,LINK/USDT,sell,3.65042587,210.13104713,0.76706781,USDT
2023-10-02T16:00:00Z,LINK/USDT,buy,3.67527072,212.58761252,0.78131703,USDT
2023-10-02T22:00:00Z,LINK/USDT,sell,3.70791811,212.58761252,0.78825746,USDT
2023-10-02T23:00:00Z,LINK/USDT,buy,3.74180397,208.92246556,0.78174691,USDT
2023-10-05T14:00:00Z,LINK/USDT,sell,4.71640962,208.92246556,0.98536393,USDT
2023-10-08T21:00:00Z,LINK/USDT,buy,4.54332753,175.62083556,0.79790298,USDT
2023-10-08T22:00:00Z,LINK/USDT,sell,4.48102737,175.62083556,0.78696177,USDT
2023-10-10T03:00:00Z,LINK/USDT,buy,4.67817392,170.34432752,0.79690039,USDT
2023-10-10T07:00:00Z,LINK/USDT,stop_sell,4.56815778,170.34432752,0.77815977,USDT
2023-10-10T14:00:00Z,LINK/USDT,buy,4.51681028,176.06989754,0.79527432,USDT
2023-10-10T17:00:00Z,LINK/USDT,sell,4.47665855,176.06989754,0.78820481,USDT
2023-10-11T21:00:00Z,LINK/USDT,buy,4.48309943,177.23937418,0.79458174,USDT
2023-10-12T13:00:00Z,LINK/USDT,sell,4.40649965,177.23937418,0.78100524,USDT
2023-10-14T02:00:00Z,LINK/USDT,buy,4.28635411,185.09179243,0.79336897,USDT
2023-10-14T09:00:00Z,LINK/USDT,stop_sell,4.16203180,185.09179243,0.77035793,USDT
2023-10-15T13:00:00Z,LINK/USDT,buy,4.26684236,185.47720641,0.79140200,USDT
2023-10-16T09:00:00Z,LINK/USDT,sell,4.32862560,185.47720641,0.80286138,USDT
2023-10-16T14:00:00Z,LINK/USDT,buy,4.39950765,180.06369497,0.79219160,USDT
2023-10-17T09:00:00Z,LINK/USDT,sell,4.38527527,180.06369497,0.78962887,USDT
2023-10-18T20:00:00Z,LINK/USDT,buy,4.26552770,185.64171427,0.79185987,USDT
2023-10-19T01:00:00Z,LINK/USDT,sell,4.21687151,185.64171427,0.78282726,USDT
2023-10-20T00:00:00Z,LINK/USDT,buy,4.15810401,190.23354464,0.79101086,USDT
2023-10-21T14:00:00Z,LINK/USDT,sell,4.36648866,190.23354464,0.83065262,USDT
2023-10-22T13:00:00Z,LINK/USDT,buy,4.42824402,179.31577175,0.79405399,USDT
2023-10-24T06:00:00Z,LINK/USDT,sell,4.64701933,179.31577175,0.83328386,USDT
2023-10-24T15:00:00Z,LINK/USDT,buy,4.90419887,162.52678975,0.79706370,USDT
2023-10-24T19:00:00Z,LINK/USDT,sell,4.79667646,162.52678975,0.77958843,USDT
2023-10-25T19:00:00Z,LINK/USDT,buy,4.78078520,166.40337316,0.79553878,USDT
2023-10-26T07:00:00Z,LINK/USDT,sell,4.79047856,166.40337316,0.79715179,USDT
2023-10-26T08:00:00Z,LINK/USDT,buy,4.81448804,165.238838,0.79554041,USDT
2023-10-26T09:00:00Z,LINK/USDT,sell,4.80932414,165.238838,0.79468713,USDT
2023-10-26T12:00:00Z,LINK/USDT,buy,4.87434696,163.16951556,0.79534483,USDT
2023-10-26T19:00:00Z,LINK/USDT,sell,4.93698527,163.16951556,0.80556549,USDT
2023-10-26T22:00:00Z,LINK/USDT,buy,5.06135141,157.27711667,0.79603476,USDT
2023-10-27T02:00:00Z,LINK/USDT,stop_sell,4.94876413,157.27711667,0.77832735,USDT
2023-10-27T03:00:00Z,LINK/USDT,buy,4.94201177,160.76275831,0.79449144,USDT
2023-10-27T03:00:00Z,LINK/USDT,stop_sell,4.83750447,160.76275831,0.77769056,USDT
2023-10-28T04:00:00Z,LINK/USDT,buy,4.71734750,168.10736642,0.79302086,USDT
2023-10-28T04:00:00Z,LINK/USDT,stop_sell,4.61802329,168.10736642,0.77632373,USDT
2023-10-31T06:00:00Z,LINK/USDT,buy,4.17317554,189.67781408,0.79155881,USDT
2023-10-31T09:00:00Z,LINK/USDT,sell,4.21509440,189.67781408,0.79950989,USDT
2023-10-31T10:00:00Z,LINK/USDT,buy,4.24821905,186.44704082,0.79206787,USDT
2023-10-31T11:00:00Z,LINK/USDT,sell,4.23478255,186.44704082,0.78956267,USDT
2023-10-31T12:00:00Z,LINK/USDT,buy,4.27831509,185.05901139,0.79174076,USDT
2023-10-31T13:00:00Z,LINK/USDT,sell,4.23023283,185.05901139,0.78284271,USDT
2023-10-31T14:00:00Z,LINK/USDT,buy,4.30589887,183.67884475,0.79090253,USDT
2023-10-31T15:00:00Z,LINK/USDT,stop_sell,4.20205253,183.67884475,0.77182815,USDT
2023-10-31T17:00:00Z,LINK/USDT,buy,4.17483638,189.04950177,0.78925074,USDT
2023-10-31T18:00:00Z,LINK/USDT,sell,4.09626384,189.04950177,0.77439664,USDT
2023-11-03T05:00:00Z,LINK/USDT,buy,4.15922858,189.44298107,0.78793666,USDT
2023-11-03T06:00:00Z,LINK/USDT,stop_sell,4.06541532,189.44298107,0.77016440,USDT
2023-11-03T08:00:00Z,LINK/USDT,buy,4.09706151,191.93987117,0.78638946,USDT
2023-11-03T13:00:00Z,LINK/USDT,sell,4.03947625,191.93987117,0.77533655,USDT
2023-11-07T06:00:00Z,LINK/USDT,buy,3.98175588,197.24458396,0.78537978,USDT
2023-11-08T18:00:00Z,LINK/USDT,sell,4.26953916,197.24458396,0.84214348,USDT
2023-11-09T05:00:00Z,LINK/USDT,buy,4.38453217,180.13161973,0.78979288,USDT
2023-11-10T18:00:00Z,LINK/USDT,sell,4.73084340,180.13161973,0.85217448,USDT
2023-11-10T20:00:00Z,LINK/USDT,buy,4.79823692,165.61384846,0.79465448,USDT
2023-11-10T20:00:00Z,LINK/USDT,stop_sell,4.67670252,165.61384846,0.77452670,USDT
2023-11-12T02:00:00Z,LINK/USDT,buy,4.65228398,170.43625471,0.79291786,USDT
2023-11-12T05:00:00Z,LINK/USDT,sell,4.63009879,170.43625471,0.78913670,USDT
2023-11-13T17:00:00Z,LINK/USDT,buy,4.33542963,182.79355287,0.79248859,USDT
2023-11-13T21:00:00Z,LINK/USDT,sell,4.27077155,182.79355287,0.78066951,USDT
2023-11-13T22:00:00Z,LINK/USDT,buy,4.28028307,184.89820824,0.79141667,USDT
2023-11-14T22:00:00Z,LINK/USDT,sell,4.23975806,184.89820824,0.78392367,USDT
2023-11-16T01:00:00Z,LINK/USDT,buy,4.41921550,178.9210868,0.79069084,USDT
2023-11-16T08:00:00Z,LINK/USDT,stop_sell,4.31650446,178.9210868,0.77231367,USDT
2023-11-16T09:00:00Z,LINK/USDT,buy,4.33610697,181.98232528,0.78909483,USDT
2023-11-16T09:00:00Z,LINK/USDT,stop_sell,4.24399258,181.98232528,0.77233164,USDT
2023-11-17T07:00:00Z,LINK/USDT,buy,4.55326049,172.98112594,0.78762813,USDT
2023-11-17T11:00:00Z,LINK/USDT,stop_sell,4.44565117,172.98112594,0.76901374,USDT
2023-11-17T12:00:00Z,LINK/USDT,buy,4.42729554,177.53809987,0.78601364,USDT
2023-11-17T21:00:00Z,LINK/USDT,sell,4.43496741,177.53809987,0.78737569,USDT
2023-11-18T16:00:00Z,LINK/USDT,buy,4.60995883,170.49972716,0.78599672,USDT
2023-11-19T16:00:00Z,LINK/USDT,sell,4.79857651,170.49972716,0.81815599,USDT
2023-11-20T22:00:00Z,LINK/USDT,buy,4.58720646,171.87854105,0.78844235,USDT
2023-11-21T06:00:00Z,LINK/USDT,sell,4.65452457,171.87854105,0.80001289,USDT
2023-11-21T12:00:00Z,LINK/USDT,buy,4.76494928,165.63477852,0.78924132,USDT
2023-11-22T10:00:00Z,LINK/USDT,sell,4.84732912,165.63477852,0.80288629,USDT
2023-11-22T11:00:00Z,LINK/USDT,buy,4.87170263,162.2032558,0.79020603,USDT
2023-11-22T15:00:00Z,LINK/USDT,sell,4.84502927,162.2032558,0.78587952,USDT
2023-11-22T16:00:00Z,LINK/USDT,buy,4.93130942,160.14683271,0.78973358,USDT
2023-11-23T11:00:00Z,LINK/USDT,sell,4.89653351,160.14683271,0.78416433,USDT
2023-11-24T22:00:00Z,LINK/USDT,buy,4.77013888,165.43791862,0.78916185,USDT
2023-11-26T07:00:00Z,LINK/USDT,sell,4.95391580,165.43791862,0.81956552,USDT
2023-11-27T18:00:00Z,LINK/USDT,buy,4.88494425,162.02162276,0.79146659,USDT
2023-11-27T21:00:00Z,LINK/USDT,sell,4.83596881,162.02162276,0.78353151,USDT
2023-11-27T22:00:00Z,LINK/USDT,buy,4.81768564,164.12557134,0.79070541,USDT
2023-11-28T18:00:00Z,LINK/USDT,sell,4.88600078,164.12557134,0.80191767,USDT
2023-11-28T19:00:00Z,LINK/USDT,buy,4.88377367,162.06225307,0.79147536,USDT
2023-11-28T22:00:00Z,LINK/USDT,sell,4.88626065,162.06225307,0.79187841,USDT
2023-11-28T23:00:00Z,LINK/USDT,buy,4.93867310,160.24160247,0.79138089,USDT
2023-11-30T10:00:00Z,LINK/USDT,sell,5.23384277,160.24160247,0.83867935,USDT
2023-12-02T11:00:00Z,LINK/USDT,buy,4.87387072,163.1221337,0.79503619,USDT
2023-12-03T02:00:00Z,LINK/USDT,sell,4.77301530,163.1221337,0.77858444,USDT
2023-12-03T03:00:00Z,LINK/USDT,buy,4.84776367,163.70299667,0.79359344,USDT
2023-12-03T04:00:00Z,LINK/USDT,sell,4.80163498,163.70299667,0.78604204,USDT
2023-12-04T03:00:00Z,LINK/USDT,buy,4.85068513,163.45373287,0.79286259,USDT
2023-12-04T04:00:00Z,LINK/USDT,sell,4.83686036,163.45373287,0.79060288,USDT
2023-12-05T06:00:00Z,LINK/USDT,buy,4.84563160,163.56071786,0.79255498,USDT
2023-12-05T14:00:00Z,LINK/USDT,sell,4.82427166,163.56071786,0.78906134,USDT
2023-12-06T05:00:00Z,LINK/USDT,buy,4.84247203,163.58354895,0.79214876,USDT
2023-12-06T10:00:00Z,LINK/USDT,stop_sell,4.71398208,163.58354895,0.77112992,USDT
2023-12-06T12:00:00Z,LINK/USDT,buy,4.78421491,165.19769728,0.79034129,USDT
2023-12-06T16:00:00Z,LINK/USDT,sell,4.76161000,165.19769728,0.78660701,USDT
2023-12-07T18:00:00Z,LINK/USDT,buy,4.85634396,162.65655457,0.78991618,USDT
2023-12-07T20:00:00Z,LINK/USDT,stop_sell,4.75344370,162.65655457,0.77317877,USDT
2023-12-09T22:00:00Z,LINK/USDT,buy,4.83932745,162.92582219,0.78845140,USDT
2023-12-10T02:00:00Z,LINK/USDT,sell,4.81000180,162.92582219,0.78367350,USDT
2023-12-10T08:00:00Z,LINK/USDT,buy,4.72589377,166.72891667,0.78794315,USDT
2023-12-10T13:00:00Z,LINK/USDT,sell,4.64993587,166.72891667,0.77527877,USDT
2023-12-14T17:00:00Z,LINK/USDT,buy,4.58874523,171.46394756,0.78680437,USDT
2023-12-14T18:00:00Z,LINK/USDT,sell,4.55932120,171.46394756,0.78175921,USDT
2023-12-18T19:00:00Z,LINK/USDT,buy,4.07889643,192.76660293,0.78627501,USDT
2023-12-19T04:00:00Z,LINK/USDT,sell,4.11095949,192.76660293,0.79245570,USDT
2023-12-19T14:00:00Z,LINK/USDT,buy,4.11355075,191.23219749,0.78664335,USDT
2023-12-19T20:00:00Z,LINK/USDT,sell,4.04645376,191.23219749,0.77381224,USDT
2023-12-20T12:00:00Z,LINK/USDT,buy,4.21404497,186.3984495,0.78549145,USDT
2023-12-21T07:00:00Z,LINK/USDT,sell,4.14254869,186.3984495,0.77216465,USDT
2023-12-22T10:00:00Z,LINK/USDT,buy,4.26176782,184.03163434,0.78430010,USDT
2023-12-22T14:00:00Z,LINK/USDT,sell,4.15719936,184.03163434,0.76505619,USDT
2023-12-22T18:00:00Z,LINK/USDT,buy,4.26697542,183.41699377,0.78263580,USDT
2023-12-23T02:00:00Z,LINK/USDT,sell,4.31233875,183.41699377,0.79095621,USDT
2023-12-25T00:00:00Z,LINK/USDT,buy,4.21984487,185.59350966,0.78317582,USDT
2023-12-25T01:00:00Z,LINK/USDT,sell,4.21657866,185.59350966,0.78256963,USDT
2023-12-25T04:00:00Z,LINK/USDT,buy,4.26452620,183.60819971,0.78300198,USDT
2023-12-25T05:00:00Z,LINK/USDT,stop_sell,4.18358273,183.60819971,0.76814009,USDT
2023-12-26T16:00:00Z,LINK/USDT,buy,4.23636612,184.51858411,0.78168828,USDT
2023-12-26T17:00:00Z,LINK/USDT,sell,4.24411188,184.51858411,0.78311751,USDT
2023-12-27T12:00:00Z,LINK/USDT,buy,4.29678332,181.92153764,0.78167743,USDT
2023-12-27T13:00:00Z,LINK/USDT,sell,4.29382102,181.92153764,0.78113852,USDT
2023-12-27T17:00:00Z,LINK/USDT,buy,4.27894941,182.64044097,0.78150921,USDT
2023-12-27T17:00:00Z,LINK/USDT,stop_sell,4.18399153,182.64044097,0.76416606,USDT
2023-12-28T19:00:00Z,LINK/USDT,buy,4.10103249,190.19535846,0.77999734,USDT
2023-12-29T09:00:00Z,LINK/USDT,stop_sell,4.00520286,190.19535846,0.76177099,USDT
2023-12-29T10:00:00Z,LINK/USDT,buy,4.00776688,194.22664228,0.77841510,USDT
2023-12-29T13:00:00Z,LINK/USDT,sell,4.00310045,194.22664228,0.77750876,USDT
2023-12-30T09:00:00Z,LINK/USDT,buy,4.10183389,189.7244123,0.77821802,USDT
2023-12-31T11:00:00Z,LINK/USDT,sell,4.10660967,189.7244123,0.77912411,USDT
2023-12-31T12:00:00Z,LINK/USDT,buy,4.20358474,185.11959326,0.77816590,USDT
2023-12-31T14:00:00Z,LINK/USDT,sell,4.15127532,185.11959326,0.76848240,USDT
2024-01-02T14:00:00Z,LINK/USDT,buy,4.00949575,193.85655603,0.77726704,USDT
2024-01-02T18:00:00Z,LINK/USDT,sell,3.94704249,193.85655603,0.76516006,USDT
2024-01-04T22:00:00Z,LINK/USDT,buy,3.74671142,207.16154829,0.77617454,USDT
2024-01-05T21:00:00Z,LINK/USDT,sell,3.76983914,207.16154829,0.78096571,USDT
2024-01-06T05:00:00Z,LINK/USDT,buy,3.85161585,201.58640474,0.77643339,USDT
2024-01-06T06:00:00Z,LINK/USDT,sell,3.83797006,201.58640474,0.77368259,USDT
2024-01-06T08:00:00Z,LINK/USDT,buy,3.84338073,201.9287704,0.77608914,USDT
2024-01-07T22:00:00Z,LINK/USDT,sell,4.15432580,201.9287704,0.83887790,USDT
2024-01-08T03:00:00Z,LINK/USDT,buy,4.13463628,188.88856025,0.78098549,USDT
2024-01-08T07:00:00Z,LINK/USDT,sell,4.15441775,188.88856025,0.78472199,USDT
2024-01-08T20:00:00Z,LINK/USDT,buy,4.14351572,188.5257103,0.78115924,USDT
2024-01-08T23:00:00Z,LINK/USDT,sell,4.04457070,188.5257103,0.76250556,USDT
2024-01-09T04:00:00Z,LINK/USDT,buy,4.04311555,192.80741301,0.77954265,USDT
2024-01-09T04:00:00Z,LINK/USDT,stop_sell,3.95986158,192.80741301,0.76349067,USDT
2024-01-11T19:00:00Z,LINK/USDT,buy,3.98479540,195.27585877,0.77813434,USDT
2024-01-11T20:00:00Z,LINK/USDT,stop_sell,3.89662178,195.27585877,0.76091616,USDT
2024-01-11T21:00:00Z,LINK/USDT,buy,3.96028815,196.10517851,0.77663301,USDT
2024-01-12T04:00:00Z,LINK/USDT,stop_sell,3.86208688,196.10517851,0.75737524,USDT
2024-01-12T05:00:00Z,LINK/USDT,buy,3.87794400,199.84013187,0.77496884,USDT
2024-01-12T08:00:00Z,LINK/USDT,sell,3.86081463,199.84013187,0.77154570,USDT
2024-01-13T10:00:00Z,LINK/USDT,buy,3.78399705,204.69653102,0.77457107,USDT
2024-01-13T12:00:00Z,LINK/USDT,sell,3.74672170,204.69653102,0.76694093,USDT
2024-01-15T06:00:00Z,LINK/USDT,buy,4.16368080,185.85405767,0.77383697,USDT
2024-01-15T12:00:00Z,LINK/USDT,stop_sell,4.04503786,185.85405767,0.75178670,USDT
2024-01-15T13:00:00Z,LINK/USDT,buy,4.00548774,192.72308552,0.77194996,USDT
2024-01-15T23:00:00Z,LINK/USDT,sell,3.95647777,192.72308552,0.76250460,USDT
2024-01-16T11:00:00Z,LINK/USDT,buy,4.08274335,188.86103453,0.77107113,USDT
2024-01-16T18:00:00Z,LINK/USDT,stop_sell,3.97184227,188.86103453,0.75012624,USDT
2024-01-16T19:00:00Z,LINK/USDT,buy,4.03630114,190.58859093,0.76927295,USDT
2024-01-18T08:00:00Z,LINK/USDT,sell,4.46297740,190.58859093,0.85059257,USDT
2024-01-18T10:00:00Z,LINK/USDT,buy,4.53284329,171.11822905,0.77565212,USDT
2024-01-18T12:00:00Z,LINK/USDT,sell,4.50645165,171.11822905,0.77113603,USDT
2024-01-22T17:00:00Z,LINK/USDT,buy,3.65102460,212.31487822,0.77516684,USDT
2024-01-23T12:00:00Z,LINK/USDT,sell,3.63414102,212.31487822,0.77158221,USDT
2024-01-23T13:00:00Z,LINK/USDT,buy,3.72466740,208.00679457,0.77475613,USDT
2024-01-24T08:00:00Z,LINK/USDT,sell,3.66580918,208.00679457,0.76251322,USDT
2024-01-25T10:00:00Z,LINK/USDT,buy,3.63502560,212.83293324,0.77365316,USDT
2024-01-25T11:00:00Z,LINK/USDT,stop_sell,3.56328286,212.83293324,0.75838394,USDT
2024-01-25T13:00:00Z,LINK/USDT,buy,3.62280250,213.17982148,0.77230839,USDT
2024-01-27T16:00:00Z,LINK/USDT,sell,4.05878959,213.17982148,0.86525204,USDT
2024-01-28T00:00:00Z,LINK/USDT,buy,4.14741467,187.97650841,0.77961653,USDT
2024-01-28T01:00:00Z,LINK/USDT,sell,4.11869962,187.97650841,0.77421877,USDT
2024-01-28T06:00:00Z,LINK/USDT,buy,4.22717853,184.29789928,0.77906012,USDT
2024-01-29T09:00:00Z,LINK/USDT,sell,4.47856360,184.29789928,0.82538986,USDT
2024-02-01T07:00:00Z,LINK/USDT,buy,4.56124648,171.58466191,0.78263994,USDT
2024-02-01T13:00:00Z,LINK/USDT,stop_sell,4.45892228,171.58466191,0.76508267,USDT
2024-02-03T22:00:00Z,LINK/USDT,buy,4.41237609,177.02724281,0.78111077,USDT
2024-02-03T22:00:00Z,LINK/USDT,stop_sell,4.31183668,177.02724281,0.76331256,USDT
2024-02-03T23:00:00Z,LINK/USDT,buy,4.33497440,179.83095522,0.77956259,USDT
2024-02-04T04:00:00Z,LINK/USDT,stop_sell,4.22589125,179.83095522,0.75994606,USDT
2024-02-04T05:00:00Z,LINK/USDT,buy,4.25215902,182.93512913,0.77786926,USDT
2024-02-04T06:00:00Z,LINK/USDT,sell,4.15416188,182.93512913,0.75994214,USDT
2024-02-06T16:00:00Z,LINK/USDT,buy,4.01562981,193.32242319,0.77631129,USDT
2024-02-08T03:00:00Z,LINK/USDT,sell,4.35812385,193.32242319,0.84252306,USDT
2024-02-08T04:00:00Z,LINK/USDT,buy,4.40895438,177.24867132,0.78148131,USDT
2024-02-08T04:00:00Z,LINK/USDT,stop_sell,4.32470763,177.24867132,0.76654868,USDT
2024-02-08T05:00:00Z,LINK/USDT,buy,4.36926354,178.55690924,0.78016219,USDT
2024-02-08T09:00:00Z,LINK/USDT,stop_sell,4.27295549,178.55690924,0.76296573,USDT
2024-02-08T12:00:00Z,LINK/USDT,buy,4.33216200,179.73987963,0.77866228,USDT
2024-02-08T14:00:00Z,LINK/USDT,sell,4.29599493,179.73987963,0.77216161,USDT
2024-02-09T11:00:00Z,LINK/USDT,buy,4.27773880,181.87595626,0.77801783,USDT
2024-02-09T15:00:00Z,LINK/USDT,sell,4.25226680,181.87595626,0.77338509,USDT
2024-02-15T22:00:00Z,LINK/USDT,buy,3.38377904,229.7794406,0.77752285,USDT
2024-02-15T22:00:00Z,LINK/USDT,stop_sell,3.31496669,229.7794406,0.76171119,USDT
2024-02-15T23:00:00Z,LINK/USDT,buy,3.34268050,232.1891335,0.77613409,USDT
2024-02-16T07:00:00Z,LINK/USDT,stop_sell,3.26824174,232.1891335,0.75885022,USDT
2024-02-16T08:00:00Z,LINK/USDT,buy,3.24699569,238.56755709,0.77462783,USDT
2024-02-16T09:00:00Z,LINK/USDT,sell,3.21362039,238.56755709,0.76666557,USDT
2024-02-17T03:00:00Z,LINK/USDT,buy,3.24783010,238.2720584,0.77386716,USDT
2024-02-17T04:00:00Z,LINK/USDT,sell,3.21225507,238.2720584,0.76539063,USDT
2024-02-17T05:00:00Z,LINK/USDT,buy,3.25121480,237.77743051,0.77306550,USDT
2024-02-17T07:00:00Z,LINK/USDT,sell,3.23935551,237.77743051,0.77024563,USDT
2024-02-17T08:00:00Z,LINK/USDT,buy,3.27948392,235.62130174,0.77271627,USDT
2024-02-17T22:00:00Z,LINK/USDT,sell,3.24312263,235.62130174,0.76414878,USDT
2024-02-19T01:00:00Z,LINK/USDT,buy,3.32715975,232.00194048,0.77190752,USDT
2024-02-19T13:00:00Z,LINK/USDT,sell,3.38492069,232.00194048,0.78530817,USDT
2024-02-19T14:00:00Z,LINK/USDT,buy,3.41534582,226.28908089,0.77285547,USDT
2024-02-20T16:00:00Z,LINK/USDT,sell,3.44726750,226.28908089,0.78007899,USDT
2024-02-21T02:00:00Z,LINK/USDT,buy,3.51621523,219.9266229,0.77330934,USDT
2024-02-21T03:00:00Z,LINK/USDT,sell,3.47523052,219.9266229,0.76429571,USDT
2024-02-21T21:00:00Z,LINK/USDT,buy,3.62727573,212.96004967,0.77246482,USDT
2024-02-21T21:00:00Z,LINK/USDT,stop_sell,3.54274528,212.96004967,0.75446321,USDT
2024-02-21T23:00:00Z,LINK/USDT,buy,3.51539682,219.29295477,0.77090176,USDT
2024-02-23T07:00:00Z,LINK/USDT,sell,3.63695261,219.29295477,0.79755808,USDT
2024-02-25T03:00:00Z,LINK/USDT,buy,3.61957888,213.53583204,0.77290979,USDT
2024-02-25T04:00:00Z,LINK/USDT,sell,3.55871975,213.53583204,0.75991418,USDT
2024-02-25T13:00:00Z,LINK/USDT,buy,3.71576395,207.69536037,0.77174693,USDT
2024-02-26T08:00:00Z,LINK/USDT,sell,3.77473369,207.69536037,0.78399467,USDT
2024-02-26T11:00:00Z,LINK/USDT,buy,3.78012412,204.38554318,0.77260272,USDT
2024-02-26T13:00:00Z,LINK/USDT,sell,3.78203804,204.38554318,0.77299390,USDT
2024-03-02T17:00:00Z,LINK/USDT,buy,3.68881949,209.41938847,0.77251032,USDT
2024-03-03T08:00:00Z,LINK/USDT,stop_sell,3.61580580,209.41938847,0.75721984,USDT
2024-03-04T23:00:00Z,LINK/USDT,buy,3.60263742,214.05541051,0.77116403,USDT
2024-03-06T05:00:00Z,LINK/USDT,sell,3.65600508,214.05541051,0.78258767,USDT
2024-03-06T19:00:00Z,LINK/USDT,buy,3.82890750,201.61208327,0.77195402,USDT
2024-03-09T03:00:00Z,LINK/USDT,sell,4.46857160,201.61208327,0.90091803,USDT
2024-03-09T05:00:00Z,LINK/USDT,buy,4.51607391,173.19078824,0.78214240,USDT
2024-03-09T11:00:00Z,LINK/USDT,sell,4.48014381,173.19078824,0.77591964,USDT
2024-03-09T12:00:00Z,LINK/USDT,buy,4.56270621,171.28423051,0.78151962,USDT
2024-03-09T13:00:00Z,LINK/USDT,stop_sell,4.43898765,171.28423051,0.76032858,USDT
2024-03-10T06:00:00Z,LINK/USDT,buy,4.49967872,173.27905655,0.77970008,USDT
2024-03-10T06:00:00Z,LINK/USDT,stop_sell,4.40584761,173.27905655,0.76344112,USDT
2024-03-10T16:00:00Z,LINK/USDT,buy,4.51161168,172.50491782,0.77827520,USDT
2024-03-10T20:00:00Z,LINK/USDT,sell,4.42385996,172.50491782,0.76313760,USDT
2024-03-10T21:00:00Z,LINK/USDT,buy,4.45209994,174.51095535,0.77694021,USDT
2024-03-10T22:00:00Z,LINK/USDT,sell,4.44319629,174.51095535,0.77538643,USDT
2024-03-11T02:00:00Z,LINK/USDT,buy,4.53423899,171.2948088,0.77669160,USDT
2024-03-11T02:00:00Z,LINK/USDT,stop_sell,4.44040719,171.2948088,0.76061870,USDT
2024-03-11T18:00:00Z,LINK/USDT,buy,4.72310737,164.14661317,0.77528208,USDT
2024-03-12T05:00:00Z,LINK/USDT,stop_sell,4.59940636,164.14661317,0.75497698,USDT
2024-03-12T06:00:00Z,LINK/USDT,buy,4.59754462,168.24945489,0.77353438,USDT
2024-03-12T07:00:00Z,LINK/USDT,sell,4.56821275,168.24945489,0.76859931,USDT
2024-03-13T11:00:00Z,LINK/USDT,buy,4.98082217,155.1984623,0.77301594,USDT
2024-03-14T08:00:00Z,LINK/USDT,sell,4.98717117,155.1984623,0.77400130,USDT
2024-03-14T09:00:00Z,LINK/USDT,buy,5.02426988,153.84742547,0.77297099,USDT
2024-03-14T11:00:00Z,LINK/USDT,sell,4.97274838,153.84742547,0.76504454,USDT
2024-03-14T17:00:00Z,LINK/USDT,buy,5.13050397,150.51415114,0.77221345,USDT
2024-03-15T09:00:00Z,LINK/USDT,stop_sell,5.04628546,150.51415114,0.75953737,USDT
2024-03-16T07:00:00Z,LINK/USDT,buy,5.26250994,146.52252712,0.77107626,USDT
2024-03-17T08:00:00Z,LINK/USDT,sell,5.39176377,146.52252712,0.79001485,USDT
2024-03-17T15:00:00Z,LINK/USDT,buy,5.48883705,140.73421098,0.77246715,USDT
2024-03-17T19:00:00Z,LINK/USDT,sell,5.41212958,140.73421098,0.76167179,USDT
2024-03-19T13:00:00Z,LINK/USDT,buy,5.12828986,150.4361723,0.77148030,USDT
2024-03-20T09:00:00Z,LINK/USDT,sell,5.14617063,150.4361723,0.77417021,USDT
2024-03-20T11:00:00Z,LINK/USDT,buy,5.14228986,150.04441706,0.77157188,USDT
2024-03-20T12:00:00Z,LINK/USDT,sell,5.14050646,150.04441706,0.77130430,USDT
2024-03-20T20:00:00Z,LINK/USDT,buy,5.30034885,145.54267966,0.77142697,USDT
2024-03-24T02:00:00Z,LINK/USDT,sell,6.65831218,145.54267966,0.96906860,USDT
2024-03-24T03:00:00Z,LINK/USDT,buy,6.66189728,118.15056092,0.78710690,USDT
2024-03-24T04:00:00Z,LINK/USDT,sell,6.70142061,118.15056092,0.79177660,USDT
2024-03-26T21:00:00Z,LINK/USDT,buy,7.16268555,109.92445282,0.78735429,USDT
2024-03-27T05:00:00Z,LINK/USDT,stop_sell,6.96425309,109.92445282,0.76554171,USDT
2024-03-27T06:00:00Z,LINK/USDT,buy,6.97084068,112.6814044,0.78548412,USDT
2024-03-27T10:00:00Z,LINK/USDT,sell,6.91682686,112.6814044,0.77939776,USDT
2024-03-27T12:00:00Z,LINK/USDT,buy,7.13499271,110.00315546,0.78487171,USDT
2024-03-27T13:00:00Z,LINK/USDT,sell,7.02941853,110.00315546,0.77325822,USDT
2024-03-29T12:00:00Z,LINK/USDT,buy,6.91324690,113.37906309,0.78381746,USDT
2024-03-29T18:00:00Z,LINK/USDT,sell,6.93920666,113.37906309,0.78676075,USDT
2024-03-30T05:00:00Z,LINK/USDT,buy,7.33327981,106.89996136,0.78392733,USDT
2024-03-30T17:00:00Z,LINK/USDT,stop_sell,7.16199510,106.89996136,0.76561700,USDT
2024-03-30T18:00:00Z,LINK/USDT,buy,7.16405424,109.20321342,0.78233774,USDT
2024-03-30T19:00:00Z,LINK/USDT,stop_sell,7.01450303,109.20321342,0.76600627,USDT
2024-03-31T17:00:00Z,LINK/USDT,buy,7.57175398,103.13418064,0.78090664,USDT
2024-04-01T04:00:00Z,LINK/USDT,sell,7.64290664,103.13418064,0.78824491,USDT
2024-04-02T11:00:00Z,LINK/USDT,buy,7.72782098,101.11109014,0.78136840,USDT
2024-04-03T01:00:00Z,LINK/USDT,sell,7.88539733,101.11109014,0.79730112,USDT
2024-04-03T03:00:00Z,LINK/USDT,buy,7.96230216,98.27777013,0.78251730,USDT
2024-04-04T01:00:00Z,LINK/USDT,sell,8.12488852,98.27777013,0.79849593,USDT
2024-04-04T19:00:00Z,LINK/USDT,buy,8.56349961,91.51278357,0.78366969,USDT
2024-04-05T15:00:00Z,LINK/USDT,sell,8.65793187,91.51278357,0.79231145,USDT
2024-04-05T20:00:00Z,LINK/USDT,buy,8.73154659,89.81630265,0.78423523,USDT
2024-04-05T21:00:00Z,LINK/USDT,sell,8.63989589,89.81630265,0.77600350,USDT
2024-04-05T23:00:00Z,LINK/USDT,buy,8.65111139,90.56079001,0.78345148,USDT
2024-04-06T03:00:00Z,LINK/USDT,sell,8.73451856,90.56079001,0.79100490,USDT
2024-04-06T04:00:00Z,LINK/USDT,buy,8.95741147,87.51747548,0.78393004,USDT
2024-04-06T07:00:00Z,LINK/USDT,stop_sell,8.74859127,87.51747548,0.76565462,USDT
2024-04-06T09:00:00Z,LINK/USDT,buy,8.78490326,89.05541957,0.78234325,USDT
2024-04-06T12:00:00Z,LINK/USDT,stop_sell,8.56444759,89.05541957,0.76271047,USDT
2024-04-07T15:00:00Z,LINK/USDT,buy,8.44214796,92.47032574,0.78064817,USDT
2024-04-07T16:00:00Z,LINK/USDT,sell,8.34636173,92.47032574,0.77179079,USDT
2024-04-08T00:00:00Z,LINK/USDT,buy,8.63968768,90.25962493,0.77981497,USDT
2024-04-08T11:00:00Z,LINK/USDT,stop_sell,8.38804917,90.25962493,0.75710217,USDT
2024-04-09T04:00:00Z,LINK/USDT,buy,8.83990674,87.99572725,0.77787402,USDT
2024-04-09T06:00:00Z,LINK/USDT,stop_sell,8.62907238,87.99572725,0.75932150,USDT
2024-04-09T07:00:00Z,LINK/USDT,buy,8.66085927,89.62921784,0.77626604,USDT
2024-04-10T03:00:00Z,LINK/USDT,sell,8.81375592,89.62921784,0.78997005,USDT
2024-04-14T10:00:00Z,LINK/USDT,buy,9.21958949,84.30283688,0.77723755,USDT
2024-04-14T11:00:00Z,LINK/USDT,sell,9.12414564,84.30283688,0.76919136,USDT
2024-04-14T17:00:00Z,LINK/USDT,buy,9.13268606,85.02096215,0.77646976,USDT
2024-04-14T23:00:00Z,LINK/USDT,sell,9.09171487,85.02096215,0.77298635,USDT
2024-04-15T23:00:00Z,LINK/USDT,buy,9.06779263,85.58498821,0.77606693,USDT
2024-04-16T06:00:00Z,LINK/USDT,sell,9.01042054,85.58498821,0.77115674,USDT
2024-04-16T07:00:00Z,LINK/USDT,buy,9.17171757,84.55887006,0.77555007,USDT
2024-04-16T08:00:00Z,LINK/USDT,sell,9.15771785,84.55887006,0.77436627,USDT
2024-04-16T09:00:00Z,LINK/USDT,buy,9.14253198,84.8048734,0.77533127,USDT
2024-04-16T10:00:00Z,LINK/USDT,sell,8.96841155,84.8048734,0.76056501,USDT
2024-04-16T12:00:00Z,LINK/USDT,buy,9.16615779,84.4439361,0.77402644,USDT
2024-04-16T16:00:00Z,LINK/USDT,sell,9.02899424,84.4439361,0.76244381,USDT
2024-04-18T15:00:00Z,LINK/USDT,buy,9.46822275,81.63901617,0.77297639,USDT
2024-04-19T04:00:00Z,LINK/USDT,sell,9.51219952,81.63901617,0.77656661,USDT
2024-04-19T05:00:00Z,LINK/USDT,buy,9.58881501,80.62932956,0.77313973,USDT
2024-04-19T08:00:00Z,LINK/USDT,sell,9.65501108,80.62932956,0.77847707,USDT
2024-04-19T22:00:00Z,LINK/USDT,buy,10.52148711,73.51078102,0.77344273,USDT
2024-04-21T01:00:00Z,LINK/USDT,sell,10.94868392,73.51078102,0.80484631,USDT
2024-04-21T21:00:00Z,LINK/USDT,buy,11.27988712,68.77993922,0.77582995,USDT
2024-04-22T01:00:00Z,LINK/USDT,stop_sell,11.02330870,68.77993922,0.75818250,USDT
2024-04-22T02:00:00Z,LINK/USDT,buy,11.03558403,70.16345164,0.77429467,USDT
2024-04-22T04:00:00Z,LINK/USDT,sell,10.92444405,70.16345164,0.76649670,USDT
2024-04-22T23:00:00Z,LINK/USDT,buy,11.28319778,68.55744336,0.77354719,USDT
2024-04-23T01:00:00Z,LINK/USDT,sell,11.05855496,68.55744336,0.75814626,USDT
2024-04-24T07:00:00Z,LINK/USDT,buy,10.53877575,73.27149974,0.77219190,USDT
2024-04-24T08:00:00Z,LINK/USDT,sell,10.41106686,73.27149974,0.76283448,USDT
2024-04-24T15:00:00Z,LINK/USDT,buy,10.84750104,71.10578469,0.77132007,USDT
2024-04-24T23:00:00Z,LINK/USDT,stop_sell,10.55662873,71.10578469,0.75063737,USDT
2024-04-25T21:00:00Z,LINK/USDT,buy,10.59268970,72.64848063,0.76954281,USDT
2024-04-26T00:00:00Z,LINK/USDT,sell,10.54563854,72.64848063,0.76612462,USDT
2024-04-26T01:00:00Z,LINK/USDT,buy,10.57043558,72.76391778,0.76914631,USDT
2024-04-26T02:00:00Z,LINK/USDT,sell,10.53122475,72.76391778,0.76629317,USDT
2024-04-26T12:00:00Z,LINK/USDT,buy,10.44547113,73.6008012,0.76879504,USDT
2024-04-26T12:00:00Z,LINK/USDT,stop_sell,10.23504603,73.6008012,0.75330759,USDT
2024-04-28T14:00:00Z,LINK/USDT,buy,9.81700605,78.17389485,0.76743360,USDT
2024-04-30T14:00:00Z,LINK/USDT,sell,11.36231100,78.17389485,0.88823611,USDT
2024-04-30T16:00:00Z,LINK/USDT,buy,11.46949788,67.74229521,0.77697011,USDT
2024-05-01T12:00:00Z,LINK/USDT,sell,11.33025604,67.74229521,0.76753755,USDT
2024-05-03T22:00:00Z,LINK/USDT,buy,10.34331207,75.03317134,0.77609151,USDT
2024-05-04T11:00:00Z,LINK/USDT,sell,10.29378353,75.03317134,0.77237522,USDT
2024-05-06T05:00:00Z,LINK/USDT,buy,9.53931527,81.31297625,0.77567012,USDT
2024-05-06T07:00:00Z,LINK/USDT,sell,9.40644043,81.31297625,0.76486567,USDT
2024-05-06T23:00:00Z,LINK/USDT,buy,9.68352534,79.99999962,0.77468202,USDT
2024-05-07T21:00:00Z,LINK/USDT,sell,9.75080716,79.99999962,0.78006457,USDT
2024-05-07T22:00:00Z,LINK/USDT,buy,9.87021264,78.51790321,0.77498840,USDT
2024-05-08T03:00:00Z,LINK/USDT,sell,10.04626136,78.51790321,0.78881138,USDT
2024-05-11T22:00:00Z,LINK/USDT,buy,8.75805784,88.60065089,0.77596963,USDT
2024-05-12T01:00:00Z,LINK/USDT,sell,8.74900031,88.60065089,0.77516712,USDT
2024-05-12T05:00:00Z,LINK/USDT,buy,8.76380671,88.5210349,0.77578124,USDT
2024-05-12T06:00:00Z,LINK/USDT,sell,8.76284439,88.5210349,0.77569605,USDT
2024-05-14T14:00:00Z,LINK/USDT,buy,8.13382888,95.36102279,0.77565024,USDT
2024-05-15T07:00:00Z,LINK/USDT,sell,7.97046677,95.36102279,0.76007186,USDT
2024-05-15T13:00:00Z,LINK/USDT,buy,8.11217806,95.44667572,0.77428043,USDT
2024-05-15T15:00:00Z,LINK/USDT,sell,8.22103543,95.44667572,0.78467050,USDT
2024-05-15T17:00:00Z,LINK/USDT,buy,8.27953570,93.60274539,0.77498727,USDT
2024-05-15T19:00:00Z,LINK/USDT,sell,8.29182301,93.60274539,0.77613740,USDT
2024-05-15T21:00:00Z,LINK/USDT,buy,8.29985185,93.36976007,0.77495518,USDT
2024-05-15T22:00:00Z,LINK/USDT,sell,8.23941223,93.36976007,0.76931194,USDT
2024-05-16T03:00:00Z,LINK/USDT,buy,8.07506852,95.89762451,0.77437989,USDT
2024-05-16T04:00:00Z,LINK/USDT,sell,7.94733834,95.89762451,0.76213087,USDT
2024-05-19T14:00:00Z,LINK/USDT,buy,6.99573212,110.53546384,0.77327649,USDT
2024-05-20T12:00:00Z,LINK/USDT,sell,7.07691877,110.53546384,0.78225050,USDT
2024-05-23T09:00:00Z,LINK/USDT,buy,5.78554132,133.75935388,0.77387027,USDT
2024-05-24T04:00:00Z,LINK/USDT,sell,5.86542182,133.75935388,0.78455503,USDT
2024-05-28T22:00:00Z,LINK/USDT,buy,5.73163438,135.14482774,0.77460074,USDT
2024-05-28T23:00:00Z,LINK/USDT,sell,5.63987065,135.14482774,0.76219935,USDT
2024-05-30T15:00:00Z,LINK/USDT,buy,5.79145828,133.55619448,0.77348513,USDT
2024-05-31T02:00:00Z,LINK/USDT,sell,5.76006653,133.55619448,0.76929257,USDT
2024-05-31T04:00:00Z,LINK/USDT,buy,5.83967838,132.37476821,0.77302607,USDT
2024-05-31T07:00:00Z,LINK/USDT,sell,5.86691807,132.37476821,0.77663192,USDT
2024-05-31T16:00:00Z,LINK/USDT,buy,6.08811754,126.99995436,0.77319065,USDT
2024-06-01T08:00:00Z,LINK/USDT,sell,6.08625535,126.99995436,0.77295415,USDT
2024-06-02T14:00:00Z,LINK/USDT,buy,6.08074085,127.13055623,0.77304797,USDT
2024-06-02T15:00:00Z,LINK/USDT,sell,6.02833532,127.13055623,0.76638562,USDT
2024-06-03T05:00:00Z,LINK/USDT,buy,6.26310899,123.32397499,0.77239150,USDT
2024-06-04T14:00:00Z,LINK/USDT,sell,6.56860406,123.32397499,0.81006636,USDT
2024-06-06T13:00:00Z,LINK/USDT,buy,6.04955226,128.15499377,0.77528033,USDT
2024-06-06T14:00:00Z,LINK/USDT,sell,6.03818340,128.15499377,0.77382336,USDT
2024-06-07T00:00:00Z,LINK/USDT,buy,6.06565231,127.77516521,0.77503973,USDT
2024-06-07T03:00:00Z,LINK/USDT,sell,6.07115091,127.77516521,0.77574231,USDT
2024-06-07T04:00:00Z,LINK/USDT,buy,6.15024759,126.00660793,0.77497184,USDT
2024-06-07T07:00:00Z,LINK/USDT,stop_sell,5.99966481,126.00660793,0.75599741,USDT
2024-06-07T09:00:00Z,LINK/USDT,buy,6.09277186,126.92590531,0.77333058,USDT
2024-06-07T11:00:00Z,LINK/USDT,sell,6.03450624,126.92590531,0.76593517,USDT
2024-06-08T19:00:00Z,LINK/USDT,buy,6.01302901,128.49022532,0.77261545,USDT
2024-06-09T00:00:00Z,LINK/USDT,sell,6.05989054,128.49022532,0.77863670,USDT
2024-06-09T06:00:00Z,LINK/USDT,buy,6.18271581,125.02163362,0.77297323,USDT
2024-06-09T19:00:00Z,LINK/USDT,stop_sell,6.03352991,125.02163362,0.75432177,USDT
2024-06-10T10:00:00Z,LINK/USDT,buy,6.51888081,118.32677196,0.77135812,USDT
2024-06-11T17:00:00Z,LINK/USDT,sell,6.74386638,118.32677196,0.79797994,USDT
2024-06-16T13:00:00Z,LINK/USDT,buy,7.91176691,97.74849698,0.77336332,USDT
2024-06-17T13:00:00Z,LINK/USDT,sell,8.04728934,97.74849698,0.78661044,USDT
2024-06-19T08:00:00Z,LINK/USDT,buy,8.53727650,90.69622634,0.77429876,USDT
2024-06-19T09:00:00Z,LINK/USDT,stop_sell,8.37280532,90.69622634,0.75938185,USDT
2024-06-19T17:00:00Z,LINK/USDT,buy,8.64125947,89.45247613,0.77298206,USDT
2024-06-20T10:00:00Z,LINK/USDT,sell,8.51419677,89.45247613,0.76161598,USDT
2024-06-21T22:00:00Z,LINK/USDT,buy,8.44731855,91.38396787,0.77194949,USDT
2024-06-22T19:00:00Z,LINK/USDT,sell,8.38125128,91.38396787,0.76591200,USDT
2024-06-25T04:00:00Z,LINK/USDT,buy,7.83370790,98.46463079,0.77134316,USDT
2024-06-25T05:00:00Z,LINK/USDT,sell,7.87547129,98.46463079,0.77545537,USDT
2024-06-29T11:00:00Z,LINK/USDT,buy,7.83335572,98.49527065,0.77154849,USDT
2024-06-29T19:00:00Z,LINK/USDT,sell,7.79031090,98.49527065,0.76730878,USDT
2024-06-30T11:00:00Z,LINK/USDT,buy,8.01972086,96.14872999,0.77108598,USDT
2024-07-01T06:00:00Z,LINK/USDT,sell,7.92228588,96.14872999,0.76171773,USDT
2024-07-01T07:00:00Z,LINK/USDT,buy,8.05956477,95.56514241,0.77021346,USDT
2024-07-01T09:00:00Z,LINK/USDT,sell,7.96268367,95.56514241,0.76095500,USDT
2024-07-02T01:00:00Z,LINK/USDT,buy,8.06864731,95.35053696,0.76934985,USDT
2024-07-02T03:00:00Z,LINK/USDT,sell,8.00045477,95.35053696,0.76284766,USDT
2024-07-04T23:00:00Z,LINK/USDT,buy,7.48749988,102.66534797,0.76870678,USDT
2024-07-05T04:00:00Z,LINK/USDT,sell,7.41623703,102.66534797,0.76139056,USDT
2024-07-05T06:00:00Z,LINK/USDT,buy,7.57117570,101.43718119,0.76799872,USDT
2024-07-05T08:00:00Z,LINK/USDT,stop_sell,7.42067335,101.43718119,0.75273219,USDT
2024-07-06T13:00:00Z,LINK/USDT,buy,7.29593915,105.07969609,0.76665507,USDT
2024-07-06T18:00:00Z,LINK/USDT,sell,7.23389524,105.07969609,0.76013551,USDT
2024-07-06T20:00:00Z,LINK/USDT,buy,7.42323876,103.1909471,0.76601104,USDT
2024-07-07T13:00:00Z,LINK/USDT,stop_sell,7.24727344,103.1909471,0.74785301,USDT
2024-07-09T15:00:00Z,LINK/USDT,buy,6.98907079,109.3759848,0.76443650,USDT
2024-07-10T15:00:00Z,LINK/USDT,sell,7.11169138,109.3759848,0.77784825,USDT
2024-07-11T23:00:00Z,LINK/USDT,buy,7.11969107,107.50277296,0.76538653,USDT
2024-07-12T00:00:00Z,LINK/USDT,sell,7.02364042,107.50277296,0.75506082,USDT
2024-07-13T03:00:00Z,LINK/USDT,buy,6.95646449,109.88891934,0.76443837,USDT
2024-07-13T09:00:00Z,LINK/USDT,stop_sell,6.77803136,109.88891934,0.74483054,USDT
2024-07-14T06:00:00Z,LINK/USDT,buy,7.00988119,108.81042532,0.76274815,USDT
2024-07-14T07:00:00Z,LINK/USDT,stop_sell,6.85602284,108.81042532,0.74600676,USDT
2024-07-14T08:00:00Z,LINK/USDT,buy,6.84304982,111.24972525,0.76128741,USDT
2024-07-14T12:00:00Z,LINK/USDT,sell,6.76797532,111.24972525,0.75293539,USDT
2024-07-14T13:00:00Z,LINK/USDT,buy,6.78299680,112.11824802,0.76049772,USDT
2024-07-14T18:00:00Z,LINK/USDT,sell,6.66217025,112.11824802,0.74695086,USDT
2024-07-15T12:00:00Z,LINK/USDT,buy,6.81479069,111.41835535,0.75929277,USDT
2024-07-16T23:00:00Z,LINK/USDT,sell,7.36734149,111.41835535,0.82085707,USDT
2024-07-18T19:00:00Z,LINK/USDT,buy,7.53867946,101.35646527,0.76409390,USDT
2024-07-18T19:00:00Z,LINK/USDT,stop_sell,7.35991756,101.35646527,0.74597523,USDT
2024-07-18T22:00:00Z,LINK/USDT,buy,7.58712767,100.50217305,0.76252282,USDT
2024-07-19T05:00:00Z,LINK/USDT,stop_sell,7.38747477,100.50217305,0.74245727,USDT
2024-07-20T04:00:00Z,LINK/USDT,buy,7.55032728,100.76335564,0.76079631,USDT
2024-07-20T05:00:00Z,LINK/USDT,sell,7.48242592,100.76335564,0.75395434,USDT
2024-07-20T14:00:00Z,LINK/USDT,buy,7.44970299,102.03459679,0.76012744,USDT
2024-07-20T17:00:00Z,LINK/USDT,sell,7.43162133,102.03459679,0.75828249,USDT
2024-07-20T22:00:00Z,LINK/USDT,buy,7.47648638,101.63306651,0.75985824,USDT
2024-07-20T23:00:00Z,LINK/USDT,sell,7.43238895,101.63306651,0.75537648,USDT
2024-07-21T03:00:00Z,LINK/USDT,buy,7.64050834,99.38844427,0.75937824,USDT
2024-07-21T20:00:00Z,LINK/USDT,sell,7.54883070,99.38844427,0.75026654,USDT
2024-07-24T22:00:00Z,LINK/USDT,buy,6.92940597,109.46509826,0.75852811,USDT
2024-07-25T05:00:00Z,LINK/USDT,stop_sell,6.77471952,109.46509826,0.74159534,USDT
2024-07-25T06:00:00Z,LINK/USDT,buy,6.75263763,112.11215206,0.75705274,USDT
2024-07-25T11:00:00Z,LINK/USDT,sell,6.71401831,112.11215206,0.75272304,USDT
2024-07-25T12:00:00Z,LINK/USDT,buy,6.71162313,112.72762647,0.75658535,USDT
2024-07-25T16:00:00Z,LINK/USDT,sell,6.80764048,112.72762647,0.76740915,USDT
2024-07-31T17:00:00Z,LINK/USDT,buy,5.64616567,134.13168277,0.75732970,USDT
2024-08-01T05:00:00Z,LINK/USDT,stop_sell,5.48222231,134.13168277,0.73533970,USDT
2024-08-01T06:00:00Z,LINK/USDT,buy,5.47019773,138.10289628,0.75545015,USDT
2024-08-01T13:00:00Z,LINK/USDT,sell,5.64509004,138.10289628,0.77960328,USDT
2024-08-03T00:00:00Z,LINK/USDT,buy,5.49571148,137.79116747,0.75726050,USDT
2024-08-03T01:00:00Z,LINK/USDT,stop_sell,5.36784342,137.79116747,0.73964141,USDT
2024-08-03T02:00:00Z,LINK/USDT,buy,5.48136331,137.87271784,0.75573046,USDT
2024-08-04T06:00:00Z,LINK/USDT,sell,5.63194462,137.87271784,0.77649151,USDT
2024-08-05T09:00:00Z,LINK/USDT,buy,5.57842682,135.74965802,0.75726953,USDT
2024-08-05T10:00:00Z,LINK/USDT,sell,5.60658530,135.74965802,0.76109204,USDT
2024-08-06T01:00:00Z,LINK/USDT,buy,5.92816060,127.77217215,0.75745396,USDT
2024-08-06T04:00:00Z,LINK/USDT,stop_sell,5.76770513,127.77217215,0.73695221,USDT
2024-08-06T07:00:00Z,LINK/USDT,buy,5.76875994,130.99754415,0.75569338,USDT
2024-08-06T15:00:00Z,LINK/USDT,sell,5.85925791,130.99754415,0.76754840,USDT
2024-08-07T00:00:00Z,LINK/USDT,buy,5.76728720,131.17438287,0.75652034,USDT
2024-08-07T01:00:00Z,LINK/USDT,sell,5.72194160,131.17438287,0.75057216,USDT
2024-08-07T03:00:00Z,LINK/USDT,buy,5.81592751,129.97473201,0.75592362,USDT
2024-08-07T04:00:00Z,LINK/USDT,sell,5.80514098,129.97473201,0.75452164,USDT
2024-08-08T18:00:00Z,LINK/USDT,buy,5.58792056,135.23644452,0.75569051,USDT
2024-08-08T20:00:00Z,LINK/USDT,stop_sell,5.41926780,135.23644452,0.73288251,USDT
2024-08-09T12:00:00Z,LINK/USDT,buy,5.86782645,128.45400566,0.75374581,USDT
2024-08-11T06:00:00Z,LINK/USDT,sell,6.18598446,128.45400566,0.79461448,USDT
2024-08-15T00:00:00Z,LINK/USDT,buy,7.25717978,104.29575022,0.75689301,USDT
2024-08-15T01:00:00Z,LINK/USDT,sell,7.20675582,104.29575022,0.75163400,USDT
2024-08-15T15:00:00Z,LINK/USDT,buy,7.44856142,101.54327708,0.75635134,USDT
2024-08-16T09:00:00Z,LINK/USDT,sell,7.35718657,101.54327708,0.74707283,USDT
2024-08-19T00:00:00Z,LINK/USDT,buy,7.59223922,99.50797499,0.75548835,USDT
2024-08-19T01:00:00Z,LINK/USDT,stop_sell,7.42042464,99.50797499,0.73839143,USDT
2024-08-20T04:00:00Z,LINK/USDT,buy,7.28109873,103.55584658,0.75400034,USDT
2024-08-20T05:00:00Z,LINK/USDT,sell,7.12620112,103.55584658,0.73795979,USDT
2024-08-20T22:00:00Z,LINK/USDT,buy,7.23841940,103.97256624,0.75259704,USDT
2024-08-20T23:00:00Z,LINK/USDT,sell,7.23030004,103.97256624,0.75175285,USDT
2024-08-21T00:00:00Z,LINK/USDT,buy,7.44868848,101.01228762,0.75240906,USDT
2024-08-21T00:00:00Z,LINK/USDT,stop_sell,7.24943793,101.01228762,0.73228231,USDT
2024-08-21T01:00:00Z,LINK/USDT,buy,7.27838738,103.13813276,0.75067928,USDT
2024-08-21T06:00:00Z,LINK/USDT,sell,7.26281278,103.13813276,0.74907295,USDT
2024-08-21T07:00:00Z,LINK/USDT,buy,7.26889263,103.23865138,0.75043067,USDT
2024-08-21T08:00:00Z,LINK/USDT,sell,7.16917162,103.23865138,0.74013561,USDT
2024-08-24T10:00:00Z,LINK/USDT,buy,6.35651567,117.90851929,0.74948735,USDT
2024-08-24T13:00:00Z,LINK/USDT,sell,6.35053414,117.90851929,0.74878208,USDT
2024-08-24T18:00:00Z,LINK/USDT,buy,6.47394536,115.74255539,0.74931098,USDT
2024-08-25T02:00:00Z,LINK/USDT,sell,6.37635123,115.74255539,0.73801519,USDT
2024-08-26T06:00:00Z,LINK/USDT,buy,6.19550620,120.77912493,0.74828782,USDT
2024-08-26T07:00:00Z,LINK/USDT,sell,6.15789551,120.77912493,0.74374523,USDT
2024-08-26T10:00:00Z,LINK/USDT,buy,6.17581536,121.0860045,0.74780481,USDT
2024-08-26T12:00:00Z,LINK/USDT,sell,6.19070810,121.0860045,0.74960811,USDT
2024-08-26T13:00:00Z,LINK/USDT,buy,6.17786839,121.04972834,0.74782929,USDT
2024-08-26T21:00:00Z,LINK/USDT,stop_sell,6.06526710,121.04972834,0.73419893,USDT
2024-08-28T11:00:00Z,LINK/USDT,buy,5.88528617,126.86208849,0.74661969,USDT
2024-08-30T01:00:00Z,LINK/USDT,sell,6.06427734,126.86208849,0.76932689,USDT
2024-08-30T21:00:00Z,LINK/USDT,buy,6.11174735,122.43893606,0.74831584,USDT
2024-09-01T19:00:00Z,LINK/USDT,sell,6.87194731,122.43893606,0.84139392,USDT
2024-09-03T10:00:00Z,LINK/USDT,buy,6.73158011,112.25277857,0.75563857,USDT
2024-09-03T11:00:00Z,LINK/USDT,sell,6.69861602,112.25277857,0.75193826,USDT
2024-09-03T14:00:00Z,LINK/USDT,buy,6.92997926,108.97893109,0.75522173,USDT
2024-09-03T22:00:00Z,LINK/USDT,sell,6.83294282,108.97893109,0.74464680,USDT
2024-09-03T23:00:00Z,LINK/USDT,buy,6.91971113,109.00097584,0.75425527,USDT
2024-09-04T12:00:00Z,LINK/USDT,sell,7.16769236,109.00097584,0.78128546,USDT
2024-09-04T13:00:00Z,LINK/USDT,buy,7.14992518,105.77675135,0.75629586,USDT
2024-09-04T20:00:00Z,LINK/USDT,sell,7.07483381,105.77675135,0.74835294,USDT
2024-09-05T17:00:00Z,LINK/USDT,buy,6.93444849,108.95454411,0.75553967,USDT
2024-09-05T19:00:00Z,LINK/USDT,sell,6.94116168,108.95454411,0.75627111,USDT
2024-09-05T20:00:00Z,LINK/USDT,buy,6.89955205,109.49655961,0.75547721,USDT
2024-09-05T21:00:00Z,LINK/USDT,sell,6.92879487,109.49655961,0.75867920,USDT
2024-09-05T22:00:00Z,LINK/USDT,buy,6.96347300,108.51084035,0.75561231,USDT
2024-09-05T22:00:00Z,LINK/USDT,stop_sell,6.79376074,108.51084035,0.73719669,USDT
2024-09-06T04:00:00Z,LINK/USDT,buy,6.96309481,108.28788876,0.75401884,USDT
2024-09-06T08:00:00Z,LINK/USDT,sell,6.97225113,108.28788876,0.75501035,USDT
2024-09-06T09:00:00Z,LINK/USDT,buy,7.00899575,107.57281666,0.75397741,USDT
2024-09-06T10:00:00Z,LINK/USDT,sell,6.94990231,107.57281666,0.74762057,USDT
2024-09-06T11:00:00Z,LINK/USDT,buy,7.02344597,107.26193778,0.75334842,USDT
2024-09-06T15:00:00Z,LINK/USDT,stop_sell,6.81959999,107.26193778,0.73148351,USDT
2024-09-06T18:00:00Z,LINK/USDT,buy,6.89287271,109.0226879,0.75147951,USDT
2024-09-06T20:00:00Z,LINK/USDT,stop_sell,6.70689508,109.0226879,0.73120373,USDT
2024-09-08T15:00:00Z,LINK/USDT,buy,6.25764226,119.81157317,0.74973796,USDT
2024-09-08T16:00:00Z,LINK/USDT,stop_sell,6.14536871,119.81157317,0.73628629,USDT
2024-09-12T01:00:00Z,LINK/USDT,buy,5.59079000,133.88847557,0.74854235,USDT
2024-09-12T09:00:00Z,LINK/USDT,sell,5.57128796,133.88847557,0.74593125,USDT
2024-09-12T10:00:00Z,LINK/USDT,buy,5.61197258,133.32455369,0.74821374,USDT
2024-09-12T19:00:00Z,LINK/USDT,sell,5.71199657,133.32455369,0.76154939,USDT
2024-09-13T10:00:00Z,LINK/USDT,buy,5.57989455,134.26065265,0.74916028,USDT
2024-09-13T11:00:00Z,LINK/USDT,sell,5.49535095,134.26065265,0.73780941,USDT
2024-09-14T12:00:00Z,LINK/USDT,buy,5.82705907,128.38942141,0.74813274,USDT
2024-09-14T16:00:00Z,LINK/USDT,stop_sell,5.68275145,128.38942141,0.72960517,USDT
2024-09-14T17:00:00Z,LINK/USDT,buy,5.72695204,130.35407179,0.74653152,USDT
2024-09-14T21:00:00Z,LINK/USDT,sell,5.62351484,130.35407179,0.73304806,USDT
2024-09-18T13:00:00Z,LINK/USDT,buy,4.56841006,163.14951283,0.74533388,USDT
2024-09-18T17:00:00Z,LINK/USDT,stop_sell,4.46368343,163.14951283,0.72824778,USDT
2024-09-18T18:00:00Z,LINK/USDT,buy,4.45431204,166.99511671,0.74384836,USDT
2024-09-18T19:00:00Z,LINK/USDT,stop_sell,4.35423618,166.99511671,0.72713618,USDT
2024-09-22T03:00:00Z,LINK/USDT,buy,4.24144466,175.03304606,0.74239298,USDT
2024-09-22T17:00:00Z,LINK/USDT,sell,4.19937826,175.03304606,0.73502997,USDT
2024-09-24T06:00:00Z,LINK/USDT,buy,4.53276425,163.62761218,0.74168539,USDT
2024-09-24T07:00:00Z,LINK/USDT,sell,4.47736020,163.62761218,0.73261976,USDT
2024-09-28T02:00:00Z,LINK/USDT,buy,4.06955576,182.04487606,0.74084177,USDT
2024-09-28T09:00:00Z,LINK/USDT,sell,4.04283457,182.04487606,0.73597732,USDT
2024-09-28T10:00:00Z,LINK/USDT,buy,4.08409203,181.27265837,0.74033422,USDT
2024-09-28T10:00:00Z,LINK/USDT,stop_sell,3.99201075,181.27265837,0.72364240,USDT
2024-09-29T06:00:00Z,LINK/USDT,buy,4.15513953,177.82339752,0.73888103,USDT
2024-09-29T14:00:00Z,LINK/USDT,stop_sell,4.03672638,177.82339752,0.71782440,USDT
2024-09-30T18:00:00Z,LINK/USDT,buy,4.06078738,181.51136531,0.73707906,USDT
2024-09-30T21:00:00Z,LINK/USDT,sell,4.00758121,181.51136531,0.72742154,USDT
2024-10-01T04:00:00Z,LINK/USDT,buy,4.00393997,183.86610691,0.73618885,USDT
2024-10-01T05:00:00Z,LINK/USDT,sell,3.97556023,183.86610691,0.73097078,USDT
2024-10-03T12:00:00Z,LINK/USDT,buy,3.85646027,190.7588093,0.73565377,USDT
2024-10-03T16:00:00Z,LINK/USDT,sell,3.81765722,190.7588093,0.72825175,USDT
2024-10-06T02:00:00Z,LINK/USDT,buy,3.38904368,216.85885756,0.73494414,USDT
2024-10-06T03:00:00Z,LINK/USDT,sell,3.39956037,216.85885756,0.73722478,USDT
2024-10-06T11:00:00Z,LINK/USDT,buy,3.54043733,207.60397094,0.73500885,USDT
2024-10-07T18:00:00Z,LINK/USDT,sell,3.61713953,207.60397094,0.75093253,USDT
2024-10-07T19:00:00Z,LINK/USDT,buy,3.65293255,201.52697465,0.73616445,USDT
2024-10-07T20:00:00Z,LINK/USDT,sell,3.58879071,201.52697465,0.72323813,USDT
2024-10-07T23:00:00Z,LINK/USDT,buy,3.64217718,201.80594671,0.73501301,USDT
2024-10-08T04:00:00Z,LINK/USDT,sell,3.66587315,201.80594671,0.73979500,USDT
2024-10-09T07:00:00Z,LINK/USDT,buy,3.52549787,208.55996735,0.73527772,USDT
2024-10-09T15:00:00Z,LINK/USDT,stop_sell,3.45324658,208.55996735,0.72020899,USDT
2024-10-09T20:00:00Z,LINK/USDT,buy,3.38683757,216.70809612,0.73395512,USDT
2024-10-09T22:00:00Z,LINK/USDT,sell,3.34786423,216.70809612,0.72550928,USDT
2024-10-10T19:00:00Z,LINK/USDT,buy,3.34102968,219.44201997,0.73316230,USDT
2024-10-10T20:00:00Z,LINK/USDT,stop_sell,3.27779764,219.44201997,0.71928654,USDT
2024-10-11T22:00:00Z,LINK/USDT,buy,3.38214723,216.41146347,0.73193543,USDT
2024-10-12T02:00:00Z,LINK/USDT,stop_sell,3.28725887,216.41146347,0.71140050,USDT
2024-10-15T16:00:00Z,LINK/USDT,buy,3.24982710,224.68158098,0.73017629,USDT
2024-10-16T00:00:00Z,LINK/USDT,stop_sell,3.17788358,224.68158098,0.71401191,USDT
2024-10-16T01:00:00Z,LINK/USDT,buy,3.19069255,228.40398747,0.72876690,USDT
2024-10-16T04:00:00Z,LINK/USDT,stop_sell,3.11960853,228.40398747,0.71253103,USDT
2024-10-17T13:00:00Z,LINK/USDT,buy,3.18803622,228.15048815,0.72735202,USDT
2024-10-19T14:00:00Z,LINK/USDT,sell,3.58734243,228.15048815,0.81845393,USDT
2024-10-19T15:00:00Z,LINK/USDT,buy,3.55346284,206.70543716,0.73452009,USDT
2024-10-19T16:00:00Z,LINK/USDT,sell,3.55340841,206.70543716,0.73450884,USDT
2024-10-19T21:00:00Z,LINK/USDT,buy,3.55818020,206.39809324,0.73440161,USDT
2024-10-20T01:00:00Z,LINK/USDT,sell,3.49039693,206.39809324,0.72041127,USDT
2024-10-21T00:00:00Z,LINK/USDT,buy,3.44805417,212.63163043,0.73316538,USDT
2024-10-21T02:00:00Z,LINK/USDT,stop_sell,3.35796929,212.63163043,0.71401049,USDT
2024-10-25T14:00:00Z,LINK/USDT,buy,3.33393513,219.41530347,0.73151639,USDT
2024-10-26T19:00:00Z,LINK/USDT,sell,3.36582924,219.41530347,0.73851444,USDT
2024-10-26T20:00:00Z,LINK/USDT,buy,3.37229530,217.05063946,0.73195885,USDT
2024-10-26T21:00:00Z,LINK/USDT,sell,3.33337148,217.05063946,0.72351041,USDT
2024-10-28T18:00:00Z,LINK/USDT,buy,3.37585208,216.58713878,0.73116614,USDT
2024-10-29T13:00:00Z,LINK/USDT,sell,3.36802614,216.58713878,0.72947114,USDT
2024-10-29T23:00:00Z,LINK/USDT,buy,3.34433033,218.55304185,0.73091357,USDT
2024-10-30T01:00:00Z,LINK/USDT,sell,3.29516359,218.55304185,0.72016803,USDT
2024-10-31T22:00:00Z,LINK/USDT,buy,3.15343993,231.47336387,0.72993735,USDT
2024-11-02T02:00:00Z,LINK/USDT,sell,3.35321855,231.47336387,0.77618078,USDT
2024-11-02T04:00:00Z,LINK/USDT,buy,3.40315573,215.54056938,0.73351812,USDT
2024-11-02T07:00:00Z,LINK/USDT,stop_sell,3.32730933,215.54056938,0.71717015,USDT
2024-11-05T18:00:00Z,LINK/USDT,buy,3.05488468,239.64685905,0.73209352,USDT
2024-11-05T21:00:00Z,LINK/USDT,sell,3.03349749,239.64685905,0.72696815,USDT
2024-11-05T22:00:00Z,LINK/USDT,buy,3.07183215,238.15314919,0.73156650,USDT
2024-11-06T14:00:00Z,LINK/USDT,sell,3.04208420,238.15314919,0.72448193,USDT
2024-11-06T15:00:00Z,LINK/USDT,buy,3.08346696,237.03283278,0.73088291,USDT
2024-11-06T17:00:00Z,LINK/USDT,sell,3.03909669,237.03283278,0.72036570,USDT
2024-11-10T10:00:00Z,LINK/USDT,buy,2.86566612,254.71388631,0.72992495,USDT
2024-11-11T14:00:00Z,LINK/USDT,sell,2.97089481,254.71388631,0.75672816,USDT
2024-11-11T15:00:00Z,LINK/USDT,buy,3.00162606,243.85159086,0.73195129,USDT
2024-11-11T17:00:00Z,LINK/USDT,sell,2.95965143,243.85159086,0.72171571,USDT
2024-11-11T18:00:00Z,LINK/USDT,buy,2.96208930,246.7905617,0.73101568,USDT
2024-11-11T19:00:00Z,LINK/USDT,stop_sell,2.90070646,246.7905617,0.71586698,USDT
2024-11-12T14:00:00Z,LINK/USDT,buy,2.99503777,243.63211028,0.72968737,USDT
2024-11-12T16:00:00Z,LINK/USDT,sell,2.93333860,243.63211028,0.71465547,USDT
2024-11-14T18:00:00Z,LINK/USDT,buy,3.04576412,239.14150442,0.72836861,USDT
2024-11-16T07:00:00Z,LINK/USDT,sell,3.12928657,239.14150442,0.74834230,USDT
2024-11-18T02:00:00Z,LINK/USDT,buy,2.92976715,249.11505727,0.72984911,USDT
2024-11-18T16:00:00Z,LINK/USDT,sell,2.99167342,249.11505727,0.74527090,USDT
2024-11-18T17:00:00Z,LINK/USDT,buy,3.01320185,242.58759937,0.73096540,USDT
2024-11-18T18:00:00Z,LINK/USDT,sell,2.98920465,242.58759937,0.72514398,USDT
2024-11-19T13:00:00Z,LINK/USDT,buy,3.01952601,241.88660968,0.73038291,USDT
2024-11-19T15:00:00Z,LINK/USDT,sell,2.96184634,241.88660968,0.71643097,USDT
2024-11-20T10:00:00Z,LINK/USDT,buy,3.02355302,241.15680715,0.72915039,USDT
2024-11-20T23:00:00Z,LINK/USDT,stop_sell,2.95108058,241.15680715,0.71167317,USDT
2024-11-21T00:00:00Z,LINK/USDT,buy,2.95563608,246.18598935,0.72763619,USDT
2024-11-21T04:00:00Z,LINK/USDT,sell,2.97012020,246.18598935,0.73120198,USDT
2024-11-22T07:00:00Z,LINK/USDT,buy,2.94166810,247.41228722,0.72780483,USDT
2024-11-22T10:00:00Z,LINK/USDT,sell,2.89855300,247.41228722,0.71713763,USDT
2024-11-22T20:00:00Z,LINK/USDT,buy,2.94505279,246.79875982,0.72683538,USDT
2024-11-22T22:00:00Z,LINK/USDT,sell,2.96538357,246.79875982,0.73185299,USDT
2024-11-22T23:00:00Z,LINK/USDT,buy,2.97085969,244.75078225,0.72712023,USDT
2024-11-23T02:00:00Z,LINK/USDT,sell,2.93809822,244.75078225,0.71910184,USDT
2024-11-24T18:00:00Z,LINK/USDT,buy,2.67711489,271.32294083,0.72636268,USDT
2024-11-24T21:00:00Z,LINK/USDT,sell,2.68275995,271.32294083,0.72789432,USDT
2024-11-24T22:00:00Z,LINK/USDT,buy,2.67390428,271.65103931,0.72636888,USDT
2024-11-25T01:00:00Z,LINK/USDT,sell,2.64713477,271.65103931,0.71909691,USDT
2024-11-25T20:00:00Z,LINK/USDT,buy,2.65432150,273.39232843,0.72567114,USDT
2024-11-25T21:00:00Z,LINK/USDT,sell,2.61251809,273.39232843,0.71424240,USDT
2024-11-27T22:00:00Z,LINK/USDT,buy,2.55352412,283.78080373,0.72464113,USDT
2024-11-28T10:00:00Z,LINK/USDT,sell,2.52557858,283.78080373,0.71671072,USDT
2024-11-28T21:00:00Z,LINK/USDT,buy,2.74266265,263.93731422,0.72389101,USDT
2024-11-29T14:00:00Z,LINK/USDT,sell,2.72695984,263.93731422,0.71974646,USDT
2024-11-29T15:00:00Z,LINK/USDT,buy,2.75298580,262.7851303,0.72344373,USDT
2024-11-29T16:00:00Z,LINK/USDT,sell,2.71263400,262.7851303,0.71283988,USDT
2024-11-29T19:00:00Z,LINK/USDT,buy,2.78104083,259.78764293,0.72248004,USDT
2024-11-29T22:00:00Z,LINK/USDT,sell,2.74512075,259.78764293,0.71314845,USDT
2024-12-02T12:00:00Z,LINK/USDT,buy,2.29560323,314.34797779,0.72161823,USDT
2024-12-02T12:00:00Z,LINK/USDT,stop_sell,2.23988771,314.34797779,0.70410417,USDT
2024-12-02T17:00:00Z,LINK/USDT,buy,2.33862673,307.9167288,0.72010229,USDT
2024-12-04T09:00:00Z,LINK/USDT,sell,2.40264008,307.9167288,0.73981307,USDT
2024-12-07T03:00:00Z,LINK/USDT,buy,2.25045366,320.63005916,0.72156309,USDT
2024-12-08T18:00:00Z,LINK/USDT,sell,2.38962959,320.63005916,0.76618708,USDT
2024-12-08T20:00:00Z,LINK/USDT,buy,2.40017749,302.06754262,0.72501572,USDT
2024-12-08T23:00:00Z,LINK/USDT,sell,2.38557761,302.06754262,0.72060557,USDT
2024-12-09T12:00:00Z,LINK/USDT,buy,2.42393336,298.91375385,0.72454702,USDT
2024-12-09T17:00:00Z,LINK/USDT,sell,2.41946766,298.91375385,0.72321216,USDT
2024-12-09T18:00:00Z,LINK/USDT,buy,2.45549413,294.98107504,0.72432430,USDT
2024-12-10T13:00:00Z,LINK/USDT,sell,2.49365855,294.98107504,0.73558208,USDT
2024-12-10T14:00:00Z,LINK/USDT,buy,2.54693483,284.69849812,0.72510852,USDT
2024-12-10T15:00:00Z,LINK/USDT,sell,2.54762955,284.69849812,0.72530631,USDT
2024-12-15T16:00:00Z,LINK/USDT,buy,2.11396646,342.96109999,0.72500826,USDT
2024-12-15T17:00:00Z,LINK/USDT,sell,2.10511791,342.96109999,0.72197355,USDT
2024-12-15T18:00:00Z,LINK/USDT,buy,2.11335015,342.89137903,0.72464955,USDT
2024-12-15T21:00:00Z,LINK/USDT,sell,2.12094400,342.89137903,0.72725341,USDT
2024-12-15T22:00:00Z,LINK/USDT,buy,2.13938516,338.76169827,0.72474175,USDT
2024-12-16T16:00:00Z,LINK/USDT,sell,2.10784255,338.76169827,0.71405632,USDT
2024-12-18T00:00:00Z,LINK/USDT,buy,2.12493194,340.60918111,0.72377133,USDT
2024-12-19T00:00:00Z,LINK/USDT,sell,2.09915090,340.60918111,0.71499007,USDT
2024-12-21T14:00:00Z,LINK/USDT,buy,2.05474086,351.84646931,0.72295332,USDT
2024-12-21T15:00:00Z,LINK/USDT,sell,2.06613542,351.84646931,0.72696245,USDT
2024-12-21T16:00:00Z,LINK/USDT,buy,2.06238568,350.64157191,0.72315816,USDT
2024-12-22T07:00:00Z,LINK/USDT,stop_sell,2.01645734,350.64157191,0.70705377,USDT
2024-12-22T20:00:00Z,LINK/USDT,buy,2.09999347,343.69377634,0.72175469,USDT
2024-12-23T02:00:00Z,LINK/USDT,stop_sell,2.04734731,343.69377634,0.70366053,USDT
2024-12-23T04:00:00Z,LINK/USDT,buy,2.03258578,354.3232199,0.72019234,USDT
2024-12-23T05:00:00Z,LINK/USDT,sell,2.00502998,354.3232199,0.71042868,USDT
2024-12-24T15:00:00Z,LINK/USDT,buy,1.91691098,375.2372221,0.71929635,USDT
2024-12-24T20:00:00Z,LINK/USDT,sell,1.93816743,375.2372221,0.72727256,USDT
2024-12-24T23:00:00Z,LINK/USDT,buy,1.97559330,364.35585265,0.71981898,USDT
2024-12-27T08:00:00Z,LINK/USDT,sell,2.09651222,364.35585265,0.76387650,USDT
2024-12-28T06:00:00Z,LINK/USDT,buy,2.25226657,321.11056502,0.72322659,USDT
2024-12-29T09:00:00Z,LINK/USDT,sell,2.25779254,321.11056502,0.72500104,USDT
2024-12-31T05:00:00Z,LINK/USDT,buy,2.30058572,314.37763696,0.72325270,USDT
2025-01-01T00:00:00Z,LINK/USDT,sell,2.29023631,314.37763696,0.71999908,USDT
2025-01-01T01:00:00Z,LINK/USDT,buy,2.29836061,314.51842757,0.72287677,USDT
2025-01-01T02:00:00Z,LINK/USDT,sell,2.29487699,314.51842757,0.72178110,USDT
2025-01-03T13:00:00Z,LINK/USDT,buy,2.10457476,343.3821643,0.72267344,USDT
2025-01-03T14:00:00Z,LINK/USDT,stop_sell,2.05875965,343.3821643,0.70694134,USDT
2025-01-03T15:00:00Z,LINK/USDT,buy,2.07562429,347.50981466,0.72129981,USDT
2025-01-03T17:00:00Z,LINK/USDT,stop_sell,2.02648621,347.50981466,0.70422385,USDT
2025-01-03T19:00:00Z,LINK/USDT,buy,2.04031765,352.79749442,0.71981895,USDT
2025-01-03T20:00:00Z,LINK/USDT,sell,2.00533583,352.79749442,0.70747746,USDT
2025-01-05T17:00:00Z,LINK/USDT,buy,1.85171940,388.13488761,0.71871690,USDT
2025-01-05T18:00:00Z,LINK/USDT,sell,1.83094307,388.13488761,0.71065288,USDT
2025-01-06T04:00:00Z,LINK/USDT,buy,1.85979643,386.04066355,0.71795705,USDT
2025-01-06T09:00:00Z,LINK/USDT,stop_sell,1.81925885,386.04066355,0.70230789,USDT
2025-01-06T10:00:00Z,LINK/USDT,buy,1.82257983,393.17389525,0.71659081,USDT
2025-01-06T11:00:00Z,LINK/USDT,sell,1.80936486,393.17389525,0.71139503,USDT
2025-01-06T13:00:00Z,LINK/USDT,buy,1.83981345,389.20285521,0.71606065,USDT
2025-01-06T15:00:00Z,LINK/USDT,sell,1.82213348,389.20285521,0.70917955,USDT
2025-01-06T16:00:00Z,LINK/USDT,buy,1.85311209,386.0510167,0.71539581,USDT
2025-01-06T21:00:00Z,LINK/USDT,sell,1.84802952,386.0510167,0.71343368,USDT
2025-01-06T23:00:00Z,LINK/USDT,buy,1.91133519,374.14912821,0.71512440,USDT
2025-01-08T12:00:00Z,LINK/USDT,sell,2.05648124,374.14912821,0.76943066,USDT
2025-01-09T18:00:00Z,LINK/USDT,buy,2.03353426,353.74483699,0.71935225,USDT
2025-01-11T04:00:00Z,LINK/USDT,sell,2.09873411,353.74483699,0.74241636,USDT
2025-01-11T06:00:00Z,LINK/USDT,buy,2.11371733,341.14367422,0.72108130,USDT
2025-01-11T10:00:00Z,LINK/USDT,sell,2.10447324,341.14367422,0.71792773,USDT
2025-01-12T00:00:00Z,LINK/USDT,buy,2.15620356,334.25123644,0.72071371,USDT
2025-01-12T01:00:00Z,LINK/USDT,sell,2.14708792,334.25123644,0.71766679,USDT
2025-01-14T23:00:00Z,LINK/USDT,buy,2.14344018,336.07408744,0.72035470,USDT
2025-01-15T11:00:00Z,LINK/USDT,sell,2.15891800,336.07408744,0.72555640,USDT
2025-01-16T22:00:00Z,LINK/USDT,buy,2.37499891,303.4339574,0.72065532,USDT
2025-01-17T11:00:00Z,LINK/USDT,sell,2.33726778,303.4339574,0.70920641,USDT
2025-01-17T13:00:00Z,LINK/USDT,buy,2.35255769,305.89026702,0.71962450,USDT
2025-01-17T13:00:00Z,LINK/USDT,stop_sell,2.29642307,305.89026702,0.70245347,USDT
2025-01-18T08:00:00Z,LINK/USDT,buy,2.43290384,295.17660938,0.71813631,USDT
2025-01-19T06:00:00Z,LINK/USDT,sell,2.50758258,295.17660938,0.74017972,USDT
2025-01-20T07:00:00Z,LINK/USDT,buy,2.44180129,294.7758042,0.71978394,USDT
2025-01-20T20:00:00Z,LINK/USDT,sell,2.43807435,294.7758042,0.71868533,USDT
2025-01-20T22:00:00Z,LINK/USDT,buy,2.43088584,296.01590525,0.71958087,USDT
2025-01-22T00:00:00Z,LINK/USDT,sell,2.49351262,296.01590525,0.73811940,USDT
2025-01-22T18:00:00Z,LINK/USDT,buy,2.61071170,276.1499936,0.72094802,USDT
2025-01-22T19:00:00Z,LINK/USDT,stop_sell,2.54360938,276.1499936,0.70241771,USDT
2025-01-23T17:00:00Z,LINK/USDT,buy,2.64238853,272.23510817,0.71935093,USDT
2025-01-24T08:00:00Z,LINK/USDT,sell,2.66876595,272.23510817,0.72653179,USDT
2025-01-24T18:00:00Z,LINK/USDT,buy,2.70078772,266.51852379,0.71980996,USDT
2025-01-24T23:00:00Z,LINK/USDT,sell,2.69134266,266.51852379,0.71729267,USDT
2025-01-25T03:00:00Z,LINK/USDT,buy,2.67755911,268.71244189,0.71949345,USDT
2025-01-25T06:00:00Z,LINK/USDT,sell,2.67236515,268.71244189,0.71809777,USDT
2025-01-25T10:00:00Z,LINK/USDT,buy,2.69811038,266.58163312,0.71926667,USDT
2025-01-25T12:00:00Z,LINK/USDT,sell,2.69717474,266.58163312,0.71901725,USDT
2025-01-25T15:00:00Z,LINK/USDT,buy,2.75489876,261.03739191,0.71913159,USDT
2025-01-26T17:00:00Z,LINK/USDT,sell,2.88652801,261.03739191,0.75349174,USDT
2025-01-27T05:00:00Z,LINK/USDT,buy,2.95057855,244.61775647,0.72176391,USDT
2025-01-28T01:00:00Z,LINK/USDT,sell,3.02435407,244.61775647,0.73981071,USDT
2025-01-28T02:00:00Z,LINK/USDT,buy,3.02089369,239.3634007,0.72309139,USDT
2025-01-28T04:00:00Z,LINK/USDT,sell,3.03019514,239.3634007,0.72531781,USDT
2025-01-29T01:00:00Z,LINK/USDT,buy,3.09340393,233.77278765,0.72315366,USDT
2025-01-29T02:00:00Z,LINK/USDT,sell,3.06113367,233.77278765,0.71560975,USDT
2025-01-30T11:00:00Z,LINK/USDT,buy,2.91804029,247.5752953,0.72243469,USDT
2025-01-31T08:00:00Z,LINK/USDT,sell,3.01555647,247.5752953,0.74657728,USDT
2025-01-31T09:00:00Z,LINK/USDT,buy,2.97926189,243.09695088,0.72424948,USDT
2025-01-31T13:00:00Z,LINK/USDT,sell,3.04701173,243.09695088,0.74071926,USDT
2025-02-02T12:00:00Z,LINK/USDT,buy,3.35624028,216.14974039,0.72545047,USDT
2025-02-03T06:00:00Z,LINK/USDT,sell,3.46064181,216.14974039,0.74801683,USDT
2025-02-03T08:00:00Z,LINK/USDT,buy,3.47022725,209.53634713,0.72713874,USDT
2025-02-03T10:00:00Z,LINK/USDT,sell,3.44229999,209.53634713,0.72128697,USDT
2025-02-03T12:00:00Z,LINK/USDT,buy,3.43870549,211.28719345,0.72655443,USDT
2025-02-03T13:00:00Z,LINK/USDT,stop_sell,3.37258187,211.28719345,0.71258336,USDT
2025-02-04T13:00:00Z,LINK/USDT,buy,3.44183506,210.73671089,0.72532100,USDT
2025-02-04T15:00:00Z,LINK/USDT,stop_sell,3.35729708,210.73671089,0.70750574,USDT
2025-02-05T20:00:00Z,LINK/USDT,buy,3.46014521,209.17630313,0.72378038,USDT
2025-02-06T11:00:00Z,LINK/USDT,stop_sell,3.37777656,209.17630313,0.70655081,USDT
2025-02-07T17:00:00Z,LINK/USDT,buy,3.63146883,198.8966115,0.72228685,USDT
2025-02-08T02:00:00Z,LINK/USDT,sell,3.58273574,198.8966115,0.71259400,USDT
2025-02-08T06:00:00Z,LINK/USDT,buy,3.63186903,198.62945932,0.72139618,USDT
2025-02-08T08:00:00Z,LINK/USDT,sell,3.60451684,198.62945932,0.71596323,USDT
2025-02-08T11:00:00Z,LINK/USDT,buy,3.62939779,198.61319228,0.72084628,USDT
2025-02-08T12:00:00Z,LINK/USDT,sell,3.61980919,198.61319228,0.71894186,USDT
2025-02-10T16:00:00Z,LINK/USDT,buy,3.28519778,219.34101373,0.72057861,USDT
2025-02-10T18:00:00Z,LINK/USDT,sell,3.36135948,219.34101373,0.73728400,USDT
2025-02-10T19:00:00Z,LINK/USDT,buy,3.37702367,213.73821848,0.72179902,USDT
2025-02-10T22:00:00Z,LINK/USDT,sell,3.32960436,213.73821848,0.71166370,USDT
2025-02-11T16:00:00Z,LINK/USDT,buy,3.35585609,214.81047997,0.72087306,USDT
2025-02-11T18:00:00Z,LINK/USDT,sell,3.31224805,214.81047997,0.71150559,USDT
2025-02-11T20:00:00Z,LINK/USDT,buy,3.29528582,218.49656671,0.72000864,USDT
2025-02-11T22:00:00Z,LINK/USDT,sell,3.24582528,218.49656671,0.70920168,USDT
2025-02-12T06:00:00Z,LINK/USDT,buy,3.25909473,220.62238562,0.71902925,USDT
2025-02-12T12:00:00Z,LINK/USDT,sell,3.40097866,220.62238562,0.75033203,USDT
2025-02-12T14:00:00Z,LINK/USDT,buy,3.43768598,209.85544475,0.72141712,USDT
2025-02-12T15:00:00Z,LINK/USDT,sell,3.38375228,209.85544475,0.71009884,USDT
2025-02-14T10:00:00Z,LINK/USDT,buy,3.56199711,202.24514659,0.72039663,USDT
2025-02-14T15:00:00Z,LINK/USDT,sell,3.55675473,202.24514659,0.71933638,USDT
2025-02-14T16:00:00Z,LINK/USDT,buy,3.55111267,202.8086958,0.72019653,USDT
2025-02-14T20:00:00Z,LINK/USDT,sell,3.57490865,202.8086958,0.72502256,USDT
2025-02-14T22:00:00Z,LINK/USDT,buy,3.59290856,200.52476092,0.72046713,USDT
2025-02-16T00:00:00Z,LINK/USDT,sell,3.59346537,200.52476092,0.72057878,USDT
2025-02-16T05:00:00Z,LINK/USDT,buy,3.69065140,195.18525215,0.72036072,USDT
2025-02-16T09:00:00Z,LINK/USDT,sell,3.61837191,195.18525215,0.70625283,USDT
2025-02-18T12:00:00Z,LINK/USDT,buy,3.37644838,212.98040486,0.71911734,USDT
2025-02-18T13:00:00Z,LINK/USDT,sell,3.33923155,212.98040486,0.71119089,USDT
2025-02-19T11:00:00Z,LINK/USDT,buy,3.26194116,220.22727985,0.71836843,USDT
2025-02-20T12:00:00Z,LINK/USDT,sell,3.34597118,220.22727985,0.73687413,USDT
2025-02-20T14:00:00Z,LINK/USDT,buy,3.39205018,212.18234073,0.71973315,USDT
2025-02-20T18:00:00Z,LINK/USDT,sell,3.38660485,212.18234073,0.71857774,USDT
2025-02-21T00:00:00Z,LINK/USDT,buy,3.38879555,212.3248614,0.71952555,USDT
2025-02-21T01:00:00Z,LINK/USDT,sell,3.37543744,212.3248614,0.71668929,USDT
2025-02-21T15:00:00Z,LINK/USDT,buy,3.38482957,212.47261117,0.71918358,USDT
2025-02-21T17:00:00Z,LINK/USDT,sell,3.39239395,212.47261117,0.72079080,USDT
2025-02-21T18:00:00Z,LINK/USDT,buy,3.47528277,206.94631502,0.71919696,USDT
2025-02-21T20:00:00Z,LINK/USDT,stop_sell,3.37653232,206.94631502,0.69876092,USDT
2025-02-22T06:00:00Z,LINK/USDT,buy,3.44944986,207.98904112,0.71744777,USDT
2025-02-23T04:00:00Z,LINK/USDT,sell,3.46584221,207.98904112,0.72085720,USDT
2025-02-23T08:00:00Z,LINK/USDT,buy,3.57930976,200.48712914,0.71760554,USDT
2025-02-23T13:00:00Z,LINK/USDT,sell,3.60250984,200.48712914,0.72225686,USDT
2025-02-23T20:00:00Z,LINK/USDT,buy,3.56883653,201.1475106,0.71786258,USDT
2025-02-24T06:00:00Z,LINK/USDT,sell,3.57188416,201.1475106,0.71847561,USDT
2025-02-24T15:00:00Z,LINK/USDT,buy,3.58582302,200.17627245,0.71779669,USDT
2025-02-24T20:00:00Z,LINK/USDT,sell,3.57294463,200.17627245,0.71521874,USDT
2025-02-25T01:00:00Z,LINK/USDT,buy,3.61338879,198.5603235,0.71747565,USDT
2025-02-25T03:00:00Z,LINK/USDT,sell,3.58956932,198.5603235,0.71274605,USDT
2025-02-25T07:00:00Z,LINK/USDT,buy,3.61749784,198.19849129,0.71698261,USDT
2025-02-25T11:00:00Z,LINK/USDT,sell,3.60461179,198.19849129,0.71442862,USDT
2025-02-25T13:00:00Z,LINK/USDT,buy,3.60995408,198.52430481,0.71666362,USDT
2025-02-25T14:00:00Z,LINK/USDT,sell,3.59138141,198.52430481,0.71297650,USDT
2025-02-25T15:00:00Z,LINK/USDT,buy,3.60138779,198.88279689,0.71625408,USDT
2025-02-25T16:00:00Z,LINK/USDT,sell,3.58566827,198.88279689,0.71312773,USDT
2025-02-26T05:00:00Z,LINK/USDT,buy,3.94689346,181.38048168,0.71588944,USDT
2025-02-27T18:00:00Z,LINK/USDT,sell,4.26195196,181.38048168,0.77303490,USDT
2025-02-27T20:00:00Z,LINK/USDT,buy,4.37427304,164.67746278,0.72034419,USDT
2025-02-27T22:00:00Z,LINK/USDT,sell,4.40855462,164.67746278,0.72598959,USDT
2025-02-28T05:00:00Z,LINK/USDT,buy,4.45638108,161.71872814,0.72068028,USDT
2025-02-28T06:00:00Z,LINK/USDT,stop_sell,4.36246572,161.71872814,0.70549241,USDT
2025-03-01T11:00:00Z,LINK/USDT,buy,4.61343556,155.92511948,0.71935049,USDT
2025-03-03T08:00:00Z,LINK/USDT,sell,5.16447347,155.92511948,0.80527114,USDT
2025-03-04T16:00:00Z,LINK/USDT,buy,5.52948436,131.31523712,0.72610555,USDT
2025-03-05T09:00:00Z,LINK/USDT,sell,5.52835744,131.31523712,0.72595757,USDT
2025-03-05T10:00:00Z,LINK/USDT,buy,5.57014368,130.33370844,0.72597748,USDT
2025-03-06T01:00:00Z,LINK/USDT,sell,5.51187668,130.33370844,0.71838333,USDT
2025-03-08T20:00:00Z,LINK/USDT,buy,5.18319130,139.92422768,0.72525404,USDT
2025-03-08T23:00:00Z,LINK/USDT,stop_sell,5.06893972,139.92422768,0.70926748,USDT
2025-03-09T00:00:00Z,LINK/USDT,buy,5.12232088,141.31478149,0.72385966,USDT
2025-03-10T04:00:00Z,LINK/USDT,sell,5.39582174,141.31478149,0.76250937,USDT
2025-03-16T17:00:00Z,LINK/USDT,buy,4.71720242,154.08162402,0.72683421,USDT
2025-03-16T18:00:00Z,LINK/USDT,sell,4.71660852,154.08162402,0.72674270,USDT
2025-03-16T23:00:00Z,LINK/USDT,buy,4.69270518,154.8596201,0.72671054,USDT
2025-03-18T04:00:00Z,LINK/USDT,sell,5.21746396,154.8596201,0.80797449,USDT
2025-03-18T06:00:00Z,LINK/USDT,buy,5.24668703,139.72475714,0.73309207,USDT
2025-03-18T13:00:00Z,LINK/USDT,sell,5.22747496,139.72475714,0.73040767,USDT
2025-03-18T15:00:00Z,LINK/USDT,buy,5.29734635,138.32587583,0.73276007,USDT
2025-03-18T15:00:00Z,LINK/USDT,stop_sell,5.18034371,138.32587583,0.71657558,USDT
2025-03-20T22:00:00Z,LINK/USDT,buy,5.39014573,135.68253975,0.73134866,USDT
2025-03-21T00:00:00Z,LINK/USDT,stop_sell,5.27354027,135.68253975,0.71552734,USDT
2025-03-21T01:00:00Z,LINK/USDT,buy,5.27740338,138.31925702,0.72996651,USDT
2025-03-21T06:00:00Z,LINK/USDT,sell,5.22956191,138.31925702,0.72334912,USDT
2025-03-21T22:00:00Z,LINK/USDT,buy,5.46483005,133.45713014,0.72932054,USDT
2025-03-22T11:00:00Z,LINK/USDT,sell,5.42055936,133.45713014,0.72341230,USDT
2025-03-23T16:00:00Z,LINK/USDT,buy,5.32216075,136.92396699,0.72873136,USDT
2025-03-23T17:00:00Z,LINK/USDT,sell,5.29394270,136.92396699,0.72486764,USDT
2025-03-24T12:00:00Z,LINK/USDT,buy,5.29970953,137.42371349,0.72830576,USDT
2025-03-25T04:00:00Z,LINK/USDT,sell,5.23786376,137.42371349,0.71980669,USDT
2025-03-25T15:00:00Z,LINK/USDT,buy,5.43357643,133.89148023,0.72750959,USDT
2025-03-25T16:00:00Z,LINK/USDT,sell,5.31437248,133.89148023,0.71154920,USDT
2025-03-25T18:00:00Z,LINK/USDT,buy,5.34139736,135.94138192,0.72611694,USDT
2025-03-26T07:00:00Z,LINK/USDT,sell,5.36978077,135.94138192,0.72997542,USDT
2025-03-26T08:00:00Z,LINK/USDT,buy,5.31362548,136.68807262,0.72630923,USDT
2025-03-26T09:00:00Z,LINK/USDT,sell,5.28461837,136.68807262,0.72234430,USDT
2025-03-27T16:00:00Z,LINK/USDT,buy,5.50965345,131.74620325,0.72587592,USDT
2025-03-27T18:00:00Z,LINK/USDT,sell,5.49676224,131.74620325,0.72417756,USDT
2025-03-27T23:00:00Z,LINK/USDT,buy,5.45162845,133.10223358,0.72562392,USDT
2025-03-28T12:00:00Z,LINK/USDT,sell,5.52966978,133.10223358,0.73601140,USDT
2025-03-28T13:00:00Z,LINK/USDT,buy,5.57800361,130.21475045,0.72633835,USDT
2025-03-28T19:00:00Z,LINK/USDT,sell,5.47116705,130.21475045,0.71242665,USDT
2025-03-28T20:00:00Z,LINK/USDT,buy,5.51060893,131.58431427,0.72510970,USDT
2025-03-28T22:00:00Z,LINK/USDT,sell,5.51681521,131.58431427,0.72592635,USDT
2025-03-29T13:00:00Z,LINK/USDT,buy,5.51090608,131.56800545,0.72505892,USDT
2025-03-29T15:00:00Z,LINK/USDT,sell,5.48826150,131.56800545,0.72207962,USDT
2025-03-29T16:00:00Z,LINK/USDT,buy,5.54271097,130.74912839,0.72470463,USDT
2025-03-30T00:00:00Z,LINK/USDT,stop_sell,5.42856675,130.74912839,0.70978037,USDT
2025-03-30T02:00:00Z,LINK/USDT,buy,5.43947838,132.9898244,0.72339527,USDT
2025-03-30T03:00:00Z,LINK/USDT,sell,5.42687820,132.9898244,0.72171958,USDT
2025-03-31T06:00:00Z,LINK/USDT,buy,5.47380854,132.11011676,0.72314549,USDT
2025-03-31T09:00:00Z,LINK/USDT,sell,5.42734397,132.11011676,0.71700705,USDT
2025-04-01T09:00:00Z,LINK/USDT,buy,5.54064194,130.40707244,0.72253889,USDT
2025-04-01T10:00:00Z,LINK/USDT,sell,5.50869228,130.40707244,0.71837243,USDT
2025-04-01T19:00:00Z,LINK/USDT,buy,5.76869090,125.17399393,0.72209008,USDT
2025-04-01T21:00:00Z,LINK/USDT,stop_sell,5.61558373,125.17399393,0.70292504,USDT
2025-04-01T23:00:00Z,LINK/USDT,buy,5.63390655,127.87610989,0.72044205,USDT
2025-04-03T05:00:00Z,LINK/USDT,sell,5.92897703,127.87610989,0.75817452,USDT
2025-04-03T06:00:00Z,LINK/USDT,buy,6.04164831,119.72623578,0.72334381,USDT
2025-04-03T21:00:00Z,LINK/USDT,sell,6.01457421,119.72623578,0.72010233,USDT
2025-04-04T00:00:00Z,LINK/USDT,buy,5.97781441,120.94199971,0.72296883,USDT
2025-04-04T01:00:00Z,LINK/USDT,sell,5.92740482,120.94199971,0.71687219,USDT
2025-04-05T11:00:00Z,LINK/USDT,buy,5.69508412,126.84020013,0.72236561,USDT
2025-04-05T15:00:00Z,LINK/USDT,sell,5.60718101,126.84020013,0.71121596,USDT
2025-04-05T17:00:00Z,LINK/USDT,buy,5.67024070,127.21831143,0.72135845,USDT
2025-04-05T21:00:00Z,LINK/USDT,stop_sell,5.51035358,127.21831143,0.70101788,USDT
2025-04-05T22:00:00Z,LINK/USDT,buy,5.54218771,129.84340829,0.71961654,USDT
2025-04-06T01:00:00Z,LINK/USDT,sell,5.44416955,129.84340829,0.70688953,USDT
2025-04-06T23:00:00Z,LINK/USDT,buy,5.34891212,134.32333116,0.71848369,USDT
2025-04-07T22:00:00Z,LINK/USDT,sell,5.45249839,134.32333116,0.73239775,USDT
2025-04-08T02:00:00Z,LINK/USDT,buy,5.46930629,131.54890374,0.71948125,USDT
2025-04-08T03:00:00Z,LINK/USDT,stop_sell,5.35952094,131.54890374,0.70503910,USDT
2025-04-09T03:00:00Z,LINK/USDT,buy,5.28713224,135.84136829,0.71821128,USDT
2025-04-09T12:00:00Z,LINK/USDT,sell,5.26597669,135.84136829,0.71533748,USDT
2025-04-09T13:00:00Z,LINK/USDT,buy,5.33228881,134.62633847,0.71786652,USDT
2025-04-11T10:00:00Z,LINK/USDT,sell,6.11315489,134.62633847,0.82299166,USDT
2025-04-11T11:00:00Z,LINK/USDT,buy,6.14059876,118.25514615,0.72615740,USDT
2025-04-11T13:00:00Z,LINK/USDT,stop_sell,6.00277097,118.25514615,0.70985856,USDT
2025-04-12T11:00:00Z,LINK/USDT,buy,6.29844965,115.06607916,0.72473791,USDT
2025-04-12T16:00:00Z,LINK/USDT,stop_sell,6.13742682,115.06607916,0.70620964,USDT
