ts,symbol,side,price,qty,fee,fee_currency
2023-01-01T05:30:00Z,BTC/USDT,buy,16529.18046000,0.04842709,0.80046011,USDT
2023-01-01T05:45:00Z,BTC/USDT,sell,16511.66004000,0.04842709,0.79961165,USDT
2023-01-01T06:15:00Z,BTC/USDT,buy,16544.68821000,0.04837324,0.80032017,USDT
2023-01-01T06:45:00Z,BTC/USDT,sell,16534.81845500,0.04837324,0.79984274,USDT
2023-01-01T07:00:00Z,BTC/USDT,buy,16549.47060000,0.04834822,0.80013745,USDT
2023-01-01T07:00:00Z,BTC/USDT,stop_sell,16515.07476036,0.04834822,0.79847447,USDT
2023-01-01T08:00:00Z,BTC/USDT,buy,16536.30402000,0.04836461,0.79977189,USDT
2023-01-01T08:15:00Z,BTC/USDT,sell,16508.57158500,0.04836461,0.79843063,USDT
2023-01-01T09:45:00Z,BTC/USDT,buy,16541.65669500,0.04834073,0.79963576,USDT
2023-01-01T11:30:00Z,BTC/USDT,sell,16537.02735000,0.04834073,0.79941197,USDT
2023-01-01T23:45:00Z,BTC/USDT,buy,16614.38304000,0.04810435,0.79922410,USDT
2023-01-02T00:15:00Z,BTC/USDT,sell,16606.31269000,0.04810435,0.79883588,USDT
2023-01-02T03:45:00Z,BTC/USDT,buy,16613.00235000,0.04810637,0.79919124,USDT
2023-01-02T06:15:00Z,BTC/USDT,sell,16645.22322500,0.04810637,0.80074127,USDT
2023-01-02T19:45:00Z,BTC/USDT,buy,16732.76220000,0.04777116,0.79934346,USDT
2023-01-02T20:00:00Z,BTC/USDT,sell,16728.10176500,0.04777116,0.79912083,USDT
2023-01-03T04:45:00Z,BTC/USDT,buy,16699.58562000,0.04784986,0.79907283,USDT
2023-01-03T05:30:00Z,BTC/USDT,sell,16685.56304500,0.04784986,0.79840186,USDT
2023-01-03T05:45:00Z,BTC/USDT,buy,16720.05585000,0.04778431,0.79895633,USDT
2023-01-03T06:30:00Z,BTC/USDT,sell,16753.48906500,0.04778431,0.80055392,USDT
2023-01-03T13:15:00Z,BTC/USDT,buy,16732.43203500,0.0477481,0.79894184,USDT
2023-01-03T13:30:00Z,BTC/USDT,sell,16712.16973500,0.0477481,0.79797435,USDT
2023-01-03T21:30:00Z,BTC/USDT,buy,16674.34300500,0.04789878,0.79868069,USDT
2023-01-04T01:00:00Z,BTC/USDT,sell,16650.83042000,0.04789878,0.79755446,USDT
2023-01-04T01:15:00Z,BTC/USDT,buy,16707.44955000,0.04780579,0.79871282,USDT
2023-01-04T01:30:00Z,BTC/USDT,sell,16706.11276500,0.04780579,0.79864892,USDT
2023-01-04T08:30:00Z,BTC/USDT,buy,16860.91624500,0.04736339,0.79859015,USDT
2023-01-04T08:45:00Z,BTC/USDT,sell,16844.06375500,0.04736339,0.79779196,USDT
2023-01-04T16:00:00Z,BTC/USDT,buy,16866.22890000,0.04734114,0.79846650,USDT
2023-01-04T18:00:00Z,BTC/USDT,sell,16888.05175000,0.04734114,0.79949962,USDT
2023-01-04T18:30:00Z,BTC/USDT,buy,16927.35945000,0.0471511,0.79814362,USDT
2023-01-04T19:15:00Z,BTC/USDT,sell,16868.03176500,0.0471511,0.79534625,USDT
2023-01-04T19:45:00Z,BTC/USDT,buy,16844.14786500,0.04736312,0.79779140,USDT
2023-01-04T20:45:00Z,BTC/USDT,sell,16795.21819000,0.04736312,0.79547393,USDT
2023-01-05T11:15:00Z,BTC/USDT,buy,16837.43451000,0.04736071,0.79743285,USDT
2023-01-05T11:30:00Z,BTC/USDT,sell,16811.57001000,0.04736071,0.79620789,USDT
2023-01-05T11:45:00Z,BTC/USDT,buy,16838.11485000,0.04734765,0.79724517,USDT
2023-01-05T13:00:00Z,BTC/USDT,sell,16810.52053500,0.04734765,0.79593864,USDT
2023-01-05T13:15:00Z,BTC/USDT,buy,16832.62210500,0.04733035,0.79669390,USDT
2023-01-05T13:15:00Z,BTC/USDT,stop_sell,16802.01907357,0.04733035,0.79524544,USDT
2023-01-05T13:30:00Z,BTC/USDT,buy,16815.43351500,0.04737791,0.79668010,USDT
2023-01-05T13:30:00Z,BTC/USDT,stop_sell,16779.53960464,0.04737791,0.79497952,USDT
2023-01-05T14:15:00Z,BTC/USDT,buy,16813.81270500,0.04737656,0.79658061,USDT
2023-01-05T14:45:00Z,BTC/USDT,sell,16781.96482000,0.04737656,0.79507176,USDT
2023-01-05T17:15:00Z,BTC/USDT,buy,16843.99779000,0.04727169,0.79624424,USDT
2023-01-05T17:45:00Z,BTC/USDT,sell,16810.64047500,0.04727169,0.79466739,USDT
2023-01-05T22:15:00Z,BTC/USDT,buy,16863.63760500,0.04720295,0.79601344,USDT
2023-01-05T23:00:00Z,BTC/USDT,stop_sell,16824.65489286,0.04720295,0.79417334,USDT
2023-01-05T23:15:00Z,BTC/USDT,buy,16848.04981500,0.0472255,0.79565758,USDT
2023-01-05T23:15:00Z,BTC/USDT,stop_sell,16810.74185286,0.0472255,0.79389569,USDT
2023-01-06T03:45:00Z,BTC/USDT,buy,16846.18888500,0.04720961,0.79530201,USDT
2023-01-06T04:00:00Z,BTC/USDT,sell,16826.66246000,0.04720961,0.79438017,USDT
2023-01-06T23:00:00Z,BTC/USDT,buy,16967.41947000,0.046868,0.79522902,USDT
2023-01-06T23:45:00Z,BTC/USDT,sell,16936.94729000,0.046868,0.79380085,USDT
2023-01-07T00:00:00Z,BTC/USDT,buy,16960.57605000,0.04687303,0.79499359,USDT
2023-01-07T00:30:00Z,BTC/USDT,sell,16937.95678500,0.04687303,0.79393336,USDT
2023-01-07T00:45:00Z,BTC/USDT,buy,16970.98125000,0.04682625,0.79468741,USDT
2023-01-07T01:00:00Z,BTC/USDT,sell,16968.17167000,0.04682625,0.79455585,USDT
2023-01-07T07:45:00Z,BTC/USDT,buy,16957.14433500,0.04686773,0.79474286,USDT
2023-01-07T08:00:00Z,BTC/USDT,sell,16939.33609500,0.04686773,0.79390823,USDT
2023-01-07T14:30:00Z,BTC/USDT,buy,16937.99476500,0.04690907,0.79454558,USDT
2023-01-07T14:45:00Z,BTC/USDT,sell,16932.58947000,0.04690907,0.79429202,USDT
2023-01-07T18:30:00Z,BTC/USDT,buy,16943.15734500,0.04688793,0.79442958,USDT
2023-01-07T19:30:00Z,BTC/USDT,sell,16929.21116000,0.04688793,0.79377567,USDT
2023-01-07T19:45:00Z,BTC/USDT,buy,16947.57955500,0.04685774,0.79412528,USDT
2023-01-08T00:30:00Z,BTC/USDT,sell,16930.90031500,0.04685774,0.79334372,USDT
2023-01-08T14:30:00Z,BTC/USDT,buy,16946.63908500,0.0468509,0.79396529,USDT
2023-01-08T15:15:00Z,BTC/USDT,sell,16937.86683000,0.0468509,0.79355431,USDT
2023-01-08T22:15:00Z,BTC/USDT,buy,16968.80016000,0.04677074,0.79364334,USDT
2023-01-08T23:00:00Z,BTC/USDT,sell,16956.49751000,0.04677074,0.79306794,USDT
2023-01-09T13:45:00Z,BTC/USDT,buy,17277.49443000,0.04594426,0.79380170,USDT
2023-01-09T13:45:00Z,BTC/USDT,stop_sell,17229.23036107,0.04594426,0.79158424,USDT
2023-01-09T14:15:00Z,BTC/USDT,buy,17243.65752000,0.04600947,0.79337154,USDT
2023-01-09T15:15:00Z,BTC/USDT,sell,17246.71233000,0.04600947,0.79351209,USDT
2023-01-09T15:45:00Z,BTC/USDT,buy,17296.15375500,0.04587193,0.79340795,USDT
2023-01-09T17:00:00Z,BTC/USDT,sell,17321.39497000,0.04587193,0.79456582,USDT
2023-01-09T20:15:00Z,BTC/USDT,buy,17248.71004500,0.04597141,0.79294752,USDT
2023-01-09T20:30:00Z,BTC/USDT,sell,17236.63737000,0.04597141,0.79239252,USDT
2023-01-10T04:00:00Z,BTC/USDT,buy,17218.26483000,0.04605994,0.79307224,USDT
2023-01-10T06:45:00Z,BTC/USDT,sell,17188.19160500,0.04605994,0.79168707,USDT
2023-01-10T07:15:00Z,BTC/USDT,buy,17209.73056500,0.04605705,0.79262942,USDT
2023-01-10T07:45:00Z,BTC/USDT,sell,17197.35702000,0.04605705,0.79205953,USDT
2023-01-10T08:30:00Z,BTC/USDT,buy,17259.70554000,0.04591343,0.79245228,USDT
2023-01-10T08:45:00Z,BTC/USDT,sell,17233.70883500,0.04591343,0.79125868,USDT
2023-01-10T12:15:00Z,BTC/USDT,buy,17261.94666000,0.0459076,0.79245454,USDT
2023-01-10T12:15:00Z,BTC/USDT,stop_sell,17217.00219250,0.0459076,0.79039125,USDT
2023-01-10T12:45:00Z,BTC/USDT,buy,17243.75757000,0.04594231,0.79221806,USDT
2023-01-10T13:15:00Z,BTC/USDT,sell,17220.70534000,0.04594231,0.79115898,USDT
2023-01-10T14:15:00Z,BTC/USDT,buy,17296.90413000,0.04577792,0.79181629,USDT
2023-01-10T14:15:00Z,BTC/USDT,stop_sell,17248.72596554,0.04577792,0.78961080,USDT
2023-01-10T14:30:00Z,BTC/USDT,buy,17277.65451000,0.04580878,0.79146827,USDT
2023-01-10T14:45:00Z,BTC/USDT,stop_sell,17227.53870732,0.04580878,0.78917253,USDT
2023-01-10T15:00:00Z,BTC/USDT,buy,17297.24430000,0.04574262,0.79122127,USDT
2023-01-10T15:45:00Z,BTC/USDT,sell,17265.49293500,0.04574262,0.78976888,USDT
2023-01-10T16:15:00Z,BTC/USDT,buy,17343.16725000,0.04561566,0.79112002,USDT
2023-01-10T16:45:00Z,BTC/USDT,sell,17285.07314000,0.04561566,0.78847002,USDT
2023-01-10T17:15:00Z,BTC/USDT,buy,17328.44989500,0.04562754,0.79065454,USDT
2023-01-10T17:30:00Z,BTC/USDT,sell,17302.78428000,0.04562754,0.78948348,USDT
2023-01-10T22:45:00Z,BTC/USDT,buy,17438.94511500,0.0453525,0.79089976,USDT
2023-01-11T00:00:00Z,BTC/USDT,sell,17430.62033000,0.0453525,0.79052221,USDT
2023-01-11T00:15:00Z,BTC/USDT,buy,17445.59844000,0.04529808,0.79025211,USDT
2023-01-11T01:30:00Z,BTC/USDT,sell,17430.86021000,0.04529808,0.78958450,USDT
2023-01-11T02:00:00Z,BTC/USDT,buy,17469.18022500,0.04522759,0.79008892,USDT
2023-01-11T02:15:00Z,BTC/USDT,sell,17430.63032500,0.04522759,0.78834540,USDT
2023-01-11T07:15:00Z,BTC/USDT,buy,17448.14971500,0.0452595,0.78969453,USDT
2023-01-11T08:00:00Z,BTC/USDT,sell,17437.46690500,0.0452595,0.78921103,USDT
2023-01-11T08:30:00Z,BTC/USDT,buy,17437.13421000,0.04528984,0.78972502,USDT
2023-01-11T11:00:00Z,BTC/USDT,sell,17434.13857000,0.04528984,0.78958935,USDT
2023-01-11T11:15:00Z,BTC/USDT,buy,17450.20074000,0.04524741,0.78957639,USDT
2023-01-11T12:00:00Z,BTC/USDT,sell,17427.01213500,0.04524741,0.78852716,USDT
2023-01-11T13:30:00Z,BTC/USDT,buy,17434.39284000,0.04528007,0.78943053,USDT
2023-01-11T13:30:00Z,BTC/USDT,stop_sell,17391.99500946,0.04528007,0.78751075,USDT
2023-01-11T18:15:00Z,BTC/USDT,buy,17532.34179000,0.04502029,0.78931111,USDT
2023-01-11T18:30:00Z,BTC/USDT,stop_sell,17450.29227482,0.04502029,0.78561722,USDT
2023-01-11T18:45:00Z,BTC/USDT,buy,17486.35881000,0.0451147,0.78889183,USDT
2023-01-11T19:45:00Z,BTC/USDT,sell,17544.62330000,0.0451147,0.79152042,USDT
2023-01-12T01:30:00Z,BTC/USDT,buy,18207.13902000,0.0433178,0.78869321,USDT
2023-01-12T05:45:00Z,BTC/USDT,sell,18141.76458000,0.0433178,0.78586133,USDT
2023-01-12T10:30:00Z,BTC/USDT,buy,18185.27809500,0.04334034,0.78815614,USDT
2023-01-12T13:15:00Z,BTC/USDT,stop_sell,18117.08014268,0.04334034,0.78520041,USDT
2023-01-12T13:30:00Z,BTC/USDT,buy,18120.16555500,0.04347221,0.78772364,USDT
2023-01-12T13:30:00Z,BTC/USDT,stop_sell,18030.60019000,0.04347221,0.78383004,USDT
2023-01-12T13:45:00Z,BTC/USDT,buy,18163.83738000,0.04335761,0.78754058,USDT
2023-01-12T14:15:00Z,BTC/USDT,sell,18236.69709000,0.04335761,0.79069960,USDT
2023-01-12T17:30:00Z,BTC/USDT,buy,18262.95691500,0.0431245,0.78758089,USDT
2023-01-12T18:30:00Z,BTC/USDT,sell,18637.46660500,0.0431245,0.80373143,USDT
2023-01-12T18:45:00Z,BTC/USDT,buy,18771.16089000,0.04205125,0.78935078,USDT
2023-01-13T00:00:00Z,BTC/USDT,sell,18835.43757000,0.04205125,0.79205369,USDT
2023-01-13T02:15:00Z,BTC/USDT,buy,18833.61210000,0.04188603,0.78886524,USDT
2023-01-13T02:30:00Z,BTC/USDT,sell,18778.47606500,0.04188603,0.78655581,USDT
2023-01-13T03:00:00Z,BTC/USDT,buy,18843.85722000,0.04184896,0.78859583,USDT
2023-01-13T03:30:00Z,BTC/USDT,sell,18829.01078500,0.04184896,0.78797452,USDT
2023-01-13T09:30:00Z,BTC/USDT,buy,18885.12784500,0.04175597,0.78856683,USDT
2023-01-13T12:45:00Z,BTC/USDT,stop_sell,18818.42286732,0.04175597,0.78578150,USDT
2023-01-13T13:00:00Z,BTC/USDT,buy,18870.98077500,0.04176567,0.78815916,USDT
2023-01-13T13:15:00Z,BTC/USDT,sell,18836.29714000,0.04176567,0.78671057,USDT
2023-01-13T13:30:00Z,BTC/USDT,buy,18880.63560000,0.04171915,0.78768407,USDT
2023-01-13T14:00:00Z,BTC/USDT,sell,18842.88384500,0.04171915,0.78610910,USDT
2023-01-13T14:15:00Z,BTC/USDT,buy,18932.63158500,0.04159586,0.78751909,USDT
2023-01-13T20:15:00Z,BTC/USDT,sell,19370.38996000,0.04159586,0.80572803,USDT
2023-01-14T12:45:00Z,BTC/USDT,buy,20954.71212000,0.03765462,0.78904172,USDT
2023-01-14T13:00:00Z,BTC/USDT,sell,20899.95479500,0.03765462,0.78697986,USDT
2023-01-14T14:00:00Z,BTC/USDT,buy,20952.34093500,0.03764329,0.78871505,USDT
2023-01-14T14:30:00Z,BTC/USDT,stop_sell,20735.03015571,0.03764329,0.78053475,USDT
2023-01-14T15:00:00Z,BTC/USDT,buy,20847.40849500,0.03779809,0.78799222,USDT
2023-01-14T16:00:00Z,BTC/USDT,sell,20782.66347000,0.03779809,0.78554498,USDT
2023-01-14T16:15:00Z,BTC/USDT,buy,20824.48704000,0.0378233,0.78765082,USDT
2023-01-14T16:45:00Z,BTC/USDT,sell,20790.26966500,0.0378233,0.78635661,USDT
2023-01-14T22:15:00Z,BTC/USDT,buy,20899.24440000,0.03767532,0.78738572,USDT
2023-01-14T23:45:00Z,BTC/USDT,sell,21025.26211000,0.03767532,0.79213348,USDT
2023-01-15T00:00:00Z,BTC/USDT,buy,20963.17635000,0.0375665,0.78751316,USDT
2023-01-15T00:15:00Z,BTC/USDT,sell,20934.76738000,0.0375665,0.78644594,USDT
2023-01-15T05:30:00Z,BTC/USDT,buy,20766.24793500,0.03790645,0.78717474,USDT
2023-01-15T05:45:00Z,BTC/USDT,sell,20744.98232000,0.03790645,0.78636864,USDT
2023-01-15T07:45:00Z,BTC/USDT,buy,20728.51908000,0.03796849,0.78703057,USDT
2023-01-15T08:15:00Z,BTC/USDT,stop_sell,20640.82156929,0.03796849,0.78370083,USDT
2023-01-15T10:00:00Z,BTC/USDT,buy,20765.37750000,0.03791145,0.78724557,USDT
2023-01-15T10:15:00Z,BTC/USDT,sell,20743.09326500,0.03791145,0.78640074,USDT
2023-01-15T11:00:00Z,BTC/USDT,buy,20747.01832500,0.03792217,0.78677196,USDT
2023-01-15T11:15:00Z,BTC/USDT,sell,20683.03331000,0.03792217,0.78434551,USDT
2023-01-15T18:30:00Z,BTC/USDT,buy,20807.73867000,0.03778878,0.78629906,USDT
2023-01-15T20:00:00Z,BTC/USDT,sell,20862.21367500,0.03778878,0.78835760,USDT
2023-01-15T20:15:00Z,BTC/USDT,buy,20875.67262000,0.0376474,0.78591480,USDT
2023-01-15T20:30:00Z,BTC/USDT,sell,20861.13421500,0.0376474,0.78536746,USDT
2023-01-15T21:45:00Z,BTC/USDT,buy,20934.87220500,0.03753695,0.78583125,USDT
2023-01-15T22:00:00Z,BTC/USDT,stop_sell,20847.15549357,0.03753695,0.78253863,USDT
2023-01-15T23:00:00Z,BTC/USDT,buy,20929.93974000,0.03753905,0.78569005,USDT
2023-01-16T00:00:00Z,BTC/USDT,stop_sell,20823.93175411,0.03753905,0.78171062,USDT
2023-01-16T00:15:00Z,BTC/USDT,buy,20932.83118500,0.03752428,0.78548942,USDT
2023-01-16T00:15:00Z,BTC/USDT,stop_sell,20808.64725732,0.03752428,0.78082951,USDT
2023-01-16T01:00:00Z,BTC/USDT,buy,20983.54653000,0.03741246,0.78504610,USDT
2023-01-16T02:45:00Z,BTC/USDT,sell,21277.02616500,0.03741246,0.79602589,USDT
2023-01-16T13:15:00Z,BTC/USDT,buy,20846.52805500,0.03771191,0.78616239,USDT
2023-01-16T14:15:00Z,BTC/USDT,sell,20789.55002500,0.03771191,0.78401364,USDT
2023-01-16T14:30:00Z,BTC/USDT,buy,20876.33295000,0.0376146,0.78525491,USDT
2023-01-16T15:00:00Z,BTC/USDT,sell,20853.05825500,0.0376146,0.78437945,USDT
2023-01-16T15:30:00Z,BTC/USDT,buy,20915.79267000,0.03754631,0.78531084,USDT
2023-01-16T19:30:00Z,BTC/USDT,sell,21277.49593000,0.03754631,0.79889146,USDT
2023-01-16T19:45:00Z,BTC/USDT,buy,21352.58095500,0.03681393,0.78607242,USDT
2023-01-16T20:15:00Z,BTC/USDT,sell,21253.14811000,0.03681393,0.78241191,USDT
2023-01-17T11:00:00Z,BTC/USDT,buy,21141.69556500,0.03715748,0.78557213,USDT
2023-01-17T12:00:00Z,BTC/USDT,sell,21217.77580500,0.03715748,0.78839908,USDT
2023-01-17T12:15:00Z,BTC/USDT,buy,21271.06021500,0.03693811,0.78571276,USDT
2023-01-17T12:45:00Z,BTC/USDT,sell,21253.52792000,0.03693811,0.78506515,USDT
2023-01-17T13:15:00Z,BTC/USDT,buy,21228.94917000,0.03699685,0.78540425,USDT
2023-01-17T14:30:00Z,BTC/USDT,sell,21264.40248000,0.03699685,0.78671591,USDT
2023-01-17T15:00:00Z,BTC/USDT,buy,21295.70253000,0.03689815,0.78577203,USDT
2023-01-17T15:30:00Z,BTC/USDT,sell,21259.25505500,0.03689815,0.78442718,USDT
2023-01-17T18:00:00Z,BTC/USDT,buy,21240.61500000,0.03698484,0.78558075,USDT
2023-01-17T18:15:00Z,BTC/USDT,sell,21185.60190000,0.03698484,0.78354610,USDT
2023-01-17T18:30:00Z,BTC/USDT,buy,21282.89613000,0.03688607,0.78504240,USDT
2023-01-17T19:00:00Z,BTC/USDT,sell,21349.66982500,0.03688607,0.78750542,USDT
2023-01-18T05:45:00Z,BTC/USDT,buy,21290.57997000,0.03687099,0.78500476,USDT
2023-01-18T06:00:00Z,BTC/USDT,sell,21296.49642500,0.03687099,0.78522291,USDT
2023-01-18T13:15:00Z,BTC/USDT,buy,21299.57446500,0.03685777,0.78505482,USDT
2023-01-18T13:30:00Z,BTC/USDT,stop_sell,21223.70997929,0.03685777,0.78225862,USDT
2023-01-18T14:00:00Z,BTC/USDT,buy,21420.29479500,0.03663648,0.78476420,USDT
2023-01-18T14:30:00Z,BTC/USDT,stop_sell,21315.20278143,0.03663648,0.78091400,USDT
2023-01-18T21:15:00Z,BTC/USDT,buy,20819.24442000,0.0376822,0.78451493,USDT
2023-01-18T21:45:00Z,BTC/USDT,sell,20790.10974500,0.0376822,0.78341707,USDT
2023-01-19T01:30:00Z,BTC/USDT,buy,20781.03532500,0.03772787,0.78402420,USDT
2023-01-19T02:00:00Z,BTC/USDT,sell,20700.61451500,0.03772787,0.78099009,USDT
2023-01-19T03:00:00Z,BTC/USDT,buy,20768.70916500,0.03772411,0.78348107,USDT
2023-01-19T03:15:00Z,BTC/USDT,sell,20761.65398000,0.03772411,0.78321492,USDT
2023-01-19T08:30:00Z,BTC/USDT,buy,20814.56208000,0.03763717,0.78340121,USDT
2023-01-19T09:00:00Z,BTC/USDT,sell,20764.08276500,0.03763717,0.78150131,USDT
2023-01-19T14:00:00Z,BTC/USDT,buy,20788.73917500,0.03766728,0.78305526,USDT
2023-01-19T14:15:00Z,BTC/USDT,sell,20739.71495500,0.03766728,0.78120865,USDT
2023-01-19T14:45:00Z,BTC/USDT,buy,20819.85472500,0.03760314,0.78289191,USDT
2023-01-19T16:45:00Z,BTC/USDT,sell,20842.97330000,0.03760314,0.78376124,USDT
2023-01-19T17:00:00Z,BTC/USDT,buy,20891.72064000,0.03747969,0.78301521,USDT
2023-01-19T18:00:00Z,BTC/USDT,sell,20837.69594000,0.03747969,0.78099038,USDT
2023-01-20T00:30:00Z,BTC/USDT,buy,21113.22133500,0.03707179,0.78270491,USDT
2023-01-20T00:45:00Z,BTC/USDT,sell,21053.24811000,0.03707179,0.78048159,USDT
2023-01-20T01:30:00Z,BTC/USDT,buy,21142.33588500,0.03700511,0.78237447,USDT
2023-01-20T01:45:00Z,BTC/USDT,sell,21087.53096000,0.03700511,0.78034640,USDT
2023-01-20T02:00:00Z,BTC/USDT,buy,21125.74759500,0.03701322,0.78193194,USDT
2023-01-20T04:45:00Z,BTC/USDT,sell,21039.43502000,0.03701322,0.77873724,USDT
2023-01-20T13:15:00Z,BTC/USDT,buy,21115.51248000,0.03701403,0.78157021,USDT
2023-01-20T13:30:00Z,BTC/USDT,sell,21055.59693500,0.03701403,0.77935250,USDT
2023-01-21T07:30:00Z,BTC/USDT,buy,22643.87628000,0.03449489,0.78109802,USDT
2023-01-21T08:00:00Z,BTC/USDT,sell,22631.57855000,0.03449489,0.78067381,USDT
2023-01-21T09:15:00Z,BTC/USDT,buy,22767.93828000,0.03431283,0.78123240,USDT
2023-01-21T10:30:00Z,BTC/USDT,stop_sell,22659.32359911,0.03431283,0.77750552,USDT
2023-01-21T10:45:00Z,BTC/USDT,buy,22793.68114500,0.03425164,0.78072096,USDT
2023-01-21T14:45:00Z,BTC/USDT,sell,22977.16567000,0.03425164,0.78700561,USDT
2023-01-21T15:15:00Z,BTC/USDT,buy,23030.62956000,0.03391777,0.78114760,USDT
2023-01-21T16:30:00Z,BTC/USDT,sell,23104.47198500,0.03391777,0.78365217,USDT
2023-01-21T18:30:00Z,BTC/USDT,buy,23139.78411000,0.03375982,0.78119495,USDT
2023-01-21T19:30:00Z,BTC/USDT,sell,23216.30604000,0.03375982,0.78377831,USDT
2023-01-21T19:45:00Z,BTC/USDT,buy,23261.05471500,0.03359421,0.78143676,USDT
2023-01-21T20:00:00Z,BTC/USDT,sell,23265.34151000,0.03359421,0.78158077,USDT
2023-01-21T20:45:00Z,BTC/USDT,buy,23159.70406500,0.03372616,0.78108788,USDT
2023-01-21T21:00:00Z,BTC/USDT,sell,23085.54145500,0.03372616,0.77858666,USDT
2023-01-22T06:00:00Z,BTC/USDT,buy,22889.33895000,0.03410769,0.78070248,USDT
2023-01-22T06:45:00Z,BTC/USDT,sell,22942.43304500,0.03410769,0.78251339,USDT
2023-01-22T08:30:00Z,BTC/USDT,buy,22877.97327000,0.03413286,0.78089066,USDT
2023-01-22T09:15:00Z,BTC/USDT,sell,22910.42905500,0.03413286,0.78199847,USDT
2023-01-22T09:30:00Z,BTC/USDT,buy,22943.38596000,0.03403105,0.78078751,USDT
2023-01-22T09:45:00Z,BTC/USDT,stop_sell,22837.46555500,0.03403105,0.77718293,USDT
2023-01-22T10:15:00Z,BTC/USDT,buy,22871.71014000,0.03411461,0.78025947,USDT
2023-01-22T10:30:00Z,BTC/USDT,sell,22842.24316500,0.03411461,0.77925422,USDT
2023-01-22T10:45:00Z,BTC/USDT,buy,22914.68161500,0.03404422,0.78011246,USDT
2023-01-22T11:00:00Z,BTC/USDT,sell,22865.80138000,0.03404422,0.77844837,USDT
2023-01-22T13:00:00Z,BTC/USDT,buy,22881.63510000,0.03408996,0.78003403,USDT
2023-01-22T13:30:00Z,BTC/USDT,sell,22882.85285000,0.03408996,0.78007554,USDT
2023-01-23T00:45:00Z,BTC/USDT,buy,22762.74568500,0.03422817,0.77912713,USDT
2023-01-23T01:30:00Z,BTC/USDT,sell,22771.02879000,0.03422817,0.77941064,USDT
2023-01-23T06:45:00Z,BTC/USDT,buy,22775.86224000,0.03422903,0.77959567,USDT
2023-01-23T07:15:00Z,BTC/USDT,stop_sell,22686.44753036,0.03422903,0.77653509,USDT
2023-01-23T08:15:00Z,BTC/USDT,buy,22757.16289500,0.03425242,0.77948790,USDT
2023-01-23T08:30:00Z,BTC/USDT,sell,22676.80592500,0.03425242,0.77673548,USDT
2023-01-23T08:45:00Z,BTC/USDT,buy,22757.26294500,0.03422087,0.77877334,USDT
2023-01-23T14:15:00Z,BTC/USDT,sell,22722.66298500,0.03422087,0.77758930,USDT
2023-01-23T14:30:00Z,BTC/USDT,buy,22812.45052500,0.03413772,0.77876505,USDT
2023-01-23T14:45:00Z,BTC/USDT,stop_sell,22653.78993875,0.03413772,0.77334874,USDT
2023-01-23T16:15:00Z,BTC/USDT,buy,22880.33445000,0.03400629,0.77807529,USDT
2023-01-23T16:30:00Z,BTC/USDT,sell,22804.83188000,0.03400629,0.77550773,USDT
2023-01-23T17:00:00Z,BTC/USDT,buy,22926.91773000,0.0339294,0.77789656,USDT
2023-01-23T17:30:00Z,BTC/USDT,sell,22899.16469000,0.0339294,0.77695492,USDT
2023-01-23T18:00:00Z,BTC/USDT,buy,23076.75261000,0.03369732,0.77762472,USDT
2023-01-23T18:45:00Z,BTC/USDT,stop_sell,22843.35011125,0.03369732,0.76975968,USDT
2023-01-23T19:45:00Z,BTC/USDT,buy,22748.76870000,0.03413402,0.77650693,USDT
2023-01-23T20:00:00Z,BTC/USDT,sell,22778.02529000,0.03413402,0.77750557,USDT
2023-01-23T20:30:00Z,BTC/USDT,buy,22870.43950500,0.03396846,0.77687361,USDT
2023-01-23T22:15:00Z,BTC/USDT,sell,22948.61995000,0.03396846,0.77952928,USDT
2023-01-23T22:30:00Z,BTC/USDT,buy,22992.96073500,0.03378827,0.77689237,USDT
2023-01-23T22:45:00Z,BTC/USDT,sell,22948.96977500,0.03378827,0.77540599,USDT
2023-01-23T23:45:00Z,BTC/USDT,buy,22950.52953000,0.03384899,0.77685224,USDT
2023-01-24T00:00:00Z,BTC/USDT,sell,22902.28313000,0.03384899,0.77521915,USDT
2023-01-24T00:15:00Z,BTC/USDT,buy,22953.08080500,0.03381644,0.77619148,USDT
2023-01-24T00:45:00Z,BTC/USDT,sell,22960.15418000,0.03381644,0.77643068,USDT
2023-01-24T07:45:00Z,BTC/USDT,buy,23067.19783500,0.03364539,0.77610487,USDT
2023-01-24T08:45:00Z,BTC/USDT,sell,23069.93926000,0.03364539,0.77619710,USDT
2023-01-24T14:15:00Z,BTC/USDT,buy,22951.45999500,0.03383551,0.77657435,USDT
2023-01-24T14:15:00Z,BTC/USDT,stop_sell,22812.87571321,0.03383551,0.77188528,USDT
2023-01-24T14:30:00Z,BTC/USDT,buy,22862.99578500,0.0339225,0.77556997,USDT
2023-01-24T14:30:00Z,BTC/USDT,stop_sell,22729.40354161,0.0339225,0.77103819,USDT
2023-01-24T16:00:00Z,BTC/USDT,buy,22947.51802500,0.0337861,0.77530714,USDT
2023-01-24T16:15:00Z,BTC/USDT,sell,22884.16219500,0.0337861,0.77316659,USDT
2023-01-24T16:30:00Z,BTC/USDT,buy,22952.40046500,0.03375733,0.77481176,USDT
2023-01-24T16:45:00Z,BTC/USDT,sell,22893.71741500,0.03375733,0.77283077,USDT
2023-01-24T18:15:00Z,BTC/USDT,buy,23003.89620000,0.03367736,0.77471049,USDT
2023-01-24T20:45:00Z,BTC/USDT,sell,22892.31811500,0.03367736,0.77095284,USDT
2023-01-24T21:00:00Z,BTC/USDT,buy,23021.70510000,0.03362156,0.77402564,USDT
2023-01-24T21:45:00Z,BTC/USDT,stop_sell,22895.86312732,0.03362156,0.76979464,USDT
2023-01-24T22:00:00Z,BTC/USDT,buy,22916.49252000,0.03376861,0.77385810,USDT
2023-01-24T22:15:00Z,BTC/USDT,stop_sell,22773.77491625,0.03376861,0.76903872,USDT
2023-01-25T16:15:00Z,BTC/USDT,buy,22632.60064500,0.03416467,0.77323533,USDT
2023-01-25T16:45:00Z,BTC/USDT,sell,22606.20124500,0.03416467,0.77233341,USDT
2023-01-25T18:45:00Z,BTC/USDT,buy,22655.93230500,0.03412832,0.77320891,USDT
2023-01-25T20:00:00Z,BTC/USDT,sell,22737.96533000,0.03412832,0.77600856,USDT
2023-01-25T20:15:00Z,BTC/USDT,buy,22941.45499500,0.03371472,0.77346473,USDT
2023-01-25T20:15:00Z,BTC/USDT,stop_sell,22796.13872875,0.03371472,0.76856543,USDT
2023-01-25T21:30:00Z,BTC/USDT,buy,23005.75713000,0.03359142,0.77279605,USDT
2023-01-25T22:30:00Z,BTC/USDT,sell,23384.76177000,0.03359142,0.78552735,USDT
2023-01-26T12:30:00Z,BTC/USDT,buy,23049.54901500,0.03355209,0.77336054,USDT
2023-01-26T13:00:00Z,BTC/USDT,sell,23115.24659500,0.03355209,0.77556483,USDT
2023-01-26T14:00:00Z,BTC/USDT,buy,23140.48446000,0.03342587,0.77349083,USDT
2023-01-26T14:15:00Z,BTC/USDT,sell,23171.90825000,0.03342587,0.77454119,USDT
2023-01-26T16:15:00Z,BTC/USDT,buy,22972.16034000,0.03367572,0.77360404,USDT
2023-01-26T17:00:00Z,BTC/USDT,sell,22989.33958000,0.03367572,0.77418256,USDT
2023-01-27T05:45:00Z,BTC/USDT,buy,22954.54153500,0.03370635,0.77371381,USDT
2023-01-27T07:00:00Z,BTC/USDT,sell,22988.57996000,0.03370635,0.77486112,USDT
2023-01-27T15:00:00Z,BTC/USDT,buy,22978.81366500,0.03366149,0.77350111,USDT
2023-01-27T15:30:00Z,BTC/USDT,sell,23074.62691500,0.03366149,0.77672632,USDT
2023-01-28T03:00:00Z,BTC/USDT,buy,23100.93469500,0.03348589,0.77355536,USDT
2023-01-28T03:15:00Z,BTC/USDT,sell,23073.87729000,0.03348589,0.77264932,USDT
2023-01-28T12:15:00Z,BTC/USDT,buy,22983.72612000,0.03364671,0.77332677,USDT
2023-01-28T12:30:00Z,BTC/USDT,sell,22937.53549500,0.03364671,0.77177260,USDT
2023-01-28T15:15:00Z,BTC/USDT,buy,23044.95672000,0.03355128,0.77318780,USDT
2023-01-28T19:30:00Z,BTC/USDT,sell,23019.09469500,0.03355128,0.77232009,USDT
2023-01-28T19:45:00Z,BTC/USDT,buy,23045.87718000,0.03354156,0.77299467,USDT
2023-01-28T20:00:00Z,BTC/USDT,sell,23023.46251000,0.03354156,0.77224285,USDT
2023-01-28T23:30:00Z,BTC/USDT,buy,23016.92271000,0.03358222,0.77295936,USDT
2023-01-28T23:45:00Z,BTC/USDT,sell,22982.06322000,0.03358222,0.77178870,USDT
2023-01-29T00:45:00Z,BTC/USDT,buy,23123.59602000,0.03342792,0.77297372,USDT
2023-01-29T01:30:00Z,BTC/USDT,sell,23359.68431500,0.03342792,0.78086566,USDT
2023-01-29T07:00:00Z,BTC/USDT,buy,23211.65002500,0.03330652,0.77309929,USDT
2023-01-29T07:30:00Z,BTC/USDT,sell,23179.21459500,0.03330652,0.77201897,USDT
2023-01-29T11:30:00Z,BTC/USDT,buy,23410.67949000,0.03300515,0.77267299,USDT
2023-01-29T12:30:00Z,BTC/USDT,sell,23387.28051000,0.03300515,0.77190070,USDT
2023-01-29T12:45:00Z,BTC/USDT,buy,23437.06267500,0.0329587,0.77245512,USDT
2023-01-29T17:30:00Z,BTC/USDT,sell,23601.32343500,0.0329587,0.77786894,USDT
2023-01-29T22:45:00Z,BTC/USDT,buy,23781.88500000,0.03249755,0.77285300,USDT
2023-01-29T23:30:00Z,BTC/USDT,sell,23743.02255000,0.03249755,0.77159006,USDT
2023-01-30T06:00:00Z,BTC/USDT,buy,23743.72593000,0.03254388,0.77271297,USDT
2023-01-30T06:30:00Z,BTC/USDT,stop_sell,23664.33120107,0.03254388,0.77012915,USDT
2023-01-30T06:45:00Z,BTC/USDT,buy,23698.69342500,0.03259339,0.77242076,USDT
2023-01-30T07:15:00Z,BTC/USDT,stop_sell,23618.90464000,0.03259339,0.76982017,USDT
2023-01-30T07:30:00Z,BTC/USDT,buy,23644.90654500,0.03265182,0.77204923,USDT
2023-01-30T07:45:00Z,BTC/USDT,sell,23633.22747500,0.03265182,0.77166789,USDT
2023-01-30T08:15:00Z,BTC/USDT,buy,23677.44280500,0.0326005,0.77189647,USDT
2023-01-30T08:15:00Z,BTC/USDT,stop_sell,23595.46208143,0.0326005,0.76922386,USDT
2023-01-30T18:30:00Z,BTC/USDT,buy,23133.19081500,0.03334902,0.77146924,USDT
2023-01-30T19:00:00Z,BTC/USDT,sell,23130.80881000,0.03334902,0.77138981,USDT
2023-01-31T00:00:00Z,BTC/USDT,buy,22834.30144500,0.03377041,0.77112372,USDT
2023-01-31T00:15:00Z,BTC/USDT,sell,22774.49705500,0.03377041,0.76910410,USDT
2023-01-31T06:45:00Z,BTC/USDT,buy,22865.58708000,0.03373174,0.77129604,USDT
2023-01-31T07:00:00Z,BTC/USDT,sell,22798.89485000,0.03373174,0.76904639,USDT
2023-01-31T09:15:00Z,BTC/USDT,buy,22942.39546500,0.03359928,0.77084797,USDT
2023-01-31T10:45:00Z,BTC/USDT,stop_sell,22836.25366125,0.03359928,0.76728168,USDT
2023-01-31T11:00:00Z,BTC/USDT,buy,22838.78368500,0.03372687,0.77028069,USDT
2023-01-31T11:30:00Z,BTC/USDT,sell,22818.48505000,0.03372687,0.76959608,USDT
2023-01-31T11:45:00Z,BTC/USDT,buy,22877.96326500,0.03366974,0.77029507,USDT
2023-01-31T12:15:00Z,BTC/USDT,sell,22854.44706000,0.03366974,0.76950329,USDT
2023-01-31T13:15:00Z,BTC/USDT,buy,22943.49601500,0.03356636,0.77012965,USDT
2023-01-31T13:30:00Z,BTC/USDT,sell,22890.41906500,0.03356636,0.76834805,USDT
2023-01-31T13:45:00Z,BTC/USDT,buy,23090.76961500,0.03335329,0.77015314,USDT
2023-01-31T16:00:00Z,BTC/USDT,sell,23112.67788000,0.03335329,0.77088385,USDT
2023-01-31T19:00:00Z,BTC/USDT,buy,23175.23182500,0.03320465,0.76952546,USDT
2023-01-31T19:15:00Z,BTC/USDT,sell,23112.41801000,0.03320465,0.76743975,USDT
2023-01-31T23:00:00Z,BTC/USDT,buy,23195.61201000,0.03318395,0.76972203,USDT
2023-01-31T23:15:00Z,BTC/USDT,sell,23102.73285500,0.03318395,0.76663993,USDT
2023-02-01T00:00:00Z,BTC/USDT,buy,23137.21282500,0.03323609,0.76899049,USDT
2023-02-01T00:15:00Z,BTC/USDT,sell,23077.29558000,0.03323609,0.76699907,USDT
2023-02-01T01:15:00Z,BTC/USDT,buy,23124.35640000,0.03324298,0.76872252,USDT
2023-02-01T01:30:00Z,BTC/USDT,sell,23052.84781000,0.03324298,0.76634536,USDT
2023-02-01T01:45:00Z,BTC/USDT,buy,23162.79561000,0.03317386,0.76839934,USDT
2023-02-01T03:45:00Z,BTC/USDT,sell,23090.39902500,0.03317386,0.76599766,USDT
2023-02-01T04:00:00Z,BTC/USDT,buy,23142.34539000,0.03319883,0.76829879,USDT
2023-02-01T05:45:00Z,BTC/USDT,sell,23124.25209000,0.03319883,0.76769811,USDT
2023-02-06T17:30:00Z,BTC/USDT,buy,23018.70360000,0.0333675,0.76807659,USDT
2023-02-06T20:45:00Z,BTC/USDT,sell,22993.58745500,0.0333675,0.76723853,USDT
2023-02-06T21:30:00Z,BTC/USDT,buy,22992.72061500,0.03340657,0.76810793,USDT
2023-02-06T21:45:00Z,BTC/USDT,sell,22961.77337000,0.03340657,0.76707409,USDT
2023-02-07T03:00:00Z,BTC/USDT,buy,22895.00178000,0.03352743,0.76761057,USDT
2023-02-07T03:15:00Z,BTC/USDT,sell,22852.10823000,0.03352743,0.76617246,USDT
2023-02-07T03:45:00Z,BTC/USDT,buy,22898.01328500,0.03350917,0.76729342,USDT
2023-02-07T04:15:00Z,BTC/USDT,sell,22870.96879500,0.03350917,0.76638718,USDT
2023-02-07T08:45:00Z,BTC/USDT,buy,22910.40948000,0.03349121,0.76729734,USDT
2023-02-07T09:00:00Z,BTC/USDT,sell,22862.78289000,0.03349121,0.76570226,USDT
2023-02-07T17:00:00Z,BTC/USDT,buy,22986.74763000,0.033365,0.76695283,USDT
2023-02-07T17:15:00Z,BTC/USDT,sell,22955.11670000,0.033365,0.76589747,USDT
2023-02-07T18:00:00Z,BTC/USDT,buy,23297.00268000,0.03291919,0.76691846,USDT
2023-02-07T18:00:00Z,BTC/USDT,stop_sell,23135.69565107,0.03291919,0.76160836,USDT
2023-02-07T19:15:00Z,BTC/USDT,buy,23073.59103000,0.03320664,0.76619643,USDT
2023-02-07T20:45:00Z,BTC/USDT,sell,23175.93623500,0.03320664,0.76959497,USDT
2023-02-08T20:45:00Z,BTC/USDT,buy,22898.76366000,0.03346896,0.76639780,USDT
2023-02-08T21:45:00Z,BTC/USDT,sell,22946.03124500,0.03346896,0.76797980,USDT
2023-02-08T22:00:00Z,BTC/USDT,buy,22961.20486500,0.03337437,0.76631575,USDT
2023-02-08T22:15:00Z,BTC/USDT,sell,22942.79286500,0.03337437,0.76570126,USDT
2023-02-08T22:30:00Z,BTC/USDT,buy,22970.08930500,0.03335098,0.76607499,USDT
2023-02-08T22:45:00Z,BTC/USDT,sell,22955.13669000,0.03335098,0.76557630,USDT
2023-02-08T23:30:00Z,BTC/USDT,buy,22930.96975500,0.0334084,0.76608701,USDT
2023-02-09T00:00:00Z,BTC/USDT,sell,22953.36757500,0.0334084,0.76683529,USDT
2023-02-09T00:30:00Z,BTC/USDT,buy,22996.84267500,0.03330309,0.76586592,USDT
2023-02-09T00:45:00Z,BTC/USDT,sell,22926.91081000,0.03330309,0.76353697,USDT
2023-02-09T14:00:00Z,BTC/USDT,buy,22759.56409500,0.03364556,0.76575828,USDT
2023-02-09T14:30:00Z,BTC/USDT,sell,22751.01880000,0.03364556,0.76547077,USDT
2023-02-10T02:15:00Z,BTC/USDT,buy,21910.66986000,0.03493787,0.76551214,USDT
2023-02-10T04:00:00Z,BTC/USDT,sell,21809.15996500,0.03493787,0.76196560,USDT
2023-02-10T08:00:00Z,BTC/USDT,buy,21920.38471500,0.03490247,0.76507557,USDT
2023-02-10T08:15:00Z,BTC/USDT,sell,21887.82061500,0.03490247,0.76393900,USDT
2023-02-10T14:45:00Z,BTC/USDT,buy,21826.36773000,0.03503437,0.76467304,USDT
2023-02-10T15:30:00Z,BTC/USDT,stop_sell,21719.01720179,0.03503437,0.76091208,USDT
2023-02-11T02:30:00Z,BTC/USDT,buy,21677.23320000,0.03526252,0.76439387,USDT
2023-02-11T02:45:00Z,BTC/USDT,sell,21637.67575000,0.03526252,0.76299897,USDT
2023-02-11T06:00:00Z,BTC/USDT,buy,21683.13615000,0.03524024,0.76411892,USDT
2023-02-11T08:00:00Z,BTC/USDT,sell,21678.04555500,0.03524024,0.76393953,USDT
2023-02-11T08:15:00Z,BTC/USDT,buy,21709.30923000,0.03518881,0.76392476,USDT
2023-02-11T08:30:00Z,BTC/USDT,sell,21674.18748500,0.03518881,0.76268887,USDT
2023-02-11T08:45:00Z,BTC/USDT,buy,21717.77346000,0.03518313,0.76409925,USDT
2023-02-11T10:15:00Z,BTC/USDT,sell,21684.46234500,0.03518313,0.76292726,USDT
2023-02-11T12:30:00Z,BTC/USDT,buy,21730.21968000,0.03514065,0.76361404,USDT
2023-02-11T12:45:00Z,BTC/USDT,sell,21693.20797000,0.03514065,0.76231343,USDT
2023-02-11T13:15:00Z,BTC/USDT,buy,21709.21918500,0.03514545,0.76298028,USDT
2023-02-11T13:30:00Z,BTC/USDT,sell,21736.87612500,0.03514545,0.76395229,USDT
2023-02-12T03:15:00Z,BTC/USDT,buy,21827.19814500,0.03497814,0.76347479,USDT
2023-02-12T03:30:00Z,BTC/USDT,sell,21783.50280000,0.03497814,0.76194641,USDT
2023-02-12T13:00:00Z,BTC/USDT,buy,21835.22215500,0.03494501,0.76303206,USDT
2023-02-12T13:30:00Z,BTC/USDT,sell,21793.39785000,0.03494501,0.76157051,USDT
2023-02-12T14:45:00Z,BTC/USDT,buy,21952.30066500,0.03473738,0.76256541,USDT
2023-02-12T15:00:00Z,BTC/USDT,stop_sell,21879.78677679,0.03473738,0.76004647,USDT
2023-02-12T15:15:00Z,BTC/USDT,buy,21940.19461500,0.03475952,0.76263063,USDT
2023-02-12T17:45:00Z,BTC/USDT,sell,22011.75861500,0.03475952,0.76511816,USDT
2023-02-13T03:00:00Z,BTC/USDT,buy,21767.80846500,0.03502428,0.76240182,USDT
2023-02-13T03:15:00Z,BTC/USDT,sell,21748.06053000,0.03502428,0.76171016,USDT
2023-02-13T03:45:00Z,BTC/USDT,buy,21817.37323500,0.03494887,0.76249254,USDT
2023-02-13T07:00:00Z,BTC/USDT,sell,21811.35886500,0.03494887,0.76228235,USDT
2023-02-13T07:15:00Z,BTC/USDT,buy,21841.22515500,0.03490175,0.76229698,USDT
2023-02-13T07:30:00Z,BTC/USDT,sell,21853.70768000,0.03490175,0.76273264,USDT
2023-02-13T14:15:00Z,BTC/USDT,buy,21622.68594000,0.03526146,0.76244748,USDT
2023-02-13T14:30:00Z,BTC/USDT,sell,21551.59881000,0.03526146,0.75994084,USDT
2023-02-13T18:45:00Z,BTC/USDT,buy,21608.57889000,0.03525751,0.76186469,USDT
2023-02-13T19:30:00Z,BTC/USDT,sell,21607.33093000,0.03525751,0.76182069,USDT
2023-02-13T20:30:00Z,BTC/USDT,buy,21646.70794500,0.03519127,0.76177514,USDT
2023-02-13T21:30:00Z,BTC/USDT,sell,21607.72073500,0.03519127,0.76040313,USDT
2023-02-13T21:45:00Z,BTC/USDT,buy,21606.99810000,0.03524077,0.76144725,USDT
2023-02-13T22:30:00Z,BTC/USDT,sell,21598.43538000,0.03524077,0.76114549,USDT
2023-02-14T11:30:00Z,BTC/USDT,buy,21824.19664500,0.03488356,0.76130567,USDT
2023-02-14T13:30:00Z,BTC/USDT,stop_sell,21735.79737893,0.03488356,0.75822199,USDT
2023-02-14T14:00:00Z,BTC/USDT,buy,21734.61187500,0.03501966,0.76113872,USDT
2023-02-14T14:00:00Z,BTC/USDT,stop_sell,21614.07469929,0.03501966,0.75691755,USDT
2023-02-14T15:00:00Z,BTC/USDT,buy,22257.94341000,0.03418401,0.76086576,USDT
2023-02-14T15:30:00Z,BTC/USDT,sell,22121.91351000,0.03418401,0.75621571,USDT
2023-02-14T20:30:00Z,BTC/USDT,buy,22209.01896000,0.03421503,0.75988225,USDT
2023-02-15T00:15:00Z,BTC/USDT,sell,22151.11890000,0.03421503,0.75790120,USDT
2023-02-15T09:00:00Z,BTC/USDT,buy,22108.35865500,0.03436202,0.75968786,USDT
2023-02-15T09:15:00Z,BTC/USDT,sell,22093.13790500,0.03436202,0.75916485,USDT
2023-02-15T09:30:00Z,BTC/USDT,buy,22129.12903500,0.03432837,0.75965693,USDT
2023-02-15T16:30:00Z,BTC/USDT,sell,22829.48954500,0.03432837,0.78369916,USDT
2023-02-15T16:45:00Z,BTC/USDT,buy,22816.86273000,0.03337553,0.76152489,USDT
2023-02-15T17:00:00Z,BTC/USDT,sell,22759.47457000,0.03337553,0.75960953,USDT
2023-02-15T17:30:00Z,BTC/USDT,buy,22806.00730500,0.03337567,0.76116577,USDT
2023-02-15T20:00:00Z,BTC/USDT,sell,23312.33800000,0.03337567,0.77806490,USDT
2023-02-15T20:15:00Z,BTC/USDT,buy,23643.83601000,0.03225376,0.76260261,USDT
2023-02-16T05:15:00Z,BTC/USDT,sell,24613.02733000,0.03225376,0.79386268,USDT
2023-02-16T05:30:00Z,BTC/USDT,buy,24706.51708500,0.0309396,0.76440976,USDT
2023-02-16T06:45:00Z,BTC/USDT,stop_sell,24605.91196089,0.0309396,0.76129707,USDT
2023-02-16T10:00:00Z,BTC/USDT,buy,24656.56212000,0.03099405,0.76420672,USDT
2023-02-16T10:15:00Z,BTC/USDT,sell,24628.16975500,0.03099405,0.76332672,USDT
2023-02-16T15:45:00Z,BTC/USDT,buy,24770.41902000,0.03084502,0.76404407,USDT
2023-02-16T16:15:00Z,BTC/USDT,sell,24732.97732500,0.03084502,0.76288918,USDT
2023-02-16T16:30:00Z,BTC/USDT,buy,24850.64911500,0.03075128,0.76418927,USDT
2023-02-16T19:00:00Z,BTC/USDT,sell,24954.96627500,0.03075128,0.76739716,USDT
2023-02-16T20:15:00Z,BTC/USDT,buy,24779.02332000,0.03082738,0.76387237,USDT
2023-02-16T20:15:00Z,BTC/USDT,stop_sell,24606.29141393,0.03082738,0.75854750,USDT
2023-02-17T15:30:00Z,BTC/USDT,buy,24042.76537500,0.03174834,0.76331789,USDT
2023-02-17T16:30:00Z,BTC/USDT,sell,24000.07396000,0.03174834,0.76196251,USDT
2023-02-17T16:45:00Z,BTC/USDT,buy,24124.26610500,0.03163549,0.76318298,USDT
2023-02-17T20:00:00Z,BTC/USDT,sell,24516.80546500,0.03163549,0.77560115,USDT
2023-02-17T20:15:00Z,BTC/USDT,buy,24967.39746000,0.03060474,0.76412071,USDT
2023-02-17T21:00:00Z,BTC/USDT,sell,24813.27715500,0.03060474,0.75940390,USDT
2023-02-17T22:45:00Z,BTC/USDT,buy,24596.45208000,0.0310738,0.76430523,USDT
2023-02-18T01:00:00Z,BTC/USDT,sell,24617.92488000,0.0310738,0.76497247,USDT
2023-02-18T07:00:00Z,BTC/USDT,buy,24639.05337000,0.03099259,0.76362808,USDT
2023-02-18T07:00:00Z,BTC/USDT,stop_sell,24553.38181054,0.03099259,0.76097290,USDT
2023-02-18T07:15:00Z,BTC/USDT,buy,24587.80776000,0.03104606,0.76335455,USDT
2023-02-18T07:30:00Z,BTC/USDT,sell,24550.46862500,0.03104606,0.76219532,USDT
2023-02-18T12:15:00Z,BTC/USDT,buy,24603.79575000,0.03101084,0.76298437,USDT
2023-02-18T13:45:00Z,BTC/USDT,sell,24569.89890500,0.03101084,0.76193320,USDT
2023-02-18T22:30:00Z,BTC/USDT,buy,24669.98883000,0.03091943,0.76278199,USDT
2023-02-18T22:45:00Z,BTC/USDT,sell,24592.26771500,0.03091943,0.76037890,USDT
2023-02-19T00:30:00Z,BTC/USDT,buy,24738.96330000,0.03082324,0.76253500,USDT
2023-02-19T01:15:00Z,BTC/USDT,stop_sell,24653.30218250,0.03082324,0.75989465,USDT
2023-02-19T01:30:00Z,BTC/USDT,buy,24675.84175500,0.03089149,0.76227352,USDT
2023-02-19T05:45:00Z,BTC/USDT,sell,24728.72945000,0.03089149,0.76390730,USDT
2023-02-19T06:15:00Z,BTC/USDT,buy,24761.26444500,0.03078444,0.76226166,USDT
2023-02-19T06:30:00Z,BTC/USDT,sell,24673.60702500,0.03078444,0.75956318,USDT
2023-02-19T12:00:00Z,BTC/USDT,buy,24682.75521000,0.03087047,0.76196825,USDT
2023-02-19T12:30:00Z,BTC/USDT,sell,24673.68698500,0.03087047,0.76168831,USDT
2023-02-19T22:00:00Z,BTC/USDT,buy,24544.06590000,0.03102709,0.76153094,USDT
2023-02-19T22:15:00Z,BTC/USDT,sell,24540.31370500,0.03102709,0.76141452,USDT
2023-02-20T10:15:00Z,BTC/USDT,buy,24979.38345000,0.03051037,0.76213023,USDT
2023-02-20T10:30:00Z,BTC/USDT,stop_sell,24777.97338714,0.03051037,0.75598514,USDT
2023-02-20T11:30:00Z,BTC/USDT,buy,24864.76617000,0.03060347,0.76094813,USDT
2023-02-20T14:30:00Z,BTC/USDT,sell,24827.72992500,0.03060347,0.75981469,USDT
2023-02-20T15:00:00Z,BTC/USDT,buy,24972.07980000,0.0304513,0.76043229,USDT
2023-02-20T16:15:00Z,BTC/USDT,sell,24837.19519000,0.0304513,0.75632488,USDT
2023-02-20T17:00:00Z,BTC/USDT,buy,24897.96276000,0.03053854,0.76034743,USDT
2023-02-20T18:00:00Z,BTC/USDT,sell,24801.35312000,0.03053854,0.75739711,USDT
2023-02-20T19:15:00Z,BTC/USDT,buy,24875.96176500,0.0305494,0.75994571,USDT
2023-02-20T19:30:00Z,BTC/USDT,sell,24841.90283500,0.0305494,0.75890523,USDT
2023-02-20T21:15:00Z,BTC/USDT,buy,24804.75618000,0.03062856,0.75973396,USDT
2023-02-20T21:30:00Z,BTC/USDT,sell,24776.60550000,0.03062856,0.75887175,USDT
2023-02-21T01:00:00Z,BTC/USDT,buy,24870.82920000,0.03054326,0.75963620,USDT
2023-02-21T01:30:00Z,BTC/USDT,sell,24814.94632000,0.03054326,0.75792936,USDT
2023-02-21T02:00:00Z,BTC/USDT,buy,24874.23090000,0.03052739,0.75934535,USDT
2023-02-21T03:00:00Z,BTC/USDT,sell,24895.53600500,0.03052739,0.75999574,USDT
2023-02-21T03:15:00Z,BTC/USDT,buy,24962.03478000,0.0304123,0.75915289,USDT
2023-02-21T07:30:00Z,BTC/USDT,sell,24979.39405500,0.0304123,0.75968083,USDT
2023-02-21T07:45:00Z,BTC/USDT,buy,24994.60105500,0.03036759,0.75902580,USDT
2023-02-21T08:30:00Z,BTC/USDT,stop_sell,24895.72341125,0.03036759,0.75602312,USDT
2023-02-21T18:00:00Z,BTC/USDT,buy,24669.56862000,0.03076377,0.75892894,USDT
2023-02-21T19:30:00Z,BTC/USDT,sell,24619.17425500,0.03076377,0.75737861,USDT
2023-02-21T20:00:00Z,BTC/USDT,buy,24613.14042000,0.03081802,0.75852825,USDT
2023-02-21T20:15:00Z,BTC/USDT,stop_sell,24433.89444125,0.03081802,0.75300425,USDT
2023-02-22T10:00:00Z,BTC/USDT,buy,24113.29062000,0.03143167,0.75792099,USDT
2023-02-22T13:00:00Z,BTC/USDT,stop_sell,23954.01378732,0.03143167,0.75291466,USDT
2023-02-22T13:15:00Z,BTC/USDT,buy,24010.08904500,0.03153038,0.75704723,USDT
2023-02-22T13:45:00Z,BTC/USDT,sell,24102.95249500,0.03153038,0.75997525,USDT
2023-02-23T16:30:00Z,BTC/USDT,buy,23928.75840000,0.03165656,0.75750218,USDT
2023-02-23T17:00:00Z,BTC/USDT,sell,23754.48681500,0.03165656,0.75198534,USDT
2023-02-23T17:45:00Z,BTC/USDT,buy,23969.53878000,0.03158383,0.75704984,USDT
2023-02-23T18:00:00Z,BTC/USDT,sell,23824.93157500,0.03158383,0.75248259,USDT
2023-02-23T19:30:00Z,BTC/USDT,buy,24011.83992000,0.03150364,0.75646036,USDT
2023-02-23T19:45:00Z,BTC/USDT,sell,23976.25587500,0.03150364,0.75533933,USDT
2023-02-23T20:00:00Z,BTC/USDT,buy,23983.80591000,0.03153779,0.75639623,USDT
2023-02-23T20:30:00Z,BTC/USDT,sell,23995.18640500,0.03153779,0.75675515,USDT
2023-02-24T01:15:00Z,BTC/USDT,buy,24092.37016500,0.03138411,0.75611760,USDT
2023-02-24T02:00:00Z,BTC/USDT,stop_sell,23946.35333375,0.03138411,0.75153499,USDT
2023-02-24T02:15:00Z,BTC/USDT,buy,23972.89045500,0.03151909,0.75560369,USDT
2023-02-24T05:00:00Z,BTC/USDT,sell,23932.94754000,0.03151909,0.75434473,USDT
2023-02-24T11:00:00Z,BTC/USDT,buy,23870.31919500,0.03165164,0.75553475,USDT
2023-02-24T11:30:00Z,BTC/USDT,sell,23845.65121000,0.03165164,0.75475397,USDT
2023-02-24T12:15:00Z,BTC/USDT,buy,23946.77740500,0.03154749,0.75546072,USDT
2023-02-24T13:00:00Z,BTC/USDT,stop_sell,23846.33479661,0.03154749,0.75229201,USDT
2023-02-24T13:15:00Z,BTC/USDT,buy,23868.55831500,0.03162981,0.75495796,USDT
2023-02-24T13:30:00Z,BTC/USDT,stop_sell,23764.21944625,0.03162981,0.75165775,USDT
2023-02-24T21:00:00Z,BTC/USDT,buy,23227.11775500,0.0324938,0.75473732,USDT
2023-02-24T21:15:00Z,BTC/USDT,sell,23201.16361500,0.0324938,0.75389397,USDT
2023-02-24T23:00:00Z,BTC/USDT,buy,23126.32738500,0.032623,0.75445018,USDT
2023-02-25T00:45:00Z,BTC/USDT,sell,23117.80531500,0.032623,0.75417216,USDT
2023-02-25T08:00:00Z,BTC/USDT,buy,23127.08776500,0.03261433,0.75427447,USDT
2023-02-25T09:15:00Z,BTC/USDT,stop_sell,23050.35941196,0.03261433,0.75177203,USDT
2023-02-25T15:30:00Z,BTC/USDT,buy,23033.48098500,0.0327357,0.75401712,USDT
2023-02-25T18:30:00Z,BTC/USDT,sell,23012.25811500,0.0327357,0.75332238,USDT
2023-02-25T18:45:00Z,BTC/USDT,buy,23034.51150000,0.03272511,0.75380692,USDT
2023-02-25T19:00:00Z,BTC/USDT,sell,22971.25862500,0.03272511,0.75173697,USDT
2023-02-25T22:30:00Z,BTC/USDT,buy,23071.61004000,0.03266219,0.75356931,USDT
2023-02-25T23:15:00Z,BTC/USDT,sell,23102.61291500,0.03266219,0.75458193,USDT
2023-02-25T23:30:00Z,BTC/USDT,buy,23192.54047500,0.03248643,0.75344284,USDT
2023-02-25T23:45:00Z,BTC/USDT,sell,23134.76683000,0.03248643,0.75156598,USDT
2023-02-26T00:45:00Z,BTC/USDT,buy,23124.53649000,0.03257283,0.75323160,USDT
2023-02-26T01:30:00Z,BTC/USDT,sell,23100.73385500,0.03257283,0.75245628,USDT
2023-02-26T12:45:00Z,BTC/USDT,buy,23196.73257000,0.03246681,0.75312391,USDT
2023-02-26T14:30:00Z,BTC/USDT,sell,23212.00819000,0.03246681,0.75361986,USDT
2023-02-26T17:45:00Z,BTC/USDT,buy,23196.95268000,0.03246397,0.75306518,USDT
2023-02-26T21:30:00Z,BTC/USDT,sell,23586.99060500,0.03246397,0.76572736,USDT
2023-02-26T23:15:00Z,BTC/USDT,buy,23549.99911500,0.03200089,0.75362093,USDT
2023-02-26T23:30:00Z,BTC/USDT,sell,23504.79172500,0.03200089,0.75217425,USDT
2023-02-27T01:00:00Z,BTC/USDT,buy,23509.61893500,0.03205668,0.75364033,USDT
2023-02-27T01:15:00Z,BTC/USDT,sell,23443.51238000,0.03205668,0.75152117,USDT
2023-02-27T03:30:00Z,BTC/USDT,buy,23609.51886000,0.03189994,0.75314224,USDT
2023-02-27T04:00:00Z,BTC/USDT,stop_sell,23511.13783607,0.03189994,0.75000389,USDT
2023-02-27T11:15:00Z,BTC/USDT,buy,23423.41585500,0.0321565,0.75321507,USDT
2023-02-27T12:00:00Z,BTC/USDT,sell,23418.96466000,0.0321565,0.75307194,USDT
2023-02-27T13:00:00Z,BTC/USDT,buy,23411.75002500,0.03215317,0.75276198,USDT
2023-02-27T14:00:00Z,BTC/USDT,sell,23692.38788000,0.03215317,0.76178538,USDT
2023-02-27T14:30:00Z,BTC/USDT,buy,23803.58584500,0.03165385,0.75347514,USDT
2023-02-27T14:45:00Z,BTC/USDT,sell,23726.55079000,0.03165385,0.75103668,USDT
2023-02-27T21:00:00Z,BTC/USDT,buy,23330.59947000,0.03227443,0.75298180,USDT
2023-02-27T21:30:00Z,BTC/USDT,sell,23346.55088500,0.03227443,0.75349662,USDT
2023-02-27T22:00:00Z,BTC/USDT,buy,23394.13122000,0.03219038,0.75306597,USDT
2023-02-28T00:00:00Z,BTC/USDT,sell,23479.36444500,0.03219038,0.75580966,USDT
2023-02-28T00:15:00Z,BTC/USDT,buy,23488.55841000,0.0320627,0.75310660,USDT
2023-02-28T00:30:00Z,BTC/USDT,sell,23469.46939500,0.0320627,0.75249456,USDT
2023-02-28T01:00:00Z,BTC/USDT,buy,23431.92010500,0.03212761,0.75281159,USDT
2023-02-28T01:30:00Z,BTC/USDT,sell,23407.08060500,0.03212761,0.75201356,USDT
2023-02-28T02:00:00Z,BTC/USDT,buy,23442.09519000,0.03211241,0.75278217,USDT
2023-02-28T04:00:00Z,BTC/USDT,sell,23450.86870000,0.03211241,0.75306391,USDT
2023-02-28T11:45:00Z,BTC/USDT,buy,23418.90360000,0.03214846,0.75288169,USDT
2023-02-28T13:00:00Z,BTC/USDT,sell,23440.71378000,0.03214846,0.75358285,USDT
2023-02-28T13:45:00Z,BTC/USDT,buy,23403.88609500,0.03215601,0.75257560,USDT
2023-02-28T14:00:00Z,BTC/USDT,sell,23392.12808500,0.03215601,0.75219750,USDT
2023-02-28T19:15:00Z,BTC/USDT,buy,23475.92209500,0.03205024,0.75240894,USDT
2023-02-28T19:15:00Z,BTC/USDT,stop_sell,23367.50825821,0.03205024,0.74893425,USDT
2023-03-01T02:00:00Z,BTC/USDT,buy,23253.91114500,0.03233906,0.75200963,USDT
2023-03-01T04:45:00Z,BTC/USDT,sell,23478.51487000,0.03233906,0.75927310,USDT
2023-03-01T09:00:00Z,BTC/USDT,buy,23873.54080500,0.03151004,0.75225623,USDT
2023-03-01T09:30:00Z,BTC/USDT,stop_sell,23741.68536179,0.03151004,0.74810146,USDT
2023-03-01T10:00:00Z,BTC/USDT,buy,23770.39926000,0.03163951,0.75208379,USDT
2023-03-01T10:15:00Z,BTC/USDT,sell,23717.28542500,0.03163951,0.75040329,USDT
2023-03-01T17:45:00Z,BTC/USDT,buy,23734.44129000,0.03167112,0.75169634,USDT
2023-03-01T18:45:00Z,BTC/USDT,sell,23665.63126500,0.03167112,0.74951705,USDT
2023-03-01T19:00:00Z,BTC/USDT,buy,23702.25520500,0.03170403,0.75145701,USDT
2023-03-01T19:15:00Z,BTC/USDT,sell,23644.49184000,0.03170403,0.74962568,USDT
2023-03-02T02:15:00Z,BTC/USDT,buy,23535.63193500,0.03191327,0.75109898,USDT
2023-03-02T02:30:00Z,BTC/USDT,sell,23526.49087000,0.03191327,0.75080726,USDT
2023-03-02T03:15:00Z,BTC/USDT,buy,23497.01263500,0.03196107,0.75098967,USDT
2023-03-02T03:30:00Z,BTC/USDT,sell,23489.38943000,0.03196107,0.75074602,USDT
2023-03-02T18:45:00Z,BTC/USDT,buy,23395.71201000,0.03209501,0.75088561,USDT
2023-03-02T19:15:00Z,BTC/USDT,sell,23401.89320000,0.03209501,0.75108400,USDT
2023-03-03T06:30:00Z,BTC/USDT,buy,22410.24952500,0.03350636,0.75088589,USDT
2023-03-03T07:00:00Z,BTC/USDT,sell,22362.57312000,0.03350636,0.74928843,USDT
2023-03-04T02:45:00Z,BTC/USDT,buy,22356.51267000,0.03357076,0.75052512,USDT
2023-03-04T03:30:00Z,BTC/USDT,sell,22330.32925000,0.03357076,0.74964612,USDT
2023-03-04T04:15:00Z,BTC/USDT,buy,22368.26854500,0.03354132,0.75026125,USDT
2023-03-04T04:30:00Z,BTC/USDT,sell,22327.65059000,0.03354132,0.74889887,USDT
2023-03-04T06:30:00Z,BTC/USDT,buy,22410.04942500,0.03348898,0.75048970,USDT
2023-03-04T08:00:00Z,BTC/USDT,stop_sell,22338.78787571,0.03348898,0.74810322,USDT
2023-03-04T08:15:00Z,BTC/USDT,buy,22356.21252000,0.03353874,0.74979920,USDT
2023-03-04T08:45:00Z,BTC/USDT,sell,22327.65059000,0.03353874,0.74884127,USDT
2023-03-04T09:15:00Z,BTC/USDT,buy,22377.74328000,0.03349888,0.74962934,USDT
2023-03-04T10:30:00Z,BTC/USDT,sell,22335.74654000,0.03349888,0.74822249,USDT
2023-03-04T15:15:00Z,BTC/USDT,buy,22364.16649500,0.03351031,0.74943015,USDT
2023-03-04T15:30:00Z,BTC/USDT,stop_sell,22311.52008786,0.03351031,0.74766595,USDT
2023-03-04T15:45:00Z,BTC/USDT,buy,22341.76530000,0.03352532,0.74901483,USDT
2023-03-04T16:00:00Z,BTC/USDT,sell,22308.79002500,0.03352532,0.74790932,USDT
2023-03-04T22:45:00Z,BTC/USDT,buy,22358.43363000,0.03349852,0.74897444,USDT
2023-03-04T23:00:00Z,BTC/USDT,sell,22296.11636500,0.03349852,0.74688690,USDT
2023-03-04T23:45:00Z,BTC/USDT,buy,22349.96940000,0.03349708,0.74865871,USDT
2023-03-05T01:15:00Z,BTC/USDT,sell,22381.88346000,0.03349708,0.74972774,USDT
2023-03-05T06:00:00Z,BTC/USDT,buy,22428.52866000,0.03337979,0.74865958,USDT
2023-03-05T06:15:00Z,BTC/USDT,sell,22403.06286500,0.03337979,0.74780953,USDT
2023-03-05T07:30:00Z,BTC/USDT,buy,22401.80530500,0.03341537,0.74856461,USDT
2023-03-05T08:00:00Z,BTC/USDT,sell,22363.85248000,0.03341537,0.74729641,USDT
2023-03-05T10:30:00Z,BTC/USDT,buy,22411.29004500,0.03338565,0.74821549,USDT
2023-03-05T10:45:00Z,BTC/USDT,sell,22391.19880000,0.03338565,0.74754473,USDT
2023-03-05T16:45:00Z,BTC/USDT,buy,22456.32255000,0.0333124,0.74807400,USDT
2023-03-05T18:00:00Z,BTC/USDT,sell,22412.80799000,0.0333124,0.74662442,USDT
2023-03-05T22:00:00Z,BTC/USDT,buy,22497.04290000,0.03323942,0.74778866,USDT
2023-03-05T22:15:00Z,BTC/USDT,stop_sell,22389.49036893,0.03323942,0.74421367,USDT
2023-03-06T00:15:00Z,BTC/USDT,buy,22419.92436000,0.03332906,0.74723500,USDT
2023-03-06T01:15:00Z,BTC/USDT,sell,22377.60560000,0.03332906,0.74582456,USDT
2023-03-06T01:30:00Z,BTC/USDT,buy,22466.70774000,0.03326862,0.74743636,USDT
2023-03-06T01:45:00Z,BTC/USDT,sell,22381.18381000,0.03326862,0.74459110,USDT
2023-03-06T04:15:00Z,BTC/USDT,buy,22407.38809500,0.03332653,0.74676049,USDT
2023-03-06T04:30:00Z,BTC/USDT,sell,22366.81100000,0.03332653,0.74540820,USDT
2023-03-06T06:30:00Z,BTC/USDT,buy,22436.00239500,0.03327946,0.74665804,USDT
2023-03-06T08:15:00Z,BTC/USDT,sell,22370.95892500,0.03327946,0.74449343,USDT
2023-03-06T08:45:00Z,BTC/USDT,buy,22436.27253000,0.03326731,0.74639443,USDT
2023-03-06T09:15:00Z,BTC/USDT,stop_sell,22365.74546161,0.03326731,0.74404819,USDT
2023-03-06T12:45:00Z,BTC/USDT,buy,22411.29004500,0.03328682,0.74600058,USDT
2023-03-06T13:30:00Z,BTC/USDT,sell,22397.56561500,0.03328682,0.74554374,USDT
2023-03-06T13:45:00Z,BTC/USDT,buy,22469.07892500,0.03320762,0.74614463,USDT
2023-03-06T14:00:00Z,BTC/USDT,sell,22429.13982000,0.03320762,0.74481835,USDT
2023-03-07T00:30:00Z,BTC/USDT,buy,22404.81681000,0.03327602,0.74554313,USDT
2023-03-07T01:30:00Z,BTC/USDT,sell,22448.75001000,0.03327602,0.74700505,USDT
2023-03-07T13:00:00Z,BTC/USDT,buy,22412.62071000,0.03326915,0.74564884,USDT
2023-03-07T13:15:00Z,BTC/USDT,sell,22382.80300000,0.03326915,0.74465683,USDT
2023-03-07T20:00:00Z,BTC/USDT,buy,22132.55074500,0.03366877,0.74517576,USDT
2023-03-07T20:00:00Z,BTC/USDT,stop_sell,22005.32647554,0.03366877,0.74089228,USDT
2023-03-08T10:30:00Z,BTC/USDT,buy,22049.54926500,0.03378479,0.74493939,USDT
2023-03-08T13:00:00Z,BTC/USDT,stop_sell,21968.38352768,0.03378479,0.74219722,USDT
2023-03-08T13:45:00Z,BTC/USDT,buy,22043.88643500,0.03378099,0.74466431,USDT
2023-03-08T13:45:00Z,BTC/USDT,stop_sell,21946.30136000,0.03378099,0.74136779,USDT
2023-03-08T14:15:00Z,BTC/USDT,buy,22004.96698500,0.03382147,0.74424033,USDT
2023-03-08T14:30:00Z,BTC/USDT,sell,21976.06647000,0.03382147,0.74326287,USDT
2023-03-08T15:15:00Z,BTC/USDT,buy,22159.13403000,0.03357194,0.74392512,USDT
2023-03-08T15:15:00Z,BTC/USDT,stop_sell,22025.88404875,0.03357194,0.73945166,USDT
2023-03-08T15:45:00Z,BTC/USDT,buy,22161.90541500,0.03355208,0.74357802,USDT
2023-03-08T18:00:00Z,BTC/USDT,stop_sell,22000.94045536,0.03355208,0.73817731,USDT
2023-03-08T18:15:00Z,BTC/USDT,buy,22041.58528500,0.03370715,0.74295902,USDT
2023-03-08T18:30:00Z,BTC/USDT,sell,21957.19591000,0.03370715,0.74011450,USDT
2023-03-08T19:00:00Z,BTC/USDT,buy,22035.32215500,0.03370802,0.74276708,USDT
2023-03-08T20:00:00Z,BTC/USDT,sell,21987.93053500,0.03370802,0.74116960,USDT
2023-03-10T09:30:00Z,BTC/USDT,buy,19931.42073000,0.03725899,0.74262461,USDT
2023-03-10T09:45:00Z,BTC/USDT,sell,19842.55376000,0.03725899,0.73931351,USDT
2023-03-10T13:00:00Z,BTC/USDT,buy,19942.39621500,0.03721146,0.74208568,USDT
2023-03-10T13:15:00Z,BTC/USDT,sell,19916.35684000,0.03721146,0.74111672,USDT
2023-03-10T13:30:00Z,BTC/USDT,buy,19944.60732000,0.03719671,0.74187377,USDT
2023-03-10T14:00:00Z,BTC/USDT,sell,20171.86902000,0.03719671,0.75032716,USDT
2023-03-10T22:00:00Z,BTC/USDT,buy,20095.89292500,0.03694819,0.74250687,USDT
2023-03-10T22:30:00Z,BTC/USDT,sell,20088.52071500,0.03694819,0.74223448,USDT
2023-03-11T04:15:00Z,BTC/USDT,buy,20298.32409000,0.03657485,0.74240816,USDT
2023-03-11T06:30:00Z,BTC/USDT,sell,20306.85149500,0.03657485,0.74272005,USDT
2023-03-11T12:30:00Z,BTC/USDT,buy,20111.49072000,0.03690489,0.74221235,USDT
2023-03-11T13:30:00Z,BTC/USDT,sell,20101.90402000,0.03690489,0.74185856,USDT
2023-03-11T14:15:00Z,BTC/USDT,buy,20126.35815000,0.03687591,0.74217777,USDT
2023-03-11T15:15:00Z,BTC/USDT,sell,20082.25385000,0.03687591,0.74055139,USDT
2023-03-11T15:30:00Z,BTC/USDT,buy,20115.48271500,0.03686811,0.74161983,USDT
2023-03-11T16:00:00Z,BTC/USDT,stop_sell,20007.04897125,0.03686811,0.73762208,USDT
2023-03-11T17:15:00Z,BTC/USDT,buy,20118.27411000,0.03684901,0.74133848,USDT
2023-03-11T18:15:00Z,BTC/USDT,sell,20189.90000000,0.03684901,0.74397783,USDT
2023-03-11T18:30:00Z,BTC/USDT,buy,20285.46766500,0.03654588,0.74135027,USDT
2023-03-11T18:45:00Z,BTC/USDT,sell,20237.47620000,0.03654588,0.73959638,USDT
2023-03-12T02:15:00Z,BTC/USDT,buy,20364.28705500,0.03639604,0.74117941,USDT
2023-03-12T02:30:00Z,BTC/USDT,sell,20310.07988000,0.03639604,0.73920648,USDT
2023-03-12T03:30:00Z,BTC/USDT,buy,20365.68775500,0.03637074,0.74071513,USDT
2023-03-12T03:45:00Z,BTC/USDT,sell,20379.46517000,0.03637074,0.74121623,USDT
2023-03-12T05:15:00Z,BTC/USDT,buy,20424.60720000,0.03627273,0.74085626,USDT
2023-03-12T05:30:00Z,BTC/USDT,sell,20388.24078000,0.03627273,0.73953715,USDT
2023-03-12T09:00:00Z,BTC/USDT,buy,20384.54718000,0.03633303,0.74063236,USDT
2023-03-12T09:30:00Z,BTC/USDT,sell,20373.82799000,0.03633303,0.74024290,USDT
2023-03-12T10:30:00Z,BTC/USDT,buy,20412.55117500,0.03625718,0.74010154,USDT
2023-03-12T12:00:00Z,BTC/USDT,stop_sell,20343.34895143,0.03625718,0.73759246,USDT
2023-03-12T12:30:00Z,BTC/USDT,buy,20395.07244000,0.0363037,0.74041659,USDT
2023-03-12T14:15:00Z,BTC/USDT,sell,20357.24628500,0.0363037,0.73904336,USDT
2023-03-12T14:45:00Z,BTC/USDT,buy,20401.38559500,0.03626596,0.73987583,USDT
2023-03-12T15:00:00Z,BTC/USDT,sell,20331.34924000,0.03626596,0.73733590,USDT
2023-03-12T17:00:00Z,BTC/USDT,buy,20401.14547500,0.03625063,0.73955438,USDT
2023-03-12T17:15:00Z,BTC/USDT,sell,20386.34173000,0.03625063,0.73901773,USDT
2023-03-12T19:15:00Z,BTC/USDT,buy,21183.31636500,0.03490158,0.73933121,USDT
2023-03-12T19:15:00Z,BTC/USDT,stop_sell,20939.44611089,0.03490158,0.73081975,USDT
2023-03-12T20:15:00Z,BTC/USDT,buy,20863.12635000,0.03540546,0.73866859,USDT
2023-03-12T21:15:00Z,BTC/USDT,sell,21194.07766000,0.03540546,0.75038607,USDT
2023-03-13T03:45:00Z,BTC/USDT,buy,22225.82736000,0.03326046,0.73924124,USDT
2023-03-13T05:30:00Z,BTC/USDT,sell,22321.96343500,0.03326046,0.74243877,USDT
2023-03-13T06:00:00Z,BTC/USDT,buy,22405.16698500,0.03300725,0.73953295,USDT
2023-03-13T06:30:00Z,BTC/USDT,stop_sell,22245.48597857,0.03300725,0.73426232,USDT
2023-03-13T06:45:00Z,BTC/USDT,buy,22353.65124000,0.03305788,0.73896432,USDT
2023-03-13T08:45:00Z,BTC/USDT,stop_sell,22189.79490946,0.03305788,0.73354758,USDT
2023-03-13T13:30:00Z,BTC/USDT,buy,22451.65021500,0.03288929,0.73841883,USDT
2023-03-13T20:15:00Z,BTC/USDT,sell,24143.20236000,0.03288929,0.79405278,USDT
2023-03-13T20:30:00Z,BTC/USDT,buy,24137.17255500,0.030779,0.74291803,USDT
2023-03-13T22:30:00Z,BTC/USDT,sell,24187.35027500,0.030779,0.74446245,USDT
2023-03-13T22:45:00Z,BTC/USDT,buy,24193.77084000,0.03069916,0.74272844,USDT
2023-03-13T23:00:00Z,BTC/USDT,sell,24191.33828000,0.03069916,0.74265376,USDT
2023-03-14T01:30:00Z,BTC/USDT,buy,24293.87086500,0.03057022,0.74266898,USDT
2023-03-14T06:15:00Z,BTC/USDT,sell,24337.66508000,0.03057022,0.74400778,USDT
2023-03-14T06:30:00Z,BTC/USDT,buy,24395.02141500,0.03045242,0.74288744,USDT
2023-03-14T06:45:00Z,BTC/USDT,sell,24277.62511500,0.03045242,0.73931244,USDT
2023-03-14T07:15:00Z,BTC/USDT,buy,24400.13397000,0.03041803,0.74220401,USDT
2023-03-14T07:30:00Z,BTC/USDT,sell,24225.64112000,0.03041803,0.73689628,USDT
2023-03-14T10:30:00Z,BTC/USDT,buy,24372.86034000,0.03043432,0.74177143,USDT
2023-03-14T14:45:00Z,BTC/USDT,sell,25835.83562000,0.03043432,0.78629609,USDT
2023-03-14T15:00:00Z,BTC/USDT,buy,25833.03006000,0.02884488,0.74515065,USDT
2023-03-14T15:15:00Z,BTC/USDT,sell,25850.93806500,0.02884488,0.74566721,USDT
2023-03-15T00:00:00Z,BTC/USDT,buy,24683.22544500,0.03018037,0.74494888,USDT
2023-03-15T00:30:00Z,BTC/USDT,sell,24382.48266000,0.03018037,0.73587235,USDT
2023-03-15T09:00:00Z,BTC/USDT,buy,24763.55559000,0.03004948,0.74413197,USDT
2023-03-15T09:15:00Z,BTC/USDT,sell,24724.18172500,0.03004948,0.74294880,USDT
2023-03-15T12:00:00Z,BTC/USDT,buy,24767.94778500,0.03004178,0.74407324,USDT
2023-03-15T12:15:00Z,BTC/USDT,sell,24629.75896000,0.03004178,0.73992180,USDT
2023-03-15T13:15:00Z,BTC/USDT,buy,25029.19834500,0.02969764,0.74330812,USDT
2023-03-15T14:30:00Z,BTC/USDT,stop_sell,24636.66693286,0.02969764,0.73165087,USDT
2023-03-15T15:00:00Z,BTC/USDT,buy,24714.44104500,0.03003702,0.74234816,USDT
2023-03-15T15:45:00Z,BTC/USDT,sell,24499.73400500,0.03003702,0.73589900,USDT
2023-03-15T21:00:00Z,BTC/USDT,buy,24332.54019000,0.03049411,0.74199916,USDT
2023-03-15T21:45:00Z,BTC/USDT,sell,24437.38519500,0.03049411,0.74519631,USDT
2023-03-15T23:00:00Z,BTC/USDT,buy,24377.46264000,0.03043613,0.74195562,USDT
2023-03-15T23:15:00Z,BTC/USDT,sell,24322.46268500,0.03043613,0.74028164,USDT
2023-03-16T02:15:00Z,BTC/USDT,buy,24394.82131500,0.03040891,0.74181993,USDT
2023-03-16T02:30:00Z,BTC/USDT,sell,24402.00289500,0.03040891,0.74203831,USDT
2023-03-16T05:30:00Z,BTC/USDT,buy,24387.43762500,0.030414,0.74171953,USDT
2023-03-16T05:45:00Z,BTC/USDT,sell,24358.73454000,0.030414,0.74084655,USDT
2023-03-16T08:15:00Z,BTC/USDT,buy,24656.13190500,0.03007589,0.74155511,USDT
2023-03-16T09:00:00Z,BTC/USDT,stop_sell,24475.56323929,0.03007589,0.73612435,USDT
2023-03-16T09:45:00Z,BTC/USDT,buy,24805.24642500,0.02990469,0.74179320,USDT
2023-03-16T10:00:00Z,BTC/USDT,sell,24646.64051500,0.02990469,0.73705014,USDT
2023-03-16T12:45:00Z,BTC/USDT,buy,24748.82823000,0.0299198,0.74047999,USDT
2023-03-16T15:15:00Z,BTC/USDT,sell,24805.44107500,0.0299198,0.74217384,USDT
2023-03-16T16:00:00Z,BTC/USDT,buy,24905.66661000,0.0297315,0.74048283,USDT
2023-03-16T16:15:00Z,BTC/USDT,sell,24806.29065000,0.0297315,0.73752823,USDT
2023-03-16T17:00:00Z,BTC/USDT,buy,24800.69415000,0.02984026,0.74005916,USDT
2023-03-16T17:15:00Z,BTC/USDT,sell,24711.55804000,0.02984026,0.73739932,USDT
2023-03-16T21:30:00Z,BTC/USDT,buy,24868.23790500,0.02976883,0.74029835,USDT
2023-03-16T22:15:00Z,BTC/USDT,sell,24890.58848000,0.02976883,0.74096370,USDT
2023-03-17T01:15:00Z,BTC/USDT,buy,24996.71211000,0.02959269,0.73971995,USDT
2023-03-17T02:30:00Z,BTC/USDT,sell,25824.01153500,0.02959269,0.76420197,USDT
2023-03-17T02:45:00Z,BTC/USDT,buy,25565.55639000,0.02900718,0.74158470,USDT
2023-03-17T06:15:00Z,BTC/USDT,sell,25791.69770000,0.02900718,0.74814442,USDT
2023-03-17T06:30:00Z,BTC/USDT,buy,25871.23915500,0.02868014,0.74199076,USDT
2023-03-17T08:45:00Z,BTC/USDT,sell,26002.82208500,0.02868014,0.74576458,USDT
2023-03-17T09:15:00Z,BTC/USDT,buy,26045.77638000,0.02849265,0.74211319,USDT
2023-03-17T11:30:00Z,BTC/USDT,sell,26644.26120500,0.02849265,0.75916561,USDT
2023-03-17T11:45:00Z,BTC/USDT,buy,26865.56607000,0.02766052,0.74311553,USDT
2023-03-17T12:15:00Z,BTC/USDT,stop_sell,26591.97736000,0.02766052,0.73554792,USDT
2023-03-17T18:45:00Z,BTC/USDT,buy,26484.67572000,0.02804237,0.74269308,USDT
2023-03-17T19:45:00Z,BTC/USDT,sell,26809.34862000,0.02804237,0.75179767,USDT
2023-03-17T20:00:00Z,BTC/USDT,buy,26850.65862000,0.02768309,0.74330920,USDT
2023-03-17T20:45:00Z,BTC/USDT,sell,26654.20623000,0.02768309,0.73787079,USDT
2023-03-18T07:45:00Z,BTC/USDT,buy,27433.61995500,0.02707016,0.74263248,USDT
2023-03-18T08:00:00Z,BTC/USDT,stop_sell,27265.49757429,0.02707016,0.73808138,USDT
2023-03-18T09:45:00Z,BTC/USDT,buy,27419.88309000,0.02709417,0.74291897,USDT
2023-03-18T10:15:00Z,BTC/USDT,sell,27394.06611500,0.02709417,0.74221948,USDT
2023-03-18T13:00:00Z,BTC/USDT,buy,27525.30577500,0.02695599,0.74197187,USDT
2023-03-18T13:30:00Z,BTC/USDT,sell,27424.12108000,0.02695599,0.73924433,USDT
2023-03-18T13:45:00Z,BTC/USDT,buy,27442.30429500,0.02703362,0.74186483,USDT
2023-03-18T15:30:00Z,BTC/USDT,sell,27319.47343000,0.02703362,0.73854426,USDT
2023-03-18T20:30:00Z,BTC/USDT,buy,27318.66250500,0.02713752,0.74136075,USDT
2023-03-18T20:45:00Z,BTC/USDT,sell,27375.38546000,0.02713752,0.74290007,USDT
2023-03-18T22:15:00Z,BTC/USDT,buy,27230.15827500,0.02723606,0.74164222,USDT
2023-03-18T22:30:00Z,BTC/USDT,sell,27158.37402000,0.02723606,0.73968710,USDT
2023-03-19T11:15:00Z,BTC/USDT,buy,27061.25386500,0.02738383,0.74104078,USDT
2023-03-19T12:30:00Z,BTC/USDT,sell,27182.98171000,0.02738383,0.74437415,USDT
2023-03-19T12:45:00Z,BTC/USDT,buy,27308.68752000,0.0271433,0.74124790,USDT
2023-03-19T13:00:00Z,BTC/USDT,stop_sell,27123.01099607,0.0271433,0.73620802,USDT
2023-03-19T13:30:00Z,BTC/USDT,buy,27247.30684500,0.02720504,0.74126407,USDT
2023-03-19T16:15:00Z,BTC/USDT,sell,27537.38442000,0.02720504,0.74915564,USDT
2023-03-19T16:45:00Z,BTC/USDT,buy,27986.78640000,0.02650812,0.74187709,USDT
2023-03-19T23:45:00Z,BTC/USDT,sell,28109.13840000,0.02650812,0.74512041,USDT
2023-03-20T07:15:00Z,BTC/USDT,buy,27899.55280500,0.02657971,0.74156202,USDT
2023-03-20T10:00:00Z,BTC/USDT,sell,28194.32578500,0.02657971,0.74939700,USDT
2023-03-20T10:30:00Z,BTC/USDT,buy,28135.81087500,0.0263686,0.74190194,USDT
2023-03-20T10:45:00Z,BTC/USDT,sell,28129.48822000,0.0263686,0.74173522,USDT
2023-03-20T18:45:00Z,BTC/USDT,buy,27993.88995000,0.02649491,0.74169559,USDT
2023-03-20T19:15:00Z,BTC/USDT,sell,27880.24290500,0.02649491,0.73868453,USDT
2023-03-20T20:45:00Z,BTC/USDT,buy,27915.91098000,0.0265587,0.74141030,USDT
2023-03-20T23:30:00Z,BTC/USDT,sell,27808.11898500,0.0265587,0.73854749,USDT
2023-03-21T00:15:00Z,BTC/USDT,buy,27790.46829000,0.0266602,0.74089944,USDT
2023-03-21T01:00:00Z,BTC/USDT,sell,27837.47430000,0.0266602,0.74215263,USDT
2023-03-21T04:15:00Z,BTC/USDT,buy,27877.12159500,0.02657986,0.74096999,USDT
2023-03-21T04:45:00Z,BTC/USDT,sell,27892.88658000,0.02657986,0.74138902,USDT
2023-03-21T09:45:00Z,BTC/USDT,buy,27962.58430500,0.02648881,0.74069558,USDT
2023-03-21T12:15:00Z,BTC/USDT,sell,28031.07745000,0.02648881,0.74250988,USDT
2023-03-21T18:30:00Z,BTC/USDT,buy,28151.17855500,0.02631508,0.74080052,USDT
2023-03-21T21:15:00Z,BTC/USDT,sell,27974.12594000,0.02631508,0.73614136,USDT
2023-03-22T03:00:00Z,BTC/USDT,buy,28066.73635500,0.02638057,0.74041650,USDT
2023-03-22T03:45:00Z,BTC/USDT,sell,28167.58916000,0.02638057,0.74307706,USDT
2023-03-22T12:30:00Z,BTC/USDT,buy,28212.37914000,0.0262538,0.74068216,USDT
2023-03-22T12:45:00Z,BTC/USDT,sell,28192.48670500,0.0262538,0.74015991,USDT
2023-03-22T16:30:00Z,BTC/USDT,buy,28631.33851500,0.02586315,0.74049660,USDT
2023-03-22T17:15:00Z,BTC/USDT,stop_sell,28376.45753071,0.02586315,0.73390458,USDT
2023-03-22T17:45:00Z,BTC/USDT,buy,28403.74477500,0.02605736,0.74012660,USDT
2023-03-22T18:30:00Z,BTC/USDT,stop_sell,28127.29538839,0.02605736,0.73292306,USDT
2023-03-23T00:30:00Z,BTC/USDT,buy,27376.60146000,0.02700508,0.73930731,USDT
2023-03-23T01:15:00Z,BTC/USDT,sell,27247.40948000,0.02700508,0.73581847,USDT
2023-03-23T01:30:00Z,BTC/USDT,buy,27273.88012500,0.02707416,0.73841739,USDT
2023-03-23T01:45:00Z,BTC/USDT,sell,27210.69784500,0.02707416,0.73670679,USDT
2023-03-23T02:30:00Z,BTC/USDT,buy,27295.13074500,0.02704949,0.73831937,USDT
2023-03-23T03:15:00Z,BTC/USDT,sell,27328.71880500,0.02704949,0.73922791,USDT
2023-03-23T04:00:00Z,BTC/USDT,buy,27377.56194000,0.02696695,0.73828934,USDT
2023-03-23T05:00:00Z,BTC/USDT,sell,27257.45445500,0.02696695,0.73505041,USDT
2023-03-23T05:30:00Z,BTC/USDT,buy,27403.69500000,0.02692143,0.73774666,USDT
2023-03-23T07:00:00Z,BTC/USDT,sell,27629.71823000,0.02692143,0.74383153,USDT
2023-03-23T07:15:00Z,BTC/USDT,buy,27635.37078000,0.02671179,0.73819022,USDT
2023-03-23T08:15:00Z,BTC/USDT,sell,27609.47835500,0.02671179,0.73749859,USDT
2023-03-23T16:00:00Z,BTC/USDT,buy,28598.66218500,0.02581805,0.73836169,USDT
2023-03-23T16:15:00Z,BTC/USDT,sell,28431.28724500,0.02581805,0.73404040,USDT
2023-03-23T16:45:00Z,BTC/USDT,buy,28425.27553500,0.02595003,0.73763675,USDT
2023-03-23T18:30:00Z,BTC/USDT,sell,28217.84402000,0.02595003,0.73225390,USDT
2023-03-23T18:45:00Z,BTC/USDT,buy,28138.81237500,0.0262146,0.73764771,USDT
2023-03-23T18:45:00Z,BTC/USDT,stop_sell,27791.24099964,0.0262146,0.72853627,USDT
2023-03-23T19:00:00Z,BTC/USDT,buy,27912.17911500,0.02638678,0.73651253,USDT
2023-03-23T20:15:00Z,BTC/USDT,sell,28152.71660000,0.02638678,0.74285954,USDT
2023-03-23T23:15:00Z,BTC/USDT,buy,28349.47765500,0.02598513,0.73666486,USDT
2023-03-24T00:00:00Z,BTC/USDT,sell,28278.94345500,0.02598513,0.73483202,USDT
2023-03-24T01:30:00Z,BTC/USDT,buy,28293.99993000,0.02602666,0.73639832,USDT
2023-03-24T02:00:00Z,BTC/USDT,sell,28234.82552500,0.02602666,0.73485820,USDT
2023-03-24T05:45:00Z,BTC/USDT,buy,28289.87787000,0.02602249,0.73617306,USDT
2023-03-24T07:00:00Z,BTC/USDT,sell,28241.15236000,0.02602249,0.73490510,USDT
2023-03-24T07:45:00Z,BTC/USDT,buy,28295.33059500,0.02601906,0.73621790,USDT
2023-03-24T08:00:00Z,BTC/USDT,stop_sell,28151.24662107,0.02601906,0.73246897,USDT
2023-03-24T09:30:00Z,BTC/USDT,buy,28204.61526000,0.0260807,0.73559611,USDT
2023-03-24T09:45:00Z,BTC/USDT,sell,28076.77459000,0.0260807,0.73226194,USDT
2023-03-24T17:00:00Z,BTC/USDT,buy,27855.51079500,0.02639416,0.73522281,USDT
2023-03-24T17:15:00Z,BTC/USDT,sell,27777.44433000,0.02639416,0.73316231,USDT
2023-03-25T04:15:00Z,BTC/USDT,buy,27569.55789000,0.02666951,0.73526660,USDT
2023-03-25T05:30:00Z,BTC/USDT,sell,27509.48837500,0.02666951,0.73366458,USDT
2023-03-25T06:30:00Z,BTC/USDT,buy,27497.14170000,0.02672499,0.73486084,USDT
2023-03-25T07:00:00Z,BTC/USDT,sell,27494.52586000,0.02672499,0.73479093,USDT
2023-03-25T10:45:00Z,BTC/USDT,buy,27516.05115000,0.02671271,0.73502829,USDT
2023-03-25T11:15:00Z,BTC/USDT,sell,27446.95965500,0.02671271,0.73318267,USDT
2023-03-25T13:30:00Z,BTC/USDT,buy,27445.38583500,0.02675623,0.73433506,USDT
2023-03-25T14:15:00Z,BTC/USDT,sell,27565.51035000,0.02675623,0.73754913,USDT
2023-03-25T17:45:00Z,BTC/USDT,buy,27514.05015000,0.02669885,0.73459350,USDT
2023-03-25T18:30:00Z,BTC/USDT,sell,27486.55984500,0.02669885,0.73385954,USDT
2023-03-25T22:15:00Z,BTC/USDT,buy,27526.58641500,0.02666869,0.73409800,USDT
2023-03-25T22:30:00Z,BTC/USDT,sell,27462.27199500,0.02666869,0.73238282,USDT
2023-03-25T22:45:00Z,BTC/USDT,buy,27484.38532500,0.02669284,0.73363630,USDT
2023-03-25T23:00:00Z,BTC/USDT,sell,27428.36895500,0.02669284,0.73214106,USDT
2023-03-26T10:15:00Z,BTC/USDT,buy,27695.91103500,0.02649818,0.73389124,USDT
2023-03-26T10:30:00Z,BTC/USDT,sell,27636.72472500,0.02649818,0.73232291,USDT
2023-03-26T11:45:00Z,BTC/USDT,buy,27724.97556000,0.0264607,0.73362226,USDT
2023-03-26T16:45:00Z,BTC/USDT,sell,27789.92808500,0.0264607,0.73534095,USDT
2023-03-26T21:15:00Z,BTC/USDT,buy,27808.08709500,0.02637735,0.73350365,USDT
2023-03-26T22:00:00Z,BTC/USDT,sell,27829.27840000,0.02637735,0.73406262,USDT
2023-03-26T23:30:00Z,BTC/USDT,buy,28057.82190000,0.02613593,0.73331727,USDT
2023-03-27T01:15:00Z,BTC/USDT,stop_sell,27883.64727339,0.02613593,0.72876505,USDT
2023-03-27T01:30:00Z,BTC/USDT,buy,27900.12309000,0.02626928,0.73291615,USDT
2023-03-27T03:00:00Z,BTC/USDT,sell,27870.29788000,0.02626928,0.73213266,USDT
2023-03-27T09:30:00Z,BTC/USDT,buy,27931.18861500,0.02623984,0.73290992,USDT
2023-03-27T11:45:00Z,BTC/USDT,sell,27876.90457500,0.02623984,0.73148552,USDT
2023-03-27T12:15:00Z,BTC/USDT,buy,27927.24664500,0.02623272,0.73260764,USDT
2023-03-27T12:15:00Z,BTC/USDT,stop_sell,27796.59225125,0.02623272,0.72918022,USDT
2023-03-27T19:45:00Z,BTC/USDT,buy,27026.44647000,0.02708878,0.73211346,USDT
2023-03-27T20:15:00Z,BTC/USDT,sell,26944.30111000,0.02708878,0.72988825,USDT
2023-03-27T20:30:00Z,BTC/USDT,buy,27059.25286500,0.02703997,0.73168139,USDT
2023-03-27T21:00:00Z,BTC/USDT,sell,27028.51898000,0.02703997,0.73085034,USDT
2023-03-27T23:45:00Z,BTC/USDT,buy,27126.78661500,0.02696603,0.73150174,USDT
2023-03-28T00:15:00Z,BTC/USDT,sell,27086.45000000,0.02696603,0.73041402,USDT
2023-03-28T00:45:00Z,BTC/USDT,buy,27076.58152500,0.02701148,0.73137854,USDT
2023-03-28T00:45:00Z,BTC/USDT,stop_sell,26943.03888429,0.02701148,0.72777136,USDT
2023-03-28T01:30:00Z,BTC/USDT,buy,27026.08629000,0.02705304,0.73113779,USDT
2023-03-28T02:00:00Z,BTC/USDT,sell,27065.69038500,0.02705304,0.73220920,USDT
2023-03-28T12:00:00Z,BTC/USDT,buy,27077.14180500,0.02700642,0.73125666,USDT
2023-03-28T12:15:00Z,BTC/USDT,stop_sell,26869.68272357,0.02700642,0.72565394,USDT
2023-03-28T13:00:00Z,BTC/USDT,buy,26988.89770500,0.02705591,0.73020919,USDT
2023-03-28T13:15:00Z,BTC/USDT,sell,26888.52901000,0.02705591,0.72749362,USDT
2023-03-28T20:00:00Z,BTC/USDT,buy,27450.13821000,0.02660607,0.73034030,USDT
2023-03-28T20:15:00Z,BTC/USDT,sell,27308.40896500,0.02660607,0.72656944,USDT
2023-03-29T00:30:00Z,BTC/USDT,buy,27326.31633000,0.02670266,0.72968533,USDT
2023-03-29T00:45:00Z,BTC/USDT,sell,27273.22656500,0.02670266,0.72826770,USDT
2023-03-29T01:30:00Z,BTC/USDT,buy,27416.20125000,0.02660835,0.72949988,USDT
2023-03-29T02:15:00Z,BTC/USDT,sell,27301.60237000,0.02660835,0.72645059,USDT
2023-03-29T06:30:00Z,BTC/USDT,buy,28008.77739000,0.02603321,0.72915838,USDT
2023-03-29T09:30:00Z,BTC/USDT,sell,28421.53212500,0.02603321,0.73990371,USDT
2023-03-29T09:45:00Z,BTC/USDT,buy,28383.44463000,0.02570206,0.72951300,USDT
2023-03-29T11:15:00Z,BTC/USDT,sell,28265.82002000,0.02570206,0.72648980,USDT
2023-03-29T11:30:00Z,BTC/USDT,buy,28350.80832000,0.02572857,0.72942576,USDT
2023-03-29T13:15:00Z,BTC/USDT,sell,28405.86996000,0.02572857,0.73084241,USDT
2023-03-29T15:30:00Z,BTC/USDT,buy,28441.34356500,0.02565302,0.72960636,USDT
2023-03-29T16:15:00Z,BTC/USDT,sell,28349.35823000,0.02565302,0.72724665,USDT
2023-03-30T00:30:00Z,BTC/USDT,buy,28429.93786500,0.02564763,0.72916053,USDT
2023-03-30T00:45:00Z,BTC/USDT,sell,28392.18680500,0.02564763,0.72819230,USDT
2023-03-30T02:30:00Z,BTC/USDT,buy,28840.24291500,0.02528587,0.72925063,USDT
2023-03-30T03:00:00Z,BTC/USDT,stop_sell,28618.49609375,0.02528587,0.72364357,USDT
2023-03-30T03:30:00Z,BTC/USDT,buy,28415.75077500,0.02562463,0.72814310,USDT
2023-03-30T05:15:00Z,BTC/USDT,sell,28532.29671500,0.02562463,0.73112955,USDT
2023-03-30T07:00:00Z,BTC/USDT,buy,28635.58063500,0.02544969,0.72876665,USDT
2023-03-30T07:15:00Z,BTC/USDT,sell,28585.67001500,0.02544969,0.72749644,USDT
2023-03-30T08:00:00Z,BTC/USDT,buy,28742.93428500,0.02533984,0.72834136,USDT
2023-03-30T08:30:00Z,BTC/USDT,stop_sell,28589.35924089,0.02533984,0.72444979,USDT
2023-03-30T08:45:00Z,BTC/USDT,buy,28615.15042500,0.02543679,0.72787757,USDT
2023-03-30T09:15:00Z,BTC/USDT,sell,28513.91591000,0.02543679,0.72530249,USDT
2023-03-30T09:45:00Z,BTC/USDT,buy,28597.89180000,0.02543463,0.72737680,USDT
2023-03-30T10:30:00Z,BTC/USDT,sell,28536.55458500,0.02543463,0.72581671,USDT
2023-03-30T11:30:00Z,BTC/USDT,buy,28630.25797500,0.0254069,0.72740610,USDT
2023-03-30T12:15:00Z,BTC/USDT,sell,28591.07731000,0.0254069,0.72641064,USDT
2023-03-31T14:30:00Z,BTC/USDT,buy,28417.33156500,0.0255905,0.72721372,USDT
2023-03-31T14:45:00Z,BTC/USDT,sell,28516.85444000,0.0255905,0.72976056,USDT
2023-03-31T21:30:00Z,BTC/USDT,buy,28448.03691000,0.02556594,0.72730080,USDT
2023-03-31T22:45:00Z,BTC/USDT,sell,28546.00985500,0.02556594,0.72980558,USDT
2023-04-01T00:00:00Z,BTC/USDT,buy,28474.33005000,0.02554193,0.72728934,USDT
2023-04-01T00:45:00Z,BTC/USDT,sell,28433.50613500,0.02554193,0.72624662,USDT
2023-04-01T02:00:00Z,BTC/USDT,buy,28629.21745500,0.02539783,0.72712000,USDT
2023-04-01T02:30:00Z,BTC/USDT,stop_sell,28498.03849554,0.02539783,0.72378834,USDT
2023-04-01T03:15:00Z,BTC/USDT,buy,28587.43657500,0.02541838,0.72664633,USDT
2023-04-01T03:30:00Z,BTC/USDT,sell,28514.54559500,0.02541838,0.72479356,USDT
2023-04-01T04:00:00Z,BTC/USDT,buy,28555.54063500,0.02544096,0.72648037,USDT
2023-04-01T06:30:00Z,BTC/USDT,sell,28412.34672000,0.02544096,0.72283738,USDT
2023-04-01T11:15:00Z,BTC/USDT,buy,28454.52015000,0.02551128,0.72591123,USDT
2023-04-01T11:30:00Z,BTC/USDT,sell,28421.79199500,0.02551128,0.72507629,USDT
2023-04-01T12:30:00Z,BTC/USDT,buy,28442.75427000,0.02552751,0.72607269,USDT
2023-04-01T12:45:00Z,BTC/USDT,sell,28391.91694000,0.02552751,0.72477494,USDT
2023-04-01T16:30:00Z,BTC/USDT,buy,28438.84231500,0.02551614,0.72564948,USDT
2023-04-01T16:45:00Z,BTC/USDT,stop_sell,28324.27113696,0.02551614,0.72272607,USDT
2023-04-01T19:15:00Z,BTC/USDT,buy,28383.42462000,0.02555299,0.72528137,USDT
2023-04-01T20:45:00Z,BTC/USDT,sell,28492.43665500,0.02555299,0.72806695,USDT
2023-04-01T21:30:00Z,BTC/USDT,buy,28486.58617500,0.02546354,0.72536933,USDT
2023-04-01T22:00:00Z,BTC/USDT,sell,28469.22826500,0.02546354,0.72492733,USDT
2023-04-02T05:30:00Z,BTC/USDT,buy,28437.85182000,0.02550611,0.72533898,USDT
2023-04-02T06:00:00Z,BTC/USDT,sell,28457.36420000,0.02550611,0.72583666,USDT
2023-04-02T18:00:00Z,BTC/USDT,buy,28211.43867000,0.02570683,0.72522666,USDT
2023-04-02T18:15:00Z,BTC/USDT,sell,28171.70710000,0.02570683,0.72420529,USDT
2023-04-02T21:15:00Z,BTC/USDT,buy,28141.68381000,0.02576266,0.72500463,USDT
2023-04-02T21:45:00Z,BTC/USDT,sell,28038.82357500,0.02576266,0.72235468,USDT
2023-04-03T00:00:00Z,BTC/USDT,buy,28191.54873000,0.02570493,0.72466179,USDT
2023-04-03T00:45:00Z,BTC/USDT,sell,28063.69113500,0.02570493,0.72137522,USDT
2023-04-03T01:00:00Z,BTC/USDT,buy,28132.98946500,0.02574373,0.72424808,USDT
2023-04-03T01:30:00Z,BTC/USDT,sell,28010.68765000,0.02574373,0.72109958,USDT
2023-04-03T12:00:00Z,BTC/USDT,buy,28260.64326000,0.02560755,0.72368584,USDT
2023-04-03T12:15:00Z,BTC/USDT,stop_sell,28102.62594357,0.02560755,0.71963940,USDT
2023-04-03T12:45:00Z,BTC/USDT,buy,28107.13654500,0.02573343,0.72329303,USDT
2023-04-03T13:00:00Z,BTC/USDT,sell,28148.93849000,0.02573343,0.72436874,USDT
2023-04-04T01:00:00Z,BTC/USDT,buy,27774.46029000,0.02605042,0.72353636,USDT
2023-04-04T01:15:00Z,BTC/USDT,sell,27704.34090000,0.02605042,0.72170972,USDT
2023-04-04T05:30:00Z,BTC/USDT,buy,27905.37571500,0.02591118,0.72306121,USDT
2023-04-04T10:45:00Z,BTC/USDT,sell,28193.20634500,0.02591118,0.73051924,USDT
2023-04-04T11:15:00Z,BTC/USDT,buy,28353.35959500,0.02553374,0.72396731,USDT
2023-04-04T11:30:00Z,BTC/USDT,sell,28275.81502000,0.02553374,0.72198731,USDT
2023-04-04T20:15:00Z,BTC/USDT,buy,28208.91741000,0.0256415,0.72331896,USDT
2023-04-04T20:30:00Z,BTC/USDT,sell,28161.52219500,0.0256415,0.72210367,USDT
2023-04-04T23:00:00Z,BTC/USDT,buy,28195.36063500,0.02564129,0.72296542,USDT
2023-04-04T23:30:00Z,BTC/USDT,sell,28098.60367000,0.02564129,0.72048445,USDT
2023-04-04T23:45:00Z,BTC/USDT,buy,28130.02798500,0.02569394,0.72277125,USDT
2023-04-05T01:30:00Z,BTC/USDT,sell,28600.55257000,0.02569394,0.73486088,USDT
2023-04-05T01:45:00Z,BTC/USDT,buy,28607.19645000,0.02530772,0.72398292,USDT
2023-04-05T02:45:00Z,BTC/USDT,sell,28539.98287000,0.02530772,0.72228190,USDT
2023-04-05T03:00:00Z,BTC/USDT,buy,28583.87479500,0.02531223,0.72352161,USDT
2023-04-05T05:15:00Z,BTC/USDT,sell,28517.35419000,0.02531223,0.72183783,USDT
2023-04-05T08:15:00Z,BTC/USDT,buy,28484.08492500,0.02539214,0.72327187,USDT
2023-04-05T09:30:00Z,BTC/USDT,sell,28499.11331500,0.02539214,0.72365348,USDT
2023-04-05T11:30:00Z,BTC/USDT,buy,28543.99486500,0.02533564,0.72318038,USDT
2023-04-05T12:30:00Z,BTC/USDT,stop_sell,28432.89572607,0.02533564,0.72036561,USDT
2023-04-05T13:00:00Z,BTC/USDT,buy,28580.93332500,0.02529013,0.72281552,USDT
2023-04-05T13:15:00Z,BTC/USDT,sell,28536.06483000,0.02529013,0.72168079,USDT
2023-04-05T19:30:00Z,BTC/USDT,buy,28214.98044000,0.02560962,0.72257493,USDT
2023-04-05T20:15:00Z,BTC/USDT,sell,28230.31778000,0.02560962,0.72296771,USDT
2023-04-05T21:15:00Z,BTC/USDT,buy,28208.85738000,0.02561101,0.72245733,USDT
2023-04-05T22:15:00Z,BTC/USDT,sell,28135.06543000,0.02561101,0.72056744,USDT
2023-04-06T05:30:00Z,BTC/USDT,buy,28082.12404500,0.02571912,0.72224752,USDT
2023-04-06T05:30:00Z,BTC/USDT,stop_sell,27972.05269143,0.02571912,0.71941658,USDT
2023-04-06T05:45:00Z,BTC/USDT,buy,28009.03752000,0.02577019,0.72179822,USDT
2023-04-06T06:30:00Z,BTC/USDT,sell,28031.02747500,0.02577019,0.72236490,USDT
2023-04-06T07:00:00Z,BTC/USDT,buy,28073.44971000,0.02569926,0.72146688,USDT
2023-04-06T07:15:00Z,BTC/USDT,sell,28041.51223000,0.02569926,0.72064611,USDT
2023-04-06T12:30:00Z,BTC/USDT,buy,28012.67934000,0.02575367,0.72142930,USDT
2023-04-06T12:45:00Z,BTC/USDT,sell,27897.90407000,0.02575367,0.71847342,USDT
2023-04-06T13:15:00Z,BTC/USDT,buy,27954.41022000,0.02580567,0.72138229,USDT
2023-04-06T13:30:00Z,BTC/USDT,sell,27920.54274500,0.02580567,0.72050831,USDT
2023-04-06T14:45:00Z,BTC/USDT,buy,27924.52528500,0.02581046,0.72074484,USDT
2023-04-06T16:00:00Z,BTC/USDT,sell,28088.30882000,0.02581046,0.72497217,USDT
2023-04-06T16:30:00Z,BTC/USDT,buy,28113.66981000,0.02565196,0.72117073,USDT
2023-04-06T17:15:00Z,BTC/USDT,sell,28037.23437000,0.02565196,0.71921001,USDT
2023-04-06T19:00:00Z,BTC/USDT,buy,27972.30916500,0.02577626,0.72102151,USDT
2023-04-06T20:00:00Z,BTC/USDT,sell,27997.86406500,0.02577626,0.72168022,USDT
2023-04-06T23:30:00Z,BTC/USDT,buy,28052.02900500,0.02569453,0.72078370,USDT
2023-04-07T00:30:00Z,BTC/USDT,sell,28015.64517000,0.02569453,0.71984884,USDT
2023-04-07T00:45:00Z,BTC/USDT,buy,28070.78838000,0.02567507,0.72071946,USDT
2023-04-07T01:15:00Z,BTC/USDT,sell,28054.91552500,0.02567507,0.72031192,USDT
2023-04-07T01:45:00Z,BTC/USDT,buy,28093.16956500,0.02566282,0.72094995,USDT
2023-04-07T02:00:00Z,BTC/USDT,sell,28045.71013000,0.02566282,0.71973201,USDT
2023-04-07T03:00:00Z,BTC/USDT,buy,28031.22861000,0.02570522,0.72054890,USDT
2023-04-07T04:00:00Z,BTC/USDT,sell,28018.26386000,0.02570522,0.72021564,USDT
2023-04-07T04:30:00Z,BTC/USDT,buy,28066.94646000,0.02566625,0.72037326,USDT
2023-04-07T05:15:00Z,BTC/USDT,sell,27983.46127000,0.02566625,0.71823051,USDT
2023-04-07T12:30:00Z,BTC/USDT,buy,27923.63484000,0.02578044,0.71988359,USDT
2023-04-07T12:30:00Z,BTC/USDT,stop_sell,27814.27126446,0.02578044,0.71706415,USDT
2023-04-07T14:15:00Z,BTC/USDT,buy,27945.42573000,0.02575576,0.71975568,USDT
2023-04-07T14:30:00Z,BTC/USDT,sell,27937.10446000,0.02575576,0.71954136,USDT
2023-04-08T01:30:00Z,BTC/USDT,buy,27914.15010000,0.02577567,0.71950592,USDT
2023-04-08T06:15:00Z,BTC/USDT,sell,28104.15089500,0.02577567,0.72440332,USDT
2023-04-08T06:45:00Z,BTC/USDT,buy,28120.92343500,0.02559755,0.71982674,USDT
2023-04-08T08:45:00Z,BTC/USDT,stop_sell,28009.97265054,0.02559755,0.71698668,USDT
2023-04-08T09:15:00Z,BTC/USDT,buy,28071.05851500,0.02562924,0.71943990,USDT
2023-04-08T10:30:00Z,BTC/USDT,sell,28008.07895500,0.02562924,0.71782578,USDT
2023-04-08T15:00:00Z,BTC/USDT,buy,28046.67633000,0.02564279,0.71919503,USDT
2023-04-08T15:00:00Z,BTC/USDT,stop_sell,27966.10138286,0.02564279,0.71712886,USDT
2023-04-08T15:15:00Z,BTC/USDT,buy,28030.13806500,0.02564794,0.71891530,USDT
2023-04-08T15:45:00Z,BTC/USDT,sell,27969.60820000,0.02564794,0.71736283,USDT
2023-04-08T16:00:00Z,BTC/USDT,buy,28025.70585000,0.02563473,0.71843140,USDT
2023-04-08T16:15:00Z,BTC/USDT,sell,28005.96001500,0.02563473,0.71792522,USDT
2023-04-08T16:45:00Z,BTC/USDT,buy,28016.22111000,0.0256388,0.71830229,USDT
2023-04-08T17:45:00Z,BTC/USDT,sell,27965.91005000,0.0256388,0.71701237,USDT
2023-04-08T23:15:00Z,BTC/USDT,buy,27987.30666000,0.02566603,0.71832305,USDT
2023-04-09T00:00:00Z,BTC/USDT,stop_sell,27909.30586625,0.02566603,0.71632108,USDT
2023-04-09T00:15:00Z,BTC/USDT,buy,27966.57630000,0.0256687,0.71786566,USDT
2023-04-09T03:15:00Z,BTC/USDT,sell,28014.31583500,0.0256687,0.71909107,USDT
2023-04-09T04:30:00Z,BTC/USDT,buy,28049.48773500,0.02560693,0.71826127,USDT
2023-04-09T04:45:00Z,BTC/USDT,sell,28024.08095000,0.02560693,0.71761068,USDT
2023-04-09T16:00:00Z,BTC/USDT,buy,27900.37321500,0.02572775,0.71781383,USDT
2023-04-09T16:30:00Z,BTC/USDT,sell,27899.21341500,0.02572775,0.71778399,USDT
2023-04-09T18:15:00Z,BTC/USDT,buy,27950.92848000,0.02568183,0.71783099,USDT
2023-04-09T19:45:00Z,BTC/USDT,sell,28089.53820500,0.02568183,0.72139074,USDT
2023-04-10T00:15:00Z,BTC/USDT,buy,28381.42362000,0.02529469,0.71789931,USDT
2023-04-10T02:15:00Z,BTC/USDT,sell,28283.17134000,0.02529469,0.71541405,USDT
2023-04-10T15:15:00Z,BTC/USDT,buy,28465.40559000,0.02521337,0.71770880,USDT
2023-04-11T05:45:00Z,BTC/USDT,sell,29977.47376500,0.02521337,0.75583314,USDT
2023-04-11T06:15:00Z,BTC/USDT,buy,30042.79389000,0.02398405,0.72054787,USDT
2023-04-11T06:45:00Z,BTC/USDT,sell,30053.15590500,0.02398405,0.72079639,USDT
2023-04-11T12:15:00Z,BTC/USDT,buy,30143.51422500,0.02389969,0.72042065,USDT
2023-04-11T12:15:00Z,BTC/USDT,stop_sell,30030.50366536,0.02389969,0.71771973,USDT
2023-04-11T12:45:00Z,BTC/USDT,buy,30136.29061500,0.02389658,0.72015428,USDT
2023-04-11T13:15:00Z,BTC/USDT,sell,30090.40727000,0.02389658,0.71905782,USDT
2023-04-11T13:30:00Z,BTC/USDT,buy,30182.26359000,0.02385369,0.71995836,USDT
2023-04-11T14:30:00Z,BTC/USDT,stop_sell,30051.00019768,0.02385369,0.71682724,USDT
2023-04-11T15:00:00Z,BTC/USDT,buy,30068.67682500,0.023922,0.71930289,USDT
2023-04-11T18:45:00Z,BTC/USDT,sell,30180.03243500,0.023922,0.72196674,USDT
2023-04-11T21:15:00Z,BTC/USDT,buy,30227.90640000,0.02381111,0.71976000,USDT
2023-04-11T21:30:00Z,BTC/USDT,sell,30161.37177000,0.02381111,0.71817574,USDT
2023-04-11T21:45:00Z,BTC/USDT,buy,30142.06350000,0.02386009,0.71919235,USDT
2023-04-11T22:45:00Z,BTC/USDT,sell,30187.10889500,0.02386009,0.72026714,USDT
2023-04-11T23:00:00Z,BTC/USDT,buy,30273.15901500,0.02375953,0.71927603,USDT
2023-04-11T23:30:00Z,BTC/USDT,sell,30172.76607000,0.02375953,0.71689074,USDT
2023-04-11T23:45:00Z,BTC/USDT,buy,30255.94041000,0.02376623,0.71906964,USDT
2023-04-12T00:00:00Z,BTC/USDT,sell,30181.68161000,0.02376623,0.71730479,USDT
2023-04-12T00:30:00Z,BTC/USDT,buy,30325.96540500,0.02370743,0.71895070,USDT
2023-04-12T00:45:00Z,BTC/USDT,stop_sell,30185.36084089,0.02370743,0.71561733,USDT
2023-04-12T01:15:00Z,BTC/USDT,buy,30255.70029000,0.02374963,0.71856169,USDT
2023-04-12T01:45:00Z,BTC/USDT,stop_sell,30114.98783071,0.02374963,0.71521982,USDT
2023-04-12T12:45:00Z,BTC/USDT,buy,30312.66876000,0.02367879,0.71776732,USDT
2023-04-12T12:45:00Z,BTC/USDT,stop_sell,30167.39411446,0.02367879,0.71432739,USDT
2023-04-13T00:00:00Z,BTC/USDT,buy,29906.33569500,0.02399597,0.71763153,USDT
2023-04-13T00:30:00Z,BTC/USDT,sell,29942.85108500,0.02399597,0.71850776,USDT
2023-04-13T00:45:00Z,BTC/USDT,buy,30031.49824500,0.02389752,0.71767833,USDT
2023-04-13T01:00:00Z,BTC/USDT,sell,29977.07396500,0.02389752,0.71637772,USDT
2023-04-13T01:45:00Z,BTC/USDT,buy,30067.79638500,0.02385908,0.71738996,USDT
2023-04-13T04:15:00Z,BTC/USDT,sell,30059.96250000,0.02385908,0.71720305,USDT
2023-04-13T04:30:00Z,BTC/USDT,buy,30106.23559500,0.02382619,0.71731689,USDT
2023-04-13T05:30:00Z,BTC/USDT,sell,30059.95250500,0.02382619,0.71621414,USDT
2023-04-13T05:45:00Z,BTC/USDT,buy,30093.66931500,0.02382036,0.71684204,USDT
2023-04-13T06:15:00Z,BTC/USDT,sell,30061.69163500,0.02382036,0.71608032,USDT
2023-04-13T10:30:00Z,BTC/USDT,buy,30217.20105000,0.02372023,0.71675896,USDT
2023-04-13T10:45:00Z,BTC/USDT,sell,30184.18036000,0.02372023,0.71597570,USDT
2023-04-13T14:45:00Z,BTC/USDT,buy,30401.31306000,0.02357919,0.71683834,USDT
2023-04-13T15:15:00Z,BTC/USDT,sell,30318.70306500,0.02357919,0.71489046,USDT
2023-04-13T17:15:00Z,BTC/USDT,buy,30397.47114000,0.02357191,0.71652645,USDT
2023-04-13T17:45:00Z,BTC/USDT,sell,30348.02839500,0.02357191,0.71536099,USDT
2023-04-13T18:15:00Z,BTC/USDT,buy,30506.29552500,0.02347736,0.71620728,USDT
2023-04-13T19:00:00Z,BTC/USDT,stop_sell,30321.45633054,0.02347736,0.71186775,USDT
2023-04-13T19:15:00Z,BTC/USDT,buy,30401.72326500,0.02353794,0.71559394,USDT
2023-04-13T19:30:00Z,BTC/USDT,sell,30349.69756000,0.02353794,0.71436936,USDT
2023-04-14T00:30:00Z,BTC/USDT,buy,30421.20300000,0.02352532,0.71566854,USDT
2023-04-14T01:45:00Z,BTC/USDT,sell,30804.02028500,0.02352532,0.72467443,USDT
2023-04-14T11:00:00Z,BTC/USDT,buy,30786.33547500,0.0232624,0.71616405,USDT
2023-04-14T11:15:00Z,BTC/USDT,sell,30772.47606500,0.0232624,0.71584165,USDT
2023-04-14T12:30:00Z,BTC/USDT,buy,30839.70214500,0.02321905,0.71606859,USDT
2023-04-14T12:45:00Z,BTC/USDT,stop_sell,30720.60487071,0.02321905,0.71330326,USDT
2023-04-14T14:00:00Z,BTC/USDT,buy,30732.17841000,0.02328115,0.71548046,USDT
2023-04-14T14:00:00Z,BTC/USDT,stop_sell,30595.30826464,0.02328115,0.71229396,USDT
2023-04-15T05:30:00Z,BTC/USDT,buy,30420.68274000,0.02351326,0.71528942,USDT
2023-04-15T07:45:00Z,BTC/USDT,sell,30403.93043000,0.02351326,0.71489552,USDT
2023-04-15T22:15:00Z,BTC/USDT,buy,30340.02243000,0.0235736,0.71522355,USDT
2023-04-16T00:15:00Z,BTC/USDT,sell,30257.36375000,0.0235736,0.71327499,USDT
2023-04-16T07:30:00Z,BTC/USDT,buy,30351.44814000,0.02354955,0.71476295,USDT
2023-04-16T09:15:00Z,BTC/USDT,stop_sell,30279.38130714,0.02354955,0.71306580,USDT
2023-04-16T09:30:00Z,BTC/USDT,buy,30316.78081500,0.0235686,0.71452408,USDT
2023-04-16T09:45:00Z,BTC/USDT,sell,30272.10637500,0.0235686,0.71347117,USDT
2023-04-18T02:45:00Z,BTC/USDT,buy,29483.07417000,0.02423082,0.71439906,USDT
2023-04-18T03:00:00Z,BTC/USDT,sell,29446.86920000,0.02423082,0.71352179,USDT
2023-04-18T04:30:00Z,BTC/USDT,buy,29475.36031500,0.0242325,0.71426167,USDT
2023-04-18T05:45:00Z,BTC/USDT,sell,29535.34494000,0.0242325,0.71571525,USDT
2023-04-18T20:00:00Z,BTC/USDT,buy,30231.56823000,0.02362696,0.71428005,USDT
2023-04-19T00:30:00Z,BTC/USDT,sell,30299.34275000,0.02362696,0.71588136,USDT
2023-04-19T00:45:00Z,BTC/USDT,buy,30324.73479000,0.02355412,0.71427244,USDT
2023-04-19T01:30:00Z,BTC/USDT,sell,30296.76404000,0.02355412,0.71361362,USDT
2023-04-20T04:15:00Z,BTC/USDT,buy,28902.63409500,0.02470648,0.71408235,USDT
2023-04-20T04:30:00Z,BTC/USDT,sell,28914.22565500,0.02470648,0.71436874,USDT
2023-04-20T06:00:00Z,BTC/USDT,buy,28914.94024500,0.02469854,0.71415681,USDT
2023-04-20T08:30:00Z,BTC/USDT,stop_sell,28747.77535036,0.02469854,0.71002808,USDT
2023-04-20T16:45:00Z,BTC/USDT,buy,28628.72721000,0.02492436,0.71355270,USDT
2023-04-20T17:00:00Z,BTC/USDT,sell,28433.83597000,0.02492436,0.70869516,USDT
2023-04-21T03:30:00Z,BTC/USDT,buy,28317.79182000,0.02518563,0.71320143,USDT
2023-04-21T03:45:00Z,BTC/USDT,sell,28271.96694500,0.02518563,0.71204730,USDT
2023-04-21T05:15:00Z,BTC/USDT,buy,28250.84836500,0.02523658,0.71295479,USDT
2023-04-21T05:30:00Z,BTC/USDT,sell,28207.06941000,0.02523658,0.71184996,USDT
2023-04-21T11:45:00Z,BTC/USDT,buy,28031.06853000,0.02542644,0.71273028,USDT
2023-04-21T15:00:00Z,BTC/USDT,sell,28044.32082500,0.02542644,0.71306724,USDT
2023-04-21T15:30:00Z,BTC/USDT,buy,28089.67782000,0.02536299,0.71243822,USDT
2023-04-21T16:30:00Z,BTC/USDT,sell,27955.60520500,0.02536299,0.70903774,USDT
2023-04-22T06:00:00Z,BTC/USDT,buy,27410.05818000,0.02598551,0.71226434,USDT
2023-04-22T06:15:00Z,BTC/USDT,stop_sell,27313.04985768,0.02598551,0.70974353,USDT
2023-04-22T07:00:00Z,BTC/USDT,buy,27367.95714000,0.02601651,0.71201873,USDT
2023-04-22T07:45:00Z,BTC/USDT,stop_sell,27270.18201661,0.02601651,0.70947496,USDT
2023-04-22T21:45:00Z,BTC/USDT,buy,27664.50534000,0.02572728,0.71173247,USDT
2023-04-23T00:30:00Z,BTC/USDT,stop_sell,27542.58646054,0.02572728,0.70859583,USDT
2023-04-23T14:30:00Z,BTC/USDT,buy,27648.44731500,0.02571926,0.71109761,USDT
2023-04-23T14:45:00Z,BTC/USDT,stop_sell,27535.55711982,0.02571926,0.70819415,USDT
2023-04-23T20:15:00Z,BTC/USDT,buy,27500.37331500,0.02584667,0.71079307,USDT
2023-04-23T21:15:00Z,BTC/USDT,sell,27519.10356500,0.02584667,0.71127719,USDT
2023-04-23T22:45:00Z,BTC/USDT,buy,27603.26473500,0.02575481,0.71091684,USDT
2023-04-23T23:00:00Z,BTC/USDT,sell,27575.21549500,0.02575481,0.71019444,USDT
2023-04-24T15:15:00Z,BTC/USDT,buy,27388.96764000,0.02594558,0.71062265,USDT
2023-04-24T15:30:00Z,BTC/USDT,sell,27230.23807000,0.02594558,0.70650432,USDT
2023-04-24T19:30:00Z,BTC/USDT,buy,27354.60046500,0.02595867,0.71008905,USDT
2023-04-24T19:45:00Z,BTC/USDT,sell,27383.51139500,0.02595867,0.71083954,USDT
2023-04-24T20:00:00Z,BTC/USDT,buy,27399.57294000,0.02591928,0.71017720,USDT
2023-04-24T21:30:00Z,BTC/USDT,sell,27361.27252000,0.02591928,0.70918448,USDT
2023-04-24T21:45:00Z,BTC/USDT,buy,27396.98164500,0.02591117,0.70988785,USDT
2023-04-25T01:45:00Z,BTC/USDT,sell,27403.08160500,0.02591117,0.71004591,USDT
2023-04-25T08:45:00Z,BTC/USDT,buy,27371.75904000,0.02593136,0.70978694,USDT
2023-04-25T09:00:00Z,BTC/USDT,sell,27412.95666500,0.02593136,0.71085525,USDT
2023-04-25T11:45:00Z,BTC/USDT,buy,27419.79304500,0.02588793,0.70984168,USDT
2023-04-25T13:15:00Z,BTC/USDT,sell,27395.99515000,0.02588793,0.70922560,USDT
2023-04-25T15:15:00Z,BTC/USDT,buy,27406.74652500,0.02588858,0.70952175,USDT
2023-04-25T15:30:00Z,BTC/USDT,sell,27345.30051000,0.02588858,0.70793100,USDT
2023-04-25T16:15:00Z,BTC/USDT,buy,27357.34183500,0.02592531,0.70924757,USDT
2023-04-25T16:30:00Z,BTC/USDT,sell,27375.20555000,0.02592531,0.70971069,USDT
2023-04-25T16:45:00Z,BTC/USDT,buy,27419.73301500,0.02586804,0.70929475,USDT
2023-04-25T17:15:00Z,BTC/USDT,sell,27336.82475000,0.02586804,0.70715008,USDT
2023-04-25T17:45:00Z,BTC/USDT,buy,27574.92057000,0.02571909,0.70920186,USDT
2023-04-25T19:45:00Z,BTC/USDT,sell,27528.07907500,0.02571909,0.70799714,USDT
2023-04-25T20:15:00Z,BTC/USDT,buy,27881.25366000,0.02542689,0.70893357,USDT
2023-04-25T20:45:00Z,BTC/USDT,sell,27949.99801000,0.02542689,0.71068152,USDT
2023-04-25T23:30:00Z,BTC/USDT,buy,28284.74530500,0.02506567,0.70897609,USDT
2023-04-26T00:45:00Z,BTC/USDT,sell,28372.89645500,0.02506567,0.71118566,USDT
2023-04-26T04:45:00Z,BTC/USDT,buy,28350.23803500,0.02499974,0.70874858,USDT
2023-04-26T05:00:00Z,BTC/USDT,sell,28318.10386500,0.02499974,0.70794523,USDT
2023-04-26T05:30:00Z,BTC/USDT,buy,28412.46913500,0.02494969,0.70888230,USDT
2023-04-26T06:30:00Z,BTC/USDT,sell,28353.53614000,0.02494969,0.70741194,USDT
2023-04-26T14:15:00Z,BTC/USDT,buy,29786.45578500,0.02378462,0.70845953,USDT
2023-04-26T17:30:00Z,BTC/USDT,sell,29788.05852000,0.02378462,0.70849765,USDT
2023-04-26T18:30:00Z,BTC/USDT,buy,29799.79245000,0.02376642,0.70823438,USDT
2023-04-26T18:45:00Z,BTC/USDT,sell,29703.84065000,0.02376642,0.70595395,USDT
2023-04-27T00:30:00Z,BTC/USDT,buy,29412.11871000,0.02407702,0.70815617,USDT
2023-04-27T01:15:00Z,BTC/USDT,stop_sell,28974.88495304,0.02407702,0.69762888,USDT
2023-04-27T02:00:00Z,BTC/USDT,buy,28757.96179500,0.02458808,0.70710307,USDT
2023-04-27T02:45:00Z,BTC/USDT,sell,28963.77087000,0.02458808,0.71216352,USDT
2023-04-27T03:00:00Z,BTC/USDT,buy,29049.89769000,0.02434933,0.70734555,USDT
2023-04-27T05:15:00Z,BTC/USDT,sell,29054.87529500,0.02434933,0.70746675,USDT
2023-04-27T06:15:00Z,BTC/USDT,buy,29051.36842500,0.02436272,0.70777035,USDT
2023-04-27T06:45:00Z,BTC/USDT,stop_sell,28806.25895107,0.02436272,0.70179882,USDT
2023-04-27T11:15:00Z,BTC/USDT,buy,29103.07426500,0.0242847,0.70675943,USDT
2023-04-27T11:45:00Z,BTC/USDT,stop_sell,28893.86976661,0.0242847,0.70167896,USDT
2023-04-27T12:00:00Z,BTC/USDT,buy,28943.11432500,0.02439446,0.70605164,USDT
2023-04-27T12:30:00Z,BTC/USDT,stop_sell,28765.77027696,0.02439446,0.70172543,USDT
2023-04-27T13:00:00Z,BTC/USDT,buy,28887.99678000,0.02442959,0.70572192,USDT
2023-04-27T13:15:00Z,BTC/USDT,sell,28895.97478500,0.02442959,0.70591682,USDT
2023-04-27T14:15:00Z,BTC/USDT,buy,29065.75561500,0.02427892,0.70568516,USDT
2023-04-27T14:30:00Z,BTC/USDT,sell,29004.09070000,0.02427892,0.70418800,USDT
2023-04-27T20:30:00Z,BTC/USDT,buy,29571.42832500,0.02385474,0.70541873,USDT
2023-04-27T23:15:00Z,BTC/USDT,sell,29396.13458000,0.02385474,0.70123715,USDT
2023-04-28T01:00:00Z,BTC/USDT,buy,29563.01412000,0.02384482,0.70492475,USDT
2023-04-28T01:15:00Z,BTC/USDT,sell,29459.67279500,0.02384482,0.70246060,USDT
2023-04-28T03:45:00Z,BTC/USDT,buy,29425.66548000,0.02394781,0.70468025,USDT
2023-04-28T04:00:00Z,BTC/USDT,sell,29408.92818000,0.02394781,0.70427942,USDT
2023-04-28T04:30:00Z,BTC/USDT,buy,29486.84605500,0.02388719,0.70435789,USDT
2023-04-28T05:45:00Z,BTC/USDT,sell,29511.17703000,0.02388719,0.70493909,USDT
2023-04-28T06:00:00Z,BTC/USDT,buy,29494.11969000,0.02388672,0.70451778,USDT
2023-04-28T06:30:00Z,BTC/USDT,sell,29414.30549000,0.02388672,0.70261128,USDT
2023-04-28T07:00:00Z,BTC/USDT,buy,29485.43535000,0.02388645,0.70430238,USDT
2023-04-28T07:15:00Z,BTC/USDT,sell,29483.58083500,0.02388645,0.70425808,USDT
2023-04-28T13:30:00Z,BTC/USDT,buy,29328.83709000,0.02400601,0.70406836,USDT
2023-04-28T13:30:00Z,BTC/USDT,stop_sell,29163.78688339,0.02400601,0.70010616,USDT
2023-04-28T14:30:00Z,BTC/USDT,buy,29259.96267000,0.02404959,0.70369011,USDT
2023-04-28T14:45:00Z,BTC/USDT,sell,29126.37952500,0.02404959,0.70047749,USDT
2023-04-28T23:00:00Z,BTC/USDT,buy,29358.04168500,0.02394639,0.70301912,USDT
2023-04-28T23:45:00Z,BTC/USDT,sell,29317.27403000,0.02394639,0.70204288,USDT
2023-04-30T05:15:00Z,BTC/USDT,buy,29251.68853500,0.02403218,0.70298184,USDT
2023-04-30T06:15:00Z,BTC/USDT,sell,29251.61687500,0.02403218,0.70298012,USDT
2023-04-30T14:00:00Z,BTC/USDT,buy,29313.33934500,0.0239802,0.70293974,USDT
2023-04-30T19:15:00Z,BTC/USDT,stop_sell,29220.17903036,0.0239802,0.70070574,USDT
2023-05-01T01:00:00Z,BTC/USDT,buy,29327.78656500,0.02395274,0.70248085,USDT
2023-05-01T01:15:00Z,BTC/USDT,sell,29240.97220000,0.02395274,0.70040140,USDT
2023-05-01T13:00:00Z,BTC/USDT,buy,28609.64767500,0.02454553,0.70223897,USDT
2023-05-01T13:15:00Z,BTC/USDT,sell,28554.83544000,0.02454553,0.70089357,USDT
2023-05-02T01:15:00Z,BTC/USDT,buy,28095.46071000,0.02500411,0.70250199,USDT
2023-05-02T01:30:00Z,BTC/USDT,sell,28025.52023000,0.02500411,0.70075319,USDT
2023-05-02T03:00:00Z,BTC/USDT,buy,28019.15257500,0.02504565,0.70175789,USDT
2023-05-02T03:15:00Z,BTC/USDT,sell,27960.77262000,0.02504565,0.70029572,USDT
2023-05-02T09:45:00Z,BTC/USDT,buy,28008.39720000,0.02505109,0.70164088,USDT
2023-05-02T10:30:00Z,BTC/USDT,sell,27973.47626500,0.02505109,0.70076607,USDT
2023-05-02T14:15:00Z,BTC/USDT,buy,28038.82240500,0.02502878,0.70177752,USDT
2023-05-02T19:15:00Z,BTC/USDT,sell,28786.78940500,0.02502878,0.72049822,USDT
2023-05-02T20:45:00Z,BTC/USDT,buy,28774.52007000,0.0244253,0.70282629,USDT
2023-05-02T23:30:00Z,BTC/USDT,sell,28654.01582500,0.0244253,0.69988293,USDT
2023-05-03T09:00:00Z,BTC/USDT,buy,28712.88927000,0.02447442,0.70273131,USDT
2023-05-03T10:45:00Z,BTC/USDT,stop_sell,28559.41457786,0.02447442,0.69897511,USDT
2023-05-03T11:00:00Z,BTC/USDT,buy,28587.85678500,0.02456144,0.70215893,USDT
2023-05-03T11:45:00Z,BTC/USDT,sell,28577.02434000,0.02456144,0.70189287,USDT
2023-05-03T18:15:00Z,BTC/USDT,buy,28627.33651500,0.02452251,0.70201415,USDT
2023-05-03T18:30:00Z,BTC/USDT,sell,28510.76748500,0.02452251,0.69915558,USDT
2023-05-03T23:45:00Z,BTC/USDT,buy,28954.98025500,0.02422142,0.70133074,USDT
2023-05-04T01:45:00Z,BTC/USDT,sell,29003.79085000,0.02422142,0.70251300,USDT
2023-05-04T04:15:00Z,BTC/USDT,buy,29112.37891500,0.02410353,0.70171110,USDT
2023-05-04T08:00:00Z,BTC/USDT,sell,29049.87779500,0.02410353,0.70020460,USDT
2023-05-04T08:30:00Z,BTC/USDT,buy,29101.84365000,0.02410788,0.70158375,USDT
2023-05-04T08:45:00Z,BTC/USDT,sell,29048.78834000,0.02410788,0.70030470,USDT
2023-05-04T10:30:00Z,BTC/USDT,buy,29183.60451000,0.02403655,0.70147317,USDT
2023-05-04T11:45:00Z,BTC/USDT,sell,29144.30056000,0.02403655,0.70052844,USDT
2023-05-04T12:00:00Z,BTC/USDT,buy,29173.52947500,0.02403125,0.70107638,USDT
2023-05-04T12:30:00Z,BTC/USDT,stop_sell,29019.39375893,0.02403125,0.69737231,USDT
2023-05-04T12:45:00Z,BTC/USDT,buy,29075.58052500,0.02409648,0.70061914,USDT
2023-05-04T13:15:00Z,BTC/USDT,sell,29063.41102500,0.02409648,0.70032590,USDT
2023-05-04T18:30:00Z,BTC/USDT,buy,28731.53859000,0.0243717,0.70023644,USDT
2023-05-04T19:15:00Z,BTC/USDT,sell,28750.43759000,0.0243717,0.70069704,USDT
2023-05-04T19:45:00Z,BTC/USDT,buy,28857.49153500,0.02426105,0.70011305,USDT
2023-05-04T20:00:00Z,BTC/USDT,sell,28888.34860000,0.02426105,0.70086167,USDT
2023-05-04T20:30:00Z,BTC/USDT,buy,28884.35496000,0.0242538,0.70055537,USDT
2023-05-04T20:45:00Z,BTC/USDT,sell,28840.96230500,0.0242538,0.69950293,USDT
2023-05-04T23:15:00Z,BTC/USDT,buy,28860.84321000,0.02426565,0.70032712,USDT
2023-05-05T00:30:00Z,BTC/USDT,sell,28874.76539500,0.02426565,0.70066495,USDT
2023-05-05T01:00:00Z,BTC/USDT,buy,28959.84268500,0.02417719,0.70016762,USDT
2023-05-05T01:15:00Z,BTC/USDT,sell,28911.89682000,0.02417719,0.69900842,USDT
2023-05-05T01:45:00Z,BTC/USDT,buy,29342.22378000,0.02385569,0.69997899,USDT
2023-05-05T02:15:00Z,BTC/USDT,stop_sell,29186.44876107,0.02385569,0.69626287,USDT
2023-05-05T02:30:00Z,BTC/USDT,buy,29260.93315500,0.02390566,0.69950192,USDT
2023-05-05T03:45:00Z,BTC/USDT,sell,29166.57941500,0.02390566,0.69724633,USDT
2023-05-05T04:00:00Z,BTC/USDT,buy,29212.18879500,0.02393117,0.69908186,USDT
2023-05-05T05:15:00Z,BTC/USDT,sell,29178.74333000,0.02393117,0.69828147,USDT
2023-05-05T05:30:00Z,BTC/USDT,buy,29222.13376500,0.02391907,0.69896626,USDT
2023-05-05T06:30:00Z,BTC/USDT,sell,29178.13363500,0.02391907,0.69791382,USDT
2023-05-05T13:45:00Z,BTC/USDT,buy,29185.34538000,0.02394991,0.69898640,USDT
2023-05-05T14:15:00Z,BTC/USDT,sell,29149.98771500,0.02394991,0.69813958,USDT
2023-05-06T00:45:00Z,BTC/USDT,buy,29713.96956000,0.02350987,0.69857156,USDT
2023-05-06T01:00:00Z,BTC/USDT,stop_sell,29562.88473464,0.02350987,0.69501958,USDT
2023-05-06T01:15:00Z,BTC/USDT,buy,29621.43331500,0.02355788,0.69781817,USDT
2023-05-06T02:00:00Z,BTC/USDT,stop_sell,29477.40892250,0.02355788,0.69442526,USDT
2023-05-06T22:00:00Z,BTC/USDT,buy,28820.22291000,0.02420498,0.69759292,USDT
2023-05-06T22:15:00Z,BTC/USDT,sell,28780.23268500,0.02420498,0.69662496,USDT
2023-05-07T01:00:00Z,BTC/USDT,buy,28963.86469500,0.02408797,0.69768070,USDT
2023-05-07T01:00:00Z,BTC/USDT,stop_sell,28822.86600054,0.02408797,0.69428433,USDT
2023-05-07T01:15:00Z,BTC/USDT,buy,28869.19738500,0.02415102,0.69722056,USDT
2023-05-07T03:15:00Z,BTC/USDT,sell,28832.98629500,0.02415102,0.69634603,USDT
2023-05-07T05:00:00Z,BTC/USDT,buy,28861.80369000,0.02415795,0.69724201,USDT
2023-05-07T05:45:00Z,BTC/USDT,sell,28885.85984500,0.02415795,0.69782316,USDT
2023-05-07T06:45:00Z,BTC/USDT,buy,28945.31542500,0.02408904,0.69726486,USDT
2023-05-07T07:30:00Z,BTC/USDT,sell,28881.57199000,0.02408904,0.69572934,USDT
2023-05-07T21:30:00Z,BTC/USDT,buy,28946.93623500,0.02406954,0.69673944,USDT
2023-05-07T21:30:00Z,BTC/USDT,stop_sell,28831.90290839,0.02406954,0.69397064,USDT
2023-05-08T06:30:00Z,BTC/USDT,buy,28249.13751000,0.02464617,0.69623305,USDT
2023-05-08T06:45:00Z,BTC/USDT,sell,28146.75958000,0.02464617,0.69370982,USDT
2023-05-08T15:00:00Z,BTC/USDT,buy,27991.29865500,0.02487915,0.69639972,USDT
2023-05-08T15:15:00Z,BTC/USDT,sell,27915.32535500,0.02487915,0.69450957,USDT
2023-05-08T17:00:00Z,BTC/USDT,buy,27888.28717500,0.02495778,0.69602974,USDT
2023-05-08T17:45:00Z,BTC/USDT,stop_sell,27697.44327911,0.02495778,0.69126670,USDT
2023-05-08T22:45:00Z,BTC/USDT,buy,27650.61840000,0.02514854,0.69537268,USDT
2023-05-08T23:15:00Z,BTC/USDT,sell,27595.81519000,0.02514854,0.69399446,USDT
2023-05-09T02:00:00Z,BTC/USDT,buy,27716.28121500,0.02507973,0.69511685,USDT
2023-05-09T02:15:00Z,BTC/USDT,stop_sell,27577.21877857,0.02507973,0.69162920,USDT
2023-05-09T02:45:00Z,BTC/USDT,buy,27595.71096000,0.0251621,0.69436604,USDT
2023-05-09T03:30:00Z,BTC/USDT,sell,27561.98211500,0.0251621,0.69351735,USDT
2023-05-09T05:45:00Z,BTC/USDT,buy,27602.80450500,0.02516286,0.69456551,USDT
2023-05-09T06:00:00Z,BTC/USDT,sell,27528.37892500,0.02516286,0.69269274,USDT
2023-05-09T08:00:00Z,BTC/USDT,buy,27682.61439000,0.02507953,0.69426696,USDT
2023-05-09T08:30:00Z,BTC/USDT,sell,27575.30545000,0.02507953,0.69157570,USDT
2023-05-09T10:15:00Z,BTC/USDT,buy,27582.70446000,0.02516387,0.69408759,USDT
2023-05-09T12:15:00Z,BTC/USDT,sell,27736.39486500,0.02516387,0.69795503,USDT
2023-05-09T18:45:00Z,BTC/USDT,buy,27674.76046500,0.02508601,0.69424932,USDT
2023-05-09T19:00:00Z,BTC/USDT,stop_sell,27507.01425554,0.02508601,0.69004123,USDT
2023-05-09T19:15:00Z,BTC/USDT,buy,27519.96310500,0.02519446,0.69335061,USDT
2023-05-09T21:45:00Z,BTC/USDT,sell,27627.62927500,0.02519446,0.69606320,USDT
2023-05-09T23:00:00Z,BTC/USDT,buy,27601.67394000,0.02514888,0.69415119,USDT
2023-05-09T23:15:00Z,BTC/USDT,sell,27587.48935500,0.02514888,0.69379446,USDT
2023-05-10T00:15:00Z,BTC/USDT,buy,27677.87202000,0.02506439,0.69372898,USDT
2023-05-10T00:45:00Z,BTC/USDT,sell,27754.74568500,0.02506439,0.69565577,USDT
2023-05-10T12:45:00Z,BTC/USDT,buy,28014.00000000,0.02476391,0.69373617,USDT
2023-05-10T13:15:00Z,BTC/USDT,sell,28139.21335500,0.02476391,0.69683695,USDT
2023-05-10T22:15:00Z,BTC/USDT,buy,27518.74249500,0.02521096,0.69377392,USDT
2023-05-10T22:30:00Z,BTC/USDT,sell,27526.91965500,0.02521096,0.69398007,USDT
2023-05-11T02:15:00Z,BTC/USDT,buy,27573.71997000,0.02516663,0.69393761,USDT
2023-05-11T03:00:00Z,BTC/USDT,sell,27489.08858000,0.02516663,0.69180772,USDT
2023-05-11T05:30:00Z,BTC/USDT,buy,27477.47187000,0.02523578,0.69341544,USDT
2023-05-11T05:45:00Z,BTC/USDT,sell,27460.56285000,0.02523578,0.69298872,USDT
2023-05-11T07:30:00Z,BTC/USDT,buy,27537.58191000,0.02517286,0.69319969,USDT
2023-05-11T07:45:00Z,BTC/USDT,stop_sell,27440.30798250,0.02517286,0.69075103,USDT
2023-05-11T08:00:00Z,BTC/USDT,buy,27462.57442500,0.02522744,0.69281045,USDT
2023-05-11T08:00:00Z,BTC/USDT,stop_sell,27367.17849411,0.02522744,0.69040385,USDT
2023-05-11T12:30:00Z,BTC/USDT,buy,27557.51187000,0.02513589,0.69268259,USDT
2023-05-11T12:30:00Z,BTC/USDT,stop_sell,27443.89226089,0.02513589,0.68982666,USDT
2023-05-11T13:00:00Z,BTC/USDT,buy,27403.46488500,0.02525341,0.69203093,USDT
2023-05-11T13:15:00Z,BTC/USDT,sell,27327.04964000,0.02525341,0.69010119,USDT
2023-05-11T13:45:00Z,BTC/USDT,buy,27489.38782500,0.02518816,0.69240710,USDT
2023-05-11T13:45:00Z,BTC/USDT,stop_sell,27304.69368071,0.02518816,0.68775499,USDT
2023-05-12T20:00:00Z,BTC/USDT,buy,26483.62519500,0.02613563,0.69216623,USDT
2023-05-12T20:30:00Z,BTC/USDT,sell,26383.22179000,0.02613563,0.68954212,USDT
2023-05-13T12:15:00Z,BTC/USDT,buy,26817.14187000,0.02578689,0.69153069,USDT
2023-05-13T13:45:00Z,BTC/USDT,sell,26792.25717000,0.02578689,0.69088899,USDT
2023-05-13T14:00:00Z,BTC/USDT,buy,26842.06432500,0.02574899,0.69115605,USDT
2023-05-13T14:15:00Z,BTC/USDT,stop_sell,26738.47407500,0.02574899,0.68848870,USDT
2023-05-13T15:15:00Z,BTC/USDT,buy,26812.68964500,0.02576377,0.69079597,USDT
2023-05-13T15:30:00Z,BTC/USDT,sell,26776.26517000,0.02576377,0.68985754,USDT
2023-05-13T16:30:00Z,BTC/USDT,buy,26816.32146000,0.02575018,0.69052510,USDT
2023-05-13T16:45:00Z,BTC/USDT,sell,26810.32813000,0.02575018,0.69037078,USDT
2023-05-13T17:00:00Z,BTC/USDT,buy,26840.92375500,0.02572652,0.69052356,USDT
2023-05-13T17:15:00Z,BTC/USDT,sell,26802.61199000,0.02572652,0.68953793,USDT
2023-05-13T17:45:00Z,BTC/USDT,buy,26846.27643000,0.02571491,0.69034958,USDT
2023-05-13T18:00:00Z,BTC/USDT,sell,26792.80689500,0.02571491,0.68897462,USDT
2023-05-13T18:30:00Z,BTC/USDT,buy,26841.17388000,0.02571359,0.69018294,USDT
2023-05-13T18:45:00Z,BTC/USDT,stop_sell,26759.85338000,0.02571359,0.68809190,USDT
2023-05-13T19:15:00Z,BTC/USDT,buy,26880.76366500,0.02566976,0.69002275,USDT
2023-05-13T19:45:00Z,BTC/USDT,sell,26790.76791500,0.02566976,0.68771258,USDT
2023-05-14T04:45:00Z,BTC/USDT,buy,26835.28093500,0.02569532,0.68954113,USDT
2023-05-14T05:15:00Z,BTC/USDT,sell,26814.21618500,0.02569532,0.68899987,USDT
2023-05-14T10:00:00Z,BTC/USDT,buy,26859.21289500,0.0256708,0.68949748,USDT
2023-05-14T10:15:00Z,BTC/USDT,sell,26814.27615500,0.0256708,0.68834392,USDT
2023-05-14T13:00:00Z,BTC/USDT,buy,26887.28692500,0.02563354,0.68921634,USDT
2023-05-14T13:15:00Z,BTC/USDT,sell,26822.54202000,0.02563354,0.68755670,USDT
2023-05-14T13:45:00Z,BTC/USDT,buy,26891.27892000,0.0256238,0.68905675,USDT
2023-05-14T14:15:00Z,BTC/USDT,sell,26862.23216500,0.0256238,0.68831246,USDT
2023-05-14T17:45:00Z,BTC/USDT,buy,26970.59856000,0.02554806,0.68904647,USDT
2023-05-14T19:30:00Z,BTC/USDT,sell,26828.67895000,0.02554806,0.68542070,USDT
2023-05-14T22:00:00Z,BTC/USDT,buy,26922.42448500,0.02557078,0.68842739,USDT
2023-05-14T22:15:00Z,BTC/USDT,sell,26902.10222000,0.02557078,0.68790774,USDT
2023-05-15T01:30:00Z,BTC/USDT,buy,27001.02376500,0.02548355,0.68808194,USDT
2023-05-15T02:30:00Z,BTC/USDT,sell,27143.03169500,0.02548355,0.69170081,USDT
2023-05-15T05:30:00Z,BTC/USDT,buy,27277.48192500,0.02524298,0.68856493,USDT
2023-05-15T05:45:00Z,BTC/USDT,sell,27321.88222500,0.02524298,0.68968573,USDT
2023-05-15T07:15:00Z,BTC/USDT,buy,27504.87556500,0.02502697,0.68836370,USDT
2023-05-15T08:00:00Z,BTC/USDT,sell,27394.99565000,0.02502697,0.68561373,USDT
2023-05-15T15:00:00Z,BTC/USDT,buy,27422.04417000,0.02509358,0.68811726,USDT
2023-05-15T16:00:00Z,BTC/USDT,sell,27385.79025500,0.02509358,0.68720752,USDT
2023-05-15T17:00:00Z,BTC/USDT,buy,27506.67646500,0.02502086,0.68824070,USDT
2023-05-15T17:30:00Z,BTC/USDT,sell,27482.48188500,0.02502086,0.68763533,USDT
2023-05-15T19:30:00Z,BTC/USDT,buy,27407.65698000,0.02509061,0.68767483,USDT
2023-05-15T20:00:00Z,BTC/USDT,sell,27400.84272500,0.02509061,0.68750386,USDT
2023-05-16T15:30:00Z,BTC/USDT,buy,27092.25936000,0.02538186,0.68765193,USDT
2023-05-16T15:45:00Z,BTC/USDT,sell,26992.71689000,0.02538186,0.68512536,USDT
2023-05-16T17:45:00Z,BTC/USDT,buy,27071.23885500,0.02537938,0.68705126,USDT
2023-05-16T18:15:00Z,BTC/USDT,sell,27036.47500000,0.02537938,0.68616897,USDT
2023-05-16T18:45:00Z,BTC/USDT,buy,27039.67308000,0.0254105,0.68709161,USDT
2023-05-16T19:45:00Z,BTC/USDT,stop_sell,26907.37565339,0.0254105,0.68372987,USDT
2023-05-16T22:15:00Z,BTC/USDT,buy,27037.17183000,0.02539898,0.68671659,USDT
2023-05-16T22:30:00Z,BTC/USDT,sell,26980.61294500,0.02539898,0.68528005,USDT
2023-05-17T00:15:00Z,BTC/USDT,buy,27059.96322000,0.02537019,0.68651641,USDT
2023-05-17T01:15:00Z,BTC/USDT,sell,27054.13616500,0.02537019,0.68636857,USDT
2023-05-17T17:15:00Z,BTC/USDT,buy,26932.17936000,0.02548563,0.68638356,USDT
2023-05-17T19:30:00Z,BTC/USDT,sell,27321.47243000,0.02548563,0.69630494,USDT
2023-05-17T19:45:00Z,BTC/USDT,buy,27413.81005500,0.02506655,0.68716964,USDT
2023-05-17T20:00:00Z,BTC/USDT,sell,27370.71779500,0.02506655,0.68608947,USDT
2023-05-17T21:45:00Z,BTC/USDT,buy,27383.06469000,0.02508844,0.68699838,USDT
2023-05-17T22:30:00Z,BTC/USDT,sell,27319.09362000,0.02508844,0.68539344,USDT
2023-05-17T23:15:00Z,BTC/USDT,buy,27391.35883500,0.02506757,0.68663480,USDT
2023-05-18T00:45:00Z,BTC/USDT,sell,27365.80025500,0.02506757,0.68599411,USDT
2023-05-18T01:15:00Z,BTC/USDT,buy,27400.48339500,0.02505449,0.68650514,USDT
2023-05-18T01:30:00Z,BTC/USDT,sell,27358.24403500,0.02505449,0.68544685,USDT
2023-05-18T02:00:00Z,BTC/USDT,buy,27339.45289500,0.02510139,0.68625827,USDT
2023-05-18T02:15:00Z,BTC/USDT,sell,27303.24155000,0.02510139,0.68534931,USDT
2023-05-18T02:45:00Z,BTC/USDT,buy,27388.68750000,0.02505079,0.68610826,USDT
2023-05-18T03:00:00Z,BTC/USDT,sell,27336.45493500,0.02505079,0.68479979,USDT
2023-05-18T07:45:00Z,BTC/USDT,buy,27371.33883000,0.02506393,0.68603332,USDT
2023-05-18T08:15:00Z,BTC/USDT,sell,27340.40296000,0.02506393,0.68525795,USDT
2023-05-18T08:30:00Z,BTC/USDT,buy,27405.08569500,0.02502334,0.68576678,USDT
2023-05-18T12:30:00Z,BTC/USDT,sell,27308.31901000,0.02502334,0.68334535,USDT
2023-05-18T22:30:00Z,BTC/USDT,buy,26900.47351500,0.02548039,0.68543456,USDT
2023-05-19T01:45:00Z,BTC/USDT,stop_sell,26735.59622893,0.02548039,0.68123342,USDT
2023-05-19T02:00:00Z,BTC/USDT,buy,26826.97678500,0.02553112,0.68492276,USDT
2023-05-19T02:15:00Z,BTC/USDT,sell,26806.59000000,0.02553112,0.68440227,USDT
2023-05-19T03:30:00Z,BTC/USDT,buy,26884.49553000,0.02546754,0.68468197,USDT
2023-05-19T03:45:00Z,BTC/USDT,sell,26835.92532500,0.02546754,0.68344500,USDT
2023-05-19T04:45:00Z,BTC/USDT,buy,26874.79068000,0.02548016,0.68477397,USDT
2023-05-19T05:15:00Z,BTC/USDT,sell,26837.33462000,0.02548016,0.68381958,USDT
2023-05-19T12:15:00Z,BTC/USDT,buy,26967.89721000,0.02538253,0.68451346,USDT
2023-05-19T13:45:00Z,BTC/USDT,stop_sell,26866.91874911,0.02538253,0.68195037,USDT
2023-05-19T14:00:00Z,BTC/USDT,buy,26877.02179500,0.02544795,0.68396511,USDT
2023-05-19T14:00:00Z,BTC/USDT,stop_sell,26773.36733393,0.02544795,0.68132731,USDT
2023-05-19T15:15:00Z,BTC/USDT,buy,26917.12183500,0.02540241,0.68375976,USDT
2023-05-19T15:30:00Z,BTC/USDT,stop_sell,26780.90677661,0.02540241,0.68029957,USDT
2023-05-19T15:45:00Z,BTC/USDT,buy,26960.58355500,0.02534433,0.68329793,USDT
2023-05-19T17:00:00Z,BTC/USDT,sell,26818.80389000,0.02534433,0.67970462,USDT
2023-05-19T17:30:00Z,BTC/USDT,buy,26941.42398000,0.02534601,0.68285760,USDT
2023-05-19T18:00:00Z,BTC/USDT,sell,26908.14919500,0.02534601,0.68201422,USDT
2023-05-19T19:15:00Z,BTC/USDT,buy,26851.49904000,0.02541583,0.68245313,USDT
2023-05-19T19:45:00Z,BTC/USDT,sell,26815.27565500,0.02541583,0.68153249,USDT
2023-05-19T21:30:00Z,BTC/USDT,buy,26909.01778500,0.02536761,0.68261747,USDT
2023-05-19T22:15:00Z,BTC/USDT,sell,26881.37259000,0.02536761,0.68191618,USDT
2023-05-19T23:45:00Z,BTC/USDT,buy,26911.38897000,0.02536093,0.68249785,USDT
2023-05-20T00:30:00Z,BTC/USDT,stop_sell,26828.77354554,0.02536093,0.68040265,USDT
2023-05-20T01:15:00Z,BTC/USDT,buy,26867.90724000,0.0253855,0.68205526,USDT
2023-05-20T02:00:00Z,BTC/USDT,sell,26852.06725000,0.0253855,0.68165315,USDT
2023-05-20T04:00:00Z,BTC/USDT,buy,26880.93375000,0.02537133,0.68200504,USDT
2023-05-20T04:15:00Z,BTC/USDT,sell,26849.14871000,0.02537133,0.68119861,USDT
2023-05-20T05:30:00Z,BTC/USDT,buy,26878.11234000,0.02537569,0.68205065,USDT
2023-05-20T06:45:00Z,BTC/USDT,sell,26835.63547000,0.02537569,0.68097277,USDT
2023-05-20T07:30:00Z,BTC/USDT,buy,26870.26842000,0.02537574,0.68185295,USDT
2023-05-20T08:00:00Z,BTC/USDT,sell,26844.03127000,0.02537574,0.68118716,USDT
2023-05-20T08:15:00Z,BTC/USDT,buy,26877.86221500,0.02535532,0.68149680,USDT
2023-05-20T10:45:00Z,BTC/USDT,sell,26870.62796500,0.02535532,0.68131337,USDT
2023-05-20T12:00:00Z,BTC/USDT,buy,26897.88222000,0.02533206,0.68137877,USDT
2023-05-20T13:45:00Z,BTC/USDT,sell,26887.12971000,0.02533206,0.68110638,USDT
2023-05-20T15:45:00Z,BTC/USDT,buy,26972.96974500,0.02526579,0.68149339,USDT
2023-05-20T17:00:00Z,BTC/USDT,sell,26899.83335500,0.02526579,0.67964554,USDT
2023-05-20T18:30:00Z,BTC/USDT,buy,27105.24585000,0.02511142,0.68065121,USDT
2023-05-20T18:45:00Z,BTC/USDT,stop_sell,27019.55703464,0.02511142,0.67849944,USDT
2023-05-20T20:00:00Z,BTC/USDT,buy,27081.20383500,0.02513682,0.68073535,USDT
2023-05-20T21:00:00Z,BTC/USDT,stop_sell,26973.24127554,0.02513682,0.67802151,USDT
2023-05-20T21:15:00Z,BTC/USDT,buy,27016.09129500,0.02518208,0.68032137,USDT
2023-05-20T22:45:00Z,BTC/USDT,sell,27036.43502000,0.02518208,0.68083367,USDT
2023-05-20T23:45:00Z,BTC/USDT,buy,27109.60803000,0.02509635,0.68035221,USDT
2023-05-21T05:30:00Z,BTC/USDT,sell,27100.92276000,0.02509635,0.68013424,USDT
2023-05-21T16:45:00Z,BTC/USDT,buy,26901.82419000,0.02528729,0.68027423,USDT
2023-05-21T17:30:00Z,BTC/USDT,sell,26869.32861500,0.02528729,0.67945250,USDT
2023-05-21T20:30:00Z,BTC/USDT,buy,26899.12284000,0.02527582,0.67989739,USDT
2023-05-21T20:45:00Z,BTC/USDT,sell,26844.46105500,0.02527582,0.67851577,USDT
2023-05-22T06:30:00Z,BTC/USDT,buy,26916.26140500,0.02525993,0.67990288,USDT
2023-05-22T06:30:00Z,BTC/USDT,stop_sell,26822.27679554,0.02525993,0.67752883,USDT
2023-05-22T07:45:00Z,BTC/USDT,buy,26885.52604500,0.02527598,0.67955802,USDT
2023-05-22T09:45:00Z,BTC/USDT,sell,26848.04926000,0.02527598,0.67861076,USDT
2023-05-22T13:45:00Z,BTC/USDT,buy,27034.42045500,0.02513021,0.67938066,USDT
2023-05-22T14:00:00Z,BTC/USDT,sell,26992.23713000,0.02513021,0.67832059,USDT
2023-05-22T14:30:00Z,BTC/USDT,buy,26961.33393000,0.02518989,0.67915304,USDT
2023-05-22T17:00:00Z,BTC/USDT,stop_sell,26801.30764250,0.02518989,0.67512199,USDT
2023-05-22T17:30:00Z,BTC/USDT,buy,26810.10835500,0.02531751,0.67876519,USDT
2023-05-22T18:30:00Z,BTC/USDT,sell,26899.27363500,0.02531751,0.68102263,USDT
2023-05-22T19:00:00Z,BTC/USDT,buy,26896.58157000,0.0252381,0.67881862,USDT
2023-05-22T19:15:00Z,BTC/USDT,sell,26832.71693000,0.0252381,0.67720679,USDT
2023-05-22T20:00:00Z,BTC/USDT,buy,26880.78367500,0.02524213,0.67852824,USDT
2023-05-22T20:30:00Z,BTC/USDT,sell,26816.90484000,0.02524213,0.67691580,USDT
2023-05-22T21:15:00Z,BTC/USDT,buy,26909.39797500,0.02520244,0.67818249,USDT
2023-05-22T21:30:00Z,BTC/USDT,sell,26894.70592000,0.02520244,0.67781221,USDT
2023-05-22T22:15:00Z,BTC/USDT,buy,26905.22589000,0.02520502,0.67814676,USDT
2023-05-22T22:30:00Z,BTC/USDT,sell,26876.30512500,0.02520502,0.67741781,USDT
2023-05-22T23:00:00Z,BTC/USDT,buy,26878.80268500,0.0252229,0.67796135,USDT
2023-05-22T23:15:00Z,BTC/USDT,sell,26848.64896000,0.0252229,0.67720079,USDT
2023-05-23T00:00:00Z,BTC/USDT,buy,26860.85371500,0.02522822,0.67765153,USDT
2023-05-23T00:45:00Z,BTC/USDT,stop_sell,26786.68460054,0.02522822,0.67578037,USDT
2023-05-23T01:15:00Z,BTC/USDT,buy,26859.33295500,0.02523183,0.67771012,USDT
2023-05-23T02:00:00Z,BTC/USDT,sell,26975.38556000,0.02523183,0.68063834,USDT
2023-05-23T02:15:00Z,BTC/USDT,buy,27084.97572000,0.02502964,0.67792719,USDT
2023-05-23T02:30:00Z,BTC/USDT,sell,27030.00823500,0.02502964,0.67655138,USDT
2023-05-23T07:30:00Z,BTC/USDT,buy,27265.39588500,0.02483154,0.67704177,USDT
2023-05-23T08:15:00Z,BTC/USDT,sell,27264.40098000,0.02483154,0.67701706,USDT
2023-05-23T11:30:00Z,BTC/USDT,buy,27353.89011000,0.02476973,0.67754847,USDT
2023-05-23T12:45:00Z,BTC/USDT,sell,27280.95270000,0.02476973,0.67574183,USDT
2023-05-24T11:45:00Z,BTC/USDT,buy,26733.04984500,0.02533456,0.67727006,USDT
2023-05-24T12:00:00Z,BTC/USDT,sell,26733.61650500,0.02533456,0.67728441,USDT
2023-05-24T12:15:00Z,BTC/USDT,buy,26734.71067500,0.02532289,0.67700014,USDT
2023-05-24T13:00:00Z,BTC/USDT,sell,26679.27369000,0.02532289,0.67559631,USDT
2023-05-25T09:00:00Z,BTC/USDT,buy,26235.75132000,0.02580287,0.67695768,USDT
2023-05-25T10:15:00Z,BTC/USDT,sell,26231.80753500,0.02580287,0.67685592,USDT
2023-05-25T10:30:00Z,BTC/USDT,buy,26280.06346500,0.02575337,0.67680020,USDT
2023-05-25T10:45:00Z,BTC/USDT,sell,26227.51968000,0.02575337,0.67544702,USDT
2023-05-25T12:15:00Z,BTC/USDT,buy,26407.41711000,0.0256246,0.67667950,USDT
2023-05-25T13:30:00Z,BTC/USDT,stop_sell,26291.53230054,0.0256246,0.67371000,USDT
2023-05-25T13:45:00Z,BTC/USDT,buy,26340.82383000,0.02566764,0.67610678,USDT
2023-05-25T15:30:00Z,BTC/USDT,stop_sell,26209.86315554,0.02566764,0.67274533,USDT
2023-05-25T16:15:00Z,BTC/USDT,buy,26270.63875500,0.02572992,0.67594143,USDT
2023-05-25T16:45:00Z,BTC/USDT,sell,26253.63661500,0.02572992,0.67550397,USDT
2023-05-25T18:30:00Z,BTC/USDT,buy,26409.44812500,0.02557264,0.67535931,USDT
2023-05-26T00:00:00Z,BTC/USDT,sell,26465.95040500,0.02557264,0.67680422,USDT
2023-05-26T00:30:00Z,BTC/USDT,buy,26505.43609500,0.02548556,0.67550588,USDT
2023-05-26T00:45:00Z,BTC/USDT,sell,26450.28824000,0.02548556,0.67410041,USDT
2023-05-26T01:15:00Z,BTC/USDT,buy,26510.00838000,0.02547525,0.67534909,USDT
2023-05-26T01:15:00Z,BTC/USDT,stop_sell,26412.10055768,0.02547525,0.67285486,USDT
2023-05-26T17:30:00Z,BTC/USDT,buy,26795.20090500,0.025195,0.67510509,USDT
2023-05-26T18:00:00Z,BTC/USDT,stop_sell,26650.20787304,0.025195,0.67145199,USDT
2023-05-26T18:15:00Z,BTC/USDT,buy,26674.93080000,0.02529322,0.67469489,USDT
2023-05-26T19:15:00Z,BTC/USDT,sell,26764.23119000,0.02529322,0.67695359,USDT
2023-05-26T19:45:00Z,BTC/USDT,buy,26816.41150500,0.02515872,0.67466659,USDT
2023-05-26T20:00:00Z,BTC/USDT,sell,26759.78341500,0.02515872,0.67324190,USDT
2023-05-27T17:45:00Z,BTC/USDT,buy,26746.45654500,0.02521936,0.67452852,USDT
2023-05-27T18:15:00Z,BTC/USDT,sell,26733.85638500,0.02521936,0.67421075,USDT
2023-05-28T03:45:00Z,BTC/USDT,buy,27170.05824000,0.02482438,0.67447985,USDT
2023-05-28T08:45:00Z,BTC/USDT,sell,27174.42599000,0.02482438,0.67458828,USDT
2023-05-28T10:15:00Z,BTC/USDT,buy,27164.87565000,0.02481901,0.67420532,USDT
2023-05-28T11:30:00Z,BTC/USDT,sell,27190.95772000,0.02481901,0.67485265,USDT
2023-05-28T15:15:00Z,BTC/USDT,buy,27236.31135000,0.02474897,0.67407065,USDT
2023-05-28T20:00:00Z,BTC/USDT,sell,27517.19452000,0.02474897,0.68102222,USDT
2023-05-28T20:15:00Z,BTC/USDT,buy,27568.51737000,0.02446632,0.67450017,USDT
2023-05-29T03:45:00Z,BTC/USDT,sell,28072.40677500,0.02446632,0.68682849,USDT
2023-05-29T13:30:00Z,BTC/USDT,buy,27948.45724500,0.02416996,0.67551309,USDT
2023-05-29T13:45:00Z,BTC/USDT,sell,27860.53276500,0.02416996,0.67338796,USDT
2023-05-30T03:15:00Z,BTC/USDT,buy,27813.90000000,0.02428241,0.67538852,USDT
2023-05-30T05:00:00Z,BTC/USDT,stop_sell,27693.72692393,0.02428241,0.67247043,USDT
2023-05-30T05:15:00Z,BTC/USDT,buy,27718.94254500,0.02435035,0.67496595,USDT
2023-05-30T06:00:00Z,BTC/USDT,sell,27747.06952500,0.02435035,0.67565085,USDT
2023-05-30T07:00:00Z,BTC/USDT,buy,27815.04057000,0.02426772,0.67500762,USDT
2023-05-30T07:30:00Z,BTC/USDT,stop_sell,27719.14028232,0.02426772,0.67268034,USDT
2023-05-30T09:15:00Z,BTC/USDT,buy,27838.04206500,0.02423845,0.67475099,USDT
2023-05-30T11:00:00Z,BTC/USDT,sell,27895.87508500,0.02423845,0.67615277,USDT
2023-05-30T23:00:00Z,BTC/USDT,buy,27747.37675500,0.02431104,0.67456759,USDT
2023-05-30T23:15:00Z,BTC/USDT,sell,27684.32091500,0.02431104,0.67303463,USDT
2023-05-31T01:45:00Z,BTC/USDT,buy,27796.92151500,0.02425337,0.67416902,USDT
2023-05-31T02:00:00Z,BTC/USDT,sell,27730.40786000,0.02425337,0.67255584,USDT
2023-05-31T13:15:00Z,BTC/USDT,buy,27181.41391500,0.02480224,0.67415995,USDT
2023-05-31T14:00:00Z,BTC/USDT,sell,27112.96673500,0.02480224,0.67246231,USDT
2023-05-31T19:15:00Z,BTC/USDT,buy,27050.74861500,0.02491325,0.67392206,USDT
2023-05-31T19:30:00Z,BTC/USDT,sell,27016.34507000,0.02491325,0.67306496,USDT
2023-05-31T23:00:00Z,BTC/USDT,buy,27200.49345000,0.02477319,0.67384299,USDT
2023-06-01T00:30:00Z,BTC/USDT,stop_sell,27087.55123482,0.02477319,0.67104505,USDT
2023-06-01T02:30:00Z,BTC/USDT,buy,27097.03174500,0.02485789,0.67357503,USDT
2023-06-01T02:45:00Z,BTC/USDT,sell,27029.34856500,0.02485789,0.67189257,USDT
2023-06-01T07:45:00Z,BTC/USDT,buy,26821.94427000,0.02509498,0.67309616,USDT
2023-06-01T08:00:00Z,BTC/USDT,sell,26791.83738000,0.02509498,0.67234062,USDT
2023-06-01T11:15:00Z,BTC/USDT,buy,26879.08282500,0.02503829,0.67300627,USDT
2023-06-01T12:15:00Z,BTC/USDT,stop_sell,26787.12045393,0.02503829,0.67070369,USDT
2023-06-01T15:00:00Z,BTC/USDT,buy,26906.85670500,0.02499867,0.67263563,USDT
2023-06-01T16:45:00Z,BTC/USDT,sell,26808.48905000,0.02499867,0.67017657,USDT
2023-06-01T17:00:00Z,BTC/USDT,buy,27102.65455500,0.02480778,0.67235669,USDT
2023-06-01T17:00:00Z,BTC/USDT,stop_sell,26954.51992661,0.02480778,0.66868180,USDT
2023-06-01T17:30:00Z,BTC/USDT,buy,27012.00925500,0.02486393,0.67162471,USDT
2023-06-01T19:00:00Z,BTC/USDT,sell,26958.84383500,0.02486393,0.67030281,USDT
2023-06-01T19:15:00Z,BTC/USDT,buy,26975.06079000,0.02490445,0.67179905,USDT
2023-06-01T19:30:00Z,BTC/USDT,sell,26851.95730500,0.02490445,0.66873323,USDT
2023-06-01T21:15:00Z,BTC/USDT,buy,26927.25690000,0.02492907,0.67127147,USDT
2023-06-01T21:45:00Z,BTC/USDT,sell,26871.41757000,0.02492907,0.66987945,USDT
2023-06-02T02:30:00Z,BTC/USDT,buy,26956.00126500,0.0249063,0.67137425,USDT
2023-06-02T03:15:00Z,BTC/USDT,sell,26935.94529000,0.0249063,0.67087473,USDT
2023-06-02T22:30:00Z,BTC/USDT,buy,27257.42190000,0.02462202,0.67113279,USDT
2023-06-02T23:30:00Z,BTC/USDT,sell,27222.48195000,0.02462202,0.67027250,USDT
2023-06-03T00:15:00Z,BTC/USDT,buy,27231.44892000,0.0246344,0.67083041,USDT
2023-06-03T00:30:00Z,BTC/USDT,sell,27192.58690500,0.0246344,0.66987306,USDT
2023-06-03T06:15:00Z,BTC/USDT,buy,27180.29335500,0.02466582,0.67042422,USDT
2023-06-03T08:30:00Z,BTC/USDT,sell,27162.18211500,0.02466582,0.66997749,USDT
2023-06-03T09:00:00Z,BTC/USDT,buy,27155.75109000,0.02468631,0.67037529,USDT
2023-06-03T09:30:00Z,BTC/USDT,sell,27132.78682000,0.02468631,0.66980839,USDT
2023-06-03T15:30:00Z,BTC/USDT,buy,27251.64901500,0.02460126,0.67042490,USDT
2023-06-03T17:15:00Z,BTC/USDT,stop_sell,27175.49402714,0.02460126,0.66855139,USDT
2023-06-03T17:45:00Z,BTC/USDT,buy,27184.24533000,0.0246478,0.67003184,USDT
2023-06-03T18:15:00Z,BTC/USDT,sell,27132.89676500,0.0246478,0.66876621,USDT
2023-06-04T13:15:00Z,BTC/USDT,buy,27222.71455500,0.02460828,0.66990418,USDT
2023-06-04T14:00:00Z,BTC/USDT,sell,27236.89474000,0.02460828,0.67025313,USDT
2023-06-04T22:15:00Z,BTC/USDT,buy,27287.94715500,0.02455192,0.66997150,USDT
2023-06-04T22:15:00Z,BTC/USDT,stop_sell,27206.37750625,0.02455192,0.66796880,USDT
2023-06-04T22:30:00Z,BTC/USDT,buy,27252.76957500,0.02456193,0.66938062,USDT
2023-06-04T23:00:00Z,BTC/USDT,sell,27217.27455500,0.02456193,0.66850879,USDT
2023-06-04T23:15:00Z,BTC/USDT,buy,27310.29832500,0.02451221,0.66943577,USDT
2023-06-04T23:15:00Z,BTC/USDT,stop_sell,27179.04046732,0.02451221,0.66621835,USDT
2023-06-05T14:45:00Z,BTC/USDT,buy,26812.06933500,0.02495312,0.66904478,USDT
2023-06-05T15:00:00Z,BTC/USDT,stop_sell,26698.69575982,0.02495312,0.66621576,USDT
2023-06-05T22:15:00Z,BTC/USDT,buy,25683.22519500,0.02604136,0.66882611,USDT
2023-06-05T22:30:00Z,BTC/USDT,sell,25700.78318000,0.02604136,0.66928335,USDT
2023-06-05T22:45:00Z,BTC/USDT,buy,25770.22867500,0.02593908,0.66845602,USDT
2023-06-05T23:00:00Z,BTC/USDT,sell,25702.19247500,0.02593908,0.66669123,USDT
2023-06-05T23:15:00Z,BTC/USDT,buy,25754.92102500,0.02594346,0.66817176,USDT
2023-06-06T01:15:00Z,BTC/USDT,stop_sell,25619.51633375,0.02594346,0.66465890,USDT
2023-06-06T01:30:00Z,BTC/USDT,buy,25654.20069000,0.02603741,0.66796894,USDT
2023-06-06T03:15:00Z,BTC/USDT,sell,25737.12500000,0.02603741,0.67012808,USDT
2023-06-06T04:45:00Z,BTC/USDT,buy,25791.11911500,0.02589964,0.66798070,USDT
2023-06-06T06:45:00Z,BTC/USDT,sell,25753.12699500,0.02589964,0.66699672,USDT
2023-06-06T14:00:00Z,BTC/USDT,buy,25754.21067000,0.02593715,0.66799083,USDT
2023-06-07T02:30:00Z,BTC/USDT,sell,26929.38857000,0.02593715,0.69847159,USDT
2023-06-07T11:45:00Z,BTC/USDT,buy,26938.85269500,0.02487764,0.67017508,USDT
2023-06-07T11:45:00Z,BTC/USDT,stop_sell,26799.89799054,0.02487764,0.66671821,USDT
2023-06-07T12:00:00Z,BTC/USDT,buy,26891.80918500,0.02490885,0.66984404,USDT
2023-06-07T14:30:00Z,BTC/USDT,stop_sell,26740.52376393,0.02490885,0.66607570,USDT
2023-06-07T14:45:00Z,BTC/USDT,buy,26734.27045500,0.02503838,0.66938282,USDT
2023-06-07T15:15:00Z,BTC/USDT,sell,26651.62752000,0.02503838,0.66731358,USDT
2023-06-07T20:15:00Z,BTC/USDT,buy,26683.16491500,0.02507612,0.66911025,USDT
2023-06-07T21:45:00Z,BTC/USDT,sell,26573.04683000,0.02507612,0.66634891,USDT
2023-06-07T22:00:00Z,BTC/USDT,buy,26580.26349000,0.02512964,0.66795245,USDT
2023-06-07T22:30:00Z,BTC/USDT,sell,26481.60257500,0.02512964,0.66547314,USDT
2023-06-08T04:45:00Z,BTC/USDT,buy,26477.11194000,0.02524736,0.66847718,USDT
2023-06-08T05:30:00Z,BTC/USDT,sell,26491.89742500,0.02524736,0.66885047,USDT
2023-06-08T07:00:00Z,BTC/USDT,buy,26508.06741000,0.02522475,0.66865937,USDT
2023-06-08T08:00:00Z,BTC/USDT,sell,26440.35321000,0.02522475,0.66695130,USDT
2023-06-08T14:45:00Z,BTC/USDT,buy,26599.63317000,0.02511901,0.66815645,USDT
2023-06-08T15:30:00Z,BTC/USDT,sell,26620.24322000,0.02511901,0.66867416,USDT
2023-06-08T15:45:00Z,BTC/USDT,buy,26711.84925000,0.02501103,0.66809086,USDT
2023-06-08T17:00:00Z,BTC/USDT,stop_sell,26489.30907696,0.02501103,0.66252490,USDT
2023-06-08T17:15:00Z,BTC/USDT,buy,26588.78775000,0.02514727,0.66863542,USDT
2023-06-08T17:30:00Z,BTC/USDT,sell,26522.79197000,0.02514727,0.66697581,USDT
2023-06-08T18:00:00Z,BTC/USDT,buy,26516.81178000,0.02516513,0.66729902,USDT
2023-06-08T18:30:00Z,BTC/USDT,sell,26478.90392500,0.02516513,0.66634506,USDT
2023-06-08T18:45:00Z,BTC/USDT,buy,26561.48410500,0.02510947,0.66694479,USDT
2023-06-08T19:15:00Z,BTC/USDT,sell,26548.20925500,0.02510947,0.66661146,USDT
2023-06-08T20:15:00Z,BTC/USDT,buy,26646.30649500,0.02503083,0.66697917,USDT
2023-06-08T20:30:00Z,BTC/USDT,sell,26592.09730000,0.02503083,0.66562227,USDT
2023-06-08T22:30:00Z,BTC/USDT,buy,26618.20245000,0.0250493,0.66676734,USDT
2023-06-08T22:45:00Z,BTC/USDT,sell,26591.58755500,0.0250493,0.66610065,USDT
2023-06-09T05:00:00Z,BTC/USDT,buy,26508.05740500,0.02514735,0.66660740,USDT
2023-06-09T06:00:00Z,BTC/USDT,sell,26450.68804000,0.02514735,0.66516471,USDT
2023-06-09T07:00:00Z,BTC/USDT,buy,26497.78227000,0.02513576,0.66604190,USDT
2023-06-09T09:45:00Z,BTC/USDT,sell,26616.45511500,0.02513576,0.66902483,USDT
2023-06-09T10:00:00Z,BTC/USDT,buy,26627.81725500,0.02503086,0.66651717,USDT
2023-06-09T10:30:00Z,BTC/USDT,sell,26566.62004500,0.02503086,0.66498535,USDT
2023-06-09T15:00:00Z,BTC/USDT,buy,26650.95882000,0.02500052,0.66628783,USDT
2023-06-09T15:45:00Z,BTC/USDT,sell,26599.32368500,0.02500052,0.66499692,USDT
2023-06-09T22:00:00Z,BTC/USDT,buy,26487.43710000,0.02515717,0.66634896,USDT
2023-06-09T22:15:00Z,BTC/USDT,sell,26455.67554500,0.02515717,0.66554993,USDT
2023-06-10T00:00:00Z,BTC/USDT,buy,26518.36255500,0.02511132,0.66591109,USDT
2023-06-10T01:00:00Z,BTC/USDT,stop_sell,26428.62157875,0.02511132,0.66365757,USDT
2023-06-10T01:15:00Z,BTC/USDT,buy,26507.26701000,0.02510077,0.66535281,USDT
2023-06-10T01:30:00Z,BTC/USDT,sell,26480.48313500,0.02510077,0.66468052,USDT
2023-06-10T10:00:00Z,BTC/USDT,buy,25740.16365000,0.025853,0.66546045,USDT
2023-06-10T10:30:00Z,BTC/USDT,sell,25678.38438500,0.025853,0.66386327,USDT
2023-06-10T10:45:00Z,BTC/USDT,buy,25704.30573000,0.02591025,0.66600499,USDT
2023-06-10T12:15:00Z,BTC/USDT,sell,25669.74870500,0.02591025,0.66510961,USDT
2023-06-10T14:15:00Z,BTC/USDT,buy,25690.96906500,0.02588094,0.66490643,USDT
2023-06-10T14:30:00Z,BTC/USDT,sell,25654.42637000,0.02588094,0.66396067,USDT
2023-06-10T17:30:00Z,BTC/USDT,buy,25846.42675500,0.0257215,0.66480887,USDT
2023-06-10T18:00:00Z,BTC/USDT,sell,25988.73913000,0.0257215,0.66846935,USDT
2023-06-11T05:30:00Z,BTC/USDT,buy,25785.99655500,0.02578862,0.66498527,USDT
2023-06-11T06:30:00Z,BTC/USDT,sell,25783.39185500,0.02578862,0.66491809,USDT
2023-06-11T09:30:00Z,BTC/USDT,buy,25784.38575000,0.02581243,0.66555765,USDT
2023-06-11T10:00:00Z,BTC/USDT,sell,25708.51931000,0.02581243,0.66359936,USDT
2023-06-11T11:30:00Z,BTC/USDT,buy,25844.74591500,0.02571808,0.66467724,USDT
2023-06-11T12:30:00Z,BTC/USDT,stop_sell,25770.20023982,0.02571808,0.66276007,USDT
2023-06-11T13:30:00Z,BTC/USDT,buy,25791.83947500,0.02576072,0.66441636,USDT
2023-06-11T13:45:00Z,BTC/USDT,stop_sell,25717.48339714,0.02576072,0.66250089,USDT
2023-06-11T14:45:00Z,BTC/USDT,buy,25761.92452500,0.02576606,0.66378329,USDT
2023-06-11T15:45:00Z,BTC/USDT,sell,25746.32040000,0.02576606,0.66338124,USDT
2023-06-11T16:30:00Z,BTC/USDT,buy,25857.32220000,0.02567302,0.66383555,USDT
2023-06-11T18:30:00Z,BTC/USDT,sell,25945.28087000,0.02567302,0.66609371,USDT
2023-06-12T18:45:00Z,BTC/USDT,buy,25869.70839000,0.02567071,0.66409378,USDT
2023-06-12T19:30:00Z,BTC/USDT,sell,25837.67470000,0.02567071,0.66327145,USDT
2023-06-12T19:45:00Z,BTC/USDT,buy,25849.59834000,0.02568402,0.66392160,USDT
2023-06-12T20:30:00Z,BTC/USDT,sell,25874.80612500,0.02568402,0.66456904,USDT
2023-06-12T20:45:00Z,BTC/USDT,buy,25926.44674500,0.02560579,0.66386715,USDT
2023-06-12T22:15:00Z,BTC/USDT,sell,25960.39331000,0.02560579,0.66473638,USDT
2023-06-13T02:45:00Z,BTC/USDT,buy,26094.00048000,0.02543408,0.66367690,USDT
2023-06-13T03:15:00Z,BTC/USDT,sell,26120.91301000,0.02543408,0.66436139,USDT
2023-06-13T20:30:00Z,BTC/USDT,buy,25912.68987000,0.02561746,0.66381730,USDT
2023-06-13T21:00:00Z,BTC/USDT,sell,25891.82761000,0.02561746,0.66328286,USDT
2023-06-14T11:45:00Z,BTC/USDT,buy,26012.61981000,0.02551156,0.66362251,USDT
2023-06-14T12:30:00Z,BTC/USDT,sell,25999.04397500,0.02551156,0.66327617,USDT
2023-06-14T12:45:00Z,BTC/USDT,buy,26012.04952500,0.02550143,0.66334446,USDT
2023-06-14T16:30:00Z,BTC/USDT,sell,25998.88405500,0.02550143,0.66300872,USDT
2023-06-14T16:45:00Z,BTC/USDT,buy,26018.00250000,0.02549629,0.66336254,USDT
2023-06-14T17:15:00Z,BTC/USDT,sell,25963.99151000,0.02549629,0.66198546,USDT
2023-06-15T11:45:00Z,BTC/USDT,buy,25032.41995500,0.02649151,0.66314660,USDT
2023-06-15T12:45:00Z,BTC/USDT,sell,24942.45253500,0.02649151,0.66076323,USDT
2023-06-15T13:30:00Z,BTC/USDT,buy,25086.52699500,0.02642975,0.66303064,USDT
2023-06-15T16:00:00Z,BTC/USDT,stop_sell,24956.29810875,0.02642975,0.65958872,USDT
2023-06-15T16:15:00Z,BTC/USDT,buy,24965.46649500,0.02652592,0.66223197,USDT
2023-06-15T16:30:00Z,BTC/USDT,sell,24994.84632500,0.02652592,0.66301129,USDT
2023-06-15T17:15:00Z,BTC/USDT,buy,25023.51550500,0.02647926,0.66260417,USDT
2023-06-15T20:30:00Z,BTC/USDT,sell,25230.72832500,0.02647926,0.66809102,USDT
2023-06-15T20:45:00Z,BTC/USDT,buy,25358.68300500,0.02614128,0.66290843,USDT
2023-06-15T21:30:00Z,BTC/USDT,sell,25655.81567500,0.02614128,0.67067586,USDT
2023-06-16T01:00:00Z,BTC/USDT,buy,25532.54989500,0.02598953,0.66357897,USDT
2023-06-16T02:00:00Z,BTC/USDT,sell,25523.22200500,0.02598953,0.66333654,USDT
2023-06-16T04:00:00Z,BTC/USDT,buy,25599.21321000,0.02590494,0.66314608,USDT
2023-06-16T04:45:00Z,BTC/USDT,sell,25512.97713000,0.02590494,0.66091214,USDT
2023-06-16T05:30:00Z,BTC/USDT,buy,25506.63694500,0.02598078,0.66268232,USDT
2023-06-16T05:45:00Z,BTC/USDT,sell,25484.81122000,0.02598078,0.66211527,USDT
2023-06-16T09:30:00Z,BTC/USDT,buy,25622.38479000,0.02587264,0.66291874,USDT
2023-06-16T11:15:00Z,BTC/USDT,sell,25544.77122500,0.02587264,0.66091067,USDT
2023-06-16T12:45:00Z,BTC/USDT,buy,25593.86053500,0.02588393,0.66246969,USDT
2023-06-16T13:00:00Z,BTC/USDT,sell,25557.12504500,0.02588393,0.66151884,USDT
2023-06-16T15:00:00Z,BTC/USDT,buy,25611.41931000,0.02585799,0.66225982,USDT
2023-06-16T20:45:00Z,BTC/USDT,sell,26355.82549500,0.02585799,0.68150867,USDT
2023-06-16T21:00:00Z,BTC/USDT,buy,26409.61821000,0.02514477,0.66406378,USDT
2023-06-16T21:30:00Z,BTC/USDT,sell,26313.79652000,0.02514477,0.66165436,USDT
2023-06-16T23:30:00Z,BTC/USDT,buy,26361.17400000,0.02516566,0.66339634,USDT
2023-06-16T23:45:00Z,BTC/USDT,sell,26334.83599500,0.02516566,0.66273353,USDT
2023-06-17T19:15:00Z,BTC/USDT,buy,26515.81128000,0.02500907,0.66313578,USDT
2023-06-17T19:45:00Z,BTC/USDT,sell,26476.76499500,0.02500907,0.66215927,USDT
2023-06-17T20:00:00Z,BTC/USDT,buy,26506.26651000,0.02501641,0.66309163,USDT
2023-06-17T20:15:00Z,BTC/USDT,sell,26488.72901000,0.02501641,0.66265291,USDT
2023-06-17T20:45:00Z,BTC/USDT,buy,26515.25100000,0.02501267,0.66321722,USDT
2023-06-18T00:45:00Z,BTC/USDT,sell,26420.94292000,0.02501267,0.66085833,USDT
2023-06-18T04:30:00Z,BTC/USDT,buy,26543.24499000,0.02495926,0.66249975,USDT
2023-06-18T05:00:00Z,BTC/USDT,sell,26516.70501500,0.02495926,0.66183733,USDT
2023-06-18T05:15:00Z,BTC/USDT,buy,26550.47860500,0.02495092,0.66245887,USDT
2023-06-18T06:00:00Z,BTC/USDT,stop_sell,26478.18928250,0.02495092,0.66065518,USDT
2023-06-18T06:30:00Z,BTC/USDT,buy,26584.78575000,0.02490921,0.66220601,USDT
2023-06-18T08:15:00Z,BTC/USDT,stop_sell,26488.71651625,0.02490921,0.65981300,USDT
2023-06-18T09:00:00Z,BTC/USDT,buy,26523.36505500,0.02495574,0.66191020,USDT
2023-06-18T09:15:00Z,BTC/USDT,sell,26486.47014000,0.02495574,0.66098946,USDT
2023-06-18T17:15:00Z,BTC/USDT,buy,26605.39605000,0.02487207,0.66173127,USDT
2023-06-18T17:30:00Z,BTC/USDT,sell,26558.15428000,0.02487207,0.66055627,USDT
2023-06-19T03:00:00Z,BTC/USDT,buy,26471.46912000,0.02499032,0.66153048,USDT
2023-06-19T03:15:00Z,BTC/USDT,stop_sell,26386.99240375,0.02499032,0.65941938,USDT
2023-06-19T04:15:00Z,BTC/USDT,buy,26410.38859500,0.02503126,0.66108530,USDT
2023-06-19T04:30:00Z,BTC/USDT,sell,26357.82449500,0.02503126,0.65976956,USDT
2023-06-19T05:00:00Z,BTC/USDT,buy,26438.21250000,0.02500315,0.66103859,USDT
2023-06-19T05:15:00Z,BTC/USDT,sell,26412.82698000,0.02500315,0.66040387,USDT
2023-06-19T08:15:00Z,BTC/USDT,buy,26459.22300000,0.02498423,0.66106331,USDT
2023-06-19T08:45:00Z,BTC/USDT,stop_sell,26379.81777857,0.02498423,0.65907943,USDT
2023-06-19T09:00:00Z,BTC/USDT,buy,26440.68373500,0.02499409,0.66086083,USDT
2023-06-19T09:30:00Z,BTC/USDT,sell,26376.80500000,0.02499409,0.65926424,USDT
2023-06-19T15:45:00Z,BTC/USDT,buy,26449.38808500,0.02496919,0.66041980,USDT
2023-06-19T16:30:00Z,BTC/USDT,stop_sell,26339.28412696,0.02496919,0.65767059,USDT
2023-06-19T16:45:00Z,BTC/USDT,buy,26453.23000500,0.02494601,0.65990254,USDT
2023-06-19T19:00:00Z,BTC/USDT,sell,26600.69300000,0.02494601,0.66358115,USDT
2023-06-19T19:15:00Z,BTC/USDT,buy,26662.38453000,0.02477654,0.66060164,USDT
2023-06-19T21:00:00Z,BTC/USDT,sell,26719.08377500,0.02477654,0.66200645,USDT
2023-06-20T04:45:00Z,BTC/USDT,buy,26975.12082000,0.02447662,0.66025978,USDT
2023-06-20T05:45:00Z,BTC/USDT,sell,26887.55949500,0.02447662,0.65811658,USDT
2023-06-20T11:45:00Z,BTC/USDT,buy,26816.41150500,0.0245996,0.65967300,USDT
2023-06-20T14:15:00Z,BTC/USDT,stop_sell,26748.04357357,0.0245996,0.65799117,USDT
2023-06-20T16:00:00Z,BTC/USDT,buy,27085.65606000,0.0243616,0.65984992,USDT
2023-06-20T22:45:00Z,BTC/USDT,sell,28170.22784000,0.0243616,0.68627182,USDT
2023-06-21T00:30:00Z,BTC/USDT,buy,28364.79531000,0.02333625,0.66192795,USDT
2023-06-21T00:45:00Z,BTC/USDT,sell,28341.45218500,0.02333625,0.66138321,USDT
2023-06-21T04:30:00Z,BTC/USDT,buy,28777.38150000,0.00346073,0.09959075,USDT
2023-06-21T06:15:00Z,BTC/USDT,sell,28862.27164500,0.00346073,0.09988453,USDT
2023-06-21T06:45:00Z,BTC/USDT,buy,28868.21689500,0.02291805,0.66160324,USDT
2023-06-21T07:00:00Z,BTC/USDT,sell,28850.24766000,0.02291805,0.66119142,USDT
2023-06-21T11:30:00Z,BTC/USDT,buy,28905.85570500,0.02288408,0.66148391,USDT
2023-06-21T19:30:00Z,BTC/USDT,sell,29960.50225500,0.02288408,0.68561853,USDT
2023-06-21T19:45:00Z,BTC/USDT,buy,30084.16456500,0.0220558,0.66353032,USDT
2023-06-21T20:15:00Z,BTC/USDT,sell,30082.43126000,0.0220558,0.66349209,USDT
2023-06-21T20:30:00Z,BTC/USDT,buy,30078.86191500,0.02203713,0.66285179,USDT
2023-06-21T20:45:00Z,BTC/USDT,sell,30015.57470500,0.02203713,0.66145712,USDT
2023-06-21T22:30:00Z,BTC/USDT,buy,29970.47775000,0.02212047,0.66296105,USDT
2023-06-21T22:45:00Z,BTC/USDT,sell,30026.25936000,0.02212047,0.66419497,USDT
2023-06-22T13:15:00Z,BTC/USDT,buy,30150.91792500,0.02198863,0.66297738,USDT
2023-06-22T14:30:00Z,BTC/USDT,stop_sell,29953.11309429,0.02198863,0.65862792,USDT
2023-06-22T16:30:00Z,BTC/USDT,buy,30066.05551500,0.02201784,0.66198960,USDT
2023-06-22T17:00:00Z,BTC/USDT,sell,29931.03699500,0.02201784,0.65901678,USDT
2023-06-22T17:45:00Z,BTC/USDT,buy,30140.06250000,0.02197727,0.66239629,USDT
2023-06-22T18:00:00Z,BTC/USDT,sell,30100.46224000,0.02197727,0.66152599,USDT
2023-06-22T19:30:00Z,BTC/USDT,buy,30041.57328000,0.02202257,0.66159265,USDT
2023-06-22T22:30:00Z,BTC/USDT,sell,29999.27286000,0.02202257,0.66066109,USDT
2023-06-23T13:15:00Z,BTC/USDT,buy,30171.07800000,0.02193931,0.66193263,USDT
2023-06-23T13:45:00Z,BTC/USDT,stop_sell,29989.73798696,0.02193931,0.65795416,USDT
2023-06-23T14:00:00Z,BTC/USDT,buy,30100.04250000,0.02197276,0.66138101,USDT
2023-06-23T16:30:00Z,BTC/USDT,sell,30907.15869000,0.02197276,0.67911558,USDT
2023-06-23T16:45:00Z,BTC/USDT,buy,30935.82018000,0.02142734,0.66287234,USDT
2023-06-23T17:45:00Z,BTC/USDT,sell,31168.62789000,0.02142734,0.66786079,USDT
2023-06-24T05:45:00Z,BTC/USDT,buy,30743.40402000,0.02156435,0.66296152,USDT
2023-06-24T06:45:00Z,BTC/USDT,sell,30671.28668500,0.02156435,0.66140636,USDT
2023-06-24T07:00:00Z,BTC/USDT,buy,30741.26295000,0.02155654,0.66267526,USDT
2023-06-24T07:15:00Z,BTC/USDT,sell,30658.27319500,0.02155654,0.66088629,USDT
2023-06-24T11:15:00Z,BTC/USDT,buy,30710.62764000,0.02157265,0.66250962,USDT
2023-06-24T11:30:00Z,BTC/USDT,sell,30651.67649500,0.02157265,0.66123789,USDT
2023-06-24T13:45:00Z,BTC/USDT,buy,30703.31398500,0.02157091,0.66229842,USDT
2023-06-24T13:45:00Z,BTC/USDT,stop_sell,30584.07281375,0.02157091,0.65972628,USDT
2023-06-24T14:30:00Z,BTC/USDT,buy,30666.22545000,0.02159522,0.66224389,USDT
2023-06-24T15:15:00Z,BTC/USDT,sell,30602.69100000,0.02159522,0.66087184,USDT
2023-06-24T18:45:00Z,BTC/USDT,buy,30689.32699500,0.02156357,0.66177145,USDT
2023-06-24T19:00:00Z,BTC/USDT,sell,30634.80493500,0.02156357,0.66059576,USDT
2023-06-24T19:15:00Z,BTC/USDT,buy,30661.49308500,0.0215689,0.66133468,USDT
2023-06-24T19:30:00Z,BTC/USDT,sell,30648.65800500,0.0215689,0.66105784,USDT
2023-06-24T20:00:00Z,BTC/USDT,buy,30654.31950000,0.0215873,0.66174399,USDT
2023-06-24T20:45:00Z,BTC/USDT,stop_sell,30512.34191143,0.0215873,0.65867908,USDT
2023-06-24T21:00:00Z,BTC/USDT,buy,30535.50012000,0.0216551,0.66124931,USDT
2023-06-24T21:15:00Z,BTC/USDT,sell,30432.34621500,0.0216551,0.65901550,USDT
2023-06-24T21:30:00Z,BTC/USDT,buy,30529.47711000,0.02166296,0.66135884,USDT
2023-06-24T22:00:00Z,BTC/USDT,sell,30490.74700000,0.02166296,0.66051983,USDT
2023-06-25T14:15:00Z,BTC/USDT,buy,30675.33000000,0.02153635,0.66063464,USDT
2023-06-25T14:45:00Z,BTC/USDT,sell,30644.57005000,0.02153635,0.65997219,USDT
2023-06-25T23:00:00Z,BTC/USDT,buy,30516.29052000,0.02163172,0.66011985,USDT
2023-06-25T23:45:00Z,BTC/USDT,sell,30438.02337500,0.02163172,0.65842680,USDT
2023-06-26T00:00:00Z,BTC/USDT,buy,30464.78478000,0.02165687,0.65977188,USDT
2023-06-26T01:00:00Z,BTC/USDT,sell,30390.76701500,0.02165687,0.65816889,USDT
2023-06-26T06:00:00Z,BTC/USDT,buy,30234.14952000,0.02181985,0.65970461,USDT
2023-06-26T06:15:00Z,BTC/USDT,sell,30224.88000000,0.02181985,0.65950235,USDT
2023-06-26T13:15:00Z,BTC/USDT,buy,30395.21001000,0.02170499,0.65972773,USDT
2023-06-26T13:45:00Z,BTC/USDT,sell,30497.73350500,0.02170499,0.66195300,USDT
2023-06-26T15:00:00Z,BTC/USDT,buy,30414.57969000,0.02171237,0.66037261,USDT
2023-06-26T16:30:00Z,BTC/USDT,stop_sell,30210.96231946,0.02171237,0.65595159,USDT
2023-06-26T21:45:00Z,BTC/USDT,buy,30192.08850000,0.02183313,0.65918779,USDT
2023-06-27T02:00:00Z,BTC/USDT,sell,30366.75902500,0.02183313,0.66300140,USDT
2023-06-27T02:15:00Z,BTC/USDT,buy,30381.20301000,0.02170239,0.65934472,USDT
2023-06-27T03:00:00Z,BTC/USDT,sell,30449.76750000,0.02170239,0.66083273,USDT
2023-06-27T12:00:00Z,BTC/USDT,buy,30758.28145500,0.02146194,0.66013239,USDT
2023-06-27T13:30:00Z,BTC/USDT,stop_sell,30563.92325071,0.02146194,0.65596109,USDT
2023-06-27T13:45:00Z,BTC/USDT,buy,30591.28800000,0.02154586,0.65911561,USDT
2023-06-27T15:30:00Z,BTC/USDT,sell,30567.72849000,0.02154586,0.65860800,USDT
2023-06-27T16:15:00Z,BTC/USDT,buy,30563.57415000,0.0215477,0.65857473,USDT
2023-06-27T16:30:00Z,BTC/USDT,sell,30578.95287500,0.0215477,0.65890610,USDT
2023-06-27T18:00:00Z,BTC/USDT,buy,30797.30095500,0.02142181,0.65973393,USDT
2023-06-27T18:15:00Z,BTC/USDT,sell,30713.90536500,0.02142181,0.65794745,USDT
2023-06-27T22:00:00Z,BTC/USDT,buy,30745.36500000,0.02142738,0.65879262,USDT
2023-06-27T22:15:00Z,BTC/USDT,sell,30713.48557500,0.02142738,0.65810953,USDT
2023-06-28T01:15:00Z,BTC/USDT,buy,30679.26196500,0.02146618,0.65856656,USDT
2023-06-28T01:15:00Z,BTC/USDT,stop_sell,30560.23045518,0.02146618,0.65601141,USDT
2023-06-28T12:30:00Z,BTC/USDT,buy,30348.49666500,0.02169581,0.65843522,USDT
2023-06-28T12:30:00Z,BTC/USDT,stop_sell,30233.16835375,0.02169581,0.65593308,USDT
2023-06-28T17:30:00Z,BTC/USDT,buy,30215.69029500,0.02179379,0.65851441,USDT
2023-06-28T18:00:00Z,BTC/USDT,sell,30117.56368500,0.02179379,0.65637586,USDT
2023-06-28T18:15:00Z,BTC/USDT,buy,30215.67028500,0.02176821,0.65774106,USDT
2023-06-28T19:15:00Z,BTC/USDT,sell,30218.34327000,0.02176821,0.65779924,USDT
2023-06-28T22:00:00Z,BTC/USDT,buy,30186.33562500,0.02178593,0.65763739,USDT
2023-06-28T23:00:00Z,BTC/USDT,sell,30076.35430000,0.02178593,0.65524135,USDT
2023-06-29T00:15:00Z,BTC/USDT,buy,30143.11402500,0.02180742,0.65734355,USDT
2023-06-29T00:45:00Z,BTC/USDT,sell,30097.96349000,0.02180742,0.65635893,USDT
2023-06-29T01:15:00Z,BTC/USDT,buy,30167.75634000,0.02178349,0.65715902,USDT
2023-06-29T01:30:00Z,BTC/USDT,sell,30208.84802000,0.02178349,0.65805414,USDT
2023-06-29T03:30:00Z,BTC/USDT,buy,30173.08900500,0.02175328,0.65636365,USDT
2023-06-29T05:15:00Z,BTC/USDT,sell,30195.55467000,0.02175328,0.65685236,USDT
2023-06-29T06:45:00Z,BTC/USDT,buy,30247.79634000,0.02172125,0.65701995,USDT
2023-06-29T07:00:00Z,BTC/USDT,sell,30222.38125000,0.02172125,0.65646790,USDT
2023-06-29T18:45:00Z,BTC/USDT,buy,30601.56313500,0.02146919,0.65699077,USDT
2023-06-29T19:00:00Z,BTC/USDT,sell,30559.70250500,0.02146919,0.65609206,USDT
2023-06-30T07:15:00Z,BTC/USDT,buy,30765.37500000,0.02134683,0.65674323,USDT
2023-06-30T07:30:00Z,BTC/USDT,sell,30665.78943500,0.02134683,0.65461739,USDT
2023-06-30T22:45:00Z,BTC/USDT,buy,30532.25850000,0.02150049,0.65645852,USDT
2023-06-30T23:45:00Z,BTC/USDT,sell,30484.22026500,0.02150049,0.65542567,USDT
2023-07-01T00:00:00Z,BTC/USDT,buy,30492.06841500,0.02152269,0.65627134,USDT
2023-07-01T01:15:00Z,BTC/USDT,sell,30447.03886500,0.02152269,0.65530218,USDT
2023-07-01T01:45:00Z,BTC/USDT,buy,30450.21750000,0.02153281,0.65567875,USDT
2023-07-01T03:00:00Z,BTC/USDT,sell,30405.40969000,0.02153281,0.65471391,USDT
2023-07-01T06:15:00Z,BTC/USDT,buy,30445.22500500,0.0215438,0.65590584,USDT
2023-07-01T06:30:00Z,BTC/USDT,sell,30414.77500500,0.0215438,0.65524983,USDT
2023-07-01T07:45:00Z,BTC/USDT,buy,30455.20999500,0.02153158,0.65574879,USDT
2023-07-01T08:15:00Z,BTC/USDT,sell,30450.86695000,0.02153158,0.65565528,USDT
2023-07-01T12:15:00Z,BTC/USDT,buy,30575.29000500,0.02144334,0.65563634,USDT
2023-07-01T12:30:00Z,BTC/USDT,sell,30569.69750500,0.02144334,0.65551642,USDT
2023-07-01T13:45:00Z,BTC/USDT,buy,30605.29500000,0.02142557,0.65573589,USDT
2023-07-01T16:00:00Z,BTC/USDT,sell,30544.72999500,0.02142557,0.65443825,USDT
2023-07-02T10:15:00Z,BTC/USDT,buy,30555.25999500,0.02145365,0.65552185,USDT
2023-07-02T15:15:00Z,BTC/USDT,stop_sell,30473.17757482,0.02145365,0.65376089,USDT
2023-07-03T01:15:00Z,BTC/USDT,buy,30665.31499500,0.02136183,0.65506725,USDT
2023-07-03T03:15:00Z,BTC/USDT,sell,30734.63499500,0.02136183,0.65654805,USDT
2023-07-03T05:15:00Z,BTC/USDT,buy,30735.33999000,0.02131706,0.65518709,USDT
2023-07-03T05:45:00Z,BTC/USDT,sell,30689.63750500,0.02131706,0.65421284,USDT
2023-07-03T14:15:00Z,BTC/USDT,buy,30705.34500000,0.02132674,0.65484491,USDT
2023-07-03T23:45:00Z,BTC/USDT,sell,31122.00121500,0.02132674,0.66373083,USDT
2023-07-04T00:00:00Z,BTC/USDT,buy,31177.26084000,0.02102619,0.65553901,USDT
2023-07-04T00:15:00Z,BTC/USDT,sell,31154.70485500,0.02102619,0.65506474,USDT
2023-07-04T11:30:00Z,BTC/USDT,buy,31070.44746000,0.02109608,0.65546465,USDT
2023-07-04T13:15:00Z,BTC/USDT,sell,31009.48750000,0.02109608,0.65417863,USDT
2023-07-04T13:45:00Z,BTC/USDT,buy,31050.52750500,0.0210883,0.65480284,USDT
2023-07-04T14:00:00Z,BTC/USDT,sell,30989.49750000,0.0210883,0.65351582,USDT
2023-07-05T04:00:00Z,BTC/USDT,buy,30875.43000000,0.02121548,0.65503707,USDT
2023-07-05T05:00:00Z,BTC/USDT,sell,30803.43058000,0.02121548,0.65350957,USDT
2023-07-05T05:30:00Z,BTC/USDT,buy,30871.79818500,0.02120516,0.65464142,USDT
2023-07-05T05:45:00Z,BTC/USDT,stop_sell,30800.72764643,0.02120516,0.65313436,USDT
2023-07-05T16:45:00Z,BTC/USDT,buy,30450.21750000,0.02149386,0.65449271,USDT
2023-07-05T18:30:00Z,BTC/USDT,sell,30464.41017500,0.02149386,0.65479777,USDT
2023-07-05T18:45:00Z,BTC/USDT,buy,30480.20248500,0.02147007,0.65441208,USDT
2023-07-05T21:15:00Z,BTC/USDT,sell,30454.72502000,0.02147007,0.65386508,USDT
2023-07-05T21:30:00Z,BTC/USDT,buy,30500.26251000,0.02144059,0.65394362,USDT
2023-07-05T21:45:00Z,BTC/USDT,sell,30452.18629000,0.02144059,0.65291284,USDT
2023-07-06T05:45:00Z,BTC/USDT,buy,30590.28750000,0.02139191,0.65438468,USDT
2023-07-06T06:00:00Z,BTC/USDT,sell,30577.19375500,0.02139191,0.65410458,USDT
2023-07-06T11:00:00Z,BTC/USDT,buy,31255.60999500,0.02092599,0.65405458,USDT
2023-07-06T11:45:00Z,BTC/USDT,stop_sell,31029.06306446,0.02092599,0.64931386,USDT
2023-07-07T04:00:00Z,BTC/USDT,buy,30165.06499500,0.02167378,0.65379098,USDT
2023-07-07T05:00:00Z,BTC/USDT,sell,30084.95999500,0.02167378,0.65205480,USDT
2023-07-07T05:15:00Z,BTC/USDT,buy,30115.06000500,0.0216909,0.65322276,USDT
2023-07-07T06:30:00Z,BTC/USDT,sell,30111.05694000,0.0216909,0.65313592,USDT
2023-07-07T07:00:00Z,BTC/USDT,buy,30135.07000500,0.0216728,0.65311135,USDT
2023-07-07T07:30:00Z,BTC/USDT,sell,30084.21037000,0.0216728,0.65200907,USDT
2023-07-07T09:30:00Z,BTC/USDT,buy,30159.56224500,0.02164999,0.65295422,USDT
2023-07-07T10:00:00Z,BTC/USDT,sell,30134.92500000,0.02164999,0.65242082,USDT
2023-07-07T21:30:00Z,BTC/USDT,buy,30411.64822500,0.02146603,0.65281735,USDT
2023-07-07T21:30:00Z,BTC/USDT,stop_sell,30292.00534911,0.02146603,0.65024910,USDT
2023-07-07T22:15:00Z,BTC/USDT,buy,30339.59221500,0.02151196,0.65266409,USDT
2023-07-08T01:15:00Z,BTC/USDT,sell,30264.86000000,0.02151196,0.65105646,USDT
2023-07-08T15:45:00Z,BTC/USDT,buy,30249.10699500,0.0215619,0.65222822,USDT
2023-07-08T16:00:00Z,BTC/USDT,sell,30209.24782000,0.0215619,0.65136878,USDT
2023-07-08T16:15:00Z,BTC/USDT,buy,30255.09999000,0.02155195,0.65205640,USDT
2023-07-08T17:15:00Z,BTC/USDT,sell,30254.84501000,0.02155195,0.65205091,USDT
2023-07-08T17:45:00Z,BTC/USDT,buy,30297.77131500,0.02150935,0.65168537,USDT
2023-07-08T18:00:00Z,BTC/USDT,stop_sell,30213.19156143,0.02150935,0.64986611,USDT
2023-07-08T23:15:00Z,BTC/USDT,buy,30263.26407000,0.02153306,0.65166068,USDT
2023-07-09T00:00:00Z,BTC/USDT,sell,30278.82301500,0.02153306,0.65199571,USDT
2023-07-09T07:30:00Z,BTC/USDT,buy,30315.13999500,0.02149497,0.65162302,USDT
2023-07-09T07:30:00Z,BTC/USDT,stop_sell,30237.31485089,0.02149497,0.64995018,USDT
2023-07-09T11:45:00Z,BTC/USDT,buy,30304.36461000,0.02149476,0.65138504,USDT
2023-07-09T12:00:00Z,BTC/USDT,sell,30269.84750500,0.02149476,0.65064311,USDT
2023-07-09T12:30:00Z,BTC/USDT,buy,30315.16000500,0.02148171,0.65122148,USDT
2023-07-09T13:30:00Z,BTC/USDT,sell,30291.64660000,0.02148171,0.65071637,USDT
2023-07-09T15:15:00Z,BTC/USDT,buy,30334.00942500,0.02145219,0.65073093,USDT
2023-07-09T17:30:00Z,BTC/USDT,sell,30264.86999500,0.02145219,0.64924774,USDT
2023-07-10T03:00:00Z,BTC/USDT,buy,30230.29759500,0.02152999,0.65085800,USDT
2023-07-10T03:30:00Z,BTC/USDT,sell,30187.28880500,0.02152999,0.64993203,USDT
2023-07-10T05:00:00Z,BTC/USDT,buy,30145.03498500,0.02158484,0.65067576,USDT
2023-07-10T05:30:00Z,BTC/USDT,sell,30109.60766500,0.02158484,0.64991106,USDT
2023-07-10T09:30:00Z,BTC/USDT,buy,30185.12502000,0.02153802,0.65012783,USDT
2023-07-10T10:00:00Z,BTC/USDT,sell,30147.10890500,0.02153802,0.64930903,USDT
2023-07-10T10:15:00Z,BTC/USDT,buy,30175.09000500,0.02153769,0.64990173,USDT
2023-07-10T14:15:00Z,BTC/USDT,sell,30244.87000000,0.02153769,0.65140463,USDT
2023-07-10T21:00:00Z,BTC/USDT,buy,30845.40499500,0.02108782,0.65046235,USDT
2023-07-10T21:15:00Z,BTC/USDT,sell,30724.63000000,0.02108782,0.64791547,USDT
2023-07-10T22:45:00Z,BTC/USDT,buy,30375.16999500,0.02140067,0.65004899,USDT
2023-07-10T23:30:00Z,BTC/USDT,sell,30401.45167000,0.02140067,0.65061143,USDT
2023-07-11T03:00:00Z,BTC/USDT,buy,30510.24750000,0.02130869,0.65013341,USDT
2023-07-11T03:30:00Z,BTC/USDT,sell,30414.71503500,0.02130869,0.64809773,USDT
2023-07-11T03:45:00Z,BTC/USDT,buy,30489.47712000,0.02130997,0.64972984,USDT
2023-07-11T04:00:00Z,BTC/USDT,sell,30483.39068000,0.02130997,0.64960014,USDT
2023-07-11T16:00:00Z,BTC/USDT,buy,30615.30000000,0.02122192,0.64971545,USDT
2023-07-11T16:15:00Z,BTC/USDT,sell,30554.71500000,0.02122192,0.64842972,USDT
2023-07-11T16:45:00Z,BTC/USDT,buy,30625.30500000,0.02120822,0.64950821,USDT
2023-07-11T18:30:00Z,BTC/USDT,stop_sell,30432.59894571,0.02120822,0.64542125,USDT
2023-07-11T18:45:00Z,BTC/USDT,buy,30507.21598500,0.02128912,0.64947178,USDT
2023-07-11T19:15:00Z,BTC/USDT,sell,30484.75000000,0.02128912,0.64899350,USDT
2023-07-11T19:30:00Z,BTC/USDT,buy,30570.28750500,0.02122418,0.64882928,USDT
2023-07-11T20:00:00Z,BTC/USDT,sell,30566.77896500,0.02122418,0.64875482,USDT
2023-07-11T20:15:00Z,BTC/USDT,buy,30621.83326500,0.02117966,0.64856002,USDT
2023-07-11T20:30:00Z,BTC/USDT,sell,30574.70500000,0.02117966,0.64756186,USDT
2023-07-11T21:00:00Z,BTC/USDT,buy,30624.00435000,0.02117737,0.64853587,USDT
2023-07-11T21:15:00Z,BTC/USDT,stop_sell,30505.96224571,0.02117737,0.64603605,USDT
2023-07-12T06:30:00Z,BTC/USDT,buy,30760.38250500,0.02107966,0.64841840,USDT
2023-07-12T08:45:00Z,BTC/USDT,sell,30679.65250000,0.02107966,0.64671664,USDT
2023-07-12T09:00:00Z,BTC/USDT,buy,30740.40252000,0.02107609,0.64788749,USDT
2023-07-12T09:15:00Z,BTC/USDT,sell,30729.18772000,0.02107609,0.64765113,USDT
2023-07-12T10:30:00Z,BTC/USDT,buy,30735.32998500,0.02108582,0.64807964,USDT
2023-07-12T11:15:00Z,BTC/USDT,sell,30669.78743500,0.02108582,0.64669762,USDT
2023-07-12T12:45:00Z,BTC/USDT,buy,30820.40250000,0.02101726,0.64776041,USDT
2023-07-12T12:45:00Z,BTC/USDT,stop_sell,30690.64735696,0.02101726,0.64503332,USDT
2023-07-12T13:15:00Z,BTC/USDT,buy,30840.42250500,0.02098411,0.64715882,USDT
2023-07-12T13:15:00Z,BTC/USDT,stop_sell,30702.19907821,0.02098411,0.64425832,USDT
2023-07-13T00:15:00Z,BTC/USDT,buy,30385.68525000,0.02129286,0.64699814,USDT
2023-07-13T00:45:00Z,BTC/USDT,sell,30340.38222000,0.02129286,0.64603351,USDT
2023-07-13T01:00:00Z,BTC/USDT,buy,30375.14998500,0.02129429,0.64681725,USDT
2023-07-13T01:15:00Z,BTC/USDT,stop_sell,30309.11643214,0.02129429,0.64541111,USDT
2023-07-13T02:00:00Z,BTC/USDT,buy,30395.20000500,0.02127356,0.64661411,USDT
2023-07-13T02:15:00Z,BTC/USDT,sell,30329.83749500,0.02127356,0.64522362,USDT
2023-07-13T15:45:00Z,BTC/USDT,buy,31000.48249500,0.02084805,0.64629961,USDT
2023-07-13T16:00:00Z,BTC/USDT,sell,30909.06773500,0.02084805,0.64439379,USDT
2023-07-14T12:30:00Z,BTC/USDT,buy,31218.61150500,0.02071036,0.64654868,USDT
2023-07-14T13:00:00Z,BTC/USDT,sell,31116.01421000,0.02071036,0.64442386,USDT
2023-07-14T14:00:00Z,BTC/USDT,buy,31253.22880500,0.02066811,0.64594517,USDT
2023-07-14T14:15:00Z,BTC/USDT,sell,31174.40500000,0.02066811,0.64431603,USDT
2023-07-14T14:45:00Z,BTC/USDT,buy,31231.27783500,0.02065908,0.64520947,USDT
2023-07-14T15:45:00Z,BTC/USDT,sell,31239.38249500,0.02065908,0.64537690,USDT
2023-07-14T16:45:00Z,BTC/USDT,buy,31225.61500500,0.02067198,0.64549529,USDT
2023-07-14T17:00:00Z,BTC/USDT,sell,31184.40999500,0.02067198,0.64464350,USDT
2023-07-14T23:30:00Z,BTC/USDT,buy,30318.80182500,0.02128662,0.64538481,USDT
2023-07-14T23:45:00Z,BTC/USDT,sell,30280.02241500,0.02128662,0.64455933,USDT
2023-07-15T02:45:00Z,BTC/USDT,buy,30307.23604500,0.02128637,0.64513104,USDT
2023-07-15T03:30:00Z,BTC/USDT,sell,30269.86749500,0.02128637,0.64433560,USDT
2023-07-15T14:00:00Z,BTC/USDT,buy,30328.72678500,0.02125632,0.64467712,USDT
2023-07-15T14:15:00Z,BTC/USDT,sell,30295.90447000,0.02125632,0.64397944,USDT
2023-07-15T19:45:00Z,BTC/USDT,buy,30345.15499500,0.02125108,0.64486732,USDT
2023-07-15T20:30:00Z,BTC/USDT,sell,30276.19433000,0.02125108,0.64340183,USDT
2023-07-15T21:00:00Z,BTC/USDT,buy,30316.15050000,0.02126414,0.64464687,USDT
2023-07-15T21:15:00Z,BTC/USDT,sell,30268.13836000,0.02126414,0.64362593,USDT
2023-07-15T23:00:00Z,BTC/USDT,buy,30300.15250500,0.02126575,0.64435547,USDT
2023-07-15T23:30:00Z,BTC/USDT,sell,30284.84000500,0.02126575,0.64402984,USDT
2023-07-16T01:00:00Z,BTC/USDT,buy,30330.15750000,0.02124396,0.64433265,USDT
2023-07-16T01:30:00Z,BTC/USDT,stop_sell,30269.10252054,0.02124396,0.64303560,USDT
2023-07-16T02:45:00Z,BTC/USDT,buy,30315.16000500,0.02124064,0.64391340,USDT
2023-07-16T03:00:00Z,BTC/USDT,sell,30234.88499500,0.02124064,0.64220831,USDT
2023-07-16T17:00:00Z,BTC/USDT,buy,30380.20251000,0.02119428,0.64388652,USDT
2023-07-16T18:30:00Z,BTC/USDT,stop_sell,30280.58927429,0.02119428,0.64177529,USDT
2023-07-16T18:45:00Z,BTC/USDT,buy,30320.16250500,0.02122728,0.64361458,USDT
2023-07-16T19:00:00Z,BTC/USDT,sell,30244.84001500,0.02122728,0.64201569,USDT
2023-07-17T00:30:00Z,BTC/USDT,buy,30280.14250500,0.02123918,0.64312540,USDT
2023-07-17T00:45:00Z,BTC/USDT,sell,30206.41923500,0.02123918,0.64155958,USDT
2023-07-17T07:15:00Z,BTC/USDT,buy,30296.41063500,0.02122636,0.64308252,USDT
2023-07-17T07:30:00Z,BTC/USDT,sell,30272.17634000,0.02122636,0.64256811,USDT
2023-07-17T08:30:00Z,BTC/USDT,buy,30337.45114500,0.02119535,0.64301290,USDT
2023-07-17T08:45:00Z,BTC/USDT,stop_sell,30256.80617179,0.02119535,0.64130360,USDT
2023-07-17T14:00:00Z,BTC/USDT,buy,30300.15250500,0.02121699,0.64287803,USDT
2023-07-17T15:15:00Z,BTC/USDT,stop_sell,30141.80834232,0.02121699,0.63951845,USDT
2023-07-17T16:15:00Z,BTC/USDT,buy,30250.06747500,0.02123663,0.64240949,USDT
2023-07-17T16:30:00Z,BTC/USDT,sell,30164.91999500,0.02123663,0.64060124,USDT
2023-07-18T11:30:00Z,BTC/USDT,buy,30025.01500500,0.0213857,0.64210596,USDT
2023-07-18T11:45:00Z,BTC/USDT,sell,29994.96501500,0.0213857,0.64146332,USDT
2023-07-18T14:45:00Z,BTC/USDT,buy,29999.91246000,0.02140598,0.64217753,USDT
2023-07-18T15:00:00Z,BTC/USDT,sell,29909.65769000,0.02140598,0.64024553,USDT
2023-07-18T21:45:00Z,BTC/USDT,buy,29849.05707000,0.02150615,0.64193830,USDT
2023-07-18T22:00:00Z,BTC/USDT,sell,29784.79015500,0.02150615,0.64055616,USDT
2023-07-19T00:15:00Z,BTC/USDT,buy,29889.96751500,0.02146299,0.64152807,USDT
2023-07-19T01:00:00Z,BTC/USDT,sell,30039.58269500,0.02146299,0.64473926,USDT
2023-07-19T07:30:00Z,BTC/USDT,buy,30068.64681000,0.02135214,0.64202996,USDT
2023-07-19T07:45:00Z,BTC/USDT,sell,29981.42179000,0.02135214,0.64016752,USDT
2023-07-19T13:45:00Z,BTC/USDT,buy,30053.90944500,0.02133833,0.64130024,USDT
2023-07-19T13:45:00Z,BTC/USDT,stop_sell,29936.76877054,0.02133833,0.63880065,USDT
2023-07-20T01:15:00Z,BTC/USDT,buy,30010.39770000,0.02135673,0.64092396,USDT
2023-07-20T01:30:00Z,BTC/USDT,sell,29972.22639000,0.02135673,0.64010875,USDT
2023-07-20T01:45:00Z,BTC/USDT,buy,30025.01500500,0.02134399,0.64085362,USDT
2023-07-20T02:30:00Z,BTC/USDT,sell,30010.11743500,0.02134399,0.64053565,USDT
2023-07-20T03:00:00Z,BTC/USDT,buy,29995.00000500,0.02135759,0.64062091,USDT
2023-07-20T03:15:00Z,BTC/USDT,sell,29960.03249000,0.02135759,0.63987409,USDT
2023-07-21T01:30:00Z,BTC/USDT,buy,29897.36121000,0.02143789,0.64093634,USDT
2023-07-21T01:45:00Z,BTC/USDT,sell,29845.07999500,0.02143789,0.63981554,USDT
2023-07-21T03:30:00Z,BTC/USDT,buy,29914.95000000,0.02140638,0.64037079,USDT
2023-07-21T05:15:00Z,BTC/USDT,stop_sell,29800.12676857,0.02140638,0.63791284,USDT
2023-07-21T05:30:00Z,BTC/USDT,buy,29844.59484000,0.02145018,0.64017193,USDT
2023-07-21T06:15:00Z,BTC/USDT,sell,29831.72667500,0.02145018,0.63989591,USDT
2023-07-21T12:30:00Z,BTC/USDT,buy,29859.12210000,0.021446,0.64035873,USDT
2023-07-21T12:45:00Z,BTC/USDT,sell,29859.43281500,0.021446,0.64036540,USDT
2023-07-21T14:30:00Z,BTC/USDT,buy,29809.91751000,0.02146058,0.63973812,USDT
2023-07-21T15:30:00Z,BTC/USDT,sell,29873.86559500,0.02146058,0.64111048,USDT
2023-07-21T15:45:00Z,BTC/USDT,buy,29864.95501500,0.0214182,0.63965358,USDT
2023-07-21T17:00:00Z,BTC/USDT,sell,29815.94457000,0.0214182,0.63860386,USDT
2023-07-21T17:30:00Z,BTC/USDT,buy,29919.94249500,0.02138639,0.63987956,USDT
2023-07-21T18:45:00Z,BTC/USDT,sell,30000.07246000,0.02138639,0.64159325,USDT
2023-07-21T19:30:00Z,BTC/USDT,buy,29899.32219000,0.02139872,0.63980722,USDT
2023-07-21T19:45:00Z,BTC/USDT,sell,29859.49278500,0.02139872,0.63895493,USDT
2023-07-22T00:00:00Z,BTC/USDT,buy,29914.93999500,0.02138187,0.63963736,USDT
2023-07-22T03:00:00Z,BTC/USDT,sell,29919.69267000,0.02138187,0.63973898,USDT
2023-07-22T09:15:00Z,BTC/USDT,buy,29944.97500500,0.02135022,0.63933180,USDT
2023-07-22T10:15:00Z,BTC/USDT,stop_sell,29880.35734750,0.02135022,0.63795220,USDT
2023-07-22T10:45:00Z,BTC/USDT,buy,29913.85945500,0.02137238,0.63933037,USDT
2023-07-22T11:30:00Z,BTC/USDT,sell,29865.72966500,0.02137238,0.63830172,USDT
2023-07-22T23:00:00Z,BTC/USDT,buy,29829.93751500,0.02141979,0.63895100,USDT
2023-07-22T23:15:00Z,BTC/USDT,sell,29800.08250500,0.02141979,0.63831151,USDT
2023-07-23T02:00:00Z,BTC/USDT,buy,29841.38323500,0.02140331,0.63870438,USDT
2023-07-23T02:15:00Z,BTC/USDT,sell,29795.12498500,0.02140331,0.63771430,USDT
2023-07-23T02:30:00Z,BTC/USDT,buy,29877.81144000,0.02138141,0.63882974,USDT
2023-07-23T04:30:00Z,BTC/USDT,sell,29839.33287000,0.02138141,0.63800701,USDT
2023-07-23T15:00:00Z,BTC/USDT,buy,29909.96751000,0.02134057,0.63829576,USDT
2023-07-23T15:15:00Z,BTC/USDT,sell,29899.61271500,0.02134057,0.63807478,USDT
2023-07-23T15:30:00Z,BTC/USDT,buy,29920.95300000,0.02134033,0.63852301,USDT
2023-07-23T16:00:00Z,BTC/USDT,sell,29883.26089500,0.02134033,0.63771865,USDT
2023-07-23T16:15:00Z,BTC/USDT,buy,29939.97250500,0.0213171,0.63823339,USDT
2023-07-23T17:45:00Z,BTC/USDT,sell,29943.59071500,0.0213171,0.63831052,USDT
2023-07-23T22:00:00Z,BTC/USDT,buy,30014.98999500,0.02127535,0.63857942,USDT
2023-07-23T22:45:00Z,BTC/USDT,sell,30007.13892500,0.02127535,0.63841238,USDT
2023-07-24T19:45:00Z,BTC/USDT,buy,29119.55250000,0.02191465,0.63814480,USDT
2023-07-24T21:30:00Z,BTC/USDT,sell,29141.84179000,0.02191465,0.63863326,USDT
2023-07-24T21:45:00Z,BTC/USDT,buy,29179.59250500,0.02186741,0.63808211,USDT
2023-07-24T22:15:00Z,BTC/USDT,sell,29183.33103500,0.02186741,0.63816386,USDT
2023-07-25T00:15:00Z,BTC/USDT,buy,29189.57749500,0.02186409,0.63820355,USDT
2023-07-25T00:30:00Z,BTC/USDT,stop_sell,29101.88320786,0.02186409,0.63628619,USDT
2023-07-25T07:00:00Z,BTC/USDT,buy,29173.77960000,0.0218775,0.63824936,USDT
2023-07-25T07:30:00Z,BTC/USDT,sell,29155.40500500,0.0218775,0.63784737,USDT
2023-07-25T07:45:00Z,BTC/USDT,buy,29169.56749500,0.02186577,0.63781505,USDT
2023-07-25T08:00:00Z,BTC/USDT,sell,29130.23759500,0.02186577,0.63695508,USDT
2023-07-25T08:15:00Z,BTC/USDT,buy,29140.44294000,0.02187242,0.63737201,USDT
2023-07-25T11:45:00Z,BTC/USDT,sell,29108.39852000,0.02187242,0.63667112,USDT
2023-07-25T16:00:00Z,BTC/USDT,buy,29202.87414000,0.02182453,0.63733900,USDT
2023-07-25T18:30:00Z,BTC/USDT,sell,29260.47244500,0.02182453,0.63859606,USDT
2023-07-25T18:45:00Z,BTC/USDT,buy,29310.98817000,0.02174624,0.63740378,USDT
2023-07-25T19:00:00Z,BTC/USDT,sell,29250.34751000,0.02174624,0.63608508,USDT
2023-07-25T19:30:00Z,BTC/USDT,buy,29264.62500000,0.02176889,0.63705840,USDT
2023-07-25T20:00:00Z,BTC/USDT,sell,29185.40000000,0.02176889,0.63533376,USDT
2023-07-25T20:30:00Z,BTC/USDT,buy,29243.18428500,0.02177678,0.63682239,USDT
2023-07-25T21:00:00Z,BTC/USDT,sell,29210.41748500,0.02177678,0.63610884,USDT
2023-07-25T21:15:00Z,BTC/USDT,buy,29254.11975000,0.02176316,0.63666209,USDT
2023-07-25T22:15:00Z,BTC/USDT,sell,29225.36001000,0.02176316,0.63603619,USDT
2023-07-27T07:15:00Z,BTC/USDT,buy,29436.02065500,0.02162418,0.63652981,USDT
2023-07-27T07:30:00Z,BTC/USDT,sell,29425.28000000,0.02162418,0.63629755,USDT
2023-07-27T11:15:00Z,BTC/USDT,buy,29501.13319500,0.02157055,0.63635567,USDT
2023-07-27T12:00:00Z,BTC/USDT,sell,29502.67128500,0.02157055,0.63638885,USDT
2023-07-27T22:45:00Z,BTC/USDT,buy,29239.60249500,0.02176117,0.63628796,USDT
2023-07-27T23:15:00Z,BTC/USDT,sell,29166.24958000,0.02176117,0.63469172,USDT
2023-07-28T03:15:00Z,BTC/USDT,buy,29228.60700000,0.02174964,0.63571168,USDT
2023-07-28T04:30:00Z,BTC/USDT,sell,29225.35001500,0.02174964,0.63564084,USDT
2023-07-28T04:45:00Z,BTC/USDT,buy,29273.62950000,0.02172734,0.63603810,USDT
2023-07-28T05:30:00Z,BTC/USDT,sell,29210.37750500,0.02172734,0.63466380,USDT
2023-07-28T07:30:00Z,BTC/USDT,buy,29204.58499500,0.02176848,0.63573942,USDT
2023-07-28T07:45:00Z,BTC/USDT,sell,29144.94024000,0.02176848,0.63444105,USDT
2023-07-28T11:45:00Z,BTC/USDT,buy,29247.99669000,0.02173145,0.63560138,USDT
2023-07-28T13:15:00Z,BTC/USDT,sell,29280.37249000,0.02173145,0.63630495,USDT
2023-07-28T13:45:00Z,BTC/USDT,buy,29297.83159500,0.0216905,0.63548462,USDT
2023-07-28T15:30:00Z,BTC/USDT,sell,29485.25000000,0.0216905,0.63954982,USDT
2023-07-28T22:15:00Z,BTC/USDT,buy,29334.64999500,0.02167471,0.63582003,USDT
2023-07-28T22:45:00Z,BTC/USDT,sell,29285.35000000,0.02167471,0.63475147,USDT
2023-07-28T23:00:00Z,BTC/USDT,buy,29311.68852000,0.02168481,0.63561840,USDT
2023-07-28T23:30:00Z,BTC/USDT,sell,29313.16608500,0.02168481,0.63565044,USDT
2023-07-28T23:45:00Z,BTC/USDT,buy,29339.53243500,0.02165755,0.63542239,USDT
2023-07-29T05:15:00Z,BTC/USDT,sell,29388.78825500,0.02165755,0.63648915,USDT
2023-07-29T05:30:00Z,BTC/USDT,buy,29397.04117500,0.02160544,0.63513601,USDT
2023-07-29T05:30:00Z,BTC/USDT,stop_sell,29358.79326000,0.02160544,0.63430965,USDT
2023-07-29T05:45:00Z,BTC/USDT,buy,29384.68500000,0.02161442,0.63513292,USDT
2023-07-29T05:45:00Z,BTC/USDT,stop_sell,29337.53782161,0.02161442,0.63411386,USDT
2023-07-29T13:15:00Z,BTC/USDT,buy,29339.60247000,0.02164433,0.63503604,USDT
2023-07-29T13:45:00Z,BTC/USDT,stop_sell,29272.10698196,0.02164433,0.63357514,USDT
2023-07-29T15:00:00Z,BTC/USDT,buy,29293.80958500,0.02166344,0.63460469,USDT
2023-07-29T15:15:00Z,BTC/USDT,sell,29279.84275500,0.02166344,0.63430212,USDT
2023-07-29T22:30:00Z,BTC/USDT,buy,29360.61297000,0.02161258,0.63455860,USDT
2023-07-29T23:30:00Z,BTC/USDT,sell,29333.32600000,0.02161258,0.63396885,USDT
2023-07-30T11:15:00Z,BTC/USDT,buy,29319.91263000,0.02164279,0.63456471,USDT
2023-07-30T11:15:00Z,BTC/USDT,stop_sell,29256.37306714,0.02164279,0.63318954,USDT
2023-07-30T11:45:00Z,BTC/USDT,buy,29323.09422000,0.02163471,0.63439664,USDT
2023-07-30T14:00:00Z,BTC/USDT,sell,29271.55690000,0.02163471,0.63328164,USDT
2023-07-30T14:30:00Z,BTC/USDT,buy,29325.79557000,0.02162243,0.63409496,USDT
2023-07-30T16:00:00Z,BTC/USDT,sell,29338.87322500,0.02162243,0.63437773,USDT
2023-07-30T16:15:00Z,BTC/USDT,buy,29409.68749500,0.02156742,0.63429108,USDT
2023-07-30T19:45:00Z,BTC/USDT,sell,29342.73129500,0.02156742,0.63284701,USDT
2023-07-31T00:45:00Z,BTC/USDT,buy,29484.70498500,0.02149814,0.63386632,USDT
2023-07-31T01:00:00Z,BTC/USDT,stop_sell,29377.95046232,0.02149814,0.63157129,USDT
2023-07-31T02:15:00Z,BTC/USDT,buy,29459.57242500,0.02150679,0.63358084,USDT
2023-07-31T02:45:00Z,BTC/USDT,sell,29460.13256500,0.02150679,0.63359288,USDT
2023-07-31T05:00:00Z,BTC/USDT,buy,29429.69749500,0.02153451,0.63375412,USDT
2023-07-31T05:30:00Z,BTC/USDT,sell,29390.57736000,0.02153451,0.63291168,USDT
2023-07-31T12:30:00Z,BTC/USDT,buy,29424.69499500,0.02152316,0.63331242,USDT
2023-07-31T13:15:00Z,BTC/USDT,sell,29425.61983000,0.02152316,0.63333232,USDT
2023-07-31T13:30:00Z,BTC/USDT,buy,29452.15872000,0.02149791,0.63315986,USDT
2023-07-31T13:30:00Z,BTC/USDT,stop_sell,29386.10959500,0.02149791,0.63173994,USDT
2023-07-31T14:15:00Z,BTC/USDT,buy,29366.70601500,0.02154417,0.63268131,USDT
2023-07-31T14:30:00Z,BTC/USDT,sell,29332.69631500,0.02154417,0.63194860,USDT
2023-07-31T21:00:00Z,BTC/USDT,buy,29219.66253000,0.02164713,0.63252183,USDT
2023-07-31T21:15:00Z,BTC/USDT,sell,29204.57041000,0.02164713,0.63219513,USDT
2023-07-31T22:00:00Z,BTC/USDT,buy,29255.62050000,0.02162041,0.63251851,USDT
2023-07-31T23:00:00Z,BTC/USDT,sell,29187.24907500,0.02162041,0.63104029,USDT
2023-07-31T23:30:00Z,BTC/USDT,buy,29219.45242500,0.02164623,0.63249099,USDT
2023-08-01T00:15:00Z,BTC/USDT,sell,29210.37750500,0.02164623,0.63229455,USDT
2023-08-01T00:30:00Z,BTC/USDT,buy,29254.38988500,0.02161638,0.63237401,USDT
2023-08-01T01:00:00Z,BTC/USDT,sell,29250.42747000,0.02161638,0.63228836,USDT
2023-08-01T08:15:00Z,BTC/USDT,buy,28944.45499500,0.02184788,0.63237498,USDT
2023-08-01T08:45:00Z,BTC/USDT,sell,28945.51000500,0.02184788,0.63239803,USDT
2023-08-01T16:00:00Z,BTC/USDT,buy,28961.91372000,0.02182943,0.63222207,USDT
2023-08-01T20:15:00Z,BTC/USDT,sell,29209.70784000,0.02182943,0.63763127,USDT
2023-08-01T21:30:00Z,BTC/USDT,buy,29282.53395000,0.02159924,0.63248048,USDT
2023-08-01T21:45:00Z,BTC/USDT,sell,29183.77081500,0.02159924,0.63034727,USDT
2023-08-02T00:00:00Z,BTC/USDT,buy,29614.80000000,0.02134832,0.63222623,USDT
2023-08-02T00:30:00Z,BTC/USDT,sell,29735.12500000,0.02134832,0.63479496,USDT
2023-08-02T02:30:00Z,BTC/USDT,buy,29879.87247000,0.02116242,0.63233041,USDT
2023-08-02T03:30:00Z,BTC/USDT,stop_sell,29695.59870161,0.02116242,0.62843073,USDT
2023-08-02T03:45:00Z,BTC/USDT,buy,29713.03909500,0.02126725,0.63191463,USDT
2023-08-02T05:15:00Z,BTC/USDT,sell,29649.49783500,0.02126725,0.63056328,USDT
2023-08-02T21:45:00Z,BTC/USDT,buy,29199.61251000,0.02163043,0.63160017,USDT
2023-08-02T22:00:00Z,BTC/USDT,sell,29153.42599500,0.02163043,0.63060114,USDT
2023-08-02T23:00:00Z,BTC/USDT,buy,29190.48795000,0.02163695,0.63159313,USDT
2023-08-03T00:15:00Z,BTC/USDT,sell,29159.38301500,0.02163695,0.63092011,USDT
2023-08-03T00:30:00Z,BTC/USDT,buy,29214.53997000,0.02161156,0.63137178,USDT
2023-08-03T02:30:00Z,BTC/USDT,sell,29135.47497500,0.02161156,0.62966307,USDT
2023-08-03T04:00:00Z,BTC/USDT,buy,29196.08074500,0.02162512,0.63136875,USDT
2023-08-03T04:30:00Z,BTC/USDT,sell,29112.98622500,0.02162512,0.62957182,USDT
2023-08-03T09:15:00Z,BTC/USDT,buy,29136.17080500,0.02164542,0.63066465,USDT
2023-08-03T09:30:00Z,BTC/USDT,sell,29101.02221000,0.02164542,0.62990385,USDT
2023-08-03T10:00:00Z,BTC/USDT,buy,29164.58500500,0.02161539,0.63040388,USDT
2023-08-03T12:30:00Z,BTC/USDT,sell,29126.12965000,0.02161539,0.62957265,USDT
2023-08-03T12:45:00Z,BTC/USDT,buy,29133.99972000,0.02164304,0.63054832,USDT
2023-08-03T13:30:00Z,BTC/USDT,sell,29145.42000000,0.02164304,0.63079549,USDT
2023-08-03T16:45:00Z,BTC/USDT,buy,29314.75005000,0.02149998,0.63026654,USDT
2023-08-03T18:00:00Z,BTC/USDT,stop_sell,29177.15019839,0.02149998,0.62730815,USDT
2023-08-03T20:15:00Z,BTC/USDT,buy,29337.43138500,0.02147698,0.63007943,USDT
2023-08-03T21:30:00Z,BTC/USDT,sell,29285.72981000,0.02147698,0.62896903,USDT
2023-08-03T23:00:00Z,BTC/USDT,buy,29254.62000000,0.02152607,0.62973700,USDT
2023-08-03T23:30:00Z,BTC/USDT,sell,29186.39950000,0.02152607,0.62826848,USDT
2023-08-04T12:30:00Z,BTC/USDT,buy,29204.59500000,0.02156212,0.62971298,USDT
2023-08-04T12:30:00Z,BTC/USDT,stop_sell,29131.25922679,0.02156212,0.62813171,USDT
2023-08-04T23:45:00Z,BTC/USDT,buy,29117.47146000,0.02161875,0.62948334,USDT
2023-08-05T03:00:00Z,BTC/USDT,sell,29085.44000500,0.02161875,0.62879086,USDT
2023-08-05T03:15:00Z,BTC/USDT,buy,29113.31938500,0.02162451,0.62956127,USDT
2023-08-05T04:30:00Z,BTC/USDT,sell,29063.32107000,0.02162451,0.62848008,USDT
2023-08-05T14:30:00Z,BTC/USDT,buy,29094.52999500,0.0216248,0.62916339,USDT
2023-08-05T14:45:00Z,BTC/USDT,sell,29042.16165500,0.0216248,0.62803094,USDT
2023-08-05T15:00:00Z,BTC/USDT,buy,29089.56751500,0.02161451,0.62875675,USDT
2023-08-05T15:15:00Z,BTC/USDT,sell,29045.47999500,0.02161451,0.62780382,USDT
2023-08-05T17:00:00Z,BTC/USDT,buy,29058.22185000,0.02164457,0.62895272,USDT
2023-08-05T19:45:00Z,BTC/USDT,sell,29055.40503000,0.02164457,0.62889175,USDT
2023-08-05T20:00:00Z,BTC/USDT,buy,29076.18082500,0.02162103,0.62865698,USDT
2023-08-05T21:00:00Z,BTC/USDT,sell,29037.57395000,0.02162103,0.62782226,USDT
2023-08-06T14:30:00Z,BTC/USDT,buy,29074.31989500,0.02161351,0.62839810,USDT
2023-08-06T14:45:00Z,BTC/USDT,sell,29035.43502000,0.02161351,0.62755767,USDT
2023-08-06T17:00:00Z,BTC/USDT,buy,29097.56151000,0.02159668,0.62841072,USDT
2023-08-06T18:00:00Z,BTC/USDT,sell,29075.45500000,0.02159668,0.62793330,USDT
2023-08-06T18:15:00Z,BTC/USDT,buy,29104.53499500,0.02158481,0.62821586,USDT
2023-08-06T21:30:00Z,BTC/USDT,sell,29165.49995500,0.02158481,0.62953178,USDT
2023-08-06T22:15:00Z,BTC/USDT,buy,29147.31637500,0.02155155,0.62816985,USDT
2023-08-06T23:00:00Z,BTC/USDT,sell,29085.30007500,0.02155155,0.62683330,USDT
2023-08-07T00:15:00Z,BTC/USDT,buy,29106.87616500,0.0215761,0.62801287,USDT
2023-08-07T00:30:00Z,BTC/USDT,sell,29065.46000000,0.0215761,0.62711927,USDT
2023-08-07T01:15:00Z,BTC/USDT,buy,29134.56000000,0.0215534,0.62794883,USDT
2023-08-07T01:30:00Z,BTC/USDT,sell,29155.41500000,0.0215534,0.62839832,USDT
2023-08-07T18:15:00Z,BTC/USDT,buy,29134.53999000,0.02154589,0.62772959,USDT
2023-08-07T19:30:00Z,BTC/USDT,sell,29045.37005000,0.02154589,0.62580835,USDT
2023-08-07T19:45:00Z,BTC/USDT,buy,29109.51748500,0.02156117,0.62763526,USDT
2023-08-07T21:15:00Z,BTC/USDT,sell,29156.85428000,0.02156117,0.62865589,USDT
2023-08-08T10:45:00Z,BTC/USDT,buy,29284.56496500,0.02143504,0.62771582,USDT
2023-08-08T11:15:00Z,BTC/USDT,sell,29276.58438500,0.02143504,0.62754476,USDT
2023-08-08T12:30:00Z,BTC/USDT,buy,29489.74750500,0.02128516,0.62769399,USDT
2023-08-08T13:15:00Z,BTC/USDT,sell,29577.17401500,0.02128516,0.62955488,USDT
2023-08-08T14:00:00Z,BTC/USDT,buy,29379.08220000,0.02135981,0.62753161,USDT
2023-08-08T21:30:00Z,BTC/USDT,sell,29906.46928500,0.02135981,0.63879650,USDT
2023-08-09T07:15:00Z,BTC/USDT,buy,29783.30421000,0.02109844,0.62838126,USDT
2023-08-09T07:30:00Z,BTC/USDT,sell,29772.95607500,0.02109844,0.62816293,USDT
2023-08-09T21:45:00Z,BTC/USDT,buy,29539.81252500,0.02126351,0.62812010,USDT
2023-08-09T22:00:00Z,BTC/USDT,sell,29505.24000000,0.02126351,0.62738497,USDT
2023-08-09T22:15:00Z,BTC/USDT,buy,29556.63093000,0.02124475,0.62792323,USDT
2023-08-10T02:15:00Z,BTC/USDT,sell,29609.75771500,0.02124475,0.62905190,USDT
2023-08-10T02:30:00Z,BTC/USDT,buy,29641.51335000,0.02118482,0.62795012,USDT
2023-08-10T03:45:00Z,BTC/USDT,sell,29561.21200000,0.02118482,0.62624896,USDT
2023-08-10T06:00:00Z,BTC/USDT,buy,29603.52436500,0.02119237,0.62736884,USDT
2023-08-10T06:15:00Z,BTC/USDT,sell,29575.15502500,0.02119237,0.62676763,USDT
2023-08-11T06:45:00Z,BTC/USDT,buy,29479.72249500,0.02128803,0.62756522,USDT
2023-08-11T07:45:00Z,BTC/USDT,stop_sell,29409.78096768,0.02128803,0.62607630,USDT
2023-08-11T08:00:00Z,BTC/USDT,buy,29443.82455500,0.02130653,0.62734573,USDT
2023-08-11T09:30:00Z,BTC/USDT,sell,29377.03413500,0.02130653,0.62592266,USDT
2023-08-11T10:00:00Z,BTC/USDT,buy,29413.51941000,0.0213244,0.62722565,USDT
2023-08-11T10:30:00Z,BTC/USDT,sell,29405.26001500,0.0213244,0.62704953,USDT
2023-08-11T12:00:00Z,BTC/USDT,buy,29466.72600000,0.02127881,0.62701686,USDT
2023-08-11T12:30:00Z,BTC/USDT,stop_sell,29393.81288429,0.02127881,0.62546536,USDT
2023-08-11T12:45:00Z,BTC/USDT,buy,29454.73000500,0.02127986,0.62679253,USDT
2023-08-11T13:00:00Z,BTC/USDT,sell,29400.30249500,0.02127986,0.62563432,USDT
2023-08-11T13:15:00Z,BTC/USDT,buy,29474.76001500,0.02125887,0.62660009,USDT
2023-08-11T15:00:00Z,BTC/USDT,stop_sell,29390.19540821,0.02125887,0.62480234,USDT
2023-08-11T15:30:00Z,BTC/USDT,buy,29409.70750500,0.0212963,0.62631795,USDT
2023-08-11T15:45:00Z,BTC/USDT,sell,29352.12659500,0.0212963,0.62509169,USDT
2023-08-11T20:00:00Z,BTC/USDT,buy,29443.24426500,0.02126692,0.62616712,USDT
2023-08-11T21:00:00Z,BTC/USDT,sell,29395.29500000,0.02126692,0.62514739,USDT
2023-08-11T21:15:00Z,BTC/USDT,buy,29438.78203500,0.02126367,0.62597655,USDT
2023-08-11T21:45:00Z,BTC/USDT,sell,29385.30000000,0.02126367,0.62483932,USDT
2023-08-11T22:00:00Z,BTC/USDT,buy,29429.64747000,0.02127454,0.62610221,USDT
2023-08-11T23:00:00Z,BTC/USDT,sell,29410.29749500,0.02127454,0.62569055,USDT
2023-08-12T04:45:00Z,BTC/USDT,buy,29439.72250500,0.02124296,0.62538685,USDT
2023-08-12T05:15:00Z,BTC/USDT,sell,29415.27500500,0.02124296,0.62486751,USDT
2023-08-12T07:00:00Z,BTC/USDT,buy,29431.48839000,0.02125324,0.62551449,USDT
2023-08-12T07:30:00Z,BTC/USDT,sell,29396.31449000,0.02125324,0.62476693,USDT
2023-08-12T07:45:00Z,BTC/USDT,buy,29437.96162500,0.0212417,0.62531235,USDT
2023-08-12T08:45:00Z,BTC/USDT,sell,29386.28950500,0.0212417,0.62421475,USDT
2023-08-12T10:15:00Z,BTC/USDT,buy,29429.71750500,0.02123532,0.62494947,USDT
2023-08-12T10:30:00Z,BTC/USDT,sell,29410.28750000,0.02123532,0.62453687,USDT
2023-08-12T13:45:00Z,BTC/USDT,buy,29434.72000500,0.02122722,0.62481728,USDT
2023-08-12T14:00:00Z,BTC/USDT,sell,29393.28600500,0.02122722,0.62393775,USDT
2023-08-12T14:30:00Z,BTC/USDT,buy,29449.72750500,0.02121923,0.62490054,USDT
2023-08-12T16:00:00Z,BTC/USDT,sell,29428.12857500,0.02121923,0.62444223,USDT
2023-08-13T10:30:00Z,BTC/USDT,buy,29413.69950000,0.02123914,0.62472168,USDT
2023-08-13T11:00:00Z,BTC/USDT,sell,29375.32499000,0.02123914,0.62390664,USDT
2023-08-13T12:45:00Z,BTC/USDT,buy,29389.81756500,0.02123923,0.62421709,USDT
2023-08-13T13:00:00Z,BTC/USDT,sell,29375.14508000,0.02123923,0.62390546,USDT
2023-08-13T17:30:00Z,BTC/USDT,buy,29414.67999000,0.02122857,0.62443159,USDT
2023-08-13T20:15:00Z,BTC/USDT,sell,29420.28250000,0.02122857,0.62455053,USDT
2023-08-13T20:45:00Z,BTC/USDT,buy,29436.19074000,0.02120999,0.62434131,USDT
2023-08-13T21:30:00Z,BTC/USDT,stop_sell,29374.02028554,0.02120999,0.62302268,USDT
2023-08-13T21:45:00Z,BTC/USDT,buy,29404.69500000,0.02122563,0.62413318,USDT
2023-08-13T22:15:00Z,BTC/USDT,sell,29355.30500500,0.02122563,0.62308484,USDT
2023-08-14T06:45:00Z,BTC/USDT,buy,29443.28428500,0.02119472,0.62404217,USDT
2023-08-14T07:15:00Z,BTC/USDT,sell,29389.85772000,0.02119472,0.62290981,USDT
2023-08-15T07:45:00Z,BTC/USDT,buy,29412.40885500,0.02120944,0.62382072,USDT
2023-08-15T08:00:00Z,BTC/USDT,sell,29400.26251500,0.02120944,0.62356310,USDT
2023-08-15T08:15:00Z,BTC/USDT,buy,29412.16873500,0.02119429,0.62337003,USDT
2023-08-15T11:30:00Z,BTC/USDT,stop_sell,29358.85751357,0.02119429,0.62224014,USDT
2023-08-15T11:45:00Z,BTC/USDT,buy,29409.44737500,0.02119909,0.62345352,USDT
2023-08-15T12:00:00Z,BTC/USDT,sell,29347.84873500,0.02119909,0.62214769,USDT
2023-08-15T12:15:00Z,BTC/USDT,buy,29400.27279000,0.02119868,0.62324697,USDT
2023-08-15T12:30:00Z,BTC/USDT,sell,29350.51740000,0.02119868,0.62219223,USDT
2023-08-15T14:30:00Z,BTC/USDT,buy,29434.72000500,0.02116174,0.62288989,USDT
2023-08-15T14:45:00Z,BTC/USDT,sell,29420.24252000,0.02116174,0.62258352,USDT
2023-08-15T15:00:00Z,BTC/USDT,buy,29471.47837500,0.02114681,0.62322775,USDT
2023-08-15T15:15:00Z,BTC/USDT,stop_sell,29375.10724179,0.02114681,0.62118981,USDT
2023-08-16T00:00:00Z,BTC/USDT,buy,29201.80360500,0.02132107,0.62261370,USDT
2023-08-16T02:30:00Z,BTC/USDT,sell,29205.49994500,0.02132107,0.62269251,USDT
2023-08-16T03:00:00Z,BTC/USDT,buy,29261.08323000,0.02127617,0.62256378,USDT
2023-08-16T04:30:00Z,BTC/USDT,stop_sell,29192.48074357,0.02127617,0.62110418,USDT
2023-08-16T04:45:00Z,BTC/USDT,buy,29238.99219000,0.0212923,0.62256539,USDT
2023-08-16T05:00:00Z,BTC/USDT,sell,29189.85777000,0.0212923,0.62151921,USDT
2023-08-16T10:30:00Z,BTC/USDT,buy,29196.98119500,0.02130983,0.62218271,USDT
2023-08-16T11:15:00Z,BTC/USDT,sell,29160.31255000,0.02130983,0.62140130,USDT
2023-08-16T11:30:00Z,BTC/USDT,buy,29186.03572500,0.02129981,0.62165702,USDT
2023-08-16T11:45:00Z,BTC/USDT,sell,29135.42500000,0.02129981,0.62057902,USDT
2023-08-16T18:15:00Z,BTC/USDT,buy,29135.32038000,0.02134301,0.62183543,USDT
2023-08-16T18:45:00Z,BTC/USDT,sell,29200.39250000,0.02134301,0.62322427,USDT
2023-08-17T07:45:00Z,BTC/USDT,buy,28628.59714500,0.02172443,0.62193995,USDT
2023-08-17T08:15:00Z,BTC/USDT,sell,28589.79795000,0.02172443,0.62109706,USDT
2023-08-18T03:30:00Z,BTC/USDT,buy,26478.21249000,0.02349222,0.62203199,USDT
2023-08-18T03:45:00Z,BTC/USDT,sell,26406.77001000,0.02349222,0.62035365,USDT
2023-08-18T12:00:00Z,BTC/USDT,buy,26505.05590500,0.02344347,0.62137048,USDT
2023-08-18T12:00:00Z,BTC/USDT,stop_sell,26389.73888696,0.02344347,0.61866705,USDT
2023-08-18T19:45:00Z,BTC/USDT,buy,26043.25512000,0.02385115,0.62116158,USDT
2023-08-18T20:00:00Z,BTC/USDT,sell,26062.16240000,0.02385115,0.62161254,USDT
2023-08-18T20:15:00Z,BTC/USDT,buy,26143.08501000,0.02375192,0.62094846,USDT
2023-08-18T22:15:00Z,BTC/USDT,sell,26104.22136000,0.02375192,0.62002538,USDT
2023-08-18T22:45:00Z,BTC/USDT,buy,26093.09002500,0.02379534,0.62089395,USDT
2023-08-18T23:30:00Z,BTC/USDT,sell,26012.98700000,0.02379534,0.61898787,USDT
2023-08-19T12:00:00Z,BTC/USDT,buy,25917.96250500,0.02393717,0.62040267,USDT
2023-08-19T12:30:00Z,BTC/USDT,sell,25876.99503000,0.02393717,0.61942203,USDT
2023-08-19T13:30:00Z,BTC/USDT,buy,25992.86994000,0.02387053,0.62046358,USDT
2023-08-19T16:15:00Z,BTC/USDT,sell,26142.03244500,0.02387053,0.62402417,USDT
2023-08-19T19:00:00Z,BTC/USDT,buy,26137.18206000,0.02373577,0.62038614,USDT
2023-08-19T19:30:00Z,BTC/USDT,sell,26101.73260500,0.02373577,0.61954472,USDT
2023-08-19T19:45:00Z,BTC/USDT,buy,26149.05799500,0.0237296,0.62050669,USDT
2023-08-19T20:00:00Z,BTC/USDT,sell,26121.93250000,0.0237296,0.61986301,USDT
2023-08-19T22:15:00Z,BTC/USDT,buy,26097.97246500,0.02376936,0.62033210,USDT
2023-08-19T22:30:00Z,BTC/USDT,sell,26076.93501000,0.02376936,0.61983206,USDT
2023-08-20T00:45:00Z,BTC/USDT,buy,26195.03097000,0.02368669,0.62047358,USDT
2023-08-20T01:00:00Z,BTC/USDT,stop_sell,26105.01846125,0.02368669,0.61834148,USDT
2023-08-20T01:15:00Z,BTC/USDT,buy,26120.08351500,0.02373029,0.61983716,USDT
2023-08-20T01:30:00Z,BTC/USDT,sell,26070.40827500,0.02373029,0.61865835,USDT
2023-08-20T03:00:00Z,BTC/USDT,buy,26109.37816500,0.02373463,0.61969643,USDT
2023-08-20T04:15:00Z,BTC/USDT,sell,26105.04095000,0.02373463,0.61959349,USDT
2023-08-20T04:45:00Z,BTC/USDT,buy,26133.04999500,0.02370768,0.61955399,USDT
2023-08-20T05:30:00Z,BTC/USDT,sell,26131.92750000,0.02370768,0.61952737,USDT
2023-08-20T06:15:00Z,BTC/USDT,buy,26103.03499500,0.02373367,0.61952082,USDT
2023-08-20T06:15:00Z,BTC/USDT,stop_sell,26037.74711375,0.02373367,0.61797130,USDT
2023-08-20T06:30:00Z,BTC/USDT,buy,26088.01749000,0.02373422,0.61917875,USDT
2023-08-20T06:45:00Z,BTC/USDT,sell,26071.94750500,0.02373422,0.61879734,USDT
2023-08-20T07:00:00Z,BTC/USDT,buy,26078.00248500,0.02374045,0.61910351,USDT
2023-08-20T07:30:00Z,BTC/USDT,sell,26064.75110500,0.02374045,0.61878892,USDT
2023-08-20T09:15:00Z,BTC/USDT,buy,26121.32413500,0.02368815,0.61876584,USDT
2023-08-20T09:30:00Z,BTC/USDT,sell,26092.95699500,0.02368815,0.61809388,USDT
2023-08-20T19:30:00Z,BTC/USDT,buy,26149.11802500,0.02367735,0.61914182,USDT
2023-08-20T20:30:00Z,BTC/USDT,sell,26146.92999500,0.02367735,0.61909001,USDT
2023-08-20T22:30:00Z,BTC/USDT,buy,26227.02696000,0.0235935,0.61878736,USDT
2023-08-21T00:00:00Z,BTC/USDT,stop_sell,26127.99696625,0.0235935,0.61645090,USDT
2023-08-21T00:15:00Z,BTC/USDT,buy,26145.47620500,0.02365025,0.61834705,USDT
2023-08-21T01:00:00Z,BTC/USDT,sell,26131.91750500,0.02365025,0.61802638,USDT
2023-08-21T09:15:00Z,BTC/USDT,buy,26094.86091000,0.02369894,0.61842054,USDT
2023-08-21T09:45:00Z,BTC/USDT,sell,26031.94751500,0.02369894,0.61692956,USDT
2023-08-21T12:15:00Z,BTC/USDT,buy,26093.04000000,0.02368497,0.61801287,USDT
2023-08-21T12:45:00Z,BTC/USDT,stop_sell,25998.35931750,0.02368497,0.61577036,USDT
2023-08-21T14:00:00Z,BTC/USDT,buy,26155.94143500,0.02363007,0.61806673,USDT
2023-08-21T14:15:00Z,BTC/USDT,stop_sell,26041.09829446,0.02363007,0.61535298,USDT
2023-08-21T15:00:00Z,BTC/USDT,buy,26127.99747000,0.02363613,0.61756474,USDT
2023-08-21T15:00:00Z,BTC/USDT,stop_sell,26008.94295161,0.02363613,0.61475076,USDT
2023-08-21T15:45:00Z,BTC/USDT,buy,25957.95249000,0.02377834,0.61723702,USDT
2023-08-21T16:00:00Z,BTC/USDT,sell,25919.23390000,0.02377834,0.61631636,USDT
2023-08-21T16:30:00Z,BTC/USDT,buy,26018.00250000,0.02371709,0.61707131,USDT
2023-08-21T16:45:00Z,BTC/USDT,sell,25972.05747500,0.02371709,0.61598162,USDT
2023-08-21T17:45:00Z,BTC/USDT,buy,26068.05751500,0.02365981,0.61676529,USDT
2023-08-21T18:30:00Z,BTC/USDT,sell,26040.78309500,0.02365981,0.61611998,USDT
2023-08-21T19:15:00Z,BTC/USDT,buy,26083.22509500,0.02363137,0.61638234,USDT
2023-08-21T19:30:00Z,BTC/USDT,sell,26037.02497500,0.02363137,0.61529057,USDT
2023-08-21T19:45:00Z,BTC/USDT,buy,26133.06000000,0.02358819,0.61643158,USDT
2023-08-21T20:30:00Z,BTC/USDT,sell,26101.78258000,0.02358819,0.61569381,USDT
2023-08-22T14:15:00Z,BTC/USDT,buy,26041.63431000,0.02365221,0.61594220,USDT
2023-08-22T14:30:00Z,BTC/USDT,sell,25989.41879000,0.02365221,0.61470719,USDT
2023-08-23T06:00:00Z,BTC/USDT,buy,26063.85541500,0.0236416,0.61619124,USDT
2023-08-23T06:30:00Z,BTC/USDT,sell,26036.99499000,0.0236416,0.61555622,USDT
2023-08-24T09:15:00Z,BTC/USDT,buy,26568.17745000,0.02318919,0.61609451,USDT
2023-08-24T09:15:00Z,BTC/USDT,stop_sell,26470.11617821,0.02318919,0.61382055,USDT
2023-08-24T09:30:00Z,BTC/USDT,buy,26493.15996000,0.02325231,0.61602717,USDT
2023-08-24T09:45:00Z,BTC/USDT,sell,26423.85146500,0.02325231,0.61441559,USDT
2023-08-24T10:30:00Z,BTC/USDT,buy,26469.70824000,0.0232415,0.61519572,USDT
2023-08-24T12:00:00Z,BTC/USDT,sell,26434.33622000,0.0232415,0.61437363,USDT
2023-08-24T19:30:00Z,BTC/USDT,buy,26140.92393000,0.02354238,0.61541956,USDT
2023-08-24T19:45:00Z,BTC/USDT,sell,26030.94801500,0.02354238,0.61283047,USDT
2023-08-24T20:15:00Z,BTC/USDT,buy,26098.05250500,0.02355684,0.61478765,USDT
2023-08-24T20:30:00Z,BTC/USDT,sell,26046.17040000,0.02355684,0.61356547,USDT
2023-08-24T20:45:00Z,BTC/USDT,buy,26038.92295500,0.02361342,0.61486802,USDT
2023-08-24T21:00:00Z,BTC/USDT,sell,26011.98750000,0.02361342,0.61423199,USDT
2023-08-24T21:15:00Z,BTC/USDT,buy,26076.63180000,0.02356859,0.61458944,USDT
2023-08-24T21:30:00Z,BTC/USDT,sell,26056.93501500,0.02356859,0.61412522,USDT
2023-08-24T22:00:00Z,BTC/USDT,buy,26113.44019500,0.02353615,0.61460985,USDT
2023-08-25T03:15:00Z,BTC/USDT,sell,26096.83505500,0.02353615,0.61421902,USDT
2023-08-25T04:00:00Z,BTC/USDT,buy,26103.05500500,0.02353953,0.61445365,USDT
2023-08-25T04:15:00Z,BTC/USDT,sell,26076.92501500,0.02353953,0.61383856,USDT
2023-08-25T08:30:00Z,BTC/USDT,buy,26113.14004500,0.02352483,0.61430718,USDT
2023-08-25T13:30:00Z,BTC/USDT,sell,26160.26332500,0.02352483,0.61541575,USDT
2023-08-25T13:45:00Z,BTC/USDT,buy,26168.81787000,0.02347285,0.61425674,USDT
2023-08-25T13:45:00Z,BTC/USDT,stop_sell,26094.08464518,0.02347285,0.61250253,USDT
2023-08-25T20:00:00Z,BTC/USDT,buy,25987.97749500,0.02362853,0.61405771,USDT
2023-08-25T23:15:00Z,BTC/USDT,sell,26041.59269000,0.02362853,0.61532455,USDT
2023-08-25T23:45:00Z,BTC/USDT,buy,26058.52275000,0.02355805,0.61388798,USDT
2023-08-26T00:15:00Z,BTC/USDT,sell,26037.95451000,0.02355805,0.61340343,USDT
2023-08-26T01:00:00Z,BTC/USDT,buy,26049.15807000,0.02356789,0.61392369,USDT
2023-08-26T01:30:00Z,BTC/USDT,sell,26040.99299000,0.02356789,0.61373126,USDT
2023-08-26T06:30:00Z,BTC/USDT,buy,26075.47122000,0.02354209,0.61387109,USDT
2023-08-26T07:45:00Z,BTC/USDT,sell,26041.97250000,0.02354209,0.61308246,USDT
2023-08-26T14:00:00Z,BTC/USDT,buy,26053.53025500,0.02354933,0.61354318,USDT
2023-08-26T16:30:00Z,BTC/USDT,sell,26031.27785000,0.02354933,0.61301915,USDT
2023-08-26T17:15:00Z,BTC/USDT,buy,26037.01200000,0.02356294,0.61350855,USDT
2023-08-26T17:45:00Z,BTC/USDT,sell,26006.98000500,0.02356294,0.61280091,USDT
2023-08-26T21:15:00Z,BTC/USDT,buy,26056.71184500,0.02354253,0.61344092,USDT
2023-08-26T21:45:00Z,BTC/USDT,sell,26031.95751000,0.02354253,0.61285814,USDT
2023-08-27T04:00:00Z,BTC/USDT,buy,26018.10255000,0.02355521,0.61286187,USDT
2023-08-27T07:30:00Z,BTC/USDT,sell,26037.80458500,0.02355521,0.61332595,USDT
2023-08-27T07:45:00Z,BTC/USDT,buy,26083.02499500,0.02352105,0.61350014,USDT
2023-08-27T08:00:00Z,BTC/USDT,sell,26046.89004000,0.02352105,0.61265020,USDT
2023-08-27T10:15:00Z,BTC/USDT,buy,26098.02249000,0.02349111,0.61307152,USDT
2023-08-27T12:00:00Z,BTC/USDT,stop_sell,26042.39229000,0.02349111,0.61176470,USDT
2023-08-27T18:45:00Z,BTC/USDT,buy,26097.40218000,0.02348093,0.61279127,USDT
2023-08-27T19:00:00Z,BTC/USDT,sell,26084.81107000,0.02348093,0.61249562,USDT
2023-08-27T22:45:00Z,BTC/USDT,buy,26089.26811500,0.02348312,0.61265741,USDT
2023-08-27T23:00:00Z,BTC/USDT,sell,26080.71312000,0.02348312,0.61245652,USDT
2023-08-28T12:30:00Z,BTC/USDT,buy,26188.04748000,0.02339334,0.61262590,USDT
2023-08-28T12:45:00Z,BTC/USDT,sell,26100.86304000,0.02339334,0.61058636,USDT
2023-08-28T18:00:00Z,BTC/USDT,buy,26149.75834500,0.02340632,0.61206961,USDT
2023-08-28T18:15:00Z,BTC/USDT,sell,26111.16788500,0.02340632,0.61116635,USDT
2023-08-28T18:45:00Z,BTC/USDT,buy,26134.75084500,0.02343477,0.61246188,USDT
2023-08-28T19:15:00Z,BTC/USDT,sell,26114.50621500,0.02343477,0.61198745,USDT
2023-08-29T01:00:00Z,BTC/USDT,buy,26163.05499000,0.02339085,0.61197609,USDT
2023-08-29T01:15:00Z,BTC/USDT,sell,26109.57868000,0.02339085,0.61072524,USDT
2023-08-29T02:30:00Z,BTC/USDT,buy,26117.28211500,0.02342292,0.61174301,USDT
2023-08-29T03:00:00Z,BTC/USDT,sell,26084.43126000,0.02342292,0.61097355,USDT
2023-08-29T03:30:00Z,BTC/USDT,buy,26097.01198500,0.02343635,0.61161871,USDT
2023-08-29T04:15:00Z,BTC/USDT,sell,26069.60867500,0.02343635,0.61097647,USDT
2023-08-29T12:45:00Z,BTC/USDT,buy,26038.24261500,0.02347922,0.61135763,USDT
2023-08-29T15:00:00Z,BTC/USDT,sell,27486.25000000,0.02347922,0.64535571,USDT
2023-08-29T16:30:00Z,BTC/USDT,buy,27930.62833500,0.02198364,0.61401688,USDT
2023-08-29T19:15:00Z,BTC/USDT,sell,27961.02249500,0.02198364,0.61468505,USDT
2023-08-29T20:00:00Z,BTC/USDT,buy,27843.91500000,0.0220452,0.61382467,USDT
2023-08-29T20:45:00Z,BTC/USDT,stop_sell,27644.11495661,0.0220452,0.60942004,USDT
2023-08-30T07:30:00Z,BTC/USDT,buy,27459.45286500,0.02234548,0.61359465,USDT
2023-08-30T09:15:00Z,BTC/USDT,stop_sell,27376.08725179,0.02234548,0.61173181,USDT
2023-08-30T14:15:00Z,BTC/USDT,buy,27393.67999500,0.02238601,0.61323519,USDT
2023-08-30T14:30:00Z,BTC/USDT,sell,27291.32751000,0.02238601,0.61094393,USDT
2023-08-30T19:30:00Z,BTC/USDT,buy,27245.62600500,0.02249485,0.61288627,USDT
2023-08-30T21:45:00Z,BTC/USDT,sell,27244.98069500,0.02249485,0.61287175,USDT
2023-08-30T22:15:00Z,BTC/USDT,buy,27298.81258500,0.0224582,0.61308219,USDT
2023-08-30T23:45:00Z,BTC/USDT,sell,27286.42996000,0.0224582,0.61280410,USDT
2023-08-31T00:30:00Z,BTC/USDT,buy,27253.90014000,0.02247857,0.61262870,USDT
2023-08-31T01:00:00Z,BTC/USDT,sell,27206.38000500,0.02247857,0.61156052,USDT
2023-09-01T12:15:00Z,BTC/USDT,buy,26102.04450000,0.02347184,0.61266301,USDT
2023-09-01T12:30:00Z,BTC/USDT,stop_sell,26020.04418393,0.02347184,0.61073831,USDT
2023-09-01T13:00:00Z,BTC/USDT,buy,26078.34265500,0.02348351,0.61241102,USDT
2023-09-01T13:30:00Z,BTC/USDT,stop_sell,25980.58856446,0.02348351,0.61011541,USDT
2023-09-01T22:00:00Z,BTC/USDT,buy,25830.61885500,0.02370036,0.61219497,USDT
2023-09-02T00:15:00Z,BTC/USDT,sell,25782.10250000,0.02370036,0.61104511,USDT
2023-09-02T01:45:00Z,BTC/USDT,buy,25817.89249500,0.02369353,0.61171701,USDT
2023-09-02T02:00:00Z,BTC/USDT,sell,25771.07801500,0.02369353,0.61060781,USDT
2023-09-02T07:30:00Z,BTC/USDT,buy,25816.59184500,0.02369611,0.61175280,USDT
2023-09-02T08:00:00Z,BTC/USDT,sell,25777.38486000,0.02369611,0.61082375,USDT
2023-09-02T09:30:00Z,BTC/USDT,buy,25822.69489500,0.02369741,0.61193099,USDT
2023-09-02T11:45:00Z,BTC/USDT,sell,25782.13248500,0.02369741,0.61096976,USDT
2023-09-02T12:15:00Z,BTC/USDT,buy,25846.92700500,0.02365858,0.61150159,USDT
2023-09-02T13:15:00Z,BTC/USDT,stop_sell,25776.78373214,0.02365858,0.60984210,USDT
2023-09-02T13:30:00Z,BTC/USDT,buy,25826.94702000,0.02367693,0.61150282,USDT
2023-09-02T14:30:00Z,BTC/USDT,sell,25796.49530000,0.02367693,0.61078181,USDT
2023-09-02T16:30:00Z,BTC/USDT,buy,25887.94750500,0.0235979,0.61090120,USDT
2023-09-02T18:00:00Z,BTC/USDT,stop_sell,25797.02360714,0.0235979,0.60875558,USDT
2023-09-02T19:15:00Z,BTC/USDT,buy,25832.94001500,0.02363506,0.61056309,USDT
2023-09-02T19:30:00Z,BTC/USDT,sell,25807.33987500,0.02363506,0.60995803,USDT
2023-09-02T21:30:00Z,BTC/USDT,buy,25887.93750000,0.02358644,0.61060428,USDT
2023-09-02T22:15:00Z,BTC/USDT,sell,25842.06250500,0.02358644,0.60952226,USDT
2023-09-03T05:45:00Z,BTC/USDT,buy,25916.75190000,0.0235531,0.61041985,USDT
2023-09-03T06:00:00Z,BTC/USDT,sell,25887.05000000,0.0235531,0.60972028,USDT
2023-09-03T08:45:00Z,BTC/USDT,buy,25927.94749500,0.02353701,0.61026636,USDT
2023-09-03T10:15:00Z,BTC/USDT,sell,25896.12546000,0.02353701,0.60951736,USDT
2023-09-03T10:30:00Z,BTC/USDT,buy,25922.49477000,0.02353588,0.61010873,USDT
2023-09-03T11:30:00Z,BTC/USDT,sell,25911.80761500,0.02353588,0.60985719,USDT
2023-09-03T11:45:00Z,BTC/USDT,buy,25947.96750000,0.02350824,0.60999105,USDT
2023-09-03T12:30:00Z,BTC/USDT,sell,25929.21890500,0.02350824,0.60955030,USDT
2023-09-03T12:45:00Z,BTC/USDT,buy,26057.97247500,0.02340386,0.60985714,USDT
2023-09-03T12:45:00Z,BTC/USDT,stop_sell,25986.39137589,0.02340386,0.60818187,USDT
2023-09-03T13:30:00Z,BTC/USDT,buy,25952.94999000,0.02348967,0.60962623,USDT
2023-09-03T14:00:00Z,BTC/USDT,sell,25887.05000000,0.02348967,0.60807826,USDT
2023-09-03T21:00:00Z,BTC/USDT,buy,26073.01999500,0.02337769,0.60952698,USDT
2023-09-03T21:15:00Z,BTC/USDT,sell,26026.97000500,0.02337769,0.60845044,USDT
2023-09-04T06:15:00Z,BTC/USDT,buy,25967.84743500,0.02346061,0.60922154,USDT
2023-09-04T06:45:00Z,BTC/USDT,sell,25976.99500500,0.02346061,0.60943615,USDT
2023-09-04T17:15:00Z,BTC/USDT,buy,25933.24014000,0.02349488,0.60929837,USDT
2023-09-04T19:30:00Z,BTC/USDT,sell,25857.05500500,0.02349488,0.60750840,USDT
2023-09-04T19:45:00Z,BTC/USDT,buy,25913.84044500,0.023498,0.60892342,USDT
2023-09-04T20:30:00Z,BTC/USDT,stop_sell,25826.21364768,0.023498,0.60686437,USDT
2023-09-04T20:45:00Z,BTC/USDT,buy,25872.89998500,0.0235196,0.60852026,USDT
2023-09-04T21:00:00Z,BTC/USDT,sell,25821.05301500,0.0235196,0.60730084,USDT
2023-09-05T02:30:00Z,BTC/USDT,buy,25752.87000000,0.0236244,0.60839610,USDT
2023-09-05T02:45:00Z,BTC/USDT,stop_sell,25677.27422607,0.0236244,0.60661020,USDT
2023-09-06T01:30:00Z,BTC/USDT,buy,25827.46728000,0.02355287,0.60831098,USDT
2023-09-06T01:45:00Z,BTC/USDT,sell,25776.04553000,0.02355287,0.60709985,USDT
2023-09-06T10:15:00Z,BTC/USDT,buy,25791.28920000,0.02358444,0.60827311,USDT
2023-09-06T10:45:00Z,BTC/USDT,stop_sell,25718.67208821,0.02358444,0.60656048,USDT
2023-09-06T13:45:00Z,BTC/USDT,buy,25776.20166000,0.02357891,0.60777474,USDT
2023-09-06T13:45:00Z,BTC/USDT,stop_sell,25701.51138714,0.02357891,0.60601362,USDT
2023-09-06T23:45:00Z,BTC/USDT,buy,25784.74593000,0.02356186,0.60753657,USDT
2023-09-07T00:00:00Z,BTC/USDT,sell,25752.10750500,0.02356186,0.60676755,USDT
2023-09-07T14:45:00Z,BTC/USDT,buy,25757.85249000,0.02358698,0.60754995,USDT
2023-09-07T16:00:00Z,BTC/USDT,sell,25767.50980000,0.02358698,0.60777774,USDT
2023-09-07T16:15:00Z,BTC/USDT,buy,25818.93301500,0.02352148,0.60729952,USDT
2023-09-07T17:00:00Z,BTC/USDT,sell,25821.79264500,0.02352148,0.60736678,USDT
2023-09-07T20:45:00Z,BTC/USDT,buy,25971.21912000,0.02338207,0.60726086,USDT
2023-09-07T21:00:00Z,BTC/USDT,sell,26011.97750500,0.02338207,0.60821388,USDT
2023-09-08T00:45:00Z,BTC/USDT,buy,26378.22252000,0.02299815,0.60665032,USDT
2023-09-08T02:00:00Z,BTC/USDT,sell,26229.04891500,0.02299815,0.60321960,USDT
2023-09-08T04:00:00Z,BTC/USDT,buy,26268.12750000,0.02309001,0.60653133,USDT
2023-09-08T05:30:00Z,BTC/USDT,sell,26336.01540500,0.02309001,0.60809886,USDT
2023-09-08T07:30:00Z,BTC/USDT,buy,26303.13499500,0.02307112,0.60684278,USDT
2023-09-08T08:15:00Z,BTC/USDT,sell,26206.87001000,0.02307112,0.60462184,USDT
2023-09-08T16:15:00Z,BTC/USDT,buy,25873.25016000,0.02343506,0.60634117,USDT
2023-09-08T16:30:00Z,BTC/USDT,stop_sell,25778.31225321,0.02343506,0.60411629,USDT
2023-09-08T19:45:00Z,BTC/USDT,buy,25902.05455500,0.02341524,0.60650282,USDT
2023-09-08T21:15:00Z,BTC/USDT,sell,25888.75914500,0.02341524,0.60619151,USDT
2023-09-08T23:15:00Z,BTC/USDT,buy,25942.93498500,0.02336967,0.60627783,USDT
2023-09-08T23:30:00Z,BTC/USDT,sell,25894.55624500,0.02336967,0.60514723,USDT
2023-09-09T00:30:00Z,BTC/USDT,buy,25899.64335000,0.02339737,0.60598354,USDT
2023-09-09T00:45:00Z,BTC/USDT,sell,25859.64371000,0.02339737,0.60504765,USDT
2023-09-09T01:15:00Z,BTC/USDT,buy,25884.96601500,0.02339679,0.60562511,USDT
2023-09-09T01:30:00Z,BTC/USDT,sell,25861.43281500,0.02339679,0.60507451,USDT
2023-09-09T08:15:00Z,BTC/USDT,buy,25892.58982500,0.02338657,0.60553886,USDT
2023-09-09T08:45:00Z,BTC/USDT,sell,25877.49478000,0.02338657,0.60518584,USDT
2023-09-09T09:30:00Z,BTC/USDT,buy,25899.32319000,0.02337432,0.60537907,USDT
2023-09-09T10:30:00Z,BTC/USDT,stop_sell,25852.78178554,0.02337432,0.60429119,USDT
2023-09-09T10:45:00Z,BTC/USDT,buy,25876.93200000,0.02339749,0.60545526,USDT
2023-09-09T11:00:00Z,BTC/USDT,sell,25855.69568500,0.02339749,0.60495838,USDT
2023-09-09T15:15:00Z,BTC/USDT,buy,25935.06105000,0.02333447,0.60518090,USDT
2023-09-09T15:30:00Z,BTC/USDT,stop_sell,25875.01816179,0.02333447,0.60377984,USDT
2023-09-09T15:45:00Z,BTC/USDT,buy,25917.95250000,0.02333923,0.60490505,USDT
2023-09-09T17:30:00Z,BTC/USDT,stop_sell,25857.32879661,0.02333923,0.60349014,USDT
2023-09-09T17:45:00Z,BTC/USDT,buy,25902.89497500,0.02335173,0.60487741,USDT
2023-09-09T18:00:00Z,BTC/USDT,sell,25858.49428500,0.02335173,0.60384058,USDT
2023-09-09T18:15:00Z,BTC/USDT,buy,25881.64435500,0.02336466,0.60471582,USDT
2023-09-09T20:00:00Z,BTC/USDT,sell,25857.31487500,0.02336466,0.60414737,USDT
2023-09-09T22:00:00Z,BTC/USDT,buy,25907.35720500,0.02333252,0.60448393,USDT
2023-09-10T00:45:00Z,BTC/USDT,sell,25858.55425500,0.02333252,0.60334523,USDT
2023-09-10T01:00:00Z,BTC/USDT,buy,25888.08757500,0.02334355,0.60431987,USDT
2023-09-10T01:15:00Z,BTC/USDT,sell,25856.35535500,0.02334355,0.60357912,USDT
2023-09-10T06:15:00Z,BTC/USDT,buy,25868.86797000,0.02334575,0.60392812,USDT
2023-09-10T06:45:00Z,BTC/USDT,sell,25850.67819500,0.02334575,0.60350347,USDT
2023-09-10T09:15:00Z,BTC/USDT,buy,25867.91749500,0.02335427,0.60412633,USDT
2023-09-10T09:30:00Z,BTC/USDT,sell,25846.56025500,0.02335427,0.60362755,USDT
2023-09-11T05:30:00Z,BTC/USDT,buy,25799.11311000,0.02340674,0.60387313,USDT
2023-09-11T06:00:00Z,BTC/USDT,sell,25865.29088500,0.02340674,0.60542214,USDT
2023-09-11T08:00:00Z,BTC/USDT,buy,25818.93301500,0.0233817,0.60369055,USDT
2023-09-11T08:15:00Z,BTC/USDT,stop_sell,25755.01069554,0.0233817,0.60219593,USDT
2023-09-11T08:30:00Z,BTC/USDT,buy,25770.69891000,0.02342235,0.60361033,USDT
2023-09-11T09:15:00Z,BTC/USDT,stop_sell,25696.01413714,0.02342235,0.60186104,USDT
2023-09-11T21:30:00Z,BTC/USDT,buy,25177.57249500,0.02396772,0.60344901,USDT
2023-09-11T21:45:00Z,BTC/USDT,sell,25112.46748500,0.02396772,0.60188859,USDT
2023-09-11T22:15:00Z,BTC/USDT,buy,25162.58500500,0.02397316,0.60322668,USDT
2023-09-11T22:45:00Z,BTC/USDT,sell,25144.11165500,0.02397316,0.60278381,USDT
2023-09-12T05:45:00Z,BTC/USDT,buy,25716.37176000,0.02344121,0.60282287,USDT
2023-09-12T08:00:00Z,BTC/USDT,sell,25802.21244000,0.02344121,0.60483508,USDT
2023-09-12T08:30:00Z,BTC/USDT,buy,25857.81244500,0.02332597,0.60315856,USDT
2023-09-12T09:00:00Z,BTC/USDT,sell,25758.70420500,0.02332597,0.60084676,USDT
2023-09-12T09:30:00Z,BTC/USDT,buy,25822.78494000,0.02333734,0.60263511,USDT
2023-09-12T10:15:00Z,BTC/USDT,sell,25852.89708500,0.02333734,0.60333785,USDT
2023-09-12T10:30:00Z,BTC/USDT,buy,26253.13000500,0.02296248,0.60283697,USDT
2023-09-12T10:30:00Z,BTC/USDT,stop_sell,26103.94863929,0.02296248,0.59941140,USDT
2023-09-12T13:45:00Z,BTC/USDT,buy,26189.57824500,0.02300966,0.60261329,USDT
2023-09-12T15:15:00Z,BTC/USDT,sell,26125.83055000,0.02300966,0.60114648,USDT
2023-09-12T15:30:00Z,BTC/USDT,buy,26202.54472500,0.02298453,0.60225318,USDT
2023-09-12T17:00:00Z,BTC/USDT,sell,26084.49123000,0.02298453,0.59953977,USDT
2023-09-13T04:30:00Z,BTC/USDT,buy,25937.96250000,0.02319809,0.60171119,USDT
2023-09-13T05:15:00Z,BTC/USDT,stop_sell,25854.75544107,0.02319809,0.59978094,USDT
2023-09-13T07:15:00Z,BTC/USDT,buy,26002.98499500,0.02313931,0.60169113,USDT
2023-09-13T07:45:00Z,BTC/USDT,stop_sell,25907.24989500,0.02313931,0.59947589,USDT
2023-09-13T08:15:00Z,BTC/USDT,buy,25942.96500000,0.02317323,0.60118229,USDT
2023-09-13T08:45:00Z,BTC/USDT,sell,25952.02749500,0.02317323,0.60139230,USDT
2023-09-13T13:30:00Z,BTC/USDT,buy,26134.17055500,0.02302706,0.60179311,USDT
2023-09-13T17:45:00Z,BTC/USDT,sell,26141.91250500,0.02302706,0.60197139,USDT
2023-09-13T18:15:00Z,BTC/USDT,buy,26161.67430000,0.02298206,0.60124917,USDT
2023-09-13T18:30:00Z,BTC/USDT,sell,26106.96998500,0.02298206,0.59999195,USDT
2023-09-13T22:15:00Z,BTC/USDT,buy,26278.03245000,0.02287717,0.60116702,USDT
2023-09-13T23:15:00Z,BTC/USDT,sell,26231.90748500,0.02287717,0.60011181,USDT
2023-09-14T06:15:00Z,BTC/USDT,buy,26240.46367500,0.0228887,0.60061010,USDT
2023-09-14T10:45:00Z,BTC/USDT,sell,26291.84750000,0.0228887,0.60178621,USDT
2023-09-14T13:00:00Z,BTC/USDT,buy,26483.22499500,0.02270172,0.60121476,USDT
2023-09-14T14:00:00Z,BTC/USDT,sell,26575.33568500,0.02270172,0.60330583,USDT
2023-09-14T14:30:00Z,BTC/USDT,buy,26703.78522000,0.02251213,0.60115908,USDT
2023-09-14T16:30:00Z,BTC/USDT,sell,26636.68499500,0.02251213,0.59964852,USDT
2023-09-14T16:45:00Z,BTC/USDT,buy,26643.07488000,0.02255975,0.60106111,USDT
2023-09-14T17:00:00Z,BTC/USDT,sell,26596.70499500,0.02255975,0.60001502,USDT
2023-09-15T09:00:00Z,BTC/USDT,buy,26651.30899500,0.02253606,0.60061550,USDT
2023-09-15T09:15:00Z,BTC/USDT,sell,26601.68250500,0.02253606,0.59949711,USDT
2023-09-15T10:15:00Z,BTC/USDT,buy,26648.32750500,0.02253081,0.60040840,USDT
2023-09-15T11:00:00Z,BTC/USDT,stop_sell,26563.84928821,0.02253081,0.59850504,USDT
2023-09-16T09:45:00Z,BTC/USDT,buy,26578.39255500,0.0225738,0.59997532,USDT
2023-09-16T09:45:00Z,BTC/USDT,stop_sell,26513.07040464,0.0225738,0.59850075,USDT
2023-09-16T11:00:00Z,BTC/USDT,buy,26552.80977000,0.02259116,0.59985877,USDT
2023-09-16T11:30:00Z,BTC/USDT,stop_sell,26473.41417125,0.02259116,0.59806514,USDT
2023-09-16T11:45:00Z,BTC/USDT,buy,26543.27500500,0.02258069,0.59936546,USDT
2023-09-16T14:30:00Z,BTC/USDT,sell,26532.05733500,0.02258069,0.59911216,USDT
2023-09-16T14:45:00Z,BTC/USDT,buy,26557.21197000,0.02257953,0.59964936,USDT
2023-09-16T14:45:00Z,BTC/USDT,stop_sell,26480.71516179,0.02257953,0.59792210,USDT
2023-09-16T15:00:00Z,BTC/USDT,buy,26508.32754000,0.02260469,0.59921253,USDT
2023-09-16T15:30:00Z,BTC/USDT,sell,26516.21526000,0.02260469,0.59939083,USDT
2023-09-16T16:15:00Z,BTC/USDT,buy,26538.56265000,0.02258278,0.59931452,USDT
2023-09-16T16:30:00Z,BTC/USDT,sell,26495.27573500,0.02258278,0.59833698,USDT
2023-09-16T16:45:00Z,BTC/USDT,buy,26528.71773000,0.02257743,0.59895027,USDT
2023-09-16T17:15:00Z,BTC/USDT,sell,26503.20177000,0.02257743,0.59837418,USDT
2023-09-16T17:30:00Z,BTC/USDT,buy,26555.43108000,0.02255459,0.59894686,USDT
2023-09-16T18:30:00Z,BTC/USDT,sell,26571.23773500,0.02255459,0.59930337,USDT
2023-09-16T18:45:00Z,BTC/USDT,buy,26586.30651000,0.0225314,0.59902671,USDT
2023-09-16T19:30:00Z,BTC/USDT,sell,26526.72000500,0.0225314,0.59768414,USDT
2023-09-16T19:45:00Z,BTC/USDT,buy,26553.27000000,0.02254497,0.59864268,USDT
2023-09-16T22:15:00Z,BTC/USDT,sell,26554.71600000,0.02254497,0.59867528,USDT
2023-09-17T05:00:00Z,BTC/USDT,buy,26566.81677000,0.0225413,0.59885059,USDT
2023-09-17T05:30:00Z,BTC/USDT,sell,26513.58657500,0.0225413,0.59765071,USDT
2023-09-17T05:45:00Z,BTC/USDT,buy,26539.66320000,0.02254795,0.59841500,USDT
2023-09-17T06:00:00Z,BTC/USDT,sell,26527.04984000,0.02254795,0.59813059,USDT
2023-09-17T08:45:00Z,BTC/USDT,buy,26556.93183000,0.0225259,0.59821879,USDT
2023-09-17T13:15:00Z,BTC/USDT,sell,26536.04534000,0.0225259,0.59774830,USDT
2023-09-17T13:30:00Z,BTC/USDT,buy,26583.27499500,0.02249932,0.59810561,USDT
2023-09-17T13:45:00Z,BTC/USDT,sell,26546.48012000,0.02249932,0.59727775,USDT
2023-09-18T00:15:00Z,BTC/USDT,buy,26548.04739000,0.02253414,0.59823742,USDT
2023-09-18T00:30:00Z,BTC/USDT,sell,26470.03836000,0.02253414,0.59647955,USDT
2023-09-18T09:00:00Z,BTC/USDT,buy,26740.89376500,0.02236127,0.59796035,USDT
2023-09-18T11:00:00Z,BTC/USDT,sell,27121.43250000,0.02236127,0.60646967,USDT
2023-09-18T11:15:00Z,BTC/USDT,buy,27188.58750000,0.02200666,0.59833000,USDT
2023-09-18T12:15:00Z,BTC/USDT,sell,27189.44847500,0.02200666,0.59834895,USDT
2023-09-18T22:30:00Z,BTC/USDT,buy,26843.41500000,0.0222814,0.59810887,USDT
2023-09-18T23:30:00Z,BTC/USDT,stop_sell,26727.75765018,0.0222814,0.59553186,USDT
2023-09-18T23:45:00Z,BTC/USDT,buy,26748.30747000,0.02233175,0.59733652,USDT
2023-09-19T00:15:00Z,BTC/USDT,stop_sell,26678.82855554,0.02233175,0.59578493,USDT
2023-09-19T08:15:00Z,BTC/USDT,buy,26914.04029500,0.02220716,0.59768440,USDT
2023-09-19T12:45:00Z,BTC/USDT,sell,27098.13415500,0.02220716,0.60177260,USDT
2023-09-19T13:00:00Z,BTC/USDT,buy,27158.54248500,0.02201142,0.59779809,USDT
2023-09-19T13:15:00Z,BTC/USDT,sell,27141.80231000,0.02201142,0.59742961,USDT
2023-09-19T13:45:00Z,BTC/USDT,buy,27196.59150000,0.02198005,0.59778244,USDT
2023-09-19T13:45:00Z,BTC/USDT,stop_sell,27027.63834911,0.02198005,0.59406884,USDT
2023-09-19T19:30:00Z,BTC/USDT,buy,27158.58250500,0.02198829,0.59717079,USDT
2023-09-19T20:00:00Z,BTC/USDT,sell,27171.40750000,0.02198829,0.59745279,USDT
2023-09-21T00:00:00Z,BTC/USDT,buy,27135.25084500,0.02200183,0.59702518,USDT
2023-09-21T01:00:00Z,BTC/USDT,sell,27041.46250500,0.02200183,0.59496166,USDT
2023-09-21T01:15:00Z,BTC/USDT,buy,27021.19384500,0.02208011,0.59663093,USDT
2023-09-21T01:30:00Z,BTC/USDT,sell,26971.57746500,0.02208011,0.59553540,USDT
2023-09-21T05:45:00Z,BTC/USDT,buy,27096.30138000,0.02203414,0.59704370,USDT
2023-09-21T06:30:00Z,BTC/USDT,stop_sell,26993.86417321,0.02203414,0.59478658,USDT
2023-09-21T06:45:00Z,BTC/USDT,buy,27048.15732000,0.02206144,0.59672130,USDT
2023-09-21T08:00:00Z,BTC/USDT,sell,26980.20315000,0.02206144,0.59522213,USDT
2023-09-21T08:15:00Z,BTC/USDT,buy,27018.52251000,0.02206511,0.59616667,USDT
2023-09-21T08:15:00Z,BTC/USDT,stop_sell,26943.94807232,0.02206511,0.59452118,USDT
2023-09-21T17:30:00Z,BTC/USDT,buy,26663.32500000,0.0223586,0.59615462,USDT
2023-09-21T17:45:00Z,BTC/USDT,sell,26639.72347500,0.0223586,0.59562692,USDT
2023-09-21T20:15:00Z,BTC/USDT,buy,26591.74923000,0.0224137,0.59601949,USDT
2023-09-21T20:15:00Z,BTC/USDT,stop_sell,26498.08397304,0.0224137,0.59392010,USDT
2023-09-21T21:00:00Z,BTC/USDT,buy,26603.89530000,0.02238557,0.59554336,USDT
2023-09-21T22:00:00Z,BTC/USDT,sell,26596.74497500,0.02238557,0.59538330,USDT
2023-09-22T00:45:00Z,BTC/USDT,buy,26659.15291500,0.02235029,0.59583980,USDT
2023-09-22T01:00:00Z,BTC/USDT,stop_sell,26558.46805161,0.02235029,0.59358946,USDT
2023-09-22T01:15:00Z,BTC/USDT,buy,26607.55713000,0.0223754,0.59535473,USDT
2023-09-22T01:45:00Z,BTC/USDT,sell,26621.53257500,0.0223754,0.59566744,USDT
2023-09-22T03:15:00Z,BTC/USDT,buy,26618.35252500,0.02236429,0.59530056,USDT
2023-09-22T04:30:00Z,BTC/USDT,sell,26626.65001500,0.02236429,0.59548612,USDT
2023-09-22T07:30:00Z,BTC/USDT,buy,26611.61916000,0.02238471,0.59569338,USDT
2023-09-22T08:45:00Z,BTC/USDT,sell,26670.85790000,0.02238471,0.59701942,USDT
2023-09-22T09:00:00Z,BTC/USDT,buy,26678.43255000,0.02230414,0.59503949,USDT
2023-09-22T09:15:00Z,BTC/USDT,sell,26631.66750500,0.02230414,0.59399644,USDT
2023-09-22T15:00:00Z,BTC/USDT,buy,26688.34750500,0.0222887,0.59484857,USDT
2023-09-22T16:00:00Z,BTC/USDT,stop_sell,26603.90567857,0.0222887,0.59296647,USDT
2023-09-23T07:00:00Z,BTC/USDT,buy,26588.27749500,0.02237097,0.59480556,USDT
2023-09-23T07:45:00Z,BTC/USDT,sell,26560.18326500,0.02237097,0.59417706,USDT
2023-09-23T13:00:00Z,BTC/USDT,buy,26588.11741500,0.02236318,0.59459486,USDT
2023-09-23T13:15:00Z,BTC/USDT,sell,26551.69751000,0.02236318,0.59378039,USDT
2023-09-23T13:30:00Z,BTC/USDT,buy,26577.49210500,0.02235986,0.59426900,USDT
2023-09-23T13:45:00Z,BTC/USDT,sell,26556.70500500,0.02235986,0.59380421,USDT
2023-09-23T16:00:00Z,BTC/USDT,buy,26588.11741500,0.02235357,0.59433934,USDT
2023-09-23T16:45:00Z,BTC/USDT,sell,26555.69551000,0.02235357,0.59361460,USDT
2023-09-23T17:00:00Z,BTC/USDT,buy,26612.48959500,0.02232841,0.59421458,USDT
2023-09-23T17:15:00Z,BTC/USDT,sell,26560.88291500,0.02232841,0.59306228,USDT
2023-09-24T11:15:00Z,BTC/USDT,buy,26603.23497000,0.02232915,0.59402762,USDT
2023-09-24T13:45:00Z,BTC/USDT,sell,26575.69550500,0.02232915,0.59341269,USDT
2023-09-24T14:30:00Z,BTC/USDT,buy,26605.29600000,0.02232123,0.59386293,USDT
2023-09-24T15:15:00Z,BTC/USDT,stop_sell,26552.71771393,0.02232123,0.59268932,USDT
2023-09-24T18:45:00Z,BTC/USDT,buy,26628.21745500,0.02230009,0.59381165,USDT
2023-09-24T19:00:00Z,BTC/USDT,stop_sell,26519.67353000,0.02230009,0.59139111,USDT
2023-09-25T15:15:00Z,BTC/USDT,buy,26183.06499000,0.02266372,0.59340565,USDT
2023-09-25T21:00:00Z,BTC/USDT,sell,26270.20832500,0.02266372,0.59538065,USDT
2023-09-25T22:15:00Z,BTC/USDT,buy,26288.62774500,0.0225751,0.59346840,USDT
2023-09-25T22:30:00Z,BTC/USDT,sell,26276.75505000,0.0225751,0.59320037,USDT
2023-09-26T00:00:00Z,BTC/USDT,buy,26313.15000000,0.02254964,0.59335206,USDT
2023-09-26T00:30:00Z,BTC/USDT,sell,26266.87999000,0.02254964,0.59230869,USDT
2023-09-26T05:15:00Z,BTC/USDT,buy,26365.12597500,0.02249842,0.59317368,USDT
2023-09-26T05:30:00Z,BTC/USDT,sell,26330.50816000,0.02249842,0.59239483,USDT
2023-09-26T06:00:00Z,BTC/USDT,buy,26343.15499500,0.02251122,0.59301656,USDT
2023-09-26T06:30:00Z,BTC/USDT,stop_sell,26274.76782982,0.02251122,0.59147708,USDT
2023-09-26T19:00:00Z,BTC/USDT,buy,26193.10000500,0.02263186,0.59279857,USDT
2023-09-26T21:00:00Z,BTC/USDT,sell,26166.85003000,0.02263186,0.59220449,USDT
2023-09-27T01:45:00Z,BTC/USDT,buy,26261.59423500,0.02256998,0.59272366,USDT
2023-09-27T04:15:00Z,BTC/USDT,sell,26256.85500500,0.02256998,0.59261669,USDT
2023-09-27T04:30:00Z,BTC/USDT,buy,26267.38713000,0.02255358,0.59242362,USDT
2023-09-27T06:30:00Z,BTC/USDT,sell,26221.87250500,0.02255358,0.59139710,USDT
2023-09-27T07:00:00Z,BTC/USDT,buy,26270.12850000,0.0225494,0.59237564,USDT
2023-09-27T07:15:00Z,BTC/USDT,sell,26252.57714500,0.0225494,0.59197986,USDT
2023-09-27T19:30:00Z,BTC/USDT,buy,26296.27156500,0.02252057,0.59220702,USDT
2023-09-27T19:45:00Z,BTC/USDT,sell,26246.84001500,0.02252057,0.59109380,USDT
2023-09-28T00:45:00Z,BTC/USDT,buy,26486.85681000,0.02235648,0.59215288,USDT
2023-09-28T01:00:00Z,BTC/USDT,stop_sell,26379.05387500,0.02235648,0.58974279,USDT
2023-09-28T06:00:00Z,BTC/USDT,buy,26453.29003500,0.02236399,0.59160111,USDT
2023-09-28T06:15:00Z,BTC/USDT,sell,26411.78750000,0.02236399,0.59067295,USDT
2023-09-28T06:30:00Z,BTC/USDT,buy,26428.17748500,0.02238527,0.59160189,USDT
2023-09-28T06:45:00Z,BTC/USDT,sell,26422.50214000,0.02238527,0.59147484,USDT
2023-09-28T07:00:00Z,BTC/USDT,buy,26489.95836000,0.02233198,0.59157322,USDT
2023-09-28T08:15:00Z,BTC/USDT,sell,26411.79749500,0.02233198,0.58982773,USDT
2023-09-28T08:45:00Z,BTC/USDT,buy,26447.81730000,0.02235597,0.59126661,USDT
2023-09-28T09:30:00Z,BTC/USDT,sell,26381.78251000,0.02235597,0.58979034,USDT
2023-09-28T12:45:00Z,BTC/USDT,buy,26513.26000500,0.02228082,0.59073717,USDT
2023-09-28T20:00:00Z,BTC/USDT,sell,27085.47049000,0.02228082,0.60348649,USDT
2023-09-28T20:15:00Z,BTC/USDT,buy,27128.38741500,0.02182538,0.59208736,USDT
2023-09-28T21:00:00Z,BTC/USDT,sell,27081.10267500,0.02182538,0.59105536,USDT
2023-09-29T07:00:00Z,BTC/USDT,buy,27073.54000500,0.02185915,0.59180457,USDT
2023-09-29T08:30:00Z,BTC/USDT,sell,27086.44000500,0.02185915,0.59208656,USDT
2023-09-29T08:45:00Z,BTC/USDT,buy,27067.40694000,0.0218646,0.59181803,USDT
2023-09-29T09:30:00Z,BTC/USDT,sell,26986.50000000,0.0218646,0.59004903,USDT
2023-09-29T10:00:00Z,BTC/USDT,buy,27045.27588000,0.02185956,0.59119783,USDT
2023-09-29T11:30:00Z,BTC/USDT,sell,26981.93228500,0.02185956,0.58981317,USDT
2023-09-30T00:45:00Z,BTC/USDT,buy,26938.46250000,0.02194969,0.59129090,USDT
2023-09-30T01:45:00Z,BTC/USDT,sell,26885.69043000,0.02194969,0.59013257,USDT
2023-09-30T02:00:00Z,BTC/USDT,buy,26908.67761500,0.02196722,0.59110884,USDT
2023-09-30T02:15:00Z,BTC/USDT,sell,26881.92231500,0.02196722,0.59052110,USDT
2023-09-30T21:00:00Z,BTC/USDT,buy,27083.52499500,0.02181998,0.59096197,USDT
2023-09-30T21:30:00Z,BTC/USDT,stop_sell,27023.98767536,0.02181998,0.58966287,USDT
2023-10-01T02:30:00Z,BTC/USDT,buy,27058.50249000,0.02183283,0.59076368,USDT
2023-10-01T02:45:00Z,BTC/USDT,sell,27014.15616500,0.02183283,0.58979548,USDT
2023-10-01T03:45:00Z,BTC/USDT,buy,27042.27438000,0.02184128,0.59063789,USDT
2023-10-01T10:30:00Z,BTC/USDT,sell,27169.25857500,0.02184128,0.59341138,USDT
2023-10-01T20:30:00Z,BTC/USDT,buy,27134.31037500,0.02177479,0.59084391,USDT
2023-10-01T20:30:00Z,BTC/USDT,stop_sell,27048.85237964,0.02177479,0.58898308,USDT
2023-10-01T21:30:00Z,BTC/USDT,buy,27148.38741000,0.02175622,0.59064629,USDT
2023-10-01T23:30:00Z,BTC/USDT,sell,27880.92256500,0.02175622,0.60658349,USDT
2023-10-02T04:15:00Z,BTC/USDT,buy,28115.06050500,0.02104407,0.59165530,USDT
2023-10-02T05:30:00Z,BTC/USDT,stop_sell,27978.85678768,0.02104407,0.58878902,USDT
2023-10-02T08:15:00Z,BTC/USDT,buy,28355.07045000,0.02084733,0.59112751,USDT
2023-10-02T08:45:00Z,BTC/USDT,sell,28344.96043000,0.02084733,0.59091674,USDT
2023-10-02T10:00:00Z,BTC/USDT,buy,28304.36511000,0.02087379,0.59081937,USDT
2023-10-02T12:30:00Z,BTC/USDT,sell,28285.84000500,0.02087379,0.59043268,USDT
2023-10-02T13:45:00Z,BTC/USDT,buy,28419.52266000,0.02080129,0.59116273,USDT
2023-10-02T14:00:00Z,BTC/USDT,stop_sell,28270.84786196,0.02080129,0.58807010,USDT
2023-10-02T14:30:00Z,BTC/USDT,buy,28282.32409500,0.0208877,0.59075270,USDT
2023-10-02T14:45:00Z,BTC/USDT,sell,28281.79203000,0.0208877,0.59074159,USDT
2023-10-03T11:00:00Z,BTC/USDT,buy,27643.30474500,0.02136786,0.59067827,USDT
2023-10-03T11:00:00Z,BTC/USDT,stop_sell,27545.24762929,0.02136786,0.58858300,USDT
2023-10-03T19:15:00Z,BTC/USDT,buy,27401.86408500,0.02154583,0.59039591,USDT
2023-10-03T19:30:00Z,BTC/USDT,sell,27353.60635500,0.02154583,0.58935615,USDT
2023-10-03T20:30:00Z,BTC/USDT,buy,27388.82757000,0.0215564,0.59040452,USDT
2023-10-03T21:15:00Z,BTC/USDT,sell,27365.41045000,0.0215564,0.58989973,USDT
2023-10-03T22:00:00Z,BTC/USDT,buy,27408.72751500,0.02150973,0.58955433,USDT
2023-10-03T22:15:00Z,BTC/USDT,sell,27352.45693000,0.02150973,0.58834396,USDT
2023-10-03T23:15:00Z,BTC/USDT,buy,27418.71250500,0.02151418,0.58989112,USDT
2023-10-04T00:15:00Z,BTC/USDT,sell,27346.32999500,0.02151418,0.58833387,USDT
2023-10-04T00:30:00Z,BTC/USDT,buy,27370.67850000,0.02154218,0.58962408,USDT
2023-10-04T00:30:00Z,BTC/USDT,stop_sell,27252.20708000,0.02154218,0.58707195,USDT
2023-10-04T02:15:00Z,BTC/USDT,buy,27472.16922000,0.02145346,0.58937308,USDT
2023-10-04T02:45:00Z,BTC/USDT,sell,27376.30500000,0.02145346,0.58731646,USDT
2023-10-04T10:30:00Z,BTC/USDT,buy,27558.76249500,0.02138643,0.58938354,USDT
2023-10-04T12:45:00Z,BTC/USDT,sell,27606.19000000,0.02138643,0.59039785,USDT
2023-10-04T20:30:00Z,BTC/USDT,buy,27709.42779000,0.02125661,0.58900850,USDT
2023-10-04T23:45:00Z,BTC/USDT,sell,27775.58526000,0.02125661,0.59041478,USDT
2023-10-05T00:30:00Z,BTC/USDT,buy,27756.16114500,0.02122483,0.58911980,USDT
2023-10-05T01:15:00Z,BTC/USDT,sell,27736.11500500,0.02122483,0.58869433,USDT
2023-10-05T11:00:00Z,BTC/USDT,buy,27749.89801500,0.02122027,0.58886033,USDT
2023-10-05T11:30:00Z,BTC/USDT,sell,27713.43635000,0.02122027,0.58808660,USDT
2023-10-05T12:00:00Z,BTC/USDT,buy,27739.38276000,0.02123272,0.58898255,USDT
2023-10-05T15:15:00Z,BTC/USDT,stop_sell,27645.74842518,0.02123272,0.58699444,USDT
2023-10-05T21:30:00Z,BTC/USDT,buy,27503.73499500,0.02140614,0.58874880,USDT
2023-10-05T21:45:00Z,BTC/USDT,sell,27449.65830500,0.02140614,0.58759123,USDT
2023-10-06T07:30:00Z,BTC/USDT,buy,27547.83703500,0.02134835,0.58810087,USDT
2023-10-06T08:30:00Z,BTC/USDT,sell,27641.84216500,0.02134835,0.59010772,USDT
2023-10-06T10:45:00Z,BTC/USDT,buy,27763.84498500,0.02119526,0.58846191,USDT
2023-10-06T10:45:00Z,BTC/USDT,stop_sell,27658.62948143,0.02119526,0.58623184,USDT
2023-10-06T11:30:00Z,BTC/USDT,buy,27708.37726500,0.02122748,0.58817902,USDT
2023-10-06T12:30:00Z,BTC/USDT,stop_sell,27605.67632839,0.02122748,0.58599894,USDT
2023-10-06T15:30:00Z,BTC/USDT,buy,27840.22315500,0.02112624,0.58815924,USDT
2023-10-06T16:00:00Z,BTC/USDT,sell,27884.77064000,0.02112624,0.58910036,USDT
2023-10-06T20:45:00Z,BTC/USDT,buy,27999.99300000,0.0209965,0.58790185,USDT
2023-10-06T23:15:00Z,BTC/USDT,stop_sell,27878.81897446,0.0209965,0.58535762,USDT
2023-10-06T23:30:00Z,BTC/USDT,buy,27914.95050000,0.02105042,0.58762143,USDT
2023-10-07T00:15:00Z,BTC/USDT,sell,27906.00002000,0.02105042,0.58743302,USDT
2023-10-07T00:30:00Z,BTC/USDT,buy,27921.95400000,0.02103741,0.58740559,USDT
2023-10-07T00:45:00Z,BTC/USDT,sell,27900.77263500,0.02103741,0.58695999,USDT
2023-10-07T08:45:00Z,BTC/USDT,buy,27929.92798500,0.02102598,0.58725411,USDT
2023-10-07T13:30:00Z,BTC/USDT,sell,27907.10946500,0.02102598,0.58677433,USDT
2023-10-07T16:45:00Z,BTC/USDT,buy,27953.97000000,0.02100714,0.58723296,USDT
2023-10-07T17:00:00Z,BTC/USDT,sell,27932.18692000,0.02100714,0.58677536,USDT
2023-10-07T17:30:00Z,BTC/USDT,buy,27948.00702000,0.02101251,0.58725778,USDT
2023-10-07T18:45:00Z,BTC/USDT,sell,27879.57324000,0.02101251,0.58581981,USDT
2023-10-07T21:45:00Z,BTC/USDT,buy,27963.97500000,0.02098749,0.58689365,USDT
2023-10-07T22:00:00Z,BTC/USDT,sell,27920.59272000,0.02098749,0.58598316,USDT
2023-10-08T01:45:00Z,BTC/USDT,buy,27999.14257500,0.02095517,0.58672679,USDT
2023-10-08T02:15:00Z,BTC/USDT,sell,27985.96002000,0.02095517,0.58645055,USDT
2023-10-08T14:15:00Z,BTC/USDT,buy,27928.95750000,0.02099969,0.58649945,USDT
2023-10-08T14:30:00Z,BTC/USDT,sell,27862.68169000,0.02099969,0.58510768,USDT
2023-10-08T14:45:00Z,BTC/USDT,buy,27971.42872500,0.02096527,0.58642856,USDT
2023-10-08T15:45:00Z,BTC/USDT,sell,27881.34235500,0.02096527,0.58453987,USDT
2023-10-09T02:00:00Z,BTC/USDT,buy,27978.98250000,0.02095757,0.58637148,USDT
2023-10-09T02:30:00Z,BTC/USDT,sell,27933.40631000,0.02095757,0.58541632,USDT
2023-10-09T02:45:00Z,BTC/USDT,buy,27961.75389000,0.02096172,0.58612646,USDT
2023-10-09T04:00:00Z,BTC/USDT,sell,27913.41631000,0.02096172,0.58511322,USDT
2023-10-09T04:15:00Z,BTC/USDT,buy,27949.77790500,0.02095958,0.58581561,USDT
2023-10-09T05:30:00Z,BTC/USDT,stop_sell,27869.49899393,0.02095958,0.58413299,USDT
2023-10-09T15:30:00Z,BTC/USDT,buy,27533.81002500,0.02126411,0.58548197,USDT
2023-10-09T15:45:00Z,BTC/USDT,sell,27494.98563000,0.02126411,0.58465640,USDT
2023-10-09T17:45:00Z,BTC/USDT,buy,27523.67496000,0.02126993,0.58542664,USDT
2023-10-09T21:45:00Z,BTC/USDT,sell,27624.81068500,0.02126993,0.58757779,USDT
2023-10-09T22:00:00Z,BTC/USDT,buy,27634.01010000,0.02118263,0.58536101,USDT
2023-10-09T22:15:00Z,BTC/USDT,sell,27586.19000500,0.02118263,0.58434806,USDT
2023-10-10T00:30:00Z,BTC/USDT,buy,27627.92706000,0.02118308,0.58524459,USDT
2023-10-10T00:45:00Z,BTC/USDT,sell,27585.98011000,0.02118308,0.58435602,USDT
2023-10-10T03:00:00Z,BTC/USDT,buy,27703.57486500,0.02112601,0.58526600,USDT
2023-10-10T03:15:00Z,BTC/USDT,sell,27630.95761000,0.02112601,0.58373189,USDT
2023-10-10T04:45:00Z,BTC/USDT,buy,27613.78999500,0.02118325,0.58494982,USDT
2023-10-10T05:15:00Z,BTC/USDT,sell,27570.20800000,0.02118325,0.58402661,USDT
2023-10-10T05:45:00Z,BTC/USDT,buy,27604.05513000,0.02117914,0.58463015,USDT
2023-10-10T06:15:00Z,BTC/USDT,sell,27618.36391000,0.02117914,0.58493320,USDT
2023-10-10T18:30:00Z,BTC/USDT,buy,27392.52942000,0.02134573,0.58471354,USDT
2023-10-10T18:45:00Z,BTC/USDT,sell,27336.21505500,0.02134573,0.58351147,USDT
2023-10-10T20:00:00Z,BTC/USDT,buy,27413.71000500,0.02132619,0.58462999,USDT
2023-10-10T20:15:00Z,BTC/USDT,sell,27370.13808500,0.02132619,0.58370077,USDT
2023-10-10T21:45:00Z,BTC/USDT,buy,27463.73500500,0.02127581,0.58431321,USDT
2023-10-10T22:15:00Z,BTC/USDT,sell,27438.65381000,0.02127581,0.58377959,USDT
2023-10-11T21:15:00Z,BTC/USDT,buy,26748.35749500,0.02184131,0.58421917,USDT
2023-10-11T21:45:00Z,BTC/USDT,sell,26686.18023500,0.02184131,0.58286114,USDT
2023-10-12T01:15:00Z,BTC/USDT,buy,26823.21490500,0.02177283,0.58401730,USDT
2023-10-12T04:30:00Z,BTC/USDT,sell,26842.85186000,0.02177283,0.58444485,USDT
2023-10-12T05:45:00Z,BTC/USDT,buy,26858.52255000,0.02173541,0.58378100,USDT
2023-10-12T06:45:00Z,BTC/USDT,sell,26901.51251500,0.02173541,0.58471540,USDT
2023-10-12T12:30:00Z,BTC/USDT,buy,26830.07833500,0.02174949,0.58354052,USDT
2023-10-12T13:15:00Z,BTC/USDT,stop_sell,26743.41588857,0.02174949,0.58165566,USDT
2023-10-12T19:30:00Z,BTC/USDT,buy,26698.48257000,0.02185797,0.58357463,USDT
2023-10-12T20:00:00Z,BTC/USDT,sell,26703.23170500,0.02185797,0.58367844,USDT
2023-10-12T20:15:00Z,BTC/USDT,buy,26753.33998500,0.02182468,0.58388308,USDT
2023-10-12T21:15:00Z,BTC/USDT,sell,26701.64250000,0.02182468,0.58275480,USDT
2023-10-12T21:45:00Z,BTC/USDT,buy,26748.27745500,0.02181699,0.58356690,USDT
2023-10-12T23:15:00Z,BTC/USDT,sell,26705.08078000,0.02181699,0.58262448,USDT
2023-10-12T23:45:00Z,BTC/USDT,buy,26759.37300000,0.02179717,0.58327860,USDT
2023-10-13T01:15:00Z,BTC/USDT,sell,26819.10374000,0.02179717,0.58458056,USDT
2023-10-13T01:45:00Z,BTC/USDT,buy,26828.47753500,0.02173769,0.58318913,USDT
2023-10-13T05:15:00Z,BTC/USDT,sell,26805.62048500,0.02173769,0.58269227,USDT
2023-10-13T06:15:00Z,BTC/USDT,buy,26827.71715500,0.02173836,0.58319057,USDT
2023-10-13T06:30:00Z,BTC/USDT,sell,26798.73393000,0.02173836,0.58256053,USDT
2023-10-13T06:45:00Z,BTC/USDT,buy,26862.09433500,0.02170313,0.58299153,USDT
2023-10-13T06:45:00Z,BTC/USDT,stop_sell,26799.69202214,0.02170313,0.58163720,USDT
2023-10-13T07:00:00Z,BTC/USDT,buy,26819.86323000,0.02172345,0.58261996,USDT
2023-10-13T08:30:00Z,BTC/USDT,sell,26846.34011500,0.02172345,0.58319513,USDT
2023-10-14T03:30:00Z,BTC/USDT,buy,26952.02928000,0.02162147,0.58274249,USDT
2023-10-14T04:15:00Z,BTC/USDT,sell,26911.70741500,0.02162147,0.58187067,USDT
2023-10-14T11:15:00Z,BTC/USDT,buy,26884.79568000,0.02166298,0.58240479,USDT
2023-10-14T12:15:00Z,BTC/USDT,sell,26851.50753000,0.02166298,0.58168367,USDT
2023-10-15T00:00:00Z,BTC/USDT,buy,26871.52905000,0.0216744,0.58242427,USDT
2023-10-15T00:15:00Z,BTC/USDT,sell,26836.86485500,0.0216744,0.58167294,USDT
2023-10-15T01:15:00Z,BTC/USDT,buy,26867.75716500,0.02167183,0.58227347,USDT
2023-10-15T02:00:00Z,BTC/USDT,sell,26884.11122000,0.02167183,0.58262789,USDT
2023-10-15T07:00:00Z,BTC/USDT,buy,26938.45249500,0.02161262,0.58221054,USDT
2023-10-15T07:00:00Z,BTC/USDT,stop_sell,26889.32361250,0.02161262,0.58114873,USDT
2023-10-15T07:15:00Z,BTC/USDT,buy,26923.21488000,0.0216284,0.58230606,USDT
2023-10-15T07:45:00Z,BTC/USDT,sell,26862.05225500,0.0216284,0.58098321,USDT
2023-10-15T08:45:00Z,BTC/USDT,buy,26925.76615500,0.0216088,0.58183350,USDT
2023-10-15T09:15:00Z,BTC/USDT,sell,26906.53000500,0.0216088,0.58141783,USDT
2023-10-15T13:30:00Z,BTC/USDT,buy,26953.24989000,0.02158472,0.58177835,USDT
2023-10-15T13:30:00Z,BTC/USDT,stop_sell,26886.43006000,0.02158472,0.58033606,USDT
2023-10-15T14:30:00Z,BTC/USDT,buy,26928.00727500,0.02159456,0.58149847,USDT
2023-10-15T14:45:00Z,BTC/USDT,sell,26873.06674500,0.02159456,0.58031205,USDT
2023-10-15T16:00:00Z,BTC/USDT,buy,26919.47301000,0.02160305,0.58154272,USDT
2023-10-15T18:15:00Z,BTC/USDT,sell,26946.51000500,0.02160305,0.58212680,USDT
2023-10-15T18:30:00Z,BTC/USDT,buy,26973.48000000,0.02154947,0.58126420,USDT
2023-10-15T19:00:00Z,BTC/USDT,sell,27001.52248500,0.02154947,0.58186850,USDT
2023-10-15T23:30:00Z,BTC/USDT,buy,27059.70309000,0.02147613,0.58113770,USDT
2023-10-16T02:45:00Z,BTC/USDT,sell,27176.37501500,0.02147613,0.58364336,USDT
2023-10-16T18:45:00Z,BTC/USDT,buy,28326.83634000,0.02052204,0.58132447,USDT
2023-10-16T22:30:00Z,BTC/USDT,sell,28364.02089500,0.02052204,0.58208757,USDT
2023-10-17T08:00:00Z,BTC/USDT,buy,28433.38959000,0.0204497,0.58145429,USDT
2023-10-17T12:45:00Z,BTC/USDT,sell,28339.98292000,0.0204497,0.57954415,USDT
2023-10-17T14:30:00Z,BTC/USDT,buy,28397.37159000,0.02046373,0.58111614,USDT
2023-10-17T14:45:00Z,BTC/USDT,sell,28409.36821000,0.02046373,0.58136164,USDT
2023-10-17T15:15:00Z,BTC/USDT,buy,28514.25000000,0.02037492,0.58097556,USDT
2023-10-17T15:30:00Z,BTC/USDT,sell,28440.62257500,0.02037492,0.57947541,USDT
2023-10-17T16:00:00Z,BTC/USDT,buy,28480.72324500,0.02038811,0.58066812,USDT
2023-10-17T16:15:00Z,BTC/USDT,sell,28437.34421500,0.02038811,0.57978370,USDT
2023-10-17T16:30:00Z,BTC/USDT,buy,28514.55015000,0.02036472,0.58069083,USDT
2023-10-17T18:45:00Z,BTC/USDT,stop_sell,28331.21873286,0.02036472,0.57695734,USDT
2023-10-17T19:15:00Z,BTC/USDT,buy,28414.16998500,0.02041964,0.58020712,USDT
2023-10-17T21:45:00Z,BTC/USDT,sell,28484.04085500,0.02041964,0.58163386,USDT
2023-10-17T22:30:00Z,BTC/USDT,buy,28470.95836500,0.02037967,0.58022874,USDT
2023-10-17T22:45:00Z,BTC/USDT,sell,28404.09085000,0.02037967,0.57886600,USDT
2023-10-17T23:15:00Z,BTC/USDT,buy,28460.12295000,0.02037708,0.57993420,USDT
2023-10-17T23:30:00Z,BTC/USDT,sell,28440.58259500,0.02037708,0.57953603,USDT
2023-10-18T03:00:00Z,BTC/USDT,buy,28490.02789500,0.02035513,0.57991822,USDT
2023-10-18T05:15:00Z,BTC/USDT,sell,28662.68149000,0.02035513,0.58343261,USDT
2023-10-18T05:30:00Z,BTC/USDT,buy,28714.35000000,0.0201944,0.57986907,USDT
2023-10-18T07:15:00Z,BTC/USDT,sell,28593.77596000,0.0201944,0.57743415,USDT
2023-10-18T07:30:00Z,BTC/USDT,buy,28622.96433000,0.02024452,0.57945817,USDT
2023-10-18T09:45:00Z,BTC/USDT,sell,28557.10430500,0.02024452,0.57812487,USDT
2023-10-18T17:00:00Z,BTC/USDT,buy,28369.17750000,0.02043103,0.57961152,USDT
2023-10-18T18:00:00Z,BTC/USDT,sell,28314.14584500,0.02043103,0.57848716,USDT
2023-10-18T18:30:00Z,BTC/USDT,buy,28356.93138000,0.02042678,0.57924080,USDT
2023-10-18T19:00:00Z,BTC/USDT,stop_sell,28246.17234875,0.02042678,0.57697835,USDT
2023-10-18T19:30:00Z,BTC/USDT,buy,28284.46516500,0.0204763,0.57916119,USDT
2023-10-18T20:45:00Z,BTC/USDT,sell,28226.61963000,0.0204763,0.57797673,USDT
2023-10-18T23:45:00Z,BTC/USDT,buy,28319.49267000,0.02043789,0.57879068,USDT
2023-10-19T01:30:00Z,BTC/USDT,stop_sell,28237.11223821,0.02043789,0.57710699,USDT
2023-10-19T21:45:00Z,BTC/USDT,buy,28660.40304000,0.02019253,0.57872605,USDT
2023-10-19T22:00:00Z,BTC/USDT,sell,28595.69500000,0.02019253,0.57741943,USDT
2023-10-19T22:15:00Z,BTC/USDT,buy,28658.04186000,0.02018754,0.57853537,USDT
2023-10-19T23:30:00Z,BTC/USDT,sell,28635.67500000,0.02018754,0.57808383,USDT
2023-10-19T23:45:00Z,BTC/USDT,buy,28676.25096000,0.02017023,0.57840658,USDT
2023-10-20T00:45:00Z,BTC/USDT,sell,28683.49108000,0.02017023,0.57855261,USDT
2023-10-20T02:15:00Z,BTC/USDT,buy,28712.93929500,0.02014164,0.57832569,USDT
2023-10-20T03:45:00Z,BTC/USDT,sell,29121.28207500,0.02014164,0.58655038,USDT
2023-10-20T16:45:00Z,BTC/USDT,buy,29567.87655000,0.01959012,0.57923825,USDT
2023-10-20T17:00:00Z,BTC/USDT,sell,29485.08008500,0.01959012,0.57761626,USDT
2023-10-20T20:15:00Z,BTC/USDT,buy,29587.50636000,0.01955782,0.57866712,USDT
2023-10-21T01:15:00Z,BTC/USDT,sell,29579.90265000,0.01955782,0.57851841,USDT
2023-10-21T21:00:00Z,BTC/USDT,buy,30034.96998000,0.0192665,0.57866875,USDT
2023-10-21T22:30:00Z,BTC/USDT,sell,29950.12744500,0.0192665,0.57703413,USDT
2023-10-22T12:30:00Z,BTC/USDT,buy,29966.61582000,0.01931588,0.57883156,USDT
2023-10-22T13:30:00Z,BTC/USDT,sell,29925.03999500,0.01931588,0.57802848,USDT
2023-10-23T01:00:00Z,BTC/USDT,buy,30127.92643500,0.01919064,0.57817419,USDT
2023-10-23T01:15:00Z,BTC/USDT,sell,30105.08992500,0.01919064,0.57773594,USDT
2023-10-23T09:00:00Z,BTC/USDT,buy,30677.87127000,0.01883016,0.57766922,USDT
2023-10-23T09:15:00Z,BTC/USDT,sell,30562.37117000,0.01883016,0.57549434,USDT
2023-10-23T11:45:00Z,BTC/USDT,buy,30703.21393500,0.01881872,0.57779519,USDT
2023-10-23T12:15:00Z,BTC/USDT,sell,30633.98534500,0.01881872,0.57649239,USDT
2023-10-23T12:45:00Z,BTC/USDT,buy,30648.57663000,0.01885448,0.57786298,USDT
2023-10-23T13:30:00Z,BTC/USDT,stop_sell,30471.73008464,0.01885448,0.57452863,USDT
2023-10-23T14:00:00Z,BTC/USDT,buy,30635.76022500,0.01884003,0.57717864,USDT
2023-10-23T18:45:00Z,BTC/USDT,sell,30841.64146500,0.01884003,0.58105745,USDT
2023-10-23T19:00:00Z,BTC/USDT,buy,31125.26485500,0.01854356,0.57717322,USDT
2023-10-23T19:30:00Z,BTC/USDT,sell,31146.20910500,0.01854356,0.57756160,USDT
2023-10-24T04:15:00Z,BTC/USDT,buy,34289.72629500,0.01683858,0.57739030,USDT
2023-10-24T06:45:00Z,BTC/USDT,sell,33928.49726500,0.01683858,0.57130772,USDT
2023-10-24T08:45:00Z,BTC/USDT,buy,34175.09901000,0.01685991,0.57618909,USDT
2023-10-24T09:00:00Z,BTC/USDT,sell,34097.24285000,0.01685991,0.57487645,USDT
2023-10-24T13:30:00Z,BTC/USDT,buy,34491.44710500,0.01673393,0.57717746,USDT
2023-10-24T14:15:00Z,BTC/USDT,stop_sell,34112.20750679,0.01673393,0.57083129,USDT
2023-10-24T15:00:00Z,BTC/USDT,buy,34420.13146500,0.0167175,0.57541855,USDT
2023-10-24T15:15:00Z,BTC/USDT,sell,34312.48517500,0.0167175,0.57361897,USDT
2023-10-24T20:15:00Z,BTC/USDT,buy,33816.94002000,0.01702125,0.57560659,USDT
2023-10-24T21:00:00Z,BTC/USDT,sell,33622.13052500,0.01702125,0.57229069,USDT
2023-10-25T07:15:00Z,BTC/USDT,buy,34153.44819000,0.01685884,0.57578752,USDT
2023-10-25T07:15:00Z,BTC/USDT,stop_sell,33939.08375482,0.01685884,0.57217358,USDT
2023-10-25T17:30:00Z,BTC/USDT,buy,34612.29750000,0.01661375,0.57504006,USDT
2023-10-25T18:45:00Z,BTC/USDT,sell,34539.94139000,0.01661375,0.57383795,USDT
2023-10-25T19:00:00Z,BTC/USDT,buy,34606.60465500,0.01661107,0.57485273,USDT
2023-10-25T19:15:00Z,BTC/USDT,sell,34631.81543000,0.01661107,0.57527151,USDT
2023-10-25T21:15:00Z,BTC/USDT,buy,34704.42354000,0.01655337,0.57447516,USDT
2023-10-25T23:00:00Z,BTC/USDT,stop_sell,34514.13180125,0.01655337,0.57132519,USDT
2023-10-26T00:30:00Z,BTC/USDT,buy,34571.47710000,0.01660361,0.57401132,USDT
2023-10-26T00:45:00Z,BTC/USDT,sell,34524.83894500,0.01660361,0.57323696,USDT
2023-10-26T01:45:00Z,BTC/USDT,buy,34703.96331000,0.01654844,0.57429645,USDT
2023-10-26T02:00:00Z,BTC/USDT,sell,34675.90337500,0.01654844,0.57383211,USDT
2023-10-26T02:30:00Z,BTC/USDT,buy,34744.84374000,0.01652515,0.57416375,USDT
2023-10-26T03:00:00Z,BTC/USDT,sell,34732.65498500,0.01652515,0.57396233,USDT
2023-10-26T20:15:00Z,BTC/USDT,buy,34161.17205000,0.01680442,0.57405868,USDT
2023-10-26T20:30:00Z,BTC/USDT,sell,34176.59315500,0.01680442,0.57431783,USDT
2023-10-27T05:45:00Z,BTC/USDT,buy,34099.51123500,0.01682415,0.57369529,USDT
2023-10-27T06:30:00Z,BTC/USDT,sell,34108.73710000,0.01682415,0.57385051,USDT
2023-10-27T06:45:00Z,BTC/USDT,buy,34153.05799500,0.01680734,0.57402206,USDT
2023-10-27T07:00:00Z,BTC/USDT,sell,34171.90550000,0.01680734,0.57433883,USDT
2023-10-27T09:00:00Z,BTC/USDT,buy,34113.62829000,0.01682879,0.57409109,USDT
2023-10-27T10:15:00Z,BTC/USDT,sell,34087.37778500,0.01682879,0.57364932,USDT
2023-10-27T15:45:00Z,BTC/USDT,buy,34111.75735500,0.01681538,0.57360216,USDT
2023-10-27T16:00:00Z,BTC/USDT,sell,33961.77062000,0.01681538,0.57108008,USDT
2023-10-27T22:45:00Z,BTC/USDT,buy,33846.98503500,0.01694121,0.57340888,USDT
2023-10-27T23:30:00Z,BTC/USDT,sell,33819.05201500,0.01694121,0.57293566,USDT
2023-10-27T23:45:00Z,BTC/USDT,buy,33894.87897000,0.01691381,0.57329154,USDT
2023-10-28T03:30:00Z,BTC/USDT,sell,34007.04797000,0.01691381,0.57518875,USDT
2023-10-28T09:00:00Z,BTC/USDT,buy,34095.86941500,0.01681231,0.57323033,USDT
2023-10-28T10:30:00Z,BTC/USDT,sell,34082.14040500,0.01681231,0.57299951,USDT
2023-10-28T11:30:00Z,BTC/USDT,buy,34290.47667000,0.01672781,0.57360458,USDT
2023-10-28T11:30:00Z,BTC/USDT,stop_sell,34159.17651054,0.01672781,0.57140821,USDT
2023-10-28T12:00:00Z,BTC/USDT,buy,34175.45919000,0.01676585,0.57298062,USDT
2023-10-28T12:15:00Z,BTC/USDT,sell,34116.44324500,0.01676585,0.57199117,USDT
2023-10-28T12:45:00Z,BTC/USDT,buy,34162.79286000,0.01676998,0.57290935,USDT
2023-10-28T12:45:00Z,BTC/USDT,stop_sell,34026.28227661,0.01676998,0.57062007,USDT
2023-10-28T13:00:00Z,BTC/USDT,buy,34047.09504000,0.01681577,0.57252812,USDT
2023-10-28T13:15:00Z,BTC/USDT,sell,34034.99399000,0.01681577,0.57232463,USDT
2023-10-28T13:30:00Z,BTC/USDT,buy,34078.30063500,0.016783,0.57193612,USDT
2023-10-28T14:45:00Z,BTC/USDT,sell,34057.39278500,0.016783,0.57158522,USDT
2023-10-28T15:30:00Z,BTC/USDT,buy,34157.07000000,0.01675496,0.57230034,USDT
2023-10-28T16:15:00Z,BTC/USDT,sell,34113.80456500,0.01675496,0.57157543,USDT
2023-10-28T17:45:00Z,BTC/USDT,buy,34137.06000000,0.0167604,0.57215078,USDT
2023-10-28T18:30:00Z,BTC/USDT,sell,34068.80707500,0.0167604,0.57100683,USDT
2023-10-28T18:45:00Z,BTC/USDT,buy,34151.78736000,0.01675122,0.57208410,USDT
2023-10-28T20:15:00Z,BTC/USDT,sell,34108.56718500,0.01675122,0.57136011,USDT
2023-10-28T21:15:00Z,BTC/USDT,buy,34188.24558000,0.01672558,0.57181824,USDT
2023-10-28T22:00:00Z,BTC/USDT,sell,34176.51319500,0.01672558,0.57162201,USDT
2023-10-28T22:45:00Z,BTC/USDT,buy,34137.45019500,0.01674732,0.57171080,USDT
2023-10-28T23:00:00Z,BTC/USDT,sell,34082.97998500,0.01674732,0.57079857,USDT
2023-10-28T23:15:00Z,BTC/USDT,buy,34097.04000000,0.01676269,0.57155811,USDT
2023-10-28T23:30:00Z,BTC/USDT,sell,34073.57469000,0.01676269,0.57116477,USDT
2023-10-29T12:45:00Z,BTC/USDT,buy,34343.27305500,0.01663525,0.57130893,USDT
2023-10-29T15:45:00Z,BTC/USDT,sell,34450.89593500,0.01663525,0.57309927,USDT
2023-10-29T16:00:00Z,BTC/USDT,buy,34462.22250000,0.01658805,0.57166107,USDT
2023-10-29T17:00:00Z,BTC/USDT,sell,34386.64807500,0.01658805,0.57040744,USDT
2023-10-29T22:15:00Z,BTC/USDT,buy,34566.65469000,0.01653924,0.57170620,USDT
2023-10-29T22:30:00Z,BTC/USDT,sell,34601.68050500,0.01653924,0.57228550,USDT
2023-10-30T00:15:00Z,BTC/USDT,buy,34574.69871000,0.01651762,0.57109173,USDT
2023-10-30T00:30:00Z,BTC/USDT,sell,34516.94289500,0.01651762,0.57013775,USDT
2023-10-30T07:15:00Z,BTC/USDT,buy,34314.49867500,0.01665077,0.57136283,USDT
2023-10-30T07:15:00Z,BTC/USDT,stop_sell,34172.03579196,0.01665077,0.56899071,USDT
2023-10-30T08:45:00Z,BTC/USDT,buy,34397.49015000,0.01659392,0.57078920,USDT
2023-10-30T09:00:00Z,BTC/USDT,sell,34318.55214000,0.01659392,0.56947931,USDT
2023-10-30T14:45:00Z,BTC/USDT,buy,34577.28000000,0.01649841,0.57047014,USDT
2023-10-30T15:30:00Z,BTC/USDT,sell,34616.59304500,0.01649841,0.57111874,USDT
2023-10-30T15:45:00Z,BTC/USDT,buy,34667.76522000,0.01644259,0.57002785,USDT
2023-10-30T16:00:00Z,BTC/USDT,sell,34648.69698500,0.01644259,0.56971432,USDT
2023-10-30T21:30:00Z,BTC/USDT,buy,34467.92535000,0.01654406,0.57023943,USDT
2023-10-30T22:45:00Z,BTC/USDT,sell,34481.96039500,0.01654406,0.57047162,USDT
2023-10-30T23:15:00Z,BTC/USDT,buy,34523.56315500,0.01652095,0.57036206,USDT
2023-10-31T00:15:00Z,BTC/USDT,sell,34478.38218500,0.01652095,0.56961563,USDT
2023-10-31T17:45:00Z,BTC/USDT,buy,34396.34958000,0.01657755,0.57020720,USDT
2023-10-31T18:15:00Z,BTC/USDT,sell,34352.43519000,0.01657755,0.56947921,USDT
2023-10-31T18:30:00Z,BTC/USDT,buy,34381.18200000,0.01657913,0.57001009,USDT
2023-10-31T19:00:00Z,BTC/USDT,sell,34413.30474000,0.01657913,0.57054265,USDT
2023-10-31T19:30:00Z,BTC/USDT,buy,34521.36205500,0.01651093,0.56997979,USDT
2023-10-31T20:30:00Z,BTC/USDT,sell,34564.69900500,0.01651093,0.57069533,USDT
2023-11-01T13:00:00Z,BTC/USDT,buy,34717.33999500,0.01641778,0.56998165,USDT
2023-11-01T13:30:00Z,BTC/USDT,stop_sell,34558.42285893,0.01641778,0.56737258,USDT
2023-11-02T01:00:00Z,BTC/USDT,buy,35473.19773500,0.01606775,0.56997447,USDT
2023-11-02T04:15:00Z,BTC/USDT,sell,35572.82469000,0.01606775,0.57157525,USDT
2023-11-02T05:30:00Z,BTC/USDT,buy,35417.71000500,0.0160857,0.56971866,USDT
2023-11-02T05:45:00Z,BTC/USDT,sell,35296.32301000,0.0160857,0.56776606,USDT
2023-11-02T19:15:00Z,BTC/USDT,buy,34878.89073000,0.01632765,0.56949032,USDT
2023-11-02T19:45:00Z,BTC/USDT,sell,34928.44704000,0.01632765,0.57029946,USDT
2023-11-02T20:00:00Z,BTC/USDT,buy,35025.78414000,0.0162643,0.56966986,USDT
2023-11-02T20:15:00Z,BTC/USDT,stop_sell,34850.37538107,0.0162643,0.56681696,USDT
2023-11-02T21:00:00Z,BTC/USDT,buy,34954.96875000,0.01629698,0.56966043,USDT
2023-11-02T23:00:00Z,BTC/USDT,sell,34783.43958000,0.01629698,0.56686502,USDT
2023-11-02T23:30:00Z,BTC/USDT,buy,34884.85371000,0.01630525,0.56880626,USDT
2023-11-03T00:15:00Z,BTC/USDT,sell,34877.73241000,0.01630525,0.56869015,USDT
2023-11-03T14:15:00Z,BTC/USDT,buy,34524.76375500,0.01646349,0.56839810,USDT
2023-11-03T14:45:00Z,BTC/USDT,sell,34720.27118000,0.01646349,0.57161684,USDT
2023-11-03T17:00:00Z,BTC/USDT,buy,34680.27147000,0.01640959,0.56908904,USDT
2023-11-03T17:15:00Z,BTC/USDT,sell,34590.58605500,0.01640959,0.56761734,USDT
2023-11-03T18:00:00Z,BTC/USDT,buy,34463.73325500,0.01650695,0.56889112,USDT
2023-11-03T18:45:00Z,BTC/USDT,sell,34500.66104000,0.01650695,0.56950069,USDT
2023-11-04T02:15:00Z,BTC/USDT,buy,34771.57710000,0.01635283,0.56861369,USDT
2023-11-04T03:00:00Z,BTC/USDT,stop_sell,34643.53742321,0.01635283,0.56651988,USDT
2023-11-04T18:30:00Z,BTC/USDT,buy,34727.26495500,0.01635951,0.56812104,USDT
2023-11-04T19:30:00Z,BTC/USDT,sell,34727.89736500,0.01635951,0.56813138,USDT
2023-11-05T01:00:00Z,BTC/USDT,buy,34980.64158000,0.01623629,0.56795584,USDT
2023-11-05T01:30:00Z,BTC/USDT,sell,34943.29961000,0.01623629,0.56734955,USDT
2023-11-05T11:30:00Z,BTC/USDT,buy,35132.55750000,0.01617126,0.56813772,USDT
2023-11-05T11:45:00Z,BTC/USDT,stop_sell,35020.84688839,0.01617126,0.56633122,USDT
2023-11-05T13:45:00Z,BTC/USDT,buy,35081.82214500,0.01618794,0.56790243,USDT
2023-11-05T13:45:00Z,BTC/USDT,stop_sell,34956.28954036,0.01618794,0.56587032,USDT
2023-11-05T17:15:00Z,BTC/USDT,buy,35232.55747500,0.01610863,0.56754823,USDT
2023-11-05T17:15:00Z,BTC/USDT,stop_sell,35060.90256482,0.01610863,0.56478311,USDT
2023-11-05T17:45:00Z,BTC/USDT,buy,35173.23783000,0.01613821,0.56763310,USDT
2023-11-05T18:30:00Z,BTC/USDT,sell,35013.40454000,0.01613821,0.56505368,USDT
2023-11-05T18:45:00Z,BTC/USDT,buy,35041.82215500,0.0161818,0.56703976,USDT
2023-11-05T19:00:00Z,BTC/USDT,sell,35017.30259000,0.0161818,0.56664299,USDT
2023-11-06T10:30:00Z,BTC/USDT,buy,35196.54948000,0.01610752,0.56692912,USDT
2023-11-06T11:15:00Z,BTC/USDT,sell,35112.09517000,0.01610752,0.56556878,USDT
2023-11-06T11:30:00Z,BTC/USDT,buy,35186.30436000,0.0161104,0.56686544,USDT
2023-11-06T12:45:00Z,BTC/USDT,sell,35167.76732000,0.0161104,0.56656680,USDT
2023-11-06T14:15:00Z,BTC/USDT,buy,35089.64605500,0.01614658,0.56657778,USDT
2023-11-06T14:45:00Z,BTC/USDT,sell,35053.84431000,0.01614658,0.56599970,USDT
2023-11-07T16:00:00Z,BTC/USDT,buy,34734.56860500,0.01630687,0.56641209,USDT
2023-11-07T16:15:00Z,BTC/USDT,sell,34705.10876500,0.01630687,0.56593170,USDT
2023-11-07T16:30:00Z,BTC/USDT,buy,34761.53208000,0.01629206,0.56633697,USDT
2023-11-07T17:00:00Z,BTC/USDT,sell,34660.74096000,0.01629206,0.56469487,USDT
2023-11-07T23:15:00Z,BTC/USDT,buy,35346.01417500,0.01601638,0.56611519,USDT
2023-11-08T00:00:00Z,BTC/USDT,sell,35387.87721000,0.01601638,0.56678569,USDT
2023-11-08T00:15:00Z,BTC/USDT,buy,35411.61696000,0.01598566,0.56607807,USDT
2023-11-08T00:30:00Z,BTC/USDT,sell,35298.10212000,0.01598566,0.56426346,USDT
2023-11-08T01:15:00Z,BTC/USDT,buy,35405.38384500,0.01598265,0.56587186,USDT
2023-11-08T01:30:00Z,BTC/USDT,sell,35391.13558000,0.01598265,0.56564413,USDT
2023-11-08T10:30:00Z,BTC/USDT,buy,35402.69250000,0.0159813,0.56578105,USDT
2023-11-08T11:15:00Z,BTC/USDT,sell,35366.04813000,0.0159813,0.56519542,USDT
2023-11-08T12:00:00Z,BTC/USDT,buy,35350.19626500,0.01599981,0.56559642,USDT
2023-11-08T14:30:00Z,BTC/USDT,stop_sell,35246.00889393,0.01599981,0.56392945,USDT
2023-11-09T03:00:00Z,BTC/USDT,buy,36351.94689000,0.01556171,0.56569846,USDT
2023-11-09T08:30:00Z,BTC/USDT,sell,36560.04083500,0.01556171,0.56893675,USDT
2023-11-09T16:00:00Z,BTC/USDT,buy,37133.55750000,0.01522987,0.56553925,USDT
2023-11-09T16:00:00Z,BTC/USDT,stop_sell,36670.62158839,0.01522987,0.55848880,USDT
2023-11-09T21:15:00Z,BTC/USDT,buy,36663.96282000,0.01540713,0.56488644,USDT
2023-11-09T21:45:00Z,BTC/USDT,sell,36499.78098000,0.01540713,0.56235687,USDT
2023-11-09T22:15:00Z,BTC/USDT,buy,36681.49158000,0.01539525,0.56472073,USDT
2023-11-09T22:45:00Z,BTC/USDT,sell,36518.90141500,0.01539525,0.56221762,USDT
2023-11-09T23:00:00Z,BTC/USDT,buy,36577.83978000,0.01542746,0.56430316,USDT
2023-11-10T00:30:00Z,BTC/USDT,sell,36603.40914000,0.01542746,0.56469763,USDT
2023-11-10T13:00:00Z,BTC/USDT,buy,37213.75758000,0.01516088,0.56419331,USDT
2023-11-10T13:15:00Z,BTC/USDT,sell,37156.36252500,0.01516088,0.56332315,USDT
2023-11-11T06:45:00Z,BTC/USDT,buy,37132.55700000,0.01518963,0.56402980,USDT
2023-11-11T07:00:00Z,BTC/USDT,sell,37061.86979500,0.01518963,0.56295609,USDT
2023-11-11T09:15:00Z,BTC/USDT,buy,36998.76013500,0.01524125,0.56390735,USDT
2023-11-11T09:30:00Z,BTC/USDT,sell,37010.93527500,0.01524125,0.56409292,USDT
2023-11-12T00:00:00Z,BTC/USDT,buy,37158.57000000,0.01517226,0.56377949,USDT
2023-11-12T00:15:00Z,BTC/USDT,sell,37121.18012500,0.01517226,0.56321220,USDT
2023-11-12T03:00:00Z,BTC/USDT,buy,36926.79417000,0.01526527,0.56369748,USDT
2023-11-12T04:45:00Z,BTC/USDT,sell,36935.67292500,0.01526527,0.56383302,USDT
2023-11-12T05:30:00Z,BTC/USDT,buy,37030.90620000,0.01522088,0.56364298,USDT
2023-11-12T06:15:00Z,BTC/USDT,sell,37093.27408500,0.01522088,0.56459227,USDT
2023-11-12T14:30:00Z,BTC/USDT,buy,37145.32338000,0.01516629,0.56335675,USDT
2023-11-12T15:30:00Z,BTC/USDT,sell,37086.77733500,0.01516629,0.56246882,USDT
2023-11-12T15:45:00Z,BTC/USDT,buy,37198.59000000,0.01513941,0.56316471,USDT
2023-11-12T16:15:00Z,BTC/USDT,sell,37095.19312500,0.01513941,0.56159934,USDT
2023-11-12T16:30:00Z,BTC/USDT,buy,37158.57000000,0.01516236,0.56341162,USDT
2023-11-12T18:15:00Z,BTC/USDT,sell,37046.45750500,0.01516236,0.56171173,USDT
2023-11-12T18:30:00Z,BTC/USDT,buy,37127.87466000,0.0151533,0.56260982,USDT
2023-11-12T19:15:00Z,BTC/USDT,sell,37121.68987000,0.0151533,0.56251610,USDT
2023-11-13T00:15:00Z,BTC/USDT,buy,37118.53999500,0.01516503,0.56290377,USDT
2023-11-13T00:15:00Z,BTC/USDT,stop_sell,36997.59409179,0.01516503,0.56106962,USDT
2023-11-13T00:45:00Z,BTC/USDT,buy,37129.42543500,0.0151528,0.56261476,USDT
2023-11-13T01:00:00Z,BTC/USDT,sell,37089.06619000,0.0151528,0.56200320,USDT
2023-11-13T01:15:00Z,BTC/USDT,buy,37218.60000000,0.01512023,0.56275379,USDT
2023-11-13T01:45:00Z,BTC/USDT,sell,37239.26105500,0.01512023,0.56306619,USDT
2023-11-13T11:00:00Z,BTC/USDT,buy,37000.64107500,0.01520249,0.56250188,USDT
2023-11-13T11:00:00Z,BTC/USDT,stop_sell,36883.68464643,0.01520249,0.56072385,USDT
2023-11-13T11:15:00Z,BTC/USDT,buy,36892.58707500,0.01523988,0.56223860,USDT
2023-11-13T11:30:00Z,BTC/USDT,sell,36853.29413500,0.01523988,0.56163978,USDT
2023-11-13T16:15:00Z,BTC/USDT,buy,36901.20138000,0.01523564,0.56221342,USDT
2023-11-13T17:15:00Z,BTC/USDT,sell,36731.57502500,0.01523564,0.55962905,USDT
2023-11-13T19:30:00Z,BTC/USDT,buy,36824.63311500,0.01525553,0.56177930,USDT
2023-11-13T20:45:00Z,BTC/USDT,sell,36791.78490500,0.01525553,0.56127818,USDT
2023-11-14T07:00:00Z,BTC/USDT,buy,36658.40004000,0.01531416,0.56139260,USDT
2023-11-14T07:45:00Z,BTC/USDT,sell,36664.25870000,0.01531416,0.56148232,USDT
2023-11-15T13:45:00Z,BTC/USDT,buy,36024.72336000,0.01557726,0.56116648,USDT
2023-11-15T14:15:00Z,BTC/USDT,sell,36087.07743500,0.01557726,0.56213779,USDT
2023-11-15T17:00:00Z,BTC/USDT,buy,36394.19800500,0.01543335,0.56168440,USDT
2023-11-15T20:45:00Z,BTC/USDT,sell,37356.08261500,0.01543335,0.57652950,USDT
2023-11-15T21:00:00Z,BTC/USDT,buy,37469.53540500,0.01501661,0.56266540,USDT
2023-11-15T23:00:00Z,BTC/USDT,sell,37650.28544000,0.01501661,0.56537965,USDT
2023-11-15T23:15:00Z,BTC/USDT,buy,37683.00208500,0.01493498,0.56279488,USDT
2023-11-16T01:45:00Z,BTC/USDT,stop_sell,37419.71756732,0.01493498,0.55886273,USDT
2023-11-16T10:15:00Z,BTC/USDT,buy,37374.30781500,0.01504192,0.56218135,USDT
2023-11-16T10:30:00Z,BTC/USDT,sell,37369.54588000,0.01504192,0.56210972,USDT
2023-11-16T11:15:00Z,BTC/USDT,buy,37449.88558500,0.01501232,0.56220967,USDT
2023-11-16T11:45:00Z,BTC/USDT,sell,37350.35548000,0.01501232,0.56071549,USDT
2023-11-17T00:00:00Z,BTC/USDT,buy,36215.97894000,0.01551544,0.56190685,USDT
2023-11-17T02:45:00Z,BTC/USDT,sell,36455.59308500,0.01551544,0.56562457,USDT
2023-11-17T03:15:00Z,BTC/USDT,buy,36384.79330500,0.01545405,0.56229241,USDT
2023-11-17T04:15:00Z,BTC/USDT,sell,36370.53563500,0.01545405,0.56207208,USDT
2023-11-17T04:45:00Z,BTC/USDT,buy,36508.13494500,0.01540395,0.56236949,USDT
2023-11-17T05:00:00Z,BTC/USDT,stop_sell,36317.31797143,0.01540395,0.55943015,USDT
2023-11-17T09:00:00Z,BTC/USDT,buy,36416.35908000,0.01542746,0.56181192,USDT
2023-11-17T09:15:00Z,BTC/USDT,sell,36380.80050000,0.01542746,0.56126334,USDT
2023-11-17T11:00:00Z,BTC/USDT,buy,36369.39561000,0.01543778,0.56146273,USDT
2023-11-17T11:15:00Z,BTC/USDT,sell,36362.08986000,0.01543778,0.56134994,USDT
2023-11-17T11:30:00Z,BTC/USDT,buy,36447.44461500,0.01540741,0.56156072,USDT
2023-11-17T12:15:00Z,BTC/USDT,stop_sell,36241.50054196,0.01540741,0.55838766,USDT
2023-11-17T12:30:00Z,BTC/USDT,buy,36385.26354000,0.01543061,0.56144681,USDT
2023-11-17T14:00:00Z,BTC/USDT,sell,36330.39571500,0.01543061,0.56060017,USDT
2023-11-17T14:30:00Z,BTC/USDT,buy,36325.81383000,0.01544887,0.56119278,USDT
2023-11-17T14:45:00Z,BTC/USDT,sell,36180.75057500,0.01544887,0.55895171,USDT
2023-11-17T17:15:00Z,BTC/USDT,buy,36409.11546000,0.01541355,0.56119372,USDT
2023-11-17T17:30:00Z,BTC/USDT,sell,36319.04139500,0.01541355,0.55980536,USDT
2023-11-17T18:15:00Z,BTC/USDT,buy,36523.51263000,0.01535056,0.56065637,USDT
2023-11-17T19:15:00Z,BTC/USDT,sell,36472.64455500,0.01535056,0.55987552,USDT
2023-11-17T19:45:00Z,BTC/USDT,buy,36336.64924500,0.01542085,0.56034202,USDT
2023-11-17T20:00:00Z,BTC/USDT,sell,36282.73955500,0.01542085,0.55951068,USDT
2023-11-18T01:30:00Z,BTC/USDT,buy,36445.55367000,0.01537641,0.56040178,USDT
2023-11-18T01:45:00Z,BTC/USDT,sell,36439.16130500,0.01537641,0.56030348,USDT
2023-11-18T02:30:00Z,BTC/USDT,buy,36457.67973000,0.01536714,0.56025027,USDT
2023-11-18T02:45:00Z,BTC/USDT,sell,36404.70854000,0.01536714,0.55943625,USDT
2023-11-18T08:00:00Z,BTC/USDT,buy,36437.23951500,0.01537179,0.56010559,USDT
2023-11-18T10:15:00Z,BTC/USDT,sell,36418.58160000,0.01537179,0.55981879,USDT
2023-11-18T14:00:00Z,BTC/USDT,buy,36440.40109500,0.01535894,0.55968593,USDT
2023-11-18T16:00:00Z,BTC/USDT,sell,36647.16725000,0.01535894,0.56286164,USDT
2023-11-19T15:45:00Z,BTC/USDT,buy,36561.95184000,0.01532623,0.56035688,USDT
2023-11-19T16:30:00Z,BTC/USDT,sell,36522.14979000,0.01532623,0.55974687,USDT
2023-11-19T16:45:00Z,BTC/USDT,buy,36570.62617500,0.01531188,0.55996504,USDT
2023-11-19T17:45:00Z,BTC/USDT,sell,36553.03434000,0.01531188,0.55969568,USDT
2023-11-19T18:15:00Z,BTC/USDT,buy,36623.94282000,0.01528699,0.55986985,USDT
2023-11-19T18:45:00Z,BTC/USDT,sell,36685.98783000,0.01528699,0.56081833,USDT
2023-11-20T01:00:00Z,BTC/USDT,buy,37279.10023500,0.01501906,0.55989704,USDT
2023-11-20T03:30:00Z,BTC/USDT,stop_sell,37065.65825696,0.01501906,0.55669135,USDT
2023-11-20T03:45:00Z,BTC/USDT,buy,37097.64955500,0.01508068,0.55945778,USDT
2023-11-20T04:00:00Z,BTC/USDT,sell,37086.70737000,0.01508068,0.55929277,USDT
2023-11-20T08:00:00Z,BTC/USDT,buy,37269.45541500,0.01501054,0.55943465,USDT
2023-11-20T08:00:00Z,BTC/USDT,stop_sell,37136.69914732,0.01501054,0.55744191,USDT
2023-11-20T09:00:00Z,BTC/USDT,buy,37137.46945500,0.01505206,0.55899542,USDT
2023-11-20T09:30:00Z,BTC/USDT,sell,37169.51594500,0.01505206,0.55947778,USDT
2023-11-20T14:45:00Z,BTC/USDT,buy,37273.13725500,0.015001,0.55913433,USDT
2023-11-20T15:45:00Z,BTC/USDT,sell,37251.39498500,0.015001,0.55880818,USDT
2023-11-20T16:00:00Z,BTC/USDT,buy,37419.69049500,0.01493918,0.55901949,USDT
2023-11-20T17:15:00Z,BTC/USDT,stop_sell,37138.14449571,0.01493918,0.55481343,USDT
2023-11-20T17:45:00Z,BTC/USDT,buy,37393.45738500,0.01492608,0.55813774,USDT
2023-11-20T21:30:00Z,BTC/USDT,sell,37293.66384000,0.01492608,0.55664821,USDT
2023-11-20T21:45:00Z,BTC/USDT,buy,37368.19476000,0.01494536,0.55848112,USDT
2023-11-20T22:45:00Z,BTC/USDT,sell,37392.44442500,0.01494536,0.55884354,USDT
2023-11-20T23:30:00Z,BTC/USDT,buy,37503.73249500,0.01489314,0.55854834,USDT
2023-11-20T23:45:00Z,BTC/USDT,sell,37441.61982500,0.01489314,0.55762329,USDT
2023-11-21T02:00:00Z,BTC/USDT,buy,37580.66094000,0.01485311,0.55818969,USDT
2023-11-21T02:45:00Z,BTC/USDT,stop_sell,37413.41750464,0.01485311,0.55570561,USDT
2023-11-21T03:30:00Z,BTC/USDT,buy,37548.08466000,0.01485915,0.55793262,USDT
2023-11-21T04:00:00Z,BTC/USDT,sell,37429.75576000,0.01485915,0.55617436,USDT
2023-11-21T04:45:00Z,BTC/USDT,buy,37432.71700500,0.01489722,0.55764342,USDT
2023-11-21T05:00:00Z,BTC/USDT,sell,37367.24703000,0.01489722,0.55666810,USDT
2023-11-21T17:15:00Z,BTC/USDT,buy,37327.81458000,0.01493566,0.55751555,USDT
2023-11-21T17:30:00Z,BTC/USDT,stop_sell,36918.80493464,0.01493566,0.55140672,USDT
2023-11-21T19:00:00Z,BTC/USDT,buy,36887.52454500,0.01508969,0.55662131,USDT
2023-11-21T19:15:00Z,BTC/USDT,sell,36843.30913000,0.01508969,0.55595411,USDT
2023-11-21T19:30:00Z,BTC/USDT,buy,37021.33141500,0.01504272,0.55690152,USDT
2023-11-21T21:00:00Z,BTC/USDT,sell,36939.38107000,0.01504272,0.55566877,USDT
2023-11-21T21:15:00Z,BTC/USDT,buy,37015.48849500,0.01502416,0.55612662,USDT
2023-11-21T21:45:00Z,BTC/USDT,sell,36860.54051000,0.01502416,0.55379866,USDT
2023-11-22T19:15:00Z,BTC/USDT,buy,37339.56045000,0.01490658,0.55660515,USDT
2023-11-22T20:15:00Z,BTC/USDT,sell,37218.22158000,0.01490658,0.55479640,USDT
2023-11-23T10:30:00Z,BTC/USDT,buy,37505.98362000,0.0148259,0.55605996,USDT
2023-11-23T11:00:00Z,BTC/USDT,stop_sell,37356.15222304,0.0148259,0.55383858,USDT
2023-11-23T11:15:00Z,BTC/USDT,buy,37411.45638000,0.01485622,0.55579283,USDT
2023-11-23T11:15:00Z,BTC/USDT,stop_sell,37260.16631143,0.01485622,0.55354523,USDT
2023-11-23T11:45:00Z,BTC/USDT,buy,37358.08971000,0.01487643,0.55575501,USDT
2023-11-23T13:00:00Z,BTC/USDT,sell,37283.26904000,0.01487643,0.55464194,USDT
2023-11-23T22:30:00Z,BTC/USDT,buy,37261.48143000,0.01490385,0.55533953,USDT
2023-11-24T04:00:00Z,BTC/USDT,sell,37291.47493500,0.01490385,0.55578655,USDT
2023-11-24T04:15:00Z,BTC/USDT,buy,37328.56495500,0.01487583,0.55529339,USDT
2023-11-24T05:15:00Z,BTC/USDT,sell,37297.67183500,0.01487583,0.55483383,USDT
2023-11-24T05:30:00Z,BTC/USDT,buy,37350.94614000,0.01485746,0.55494019,USDT
2023-11-24T06:15:00Z,BTC/USDT,sell,37368.18656000,0.01485746,0.55519634,USDT
2023-11-24T06:45:00Z,BTC/USDT,buy,37443.05217000,0.01482516,0.55509924,USDT
2023-11-24T06:45:00Z,BTC/USDT,stop_sell,37345.43615518,0.01482516,0.55365207,USDT
2023-11-24T07:00:00Z,BTC/USDT,buy,37390.97614500,0.01484038,0.55489629,USDT
2023-11-24T07:15:00Z,BTC/USDT,sell,37343.59886000,0.01484038,0.55419320,USDT
2023-11-24T07:45:00Z,BTC/USDT,buy,37454.51790000,0.01481129,0.55474973,USDT
2023-11-24T10:00:00Z,BTC/USDT,sell,37575.77271500,0.01481129,0.55654567,USDT
2023-11-24T13:30:00Z,BTC/USDT,buy,37699.27021500,0.01470495,0.55436588,USDT
2023-11-24T17:00:00Z,BTC/USDT,sell,37692.51431500,0.01470495,0.55426654,USDT
2023-11-24T17:30:00Z,BTC/USDT,buy,37852.27668000,0.01465485,0.55471944,USDT
2023-11-24T18:45:00Z,BTC/USDT,sell,37591.71474000,0.01465485,0.55090094,USDT
2023-11-24T19:15:00Z,BTC/USDT,buy,37711.32624000,0.01469564,0.55419207,USDT
2023-11-24T19:30:00Z,BTC/USDT,sell,37698.76119000,0.01469564,0.55400742,USDT
2023-11-24T21:45:00Z,BTC/USDT,buy,37829.86548000,0.01465881,0.55454081,USDT
2023-11-24T22:15:00Z,BTC/USDT,sell,37691.06504000,0.01465881,0.55250616,USDT
2023-11-24T23:30:00Z,BTC/USDT,buy,37690.61589000,0.01469532,0.55387566,USDT
2023-11-24T23:45:00Z,BTC/USDT,sell,37696.33240500,0.01469532,0.55395967,USDT
2023-11-25T00:00:00Z,BTC/USDT,buy,37743.87250500,0.01467779,0.55399663,USDT
2023-11-25T00:30:00Z,BTC/USDT,sell,37731.83464500,0.01467779,0.55381995,USDT
2023-11-25T00:45:00Z,BTC/USDT,buy,37790.95603500,0.01465361,0.55377393,USDT
2023-11-25T01:00:00Z,BTC/USDT,sell,37710.69522000,0.01465361,0.55259782,USDT
2023-11-25T15:30:00Z,BTC/USDT,buy,37682.15166000,0.01468941,0.55352858,USDT
2023-11-25T16:00:00Z,BTC/USDT,sell,37671.91462000,0.01468941,0.55337820,USDT
2023-11-25T22:45:00Z,BTC/USDT,buy,37763.41227000,0.01464781,0.55315129,USDT
2023-11-25T23:00:00Z,BTC/USDT,sell,37711.13500000,0.01464781,0.55238554,USDT
2023-11-26T03:00:00Z,BTC/USDT,buy,37758.04959000,0.01464349,0.55290962,USDT
2023-11-26T03:15:00Z,BTC/USDT,sell,37714.27343000,0.01464349,0.55226859,USDT
2023-11-26T20:45:00Z,BTC/USDT,buy,37498.23975000,0.01475273,0.55320141,USDT
2023-11-26T21:30:00Z,BTC/USDT,sell,37474.35345000,0.01475273,0.55284902,USDT
2023-11-27T08:00:00Z,BTC/USDT,buy,37290.56596500,0.0148199,0.55264246,USDT
2023-11-27T10:00:00Z,BTC/USDT,sell,37361.82974000,0.0148199,0.55369858,USDT
2023-11-27T17:15:00Z,BTC/USDT,buy,37122.58201500,0.01489267,0.55285436,USDT
2023-11-27T17:45:00Z,BTC/USDT,stop_sell,36887.76153554,0.01489267,0.54935726,USDT
2023-11-27T18:30:00Z,BTC/USDT,buy,37051.02625500,0.01491027,0.55244081,USDT
2023-11-27T19:30:00Z,BTC/USDT,stop_sell,36835.27315000,0.01491027,0.54922387,USDT
2023-11-27T19:45:00Z,BTC/USDT,buy,36891.62659500,0.01497269,0.55236689,USDT
2023-11-27T20:00:00Z,BTC/USDT,sell,36869.28613500,0.01497269,0.55203239,USDT
2023-11-27T20:45:00Z,BTC/USDT,buy,36930.94624500,0.01496059,0.55250875,USDT
2023-11-27T21:00:00Z,BTC/USDT,sell,36812.19469500,0.01496059,0.55073215,USDT
2023-11-27T22:45:00Z,BTC/USDT,buy,37063.39243500,0.01488734,0.55177532,USDT
2023-11-28T00:00:00Z,BTC/USDT,sell,37233.32402500,0.01488734,0.55430515,USDT
2023-11-28T00:30:00Z,BTC/USDT,buy,37287.37437000,0.01480727,0.55212422,USDT
2023-11-28T00:45:00Z,BTC/USDT,sell,37315.62285500,0.01480727,0.55254250,USDT
2023-11-28T09:45:00Z,BTC/USDT,buy,37136.18881500,0.01486727,0.55211375,USDT
2023-11-28T10:00:00Z,BTC/USDT,sell,37060.54046000,0.01486727,0.55098906,USDT
2023-11-28T17:45:00Z,BTC/USDT,buy,38160.07050000,0.01446281,0.55190185,USDT
2023-11-28T18:15:00Z,BTC/USDT,sell,37981.63968000,0.01446281,0.54932124,USDT
2023-11-29T20:00:00Z,BTC/USDT,buy,37903.56231000,0.01455188,0.55156809,USDT
2023-11-29T20:30:00Z,BTC/USDT,sell,37762.05952500,0.01455188,0.54950896,USDT
2023-11-29T21:15:00Z,BTC/USDT,buy,37766.30371500,0.01459948,0.55136840,USDT
2023-11-29T21:45:00Z,BTC/USDT,sell,37690.35539500,0.01459948,0.55025959,USDT
2023-11-29T22:15:00Z,BTC/USDT,buy,37795.14813000,0.01458311,0.55117080,USDT
2023-11-29T22:30:00Z,BTC/USDT,sell,37797.55177000,0.01458311,0.55120586,USDT
2023-11-29T23:00:00Z,BTC/USDT,buy,37803.04207500,0.01457332,0.55091583,USDT
2023-11-30T00:00:00Z,BTC/USDT,sell,37827.01703000,0.01457332,0.55126522,USDT
2023-11-30T01:30:00Z,BTC/USDT,buy,37788.77494500,0.0145823,0.55104725,USDT
2023-11-30T02:00:00Z,BTC/USDT,sell,37681.15999500,0.0145823,0.54947798,USDT
2023-11-30T02:30:00Z,BTC/USDT,buy,37833.63736500,0.01455664,0.55073064,USDT
2023-11-30T04:15:00Z,BTC/USDT,sell,38109.36578500,0.01455664,0.55474432,USDT
2023-11-30T18:45:00Z,BTC/USDT,buy,37786.04358000,0.01458237,0.55101007,USDT
2023-11-30T19:15:00Z,BTC/USDT,sell,37693.55379500,0.01458237,0.54966135,USDT
2023-11-30T19:30:00Z,BTC/USDT,buy,37766.72392500,0.01458488,0.55082314,USDT
2023-11-30T23:00:00Z,BTC/USDT,sell,37685.87763500,0.01458488,0.54964400,USDT
2023-12-01T00:00:00Z,BTC/USDT,buy,37749.81547500,0.0145874,0.55067166,USDT
2023-12-01T00:00:00Z,BTC/USDT,stop_sell,37624.22811804,0.0145874,0.54883967,USDT
2023-12-01T01:30:00Z,BTC/USDT,buy,37868.97502500,0.01452806,0.55016274,USDT
2023-12-01T02:15:00Z,BTC/USDT,sell,37858.39133500,0.01452806,0.55000898,USDT
2023-12-01T10:00:00Z,BTC/USDT,buy,38715.41803500,0.01421532,0.55035206,USDT
2023-12-01T10:45:00Z,BTC/USDT,sell,38563.47861500,0.01421532,0.54819219,USDT
2023-12-01T11:45:00Z,BTC/USDT,buy,38609.96533500,0.01425416,0.55035262,USDT
2023-12-01T12:30:00Z,BTC/USDT,stop_sell,38371.02417607,0.01425416,0.54694672,USDT
2023-12-01T12:45:00Z,BTC/USDT,buy,38401.24102500,0.01431674,0.54978058,USDT
2023-12-01T14:00:00Z,BTC/USDT,sell,38354.66307500,0.01431674,0.54911374,USDT
2023-12-01T19:00:00Z,BTC/USDT,buy,38736.74869500,0.01419082,0.54970623,USDT
2023-12-01T22:45:00Z,BTC/USDT,sell,38704.23820000,0.01419082,0.54924488,USDT
2023-12-02T12:30:00Z,BTC/USDT,buy,38815.61811000,0.01415511,0.54943934,USDT
2023-12-02T13:45:00Z,BTC/USDT,sell,38756.37212000,0.01415511,0.54860071,USDT
2023-12-02T15:15:00Z,BTC/USDT,buy,38797.38900000,0.01415787,0.54928839,USDT
2023-12-02T17:15:00Z,BTC/USDT,sell,38743.61850000,0.01415787,0.54852711,USDT
2023-12-02T17:30:00Z,BTC/USDT,buy,38775.53808000,0.01415321,0.54879833,USDT
2023-12-02T17:45:00Z,BTC/USDT,sell,38748.64598500,0.01415321,0.54841772,USDT
2023-12-02T23:00:00Z,BTC/USDT,buy,39385.40286000,0.01393985,0.54902661,USDT
2023-12-03T02:30:00Z,BTC/USDT,sell,39443.50838000,0.01393985,0.54983659,USDT
2023-12-03T07:30:00Z,BTC/USDT,buy,39463.73200500,0.01391092,0.54897682,USDT
2023-12-03T12:45:00Z,BTC/USDT,sell,39473.26349500,0.01391092,0.54910941,USDT
2023-12-03T13:15:00Z,BTC/USDT,buy,39557.16870000,0.01387566,0.54888182,USDT
2023-12-03T18:00:00Z,BTC/USDT,sell,39518.00111500,0.01387566,0.54833835,USDT
2023-12-03T18:30:00Z,BTC/USDT,buy,39629.80500000,0.01384753,0.54877491,USDT
2023-12-03T18:45:00Z,BTC/USDT,sell,39602.69874500,0.01384753,0.54839956,USDT
2023-12-03T20:00:00Z,BTC/USDT,buy,39585.83302500,0.01384858,0.54820758,USDT
2023-12-03T20:30:00Z,BTC/USDT,sell,39629.87515000,0.01384858,0.54881750,USDT
2023-12-03T22:15:00Z,BTC/USDT,buy,39837.18864000,0.01377203,0.54863896,USDT
2023-12-03T22:30:00Z,BTC/USDT,sell,39900.03000500,0.01377203,0.54950441,USDT
2023-12-03T23:45:00Z,BTC/USDT,buy,40044.97248000,0.0137001,0.54862013,USDT
2023-12-04T04:30:00Z,BTC/USDT,sell,40689.20522000,0.0137001,0.55744618,USDT
2023-12-04T05:45:00Z,BTC/USDT,buy,41420.56993500,0.01325679,0.54910380,USDT
2023-12-04T06:15:00Z,BTC/USDT,sell,41379.42993500,0.01325679,0.54855841,USDT
2023-12-04T06:30:00Z,BTC/USDT,buy,41730.97506000,0.01315424,0.54893926,USDT
2023-12-04T06:45:00Z,BTC/USDT,stop_sell,41438.71277875,0.01315424,0.54509477,USDT
2023-12-04T07:00:00Z,BTC/USDT,buy,41485.41234000,0.01323082,0.54888602,USDT
2023-12-04T11:15:00Z,BTC/USDT,sell,41517.92065500,0.01323082,0.54931613,USDT
2023-12-04T11:30:00Z,BTC/USDT,buy,41556.37780500,0.01318846,0.54806463,USDT
2023-12-04T12:15:00Z,BTC/USDT,sell,41530.98412000,0.01318846,0.54772972,USDT
2023-12-04T12:30:00Z,BTC/USDT,buy,41772.30571500,0.01312234,0.54815040,USDT
2023-12-04T14:15:00Z,BTC/USDT,sell,41575.69175500,0.01312234,0.54557036,USDT
2023-12-04T14:45:00Z,BTC/USDT,buy,41631.30525000,0.01316917,0.54824974,USDT
2023-12-04T15:15:00Z,BTC/USDT,sell,41546.89616000,0.01316917,0.54713814,USDT
2023-12-04T17:00:00Z,BTC/USDT,buy,41644.07163000,0.01316088,0.54807263,USDT
2023-12-04T17:15:00Z,BTC/USDT,sell,41598.54032500,0.01316088,0.54747340,USDT
2023-12-04T19:00:00Z,BTC/USDT,buy,41745.95254500,0.01312632,0.54797073,USDT
2023-12-04T21:00:00Z,BTC/USDT,sell,41751.49381000,0.01312632,0.54804347,USDT
2023-12-04T21:30:00Z,BTC/USDT,buy,41831.07508500,0.01309452,0.54775785,USDT
2023-12-05T00:00:00Z,BTC/USDT,sell,41959.02999000,0.01309452,0.54943336,USDT
2023-12-05T05:15:00Z,BTC/USDT,buy,41852.68588500,0.01308679,0.54771731,USDT
2023-12-05T05:45:00Z,BTC/USDT,sell,41876.56124500,0.01308679,0.54802976,USDT
2023-12-05T06:00:00Z,BTC/USDT,buy,41935.95750000,0.013063,0.54780941,USDT
2023-12-05T06:30:00Z,BTC/USDT,stop_sell,41780.60496143,0.013063,0.54578004,USDT
2023-12-05T07:00:00Z,BTC/USDT,buy,41757.98856000,0.01311339,0.54758879,USDT
2023-12-05T07:00:00Z,BTC/USDT,stop_sell,41599.07791321,0.01311339,0.54550493,USDT
2023-12-05T12:00:00Z,BTC/USDT,buy,41744.71192500,0.01310877,0.54722183,USDT
2023-12-05T12:45:00Z,BTC/USDT,sell,41774.10250000,0.01310877,0.54760710,USDT
2023-12-05T15:45:00Z,BTC/USDT,buy,42422.20050000,0.01290074,0.54727778,USDT
2023-12-05T16:00:00Z,BTC/USDT,sell,42234.32227500,0.01290074,0.54485401,USDT
2023-12-05T16:30:00Z,BTC/USDT,buy,42428.11345500,0.01289231,0.54699639,USDT
2023-12-06T00:45:00Z,BTC/USDT,sell,44013.48225000,0.01289231,0.56743546,USDT
2023-12-06T08:15:00Z,BTC/USDT,buy,43847.27268000,0.01251184,0.54861006,USDT
2023-12-06T09:00:00Z,BTC/USDT,sell,43861.17844000,0.01251184,0.54878405,USDT
2023-12-06T12:00:00Z,BTC/USDT,buy,43866.47227500,0.01250328,0.54847479,USDT
2023-12-06T15:15:00Z,BTC/USDT,sell,44034.71163000,0.01250328,0.55057833,USDT
2023-12-06T16:00:00Z,BTC/USDT,buy,43809.29370000,0.01251813,0.54841043,USDT
2023-12-06T17:00:00Z,BTC/USDT,sell,43846.33586500,0.01251813,0.54887413,USDT
2023-12-06T17:15:00Z,BTC/USDT,buy,44093.94595500,0.01243518,0.54831615,USDT
2023-12-06T17:30:00Z,BTC/USDT,sell,44003.94702000,0.01243518,0.54719700,USDT
2023-12-07T01:45:00Z,BTC/USDT,buy,43938.16810500,0.01247941,0.54832241,USDT
2023-12-07T04:30:00Z,BTC/USDT,sell,43989.71414000,0.01247941,0.54896568,USDT
2023-12-07T06:30:00Z,BTC/USDT,buy,43971.01452000,0.01247546,0.54855863,USDT
2023-12-07T06:45:00Z,BTC/USDT,sell,43921.95803500,0.01247546,0.54794663,USDT
2023-12-08T19:00:00Z,BTC/USDT,buy,43844.89149000,0.01250113,0.54811069,USDT
2023-12-08T19:30:00Z,BTC/USDT,sell,43827.45531000,0.01250113,0.54789272,USDT
2023-12-08T20:00:00Z,BTC/USDT,buy,43971.96499500,0.01247112,0.54837965,USDT
2023-12-08T20:15:00Z,BTC/USDT,sell,43927.25538500,0.01247112,0.54782207,USDT
2023-12-08T20:30:00Z,BTC/USDT,buy,44022.00000000,0.0124463,0.54791102,USDT
2023-12-08T23:30:00Z,BTC/USDT,sell,44195.84102500,0.0124463,0.55007470,USDT
2023-12-09T04:45:00Z,BTC/USDT,buy,44244.06097500,0.01238576,0.54799632,USDT
2023-12-09T05:00:00Z,BTC/USDT,sell,44204.78655000,0.01238576,0.54750988,USDT
2023-12-09T05:45:00Z,BTC/USDT,buy,44346.26205000,0.01235436,0.54786969,USDT
2023-12-09T06:15:00Z,BTC/USDT,sell,44290.82351000,0.01235436,0.54718478,USDT
2023-12-09T13:30:00Z,BTC/USDT,buy,43952.73538500,0.01246897,0.54804534,USDT
2023-12-09T18:00:00Z,BTC/USDT,sell,43878.52976000,0.01246897,0.54712007,USDT
2023-12-09T19:30:00Z,BTC/USDT,buy,43976.40721500,0.01245499,0.54772571,USDT
2023-12-09T20:15:00Z,BTC/USDT,sell,43884.85659500,0.01245499,0.54658545,USDT
2023-12-09T21:45:00Z,BTC/USDT,buy,44047.10254500,0.01242727,0.54738524,USDT
2023-12-09T22:30:00Z,BTC/USDT,sell,43997.38030500,0.01242727,0.54676732,USDT
2023-12-10T04:00:00Z,BTC/USDT,buy,43858.84846500,0.01247263,0.54703519,USDT
2023-12-10T04:45:00Z,BTC/USDT,sell,43914.25189000,0.01247263,0.54772622,USDT
2023-12-10T06:00:00Z,BTC/USDT,buy,43889.36371500,0.01246002,0.54686235,USDT
2023-12-10T06:15:00Z,BTC/USDT,sell,43874.44180500,0.01246002,0.54667642,USDT
2023-12-10T06:45:00Z,BTC/USDT,buy,43919.40873000,0.01245724,0.54711462,USDT
2023-12-10T08:30:00Z,BTC/USDT,stop_sell,43793.83748446,0.01245724,0.54555034,USDT
2023-12-10T18:15:00Z,BTC/USDT,buy,43871.91499500,0.01247071,0.54711393,USDT
2023-12-10T18:30:00Z,BTC/USDT,sell,43870.59373000,0.01247071,0.54709745,USDT
2023-12-11T07:30:00Z,BTC/USDT,buy,42205.15203000,0.0129488,0.54650607,USDT
2023-12-11T08:00:00Z,BTC/USDT,sell,42095.29182500,0.0129488,0.54508351,USDT
2023-12-11T09:15:00Z,BTC/USDT,buy,42305.62224000,0.01291678,0.54645242,USDT
2023-12-11T11:30:00Z,BTC/USDT,sell,42278.20032500,0.01291678,0.54609821,USDT
2023-12-11T11:45:00Z,BTC/USDT,buy,42362.73078000,0.01289982,0.54647160,USDT
2023-12-11T12:00:00Z,BTC/USDT,sell,42334.61210500,0.01289982,0.54610888,USDT
2023-12-12T05:30:00Z,BTC/USDT,buy,41670.76497000,0.01311037,0.54631915,USDT
2023-12-12T05:45:00Z,BTC/USDT,sell,41540.96912500,0.01311037,0.54461748,USDT
2023-12-12T08:00:00Z,BTC/USDT,buy,41951.75539500,0.01301847,0.54614767,USDT
2023-12-12T10:00:00Z,BTC/USDT,sell,41785.13698000,0.01301847,0.54397855,USDT
2023-12-12T10:15:00Z,BTC/USDT,buy,41834.70690000,0.01304893,0.54589816,USDT
2023-12-12T11:15:00Z,BTC/USDT,sell,41708.28542500,0.01304893,0.54424850,USDT
2023-12-12T13:15:00Z,BTC/USDT,buy,41910.81493500,0.01301392,0.54542399,USDT
2023-12-12T13:30:00Z,BTC/USDT,sell,41840.29938500,0.01301392,0.54450631,USDT
2023-12-12T21:00:00Z,BTC/USDT,buy,41277.80859000,0.01322081,0.54572606,USDT
2023-12-12T21:30:00Z,BTC/USDT,sell,41251.02417000,0.01322081,0.54537195,USDT
2023-12-12T22:15:00Z,BTC/USDT,buy,41203.18129500,0.01322778,0.54502662,USDT
2023-12-12T23:00:00Z,BTC/USDT,sell,41223.76780500,0.01322778,0.54529893,USDT
2023-12-12T23:45:00Z,BTC/USDT,buy,41546.76300000,0.01313033,0.54552271,USDT
2023-12-13T00:30:00Z,BTC/USDT,sell,41343.06812500,0.01313033,0.54284813,USDT
2023-12-13T06:15:00Z,BTC/USDT,buy,41052.96622500,0.01327753,0.54508199,USDT
2023-12-13T06:30:00Z,BTC/USDT,sell,40998.32058500,0.01327753,0.54435643,USDT
2023-12-13T07:15:00Z,BTC/USDT,buy,41100.81013500,0.01326061,0.54502181,USDT
2023-12-13T09:15:00Z,BTC/USDT,sell,41137.04119000,0.01326061,0.54550226,USDT
2023-12-13T10:15:00Z,BTC/USDT,buy,41280.82009500,0.01319748,0.54480280,USDT
2023-12-13T10:45:00Z,BTC/USDT,stop_sell,41063.18385143,0.01319748,0.54193055,USDT
2023-12-13T11:00:00Z,BTC/USDT,buy,41173.40641500,0.01323189,0.54480198,USDT
2023-12-13T11:45:00Z,BTC/USDT,sell,41064.33756000,0.01323189,0.54335880,USDT
2023-12-14T01:15:00Z,BTC/USDT,buy,42786.66264000,0.01272172,0.54431994,USDT
2023-12-14T01:30:00Z,BTC/USDT,sell,42739.07977000,0.01272172,0.54371461,USDT
2023-12-14T02:30:00Z,BTC/USDT,buy,42822.97078500,0.01271479,0.54448508,USDT
2023-12-14T02:45:00Z,BTC/USDT,sell,42696.31116500,0.01271479,0.54287463,USDT
2023-12-14T05:30:00Z,BTC/USDT,buy,42812.51556000,0.01270571,0.54396341,USDT
2023-12-14T05:45:00Z,BTC/USDT,sell,42752.52304500,0.01270571,0.54320116,USDT
2023-12-15T23:15:00Z,BTC/USDT,buy,42171.08500500,0.01289556,0.54381976,USDT
2023-12-15T23:15:00Z,BTC/USDT,stop_sell,41923.60842393,0.01289556,0.54062841,USDT
2023-12-16T03:15:00Z,BTC/USDT,buy,42186.67279500,0.01289273,0.54390138,USDT
2023-12-16T04:45:00Z,BTC/USDT,sell,42241.24881000,0.01289273,0.54460502,USDT
2023-12-16T05:15:00Z,BTC/USDT,buy,42284.12149500,0.01285227,0.54344695,USDT
2023-12-16T05:30:00Z,BTC/USDT,sell,42222.02842500,0.01285227,0.54264891,USDT
2023-12-16T10:30:00Z,BTC/USDT,buy,42215.59725000,0.01286289,0.54301458,USDT
2023-12-16T10:45:00Z,BTC/USDT,sell,42192.40324500,0.01286289,0.54271624,USDT
2023-12-16T11:15:00Z,BTC/USDT,buy,42240.42966000,0.01285242,0.54289174,USDT
2023-12-16T12:00:00Z,BTC/USDT,sell,42326.36623000,0.01285242,0.54399624,USDT
2023-12-16T18:30:00Z,BTC/USDT,buy,42410.30455500,0.01279641,0.54269965,USDT
2023-12-16T19:45:00Z,BTC/USDT,sell,42304.58712500,0.01279641,0.54134684,USDT
2023-12-16T20:15:00Z,BTC/USDT,buy,42396.67774500,0.01280247,0.54278219,USDT
2023-12-16T20:30:00Z,BTC/USDT,sell,42360.30925000,0.01280247,0.54231659,USDT
2023-12-17T07:45:00Z,BTC/USDT,buy,41966.03253000,0.01293238,0.54272068,USDT
2023-12-17T08:00:00Z,BTC/USDT,sell,41830.75416000,0.01293238,0.54097121,USDT
2023-12-17T10:30:00Z,BTC/USDT,buy,41995.56729000,0.01291089,0.54220015,USDT
2023-12-17T10:45:00Z,BTC/USDT,sell,41882.59822500,0.01291089,0.54074162,USDT
2023-12-17T14:15:00Z,BTC/USDT,buy,41952.93598500,0.01293004,0.54245314,USDT
2023-12-17T14:15:00Z,BTC/USDT,stop_sell,41776.40135000,0.01293004,0.54017054,USDT
2023-12-17T16:45:00Z,BTC/USDT,buy,42021.21010500,0.01290506,0.54228624,USDT
2023-12-17T17:45:00Z,BTC/USDT,sell,42222.47820000,0.01290506,0.54488361,USDT
2023-12-18T06:30:00Z,BTC/USDT,buy,41216.14777500,0.01314016,0.54158678,USDT
2023-12-18T07:45:00Z,BTC/USDT,sell,41157.09116000,0.01314016,0.54081076,USDT
2023-12-18T08:30:00Z,BTC/USDT,buy,41220.61000500,0.01314672,0.54191582,USDT
2023-12-18T09:15:00Z,BTC/USDT,sell,41044.57744500,0.01314672,0.53960157,USDT
2023-12-18T14:00:00Z,BTC/USDT,buy,41392.16574000,0.01309752,0.54213472,USDT
2023-12-18T14:30:00Z,BTC/USDT,sell,41479.88968000,0.01309752,0.54328368,USDT
2023-12-19T02:45:00Z,BTC/USDT,buy,43077.30789000,0.01256619,0.54131764,USDT
2023-12-19T06:45:00Z,BTC/USDT,sell,42893.40257000,0.01256619,0.53900665,USDT
2023-12-19T09:30:00Z,BTC/USDT,buy,43042.73061000,0.01258264,0.54159118,USDT
2023-12-19T09:30:00Z,BTC/USDT,stop_sell,42840.19275964,0.01258264,0.53904272,USDT
2023-12-19T09:45:00Z,BTC/USDT,buy,43067.17282500,0.01256896,0.54130957,USDT
2023-12-19T12:30:00Z,BTC/USDT,sell,42908.16518500,0.01256896,0.53931101,USDT
2023-12-19T21:45:00Z,BTC/USDT,buy,42420.63972000,0.01275525,0.54108586,USDT
2023-12-19T23:15:00Z,BTC/USDT,sell,42295.00192000,0.01275525,0.53948332,USDT
2023-12-19T23:30:00Z,BTC/USDT,buy,42290.84485500,0.01279197,0.54098322,USDT
2023-12-20T01:45:00Z,BTC/USDT,sell,42311.01391000,0.01279197,0.54124122,USDT
2023-12-20T05:00:00Z,BTC/USDT,buy,42777.85824000,0.01264177,0.54078784,USDT
2023-12-20T05:15:00Z,BTC/USDT,sell,42635.01183000,0.01264177,0.53898201,USDT
2023-12-20T07:45:00Z,BTC/USDT,buy,42893.74615500,0.01259443,0.54022228,USDT
2023-12-20T08:00:00Z,BTC/USDT,sell,42895.76139000,0.01259443,0.54024766,USDT
2023-12-20T15:30:00Z,BTC/USDT,buy,44131.31463000,0.01224108,0.54021495,USDT
2023-12-20T16:00:00Z,BTC/USDT,stop_sell,43772.16404089,0.01224108,0.53581856,USDT
2023-12-20T17:00:00Z,BTC/USDT,buy,43669.48383000,0.01235578,0.53957053,USDT
2023-12-20T17:15:00Z,BTC/USDT,sell,43608.90464000,0.01235578,0.53882203,USDT
2023-12-21T13:15:00Z,BTC/USDT,buy,44070.95446500,0.0122495,0.53984716,USDT
2023-12-21T13:45:00Z,BTC/USDT,sell,44096.07093500,0.0122495,0.54015482,USDT
2023-12-21T15:30:00Z,BTC/USDT,buy,43910.26416000,0.01229375,0.53982181,USDT
2023-12-21T15:45:00Z,BTC/USDT,sell,43785.50629500,0.01229375,0.53828807,USDT
2023-12-21T23:00:00Z,BTC/USDT,buy,43953.28566000,0.01226969,0.53929319,USDT
2023-12-21T23:15:00Z,BTC/USDT,sell,43898.32985500,0.01226969,0.53861890,USDT
2023-12-22T04:15:00Z,BTC/USDT,buy,43969.22362500,0.01226718,0.53937838,USDT
2023-12-22T04:45:00Z,BTC/USDT,sell,44059.85905000,0.01226718,0.54049022,USDT
2023-12-22T12:45:00Z,BTC/USDT,buy,43666.37227500,0.01235457,0.53947925,USDT
2023-12-22T13:00:00Z,BTC/USDT,sell,43566.33593500,0.01235457,0.53824335,USDT
2023-12-22T13:30:00Z,BTC/USDT,buy,43675.23670500,0.01234424,0.53913760,USDT
2023-12-22T14:00:00Z,BTC/USDT,sell,43694.09202500,0.01234424,0.53937036,USDT
2023-12-23T00:45:00Z,BTC/USDT,buy,43868.92350000,0.01229017,0.53915653,USDT
2023-12-23T01:45:00Z,BTC/USDT,stop_sell,43696.38766232,0.01229017,0.53703603,USDT
2023-12-24T10:45:00Z,BTC/USDT,buy,43522.29027000,0.01237703,0.53867669,USDT
2023-12-24T12:30:00Z,BTC/USDT,sell,43597.25047000,0.01237703,0.53960448,USDT
2023-12-25T03:00:00Z,BTC/USDT,buy,43066.62255000,0.01250763,0.53866138,USDT
2023-12-25T03:15:00Z,BTC/USDT,sell,43049.48449000,0.01250763,0.53844702,USDT
2023-12-25T03:30:00Z,BTC/USDT,buy,43150.51447500,0.01248773,0.53885197,USDT
2023-12-25T04:30:00Z,BTC/USDT,sell,43123.24759000,0.01248773,0.53851147,USDT
2023-12-25T09:30:00Z,BTC/USDT,buy,43170.39441000,0.01247848,0.53870090,USDT
2023-12-25T09:45:00Z,BTC/USDT,sell,43054.28209000,0.01247848,0.53725200,USDT
2023-12-25T13:00:00Z,BTC/USDT,buy,43652.91555000,0.01233678,0.53853642,USDT
2023-12-25T15:00:00Z,BTC/USDT,sell,43675.19148000,0.01233678,0.53881123,USDT
2023-12-26T21:30:00Z,BTC/USDT,buy,42345.78231000,0.01271032,0.53822844,USDT
2023-12-26T21:45:00Z,BTC/USDT,sell,42283.54765000,0.01271032,0.53743742,USDT
2023-12-26T22:00:00Z,BTC/USDT,buy,42374.75679000,0.01270385,0.53832255,USDT
2023-12-26T22:45:00Z,BTC/USDT,sell,42446.22627000,0.01270385,0.53923049,USDT
2023-12-27T01:15:00Z,BTC/USDT,buy,42369.92437500,0.01270455,0.53829082,USDT
2023-12-27T02:45:00Z,BTC/USDT,sell,42276.25130000,0.01270455,0.53710075,USDT
2023-12-27T06:00:00Z,BTC/USDT,buy,42476.64771000,0.01267594,0.53843144,USDT
2023-12-27T07:00:00Z,BTC/USDT,sell,42429.93442000,0.01267594,0.53783930,USDT
2023-12-27T07:15:00Z,BTC/USDT,buy,42449.90434500,0.012681,0.53830724,USDT
2023-12-27T07:30:00Z,BTC/USDT,sell,42409.57460500,0.012681,0.53779582,USDT
2023-12-27T21:15:00Z,BTC/USDT,buy,43328.35335000,0.01240831,0.53763164,USDT
2023-12-28T02:15:00Z,BTC/USDT,sell,43352.63284000,0.01240831,0.53793291,USDT
2023-12-28T02:30:00Z,BTC/USDT,buy,43379.28880500,0.01239775,0.53780558,USDT
2023-12-28T02:45:00Z,BTC/USDT,sell,43329.52440000,0.01239775,0.53718861,USDT
2023-12-28T11:30:00Z,BTC/USDT,buy,43123.43094000,0.01246816,0.53766984,USDT
2023-12-28T12:00:00Z,BTC/USDT,sell,43012.66291000,0.01246816,0.53628876,USDT
2023-12-28T19:30:00Z,BTC/USDT,buy,42661.99033500,0.01259812,0.53746087,USDT
2023-12-28T19:45:00Z,BTC/USDT,sell,42550.10430500,0.01259812,0.53605132,USDT
2023-12-29T12:00:00Z,BTC/USDT,buy,42871.07482500,0.01253217,0.53726760,USDT
2023-12-29T12:45:00Z,BTC/USDT,sell,42756.68096500,0.01253217,0.53583399,USDT
2023-12-29T13:15:00Z,BTC/USDT,buy,42823.81120500,0.01254148,0.53707397,USDT
2023-12-29T15:15:00Z,BTC/USDT,sell,42816.60099000,0.01254148,0.53698354,USDT
2023-12-29T21:15:00Z,BTC/USDT,buy,42224.49169500,0.01271728,0.53698068,USDT
2023-12-29T21:15:00Z,BTC/USDT,stop_sell,41988.22110143,0.01271728,0.53397596,USDT
2023-12-30T00:00:00Z,BTC/USDT,buy,42106.40268000,0.01274518,0.53665368,USDT
2023-12-30T00:15:00Z,BTC/USDT,sell,42069.80457500,0.01274518,0.53618723,USDT
2023-12-30T00:45:00Z,BTC/USDT,buy,42158.89891500,0.0127264,0.53653101,USDT
2023-12-30T01:45:00Z,BTC/USDT,sell,42167.58566000,0.0127264,0.53664156,USDT
2023-12-30T02:15:00Z,BTC/USDT,buy,42165.07200000,0.01273378,0.53692075,USDT
2023-12-30T02:45:00Z,BTC/USDT,stop_sell,41921.71794107,0.01273378,0.53382193,USDT
2023-12-30T03:00:00Z,BTC/USDT,buy,41915.24715000,0.01279072,0.53612619,USDT
2023-12-30T03:30:00Z,BTC/USDT,sell,41817.97055500,0.01279072,0.53488195,USDT
2023-12-30T03:45:00Z,BTC/USDT,buy,41981.74038000,0.01277154,0.53617148,USDT
2023-12-30T04:45:00Z,BTC/USDT,sell,42028.96500500,0.01277154,0.53677461,USDT
2023-12-30T12:15:00Z,BTC/USDT,buy,42002.11056000,0.01274945,0.53550381,USDT
2023-12-30T14:30:00Z,BTC/USDT,sell,42082.69812500,0.01274945,0.53653126,USDT
2023-12-30T15:00:00Z,BTC/USDT,buy,42241.74031500,0.01268636,0.53589392,USDT
2023-12-30T15:30:00Z,BTC/USDT,sell,42207.79554500,0.01268636,0.53546329,USDT
2023-12-30T15:45:00Z,BTC/USDT,buy,42313.79632500,0.01266282,0.53581199,USDT
2023-12-30T16:30:00Z,BTC/USDT,sell,42454.49213500,0.01266282,0.53759359,USDT
2023-12-30T17:15:00Z,BTC/USDT,buy,42319.34910000,0.01266817,0.53610871,USDT
2023-12-30T20:45:00Z,BTC/USDT,sell,42171.93348500,0.01266817,0.53424122,USDT
2023-12-31T00:45:00Z,BTC/USDT,buy,42381.41011500,0.01263751,0.53559549,USDT
2023-12-31T01:00:00Z,BTC/USDT,sell,42329.13484500,0.01263751,0.53493486,USDT
2023-12-31T03:45:00Z,BTC/USDT,buy,42176.12752500,0.01269299,0.53534116,USDT
2023-12-31T04:00:00Z,BTC/USDT,sell,42132.92300000,0.01269299,0.53479277,USDT
2023-12-31T04:30:00Z,BTC/USDT,buy,42301.20003000,0.01265513,0.53532719,USDT
2023-12-31T05:00:00Z,BTC/USDT,sell,42196.43123000,0.01265513,0.53400132,USDT
2023-12-31T06:30:00Z,BTC/USDT,buy,42275.73730500,0.01265821,0.53513516,USDT
2023-12-31T07:45:00Z,BTC/USDT,sell,42483.65754500,0.01265821,0.53776706,USDT
2023-12-31T13:30:00Z,BTC/USDT,buy,42507.04290000,0.01259227,0.53526016,USDT
2023-12-31T13:45:00Z,BTC/USDT,sell,42461.59858000,0.01259227,0.53468791,USDT
2023-12-31T16:45:00Z,BTC/USDT,buy,42631.86528000,0.01254869,0.53497406,USDT
2023-12-31T17:30:00Z,BTC/USDT,sell,42482.14830000,0.01254869,0.53309531,USDT
2023-12-31T17:45:00Z,BTC/USDT,buy,42552.34554000,0.01256994,0.53488043,USDT
2023-12-31T21:00:00Z,BTC/USDT,sell,42552.88291500,0.01256994,0.53488719,USDT
2024-01-01T01:45:00Z,BTC/USDT,buy,42662.62065000,0.01252644,0.53441076,USDT
2024-01-01T02:00:00Z,BTC/USDT,sell,42579.05982000,0.01252644,0.53336404,USDT
2024-01-01T02:45:00Z,BTC/USDT,buy,42546.30252000,0.01255851,0.53431817,USDT
2024-01-01T03:15:00Z,BTC/USDT,sell,42496.14130000,0.01255851,0.53368822,USDT
2024-01-01T03:45:00Z,BTC/USDT,buy,42311.14500000,0.0126227,0.53408089,USDT
2024-01-01T04:30:00Z,BTC/USDT,sell,42293.83250500,0.0126227,0.53386236,USDT
2024-01-01T04:45:00Z,BTC/USDT,buy,42324.98191500,0.01262612,0.53440030,USDT
2024-01-01T05:00:00Z,BTC/USDT,sell,42333.09286500,0.01262612,0.53450271,USDT
2024-01-01T13:15:00Z,BTC/USDT,buy,42715.78722000,0.01250886,0.53432580,USDT
2024-01-01T14:00:00Z,BTC/USDT,sell,42688.65499500,0.01250886,0.53398641,USDT
2024-01-01T21:45:00Z,BTC/USDT,buy,43519.79902500,0.0122847,0.53462768,USDT
2024-01-02T05:00:00Z,BTC/USDT,sell,45183.81679000,0.0122847,0.55506963,USDT
2024-01-02T06:30:00Z,BTC/USDT,buy,45269.01319500,0.01183803,0.53589594,USDT
2024-01-02T07:00:00Z,BTC/USDT,sell,45169.38401000,0.01183803,0.53471652,USDT
2024-01-02T12:45:00Z,BTC/USDT,buy,45491.62444500,0.01176643,0.53527401,USDT
2024-01-02T12:45:00Z,BTC/USDT,stop_sell,45221.25734607,0.01176643,0.53209276,USDT
2024-01-02T17:00:00Z,BTC/USDT,buy,45396.53692500,0.0117903,0.53523879,USDT
2024-01-02T17:15:00Z,BTC/USDT,sell,45202.38750000,0.0117903,0.53294971,USDT
2024-01-02T20:15:00Z,BTC/USDT,buy,45143.00022000,0.01184798,0.53485336,USDT
2024-01-02T20:30:00Z,BTC/USDT,sell,44954.66142500,0.01184798,0.53262193,USDT
2024-01-03T00:15:00Z,BTC/USDT,buy,45033.93571500,0.0118734,0.53470593,USDT
2024-01-03T00:30:00Z,BTC/USDT,sell,44867.24515500,0.0118734,0.53272675,USDT
2024-01-03T00:45:00Z,BTC/USDT,buy,45159.02823000,0.0118331,0.53437130,USDT
2024-01-03T02:30:00Z,BTC/USDT,sell,45289.78378000,0.0118331,0.53591854,USDT
2024-01-03T17:00:00Z,BTC/USDT,buy,43062.82065000,0.0124121,0.53450004,USDT
2024-01-03T17:45:00Z,BTC/USDT,sell,42803.05776500,0.0124121,0.53127583,USDT
2024-01-03T19:15:00Z,BTC/USDT,buy,42455.70724500,0.01258166,0.53416327,USDT
2024-01-03T19:30:00Z,BTC/USDT,sell,42605.13677500,0.01258166,0.53604335,USDT
2024-01-04T02:00:00Z,BTC/USDT,buy,42738.01833000,0.01249991,0.53422138,USDT
2024-01-04T02:30:00Z,BTC/USDT,sell,42849.53451500,0.01249991,0.53561532,USDT
2024-01-04T02:45:00Z,BTC/USDT,buy,42971.39496000,0.01243963,0.53454825,USDT
2024-01-04T03:30:00Z,BTC/USDT,sell,43005.17665500,0.01243963,0.53496849,USDT
2024-01-04T04:00:00Z,BTC/USDT,buy,43140.24934500,0.01238277,0.53419579,USDT
2024-01-04T04:15:00Z,BTC/USDT,sell,43034.41203000,0.01238277,0.53288523,USDT
2024-01-04T11:45:00Z,BTC/USDT,buy,43199.31886500,0.01236547,0.53417988,USDT
2024-01-04T15:30:00Z,BTC/USDT,sell,44117.81006000,0.01236547,0.54553746,USDT
2024-01-05T00:45:00Z,BTC/USDT,buy,44102.61028500,0.01211775,0.53442441,USDT
2024-01-05T01:30:00Z,BTC/USDT,sell,43867.72516500,0.01211775,0.53157813,USDT
2024-01-05T06:45:00Z,BTC/USDT,buy,43763.23068000,0.01221131,0.53440638,USDT
2024-01-05T07:30:00Z,BTC/USDT,sell,43825.54626500,0.01221131,0.53516733,USDT
2024-01-05T07:45:00Z,BTC/USDT,buy,43826.51230500,0.01220095,0.53472509,USDT
2024-01-05T08:00:00Z,BTC/USDT,sell,43763.70720000,0.01220095,0.53395880,USDT
2024-01-05T11:15:00Z,BTC/USDT,buy,43781.14963500,0.01221361,0.53472589,USDT
2024-01-05T12:00:00Z,BTC/USDT,sell,43722.69771500,0.01221361,0.53401198,USDT
2024-01-05T12:30:00Z,BTC/USDT,buy,43969.14358500,0.01216126,0.53472019,USDT
2024-01-05T13:45:00Z,BTC/USDT,sell,43856.88059000,0.01216126,0.53335493,USDT
2024-01-05T19:45:00Z,BTC/USDT,buy,43697.33775000,0.01222056,0.53400594,USDT
2024-01-05T20:00:00Z,BTC/USDT,sell,43582.04807500,0.01222056,0.53259703,USDT
2024-01-05T20:30:00Z,BTC/USDT,buy,43721.08962000,0.01220567,0.53364519,USDT
2024-01-05T22:45:00Z,BTC/USDT,sell,43771.88311000,0.01220567,0.53426516,USDT
2024-01-06T01:30:00Z,BTC/USDT,buy,44013.46573500,0.01212398,0.53361838,USDT
2024-01-06T03:00:00Z,BTC/USDT,sell,43920.61870500,0.01212398,0.53249270,USDT
2024-01-06T03:30:00Z,BTC/USDT,buy,43935.85695000,0.01214489,0.53359615,USDT
2024-01-06T04:00:00Z,BTC/USDT,sell,43938.87957000,0.01214489,0.53363286,USDT
2024-01-06T10:45:00Z,BTC/USDT,buy,43762.94053500,0.01219179,0.53354858,USDT
2024-01-06T11:00:00Z,BTC/USDT,sell,43659.27944000,0.01219179,0.53228477,USDT
2024-01-06T14:15:00Z,BTC/USDT,buy,43857.90799500,0.01216483,0.53352399,USDT
2024-01-06T15:00:00Z,BTC/USDT,sell,43811.95306500,0.01216483,0.53296496,USDT
2024-01-06T15:15:00Z,BTC/USDT,buy,43892.24515500,0.01214027,0.53286371,USDT
2024-01-06T15:30:00Z,BTC/USDT,sell,43824.25691000,0.01214027,0.53203831,USDT
2024-01-06T16:00:00Z,BTC/USDT,buy,43892.73540000,0.01214745,0.53318481,USDT
2024-01-06T16:30:00Z,BTC/USDT,sell,43850.41382500,0.01214745,0.53267071,USDT
2024-01-06T19:45:00Z,BTC/USDT,buy,43901.09958000,0.0121502,0.53340714,USDT
2024-01-06T20:00:00Z,BTC/USDT,sell,43897.65019500,0.0121502,0.53336523,USDT
2024-01-06T20:30:00Z,BTC/USDT,buy,43881.63985500,0.01214246,0.53283106,USDT
2024-01-06T20:45:00Z,BTC/USDT,sell,43838.03002000,0.01214246,0.53230153,USDT
2024-01-07T00:15:00Z,BTC/USDT,buy,43994.12607000,0.0121091,0.53272927,USDT
2024-01-07T01:15:00Z,BTC/USDT,sell,44131.65313500,0.0121091,0.53439460,USDT
2024-01-07T01:30:00Z,BTC/USDT,buy,44084.38117500,0.01208481,0.53275137,USDT
2024-01-07T02:00:00Z,BTC/USDT,sell,43987.64517500,0.01208481,0.53158233,USDT
2024-01-07T03:00:00Z,BTC/USDT,buy,43976.42722500,0.01211059,0.53258048,USDT
2024-01-07T04:30:00Z,BTC/USDT,sell,43933.89206500,0.01211059,0.53206535,USDT
2024-01-07T10:15:00Z,BTC/USDT,buy,43987.06254000,0.01210457,0.53244448,USDT
2024-01-07T11:00:00Z,BTC/USDT,sell,43961.83808500,0.01210457,0.53213915,USDT
2024-01-07T11:15:00Z,BTC/USDT,buy,44025.27163500,0.01210138,0.53276654,USDT
2024-01-07T12:00:00Z,BTC/USDT,sell,44052.02297000,0.01210138,0.53309027,USDT
2024-01-07T12:45:00Z,BTC/USDT,buy,44123.13054000,0.0120553,0.53191758,USDT
2024-01-07T13:00:00Z,BTC/USDT,sell,44084.25684500,0.0120553,0.53144894,USDT
2024-01-07T13:15:00Z,BTC/USDT,buy,44228.57323500,0.01203964,0.53249610,USDT
2024-01-07T14:30:00Z,BTC/USDT,sell,44339.75903000,0.01203964,0.53383474,USDT
2024-01-07T15:45:00Z,BTC/USDT,buy,44123.12053500,0.01206116,0.53217602,USDT
2024-01-07T16:45:00Z,BTC/USDT,stop_sell,43899.55424250,0.01206116,0.52947955,USDT
2024-01-07T20:15:00Z,BTC/USDT,buy,44262.08998500,0.01201607,0.53185637,USDT
2024-01-07T20:30:00Z,BTC/USDT,sell,44166.79555500,0.01201607,0.53071131,USDT
2024-01-07T21:15:00Z,BTC/USDT,buy,44218.06798500,0.01202965,0.53192788,USDT
2024-01-07T22:15:00Z,BTC/USDT,stop_sell,44036.40399768,0.01202965,0.52974253,USDT
2024-01-08T06:45:00Z,BTC/USDT,buy,44079.34866000,0.01206017,0.53160444,USDT
2024-01-08T07:30:00Z,BTC/USDT,sell,43938.01000500,0.01206017,0.52989987,USDT
2024-01-08T10:15:00Z,BTC/USDT,buy,43830.87448500,0.01211968,0.53121617,USDT
2024-01-08T10:30:00Z,BTC/USDT,sell,43956.75063000,0.01211968,0.53274175,USDT
2024-01-08T21:15:00Z,BTC/USDT,buy,46832.29444500,0.01133597,0.53088948,USDT
2024-01-08T23:30:00Z,BTC/USDT,sell,46925.33559500,0.01133597,0.53194420,USDT
2024-01-09T00:15:00Z,BTC/USDT,buy,47022.60955500,0.01129762,0.53124357,USDT
2024-01-09T00:30:00Z,BTC/USDT,stop_sell,46731.45187107,0.01129762,0.52795419,USDT
2024-01-09T13:45:00Z,BTC/USDT,buy,46657.95732000,0.01139067,0.53146539,USDT
2024-01-09T15:00:00Z,BTC/USDT,sell,46537.69951000,0.01139067,0.53009558,USDT
2024-01-09T15:30:00Z,BTC/USDT,buy,46707.46206000,0.01135513,0.53036930,USDT
2024-01-09T18:45:00Z,BTC/USDT,sell,46632.30218500,0.01135513,0.52951585,USDT
2024-01-09T19:30:00Z,BTC/USDT,buy,46749.78321000,0.01134893,0.53056002,USDT
2024-01-09T20:30:00Z,BTC/USDT,sell,46761.27766500,0.01134893,0.53069047,USDT
2024-01-09T21:15:00Z,BTC/USDT,buy,47446.85157000,0.01117723,0.53032437,USDT
2024-01-09T21:15:00Z,BTC/USDT,stop_sell,47164.56806179,0.01117723,0.52716923,USDT
2024-01-10T05:30:00Z,BTC/USDT,buy,46015.06603500,0.01152114,0.53014602,USDT
2024-01-10T07:15:00Z,BTC/USDT,sell,45977.00000000,0.01152114,0.52970745,USDT
2024-01-10T17:30:00Z,BTC/USDT,buy,45622.46983500,0.01161769,0.53002771,USDT
2024-01-10T20:00:00Z,BTC/USDT,stop_sell,45140.29856000,0.01161769,0.52442600,USDT
2024-01-10T20:30:00Z,BTC/USDT,buy,45801.10911000,0.01156071,0.52949334,USDT
2024-01-10T21:30:00Z,BTC/USDT,sell,45889.57373500,0.01156071,0.53051605,USDT
2024-01-11T03:15:00Z,BTC/USDT,buy,46509.55315500,0.0113843,0.52947871,USDT
2024-01-11T03:45:00Z,BTC/USDT,sell,46433.79149000,0.0113843,0.52861621,USDT
2024-01-11T14:45:00Z,BTC/USDT,buy,48013.02451500,0.01102485,0.52933639,USDT
2024-01-11T15:15:00Z,BTC/USDT,stop_sell,47621.51875786,0.01102485,0.52502010,USDT
2024-01-11T21:00:00Z,BTC/USDT,buy,46291.42414500,0.01142503,0.52888091,USDT
2024-01-11T21:15:00Z,BTC/USDT,sell,46324.16633000,0.01142503,0.52925499,USDT
2024-01-11T22:15:00Z,BTC/USDT,buy,46355.62623000,0.01141649,0.52921854,USDT
2024-01-11T22:30:00Z,BTC/USDT,sell,46198.24932000,0.01141649,0.52742185,USDT
2024-01-11T23:00:00Z,BTC/USDT,buy,46460.19849000,0.0113882,0.52909803,USDT
2024-01-11T23:30:00Z,BTC/USDT,sell,46335.26078000,0.0113882,0.52767522,USDT
2024-01-12T02:45:00Z,BTC/USDT,buy,46233.12501000,0.01141766,0.52787410,USDT
2024-01-12T03:00:00Z,BTC/USDT,sell,46133.53169500,0.01141766,0.52673698,USDT
2024-01-12T06:00:00Z,BTC/USDT,buy,46185.35113500,0.01142794,0.52780342,USDT
2024-01-12T06:30:00Z,BTC/USDT,sell,46331.82250000,0.01142794,0.52947729,USDT
2024-01-13T08:00:00Z,BTC/USDT,buy,43138.53849000,0.01225296,0.52857479,USDT
2024-01-13T09:45:00Z,BTC/USDT,stop_sell,42867.24279929,0.01225296,0.52525061,USDT
2024-01-13T16:30:00Z,BTC/USDT,buy,43136.99772000,0.01223888,0.52794854,USDT
2024-01-13T17:00:00Z,BTC/USDT,stop_sell,42857.59512554,0.01223888,0.52452896,USDT
2024-01-13T17:30:00Z,BTC/USDT,buy,43000.89970500,0.01225662,0.52704569,USDT
2024-01-13T19:00:00Z,BTC/USDT,sell,42838.48004500,0.01225662,0.52505497,USDT
2024-01-13T19:15:00Z,BTC/USDT,buy,42995.77714500,0.01226509,0.52734708,USDT
2024-01-13T19:30:00Z,BTC/USDT,sell,42978.50999500,0.01226509,0.52713529,USDT
2024-01-14T11:30:00Z,BTC/USDT,buy,42915.31693500,0.01227431,0.52675590,USDT
2024-01-14T11:45:00Z,BTC/USDT,sell,42800.66896000,0.01227431,0.52534868,USDT
2024-01-15T08:15:00Z,BTC/USDT,buy,42679.83925500,0.01234343,0.52681561,USDT
2024-01-15T11:00:00Z,BTC/USDT,sell,42556.49111000,0.01234343,0.52529307,USDT
2024-01-15T17:15:00Z,BTC/USDT,buy,42720.81973500,0.01233223,0.52684297,USDT
2024-01-15T17:45:00Z,BTC/USDT,sell,42600.26921000,0.01233223,0.52535632,USDT
2024-01-15T18:00:00Z,BTC/USDT,buy,42699.46906500,0.01233124,0.52653740,USDT
2024-01-15T18:15:00Z,BTC/USDT,sell,42682.16824000,0.01233124,0.52632406,USDT
2024-01-15T22:45:00Z,BTC/USDT,buy,42776.57760000,0.01230904,0.52653860,USDT
2024-01-15T23:00:00Z,BTC/USDT,sell,42602.08830000,0.01230904,0.52439081,USDT
2024-01-16T06:30:00Z,BTC/USDT,buy,42717.54810000,0.01231607,0.52611231,USDT
2024-01-16T07:15:00Z,BTC/USDT,sell,42613.45261500,0.01231607,0.52483027,USDT
2024-01-16T07:45:00Z,BTC/USDT,buy,42774.04633500,0.01228965,0.52567806,USDT
2024-01-16T08:15:00Z,BTC/USDT,sell,42754.99181000,0.01228965,0.52544389,USDT
2024-01-16T13:00:00Z,BTC/USDT,buy,43161.12978000,0.01217969,0.52568918,USDT
2024-01-16T13:15:00Z,BTC/USDT,stop_sell,42984.48272143,0.01217969,0.52353767,USDT
2024-01-16T15:30:00Z,BTC/USDT,buy,43034.04627000,0.01221671,0.52573446,USDT
2024-01-16T17:45:00Z,BTC/USDT,sell,43079.81931500,0.01221671,0.52629366,USDT
2024-01-16T18:15:00Z,BTC/USDT,buy,43149.13378500,0.01218082,0.52559183,USDT
2024-01-16T18:45:00Z,BTC/USDT,sell,42885.23665500,0.01218082,0.52237735,USDT
2024-01-16T20:30:00Z,BTC/USDT,buy,43287.72304500,0.01213699,0.52538266,USDT
2024-01-16T20:45:00Z,BTC/USDT,sell,43155.27157000,0.01213699,0.52377510,USDT
2024-01-17T19:00:00Z,BTC/USDT,buy,42621.35002500,0.01231841,0.52502726,USDT
2024-01-17T19:30:00Z,BTC/USDT,sell,42683.66749000,0.01231841,0.52579492,USDT
2024-01-17T19:45:00Z,BTC/USDT,buy,42659.17893000,0.01229979,0.52469894,USDT
2024-01-17T20:00:00Z,BTC/USDT,sell,42610.47410500,0.01229979,0.52409988,USDT
2024-01-17T20:30:00Z,BTC/USDT,buy,42742.77070500,0.0122953,0.52553519,USDT
2024-01-17T22:15:00Z,BTC/USDT,stop_sell,42482.20113071,0.0122953,0.52233141,USDT
2024-01-18T02:45:00Z,BTC/USDT,buy,42722.20042500,0.01228058,0.52465340,USDT
2024-01-18T03:00:00Z,BTC/USDT,sell,42630.00433500,0.01228058,0.52352118,USDT
2024-01-18T03:15:00Z,BTC/USDT,buy,42636.70770000,0.01229915,0.52439526,USDT
2024-01-18T03:45:00Z,BTC/USDT,sell,42579.34967500,0.01229915,0.52368981,USDT
2024-01-18T05:15:00Z,BTC/USDT,buy,42690.35451000,0.01227653,0.52408942,USDT
2024-01-18T08:45:00Z,BTC/USDT,sell,42791.36361500,0.01227653,0.52532946,USDT
2024-01-18T09:15:00Z,BTC/USDT,buy,42829.23391500,0.01224368,0.52438743,USDT
2024-01-18T09:45:00Z,BTC/USDT,sell,42802.93782500,0.01224368,0.52406547,USDT
2024-01-18T15:00:00Z,BTC/USDT,buy,42736.94779500,0.01225821,0.52387848,USDT
2024-01-18T16:00:00Z,BTC/USDT,stop_sell,42546.39687393,0.01225821,0.52154267,USDT
2024-01-19T01:45:00Z,BTC/USDT,buy,41280.61999500,0.01269284,0.52396830,USDT
2024-01-19T02:45:00Z,BTC/USDT,sell,41083.43800500,0.01269284,0.52146551,USDT
2024-01-19T18:30:00Z,BTC/USDT,buy,41297.68852500,0.01265982,0.52282130,USDT
2024-01-19T20:30:00Z,BTC/USDT,sell,41908.35534000,0.01265982,0.53055224,USDT
2024-01-19T20:45:00Z,BTC/USDT,buy,41921.07006000,0.01249727,0.52389893,USDT
2024-01-19T21:00:00Z,BTC/USDT,sell,41621.83867000,0.01249727,0.52015936,USDT
2024-01-20T06:45:00Z,BTC/USDT,buy,41707.66341000,0.01255971,0.52383616,USDT
2024-01-20T08:00:00Z,BTC/USDT,stop_sell,41567.83782679,0.01255971,0.52207999,USDT
2024-01-20T13:00:00Z,BTC/USDT,buy,41674.02660000,0.01256402,0.52359330,USDT
2024-01-20T14:15:00Z,BTC/USDT,stop_sell,41521.60666821,0.01256402,0.52167830,USDT
2024-01-20T14:45:00Z,BTC/USDT,buy,41578.83903000,0.01258945,0.52345472,USDT
2024-01-20T15:15:00Z,BTC/USDT,sell,41484.89717500,0.01258945,0.52227204,USDT
2024-01-20T15:30:00Z,BTC/USDT,buy,41626.22271000,0.01256891,0.52319625,USDT
2024-01-20T17:00:00Z,BTC/USDT,sell,41559.19001000,0.01256891,0.52235372,USDT
2024-01-20T17:30:00Z,BTC/USDT,buy,41607.96358500,0.0125692,0.52297882,USDT
2024-01-20T17:45:00Z,BTC/USDT,sell,41521.93864500,0.0125692,0.52189755,USDT
2024-01-21T08:30:00Z,BTC/USDT,buy,41732.16565500,0.01252809,0.52282433,USDT
2024-01-21T08:45:00Z,BTC/USDT,sell,41723.44784000,0.01252809,0.52271511,USDT
2024-01-21T09:00:00Z,BTC/USDT,buy,41721.97056000,0.01253121,0.52282677,USDT
2024-01-21T10:15:00Z,BTC/USDT,sell,41702.69822000,0.01253121,0.52258527,USDT
2024-01-21T13:45:00Z,BTC/USDT,buy,41862.97102500,0.0124844,0.52263408,USDT
2024-01-21T15:15:00Z,BTC/USDT,stop_sell,41728.08694786,0.0124844,0.52095013,USDT
2024-01-21T20:30:00Z,BTC/USDT,buy,41763.66139500,0.01250995,0.52246132,USDT
2024-01-21T20:45:00Z,BTC/USDT,stop_sell,41641.76048982,0.01250995,0.52093634,USDT
2024-01-21T21:15:00Z,BTC/USDT,buy,41712.89602500,0.01252711,0.52254204,USDT
2024-01-21T23:00:00Z,BTC/USDT,sell,41626.08654500,0.01252711,0.52145457,USDT
2024-01-22T13:15:00Z,BTC/USDT,buy,41176.35789000,0.01267671,0.52198075,USDT
2024-01-22T13:30:00Z,BTC/USDT,stop_sell,40857.69700339,0.01267671,0.51794118,USDT
2024-01-22T15:15:00Z,BTC/USDT,buy,40659.09939000,0.01283053,0.52167779,USDT
2024-01-22T15:30:00Z,BTC/USDT,sell,40455.47214500,0.01283053,0.51906515,USDT
2024-01-23T00:30:00Z,BTC/USDT,buy,39738.32923500,0.01312049,0.52138635,USDT
2024-01-23T00:45:00Z,BTC/USDT,sell,39685.12751000,0.01312049,0.52068832,USDT
2024-01-23T02:45:00Z,BTC/USDT,buy,40049.48473500,0.01301507,0.52124685,USDT
2024-01-23T03:30:00Z,BTC/USDT,sell,39982.93853000,0.01301507,0.52038074,USDT
2024-01-23T15:30:00Z,BTC/USDT,buy,39019.54002000,0.01333468,0.52031308,USDT
2024-01-23T16:00:00Z,BTC/USDT,sell,39204.48795000,0.01333468,0.52277930,USDT
2024-01-23T20:45:00Z,BTC/USDT,buy,39294.08722500,0.01326469,0.52122389,USDT
2024-01-23T21:45:00Z,BTC/USDT,sell,39185.50744500,0.01326469,0.51978361,USDT
2024-01-23T22:45:00Z,BTC/USDT,buy,39544.28226000,0.01317535,0.52100976,USDT
2024-01-23T23:00:00Z,BTC/USDT,sell,39482.52886000,0.01317535,0.52019614,USDT
2024-01-24T06:45:00Z,BTC/USDT,buy,39898.14910500,0.01305844,0.52100759,USDT
2024-01-24T07:00:00Z,BTC/USDT,sell,39869.97504000,0.01305844,0.52063968,USDT
2024-01-24T13:30:00Z,BTC/USDT,buy,40131.65580000,0.012976,0.52074837,USDT
2024-01-24T13:45:00Z,BTC/USDT,sell,39999.57021000,0.012976,0.51903442,USDT
2024-01-24T14:30:00Z,BTC/USDT,buy,40027.45372500,0.01300427,0.52052782,USDT
2024-01-24T15:00:00Z,BTC/USDT,sell,39919.73015000,0.01300427,0.51912695,USDT
2024-01-24T17:45:00Z,BTC/USDT,buy,40197.52872000,0.01293715,0.52004146,USDT
2024-01-24T18:00:00Z,BTC/USDT,sell,40126.57667500,0.01293715,0.51912354,USDT
2024-01-25T06:45:00Z,BTC/USDT,buy,39998.52927000,0.01300488,0.52017607,USDT
2024-01-25T07:15:00Z,BTC/USDT,sell,39955.02249500,0.01300488,0.51961027,USDT
2024-01-25T07:30:00Z,BTC/USDT,buy,40076.86842000,0.01297625,0.52004746,USDT
2024-01-25T12:15:00Z,BTC/USDT,stop_sell,39920.56401857,0.01297625,0.51801922,USDT
2024-01-25T15:00:00Z,BTC/USDT,buy,40025.23261500,0.01297662,0.51939223,USDT
2024-01-25T15:15:00Z,BTC/USDT,stop_sell,39816.02559964,0.01297662,0.51667743,USDT
2024-01-25T18:15:00Z,BTC/USDT,buy,39934.03704000,0.013009,0.51950189,USDT
2024-01-25T18:30:00Z,BTC/USDT,sell,39891.54425000,0.013009,0.51894910,USDT
2024-01-26T01:30:00Z,BTC/USDT,buy,39904.23214500,0.01300774,0.51906388,USDT
2024-01-26T02:45:00Z,BTC/USDT,sell,40128.32580000,0.01300774,0.52197883,USDT
2024-01-26T08:30:00Z,BTC/USDT,buy,40170.07500000,0.01293312,0.51952440,USDT
2024-01-26T09:00:00Z,BTC/USDT,sell,40112.07393000,0.01293312,0.51877427,USDT
2024-01-26T09:15:00Z,BTC/USDT,buy,40194.43717500,0.01292202,0.51939332,USDT
2024-01-26T09:45:00Z,BTC/USDT,stop_sell,40066.13940875,0.01292202,0.51773545,USDT
2024-01-26T11:45:00Z,BTC/USDT,buy,41301.42039000,0.01258761,0.51988617,USDT
2024-01-26T13:00:00Z,BTC/USDT,sell,41173.96272000,0.01258761,0.51828178,USDT
2024-01-26T13:15:00Z,BTC/USDT,buy,41169.47445000,0.01260736,0.51903839,USDT
2024-01-26T15:30:00Z,BTC/USDT,sell,41294.20257000,0.01260736,0.52061088,USDT
2024-01-26T16:45:00Z,BTC/USDT,buy,41820.90000000,0.01240998,0.51899653,USDT
2024-01-26T22:30:00Z,BTC/USDT,sell,41877.25090000,0.01240998,0.51969585,USDT
2024-01-27T21:15:00Z,BTC/USDT,buy,42017.99850000,0.01235112,0.51896934,USDT
2024-01-28T01:45:00Z,BTC/USDT,sell,42058.47024500,0.01235112,0.51946921,USDT
2024-01-28T02:00:00Z,BTC/USDT,buy,42136.04749500,0.01232145,0.51917720,USDT
2024-01-28T02:15:00Z,BTC/USDT,sell,42075.04195500,0.01232145,0.51842553,USDT
2024-01-28T09:30:00Z,BTC/USDT,buy,42583.94133000,0.01219409,0.51927241,USDT
2024-01-28T09:45:00Z,BTC/USDT,sell,42571.66352000,0.01219409,0.51912270,USDT
2024-01-29T06:30:00Z,BTC/USDT,buy,42203.13102000,0.01229039,0.51869294,USDT
2024-01-29T06:45:00Z,BTC/USDT,sell,42128.92500000,0.01229039,0.51778092,USDT
2024-01-29T09:45:00Z,BTC/USDT,buy,42281.59023000,0.01226553,0.51860611,USDT
2024-01-29T12:00:00Z,BTC/USDT,sell,42196.60114500,0.01226553,0.51756368,USDT
2024-01-29T12:15:00Z,BTC/USDT,buy,42330.23454000,0.01224285,0.51824271,USDT
2024-01-29T12:30:00Z,BTC/USDT,stop_sell,42153.04400589,0.01224285,0.51607339,USDT
2024-01-29T12:45:00Z,BTC/USDT,buy,42077.38818000,0.01231005,0.51797475,USDT
2024-01-29T13:30:00Z,BTC/USDT,sell,41999.39979500,0.01231005,0.51701471,USDT
2024-01-29T16:00:00Z,BTC/USDT,buy,42632.85577500,0.01216032,0.51842917,USDT
2024-01-29T17:15:00Z,BTC/USDT,sell,43025.76635500,0.01216032,0.52320709,USDT
2024-01-29T22:00:00Z,BTC/USDT,buy,43176.57750000,0.01199778,0.51802308,USDT
2024-01-29T22:15:00Z,BTC/USDT,sell,43128.43499500,0.01199778,0.51744547,USDT
2024-01-30T00:30:00Z,BTC/USDT,buy,43291.63500000,0.01197584,0.51845369,USDT
2024-01-30T06:00:00Z,BTC/USDT,sell,43358.49990500,0.01197584,0.51925446,USDT
2024-01-30T17:15:00Z,BTC/USDT,buy,43500.61944000,0.0119082,0.51801408,USDT
2024-01-30T17:45:00Z,BTC/USDT,sell,43288.06514000,0.0119082,0.51548294,USDT
2024-01-30T21:30:00Z,BTC/USDT,buy,43631.17468500,0.01187336,0.51804864,USDT
2024-01-30T22:45:00Z,BTC/USDT,stop_sell,43392.99086518,0.01187336,0.51522060,USDT
2024-01-31T14:45:00Z,BTC/USDT,buy,42878.11834500,0.01206924,0.51750630,USDT
2024-01-31T19:30:00Z,BTC/USDT,sell,43128.42500000,0.01206924,0.52052731,USDT
2024-01-31T19:45:00Z,BTC/USDT,buy,43384.93162500,0.01192216,0.51724210,USDT
2024-01-31T20:00:00Z,BTC/USDT,sell,43259.31952000,0.01192216,0.51574453,USDT
2024-02-01T06:15:00Z,BTC/USDT,buy,42215.19705000,0.01225826,0.51748486,USDT
2024-02-01T07:00:00Z,BTC/USDT,sell,42172.68311000,0.01225826,0.51696371,USDT
2024-02-01T14:45:00Z,BTC/USDT,buy,42566.30251500,0.01215984,0.51759943,USDT
2024-02-01T15:00:00Z,BTC/USDT,sell,42613.36266000,0.01215984,0.51817167,USDT
2024-02-02T09:30:00Z,BTC/USDT,buy,43054.28638500,0.01200323,0.51679050,USDT
2024-02-02T10:00:00Z,BTC/USDT,sell,42983.04772500,0.01200323,0.51593541,USDT
2024-02-02T22:30:00Z,BTC/USDT,buy,43138.20832500,0.011992,0.51731339,USDT
2024-02-03T05:15:00Z,BTC/USDT,sell,43163.72734000,0.011992,0.51761942,USDT
2024-02-03T14:00:00Z,BTC/USDT,buy,43078.45846500,0.01200348,0.51709141,USDT
2024-02-03T14:15:00Z,BTC/USDT,sell,43016.53097500,0.01200348,0.51634807,USDT
2024-02-03T15:30:00Z,BTC/USDT,buy,43115.54700000,0.01199156,0.51702267,USDT
2024-02-03T20:30:00Z,BTC/USDT,sell,43028.56495500,0.01199156,0.51597962,USDT
2024-02-03T20:45:00Z,BTC/USDT,buy,43146.95269500,0.01197727,0.51678270,USDT
2024-02-03T21:00:00Z,BTC/USDT,sell,43075.48148500,0.01197727,0.51592667,USDT
2024-02-05T03:30:00Z,BTC/USDT,buy,42583.04088000,0.01213233,0.51663150,USDT
2024-02-05T04:30:00Z,BTC/USDT,sell,42748.21520000,0.01213233,0.51863545,USDT
2024-02-05T09:30:00Z,BTC/USDT,buy,43004.43147000,0.0120242,0.51709388,USDT
2024-02-05T10:00:00Z,BTC/USDT,sell,42928.81485500,0.0120242,0.51618466,USDT
2024-02-05T13:00:00Z,BTC/USDT,buy,43261.16977500,0.01194036,0.51655394,USDT
2024-02-05T13:15:00Z,BTC/USDT,sell,43228.37500000,0.01194036,0.51616236,USDT
2024-02-06T01:00:00Z,BTC/USDT,buy,42651.78523500,0.01210704,0.51638687,USDT
2024-02-06T02:30:00Z,BTC/USDT,sell,42732.73294500,0.01210704,0.51736691,USDT
2024-02-06T02:45:00Z,BTC/USDT,buy,42923.36095500,0.0120412,0.51684877,USDT
2024-02-06T03:00:00Z,BTC/USDT,sell,42816.07125500,0.0120412,0.51555688,USDT
2024-02-06T04:00:00Z,BTC/USDT,buy,42896.70763500,0.01203452,0.51624129,USDT
2024-02-06T06:15:00Z,BTC/USDT,stop_sell,42715.78428071,0.01203452,0.51406396,USDT
2024-02-06T06:45:00Z,BTC/USDT,buy,42786.10236000,0.01206072,0.51603120,USDT
2024-02-06T07:00:00Z,BTC/USDT,sell,42777.55052500,0.01206072,0.51592806,USDT
2024-02-06T07:15:00Z,BTC/USDT,buy,42800.08935000,0.01204356,0.51546544,USDT
2024-02-06T07:30:00Z,BTC/USDT,sell,42801.89834500,0.01204356,0.51548723,USDT
2024-02-06T08:30:00Z,BTC/USDT,buy,42990.69460500,0.01200191,0.51597045,USDT
2024-02-06T08:45:00Z,BTC/USDT,sell,43036.48099500,0.01200191,0.51651997,USDT
2024-02-06T10:45:00Z,BTC/USDT,buy,42849.40399500,0.01202148,0.51511325,USDT
2024-02-06T10:45:00Z,BTC/USDT,stop_sell,42716.29295482,0.01202148,0.51351306,USDT
2024-02-06T11:00:00Z,BTC/USDT,buy,42838.61860500,0.01203806,0.51569386,USDT
2024-02-06T11:45:00Z,BTC/USDT,sell,42787.83538000,0.01203806,0.51508253,USDT
2024-02-06T12:30:00Z,BTC/USDT,buy,42831.04482000,0.01202961,0.51524077,USDT
2024-02-06T12:45:00Z,BTC/USDT,sell,42807.97530500,0.01202961,0.51496325,USDT
2024-02-06T14:45:00Z,BTC/USDT,buy,43014.83667000,0.01196756,0.51478264,USDT
2024-02-06T15:00:00Z,BTC/USDT,sell,42882.54800000,0.01196756,0.51319947,USDT
2024-02-06T15:15:00Z,BTC/USDT,buy,42981.48000000,0.01199094,0.51538835,USDT
2024-02-06T18:15:00Z,BTC/USDT,sell,43212.68285000,0.01199094,0.51816069,USDT
2024-02-06T18:30:00Z,BTC/USDT,buy,43155.48696000,0.01194223,0.51537275,USDT
2024-02-06T20:30:00Z,BTC/USDT,sell,43115.22160500,0.01194223,0.51489189,USDT
2024-02-07T01:15:00Z,BTC/USDT,buy,43200.26934000,0.01192916,0.51534292,USDT
2024-02-07T01:30:00Z,BTC/USDT,sell,43112.67288000,0.01192916,0.51429797,USDT
2024-02-07T01:45:00Z,BTC/USDT,buy,43170.14428500,0.01193326,0.51516056,USDT
2024-02-07T02:00:00Z,BTC/USDT,sell,43064.44700500,0.01193326,0.51389924,USDT
2024-02-07T12:15:00Z,BTC/USDT,buy,42985.23187500,0.01197909,0.51492396,USDT
2024-02-07T14:30:00Z,BTC/USDT,sell,43096.45099500,0.01197909,0.51625627,USDT
2024-02-07T15:45:00Z,BTC/USDT,buy,43116.51748500,0.01194178,0.51488797,USDT
2024-02-07T17:00:00Z,BTC/USDT,sell,43200.38900000,0.01194178,0.51588954,USDT
2024-02-07T20:45:00Z,BTC/USDT,buy,44098.32814500,0.01167161,0.51469849,USDT
2024-02-07T23:00:00Z,BTC/USDT,sell,44154.83154000,0.01167161,0.51535797,USDT
2024-02-08T10:45:00Z,BTC/USDT,buy,44848.01280000,0.01147683,0.51471302,USDT
2024-02-08T11:45:00Z,BTC/USDT,stop_sell,44674.89959018,0.01147683,0.51272623,USDT
2024-02-08T12:00:00Z,BTC/USDT,buy,44699.00833500,0.0115115,0.51455263,USDT
2024-02-08T23:45:00Z,BTC/USDT,sell,45282.17758500,0.0115115,0.52126579,USDT
2024-02-09T11:00:00Z,BTC/USDT,buy,46787.40201000,0.01100957,0.51510918,USDT
2024-02-09T14:30:00Z,BTC/USDT,stop_sell,46552.08874036,0.01100957,0.51251848,USDT
2024-02-09T14:45:00Z,BTC/USDT,buy,47110.17331500,0.0109257,0.51471162,USDT
2024-02-09T16:30:00Z,BTC/USDT,sell,47225.17560000,0.0109257,0.51596810,USDT
2024-02-09T16:45:00Z,BTC/USDT,buy,47315.06571000,0.01087876,0.51472924,USDT
2024-02-09T17:00:00Z,BTC/USDT,sell,47218.71883000,0.01087876,0.51368111,USDT
2024-02-09T17:15:00Z,BTC/USDT,buy,47408.31231000,0.01086188,0.51494340,USDT
2024-02-09T19:00:00Z,BTC/USDT,sell,47576.14003000,0.01086188,0.51676632,USDT
2024-02-09T19:15:00Z,BTC/USDT,buy,47518.64745000,0.01083593,0.51490874,USDT
2024-02-09T21:45:00Z,BTC/USDT,sell,47336.34998500,0.01083593,0.51293337,USDT
2024-02-10T07:30:00Z,BTC/USDT,buy,47311.80408000,0.01087226,0.51438624,USDT
2024-02-10T07:45:00Z,BTC/USDT,sell,47226.78479500,0.01087226,0.51346188,USDT
2024-02-10T12:45:00Z,BTC/USDT,buy,47236.51645500,0.01088892,0.51435465,USDT
2024-02-10T13:00:00Z,BTC/USDT,sell,47212.40199000,0.01088892,0.51409207,USDT
2024-02-10T13:15:00Z,BTC/USDT,buy,47220.07824000,0.01088784,0.51412466,USDT
2024-02-10T13:30:00Z,BTC/USDT,sell,47104.42600500,0.01088784,0.51286545,USDT
2024-02-10T13:45:00Z,BTC/USDT,buy,47265.67102500,0.01087386,0.51396029,USDT
2024-02-10T16:00:00Z,BTC/USDT,sell,47318.44894000,0.01087386,0.51453419,USDT
2024-02-11T13:15:00Z,BTC/USDT,buy,48359.15749500,0.01062689,0.51390745,USDT
2024-02-11T13:15:00Z,BTC/USDT,stop_sell,48151.33871536,0.01062689,0.51169898,USDT
2024-02-11T14:45:00Z,BTC/USDT,buy,48127.34164500,0.01066456,0.51325692,USDT
2024-02-11T15:30:00Z,BTC/USDT,sell,48045.66515000,0.01066456,0.51238588,USDT
2024-02-11T17:15:00Z,BTC/USDT,buy,48370.35309000,0.0106099,0.51320461,USDT
2024-02-11T17:30:00Z,BTC/USDT,sell,48270.11287000,0.0106099,0.51214107,USDT
2024-02-11T18:15:00Z,BTC/USDT,buy,48262.40914500,0.01063641,0.51333877,USDT
2024-02-11T18:30:00Z,BTC/USDT,stop_sell,48047.65308411,0.01063641,0.51105454,USDT
2024-02-11T18:45:00Z,BTC/USDT,buy,48192.02397000,0.01064628,0.51306578,USDT
2024-02-11T21:30:00Z,BTC/USDT,sell,47977.02948500,0.01064628,0.51077689,USDT
2024-02-11T23:30:00Z,BTC/USDT,buy,48151.66380000,0.01064076,0.51237030,USDT
2024-02-11T23:45:00Z,BTC/USDT,sell,48117.43924500,0.01064076,0.51200612,USDT
2024-02-12T00:30:00Z,BTC/USDT,buy,48693.83475000,0.01052881,0.51268813,USDT
2024-02-12T00:45:00Z,BTC/USDT,sell,48606.12478000,0.01052881,0.51176465,USDT
2024-02-12T01:30:00Z,BTC/USDT,buy,48524.25000000,0.01056505,0.51266113,USDT
2024-02-12T02:30:00Z,BTC/USDT,stop_sell,48248.95631071,0.01056505,0.50975264,USDT
2024-02-12T02:45:00Z,BTC/USDT,buy,48181.08850500,0.01063064,0.51219581,USDT
2024-02-12T03:00:00Z,BTC/USDT,sell,48118.84854000,0.01063064,0.51153416,USDT
2024-02-12T03:45:00Z,BTC/USDT,buy,48245.97093000,0.01062263,0.51249910,USDT
2024-02-12T04:15:00Z,BTC/USDT,sell,48070.35280000,0.01062263,0.51063357,USDT
2024-02-12T14:45:00Z,BTC/USDT,buy,48535.45560000,0.01054594,0.51185200,USDT
2024-02-12T19:30:00Z,BTC/USDT,sell,49839.24791000,0.01054594,0.52560172,USDT
2024-02-13T10:00:00Z,BTC/USDT,buy,50240.10750000,0.01020836,0.51286910,USDT
2024-02-13T10:15:00Z,BTC/USDT,stop_sell,50057.88782107,0.01020836,0.51100894,USDT
2024-02-13T19:15:00Z,BTC/USDT,buy,49069.21234500,0.01043979,0.51227227,USDT
2024-02-14T00:15:00Z,BTC/USDT,sell,49573.45087500,0.01043979,0.51753642,USDT
2024-02-14T00:30:00Z,BTC/USDT,buy,49541.92858500,0.01035441,0.51297744,USDT
2024-02-14T01:30:00Z,BTC/USDT,sell,49420.95716000,0.01035441,0.51172485,USDT
2024-02-14T01:45:00Z,BTC/USDT,buy,49420.84807500,0.01037609,0.51279517,USDT
2024-02-14T02:00:00Z,BTC/USDT,sell,49408.75326500,0.01037609,0.51266967,USDT
2024-02-14T06:30:00Z,BTC/USDT,buy,49620.79800000,0.01032308,0.51223947,USDT
2024-02-14T06:45:00Z,BTC/USDT,sell,49588.98310500,0.01032308,0.51191104,USDT
2024-02-14T20:00:00Z,BTC/USDT,buy,51667.53085500,0.00992231,0.51266126,USDT
2024-02-14T20:15:00Z,BTC/USDT,sell,51715.96908000,0.00992231,0.51314188,USDT
2024-02-15T00:15:00Z,BTC/USDT,buy,51908.98152000,0.00987397,0.51254773,USDT
2024-02-15T01:00:00Z,BTC/USDT,sell,52288.36274000,0.00987397,0.51629373,USDT
2024-02-15T05:00:00Z,BTC/USDT,buy,52184.63928000,0.00981779,0.51233783,USDT
2024-02-15T05:15:00Z,BTC/USDT,sell,52119.77707500,0.00981779,0.51170103,USDT
2024-02-15T06:15:00Z,BTC/USDT,buy,52004.13907500,0.00985965,0.51274261,USDT
2024-02-15T07:00:00Z,BTC/USDT,sell,51942.35583000,0.00985965,0.51213345,USDT
2024-02-15T09:45:00Z,BTC/USDT,buy,52236.55522500,0.00980924,0.51240091,USDT
2024-02-15T10:00:00Z,BTC/USDT,sell,52144.99446000,0.00980924,0.51150277,USDT
2024-02-15T11:45:00Z,BTC/USDT,buy,52268.10099000,0.00979992,0.51222321,USDT
2024-02-15T15:30:00Z,BTC/USDT,sell,52212.02093000,0.00979992,0.51167363,USDT
2024-02-15T16:30:00Z,BTC/USDT,buy,52284.12900000,0.00979696,0.51222552,USDT
2024-02-15T16:45:00Z,BTC/USDT,sell,52231.85101000,0.00979696,0.51171336,USDT
2024-02-15T23:45:00Z,BTC/USDT,buy,51950.89246500,0.00985785,0.51212411,USDT
2024-02-16T00:30:00Z,BTC/USDT,sell,51840.89658500,0.00985785,0.51103978,USDT
2024-02-16T01:00:00Z,BTC/USDT,buy,51952.81342500,0.00985148,0.51181210,USDT
2024-02-16T03:00:00Z,BTC/USDT,sell,52071.04145500,0.00985148,0.51297682,USDT
2024-02-16T03:30:00Z,BTC/USDT,buy,52171.92292500,0.00981001,0.51180709,USDT
2024-02-16T04:00:00Z,BTC/USDT,sell,52153.54018500,0.00981001,0.51162675,USDT
2024-02-16T04:45:00Z,BTC/USDT,buy,52246.12000500,0.00979687,0.51184845,USDT
2024-02-16T05:30:00Z,BTC/USDT,sell,52156.50870000,0.00979687,0.51097054,USDT
2024-02-16T11:00:00Z,BTC/USDT,buy,52303.90888500,0.00978376,0.51172889,USDT
2024-02-16T13:30:00Z,BTC/USDT,sell,52326.17382500,0.00978376,0.51194673,USDT
2024-02-16T13:45:00Z,BTC/USDT,buy,52332.90337500,0.00977534,0.51157192,USDT
2024-02-16T14:15:00Z,BTC/USDT,sell,52195.82903000,0.00977534,0.51023198,USDT
2024-02-16T14:30:00Z,BTC/USDT,buy,52219.05648000,0.00979417,0.51144232,USDT
2024-02-16T14:45:00Z,BTC/USDT,stop_sell,51913.53738929,0.00979417,0.50845001,USDT
2024-02-16T15:00:00Z,BTC/USDT,buy,51953.22363000,0.00983903,0.51116933,USDT
2024-02-16T15:00:00Z,BTC/USDT,stop_sell,51580.38512018,0.00983903,0.50750096,USDT
2024-02-16T19:45:00Z,BTC/USDT,buy,51969.64183500,0.00983097,0.51091199,USDT
2024-02-16T21:00:00Z,BTC/USDT,sell,51791.02153500,0.00983097,0.50915598,USDT
2024-02-17T03:00:00Z,BTC/USDT,buy,51962.25814500,0.00981701,0.51011401,USDT
2024-02-17T04:00:00Z,BTC/USDT,sell,51924.03499500,0.00981701,0.50973877,USDT
2024-02-17T22:45:00Z,BTC/USDT,buy,51655.51485000,0.0098801,0.51036165,USDT
2024-02-17T23:00:00Z,BTC/USDT,sell,51668.64275500,0.0098801,0.51049136,USDT
2024-02-18T00:30:00Z,BTC/USDT,buy,51668.85151500,0.00987488,0.51022371,USDT
2024-02-18T02:00:00Z,BTC/USDT,stop_sell,51433.81130089,0.00987488,0.50790271,USDT
2024-02-18T05:30:00Z,BTC/USDT,buy,51669.95206500,0.00987177,0.51007388,USDT
2024-02-18T05:45:00Z,BTC/USDT,sell,51632.05106000,0.00987177,0.50969973,USDT
2024-02-18T17:00:00Z,BTC/USDT,buy,51866.53030500,0.00983231,0.50996780,USDT
2024-02-18T17:15:00Z,BTC/USDT,sell,51814.67970000,0.00983231,0.50945799,USDT
2024-02-19T01:00:00Z,BTC/USDT,buy,52196.08500000,0.00976172,0.50952357,USDT
2024-02-19T01:30:00Z,BTC/USDT,stop_sell,51959.40337339,0.00976172,0.50721315,USDT
2024-02-19T02:30:00Z,BTC/USDT,buy,52193.39365500,0.00976312,0.50957037,USDT
2024-02-19T03:00:00Z,BTC/USDT,sell,52095.82905500,0.00976312,0.50861783,USDT
2024-02-19T04:30:00Z,BTC/USDT,buy,52129.87191000,0.00976757,0.50918217,USDT
2024-02-19T05:00:00Z,BTC/USDT,sell,52079.54720000,0.00976757,0.50869062,USDT
2024-02-19T06:00:00Z,BTC/USDT,buy,52153.80387000,0.00976186,0.50911813,USDT
2024-02-19T07:00:00Z,BTC/USDT,sell,52247.36325000,0.00976186,0.51003145,USDT
2024-02-19T07:15:00Z,BTC/USDT,buy,52323.86886000,0.00973562,0.50940530,USDT
2024-02-19T08:45:00Z,BTC/USDT,sell,52161.88601000,0.00973562,0.50782830,USDT
2024-02-19T09:15:00Z,BTC/USDT,buy,52166.88040500,0.00974937,0.50859422,USDT
2024-02-19T12:30:00Z,BTC/USDT,sell,52291.96094000,0.00974937,0.50981368,USDT
2024-02-19T12:45:00Z,BTC/USDT,buy,52369.56169500,0.00971569,0.50880643,USDT
2024-02-19T13:30:00Z,BTC/USDT,stop_sell,52161.38161946,0.00971569,0.50678381,USDT
2024-02-19T13:45:00Z,BTC/USDT,buy,52196.30511000,0.00974427,0.50861489,USDT
2024-02-19T14:00:00Z,BTC/USDT,sell,52158.97746500,0.00974427,0.50825116,USDT
2024-02-19T22:00:00Z,BTC/USDT,buy,51912.14310000,0.00979401,0.50842805,USDT
2024-02-19T22:15:00Z,BTC/USDT,sell,52040.70663000,0.00979401,0.50968720,USDT
2024-02-20T04:45:00Z,BTC/USDT,buy,51823.74892500,0.00981712,0.50875996,USDT
2024-02-20T05:00:00Z,BTC/USDT,sell,51727.67322500,0.00981712,0.50781678,USDT
2024-02-20T05:15:00Z,BTC/USDT,buy,51835.93501500,0.00981423,0.50872979,USDT
2024-02-20T06:45:00Z,BTC/USDT,sell,51968.85257500,0.00981423,0.51003427,USDT
2024-02-20T07:45:00Z,BTC/USDT,buy,51889.96201500,0.00980358,0.50870739,USDT
2024-02-20T08:15:00Z,BTC/USDT,stop_sell,51708.59598268,0.00980358,0.50692936,USDT
2024-02-20T08:30:00Z,BTC/USDT,buy,51741.55785000,0.00982034,0.50811969,USDT
2024-02-20T09:15:00Z,BTC/USDT,stop_sell,51581.42567107,0.00982034,0.50654714,USDT
2024-02-20T10:15:00Z,BTC/USDT,buy,51989.05153500,0.00977506,0.50819610,USDT
2024-02-20T14:30:00Z,BTC/USDT,stop_sell,51766.07544286,0.00977506,0.50601649,USDT
2024-02-20T14:45:00Z,BTC/USDT,buy,51948.33118500,0.0097778,0.50794039,USDT
2024-02-20T15:15:00Z,BTC/USDT,sell,51866.39383000,0.0097778,0.50713923,USDT
2024-02-20T20:00:00Z,BTC/USDT,buy,52091.02249500,0.00974824,0.50779579,USDT
2024-02-20T20:30:00Z,BTC/USDT,sell,52056.54870500,0.00974824,0.50745973,USDT
2024-02-20T21:45:00Z,BTC/USDT,buy,52143.36865500,0.00973313,0.50751819,USDT
2024-02-20T22:00:00Z,BTC/USDT,sell,52010.28185000,0.00973313,0.50622283,USDT
2024-02-21T02:45:00Z,BTC/USDT,buy,52149.82188000,0.00972779,0.50730252,USDT
2024-02-21T03:15:00Z,BTC/USDT,sell,52017.12842500,0.00972779,0.50601170,USDT
2024-02-21T16:15:00Z,BTC/USDT,buy,51234.40440000,0.00990307,0.50737789,USDT
2024-02-21T16:30:00Z,BTC/USDT,sell,51067.29358000,0.00990307,0.50572298,USDT
2024-02-21T18:15:00Z,BTC/USDT,buy,51096.93570000,0.00992487,0.50713044,USDT
2024-02-21T18:30:00Z,BTC/USDT,sell,50812.36111000,0.00992487,0.50430608,USDT
2024-02-21T21:30:00Z,BTC/USDT,buy,51295.24480500,0.00987414,0.50649643,USDT
2024-02-21T21:45:00Z,BTC/USDT,sell,51305.24454500,0.00987414,0.50659517,USDT
2024-02-21T22:00:00Z,BTC/USDT,buy,51395.92512000,0.00985903,0.50671397,USDT
2024-02-21T23:00:00Z,BTC/USDT,sell,51449.97214500,0.00985903,0.50724682,USDT
2024-02-22T01:30:00Z,BTC/USDT,buy,51609.70195500,0.0098271,0.50717370,USDT
2024-02-22T01:30:00Z,BTC/USDT,stop_sell,51307.25960839,0.0098271,0.50420157,USDT
2024-02-22T02:00:00Z,BTC/USDT,buy,51281.71804500,0.00987924,0.50662440,USDT
2024-02-22T04:00:00Z,BTC/USDT,sell,51549.15253000,0.00987924,0.50926645,USDT
2024-02-22T05:30:00Z,BTC/USDT,buy,51655.60489500,0.00980637,0.50655397,USDT
2024-02-22T06:00:00Z,BTC/USDT,sell,51524.01510500,0.00980637,0.50526356,USDT
2024-02-22T16:15:00Z,BTC/USDT,buy,51727.71093000,0.00978807,0.50631446,USDT
2024-02-22T16:15:00Z,BTC/USDT,stop_sell,51420.10672804,0.00978807,0.50330360,USDT
2024-02-22T17:30:00Z,BTC/USDT,buy,51585.82002000,0.00981187,0.50615336,USDT
2024-02-22T22:15:00Z,BTC/USDT,stop_sell,51273.68640339,0.00981187,0.50309075,USDT
2024-02-23T08:15:00Z,BTC/USDT,buy,51179.41692000,0.00988084,0.50569563,USDT
2024-02-23T08:30:00Z,BTC/USDT,sell,51015.82932500,0.00988084,0.50407925,USDT
2024-02-23T12:45:00Z,BTC/USDT,buy,51039.17683500,0.00990686,0.50563798,USDT
2024-02-23T13:00:00Z,BTC/USDT,sell,50984.37506000,0.00990686,0.50509507,USDT
2024-02-23T13:30:00Z,BTC/USDT,buy,51053.78413500,0.00989916,0.50538958,USDT
2024-02-23T14:15:00Z,BTC/USDT,sell,50988.16316500,0.00989916,0.50473999,USDT
2024-02-23T14:30:00Z,BTC/USDT,buy,51283.31884500,0.00986242,0.50577763,USDT
2024-02-23T14:30:00Z,BTC/USDT,stop_sell,51015.99924000,0.00986242,0.50314121,USDT
2024-02-23T15:00:00Z,BTC/USDT,buy,51142.22833500,0.00987257,0.50490523,USDT
2024-02-23T15:15:00Z,BTC/USDT,sell,50913.99027000,0.00987257,0.50265193,USDT
2024-02-23T17:15:00Z,BTC/USDT,buy,51136.18531500,0.0098703,0.50472949,USDT
2024-02-23T18:15:00Z,BTC/USDT,sell,51028.02322500,0.0098703,0.50366190,USDT
2024-02-24T03:45:00Z,BTC/USDT,buy,50843.32896000,0.00992194,0.50446446,USDT
2024-02-24T04:15:00Z,BTC/USDT,sell,50866.91382000,0.00992194,0.50469847,USDT
2024-02-24T13:00:00Z,BTC/USDT,buy,51069.06177000,0.00986761,0.50392958,USDT
2024-02-24T19:45:00Z,BTC/USDT,sell,51561.49635500,0.00986761,0.50878874,USDT
2024-02-25T01:30:00Z,BTC/USDT,buy,51542.36830500,0.00979226,0.50471627,USDT
2024-02-25T03:15:00Z,BTC/USDT,sell,51520.50686000,0.00979226,0.50450220,USDT
2024-02-25T03:45:00Z,BTC/USDT,buy,51632.13316500,0.00977678,0.50479601,USDT
2024-02-25T04:00:00Z,BTC/USDT,sell,51593.53033000,0.00977678,0.50441860,USDT
2024-02-25T05:00:00Z,BTC/USDT,buy,51625.09965000,0.00976895,0.50432302,USDT
2024-02-25T07:00:00Z,BTC/USDT,sell,51743.77517000,0.00976895,0.50548235,USDT
2024-02-25T07:30:00Z,BTC/USDT,buy,51736.11513000,0.00975103,0.50448041,USDT
2024-02-25T08:45:00Z,BTC/USDT,stop_sell,51596.24111679,0.00975103,0.50311650,USDT
2024-02-25T09:00:00Z,BTC/USDT,buy,51635.80500000,0.00976618,0.50428457,USDT
2024-02-25T10:30:00Z,BTC/USDT,sell,51577.98810500,0.00976618,0.50371992,USDT
2024-02-25T20:30:00Z,BTC/USDT,buy,51909.54180000,0.00970964,0.50402296,USDT
2024-02-25T20:45:00Z,BTC/USDT,sell,51794.83962500,0.00970964,0.50290925,USDT
2024-02-25T21:45:00Z,BTC/USDT,buy,51758.94654000,0.00973825,0.50404156,USDT
2024-02-25T22:15:00Z,BTC/USDT,sell,51675.63925500,0.00973825,0.50323029,USDT
2024-02-26T00:45:00Z,BTC/USDT,buy,51773.86399500,0.00974026,0.50429090,USDT
2024-02-26T01:00:00Z,BTC/USDT,sell,51680.78668000,0.00974026,0.50338430,USDT
2024-02-26T06:15:00Z,BTC/USDT,buy,51609.47184000,0.00976066,0.50374251,USDT
2024-02-26T06:30:00Z,BTC/USDT,sell,51496.34894500,0.00976066,0.50263835,USDT
2024-02-26T06:45:00Z,BTC/USDT,buy,51575.68495500,0.00976379,0.50357416,USDT
2024-02-26T07:15:00Z,BTC/USDT,sell,51447.66330000,0.00976379,0.50232418,USDT
2024-02-26T13:30:00Z,BTC/USDT,buy,51421.68799500,0.00979083,0.50346101,USDT
2024-02-26T15:00:00Z,BTC/USDT,sell,51668.44285500,0.00979083,0.50587694,USDT
2024-02-26T15:15:00Z,BTC/USDT,buy,51977.00551500,0.00969142,0.50373099,USDT
2024-02-26T17:30:00Z,BTC/USDT,sell,53221.11613000,0.00969142,0.51578819,USDT
2024-02-26T23:30:00Z,BTC/USDT,buy,54592.25248500,0.00924155,0.50451703,USDT
2024-02-27T01:00:00Z,BTC/USDT,sell,54510.76098500,0.00924155,0.50376392,USDT
2024-02-27T01:15:00Z,BTC/USDT,buy,54722.73769500,0.00921717,0.50438878,USDT
2024-02-27T07:00:00Z,BTC/USDT,sell,56365.28326000,0.00921717,0.51952840,USDT
2024-02-27T08:45:00Z,BTC/USDT,buy,56427.96988500,0.00895617,0.50537849,USDT
2024-02-27T11:15:00Z,BTC/USDT,sell,56440.00588000,0.00895617,0.50548629,USDT
2024-02-27T12:00:00Z,BTC/USDT,buy,56546.17896000,0.00893638,0.50531814,USDT
2024-02-27T13:00:00Z,BTC/USDT,sell,56732.71945000,0.00893638,0.50698514,USDT
2024-02-27T13:15:00Z,BTC/USDT,buy,56991.67159500,0.00887084,0.50556400,USDT
2024-02-27T16:00:00Z,BTC/USDT,stop_sell,56496.97916482,0.00887084,0.50117566,USDT
2024-02-27T16:30:00Z,BTC/USDT,buy,56878.42500000,0.0088745,0.50476758,USDT
2024-02-27T17:30:00Z,BTC/USDT,sell,57067.77184000,0.0088745,0.50644794,USDT
2024-02-27T17:45:00Z,BTC/USDT,buy,56828.70015000,0.00888604,0.50498210,USDT
2024-02-27T18:00:00Z,BTC/USDT,sell,56743.70395500,0.00888604,0.50422682,USDT
2024-02-27T18:15:00Z,BTC/USDT,buy,56966.94924000,0.00886607,0.50507296,USDT
2024-02-27T18:45:00Z,BTC/USDT,sell,56989.23113000,0.00886607,0.50527051,USDT
2024-02-27T19:00:00Z,BTC/USDT,buy,57068.43996000,0.00884506,0.50477378,USDT
2024-02-27T21:15:00Z,BTC/USDT,sell,56794.40859000,0.00884506,0.50234995,USDT
2024-02-28T01:30:00Z,BTC/USDT,buy,57006.88920000,0.00885474,0.50478118,USDT
2024-02-28T01:45:00Z,BTC/USDT,sell,56808.15171500,0.00885474,0.50302141,USDT
2024-02-28T02:00:00Z,BTC/USDT,buy,56803.35748500,0.00887699,0.50424284,USDT
2024-02-28T03:15:00Z,BTC/USDT,sell,56887.26214000,0.00887699,0.50498766,USDT
2024-02-28T03:45:00Z,BTC/USDT,buy,56958.46500000,0.00885156,0.50417127,USDT
2024-02-28T04:15:00Z,BTC/USDT,sell,56935.10820500,0.00885156,0.50396453,USDT
2024-02-28T09:00:00Z,BTC/USDT,buy,59454.71250000,0.00847972,0.50415931,USDT
2024-02-28T09:15:00Z,BTC/USDT,stop_sell,59031.83717321,0.00847972,0.50057345,USDT
2024-02-28T09:30:00Z,BTC/USDT,buy,59090.00023500,0.00852584,0.50379189,USDT
2024-02-28T11:45:00Z,BTC/USDT,stop_sell,58592.25278964,0.00852584,0.49954817,USDT
2024-02-28T12:00:00Z,BTC/USDT,buy,59011.89120000,0.00854138,0.50404299,USDT
2024-02-28T13:45:00Z,BTC/USDT,sell,59796.05701500,0.00854138,0.51074085,USDT
2024-02-28T14:45:00Z,BTC/USDT,buy,60371.69076000,0.00834541,0.50382651,USDT
2024-02-28T17:30:00Z,BTC/USDT,stop_sell,59781.61959446,0.00834541,0.49890213,USDT
2024-02-28T18:00:00Z,BTC/USDT,buy,61399.82457000,0.00819751,0.50332568,USDT
2024-02-28T18:00:00Z,BTC/USDT,stop_sell,59951.76697821,0.00819751,0.49145521,USDT
2024-02-28T18:15:00Z,BTC/USDT,buy,60082.91644500,0.00836049,0.50232262,USDT
2024-02-28T18:30:00Z,BTC/USDT,sell,59571.96911500,0.00836049,0.49805085,USDT
2024-02-28T18:45:00Z,BTC/USDT,buy,60656.46307500,0.00827446,0.50189948,USDT
2024-02-28T19:45:00Z,BTC/USDT,sell,60725.76193000,0.00827446,0.50247289,USDT
2024-02-29T00:00:00Z,BTC/USDT,buy,62527.12794000,0.00803698,0.50252928,USDT
2024-02-29T00:00:00Z,BTC/USDT,stop_sell,61669.04683732,0.00803698,0.49563290,USDT
2024-02-29T07:15:00Z,BTC/USDT,buy,63071.52000000,0.00794708,0.50123442,USDT
2024-02-29T07:30:00Z,BTC/USDT,stop_sell,62469.18692429,0.00794708,0.49644763,USDT
2024-02-29T07:45:00Z,BTC/USDT,buy,62673.22095000,0.00798585,0.50049894,USDT
2024-02-29T08:00:00Z,BTC/USDT,sell,62573.59755000,0.00798585,0.49970336,USDT
2024-02-29T14:00:00Z,BTC/USDT,buy,62931.18987000,0.00794701,0.50011480,USDT
2024-02-29T14:45:00Z,BTC/USDT,sell,62973.99725000,0.00794701,0.50045499,USDT
2024-02-29T15:15:00Z,BTC/USDT,buy,62683.71619500,0.00798568,0.50057210,USDT
2024-02-29T16:00:00Z,BTC/USDT,sell,62782.78290500,0.00798568,0.50136321,USDT
2024-02-29T22:30:00Z,BTC/USDT,buy,61057.52350500,0.00819814,0.50055813,USDT
2024-02-29T22:45:00Z,BTC/USDT,sell,60744.11275000,0.00819814,0.49798874,USDT
2024-02-29T23:15:00Z,BTC/USDT,buy,61292.22079500,0.00816208,0.50027201,USDT
2024-03-01T01:00:00Z,BTC/USDT,sell,61434.19753500,0.00816208,0.50143084,USDT
2024-03-01T07:00:00Z,BTC/USDT,buy,61612.82101500,0.00813036,0.50093442,USDT
2024-03-01T12:00:00Z,BTC/USDT,sell,61782.33338000,0.00813036,0.50231261,USDT
2024-03-01T13:15:00Z,BTC/USDT,buy,62412.32056500,0.00801627,0.50031401,USDT
2024-03-01T13:30:00Z,BTC/USDT,sell,62542.69301000,0.00801627,0.50135911,USDT
2024-03-01T19:30:00Z,BTC/USDT,buy,62031.00000000,0.00806562,0.50031847,USDT
2024-03-02T00:45:00Z,BTC/USDT,sell,62135.67662000,0.00806562,0.50116276,USDT
2024-03-02T01:00:00Z,BTC/USDT,buy,62320.98492000,0.00802789,0.50030601,USDT
2024-03-02T01:00:00Z,BTC/USDT,stop_sell,62007.58891018,0.00802789,0.49779010,USDT
2024-03-02T12:15:00Z,BTC/USDT,buy,61911.34020000,0.00807646,0.50002446,USDT
2024-03-02T13:30:00Z,BTC/USDT,sell,61844.49228500,0.00807646,0.49948457,USDT
2024-03-02T14:30:00Z,BTC/USDT,buy,61793.03107500,0.00809097,0.49996556,USDT
2024-03-02T16:00:00Z,BTC/USDT,sell,61748.40035500,0.00809097,0.49960445,USDT
2024-03-02T21:30:00Z,BTC/USDT,buy,61918.63384500,0.00807176,0.49979235,USDT
2024-03-02T22:00:00Z,BTC/USDT,sell,61813.76765500,0.00807176,0.49894590,USDT
2024-03-02T23:30:00Z,BTC/USDT,buy,62036.38269000,0.00805567,0.49974463,USDT
2024-03-03T00:15:00Z,BTC/USDT,sell,61877.68568000,0.00805567,0.49846622,USDT
2024-03-03T01:15:00Z,BTC/USDT,buy,61945.26715500,0.00806297,0.49946283,USDT
2024-03-03T01:30:00Z,BTC/USDT,sell,61821.54376500,0.00806297,0.49846525,USDT
2024-03-03T06:30:00Z,BTC/USDT,buy,62021.30515500,0.00804953,0.49924236,USDT
2024-03-03T07:00:00Z,BTC/USDT,stop_sell,61817.39262732,0.00804953,0.49760096,USDT
2024-03-03T07:15:00Z,BTC/USDT,buy,61930.42974000,0.00805925,0.49911282,USDT
2024-03-03T07:15:00Z,BTC/USDT,stop_sell,61717.32018857,0.00805925,0.49739531,USDT
2024-03-03T12:30:00Z,BTC/USDT,buy,62356.16250000,0.0080004,0.49887424,USDT
2024-03-03T12:45:00Z,BTC/USDT,sell,62314.62710000,0.0080004,0.49854194,USDT
2024-03-03T13:45:00Z,BTC/USDT,buy,62258.91390000,0.00801261,0.49885640,USDT
2024-03-03T14:00:00Z,BTC/USDT,sell,62331.96842500,0.00801261,0.49944175,USDT
2024-03-03T14:30:00Z,BTC/USDT,buy,62384.76679500,0.00799954,0.49904944,USDT
2024-03-03T16:00:00Z,BTC/USDT,stop_sell,62022.91481482,0.00799954,0.49615479,USDT
2024-03-03T17:00:00Z,BTC/USDT,buy,62531.25000000,0.00797079,0.49842346,USDT
2024-03-03T23:00:00Z,BTC/USDT,sell,62801.69344500,0.00797079,0.50057911,USDT
2024-03-03T23:15:00Z,BTC/USDT,buy,62874.12135000,0.0079288,0.49851633,USDT
2024-03-04T00:45:00Z,BTC/USDT,stop_sell,62558.62718179,0.0079288,0.49601484,USDT
2024-03-04T01:00:00Z,BTC/USDT,buy,63395.93212500,0.00784844,0.49755917,USDT
2024-03-04T05:30:00Z,BTC/USDT,sell,63325.51140500,0.00784844,0.49700648,USDT
2024-03-04T06:45:00Z,BTC/USDT,buy,63560.25424500,0.00783685,0.49811218,USDT
2024-03-04T07:30:00Z,BTC/USDT,sell,63667.15050000,0.00783685,0.49894991,USDT
2024-03-04T07:45:00Z,BTC/USDT,buy,63957.04254000,0.00778135,0.49767213,USDT
2024-03-04T13:00:00Z,BTC/USDT,sell,65069.63890500,0.00778135,0.50632963,USDT
2024-03-04T13:15:00Z,BTC/USDT,buy,65402.83507500,0.00762527,0.49871428,USDT
2024-03-04T14:00:00Z,BTC/USDT,stop_sell,64997.72202429,0.00762527,0.49562518,USDT
2024-03-04T14:15:00Z,BTC/USDT,buy,65242.11475500,0.00763422,0.49807266,USDT
2024-03-04T22:15:00Z,BTC/USDT,sell,67499.52335500,0.00763422,0.51530621,USDT
2024-03-04T22:30:00Z,BTC/USDT,buy,67322.13424500,0.00741121,0.49893847,USDT
2024-03-04T23:00:00Z,BTC/USDT,sell,67687.14949500,0.00741121,0.50164368,USDT
2024-03-05T00:00:00Z,BTC/USDT,buy,68083.94496000,0.00733019,0.49906825,USDT
2024-03-05T00:30:00Z,BTC/USDT,stop_sell,67505.19087696,0.00733019,0.49482588,USDT
2024-03-05T01:00:00Z,BTC/USDT,buy,67743.75495000,0.00737191,0.49940086,USDT
2024-03-05T04:00:00Z,BTC/USDT,sell,67966.00000000,0.00737191,0.50103924,USDT
2024-03-05T04:30:00Z,BTC/USDT,buy,67976.00101500,0.00735429,0.49991522,USDT
2024-03-05T04:45:00Z,BTC/USDT,sell,67633.71622500,0.00735429,0.49739796,USDT
2024-03-05T11:00:00Z,BTC/USDT,buy,66889.13785500,0.00745748,0.49882441,USDT
2024-03-05T11:15:00Z,BTC/USDT,sell,66696.07528000,0.00745748,0.49738465,USDT
2024-03-05T12:15:00Z,BTC/USDT,buy,67040.33341500,0.00745479,0.49977161,USDT
2024-03-05T13:00:00Z,BTC/USDT,sell,67195.50544000,0.00745479,0.50092838,USDT
2024-03-05T13:15:00Z,BTC/USDT,buy,67533.75000000,0.00738872,0.49898797,USDT
2024-03-05T15:30:00Z,BTC/USDT,stop_sell,67077.60263518,0.00738872,0.49561762,USDT
2024-03-05T23:45:00Z,BTC/USDT,buy,64103.09553000,0.00777961,0.49869708,USDT
2024-03-06T01:00:00Z,BTC/USDT,sell,63442.31297500,0.00777961,0.49355645,USDT
2024-03-06T01:15:00Z,BTC/USDT,buy,63566.31727500,0.00784584,0.49873115,USDT
2024-03-06T02:00:00Z,BTC/USDT,sell,63145.24158500,0.00784584,0.49542746,USDT
2024-03-06T03:30:00Z,BTC/USDT,buy,63282.20529000,0.00786637,0.49780124,USDT
2024-03-06T03:45:00Z,BTC/USDT,sell,63127.88027000,0.00786637,0.49658726,USDT
2024-03-06T05:00:00Z,BTC/USDT,buy,64615.40155500,0.00770158,0.49764068,USDT
2024-03-06T09:45:00Z,BTC/USDT,sell,66647.15975000,0.00770158,0.51328843,USDT
2024-03-06T10:15:00Z,BTC/USDT,buy,66457.70224500,0.00750892,0.49902557,USDT
2024-03-06T11:00:00Z,BTC/USDT,sell,66648.24920500,0.00750892,0.50045637,USDT
2024-03-06T11:30:00Z,BTC/USDT,buy,67150.74859500,0.00742493,0.49858961,USDT
2024-03-06T12:30:00Z,BTC/USDT,stop_sell,66425.75193786,0.00742493,0.49320656,USDT
2024-03-06T14:30:00Z,BTC/USDT,buy,66850.93876500,0.00745424,0.49832294,USDT
2024-03-06T15:00:00Z,BTC/USDT,sell,65966.60020000,0.00745424,0.49173087,USDT
2024-03-06T17:00:00Z,BTC/USDT,buy,67089.78813000,0.00741553,0.49750634,USDT
2024-03-06T18:15:00Z,BTC/USDT,sell,66988.05921500,0.00741553,0.49675196,USDT
2024-03-06T18:30:00Z,BTC/USDT,buy,67160.83363500,0.00741437,0.49795527,USDT
2024-03-06T18:45:00Z,BTC/USDT,sell,66835.56550000,0.00741437,0.49554361,USDT
2024-03-07T08:15:00Z,BTC/USDT,buy,66819.45303000,0.00745256,0.49797598,USDT
2024-03-07T13:00:00Z,BTC/USDT,sell,66692.15724000,0.00745256,0.49702730,USDT
2024-03-07T13:30:00Z,BTC/USDT,buy,66886.90674000,0.00743407,0.49724195,USDT
2024-03-07T15:15:00Z,BTC/USDT,sell,66981.99225000,0.00743407,0.49794882,USDT
2024-03-07T19:00:00Z,BTC/USDT,buy,67688.48733000,0.00735168,0.49762410,USDT
2024-03-07T19:15:00Z,BTC/USDT,sell,67610.79769000,0.00735168,0.49705295,USDT
2024-03-07T20:15:00Z,BTC/USDT,buy,67679.71294500,0.0073434,0.49699920,USDT
2024-03-07T20:45:00Z,BTC/USDT,sell,67729.90810500,0.0073434,0.49736781,USDT
2024-03-07T21:30:00Z,BTC/USDT,buy,67284.62550000,0.00739021,0.49724751,USDT
2024-03-07T22:00:00Z,BTC/USDT,sell,67125.22060000,0.00739021,0.49606948,USDT
2024-03-08T03:30:00Z,BTC/USDT,buy,67236.38139000,0.0073853,0.49656085,USDT
2024-03-08T04:00:00Z,BTC/USDT,sell,67093.75634000,0.0073853,0.49550752,USDT
2024-03-08T04:30:00Z,BTC/USDT,buy,67182.49446000,0.00739199,0.49661233,USDT
2024-03-08T05:30:00Z,BTC/USDT,stop_sell,66839.03055232,0.00739199,0.49407345,USDT
2024-03-08T06:45:00Z,BTC/USDT,buy,67220.90365500,0.00738356,0.49632958,USDT
2024-03-08T08:00:00Z,BTC/USDT,sell,67209.08864500,0.00738356,0.49624234,USDT
2024-03-08T09:00:00Z,BTC/USDT,buy,67269.43791000,0.00738265,0.49662672,USDT
2024-03-08T11:00:00Z,BTC/USDT,sell,67266.35999500,0.00738265,0.49660399,USDT
2024-03-08T16:00:00Z,BTC/USDT,buy,67660.61340000,0.00733188,0.49607950,USDT
2024-03-08T16:00:00Z,BTC/USDT,stop_sell,66801.82345089,0.00733188,0.48978295,USDT
2024-03-08T17:00:00Z,BTC/USDT,buy,67835.29069500,0.00730562,0.49557886,USDT
2024-03-08T20:15:00Z,BTC/USDT,sell,69104.62040500,0.00730562,0.50485210,USDT
2024-03-08T20:30:00Z,BTC/USDT,buy,69058.74211500,0.00719374,0.49679064,USDT
2024-03-08T21:45:00Z,BTC/USDT,stop_sell,68304.53886018,0.00719374,0.49136509,USDT
2024-03-08T22:00:00Z,BTC/USDT,buy,68178.43218000,0.00726758,0.49549221,USDT
2024-03-08T22:15:00Z,BTC/USDT,sell,68245.67009500,0.00726758,0.49598087,USDT
2024-03-09T12:45:00Z,BTC/USDT,buy,68334.54019500,0.00724915,0.49536733,USDT
2024-03-09T13:15:00Z,BTC/USDT,sell,68370.11784000,0.00724915,0.49562524,USDT
2024-03-09T19:15:00Z,BTC/USDT,buy,68312.13900000,0.00725692,0.49573573,USDT
2024-03-09T20:30:00Z,BTC/USDT,sell,68279.64310000,0.00725692,0.49549991,USDT
2024-03-09T20:45:00Z,BTC/USDT,buy,68308.53720000,0.00725012,0.49524509,USDT
2024-03-09T23:00:00Z,BTC/USDT,sell,68349.22829000,0.00725012,0.49554011,USDT
2024-03-09T23:15:00Z,BTC/USDT,buy,68434.18999500,0.00724017,0.49547517,USDT
2024-03-10T00:30:00Z,BTC/USDT,stop_sell,68218.41480089,0.00724017,0.49391292,USDT
2024-03-10T00:45:00Z,BTC/USDT,buy,68289.60774000,0.00725141,0.49519594,USDT
2024-03-10T01:00:00Z,BTC/USDT,sell,68298.38372500,0.00725141,0.49525958,USDT
2024-03-10T02:00:00Z,BTC/USDT,buy,68996.18085000,0.00717858,0.49529460,USDT
2024-03-10T02:45:00Z,BTC/USDT,stop_sell,68615.65215429,0.00717858,0.49256295,USDT
2024-03-10T07:45:00Z,BTC/USDT,buy,69301.47342000,0.00714125,0.49489915,USDT
2024-03-10T09:00:00Z,BTC/USDT,sell,69583.78070500,0.00714125,0.49691517,USDT
2024-03-10T09:45:00Z,BTC/USDT,buy,69720.85300500,0.00710089,0.49508011,USDT
2024-03-10T12:30:00Z,BTC/USDT,stop_sell,69378.04719464,0.00710089,0.49264588,USDT
2024-03-10T12:45:00Z,BTC/USDT,buy,69654.39979500,0.00709738,0.49436374,USDT
2024-03-10T13:45:00Z,BTC/USDT,sell,69615.91463000,0.00709738,0.49409060,USDT
2024-03-10T16:45:00Z,BTC/USDT,buy,69637.93156500,0.0071025,0.49460341,USDT
2024-03-10T17:00:00Z,BTC/USDT,sell,69450.32746500,0.0071025,0.49327095,USDT
2024-03-10T18:45:00Z,BTC/USDT,buy,69370.89811500,0.00712296,0.49412613,USDT
2024-03-10T19:00:00Z,BTC/USDT,sell,69191.36701000,0.00712296,0.49284734,USDT
2024-03-11T05:15:00Z,BTC/USDT,buy,68760.26295000,0.00718786,0.49423914,USDT
2024-03-11T13:00:00Z,BTC/USDT,sell,71945.22939000,0.00718786,0.51713224,USDT
2024-03-11T13:30:00Z,BTC/USDT,buy,72233.27859000,0.00686718,0.49603893,USDT
2024-03-11T13:30:00Z,BTC/USDT,stop_sell,71662.44085500,0.00686718,0.49211888,USDT
2024-03-11T14:15:00Z,BTC/USDT,buy,72262.11300000,0.00685621,0.49544422,USDT
2024-03-11T20:00:00Z,BTC/USDT,sell,71959.18241000,0.00685621,0.49336727,USDT
2024-03-11T20:45:00Z,BTC/USDT,buy,72127.24560000,0.00686108,0.49487080,USDT
2024-03-11T21:00:00Z,BTC/USDT,sell,72047.01847000,0.00686108,0.49432036,USDT
2024-03-12T01:15:00Z,BTC/USDT,buy,72245.54472000,0.00684756,0.49470570,USDT
2024-03-12T02:15:00Z,BTC/USDT,sell,72249.84700500,0.00684756,0.49473516,USDT
2024-03-12T09:30:00Z,BTC/USDT,buy,72040.07203500,0.00687329,0.49515231,USDT
2024-03-12T10:00:00Z,BTC/USDT,sell,71914.02500000,0.00687329,0.49428595,USDT
2024-03-12T11:00:00Z,BTC/USDT,buy,71891.57782500,0.0068854,0.49500227,USDT
2024-03-12T11:45:00Z,BTC/USDT,sell,72056.13391000,0.0068854,0.49613530,USDT
2024-03-12T12:45:00Z,BTC/USDT,buy,72169.16655000,0.00685909,0.49501481,USDT
2024-03-12T13:45:00Z,BTC/USDT,sell,71802.53077500,0.00685909,0.49250002,USDT
2024-03-12T14:00:00Z,BTC/USDT,buy,72316.46016000,0.0068439,0.49492662,USDT
2024-03-12T14:00:00Z,BTC/USDT,stop_sell,71757.32053429,0.0068439,0.49109993,USDT
2024-03-12T15:15:00Z,BTC/USDT,buy,72004.27414500,0.00687213,0.49482273,USDT
2024-03-12T16:00:00Z,BTC/USDT,sell,71736.97357000,0.00687213,0.49298581,USDT
2024-03-13T00:45:00Z,BTC/USDT,buy,71553.02863500,0.00690569,0.49412303,USDT
2024-03-13T02:30:00Z,BTC/USDT,sell,71800.26191000,0.00690569,0.49583035,USDT
2024-03-13T04:00:00Z,BTC/USDT,buy,72078.82140000,0.00686236,0.49463082,USDT
2024-03-13T12:45:00Z,BTC/USDT,sell,72671.13625500,0.00686236,0.49869550,USDT
2024-03-14T06:00:00Z,BTC/USDT,buy,73208.19580500,0.0067537,0.49442619,USDT
2024-03-14T09:00:00Z,BTC/USDT,sell,73275.04415000,0.0067537,0.49487767,USDT
2024-03-14T23:00:00Z,BTC/USDT,buy,71587.78600500,0.00690597,0.49438310,USDT
2024-03-15T00:45:00Z,BTC/USDT,sell,71874.87458500,0.00690597,0.49636573,USDT
2024-03-15T08:15:00Z,BTC/USDT,buy,68456.50114500,0.00722018,0.49426826,USDT
2024-03-15T08:30:00Z,BTC/USDT,sell,67660.69273000,0.00722018,0.48852238,USDT
2024-03-15T09:30:00Z,BTC/USDT,buy,67118.12229000,0.00736699,0.49445854,USDT
2024-03-15T10:00:00Z,BTC/USDT,sell,67829.44831000,0.00736699,0.49969887,USDT
2024-03-15T10:30:00Z,BTC/USDT,buy,67804.09510500,0.00728764,0.49413184,USDT
2024-03-15T11:00:00Z,BTC/USDT,sell,67300.96268500,0.00728764,0.49046519,USDT
2024-03-15T13:15:00Z,BTC/USDT,buy,67968.12708000,0.00726205,0.49358794,USDT
2024-03-15T14:15:00Z,BTC/USDT,sell,67985.84007500,0.00726205,0.49371657,USDT
2024-03-15T21:00:00Z,BTC/USDT,buy,67983.50476500,0.00727319,0.49445695,USDT
2024-03-15T21:30:00Z,BTC/USDT,sell,67937.04448500,0.00727319,0.49411903,USDT
2024-03-15T21:45:00Z,BTC/USDT,buy,68087.35666500,0.00724158,0.49306004,USDT
2024-03-15T23:15:00Z,BTC/USDT,sell,68866.68943000,0.00724158,0.49870364,USDT
2024-03-16T00:30:00Z,BTC/USDT,buy,69889.43725500,0.00707152,0.49422455,USDT
2024-03-16T01:30:00Z,BTC/USDT,stop_sell,69216.28454500,0.00707152,0.48946434,USDT
2024-03-16T02:30:00Z,BTC/USDT,buy,69126.93619500,0.00714244,0.49373499,USDT
2024-03-16T04:15:00Z,BTC/USDT,sell,69059.14315500,0.00714244,0.49325079,USDT
2024-03-16T16:00:00Z,BTC/USDT,buy,68375.24053500,0.00721761,0.49350582,USDT
2024-03-16T16:30:00Z,BTC/USDT,sell,68232.85650500,0.00721761,0.49247815,USDT
2024-03-16T17:00:00Z,BTC/USDT,buy,68232.09900000,0.00723038,0.49334400,USDT
2024-03-16T17:15:00Z,BTC/USDT,sell,68081.32231000,0.00723038,0.49225383,USDT
2024-03-17T05:30:00Z,BTC/USDT,buy,66474.71074500,0.00741863,0.49315128,USDT
2024-03-17T05:30:00Z,BTC/USDT,stop_sell,66091.73474429,0.00741863,0.49031013,USDT
2024-03-17T05:45:00Z,BTC/USDT,buy,66235.62126000,0.00745183,0.49357659,USDT
2024-03-17T06:00:00Z,BTC/USDT,sell,66215.08589500,0.00745183,0.49342356,USDT
2024-03-17T17:15:00Z,BTC/USDT,buy,68017.14157500,0.0072369,0.49223325,USDT
2024-03-17T18:00:00Z,BTC/USDT,sell,68560.44263000,0.0072369,0.49616507,USDT
2024-03-17T19:15:00Z,BTC/USDT,buy,68273.48968500,0.00722137,0.49302813,USDT
2024-03-17T19:45:00Z,BTC/USDT,sell,68310.11785500,0.00722137,0.49329264,USDT
2024-03-18T19:30:00Z,BTC/USDT,buy,67333.65000000,0.00732123,0.49296514,USDT
2024-03-18T20:30:00Z,BTC/USDT,sell,67193.44647000,0.00732123,0.49193868,USDT
2024-03-18T21:30:00Z,BTC/USDT,buy,67702.61439000,0.00727893,0.49280259,USDT
2024-03-18T22:00:00Z,BTC/USDT,sell,67575.14552500,0.00727893,0.49187475,USDT
2024-03-18T23:00:00Z,BTC/USDT,buy,67663.81500000,0.00728416,0.49287405,USDT
2024-03-19T00:45:00Z,BTC/USDT,stop_sell,67208.45431946,0.00728416,0.48955713,USDT
2024-03-19T17:30:00Z,BTC/USDT,buy,65597.90256000,0.00749391,0.49158478,USDT
2024-03-19T17:30:00Z,BTC/USDT,stop_sell,64806.96495054,0.00749391,0.48565756,USDT
2024-03-19T18:00:00Z,BTC/USDT,buy,64956.00177000,0.00757056,0.49175331,USDT
2024-03-19T18:15:00Z,BTC/USDT,sell,64328.92944500,0.00757056,0.48700602,USDT
2024-03-19T18:30:00Z,BTC/USDT,buy,64877.43250500,0.00758802,0.49229126,USDT
2024-03-19T20:00:00Z,BTC/USDT,stop_sell,63837.69696982,0.00758802,0.48440172,USDT
2024-03-20T04:15:00Z,BTC/USDT,buy,62282.82585000,0.00787245,0.49031843,USDT
2024-03-20T04:30:00Z,BTC/USDT,sell,61762.98306000,0.00787245,0.48622600,USDT
2024-03-20T12:30:00Z,BTC/USDT,buy,64087.20759000,0.0076553,0.49060680,USDT
2024-03-20T13:30:00Z,BTC/USDT,stop_sell,63368.11937607,0.0076553,0.48510196,USDT
2024-03-20T14:00:00Z,BTC/USDT,buy,63581.12467500,0.00769142,0.48902913,USDT
2024-03-20T14:45:00Z,BTC/USDT,sell,63962.01299500,0.00769142,0.49195871,USDT
2024-03-20T16:00:00Z,BTC/USDT,buy,63577.55289000,0.00770426,0.48981800,USDT
2024-03-20T16:15:00Z,BTC/USDT,sell,63600.23397500,0.00770426,0.48999274,USDT
2024-03-20T17:30:00Z,BTC/USDT,buy,64162.55524500,0.00762449,0.48920676,USDT
2024-03-20T19:45:00Z,BTC/USDT,sell,65555.49585500,0.00762449,0.49982722,USDT
2024-03-20T20:00:00Z,BTC/USDT,buy,65809.65838500,0.00745368,0.49052413,USDT
2024-03-20T21:30:00Z,BTC/USDT,sell,67802.05201500,0.00745368,0.50537480,USDT
2024-03-21T08:15:00Z,BTC/USDT,buy,67423.97514000,0.00730031,0.49221592,USDT
2024-03-21T09:30:00Z,BTC/USDT,stop_sell,66781.28765250,0.00730031,0.48752410,USDT
2024-03-21T10:00:00Z,BTC/USDT,buy,66926.44650000,0.00734418,0.49151987,USDT
2024-03-21T10:30:00Z,BTC/USDT,sell,66824.49104000,0.00734418,0.49077109,USDT
2024-03-21T23:00:00Z,BTC/USDT,buy,65414.91111000,0.00750143,0.49070538,USDT
2024-03-21T23:15:00Z,BTC/USDT,sell,65492.17753000,0.00750143,0.49128499,USDT
2024-03-22T01:00:00Z,BTC/USDT,buy,65764.26570000,0.00746621,0.49100982,USDT
2024-03-22T01:45:00Z,BTC/USDT,stop_sell,65275.80184339,0.00746621,0.48736284,USDT
2024-03-22T02:15:00Z,BTC/USDT,buy,65270.74906500,0.00751446,0.49047443,USDT
2024-03-22T02:45:00Z,BTC/USDT,sell,65466.20052500,0.00751446,0.49194315,USDT
2024-03-22T03:00:00Z,BTC/USDT,buy,65758.96305000,0.00746121,0.49064143,USDT
2024-03-22T07:00:00Z,BTC/USDT,sell,66424.07135000,0.00746121,0.49560395,USDT
2024-03-22T09:15:00Z,BTC/USDT,buy,65987.70736500,0.00743741,0.49077763,USDT
2024-03-22T09:30:00Z,BTC/USDT,stop_sell,65655.15635696,0.00743741,0.48830432,USDT
2024-03-22T18:45:00Z,BTC/USDT,buy,63753.45079500,0.0076877,0.49011740,USDT
2024-03-22T19:00:00Z,BTC/USDT,sell,63640.88364000,0.0076877,0.48925202,USDT
2024-03-23T05:15:00Z,BTC/USDT,buy,63854.99154000,0.00767495,0.49008387,USDT
2024-03-23T08:30:00Z,BTC/USDT,sell,64411.26825500,0.00767495,0.49435326,USDT
2024-03-23T09:00:00Z,BTC/USDT,buy,64532.25000000,0.00760603,0.49083423,USDT
2024-03-23T09:30:00Z,BTC/USDT,sell,64360.80350000,0.00760603,0.48953020,USDT
2024-03-23T12:15:00Z,BTC/USDT,buy,64643.71570500,0.00758132,0.49008469,USDT
2024-03-23T13:30:00Z,BTC/USDT,sell,64532.30770500,0.00758132,0.48924008,USDT
2024-03-23T14:00:00Z,BTC/USDT,buy,64665.71670000,0.00759192,0.49093695,USDT
2024-03-23T19:30:00Z,BTC/USDT,sell,65096.60541500,0.00759192,0.49420822,USDT
2024-03-23T20:15:00Z,BTC/USDT,buy,64783.13538000,0.00756857,0.49031569,USDT
2024-03-23T20:30:00Z,BTC/USDT,sell,64716.03579500,0.00756857,0.48980785,USDT
2024-03-24T07:45:00Z,BTC/USDT,buy,64300.49418000,0.0076294,0.49057419,USDT
2024-03-24T09:30:00Z,BTC/USDT,sell,64850.14870500,0.0076294,0.49476772,USDT
2024-03-24T09:45:00Z,BTC/USDT,buy,64929.96876000,0.0075533,0.49043553,USDT
2024-03-24T13:15:00Z,BTC/USDT,sell,65417.27500000,0.0075533,0.49411630,USDT
2024-03-24T18:15:00Z,BTC/USDT,buy,65643.08514000,0.00748299,0.49120655,USDT
2024-03-24T22:45:00Z,BTC/USDT,sell,66777.82438500,0.00748299,0.49969779,USDT
2024-03-24T23:15:00Z,BTC/USDT,buy,67300.57347000,0.00729075,0.49067166,USDT
2024-03-25T00:00:00Z,BTC/USDT,sell,67146.80980000,0.00729075,0.48955060,USDT
2024-03-25T00:30:00Z,BTC/USDT,buy,66789.18790500,0.00735034,0.49092324,USDT
2024-03-25T00:30:00Z,BTC/USDT,stop_sell,66422.96154804,0.00735034,0.48823135,USDT
2024-03-25T12:30:00Z,BTC/USDT,buy,67092.22935000,0.00731486,0.49077026,USDT
2024-03-25T13:00:00Z,BTC/USDT,sell,67047.95925000,0.00731486,0.49044644,USDT
2024-03-25T15:15:00Z,BTC/USDT,buy,69323.49442500,0.00709237,0.49166787,USDT
2024-03-25T21:15:00Z,BTC/USDT,stop_sell,68526.54066089,0.00709237,0.48601558,USDT
2024-03-25T22:45:00Z,BTC/USDT,buy,70594.30951500,0.00694879,0.49054503,USDT
2024-03-25T23:00:00Z,BTC/USDT,sell,70268.94795000,0.00694879,0.48828416,USDT
2024-03-26T19:15:00Z,BTC/USDT,buy,69832.75893000,0.00701719,0.49002974,USDT
2024-03-26T19:30:00Z,BTC/USDT,sell,69789.16796000,0.00701719,0.48972385,USDT
2024-03-26T21:15:00Z,BTC/USDT,buy,69946.41573000,0.00700796,0.49018168,USDT
2024-03-26T21:45:00Z,BTC/USDT,sell,70100.42225500,0.00700796,0.49126096,USDT
2024-03-27T00:30:00Z,BTC/USDT,buy,70148.04649500,0.00698636,0.49007951,USDT
2024-03-27T01:00:00Z,BTC/USDT,sell,70456.96389500,0.00698636,0.49223771,USDT
2024-03-27T02:45:00Z,BTC/USDT,buy,70437.47113500,0.00696057,0.49028495,USDT
2024-03-27T05:30:00Z,BTC/USDT,sell,70243.29078500,0.00696057,0.48893334,USDT
2024-03-27T07:00:00Z,BTC/USDT,buy,70314.13950000,0.00696641,0.48983712,USDT
2024-03-27T07:00:00Z,BTC/USDT,stop_sell,70028.23729411,0.00696641,0.48784541,USDT
2024-03-27T12:00:00Z,BTC/USDT,buy,70273.77933000,0.00698015,0.49052152,USDT
2024-03-27T13:45:00Z,BTC/USDT,sell,70565.12978500,0.00698015,0.49255519,USDT
2024-03-28T02:00:00Z,BTC/USDT,buy,69447.17623500,0.00706334,0.49052902,USDT
2024-03-28T02:45:00Z,BTC/USDT,stop_sell,68919.61188411,0.00706334,0.48680265,USDT
2024-03-28T03:00:00Z,BTC/USDT,buy,69190.95819000,0.00707905,0.48980625,USDT
2024-03-28T03:30:00Z,BTC/USDT,sell,69187.45896500,0.00707905,0.48978148,USDT
2024-03-28T04:15:00Z,BTC/USDT,buy,69574.96009500,0.00703864,0.48971310,USDT
2024-03-28T05:15:00Z,BTC/USDT,sell,69625.13002000,0.00703864,0.49006623,USDT
2024-03-28T05:30:00Z,BTC/USDT,buy,69814.58985000,0.00700609,0.48912730,USDT
2024-03-28T07:00:00Z,BTC/USDT,sell,70338.93294000,0.00700609,0.49280089,USDT
2024-03-28T07:15:00Z,BTC/USDT,buy,70281.63325500,0.00696011,0.48916790,USDT
2024-03-28T07:45:00Z,BTC/USDT,sell,70300.73205000,0.00696011,0.48930083,USDT
2024-03-28T11:45:00Z,BTC/USDT,buy,70621.75323000,0.00693883,0.49003234,USDT
2024-03-28T13:00:00Z,BTC/USDT,stop_sell,70152.54332429,0.00693883,0.48677657,USDT
2024-03-28T13:15:00Z,BTC/USDT,buy,70679.02185000,0.00692209,0.48924655,USDT
2024-03-28T13:15:00Z,BTC/USDT,stop_sell,70217.66503286,0.00692209,0.48605300,USDT
2024-03-28T13:30:00Z,BTC/USDT,buy,70715.70018000,0.00689329,0.48746383,USDT
2024-03-28T17:45:00Z,BTC/USDT,sell,70663.48058500,0.00689329,0.48710386,USDT
2024-03-28T18:00:00Z,BTC/USDT,buy,70859.48203500,0.00690494,0.48928047,USDT
2024-03-28T18:30:00Z,BTC/USDT,sell,70835.36460000,0.00690494,0.48911394,USDT
2024-03-29T12:30:00Z,BTC/USDT,buy,70125.67531500,0.00697575,0.48917918,USDT
2024-03-29T12:45:00Z,BTC/USDT,sell,70022.96100500,0.00697575,0.48846267,USDT
2024-03-29T20:30:00Z,BTC/USDT,buy,69685.41529500,0.00700875,0.48840765,USDT
2024-03-29T20:45:00Z,BTC/USDT,sell,69612.04656500,0.00700875,0.48789343,USDT
2024-03-30T09:45:00Z,BTC/USDT,buy,70151.85840000,0.00696565,0.48865329,USDT
2024-03-30T10:00:00Z,BTC/USDT,sell,70023.32082500,0.00696565,0.48775794,USDT
2024-03-30T17:00:00Z,BTC/USDT,buy,70226.09550000,0.00695328,0.48830171,USDT
2024-03-30T17:15:00Z,BTC/USDT,sell,70118.80306000,0.00695328,0.48755567,USDT
2024-03-31T01:30:00Z,BTC/USDT,buy,70091.01799500,0.00697201,0.48867528,USDT
2024-03-31T03:15:00Z,BTC/USDT,sell,69935.08496500,0.00697201,0.48758811,USDT
2024-03-31T03:45:00Z,BTC/USDT,buy,70041.16308000,0.00696465,0.48781219,USDT
2024-03-31T05:00:00Z,BTC/USDT,sell,70119.72260000,0.00696465,0.48835933,USDT
2024-03-31T12:00:00Z,BTC/USDT,buy,70505.22499500,0.00692752,0.48842636,USDT
2024-03-31T16:00:00Z,BTC/USDT,sell,70357.80350000,0.00692752,0.48740509,USDT
2024-03-31T16:15:00Z,BTC/USDT,buy,70658.04136500,0.00690959,0.48821810,USDT
2024-03-31T16:45:00Z,BTC/USDT,sell,70555.72449000,0.00690959,0.48751113,USDT
2024-03-31T17:45:00Z,BTC/USDT,buy,70604.40456000,0.00690711,0.48767239,USDT
2024-03-31T18:00:00Z,BTC/USDT,sell,70539.20275500,0.00690711,0.48722203,USDT
2024-03-31T19:00:00Z,BTC/USDT,buy,70906.40548500,0.00687616,0.48756379,USDT
2024-03-31T23:30:00Z,BTC/USDT,sell,71076.22411000,0.00687616,0.48873149,USDT
2024-04-01T10:45:00Z,BTC/USDT,buy,69463.18423500,0.00701396,0.48721200,USDT
2024-04-01T11:45:00Z,BTC/USDT,sell,69643.84066000,0.00701396,0.48847911,USDT
2024-04-01T12:30:00Z,BTC/USDT,buy,69792.01857000,0.00697832,0.48703104,USDT
2024-04-01T14:15:00Z,BTC/USDT,stop_sell,69523.90351571,0.00697832,0.48516005,USDT
2024-04-01T19:30:00Z,BTC/USDT,buy,69416.63097000,0.00701841,0.48719438,USDT
2024-04-02T00:45:00Z,BTC/USDT,sell,69183.09115000,0.00701841,0.48555530,USDT
2024-04-02T01:15:00Z,BTC/USDT,buy,69585.05514000,0.00700063,0.48713922,USDT
2024-04-02T01:30:00Z,BTC/USDT,sell,69392.85621500,0.00700063,0.48579371,USDT
2024-04-02T15:30:00Z,BTC/USDT,buy,65884.35571500,0.00738938,0.48684454,USDT
2024-04-02T15:45:00Z,BTC/USDT,sell,65590.98810000,0.00738938,0.48467674,USDT
2024-04-02T16:15:00Z,BTC/USDT,buy,65470.41885000,0.00744135,0.48718830,USDT
2024-04-02T16:30:00Z,BTC/USDT,sell,65308.87922500,0.00744135,0.48598623,USDT
2024-04-03T02:00:00Z,BTC/USDT,buy,65992.56979500,0.00737954,0.48699481,USDT
2024-04-03T02:30:00Z,BTC/USDT,sell,66057.96449500,0.00737954,0.48747739,USDT
2024-04-03T03:45:00Z,BTC/USDT,buy,66177.32212500,0.0073517,0.48651582,USDT
2024-04-03T05:45:00Z,BTC/USDT,sell,66124.86103000,0.0073517,0.48613014,USDT
2024-04-03T14:15:00Z,BTC/USDT,buy,66674.65066500,0.00729085,0.48611488,USDT
2024-04-03T15:30:00Z,BTC/USDT,stop_sell,66134.51941268,0.00729085,0.48217686,USDT
2024-04-03T16:00:00Z,BTC/USDT,buy,65956.35169500,0.00737783,0.48661475,USDT
2024-04-03T18:30:00Z,BTC/USDT,sell,65660.78318500,0.00737783,0.48443410,USDT
2024-04-03T18:45:00Z,BTC/USDT,buy,65859.13311000,0.00737109,0.48545360,USDT
2024-04-03T19:00:00Z,BTC/USDT,sell,66053.73661000,0.00737109,0.48688804,USDT
2024-04-03T20:30:00Z,BTC/USDT,buy,65788.64788500,0.00737694,0.48531891,USDT
2024-04-03T20:45:00Z,BTC/USDT,sell,65602.60229000,0.00737694,0.48394646,USDT
2024-04-03T22:30:00Z,BTC/USDT,buy,66026.10655500,0.0073553,0.48564182,USDT
2024-04-03T23:30:00Z,BTC/USDT,sell,66162.89200500,0.0073553,0.48664792,USDT
2024-04-03T23:45:00Z,BTC/USDT,buy,66222.46468500,0.00733732,0.48589541,USDT
2024-04-04T01:45:00Z,BTC/USDT,sell,66089.48872500,0.00733732,0.48491973,USDT
2024-04-04T02:00:00Z,BTC/USDT,buy,66223.33512000,0.00732659,0.48519122,USDT
2024-04-04T02:15:00Z,BTC/USDT,sell,66002.36231000,0.00732659,0.48357225,USDT
2024-04-04T07:30:00Z,BTC/USDT,buy,66202.96494000,0.00732975,0.48525118,USDT
2024-04-04T07:45:00Z,BTC/USDT,sell,66116.91500500,0.00732975,0.48462046,USDT
2024-04-04T17:00:00Z,BTC/USDT,buy,67872.97953000,0.0071459,0.48501352,USDT
2024-04-04T20:15:00Z,BTC/USDT,stop_sell,67420.43791750,0.0071459,0.48177971,USDT
2024-04-04T20:30:00Z,BTC/USDT,buy,67575.22072500,0.00716226,0.48399130,USDT
2024-04-04T21:15:00Z,BTC/USDT,sell,67889.63820000,0.00716226,0.48624324,USDT
2024-04-05T01:00:00Z,BTC/USDT,buy,68510.85831000,0.00706598,0.48409635,USDT
2024-04-05T01:15:00Z,BTC/USDT,stop_sell,68155.95783071,0.00706598,0.48158863,USDT
2024-04-05T01:45:00Z,BTC/USDT,buy,68106.21609000,0.00711552,0.48461114,USDT
2024-04-05T02:30:00Z,BTC/USDT,stop_sell,67637.77241018,0.00711552,0.48127792,USDT
2024-04-05T10:15:00Z,BTC/USDT,buy,66892.68963000,0.00723947,0.48426762,USDT
2024-04-05T10:30:00Z,BTC/USDT,sell,66731.23769000,0.00723947,0.48309879,USDT
2024-04-05T10:45:00Z,BTC/USDT,buy,67198.24233000,0.00721202,0.48463507,USDT
2024-04-05T11:30:00Z,BTC/USDT,sell,66748.29915500,0.00721202,0.48139007,USDT
2024-04-05T13:45:00Z,BTC/USDT,buy,67322.95465500,0.00718566,0.48375986,USDT
2024-04-05T14:30:00Z,BTC/USDT,sell,67461.76224500,0.00718566,0.48475729,USDT
2024-04-05T18:00:00Z,BTC/USDT,buy,67510.60843500,0.00717084,0.48410777,USDT
2024-04-05T18:45:00Z,BTC/USDT,sell,67409.48839500,0.00717084,0.48338266,USDT
2024-04-05T19:15:00Z,BTC/USDT,buy,67693.71994500,0.00714433,0.48362627,USDT
2024-04-05T19:30:00Z,BTC/USDT,sell,67717.73419500,0.00714433,0.48379784,USDT
2024-04-06T00:30:00Z,BTC/USDT,buy,67924.53529500,0.00712787,0.48415726,USDT
2024-04-06T02:00:00Z,BTC/USDT,sell,67667.53930500,0.00712787,0.48232542,USDT
2024-04-06T14:45:00Z,BTC/USDT,buy,68042.39419500,0.00710349,0.48333847,USDT
2024-04-07T00:00:00Z,BTC/USDT,sell,68858.54350500,0.00710349,0.48913598,USDT
2024-04-07T00:15:00Z,BTC/USDT,buy,68996.98125000,0.00701081,0.48372473,USDT
2024-04-07T03:15:00Z,BTC/USDT,sell,69229.55790500,0.00701081,0.48535528,USDT
2024-04-07T08:00:00Z,BTC/USDT,buy,69366.54594000,0.00697959,0.48415005,USDT
2024-04-07T08:15:00Z,BTC/USDT,sell,69354.81524500,0.00697959,0.48406817,USDT
2024-04-07T08:30:00Z,BTC/USDT,buy,69454.84006500,0.00696415,0.48369392,USDT
2024-04-07T09:30:00Z,BTC/USDT,stop_sell,69178.04688768,0.00696415,0.48176630,USDT
2024-04-07T10:30:00Z,BTC/USDT,buy,69366.83608500,0.00696964,0.48346188,USDT
2024-04-07T11:00:00Z,BTC/USDT,sell,69260.74230500,0.00696964,0.48272244,USDT
2024-04-07T11:30:00Z,BTC/USDT,buy,69348.14674500,0.00696955,0.48332538,USDT
2024-04-07T12:00:00Z,BTC/USDT,sell,69199.09314500,0.00696955,0.48228654,USDT
2024-04-07T16:00:00Z,BTC/USDT,buy,69546.75600000,0.00693536,0.48233179,USDT
2024-04-07T18:30:00Z,BTC/USDT,stop_sell,69315.92184429,0.00693536,0.48073087,USDT
2024-04-07T18:45:00Z,BTC/USDT,buy,69394.87009500,0.00696028,0.48300773,USDT
2024-04-07T19:30:00Z,BTC/USDT,sell,69367.78875500,0.00696028,0.48281923,USDT
2024-04-08T03:45:00Z,BTC/USDT,buy,69402.47389500,0.0069575,0.48286771,USDT
2024-04-08T08:45:00Z,BTC/USDT,sell,71161.96122000,0.0069575,0.49510935,USDT
2024-04-08T09:00:00Z,BTC/USDT,buy,71885.12460000,0.00672975,0.48376892,USDT
2024-04-08T09:15:00Z,BTC/USDT,sell,71714.12500000,0.00672975,0.48261813,USDT
2024-04-08T18:45:00Z,BTC/USDT,buy,72122.57326500,0.00670525,0.48359988,USDT
2024-04-08T19:15:00Z,BTC/USDT,stop_sell,71679.92996321,0.00670525,0.48063185,USDT
2024-04-08T19:30:00Z,BTC/USDT,buy,71774.83948500,0.00672715,0.48284011,USDT
2024-04-08T20:00:00Z,BTC/USDT,sell,71669.42736000,0.00672715,0.48213099,USDT
2024-04-08T22:00:00Z,BTC/USDT,buy,71635.83001500,0.00673648,0.48257334,USDT
2024-04-08T22:45:00Z,BTC/USDT,sell,71565.79920000,0.00673648,0.48210157,USDT
2024-04-09T06:00:00Z,BTC/USDT,buy,71049.04677000,0.00679112,0.48250260,USDT
2024-04-09T06:15:00Z,BTC/USDT,sell,71047.14865500,0.00679112,0.48248971,USDT
2024-04-09T11:30:00Z,BTC/USDT,buy,70866.12535500,0.00681069,0.48264721,USDT
2024-04-09T12:00:00Z,BTC/USDT,sell,70833.03576500,0.00681069,0.48242185,USDT
2024-04-09T12:30:00Z,BTC/USDT,buy,70794.51957000,0.00682515,0.48318322,USDT
2024-04-09T13:15:00Z,BTC/USDT,sell,70650.58703500,0.00682515,0.48220085,USDT
2024-04-09T13:30:00Z,BTC/USDT,buy,70664.65467000,0.00683197,0.48277880,USDT
2024-04-09T13:45:00Z,BTC/USDT,sell,70518.19326500,0.00683197,0.48177818,USDT
2024-04-09T22:00:00Z,BTC/USDT,buy,69263.93466000,0.00696682,0.48254937,USDT
2024-04-09T23:30:00Z,BTC/USDT,stop_sell,68930.56426232,0.00696682,0.48022683,USDT
2024-04-09T23:45:00Z,BTC/USDT,buy,69214.57999500,0.00696994,0.48242147,USDT
2024-04-10T01:00:00Z,BTC/USDT,stop_sell,68891.30818589,0.00696994,0.48016828,USDT
2024-04-10T02:00:00Z,BTC/USDT,buy,69231.93867000,0.0069593,0.48180583,USDT
2024-04-10T02:30:00Z,BTC/USDT,sell,69057.54395500,0.0069593,0.48059217,USDT
2024-04-10T04:15:00Z,BTC/USDT,buy,69197.49145500,0.00696346,0.48185396,USDT
2024-04-10T04:30:00Z,BTC/USDT,sell,69077.93375500,0.00696346,0.48102143,USDT
2024-04-10T09:30:00Z,BTC/USDT,buy,69110.74810500,0.00696653,0.48146210,USDT
2024-04-10T09:45:00Z,BTC/USDT,sell,68967.38905500,0.00696653,0.48046338,USDT
2024-04-10T16:45:00Z,BTC/USDT,buy,69129.54750000,0.00696596,0.48155366,USDT
2024-04-10T17:45:00Z,BTC/USDT,sell,69274.41546500,0.00696596,0.48256281,USDT
2024-04-10T18:00:00Z,BTC/USDT,buy,69453.94962000,0.00693193,0.48144992,USDT
2024-04-10T21:30:00Z,BTC/USDT,sell,69595.53482500,0.00693193,0.48243138,USDT
2024-04-10T21:45:00Z,BTC/USDT,buy,69692.98908000,0.00690972,0.48155904,USDT
2024-04-10T23:30:00Z,BTC/USDT,sell,70499.03285000,0.00690972,0.48712858,USDT
2024-04-10T23:45:00Z,BTC/USDT,buy,70556.36055000,0.00683134,0.48199449,USDT
2024-04-11T00:15:00Z,BTC/USDT,sell,70422.46115500,0.00683134,0.48107978,USDT
2024-04-11T00:30:00Z,BTC/USDT,buy,70388.17650000,0.00684161,0.48156845,USDT
2024-04-11T00:45:00Z,BTC/USDT,sell,70295.01491000,0.00684161,0.48093108,USDT
2024-04-11T01:15:00Z,BTC/USDT,buy,70604.18445000,0.00682182,0.48164904,USDT
2024-04-11T04:45:00Z,BTC/USDT,sell,70508.41815500,0.00682182,0.48099574,USDT
2024-04-11T05:00:00Z,BTC/USDT,buy,70625.29500000,0.00681845,0.48155504,USDT
2024-04-11T06:30:00Z,BTC/USDT,sell,70622.09129000,0.00681845,0.48153320,USDT
2024-04-11T10:00:00Z,BTC/USDT,buy,70696.20043500,0.00681,0.48144112,USDT
2024-04-11T10:45:00Z,BTC/USDT,sell,70523.00086000,0.00681,0.48026164,USDT
2024-04-11T12:45:00Z,BTC/USDT,buy,70836.91075500,0.00678615,0.48070990,USDT
2024-04-11T13:30:00Z,BTC/USDT,sell,70755.87436500,0.00678615,0.48015998,USDT
2024-04-11T20:15:00Z,BTC/USDT,buy,70549.73724000,0.00681999,0.48114850,USDT
2024-04-11T21:00:00Z,BTC/USDT,sell,70481.23175500,0.00681999,0.48068130,USDT
2024-04-12T06:00:00Z,BTC/USDT,buy,71020.23237000,0.00678302,0.48173166,USDT
2024-04-12T07:30:00Z,BTC/USDT,stop_sell,70605.21973000,0.00678302,0.47891662,USDT
2024-04-12T09:15:00Z,BTC/USDT,buy,70825.79520000,0.00678703,0.48069680,USDT
2024-04-12T09:30:00Z,BTC/USDT,sell,70672.55604500,0.00678703,0.47965676,USDT
2024-04-12T11:15:00Z,BTC/USDT,buy,70903.99428000,0.00677272,0.48021290,USDT
2024-04-12T11:30:00Z,BTC/USDT,sell,70746.60900000,0.00677272,0.47914697,USDT
2024-04-12T12:00:00Z,BTC/USDT,buy,70932.17836500,0.0067724,0.48038108,USDT
2024-04-12T12:30:00Z,BTC/USDT,stop_sell,70687.55675518,0.0067724,0.47872441,USDT
2024-04-12T23:30:00Z,BTC/USDT,buy,67115.52099000,0.00716196,0.48067868,USDT
2024-04-13T00:30:00Z,BTC/USDT,sell,67095.42550500,0.00716196,0.48053475,USDT
2024-04-13T04:30:00Z,BTC/USDT,buy,67469.61795000,0.00712293,0.48058137,USDT
2024-04-13T07:00:00Z,BTC/USDT,sell,67524.56083000,0.00712293,0.48097272,USDT
2024-04-13T08:45:00Z,BTC/USDT,buy,67390.06819500,0.00712907,0.48042851,USDT
2024-04-13T09:15:00Z,BTC/USDT,sell,67338.60385500,0.00712907,0.48006162,USDT
2024-04-13T10:45:00Z,BTC/USDT,buy,67534.24024500,0.00710616,0.47990912,USDT
2024-04-13T11:00:00Z,BTC/USDT,sell,67507.32945000,0.00710616,0.47971788,USDT
2024-04-13T11:15:00Z,BTC/USDT,buy,67722.83449500,0.00708695,0.47994834,USDT
2024-04-13T12:00:00Z,BTC/USDT,sell,67466.31996500,0.00708695,0.47813044,USDT
2024-04-13T12:45:00Z,BTC/USDT,buy,67600.52337000,0.00708914,0.47922957,USDT
2024-04-13T16:30:00Z,BTC/USDT,sell,67457.81422000,0.00708914,0.47821789,USDT
2024-04-13T16:45:00Z,BTC/USDT,buy,67704.92554500,0.00708911,0.47996766,USDT
2024-04-13T17:00:00Z,BTC/USDT,stop_sell,67206.31860214,0.00708911,0.47643299,USDT
2024-04-14T01:00:00Z,BTC/USDT,buy,63753.01057500,0.00751816,0.47930533,USDT
2024-04-14T01:45:00Z,BTC/USDT,sell,63848.06000000,0.00751816,0.48001993,USDT
2024-04-14T04:45:00Z,BTC/USDT,buy,64044.99649500,0.00748819,0.47958110,USDT
2024-04-14T05:00:00Z,BTC/USDT,sell,63965.53123500,0.00748819,0.47898605,USDT
2024-04-14T05:15:00Z,BTC/USDT,buy,64339.63374000,0.00743806,0.47856206,USDT
2024-04-14T05:30:00Z,BTC/USDT,sell,64258.30477500,0.00743806,0.47795713,USDT
2024-04-14T16:15:00Z,BTC/USDT,buy,64417.64272500,0.00743271,0.47879766,USDT
2024-04-14T16:45:00Z,BTC/USDT,sell,64471.76799000,0.00743271,0.47919995,USDT
2024-04-15T05:45:00Z,BTC/USDT,buy,65311.12924500,0.00732191,0.47820221,USDT
2024-04-15T06:00:00Z,BTC/USDT,sell,65455.66579500,0.00732191,0.47926049,USDT
2024-04-16T01:15:00Z,BTC/USDT,buy,63477.58293000,0.00754194,0.47874412,USDT
2024-04-16T02:00:00Z,BTC/USDT,sell,63161.56342000,0.00754194,0.47636072,USDT
2024-04-16T03:00:00Z,BTC/USDT,buy,63401.70501000,0.00755396,0.47893394,USDT
2024-04-16T03:30:00Z,BTC/USDT,sell,63140.04418500,0.00755396,0.47695737,USDT
2024-04-16T07:00:00Z,BTC/USDT,buy,63255.67203000,0.00756725,0.47867148,USDT
2024-04-16T07:45:00Z,BTC/USDT,sell,63323.89221500,0.00756725,0.47918772,USDT
2024-04-16T15:15:00Z,BTC/USDT,buy,62212.81086000,0.0076879,0.47828587,USDT
2024-04-16T15:45:00Z,BTC/USDT,sell,61923.19291500,0.0076879,0.47605931,USDT
2024-04-16T18:30:00Z,BTC/USDT,buy,62827.38799500,0.00760864,0.47803098,USDT
2024-04-16T19:00:00Z,BTC/USDT,sell,62972.41804000,0.00760864,0.47913446,USDT
2024-04-16T22:45:00Z,BTC/USDT,buy,63836.40225000,0.00748853,0.47804081,USDT
2024-04-16T23:00:00Z,BTC/USDT,sell,63895.96603500,0.00748853,0.47848686,USDT
2024-04-17T03:15:00Z,BTC/USDT,buy,64020.28414500,0.00745634,0.47735701,USDT
2024-04-17T04:15:00Z,BTC/USDT,sell,63877.14545000,0.00745634,0.47628971,USDT
2024-04-17T04:45:00Z,BTC/USDT,buy,64167.72783000,0.00744678,0.47784295,USDT
2024-04-17T05:15:00Z,BTC/USDT,sell,64221.57315000,0.00744678,0.47824393,USDT
2024-04-18T00:00:00Z,BTC/USDT,buy,61381.26529500,0.00779186,0.47827423,USDT
2024-04-18T00:45:00Z,BTC/USDT,sell,61266.64135500,0.00779186,0.47738109,USDT
2024-04-18T01:00:00Z,BTC/USDT,buy,61538.27376000,0.00776472,0.47782747,USDT
2024-04-18T03:30:00Z,BTC/USDT,sell,61978.02548500,0.00776472,0.48124201,USDT
2024-04-18T03:45:00Z,BTC/USDT,buy,62158.69381500,0.00768749,0.47784434,USDT
2024-04-18T04:00:00Z,BTC/USDT,sell,62056.57619000,0.00768749,0.47705931,USDT
2024-04-18T10:30:00Z,BTC/USDT,buy,61640.05462500,0.00775175,0.47781829,USDT
2024-04-18T11:45:00Z,BTC/USDT,sell,62593.58755000,0.00775175,0.48520984,USDT
2024-04-18T13:00:00Z,BTC/USDT,buy,62274.75181500,0.0076837,0.47850051,USDT
2024-04-18T13:15:00Z,BTC/USDT,sell,62169.75957000,0.0076837,0.47769378,USDT
2024-04-19T10:15:00Z,BTC/USDT,buy,64834.94127000,0.00737555,0.47819335,USDT
2024-04-19T11:30:00Z,BTC/USDT,sell,64683.31216500,0.00737555,0.47707500,USDT
2024-04-19T12:00:00Z,BTC/USDT,buy,64882.42500000,0.00736583,0.47791291,USDT
2024-04-19T12:45:00Z,BTC/USDT,sell,65132.95723000,0.00736583,0.47975829,USDT
2024-04-19T13:45:00Z,BTC/USDT,buy,64787.36749500,0.00736273,0.47701189,USDT
2024-04-19T14:15:00Z,BTC/USDT,sell,64551.26822000,0.00736273,0.47527356,USDT
2024-04-19T21:15:00Z,BTC/USDT,buy,64021.80490500,0.00745779,0.47746118,USDT
2024-04-19T22:30:00Z,BTC/USDT,sell,64131.42824500,0.00745779,0.47827872,USDT
2024-04-20T04:30:00Z,BTC/USDT,buy,63872.92050000,0.00747457,0.47742262,USDT
2024-04-20T05:15:00Z,BTC/USDT,sell,64000.37380500,0.00747457,0.47837527,USDT
2024-04-20T05:45:00Z,BTC/USDT,buy,64152.87040500,0.00744716,0.47775669,USDT
2024-04-20T06:00:00Z,BTC/USDT,sell,64080.63365500,0.00744716,0.47721873,USDT
2024-04-21T01:15:00Z,BTC/USDT,buy,64935.70162500,0.0073587,0.47784235,USDT
2024-04-21T04:15:00Z,BTC/USDT,sell,64970.90829500,0.0073587,0.47810142,USDT
2024-04-21T04:30:00Z,BTC/USDT,buy,64989.18835500,0.00734233,0.47717207,USDT
2024-04-21T05:45:00Z,BTC/USDT,sell,65042.08269000,0.00734233,0.47756043,USDT
2024-04-21T12:45:00Z,BTC/USDT,buy,65275.88163000,0.00731473,0.47747545,USDT
2024-04-21T12:45:00Z,BTC/USDT,stop_sell,64993.74687000,0.00731473,0.47541171,USDT
2024-04-21T13:30:00Z,BTC/USDT,buy,65187.98770500,0.00732644,0.47759588,USDT
2024-04-21T13:45:00Z,BTC/USDT,stop_sell,64816.24138143,0.00732644,0.47487230,USDT
2024-04-21T14:15:00Z,BTC/USDT,buy,65044.84617000,0.00733573,0.47715143,USDT
2024-04-21T14:45:00Z,BTC/USDT,sell,64928.73939000,0.00733573,0.47629970,USDT
2024-04-21T15:00:00Z,BTC/USDT,buy,64913.24040000,0.00734271,0.47663910,USDT
2024-04-21T16:00:00Z,BTC/USDT,sell,65017.92477500,0.00734271,0.47740777,USDT
2024-04-22T08:00:00Z,BTC/USDT,buy,66059.08303500,0.00722055,0.47698291,USDT
2024-04-22T10:30:00Z,BTC/USDT,sell,66000.53322500,0.00722055,0.47656015,USDT
2024-04-22T14:00:00Z,BTC/USDT,buy,66154.93093500,0.00719975,0.47629896,USDT
2024-04-22T15:00:00Z,BTC/USDT,stop_sell,65871.80119464,0.00719975,0.47426050,USDT
2024-04-22T15:45:00Z,BTC/USDT,buy,65971.58931000,0.00721034,0.47567759,USDT
2024-04-22T18:45:00Z,BTC/USDT,sell,66418.04436500,0.00721034,0.47889668,USDT
2024-04-22T19:00:00Z,BTC/USDT,buy,66363.16500000,0.00717765,0.47633157,USDT
2024-04-22T19:15:00Z,BTC/USDT,sell,66374.26626500,0.00717765,0.47641125,USDT
2024-04-22T21:15:00Z,BTC/USDT,buy,66527.43709500,0.007164,0.47660256,USDT
2024-04-22T21:45:00Z,BTC/USDT,sell,66507.71950500,0.007164,0.47646130,USDT
2024-04-24T00:15:00Z,BTC/USDT,buy,66616.44157500,0.00714966,0.47628491,USDT
2024-04-24T00:15:00Z,BTC/USDT,stop_sell,66389.38334554,0.00714966,0.47466152,USDT
2024-04-24T00:45:00Z,BTC/USDT,buy,66709.45806000,0.00713751,0.47613942,USDT
2024-04-24T02:30:00Z,BTC/USDT,stop_sell,66448.75507339,0.00713751,0.47427865,USDT
2024-04-24T02:45:00Z,BTC/USDT,buy,66633.18994500,0.00713923,0.47570967,USDT
2024-04-24T04:15:00Z,BTC/USDT,sell,66688.24919500,0.00713923,0.47610275,USDT
2024-04-24T23:45:00Z,BTC/USDT,buy,64278.60324000,0.00740194,0.47578636,USDT
2024-04-25T00:15:00Z,BTC/USDT,sell,64345.99091000,0.00740194,0.47628516,USDT
2024-04-25T00:30:00Z,BTC/USDT,buy,64507.98787500,0.00737987,0.47606056,USDT
2024-04-25T01:45:00Z,BTC/USDT,stop_sell,64164.33071411,0.00737987,0.47352442,USDT
2024-04-25T03:30:00Z,BTC/USDT,buy,64388.63823000,0.00739187,0.47595244,USDT
2024-04-25T04:30:00Z,BTC/USDT,sell,64211.48819500,0.00739187,0.47464297,USDT
2024-04-25T04:45:00Z,BTC/USDT,buy,64371.99991500,0.00739257,0.47587452,USDT
2024-04-25T05:00:00Z,BTC/USDT,sell,64327.10036000,0.00739257,0.47554259,USDT
2024-04-25T12:30:00Z,BTC/USDT,buy,64055.72185500,0.00741982,0.47528193,USDT
2024-04-25T12:45:00Z,BTC/USDT,sell,63722.60276000,0.00741982,0.47281024,USDT
2024-04-25T20:00:00Z,BTC/USDT,buy,64767.69766500,0.00733383,0.47499528,USDT
2024-04-25T22:45:00Z,BTC/USDT,sell,64584.21174000,0.00733383,0.47364963,USDT
2024-04-26T10:00:00Z,BTC/USDT,buy,64519.48362000,0.00736463,0.47516212,USDT
2024-04-26T10:30:00Z,BTC/USDT,sell,64296.90546500,0.00736463,0.47352292,USDT
2024-04-26T12:45:00Z,BTC/USDT,buy,64405.79680500,0.00737165,0.47477699,USDT
2024-04-26T12:45:00Z,BTC/USDT,stop_sell,64148.45151482,0.00737165,0.47287993,USDT
2024-04-26T14:00:00Z,BTC/USDT,buy,64545.15645000,0.00735027,0.47442433,USDT
2024-04-26T14:30:00Z,BTC/USDT,sell,64344.26177500,0.00735027,0.47294770,USDT
2024-04-26T21:45:00Z,BTC/USDT,buy,64021.60480500,0.00741249,0.47455951,USDT
2024-04-26T22:30:00Z,BTC/USDT,sell,63764.10200000,0.00741249,0.47265077,USDT
2024-04-27T06:15:00Z,BTC/USDT,buy,63071.11980000,0.00751511,0.47398640,USDT
2024-04-27T06:30:00Z,BTC/USDT,sell,62942.66292500,0.00751511,0.47302104,USDT
2024-04-27T10:00:00Z,BTC/USDT,buy,63037.14282000,0.00752734,0.47450201,USDT
2024-04-27T10:15:00Z,BTC/USDT,sell,62924.11220500,0.00752734,0.47365119,USDT
2024-04-27T12:15:00Z,BTC/USDT,buy,63114.39142500,0.00750317,0.47355801,USDT
2024-04-27T12:15:00Z,BTC/USDT,stop_sell,62934.93893179,0.00750317,0.47221155,USDT
2024-04-27T23:00:00Z,BTC/USDT,buy,63299.15376000,0.00748266,0.47364605,USDT
2024-04-28T01:30:00Z,BTC/USDT,sell,63569.02958500,0.00748266,0.47566543,USDT
2024-04-28T01:45:00Z,BTC/USDT,buy,63671.82000000,0.00744021,0.47373171,USDT
2024-04-28T02:00:00Z,BTC/USDT,sell,63583.49235000,0.00744021,0.47307454,USDT
2024-04-28T13:30:00Z,BTC/USDT,buy,63744.14614500,0.00742619,0.47337614,USDT
2024-04-28T14:00:00Z,BTC/USDT,sell,63720.31390500,0.00742619,0.47319916,USDT
2024-04-28T15:15:00Z,BTC/USDT,buy,63617.98309500,0.00744254,0.47347938,USDT
2024-04-28T15:30:00Z,BTC/USDT,sell,63524.78172000,0.00744254,0.47278573,USDT
2024-04-28T16:15:00Z,BTC/USDT,buy,63561.92508000,0.00743869,0.47281746,USDT
2024-04-28T16:30:00Z,BTC/USDT,sell,63675.39637500,0.00743869,0.47366153,USDT
2024-04-28T19:00:00Z,BTC/USDT,buy,63915.28167000,0.00739934,0.47293090,USDT
2024-04-28T19:30:00Z,BTC/USDT,sell,63749.84913000,0.00739934,0.47170681,USDT
2024-04-28T20:15:00Z,BTC/USDT,buy,63667.01760000,0.00742834,0.47294025,USDT
2024-04-28T21:15:00Z,BTC/USDT,sell,63618.33492000,0.00742834,0.47257862,USDT
2024-04-28T21:45:00Z,BTC/USDT,buy,63720.46431000,0.00742417,0.47307156,USDT
2024-04-28T22:00:00Z,BTC/USDT,sell,63619.22447500,0.00742417,0.47231994,USDT
2024-04-29T10:15:00Z,BTC/USDT,buy,62606.23747500,0.00754888,0.47260697,USDT
2024-04-29T11:00:00Z,BTC/USDT,stop_sell,62352.53635018,0.00754888,0.47069181,USDT
2024-04-29T11:15:00Z,BTC/USDT,buy,62365.85734500,0.00757466,0.47240016,USDT
2024-04-29T12:30:00Z,BTC/USDT,sell,62292.37823000,0.00757466,0.47184359,USDT
2024-04-29T12:45:00Z,BTC/USDT,buy,62488.99888500,0.00756099,0.47247870,USDT
2024-04-29T13:15:00Z,BTC/USDT,sell,62499.65454000,0.00756099,0.47255926,USDT
2024-04-29T14:30:00Z,BTC/USDT,buy,62858.12335500,0.00752222,0.47283263,USDT
2024-04-29T15:00:00Z,BTC/USDT,sell,62866.77089000,0.00752222,0.47289768,USDT
2024-04-29T15:45:00Z,BTC/USDT,buy,62999.56404000,0.00749722,0.47232159,USDT
2024-04-29T19:15:00Z,BTC/USDT,sell,62644.69198500,0.00749722,0.46966104,USDT
2024-04-30T02:30:00Z,BTC/USDT,buy,63699.41379000,0.00741392,0.47226236,USDT
2024-04-30T03:15:00Z,BTC/USDT,sell,63580.33393000,0.00741392,0.47137951,USDT
2024-05-01T01:15:00Z,BTC/USDT,buy,60032.01100500,0.00786298,0.47203050,USDT
2024-05-01T02:00:00Z,BTC/USDT,sell,60220.67460000,0.00786298,0.47351396,USDT
2024-05-02T01:00:00Z,BTC/USDT,buy,57805.75843500,0.00816319,0.47187939,USDT
2024-05-02T01:30:00Z,BTC/USDT,stop_sell,57402.38480696,0.00816319,0.46858657,USDT
2024-05-02T17:15:00Z,BTC/USDT,buy,59148.60952500,0.00797845,0.47191422,USDT
2024-05-02T19:15:00Z,BTC/USDT,sell,59104.91276000,0.00797845,0.47156559,USDT
2024-05-02T20:00:00Z,BTC/USDT,buy,59377.35384000,0.00795583,0.47239613,USDT
2024-05-02T20:15:00Z,BTC/USDT,sell,59327.65133500,0.00795583,0.47200071,USDT
2024-05-03T01:15:00Z,BTC/USDT,buy,59351.09071500,0.0079409,0.47130108,USDT
2024-05-03T03:00:00Z,BTC/USDT,sell,59521.36443000,0.0079409,0.47265320,USDT
2024-05-03T06:45:00Z,BTC/USDT,buy,59376.48340500,0.00794194,0.47156447,USDT
2024-05-03T07:00:00Z,BTC/USDT,sell,59245.44246000,0.00794194,0.47052375,USDT
2024-05-03T13:30:00Z,BTC/USDT,buy,61250.68003500,0.00770214,0.47176131,USDT
2024-05-03T19:15:00Z,BTC/USDT,sell,61578.83518000,0.00770214,0.47428881,USDT
2024-05-03T19:45:00Z,BTC/USDT,buy,61843.02606000,0.00762502,0.47155431,USDT
2024-05-03T22:15:00Z,BTC/USDT,sell,62703.63250000,0.00762502,0.47811645,USDT
2024-05-03T22:30:00Z,BTC/USDT,buy,62932.40047500,0.00749609,0.47174694,USDT
2024-05-04T01:15:00Z,BTC/USDT,sell,62839.66445000,0.00749609,0.47105178,USDT
2024-05-04T01:30:00Z,BTC/USDT,buy,63547.85805000,0.00742617,0.47191720,USDT
2024-05-04T01:30:00Z,BTC/USDT,stop_sell,63115.82701393,0.00742617,0.46870886,USDT
2024-05-04T01:45:00Z,BTC/USDT,buy,63049.58904000,0.00747576,0.47134360,USDT
2024-05-04T02:00:00Z,BTC/USDT,stop_sell,62616.48609500,0.00747576,0.46810582,USDT
2024-05-04T02:30:00Z,BTC/USDT,buy,62767.90827000,0.0075039,0.47100411,USDT
2024-05-04T02:45:00Z,BTC/USDT,sell,62603.24272000,0.0075039,0.46976847,USDT
2024-05-04T07:45:00Z,BTC/USDT,buy,63096.91269000,0.00746608,0.47108660,USDT
2024-05-04T08:00:00Z,BTC/USDT,sell,62897.98527500,0.00746608,0.46960139,USDT
2024-05-04T09:30:00Z,BTC/USDT,buy,63297.31284000,0.00743813,0.47081364,USDT
2024-05-04T09:45:00Z,BTC/USDT,stop_sell,62991.82833000,0.00743813,0.46854141,USDT
2024-05-04T12:15:00Z,BTC/USDT,buy,63902.12509500,0.00736371,0.47055672,USDT
2024-05-04T13:30:00Z,BTC/USDT,stop_sell,63453.61482125,0.00736371,0.46725402,USDT
2024-05-04T21:30:00Z,BTC/USDT,buy,64033.34067000,0.00734332,0.47021731,USDT
2024-05-04T21:30:00Z,BTC/USDT,stop_sell,63759.96264214,0.00734332,0.46820981,USDT
2024-05-04T22:00:00Z,BTC/USDT,buy,63886.55731500,0.0073565,0.46998146,USDT
2024-05-04T22:45:00Z,BTC/USDT,stop_sell,63550.28896000,0.0073565,0.46750770,USDT
2024-05-04T23:00:00Z,BTC/USDT,buy,63639.39379500,0.00737858,0.46956836,USDT
2024-05-05T00:45:00Z,BTC/USDT,sell,63460.64380500,0.00737858,0.46824944,USDT
2024-05-05T06:30:00Z,BTC/USDT,buy,63414.18124500,0.00740659,0.46968284,USDT
2024-05-05T09:00:00Z,BTC/USDT,sell,63610.37890000,0.00740659,0.47113600,USDT
2024-05-05T09:30:00Z,BTC/USDT,buy,63668.44831500,0.00736898,0.46917152,USDT
2024-05-05T11:15:00Z,BTC/USDT,sell,63673.33740500,0.00736898,0.46920755,USDT
2024-05-05T11:30:00Z,BTC/USDT,buy,63845.76693000,0.00734769,0.46911890,USDT
2024-05-05T12:15:00Z,BTC/USDT,sell,63687.22046000,0.00734769,0.46795395,USDT
2024-05-05T13:30:00Z,BTC/USDT,buy,64042.76538000,0.00732841,0.46933164,USDT
2024-05-05T14:15:00Z,BTC/USDT,sell,63895.52625500,0.00732841,0.46825261,USDT
2024-05-05T16:15:00Z,BTC/USDT,buy,64554.33103500,0.00727148,0.46940553,USDT
2024-05-05T18:00:00Z,BTC/USDT,stop_sell,64108.48115286,0.00727148,0.46616354,USDT
2024-05-05T23:30:00Z,BTC/USDT,buy,64220.18404500,0.00729803,0.46868083,USDT
2024-05-05T23:45:00Z,BTC/USDT,stop_sell,63993.48939179,0.00729803,0.46702641,USDT
2024-05-06T00:15:00Z,BTC/USDT,buy,64108.30813500,0.00730618,0.46838684,USDT
2024-05-06T01:45:00Z,BTC/USDT,sell,64120.71360500,0.00730618,0.46847748,USDT
2024-05-06T20:00:00Z,BTC/USDT,buy,63254.17128000,0.00741094,0.46877287,USDT
2024-05-06T20:15:00Z,BTC/USDT,sell,63077.41551500,0.00741094,0.46746294,USDT
2024-05-06T22:15:00Z,BTC/USDT,buy,63482.04516000,0.0073771,0.46831340,USDT
2024-05-06T22:45:00Z,BTC/USDT,sell,63431.59833500,0.0073771,0.46794124,USDT
2024-05-06T23:30:00Z,BTC/USDT,buy,63391.12972500,0.00738196,0.46795078,USDT
2024-05-06T23:30:00Z,BTC/USDT,stop_sell,63149.46768518,0.00738196,0.46616684,USDT
2024-05-07T00:15:00Z,BTC/USDT,buy,63172.14028500,0.00740636,0.46787561,USDT
2024-05-07T03:30:00Z,BTC/USDT,sell,62890.75889000,0.00740636,0.46579160,USDT
2024-05-07T07:30:00Z,BTC/USDT,buy,63866.91750000,0.00732482,0.46781367,USDT
2024-05-07T09:30:00Z,BTC/USDT,sell,64253.45720000,0.00732482,0.47064501,USDT
2024-05-07T10:45:00Z,BTC/USDT,buy,64013.57079000,0.00730471,0.46760057,USDT
2024-05-07T11:00:00Z,BTC/USDT,sell,64089.31931000,0.00730471,0.46815389,USDT
2024-05-07T15:00:00Z,BTC/USDT,buy,64064.99649000,0.00730218,0.46781414,USDT
2024-05-07T15:30:00Z,BTC/USDT,sell,63825.82112500,0.00730218,0.46606763,USDT
2024-05-07T16:45:00Z,BTC/USDT,buy,63613.45083000,0.0073531,0.46775607,USDT
2024-05-07T17:00:00Z,BTC/USDT,sell,63611.35841000,0.0073531,0.46774068,USDT
2024-05-08T03:45:00Z,BTC/USDT,buy,62978.57355000,0.00742556,0.46765118,USDT
2024-05-08T04:30:00Z,BTC/USDT,stop_sell,62661.18480589,0.00742556,0.46529439,USDT
2024-05-08T04:45:00Z,BTC/USDT,buy,62566.59766500,0.00747588,0.46774038,USDT
2024-05-08T05:30:00Z,BTC/USDT,sell,62639.83441500,0.00747588,0.46828789,USDT
2024-05-08T05:45:00Z,BTC/USDT,buy,62660.60464500,0.00745289,0.46700259,USDT
2024-05-08T06:00:00Z,BTC/USDT,sell,62617.73547000,0.00745289,0.46668309,USDT
2024-05-08T12:15:00Z,BTC/USDT,buy,62394.28155000,0.00748092,0.46676663,USDT
2024-05-08T12:45:00Z,BTC/USDT,stop_sell,62093.46273750,0.00748092,0.46451623,USDT
2024-05-08T13:00:00Z,BTC/USDT,buy,62293.10098500,0.00749917,0.46714655,USDT
2024-05-08T13:00:00Z,BTC/USDT,stop_sell,61916.76470214,0.00749917,0.46432434,USDT
2024-05-08T14:00:00Z,BTC/USDT,buy,62440.58469000,0.0074717,0.46653732,USDT
2024-05-08T14:15:00Z,BTC/USDT,sell,62165.10190000,0.0074717,0.46447899,USDT
2024-05-09T05:15:00Z,BTC/USDT,buy,61648.52886000,0.00756844,0.46658319,USDT
2024-05-09T06:30:00Z,BTC/USDT,sell,61750.29940500,0.00756844,0.46735344,USDT
2024-05-09T12:45:00Z,BTC/USDT,buy,61539.36430500,0.00759565,0.46743147,USDT
2024-05-09T13:30:00Z,BTC/USDT,sell,61335.23704000,0.00759565,0.46588099,USDT
2024-05-09T14:15:00Z,BTC/USDT,buy,61372.37085000,0.0075871,0.46563831,USDT
2024-05-09T18:45:00Z,BTC/USDT,sell,62047.30083000,0.0075871,0.47075908,USDT
2024-05-10T07:00:00Z,BTC/USDT,buy,63238.10325000,0.0073873,0.46715884,USDT
2024-05-10T07:15:00Z,BTC/USDT,sell,63061.84330500,0.0073873,0.46585676,USDT
2024-05-10T09:45:00Z,BTC/USDT,buy,63177.50296500,0.0073825,0.46640792,USDT
2024-05-10T10:00:00Z,BTC/USDT,stop_sell,62872.36951786,0.0073825,0.46415527,USDT
2024-05-10T12:00:00Z,BTC/USDT,buy,63319.47391500,0.00736399,0.46628397,USDT
2024-05-10T12:15:00Z,BTC/USDT,sell,63198.88475000,0.00736399,0.46539596,USDT
2024-05-10T12:45:00Z,BTC/USDT,buy,63226.96768500,0.00737105,0.46604914,USDT
2024-05-10T12:45:00Z,BTC/USDT,stop_sell,62934.82755893,0.00737105,0.46389576,USDT
2024-05-10T13:00:00Z,BTC/USDT,buy,63013.57104000,0.00738623,0.46543273,USDT
2024-05-10T13:30:00Z,BTC/USDT,sell,62831.11872500,0.00738623,0.46408509,USDT
2024-05-10T14:00:00Z,BTC/USDT,buy,63031.50000000,0.00738534,0.46550906,USDT
2024-05-10T14:00:00Z,BTC/USDT,stop_sell,62745.64077107,0.00738534,0.46339789,USDT
2024-05-10T22:15:00Z,BTC/USDT,buy,60877.53355500,0.00763606,0.46486450,USDT
2024-05-11T01:00:00Z,BTC/USDT,sell,60860.06474500,0.00763606,0.46473111,USDT
2024-05-11T01:15:00Z,BTC/USDT,buy,61107.91869000,0.0076063,0.46480516,USDT
2024-05-11T01:30:00Z,BTC/USDT,sell,61135.41700000,0.0076063,0.46501432,USDT
2024-05-11T02:00:00Z,BTC/USDT,buy,61008.29890500,0.00761676,0.46468557,USDT
2024-05-11T04:00:00Z,BTC/USDT,sell,60837.56600000,0.00761676,0.46338514,USDT
2024-05-11T05:45:00Z,BTC/USDT,buy,60978.18385500,0.00762333,0.46485682,USDT
2024-05-11T06:00:00Z,BTC/USDT,sell,60978.80534500,0.00762333,0.46486156,USDT
2024-05-11T06:30:00Z,BTC/USDT,buy,61140.54499500,0.00760431,0.46493166,USDT
2024-05-11T07:30:00Z,BTC/USDT,sell,61067.69088000,0.00760431,0.46437765,USDT
2024-05-11T07:45:00Z,BTC/USDT,buy,61080.02475000,0.0076099,0.46481288,USDT
2024-05-11T09:00:00Z,BTC/USDT,sell,60955.30710000,0.0076099,0.46386379,USDT
2024-05-11T09:15:00Z,BTC/USDT,buy,60938.65410000,0.00762509,0.46466272,USDT
2024-05-11T09:30:00Z,BTC/USDT,sell,60835.35710500,0.00762509,0.46387507,USDT
2024-05-11T09:45:00Z,BTC/USDT,buy,60983.26639500,0.00762386,0.46492789,USDT
2024-05-11T10:00:00Z,BTC/USDT,sell,61004.45251500,0.00762386,0.46508941,USDT
2024-05-11T10:30:00Z,BTC/USDT,buy,61008.57904500,0.00761113,0.46434423,USDT
2024-05-11T10:30:00Z,BTC/USDT,stop_sell,60805.32534268,0.00761113,0.46279724,USDT
2024-05-11T14:00:00Z,BTC/USDT,buy,61065.01725000,0.00760514,0.46440801,USDT
2024-05-11T14:30:00Z,BTC/USDT,sell,60920.72440000,0.00760514,0.46331064,USDT
2024-05-11T15:15:00Z,BTC/USDT,buy,61246.85812500,0.0075796,0.46422669,USDT
2024-05-11T20:15:00Z,BTC/USDT,sell,61196.23657500,0.0075796,0.46384299,USDT
2024-05-12T08:30:00Z,BTC/USDT,buy,60982.36594500,0.00761027,0.46409227,USDT
2024-05-12T09:15:00Z,BTC/USDT,sell,61002.60344000,0.00761027,0.46424628,USDT
2024-05-12T10:15:00Z,BTC/USDT,buy,61118.86416000,0.00759074,0.46393741,USDT
2024-05-12T12:45:00Z,BTC/USDT,sell,61153.36802000,0.00759074,0.46419932,USDT
2024-05-12T17:15:00Z,BTC/USDT,buy,61517.23324500,0.00753948,0.46380795,USDT
2024-05-12T19:15:00Z,BTC/USDT,stop_sell,61207.63123196,0.00753948,0.46147371,USDT
2024-05-12T19:30:00Z,BTC/USDT,buy,61395.02217000,0.00755106,0.46359750,USDT
2024-05-12T20:30:00Z,BTC/USDT,sell,61358.48541000,0.00755106,0.46332160,USDT
2024-05-12T20:45:00Z,BTC/USDT,buy,61381.25529000,0.00754927,0.46338367,USDT
2024-05-12T21:00:00Z,BTC/USDT,sell,61239.22507000,0.00754927,0.46231144,USDT
2024-05-13T00:00:00Z,BTC/USDT,buy,61475.01214500,0.00753139,0.46299229,USDT
2024-05-13T01:15:00Z,BTC/USDT,sell,61362.88321000,0.00753139,0.46214780,USDT
2024-05-13T02:00:00Z,BTC/USDT,buy,61424.95713000,0.00754131,0.46322464,USDT
2024-05-13T02:15:00Z,BTC/USDT,stop_sell,61142.96108321,0.00754131,0.46109802,USDT
2024-05-13T06:45:00Z,BTC/USDT,buy,61435.11220500,0.00752786,0.46247492,USDT
2024-05-13T10:30:00Z,BTC/USDT,sell,62651.66849500,0.00752786,0.47163299,USDT
2024-05-13T11:00:00Z,BTC/USDT,buy,62685.03685500,0.00739178,0.46335400,USDT
2024-05-13T13:30:00Z,BTC/USDT,sell,62862.85285000,0.00739178,0.46466838,USDT
2024-05-13T15:15:00Z,BTC/USDT,buy,62944.22638500,0.00736679,0.46369690,USDT
2024-05-13T15:45:00Z,BTC/USDT,sell,63009.75936000,0.00736679,0.46417967,USDT
2024-05-13T22:00:00Z,BTC/USDT,buy,62941.96525500,0.00736632,0.46365066,USDT
2024-05-13T22:45:00Z,BTC/USDT,sell,62719.34464000,0.00736632,0.46201076,USDT
2024-05-13T23:00:00Z,BTC/USDT,buy,62775.15189000,0.00738075,0.46332770,USDT
2024-05-13T23:15:00Z,BTC/USDT,sell,62862.88283500,0.00738075,0.46397522,USDT
2024-05-14T14:30:00Z,BTC/USDT,buy,62040.90495000,0.00746936,0.46340585,USDT
2024-05-14T14:45:00Z,BTC/USDT,sell,61710.34939000,0.00746936,0.46093682,USDT
2024-05-14T15:00:00Z,BTC/USDT,buy,61792.59085500,0.00748499,0.46251692,USDT
2024-05-14T16:15:00Z,BTC/USDT,sell,61611.21898000,0.00748499,0.46115936,USDT
2024-05-14T21:45:00Z,BTC/USDT,buy,61757.02308000,0.00750191,0.46329563,USDT
2024-05-15T00:45:00Z,BTC/USDT,stop_sell,61486.53742339,0.00750191,0.46126647,USDT
2024-05-15T01:30:00Z,BTC/USDT,buy,61717.67341500,0.00749413,0.46252027,USDT
2024-05-15T08:15:00Z,BTC/USDT,sell,62130.06942500,0.00749413,0.46561082,USDT
2024-05-15T08:30:00Z,BTC/USDT,buy,62160.57475500,0.00744865,0.46301237,USDT
2024-05-15T09:00:00Z,BTC/USDT,stop_sell,61939.44906857,0.00744865,0.46136528,USDT
2024-05-15T09:30:00Z,BTC/USDT,buy,62053.80139500,0.00745314,0.46249567,USDT
2024-05-15T10:15:00Z,BTC/USDT,sell,62470.25924500,0.00745314,0.46559959,USDT
2024-05-15T12:15:00Z,BTC/USDT,buy,62587.71822000,0.00739532,0.46285620,USDT
2024-05-15T13:15:00Z,BTC/USDT,sell,63721.56328000,0.00739532,0.47124135,USDT
2024-05-15T19:15:00Z,BTC/USDT,buy,65659.97358000,0.00705838,0.46345304,USDT
2024-05-15T21:00:00Z,BTC/USDT,sell,65868.73915500,0.00705838,0.46492659,USDT
2024-05-15T21:15:00Z,BTC/USDT,buy,65851.32921000,0.00703854,0.46349721,USDT
2024-05-15T21:30:00Z,BTC/USDT,sell,65857.13496000,0.00703854,0.46353808,USDT
2024-05-15T22:30:00Z,BTC/USDT,buy,66181.97445000,0.00699933,0.46322948,USDT
2024-05-15T23:15:00Z,BTC/USDT,sell,66107.83954500,0.00699933,0.46271058,USDT
2024-05-16T08:45:00Z,BTC/USDT,buy,66222.76483500,0.00699232,0.46305076,USDT
2024-05-16T11:15:00Z,BTC/USDT,stop_sell,66003.21902429,0.00699232,0.46151563,USDT
2024-05-16T11:30:00Z,BTC/USDT,buy,66240.44367000,0.0069914,0.46311344,USDT
2024-05-16T12:30:00Z,BTC/USDT,stop_sell,65933.97473518,0.0069914,0.46097079,USDT
2024-05-16T14:00:00Z,BTC/USDT,buy,66331.28907000,0.0069754,0.46268727,USDT
2024-05-16T14:15:00Z,BTC/USDT,sell,66006.82008000,0.0069754,0.46042397,USDT
2024-05-17T12:30:00Z,BTC/USDT,buy,66351.28906500,0.00697051,0.46250232,USDT
2024-05-17T12:45:00Z,BTC/USDT,sell,66259.18383500,0.00697051,0.46186030,USDT
2024-05-17T13:30:00Z,BTC/USDT,buy,66385.25604000,0.00697479,0.46302322,USDT
2024-05-17T13:30:00Z,BTC/USDT,stop_sell,65991.35317446,0.00697479,0.46027583,USDT
2024-05-17T14:30:00Z,BTC/USDT,buy,66384.65574000,0.00695983,0.46202592,USDT
2024-05-17T19:15:00Z,BTC/USDT,sell,66707.76943000,0.00695983,0.46427473,USDT
2024-05-17T19:30:00Z,BTC/USDT,buy,66914.32044000,0.00691176,0.46249572,USDT
2024-05-17T19:45:00Z,BTC/USDT,sell,66992.09719500,0.00691176,0.46303330,USDT
2024-05-18T07:30:00Z,BTC/USDT,buy,67083.22485000,0.00688324,0.46174994,USDT
2024-05-18T07:45:00Z,BTC/USDT,stop_sell,66949.54740911,0.00688324,0.46082980,USDT
2024-05-18T12:45:00Z,BTC/USDT,buy,67033.50000000,0.00689388,0.46212090,USDT
2024-05-18T13:00:00Z,BTC/USDT,sell,66816.57500000,0.00689388,0.46062545,USDT
2024-05-18T19:45:00Z,BTC/USDT,buy,66833.76018000,0.006906,0.46155395,USDT
2024-05-18T22:00:00Z,BTC/USDT,sell,66847.55950000,0.006906,0.46164925,USDT
2024-05-18T22:30:00Z,BTC/USDT,buy,66896.56156500,0.006903,0.46178696,USDT
2024-05-19T00:00:00Z,BTC/USDT,sell,66914.15618500,0.006903,0.46190842,USDT
2024-05-19T02:15:00Z,BTC/USDT,buy,67000.04328000,0.00689249,0.46179713,USDT
2024-05-19T02:30:00Z,BTC/USDT,sell,66987.88930000,0.00689249,0.46171336,USDT
2024-05-19T06:30:00Z,BTC/USDT,buy,67169.86815000,0.00687386,0.46171627,USDT
2024-05-19T06:30:00Z,BTC/USDT,stop_sell,66989.62593125,0.00687386,0.46047731,USDT
2024-05-19T07:15:00Z,BTC/USDT,buy,67048.73761500,0.00687679,0.46108009,USDT
2024-05-19T08:45:00Z,BTC/USDT,sell,67132.61690000,0.00687679,0.46165691,USDT
2024-05-19T09:00:00Z,BTC/USDT,buy,67178.93268000,0.00686694,0.46131370,USDT
2024-05-19T09:30:00Z,BTC/USDT,sell,66989.44852000,0.00686694,0.46001252,USDT
2024-05-19T10:45:00Z,BTC/USDT,buy,67621.37379000,0.00682644,0.46161325,USDT
2024-05-19T10:45:00Z,BTC/USDT,stop_sell,67322.12674054,0.00682644,0.45957046,USDT
2024-05-19T11:00:00Z,BTC/USDT,buy,67290.01819500,0.00684858,0.46084107,USDT
2024-05-19T11:00:00Z,BTC/USDT,stop_sell,67051.60456929,0.00684858,0.45920828,USDT
2024-05-19T12:00:00Z,BTC/USDT,buy,67363.74504000,0.00684834,0.46132983,USDT
2024-05-19T12:15:00Z,BTC/USDT,stop_sell,66978.70460893,0.00684834,0.45869294,USDT
2024-05-19T14:15:00Z,BTC/USDT,buy,67109.06776500,0.00686207,0.46050712,USDT
2024-05-19T14:30:00Z,BTC/USDT,sell,66995.17565500,0.00686207,0.45972559,USDT
2024-05-20T00:45:00Z,BTC/USDT,buy,66457.37208000,0.00692816,0.46042731,USDT
2024-05-20T01:30:00Z,BTC/USDT,stop_sell,66160.65919339,0.00692816,0.45837163,USDT
2024-05-20T01:45:00Z,BTC/USDT,buy,66451.41910500,0.00692825,0.46039204,USDT
2024-05-20T02:45:00Z,BTC/USDT,sell,66710.67797500,0.00692825,0.46218825,USDT
2024-05-20T10:30:00Z,BTC/USDT,buy,67221.69405000,0.00685116,0.46054658,USDT
2024-05-20T12:30:00Z,BTC/USDT,stop_sell,66874.43034357,0.00685116,0.45816742,USDT
2024-05-20T13:15:00Z,BTC/USDT,buy,67045.24587000,0.00685533,0.45961729,USDT
2024-05-20T14:15:00Z,BTC/USDT,sell,66819.12372500,0.00685533,0.45806714,USDT
2024-05-20T15:30:00Z,BTC/USDT,buy,67223.53497000,0.00682927,0.45908767,USDT
2024-05-20T20:15:00Z,BTC/USDT,sell,69661.27194000,0.00682927,0.47573563,USDT
2024-05-21T00:45:00Z,BTC/USDT,buy,71405.77504500,0.00646113,0.46136200,USDT
2024-05-21T04:15:00Z,BTC/USDT,sell,71100.13215000,0.00646113,0.45938720,USDT
2024-05-21T06:00:00Z,BTC/USDT,buy,71221.81311000,0.00647093,0.46087137,USDT
2024-05-21T07:30:00Z,BTC/USDT,sell,71081.78133000,0.00647093,0.45996523,USDT
2024-05-21T09:45:00Z,BTC/USDT,buy,71014.11931500,0.00648815,0.46075026,USDT
2024-05-21T10:30:00Z,BTC/USDT,sell,71092.11616000,0.00648815,0.46125631,USDT
2024-05-21T11:45:00Z,BTC/USDT,buy,71343.59397000,0.00645787,0.46072766,USDT
2024-05-21T12:00:00Z,BTC/USDT,stop_sell,71020.25389482,0.00645787,0.45863957,USDT
2024-05-21T12:15:00Z,BTC/USDT,buy,71226.02521500,0.00646199,0.46026186,USDT
2024-05-21T13:15:00Z,BTC/USDT,stop_sell,70916.71925946,0.00646199,0.45826313,USDT
2024-05-21T13:30:00Z,BTC/USDT,buy,70988.70661500,0.00648414,0.46030071,USDT
2024-05-21T13:45:00Z,BTC/USDT,stop_sell,70591.42484518,0.00648414,0.45772468,USDT
2024-05-21T22:45:00Z,BTC/USDT,buy,70088.05651500,0.00656632,0.46022061,USDT
2024-05-22T00:30:00Z,BTC/USDT,sell,70172.28630500,0.00656632,0.46077369,USDT
2024-05-22T02:00:00Z,BTC/USDT,buy,70135.05000000,0.00655747,0.45990849,USDT
2024-05-22T03:15:00Z,BTC/USDT,sell,69874.61521500,0.00655747,0.45820069,USDT
2024-05-22T11:15:00Z,BTC/USDT,buy,70146.53574000,0.0065487,0.45936862,USDT
2024-05-22T11:45:00Z,BTC/USDT,stop_sell,69907.58657821,0.0065487,0.45780381,USDT
2024-05-22T12:15:00Z,BTC/USDT,buy,69992.78890500,0.0065671,0.45964964,USDT
2024-05-22T12:30:00Z,BTC/USDT,stop_sell,69660.54337589,0.0065671,0.45746775,USDT
2024-05-22T15:45:00Z,BTC/USDT,buy,70545.67521000,0.00651096,0.45932007,USDT
2024-05-22T17:15:00Z,BTC/USDT,sell,70143.60065500,0.00651096,0.45670218,USDT
2024-05-22T19:00:00Z,BTC/USDT,buy,69647.01610500,0.00659109,0.45904975,USDT
2024-05-22T19:15:00Z,BTC/USDT,sell,69491.76673500,0.00659109,0.45802649,USDT
2024-05-23T01:45:00Z,BTC/USDT,buy,69626.70595500,0.0065896,0.45881214,USDT
2024-05-23T02:15:00Z,BTC/USDT,sell,69533.09606000,0.0065896,0.45819529,USDT
2024-05-23T03:00:00Z,BTC/USDT,buy,69573.76950000,0.00659287,0.45869082,USDT
2024-05-23T03:30:00Z,BTC/USDT,stop_sell,69296.26739071,0.00659287,0.45686128,USDT
2024-05-23T03:45:00Z,BTC/USDT,buy,69434.65998000,0.00660292,0.45847151,USDT
2024-05-23T04:15:00Z,BTC/USDT,sell,69424.12057500,0.00660292,0.45840191,USDT
2024-05-23T06:00:00Z,BTC/USDT,buy,69464.83506000,0.00660268,0.45865408,USDT
2024-05-23T06:15:00Z,BTC/USDT,sell,69442.67129500,0.00660268,0.45850774,USDT
2024-05-23T12:15:00Z,BTC/USDT,buy,69989.30716500,0.00653807,0.45759499,USDT
2024-05-23T12:45:00Z,BTC/USDT,stop_sell,69780.26241500,0.00653807,0.45622824,USDT
2024-05-24T10:45:00Z,BTC/USDT,buy,67508.87757000,0.00678623,0.45813077,USDT
2024-05-24T11:00:00Z,BTC/USDT,sell,67384.41094000,0.00678623,0.45728611,USDT
2024-05-24T14:15:00Z,BTC/USDT,buy,67199.81311500,0.00681462,0.45794119,USDT
2024-05-24T21:45:00Z,BTC/USDT,sell,68812.24666500,0.00681462,0.46892931,USDT
2024-05-25T08:45:00Z,BTC/USDT,buy,68955.27040500,0.00665607,0.45897111,USDT
2024-05-25T14:15:00Z,BTC/USDT,sell,68948.80835000,0.00665607,0.45892809,USDT
2024-05-25T23:15:00Z,BTC/USDT,buy,69234.60000000,0.00662108,0.45840783,USDT
2024-05-26T00:15:00Z,BTC/USDT,sell,69165.40000000,0.00662108,0.45794965,USDT
2024-05-26T08:00:00Z,BTC/USDT,buy,69285.13525500,0.00661212,0.45812163,USDT
2024-05-26T08:30:00Z,BTC/USDT,stop_sell,69123.46205089,0.00661212,0.45705263,USDT
2024-05-26T08:45:00Z,BTC/USDT,buy,69159.48246000,0.00662879,0.45844369,USDT
2024-05-26T09:30:00Z,BTC/USDT,stop_sell,68888.97828000,0.00662879,0.45665057,USDT
2024-05-26T09:45:00Z,BTC/USDT,buy,69065.48548500,0.00664172,0.45871362,USDT
2024-05-26T10:30:00Z,BTC/USDT,sell,69017.24411500,0.00664172,0.45839321,USDT
2024-05-26T10:45:00Z,BTC/USDT,buy,69194.96019000,0.00662217,0.45822079,USDT
2024-05-26T11:00:00Z,BTC/USDT,sell,69085.98972500,0.00662217,0.45749917,USDT
2024-05-26T11:15:00Z,BTC/USDT,buy,69240.37288500,0.00661535,0.45804930,USDT
2024-05-26T12:00:00Z,BTC/USDT,sell,69085.44000000,0.00661535,0.45702437,USDT
2024-05-26T14:15:00Z,BTC/USDT,buy,69160.66305000,0.00661997,0.45784151,USDT
2024-05-26T15:45:00Z,BTC/USDT,sell,69051.64690500,0.00661997,0.45711983,USDT
2024-05-27T10:15:00Z,BTC/USDT,buy,68623.86478500,0.00667033,0.45774382,USDT
2024-05-27T10:30:00Z,BTC/USDT,sell,68465.38018500,0.00667033,0.45668668,USDT
2024-05-27T15:45:00Z,BTC/USDT,buy,70370.24754000,0.00650719,0.45791257,USDT
2024-05-27T16:45:00Z,BTC/USDT,sell,70279.11286500,0.00650719,0.45731954,USDT
2024-05-28T08:30:00Z,BTC/USDT,buy,68046.76638000,0.00672732,0.45777237,USDT
2024-05-28T08:45:00Z,BTC/USDT,sell,67998.48375000,0.00672732,0.45744756,USDT
2024-05-29T00:45:00Z,BTC/USDT,buy,68610.86829000,0.00666175,0.45706845,USDT
2024-05-29T01:00:00Z,BTC/USDT,sell,68490.90741500,0.00666175,0.45626930,USDT
2024-05-29T01:15:00Z,BTC/USDT,buy,68524.24500000,0.00667008,0.45706220,USDT
2024-05-29T06:30:00Z,BTC/USDT,sell,68646.74945500,0.00667008,0.45787931,USDT
2024-05-29T21:45:00Z,BTC/USDT,buy,67672.66942500,0.00675585,0.45718640,USDT
2024-05-30T02:45:00Z,BTC/USDT,sell,68037.36430000,0.00675585,0.45965023,USDT
2024-05-30T04:00:00Z,BTC/USDT,buy,68128.44720000,0.00670916,0.45708465,USDT
2024-05-30T05:00:00Z,BTC/USDT,sell,68092.15689000,0.00670916,0.45684118,USDT
2024-05-30T06:30:00Z,BTC/USDT,buy,67971.72888000,0.00673345,0.45768424,USDT
2024-05-30T07:00:00Z,BTC/USDT,sell,67828.10898000,0.00673345,0.45671718,USDT
2024-05-30T11:15:00Z,BTC/USDT,buy,68016.29115000,0.00672225,0.45722251,USDT
2024-05-30T12:00:00Z,BTC/USDT,sell,67826.25990500,0.00672225,0.45594508,USDT
2024-05-30T12:15:00Z,BTC/USDT,buy,68026.49625000,0.00672182,0.45726186,USDT
2024-05-30T16:30:00Z,BTC/USDT,sell,68427.40918000,0.00672182,0.45995673,USDT
2024-05-30T21:15:00Z,BTC/USDT,buy,68424.19500000,0.00667131,0.45647902,USDT
2024-05-30T21:30:00Z,BTC/USDT,sell,68332.72654500,0.00667131,0.45586880,USDT
2024-05-31T01:00:00Z,BTC/USDT,buy,68509.50763500,0.00667053,0.45699473,USDT
2024-05-31T02:00:00Z,BTC/USDT,sell,68364.81049500,0.00667053,0.45602952,USDT
2024-05-31T02:15:00Z,BTC/USDT,buy,68630.79825000,0.00665536,0.45676267,USDT
2024-05-31T05:15:00Z,BTC/USDT,sell,68474.07583500,0.00665536,0.45571963,USDT
2024-05-31T19:30:00Z,BTC/USDT,buy,67587.90706500,0.00675455,0.45652590,USDT
2024-05-31T21:15:00Z,BTC/USDT,sell,67702.96158500,0.00675455,0.45730304,USDT
2024-06-01T06:15:00Z,BTC/USDT,buy,67747.22668500,0.00673698,0.45641171,USDT
2024-06-01T06:30:00Z,BTC/USDT,stop_sell,67577.65319911,0.00673698,0.45526930,USDT
2024-06-01T09:45:00Z,BTC/USDT,buy,67754.41027500,0.00673655,0.45643097,USDT
2024-06-01T10:30:00Z,BTC/USDT,sell,67632.47684500,0.00673655,0.45560956,USDT
2024-06-01T12:00:00Z,BTC/USDT,buy,67758.51232500,0.00673405,0.45628921,USDT
2024-06-01T13:45:00Z,BTC/USDT,sell,67758.83363500,0.00673405,0.45629137,USDT
2024-06-01T14:15:00Z,BTC/USDT,buy,67747.27671000,0.0067273,0.45575625,USDT
2024-06-01T14:45:00Z,BTC/USDT,sell,67831.14746000,0.0067273,0.45632048,USDT
2024-06-01T20:15:00Z,BTC/USDT,buy,67800.12312000,0.0067265,0.45605753,USDT
2024-06-01T20:30:00Z,BTC/USDT,sell,67730.74768500,0.0067265,0.45559087,USDT
2024-06-01T20:45:00Z,BTC/USDT,buy,67829.71791000,0.00672559,0.45619487,USDT
2024-06-02T02:30:00Z,BTC/USDT,sell,67746.84963000,0.00672559,0.45563753,USDT
2024-06-02T02:45:00Z,BTC/USDT,buy,67846.68639000,0.0067205,0.45596366,USDT
2024-06-02T03:00:00Z,BTC/USDT,sell,67739.77317000,0.0067205,0.45524515,USDT
2024-06-02T07:00:00Z,BTC/USDT,buy,67835.27068500,0.00671387,0.45543719,USDT
2024-06-02T07:15:00Z,BTC/USDT,stop_sell,67735.54885464,0.00671387,0.45476767,USDT
2024-06-02T07:45:00Z,BTC/USDT,buy,67794.63037500,0.00672187,0.45570669,USDT
2024-06-02T08:00:00Z,BTC/USDT,sell,67672.25694500,0.00672187,0.45488411,USDT
2024-06-02T08:15:00Z,BTC/USDT,buy,67808.48730000,0.00671862,0.45557946,USDT
2024-06-02T08:45:00Z,BTC/USDT,sell,67720.78267000,0.00671862,0.45499020,USDT
2024-06-02T12:00:00Z,BTC/USDT,buy,68279.78283000,0.00667731,0.45592528,USDT
2024-06-02T12:15:00Z,BTC/USDT,stop_sell,67917.39502893,0.00667731,0.45350550,USDT
2024-06-02T12:45:00Z,BTC/USDT,buy,68068.05702000,0.00668032,0.45471640,USDT
2024-06-02T13:00:00Z,BTC/USDT,stop_sell,67812.55461821,0.00668032,0.45300956,USDT
2024-06-02T13:30:00Z,BTC/USDT,buy,68110.69833000,0.00668609,0.45539426,USDT
2024-06-02T16:45:00Z,BTC/USDT,sell,67989.29834500,0.00668609,0.45458257,USDT
2024-06-02T17:15:00Z,BTC/USDT,buy,68039.28264000,0.00667912,0.45444253,USDT
2024-06-02T17:30:00Z,BTC/USDT,sell,67955.74513000,0.00667912,0.45388458,USDT
2024-06-02T17:45:00Z,BTC/USDT,buy,68100.41319000,0.00667714,0.45471599,USDT
2024-06-02T18:00:00Z,BTC/USDT,sell,67848.68868500,0.00667714,0.45303519,USDT
2024-06-03T01:00:00Z,BTC/USDT,buy,67889.63785500,0.00670322,0.45507918,USDT
2024-06-03T06:00:00Z,BTC/USDT,sell,68582.61154000,0.00670322,0.45972433,USDT
2024-06-03T06:15:00Z,BTC/USDT,buy,68659.31250000,0.00662413,0.45480821,USDT
2024-06-03T12:00:00Z,BTC/USDT,sell,69060.25260000,0.00662413,0.45746409,USDT
2024-06-03T12:15:00Z,BTC/USDT,buy,69189.42742500,0.0065754,0.45494816,USDT
2024-06-03T14:45:00Z,BTC/USDT,stop_sell,68920.59389286,0.0065754,0.45318047,USDT
2024-06-03T15:30:00Z,BTC/USDT,buy,69092.81914500,0.00657172,0.45405866,USDT
2024-06-03T17:00:00Z,BTC/USDT,sell,69016.27460000,0.00657172,0.45355563,USDT
2024-06-03T21:45:00Z,BTC/USDT,buy,69124.88517000,0.00657722,0.45464958,USDT
2024-06-03T22:00:00Z,BTC/USDT,stop_sell,68822.13493268,0.00657722,0.45265832,USDT
2024-06-04T02:00:00Z,BTC/USDT,buy,69188.27685000,0.00656762,0.45440231,USDT
2024-06-04T05:45:00Z,BTC/USDT,sell,68965.53998000,0.00656762,0.45293946,USDT
2024-06-04T15:15:00Z,BTC/USDT,buy,69829.50730500,0.00650086,0.45395185,USDT
2024-06-04T20:45:00Z,BTC/USDT,sell,70300.50216500,0.00650086,0.45701372,USDT
2024-06-05T06:00:00Z,BTC/USDT,buy,71048.94672000,0.00639518,0.45437080,USDT
2024-06-05T06:15:00Z,BTC/USDT,sell,70832.48604000,0.00639518,0.45298650,USDT
2024-06-05T07:45:00Z,BTC/USDT,buy,71349.64699500,0.00636408,0.45407486,USDT
2024-06-05T08:00:00Z,BTC/USDT,stop_sell,71069.70629911,0.00636408,0.45229330,USDT
2024-06-05T14:45:00Z,BTC/USDT,buy,70946.76565500,0.00639595,0.45377197,USDT
2024-06-05T15:00:00Z,BTC/USDT,sell,70861.02176500,0.00639595,0.45322355,USDT
2024-06-05T15:15:00Z,BTC/USDT,buy,70983.36394500,0.00640691,0.45478402,USDT
2024-06-05T18:45:00Z,BTC/USDT,sell,71062.22111500,0.00640691,0.45528926,USDT
2024-06-05T19:00:00Z,BTC/USDT,buy,71155.85014500,0.00637781,0.45381849,USDT
2024-06-05T19:15:00Z,BTC/USDT,sell,70892.28612500,0.00637781,0.45213753,USDT
2024-06-05T23:15:00Z,BTC/USDT,buy,71277.59098500,0.00636409,0.45361700,USDT
2024-06-05T23:15:00Z,BTC/USDT,stop_sell,71001.64998714,0.00636409,0.45186089,USDT
2024-06-06T04:30:00Z,BTC/USDT,buy,71055.46998000,0.00638099,0.45340424,USDT
2024-06-06T04:45:00Z,BTC/USDT,sell,71078.23310500,0.00638099,0.45354949,USDT
2024-06-06T09:15:00Z,BTC/USDT,buy,71157.05074500,0.00637332,0.45350665,USDT
2024-06-06T09:30:00Z,BTC/USDT,sell,70996.47400500,0.00637332,0.45248325,USDT
2024-06-06T10:00:00Z,BTC/USDT,buy,71040.98274000,0.00637925,0.45318819,USDT
2024-06-06T15:45:00Z,BTC/USDT,sell,71429.01762500,0.00637925,0.45566356,USDT
2024-06-06T16:15:00Z,BTC/USDT,buy,71217.30085500,0.00636519,0.45331165,USDT
2024-06-06T16:45:00Z,BTC/USDT,sell,70912.55598500,0.00636519,0.45137189,USDT
2024-06-07T00:30:00Z,BTC/USDT,buy,70866.09534000,0.00639053,0.45287191,USDT
2024-06-07T01:15:00Z,BTC/USDT,sell,70783.50054500,0.00639053,0.45234408,USDT
2024-06-07T02:00:00Z,BTC/USDT,buy,70865.50504500,0.00638614,0.45255704,USDT
2024-06-07T02:15:00Z,BTC/USDT,stop_sell,70728.11003982,0.00638614,0.45167961,USDT
2024-06-07T03:15:00Z,BTC/USDT,buy,70866.54556500,0.00639578,0.45324683,USDT
2024-06-07T04:45:00Z,BTC/USDT,sell,71140.41200000,0.00639578,0.45499842,USDT
2024-06-07T11:00:00Z,BTC/USDT,buy,71448.97663500,0.0063387,0.45289363,USDT
2024-06-07T12:30:00Z,BTC/USDT,stop_sell,71264.74480250,0.0063387,0.45172584,USDT
2024-06-07T13:00:00Z,BTC/USDT,buy,71303.02369500,0.00634939,0.45273071,USDT
2024-06-07T15:30:00Z,BTC/USDT,sell,71083.21061500,0.00634939,0.45133503,USDT
2024-06-07T23:00:00Z,BTC/USDT,buy,69473.72950500,0.00651719,0.45277350,USDT
2024-06-08T00:00:00Z,BTC/USDT,sell,69342.10160500,0.00651719,0.45191565,USDT
2024-06-08T00:30:00Z,BTC/USDT,buy,69470.31780000,0.00650722,0.45205864,USDT
2024-06-08T01:15:00Z,BTC/USDT,stop_sell,69308.52804304,0.00650722,0.45100584,USDT
2024-06-08T01:30:00Z,BTC/USDT,buy,69487.96662000,0.0065083,0.45224853,USDT
2024-06-08T05:15:00Z,BTC/USDT,sell,69342.70130500,0.0065083,0.45130310,USDT
2024-06-08T09:30:00Z,BTC/USDT,buy,69521.82354000,0.00650849,0.45248209,USDT
2024-06-08T12:00:00Z,BTC/USDT,sell,69363.77076500,0.00650849,0.45145341,USDT
2024-06-08T14:15:00Z,BTC/USDT,buy,69479.41234500,0.00650485,0.45195316,USDT
2024-06-08T14:30:00Z,BTC/USDT,sell,69287.84874500,0.00650485,0.45070706,USDT
2024-06-08T15:15:00Z,BTC/USDT,buy,69491.23825500,0.00650326,0.45191959,USDT
2024-06-08T16:00:00Z,BTC/USDT,sell,69399.42293000,0.00650326,0.45132249,USDT
2024-06-08T17:00:00Z,BTC/USDT,buy,69452.06868000,0.00650505,0.45178918,USDT
2024-06-08T18:30:00Z,BTC/USDT,sell,69447.97864000,0.00650505,0.45176257,USDT
2024-06-08T19:00:00Z,BTC/USDT,buy,69480.08268000,0.00649947,0.45158371,USDT
2024-06-08T20:15:00Z,BTC/USDT,sell,69446.26949500,0.00649947,0.45136395,USDT
2024-06-08T21:15:00Z,BTC/USDT,buy,69401.33332500,0.0065055,0.45149037,USDT
2024-06-08T22:00:00Z,BTC/USDT,sell,69402.85121500,0.0065055,0.45150025,USDT
2024-06-09T05:45:00Z,BTC/USDT,buy,69380.41287000,0.00650856,0.45156658,USDT
2024-06-09T06:00:00Z,BTC/USDT,sell,69286.12960500,0.00650856,0.45095293,USDT
2024-06-09T11:30:00Z,BTC/USDT,buy,69407.65648500,0.00650208,0.45129414,USDT
2024-06-09T12:00:00Z,BTC/USDT,sell,69366.59935000,0.00650208,0.45102718,USDT
2024-06-09T12:45:00Z,BTC/USDT,buy,69549.49737000,0.0064901,0.45138319,USDT
2024-06-09T13:30:00Z,BTC/USDT,stop_sell,69364.81702732,0.0064901,0.45018460,USDT
2024-06-09T18:15:00Z,BTC/USDT,buy,69759.34224000,0.0064656,0.45103600,USDT
2024-06-09T18:45:00Z,BTC/USDT,sell,69709.85763500,0.0064656,0.45071606,USDT
2024-06-09T20:45:00Z,BTC/USDT,buy,69711.49833000,0.00647118,0.45111565,USDT
2024-06-09T21:30:00Z,BTC/USDT,sell,69687.82865500,0.00647118,0.45096248,USDT
2024-06-10T02:45:00Z,BTC/USDT,buy,69774.51982500,0.00645666,0.45051035,USDT
2024-06-10T03:00:00Z,BTC/USDT,sell,69721.76168000,0.00645666,0.45016971,USDT
2024-06-10T03:15:00Z,BTC/USDT,buy,69768.70692000,0.00646093,0.45077073,USDT
2024-06-10T03:45:00Z,BTC/USDT,stop_sell,69584.12017804,0.00646093,0.44957813,USDT
2024-06-10T04:45:00Z,BTC/USDT,buy,69716.08062000,0.00646222,0.45052065,USDT
2024-06-10T05:15:00Z,BTC/USDT,stop_sell,69536.10169929,0.00646222,0.44935759,USDT
2024-06-10T05:30:00Z,BTC/USDT,buy,69574.96009500,0.00647314,0.45036846,USDT
2024-06-10T06:00:00Z,BTC/USDT,sell,69553.28596000,0.00647314,0.45022816,USDT
2024-06-10T11:45:00Z,BTC/USDT,buy,69574.47985500,0.00647683,0.45062208,USDT
2024-06-10T12:15:00Z,BTC/USDT,sell,69374.64532500,0.00647683,0.44932778,USDT
2024-06-10T12:45:00Z,BTC/USDT,buy,69414.19975500,0.00648021,0.44981859,USDT
2024-06-10T13:00:00Z,BTC/USDT,sell,69349.77776500,0.00648021,0.44940112,USDT
2024-06-10T13:45:00Z,BTC/USDT,buy,69523.80453000,0.00647337,0.45005331,USDT
2024-06-10T14:00:00Z,BTC/USDT,sell,69395.60484000,0.00647337,0.44922343,USDT
2024-06-10T14:15:00Z,BTC/USDT,buy,69395.78055000,0.00648572,0.45008160,USDT
2024-06-10T16:00:00Z,BTC/USDT,sell,69992.41628500,0.00648572,0.45395121,USDT
2024-06-10T19:45:00Z,BTC/USDT,buy,69705.81549000,0.00645795,0.45015667,USDT
2024-06-10T20:00:00Z,BTC/USDT,sell,69462.89118000,0.00645795,0.44858788,USDT
2024-06-11T00:45:00Z,BTC/USDT,buy,69453.21925500,0.00647938,0.45001380,USDT
2024-06-11T01:15:00Z,BTC/USDT,sell,69481.34195000,0.00647938,0.45019602,USDT
2024-06-11T18:45:00Z,BTC/USDT,buy,67203.57499500,0.0066908,0.44964568,USDT
2024-06-11T22:30:00Z,BTC/USDT,sell,67412.42692500,0.0066908,0.45104307,USDT
2024-06-11T23:00:00Z,BTC/USDT,buy,67418.30230500,0.00667753,0.45018774,USDT
2024-06-12T00:30:00Z,BTC/USDT,sell,67288.99867000,0.00667753,0.44932431,USDT
2024-06-12T02:15:00Z,BTC/USDT,buy,67434.15022500,0.00666999,0.44978511,USDT
2024-06-12T03:00:00Z,BTC/USDT,sell,67422.24201500,0.00666999,0.44970568,USDT
2024-06-12T03:15:00Z,BTC/USDT,buy,67506.64645500,0.00665796,0.44945655,USDT
2024-06-12T03:30:00Z,BTC/USDT,sell,67339.68331500,0.00665796,0.44834492,USDT
2024-06-12T12:00:00Z,BTC/USDT,buy,67823.64487500,0.00663006,0.44967483,USDT
2024-06-12T13:00:00Z,BTC/USDT,sell,69181.15212000,0.00663006,0.45867519,USDT
2024-06-12T18:00:00Z,BTC/USDT,buy,69678.38178000,0.00644261,0.44891064,USDT
2024-06-12T18:00:00Z,BTC/USDT,stop_sell,69499.80949732,0.00644261,0.44776017,USDT
2024-06-13T00:30:00Z,BTC/USDT,buy,68277.01144500,0.00659542,0.45031557,USDT
2024-06-13T01:00:00Z,BTC/USDT,sell,68323.70106000,0.00659542,0.45062350,USDT
2024-06-13T11:00:00Z,BTC/USDT,buy,67849.54782000,0.0066336,0.45008676,USDT
2024-06-13T12:45:00Z,BTC/USDT,stop_sell,67518.38927446,0.0066336,0.44788999,USDT
2024-06-13T13:15:00Z,BTC/USDT,buy,67835.22066000,0.00663504,0.45008940,USDT
2024-06-13T14:00:00Z,BTC/USDT,sell,67575.18550500,0.00663504,0.44836406,USDT
2024-06-13T14:15:00Z,BTC/USDT,buy,67464.40534500,0.00666336,0.44953962,USDT
2024-06-13T15:15:00Z,BTC/USDT,stop_sell,66981.37505875,0.00666336,0.44632102,USDT
2024-06-13T21:15:00Z,BTC/USDT,buy,66779.32297500,0.00672182,0.44887859,USDT
2024-06-13T21:45:00Z,BTC/USDT,sell,66800.42308000,0.00672182,0.44902042,USDT
2024-06-13T22:15:00Z,BTC/USDT,buy,66924.65560500,0.00671126,0.44914876,USDT
2024-06-13T22:45:00Z,BTC/USDT,sell,66903.95129000,0.00671126,0.44900981,USDT
2024-06-13T23:30:00Z,BTC/USDT,buy,66951.97926000,0.00670926,0.44919824,USDT
2024-06-13T23:45:00Z,BTC/USDT,sell,66852.11722000,0.00670926,0.44852824,USDT
2024-06-14T00:30:00Z,BTC/USDT,buy,66882.59458500,0.00671235,0.44893938,USDT
2024-06-14T01:00:00Z,BTC/USDT,stop_sell,66626.41405661,0.00671235,0.44721981,USDT
2024-06-14T01:15:00Z,BTC/USDT,buy,66811.06884000,0.00672273,0.44915278,USDT
2024-06-14T01:45:00Z,BTC/USDT,sell,66697.51456000,0.00672273,0.44838938,USDT
2024-06-14T02:00:00Z,BTC/USDT,buy,66863.38498500,0.00670917,0.44859782,USDT
2024-06-14T02:15:00Z,BTC/USDT,sell,66763.68146000,0.00670917,0.44792889,USDT
2024-06-14T08:00:00Z,BTC/USDT,buy,67003.05478500,0.00669877,0.44883805,USDT
2024-06-14T09:00:00Z,BTC/USDT,sell,67147.86927000,0.00669877,0.44980813,USDT
2024-06-14T09:15:00Z,BTC/USDT,buy,67145.62603500,0.00667293,0.44805806,USDT
2024-06-14T09:30:00Z,BTC/USDT,stop_sell,66940.07072125,0.00667293,0.44668641,USDT
2024-06-14T09:45:00Z,BTC/USDT,buy,67016.11131000,0.00669319,0.44855157,USDT
2024-06-14T10:30:00Z,BTC/USDT,sell,66923.62145000,0.00669319,0.44793251,USDT
2024-06-14T13:30:00Z,BTC/USDT,buy,67333.43989500,0.00665614,0.44818080,USDT
2024-06-14T14:00:00Z,BTC/USDT,sell,67061.75235000,0.00665614,0.44637241,USDT
2024-06-14T15:30:00Z,BTC/USDT,buy,66991.41897000,0.00668501,0.44783831,USDT
2024-06-14T15:45:00Z,BTC/USDT,sell,66669.01881500,0.00668501,0.44568306,USDT
2024-06-14T21:15:00Z,BTC/USDT,buy,65846.18664000,0.0067994,0.44771456,USDT
2024-06-14T23:45:00Z,BTC/USDT,sell,65991.24787000,0.0067994,0.44870089,USDT
2024-06-15T03:00:00Z,BTC/USDT,buy,66250.58874000,0.00675864,0.44776388,USDT
2024-06-15T03:30:00Z,BTC/USDT,sell,66189.05891500,0.00675864,0.44734802,USDT
2024-06-15T08:45:00Z,BTC/USDT,buy,66320.32359000,0.00674933,0.44761775,USDT
2024-06-15T09:00:00Z,BTC/USDT,sell,66283.77153500,0.00674933,0.44737105,USDT
2024-06-15T11:45:00Z,BTC/USDT,buy,66343.15500000,0.00674563,0.44752638,USDT
2024-06-15T15:15:00Z,BTC/USDT,sell,66366.80000000,0.00674563,0.44768588,USDT
2024-06-15T21:45:00Z,BTC/USDT,buy,66264.21555000,0.00675392,0.44754321,USDT
2024-06-15T22:00:00Z,BTC/USDT,sell,66266.80002500,0.00675392,0.44756067,USDT
2024-06-15T23:15:00Z,BTC/USDT,buy,66333.12999000,0.0067447,0.44739706,USDT
2024-06-16T00:15:00Z,BTC/USDT,sell,66190.20834000,0.0067447,0.44643310,USDT
2024-06-16T01:15:00Z,BTC/USDT,buy,66264.40564500,0.00674945,0.44724829,USDT
2024-06-16T03:45:00Z,BTC/USDT,sell,66159.90350000,0.00674945,0.44654296,USDT
2024-06-16T04:45:00Z,BTC/USDT,buy,66303.13500000,0.00674427,0.44716624,USDT
2024-06-16T05:00:00Z,BTC/USDT,sell,66228.32927000,0.00674427,0.44666173,USDT
2024-06-16T05:45:00Z,BTC/USDT,buy,66257.22205500,0.0067417,0.44668631,USDT
2024-06-16T06:45:00Z,BTC/USDT,sell,66251.81752000,0.0067417,0.44664988,USDT
2024-06-16T07:00:00Z,BTC/USDT,buy,66416.14147500,0.00673742,0.44747344,USDT
2024-06-16T07:30:00Z,BTC/USDT,sell,66254.66609500,0.00673742,0.44638551,USDT
2024-06-16T11:30:00Z,BTC/USDT,buy,66641.66418000,0.00670414,0.44677505,USDT
2024-06-16T11:45:00Z,BTC/USDT,sell,66514.23624500,0.00670414,0.44592075,USDT
2024-06-16T13:30:00Z,BTC/USDT,buy,66694.39053000,0.00668784,0.44604141,USDT
2024-06-16T13:45:00Z,BTC/USDT,sell,66604.60104000,0.00668784,0.44544092,USDT
2024-06-16T21:45:00Z,BTC/USDT,buy,66560.46360000,0.00669943,0.44591717,USDT
2024-06-16T22:00:00Z,BTC/USDT,sell,66505.03085000,0.00669943,0.44554580,USDT
2024-06-17T15:15:00Z,BTC/USDT,buy,65585.76649500,0.00679606,0.44572480,USDT
2024-06-17T15:15:00Z,BTC/USDT,stop_sell,65383.37481571,0.00679606,0.44434934,USDT
2024-06-17T17:00:00Z,BTC/USDT,buy,65938.02253500,0.00676747,0.44623359,USDT
2024-06-17T17:30:00Z,BTC/USDT,sell,65976.17541000,0.00676747,0.44649179,USDT
2024-06-18T05:45:00Z,BTC/USDT,buy,65742.88501500,0.00678122,0.44581697,USDT
2024-06-18T06:00:00Z,BTC/USDT,sell,65610.91813000,0.00678122,0.44492207,USDT
2024-06-18T06:15:00Z,BTC/USDT,buy,65688.18768000,0.00678788,0.44588354,USDT
2024-06-18T06:45:00Z,BTC/USDT,sell,65523.04209000,0.00678788,0.44476255,USDT
2024-06-18T18:45:00Z,BTC/USDT,buy,64801.22442000,0.00687692,0.44563284,USDT
2024-06-18T19:00:00Z,BTC/USDT,sell,64623.34216500,0.00687692,0.44440955,USDT
2024-06-18T20:00:00Z,BTC/USDT,buy,64509.79878000,0.00690729,0.44558789,USDT
2024-06-18T20:15:00Z,BTC/USDT,sell,64374.62658500,0.00690729,0.44465421,USDT
2024-06-19T13:00:00Z,BTC/USDT,buy,65300.12374500,0.00682333,0.44556429,USDT
2024-06-19T13:15:00Z,BTC/USDT,sell,65153.19710500,0.00682333,0.44456176,USDT
2024-06-20T00:00:00Z,BTC/USDT,buy,65044.83616500,0.00685506,0.44588625,USDT
2024-06-20T01:45:00Z,BTC/USDT,sell,65182.36251500,0.00685506,0.44682901,USDT
2024-06-20T02:00:00Z,BTC/USDT,buy,65202.39490500,0.00683129,0.44541647,USDT
2024-06-20T02:00:00Z,BTC/USDT,stop_sell,64929.93022286,0.00683129,0.44355518,USDT
2024-06-20T02:15:00Z,BTC/USDT,buy,65047.56753000,0.00684121,0.44500407,USDT
2024-06-20T06:15:00Z,BTC/USDT,sell,65523.75173500,0.00684121,0.44826175,USDT
2024-06-20T06:30:00Z,BTC/USDT,buy,65547.38731500,0.00679095,0.44512903,USDT
2024-06-20T07:00:00Z,BTC/USDT,sell,65407.11008500,0.00679095,0.44417641,USDT
2024-06-20T10:15:00Z,BTC/USDT,buy,65769.72843000,0.00677168,0.44537155,USDT
2024-06-20T10:30:00Z,BTC/USDT,sell,65705.85064000,0.00677168,0.44493899,USDT
2024-06-20T19:00:00Z,BTC/USDT,buy,65180.54398500,0.00683286,0.44536953,USDT
2024-06-20T19:15:00Z,BTC/USDT,sell,65046.58044000,0.00683286,0.44445418,USDT
2024-06-20T22:30:00Z,BTC/USDT,buy,65105.51649000,0.00683494,0.44499230,USDT
2024-06-20T23:15:00Z,BTC/USDT,sell,64994.76636000,0.00683494,0.44423533,USDT
2024-06-21T17:15:00Z,BTC/USDT,buy,63796.72242000,0.00697301,0.44485518,USDT
2024-06-21T17:30:00Z,BTC/USDT,sell,63536.78571500,0.00697301,0.44304264,USDT
2024-06-21T17:45:00Z,BTC/USDT,buy,63800.90451000,0.00696353,0.44427951,USDT
2024-06-21T18:00:00Z,BTC/USDT,sell,63668.15000000,0.00696353,0.44335507,USDT
2024-06-21T18:15:00Z,BTC/USDT,buy,63852.00004500,0.00696317,0.44461233,USDT
2024-06-21T19:15:00Z,BTC/USDT,sell,63984.93153000,0.00696317,0.44553796,USDT
2024-06-21T19:30:00Z,BTC/USDT,buy,64098.16306500,0.00693465,0.44449833,USDT
2024-06-21T19:45:00Z,BTC/USDT,sell,64081.26334000,0.00693465,0.44438113,USDT
2024-06-21T20:30:00Z,BTC/USDT,buy,64292.13000000,0.00690828,0.44414804,USDT
2024-06-21T21:15:00Z,BTC/USDT,stop_sell,63978.49046643,0.00690828,0.44198133,USDT
2024-06-22T02:30:00Z,BTC/USDT,buy,64326.71728500,0.00691168,0.44460569,USDT
2024-06-22T05:15:00Z,BTC/USDT,sell,64232.76755000,0.00691168,0.44395633,USDT
2024-06-22T08:45:00Z,BTC/USDT,buy,64379.53368000,0.00690237,0.44437136,USDT
2024-06-22T09:00:00Z,BTC/USDT,sell,64281.90297000,0.00690237,0.44369748,USDT
2024-06-22T09:15:00Z,BTC/USDT,buy,64332.27006000,0.00690133,0.44397823,USDT
2024-06-22T09:45:00Z,BTC/USDT,sell,64217.37525000,0.00690133,0.44318530,USDT
2024-06-22T10:00:00Z,BTC/USDT,buy,64371.24954000,0.00690074,0.44420926,USDT
2024-06-22T10:30:00Z,BTC/USDT,sell,64287.23030500,0.00690074,0.44362946,USDT
2024-06-22T16:15:00Z,BTC/USDT,buy,64338.05295000,0.00689596,0.44367264,USDT
2024-06-22T16:30:00Z,BTC/USDT,sell,64250.45870000,0.00689596,0.44306859,USDT
2024-06-22T18:00:00Z,BTC/USDT,buy,64326.24705000,0.00689784,0.44371216,USDT
2024-06-22T18:15:00Z,BTC/USDT,sell,64261.72306500,0.00689784,0.44326708,USDT
2024-06-22T18:45:00Z,BTC/USDT,buy,64363.54569000,0.00688969,0.44344488,USDT
2024-06-22T19:00:00Z,BTC/USDT,sell,64239.35425500,0.00688969,0.44258924,USDT
2024-06-22T20:15:00Z,BTC/USDT,buy,64319.92389000,0.00689068,0.44320801,USDT
2024-06-22T20:30:00Z,BTC/USDT,sell,64278.93445500,0.00689068,0.44292557,USDT
2024-06-22T21:15:00Z,BTC/USDT,buy,64358.73328500,0.00688777,0.44328815,USDT
2024-06-22T21:45:00Z,BTC/USDT,sell,64283.72206000,0.00688777,0.44277149,USDT
2024-06-22T22:00:00Z,BTC/USDT,buy,64382.79531000,0.00688237,0.44310622,USDT
2024-06-22T22:30:00Z,BTC/USDT,sell,64283.34225000,0.00688237,0.44242175,USDT
2024-06-22T22:45:00Z,BTC/USDT,buy,64361.46465000,0.00688235,0.44295813,USDT
2024-06-22T23:00:00Z,BTC/USDT,sell,64299.96393500,0.00688235,0.44253486,USDT
2024-06-22T23:30:00Z,BTC/USDT,buy,64328.26806000,0.0068789,0.44250772,USDT
2024-06-23T01:15:00Z,BTC/USDT,sell,64309.74904000,0.0068789,0.44238033,USDT
2024-06-23T01:30:00Z,BTC/USDT,buy,64428.50815500,0.00687307,0.44282165,USDT
2024-06-23T01:45:00Z,BTC/USDT,sell,64404.65156500,0.00687307,0.44265768,USDT
2024-06-23T06:00:00Z,BTC/USDT,buy,64443.20550000,0.00686989,0.44271773,USDT
2024-06-23T06:30:00Z,BTC/USDT,sell,64343.32224500,0.00686989,0.44203155,USDT
2024-06-23T09:45:00Z,BTC/USDT,buy,64418.88334500,0.00686543,0.44226333,USDT
2024-06-23T10:00:00Z,BTC/USDT,sell,64401.97290500,0.00686543,0.44214724,USDT
2024-06-23T10:30:00Z,BTC/USDT,buy,64378.06294500,0.00686843,0.44217622,USDT
2024-06-23T10:45:00Z,BTC/USDT,sell,64304.28177500,0.00686843,0.44166946,USDT
2024-06-24T08:45:00Z,BTC/USDT,buy,62840.49454500,0.00702553,0.44148778,USDT
2024-06-24T09:00:00Z,BTC/USDT,sell,62736.21620000,0.00702553,0.44075517,USDT
2024-06-25T10:00:00Z,BTC/USDT,buy,61489.13920500,0.00718026,0.44150801,USDT
2024-06-25T10:15:00Z,BTC/USDT,sell,61350.29950500,0.00718026,0.44051110,USDT
2024-06-25T15:45:00Z,BTC/USDT,buy,61927.58832000,0.00713913,0.44210910,USDT
2024-06-25T16:15:00Z,BTC/USDT,sell,61728.31040500,0.00713913,0.44068643,USDT
2024-06-25T17:15:00Z,BTC/USDT,buy,61727.48832000,0.00716508,0.44228239,USDT
2024-06-25T17:45:00Z,BTC/USDT,sell,61545.75173000,0.00716508,0.44098023,USDT
2024-06-26T01:45:00Z,BTC/USDT,buy,62061.06502500,0.0071225,0.44202994,USDT
2024-06-26T03:00:00Z,BTC/USDT,sell,62046.88104000,0.0071225,0.44192891,USDT
2024-06-26T04:00:00Z,BTC/USDT,buy,62066.36767500,0.00712005,0.44191564,USDT
2024-06-26T04:15:00Z,BTC/USDT,stop_sell,61760.02561089,0.00712005,0.43973447,USDT
2024-06-26T13:30:00Z,BTC/USDT,buy,61610.80000500,0.00717372,0.44197863,USDT
2024-06-26T13:45:00Z,BTC/USDT,sell,61657.48583500,0.00717372,0.44231354,USDT
2024-06-26T16:00:00Z,BTC/USDT,buy,61431.36033000,0.00717356,0.44068155,USDT
2024-06-26T16:45:00Z,BTC/USDT,stop_sell,61154.59704804,0.00717356,0.43869617,USDT
2024-06-27T01:15:00Z,BTC/USDT,buy,61030.50000000,0.00723063,0.44128896,USDT
2024-06-27T02:45:00Z,BTC/USDT,sell,60969.50999500,0.00723063,0.44084797,USDT
2024-06-27T03:00:00Z,BTC/USDT,buy,61076.80314000,0.00722666,0.44138129,USDT
2024-06-27T05:30:00Z,BTC/USDT,sell,60969.50000000,0.00722666,0.44060585,USDT
2024-06-27T05:45:00Z,BTC/USDT,buy,61068.67908000,0.00721997,0.44091403,USDT
2024-06-27T05:45:00Z,BTC/USDT,stop_sell,60875.01012571,0.00721997,0.43951575,USDT
2024-06-28T01:00:00Z,BTC/USDT,buy,61602.38580000,0.00715442,0.44072934,USDT
2024-06-28T04:30:00Z,BTC/USDT,sell,61496.73625000,0.00715442,0.43997348,USDT
2024-06-28T04:45:00Z,BTC/USDT,buy,61680.82500000,0.00714045,0.44042885,USDT
2024-06-28T05:30:00Z,BTC/USDT,sell,61579.30494500,0.00714045,0.43970395,USDT
2024-06-28T06:00:00Z,BTC/USDT,buy,61617.02311500,0.0071423,0.44008726,USDT
2024-06-28T06:15:00Z,BTC/USDT,sell,61593.39789500,0.0071423,0.43991853,USDT
2024-06-29T00:15:00Z,BTC/USDT,buy,60510.24000000,0.00727792,0.44038869,USDT
2024-06-29T02:30:00Z,BTC/USDT,sell,60878.06574000,0.00727792,0.44306569,USDT
2024-06-29T07:15:00Z,BTC/USDT,buy,60922.94625000,0.00722912,0.44041929,USDT
2024-06-29T14:45:00Z,BTC/USDT,sell,60977.72588500,0.00722912,0.44081530,USDT
2024-06-29T15:00:00Z,BTC/USDT,buy,61041.10530000,0.00721976,0.44070213,USDT
2024-06-29T15:30:00Z,BTC/USDT,sell,60969.82983500,0.00721976,0.44018754,USDT
2024-06-29T15:45:00Z,BTC/USDT,buy,61063.37643000,0.00721471,0.44055455,USDT
2024-06-29T16:30:00Z,BTC/USDT,sell,60950.99925500,0.00721471,0.43974378,USDT
2024-06-29T19:15:00Z,BTC/USDT,buy,61114.11178500,0.00720202,0.44014506,USDT
2024-06-29T19:30:00Z,BTC/USDT,stop_sell,60983.30737857,0.00720202,0.43920300,USDT
2024-06-29T20:00:00Z,BTC/USDT,buy,61057.84366500,0.0072032,0.43981186,USDT
2024-06-29T20:45:00Z,BTC/USDT,sell,60996.81633500,0.0072032,0.43937227,USDT
2024-06-29T21:30:00Z,BTC/USDT,buy,61053.29139000,0.00720298,0.43976564,USDT
2024-06-29T22:15:00Z,BTC/USDT,stop_sell,60922.75088625,0.00720298,0.43882536,USDT
2024-06-29T23:15:00Z,BTC/USDT,buy,61070.49999000,0.00720232,0.43984928,USDT
2024-06-29T23:30:00Z,BTC/USDT,sell,60971.12918500,0.00720232,0.43913358,USDT
2024-06-30T00:30:00Z,BTC/USDT,buy,61060.46497500,0.00720057,0.43967015,USDT
2024-06-30T00:45:00Z,BTC/USDT,sell,61028.06070500,0.00720057,0.43943682,USDT
2024-06-30T02:00:00Z,BTC/USDT,buy,61027.78864500,0.0072038,0.43963198,USDT
2024-06-30T02:15:00Z,BTC/USDT,sell,60912.97827500,0.0072038,0.43880491,USDT
2024-06-30T07:00:00Z,BTC/USDT,buy,61050.51000000,0.00720125,0.43963999,USDT
2024-06-30T08:00:00Z,BTC/USDT,sell,61567.17101500,0.00720125,0.44336059,USDT
2024-06-30T08:15:00Z,BTC/USDT,buy,61504.02664500,0.00715649,0.44015295,USDT
2024-06-30T09:15:00Z,BTC/USDT,sell,61514.65728500,0.00715649,0.44022903,USDT
2024-06-30T23:45:00Z,BTC/USDT,buy,62917.63309500,0.00698553,0.43951301,USDT
2024-07-01T00:15:00Z,BTC/USDT,sell,62608.02033000,0.00698553,0.43735020,USDT
2024-07-01T02:30:00Z,BTC/USDT,buy,63633.90105000,0.00690736,0.43954226,USDT
2024-07-01T02:45:00Z,BTC/USDT,sell,63382.01314000,0.00690736,0.43780238,USDT
2024-07-01T03:30:00Z,BTC/USDT,buy,63508.55841000,0.00691347,0.43906451,USDT
2024-07-01T04:45:00Z,BTC/USDT,sell,63235.61637500,0.00691347,0.43717754,USDT
2024-07-01T05:45:00Z,BTC/USDT,buy,63403.25578500,0.00692405,0.43900731,USDT
2024-07-01T06:00:00Z,BTC/USDT,sell,63420.50388500,0.00692405,0.43912674,USDT
2024-07-01T13:30:00Z,BTC/USDT,buy,62986.87770000,0.00697526,0.43934985,USDT
2024-07-01T13:30:00Z,BTC/USDT,stop_sell,62700.00681375,0.00697526,0.43734885,USDT
2024-07-01T15:15:00Z,BTC/USDT,buy,63053.21085000,0.00695898,0.43878603,USDT
2024-07-01T19:15:00Z,BTC/USDT,sell,63513.80721000,0.00695898,0.44199131,USDT
2024-07-01T19:45:00Z,BTC/USDT,buy,63281.11474500,0.00693817,0.43905513,USDT
2024-07-01T21:30:00Z,BTC/USDT,sell,63120.72385000,0.00693817,0.43794231,USDT
2024-07-03T13:45:00Z,BTC/USDT,buy,60528.40908000,0.00724859,0.43874562,USDT
2024-07-03T14:00:00Z,BTC/USDT,sell,60574.02783500,0.00724859,0.43907629,USDT
2024-07-03T15:15:00Z,BTC/USDT,buy,60277.76382000,0.00727698,0.43864008,USDT
2024-07-03T15:45:00Z,BTC/USDT,sell,60299.78502500,0.00727698,0.43880033,USDT
2024-07-03T18:00:00Z,BTC/USDT,buy,60411.01041000,0.00726626,0.43896211,USDT
2024-07-03T18:30:00Z,BTC/USDT,sell,60398.51563500,0.00726626,0.43887132,USDT
2024-07-04T00:00:00Z,BTC/USDT,buy,60223.84687500,0.00727506,0.43813210,USDT
2024-07-04T01:15:00Z,BTC/USDT,stop_sell,59997.18604304,0.00727506,0.43648313,USDT
2024-07-04T01:30:00Z,BTC/USDT,buy,60230.65027500,0.00727773,0.43834241,USDT
2024-07-04T01:30:00Z,BTC/USDT,stop_sell,59967.42485964,0.00727773,0.43642673,USDT
2024-07-04T06:45:00Z,BTC/USDT,buy,58963.56705000,0.00743537,0.43841594,USDT
2024-07-04T07:00:00Z,BTC/USDT,sell,58782.16421500,0.00743537,0.43706714,USDT
2024-07-04T18:15:00Z,BTC/USDT,buy,58017.38419500,0.00754712,0.43786416,USDT
2024-07-04T18:30:00Z,BTC/USDT,sell,58198.59614500,0.00754712,0.43923179,USDT
2024-07-04T20:30:00Z,BTC/USDT,buy,58274.79283500,0.00752024,0.43824043,USDT
2024-07-04T21:45:00Z,BTC/USDT,sell,58370.80000000,0.00752024,0.43896242,USDT
2024-07-04T22:00:00Z,BTC/USDT,buy,58574.21247000,0.00748019,0.43814624,USDT
2024-07-04T22:30:00Z,BTC/USDT,stop_sell,58246.06632661,0.00748019,0.43569164,USDT
2024-07-04T22:45:00Z,BTC/USDT,buy,58277.68428000,0.00750639,0.43745503,USDT
2024-07-04T23:00:00Z,BTC/USDT,stop_sell,57997.91974768,0.00750639,0.43535500,USDT
2024-07-05T09:45:00Z,BTC/USDT,buy,54534.82378500,0.0080298,0.43790373,USDT
2024-07-05T11:30:00Z,BTC/USDT,sell,55321.91520500,0.0080298,0.44422391,USDT
2024-07-05T21:45:00Z,BTC/USDT,buy,56735.13339000,0.00773292,0.43872825,USDT
2024-07-05T22:00:00Z,BTC/USDT,sell,56568.70150000,0.00773292,0.43744124,USDT
2024-07-05T22:30:00Z,BTC/USDT,buy,56729.16040500,0.00770574,0.43714016,USDT
2024-07-05T22:45:00Z,BTC/USDT,sell,56583.71399000,0.00770574,0.43601939,USDT
2024-07-05T23:15:00Z,BTC/USDT,buy,56737.34449500,0.00770429,0.43712096,USDT
2024-07-06T00:00:00Z,BTC/USDT,stop_sell,56507.83123607,0.00770429,0.43535272,USDT
2024-07-06T00:45:00Z,BTC/USDT,buy,56866.22890500,0.00768127,0.43680486,USDT
2024-07-06T00:45:00Z,BTC/USDT,stop_sell,56597.08230250,0.00768127,0.43473747,USDT
2024-07-06T01:15:00Z,BTC/USDT,buy,56581.68670500,0.00773152,0.43746244,USDT
2024-07-06T01:45:00Z,BTC/USDT,sell,56321.08537000,0.00773152,0.43544760,USDT
2024-07-06T06:15:00Z,BTC/USDT,buy,56493.16246500,0.00773329,0.43687801,USDT
2024-07-06T06:30:00Z,BTC/USDT,sell,56519.98587000,0.00773329,0.43708544,USDT
2024-07-06T14:45:00Z,BTC/USDT,buy,57004.17784500,0.00765316,0.43626209,USDT
2024-07-06T16:00:00Z,BTC/USDT,sell,57311.34999000,0.00765316,0.43861293,USDT
2024-07-07T02:00:00Z,BTC/USDT,buy,58136.06350500,0.00750754,0.43645882,USDT
2024-07-07T03:15:00Z,BTC/USDT,stop_sell,57888.82824929,0.00750754,0.43460269,USDT
2024-07-07T10:00:00Z,BTC/USDT,buy,57765.19816500,0.00756047,0.43673205,USDT
2024-07-07T10:15:00Z,BTC/USDT,sell,57665.54280500,0.00756047,0.43597861,USDT
2024-07-07T12:15:00Z,BTC/USDT,buy,57552.38181000,0.00757982,0.43623669,USDT
2024-07-07T12:30:00Z,BTC/USDT,stop_sell,57335.55538125,0.00757982,0.43459319,USDT
2024-07-07T18:00:00Z,BTC/USDT,buy,57230.99119500,0.00762352,0.43630161,USDT
2024-07-07T19:30:00Z,BTC/USDT,sell,57056.56744500,0.00762352,0.43497188,USDT
2024-07-07T19:45:00Z,BTC/USDT,buy,57115.94370000,0.00763284,0.43595686,USDT
2024-07-07T20:00:00Z,BTC/USDT,sell,57106.19262000,0.00763284,0.43588243,USDT
2024-07-07T20:30:00Z,BTC/USDT,buy,57226.98919500,0.00761159,0.43558838,USDT
2024-07-07T21:00:00Z,BTC/USDT,stop_sell,57021.36362714,0.00761159,0.43402324,USDT
2024-07-08T19:15:00Z,BTC/USDT,buy,56243.70780000,0.00774925,0.43584655,USDT
2024-07-08T20:00:00Z,BTC/USDT,sell,56390.06086500,0.00774925,0.43698068,USDT
2024-07-08T20:30:00Z,BTC/USDT,buy,56506.63920000,0.00771739,0.43608377,USDT
2024-07-08T21:00:00Z,BTC/USDT,sell,56220.70558500,0.00771739,0.43387711,USDT
2024-07-08T21:30:00Z,BTC/USDT,buy,56614.80325500,0.00768618,0.43515157,USDT
2024-07-08T21:45:00Z,BTC/USDT,sell,56423.47415000,0.00768618,0.43368098,USDT
2024-07-09T02:00:00Z,BTC/USDT,buy,56571.35154000,0.00769248,0.43517399,USDT
2024-07-09T02:15:00Z,BTC/USDT,sell,56531.13029500,0.00769248,0.43486459,USDT
2024-07-09T02:45:00Z,BTC/USDT,buy,56907.26941500,0.00765749,0.43576685,USDT
2024-07-09T08:00:00Z,BTC/USDT,sell,57119.65588500,0.00765749,0.43739319,USDT
2024-07-09T08:15:00Z,BTC/USDT,buy,57370.59096000,0.00759114,0.43550819,USDT
2024-07-09T09:00:00Z,BTC/USDT,sell,57584.31344000,0.00759114,0.43713059,USDT
2024-07-09T10:45:00Z,BTC/USDT,buy,57398.81506500,0.00759283,0.43581944,USDT
2024-07-09T11:15:00Z,BTC/USDT,sell,57329.77077500,0.00759283,0.43529520,USDT
2024-07-09T11:45:00Z,BTC/USDT,buy,57474.34281000,0.00756505,0.43479628,USDT
2024-07-09T12:00:00Z,BTC/USDT,sell,57373.03913000,0.00756505,0.43402991,USDT
2024-07-09T14:15:00Z,BTC/USDT,buy,57837.08409000,0.00752658,0.43531544,USDT
2024-07-09T14:15:00Z,BTC/USDT,stop_sell,57448.41071107,0.00752658,0.43239006,USDT
2024-07-09T14:45:00Z,BTC/USDT,buy,57692.50183500,0.00753872,0.43492762,USDT
2024-07-09T14:45:00Z,BTC/USDT,stop_sell,57242.82962446,0.00753872,0.43153766,USDT
2024-07-09T16:00:00Z,BTC/USDT,buy,57485.22825000,0.007561,0.43464581,USDT
2024-07-09T23:30:00Z,BTC/USDT,sell,57842.32437000,0.007561,0.43734581,USDT
2024-07-09T23:45:00Z,BTC/USDT,buy,58061.12605500,0.0074819,0.43440754,USDT
2024-07-10T00:15:00Z,BTC/USDT,sell,57818.85611000,0.0074819,0.43259490,USDT
2024-07-10T02:45:00Z,BTC/USDT,buy,57773.38225500,0.00751687,0.43427500,USDT
2024-07-10T05:30:00Z,BTC/USDT,sell,59094.01821000,0.00751687,0.44420205,USDT
2024-07-10T06:00:00Z,BTC/USDT,buy,59013.28189500,0.00737693,0.43533685,USDT
2024-07-10T06:15:00Z,BTC/USDT,sell,58997.08670000,0.00737693,0.43521738,USDT
2024-07-10T19:00:00Z,BTC/USDT,buy,57625.14817500,0.00755277,0.43522949,USDT
2024-07-10T19:15:00Z,BTC/USDT,sell,57389.93068000,0.00755277,0.43345295,USDT
2024-07-10T22:30:00Z,BTC/USDT,buy,57799.95553500,0.00752077,0.43470017,USDT
2024-07-10T23:00:00Z,BTC/USDT,sell,57667.50182500,0.00752077,0.43370402,USDT
2024-07-11T01:00:00Z,BTC/USDT,buy,57626.68894500,0.00754324,0.43469195,USDT
2024-07-11T02:15:00Z,BTC/USDT,sell,57980.48525500,0.00754324,0.43736072,USDT
2024-07-11T02:30:00Z,BTC/USDT,buy,57984.77790000,0.00749925,0.43484235,USDT
2024-07-11T03:00:00Z,BTC/USDT,sell,57805.95256500,0.00749925,0.43350129,USDT
2024-07-11T04:45:00Z,BTC/USDT,buy,57748.84999500,0.00752688,0.43466866,USDT
2024-07-11T06:30:00Z,BTC/USDT,sell,57928.29136500,0.00752688,0.43601930,USDT
2024-07-11T07:30:00Z,BTC/USDT,buy,58230.49069500,0.0074727,0.43513899,USDT
2024-07-11T08:30:00Z,BTC/USDT,sell,58116.78707000,0.0074727,0.43428931,USDT
2024-07-11T12:45:00Z,BTC/USDT,buy,58965.84819000,0.00736793,0.43445624,USDT
2024-07-11T13:00:00Z,BTC/USDT,sell,58808.87085500,0.00736793,0.43329964,USDT
2024-07-11T13:30:00Z,BTC/USDT,buy,58799.65513500,0.00739195,0.43464411,USDT
2024-07-11T13:30:00Z,BTC/USDT,stop_sell,58333.41727214,0.00739195,0.43119770,USDT
2024-07-11T20:45:00Z,BTC/USDT,buy,57535.48336500,0.00754447,0.43407473,USDT
2024-07-11T21:15:00Z,BTC/USDT,sell,57417.70678500,0.00754447,0.43318617,USDT
2024-07-12T00:45:00Z,BTC/USDT,buy,57594.38280000,0.00753748,0.43411651,USDT
2024-07-12T00:45:00Z,BTC/USDT,stop_sell,57276.37284446,0.00753748,0.43171951,USDT
2024-07-12T08:00:00Z,BTC/USDT,buy,57100.37592000,0.00759818,0.43385893,USDT
2024-07-12T10:00:00Z,BTC/USDT,sell,56936.87732000,0.00759818,0.43261664,USDT
2024-07-12T10:45:00Z,BTC/USDT,buy,57141.32638500,0.00758171,0.43322897,USDT
2024-07-12T11:15:00Z,BTC/USDT,sell,57067.12216500,0.00758171,0.43266637,USDT
2024-07-12T12:15:00Z,BTC/USDT,buy,57292.19178000,0.00756063,0.43316506,USDT
2024-07-12T13:45:00Z,BTC/USDT,sell,57549.03109000,0.00756063,0.43510693,USDT
2024-07-13T01:00:00Z,BTC/USDT,buy,57819.31521000,0.00749581,0.43340260,USDT
2024-07-13T01:30:00Z,BTC/USDT,sell,57832.57924500,0.00749581,0.43350203,USDT
2024-07-13T06:00:00Z,BTC/USDT,buy,58053.74236500,0.00747356,0.43386813,USDT
2024-07-13T07:15:00Z,BTC/USDT,sell,58018.69614000,0.00747356,0.43360621,USDT
2024-07-13T11:00:00Z,BTC/USDT,buy,58412.63172000,0.00741739,0.43326927,USDT
2024-07-13T11:15:00Z,BTC/USDT,sell,58378.23628000,0.00741739,0.43301415,USDT
2024-07-13T12:30:00Z,BTC/USDT,buy,58641.51610500,0.00739869,0.43387040,USDT
2024-07-13T16:30:00Z,BTC/USDT,sell,58635.00783000,0.00739869,0.43382225,USDT
2024-07-13T16:45:00Z,BTC/USDT,buy,58735.20292500,0.0073768,0.43327784,USDT
2024-07-13T17:30:00Z,BTC/USDT,sell,58576.54707500,0.0073768,0.43210747,USDT
2024-07-13T18:00:00Z,BTC/USDT,buy,58787.04883500,0.00737497,0.43355272,USDT
2024-07-13T18:45:00Z,BTC/USDT,sell,58604.18325000,0.00737497,0.43220409,USDT
2024-07-13T19:00:00Z,BTC/USDT,buy,58688.35951500,0.00737779,0.43299039,USDT
2024-07-13T19:30:00Z,BTC/USDT,sell,58629.31068000,0.00737779,0.43255474,USDT
2024-07-13T22:45:00Z,BTC/USDT,buy,58888.83970500,0.00735861,0.43334000,USDT
2024-07-14T03:45:00Z,BTC/USDT,sell,59367.89120500,0.00735861,0.43686516,USDT
2024-07-14T07:00:00Z,BTC/USDT,buy,59856.08308500,0.00723143,0.43284507,USDT
2024-07-14T09:45:00Z,BTC/USDT,sell,60198.12588000,0.00723143,0.43531853,USDT
2024-07-14T16:00:00Z,BTC/USDT,buy,60078.75436500,0.00720878,0.43309452,USDT
2024-07-14T16:15:00Z,BTC/USDT,sell,60000.42478000,0.00720878,0.43252986,USDT
2024-07-14T22:15:00Z,BTC/USDT,buy,61017.22336500,0.00709817,0.43311062,USDT
2024-07-15T00:00:00Z,BTC/USDT,sell,60797.06626000,0.00709817,0.43154791,USDT
2024-07-15T00:30:00Z,BTC/USDT,buy,61054.97223000,0.00710031,0.43350923,USDT
2024-07-15T00:45:00Z,BTC/USDT,sell,61030.82932000,0.00710031,0.43333781,USDT
2024-07-15T14:45:00Z,BTC/USDT,buy,62963.07580500,0.00687811,0.43306696,USDT
2024-07-15T15:15:00Z,BTC/USDT,sell,62956.49600500,0.00687811,0.43302170,USDT
2024-07-15T16:15:00Z,BTC/USDT,buy,63060.38443500,0.00686045,0.43262261,USDT
2024-07-15T18:00:00Z,BTC/USDT,sell,63075.16664000,0.00686045,0.43272403,USDT
2024-07-15T18:30:00Z,BTC/USDT,buy,63435.71200500,0.00682138,0.43271910,USDT
2024-07-15T18:45:00Z,BTC/USDT,sell,63512.79771500,0.00682138,0.43324493,USDT
2024-07-16T01:30:00Z,BTC/USDT,buy,64656.51210000,0.00669061,0.43259151,USDT
2024-07-16T04:30:00Z,BTC/USDT,sell,64491.36818500,0.00669061,0.43148659,USDT
2024-07-16T14:30:00Z,BTC/USDT,buy,63579.72397500,0.00678998,0.43170505,USDT
2024-07-16T16:15:00Z,BTC/USDT,sell,64612.74746500,0.00678998,0.43871926,USDT
2024-07-16T19:30:00Z,BTC/USDT,buy,64940.05380000,0.00665918,0.43244751,USDT
2024-07-16T21:00:00Z,BTC/USDT,stop_sell,64525.30870625,0.00665918,0.42968565,USDT
2024-07-16T21:15:00Z,BTC/USDT,buy,64540.70422500,0.00669756,0.43226524,USDT
2024-07-16T22:00:00Z,BTC/USDT,stop_sell,64188.73564839,0.00669756,0.42990791,USDT
2024-07-16T23:15:00Z,BTC/USDT,buy,64871.96977500,0.00667235,0.43284849,USDT
2024-07-17T06:15:00Z,BTC/USDT,sell,65647.66974500,0.00667235,0.43802423,USDT
2024-07-17T21:00:00Z,BTC/USDT,buy,64550.40907500,0.00670081,0.43254003,USDT
2024-07-17T21:00:00Z,BTC/USDT,stop_sell,64324.46168000,0.00670081,0.43102600,USDT
2024-07-17T21:30:00Z,BTC/USDT,buy,64283.45566500,0.00673684,0.43306736,USDT
2024-07-17T22:30:00Z,BTC/USDT,sell,64267.72006500,0.00673684,0.43296135,USDT
2024-07-18T09:00:00Z,BTC/USDT,buy,64923.30543000,0.00666247,0.43254957,USDT
2024-07-18T10:15:00Z,BTC/USDT,stop_sell,64634.03538714,0.00666247,0.43062232,USDT
2024-07-18T12:15:00Z,BTC/USDT,buy,64857.98278500,0.00666225,0.43210010,USDT
2024-07-18T13:30:00Z,BTC/USDT,sell,64856.19568000,0.00666225,0.43208819,USDT
2024-07-18T20:45:00Z,BTC/USDT,buy,63673.99108500,0.0067863,0.43211081,USDT
2024-07-18T21:00:00Z,BTC/USDT,sell,63769.85912000,0.0067863,0.43276139,USDT
2024-07-19T12:00:00Z,BTC/USDT,buy,64082.96547000,0.00673772,0.43177308,USDT
2024-07-19T15:15:00Z,BTC/USDT,sell,65492.18752500,0.00673772,0.44126802,USDT
2024-07-19T15:45:00Z,BTC/USDT,buy,65706.50683500,0.00659107,0.43307619,USDT
2024-07-19T16:00:00Z,BTC/USDT,sell,65565.71074500,0.00659107,0.43214819,USDT
2024-07-19T22:45:00Z,BTC/USDT,buy,66922.07431500,0.00646717,0.43279643,USDT
2024-07-19T23:45:00Z,BTC/USDT,sell,66616.66500500,0.00646717,0.43082130,USDT
2024-07-20T06:30:00Z,BTC/USDT,buy,66563.77525500,0.00649231,0.43215266,USDT
2024-07-20T07:30:00Z,BTC/USDT,sell,66608.06930500,0.00649231,0.43244023,USDT
2024-07-20T10:00:00Z,BTC/USDT,buy,66592.06939500,0.00649506,0.43251949,USDT
2024-07-20T10:45:00Z,BTC/USDT,sell,66482.34220000,0.00649506,0.43180680,USDT
2024-07-20T13:30:00Z,BTC/USDT,buy,66579.09291000,0.00649743,0.43259300,USDT
2024-07-20T13:45:00Z,BTC/USDT,sell,66371.36771500,0.00649743,0.43124332,USDT
2024-07-20T14:45:00Z,BTC/USDT,buy,66667.43706000,0.00647491,0.43166565,USDT
2024-07-20T14:45:00Z,BTC/USDT,stop_sell,66518.82823357,0.00647491,0.43070343,USDT
2024-07-21T02:45:00Z,BTC/USDT,buy,67441.85407500,0.00640648,0.43206489,USDT
2024-07-21T03:15:00Z,BTC/USDT,stop_sell,67215.23878268,0.00640648,0.43061308,USDT
2024-07-21T03:30:00Z,BTC/USDT,buy,67339.48291500,0.00641895,0.43224877,USDT
2024-07-21T04:45:00Z,BTC/USDT,sell,67095.47548000,0.00641895,0.43068250,USDT
2024-07-21T18:30:00Z,BTC/USDT,buy,66981.05379000,0.00644399,0.43162524,USDT
2024-07-21T18:45:00Z,BTC/USDT,sell,66947.94928000,0.00644399,0.43141192,USDT
2024-07-22T01:45:00Z,BTC/USDT,buy,67846.15612500,0.00636141,0.43159722,USDT
2024-07-22T02:15:00Z,BTC/USDT,sell,67755.90510000,0.00636141,0.43102309,USDT
2024-07-22T02:30:00Z,BTC/USDT,buy,68032.49925000,0.00634229,0.43148184,USDT
2024-07-22T02:45:00Z,BTC/USDT,sell,67949.40830000,0.00634229,0.43095485,USDT
2024-07-22T03:00:00Z,BTC/USDT,buy,68085.62580000,0.00633686,0.43144908,USDT
2024-07-22T03:15:00Z,BTC/USDT,sell,67879.62321000,0.00633686,0.43014367,USDT
2024-07-22T03:30:00Z,BTC/USDT,buy,67974.48025500,0.006339,0.43089023,USDT
2024-07-22T03:45:00Z,BTC/USDT,sell,67793.93607500,0.006339,0.42974576,USDT
2024-07-22T11:30:00Z,BTC/USDT,buy,67447.44687000,0.00639459,0.43129877,USDT
2024-07-22T11:45:00Z,BTC/USDT,sell,67470.81771500,0.00639459,0.43144822,USDT
2024-07-22T22:30:00Z,BTC/USDT,buy,67575.50086500,0.00637788,0.43098844,USDT
2024-07-22T23:15:00Z,BTC/USDT,sell,67250.66784500,0.00637788,0.42891669,USDT
2024-07-22T23:30:00Z,BTC/USDT,buy,67467.79704000,0.00638089,0.43050459,USDT
2024-07-23T00:00:00Z,BTC/USDT,sell,67501.92215500,0.00638089,0.43072234,USDT
2024-07-23T00:15:00Z,BTC/USDT,buy,67679.00259000,0.00636781,0.43096703,USDT
2024-07-23T00:30:00Z,BTC/USDT,sell,67508.50886000,0.00636781,0.42988136,USDT
2024-07-23T14:45:00Z,BTC/USDT,buy,67186.32637500,0.00640815,0.43054006,USDT
2024-07-23T15:15:00Z,BTC/USDT,sell,66904.32110500,0.00640815,0.42873293,USDT
2024-07-23T16:15:00Z,BTC/USDT,buy,66605.53612500,0.00645556,0.42997603,USDT
2024-07-23T16:30:00Z,BTC/USDT,sell,66361.87246500,0.00645556,0.42840305,USDT
2024-07-24T01:00:00Z,BTC/USDT,buy,65904.84595500,0.00653202,0.43049177,USDT
2024-07-24T01:45:00Z,BTC/USDT,sell,65789.94857000,0.00653202,0.42974126,USDT
2024-07-25T08:00:00Z,BTC/USDT,buy,64080.69433500,0.00669777,0.42919775,USDT
2024-07-25T08:00:00Z,BTC/USDT,stop_sell,63946.81202786,0.00669777,0.42830104,USDT
2024-07-25T11:15:00Z,BTC/USDT,buy,64211.10951000,0.00669187,0.42969240,USDT
2024-07-25T11:30:00Z,BTC/USDT,sell,64255.55615000,0.00669187,0.42998983,USDT
2024-07-25T12:15:00Z,BTC/USDT,buy,64297.71279000,0.00668479,0.42981671,USDT
2024-07-25T12:30:00Z,BTC/USDT,sell,64110.48872000,0.00668479,0.42856515,USDT
2024-07-25T13:30:00Z,BTC/USDT,buy,64262.07498000,0.00668423,0.42954249,USDT
2024-07-25T13:45:00Z,BTC/USDT,sell,64164.59165500,0.00668423,0.42889089,USDT
2024-07-25T14:45:00Z,BTC/USDT,buy,64741.52458500,0.00663994,0.42987984,USDT
2024-07-25T20:00:00Z,BTC/USDT,sell,64697.43510000,0.00663994,0.42958709,USDT
2024-07-25T20:30:00Z,BTC/USDT,buy,64830.55908000,0.006633,0.43002110,USDT
2024-07-26T00:00:00Z,BTC/USDT,sell,65750.08851000,0.006633,0.43612034,USDT
2024-07-26T13:30:00Z,BTC/USDT,buy,67358.81257500,0.00638153,0.42985228,USDT
2024-07-26T14:30:00Z,BTC/USDT,sell,67269.40847000,0.00638153,0.42928175,USDT
2024-07-26T19:15:00Z,BTC/USDT,buy,67657.92205500,0.00635166,0.42974012,USDT
2024-07-26T19:30:00Z,BTC/USDT,sell,67666.15000000,0.00635166,0.42979238,USDT
2024-07-26T20:30:00Z,BTC/USDT,buy,67770.20817000,0.00632896,0.42891494,USDT
2024-07-26T20:30:00Z,BTC/USDT,stop_sell,67580.20870643,0.00632896,0.42771244,USDT
2024-07-26T21:30:00Z,BTC/USDT,buy,68000.50326000,0.00632877,0.43035955,USDT
2024-07-27T00:45:00Z,BTC/USDT,sell,67817.26440500,0.00632877,0.42919987,USDT
2024-07-27T01:00:00Z,BTC/USDT,buy,67895.96101500,0.0063236,0.42934690,USDT
2024-07-27T01:00:00Z,BTC/USDT,stop_sell,67690.66166661,0.0063236,0.42804867,USDT
2024-07-27T01:30:00Z,BTC/USDT,buy,67819.58284500,0.00632914,0.42923963,USDT
2024-07-27T02:00:00Z,BTC/USDT,sell,67605.92013000,0.00632914,0.42788733,USDT
2024-07-27T03:00:00Z,BTC/USDT,buy,68023.24462500,0.00630804,0.42909335,USDT
2024-07-27T03:00:00Z,BTC/USDT,stop_sell,67795.66306821,0.00630804,0.42765775,USDT
2024-07-27T10:15:00Z,BTC/USDT,buy,68088.62730000,0.00629565,0.42866217,USDT
2024-07-27T18:00:00Z,BTC/USDT,sell,68522.88142000,0.00629565,0.43139608,USDT
2024-07-28T15:15:00Z,BTC/USDT,buy,67791.24868500,0.00632876,0.42903454,USDT
2024-07-28T16:15:00Z,BTC/USDT,sell,67696.12500500,0.00632876,0.42843253,USDT
2024-07-28T18:00:00Z,BTC/USDT,buy,68053.98999000,0.00630157,0.42884698,USDT
2024-07-28T23:00:00Z,BTC/USDT,sell,68033.98599000,0.00630157,0.42872093,USDT
2024-07-28T23:45:00Z,BTC/USDT,buy,68254.11000000,0.00628278,0.42882556,USDT
2024-07-29T00:45:00Z,BTC/USDT,sell,68706.92935000,0.00628278,0.43167052,USDT
2024-07-29T08:30:00Z,BTC/USDT,buy,69626.23572000,0.00616463,0.42921998,USDT
2024-07-29T10:15:00Z,BTC/USDT,sell,69381.59185000,0.00616463,0.42771184,USDT
2024-07-29T12:30:00Z,BTC/USDT,buy,69675.88053000,0.00615341,0.42874426,USDT
2024-07-29T13:30:00Z,BTC/USDT,stop_sell,69361.24988321,0.00615341,0.42680821,USDT
2024-07-29T21:45:00Z,BTC/USDT,buy,67385.17575000,0.0063525,0.42806433,USDT
2024-07-29T23:00:00Z,BTC/USDT,sell,67216.37500000,0.0063525,0.42699202,USDT
2024-07-30T06:30:00Z,BTC/USDT,buy,66667.93731000,0.00642248,0.42817349,USDT
2024-07-30T07:00:00Z,BTC/USDT,sell,66688.95884000,0.00642248,0.42830850,USDT
2024-07-30T08:30:00Z,BTC/USDT,buy,66910.87872000,0.00640547,0.42859563,USDT
2024-07-30T09:00:00Z,BTC/USDT,sell,66829.87834500,0.00640547,0.42807678,USDT
2024-07-30T09:15:00Z,BTC/USDT,buy,66887.60709000,0.00640172,0.42819573,USDT
2024-07-30T09:45:00Z,BTC/USDT,sell,66689.73845000,0.00640172,0.42692903,USDT
2024-07-30T10:45:00Z,BTC/USDT,buy,66697.74220500,0.00641747,0.42803076,USDT
2024-07-30T11:00:00Z,BTC/USDT,sell,66583.88140500,0.00641747,0.42730006,USDT
2024-07-30T20:00:00Z,BTC/USDT,buy,66068.39769000,0.0064673,0.42728415,USDT
2024-07-30T20:00:00Z,BTC/USDT,stop_sell,65730.62110571,0.0064673,0.42509965,USDT
2024-07-30T20:45:00Z,BTC/USDT,buy,66186.18655500,0.0064518,0.42702004,USDT
2024-07-30T21:00:00Z,BTC/USDT,sell,66232.87699500,0.0064518,0.42732128,USDT
2024-07-30T22:00:00Z,BTC/USDT,buy,66347.90737500,0.00644496,0.42760961,USDT
2024-07-31T01:15:00Z,BTC/USDT,sell,66410.77800000,0.00644496,0.42801481,USDT
2024-07-31T06:15:00Z,BTC/USDT,buy,66479.77327500,0.00643337,0.42768898,USDT
2024-07-31T06:30:00Z,BTC/USDT,sell,66351.80750000,0.00643337,0.42686573,USDT
2024-07-31T13:00:00Z,BTC/USDT,buy,66146.00647500,0.00645488,0.42696453,USDT
2024-07-31T14:30:00Z,BTC/USDT,sell,66088.40926500,0.00645488,0.42659275,USDT
2024-07-31T14:45:00Z,BTC/USDT,buy,66407.61721500,0.00643635,0.42742267,USDT
2024-07-31T18:30:00Z,BTC/USDT,sell,66306.19032000,0.00643635,0.42676985,USDT
2024-07-31T18:45:00Z,BTC/USDT,buy,66585.64618500,0.00641161,0.42692119,USDT
2024-07-31T19:00:00Z,BTC/USDT,stop_sell,66256.61440607,0.00641161,0.42481157,USDT
2024-07-31T19:15:00Z,BTC/USDT,buy,66352.27956000,0.00644298,0.42750641,USDT
2024-07-31T19:15:00Z,BTC/USDT,stop_sell,65865.96268679,0.00644298,0.42437308,USDT
2024-08-01T06:45:00Z,BTC/USDT,buy,64473.43060500,0.00662189,0.42693597,USDT
2024-08-01T10:00:00Z,BTC/USDT,sell,64418.82447500,0.00662189,0.42657437,USDT
2024-08-01T10:15:00Z,BTC/USDT,buy,64467.24751500,0.00661987,0.42676480,USDT
2024-08-01T12:00:00Z,BTC/USDT,sell,64612.70748500,0.00661987,0.42772772,USDT
2024-08-01T12:15:00Z,BTC/USDT,buy,64822.56508500,0.00658451,0.42682483,USDT
2024-08-01T12:30:00Z,BTC/USDT,sell,64682.14275000,0.00658451,0.42590022,USDT
2024-08-01T20:15:00Z,BTC/USDT,buy,63567.21772500,0.00670838,0.42643305,USDT
2024-08-01T22:45:00Z,BTC/USDT,sell,65363.84173000,0.00670838,0.43848549,USDT
2024-08-02T07:15:00Z,BTC/USDT,buy,64295.99193000,0.00663894,0.42685723,USDT
2024-08-02T08:00:00Z,BTC/USDT,sell,64170.31879000,0.00663894,0.42602290,USDT
2024-08-02T09:45:00Z,BTC/USDT,buy,64635.08139000,0.00661041,0.42726439,USDT
2024-08-02T11:45:00Z,BTC/USDT,sell,64648.64950500,0.00661041,0.42735408,USDT
2024-08-02T12:00:00Z,BTC/USDT,buy,64729.30848000,0.0066056,0.42757592,USDT
2024-08-02T12:15:00Z,BTC/USDT,sell,64617.76495500,0.0066056,0.42683911,USDT
2024-08-02T13:00:00Z,BTC/USDT,buy,64917.05230500,0.00658484,0.42746840,USDT
2024-08-02T14:15:00Z,BTC/USDT,sell,64584.33168000,0.00658484,0.42527749,USDT
2024-08-02T20:15:00Z,BTC/USDT,buy,62970.88971000,0.00677163,0.42641557,USDT
2024-08-02T20:15:00Z,BTC/USDT,stop_sell,62562.41849946,0.00677163,0.42364955,USDT
2024-08-03T03:45:00Z,BTC/USDT,buy,61882.55581500,0.00688375,0.42598404,USDT
2024-08-03T05:00:00Z,BTC/USDT,sell,61635.24696000,0.00688375,0.42428163,USDT
2024-08-03T13:30:00Z,BTC/USDT,buy,61948.34869500,0.00688206,0.42633225,USDT
2024-08-03T13:45:00Z,BTC/USDT,sell,61946.60120500,0.00688206,0.42632023,USDT
2024-08-04T04:00:00Z,BTC/USDT,buy,60799.06434000,0.00700994,0.42619779,USDT
2024-08-04T04:15:00Z,BTC/USDT,sell,60661.41412000,0.00700994,0.42523287,USDT
2024-08-04T06:00:00Z,BTC/USDT,buy,60828.22891500,0.0070038,0.42602875,USDT
2024-08-04T06:15:00Z,BTC/USDT,sell,60674.56754000,0.0070038,0.42495254,USDT
2024-08-04T09:45:00Z,BTC/USDT,buy,60734.35200000,0.00702132,0.42643532,USDT
2024-08-04T10:15:00Z,BTC/USDT,sell,60567.96087000,0.00702132,0.42526704,USDT
2024-08-04T11:15:00Z,BTC/USDT,buy,60849.13936500,0.00699886,0.42587461,USDT
2024-08-04T13:15:00Z,BTC/USDT,sell,60845.97179500,0.00699886,0.42585244,USDT
2024-08-04T13:30:00Z,BTC/USDT,buy,60950.80017000,0.00698376,0.42566576,USDT
2024-08-04T14:00:00Z,BTC/USDT,stop_sell,60670.46709125,0.00698376,0.42370798,USDT
2024-08-05T11:15:00Z,BTC/USDT,buy,51768.31122000,0.00824631,0.42689754,USDT
2024-08-05T11:45:00Z,BTC/USDT,sell,51138.40800500,0.00824631,0.42170317,USDT
2024-08-05T21:30:00Z,BTC/USDT,buy,54813.04282500,0.00775285,0.42495730,USDT
2024-08-05T22:00:00Z,BTC/USDT,sell,54324.74404000,0.00775285,0.42117159,USDT
2024-08-05T22:30:00Z,BTC/USDT,buy,54892.23240000,0.00772528,0.42405787,USDT
2024-08-05T22:45:00Z,BTC/USDT,sell,54651.54056000,0.00772528,0.42219845,USDT
2024-08-06T06:30:00Z,BTC/USDT,buy,55834.19314500,0.00758986,0.42377371,USDT
2024-08-06T06:45:00Z,BTC/USDT,sell,55791.07051000,0.00758986,0.42344641,USDT
2024-08-06T13:30:00Z,BTC/USDT,buy,55176.50446500,0.00769731,0.42471066,USDT
2024-08-06T13:45:00Z,BTC/USDT,sell,54650.75095500,0.00769731,0.42066377,USDT
2024-08-06T14:15:00Z,BTC/USDT,buy,56232.31210500,0.00753658,0.42379932,USDT
2024-08-06T14:30:00Z,BTC/USDT,sell,56274.81851500,0.00753658,0.42411967,USDT
2024-08-07T01:45:00Z,BTC/USDT,buy,56656.29399000,0.00748457,0.42404800,USDT
2024-08-07T02:15:00Z,BTC/USDT,sell,56640.74546000,0.00748457,0.42393162,USDT
2024-08-07T03:30:00Z,BTC/USDT,buy,56730.54109500,0.00746765,0.42364383,USDT
2024-08-07T03:45:00Z,BTC/USDT,sell,56740.03579000,0.00746765,0.42371473,USDT
2024-08-07T10:30:00Z,BTC/USDT,buy,57572.21172000,0.00736094,0.42378560,USDT
2024-08-07T11:00:00Z,BTC/USDT,stop_sell,57181.70770071,0.00736094,0.42091112,USDT
2024-08-07T11:15:00Z,BTC/USDT,buy,57332.91213000,0.007385,0.42340356,USDT
2024-08-07T11:30:00Z,BTC/USDT,stop_sell,56933.09207071,0.007385,0.42045088,USDT
2024-08-07T11:45:00Z,BTC/USDT,buy,56984.45799000,0.00742218,0.42294890,USDT
2024-08-07T13:45:00Z,BTC/USDT,sell,57087.22211000,0.00742218,0.42371164,USDT
2024-08-07T23:00:00Z,BTC/USDT,buy,55292.98267500,0.00765659,0.42335570,USDT
2024-08-08T00:30:00Z,BTC/USDT,stop_sell,54694.03001893,0.00765659,0.41876976,USDT
2024-08-08T00:45:00Z,BTC/USDT,buy,55060.69659000,0.00768554,0.42317119,USDT
2024-08-08T02:45:00Z,BTC/USDT,sell,57279.95569500,0.00768554,0.44022739,USDT
2024-08-08T03:15:00Z,BTC/USDT,buy,57370.00066500,0.00738533,0.42369639,USDT
2024-08-08T03:30:00Z,BTC/USDT,sell,57482.17453500,0.00738533,0.42452483,USDT
2024-08-08T08:45:00Z,BTC/USDT,buy,57357.93463500,0.00739605,0.42422215,USDT
2024-08-08T09:00:00Z,BTC/USDT,stop_sell,57008.33728643,0.00739605,0.42163651,USDT
2024-08-08T10:30:00Z,BTC/USDT,buy,57474.92310000,0.00737157,0.42368042,USDT
2024-08-08T12:15:00Z,BTC/USDT,sell,57206.65236500,0.00737157,0.42170284,USDT
2024-08-08T12:45:00Z,BTC/USDT,buy,58056.51375000,0.00728923,0.42318728,USDT
2024-08-08T13:00:00Z,BTC/USDT,sell,57942.69416000,0.00728923,0.42235762,USDT
2024-08-08T14:15:00Z,BTC/USDT,buy,57590.42082000,0.00735145,0.42337310,USDT
2024-08-08T17:30:00Z,BTC/USDT,sell,59706.15199000,0.00735145,0.43892679,USDT
2024-08-08T17:45:00Z,BTC/USDT,buy,59530.95060000,0.00712939,0.42441936,USDT
2024-08-08T21:00:00Z,BTC/USDT,sell,59467.67129000,0.00712939,0.42396822,USDT
2024-08-08T21:30:00Z,BTC/USDT,buy,59646.69844500,0.00711162,0.42418465,USDT
2024-08-09T00:15:00Z,BTC/USDT,sell,61512.60831000,0.00711162,0.43745430,USDT
2024-08-09T03:15:00Z,BTC/USDT,buy,61353.75154500,0.00693398,0.42542569,USDT
2024-08-09T03:45:00Z,BTC/USDT,sell,61161.59390500,0.00693398,0.42409327,USDT
2024-08-09T06:00:00Z,BTC/USDT,buy,61002.64608000,0.00697536,0.42551542,USDT
2024-08-09T06:15:00Z,BTC/USDT,sell,60858.03576000,0.00697536,0.42450671,USDT
2024-08-09T17:15:00Z,BTC/USDT,buy,60565.83778500,0.00701935,0.42513281,USDT
2024-08-09T17:30:00Z,BTC/USDT,sell,60418.22577500,0.00701935,0.42409667,USDT
2024-08-09T17:45:00Z,BTC/USDT,buy,60512.07091500,0.00701516,0.42450186,USDT
2024-08-09T18:00:00Z,BTC/USDT,sell,60193.25831500,0.00701516,0.42226534,USDT
2024-08-09T18:30:00Z,BTC/USDT,buy,60135.28261500,0.00706964,0.42513480,USDT
2024-08-09T18:45:00Z,BTC/USDT,sell,60168.28081000,0.00706964,0.42536808,USDT
2024-08-09T19:15:00Z,BTC/USDT,buy,60431.78079000,0.00702104,0.42429395,USDT
2024-08-09T19:45:00Z,BTC/USDT,sell,60561.12429000,0.00702104,0.42520208,USDT
2024-08-10T09:00:00Z,BTC/USDT,buy,60727.43854500,0.00698763,0.42434087,USDT
2024-08-10T10:00:00Z,BTC/USDT,sell,60904.02275500,0.00698763,0.42557478,USDT
2024-08-10T18:00:00Z,BTC/USDT,buy,60772.76119500,0.0069877,0.42466182,USDT
2024-08-10T23:00:00Z,BTC/USDT,sell,60869.90982000,0.0069877,0.42534067,USDT
2024-08-11T00:00:00Z,BTC/USDT,buy,60978.90421500,0.00696536,0.42474002,USDT
2024-08-11T00:30:00Z,BTC/USDT,sell,61021.47400000,0.00696536,0.42503653,USDT
2024-08-11T01:30:00Z,BTC/USDT,buy,61021.32541500,0.00695396,0.42433986,USDT
2024-08-11T02:15:00Z,BTC/USDT,sell,61031.57894500,0.00695396,0.42441116,USDT
2024-08-11T03:15:00Z,BTC/USDT,buy,61211.70055500,0.00693546,0.42453130,USDT
2024-08-11T03:45:00Z,BTC/USDT,sell,61163.19310500,0.00693546,0.42419488,USDT
2024-08-11T08:45:00Z,BTC/USDT,buy,61330.15975500,0.0069264,0.42479722,USDT
2024-08-11T09:15:00Z,BTC/USDT,sell,61354.60735000,0.0069264,0.42496655,USDT
2024-08-11T10:30:00Z,BTC/USDT,buy,61140.34489500,0.00693739,0.42415442,USDT
2024-08-11T10:45:00Z,BTC/USDT,sell,61058.52546500,0.00693739,0.42358680,USDT
2024-08-11T18:00:00Z,BTC/USDT,buy,60253.01145000,0.00703656,0.42397393,USDT
2024-08-11T18:30:00Z,BTC/USDT,sell,60160.22484000,0.00703656,0.42332103,USDT
2024-08-12T01:45:00Z,BTC/USDT,buy,58618.62466500,0.0072254,0.42354301,USDT
2024-08-12T02:30:00Z,BTC/USDT,sell,58437.21677500,0.0072254,0.42223227,USDT
2024-08-12T03:00:00Z,BTC/USDT,buy,58772.16139500,0.00721181,0.42385366,USDT
2024-08-12T03:15:00Z,BTC/USDT,sell,58528.07132500,0.00721181,0.42209333,USDT
2024-08-12T14:30:00Z,BTC/USDT,buy,59429.48989500,0.00711756,0.42299296,USDT
2024-08-12T15:15:00Z,BTC/USDT,sell,60129.14039000,0.00711756,0.42797276,USDT
2024-08-12T15:45:00Z,BTC/USDT,buy,59984.94748500,0.00707535,0.42441450,USDT
2024-08-12T16:45:00Z,BTC/USDT,sell,59740.73469000,0.00707535,0.42268661,USDT
2024-08-12T17:30:00Z,BTC/USDT,buy,59683.01659500,0.00710221,0.42388132,USDT
2024-08-12T17:45:00Z,BTC/USDT,sell,59642.94361000,0.00710221,0.42359671,USDT
2024-08-12T18:30:00Z,BTC/USDT,buy,59195.46294000,0.00715061,0.42328367,USDT
2024-08-12T18:45:00Z,BTC/USDT,stop_sell,58619.03796179,0.00715061,0.41916188,USDT
2024-08-12T23:15:00Z,BTC/USDT,buy,59429.35983000,0.00713262,0.42388704,USDT
2024-08-13T00:00:00Z,BTC/USDT,sell,59375.55737000,0.00713262,0.42350329,USDT
2024-08-13T08:45:00Z,BTC/USDT,buy,59123.54700000,0.00715955,0.42329799,USDT
2024-08-13T09:15:00Z,BTC/USDT,sell,58979.42553500,0.00715955,0.42226615,USDT
2024-08-14T01:45:00Z,BTC/USDT,buy,60741.88576500,0.00696511,0.42307392,USDT
2024-08-14T02:15:00Z,BTC/USDT,sell,60646.74146000,0.00696511,0.42241123,USDT
2024-08-14T03:15:00Z,BTC/USDT,buy,60736.19292000,0.00696674,0.42313326,USDT
2024-08-14T06:30:00Z,BTC/USDT,sell,60718.84539000,0.00696674,0.42301241,USDT
2024-08-14T06:45:00Z,BTC/USDT,buy,60829.85973000,0.00695361,0.42298712,USDT
2024-08-14T07:15:00Z,BTC/USDT,sell,60757.50605000,0.00695361,0.42248400,USDT
2024-08-14T21:30:00Z,BTC/USDT,buy,59060.87568000,0.00715548,0.42260891,USDT
2024-08-14T21:45:00Z,BTC/USDT,sell,58938.75588000,0.00715548,0.42173509,USDT
2024-08-15T09:15:00Z,BTC/USDT,buy,58434.12246000,0.00724035,0.42308350,USDT
2024-08-15T10:00:00Z,BTC/USDT,sell,58353.78851000,0.00724035,0.42250185,USDT
2024-08-15T10:45:00Z,BTC/USDT,buy,58357.55419500,0.0072415,0.42259623,USDT
2024-08-15T13:00:00Z,BTC/USDT,sell,58836.00728000,0.0072415,0.42606095,USDT
2024-08-15T13:15:00Z,BTC/USDT,buy,59047.62906000,0.00716015,0.42278988,USDT
2024-08-15T15:00:00Z,BTC/USDT,sell,59344.06312500,0.00716015,0.42491239,USDT
2024-08-16T02:00:00Z,BTC/USDT,buy,57566.83903500,0.00734693,0.42293954,USDT
2024-08-16T02:15:00Z,BTC/USDT,sell,57420.97515000,0.00734693,0.42186788,USDT
2024-08-16T07:00:00Z,BTC/USDT,buy,58471.84131000,0.00721879,0.42209594,USDT
2024-08-16T07:15:00Z,BTC/USDT,sell,58398.57610500,0.00721879,0.42156706,USDT
2024-08-16T08:45:00Z,BTC/USDT,buy,58519.89532500,0.00722486,0.42279805,USDT
2024-08-16T09:00:00Z,BTC/USDT,sell,58379.04587500,0.00722486,0.42178043,USDT
2024-08-16T11:30:00Z,BTC/USDT,buy,58508.86981500,0.00721995,0.42243111,USDT
2024-08-16T11:45:00Z,BTC/USDT,sell,58331.50965500,0.00721995,0.42115058,USDT
2024-08-16T13:30:00Z,BTC/USDT,buy,58578.41457000,0.00721631,0.42272000,USDT
2024-08-16T13:45:00Z,BTC/USDT,stop_sell,58033.65008786,0.00721631,0.41878881,USDT
2024-08-16T16:30:00Z,BTC/USDT,buy,58528.23949500,0.00719938,0.42136704,USDT
2024-08-16T16:45:00Z,BTC/USDT,sell,58394.84797000,0.00719938,0.42040670,USDT
2024-08-16T17:00:00Z,BTC/USDT,buy,58556.19346500,0.00720022,0.42161748,USDT
2024-08-16T20:30:00Z,BTC/USDT,sell,59470.66979000,0.00720022,0.42820191,USDT
2024-08-16T21:45:00Z,BTC/USDT,buy,59175.78310500,0.00713438,0.42218252,USDT
2024-08-16T22:00:00Z,BTC/USDT,sell,59013.74836500,0.00713438,0.42102651,USDT
2024-08-17T01:45:00Z,BTC/USDT,buy,59396.57344500,0.00710662,0.42210888,USDT
2024-08-17T03:00:00Z,BTC/USDT,stop_sell,59087.07489768,0.00710662,0.41990939,USDT
2024-08-17T03:45:00Z,BTC/USDT,buy,59076.26337000,0.00714033,0.42182402,USDT
2024-08-17T06:00:00Z,BTC/USDT,sell,59160.40500000,0.00714033,0.42242481,USDT
2024-08-17T07:45:00Z,BTC/USDT,buy,59260.60549500,0.00712522,0.42224485,USDT
2024-08-17T09:15:00Z,BTC/USDT,sell,59192.68885000,0.00712522,0.42176093,USDT
2024-08-17T09:45:00Z,BTC/USDT,buy,59301.68602500,0.00710017,0.42105205,USDT
2024-08-17T09:45:00Z,BTC/USDT,stop_sell,59218.21964964,0.00710017,0.42045943,USDT
2024-08-17T10:45:00Z,BTC/USDT,buy,59230.13026500,0.00711853,0.42163146,USDT
2024-08-17T11:00:00Z,BTC/USDT,sell,59111.68937000,0.00711853,0.42078833,USDT
2024-08-17T11:45:00Z,BTC/USDT,buy,59164.43743500,0.00712014,0.42125908,USDT
2024-08-17T12:00:00Z,BTC/USDT,sell,59138.69586000,0.00712014,0.42107579,USDT
2024-08-17T12:15:00Z,BTC/USDT,buy,59204.60751000,0.00711508,0.42124552,USDT
2024-08-17T12:45:00Z,BTC/USDT,sell,59236.43696500,0.00711508,0.42147199,USDT
2024-08-17T13:00:00Z,BTC/USDT,buy,59281.83610500,0.00710719,0.42132727,USDT
2024-08-17T13:45:00Z,BTC/USDT,sell,59273.57838500,0.00710719,0.42126858,USDT
2024-08-17T18:30:00Z,BTC/USDT,buy,59461.93611000,0.00708478,0.42127474,USDT
2024-08-17T18:45:00Z,BTC/USDT,sell,59347.79126000,0.00708478,0.42046604,USDT
2024-08-18T02:45:00Z,BTC/USDT,buy,59671.54086000,0.00705102,0.42074523,USDT
2024-08-18T03:15:00Z,BTC/USDT,sell,59641.05455500,0.00705102,0.42053027,USDT
2024-08-18T03:45:00Z,BTC/USDT,buy,59557.03363500,0.00706706,0.42089313,USDT
2024-08-18T04:30:00Z,BTC/USDT,sell,59295.33750000,0.00706706,0.41904371,USDT
2024-08-18T05:00:00Z,BTC/USDT,buy,59479.72500000,0.00707541,0.42084344,USDT
2024-08-18T05:30:00Z,BTC/USDT,sell,59430.26000500,0.00707541,0.42049346,USDT
2024-08-18T06:30:00Z,BTC/USDT,buy,59544.39732000,0.00706091,0.42043763,USDT
2024-08-18T07:30:00Z,BTC/USDT,sell,59504.56283500,0.00706091,0.42015636,USDT
2024-08-18T08:45:00Z,BTC/USDT,buy,59614.19220000,0.00704799,0.42016023,USDT
2024-08-18T10:45:00Z,BTC/USDT,sell,60009.43027500,0.00704799,0.42294586,USDT
2024-08-18T22:15:00Z,BTC/USDT,buy,59561.34579000,0.00706915,0.42104809,USDT
2024-08-18T22:30:00Z,BTC/USDT,sell,59476.87668500,0.00706915,0.42045096,USDT
2024-08-19T07:00:00Z,BTC/USDT,buy,58691.36101500,0.00715762,0.42009046,USDT
2024-08-19T07:15:00Z,BTC/USDT,sell,58772.08925500,0.00715762,0.42066828,USDT
2024-08-19T14:45:00Z,BTC/USDT,buy,58385.38810500,0.00720393,0.42060425,USDT
2024-08-19T16:45:00Z,BTC/USDT,sell,58438.49613500,0.00720393,0.42098684,USDT
2024-08-19T18:15:00Z,BTC/USDT,buy,58901.32594500,0.00714419,0.42080226,USDT
2024-08-20T00:15:00Z,BTC/USDT,sell,59380.99465000,0.00714419,0.42422911,USDT
2024-08-20T00:30:00Z,BTC/USDT,buy,60232.11100500,0.00698947,0.42099053,USDT
2024-08-20T01:15:00Z,BTC/USDT,sell,60509.84994000,0.00698947,0.42293178,USDT
2024-08-20T21:30:00Z,BTC/USDT,buy,59194.28235000,0.00710615,0.42064345,USDT
2024-08-20T23:15:00Z,BTC/USDT,sell,59344.39296000,0.00710615,0.42171016,USDT
2024-08-21T02:00:00Z,BTC/USDT,buy,59285.74806000,0.00709346,0.42054108,USDT
2024-08-21T03:00:00Z,BTC/USDT,sell,59392.13907500,0.00709346,0.42129576,USDT
2024-08-21T09:15:00Z,BTC/USDT,buy,59403.37684500,0.00709316,0.42135766,USDT
2024-08-21T09:30:00Z,BTC/USDT,sell,59139.72534500,0.00709316,0.41948753,USDT
2024-08-21T13:00:00Z,BTC/USDT,buy,59525.00763000,0.00706472,0.42052751,USDT
2024-08-21T13:30:00Z,BTC/USDT,sell,59483.53335500,0.00706472,0.42023451,USDT
2024-08-21T14:00:00Z,BTC/USDT,buy,59915.23264500,0.00700141,0.41949111,USDT
2024-08-21T14:00:00Z,BTC/USDT,stop_sell,59662.03548786,0.00700141,0.41771837,USDT
2024-08-21T14:15:00Z,BTC/USDT,buy,59624.33727000,0.00705637,0.42073138,USDT
2024-08-21T18:45:00Z,BTC/USDT,sell,60429.03037000,0.00705637,0.42640960,USDT
2024-08-21T19:00:00Z,BTC/USDT,buy,60832.16088000,0.00692229,0.42109786,USDT
2024-08-21T20:30:00Z,BTC/USDT,sell,61238.51542500,0.00692229,0.42391076,USDT
2024-08-22T08:30:00Z,BTC/USDT,buy,61088.68908000,0.0068948,0.42119429,USDT
2024-08-22T09:15:00Z,BTC/USDT,stop_sell,60814.70779196,0.0068948,0.41930525,USDT
2024-08-22T10:30:00Z,BTC/USDT,buy,61051.11030000,0.00688757,0.42049380,USDT
2024-08-22T12:30:00Z,BTC/USDT,stop_sell,60855.26357536,0.00688757,0.41914489,USDT
2024-08-22T20:30:00Z,BTC/USDT,buy,60390.00991500,0.00696169,0.42041653,USDT
2024-08-22T21:30:00Z,BTC/USDT,sell,60531.16927500,0.00696169,0.42139924,USDT
2024-08-22T22:00:00Z,BTC/USDT,buy,60626.23797000,0.00694242,0.42089281,USDT
2024-08-22T23:00:00Z,BTC/USDT,sell,60451.18928500,0.00694242,0.41967755,USDT
2024-08-22T23:45:00Z,BTC/USDT,buy,60395.19250500,0.00695415,0.41999723,USDT
2024-08-23T00:30:00Z,BTC/USDT,sell,60645.42212000,0.00695415,0.42173736,USDT
2024-08-23T07:15:00Z,BTC/USDT,buy,61148.26885500,0.00687479,0.42038151,USDT
2024-08-23T11:00:00Z,BTC/USDT,stop_sell,60908.35451661,0.00687479,0.41873215,USDT
2024-08-23T11:15:00Z,BTC/USDT,buy,60945.34744500,0.00690093,0.42057958,USDT
2024-08-23T11:30:00Z,BTC/USDT,sell,60815.05726000,0.00690093,0.41968045,USDT
2024-08-23T14:15:00Z,BTC/USDT,buy,62113.93144500,0.0067756,0.42085915,USDT
2024-08-23T14:15:00Z,BTC/USDT,stop_sell,61633.42608518,0.0067756,0.41760344,USDT
2024-08-23T14:30:00Z,BTC/USDT,buy,61855.17213000,0.00678521,0.41970033,USDT
2024-08-23T14:45:00Z,BTC/USDT,stop_sell,61411.13442946,0.00678521,0.41668744,USDT
2024-08-23T15:15:00Z,BTC/USDT,buy,61344.46690500,0.00685321,0.42040651,USDT
2024-08-23T19:00:00Z,BTC/USDT,sell,63152.59790500,0.00685321,0.43279802,USDT
2024-08-23T19:15:00Z,BTC/USDT,buy,63403.59595500,0.00662425,0.42000127,USDT
2024-08-23T22:30:00Z,BTC/USDT,sell,64475.34620000,0.00662425,0.42710081,USDT
2024-08-25T00:30:00Z,BTC/USDT,buy,64368.89836500,0.00653697,0.42077756,USDT
2024-08-25T01:00:00Z,BTC/USDT,sell,64137.66512500,0.00653697,0.41926599,USDT
2024-08-25T01:30:00Z,BTC/USDT,buy,64309.40863500,0.00654462,0.42088064,USDT
2024-08-25T01:45:00Z,BTC/USDT,sell,64048.26984500,0.00654462,0.41917159,USDT
2024-08-25T02:00:00Z,BTC/USDT,buy,64143.83589000,0.00654935,0.42010043,USDT
2024-08-25T05:00:00Z,BTC/USDT,sell,64114.64664000,0.00654935,0.41990926,USDT
2024-08-25T05:45:00Z,BTC/USDT,buy,64131.57976500,0.00655207,0.42019460,USDT
2024-08-25T06:00:00Z,BTC/USDT,sell,64114.31680500,0.00655207,0.42008149,USDT
2024-08-25T12:00:00Z,BTC/USDT,buy,63931.68987000,0.00657567,0.42039370,USDT
2024-08-25T12:15:00Z,BTC/USDT,sell,63863.17244000,0.00657567,0.41994315,USDT
2024-08-25T20:00:00Z,BTC/USDT,buy,64141.72483500,0.00654623,0.41988648,USDT
2024-08-25T20:15:00Z,BTC/USDT,sell,64148.50970000,0.00654623,0.41993090,USDT
2024-08-25T20:45:00Z,BTC/USDT,buy,64225.40665500,0.00654457,0.42032767,USDT
2024-08-25T21:45:00Z,BTC/USDT,sell,64306.36073500,0.00654457,0.42085748,USDT
2024-08-25T22:15:00Z,BTC/USDT,buy,64542.83529000,0.00651049,0.42020548,USDT
2024-08-25T22:30:00Z,BTC/USDT,sell,64298.00491500,0.00651049,0.41861152,USDT
2024-08-25T23:15:00Z,BTC/USDT,buy,64785.77670000,0.00648308,0.42001137,USDT
2024-08-25T23:30:00Z,BTC/USDT,sell,64783.82188500,0.00648308,0.41999870,USDT
2024-08-26T00:00:00Z,BTC/USDT,buy,64296.73230000,0.00653278,0.42003641,USDT
2024-08-26T00:45:00Z,BTC/USDT,sell,64111.04844000,0.00653278,0.41882338,USDT
2024-08-26T01:15:00Z,BTC/USDT,buy,64183.67580000,0.006537,0.41956869,USDT
2024-08-26T01:30:00Z,BTC/USDT,sell,64148.84953000,0.006537,0.41934103,USDT
2024-08-26T13:30:00Z,BTC/USDT,buy,63751.38976500,0.00658431,0.41975891,USDT
2024-08-26T13:45:00Z,BTC/USDT,sell,63574.42688500,0.00658431,0.41859373,USDT
2024-08-26T14:15:00Z,BTC/USDT,buy,63624.58639500,0.00659242,0.41944000,USDT
2024-08-26T14:15:00Z,BTC/USDT,stop_sell,63308.52097589,0.00659242,0.41735636,USDT
2024-08-26T17:30:00Z,BTC/USDT,buy,63739.34374500,0.0065694,0.41872924,USDT
2024-08-26T17:45:00Z,BTC/USDT,sell,63446.38094000,0.0065694,0.41680465,USDT
2024-08-26T19:30:00Z,BTC/USDT,buy,63525.16671000,0.00659704,0.41907807,USDT
2024-08-26T20:15:00Z,BTC/USDT,sell,63246.98069000,0.00659704,0.41724286,USDT
2024-08-27T02:15:00Z,BTC/USDT,buy,63202.58550000,0.00663037,0.41905653,USDT
2024-08-27T02:30:00Z,BTC/USDT,sell,63062.76284500,0.00663037,0.41812945,USDT
2024-08-27T08:00:00Z,BTC/USDT,buy,62862.86572500,0.00666091,0.41872389,USDT
2024-08-27T08:30:00Z,BTC/USDT,sell,62694.70696500,0.00666091,0.41760380,USDT
2024-08-27T19:45:00Z,BTC/USDT,buy,62115.82239000,0.00673848,0.41856623,USDT
2024-08-27T20:00:00Z,BTC/USDT,sell,62022.61318000,0.00673848,0.41793814,USDT
2024-08-28T03:00:00Z,BTC/USDT,buy,59479.71499500,0.00703087,0.41819414,USDT
2024-08-28T03:45:00Z,BTC/USDT,sell,59615.71723000,0.00703087,0.41915036,USDT
2024-08-28T04:00:00Z,BTC/USDT,buy,59687.88903000,0.00700989,0.41840554,USDT
2024-08-28T04:15:00Z,BTC/USDT,sell,59634.29793500,0.00700989,0.41802987,USDT
2024-08-28T05:15:00Z,BTC/USDT,buy,59535.09267000,0.0070271,0.41835905,USDT
2024-08-28T05:30:00Z,BTC/USDT,sell,59417.18654500,0.0070271,0.41753051,USDT
2024-08-28T19:30:00Z,BTC/USDT,buy,59408.93962500,0.00703809,0.41812546,USDT
2024-08-28T19:45:00Z,BTC/USDT,sell,59220.41498000,0.00703809,0.41679861,USDT
2024-08-28T20:00:00Z,BTC/USDT,buy,58982.61657000,0.007089,0.41812777,USDT
2024-08-28T21:15:00Z,BTC/USDT,sell,59230.08014500,0.007089,0.41988204,USDT
2024-08-28T21:30:00Z,BTC/USDT,buy,59420.63547000,0.00702782,0.41759753,USDT
2024-08-28T21:45:00Z,BTC/USDT,sell,59355.17756500,0.00702782,0.41713750,USDT
2024-08-28T22:15:00Z,BTC/USDT,buy,59014.57254000,0.00708346,0.41802736,USDT
2024-08-28T22:30:00Z,BTC/USDT,sell,58914.90781000,0.00708346,0.41732139,USDT
2024-08-28T23:00:00Z,BTC/USDT,buy,59202.22632000,0.00705983,0.41795765,USDT
2024-08-28T23:45:00Z,BTC/USDT,sell,59132.70885500,0.00705983,0.41746687,USDT
2024-08-29T00:45:00Z,BTC/USDT,buy,59169.53998500,0.00706518,0.41804345,USDT
2024-08-29T01:30:00Z,BTC/USDT,sell,58967.52149000,0.00706518,0.41661615,USDT
2024-08-29T03:00:00Z,BTC/USDT,buy,59206.68855000,0.00705344,0.41761083,USDT
2024-08-29T03:30:00Z,BTC/USDT,sell,59085.30257000,0.00705344,0.41675464,USDT
2024-08-29T04:45:00Z,BTC/USDT,buy,59246.76858000,0.00704717,0.41752205,USDT
2024-08-29T07:00:00Z,BTC/USDT,sell,59547.08156500,0.00704717,0.41963841,USDT
2024-08-29T07:15:00Z,BTC/USDT,buy,59661.82600500,0.00700079,0.41767991,USDT
2024-08-29T08:15:00Z,BTC/USDT,stop_sell,59425.49417482,0.00700079,0.41602541,USDT
2024-08-29T08:30:00Z,BTC/USDT,buy,59543.43684000,0.00701918,0.41794610,USDT
2024-08-29T17:30:00Z,BTC/USDT,sell,60301.91396000,0.00701918,0.42326999,USDT
2024-08-29T17:45:00Z,BTC/USDT,buy,60533.49162000,0.00689339,0.41728097,USDT
2024-08-29T18:00:00Z,BTC/USDT,stop_sell,60199.36668786,0.00689339,0.41497771,USDT
2024-08-29T23:45:00Z,BTC/USDT,buy,59341.56595500,0.00703774,0.41763051,USDT
2024-08-30T00:15:00Z,BTC/USDT,sell,59196.57690500,0.00703774,0.41661012,USDT
2024-08-30T00:45:00Z,BTC/USDT,buy,59301.68602500,0.0070286,0.41680783,USDT
2024-08-30T01:00:00Z,BTC/USDT,sell,59205.29254500,0.0070286,0.41613032,USDT
2024-08-30T03:00:00Z,BTC/USDT,buy,59169.65004000,0.00704614,0.41691764,USDT
2024-08-30T03:00:00Z,BTC/USDT,stop_sell,58922.75138625,0.00704614,0.41517796,USDT
2024-08-30T11:00:00Z,BTC/USDT,buy,59578.47435000,0.007,0.41704932,USDT
2024-08-30T11:15:00Z,BTC/USDT,sell,59416.10708500,0.007,0.41591275,USDT
2024-08-30T12:00:00Z,BTC/USDT,buy,59435.12271000,0.00701235,0.41677988,USDT
2024-08-30T13:15:00Z,BTC/USDT,sell,59537.02659500,0.00701235,0.41749447,USDT
2024-08-30T13:30:00Z,BTC/USDT,buy,59539.77501000,0.00699657,0.41657420,USDT
2024-08-30T13:45:00Z,BTC/USDT,stop_sell,59284.43009929,0.00699657,0.41478767,USDT
2024-08-30T14:00:00Z,BTC/USDT,buy,59663.11665000,0.00698466,0.41672658,USDT
2024-08-30T14:00:00Z,BTC/USDT,stop_sell,59287.41360679,0.00698466,0.41410243,USDT
2024-08-30T19:00:00Z,BTC/USDT,buy,59308.74955500,0.0070123,0.41589074,USDT
2024-08-30T19:15:00Z,BTC/USDT,sell,58915.80736000,0.0070123,0.41313532,USDT
2024-08-30T20:15:00Z,BTC/USDT,buy,58833.70215000,0.00706765,0.41581602,USDT
2024-08-30T20:30:00Z,BTC/USDT,sell,58794.90784000,0.00706765,0.41554183,USDT
2024-08-31T15:00:00Z,BTC/USDT,buy,59168.35939500,0.0070372,0.41637958,USDT
2024-08-31T15:30:00Z,BTC/USDT,sell,58946.46202500,0.0070372,0.41481804,USDT
2024-08-31T21:45:00Z,BTC/USDT,buy,59067.61905000,0.00703936,0.41579823,USDT
2024-08-31T22:30:00Z,BTC/USDT,sell,58980.41504000,0.00703936,0.41518437,USDT
2024-08-31T22:45:00Z,BTC/USDT,buy,59040.18534000,0.00704062,0.41567951,USDT
2024-08-31T23:00:00Z,BTC/USDT,sell,59008.36106000,0.00704062,0.41545545,USDT
2024-08-31T23:45:00Z,BTC/USDT,buy,59008.49950500,0.0070443,0.41567357,USDT
2024-09-01T01:15:00Z,BTC/USDT,sell,58823.15371000,0.0070443,0.41436794,USDT
2024-09-01T10:45:00Z,BTC/USDT,buy,58086.70884000,0.00715171,0.41541930,USDT
2024-09-01T11:00:00Z,BTC/USDT,sell,57935.90755500,0.00715171,0.41434081,USDT
2024-09-01T12:00:00Z,BTC/USDT,buy,58222.31661000,0.00712988,0.41511813,USDT
2024-09-01T12:30:00Z,BTC/USDT,sell,58086.69212500,0.00712988,0.41415114,USDT
2024-09-01T14:00:00Z,BTC/USDT,buy,58162.25659500,0.00712876,0.41462477,USDT
2024-09-01T14:00:00Z,BTC/USDT,stop_sell,57937.61670000,0.00712876,0.41302336,USDT
2024-09-02T03:15:00Z,BTC/USDT,buy,57691.79148000,0.00719676,0.41519398,USDT
2024-09-02T04:15:00Z,BTC/USDT,sell,57605.92263000,0.00719676,0.41457600,USDT
2024-09-02T05:45:00Z,BTC/USDT,buy,57820.12561500,0.00716774,0.41443963,USDT
2024-09-02T07:15:00Z,BTC/USDT,stop_sell,57574.48799804,0.00716774,0.41267896,USDT
2024-09-02T08:15:00Z,BTC/USDT,buy,57767.78946000,0.00716729,0.41403850,USDT
2024-09-02T10:15:00Z,BTC/USDT,sell,58349.29076000,0.00716729,0.41820629,USDT
2024-09-02T14:30:00Z,BTC/USDT,buy,58446.69874500,0.00709925,0.41492773,USDT
2024-09-02T14:45:00Z,BTC/USDT,sell,58628.09129000,0.00709925,0.41621548,USDT
2024-09-02T17:30:00Z,BTC/USDT,buy,58452.00139500,0.00709854,0.41492387,USDT
2024-09-02T19:30:00Z,BTC/USDT,sell,58489.63055500,0.00709854,0.41519098,USDT
2024-09-03T01:15:00Z,BTC/USDT,buy,59290.52044500,0.0069989,0.41496842,USDT
2024-09-03T01:30:00Z,BTC/USDT,sell,59196.36701000,0.0069989,0.41430945,USDT
2024-09-03T02:15:00Z,BTC/USDT,buy,59789.27970000,0.00694161,0.41503386,USDT
2024-09-03T02:30:00Z,BTC/USDT,stop_sell,59453.93030679,0.00694161,0.41270600,USDT
2024-09-03T04:45:00Z,BTC/USDT,buy,59204.42742000,0.00699381,0.41406452,USDT
2024-09-03T05:00:00Z,BTC/USDT,sell,59055.88728500,0.00699381,0.41302566,USDT
2024-09-03T05:30:00Z,BTC/USDT,buy,59224.25733000,0.00699677,0.41437851,USDT
2024-09-03T05:45:00Z,BTC/USDT,sell,59158.44598000,0.00699677,0.41391804,USDT
2024-09-03T11:00:00Z,BTC/USDT,buy,59079.18483000,0.00701168,0.41424434,USDT
2024-09-03T11:15:00Z,BTC/USDT,sell,58936.36707500,0.00701168,0.41324295,USDT
2024-09-03T11:30:00Z,BTC/USDT,buy,59054.51250000,0.00701214,0.41409851,USDT
2024-09-03T12:30:00Z,BTC/USDT,sell,59131.47947000,0.00701214,0.41463821,USDT
2024-09-03T13:30:00Z,BTC/USDT,buy,59167.85914500,0.00699828,0.41407325,USDT
2024-09-03T13:30:00Z,BTC/USDT,stop_sell,58892.85848304,0.00699828,0.41214871,USDT
2024-09-03T19:00:00Z,BTC/USDT,buy,58011.28114500,0.00713479,0.41389831,USDT
2024-09-03T20:30:00Z,BTC/USDT,sell,58132.67912000,0.00713479,0.41476446,USDT
2024-09-03T21:00:00Z,BTC/USDT,buy,58192.16154000,0.0071013,0.41324000,USDT
2024-09-03T21:15:00Z,BTC/USDT,sell,58094.74809500,0.0071013,0.41254823,USDT
2024-09-03T21:45:00Z,BTC/USDT,buy,58059.01500000,0.00712394,0.41360894,USDT
2024-09-03T23:00:00Z,BTC/USDT,stop_sell,57795.79800196,0.00712394,0.41173380,USDT
2024-09-04T06:00:00Z,BTC/USDT,buy,56317.61473500,0.00734389,0.41359037,USDT
2024-09-04T06:15:00Z,BTC/USDT,sell,56315.98792000,0.00734389,0.41357842,USDT
2024-09-04T14:45:00Z,BTC/USDT,buy,57089.43045000,0.00724698,0.41372596,USDT
2024-09-04T16:45:00Z,BTC/USDT,sell,58244.26330000,0.00724698,0.42209501,USDT
2024-09-04T20:00:00Z,BTC/USDT,buy,58087.11904500,0.00713363,0.41437202,USDT
2024-09-04T20:45:00Z,BTC/USDT,sell,57965.19290500,0.00713363,0.41350224,USDT
2024-09-04T22:15:00Z,BTC/USDT,buy,58373.05194000,0.00709502,0.41415797,USDT
2024-09-04T22:30:00Z,BTC/USDT,sell,58084.07343500,0.00709502,0.41210766,USDT
2024-09-05T00:15:00Z,BTC/USDT,buy,57992.04153000,0.00712688,0.41330232,USDT
2024-09-05T00:45:00Z,BTC/USDT,sell,58019.70563500,0.00712688,0.41349948,USDT
2024-09-05T01:30:00Z,BTC/USDT,buy,58091.36116500,0.00711461,0.41329738,USDT
2024-09-05T02:00:00Z,BTC/USDT,stop_sell,57832.10019893,0.00711461,0.41145284,USDT
2024-09-05T20:30:00Z,BTC/USDT,buy,56157.87490500,0.00735311,0.41293503,USDT
2024-09-05T21:00:00Z,BTC/USDT,sell,56100.33580000,0.00735311,0.41251194,USDT
2024-09-05T21:15:00Z,BTC/USDT,buy,56202.39715500,0.00734575,0.41284876,USDT
2024-09-05T21:30:00Z,BTC/USDT,sell,56253.69908000,0.00734575,0.41322561,USDT
2024-09-06T00:15:00Z,BTC/USDT,buy,56335.39362000,0.00734439,0.41374910,USDT
2024-09-06T00:45:00Z,BTC/USDT,sell,56079.22636000,0.00734439,0.41186771,USDT
2024-09-06T12:15:00Z,BTC/USDT,buy,55948.04004000,0.00738408,0.41312480,USDT
2024-09-06T12:30:00Z,BTC/USDT,sell,55852.24990500,0.00738408,0.41241748,USDT
2024-09-06T13:15:00Z,BTC/USDT,buy,56863.81770000,0.00726586,0.41316454,USDT
2024-09-06T13:30:00Z,BTC/USDT,stop_sell,56424.12096929,0.00726586,0.40996976,USDT
2024-09-06T14:00:00Z,BTC/USDT,buy,56063.01750000,0.00736005,0.41262661,USDT
2024-09-06T14:00:00Z,BTC/USDT,stop_sell,55543.96091232,0.00736005,0.40880633,USDT
2024-09-06T23:30:00Z,BTC/USDT,buy,53884.81894500,0.00765663,0.41257612,USDT
2024-09-07T02:00:00Z,BTC/USDT,sell,53853.84960500,0.00765663,0.41233900,USDT
2024-09-08T05:30:00Z,BTC/USDT,buy,54465.20899500,0.0075683,0.41220904,USDT
2024-09-08T06:00:00Z,BTC/USDT,sell,54371.74053000,0.0075683,0.41150164,USDT
2024-09-08T07:15:00Z,BTC/USDT,buy,54513.64320000,0.00755854,0.41204355,USDT
2024-09-08T07:30:00Z,BTC/USDT,sell,54408.88195000,0.00755854,0.41125171,USDT
2024-09-08T17:45:00Z,BTC/USDT,buy,54377.16499500,0.00758135,0.41225232,USDT
2024-09-08T18:15:00Z,BTC/USDT,sell,54312.80001500,0.00758135,0.41176435,USDT
2024-09-08T18:45:00Z,BTC/USDT,buy,54436.27453500,0.00756246,0.41167215,USDT
2024-09-08T19:30:00Z,BTC/USDT,sell,54322.82500000,0.00756246,0.41081419,USDT
2024-09-08T21:00:00Z,BTC/USDT,buy,54349.28106000,0.00757089,0.41147243,USDT
2024-09-08T21:30:00Z,BTC/USDT,sell,54367.37271500,0.00757089,0.41160940,USDT
2024-09-08T22:30:00Z,BTC/USDT,buy,55200.24633000,0.0074549,0.41151232,USDT
2024-09-08T22:30:00Z,BTC/USDT,stop_sell,54887.50823143,0.0074549,0.40918089,USDT
2024-09-08T23:15:00Z,BTC/USDT,buy,54732.32248500,0.0075161,0.41137361,USDT
2024-09-09T01:30:00Z,BTC/USDT,sell,55015.31858000,0.0075161,0.41350064,USDT
2024-09-09T01:45:00Z,BTC/USDT,buy,55205.43892500,0.00744868,0.41120765,USDT
2024-09-09T02:00:00Z,BTC/USDT,sell,55031.89029000,0.00744868,0.40991494,USDT
2024-09-09T02:30:00Z,BTC/USDT,buy,54968.65059000,0.00748258,0.41130733,USDT
2024-09-09T03:15:00Z,BTC/USDT,sell,55069.68138500,0.00748258,0.41206330,USDT
2024-09-09T03:30:00Z,BTC/USDT,buy,55016.09430000,0.00747606,0.41130362,USDT
2024-09-09T05:00:00Z,BTC/USDT,sell,54814.96880500,0.00747606,0.40980000,USDT
2024-09-09T12:45:00Z,BTC/USDT,buy,55172.58250500,0.00744215,0.41060263,USDT
2024-09-09T14:30:00Z,BTC/USDT,sell,55132.45998000,0.00744215,0.41030404,USDT
2024-09-09T16:00:00Z,BTC/USDT,buy,55394.69350500,0.00741247,0.41061150,USDT
2024-09-10T00:15:00Z,BTC/USDT,sell,56714.13874500,0.00741247,0.42039185,USDT
2024-09-10T01:00:00Z,BTC/USDT,buy,56853.22240500,0.00723351,0.41124835,USDT
2024-09-10T01:30:00Z,BTC/USDT,sell,56807.18220000,0.00723351,0.41091532,USDT
2024-09-10T05:30:00Z,BTC/USDT,buy,56837.86473000,0.00724435,0.41175339,USDT
2024-09-10T05:45:00Z,BTC/USDT,sell,56826.07275000,0.00724435,0.41166796,USDT
2024-09-10T11:15:00Z,BTC/USDT,buy,57180.53598000,0.00720278,0.41185882,USDT
2024-09-10T12:15:00Z,BTC/USDT,sell,57170.40050000,0.00720278,0.41178582,USDT
2024-09-10T12:45:00Z,BTC/USDT,buy,57314.38287000,0.00717982,0.41150695,USDT
2024-09-10T13:00:00Z,BTC/USDT,sell,57212.41948000,0.00717982,0.41077487,USDT
2024-09-10T17:15:00Z,BTC/USDT,buy,57167.80962000,0.00718461,0.41072842,USDT
2024-09-10T17:30:00Z,BTC/USDT,sell,57094.90826500,0.00718461,0.41020465,USDT
2024-09-10T19:45:00Z,BTC/USDT,buy,57787.17915000,0.00712192,0.41155567,USDT
2024-09-10T20:15:00Z,BTC/USDT,sell,57807.57175500,0.00712192,0.41170090,USDT
2024-09-10T20:45:00Z,BTC/USDT,buy,57742.24669500,0.00711482,0.41082569,USDT
2024-09-10T22:00:00Z,BTC/USDT,sell,57414.52837500,0.00711482,0.40849403,USDT
2024-09-10T22:15:00Z,BTC/USDT,buy,57629.02011000,0.00712699,0.41072145,USDT
2024-09-10T23:30:00Z,BTC/USDT,sell,57711.44984000,0.00712699,0.41130893,USDT
2024-09-10T23:45:00Z,BTC/USDT,buy,57698.78497500,0.00712169,0.41091286,USDT
2024-09-11T00:30:00Z,BTC/USDT,sell,57431.87969500,0.00712169,0.40901204,USDT
2024-09-11T09:15:00Z,BTC/USDT,buy,56524.77826500,0.00726103,0.41042811,USDT
2024-09-11T12:45:00Z,BTC/USDT,sell,56434.08884000,0.00726103,0.40976961,USDT
2024-09-11T13:00:00Z,BTC/USDT,buy,56805.25843500,0.00724096,0.41132460,USDT
2024-09-11T13:30:00Z,BTC/USDT,stop_sell,56381.04644589,0.00724096,0.40825290,USDT
2024-09-11T15:45:00Z,BTC/USDT,buy,56925.12834000,0.00720909,0.41037837,USDT
2024-09-11T16:00:00Z,BTC/USDT,sell,56706.99232000,0.00720909,0.40880581,USDT
2024-09-11T16:30:00Z,BTC/USDT,buy,56951.28141000,0.00720678,0.41043536,USDT
2024-09-11T20:30:00Z,BTC/USDT,sell,57567.00210000,0.00720678,0.41487272,USDT
2024-09-11T20:45:00Z,BTC/USDT,buy,57482.34681000,0.00713277,0.41000836,USDT
2024-09-11T22:00:00Z,BTC/USDT,sell,57342.80425500,0.00713277,0.40901303,USDT
2024-09-11T23:45:00Z,BTC/USDT,buy,57523.96761000,0.00712529,0.40987495,USDT
2024-09-12T01:00:00Z,BTC/USDT,sell,57658.82616500,0.00712529,0.41083586,USDT
2024-09-12T07:30:00Z,BTC/USDT,buy,58080.19558500,0.00706378,0.41026572,USDT
2024-09-12T08:00:00Z,BTC/USDT,sell,58090.43025500,0.00706378,0.41033802,USDT
2024-09-12T17:15:00Z,BTC/USDT,buy,58125.77836500,0.00705628,0.41015177,USDT
2024-09-12T19:00:00Z,BTC/USDT,sell,58093.26883500,0.00705628,0.40992237,USDT
2024-09-12T19:15:00Z,BTC/USDT,buy,58345.53819000,0.0070251,0.40988324,USDT
2024-09-12T20:00:00Z,BTC/USDT,sell,58312.09936500,0.0070251,0.40964833,USDT
2024-09-12T20:15:00Z,BTC/USDT,buy,58273.12200000,0.00703646,0.41003649,USDT
2024-09-12T21:00:00Z,BTC/USDT,sell,58123.93349500,0.00703646,0.40898673,USDT
2024-09-13T06:00:00Z,BTC/USDT,buy,57926.39872500,0.00706878,0.40946897,USDT
2024-09-13T06:15:00Z,BTC/USDT,sell,57839.17594500,0.00706878,0.40885241,USDT
2024-09-13T08:00:00Z,BTC/USDT,buy,58082.47672500,0.00705251,0.40962725,USDT
2024-09-13T08:45:00Z,BTC/USDT,stop_sell,57927.39288589,0.00705251,0.40853352,USDT
2024-09-13T09:00:00Z,BTC/USDT,buy,58017.14407500,0.00706023,0.40961438,USDT
2024-09-13T11:45:00Z,BTC/USDT,stop_sell,57832.13768018,0.00706023,0.40830819,USDT
2024-09-13T12:00:00Z,BTC/USDT,buy,57934.01253000,0.00706751,0.40944921,USDT
2024-09-13T12:15:00Z,BTC/USDT,stop_sell,57724.27628071,0.00706751,0.40796690,USDT
2024-09-13T18:15:00Z,BTC/USDT,buy,59595.77299500,0.00686824,0.40931807,USDT
2024-09-13T18:30:00Z,BTC/USDT,sell,59527.29146500,0.00686824,0.40884772,USDT
2024-09-14T00:45:00Z,BTC/USDT,buy,60375.17250000,0.00677701,0.40916315,USDT
2024-09-14T03:15:00Z,BTC/USDT,sell,60313.90796000,0.00677701,0.40874796,USDT
2024-09-14T14:30:00Z,BTC/USDT,buy,59979.59481000,0.00682005,0.40906384,USDT
2024-09-14T14:45:00Z,BTC/USDT,sell,59818.63572000,0.00682005,0.40796609,USDT
2024-09-14T18:00:00Z,BTC/USDT,buy,59911.69087500,0.00681976,0.40858335,USDT
2024-09-14T18:00:00Z,BTC/USDT,stop_sell,59754.26684911,0.00681976,0.40750976,USDT
2024-09-14T18:45:00Z,BTC/USDT,buy,59743.03659000,0.00684036,0.40866388,USDT
2024-09-14T19:15:00Z,BTC/USDT,sell,59766.20195000,0.00684036,0.40882234,USDT
2024-09-14T20:30:00Z,BTC/USDT,buy,60007.38870000,0.00680953,0.40862211,USDT
2024-09-15T03:30:00Z,BTC/USDT,sell,60147.23134000,0.00680953,0.40957438,USDT
2024-09-15T03:45:00Z,BTC/USDT,buy,60169.56975000,0.00678475,0.40823549,USDT
2024-09-15T04:00:00Z,BTC/USDT,sell,60079.33530500,0.00678475,0.40762327,USDT
2024-09-15T04:45:00Z,BTC/USDT,buy,60127.85890500,0.00678975,0.40825313,USDT
2024-09-15T06:15:00Z,BTC/USDT,sell,60074.44775000,0.00678975,0.40789048,USDT
2024-09-15T13:15:00Z,BTC/USDT,buy,60060.66532500,0.00679264,0.40797048,USDT
2024-09-15T14:00:00Z,BTC/USDT,stop_sell,59959.90469304,0.00679264,0.40728605,USDT
2024-09-15T14:30:00Z,BTC/USDT,buy,60059.51475000,0.00680332,0.40860410,USDT
2024-09-15T16:45:00Z,BTC/USDT,sell,59836.43681500,0.00680332,0.40708643,USDT
2024-09-16T06:00:00Z,BTC/USDT,buy,58639.98534000,0.00696116,0.40820232,USDT
2024-09-16T08:00:00Z,BTC/USDT,sell,58902.02425500,0.00696116,0.41002642,USDT
2024-09-16T08:15:00Z,BTC/USDT,buy,58961.31592500,0.00692463,0.40828530,USDT
2024-09-16T08:45:00Z,BTC/USDT,sell,58951.49950500,0.00692463,0.40821732,USDT
2024-09-16T10:15:00Z,BTC/USDT,buy,58625.89830000,0.006963,0.40821213,USDT
2024-09-16T10:45:00Z,BTC/USDT,sell,58700.80491500,0.006963,0.40873370,USDT
2024-09-16T19:30:00Z,BTC/USDT,buy,57986.60881500,0.00703334,0.40783954,USDT
2024-09-16T20:45:00Z,BTC/USDT,sell,57884.62321000,0.00703334,0.40712224,USDT
2024-09-16T21:30:00Z,BTC/USDT,buy,57859.91550000,0.00704292,0.40750276,USDT
2024-09-16T21:45:00Z,BTC/USDT,sell,57836.01752500,0.00704292,0.40733444,USDT
2024-09-16T23:15:00Z,BTC/USDT,buy,58086.23860500,0.00701581,0.40752201,USDT
2024-09-17T00:30:00Z,BTC/USDT,sell,58196.01743500,0.00701581,0.40829220,USDT
2024-09-17T01:45:00Z,BTC/USDT,buy,57954.24264000,0.00704591,0.40834038,USDT
2024-09-17T02:00:00Z,BTC/USDT,sell,57852.40932500,0.00704591,0.40762287,USDT
2024-09-17T03:30:00Z,BTC/USDT,buy,58136.97396000,0.00702403,0.40835585,USDT
2024-09-17T04:00:00Z,BTC/USDT,sell,58070.07044000,0.00702403,0.40788592,USDT
2024-09-17T05:15:00Z,BTC/USDT,buy,58316.15350500,0.00698584,0.40738732,USDT
2024-09-17T06:15:00Z,BTC/USDT,sell,58540.26522500,0.00698584,0.40895293,USDT
2024-09-17T07:00:00Z,BTC/USDT,buy,58570.77075000,0.00696282,0.40781773,USDT
2024-09-17T07:30:00Z,BTC/USDT,sell,58539.62554500,0.00696282,0.40760088,USDT
2024-09-17T08:00:00Z,BTC/USDT,buy,58697.87427000,0.00694633,0.40773480,USDT
2024-09-17T08:30:00Z,BTC/USDT,sell,58628.72097500,0.00694633,0.40725444,USDT
2024-09-17T09:45:00Z,BTC/USDT,buy,58840.68564000,0.00692943,0.40773241,USDT
2024-09-17T19:45:00Z,BTC/USDT,sell,60109.93000000,0.00692943,0.41652755,USDT
2024-09-18T00:45:00Z,BTC/USDT,buy,60115.68282000,0.0067943,0.40844398,USDT
2024-09-18T02:00:00Z,BTC/USDT,sell,60113.22835000,0.0067943,0.40842731,USDT
2024-09-18T02:45:00Z,BTC/USDT,buy,60235.34262000,0.00676929,0.40775050,USDT
2024-09-18T05:45:00Z,BTC/USDT,sell,60237.47619500,0.00676929,0.40776495,USDT
2024-09-18T06:00:00Z,BTC/USDT,buy,60212.31111000,0.00676914,0.40758556,USDT
2024-09-18T07:30:00Z,BTC/USDT,sell,60309.83000000,0.00676914,0.40824568,USDT
2024-09-18T17:00:00Z,BTC/USDT,buy,59979.97500000,0.00680437,0.40812594,USDT
2024-09-18T17:15:00Z,BTC/USDT,sell,59640.49483500,0.00680437,0.40581599,USDT
2024-09-18T18:15:00Z,BTC/USDT,buy,60233.51170500,0.00677086,0.40783268,USDT
2024-09-18T19:15:00Z,BTC/USDT,sell,60542.97337000,0.00677086,0.40992800,USDT
2024-09-18T20:30:00Z,BTC/USDT,buy,59951.85094500,0.00680644,0.40805868,USDT
2024-09-18T20:45:00Z,BTC/USDT,sell,60087.04145000,0.00680644,0.40897884,USDT
2024-09-19T06:15:00Z,BTC/USDT,buy,61929.46926000,0.00658995,0.40811211,USDT
2024-09-19T06:45:00Z,BTC/USDT,sell,62046.38129000,0.00658995,0.40888255,USDT
2024-09-19T10:15:00Z,BTC/USDT,buy,62521.24500000,0.00652531,0.40797051,USDT
2024-09-19T11:00:00Z,BTC/USDT,stop_sell,62289.96765018,0.00652531,0.40646135,USDT
2024-09-19T11:30:00Z,BTC/USDT,buy,62418.08344500,0.00653331,0.40779669,USDT
2024-09-19T13:00:00Z,BTC/USDT,sell,62709.35963500,0.00653331,0.40969969,USDT
2024-09-19T13:30:00Z,BTC/USDT,buy,63070.99974000,0.00646085,0.40749227,USDT
2024-09-19T13:30:00Z,BTC/USDT,stop_sell,62724.27788643,0.00646085,0.40525215,USDT
2024-09-20T03:30:00Z,BTC/USDT,buy,63294.16126500,0.00643638,0.40738527,USDT
2024-09-20T03:45:00Z,BTC/USDT,sell,63316.73579500,0.00643638,0.40753057,USDT
2024-09-20T13:00:00Z,BTC/USDT,buy,63387.29781000,0.00642262,0.40711253,USDT
2024-09-20T13:00:00Z,BTC/USDT,stop_sell,63231.77329750,0.00642262,0.40611365,USDT
2024-09-20T19:00:00Z,BTC/USDT,buy,62923.62609000,0.00647858,0.40765575,USDT
2024-09-20T19:15:00Z,BTC/USDT,sell,62821.38359500,0.00647858,0.40699336,USDT
2024-09-20T21:15:00Z,BTC/USDT,buy,63201.88515000,0.00644478,0.40732225,USDT
2024-09-20T23:45:00Z,BTC/USDT,sell,63067.34055500,0.00644478,0.40645514,USDT
2024-09-21T00:00:00Z,BTC/USDT,buy,63194.78160000,0.00644338,0.40718799,USDT
2024-09-21T01:00:00Z,BTC/USDT,sell,63177.38550500,0.00644338,0.40707590,USDT
2024-09-21T01:30:00Z,BTC/USDT,buy,63081.07477500,0.00645685,0.40730504,USDT
2024-09-21T02:00:00Z,BTC/USDT,sell,62880.04425000,0.00645685,0.40600701,USDT
2024-09-21T06:30:00Z,BTC/USDT,buy,63004.22637000,0.00645901,0.40694493,USDT
2024-09-21T07:30:00Z,BTC/USDT,sell,62995.06671000,0.00645901,0.40688577,USDT
2024-09-21T12:15:00Z,BTC/USDT,buy,63092.73060000,0.00645293,0.40713297,USDT
2024-09-21T12:45:00Z,BTC/USDT,sell,63018.47500000,0.00645293,0.40665381,USDT
2024-09-21T19:15:00Z,BTC/USDT,buy,63318.09322500,0.00642675,0.40692956,USDT
2024-09-21T20:15:00Z,BTC/USDT,sell,63179.04467500,0.00642675,0.40603593,USDT
2024-09-21T20:45:00Z,BTC/USDT,buy,63154.25134500,0.00643065,0.40612289,USDT
2024-09-21T21:00:00Z,BTC/USDT,sell,63085.53145500,0.00643065,0.40568097,USDT
2024-09-21T21:30:00Z,BTC/USDT,buy,63174.26134500,0.00643513,0.40653458,USDT
2024-09-21T21:45:00Z,BTC/USDT,sell,63061.54345500,0.00643513,0.40580923,USDT
2024-09-22T07:30:00Z,BTC/USDT,buy,62957.78316000,0.0064555,0.40642397,USDT
2024-09-22T07:45:00Z,BTC/USDT,sell,62935.49651000,0.0064555,0.40628010,USDT
2024-09-22T16:00:00Z,BTC/USDT,buy,62585.91732000,0.00648934,0.40614130,USDT
2024-09-22T16:15:00Z,BTC/USDT,sell,62443.77249500,0.00648934,0.40521887,USDT
2024-09-22T17:15:00Z,BTC/USDT,buy,62912.78067000,0.0064565,0.40619637,USDT
2024-09-22T21:15:00Z,BTC/USDT,sell,63131.90825500,0.0064565,0.40761117,USDT
2024-09-22T21:45:00Z,BTC/USDT,buy,63071.24986500,0.00644104,0.40624444,USDT
2024-09-22T21:45:00Z,BTC/USDT,stop_sell,62801.83980036,0.00644104,0.40450916,USDT
2024-09-22T22:45:00Z,BTC/USDT,buy,63493.77102000,0.00639654,0.40614045,USDT
2024-09-23T00:00:00Z,BTC/USDT,stop_sell,63046.82724536,0.00639654,0.40328155,USDT
2024-09-23T00:15:00Z,BTC/USDT,buy,63031.51000500,0.00642582,0.40502914,USDT
2024-09-23T00:15:00Z,BTC/USDT,stop_sell,62622.72440286,0.00642582,0.40240235,USDT
2024-09-23T00:30:00Z,BTC/USDT,buy,63127.54800000,0.00641875,0.40519995,USDT
2024-09-23T02:15:00Z,BTC/USDT,sell,63750.29890500,0.00641875,0.40919723,USDT
2024-09-23T02:30:00Z,BTC/USDT,buy,63712.57036500,0.0063609,0.40526929,USDT
2024-09-23T03:00:00Z,BTC/USDT,sell,63903.49227000,0.0063609,0.40648372,USDT
2024-09-23T13:30:00Z,BTC/USDT,buy,63381.20476500,0.00639838,0.40553703,USDT
2024-09-23T13:45:00Z,BTC/USDT,sell,63311.68832000,0.00639838,0.40509224,USDT
2024-09-23T21:15:00Z,BTC/USDT,buy,63426.86758500,0.00640025,0.40594781,USDT
2024-09-23T22:00:00Z,BTC/USDT,sell,63382.47291000,0.00640025,0.40566367,USDT
2024-09-24T08:00:00Z,BTC/USDT,buy,63580.22422500,0.00638534,0.40598135,USDT
2024-09-24T09:15:00Z,BTC/USDT,sell,63644.87164500,0.00638534,0.40639414,USDT
2024-09-25T06:00:00Z,BTC/USDT,buy,64186.45719000,0.00631169,0.40512502,USDT
2024-09-25T06:15:00Z,BTC/USDT,sell,64119.86403000,0.00631169,0.40470470,USDT
2024-09-25T22:00:00Z,BTC/USDT,buy,63417.07269000,0.00637771,0.40445570,USDT
2024-09-25T22:00:00Z,BTC/USDT,stop_sell,63300.26082232,0.00637771,0.40371071,USDT
2024-09-25T22:15:00Z,BTC/USDT,buy,63292.64050500,0.00639239,0.40459124,USDT
2024-09-25T22:45:00Z,BTC/USDT,stop_sell,63118.01663286,0.00639239,0.40347498,USDT
2024-09-25T23:00:00Z,BTC/USDT,buy,63281.62500000,0.00639836,0.40489862,USDT
2024-09-25T23:15:00Z,BTC/USDT,stop_sell,63028.31436357,0.00639836,0.40327785,USDT
2024-09-26T13:30:00Z,BTC/USDT,buy,64270.93941000,0.00628415,0.40388822,USDT
2024-09-26T13:30:00Z,BTC/USDT,stop_sell,64125.87316679,0.00628415,0.40297661,USDT
2024-09-26T13:45:00Z,BTC/USDT,buy,64268.90839500,0.00628191,0.40373150,USDT
2024-09-26T14:45:00Z,BTC/USDT,sell,64693.16723500,0.00628191,0.40639665,USDT
2024-09-27T00:45:00Z,BTC/USDT,buy,65168.71807500,0.00621754,0.40518911,USDT
2024-09-27T03:00:00Z,BTC/USDT,sell,64871.19817500,0.00621754,0.40333927,USDT
2024-09-27T03:45:00Z,BTC/USDT,buy,65267.26732500,0.00619589,0.40438881,USDT
2024-09-27T04:30:00Z,BTC/USDT,sell,65239.05415500,0.00619589,0.40421400,USDT
2024-09-27T11:15:00Z,BTC/USDT,buy,65607.01711500,0.00616821,0.40467786,USDT
2024-09-27T12:00:00Z,BTC/USDT,sell,65371.11809000,0.00616821,0.40322278,USDT
2024-09-27T12:15:00Z,BTC/USDT,buy,65502.73500000,0.00616983,0.40414074,USDT
2024-09-27T12:30:00Z,BTC/USDT,sell,65383.76176500,0.00616983,0.40340669,USDT
2024-09-27T12:45:00Z,BTC/USDT,buy,65695.86151500,0.00614568,0.40374574,USDT
2024-09-27T13:15:00Z,BTC/USDT,sell,65657.82466500,0.00614568,0.40351198,USDT
2024-09-27T14:15:00Z,BTC/USDT,buy,66078.16257000,0.00612965,0.40503601,USDT
2024-09-27T14:45:00Z,BTC/USDT,sell,66230.90798000,0.00612965,0.40597229,USDT
2024-09-27T15:00:00Z,BTC/USDT,buy,66314.74080000,0.00609686,0.40431169,USDT
2024-09-27T16:00:00Z,BTC/USDT,sell,65940.18341500,0.00609686,0.40202807,USDT
2024-09-27T16:45:00Z,BTC/USDT,buy,66148.08751500,0.00609996,0.40350069,USDT
2024-09-27T17:15:00Z,BTC/USDT,stop_sell,65818.79021339,0.00609996,0.40149199,USDT
2024-09-27T22:15:00Z,BTC/USDT,buy,65847.13711500,0.00612776,0.40349545,USDT
2024-09-27T22:45:00Z,BTC/USDT,sell,65839.61372500,0.00612776,0.40344935,USDT
2024-09-28T00:15:00Z,BTC/USDT,buy,65840.10360000,0.00613099,0.40366502,USDT
2024-09-28T01:00:00Z,BTC/USDT,sell,65856.52526500,0.00613099,0.40376570,USDT
2024-09-28T04:00:00Z,BTC/USDT,buy,66111.39918000,0.0061142,0.40421832,USDT
2024-09-28T05:00:00Z,BTC/USDT,sell,66007.42977500,0.0061142,0.40358263,USDT
2024-09-28T05:15:00Z,BTC/USDT,buy,65973.87045000,0.00611059,0.40313927,USDT
2024-09-28T06:00:00Z,BTC/USDT,stop_sell,65811.97290946,0.00611059,0.40214998,USDT
2024-09-28T06:15:00Z,BTC/USDT,buy,65922.41473500,0.00612559,0.40381368,USDT
2024-09-28T06:30:00Z,BTC/USDT,sell,65848.21942000,0.00612559,0.40335919,USDT
2024-09-28T22:00:00Z,BTC/USDT,buy,65673.22020000,0.0061418,0.40335178,USDT
2024-09-28T22:15:00Z,BTC/USDT,sell,65576.98510500,0.0061418,0.40276073,USDT
2024-09-28T23:45:00Z,BTC/USDT,buy,65751.13914000,0.00613379,0.40330368,USDT
2024-09-29T01:00:00Z,BTC/USDT,sell,65618.20448500,0.00613379,0.40248829,USDT
2024-09-29T01:30:00Z,BTC/USDT,buy,65771.79946500,0.00612945,0.40314496,USDT
2024-09-29T02:45:00Z,BTC/USDT,sell,65854.64620500,0.00612945,0.40365276,USDT
2024-09-29T11:00:00Z,BTC/USDT,buy,65615.78149500,0.00614398,0.40314205,USDT
2024-09-29T12:45:00Z,BTC/USDT,sell,65692.91711000,0.00614398,0.40361597,USDT
2024-09-29T17:15:00Z,BTC/USDT,buy,65860.61385000,0.00611548,0.40276927,USDT
2024-09-29T17:45:00Z,BTC/USDT,sell,65803.09199500,0.00611548,0.40241749,USDT
2024-09-30T07:15:00Z,BTC/USDT,buy,64667.56762500,0.00623646,0.40329670,USDT
2024-09-30T08:00:00Z,BTC/USDT,sell,64538.88441500,0.00623646,0.40249417,USDT
2024-09-30T14:45:00Z,BTC/USDT,buy,63890.00904000,0.00630154,0.40260545,USDT
2024-09-30T15:15:00Z,BTC/USDT,sell,63775.20644500,0.00630154,0.40188201,USDT
2024-09-30T16:30:00Z,BTC/USDT,buy,63680.92455000,0.00631826,0.40235264,USDT
2024-09-30T16:45:00Z,BTC/USDT,sell,63524.50186000,0.00631826,0.40136432,USDT
2024-09-30T20:45:00Z,BTC/USDT,buy,63731.03959500,0.00631677,0.40257432,USDT
2024-09-30T21:00:00Z,BTC/USDT,sell,63800.28390000,0.00631677,0.40301172,USDT
2024-09-30T23:00:00Z,BTC/USDT,buy,63472.61044500,0.00633609,0.40216817,USDT
2024-09-30T23:30:00Z,BTC/USDT,stop_sell,63245.16124304,0.00633609,0.40072703,USDT
2024-10-02T01:15:00Z,BTC/USDT,buy,61262.12575500,0.00656797,0.40236780,USDT
2024-10-02T01:30:00Z,BTC/USDT,sell,61330.86922500,0.00656797,0.40281931,USDT
2024-10-02T02:15:00Z,BTC/USDT,buy,61532.50087500,0.00653884,0.40235118,USDT
2024-10-02T02:45:00Z,BTC/USDT,sell,61658.82516500,0.00653884,0.40317719,USDT
2024-10-02T08:45:00Z,BTC/USDT,buy,61833.83146500,0.0064995,0.40188899,USDT
2024-10-02T09:15:00Z,BTC/USDT,sell,61571.04907500,0.0064995,0.40018103,USDT
2024-10-02T10:45:00Z,BTC/USDT,buy,61424.85708000,0.00654567,0.40206684,USDT
2024-10-02T10:45:00Z,BTC/USDT,stop_sell,61151.63138875,0.00654567,0.40027840,USDT
2024-10-02T14:45:00Z,BTC/USDT,buy,61503.72649500,0.00653934,0.40219378,USDT
2024-10-02T15:00:00Z,BTC/USDT,sell,61139.53494000,0.00653934,0.39981221,USDT
2024-10-02T15:30:00Z,BTC/USDT,buy,61713.27121500,0.00650871,0.40167379,USDT
2024-10-02T18:00:00Z,BTC/USDT,stop_sell,61179.95757571,0.00650871,0.39820260,USDT
2024-10-02T18:15:00Z,BTC/USDT,buy,61139.09427000,0.00655466,0.40074598,USDT
2024-10-02T18:45:00Z,BTC/USDT,sell,61195.72683000,0.00655466,0.40111718,USDT
2024-10-03T07:15:00Z,BTC/USDT,buy,61256.20279500,0.00654829,0.40112338,USDT
2024-10-03T07:45:00Z,BTC/USDT,sell,61064.46249500,0.00654829,0.39986781,USDT
2024-10-03T13:45:00Z,BTC/USDT,buy,60462.46612500,0.00664093,0.40152701,USDT
2024-10-03T14:00:00Z,BTC/USDT,sell,60411.07935000,0.00664093,0.40118575,USDT
2024-10-03T18:15:00Z,BTC/USDT,buy,60665.08738500,0.00661699,0.40142028,USDT
2024-10-03T20:30:00Z,BTC/USDT,sell,60847.21117500,0.00661699,0.40262539,USDT
2024-10-04T12:45:00Z,BTC/USDT,buy,61575.89256000,0.00651095,0.40091756,USDT
2024-10-04T13:15:00Z,BTC/USDT,sell,61769.10000000,0.00651095,0.40217552,USDT
2024-10-04T19:15:00Z,BTC/USDT,buy,62349.28906500,0.00644048,0.40155935,USDT
2024-10-04T20:00:00Z,BTC/USDT,sell,62263.15285000,0.00644048,0.40100459,USDT
2024-10-04T22:15:00Z,BTC/USDT,buy,62306.75781000,0.00643591,0.40100069,USDT
2024-10-04T23:00:00Z,BTC/USDT,stop_sell,62068.52164286,0.00643591,0.39946742,USDT
2024-10-05T15:30:00Z,BTC/USDT,buy,62213.36113500,0.00644251,0.40081020,USDT
2024-10-05T16:00:00Z,BTC/USDT,stop_sell,62019.39550393,0.00644251,0.39956058,USDT
2024-10-05T16:15:00Z,BTC/USDT,buy,62062.44571500,0.00645052,0.40033505,USDT
2024-10-05T16:45:00Z,BTC/USDT,stop_sell,61909.24774821,0.00645052,0.39934684,USDT
2024-10-05T23:00:00Z,BTC/USDT,buy,61898.98402500,0.00646359,0.40008965,USDT
2024-10-05T23:30:00Z,BTC/USDT,sell,61819.63472000,0.00646359,0.39957677,USDT
2024-10-05T23:45:00Z,BTC/USDT,buy,61946.64784500,0.00646366,0.40040207,USDT
2024-10-06T00:30:00Z,BTC/USDT,sell,61803.49279500,0.00646366,0.39947676,USDT
2024-10-06T09:30:00Z,BTC/USDT,buy,62097.67332000,0.0064581,0.40103298,USDT
2024-10-06T16:30:00Z,BTC/USDT,sell,62548.61005000,0.0064581,0.40394518,USDT
2024-10-06T20:15:00Z,BTC/USDT,buy,62769.85924500,0.00637937,0.40043216,USDT
2024-10-06T20:30:00Z,BTC/USDT,stop_sell,62542.15613571,0.00637937,0.39897955,USDT
2024-10-06T21:00:00Z,BTC/USDT,buy,62638.19344500,0.00638991,0.40025242,USDT
2024-10-06T21:15:00Z,BTC/USDT,stop_sell,62414.48036268,0.00638991,0.39882291,USDT
2024-10-06T23:30:00Z,BTC/USDT,buy,62806.18740000,0.00637329,0.40028205,USDT
2024-10-07T00:15:00Z,BTC/USDT,sell,62747.10075500,0.00637329,0.39990547,USDT
2024-10-07T08:30:00Z,BTC/USDT,buy,63580.40431500,0.00629093,0.39997987,USDT
2024-10-07T09:15:00Z,BTC/USDT,sell,63323.89221500,0.00629093,0.39836617,USDT
2024-10-07T14:15:00Z,BTC/USDT,buy,63751.63989000,0.00626403,0.39934218,USDT
2024-10-07T14:45:00Z,BTC/USDT,sell,64128.11990000,0.00626403,0.40170047,USDT
2024-10-08T03:45:00Z,BTC/USDT,buy,62674.82175000,0.00638386,0.40010729,USDT
2024-10-08T05:30:00Z,BTC/USDT,sell,62406.51113500,0.00638386,0.39839443,USDT
2024-10-08T06:00:00Z,BTC/USDT,buy,62520.19447500,0.00638809,0.39938463,USDT
2024-10-08T06:15:00Z,BTC/USDT,sell,62285.78153000,0.00638809,0.39788718,USDT
2024-10-08T10:15:00Z,BTC/USDT,buy,62516.30253000,0.0063902,0.39949168,USDT
2024-10-08T10:45:00Z,BTC/USDT,sell,62467.97039000,0.0063902,0.39918282,USDT
2024-10-08T11:00:00Z,BTC/USDT,buy,62562.30552000,0.00638693,0.39958107,USDT
2024-10-08T11:30:00Z,BTC/USDT,sell,62502.20326500,0.00638693,0.39919720,USDT
2024-10-08T12:00:00Z,BTC/USDT,buy,62684.49658500,0.00637069,0.39934350,USDT
2024-10-08T12:15:00Z,BTC/USDT,sell,62557.95537500,0.00637069,0.39853734,USDT
2024-10-08T13:00:00Z,BTC/USDT,buy,62461.61520000,0.00638573,0.39886301,USDT
2024-10-08T13:15:00Z,BTC/USDT,sell,62368.07036500,0.00638573,0.39826566,USDT
2024-10-08T13:30:00Z,BTC/USDT,buy,62719.88427000,0.0063621,0.39903018,USDT
2024-10-08T14:15:00Z,BTC/USDT,sell,62621.71348000,0.0063621,0.39840560,USDT
2024-10-08T15:00:00Z,BTC/USDT,buy,62811.58009500,0.00635816,0.39936608,USDT
2024-10-08T15:15:00Z,BTC/USDT,stop_sell,62375.07257643,0.00635816,0.39659069,USDT
2024-10-08T17:00:00Z,BTC/USDT,buy,62530.39957500,0.00636788,0.39818608,USDT
2024-10-08T17:15:00Z,BTC/USDT,sell,62349.39970500,0.00636788,0.39703350,USDT
2024-10-08T20:15:00Z,BTC/USDT,buy,62338.45365000,0.00639428,0.39860953,USDT
2024-10-08T20:45:00Z,BTC/USDT,sell,62303.52265500,0.00639428,0.39838617,USDT
2024-10-08T23:45:00Z,BTC/USDT,buy,62237.52321000,0.00640235,0.39846641,USDT
2024-10-09T00:00:00Z,BTC/USDT,stop_sell,62009.50723625,0.00640235,0.39700657,USDT
2024-10-09T05:15:00Z,BTC/USDT,buy,62415.47214000,0.00637999,0.39821009,USDT
2024-10-09T06:45:00Z,BTC/USDT,sell,62415.11683000,0.00637999,0.39820782,USDT
2024-10-09T07:00:00Z,BTC/USDT,buy,62410.23952500,0.00637493,0.39786091,USDT
2024-10-09T07:00:00Z,BTC/USDT,stop_sell,62297.66594196,0.00637493,0.39714326,USDT
2024-10-09T08:00:00Z,BTC/USDT,buy,62316.73279500,0.00638811,0.39808614,USDT
2024-10-09T08:00:00Z,BTC/USDT,stop_sell,62133.04864893,0.00638811,0.39691275,USDT
2024-10-09T15:30:00Z,BTC/USDT,buy,62301.04495500,0.00638821,0.39799216,USDT
2024-10-09T16:15:00Z,BTC/USDT,sell,62007.26086000,0.00638821,0.39611540,USDT
2024-10-10T09:45:00Z,BTC/USDT,buy,60916.53304500,0.00652909,0.39772953,USDT
2024-10-10T12:45:00Z,BTC/USDT,sell,60974.33758000,0.00652909,0.39810694,USDT
2024-10-10T13:00:00Z,BTC/USDT,buy,61018.33392000,0.00652139,0.39792435,USDT
2024-10-10T13:15:00Z,BTC/USDT,sell,60952.03873500,0.00652139,0.39749202,USDT
2024-10-10T13:30:00Z,BTC/USDT,buy,61106.93820000,0.00649852,0.39710466,USDT
2024-10-10T13:30:00Z,BTC/USDT,stop_sell,60896.19310036,0.00649852,0.39573513,USDT
2024-10-10T13:45:00Z,BTC/USDT,buy,60896.48302500,0.00651949,0.39701401,USDT
2024-10-10T13:45:00Z,BTC/USDT,stop_sell,60654.88131661,0.00651949,0.39543889,USDT
2024-10-10T14:00:00Z,BTC/USDT,buy,60955.96275000,0.00651675,0.39723477,USDT
2024-10-10T14:30:00Z,BTC/USDT,sell,60700.71446000,0.00651675,0.39557138,USDT
2024-10-10T22:45:00Z,BTC/USDT,buy,60201.82587000,0.00659515,0.39704007,USDT
2024-10-10T23:30:00Z,BTC/USDT,sell,60182.95347000,0.00659515,0.39691561,USDT
2024-10-11T08:30:00Z,BTC/USDT,buy,60802.13587500,0.00652853,0.39694857,USDT
2024-10-11T08:45:00Z,BTC/USDT,sell,60687.93085500,0.00652853,0.39620298,USDT
2024-10-11T12:00:00Z,BTC/USDT,buy,61186.69806000,0.00648576,0.39684224,USDT
2024-10-11T17:00:00Z,BTC/USDT,sell,62248.34026000,0.00648576,0.40372780,USDT
2024-10-11T17:15:00Z,BTC/USDT,buy,62186.20756500,0.00638934,0.39732882,USDT
2024-10-11T18:30:00Z,BTC/USDT,sell,62678.01531500,0.00638934,0.40047115,USDT
2024-10-11T18:45:00Z,BTC/USDT,buy,62880.82470000,0.00632012,0.39741436,USDT
2024-10-11T20:45:00Z,BTC/USDT,sell,62816.21618000,0.00632012,0.39700602,USDT
2024-10-11T21:00:00Z,BTC/USDT,buy,62870.21940000,0.00631511,0.39703235,USDT
2024-10-11T21:15:00Z,BTC/USDT,sell,62824.39209000,0.00631511,0.39674295,USDT
2024-10-12T03:15:00Z,BTC/USDT,buy,62638.12341000,0.00634335,0.39733554,USDT
2024-10-12T04:00:00Z,BTC/USDT,sell,62527.78047000,0.00634335,0.39663560,USDT
2024-10-12T04:15:00Z,BTC/USDT,buy,62655.21195000,0.00634891,0.39779230,USDT
2024-10-12T05:30:00Z,BTC/USDT,sell,62557.73548500,0.00634891,0.39717343,USDT
2024-10-12T06:00:00Z,BTC/USDT,buy,62696.75271000,0.00632629,0.39663784,USDT
2024-10-12T06:15:00Z,BTC/USDT,sell,62626.19124000,0.00632629,0.39619145,USDT
2024-10-12T15:45:00Z,BTC/USDT,buy,63171.43993500,0.00628427,0.39698638,USDT
2024-10-12T17:00:00Z,BTC/USDT,sell,63107.72035500,0.00628427,0.39658595,USDT
2024-10-12T17:15:00Z,BTC/USDT,buy,63172.02022500,0.00628849,0.39725662,USDT
2024-10-12T18:30:00Z,BTC/USDT,sell,62968.49000500,0.00628849,0.39597672,USDT
2024-10-12T22:30:00Z,BTC/USDT,buy,63250.69954500,0.00627205,0.39671155,USDT
2024-10-12T23:30:00Z,BTC/USDT,stop_sell,63057.91562696,0.00627205,0.39550240,USDT
2024-10-12T23:45:00Z,BTC/USDT,buy,63177.26284500,0.00627578,0.39648660,USDT
2024-10-13T01:00:00Z,BTC/USDT,stop_sell,62980.65320607,0.00627578,0.39525272,USDT
2024-10-13T01:15:00Z,BTC/USDT,buy,63064.35642000,0.00628103,0.39610911,USDT
2024-10-13T01:15:00Z,BTC/USDT,stop_sell,62880.28555786,0.00628103,0.39495296,USDT
2024-10-13T17:15:00Z,BTC/USDT,buy,62682.55561500,0.00631474,0.39582404,USDT
2024-10-13T17:30:00Z,BTC/USDT,stop_sell,62464.11731750,0.00631474,0.39444466,USDT
2024-10-13T19:45:00Z,BTC/USDT,buy,62652.80074500,0.00632195,0.39608787,USDT
2024-10-13T21:30:00Z,BTC/USDT,sell,62759.60450000,0.00632195,0.39676308,USDT
2024-10-14T03:30:00Z,BTC/USDT,buy,63317.83309500,0.00626892,0.39693443,USDT
2024-10-14T04:30:00Z,BTC/USDT,sell,64153.99695500,0.00626892,0.40217627,USDT
2024-10-14T07:45:00Z,BTC/USDT,buy,64098.24310500,0.00617839,0.39602394,USDT
2024-10-14T08:15:00Z,BTC/USDT,sell,64422.77250000,0.00617839,0.39802901,USDT
2024-10-14T09:00:00Z,BTC/USDT,buy,64397.10246000,0.00615759,0.39653095,USDT
2024-10-14T15:30:00Z,BTC/USDT,sell,65848.53926000,0.00615759,0.40546831,USDT
2024-10-14T20:45:00Z,BTC/USDT,buy,65936.36170500,0.00602237,0.39709317,USDT
2024-10-15T00:45:00Z,BTC/USDT,sell,65920.21340500,0.00602237,0.39699592,USDT
2024-10-15T09:45:00Z,BTC/USDT,buy,65707.38727500,0.00604347,0.39710062,USDT
2024-10-15T10:45:00Z,BTC/USDT,sell,65574.81619000,0.00604347,0.39629943,USDT
2024-10-15T11:00:00Z,BTC/USDT,buy,65661.21420000,0.00603855,0.39649853,USDT
2024-10-15T11:00:00Z,BTC/USDT,stop_sell,65509.84083679,0.00603855,0.39558445,USDT
2024-10-15T11:30:00Z,BTC/USDT,buy,65525.20623000,0.00606183,0.39720266,USDT
2024-10-15T11:45:00Z,BTC/USDT,sell,65501.01311000,0.00606183,0.39705601,USDT
2024-10-15T12:45:00Z,BTC/USDT,buy,65816.77194000,0.00601932,0.39617221,USDT
2024-10-15T14:30:00Z,BTC/USDT,stop_sell,65583.70638554,0.00601932,0.39476932,USDT
2024-10-15T14:45:00Z,BTC/USDT,buy,65528.61793500,0.00602682,0.39492919,USDT
2024-10-15T15:00:00Z,BTC/USDT,sell,65469.40892000,0.00602682,0.39457234,USDT
2024-10-15T15:30:00Z,BTC/USDT,buy,65867.31720000,0.00603073,0.39722801,USDT
2024-10-15T18:45:00Z,BTC/USDT,sell,67009.47850000,0.00603073,0.40411607,USDT
2024-10-15T19:15:00Z,BTC/USDT,buy,66797.39200500,0.00593266,0.39628622,USDT
2024-10-15T20:30:00Z,BTC/USDT,sell,66599.55356500,0.00593266,0.39511251,USDT
2024-10-15T20:45:00Z,BTC/USDT,buy,66671.70919500,0.00595696,0.39716070,USDT
2024-10-15T21:15:00Z,BTC/USDT,sell,66456.75500000,0.00595696,0.39588023,USDT
2024-10-15T23:45:00Z,BTC/USDT,buy,67080.16332000,0.00591249,0.39661079,USDT
2024-10-16T00:45:00Z,BTC/USDT,sell,66814.37610000,0.00591249,0.39503933,USDT
2024-10-16T01:30:00Z,BTC/USDT,buy,67476.96162000,0.00587577,0.39647911,USDT
2024-10-16T01:30:00Z,BTC/USDT,stop_sell,67085.26594446,0.00587577,0.39417759,USDT
2024-10-16T03:00:00Z,BTC/USDT,buy,67359.46290000,0.00588233,0.39623059,USDT
2024-10-16T03:15:00Z,BTC/USDT,sell,67108.96873000,0.00588233,0.39475710,USDT
2024-10-16T04:15:00Z,BTC/USDT,buy,67256.49144000,0.00589528,0.39649585,USDT
2024-10-16T04:30:00Z,BTC/USDT,sell,66960.50300000,0.00589528,0.39475091,USDT
2024-10-16T05:00:00Z,BTC/USDT,buy,67036.38144000,0.00590403,0.39578481,USDT
2024-10-16T06:15:00Z,BTC/USDT,sell,67160.80280000,0.00590403,0.39651939,USDT
2024-10-16T08:45:00Z,BTC/USDT,buy,67264.92565500,0.00589328,0.39641104,USDT
2024-10-16T10:00:00Z,BTC/USDT,sell,67294.64584500,0.00589328,0.39658619,USDT
2024-10-16T14:00:00Z,BTC/USDT,buy,67382.95464000,0.00586937,0.39549549,USDT
2024-10-16T16:15:00Z,BTC/USDT,sell,67623.48134500,0.00586937,0.39690723,USDT
2024-10-16T17:45:00Z,BTC/USDT,buy,67863.90499500,0.00581831,0.39485324,USDT
2024-10-16T18:15:00Z,BTC/USDT,sell,67952.10695000,0.00581831,0.39536642,USDT
2024-10-16T18:30:00Z,BTC/USDT,buy,67915.11058500,0.00582819,0.39582217,USDT
2024-10-16T20:00:00Z,BTC/USDT,sell,67617.17450000,0.00582819,0.39408574,USDT
2024-10-16T20:45:00Z,BTC/USDT,buy,67765.65589500,0.00583815,0.39562606,USDT
2024-10-16T21:00:00Z,BTC/USDT,sell,67617.39439000,0.00583815,0.39476049,USDT
2024-10-17T02:00:00Z,BTC/USDT,buy,67805.69590500,0.00583268,0.39548893,USDT
2024-10-17T02:15:00Z,BTC/USDT,sell,67601.33242500,0.00583268,0.39429694,USDT
2024-10-17T09:30:00Z,BTC/USDT,buy,67420.47339000,0.00586125,0.39516825,USDT
2024-10-17T09:45:00Z,BTC/USDT,sell,67309.67832500,0.00586125,0.39451885,USDT
2024-10-17T15:30:00Z,BTC/USDT,buy,67297.99218000,0.00587263,0.39521621,USDT
2024-10-17T18:00:00Z,BTC/USDT,stop_sell,66872.29034268,0.00587263,0.39271622,USDT
2024-10-17T19:15:00Z,BTC/USDT,buy,67043.19484500,0.00589043,0.39491325,USDT
2024-10-17T19:30:00Z,BTC/USDT,sell,66942.22214500,0.00589043,0.39431847,USDT
2024-10-17T22:15:00Z,BTC/USDT,buy,67287.02670000,0.0058629,0.39449711,USDT
2024-10-17T22:30:00Z,BTC/USDT,sell,67234.75580500,0.0058629,0.39419065,USDT
2024-10-18T01:00:00Z,BTC/USDT,buy,67301.45391000,0.00587325,0.39527826,USDT
2024-10-18T02:15:00Z,BTC/USDT,sell,67864.63071000,0.00587325,0.39858594,USDT
2024-10-18T02:30:00Z,BTC/USDT,buy,67886.46627000,0.00581742,0.39492409,USDT
2024-10-18T02:45:00Z,BTC/USDT,sell,67953.69615500,0.00581742,0.39531519,USDT
2024-10-18T13:45:00Z,BTC/USDT,buy,68129.41768500,0.00579661,0.39491966,USDT
2024-10-18T13:45:00Z,BTC/USDT,stop_sell,67860.10690161,0.00579661,0.39335857,USDT
2024-10-18T14:00:00Z,BTC/USDT,buy,68233.09950000,0.00579243,0.39523545,USDT
2024-10-18T19:30:00Z,BTC/USDT,sell,68677.48408000,0.00579243,0.39780952,USDT
2024-10-18T21:00:00Z,BTC/USDT,buy,68531.15845500,0.00576175,0.39485940,USDT
2024-10-18T21:15:00Z,BTC/USDT,sell,68453.16629500,0.00576175,0.39441003,USDT
2024-10-19T07:00:00Z,BTC/USDT,buy,68360.81332500,0.00577487,0.39477481,USDT
2024-10-19T07:15:00Z,BTC/USDT,sell,68292.64659500,0.00577487,0.39438116,USDT
2024-10-19T09:30:00Z,BTC/USDT,buy,68387.96689500,0.00576525,0.39427373,USDT
2024-10-19T09:45:00Z,BTC/USDT,sell,68364.40070000,0.00576525,0.39413786,USDT
2024-10-20T05:30:00Z,BTC/USDT,buy,68273.96992500,0.00577845,0.39451772,USDT
2024-10-20T05:45:00Z,BTC/USDT,sell,68118.41375500,0.00577845,0.39361885,USDT
2024-10-20T06:30:00Z,BTC/USDT,buy,68234.10000000,0.00578115,0.39447157,USDT
2024-10-20T06:45:00Z,BTC/USDT,sell,68165.90000000,0.00578115,0.39407729,USDT
2024-10-20T07:00:00Z,BTC/USDT,buy,68374.17000000,0.00576909,0.39445674,USDT
2024-10-20T08:30:00Z,BTC/USDT,sell,68361.83198500,0.00576909,0.39438556,USDT
2024-10-20T09:30:00Z,BTC/USDT,buy,68431.18849500,0.00576211,0.39430804,USDT
2024-10-20T11:45:00Z,BTC/USDT,sell,68315.63509500,0.00576211,0.39364220,USDT
2024-10-22T15:45:00Z,BTC/USDT,buy,67413.87009000,0.00583801,0.39356285,USDT
2024-10-22T16:00:00Z,BTC/USDT,sell,67390.13807500,0.00583801,0.39342430,USDT
2024-10-22T17:30:00Z,BTC/USDT,buy,67433.38984500,0.00584454,0.39411714,USDT
2024-10-22T19:00:00Z,BTC/USDT,sell,67309.45843500,0.00584454,0.39339282,USDT
2024-10-22T20:00:00Z,BTC/USDT,buy,67473.13971000,0.00583471,0.39368620,USDT
2024-10-22T20:30:00Z,BTC/USDT,sell,67367.32948500,0.00583471,0.39306883,USDT
2024-10-22T20:45:00Z,BTC/USDT,buy,67569.88806000,0.0058385,0.39450679,USDT
2024-10-23T00:00:00Z,BTC/USDT,sell,67410.12807500,0.0058385,0.39357403,USDT
2024-10-24T00:30:00Z,BTC/USDT,buy,66556.57165500,0.00590784,0.39320558,USDT
2024-10-24T03:00:00Z,BTC/USDT,sell,67373.64632500,0.00590784,0.39803272,USDT
2024-10-24T04:30:00Z,BTC/USDT,buy,67374.83058000,0.00585584,0.39453623,USDT
2024-10-24T04:45:00Z,BTC/USDT,sell,67210.80778500,0.00585584,0.39357574,USDT
2024-10-24T06:15:00Z,BTC/USDT,buy,67470.51840000,0.00583853,0.39392865,USDT
2024-10-24T06:45:00Z,BTC/USDT,stop_sell,67205.78851018,0.00583853,0.39238301,USDT
2024-10-24T07:30:00Z,BTC/USDT,buy,67326.92664000,0.00585029,0.39388205,USDT
2024-10-24T07:45:00Z,BTC/USDT,sell,67252.06714500,0.00585029,0.39344410,USDT
2024-10-24T11:45:00Z,BTC/USDT,buy,67274.98068000,0.00584838,0.39344965,USDT
2024-10-24T12:00:00Z,BTC/USDT,sell,67238.97369500,0.00584838,0.39323907,USDT
2024-10-24T21:45:00Z,BTC/USDT,buy,68594.03988000,0.0057375,0.39355830,USDT
2024-10-24T22:30:00Z,BTC/USDT,sell,68283.76104000,0.0057375,0.39177808,USDT
2024-10-25T10:00:00Z,BTC/USDT,buy,67882.37422500,0.00579462,0.39335256,USDT
2024-10-25T10:15:00Z,BTC/USDT,sell,67689.11851000,0.00579462,0.39223272,USDT
2024-10-25T12:00:00Z,BTC/USDT,buy,68159.81287500,0.00577851,0.39386216,USDT
2024-10-25T12:30:00Z,BTC/USDT,sell,68052.04695500,0.00577851,0.39323943,USDT
2024-10-26T03:45:00Z,BTC/USDT,buy,66905.82619500,0.00587589,0.39313128,USDT
2024-10-26T04:30:00Z,BTC/USDT,sell,66894.54599500,0.00587589,0.39306499,USDT
2024-10-26T12:30:00Z,BTC/USDT,buy,67028.80765500,0.00585141,0.39221304,USDT
2024-10-26T13:15:00Z,BTC/USDT,stop_sell,66955.90994054,0.00585141,0.39178648,USDT
2024-10-26T18:00:00Z,BTC/USDT,buy,67133.55000000,0.00585564,0.39310990,USDT
2024-10-26T19:45:00Z,BTC/USDT,sell,67113.29656500,0.00585564,0.39299130,USDT
2024-10-27T00:30:00Z,BTC/USDT,buy,67063.51500000,0.00585286,0.39251336,USDT
2024-10-27T00:45:00Z,BTC/USDT,sell,67052.14715500,0.00585286,0.39244683,USDT
2024-10-27T16:45:00Z,BTC/USDT,buy,67767.43678500,0.00579612,0.39278820,USDT
2024-10-27T17:00:00Z,BTC/USDT,sell,67791.79714500,0.00579612,0.39292939,USDT
2024-10-27T18:15:00Z,BTC/USDT,buy,67715.59087500,0.00579807,0.39261974,USDT
2024-10-27T19:00:00Z,BTC/USDT,sell,67569.14852500,0.00579807,0.39177065,USDT
2024-10-27T19:15:00Z,BTC/USDT,buy,67637.72196000,0.00580447,0.39260113,USDT
2024-10-27T21:00:00Z,BTC/USDT,sell,67672.76669000,0.00580447,0.39280454,USDT
2024-10-27T21:15:00Z,BTC/USDT,buy,67740.52333500,0.00578897,0.39214786,USDT
2024-10-28T00:00:00Z,BTC/USDT,sell,67866.05000000,0.00578897,0.39287453,USDT
2024-10-28T00:15:00Z,BTC/USDT,buy,67933.95000000,0.00577848,0.39255497,USDT
2024-10-28T01:30:00Z,BTC/USDT,sell,67791.42733000,0.00577848,0.39173141,USDT
2024-10-28T01:45:00Z,BTC/USDT,buy,67808.85748500,0.00578725,0.39242681,USDT
2024-10-28T02:00:00Z,BTC/USDT,sell,67724.89061500,0.00578725,0.39194087,USDT
2024-10-28T06:15:00Z,BTC/USDT,buy,67802.29420500,0.00578632,0.39232577,USDT
2024-10-28T09:30:00Z,BTC/USDT,sell,68207.88899500,0.00578632,0.39467267,USDT
2024-10-28T10:00:00Z,BTC/USDT,buy,68584.45509000,0.00572324,0.39252530,USDT
2024-10-28T10:15:00Z,BTC/USDT,sell,68384.30074500,0.00572324,0.39137977,USDT
2024-10-28T14:30:00Z,BTC/USDT,buy,68809.50756000,0.00569807,0.39208139,USDT
2024-10-28T15:30:00Z,BTC/USDT,sell,68577.96386500,0.00569807,0.39076204,USDT
2024-10-28T15:45:00Z,BTC/USDT,buy,68712.31899000,0.0057061,0.39207936,USDT
2024-10-28T16:00:00Z,BTC/USDT,sell,68440.83246500,0.0057061,0.39053023,USDT
2024-10-28T16:30:00Z,BTC/USDT,buy,68843.00430000,0.00569357,0.39196246,USDT
2024-10-28T17:15:00Z,BTC/USDT,sell,68765.76991500,0.00569357,0.39152272,USDT
2024-10-28T17:45:00Z,BTC/USDT,buy,69090.26787000,0.0056715,0.39184545,USDT
2024-10-28T18:00:00Z,BTC/USDT,sell,69002.17165500,0.0056715,0.39134582,USDT
2024-10-28T18:15:00Z,BTC/USDT,buy,69121.35340500,0.00566753,0.39174734,USDT
2024-10-28T18:30:00Z,BTC/USDT,sell,68865.55999500,0.00566753,0.39029763,USDT
2024-10-28T18:45:00Z,BTC/USDT,buy,68934.45000000,0.00568019,0.39156077,USDT
2024-10-28T21:00:00Z,BTC/USDT,sell,69450.28748500,0.00568019,0.39449083,USDT
2024-10-28T21:30:00Z,BTC/USDT,buy,69460.69299000,0.00562809,0.39093103,USDT
2024-10-28T22:00:00Z,BTC/USDT,sell,69739.00305500,0.00562809,0.39249739,USDT
2024-10-29T10:00:00Z,BTC/USDT,buy,71294.15926500,0.00549547,0.39179491,USDT
2024-10-29T11:30:00Z,BTC/USDT,sell,71154.38501000,0.00549547,0.39102679,USDT
2024-10-29T11:45:00Z,BTC/USDT,buy,71523.93409500,0.00547608,0.39167079,USDT
2024-10-29T12:00:00Z,BTC/USDT,sell,71339.56237500,0.00547608,0.39066115,USDT
2024-10-29T12:30:00Z,BTC/USDT,buy,71341.44289500,0.00548774,0.39150329,USDT
2024-10-29T12:45:00Z,BTC/USDT,stop_sell,71031.87558107,0.00548774,0.38980446,USDT
2024-10-29T13:45:00Z,BTC/USDT,buy,71430.63747000,0.00547922,0.39138418,USDT
2024-10-29T21:00:00Z,BTC/USDT,sell,72230.63661500,0.00547922,0.39576755,USDT
2024-10-30T09:00:00Z,BTC/USDT,buy,72323.29357500,0.00542008,0.39199804,USDT
2024-10-30T11:00:00Z,BTC/USDT,sell,72283.35024500,0.00542008,0.39178154,USDT
2024-10-30T20:00:00Z,BTC/USDT,buy,71848.00605000,0.00544646,0.39131729,USDT
2024-10-30T21:30:00Z,BTC/USDT,sell,72211.32627500,0.00544646,0.39329610,USDT
2024-10-30T22:00:00Z,BTC/USDT,buy,72321.19252500,0.00540891,0.39117882,USDT
2024-10-31T00:30:00Z,BTC/USDT,sell,72196.92348000,0.00540891,0.39050666,USDT
2024-10-31T03:15:00Z,BTC/USDT,buy,72486.36507000,0.00539429,0.39101247,USDT
2024-10-31T03:30:00Z,BTC/USDT,sell,72277.78303000,0.00539429,0.38988732,USDT
2024-10-31T05:30:00Z,BTC/USDT,buy,72346.33509000,0.00541939,0.39207300,USDT
2024-10-31T06:00:00Z,BTC/USDT,sell,72252.12586500,0.00541939,0.39156245,USDT
2024-10-31T06:30:00Z,BTC/USDT,buy,72233.29860000,0.00541662,0.39126033,USDT
2024-10-31T06:45:00Z,BTC/USDT,sell,72094.06493500,0.00541662,0.39050615,USDT
2024-10-31T08:15:00Z,BTC/USDT,buy,72324.41413500,0.00540077,0.39060753,USDT
2024-10-31T08:15:00Z,BTC/USDT,stop_sell,72178.02400589,0.00540077,0.38981691,USDT
2024-10-31T09:00:00Z,BTC/USDT,buy,72301.71279000,0.00540805,0.39101128,USDT
2024-10-31T09:15:00Z,BTC/USDT,sell,72275.15434500,0.00540805,0.39086765,USDT
2024-10-31T09:30:00Z,BTC/USDT,buy,72427.83582000,0.00540506,0.39147680,USDT
2024-10-31T12:15:00Z,BTC/USDT,stop_sell,72045.63202071,0.00540506,0.38941096,USDT
2024-10-31T23:15:00Z,BTC/USDT,buy,70464.02440500,0.00554006,0.39037492,USDT
2024-10-31T23:45:00Z,BTC/USDT,sell,70466.47913500,0.00554006,0.39038852,USDT
2024-11-01T00:45:00Z,BTC/USDT,buy,70224.62476500,0.00555398,0.39002616,USDT
2024-11-01T01:30:00Z,BTC/USDT,sell,69995.08495000,0.00555398,0.38875130,USDT
2024-11-01T07:00:00Z,BTC/USDT,buy,69279.60249000,0.00563634,0.39048339,USDT
2024-11-01T07:15:00Z,BTC/USDT,sell,69065.26009500,0.00563634,0.38927529,USDT
2024-11-01T09:15:00Z,BTC/USDT,buy,69540.31278000,0.00561292,0.39032421,USDT
2024-11-01T09:30:00Z,BTC/USDT,sell,69516.97412500,0.00561292,0.39019321,USDT
2024-11-01T10:15:00Z,BTC/USDT,buy,69672.85902000,0.00560875,0.39077765,USDT
2024-11-01T14:45:00Z,BTC/USDT,sell,71230.67684500,0.00560875,0.39951506,USDT
2024-11-01T15:30:00Z,BTC/USDT,buy,70724.58462000,0.00552144,0.39050155,USDT
2024-11-01T15:30:00Z,BTC/USDT,stop_sell,70232.24845179,0.00552144,0.38778315,USDT
2024-11-01T16:30:00Z,BTC/USDT,buy,70157.57125500,0.00556233,0.39023956,USDT
2024-11-01T16:45:00Z,BTC/USDT,sell,69857.08398500,0.00556233,0.38856815,USDT
2024-11-01T20:45:00Z,BTC/USDT,buy,69434.71000500,0.00562607,0.39064454,USDT
2024-11-01T21:00:00Z,BTC/USDT,sell,69168.80829500,0.00562607,0.38914856,USDT
2024-11-01T23:15:00Z,BTC/USDT,buy,69587.42632500,0.00561575,0.39078559,USDT
2024-11-02T02:45:00Z,BTC/USDT,sell,69835.31487500,0.00561575,0.39217767,USDT
2024-11-02T03:15:00Z,BTC/USDT,buy,69828.73692000,0.00558906,0.39027700,USDT
2024-11-02T03:30:00Z,BTC/USDT,sell,69631.18699000,0.00558906,0.38917288,USDT
2024-11-02T04:15:00Z,BTC/USDT,buy,69604.93507500,0.00560665,0.39025051,USDT
2024-11-02T05:00:00Z,BTC/USDT,sell,69483.36094000,0.00560665,0.38956889,USDT
2024-11-02T05:30:00Z,BTC/USDT,buy,69576.65094000,0.00560048,0.38966264,USDT
2024-11-02T06:30:00Z,BTC/USDT,sell,69619.18299500,0.00560048,0.38990084,USDT
2024-11-02T07:45:00Z,BTC/USDT,buy,69746.76595500,0.00558409,0.38947222,USDT
2024-11-02T08:15:00Z,BTC/USDT,stop_sell,69635.32492000,0.00558409,0.38884992,USDT
2024-11-02T08:30:00Z,BTC/USDT,buy,69704.53485000,0.00559292,0.38985189,USDT
2024-11-02T10:00:00Z,BTC/USDT,stop_sell,69505.41990500,0.00559292,0.38873825,USDT
2024-11-02T11:15:00Z,BTC/USDT,buy,69643.16418000,0.00559572,0.38970365,USDT
2024-11-02T11:30:00Z,BTC/USDT,sell,69669.33790500,0.00559572,0.38985011,USDT
2024-11-02T12:15:00Z,BTC/USDT,buy,69519.74250000,0.00558895,0.38854236,USDT
2024-11-02T12:15:00Z,BTC/USDT,stop_sell,69450.25750000,0.00558895,0.38815402,USDT
2024-11-02T13:30:00Z,BTC/USDT,buy,69680.30274000,0.00558809,0.38937980,USDT
2024-11-02T13:30:00Z,BTC/USDT,stop_sell,69479.74739054,0.00558809,0.38825908,USDT
2024-11-02T18:45:00Z,BTC/USDT,buy,69492.81904500,0.00560258,0.38933908,USDT
2024-11-02T19:45:00Z,BTC/USDT,sell,69385.79974500,0.00560258,0.38873949,USDT
2024-11-02T20:00:00Z,BTC/USDT,buy,69573.24924000,0.00559543,0.38929225,USDT
2024-11-02T20:30:00Z,BTC/USDT,sell,69396.43442500,0.00559543,0.38830289,USDT
2024-11-03T07:15:00Z,BTC/USDT,buy,68540.56315500,0.00566381,0.38820073,USDT
2024-11-03T07:30:00Z,BTC/USDT,stop_sell,68455.56866464,0.00566381,0.38771933,USDT
2024-11-03T10:30:00Z,BTC/USDT,buy,68480.85331500,0.00567363,0.38853502,USDT
2024-11-03T10:45:00Z,BTC/USDT,sell,68413.23627000,0.00567363,0.38815139,USDT
2024-11-03T12:45:00Z,BTC/USDT,buy,68549.01738000,0.00567421,0.38896152,USDT
2024-11-03T13:15:00Z,BTC/USDT,stop_sell,68298.19382000,0.00567421,0.38753829,USDT
2024-11-03T16:30:00Z,BTC/USDT,buy,68497.67172000,0.00567087,0.38844139,USDT
2024-11-03T16:30:00Z,BTC/USDT,stop_sell,68102.96005714,0.00567087,0.38620303,USDT
2024-11-03T17:15:00Z,BTC/USDT,buy,68495.06041500,0.00567089,0.38842795,USDT
2024-11-03T17:30:00Z,BTC/USDT,sell,68397.14432000,0.00567089,0.38787268,USDT
2024-11-03T18:30:00Z,BTC/USDT,buy,68238.85237500,0.00567919,0.38754141,USDT
2024-11-03T18:30:00Z,BTC/USDT,stop_sell,67961.08210304,0.00567919,0.38596390,USDT
2024-11-03T19:15:00Z,BTC/USDT,buy,68366.52618000,0.00567895,0.38825008,USDT
2024-11-03T22:00:00Z,BTC/USDT,sell,69132.55643000,0.00567895,0.39260033,USDT
2024-11-03T22:15:00Z,BTC/USDT,buy,69254.14977000,0.00560979,0.38850124,USDT
2024-11-03T22:30:00Z,BTC/USDT,sell,68986.51948500,0.00560979,0.38699989,USDT
2024-11-03T23:00:00Z,BTC/USDT,buy,68932.27891500,0.00562792,0.38794535,USDT
2024-11-03T23:00:00Z,BTC/USDT,stop_sell,68636.74303214,0.00562792,0.38628210,USDT
2024-11-04T04:30:00Z,BTC/USDT,buy,69366.82608000,0.00559845,0.38834671,USDT
2024-11-04T04:45:00Z,BTC/USDT,sell,69139.26307500,0.00559845,0.38707271,USDT
2024-11-04T06:15:00Z,BTC/USDT,buy,69077.11129500,0.00561683,0.38799439,USDT
2024-11-04T07:30:00Z,BTC/USDT,sell,68907.50901000,0.00561683,0.38704176,USDT
2024-11-04T10:30:00Z,BTC/USDT,buy,68893.32945000,0.00562502,0.38752636,USDT
2024-11-04T10:45:00Z,BTC/USDT,sell,68842.38159000,0.00562502,0.38723977,USDT
2024-11-04T23:00:00Z,BTC/USDT,buy,67914.16011000,0.00570951,0.38775658,USDT
2024-11-04T23:15:00Z,BTC/USDT,sell,67785.76016500,0.00570951,0.38702348,USDT
2024-11-04T23:45:00Z,BTC/USDT,buy,67747.52683500,0.00570273,0.38634585,USDT
2024-11-05T00:00:00Z,BTC/USDT,sell,67736.35488000,0.00570273,0.38628214,USDT
2024-11-05T00:15:00Z,BTC/USDT,buy,67920.58332000,0.00569277,0.38665626,USDT
2024-11-05T01:30:00Z,BTC/USDT,stop_sell,67529.10855500,0.00569277,0.38442768,USDT
2024-11-05T01:45:00Z,BTC/USDT,buy,67904.69538000,0.00570828,0.38761901,USDT
2024-11-05T02:45:00Z,BTC/USDT,sell,67821.07250000,0.00570828,0.38714167,USDT
2024-11-05T03:15:00Z,BTC/USDT,buy,68084.38518000,0.0056877,0.38724356,USDT
2024-11-05T03:30:00Z,BTC/USDT,sell,68062.99148000,0.0056877,0.38712188,USDT
2024-11-05T08:15:00Z,BTC/USDT,buy,68910.72814500,0.00561831,0.38716183,USDT
2024-11-05T08:30:00Z,BTC/USDT,sell,68749.11824500,0.00561831,0.38625386,USDT
2024-11-05T20:15:00Z,BTC/USDT,buy,69387.92662500,0.00556658,0.38625344,USDT
2024-11-05T20:30:00Z,BTC/USDT,sell,69445.27999000,0.00556658,0.38657271,USDT
2024-11-06T00:30:00Z,BTC/USDT,buy,70285.12500000,0.00550616,0.38700114,USDT
2024-11-06T01:00:00Z,BTC/USDT,sell,71048.36804500,0.00550616,0.39120368,USDT
2024-11-06T12:45:00Z,BTC/USDT,buy,74367.20502000,0.0052076,0.38727466,USDT
2024-11-06T13:15:00Z,BTC/USDT,sell,74037.68264000,0.0052076,0.38555864,USDT
2024-11-06T15:15:00Z,BTC/USDT,buy,74239.57123500,0.00521383,0.38707250,USDT
2024-11-06T16:45:00Z,BTC/USDT,sell,74165.31879000,0.00521383,0.38668536,USDT
2024-11-06T18:00:00Z,BTC/USDT,buy,74267.80534500,0.00519526,0.38584056,USDT
2024-11-06T22:15:00Z,BTC/USDT,sell,75783.69919500,0.00519526,0.39371602,USDT
2024-11-06T22:45:00Z,BTC/USDT,buy,75707.33475000,0.00511527,0.38726346,USDT
2024-11-06T23:00:00Z,BTC/USDT,sell,75706.38787000,0.00511527,0.38725861,USDT
2024-11-07T09:00:00Z,BTC/USDT,buy,75109.53600000,0.00515895,0.38748634,USDT
2024-11-07T10:00:00Z,BTC/USDT,stop_sell,74771.20640893,0.00515895,0.38574092,USDT
2024-11-07T10:15:00Z,BTC/USDT,buy,74899.33095000,0.00516082,0.38654197,USDT
2024-11-07T10:30:00Z,BTC/USDT,stop_sell,74734.72073232,0.00516082,0.38569244,USDT
2024-11-07T11:00:00Z,BTC/USDT,buy,74938.45050000,0.00516171,0.38681055,USDT
2024-11-07T11:45:00Z,BTC/USDT,sell,74698.88187500,0.00516171,0.38557397,USDT
2024-11-07T12:15:00Z,BTC/USDT,buy,74880.99178500,0.00516512,0.38676931,USDT
2024-11-07T12:30:00Z,BTC/USDT,sell,74927.96727500,0.00516512,0.38701194,USDT
2024-11-07T12:45:00Z,BTC/USDT,buy,75113.52799500,0.00515158,0.38695335,USDT
2024-11-07T13:15:00Z,BTC/USDT,stop_sell,74808.54415929,0.00515158,0.38538220,USDT
2024-11-07T13:30:00Z,BTC/USDT,buy,74786.68465500,0.00516178,0.38603241,USDT
2024-11-07T13:30:00Z,BTC/USDT,stop_sell,74618.01911232,0.00516178,0.38516180,USDT
2024-11-07T15:15:00Z,BTC/USDT,buy,75109.95621000,0.00514758,0.38663451,USDT
2024-11-07T17:15:00Z,BTC/USDT,sell,75966.92753500,0.00514758,0.39104584,USDT
2024-11-08T03:00:00Z,BTC/USDT,buy,75727.63489500,0.00510942,0.38692429,USDT
2024-11-08T03:30:00Z,BTC/USDT,sell,75656.81267000,0.00510942,0.38656243,USDT
2024-11-08T17:45:00Z,BTC/USDT,buy,76324.10298000,0.00506899,0.38688611,USDT
2024-11-08T22:15:00Z,BTC/USDT,sell,76549.12629000,0.00506899,0.38802676,USDT
2024-11-08T22:45:00Z,BTC/USDT,buy,76451.24652000,0.00506027,0.38686395,USDT
2024-11-08T23:00:00Z,BTC/USDT,sell,76346.37771500,0.00506027,0.38633328,USDT
2024-11-09T19:00:00Z,BTC/USDT,buy,76368.28506000,0.00506209,0.38658313,USDT
2024-11-09T19:30:00Z,BTC/USDT,stop_sell,76110.68276429,0.00506209,0.38527913,USDT
2024-11-10T09:30:00Z,BTC/USDT,buy,79373.51692500,0.00487045,0.38658475,USDT
2024-11-10T09:45:00Z,BTC/USDT,sell,79409.89519000,0.00487045,0.38676192,USDT
2024-11-10T10:45:00Z,BTC/USDT,buy,79393.86709500,0.00485371,0.38535481,USDT
2024-11-10T12:15:00Z,BTC/USDT,stop_sell,79297.34970518,0.00485371,0.38488634,USDT
2024-11-10T12:45:00Z,BTC/USDT,buy,79410.79555500,0.00486093,0.38601032,USDT
2024-11-10T14:15:00Z,BTC/USDT,sell,79761.71919000,0.00486093,0.38771613,USDT
2024-11-10T15:15:00Z,BTC/USDT,buy,79707.73395000,0.0048493,0.38652671,USDT
2024-11-10T15:30:00Z,BTC/USDT,sell,79614.08304500,0.0048493,0.38607257,USDT
2024-11-10T22:00:00Z,BTC/USDT,buy,79999.05954000,0.00483759,0.38700265,USDT
2024-11-10T23:00:00Z,BTC/USDT,sell,80575.04232500,0.00483759,0.38978902,USDT
2024-11-11T00:30:00Z,BTC/USDT,buy,80781.00031500,0.00478557,0.38658313,USDT
2024-11-11T02:00:00Z,BTC/USDT,sell,81209.34501500,0.00478557,0.38863301,USDT
2024-11-11T03:00:00Z,BTC/USDT,buy,81457.56843000,0.00474614,0.38660902,USDT
2024-11-11T03:15:00Z,BTC/USDT,sell,81290.01466000,0.00474614,0.38581379,USDT
2024-11-11T03:45:00Z,BTC/USDT,buy,81457.38834000,0.00474555,0.38656011,USDT
2024-11-11T05:15:00Z,BTC/USDT,stop_sell,80833.50053125,0.00474555,0.38359942,USDT
2024-11-11T05:30:00Z,BTC/USDT,buy,80910.91524000,0.00477392,0.38626224,USDT
2024-11-11T05:45:00Z,BTC/USDT,stop_sell,80363.74659714,0.00477392,0.38365010,USDT
2024-11-11T06:00:00Z,BTC/USDT,buy,80791.58560500,0.00477773,0.38600038,USDT
2024-11-11T06:45:00Z,BTC/USDT,sell,80907.26613000,0.00477773,0.38655307,USDT
2024-11-11T08:15:00Z,BTC/USDT,buy,81353.83659000,0.00474329,0.38588484,USDT
2024-11-11T08:30:00Z,BTC/USDT,sell,81114.55243500,0.00474329,0.38474985,USDT
2024-11-11T09:15:00Z,BTC/USDT,buy,81513.60643500,0.00473319,0.38581939,USDT
2024-11-11T09:30:00Z,BTC/USDT,sell,81326.24653500,0.00473319,0.38493258,USDT
2024-11-11T16:00:00Z,BTC/USDT,buy,84150.80437500,0.00458911,0.38617730,USDT
2024-11-12T02:45:00Z,BTC/USDT,sell,87519.95813000,0.00458911,0.40163872,USDT
2024-11-12T03:00:00Z,BTC/USDT,buy,87719.42779500,0.00440605,0.38649618,USDT
2024-11-12T03:45:00Z,BTC/USDT,sell,87612.75171000,0.00440605,0.38602616,USDT
2024-11-12T04:45:00Z,BTC/USDT,buy,88767.05134500,0.00436118,0.38712909,USDT
2024-11-12T05:45:00Z,BTC/USDT,sell,88323.78601500,0.00436118,0.38519593,USDT
2024-11-12T08:15:00Z,BTC/USDT,buy,88825.90075500,0.00434191,0.38567407,USDT
2024-11-12T09:15:00Z,BTC/USDT,sell,88422.34671000,0.00434191,0.38392187,USDT
2024-11-12T15:30:00Z,BTC/USDT,buy,86842.67964000,0.00444766,0.38624671,USDT
2024-11-12T15:45:00Z,BTC/USDT,sell,86175.93048000,0.00444766,0.38328124,USDT
2024-11-12T17:30:00Z,BTC/USDT,buy,87495.26577000,0.00441325,0.38613848,USDT
2024-11-12T22:15:00Z,BTC/USDT,sell,87976.19989500,0.00441325,0.38826096,USDT
2024-11-12T22:45:00Z,BTC/USDT,buy,88419.33757500,0.00435746,0.38528373,USDT
2024-11-12T23:00:00Z,BTC/USDT,sell,88579.89789500,0.00435746,0.38598336,USDT
2024-11-13T03:00:00Z,BTC/USDT,buy,87889.64286000,0.00439188,0.38600076,USDT
2024-11-13T03:15:00Z,BTC/USDT,sell,88012.83157000,0.00439188,0.38654179,USDT
2024-11-13T08:30:00Z,BTC/USDT,buy,87418.86759000,0.00440883,0.38541493,USDT
2024-11-13T09:00:00Z,BTC/USDT,sell,87070.76284000,0.00440883,0.38388019,USDT
2024-11-13T14:45:00Z,BTC/USDT,buy,90911.72314500,0.00424527,0.38594481,USDT
2024-11-13T15:15:00Z,BTC/USDT,sell,91164.39500000,0.00424527,0.38701747,USDT
2024-11-13T16:00:00Z,BTC/USDT,buy,92596.27500000,0.0041683,0.38596905,USDT
2024-11-13T17:30:00Z,BTC/USDT,sell,92166.72358500,0.0041683,0.38417855,USDT
2024-11-13T17:45:00Z,BTC/USDT,buy,91873.25367000,0.00419888,0.38576477,USDT
2024-11-13T18:15:00Z,BTC/USDT,sell,92253.85000000,0.00419888,0.38736285,USDT
2024-11-14T02:00:00Z,BTC/USDT,buy,90263.01895500,0.00427454,0.38583289,USDT
2024-11-14T02:15:00Z,BTC/USDT,sell,90206.75406000,0.00427454,0.38559238,USDT
2024-11-14T09:00:00Z,BTC/USDT,buy,90562.46860500,0.00425101,0.38498196,USDT
2024-11-14T09:30:00Z,BTC/USDT,sell,90484.49512000,0.00425101,0.38465049,USDT
2024-11-14T10:00:00Z,BTC/USDT,buy,90965.46000000,0.00424003,0.38569628,USDT
2024-11-14T13:15:00Z,BTC/USDT,sell,91167.37351000,0.00424003,0.38655240,USDT
2024-11-14T13:30:00Z,BTC/USDT,buy,90998.11632000,0.00423371,0.38525964,USDT
2024-11-14T14:30:00Z,BTC/USDT,stop_sell,90366.14182625,0.00423371,0.38258404,USDT
2024-11-15T01:45:00Z,BTC/USDT,buy,88087.56177000,0.00437622,0.38549055,USDT
2024-11-15T02:15:00Z,BTC/USDT,sell,88065.07543500,0.00437622,0.38539214,USDT
2024-11-15T02:30:00Z,BTC/USDT,buy,87963.14959500,0.00437664,0.38498304,USDT
2024-11-15T04:30:00Z,BTC/USDT,stop_sell,87199.97962786,0.00437664,0.38164292,USDT
2024-11-15T12:45:00Z,BTC/USDT,buy,89983.39921500,0.00427837,0.38498228,USDT
2024-11-15T13:30:00Z,BTC/USDT,sell,89536.04958000,0.00427837,0.38306835,USDT
2024-11-15T14:00:00Z,BTC/USDT,buy,90045.00000000,0.00427319,0.38477939,USDT
2024-11-15T14:15:00Z,BTC/USDT,stop_sell,89410.53344089,0.00427319,0.38206820,USDT
2024-11-15T14:45:00Z,BTC/USDT,buy,89367.51142500,0.00430246,0.38450014,USDT
2024-11-15T15:00:00Z,BTC/USDT,sell,89210.01268000,0.00430246,0.38382251,USDT
2024-11-15T16:30:00Z,BTC/USDT,buy,89598.74698500,0.00429006,0.38438400,USDT
2024-11-15T16:45:00Z,BTC/USDT,sell,88894.11071000,0.00429006,0.38136107,USDT
2024-11-15T18:15:00Z,BTC/USDT,buy,89391.08320500,0.00427984,0.38257953,USDT
2024-11-15T18:30:00Z,BTC/USDT,sell,89413.60083500,0.00427984,0.38267591,USDT
2024-11-15T19:15:00Z,BTC/USDT,buy,89682.82900500,0.00428192,0.38401470,USDT
2024-11-15T20:45:00Z,BTC/USDT,sell,91064.42501000,0.00428192,0.38993058,USDT
2024-11-16T09:00:00Z,BTC/USDT,buy,91454.96463000,0.00420658,0.38471263,USDT
2024-11-16T10:00:00Z,BTC/USDT,sell,91306.40396000,0.00420658,0.38408769,USDT
2024-11-16T10:45:00Z,BTC/USDT,buy,91629.06163500,0.00419608,0.38448287,USDT
2024-11-16T11:00:00Z,BTC/USDT,stop_sell,91241.67312732,0.00419608,0.38285736,USDT
2024-11-16T11:30:00Z,BTC/USDT,buy,91271.43291000,0.00420868,0.38413225,USDT
2024-11-16T11:45:00Z,BTC/USDT,sell,91113.35053500,0.00420868,0.38346694,USDT
2024-11-16T17:45:00Z,BTC/USDT,buy,90935.54505000,0.00422348,0.38406446,USDT
2024-11-16T18:00:00Z,BTC/USDT,sell,90808.72292500,0.00422348,0.38352883,USDT
2024-11-16T18:15:00Z,BTC/USDT,buy,91099.89718500,0.00421425,0.38391774,USDT
2024-11-16T19:45:00Z,BTC/USDT,sell,90915.38956500,0.00421425,0.38314018,USDT
2024-11-16T20:00:00Z,BTC/USDT,buy,91153.19382000,0.00421041,0.38379232,USDT
2024-11-16T20:15:00Z,BTC/USDT,stop_sell,90721.67361429,0.00421041,0.38197544,USDT
2024-11-17T12:15:00Z,BTC/USDT,buy,90791.49306000,0.00422507,0.38360041,USDT
2024-11-17T13:45:00Z,BTC/USDT,sell,90571.11179000,0.00422507,0.38266929,USDT
2024-11-18T01:15:00Z,BTC/USDT,buy,90175.01497500,0.00425315,0.38352786,USDT
2024-11-18T01:30:00Z,BTC/USDT,sell,90492.47113000,0.00425315,0.38487805,USDT
2024-11-18T21:45:00Z,BTC/USDT,buy,91796.77545000,0.00418418,0.38409423,USDT
2024-11-18T21:45:00Z,BTC/USDT,stop_sell,90728.78934036,0.00418418,0.37962559,USDT
2024-11-18T22:30:00Z,BTC/USDT,buy,91156.68556500,0.00419351,0.38226647,USDT
2024-11-18T22:45:00Z,BTC/USDT,sell,91436.89868000,0.00419351,0.38344155,USDT
2024-11-18T23:45:00Z,BTC/USDT,buy,90777.48606000,0.00422034,0.38311186,USDT
2024-11-19T00:00:00Z,BTC/USDT,sell,90551.66152000,0.00422034,0.38215880,USDT
2024-11-19T05:00:00Z,BTC/USDT,buy,91521.97812000,0.00418451,0.38297463,USDT
2024-11-19T09:30:00Z,BTC/USDT,sell,91297.09861500,0.00418451,0.38203362,USDT
2024-11-19T13:30:00Z,BTC/USDT,buy,92150.20207500,0.0041545,0.38283801,USDT
2024-11-19T13:30:00Z,BTC/USDT,stop_sell,91690.14163804,0.0041545,0.38092669,USDT
2024-11-19T14:15:00Z,BTC/USDT,buy,91730.53234500,0.00417631,0.38309514,USDT
2024-11-19T15:30:00Z,BTC/USDT,sell,91767.87311000,0.00417631,0.38325109,USDT
2024-11-19T15:45:00Z,BTC/USDT,buy,92172.29311500,0.00414837,0.38236478,USDT
2024-11-19T20:00:00Z,BTC/USDT,sell,93200.79629000,0.00414837,0.38663139,USDT
2024-11-19T20:15:00Z,BTC/USDT,buy,93486.19974000,0.00409048,0.38240343,USDT
2024-11-19T20:15:00Z,BTC/USDT,stop_sell,92875.66750714,0.00409048,0.37990606,USDT
2024-11-20T03:30:00Z,BTC/USDT,buy,91687.08063000,0.00417283,0.38259460,USDT
2024-11-20T04:15:00Z,BTC/USDT,sell,91971.39130000,0.00417283,0.38378098,USDT
2024-11-20T04:45:00Z,BTC/USDT,buy,92345.49967500,0.00414344,0.38262804,USDT
2024-11-20T05:00:00Z,BTC/USDT,sell,92153.66012000,0.00414344,0.38183316,USDT
2024-11-20T05:15:00Z,BTC/USDT,buy,92145.43969500,0.00415106,0.38250125,USDT
2024-11-20T08:30:00Z,BTC/USDT,sell,92943.18516000,0.00415106,0.38581274,USDT
2024-11-20T11:45:00Z,BTC/USDT,buy,93315.45441000,0.00410525,0.38308327,USDT
2024-11-20T12:15:00Z,BTC/USDT,sell,93541.96562000,0.00410525,0.38401315,USDT
2024-11-20T15:15:00Z,BTC/USDT,buy,94347.66025500,0.00405209,0.38230521,USDT
2024-11-20T16:15:00Z,BTC/USDT,stop_sell,93769.57104607,0.00405209,0.37996274,USDT
2024-11-20T16:30:00Z,BTC/USDT,buy,93609.50136000,0.00408727,0.38260731,USDT
2024-11-20T18:30:00Z,BTC/USDT,sell,93853.04000500,0.00408727,0.38360271,USDT
2024-11-20T21:00:00Z,BTC/USDT,buy,94211.39215500,0.00405408,0.38194052,USDT
2024-11-20T23:00:00Z,BTC/USDT,sell,94016.54821000,0.00405408,0.38115061,USDT
2024-11-20T23:15:00Z,BTC/USDT,buy,94047.01000500,0.00405905,0.38174152,USDT
2024-11-20T23:30:00Z,BTC/USDT,sell,93802.83512000,0.00405905,0.38075040,USDT
2024-11-21T00:15:00Z,BTC/USDT,buy,94286.98993500,0.00404794,0.38166808,USDT
2024-11-21T00:30:00Z,BTC/USDT,sell,94701.76543000,0.00404794,0.38334706,USDT
2024-11-21T03:00:00Z,BTC/USDT,buy,94477.31505000,0.00404644,0.38229679,USDT
2024-11-21T07:45:00Z,BTC/USDT,sell,96989.58095000,0.00404644,0.39246252,USDT
2024-11-21T11:00:00Z,BTC/USDT,buy,97739.88552000,0.00391982,0.38312276,USDT
2024-11-21T12:45:00Z,BTC/USDT,sell,97765.90259500,0.00391982,0.38322474,USDT
2024-11-21T13:15:00Z,BTC/USDT,buy,97475.42335500,0.00393006,0.38308426,USDT
2024-11-21T13:30:00Z,BTC/USDT,sell,97045.18313500,0.00393006,0.38139339,USDT
2024-11-21T22:15:00Z,BTC/USDT,buy,98123.92744500,0.0039103,0.38369399,USDT
2024-11-22T00:00:00Z,BTC/USDT,sell,98447.15180000,0.0039103,0.38495790,USDT
2024-11-22T01:30:00Z,BTC/USDT,buy,98379.69526500,0.00389144,0.38283868,USDT
2024-11-22T01:30:00Z,BTC/USDT,stop_sell,97854.09062179,0.00389144,0.38079332,USDT
2024-11-22T18:15:00Z,BTC/USDT,buy,99242.78659500,0.00385527,0.38260774,USDT
2024-11-22T20:30:00Z,BTC/USDT,stop_sell,98521.02984250,0.00385527,0.37982517,USDT
2024-11-22T21:15:00Z,BTC/USDT,buy,98889.09984000,0.00386626,0.38233097,USDT
2024-11-22T22:15:00Z,BTC/USDT,sell,98950.50000000,0.00386626,0.38256836,USDT
2024-11-23T03:30:00Z,BTC/USDT,buy,98857.29394500,0.0038681,0.38238990,USDT
2024-11-23T03:45:00Z,BTC/USDT,sell,98513.28871500,0.0038681,0.38105925,USDT
2024-11-23T21:15:00Z,BTC/USDT,buy,97842.13662000,0.00390551,0.38212344,USDT
2024-11-23T22:45:00Z,BTC/USDT,sell,97632.91912000,0.00390551,0.38130634,USDT
2024-11-24T00:00:00Z,BTC/USDT,buy,97784.34774000,0.00390648,0.38199260,USDT
2024-11-24T00:45:00Z,BTC/USDT,sell,97873.85859000,0.00390648,0.38234227,USDT
2024-11-24T05:30:00Z,BTC/USDT,buy,97947.68937000,0.00389658,0.38166101,USDT
2024-11-24T06:00:00Z,BTC/USDT,sell,98050.48023500,0.00389658,0.38206154,USDT
2024-11-24T07:45:00Z,BTC/USDT,buy,98384.54769000,0.00388203,0.38193177,USDT
2024-11-24T08:00:00Z,BTC/USDT,sell,98223.52367000,0.00388203,0.38130667,USDT
2024-11-24T08:15:00Z,BTC/USDT,buy,98445.76828500,0.00388265,0.38223046,USDT
2024-11-24T08:45:00Z,BTC/USDT,stop_sell,97924.68173714,0.00388265,0.38020727,USDT
2024-11-25T03:15:00Z,BTC/USDT,buy,97405.18825500,0.00391166,0.38101598,USDT
2024-11-25T03:30:00Z,BTC/USDT,sell,97451.36994000,0.00391166,0.38119663,USDT
2024-11-25T04:15:00Z,BTC/USDT,buy,98137.73434500,0.00388792,0.38155166,USDT
2024-11-25T04:30:00Z,BTC/USDT,sell,97656.86714000,0.00388792,0.37968209,USDT
2024-11-25T05:30:00Z,BTC/USDT,buy,98168.01948000,0.00388754,0.38163210,USDT
2024-11-25T06:00:00Z,BTC/USDT,sell,97943.71364500,0.00388754,0.38076010,USDT
2024-11-25T07:30:00Z,BTC/USDT,buy,98104.54776000,0.00388391,0.38102923,USDT
2024-11-25T08:00:00Z,BTC/USDT,sell,98008.54121500,0.00388391,0.38065635,USDT
2024-11-26T02:30:00Z,BTC/USDT,buy,94587.87030000,0.00402714,0.38091860,USDT
2024-11-26T03:45:00Z,BTC/USDT,sell,94717.31765000,0.00402714,0.38143990,USDT
2024-11-26T04:00:00Z,BTC/USDT,buy,94602.32752500,0.00402968,0.38121711,USDT
2024-11-26T06:00:00Z,BTC/USDT,sell,94611.58054500,0.00402968,0.38125439,USDT
2024-11-26T06:30:00Z,BTC/USDT,buy,94945.94925000,0.00401345,0.38106082,USDT
2024-11-26T07:00:00Z,BTC/USDT,sell,94490.34119500,0.00401345,0.37923226,USDT
2024-11-26T19:00:00Z,BTC/USDT,buy,92205.01947000,0.00412943,0.38075417,USDT
2024-11-26T19:30:00Z,BTC/USDT,sell,91800.07700000,0.00412943,0.37908199,USDT
2024-11-27T01:30:00Z,BTC/USDT,buy,92415.22452000,0.00411439,0.38023228,USDT
2024-11-27T02:15:00Z,BTC/USDT,sell,92322.81550000,0.00411439,0.37985207,USDT
2024-11-27T02:30:00Z,BTC/USDT,buy,92946.45000000,0.00409049,0.38019652,USDT
2024-11-27T03:15:00Z,BTC/USDT,sell,92724.15473000,0.00409049,0.37928723,USDT
2024-11-27T05:00:00Z,BTC/USDT,buy,92669.21145000,0.00410217,0.38014486,USDT
2024-11-27T09:00:00Z,BTC/USDT,sell,93235.03916000,0.00410217,0.38246598,USDT
2024-11-27T11:45:00Z,BTC/USDT,buy,93512.29278000,0.00406619,0.38023875,USDT
2024-11-27T12:00:00Z,BTC/USDT,sell,93386.31348500,0.00406619,0.37972649,USDT
2024-11-27T13:15:00Z,BTC/USDT,buy,93724.99908000,0.00405882,0.38041290,USDT
2024-11-27T14:15:00Z,BTC/USDT,sell,94053.40977000,0.00405882,0.38174586,USDT
2024-11-27T19:00:00Z,BTC/USDT,buy,96246.94942500,0.00395321,0.38048440,USDT
2024-11-27T21:15:00Z,BTC/USDT,sell,96439.15630000,0.00395321,0.38124424,USDT
2024-11-27T21:45:00Z,BTC/USDT,buy,96382.88736000,0.00395254,0.38095722,USDT
2024-11-27T22:30:00Z,BTC/USDT,sell,96328.10185500,0.00395254,0.38074068,USDT
2024-11-28T08:30:00Z,BTC/USDT,buy,95580.02613000,0.00398349,0.38074208,USDT
2024-11-28T09:00:00Z,BTC/USDT,sell,95469.78123000,0.00398349,0.38030292,USDT
2024-11-28T13:45:00Z,BTC/USDT,buy,95579.99611500,0.00397996,0.38040456,USDT
2024-11-28T15:45:00Z,BTC/USDT,stop_sell,94984.48471393,0.00397996,0.37803445,USDT
2024-11-28T16:00:00Z,BTC/USDT,buy,95047.50000000,0.00400155,0.38033732,USDT
2024-11-28T16:30:00Z,BTC/USDT,sell,94981.29559500,0.00400155,0.38007240,USDT
2024-11-28T22:30:00Z,BTC/USDT,buy,95280.00619500,0.00398173,0.37937926,USDT
2024-11-28T22:45:00Z,BTC/USDT,sell,95484.52385500,0.00398173,0.38019359,USDT
2024-11-29T00:30:00Z,BTC/USDT,buy,95578.16520000,0.00397123,0.37956288,USDT
2024-11-29T01:00:00Z,BTC/USDT,sell,95519.87617000,0.00397123,0.37933140,USDT
2024-11-29T02:15:00Z,BTC/USDT,buy,96492.04191000,0.00393942,0.38012268,USDT
2024-11-29T07:00:00Z,BTC/USDT,sell,96183.50419000,0.00393942,0.37890722,USDT
2024-11-29T09:45:00Z,BTC/USDT,buy,96398.46514500,0.00393734,0.37955353,USDT
2024-11-29T11:15:00Z,BTC/USDT,sell,96512.30970500,0.00393734,0.38000178,USDT
2024-11-29T11:30:00Z,BTC/USDT,buy,96948.45000000,0.00391916,0.37995649,USDT
2024-11-29T12:00:00Z,BTC/USDT,sell,97144.16362000,0.00391916,0.38072352,USDT
2024-11-29T15:15:00Z,BTC/USDT,buy,98501.56617000,0.00385496,0.37971960,USDT
2024-11-29T15:30:00Z,BTC/USDT,sell,98133.17886500,0.00385496,0.37829948,USDT
2024-11-29T16:00:00Z,BTC/USDT,buy,98421.01591500,0.00387031,0.38091984,USDT
2024-11-29T17:00:00Z,BTC/USDT,stop_sell,97470.54284875,0.00387031,0.37724122,USDT
2024-11-29T17:15:00Z,BTC/USDT,buy,97226.37889500,0.00389567,0.37876189,USDT
2024-11-29T19:15:00Z,BTC/USDT,sell,97056.44750000,0.00389567,0.37809989,USDT
2024-11-30T14:30:00Z,BTC/USDT,buy,96696.59413500,0.00392027,0.37907676,USDT
2024-11-30T14:45:00Z,BTC/USDT,sell,96532.71949500,0.00392027,0.37843432,USDT
2024-11-30T15:30:00Z,BTC/USDT,buy,96756.17391000,0.00391773,0.37906457,USDT
2024-11-30T21:15:00Z,BTC/USDT,sell,96850.57049000,0.00391773,0.37943439,USDT
2024-12-01T05:30:00Z,BTC/USDT,buy,96436.11396000,0.00392937,0.37893317,USDT
2024-12-01T06:00:00Z,BTC/USDT,sell,96170.54067500,0.00392937,0.37788964,USDT
2024-12-01T06:30:00Z,BTC/USDT,buy,96393.87285000,0.00392628,0.37846934,USDT
2024-12-01T08:00:00Z,BTC/USDT,sell,96333.29925500,0.00392628,0.37823151,USDT
2024-12-01T08:15:00Z,BTC/USDT,buy,96635.96383500,0.00391569,0.37839648,USDT
2024-12-01T13:15:00Z,BTC/USDT,sell,96926.57247000,0.00391569,0.37953441,USDT
2024-12-01T13:30:00Z,BTC/USDT,buy,97311.52144500,0.00389658,0.37918213,USDT
2024-12-01T13:45:00Z,BTC/USDT,sell,96979.72588000,0.00389658,0.37788926,USDT
2024-12-01T14:15:00Z,BTC/USDT,buy,97126.18882500,0.003891,0.37791800,USDT
2024-12-01T14:30:00Z,BTC/USDT,sell,96973.42903000,0.003891,0.37732361,USDT
2024-12-01T15:00:00Z,BTC/USDT,buy,97314.09273000,0.00388914,0.37846813,USDT
2024-12-01T15:15:00Z,BTC/USDT,sell,97235.10812500,0.00388914,0.37816095,USDT
2024-12-01T18:00:00Z,BTC/USDT,buy,97323.55746000,0.0038918,0.37876382,USDT
2024-12-01T19:00:00Z,BTC/USDT,sell,97010.87030000,0.0038918,0.37754691,USDT
2024-12-01T21:30:00Z,BTC/USDT,buy,97286.33886000,0.00388775,0.37822496,USDT
2024-12-01T23:00:00Z,BTC/USDT,sell,97551.15002500,0.00388775,0.37925448,USDT
2024-12-02T00:30:00Z,BTC/USDT,buy,97254.24282000,0.00388926,0.37824704,USDT
2024-12-02T02:15:00Z,BTC/USDT,sell,97750.82014000,0.00388926,0.38017835,USDT
2024-12-02T02:30:00Z,BTC/USDT,buy,97655.98359000,0.00387034,0.37796186,USDT
2024-12-02T02:45:00Z,BTC/USDT,sell,97471.87968000,0.00387034,0.37724931,USDT
2024-12-02T13:30:00Z,BTC/USDT,buy,95716.24420500,0.00394807,0.37789443,USDT
2024-12-02T16:00:00Z,BTC/USDT,sell,96985.38305000,0.00394807,0.38290508,USDT
2024-12-03T02:30:00Z,BTC/USDT,buy,95847.90000000,0.00395301,0.37888771,USDT
2024-12-03T05:15:00Z,BTC/USDT,sell,95913.82909500,0.00395301,0.37914833,USDT
2024-12-03T15:15:00Z,BTC/USDT,buy,95792.03208000,0.00395153,0.37852509,USDT
2024-12-03T16:45:00Z,BTC/USDT,stop_sell,94932.58996000,0.00395153,0.37512898,USDT
2024-12-03T17:00:00Z,BTC/USDT,buy,95280.34636500,0.00396918,0.37818485,USDT
2024-12-03T19:00:00Z,BTC/USDT,sell,95237.60737500,0.00396918,0.37801521,USDT
2024-12-04T06:30:00Z,BTC/USDT,buy,96448.20000000,0.00392042,0.37811745,USDT
2024-12-04T06:45:00Z,BTC/USDT,stop_sell,95978.04232946,0.00392042,0.37627424,USDT
2024-12-04T07:00:00Z,BTC/USDT,buy,96401.33658000,0.00392651,0.37852081,USDT
2024-12-04T08:00:00Z,BTC/USDT,sell,96360.28575500,0.00392651,0.37835963,USDT
2024-12-04T09:45:00Z,BTC/USDT,buy,96894.13285500,0.00389949,0.37783770,USDT
2024-12-04T11:15:00Z,BTC/USDT,sell,96459.79597500,0.00389949,0.37614401,USDT
2024-12-04T11:30:00Z,BTC/USDT,buy,96348.25005000,0.00391358,0.37706658,USDT
2024-12-04T12:00:00Z,BTC/USDT,sell,96097.56718000,0.00391358,0.37608552,USDT
2024-12-04T19:45:00Z,BTC/USDT,buy,96834.38299500,0.00390382,0.37802400,USDT
2024-12-05T01:15:00Z,BTC/USDT,sell,97677.10701500,0.00390382,0.38131384,USDT
2024-12-05T01:45:00Z,BTC/USDT,buy,98553.54214500,0.00383245,0.37770152,USDT
2024-12-05T02:00:00Z,BTC/USDT,sell,97981.13492500,0.00383245,0.37550780,USDT
2024-12-05T02:15:00Z,BTC/USDT,buy,98471.81130000,0.00383161,0.37730558,USDT
2024-12-05T08:00:00Z,BTC/USDT,sell,101970.28935000,0.00383161,0.39071038,USDT
2024-12-05T09:15:00Z,BTC/USDT,buy,102992.24038500,0.00367483,0.37847897,USDT
2024-12-05T09:45:00Z,BTC/USDT,sell,102565.37166000,0.00367483,0.37691030,USDT
2024-12-06T06:45:00Z,BTC/USDT,buy,98131.78137000,0.00385072,0.37787801,USDT
2024-12-06T10:15:00Z,BTC/USDT,sell,97882.25439000,0.00385072,0.37691715,USDT
2024-12-06T10:30:00Z,BTC/USDT,buy,98055.08304000,0.00385657,0.37815629,USDT
2024-12-06T11:30:00Z,BTC/USDT,sell,98018.70613000,0.00385657,0.37801600,USDT
2024-12-06T12:15:00Z,BTC/USDT,buy,98301.99643500,0.0038387,0.37735187,USDT
2024-12-06T12:30:00Z,BTC/USDT,sell,98153.46871500,0.0038387,0.37678172,USDT
2024-12-06T13:45:00Z,BTC/USDT,buy,98624.47759500,0.00383261,0.37798916,USDT
2024-12-06T15:15:00Z,BTC/USDT,sell,98765.88235500,0.00383261,0.37853111,USDT
2024-12-06T15:45:00Z,BTC/USDT,buy,99249.96018000,0.0038206,0.37919440,USDT
2024-12-06T16:00:00Z,BTC/USDT,sell,99276.55689000,0.0038206,0.37929601,USDT
2024-12-06T20:30:00Z,BTC/USDT,buy,101665.80750000,0.00371716,0.37790807,USDT
2024-12-06T20:45:00Z,BTC/USDT,stop_sell,100770.47348661,0.00371716,0.37457997,USDT
2024-12-06T21:00:00Z,BTC/USDT,buy,101178.08376000,0.00372701,0.37709173,USDT
2024-12-06T21:45:00Z,BTC/USDT,stop_sell,100380.93264018,0.00372701,0.37412074,USDT
2024-12-07T20:15:00Z,BTC/USDT,buy,100250.07999000,0.00376343,0.37728416,USDT
2024-12-07T21:30:00Z,BTC/USDT,stop_sell,99811.59031089,0.00376343,0.37563393,USDT
2024-12-07T21:45:00Z,BTC/USDT,buy,99914.50228500,0.00377903,0.37757990,USDT
2024-12-07T23:00:00Z,BTC/USDT,sell,99787.41133500,0.00377903,0.37709962,USDT
2024-12-07T23:15:00Z,BTC/USDT,buy,99928.50928500,0.00377226,0.37695632,USDT
2024-12-07T23:45:00Z,BTC/USDT,sell,99696.44684000,0.00377226,0.37608092,USDT
2024-12-08T02:30:00Z,BTC/USDT,buy,100250.18004000,0.00376223,0.37716423,USDT
2024-12-08T03:30:00Z,BTC/USDT,sell,99933.55822500,0.00376223,0.37597303,USDT
2024-12-08T12:30:00Z,BTC/USDT,buy,99854.04207000,0.00377296,0.37674531,USDT
2024-12-08T12:45:00Z,BTC/USDT,sell,99664.82266000,0.00377296,0.37603139,USDT
2024-12-08T16:45:00Z,BTC/USDT,buy,99764.61738000,0.0037691,0.37602282,USDT
2024-12-08T17:15:00Z,BTC/USDT,sell,99636.80667500,0.0037691,0.37554109,USDT
2024-12-08T17:30:00Z,BTC/USDT,buy,99992.68135500,0.00376359,0.37633146,USDT
2024-12-08T17:45:00Z,BTC/USDT,sell,99788.54077000,0.00376359,0.37556315,USDT
2024-12-08T19:45:00Z,BTC/USDT,buy,99913.27167000,0.00376696,0.37636930,USDT
2024-12-08T20:45:00Z,BTC/USDT,sell,99750.22993500,0.00376696,0.37575513,USDT
2024-12-08T21:15:00Z,BTC/USDT,buy,99851.97103500,0.00376829,0.37627118,USDT
2024-12-08T21:30:00Z,BTC/USDT,sell,99806.69169000,0.00376829,0.37610056,USDT
2024-12-08T21:45:00Z,BTC/USDT,buy,100004.37720000,0.00375998,0.37601446,USDT
2024-12-09T00:30:00Z,BTC/USDT,sell,99949.98001000,0.00375998,0.37580993,USDT
2024-12-09T07:45:00Z,BTC/USDT,buy,99440.27529000,0.00378226,0.37610898,USDT
2024-12-09T08:30:00Z,BTC/USDT,stop_sell,98879.59654089,0.00378226,0.37398834,USDT
2024-12-09T08:45:00Z,BTC/USDT,buy,99441.17574000,0.00377639,0.37552866,USDT
2024-12-09T08:45:00Z,BTC/USDT,stop_sell,98940.35971554,0.00377639,0.37363739,USDT
2024-12-09T13:45:00Z,BTC/USDT,buy,99147.56901000,0.00378956,0.37572566,USDT
2024-12-09T15:15:00Z,BTC/USDT,stop_sell,98609.95749929,0.00378956,0.37368835,USDT
2024-12-09T16:30:00Z,BTC/USDT,buy,98326.84885500,0.00382001,0.37560955,USDT
2024-12-09T17:00:00Z,BTC/USDT,sell,97744.34338000,0.00382001,0.37338437,USDT
2024-12-10T00:30:00Z,BTC/USDT,buy,97402.20676500,0.00385428,0.37541538,USDT
2024-12-10T03:00:00Z,BTC/USDT,sell,96640.66549500,0.00385428,0.37248018,USDT
2024-12-10T12:15:00Z,BTC/USDT,buy,97688.82000000,0.00383747,0.37487792,USDT
2024-12-10T12:15:00Z,BTC/USDT,stop_sell,97257.04143857,0.00383747,0.37322098,USDT
2024-12-10T12:45:00Z,BTC/USDT,buy,96997.90471500,0.00385268,0.37370189,USDT
2024-12-10T15:30:00Z,BTC/USDT,sell,96782.59449500,0.00385268,0.37287237,USDT
2024-12-10T20:45:00Z,BTC/USDT,buy,96517.55466000,0.0038808,0.37456533,USDT
2024-12-10T21:00:00Z,BTC/USDT,sell,96473.15929000,0.0038808,0.37439304,USDT
2024-12-11T02:45:00Z,BTC/USDT,buy,97300.91614500,0.00384909,0.37451998,USDT
2024-12-11T03:00:00Z,BTC/USDT,sell,97144.87326500,0.00384909,0.37391936,USDT
2024-12-11T16:00:00Z,BTC/USDT,buy,100502.60619000,0.00372534,0.37440638,USDT
2024-12-11T16:15:00Z,BTC/USDT,sell,100449.75000000,0.00372534,0.37420947,USDT
2024-12-11T18:30:00Z,BTC/USDT,buy,100392.43113000,0.0037292,0.37438345,USDT
2024-12-12T00:45:00Z,BTC/USDT,sell,100774.82738000,0.0037292,0.37580949,USDT
2024-12-12T11:00:00Z,BTC/USDT,buy,100714.76221500,0.00372124,0.37478380,USDT
2024-12-12T11:15:00Z,BTC/USDT,sell,100209.86000500,0.00372124,0.37290494,USDT
2024-12-12T12:30:00Z,BTC/USDT,buy,100696.94331000,0.00371249,0.37383640,USDT
2024-12-12T13:15:00Z,BTC/USDT,sell,100742.19370500,0.00371249,0.37400439,USDT
2024-12-12T13:30:00Z,BTC/USDT,buy,101316.40288500,0.00368646,0.37349887,USDT
2024-12-12T13:30:00Z,BTC/USDT,stop_sell,100952.35821304,0.00368646,0.37215683,USDT
2024-12-12T13:45:00Z,BTC/USDT,buy,100938.81418500,0.00369981,0.37345443,USDT
2024-12-12T14:00:00Z,BTC/USDT,sell,100785.06226000,0.00369981,0.37288558,USDT
2024-12-12T14:30:00Z,BTC/USDT,buy,101406.40786500,0.00369106,0.37429714,USDT
2024-12-12T14:30:00Z,BTC/USDT,stop_sell,100636.72182446,0.00369106,0.37145618,USDT
2024-12-12T14:45:00Z,BTC/USDT,buy,101371.64049000,0.00368481,0.37353523,USDT
2024-12-12T15:15:00Z,BTC/USDT,sell,100790.87935000,0.00368481,0.37139524,USDT
2024-12-12T16:15:00Z,BTC/USDT,buy,102387.73828500,0.00364999,0.37371422,USDT
2024-12-12T17:00:00Z,BTC/USDT,sell,101395.77675000,0.00364999,0.37009357,USDT
2024-12-12T17:15:00Z,BTC/USDT,buy,101589.52938000,0.00367423,0.37326330,USDT
2024-12-12T17:30:00Z,BTC/USDT,sell,101296.28652000,0.00367423,0.37218585,USDT
2024-12-13T00:15:00Z,BTC/USDT,buy,100003.24663500,0.00372445,0.37245709,USDT
2024-12-13T01:00:00Z,BTC/USDT,sell,99994.34781500,0.00372445,0.37242395,USDT
2024-12-13T07:30:00Z,BTC/USDT,buy,99879.91500000,0.00373755,0.37330618,USDT
2024-12-13T09:45:00Z,BTC/USDT,sell,99999.53522000,0.00373755,0.37375326,USDT
2024-12-13T10:00:00Z,BTC/USDT,buy,100109.39968500,0.00372058,0.37246503,USDT
2024-12-13T10:30:00Z,BTC/USDT,sell,99875.96703500,0.00372058,0.37159653,USDT
2024-12-13T10:45:00Z,BTC/USDT,buy,100349.88987000,0.0037133,0.37262925,USDT
2024-12-13T13:30:00Z,BTC/USDT,sell,100031.07944000,0.0037133,0.37144541,USDT
2024-12-13T14:00:00Z,BTC/USDT,buy,100344.22704000,0.00371397,0.37267545,USDT
2024-12-13T15:45:00Z,BTC/USDT,stop_sell,99844.77121214,0.00371397,0.37082048,USDT
2024-12-13T16:45:00Z,BTC/USDT,buy,100960.38496500,0.00369499,0.37304761,USDT
2024-12-13T22:30:00Z,BTC/USDT,sell,101118.19561000,0.00369499,0.37363072,USDT
2024-12-14T05:30:00Z,BTC/USDT,buy,101764.47681000,0.00365802,0.37225649,USDT
2024-12-14T06:00:00Z,BTC/USDT,sell,101700.42435000,0.00365802,0.37202219,USDT
2024-12-14T15:30:00Z,BTC/USDT,buy,101697.48333000,0.00366277,0.37249449,USDT
2024-12-14T16:15:00Z,BTC/USDT,sell,101399.32497500,0.00366277,0.37140241,USDT
2024-12-14T17:00:00Z,BTC/USDT,buy,101735.82249000,0.00365683,0.37203061,USDT
2024-12-14T17:15:00Z,BTC/USDT,stop_sell,101337.84037554,0.00365683,0.37057525,USDT
2024-12-14T22:30:00Z,BTC/USDT,buy,101119.71459000,0.00367444,0.37155832,USDT
2024-12-15T03:15:00Z,BTC/USDT,sell,101863.66269000,0.00367444,0.37429192,USDT
2024-12-15T03:30:00Z,BTC/USDT,buy,101786.59786500,0.00365475,0.37200457,USDT
2024-12-15T06:45:00Z,BTC/USDT,sell,102002.45326000,0.00365475,0.37279347,USDT
2024-12-15T08:45:00Z,BTC/USDT,buy,101893.62135000,0.00365438,0.37235801,USDT
2024-12-15T09:00:00Z,BTC/USDT,sell,101868.54025000,0.00365438,0.37226636,USDT
2024-12-15T11:15:00Z,BTC/USDT,buy,102382.16550000,0.00363297,0.37195134,USDT
2024-12-15T14:15:00Z,BTC/USDT,stop_sell,102021.74932143,0.00363297,0.37064195,USDT
2024-12-15T14:30:00Z,BTC/USDT,buy,102821.27494500,0.00361714,0.37191895,USDT
2024-12-15T16:00:00Z,BTC/USDT,sell,102702.42310000,0.00361714,0.37148904,USDT
2024-12-15T20:15:00Z,BTC/USDT,buy,103289.01870000,0.00360184,0.37203052,USDT
2024-12-15T21:15:00Z,BTC/USDT,stop_sell,102732.93033875,0.00360184,0.37002758,USDT
2024-12-15T21:45:00Z,BTC/USDT,buy,102977.07280500,0.00360632,0.37136828,USDT
2024-12-15T22:00:00Z,BTC/USDT,sell,102743.16272000,0.00360632,0.37052472,USDT
2024-12-15T22:30:00Z,BTC/USDT,buy,103155.51198000,0.00359532,0.37087708,USDT
2024-12-16T00:00:00Z,BTC/USDT,sell,104282.62260500,0.00359532,0.37492940,USDT
2024-12-16T00:15:00Z,BTC/USDT,buy,104530.30903500,0.00355506,0.37161152,USDT
2024-12-16T01:15:00Z,BTC/USDT,sell,104999.37405000,0.00355506,0.37327907,USDT
2024-12-16T04:15:00Z,BTC/USDT,buy,104497.51264500,0.00355091,0.37106126,USDT
2024-12-16T04:30:00Z,BTC/USDT,sell,104553.51709000,0.00355091,0.37126013,USDT
2024-12-16T04:45:00Z,BTC/USDT,buy,104635.65168000,0.00355429,0.37190545,USDT
2024-12-16T05:15:00Z,BTC/USDT,sell,104625.59103500,0.00355429,0.37186969,USDT
2024-12-16T07:15:00Z,BTC/USDT,buy,105294.05071500,0.00352897,0.37157955,USDT
2024-12-16T07:45:00Z,BTC/USDT,stop_sell,104827.73634036,0.00352897,0.36993394,USDT
2024-12-16T14:45:00Z,BTC/USDT,buy,105376.80207000,0.00352524,0.37147852,USDT
2024-12-16T19:15:00Z,BTC/USDT,sell,106202.73207000,0.00352524,0.37439012,USDT
2024-12-16T19:45:00Z,BTC/USDT,buy,106378.48266000,0.00348828,0.37107793,USDT
2024-12-16T20:45:00Z,BTC/USDT,sell,106170.67810500,0.00348828,0.37035305,USDT
2024-12-17T01:45:00Z,BTC/USDT,buy,106404.88585500,0.00349348,0.37172334,USDT
2024-12-17T03:00:00Z,BTC/USDT,sell,106139.60365000,0.00349348,0.37079658,USDT
2024-12-17T03:15:00Z,BTC/USDT,buy,106475.06092500,0.00348664,0.37124021,USDT
2024-12-17T10:15:00Z,BTC/USDT,sell,107130.46797000,0.00348664,0.37352537,USDT
2024-12-17T10:45:00Z,BTC/USDT,buy,107020.13332500,0.0034707,0.37143478,USDT
2024-12-17T11:30:00Z,BTC/USDT,sell,107048.44900000,0.0034707,0.37153305,USDT
2024-12-17T11:45:00Z,BTC/USDT,buy,106965.10582500,0.00346736,0.37088653,USDT
2024-12-17T12:00:00Z,BTC/USDT,sell,106708.07927000,0.00346736,0.36999533,USDT
2024-12-17T15:00:00Z,BTC/USDT,buy,108298.65226500,0.00342804,0.37125211,USDT
2024-12-17T15:00:00Z,BTC/USDT,stop_sell,107713.01476518,0.00342804,0.36924452,USDT
2024-12-17T18:00:00Z,BTC/USDT,buy,107431.30881000,0.00345442,0.37111286,USDT
2024-12-17T18:30:00Z,BTC/USDT,sell,107050.98773000,0.00345442,0.36979907,USDT
2024-12-18T09:15:00Z,BTC/USDT,buy,104255.23156500,0.0035573,0.37086714,USDT
2024-12-18T11:45:00Z,BTC/USDT,sell,104775.84587000,0.0035573,0.37271912,USDT
2024-12-18T12:15:00Z,BTC/USDT,buy,105262.39489500,0.00352357,0.37089942,USDT
2024-12-18T12:30:00Z,BTC/USDT,sell,104892.84734000,0.00352357,0.36959729,USDT
2024-12-18T12:45:00Z,BTC/USDT,buy,105034.35093000,0.00354001,0.37182265,USDT
2024-12-18T14:00:00Z,BTC/USDT,sell,104556.97536000,0.00354001,0.37013274,USDT
2024-12-18T14:15:00Z,BTC/USDT,buy,104750.46906000,0.00354161,0.37098531,USDT
2024-12-18T14:30:00Z,BTC/USDT,stop_sell,104146.22762232,0.00354161,0.36884532,USDT
2024-12-19T01:30:00Z,BTC/USDT,buy,100937.09332500,0.00367089,0.37052897,USDT
2024-12-19T01:45:00Z,BTC/USDT,sell,100519.51510000,0.00367089,0.36899608,USDT
2024-12-19T09:30:00Z,BTC/USDT,buy,101804.05659000,0.00364387,0.37096075,USDT
2024-12-19T10:00:00Z,BTC/USDT,sell,101742.47331500,0.00364387,0.37073635,USDT
2024-12-19T23:00:00Z,BTC/USDT,buy,98397.87435000,0.00377212,0.37116859,USDT
2024-12-19T23:15:00Z,BTC/USDT,sell,97773.07900500,0.00377212,0.36881179,USDT
2024-12-20T00:30:00Z,BTC/USDT,buy,97199.24533500,0.00381543,0.37085692,USDT
2024-12-20T00:45:00Z,BTC/USDT,sell,97500.49536500,0.00381543,0.37200632,USDT
2024-12-20T07:00:00Z,BTC/USDT,buy,97313.61249000,0.00380452,0.37023158,USDT
2024-12-20T08:15:00Z,BTC/USDT,sell,97022.72437000,0.00380452,0.36912490,USDT
2024-12-21T00:45:00Z,BTC/USDT,buy,97375.14324000,0.00379712,0.36974510,USDT
2024-12-21T01:30:00Z,BTC/USDT,sell,97448.23151000,0.00379712,0.37002263,USDT
2024-12-21T09:30:00Z,BTC/USDT,buy,98393.72227500,0.00375142,0.36911618,USDT
2024-12-21T10:45:00Z,BTC/USDT,sell,98210.70008500,0.00375142,0.36842958,USDT
2024-12-21T17:45:00Z,BTC/USDT,buy,97605.57840000,0.00379019,0.36994369,USDT
2024-12-21T19:15:00Z,BTC/USDT,sell,96967.00224500,0.00379019,0.36752336,USDT
2024-12-21T20:15:00Z,BTC/USDT,buy,97847.79945000,0.00377259,0.36913963,USDT
2024-12-21T20:45:00Z,BTC/USDT,stop_sell,97354.83965786,0.00377259,0.36727989,USDT
2024-12-21T21:00:00Z,BTC/USDT,buy,97501.15621500,0.00378316,0.36886247,USDT
2024-12-21T21:15:00Z,BTC/USDT,sell,97313.91870000,0.00378316,0.36815412,USDT
2024-12-21T21:30:00Z,BTC/USDT,buy,97347.05920500,0.00379417,0.36935129,USDT
2024-12-21T21:45:00Z,BTC/USDT,sell,96906.34259000,0.00379417,0.36767914,USDT
2024-12-22T00:00:00Z,BTC/USDT,buy,97383.48741000,0.00378828,0.36891592,USDT
2024-12-22T01:00:00Z,BTC/USDT,sell,97143.27406500,0.00378828,0.36800592,USDT
2024-12-22T13:30:00Z,BTC/USDT,buy,97218.96519000,0.00378905,0.36836752,USDT
2024-12-22T13:45:00Z,BTC/USDT,sell,97133.22909000,0.00378905,0.36804266,USDT
2024-12-22T21:00:00Z,BTC/USDT,buy,95696.64441000,0.00385785,0.36918330,USDT
2024-12-22T21:30:00Z,BTC/USDT,sell,95575.20849000,0.00385785,0.36871482,USDT
2024-12-22T23:00:00Z,BTC/USDT,buy,95661.51685500,0.00385595,0.36886603,USDT
2024-12-22T23:15:00Z,BTC/USDT,sell,95516.67777000,0.00385595,0.36830753,USDT
2024-12-23T03:00:00Z,BTC/USDT,buy,94747.39002000,0.00388832,0.36840817,USDT
2024-12-23T03:15:00Z,BTC/USDT,sell,95409.05161000,0.00388832,0.37098092,USDT
2024-12-23T09:30:00Z,BTC/USDT,buy,95988.46024500,0.00384381,0.36896140,USDT
2024-12-23T10:15:00Z,BTC/USDT,sell,96075.48822500,0.00384381,0.36929592,USDT
2024-12-23T10:30:00Z,BTC/USDT,buy,96048.61030500,0.00382673,0.36755210,USDT
2024-12-23T10:45:00Z,BTC/USDT,sell,95934.92854000,0.00382673,0.36711707,USDT
2024-12-23T13:30:00Z,BTC/USDT,buy,95802.38725500,0.00384572,0.36842916,USDT
2024-12-23T13:30:00Z,BTC/USDT,stop_sell,95335.10467339,0.00384572,0.36663212,USDT
2024-12-24T00:30:00Z,BTC/USDT,buy,94378.06545000,0.00390653,0.36869074,USDT
2024-12-24T02:15:00Z,BTC/USDT,sell,93854.41931500,0.00390653,0.36664510,USDT
2024-12-24T11:30:00Z,BTC/USDT,buy,94348.08046500,0.00390024,0.36798016,USDT
2024-12-24T12:00:00Z,BTC/USDT,sell,94347.14283000,0.00390024,0.36797650,USDT
2024-12-24T13:30:00Z,BTC/USDT,buy,94839.41601000,0.00387941,0.36792098,USDT
2024-12-24T20:00:00Z,BTC/USDT,sell,97559.40589500,0.00387941,0.37847293,USDT
2024-12-25T01:00:00Z,BTC/USDT,buy,98577.00387000,0.00373956,0.36863462,USDT
2024-12-25T01:15:00Z,BTC/USDT,sell,98225.73256500,0.00373956,0.36732102,USDT
2024-12-25T07:00:00Z,BTC/USDT,buy,98104.79788500,0.00376283,0.36915168,USDT
2024-12-25T07:45:00Z,BTC/USDT,sell,97945.01299500,0.00376283,0.36855043,USDT
2024-12-25T08:00:00Z,BTC/USDT,buy,98202.58675500,0.00375165,0.36842173,USDT
2024-12-25T08:30:00Z,BTC/USDT,sell,98153.07891000,0.00375165,0.36823600,USDT
2024-12-25T08:45:00Z,BTC/USDT,buy,98163.67731000,0.00375112,0.36822373,USDT
2024-12-25T09:00:00Z,BTC/USDT,sell,97986.04247000,0.00375112,0.36755740,USDT
2024-12-25T12:15:00Z,BTC/USDT,buy,98188.05949500,0.00375291,0.36849095,USDT
2024-12-25T13:00:00Z,BTC/USDT,sell,98388.31123500,0.00375291,0.36924248,USDT
2024-12-25T13:15:00Z,BTC/USDT,buy,98558.73474000,0.00373819,0.36843128,USDT
2024-12-25T15:15:00Z,BTC/USDT,sell,98285.37273000,0.00373819,0.36740940,USDT
2024-12-25T15:45:00Z,BTC/USDT,buy,98721.46606500,0.00373024,0.36825476,USDT
2024-12-25T16:00:00Z,BTC/USDT,sell,98430.74001000,0.00373024,0.36717028,USDT
2024-12-25T16:45:00Z,BTC/USDT,buy,98326.61874000,0.00374423,0.36815748,USDT
2024-12-25T17:30:00Z,BTC/USDT,sell,98473.67853000,0.00374423,0.36870810,USDT
2024-12-25T20:00:00Z,BTC/USDT,buy,99112.44145500,0.00371207,0.36791232,USDT
2024-12-25T20:30:00Z,BTC/USDT,sell,99155.39750000,0.00371207,0.36807178,USDT
2024-12-25T20:45:00Z,BTC/USDT,buy,98940.31543500,0.00371866,0.36792539,USDT
2024-12-25T21:15:00Z,BTC/USDT,stop_sell,98563.41649571,0.00371866,0.36652383,USDT
2024-12-25T21:30:00Z,BTC/USDT,buy,98595.20296500,0.00372875,0.36763686,USDT
2024-12-26T01:15:00Z,BTC/USDT,sell,98637.37664000,0.00372875,0.36779412,USDT
2024-12-26T02:00:00Z,BTC/USDT,buy,98964.64759500,0.00370838,0.36699852,USDT
2024-12-26T02:45:00Z,BTC/USDT,stop_sell,98520.50260625,0.00370838,0.36535146,USDT
2024-12-26T03:45:00Z,BTC/USDT,buy,98749.36000500,0.00371294,0.36665045,USDT
2024-12-26T04:00:00Z,BTC/USDT,sell,98816.90683000,0.00371294,0.36690125,USDT
2024-12-26T14:15:00Z,BTC/USDT,buy,96292.10199000,0.00382143,0.36797353,USDT
2024-12-26T14:30:00Z,BTC/USDT,sell,95644.04405500,0.00382143,0.36549702,USDT
2024-12-26T15:00:00Z,BTC/USDT,buy,95580.05614500,0.00384499,0.36750436,USDT
2024-12-26T15:15:00Z,BTC/USDT,sell,95344.47391500,0.00384499,0.36659855,USDT
2024-12-26T15:30:00Z,BTC/USDT,buy,96206.40916500,0.00381612,0.36713520,USDT
2024-12-26T15:45:00Z,BTC/USDT,sell,95771.01054000,0.00381612,0.36547367,USDT
2024-12-26T16:15:00Z,BTC/USDT,buy,96496.37407500,0.00380461,0.36713107,USDT
2024-12-26T17:30:00Z,BTC/USDT,stop_sell,95726.53885839,0.00380461,0.36420215,USDT
2024-12-26T17:45:00Z,BTC/USDT,buy,96154.44319500,0.00381223,0.36656285,USDT
2024-12-26T19:00:00Z,BTC/USDT,sell,95713.70920500,0.00381223,0.36488267,USDT
2024-12-26T19:45:00Z,BTC/USDT,buy,95939.07556500,0.00382211,0.36668970,USDT
2024-12-26T20:15:00Z,BTC/USDT,sell,95554.74872500,0.00382211,0.36522076,USDT
2024-12-26T23:45:00Z,BTC/USDT,buy,95865.19864500,0.00382034,0.36623765,USDT
2024-12-27T00:15:00Z,BTC/USDT,stop_sell,95356.78775500,0.00382034,0.36429535,USDT
2024-12-27T01:15:00Z,BTC/USDT,buy,95939.07556500,0.00381516,0.36602292,USDT
2024-12-27T01:30:00Z,BTC/USDT,sell,95708.20196000,0.00381516,0.36514210,USDT
2024-12-27T05:30:00Z,BTC/USDT,buy,96035.63382000,0.00380592,0.36550394,USDT
2024-12-27T06:30:00Z,BTC/USDT,sell,96288.99142000,0.00380592,0.36646820,USDT
2024-12-27T06:45:00Z,BTC/USDT,buy,96497.30454000,0.0037952,0.36622657,USDT
2024-12-27T07:15:00Z,BTC/USDT,sell,96066.39277500,0.0037952,0.36459117,USDT
2024-12-27T20:30:00Z,BTC/USDT,buy,94672.62265500,0.00386446,0.36585856,USDT
2024-12-27T20:45:00Z,BTC/USDT,sell,94447.18278500,0.00386446,0.36498736,USDT
2024-12-27T22:15:00Z,BTC/USDT,buy,94551.97236000,0.00387169,0.36607593,USDT
2024-12-27T23:15:00Z,BTC/USDT,sell,94321.46567500,0.00387169,0.36518348,USDT
2024-12-28T00:15:00Z,BTC/USDT,buy,94510.02139500,0.00387127,0.36587381,USDT
2024-12-28T00:30:00Z,BTC/USDT,sell,94291.94044500,0.00387127,0.36502956,USDT
2024-12-28T01:00:00Z,BTC/USDT,buy,94519.44610500,0.00386602,0.36541407,USDT
2024-12-28T01:15:00Z,BTC/USDT,sell,94264.84400000,0.00386602,0.36442977,USDT
2024-12-28T03:00:00Z,BTC/USDT,buy,94473.24301500,0.00386628,0.36526001,USDT
2024-12-28T06:30:00Z,BTC/USDT,sell,94491.81046000,0.00386628,0.36533180,USDT
2024-12-28T07:30:00Z,BTC/USDT,buy,94554.20347500,0.00386181,0.36515037,USDT
2024-12-28T07:45:00Z,BTC/USDT,sell,94347.22279000,0.00386181,0.36435105,USDT
2024-12-28T09:15:00Z,BTC/USDT,buy,94699.53610500,0.00385906,0.36545119,USDT
2024-12-28T09:45:00Z,BTC/USDT,sell,94610.19124000,0.00385906,0.36510640,USDT
2024-12-28T11:00:00Z,BTC/USDT,buy,94631.89230000,0.0038532,0.36463561,USDT
2024-12-28T11:45:00Z,BTC/USDT,sell,94693.02980000,0.0038532,0.36487118,USDT
2024-12-28T23:15:00Z,BTC/USDT,buy,95306.35936500,0.00382578,0.36462116,USDT
2024-12-28T23:45:00Z,BTC/USDT,sell,95213.54941000,0.00382578,0.36426609,USDT
2024-12-29T00:00:00Z,BTC/USDT,buy,95392.08220500,0.00382454,0.36483083,USDT
2024-12-29T00:15:00Z,BTC/USDT,sell,95193.19959000,0.00382454,0.36407020,USDT
2024-12-29T01:00:00Z,BTC/USDT,buy,95267.12976000,0.0038349,0.36533992,USDT
2024-12-29T01:15:00Z,BTC/USDT,sell,95031.11067500,0.0038349,0.36443481,USDT
2024-12-29T03:00:00Z,BTC/USDT,buy,95232.63252000,0.00382815,0.36456480,USDT
2024-12-29T03:15:00Z,BTC/USDT,sell,94985.55346500,0.00382815,0.36361895,USDT
2024-12-29T03:30:00Z,BTC/USDT,buy,95177.35489500,0.00382897,0.36443124,USDT
2024-12-29T03:45:00Z,BTC/USDT,sell,95059.76634000,0.00382897,0.36398099,USDT
2024-12-29T05:15:00Z,BTC/USDT,buy,95130.13129500,0.00382677,0.36404113,USDT
2024-12-29T05:30:00Z,BTC/USDT,sell,95167.14262500,0.00382677,0.36418277,USDT
2024-12-29T21:30:00Z,BTC/USDT,buy,93946.15960500,0.0038799,0.36450170,USDT
2024-12-29T21:45:00Z,BTC/USDT,sell,93646.65325000,0.0038799,0.36333965,USDT
2024-12-29T23:45:00Z,BTC/USDT,buy,93815.50431000,0.00388168,0.36416177,USDT
2024-12-30T00:15:00Z,BTC/USDT,sell,93683.13500000,0.00388168,0.36364795,USDT
2024-12-30T00:30:00Z,BTC/USDT,buy,93763.98856500,0.0038851,0.36428247,USDT
2024-12-30T00:45:00Z,BTC/USDT,sell,93502.34544000,0.0038851,0.36326596,USDT
2024-12-30T01:00:00Z,BTC/USDT,buy,93613.32327000,0.0038862,0.36380010,USDT
2024-12-30T01:15:00Z,BTC/USDT,sell,93373.72978000,0.0038862,0.36286899,USDT
2024-12-30T02:45:00Z,BTC/USDT,buy,93626.00961000,0.0038862,0.36384940,USDT
2024-12-30T03:15:00Z,BTC/USDT,sell,93919.16692500,0.0038862,0.36498867,USDT
2024-12-30T06:00:00Z,BTC/USDT,buy,93609.07114500,0.00388638,0.36380042,USDT
2024-12-30T06:15:00Z,BTC/USDT,sell,93646.24345500,0.00388638,0.36394489,USDT
2024-12-30T06:30:00Z,BTC/USDT,buy,93904.42875000,0.0038709,0.36349465,USDT
2024-12-30T06:45:00Z,BTC/USDT,sell,93750.58126000,0.0038709,0.36289912,USDT
2024-12-30T07:00:00Z,BTC/USDT,buy,93886.17963000,0.00387195,0.36352259,USDT
2024-12-30T07:15:00Z,BTC/USDT,stop_sell,93491.29132696,0.00387195,0.36199361,USDT
2024-12-30T08:30:00Z,BTC/USDT,buy,93909.42124500,0.00386881,0.36331771,USDT
2024-12-30T08:45:00Z,BTC/USDT,sell,93822.07549500,0.00386881,0.36297978,USDT
2024-12-30T11:30:00Z,BTC/USDT,buy,93945.48927000,0.00386893,0.36346852,USDT
2024-12-30T12:45:00Z,BTC/USDT,sell,93773.36986000,0.00386893,0.36280260,USDT
2024-12-30T18:00:00Z,BTC/USDT,buy,93877.37523000,0.00387864,0.36411654,USDT
2024-12-30T18:45:00Z,BTC/USDT,sell,94316.35823000,0.00387864,0.36581920,USDT
2024-12-31T02:45:00Z,BTC/USDT,buy,92632.98334500,0.00392343,0.36343903,USDT
2024-12-31T03:15:00Z,BTC/USDT,sell,92299.73704500,0.00392343,0.36213156,USDT
2024-12-31T04:00:00Z,BTC/USDT,buy,92626.66018500,0.00392045,0.36313819,USDT
2024-12-31T04:30:00Z,BTC/USDT,sell,92517.83794000,0.00392045,0.36271156,USDT
2024-12-31T05:45:00Z,BTC/USDT,buy,92752.36300500,0.00391213,0.36285930,USDT
2024-12-31T09:45:00Z,BTC/USDT,sell,93986.37330500,0.00391213,0.36768691,USDT
2025-01-01T01:45:00Z,BTC/USDT,buy,93974.08356000,0.00387269,0.36393249,USDT
2025-01-01T02:30:00Z,BTC/USDT,sell,93632.73021500,0.00387269,0.36261054,USDT
2025-01-01T03:00:00Z,BTC/USDT,buy,94102.51774500,0.00386022,0.36325642,USDT
2025-01-01T04:15:00Z,BTC/USDT,sell,93732.90010500,0.00386022,0.36182962,USDT
2025-01-01T07:15:00Z,BTC/USDT,buy,93670.52185500,0.00387299,0.36278499,USDT
2025-01-01T07:30:00Z,BTC/USDT,sell,93599.27695000,0.00387299,0.36250906,USDT
2025-01-01T13:45:00Z,BTC/USDT,buy,93941.21713500,0.00387061,0.36360981,USDT
2025-01-01T14:30:00Z,BTC/USDT,sell,93859.08698000,0.00387061,0.36329192,USDT
2025-01-02T16:15:00Z,BTC/USDT,buy,96793.60261500,0.0037518,0.36315024,USDT
2025-01-02T17:45:00Z,BTC/USDT,sell,96562.31469000,0.0037518,0.36228249,USDT
2025-01-02T18:45:00Z,BTC/USDT,buy,97062.61705500,0.00373745,0.36276668,USDT
2025-01-02T21:15:00Z,BTC/USDT,sell,97173.17910500,0.00373745,0.36317990,USDT
2025-01-02T22:30:00Z,BTC/USDT,buy,96992.01177000,0.003744,0.36313809,USDT
2025-01-02T23:30:00Z,BTC/USDT,sell,96956.08770500,0.003744,0.36300359,USDT
2025-01-03T19:45:00Z,BTC/USDT,buy,98779.36500000,0.00366917,0.36243828,USDT
2025-01-03T20:00:00Z,BTC/USDT,stop_sell,98273.97164768,0.00366917,0.36058391,USDT
2025-01-03T20:30:00Z,BTC/USDT,buy,98686.88878500,0.00367216,0.36239405,USDT
2025-01-03T21:00:00Z,BTC/USDT,stop_sell,98195.59978179,0.00367216,0.36058995,USDT
2025-01-03T22:00:00Z,BTC/USDT,buy,98273.40214500,0.00368658,0.36229276,USDT
2025-01-03T23:15:00Z,BTC/USDT,sell,98194.96795500,0.00368658,0.36200360,USDT
2025-01-04T04:00:00Z,BTC/USDT,buy,98213.30211000,0.00368456,0.36187280,USDT
2025-01-04T04:00:00Z,BTC/USDT,stop_sell,97954.76276054,0.00368456,0.36092020,USDT
2025-01-04T05:30:00Z,BTC/USDT,buy,98139.63529500,0.00368939,0.36207539,USDT
2025-01-04T08:30:00Z,BTC/USDT,sell,98152.44922500,0.00368939,0.36212266,USDT
2025-01-04T09:00:00Z,BTC/USDT,buy,98007.44923500,0.00369407,0.36204638,USDT
2025-01-04T09:15:00Z,BTC/USDT,sell,97800.57525000,0.00369407,0.36128217,USDT
2025-01-04T18:15:00Z,BTC/USDT,buy,98084.46772500,0.0036899,0.36192188,USDT
2025-01-04T21:45:00Z,BTC/USDT,sell,98401.73452000,0.0036899,0.36309256,USDT
2025-01-04T22:15:00Z,BTC/USDT,buy,98382.06645000,0.0036758,0.36163280,USDT
2025-01-04T22:30:00Z,BTC/USDT,sell,98269.22081000,0.0036758,0.36121800,USDT
2025-01-05T06:00:00Z,BTC/USDT,buy,98396.44363500,0.00367744,0.36184702,USDT
2025-01-05T06:45:00Z,BTC/USDT,sell,98362.98390500,0.00367744,0.36172397,USDT
2025-01-05T13:30:00Z,BTC/USDT,buy,98028.20961000,0.00369566,0.36227893,USDT
2025-01-05T13:45:00Z,BTC/USDT,stop_sell,97658.12401125,0.00369566,0.36091122,USDT
2025-01-05T14:45:00Z,BTC/USDT,buy,97781.21617500,0.00369952,0.36174356,USDT
2025-01-05T18:00:00Z,BTC/USDT,sell,97662.87413500,0.00369952,0.36130576,USDT
2025-01-05T18:45:00Z,BTC/USDT,buy,97865.96853000,0.00369402,0.36151885,USDT
2025-01-05T19:30:00Z,BTC/USDT,sell,97982.36431000,0.00369402,0.36194881,USDT
2025-01-05T21:30:00Z,BTC/USDT,buy,98388.09946500,0.00367044,0.36112762,USDT
2025-01-05T22:00:00Z,BTC/USDT,sell,98414.59808500,0.00367044,0.36122488,USDT
2025-01-05T23:00:00Z,BTC/USDT,buy,98736.41353500,0.0036637,0.36174060,USDT
2025-01-05T23:15:00Z,BTC/USDT,sell,98537.66652000,0.0036637,0.36101245,USDT
2025-01-06T00:30:00Z,BTC/USDT,buy,98462.73676500,0.00366531,0.36089645,USDT
2025-01-06T00:45:00Z,BTC/USDT,stop_sell,98191.72993196,0.00366531,0.35990313,USDT
2025-01-06T01:00:00Z,BTC/USDT,buy,98297.63425500,0.00367627,0.36136864,USDT
2025-01-06T01:15:00Z,BTC/USDT,sell,98050.95000000,0.00367627,0.36046177,USDT
2025-01-06T02:00:00Z,BTC/USDT,buy,98729.77021500,0.00365472,0.36082967,USDT
2025-01-06T02:15:00Z,BTC/USDT,sell,99004.10318500,0.00365472,0.36183228,USDT
2025-01-06T07:30:00Z,BTC/USDT,buy,99457.64397000,0.00363562,0.36159020,USDT
2025-01-06T09:00:00Z,BTC/USDT,sell,99013.16865000,0.00363562,0.35997426,USDT
2025-01-06T16:15:00Z,BTC/USDT,buy,102239.20405500,0.00352992,0.36089621,USDT
2025-01-06T16:45:00Z,BTC/USDT,sell,101789.33987000,0.00352992,0.35930823,USDT
2025-01-06T17:15:00Z,BTC/USDT,buy,101992.64083500,0.00353664,0.36071125,USDT
2025-01-06T20:45:00Z,BTC/USDT,sell,101949.00000000,0.00353664,0.36055691,USDT
2025-01-06T21:30:00Z,BTC/USDT,buy,101922.54580500,0.00353717,0.36051737,USDT
2025-01-06T21:45:00Z,BTC/USDT,sell,101706.30141000,0.00353717,0.35975248,USDT
2025-01-06T22:30:00Z,BTC/USDT,buy,101816.31271500,0.0035386,0.36028720,USDT
2025-01-06T23:30:00Z,BTC/USDT,sell,101919.35483000,0.0035386,0.36065183,USDT
2025-01-06T23:45:00Z,BTC/USDT,buy,101953.74139500,0.0035325,0.36015159,USDT
2025-01-07T01:00:00Z,BTC/USDT,sell,102046.58118500,0.0035325,0.36047955,USDT
2025-01-07T02:15:00Z,BTC/USDT,buy,102007.90846500,0.00353368,0.36046331,USDT
2025-01-07T03:00:00Z,BTC/USDT,sell,101599.96460500,0.00353368,0.35902176,USDT
2025-01-07T07:15:00Z,BTC/USDT,buy,101843.50630500,0.00353498,0.36001476,USDT
2025-01-07T07:30:00Z,BTC/USDT,sell,101769.46981000,0.00353498,0.35975304,USDT
2025-01-07T07:45:00Z,BTC/USDT,buy,101736.06261000,0.00353851,0.35999407,USDT
2025-01-07T08:00:00Z,BTC/USDT,sell,101712.06852500,0.00353851,0.35990917,USDT
2025-01-07T08:15:00Z,BTC/USDT,buy,101760.44479500,0.00353861,0.36009053,USDT
2025-01-07T09:15:00Z,BTC/USDT,sell,101829.27989000,0.00353861,0.36033411,USDT
2025-01-07T09:45:00Z,BTC/USDT,buy,101653.99159500,0.0035375,0.35960100,USDT
2025-01-07T10:00:00Z,BTC/USDT,sell,101611.73871500,0.0035375,0.35945153,USDT
2025-01-07T23:30:00Z,BTC/USDT,buy,97048.65007500,0.003705,0.35956525,USDT
2025-01-08T00:00:00Z,BTC/USDT,sell,96929.29111000,0.003705,0.35912302,USDT
2025-01-08T00:15:00Z,BTC/USDT,buy,97124.99823000,0.00371225,0.36055227,USDT
2025-01-08T02:00:00Z,BTC/USDT,sell,96852.75939500,0.00371225,0.35954166,USDT
2025-01-08T02:15:00Z,BTC/USDT,buy,97159.29537000,0.00370751,0.36021906,USDT
2025-01-08T03:00:00Z,BTC/USDT,stop_sell,96559.85092250,0.00370751,0.35799661,USDT
2025-01-08T22:00:00Z,BTC/USDT,buy,94600.72672500,0.00381151,0.36057162,USDT
2025-01-08T22:30:00Z,BTC/USDT,sell,94790.49104500,0.00381151,0.36129490,USDT
2025-01-09T12:30:00Z,BTC/USDT,buy,93739.66641000,0.00383587,0.35957317,USDT
2025-01-09T12:45:00Z,BTC/USDT,stop_sell,93270.48892625,0.00383587,0.35777347,USDT
2025-01-09T15:30:00Z,BTC/USDT,buy,93466.22976000,0.00383958,0.35887107,USDT
2025-01-09T17:45:00Z,BTC/USDT,stop_sell,92932.04216286,0.00383958,0.35682001,USDT
2025-01-09T18:30:00Z,BTC/USDT,buy,93074.99424000,0.00387034,0.36023187,USDT
2025-01-09T19:00:00Z,BTC/USDT,sell,93181.83577500,0.00387034,0.36064539,USDT
2025-01-10T00:45:00Z,BTC/USDT,buy,92702.75821500,0.00386933,0.35869756,USDT
2025-01-10T01:15:00Z,BTC/USDT,sell,92742.19570500,0.00386933,0.35885016,USDT
2025-01-10T03:45:00Z,BTC/USDT,buy,93573.62343000,0.00383862,0.35919358,USDT
2025-01-10T04:30:00Z,BTC/USDT,sell,93675.31891000,0.00383862,0.35958395,USDT
2025-01-10T06:30:00Z,BTC/USDT,buy,94064.36868000,0.00381226,0.35859783,USDT
2025-01-10T07:15:00Z,BTC/USDT,sell,94202.88499500,0.00381226,0.35912589,USDT
2025-01-10T10:45:00Z,BTC/USDT,buy,95116.78462500,0.0037736,0.35893270,USDT
2025-01-10T11:00:00Z,BTC/USDT,sell,95202.73482000,0.0037736,0.35925704,USDT
2025-01-10T12:45:00Z,BTC/USDT,buy,94808.57059500,0.00378673,0.35901446,USDT
2025-01-10T13:30:00Z,BTC/USDT,stop_sell,94412.95919107,0.00378673,0.35751638,USDT
2025-01-10T18:00:00Z,BTC/USDT,buy,95700.08613000,0.00374763,0.35864851,USDT
2025-01-10T18:45:00Z,BTC/USDT,sell,94729.28166500,0.00374763,0.35501030,USDT
2025-01-10T21:00:00Z,BTC/USDT,buy,94742.27746500,0.00378311,0.35842046,USDT
2025-01-10T21:45:00Z,BTC/USDT,sell,94598.98684500,0.00378311,0.35787837,USDT
2025-01-10T23:30:00Z,BTC/USDT,buy,94803.68815500,0.00377729,0.35810102,USDT
2025-01-10T23:45:00Z,BTC/USDT,sell,94850.95080000,0.00377729,0.35827955,USDT
2025-01-11T08:00:00Z,BTC/USDT,buy,94364.47866000,0.00379897,0.35848782,USDT
2025-01-11T09:00:00Z,BTC/USDT,sell,93995.36880500,0.00379897,0.35708559,USDT
2025-01-11T09:15:00Z,BTC/USDT,buy,94247.10000000,0.00380039,0.35817574,USDT
2025-01-11T10:00:00Z,BTC/USDT,sell,94280.95594000,0.00380039,0.35830440,USDT
2025-01-11T10:15:00Z,BTC/USDT,buy,94396.40461500,0.00379199,0.35795022,USDT
2025-01-11T12:45:00Z,BTC/USDT,sell,94505.03384500,0.00379199,0.35836214,USDT
2025-01-12T04:00:00Z,BTC/USDT,buy,94564.79877000,0.00378477,0.35790601,USDT
2025-01-12T04:15:00Z,BTC/USDT,sell,94476.38817500,0.00378477,0.35757140,USDT
2025-01-12T04:45:00Z,BTC/USDT,buy,94609.88130000,0.00378465,0.35806529,USDT
2025-01-12T05:00:00Z,BTC/USDT,sell,94584.50409000,0.00378465,0.35796924,USDT
2025-01-12T06:15:00Z,BTC/USDT,buy,94565.14894500,0.00378307,0.35774658,USDT
2025-01-12T06:45:00Z,BTC/USDT,sell,94402.77500000,0.00378307,0.35713231,USDT
2025-01-13T00:30:00Z,BTC/USDT,buy,95329.52094000,0.00375373,0.35784128,USDT
2025-01-13T01:00:00Z,BTC/USDT,sell,95279.48642500,0.00375373,0.35765347,USDT
2025-01-13T01:30:00Z,BTC/USDT,buy,95110.19133000,0.00375942,0.35755916,USDT
2025-01-13T01:45:00Z,BTC/USDT,stop_sell,94533.39465750,0.00375942,0.35539073,USDT
2025-01-13T03:00:00Z,BTC/USDT,buy,94190.44168500,0.00379607,0.35755351,USDT
2025-01-13T05:15:00Z,BTC/USDT,sell,94215.05890500,0.00379607,0.35764696,USDT
2025-01-13T15:15:00Z,BTC/USDT,buy,92453.13346500,0.0038709,0.35787683,USDT
2025-01-13T16:00:00Z,BTC/USDT,sell,92139.21734500,0.0038709,0.35666170,USDT
2025-01-13T17:15:00Z,BTC/USDT,buy,91917.08557500,0.00389091,0.35764111,USDT
2025-01-13T17:45:00Z,BTC/USDT,sell,91809.82212500,0.00389091,0.35722376,USDT
2025-01-13T18:30:00Z,BTC/USDT,buy,91786.58035500,0.00389724,0.35771433,USDT
2025-01-13T19:30:00Z,BTC/USDT,sell,92129.14238500,0.00389724,0.35904938,USDT
2025-01-13T19:45:00Z,BTC/USDT,buy,92407.08045000,0.00386907,0.35752946,USDT
2025-01-13T20:00:00Z,BTC/USDT,sell,92112.93049500,0.00386907,0.35639138,USDT
2025-01-13T20:45:00Z,BTC/USDT,buy,92881.78768500,0.0038456,0.35718620,USDT
2025-01-13T22:00:00Z,BTC/USDT,sell,94315.83849000,0.0038456,0.36270099,USDT
2025-01-13T22:15:00Z,BTC/USDT,buy,94625.97934500,0.00377859,0.35755278,USDT
2025-01-13T22:45:00Z,BTC/USDT,sell,94246.43321000,0.00377859,0.35611863,USDT
2025-01-14T03:30:00Z,BTC/USDT,buy,95047.50000000,0.0037638,0.35773978,USDT
2025-01-14T03:45:00Z,BTC/USDT,sell,94835.92831500,0.0037638,0.35694347,USDT
2025-01-14T10:45:00Z,BTC/USDT,buy,96743.60763000,0.00369456,0.35742506,USDT
2025-01-14T12:15:00Z,BTC/USDT,stop_sell,95988.19189500,0.00369456,0.35463413,USDT
2025-01-14T12:45:00Z,BTC/USDT,buy,96266.53921500,0.00370916,0.35706800,USDT
2025-01-14T13:00:00Z,BTC/USDT,sell,95940.46577000,0.00370916,0.35585854,USDT
2025-01-14T19:45:00Z,BTC/USDT,buy,96984.64809000,0.00368319,0.35721289,USDT
2025-01-14T20:00:00Z,BTC/USDT,sell,96516.65753000,0.00368319,0.35548919,USDT
2025-01-14T20:30:00Z,BTC/USDT,buy,96875.31345000,0.00368109,0.35660675,USDT
2025-01-14T20:45:00Z,BTC/USDT,sell,96539.80595000,0.00368109,0.35537171,USDT
2025-01-14T22:30:00Z,BTC/USDT,buy,96531.08142000,0.00368803,0.35600952,USDT
2025-01-14T22:45:00Z,BTC/USDT,sell,96627.08229000,0.00368803,0.35636358,USDT
2025-01-15T02:30:00Z,BTC/USDT,buy,97008.09981000,0.00367049,0.35606726,USDT
2025-01-15T02:45:00Z,BTC/USDT,sell,96842.76439500,0.00367049,0.35546040,USDT
2025-01-15T03:45:00Z,BTC/USDT,buy,96910.27092000,0.00367771,0.35640787,USDT
2025-01-15T05:15:00Z,BTC/USDT,sell,96764.83338000,0.00367771,0.35587300,USDT
2025-01-15T13:30:00Z,BTC/USDT,buy,97313.61249000,0.00366455,0.35661060,USDT
2025-01-15T14:15:00Z,BTC/USDT,sell,98837.29663000,0.00366455,0.36219422,USDT
2025-01-16T02:00:00Z,BTC/USDT,buy,100117.05351000,0.00356299,0.35671606,USDT
2025-01-16T02:15:00Z,BTC/USDT,sell,99860.69467500,0.00356299,0.35580266,USDT
2025-01-16T08:30:00Z,BTC/USDT,buy,99484.23726000,0.00357332,0.35548901,USDT
2025-01-16T08:30:00Z,BTC/USDT,stop_sell,99286.76606857,0.00357332,0.35478339,USDT
2025-01-16T21:15:00Z,BTC/USDT,buy,100221.06549000,0.00355392,0.35617765,USDT
2025-01-16T22:30:00Z,BTC/USDT,sell,99618.13601500,0.00355392,0.35403489,USDT
2025-01-16T23:00:00Z,BTC/USDT,buy,99750.29022000,0.00356458,0.35556789,USDT
2025-01-17T00:45:00Z,BTC/USDT,sell,100032.65865000,0.00356458,0.35657441,USDT
2025-01-17T11:00:00Z,BTC/USDT,buy,102491.28003000,0.003475,0.35615720,USDT
2025-01-17T11:15:00Z,BTC/USDT,sell,102031.51872000,0.003475,0.35455953,USDT
2025-01-17T16:00:00Z,BTC/USDT,buy,103840.02406500,0.00342331,0.35547659,USDT
2025-01-17T21:00:00Z,BTC/USDT,sell,104539.93388500,0.00342331,0.35787260,USDT
2025-01-18T14:30:00Z,BTC/USDT,buy,104155.75185000,0.00341754,0.35595645,USDT
2025-01-18T14:45:00Z,BTC/USDT,sell,103926.99051000,0.00341754,0.35517465,USDT
2025-01-18T21:15:00Z,BTC/USDT,buy,103985.56680000,0.00341339,0.35494329,USDT
2025-01-18T22:00:00Z,BTC/USDT,sell,103839.48428500,0.00341339,0.35444466,USDT
2025-01-18T22:15:00Z,BTC/USDT,buy,104147.81788500,0.00341777,0.35595329,USDT
2025-01-18T22:30:00Z,BTC/USDT,sell,104122.91250000,0.00341777,0.35586817,USDT
2025-01-19T01:15:00Z,BTC/USDT,buy,104347.92789000,0.00341001,0.35582748,USDT
2025-01-19T01:30:00Z,BTC/USDT,sell,104272.82750500,0.00341001,0.35557138,USDT
2025-01-19T04:00:00Z,BTC/USDT,buy,104974.47100500,0.00338556,0.35539737,USDT
2025-01-19T05:15:00Z,BTC/USDT,stop_sell,104379.28996143,0.00338556,0.35338235,USDT
2025-01-19T05:30:00Z,BTC/USDT,buy,104836.55208000,0.00339414,0.35582993,USDT
2025-01-19T08:30:00Z,BTC/USDT,sell,104556.97536000,0.00339414,0.35488101,USDT
2025-01-19T10:15:00Z,BTC/USDT,buy,105124.54600500,0.00338014,0.35533568,USDT
2025-01-19T10:30:00Z,BTC/USDT,sell,104802.18269500,0.00338014,0.35424605,USDT
2025-01-20T04:00:00Z,BTC/USDT,buy,101910.88998000,0.00348593,0.35525423,USDT
2025-01-20T06:00:00Z,BTC/USDT,sell,102626.93086500,0.00348593,0.35775030,USDT
2025-01-20T06:15:00Z,BTC/USDT,buy,102283.76632500,0.00347474,0.35540949,USDT
2025-01-20T07:30:00Z,BTC/USDT,sell,108726.16972000,0.00347474,0.37779517,USDT
2025-01-20T22:30:00Z,BTC/USDT,buy,102785.84724000,0.00346507,0.35616016,USDT
2025-01-20T22:45:00Z,BTC/USDT,sell,103363.92218500,0.00346507,0.35816323,USDT
2025-01-21T03:00:00Z,BTC/USDT,buy,102424.51666500,0.00348116,0.35655613,USDT
2025-01-21T03:15:00Z,BTC/USDT,sell,102536.29620500,0.00348116,0.35694525,USDT
2025-01-21T05:15:00Z,BTC/USDT,buy,102051.00000000,0.00350029,0.35720809,USDT
2025-01-21T05:30:00Z,BTC/USDT,sell,102080.73410000,0.00350029,0.35731217,USDT
2025-01-21T06:15:00Z,BTC/USDT,buy,101904.05656500,0.00350389,0.35706060,USDT
2025-01-21T06:45:00Z,BTC/USDT,sell,101684.60226500,0.00350389,0.35629166,USDT
2025-01-21T09:00:00Z,BTC/USDT,buy,102424.51666500,0.0034839,0.35683677,USDT
2025-01-21T09:15:00Z,BTC/USDT,sell,102295.73654500,0.0034839,0.35638812,USDT
2025-01-21T10:15:00Z,BTC/USDT,buy,102810.98980500,0.0034719,0.35694948,USDT
2025-01-21T10:45:00Z,BTC/USDT,sell,102812.50803000,0.0034719,0.35695475,USDT
2025-01-21T16:15:00Z,BTC/USDT,buy,106088.20759500,0.00336784,0.35728811,USDT
2025-01-21T16:30:00Z,BTC/USDT,sell,105579.84367000,0.00336784,0.35557602,USDT
2025-01-22T15:15:00Z,BTC/USDT,buy,104927.87772000,0.00339993,0.35674744,USDT
2025-01-22T15:30:00Z,BTC/USDT,sell,104355.80599500,0.00339993,0.35480244,USDT
2025-01-22T18:45:00Z,BTC/USDT,buy,104504.05591500,0.00341106,0.35646960,USDT
2025-01-22T19:15:00Z,BTC/USDT,sell,104316.07587000,0.00341106,0.35582839,USDT
2025-01-22T19:30:00Z,BTC/USDT,buy,104502.10494000,0.0034047,0.35579832,USDT
2025-01-22T20:00:00Z,BTC/USDT,sell,104638.53456000,0.0034047,0.35626282,USDT
2025-01-22T20:15:00Z,BTC/USDT,buy,104801.12437500,0.00340025,0.35635002,USDT
2025-01-22T20:45:00Z,BTC/USDT,sell,104213.65710500,0.00340025,0.35435249,USDT
2025-01-23T07:30:00Z,BTC/USDT,buy,102331.76031000,0.00348029,0.35614420,USDT
2025-01-23T07:45:00Z,BTC/USDT,sell,102259.95444500,0.00348029,0.35589430,USDT
2025-01-23T08:45:00Z,BTC/USDT,buy,102326.71779000,0.00346977,0.35505018,USDT
2025-01-23T09:00:00Z,BTC/USDT,sell,102332.21829500,0.00346977,0.35506926,USDT
2025-01-23T09:15:00Z,BTC/USDT,buy,102508.46862000,0.00347524,0.35624153,USDT
2025-01-23T09:45:00Z,BTC/USDT,sell,101888.46028500,0.00347524,0.35408685,USDT
2025-01-23T19:00:00Z,BTC/USDT,buy,105286.95717000,0.00337922,0.35578779,USDT
2025-01-23T19:30:00Z,BTC/USDT,sell,104538.22474000,0.00337922,0.35325766,USDT
2025-01-23T20:00:00Z,BTC/USDT,buy,103495.19173500,0.00342385,0.35435201,USDT
2025-01-23T20:45:00Z,BTC/USDT,sell,104739.44408000,0.00342385,0.35861215,USDT
2025-01-24T01:45:00Z,BTC/USDT,buy,103464.22626000,0.00343669,0.35557447,USDT
2025-01-24T02:15:00Z,BTC/USDT,sell,103236.31602000,0.00343669,0.35479121,USDT
2025-01-24T03:45:00Z,BTC/USDT,buy,103965.72688500,0.00342131,0.35569898,USDT
2025-01-24T04:15:00Z,BTC/USDT,sell,103948.00000000,0.00342131,0.35563833,USDT
2025-01-24T04:45:00Z,BTC/USDT,buy,104493.89083500,0.00341535,0.35688321,USDT
2025-01-24T05:45:00Z,BTC/USDT,sell,104903.25213500,0.00341535,0.35828132,USDT
2025-01-24T16:00:00Z,BTC/USDT,buy,105995.07105000,0.00335977,0.35611906,USDT
2025-01-24T20:30:00Z,BTC/USDT,sell,105430.43841000,0.00335977,0.35422202,USDT
2025-01-25T03:45:00Z,BTC/USDT,buy,105002.18485500,0.0033852,0.35545340,USDT
2025-01-25T05:00:00Z,BTC/USDT,stop_sell,104554.12928375,0.0033852,0.35393664,USDT
2025-01-25T05:30:00Z,BTC/USDT,buy,104567.19747000,0.00339367,0.35486656,USDT
2025-01-25T06:00:00Z,BTC/USDT,sell,104287.12035500,0.00339367,0.35391607,USDT
2025-01-25T11:00:00Z,BTC/USDT,buy,104658.10290000,0.00339655,0.35547648,USDT
2025-01-25T14:00:00Z,BTC/USDT,sell,104639.30417500,0.00339655,0.35541263,USDT
2025-01-25T14:30:00Z,BTC/USDT,buy,104637.66268500,0.0033925,0.35498327,USDT
2025-01-25T15:30:00Z,BTC/USDT,sell,104954.44652500,0.0033925,0.35605796,USDT
2025-01-26T03:45:00Z,BTC/USDT,buy,105140.07376500,0.00337761,0.35512216,USDT
2025-01-26T04:45:00Z,BTC/USDT,sell,105163.96171500,0.00337761,0.35520285,USDT
2025-01-26T14:15:00Z,BTC/USDT,buy,104957.46250500,0.00338453,0.35523168,USDT
2025-01-26T15:45:00Z,BTC/USDT,sell,104955.70589500,0.00338453,0.35522574,USDT
2025-01-26T16:45:00Z,BTC/USDT,buy,105003.18535500,0.003381,0.35501577,USDT
2025-01-26T17:15:00Z,BTC/USDT,sell,104959.83383000,0.003381,0.35486920,USDT
2025-01-27T11:45:00Z,BTC/USDT,buy,99039.45498000,0.00358146,0.35470585,USDT
2025-01-27T12:00:00Z,BTC/USDT,sell,98823.52352000,0.00358146,0.35393250,USDT
2025-01-27T12:15:00Z,BTC/USDT,buy,99120.90568500,0.00357546,0.35440283,USDT
2025-01-27T12:30:00Z,BTC/USDT,sell,98989.32058000,0.00357546,0.35393236,USDT
2025-01-27T13:00:00Z,BTC/USDT,buy,100715.77272000,0.00352213,0.35473404,USDT
2025-01-27T13:30:00Z,BTC/USDT,sell,100826.57149500,0.00352213,0.35512429,USDT
2025-01-27T21:00:00Z,BTC/USDT,buy,101493.23125500,0.0034949,0.35470869,USDT
2025-01-27T21:45:00Z,BTC/USDT,sell,101047.51097000,0.0034949,0.35315095,USDT
2025-01-28T02:30:00Z,BTC/USDT,buy,101986.16760000,0.00347623,0.35452738,USDT
2025-01-28T02:45:00Z,BTC/USDT,sell,102153.14787500,0.00347623,0.35510784,USDT
2025-01-28T11:15:00Z,BTC/USDT,buy,102729.13890000,0.00344451,0.35385155,USDT
2025-01-28T11:30:00Z,BTC/USDT,sell,102586.09129500,0.00344451,0.35335882,USDT
2025-01-28T11:45:00Z,BTC/USDT,buy,102876.23241000,0.0034442,0.35432632,USDT
2025-01-28T12:00:00Z,BTC/USDT,sell,102533.51759500,0.0034442,0.35314594,USDT
2025-01-28T13:30:00Z,BTC/USDT,buy,102826.68765000,0.00344065,0.35379064,USDT
2025-01-28T13:45:00Z,BTC/USDT,sell,102548.76996500,0.00344065,0.35283443,USDT
2025-01-28T15:15:00Z,BTC/USDT,buy,103224.80661000,0.00343062,0.35412509,USDT
2025-01-28T16:00:00Z,BTC/USDT,stop_sell,102514.89583911,0.00343062,0.35168965,USDT
2025-01-28T17:15:00Z,BTC/USDT,buy,103044.70660500,0.00343429,0.35388541,USDT
2025-01-28T17:45:00Z,BTC/USDT,sell,102338.70505000,0.00343429,0.35146079,USDT
2025-01-28T18:00:00Z,BTC/USDT,buy,102742.36551000,0.0034419,0.35362895,USDT
2025-01-28T18:45:00Z,BTC/USDT,sell,102677.59552000,0.0034419,0.35340602,USDT
2025-01-28T19:00:00Z,BTC/USDT,buy,102251.10000000,0.00345777,0.35356079,USDT
2025-01-28T19:15:00Z,BTC/USDT,sell,101837.58573500,0.00345777,0.35213095,USDT
2025-01-28T19:30:00Z,BTC/USDT,buy,102393.94138500,0.00345115,0.35337685,USDT
2025-01-28T19:45:00Z,BTC/USDT,sell,102295.67657500,0.00345115,0.35303772,USDT
2025-01-29T01:45:00Z,BTC/USDT,buy,101802.19566000,0.00347019,0.35327296,USDT
2025-01-29T03:00:00Z,BTC/USDT,sell,101741.79365500,0.00347019,0.35306335,USDT
2025-01-29T03:15:00Z,BTC/USDT,buy,101966.83794000,0.00346362,0.35317438,USDT
2025-01-29T03:30:00Z,BTC/USDT,sell,101902.10346000,0.00346362,0.35295016,USDT
2025-01-29T09:30:00Z,BTC/USDT,buy,102502.54566000,0.00344798,0.35342673,USDT
2025-01-29T10:45:00Z,BTC/USDT,sell,102409.16980000,0.00344798,0.35310477,USDT
2025-01-29T12:15:00Z,BTC/USDT,buy,102771.97030500,0.00343553,0.35307619,USDT
2025-01-29T12:30:00Z,BTC/USDT,sell,102378.66506000,0.00343553,0.35172498,USDT
2025-01-29T17:30:00Z,BTC/USDT,buy,102475.32205500,0.00344732,0.35326523,USDT
2025-01-29T19:00:00Z,BTC/USDT,sell,102748.50005000,0.00344732,0.35420696,USDT
2025-01-29T19:45:00Z,BTC/USDT,buy,103503.65596500,0.00342144,0.35413155,USDT
2025-01-29T20:00:00Z,BTC/USDT,sell,103388.66980500,0.00342144,0.35373813,USDT
2025-01-30T02:45:00Z,BTC/USDT,buy,104466.27703500,0.00337756,0.35284112,USDT
2025-01-30T03:30:00Z,BTC/USDT,sell,104609.23921500,0.00337756,0.35332398,USDT
2025-01-30T07:45:00Z,BTC/USDT,buy,104845.15638000,0.00336354,0.35265088,USDT
2025-01-30T08:30:00Z,BTC/USDT,sell,105007.58994000,0.00336354,0.35319723,USDT
2025-01-30T09:00:00Z,BTC/USDT,buy,105145.23634500,0.0033554,0.35280433,USDT
2025-01-30T09:45:00Z,BTC/USDT,sell,105291.19806500,0.0033554,0.35329409,USDT
2025-01-30T18:45:00Z,BTC/USDT,buy,105445.97664000,0.00334626,0.35284965,USDT
2025-01-30T19:45:00Z,BTC/USDT,sell,105411.00813000,0.00334626,0.35273264,USDT
2025-01-30T20:15:00Z,BTC/USDT,buy,105722.28472500,0.00333349,0.35242418,USDT
2025-01-30T20:30:00Z,BTC/USDT,sell,105554.56631500,0.00333349,0.35186509,USDT
2025-01-30T22:30:00Z,BTC/USDT,buy,105172.52998500,0.00335254,0.35259511,USDT
2025-01-30T23:00:00Z,BTC/USDT,sell,105090.38852000,0.00335254,0.35231973,USDT
2025-01-31T06:15:00Z,BTC/USDT,buy,104473.14046500,0.00337125,0.35220507,USDT
2025-01-31T06:30:00Z,BTC/USDT,sell,104541.91289500,0.00337125,0.35243692,USDT
2025-01-31T07:15:00Z,BTC/USDT,buy,104705.65666500,0.00336694,0.35253766,USDT
2025-01-31T07:30:00Z,BTC/USDT,sell,104601.00333500,0.00336694,0.35218530,USDT
2025-01-31T08:15:00Z,BTC/USDT,buy,104094.19108500,0.00338333,0.35218500,USDT
2025-01-31T08:30:00Z,BTC/USDT,sell,104055.65614500,0.00338333,0.35205462,USDT
2025-01-31T17:45:00Z,BTC/USDT,buy,104857.36248000,0.00336227,0.35255876,USDT
2025-01-31T18:00:00Z,BTC/USDT,sell,104574.96636000,0.00336227,0.35160927,USDT
2025-02-01T12:45:00Z,BTC/USDT,buy,102341.47516500,0.00344168,0.35222661,USDT
2025-02-01T13:45:00Z,BTC/USDT,stop_sell,102042.09450089,0.00344168,0.35119624,USDT
2025-02-01T14:00:00Z,BTC/USDT,buy,101851.73041500,0.00345326,0.35172051,USDT
2025-02-01T15:00:00Z,BTC/USDT,sell,101776.26641000,0.00345326,0.35145991,USDT
2025-02-01T15:15:00Z,BTC/USDT,buy,101983.15609500,0.00345296,0.35214376,USDT
2025-02-01T17:00:00Z,BTC/USDT,sell,101984.11243500,0.00345296,0.35214706,USDT
2025-02-01T17:15:00Z,BTC/USDT,buy,102228.30861000,0.00344198,0.35186779,USDT
2025-02-01T17:30:00Z,BTC/USDT,sell,102104.68212000,0.00344198,0.35144227,USDT
2025-02-01T18:00:00Z,BTC/USDT,buy,102263.72631000,0.0034381,0.35159292,USDT
2025-02-01T18:15:00Z,BTC/USDT,sell,102125.50170500,0.0034381,0.35111769,USDT
2025-02-01T18:45:00Z,BTC/USDT,buy,102106.60779000,0.00344397,0.35165209,USDT
2025-02-01T19:15:00Z,BTC/USDT,sell,101868.40032000,0.00344397,0.35083171,USDT
2025-02-02T01:15:00Z,BTC/USDT,buy,101463.97663500,0.00347021,0.35210131,USDT
2025-02-02T01:45:00Z,BTC/USDT,sell,101323.50290500,0.00347021,0.35161383,USDT
2025-02-02T23:00:00Z,BTC/USDT,buy,97739.50533000,0.00358695,0.35058672,USDT
2025-02-02T23:15:00Z,BTC/USDT,sell,97635.49783000,0.00358695,0.35021365,USDT
2025-02-02T23:30:00Z,BTC/USDT,buy,97191.83163000,0.00362136,0.35196661,USDT
2025-02-03T00:15:00Z,BTC/USDT,sell,97216.34751000,0.00362136,0.35205539,USDT
2025-02-03T09:00:00Z,BTC/USDT,buy,95400.60646500,0.00368731,0.35177161,USDT
2025-02-03T09:45:00Z,BTC/USDT,sell,95648.12201500,0.00368731,0.35268428,USDT
2025-02-03T14:45:00Z,BTC/USDT,buy,96184.28811000,0.00365821,0.35186232,USDT
2025-02-03T15:00:00Z,BTC/USDT,sell,96277.64709500,0.00365821,0.35220385,USDT
2025-02-04T00:30:00Z,BTC/USDT,buy,101397.96364500,0.00346521,0.35136524,USDT
2025-02-04T00:45:00Z,BTC/USDT,sell,101244.03266000,0.00346521,0.35083183,USDT
2025-02-04T10:15:00Z,BTC/USDT,buy,98756.46355500,0.00355725,0.35130143,USDT
2025-02-04T10:45:00Z,BTC/USDT,sell,98816.71692500,0.00355725,0.35151577,USDT
2025-02-05T01:15:00Z,BTC/USDT,buy,98572.74174000,0.00356669,0.35157841,USDT
2025-02-05T01:30:00Z,BTC/USDT,sell,98204.43322000,0.00356669,0.35026477,USDT
2025-02-05T04:30:00Z,BTC/USDT,buy,98119.10503500,0.00357632,0.35090532,USDT
2025-02-05T05:15:00Z,BTC/USDT,sell,98003.85356000,0.00357632,0.35049314,USDT
2025-02-05T07:15:00Z,BTC/USDT,buy,97510.32079500,0.00359921,0.35096012,USDT
2025-02-05T07:30:00Z,BTC/USDT,sell,97589.69074500,0.00359921,0.35124579,USDT
2025-02-05T10:30:00Z,BTC/USDT,buy,97955.07306000,0.00358398,0.35106902,USDT
2025-02-05T10:45:00Z,BTC/USDT,sell,97902.42430000,0.00358398,0.35088033,USDT
2025-02-05T11:15:00Z,BTC/USDT,buy,98131.20108000,0.0035762,0.35093680,USDT
2025-02-05T12:45:00Z,BTC/USDT,sell,98184.77305500,0.0035762,0.35112839,USDT
2025-02-05T15:15:00Z,BTC/USDT,buy,98192.15154000,0.00357172,0.35071487,USDT
2025-02-05T16:00:00Z,BTC/USDT,sell,97919.24588500,0.00357172,0.34974013,USDT
2025-02-06T09:00:00Z,BTC/USDT,buy,98116.04350500,0.00357242,0.35051172,USDT
2025-02-06T14:15:00Z,BTC/USDT,sell,98274.12835500,0.00357242,0.35107646,USDT
2025-02-07T00:00:00Z,BTC/USDT,buy,96641.58664500,0.00362762,0.35057895,USDT
2025-02-07T00:45:00Z,BTC/USDT,sell,96482.76448500,0.00362762,0.35000281,USDT
2025-02-07T01:15:00Z,BTC/USDT,buy,96798.38500500,0.0036223,0.35063279,USDT
2025-02-07T01:30:00Z,BTC/USDT,sell,96619.34616000,0.0036223,0.34998426,USDT
2025-02-07T02:00:00Z,BTC/USDT,buy,97371.45139500,0.00359729,0.35027335,USDT
2025-02-07T02:30:00Z,BTC/USDT,sell,97298.44644000,0.00359729,0.35001073,USDT
2025-02-07T04:00:00Z,BTC/USDT,buy,97467.46938000,0.00359405,0.35030296,USDT
2025-02-07T04:30:00Z,BTC/USDT,sell,97526.55233000,0.00359405,0.35051531,USDT
2025-02-07T15:30:00Z,BTC/USDT,buy,98504.30754000,0.0035585,0.35052758,USDT
2025-02-07T16:00:00Z,BTC/USDT,sell,98133.77856500,0.0035585,0.34920905,USDT
2025-02-07T16:15:00Z,BTC/USDT,buy,97914.14260500,0.00357089,0.34964063,USDT
2025-02-07T17:30:00Z,BTC/USDT,sell,97398.80623500,0.00357089,0.34780042,USDT
2025-02-07T18:15:00Z,BTC/USDT,buy,97888.21965000,0.00357673,0.35011973,USDT
2025-02-07T18:30:00Z,BTC/USDT,sell,97948.73113500,0.00357673,0.35033617,USDT
2025-02-08T01:00:00Z,BTC/USDT,buy,96670.46107500,0.00362061,0.35000604,USDT
2025-02-08T02:00:00Z,BTC/USDT,sell,96476.73750000,0.00362061,0.34930464,USDT
2025-02-08T02:30:00Z,BTC/USDT,buy,96701.77672500,0.00361727,0.34979644,USDT
2025-02-08T02:45:00Z,BTC/USDT,sell,96549.68101000,0.00361727,0.34924626,USDT
2025-02-08T16:30:00Z,BTC/USDT,buy,95989.39071000,0.00364269,0.34965959,USDT
2025-02-08T16:45:00Z,BTC/USDT,sell,95911.14044000,0.00364269,0.34937455,USDT
2025-02-08T23:15:00Z,BTC/USDT,buy,96613.64268000,0.00361956,0.34969888,USDT
2025-02-08T23:30:00Z,BTC/USDT,sell,96583.54407000,0.00361956,0.34958993,USDT
2025-02-09T09:00:00Z,BTC/USDT,buy,97182.55699500,0.00359734,0.34959870,USDT
2025-02-09T09:00:00Z,BTC/USDT,stop_sell,96944.01767161,0.00359734,0.34874059,USDT
2025-02-09T09:30:00Z,BTC/USDT,buy,97087.72960500,0.00360001,0.34951680,USDT
2025-02-09T09:45:00Z,BTC/USDT,sell,96930.93029000,0.00360001,0.34895232,USDT
2025-02-09T18:45:00Z,BTC/USDT,buy,96237.01446000,0.00363311,0.34963966,USDT
2025-02-09T19:00:00Z,BTC/USDT,sell,96129.21135000,0.00363311,0.34924800,USDT
2025-02-09T22:45:00Z,BTC/USDT,buy,96379.10547000,0.00362278,0.34916030,USDT
2025-02-09T22:45:00Z,BTC/USDT,stop_sell,95789.06579357,0.00362278,0.34702271,USDT
2025-02-09T23:45:00Z,BTC/USDT,buy,96309.00043500,0.00362665,0.34927904,USDT
2025-02-10T01:00:00Z,BTC/USDT,sell,96808.25166000,0.00362665,0.35108965,USDT
2025-02-10T01:15:00Z,BTC/USDT,buy,96581.66670000,0.00361339,0.34898723,USDT
2025-02-10T01:30:00Z,BTC/USDT,sell,96123.39426000,0.00361339,0.34733131,USDT
2025-02-10T02:30:00Z,BTC/USDT,buy,95532.86256000,0.00365072,0.34876373,USDT
2025-02-10T03:00:00Z,BTC/USDT,sell,95785.29339500,0.00365072,0.34968529,USDT
2025-02-10T05:15:00Z,BTC/USDT,buy,97142.95720500,0.00359285,0.34902007,USDT
2025-02-10T07:00:00Z,BTC/USDT,sell,97123.15413000,0.00359285,0.34894892,USDT
2025-02-10T14:00:00Z,BTC/USDT,buy,98261.54622000,0.00355132,0.34895819,USDT
2025-02-10T14:00:00Z,BTC/USDT,stop_sell,97880.82367714,0.00355132,0.34760613,USDT
2025-02-10T14:30:00Z,BTC/USDT,buy,97648.78999500,0.00357192,0.34879367,USDT
2025-02-10T14:45:00Z,BTC/USDT,sell,97449.64080500,0.00357192,0.34808232,USDT
2025-02-10T19:30:00Z,BTC/USDT,buy,97648.80000000,0.00357044,0.34864918,USDT
2025-02-10T20:00:00Z,BTC/USDT,sell,97273.67883000,0.00357044,0.34730983,USDT
2025-02-10T22:00:00Z,BTC/USDT,buy,97346.29882500,0.00358154,0.34864966,USDT
2025-02-10T23:30:00Z,BTC/USDT,sell,97299.82575000,0.00358154,0.34848322,USDT
2025-02-11T00:15:00Z,BTC/USDT,buy,97804.94803500,0.0035627,0.34844969,USDT
2025-02-11T01:00:00Z,BTC/USDT,sell,97837.34685500,0.0035627,0.34856512,USDT
2025-02-11T01:15:00Z,BTC/USDT,buy,97903.90749000,0.00355554,0.34810126,USDT
2025-02-11T02:00:00Z,BTC/USDT,sell,97954.74812500,0.00355554,0.34828203,USDT
2025-02-11T22:00:00Z,BTC/USDT,buy,96355.83384000,0.00361619,0.34844100,USDT
2025-02-11T22:15:00Z,BTC/USDT,sell,96197.78704500,0.00361619,0.34786948,USDT
2025-02-11T23:30:00Z,BTC/USDT,buy,95988.81042000,0.00362812,0.34825892,USDT
2025-02-11T23:45:00Z,BTC/USDT,sell,95732.22994000,0.00362812,0.34732802,USDT
2025-02-12T03:45:00Z,BTC/USDT,buy,95589.83103000,0.00363817,0.34777206,USDT
2025-02-12T04:00:00Z,BTC/USDT,sell,95209.55141000,0.00363817,0.34638853,USDT
2025-02-12T05:30:00Z,BTC/USDT,buy,95865.41875500,0.00362982,0.34797421,USDT
2025-02-12T05:45:00Z,BTC/USDT,sell,95714.73869000,0.00362982,0.34742727,USDT
2025-02-12T07:30:00Z,BTC/USDT,buy,96122.67732000,0.00362069,0.34803042,USDT
2025-02-12T09:15:00Z,BTC/USDT,sell,96218.80653000,0.00362069,0.34837847,USDT
2025-02-12T09:45:00Z,BTC/USDT,buy,96269.24056500,0.00361316,0.34783617,USDT
2025-02-12T10:15:00Z,BTC/USDT,sell,96147.24233000,0.00361316,0.34739537,USDT
2025-02-12T17:00:00Z,BTC/USDT,buy,97099.53550500,0.00358494,0.34809601,USDT
2025-02-12T21:30:00Z,BTC/USDT,sell,97366.94217500,0.00358494,0.34905465,USDT
2025-02-12T22:00:00Z,BTC/USDT,buy,97696.61389500,0.00355966,0.34776673,USDT
2025-02-12T22:15:00Z,BTC/USDT,sell,97363.05412000,0.00355966,0.34657937,USDT
2025-02-13T13:45:00Z,BTC/USDT,buy,96028.92046500,0.00361394,0.34704276,USDT
2025-02-13T13:45:00Z,BTC/USDT,stop_sell,95770.90987607,0.00361394,0.34611032,USDT
2025-02-13T14:00:00Z,BTC/USDT,buy,96145.41868500,0.00361197,0.34727437,USDT
2025-02-13T14:00:00Z,BTC/USDT,stop_sell,95762.61402607,0.00361197,0.34589169,USDT
2025-02-13T15:45:00Z,BTC/USDT,buy,96410.03092500,0.00360507,0.34756491,USDT
2025-02-13T16:00:00Z,BTC/USDT,sell,95812.40983000,0.00360507,0.34541044,USDT
2025-02-13T17:45:00Z,BTC/USDT,buy,95951.12158500,0.00361738,0.34709167,USDT
2025-02-13T18:00:00Z,BTC/USDT,sell,95657.81716500,0.00361738,0.34603067,USDT
2025-02-14T06:00:00Z,BTC/USDT,buy,96743.14740000,0.00358631,0.34695092,USDT
2025-02-14T06:45:00Z,BTC/USDT,sell,96565.69300000,0.00358631,0.34631451,USDT
2025-02-14T07:30:00Z,BTC/USDT,buy,97022.51701500,0.00357542,0.34689625,USDT
2025-02-14T08:00:00Z,BTC/USDT,sell,96923.54398500,0.00357542,0.34654238,USDT
2025-02-14T20:15:00Z,BTC/USDT,buy,98155.86340500,0.0035348,0.34696135,USDT
2025-02-14T20:30:00Z,BTC/USDT,sell,97914.22839500,0.0035348,0.34610721,USDT
2025-02-14T21:00:00Z,BTC/USDT,buy,97284.00769500,0.00356545,0.34686127,USDT
2025-02-14T21:45:00Z,BTC/USDT,sell,97284.28352500,0.00356545,0.34686225,USDT
2025-02-14T22:00:00Z,BTC/USDT,buy,97504.61794500,0.00355317,0.34645048,USDT
2025-02-14T22:15:00Z,BTC/USDT,sell,97323.74378500,0.00355317,0.34580781,USDT
2025-02-15T01:45:00Z,BTC/USDT,buy,97712.26171500,0.00354869,0.34675053,USDT
2025-02-15T06:00:00Z,BTC/USDT,sell,97500.20551000,0.00354869,0.34599800,USDT
2025-02-15T06:30:00Z,BTC/USDT,buy,97578.50487000,0.00354599,0.34601240,USDT
2025-02-15T06:45:00Z,BTC/USDT,sell,97388.23152500,0.00354599,0.34533770,USDT
2025-02-15T10:00:00Z,BTC/USDT,buy,97499.60544000,0.00354705,0.34583598,USDT
2025-02-15T10:30:00Z,BTC/USDT,sell,97542.84418000,0.00354705,0.34598935,USDT
2025-02-15T11:00:00Z,BTC/USDT,buy,97611.65143500,0.00354159,0.34570045,USDT
2025-02-15T11:15:00Z,BTC/USDT,sell,97409.31098000,0.00354159,0.34498384,USDT
2025-02-15T11:45:00Z,BTC/USDT,buy,97596.67395000,0.00354754,0.34622810,USDT
2025-02-15T14:45:00Z,BTC/USDT,sell,97559.15602000,0.00354754,0.34609501,USDT
2025-02-15T15:00:00Z,BTC/USDT,buy,97593.78250500,0.0035431,0.34578453,USDT
2025-02-15T15:30:00Z,BTC/USDT,sell,97486.99212000,0.0035431,0.34540616,USDT
2025-02-15T16:15:00Z,BTC/USDT,buy,97698.87502500,0.00354234,0.34608263,USDT
2025-02-15T16:45:00Z,BTC/USDT,sell,97448.32146500,0.00354234,0.34519509,USDT
2025-02-15T19:15:00Z,BTC/USDT,buy,97657.62441000,0.00354042,0.34574901,USDT
2025-02-15T19:45:00Z,BTC/USDT,sell,97488.35144000,0.00354042,0.34514971,USDT
2025-02-15T20:15:00Z,BTC/USDT,buy,97644.97809000,0.00353846,0.34551285,USDT
2025-02-15T20:15:00Z,BTC/USDT,stop_sell,97436.24607714,0.00353846,0.34477426,USDT
2025-02-15T21:15:00Z,BTC/USDT,buy,97712.53185000,0.00353709,0.34561802,USDT
2025-02-15T22:30:00Z,BTC/USDT,stop_sell,97429.32525357,0.00353709,0.34461629,USDT
2025-02-15T22:45:00Z,BTC/USDT,buy,97542.13669500,0.00354364,0.34565422,USDT
2025-02-15T23:15:00Z,BTC/USDT,sell,97378.73627500,0.00354364,0.34507519,USDT
2025-02-15T23:30:00Z,BTC/USDT,buy,97681.74646500,0.00353567,0.34537042,USDT
2025-02-15T23:45:00Z,BTC/USDT,sell,97456.28748000,0.00353567,0.34457327,USDT
2025-02-16T00:30:00Z,BTC/USDT,buy,97656.95407500,0.00353448,0.34516655,USDT
2025-02-16T00:45:00Z,BTC/USDT,sell,97630.07054500,0.00353448,0.34507153,USDT
2025-02-16T03:30:00Z,BTC/USDT,buy,97478.52490500,0.00354051,0.34512369,USDT
2025-02-16T03:45:00Z,BTC/USDT,sell,97396.81723000,0.00354051,0.34483441,USDT
2025-02-16T06:00:00Z,BTC/USDT,buy,97667.80950000,0.00353165,0.34492852,USDT
2025-02-16T06:00:00Z,BTC/USDT,stop_sell,97495.79021875,0.00353165,0.34432101,USDT
2025-02-16T19:15:00Z,BTC/USDT,buy,96923.22739500,0.00355895,0.34494492,USDT
2025-02-16T20:45:00Z,BTC/USDT,sell,96862.88433000,0.00355895,0.34473016,USDT
2025-02-16T21:45:00Z,BTC/USDT,buy,97186.99921500,0.00354773,0.34479323,USDT
2025-02-16T22:15:00Z,BTC/USDT,stop_sell,96926.11162911,0.00354773,0.34386767,USDT
2025-02-17T04:30:00Z,BTC/USDT,buy,96249.03046500,0.00358108,0.34467548,USDT
2025-02-17T04:45:00Z,BTC/USDT,sell,95999.10643500,0.00358108,0.34378048,USDT
2025-02-17T06:15:00Z,BTC/USDT,buy,96421.38660000,0.00357353,0.34456472,USDT
2025-02-17T06:45:00Z,BTC/USDT,sell,96292.86948000,0.00357353,0.34410546,USDT
2025-02-17T08:15:00Z,BTC/USDT,buy,96192.81237000,0.00358066,0.34443376,USDT
2025-02-17T08:30:00Z,BTC/USDT,sell,95966.17291000,0.00358066,0.34362224,USDT
2025-02-17T20:45:00Z,BTC/USDT,buy,96019.45573500,0.0035885,0.34456582,USDT
2025-02-17T21:45:00Z,BTC/USDT,sell,96042.57469000,0.0035885,0.34464878,USDT
2025-02-18T00:45:00Z,BTC/USDT,buy,95668.27023000,0.00360091,0.34449283,USDT
2025-02-18T01:00:00Z,BTC/USDT,sell,95628.31192500,0.00360091,0.34434894,USDT
2025-02-18T02:00:00Z,BTC/USDT,buy,96248.10000000,0.00357841,0.34441516,USDT
2025-02-18T02:30:00Z,BTC/USDT,sell,96042.57469000,0.00357841,0.34367971,USDT
2025-02-18T03:15:00Z,BTC/USDT,buy,96218.24508000,0.00357753,0.34422366,USDT
2025-02-18T05:15:00Z,BTC/USDT,stop_sell,95842.36627286,0.00357753,0.34287894,USDT
2025-02-18T05:30:00Z,BTC/USDT,buy,95871.59184000,0.00358631,0.34382525,USDT
2025-02-18T05:45:00Z,BTC/USDT,stop_sell,95636.76198357,0.00358631,0.34298308,USDT
2025-02-18T10:45:00Z,BTC/USDT,buy,95746.03909500,0.0035927,0.34398679,USDT
2025-02-18T13:15:00Z,BTC/USDT,sell,96264.88348000,0.0035927,0.34585085,USDT
2025-02-18T13:30:00Z,BTC/USDT,buy,96324.84835500,0.00357198,0.34407043,USDT
2025-02-18T13:45:00Z,BTC/USDT,sell,96154.58865500,0.00357198,0.34346227,USDT
2025-02-18T21:30:00Z,BTC/USDT,buy,95144.45845500,0.00361091,0.34355808,USDT
2025-02-18T21:45:00Z,BTC/USDT,sell,94824.57399500,0.00361091,0.34240300,USDT
2025-02-18T23:30:00Z,BTC/USDT,buy,95595.97410000,0.003597,0.34385872,USDT
2025-02-18T23:45:00Z,BTC/USDT,sell,95350.42094000,0.003597,0.34297546,USDT
2025-02-19T03:45:00Z,BTC/USDT,buy,95804.66839500,0.0035892,0.34386212,USDT
2025-02-19T04:45:00Z,BTC/USDT,sell,95352.30000000,0.0035892,0.34223848,USDT
2025-02-19T05:45:00Z,BTC/USDT,buy,95399.51592000,0.00360078,0.34351267,USDT
2025-02-19T06:45:00Z,BTC/USDT,sell,95357.08760500,0.00360078,0.34335989,USDT
2025-02-19T07:00:00Z,BTC/USDT,buy,95689.87102500,0.0035904,0.34356491,USDT
2025-02-19T07:30:00Z,BTC/USDT,sell,95607.88214500,0.0035904,0.34327054,USDT
2025-02-19T08:00:00Z,BTC/USDT,buy,95759.12563500,0.00358504,0.34330030,USDT
2025-02-19T08:15:00Z,BTC/USDT,sell,95728.87162000,0.00358504,0.34319183,USDT
2025-02-19T16:30:00Z,BTC/USDT,buy,96401.91687000,0.00356315,0.34349449,USDT
2025-02-19T16:45:00Z,BTC/USDT,sell,96183.39424500,0.00356315,0.34271586,USDT
2025-02-19T17:00:00Z,BTC/USDT,buy,96441.12646500,0.00355805,0.34314235,USDT
2025-02-19T17:15:00Z,BTC/USDT,sell,96223.84401000,0.00355805,0.34236925,USDT
2025-02-19T17:45:00Z,BTC/USDT,buy,96544.48812000,0.0035548,0.34319635,USDT
2025-02-19T18:00:00Z,BTC/USDT,stop_sell,95865.64855446,0.0035548,0.34078321,USDT
2025-02-19T19:30:00Z,BTC/USDT,buy,95993.39271000,0.00356538,0.34225292,USDT
2025-02-20T01:30:00Z,BTC/USDT,sell,96644.95335000,0.00356538,0.34457598,USDT
2025-02-20T01:45:00Z,BTC/USDT,buy,96820.17589500,0.00354499,0.34322656,USDT
2025-02-20T02:00:00Z,BTC/USDT,sell,96742.30465000,0.00354499,0.34295050,USDT
2025-02-20T09:45:00Z,BTC/USDT,buy,97272.94216500,0.00352362,0.34275288,USDT
2025-02-20T10:15:00Z,BTC/USDT,sell,97135.54793000,0.00352362,0.34226876,USDT
2025-02-20T10:30:00Z,BTC/USDT,buy,97318.45491000,0.00352173,0.34272932,USDT
2025-02-20T12:45:00Z,BTC/USDT,sell,97405.92267500,0.00352173,0.34303736,USDT
2025-02-20T16:15:00Z,BTC/USDT,buy,97470.11070000,0.00351482,0.34258989,USDT
2025-02-20T18:45:00Z,BTC/USDT,sell,98192.59914000,0.00351482,0.34512931,USDT
2025-02-20T19:00:00Z,BTC/USDT,buy,98349.07996500,0.00348588,0.34283309,USDT
2025-02-20T20:30:00Z,BTC/USDT,sell,98501.46463000,0.00348588,0.34336429,USDT
2025-02-20T23:30:00Z,BTC/USDT,buy,98380.09546500,0.00348759,0.34310944,USDT
2025-02-20T23:45:00Z,BTC/USDT,sell,98390.01038500,0.00348759,0.34314402,USDT
2025-02-21T02:00:00Z,BTC/USDT,buy,98312.74180500,0.00348681,0.34279785,USDT
2025-02-21T03:00:00Z,BTC/USDT,sell,98047.78158500,0.00348681,0.34187399,USDT
2025-02-21T03:15:00Z,BTC/USDT,buy,98217.90441000,0.00349059,0.34283843,USDT
2025-02-21T03:30:00Z,BTC/USDT,sell,98159.93548000,0.00349059,0.34263609,USDT
2025-02-21T05:30:00Z,BTC/USDT,buy,98373.95239500,0.00348252,0.34258926,USDT
2025-02-21T06:00:00Z,BTC/USDT,sell,98349.81049500,0.00348252,0.34250518,USDT
2025-02-21T16:45:00Z,BTC/USDT,buy,98355.91338000,0.00347339,0.34162845,USDT
2025-02-21T17:00:00Z,BTC/USDT,sell,98355.67756000,0.00347339,0.34162763,USDT
2025-02-22T00:15:00Z,BTC/USDT,buy,96138.12504000,0.00356316,0.34255552,USDT
2025-02-22T01:00:00Z,BTC/USDT,sell,96170.96046500,0.00356316,0.34267252,USDT
2025-02-22T01:15:00Z,BTC/USDT,buy,96208.48020000,0.00355654,0.34216931,USDT
2025-02-22T01:30:00Z,BTC/USDT,sell,96272.67958000,0.00355654,0.34239764,USDT
2025-02-22T04:00:00Z,BTC/USDT,buy,96230.10100500,0.0035526,0.34186706,USDT
2025-02-22T04:15:00Z,BTC/USDT,sell,96351.75002500,0.0035526,0.34229923,USDT
2025-02-22T07:00:00Z,BTC/USDT,buy,96449.05042500,0.00354841,0.34224078,USDT
2025-02-22T07:30:00Z,BTC/USDT,sell,96469.77098500,0.00354841,0.34231430,USDT
2025-02-22T22:15:00Z,BTC/USDT,buy,96718.35501000,0.00353946,0.34233075,USDT
2025-02-22T22:30:00Z,BTC/USDT,sell,96582.66451000,0.00353946,0.34185048,USDT
2025-02-22T23:45:00Z,BTC/USDT,buy,96629.88079500,0.00353944,0.34201567,USDT
2025-02-23T00:15:00Z,BTC/USDT,sell,96474.96838500,0.00353944,0.34146736,USDT
2025-02-23T01:00:00Z,BTC/USDT,buy,96604.14793500,0.00353644,0.34163477,USDT
2025-02-23T01:00:00Z,BTC/USDT,stop_sell,96507.59206500,0.00353644,0.34129331,USDT
2025-02-23T01:15:00Z,BTC/USDT,buy,96745.40853000,0.00353563,0.34205597,USDT
2025-02-23T01:15:00Z,BTC/USDT,stop_sell,96505.34925839,0.00353563,0.34120721,USDT
2025-02-23T01:30:00Z,BTC/USDT,buy,96576.22398000,0.00353508,0.34140468,USDT
2025-02-23T01:30:00Z,BTC/USDT,stop_sell,96479.69602000,0.00353508,0.34106344,USDT
2025-02-23T02:00:00Z,BTC/USDT,buy,96665.01835500,0.0035359,0.34179784,USDT
2025-02-23T02:00:00Z,BTC/USDT,stop_sell,96405.77764054,0.0035359,0.34088119,USDT
2025-02-23T02:30:00Z,BTC/USDT,buy,96442.93737000,0.00353835,0.34124887,USDT
2025-02-23T02:45:00Z,BTC/USDT,sell,96467.06234000,0.00353835,0.34133423,USDT
2025-02-23T19:45:00Z,BTC/USDT,buy,95825.17864500,0.00356556,0.34167042,USDT
2025-02-23T20:00:00Z,BTC/USDT,sell,95725.96307500,0.00356556,0.34131666,USDT
2025-02-23T20:15:00Z,BTC/USDT,buy,95776.06410000,0.00356362,0.34130950,USDT
2025-02-23T20:30:00Z,BTC/USDT,sell,95720.25593000,0.00356362,0.34111062,USDT
2025-02-23T20:45:00Z,BTC/USDT,buy,95817.69490500,0.00356831,0.34190724,USDT
2025-02-23T22:30:00Z,BTC/USDT,sell,95518.56682500,0.00356831,0.34083986,USDT
2025-02-23T22:45:00Z,BTC/USDT,buy,95910.78142500,0.00355938,0.34138292,USDT
2025-02-24T00:30:00Z,BTC/USDT,sell,96354.61859000,0.00355938,0.34296270,USDT
2025-02-24T01:00:00Z,BTC/USDT,buy,96325.42864500,0.00354523,0.34149580,USDT
2025-02-24T01:30:00Z,BTC/USDT,stop_sell,95927.35518571,0.00354523,0.34008454,USDT
2025-02-24T01:45:00Z,BTC/USDT,buy,95873.37273000,0.00355787,0.34110500,USDT
2025-02-24T03:15:00Z,BTC/USDT,stop_sell,95493.59288964,0.00355787,0.33975379,USDT
2025-02-24T08:00:00Z,BTC/USDT,buy,95930.54130000,0.00355869,0.34138706,USDT
2025-02-24T08:15:00Z,BTC/USDT,stop_sell,95573.78991393,0.00355869,0.34011749,USDT
2025-02-24T09:15:00Z,BTC/USDT,buy,95756.94454500,0.00356909,0.34176515,USDT
2025-02-24T09:45:00Z,BTC/USDT,sell,95599.23647000,0.00356909,0.34120228,USDT
2025-02-24T10:00:00Z,BTC/USDT,buy,95951.91198000,0.00356293,0.34186995,USDT
2025-02-24T10:45:00Z,BTC/USDT,sell,95418.91667500,0.00356293,0.33997092,USDT
2025-02-24T12:00:00Z,BTC/USDT,buy,95866.81945500,0.00355349,0.34066178,USDT
2025-02-24T12:30:00Z,BTC/USDT,sell,95706.30291000,0.00355349,0.34009139,USDT
2025-02-24T13:00:00Z,BTC/USDT,buy,95754.26320500,0.00355529,0.34043417,USDT
2025-02-24T13:00:00Z,BTC/USDT,stop_sell,95481.05594696,0.00355529,0.33946284,USDT
2025-02-24T13:15:00Z,BTC/USDT,buy,95866.81945500,0.00355097,0.34042020,USDT
2025-02-24T14:00:00Z,BTC/USDT,sell,95649.78118500,0.00355097,0.33964950,USDT
2025-02-24T20:45:00Z,BTC/USDT,buy,94445.15898000,0.00360532,0.34050502,USDT
2025-02-24T21:00:00Z,BTC/USDT,sell,94052.66014500,0.00360532,0.33908994,USDT
2025-02-25T04:30:00Z,BTC/USDT,buy,92259.60675000,0.00368359,0.33984656,USDT
2025-02-25T05:45:00Z,BTC/USDT,sell,91837.34835500,0.00368359,0.33829114,USDT
2025-02-25T06:00:00Z,BTC/USDT,buy,91886.07007500,0.00369814,0.33980755,USDT
2025-02-25T06:15:00Z,BTC/USDT,sell,92020.44676000,0.00369814,0.34030449,USDT
2025-02-25T22:00:00Z,BTC/USDT,buy,88853.69464500,0.00382598,0.33995246,USDT
2025-02-25T23:30:00Z,BTC/USDT,sell,88955.50000000,0.00382598,0.34034196,USDT
2025-02-26T01:30:00Z,BTC/USDT,buy,88511.60368500,0.00384543,0.34036518,USDT
2025-02-26T02:45:00Z,BTC/USDT,sell,88744.33563500,0.00384543,0.34126013,USDT
2025-02-26T03:00:00Z,BTC/USDT,buy,89084.30989500,0.00381302,0.33968026,USDT
2025-02-26T04:00:00Z,BTC/USDT,sell,89029.14316000,0.00381302,0.33946990,USDT
2025-02-26T04:30:00Z,BTC/USDT,buy,89199.11727000,0.00381144,0.33997708,USDT
2025-02-26T04:45:00Z,BTC/USDT,stop_sell,88704.48235732,0.00381144,0.33809181,USDT
2025-02-26T06:15:00Z,BTC/USDT,buy,88805.54058000,0.00382725,0.33988101,USDT
2025-02-26T06:45:00Z,BTC/USDT,sell,88783.37610500,0.00382725,0.33979618,USDT
2025-02-26T09:45:00Z,BTC/USDT,buy,89202.77910000,0.00380661,0.33956019,USDT
2025-02-26T11:30:00Z,BTC/USDT,stop_sell,88808.90868946,0.00380661,0.33806088,USDT
2025-02-27T03:30:00Z,BTC/USDT,buy,84787.02232500,0.0040018,0.33930071,USDT
2025-02-27T06:15:00Z,BTC/USDT,sell,85875.65069500,0.0040018,0.34365718,USDT
2025-02-27T09:15:00Z,BTC/USDT,buy,86065.67133000,0.00394789,0.33977780,USDT
2025-02-27T09:30:00Z,BTC/USDT,sell,86174.52118500,0.00394789,0.34020753,USDT
2025-02-27T13:00:00Z,BTC/USDT,buy,86420.39860500,0.00393088,0.33970822,USDT
2025-02-27T13:45:00Z,BTC/USDT,stop_sell,85962.97950875,0.00393088,0.33791016,USDT
2025-02-28T00:00:00Z,BTC/USDT,buy,84801.10936500,0.00399969,0.33917815,USDT
2025-02-28T01:00:00Z,BTC/USDT,stop_sell,84226.65560500,0.00399969,0.33688051,USDT
2025-02-28T01:15:00Z,BTC/USDT,buy,84297.28758000,0.00402138,0.33899143,USDT
2025-02-28T01:15:00Z,BTC/USDT,stop_sell,83876.15237286,0.00402138,0.33729788,USDT
2025-02-28T19:30:00Z,BTC/USDT,buy,84365.73178500,0.00401925,0.33908697,USDT
2025-02-28T20:00:00Z,BTC/USDT,sell,84527.46512500,0.00401925,0.33973701,USDT
2025-02-28T20:45:00Z,BTC/USDT,buy,83700.51934500,0.0040386,0.33803292,USDT
2025-02-28T21:30:00Z,BTC/USDT,sell,84195.36126000,0.0040386,0.34003139,USDT
2025-03-01T03:30:00Z,BTC/USDT,buy,85042.82016000,0.00397658,0.33817958,USDT
2025-03-01T07:30:00Z,BTC/USDT,sell,84932.39256000,0.00397658,0.33774045,USDT
2025-03-01T16:00:00Z,BTC/USDT,buy,84714.30598500,0.00399621,0.33853616,USDT
2025-03-01T19:00:00Z,BTC/USDT,sell,85309.78377000,0.00399621,0.34091581,USDT
2025-03-01T19:15:00Z,BTC/USDT,buy,85257.72756000,0.00397351,0.33877243,USDT
2025-03-01T22:15:00Z,BTC/USDT,sell,86033.77159500,0.00397351,0.34185605,USDT
2025-03-02T00:00:00Z,BTC/USDT,buy,86111.43420000,0.00394319,0.33955375,USDT
2025-03-02T02:45:00Z,BTC/USDT,sell,85753.46182000,0.00394319,0.33814219,USDT
2025-03-02T05:45:00Z,BTC/USDT,buy,86049.89344500,0.00394287,0.33928354,USDT
2025-03-02T06:00:00Z,BTC/USDT,sell,85950.74313000,0.00394287,0.33889261,USDT
2025-03-02T06:45:00Z,BTC/USDT,buy,86389.77330000,0.00392946,0.33946516,USDT
2025-03-02T08:00:00Z,BTC/USDT,sell,86142.08741000,0.00392946,0.33849189,USDT
2025-03-02T08:30:00Z,BTC/USDT,buy,85822.75993500,0.00394334,0.33842832,USDT
2025-03-02T08:45:00Z,BTC/USDT,sell,85834.59123500,0.00394334,0.33847498,USDT
2025-03-02T09:00:00Z,BTC/USDT,buy,85779.14814000,0.0039452,0.33841590,USDT
2025-03-02T10:15:00Z,BTC/USDT,sell,85766.52528500,0.0039452,0.33836610,USDT
2025-03-02T12:00:00Z,BTC/USDT,buy,86072.17458000,0.00393003,0.33826623,USDT
2025-03-02T12:00:00Z,BTC/USDT,stop_sell,85950.55108321,0.00393003,0.33778824,USDT
2025-03-02T13:00:00Z,BTC/USDT,buy,85971.55429500,0.00393802,0.33855770,USDT
2025-03-02T13:15:00Z,BTC/USDT,sell,85745.48581000,0.00393802,0.33766744,USDT
2025-03-02T15:30:00Z,BTC/USDT,buy,86418.11746500,0.00391947,0.33871322,USDT
2025-03-02T16:00:00Z,BTC/USDT,sell,87268.37398500,0.00391947,0.34204577,USDT
2025-03-03T06:00:00Z,BTC/USDT,buy,93321.53745000,0.00363544,0.33926485,USDT
2025-03-03T06:30:00Z,BTC/USDT,sell,92703.27517500,0.00363544,0.33701719,USDT
2025-03-03T11:30:00Z,BTC/USDT,buy,92590.20196500,0.00365777,0.33867366,USDT
2025-03-03T12:30:00Z,BTC/USDT,sell,92731.22119500,0.00365777,0.33918948,USDT
2025-03-03T12:45:00Z,BTC/USDT,buy,93181.45744500,0.00363713,0.33891307,USDT
2025-03-03T13:30:00Z,BTC/USDT,sell,93068.80232000,0.00363713,0.33850333,USDT
2025-03-04T00:45:00Z,BTC/USDT,buy,86230.44367500,0.00392469,0.33842776,USDT
2025-03-04T01:15:00Z,BTC/USDT,sell,85814.95106000,0.00392469,0.33679708,USDT
2025-03-04T01:30:00Z,BTC/USDT,buy,85536.27676500,0.00394996,0.33786487,USDT
2025-03-04T01:30:00Z,BTC/USDT,stop_sell,84745.03378625,0.00394996,0.33473949,USDT
2025-03-04T06:30:00Z,BTC/USDT,buy,84365.08146000,0.00400982,0.33828879,USDT
2025-03-04T06:45:00Z,BTC/USDT,sell,83697.22045500,0.00400982,0.33561079,USDT
2025-03-04T11:45:00Z,BTC/USDT,buy,84140.94945000,0.00403094,0.33916712,USDT
2025-03-04T13:15:00Z,BTC/USDT,sell,83437.28049000,0.00403094,0.33633067,USDT
2025-03-04T14:45:00Z,BTC/USDT,buy,84214.27609500,0.00400824,0.33755103,USDT
2025-03-04T15:00:00Z,BTC/USDT,sell,83322.80775500,0.00400824,0.33397781,USDT
2025-03-04T17:00:00Z,BTC/USDT,buy,83772.62538000,0.0040253,0.33720995,USDT
2025-03-04T17:15:00Z,BTC/USDT,sell,83839.29938000,0.0040253,0.33747833,USDT
2025-03-04T17:30:00Z,BTC/USDT,buy,84775.56660000,0.00397736,0.33718295,USDT
2025-03-04T18:30:00Z,BTC/USDT,sell,85278.70931500,0.00397736,0.33918413,USDT
2025-03-04T19:45:00Z,BTC/USDT,buy,87773.70492000,0.00383236,0.33638044,USDT
2025-03-04T21:00:00Z,BTC/USDT,stop_sell,86699.60172768,0.00383236,0.33226409,USDT
2025-03-05T03:00:00Z,BTC/USDT,buy,87440.67849000,0.00384757,0.33643413,USDT
2025-03-05T03:15:00Z,BTC/USDT,sell,87792.83162500,0.00384757,0.33778907,USDT
2025-03-05T13:30:00Z,BTC/USDT,buy,89840.46778500,0.00375064,0.33695925,USDT
2025-03-05T14:30:00Z,BTC/USDT,stop_sell,88940.56532821,0.00375064,0.33358404,USDT
2025-03-05T14:45:00Z,BTC/USDT,buy,89735.57536500,0.00375141,0.33663493,USDT
2025-03-05T14:45:00Z,BTC/USDT,stop_sell,88835.95373161,0.00375141,0.33326009,USDT
2025-03-05T15:00:00Z,BTC/USDT,buy,88563.61968000,0.0037974,0.33631149,USDT
2025-03-05T15:15:00Z,BTC/USDT,sell,88796.54951500,0.0037974,0.33719602,USDT
2025-03-06T07:45:00Z,BTC/USDT,buy,91601.43783000,0.00366269,0.33550767,USDT
2025-03-06T08:00:00Z,BTC/USDT,sell,91519.56732500,0.00366269,0.33520780,USDT
2025-03-06T22:00:00Z,BTC/USDT,buy,89853.30420000,0.00374245,0.33627150,USDT
2025-03-07T00:15:00Z,BTC/USDT,stop_sell,89054.84673036,0.00374245,0.33328331,USDT
2025-03-07T05:15:00Z,BTC/USDT,buy,87905.80093500,0.00382329,0.33608937,USDT
2025-03-07T06:00:00Z,BTC/USDT,sell,88065.20537000,0.00382329,0.33669882,USDT
2025-03-07T13:00:00Z,BTC/USDT,buy,89088.48198000,0.00377219,0.33605868,USDT
2025-03-07T15:30:00Z,BTC/USDT,sell,89383.63582500,0.00377219,0.33717206,USDT
2025-03-07T21:30:00Z,BTC/USDT,buy,87127.48197000,0.00385628,0.33598797,USDT
2025-03-07T21:45:00Z,BTC/USDT,sell,86490.76298500,0.00385628,0.33353260,USDT
2025-03-08T03:00:00Z,BTC/USDT,buy,86316.19653000,0.00389292,0.33602205,USDT
2025-03-08T03:15:00Z,BTC/USDT,sell,85935.79061000,0.00389292,0.33454116,USDT
2025-03-08T06:15:00Z,BTC/USDT,buy,86445.29104500,0.00388022,0.33542675,USDT
2025-03-08T06:45:00Z,BTC/USDT,sell,86272.16234000,0.00388022,0.33475497,USDT
2025-03-08T08:00:00Z,BTC/USDT,buy,86205.01096500,0.00388872,0.33522715,USDT
2025-03-08T09:15:00Z,BTC/USDT,sell,86249.97344000,0.00388872,0.33540200,USDT
2025-03-08T10:30:00Z,BTC/USDT,buy,86244.63076500,0.00388824,0.33533982,USDT
2025-03-08T11:00:00Z,BTC/USDT,sell,85946.34533000,0.00388824,0.33418002,USDT
2025-03-08T12:45:00Z,BTC/USDT,buy,86397.81732000,0.00388057,0.33527278,USDT
2025-03-08T14:00:00Z,BTC/USDT,sell,86314.31125500,0.00388057,0.33494873,USDT
2025-03-08T14:30:00Z,BTC/USDT,buy,86464.65072000,0.0038734,0.33491218,USDT
2025-03-08T16:15:00Z,BTC/USDT,stop_sell,86136.35670536,0.0038734,0.33364056,USDT
2025-03-08T16:30:00Z,BTC/USDT,buy,85984.48075500,0.00389574,0.33497318,USDT
2025-03-08T17:15:00Z,BTC/USDT,sell,85768.90409500,0.00389574,0.33413335,USDT
2025-03-08T22:45:00Z,BTC/USDT,buy,86112.91494000,0.00388928,0.33491724,USDT
2025-03-08T23:30:00Z,BTC/USDT,sell,86231.14286000,0.00388928,0.33537706,USDT
2025-03-08T23:45:00Z,BTC/USDT,buy,86184.91092000,0.00388515,0.33484131,USDT
2025-03-09T00:15:00Z,BTC/USDT,sell,86250.87299000,0.00388515,0.33509758,USDT
2025-03-09T01:00:00Z,BTC/USDT,buy,86500.00839000,0.003873,0.33501453,USDT
2025-03-09T01:45:00Z,BTC/USDT,sell,86240.69808000,0.003873,0.33401022,USDT
2025-03-09T03:00:00Z,BTC/USDT,buy,86071.03401000,0.00389048,0.33485764,USDT
2025-03-09T03:30:00Z,BTC/USDT,sell,86082.74709500,0.00389048,0.33490321,USDT
2025-03-09T20:45:00Z,BTC/USDT,buy,83142.56050500,0.00401775,0.33404602,USDT
2025-03-09T21:00:00Z,BTC/USDT,sell,82983.57745500,0.00401775,0.33340727,USDT
2025-03-10T06:00:00Z,BTC/USDT,buy,82199.91942000,0.00406082,0.33379908,USDT
2025-03-10T07:30:00Z,BTC/USDT,sell,82125.30680500,0.00406082,0.33349609,USDT
2025-03-10T07:45:00Z,BTC/USDT,buy,82338.98892000,0.00406467,0.33468082,USDT
2025-03-10T08:15:00Z,BTC/USDT,stop_sell,81860.57602232,0.00406467,0.33273623,USDT
2025-03-10T09:30:00Z,BTC/USDT,buy,83220.41941500,0.00401233,0.33390779,USDT
2025-03-10T09:30:00Z,BTC/USDT,stop_sell,82584.70270643,0.00401233,0.33135708,USDT
2025-03-10T11:00:00Z,BTC/USDT,buy,82315.91739000,0.00405659,0.33392193,USDT
2025-03-10T12:15:00Z,BTC/USDT,sell,83096.92075500,0.00405659,0.33709014,USDT
2025-03-10T21:15:00Z,BTC/USDT,buy,79700.21019000,0.00419857,0.33462691,USDT
2025-03-10T23:45:00Z,BTC/USDT,stop_sell,78623.09949893,0.00419857,0.33010459,USDT
2025-03-11T00:15:00Z,BTC/USDT,buy,78734.72769000,0.00423562,0.33349039,USDT
2025-03-11T00:15:00Z,BTC/USDT,stop_sell,78097.95898625,0.00423562,0.33079328,USDT
2025-03-11T10:30:00Z,BTC/USDT,buy,81792.16564500,0.00408224,0.33389525,USDT
2025-03-11T12:00:00Z,BTC/USDT,sell,81709.12500000,0.00408224,0.33355626,USDT
2025-03-11T12:30:00Z,BTC/USDT,buy,81792.16564500,0.00407525,0.33332352,USDT
2025-03-11T12:45:00Z,BTC/USDT,stop_sell,81326.98616500,0.00407525,0.33142780,USDT
2025-03-11T13:30:00Z,BTC/USDT,buy,81792.12562500,0.00408884,0.33443491,USDT
2025-03-11T13:45:00Z,BTC/USDT,stop_sell,80823.10073375,0.00408884,0.33047273,USDT
2025-03-12T01:15:00Z,BTC/USDT,buy,83068.58353500,0.00401504,0.33352369,USDT
2025-03-12T02:30:00Z,BTC/USDT,sell,82694.99182000,0.00401504,0.33202370,USDT
2025-03-12T18:45:00Z,BTC/USDT,buy,82767.88326000,0.00402205,0.33289656,USDT
2025-03-12T21:30:00Z,BTC/USDT,sell,83281.77828000,0.00402205,0.33496348,USDT
2025-03-12T22:00:00Z,BTC/USDT,buy,83255.67703500,0.00399735,0.33280208,USDT
2025-03-12T23:00:00Z,BTC/USDT,sell,83381.07860500,0.00399735,0.33330335,USDT
2025-03-12T23:30:00Z,BTC/USDT,buy,83473.46587500,0.00398713,0.33281956,USDT
2025-03-13T00:00:00Z,BTC/USDT,sell,83581.68825000,0.00398713,0.33325106,USDT
2025-03-13T02:00:00Z,BTC/USDT,buy,83982.49026000,0.00396407,0.33291247,USDT
2025-03-13T04:15:00Z,BTC/USDT,stop_sell,83479.75959696,0.00396407,0.33091961,USDT
2025-03-13T04:30:00Z,BTC/USDT,buy,83590.30426500,0.00397879,0.33258827,USDT
2025-03-13T04:45:00Z,BTC/USDT,sell,83223.01767500,0.00397879,0.33112691,USDT
2025-03-13T22:00:00Z,BTC/USDT,buy,80858.40900000,0.0041179,0.33296684,USDT
2025-03-13T23:00:00Z,BTC/USDT,sell,81325.29701000,0.0041179,0.33488944,USDT
2025-03-13T23:45:00Z,BTC/USDT,buy,81094.03675500,0.00409122,0.33177355,USDT
2025-03-14T00:00:00Z,BTC/USDT,sell,81190.48445000,0.00409122,0.33216813,USDT
2025-03-14T20:00:00Z,BTC/USDT,buy,84737.99782500,0.00393336,0.33330505,USDT
2025-03-14T20:15:00Z,BTC/USDT,sell,84472.82246000,0.00393336,0.33226202,USDT
2025-03-15T02:00:00Z,BTC/USDT,buy,84434.43612000,0.00393631,0.33236012,USDT
2025-03-15T02:30:00Z,BTC/USDT,sell,84355.76102000,0.00393631,0.33205043,USDT
2025-03-15T02:45:00Z,BTC/USDT,buy,84532.46511000,0.00393479,0.33261750,USDT
2025-03-15T04:15:00Z,BTC/USDT,sell,84555.40115000,0.00393479,0.33270775,USDT
2025-03-15T15:15:00Z,BTC/USDT,buy,84306.86236500,0.00393663,0.33188492,USDT
2025-03-15T15:30:00Z,BTC/USDT,sell,84295.23130000,0.00393663,0.33183914,USDT
2025-03-15T20:30:00Z,BTC/USDT,buy,84382.18000500,0.00393707,0.33221855,USDT
2025-03-15T20:45:00Z,BTC/USDT,sell,84373.36221500,0.00393707,0.33218383,USDT
2025-03-15T23:30:00Z,BTC/USDT,buy,84326.63224500,0.00393868,0.33213562,USDT
2025-03-16T00:45:00Z,BTC/USDT,sell,84193.42223000,0.00393868,0.33161095,USDT
2025-03-16T04:00:00Z,BTC/USDT,buy,84382.11997500,0.00393482,0.33202845,USDT
2025-03-16T04:30:00Z,BTC/USDT,sell,84221.84801000,0.00393482,0.33139781,USDT
2025-03-16T16:00:00Z,BTC/USDT,buy,83451.13471500,0.00398322,0.33240423,USDT
2025-03-16T19:00:00Z,BTC/USDT,sell,83691.60326500,0.00398322,0.33336207,USDT
2025-03-16T19:30:00Z,BTC/USDT,buy,83134.79662500,0.00398837,0.33157233,USDT
2025-03-16T19:45:00Z,BTC/USDT,sell,83145.62639000,0.00398837,0.33161552,USDT
2025-03-16T20:15:00Z,BTC/USDT,buy,83351.06470500,0.00398427,0.33209315,USDT
2025-03-16T20:30:00Z,BTC/USDT,sell,83050.71387000,0.00398427,0.33089647,USDT
2025-03-17T07:00:00Z,BTC/USDT,buy,83327.36286000,0.00398633,0.33217037,USDT
2025-03-17T07:30:00Z,BTC/USDT,sell,83375.37146000,0.00398633,0.33236174,USDT
2025-03-17T09:30:00Z,BTC/USDT,buy,83674.25622000,0.00395771,0.33115844,USDT
2025-03-17T09:45:00Z,BTC/USDT,sell,83587.99509500,0.00395771,0.33081704,USDT
2025-03-17T15:30:00Z,BTC/USDT,buy,83589.04363500,0.00397107,0.33193794,USDT
2025-03-17T15:45:00Z,BTC/USDT,sell,83236.32102000,0.00397107,0.33053726,USDT
2025-03-17T17:15:00Z,BTC/USDT,buy,83774.04609000,0.00395667,0.33146625,USDT
2025-03-17T19:15:00Z,BTC/USDT,sell,84531.99286000,0.00395667,0.33446520,USDT
2025-03-18T11:30:00Z,BTC/USDT,buy,82702.22044500,0.00400863,0.33152260,USDT
2025-03-18T12:00:00Z,BTC/USDT,sell,82582.66801000,0.00400863,0.33104336,USDT
2025-03-18T18:30:00Z,BTC/USDT,buy,81453.44637000,0.00406171,0.33084028,USDT
2025-03-18T20:30:00Z,BTC/USDT,sell,81990.77410500,0.00406171,0.33302275,USDT
2025-03-18T23:15:00Z,BTC/USDT,buy,82606.90281000,0.0040152,0.33168324,USDT
2025-03-18T23:45:00Z,BTC/USDT,sell,82656.72096500,0.0040152,0.33188327,USDT
2025-03-19T04:45:00Z,BTC/USDT,buy,83064.83166000,0.00399315,0.33169033,USDT
2025-03-19T06:30:00Z,BTC/USDT,sell,83163.39750000,0.00399315,0.33208392,USDT
2025-03-19T08:15:00Z,BTC/USDT,buy,83407.71301500,0.00397595,0.33162490,USDT
2025-03-19T10:30:00Z,BTC/USDT,sell,83565.31644000,0.00397595,0.33225152,USDT
2025-03-19T16:45:00Z,BTC/USDT,buy,84736.12689000,0.00391164,0.33145722,USDT
2025-03-19T17:30:00Z,BTC/USDT,stop_sell,84219.86828607,0.00391164,0.32943781,USDT
2025-03-19T18:00:00Z,BTC/USDT,buy,84279.59874000,0.00393822,0.33191160,USDT
2025-03-19T21:30:00Z,BTC/USDT,sell,85469.10407000,0.00393822,0.33659614,USDT
2025-03-20T08:30:00Z,BTC/USDT,buy,85956.93699000,0.00385751,0.33157974,USDT
2025-03-20T08:45:00Z,BTC/USDT,sell,85964.69615000,0.00385751,0.33160968,USDT
2025-03-20T09:00:00Z,BTC/USDT,buy,86291.50419000,0.00384369,0.33167779,USDT
2025-03-20T09:30:00Z,BTC/USDT,stop_sell,85861.03800500,0.00384369,0.33002321,USDT
2025-03-20T14:30:00Z,BTC/USDT,buy,86251.53421500,0.00383625,0.33088245,USDT
2025-03-20T14:45:00Z,BTC/USDT,stop_sell,85971.59412786,0.00383625,0.32980853,USDT
2025-03-20T15:30:00Z,BTC/USDT,buy,85750.67391000,0.00386552,0.33147095,USDT
2025-03-20T15:30:00Z,BTC/USDT,stop_sell,85149.07345107,0.00386552,0.32914545,USDT
2025-03-20T21:00:00Z,BTC/USDT,buy,84616.73722500,0.00391485,0.33126183,USDT
2025-03-20T22:00:00Z,BTC/USDT,sell,84447.30522500,0.00391485,0.33059853,USDT
2025-03-20T22:15:00Z,BTC/USDT,buy,84307.65276000,0.00392102,0.33057199,USDT
2025-03-20T22:30:00Z,BTC/USDT,sell,84061.07843500,0.00392102,0.32960517,USDT
2025-03-21T02:00:00Z,BTC/USDT,buy,84726.13189500,0.00390682,0.33100975,USDT
2025-03-21T02:15:00Z,BTC/USDT,sell,84559.34917500,0.00390682,0.33035816,USDT
2025-03-21T03:45:00Z,BTC/USDT,buy,84408.55318500,0.0039145,0.33041728,USDT
2025-03-21T05:30:00Z,BTC/USDT,sell,84413.84196500,0.0039145,0.33043798,USDT
2025-03-21T05:45:00Z,BTC/USDT,buy,84389.01342000,0.00391336,0.33024459,USDT
2025-03-21T06:00:00Z,BTC/USDT,sell,84443.93691000,0.00391336,0.33045952,USDT
2025-03-21T12:00:00Z,BTC/USDT,buy,84079.46872500,0.00392831,0.33029022,USDT
2025-03-21T12:30:00Z,BTC/USDT,stop_sell,83807.68805071,0.00392831,0.32922258,USDT
2025-03-21T14:00:00Z,BTC/USDT,buy,83958.29817000,0.00393211,0.33013326,USDT
2025-03-21T14:15:00Z,BTC/USDT,sell,83800.68869500,0.00393211,0.32951353,USDT
2025-03-21T16:30:00Z,BTC/USDT,buy,84038.19810000,0.00393035,0.33029953,USDT
2025-03-21T16:45:00Z,BTC/USDT,sell,83904.05698500,0.00393035,0.32977231,USDT
2025-03-21T17:30:00Z,BTC/USDT,buy,84090.09403500,0.00392852,0.33034962,USDT
2025-03-21T18:45:00Z,BTC/USDT,sell,84319.83899000,0.00392852,0.33125217,USDT
2025-03-21T19:00:00Z,BTC/USDT,buy,84261.61975500,0.00392076,0.33036959,USDT
2025-03-21T19:15:00Z,BTC/USDT,sell,84068.93450500,0.00392076,0.32961412,USDT
2025-03-22T00:00:00Z,BTC/USDT,buy,84110.88442500,0.00392368,0.33002420,USDT
2025-03-22T00:15:00Z,BTC/USDT,sell,84085.93600000,0.00392368,0.32992631,USDT
2025-03-22T06:15:00Z,BTC/USDT,buy,84504.64120500,0.00391128,0.33052131,USDT
2025-03-22T06:30:00Z,BTC/USDT,stop_sell,84204.91719393,0.00391128,0.32934901,USDT
2025-03-23T01:45:00Z,BTC/USDT,buy,84170.96445000,0.00392491,0.33036346,USDT
2025-03-23T04:15:00Z,BTC/USDT,sell,84148.98446000,0.00392491,0.33027719,USDT
2025-03-23T15:30:00Z,BTC/USDT,buy,85144.21083000,0.00387338,0.32979588,USDT
2025-03-23T18:00:00Z,BTC/USDT,stop_sell,84890.65736661,0.00387338,0.32881377,USDT
2025-03-23T18:15:00Z,BTC/USDT,buy,84974.13583500,0.00388346,0.32999366,USDT
2025-03-23T18:45:00Z,BTC/USDT,sell,84895.43105000,0.00388346,0.32968801,USDT
2025-03-23T19:15:00Z,BTC/USDT,buy,84990.79416000,0.00387349,0.32921099,USDT
2025-03-23T20:00:00Z,BTC/USDT,sell,84912.40256000,0.00387349,0.32890734,USDT
2025-03-23T20:45:00Z,BTC/USDT,buy,85294.37587500,0.00386746,0.32987259,USDT
2025-03-23T21:00:00Z,BTC/USDT,sell,85076.85029500,0.00386746,0.32903132,USDT
2025-03-23T22:30:00Z,BTC/USDT,buy,85407.60246000,0.00385486,0.32923435,USDT
2025-03-24T01:00:00Z,BTC/USDT,sell,85886.28537500,0.00385486,0.33107961,USDT
2025-03-24T01:15:00Z,BTC/USDT,buy,85857.22716000,0.00383968,0.32966428,USDT
2025-03-24T03:30:00Z,BTC/USDT,sell,86341.06787000,0.00383968,0.33152207,USDT
2025-03-24T12:00:00Z,BTC/USDT,buy,87848.04207000,0.00375384,0.32976749,USDT
2025-03-24T12:00:00Z,BTC/USDT,stop_sell,87492.73710446,0.00375384,0.32843374,USDT
2025-03-24T17:00:00Z,BTC/USDT,buy,88108.69233000,0.003741,0.32961462,USDT
2025-03-24T20:45:00Z,BTC/USDT,sell,87955.99000500,0.003741,0.32904336,USDT
2025-03-24T21:15:00Z,BTC/USDT,buy,88043.97999000,0.00374264,0.32951692,USDT
2025-03-24T22:00:00Z,BTC/USDT,sell,88042.50672500,0.00374264,0.32951141,USDT
2025-03-25T14:30:00Z,BTC/USDT,buy,87719.90803500,0.00375146,0.32907773,USDT
2025-03-25T19:30:00Z,BTC/USDT,sell,87848.18393500,0.00375146,0.32955895,USDT
2025-03-25T20:00:00Z,BTC/USDT,buy,88097.44671000,0.00373339,0.32890213,USDT
2025-03-25T20:45:00Z,BTC/USDT,sell,88006.35481000,0.00373339,0.32856204,USDT
2025-03-25T21:15:00Z,BTC/USDT,buy,88229.03247000,0.00373525,0.32955749,USDT
2025-03-25T21:30:00Z,BTC/USDT,sell,87879.33835000,0.00373525,0.32825130,USDT
2025-03-26T20:15:00Z,BTC/USDT,buy,86683.58013000,0.00379864,0.32927971,USDT
2025-03-27T01:30:00Z,BTC/USDT,sell,87113.99121500,0.00379864,0.33091469,USDT
2025-03-27T02:00:00Z,BTC/USDT,buy,87425.39085000,0.0037665,0.32928773,USDT
2025-03-27T02:15:00Z,BTC/USDT,sell,87430.04311000,0.0037665,0.32930526,USDT
2025-03-27T09:00:00Z,BTC/USDT,buy,87608.83252500,0.00375803,0.32923662,USDT
2025-03-27T10:15:00Z,BTC/USDT,sell,87400.58784500,0.00375803,0.32845403,USDT
2025-03-27T10:30:00Z,BTC/USDT,buy,87522.53940000,0.00375554,0.32869440,USDT
2025-03-27T10:45:00Z,BTC/USDT,stop_sell,87298.98438643,0.00375554,0.32785483,USDT
2025-03-27T18:30:00Z,BTC/USDT,buy,87125.82114000,0.00377717,0.32908904,USDT
2025-03-27T20:00:00Z,BTC/USDT,sell,87016.18014500,0.00377717,0.32867491,USDT
2025-03-27T20:30:00Z,BTC/USDT,buy,87301.43890500,0.00376802,0.32895357,USDT
2025-03-27T22:00:00Z,BTC/USDT,sell,87512.91165500,0.00376802,0.32975040,USDT
2025-03-28T01:00:00Z,BTC/USDT,buy,87317.15676000,0.00376764,0.32897961,USDT
2025-03-28T01:30:00Z,BTC/USDT,sell,87120.37802000,0.00376764,0.32823822,USDT
2025-03-28T01:45:00Z,BTC/USDT,buy,87413.02467000,0.0037611,0.32876913,USDT
2025-03-28T01:45:00Z,BTC/USDT,stop_sell,87165.23772179,0.0037611,0.32783718,USDT
2025-03-28T12:30:00Z,BTC/USDT,buy,85747.76245500,0.00384201,0.32944376,USDT
2025-03-28T12:30:00Z,BTC/USDT,stop_sell,85207.92258321,0.00384201,0.32736969,USDT
2025-03-28T13:15:00Z,BTC/USDT,buy,85478.11770000,0.00384343,0.32852916,USDT
2025-03-28T14:00:00Z,BTC/USDT,sell,85045.18613500,0.00384343,0.32686522,USDT
2025-03-28T21:15:00Z,BTC/USDT,buy,83977.89796500,0.00390471,0.32790934,USDT
2025-03-29T01:00:00Z,BTC/USDT,sell,84323.81700000,0.00390471,0.32926005,USDT
2025-03-29T01:15:00Z,BTC/USDT,buy,84456.60720000,0.00388643,0.32823469,USDT
2025-03-29T01:45:00Z,BTC/USDT,stop_sell,84204.75905875,0.00388643,0.32725590,USDT
2025-03-29T20:00:00Z,BTC/USDT,buy,82585.85229000,0.00397215,0.32804339,USDT
2025-03-29T20:15:00Z,BTC/USDT,sell,82390.14432000,0.00397215,0.32726601,USDT
2025-03-29T20:30:00Z,BTC/USDT,buy,82578.87880500,0.00396909,0.32776300,USDT
2025-03-29T21:00:00Z,BTC/USDT,sell,82484.53710000,0.00396909,0.32738855,USDT
2025-03-29T21:30:00Z,BTC/USDT,buy,82527.55315500,0.00396649,0.32734471,USDT
2025-03-29T21:30:00Z,BTC/USDT,stop_sell,82323.76288446,0.00396649,0.32653638,USDT
2025-03-29T21:45:00Z,BTC/USDT,buy,82644.20145000,0.0039739,0.32841979,USDT
2025-03-29T23:30:00Z,BTC/USDT,sell,82408.77500000,0.0039739,0.32748423,USDT
2025-03-30T00:00:00Z,BTC/USDT,buy,82691.45506500,0.00396657,0.32800144,USDT
2025-03-30T00:45:00Z,BTC/USDT,sell,82456.40117500,0.00396657,0.32706909,USDT
2025-03-30T01:00:00Z,BTC/USDT,buy,82859.27893500,0.00395625,0.32781202,USDT
2025-03-30T01:30:00Z,BTC/USDT,sell,82870.88383000,0.00395625,0.32785793,USDT
2025-03-30T01:45:00Z,BTC/USDT,buy,82941.18987000,0.00394382,0.32710512,USDT
2025-03-30T02:00:00Z,BTC/USDT,sell,82974.60194500,0.00394382,0.32723689,USDT
2025-03-30T07:15:00Z,BTC/USDT,buy,83283.75106500,0.00393321,0.32757248,USDT
2025-03-30T07:45:00Z,BTC/USDT,sell,83116.37102500,0.00393321,0.32691414,USDT
2025-03-30T08:30:00Z,BTC/USDT,buy,83420.90961000,0.00393214,0.32802270,USDT
2025-03-30T11:30:00Z,BTC/USDT,sell,83058.73985500,0.00393214,0.32659859,USDT
2025-03-30T22:45:00Z,BTC/USDT,buy,82573.89631500,0.00396428,0.32734605,USDT
2025-03-30T23:00:00Z,BTC/USDT,sell,82313.90246000,0.00396428,0.32631536,USDT
2025-03-31T06:45:00Z,BTC/USDT,buy,82079.64931500,0.00398775,0.32731312,USDT
2025-03-31T07:45:00Z,BTC/USDT,sell,81764.62723500,0.00398775,0.32605689,USDT
2025-03-31T08:00:00Z,BTC/USDT,buy,81999.02902500,0.00399514,0.32759760,USDT
2025-03-31T09:15:00Z,BTC/USDT,sell,81589.51483500,0.00399514,0.32596153,USDT
2025-03-31T11:30:00Z,BTC/USDT,buy,81975.08706000,0.00398009,0.32626822,USDT
2025-03-31T13:45:00Z,BTC/USDT,stop_sell,81713.97114714,0.00398009,0.32522896,USDT
2025-03-31T14:00:00Z,BTC/USDT,buy,82777.72818000,0.00395624,0.32748856,USDT
2025-03-31T14:30:00Z,BTC/USDT,sell,83056.31107000,0.00395624,0.32859070,USDT
2025-04-01T00:45:00Z,BTC/USDT,buy,82778.20842000,0.00395063,0.32702607,USDT
2025-04-01T01:00:00Z,BTC/USDT,sell,82602.62802500,0.00395063,0.32633242,USDT
2025-04-01T01:45:00Z,BTC/USDT,buy,82718.46856500,0.00394902,0.32665689,USDT
2025-04-01T03:30:00Z,BTC/USDT,sell,83005.00673500,0.00394902,0.32778843,USDT
2025-04-01T05:00:00Z,BTC/USDT,buy,83138.40843000,0.00392964,0.32670402,USDT
2025-04-01T05:15:00Z,BTC/USDT,sell,83175.48145500,0.00392964,0.32684970,USDT
2025-04-01T07:30:00Z,BTC/USDT,buy,83449.84407000,0.00391256,0.32650252,USDT
2025-04-01T07:45:00Z,BTC/USDT,sell,83518.22000000,0.00391256,0.32677005,USDT
2025-04-01T15:15:00Z,BTC/USDT,buy,84910.82419500,0.00384648,0.32660779,USDT
2025-04-01T20:30:00Z,BTC/USDT,sell,85039.64890500,0.00384648,0.32710331,USDT
2025-04-01T21:00:00Z,BTC/USDT,buy,85372.42488000,0.00382938,0.32692346,USDT
2025-04-02T00:30:00Z,BTC/USDT,sell,85048.17464000,0.00382938,0.32568178,USDT
2025-04-02T00:45:00Z,BTC/USDT,buy,85183.68055500,0.00383765,0.32690515,USDT
2025-04-02T01:00:00Z,BTC/USDT,sell,84955.48101000,0.00383765,0.32602940,USDT
2025-04-02T08:45:00Z,BTC/USDT,buy,84746.81223000,0.00385096,0.32635658,USDT
2025-04-02T09:00:00Z,BTC/USDT,sell,84647.76494500,0.00385096,0.32597516,USDT
2025-04-02T12:45:00Z,BTC/USDT,buy,84966.65209500,0.00383581,0.32591593,USDT
2025-04-02T13:15:00Z,BTC/USDT,sell,84746.00580000,0.00383581,0.32506958,USDT
2025-04-02T13:45:00Z,BTC/USDT,buy,85513.56541500,0.00381422,0.32616755,USDT
2025-04-02T14:00:00Z,BTC/USDT,sell,85210.37350000,0.00381422,0.32501111,USDT
2025-04-03T03:00:00Z,BTC/USDT,buy,83783.99106000,0.0038899,0.32591135,USDT
2025-04-03T03:15:00Z,BTC/USDT,sell,83574.79170000,0.0038899,0.32509758,USDT
2025-04-03T08:30:00Z,BTC/USDT,buy,83638.82851500,0.00389406,0.32569462,USDT
2025-04-03T09:30:00Z,BTC/USDT,sell,83690.31391000,0.00389406,0.32589510,USDT
2025-04-03T09:45:00Z,BTC/USDT,buy,83637.62791500,0.00389083,0.32541979,USDT
2025-04-03T10:00:00Z,BTC/USDT,sell,83524.59681000,0.00389083,0.32498001,USDT
2025-04-03T10:15:00Z,BTC/USDT,buy,83659.50885000,0.00388731,0.32521045,USDT
2025-04-03T10:15:00Z,BTC/USDT,stop_sell,83476.65008107,0.00388731,0.32449962,USDT
2025-04-03T17:45:00Z,BTC/USDT,buy,82158.89892000,0.00396523,0.32577893,USDT
2025-04-03T18:00:00Z,BTC/USDT,sell,81862.80812000,0.00396523,0.32460486,USDT
2025-04-04T02:15:00Z,BTC/USDT,buy,83111.82514500,0.00391391,0.32529220,USDT
2025-04-04T03:15:00Z,BTC/USDT,sell,82816.79089000,0.00391391,0.32413747,USDT
2025-04-04T03:30:00Z,BTC/USDT,buy,82778.20842000,0.00392102,0.32457501,USDT
2025-04-04T03:45:00Z,BTC/USDT,sell,82803.17770000,0.00392102,0.32467292,USDT
2025-04-04T04:00:00Z,BTC/USDT,buy,82752.09537000,0.00392449,0.32475977,USDT
2025-04-04T04:15:00Z,BTC/USDT,sell,82644.07729000,0.00392449,0.32433585,USDT
2025-04-04T05:45:00Z,BTC/USDT,buy,83220.41941500,0.00390726,0.32516382,USDT
2025-04-04T06:00:00Z,BTC/USDT,sell,83156.30105000,0.00390726,0.32491329,USDT
2025-04-04T15:15:00Z,BTC/USDT,buy,83552.29527000,0.00389205,0.32518971,USDT
2025-04-04T15:30:00Z,BTC/USDT,sell,83347.65532500,0.00389205,0.32439324,USDT
2025-04-04T20:30:00Z,BTC/USDT,buy,83993.62582500,0.00387445,0.32542910,USDT
2025-04-04T20:45:00Z,BTC/USDT,sell,84032.16290000,0.00387445,0.32557841,USDT
2025-04-05T05:15:00Z,BTC/USDT,buy,83708.40328500,0.00387708,0.32454418,USDT
2025-04-05T06:00:00Z,BTC/USDT,sell,83713.22245000,0.00387708,0.32456286,USDT
2025-04-05T11:30:00Z,BTC/USDT,buy,83705.99208000,0.00387859,0.32466122,USDT
2025-04-05T11:30:00Z,BTC/USDT,stop_sell,83490.62915946,0.00387859,0.32382592,USDT
2025-04-05T11:45:00Z,BTC/USDT,buy,83543.02063500,0.00388703,0.32473423,USDT
2025-04-05T12:00:00Z,BTC/USDT,sell,83434.43191500,0.00388703,0.32431214,USDT
2025-04-05T12:30:00Z,BTC/USDT,buy,83492.78553000,0.00388543,0.32440537,USDT
2025-04-05T12:30:00Z,BTC/USDT,stop_sell,83309.17243321,0.00388543,0.32369196,USDT
2025-04-05T18:15:00Z,BTC/USDT,buy,83053.33591500,0.00390643,0.32444204,USDT
2025-04-05T19:00:00Z,BTC/USDT,sell,83066.92576000,0.00390643,0.32449513,USDT
2025-04-05T19:15:00Z,BTC/USDT,buy,83091.78513000,0.00390133,0.32416847,USDT
2025-04-05T19:30:00Z,BTC/USDT,stop_sell,82898.76452554,0.00390133,0.32341544,USDT
2025-04-05T20:15:00Z,BTC/USDT,buy,83021.44998000,0.00390287,0.32402193,USDT
2025-04-05T22:45:00Z,BTC/USDT,sell,83079.64939500,0.00390287,0.32424907,USDT
2025-04-06T05:15:00Z,BTC/USDT,buy,83587.63293000,0.00388112,0.32441363,USDT
2025-04-06T05:30:00Z,BTC/USDT,stop_sell,83348.46135036,0.00388112,0.32348538,USDT
2025-04-07T03:30:00Z,BTC/USDT,buy,78229.85538000,0.00413871,0.32377068,USDT
2025-04-07T03:30:00Z,BTC/USDT,stop_sell,77562.65712821,0.00413871,0.32100934,USDT
2025-04-07T10:30:00Z,BTC/USDT,buy,77168.00472000,0.00419794,0.32394665,USDT
2025-04-07T11:45:00Z,BTC/USDT,sell,76552.63453500,0.00419794,0.32136337,USDT
2025-04-08T00:00:00Z,BTC/USDT,buy,79234.08724500,0.00408674,0.32380911,USDT
2025-04-08T02:30:00Z,BTC/USDT,sell,80415.08234500,0.00408674,0.32863553,USDT
2025-04-08T11:45:00Z,BTC/USDT,buy,79797.81897000,0.00406463,0.32434861,USDT
2025-04-08T12:00:00Z,BTC/USDT,sell,79905.07747500,0.00406463,0.32478458,USDT
2025-04-09T05:45:00Z,BTC/USDT,buy,76623.59265000,0.00422914,0.32405190,USDT
2025-04-09T06:30:00Z,BTC/USDT,sell,76855.26314500,0.00422914,0.32503167,USDT
2025-04-09T14:00:00Z,BTC/USDT,buy,77816.50881000,0.00416448,0.32406529,USDT
2025-04-09T14:45:00Z,BTC/USDT,sell,77609.06605500,0.00416448,0.32320140,USDT
2025-04-09T15:15:00Z,BTC/USDT,buy,77445.83356500,0.00418763,0.32431450,USDT
2025-04-09T15:45:00Z,BTC/USDT,sell,77222.11962500,0.00418763,0.32337766,USDT
2025-04-09T16:00:00Z,BTC/USDT,buy,77303.69253000,0.00419596,0.32436320,USDT
2025-04-09T16:45:00Z,BTC/USDT,sell,77717.21195500,0.00419596,0.32609831,USDT
2025-04-09T23:30:00Z,BTC/USDT,buy,82836.91776000,0.00390804,0.32372999,USDT
2025-04-10T00:00:00Z,BTC/USDT,sell,82589.57455500,0.00390804,0.32276336,USDT
2025-04-10T00:30:00Z,BTC/USDT,buy,82409.50416000,0.00392886,0.32377540,USDT
2025-04-10T00:45:00Z,BTC/USDT,sell,82151.02394000,0.00392886,0.32275987,USDT
2025-04-10T01:00:00Z,BTC/USDT,buy,82278.79884000,0.00393348,0.32364201,USDT
2025-04-10T01:30:00Z,BTC/USDT,sell,82283.33775000,0.00393348,0.32365986,USDT
2025-04-10T05:30:00Z,BTC/USDT,buy,82149.19407000,0.0039385,0.32354460,USDT
2025-04-10T05:45:00Z,BTC/USDT,sell,82106.55618500,0.0039385,0.32337667,USDT
2025-04-10T08:15:00Z,BTC/USDT,buy,81768.55384500,0.00396262,0.32401771,USDT
2025-04-10T08:45:00Z,BTC/USDT,sell,81427.17604500,0.00396262,0.32266496,USDT
2025-04-10T09:30:00Z,BTC/USDT,buy,81899.94951000,0.00394831,0.32336639,USDT
2025-04-10T09:45:00Z,BTC/USDT,sell,81768.67521000,0.00394831,0.32284808,USDT
2025-04-10T12:30:00Z,BTC/USDT,buy,82155.29712000,0.00394055,0.32373706,USDT
2025-04-10T12:45:00Z,BTC/USDT,stop_sell,81620.93911500,0.00394055,0.32163139,USDT
2025-04-10T20:30:00Z,BTC/USDT,buy,79727.97406500,0.00405253,0.32310001,USDT
2025-04-10T21:00:00Z,BTC/USDT,sell,79931.54423500,0.00405253,0.32392498,USDT
2025-04-11T11:15:00Z,BTC/USDT,buy,82608.54363000,0.00390875,0.32289614,USDT
2025-04-11T11:30:00Z,BTC/USDT,stop_sell,82104.29588714,0.00390875,0.32092517,USDT
2025-04-11T18:45:00Z,BTC/USDT,buy,83854.12611000,0.00384784,0.32265726,USDT
2025-04-11T21:30:00Z,BTC/USDT,sell,83858.82961000,0.00384784,0.32267536,USDT
2025-04-12T20:45:00Z,BTC/USDT,buy,85803.83047500,0.00376325,0.32290127,USDT
2025-04-12T21:00:00Z,BTC/USDT,sell,85411.92267500,0.00376325,0.32142642,USDT
2025-04-13T03:45:00Z,BTC/USDT,buy,85542.75000000,0.00377166,0.32263817,USDT
2025-04-13T04:00:00Z,BTC/USDT,stop_sell,85023.79005268,0.00377166,0.32068083,USDT
2025-04-13T09:30:00Z,BTC/USDT,buy,84724.88127000,0.00380389,0.32228413,USDT
2025-04-13T10:00:00Z,BTC/USDT,sell,84893.16218500,0.00380389,0.32292425,USDT
2025-04-13T17:15:00Z,BTC/USDT,buy,84575.33653500,0.00381208,0.32240795,USDT
2025-04-13T17:45:00Z,BTC/USDT,sell,84781.26816000,0.00381208,0.32319298,USDT
2025-04-13T20:00:00Z,BTC/USDT,buy,83909.73390000,0.00383993,0.32220750,USDT
2025-04-13T20:30:00Z,BTC/USDT,sell,84025.96600000,0.00383993,0.32265383,USDT
2025-04-14T00:30:00Z,BTC/USDT,buy,84713.88577500,0.00380232,0.32210930,USDT
2025-04-14T00:45:00Z,BTC/USDT,sell,84776.61049000,0.00380232,0.32234780,USDT
2025-04-14T08:45:00Z,BTC/USDT,buy,84876.66712500,0.00379836,0.32239214,USDT
2025-04-14T09:00:00Z,BTC/USDT,sell,84850.93331000,0.00379836,0.32229439,USDT
2025-04-14T10:30:00Z,BTC/USDT,buy,84708.77322000,0.00380699,0.32248545,USDT
2025-04-14T10:45:00Z,BTC/USDT,sell,84751.65297500,0.00380699,0.32264870,USDT
2025-04-14T18:30:00Z,BTC/USDT,buy,84980.44899000,0.00379627,0.32260873,USDT
2025-04-14T19:30:00Z,BTC/USDT,sell,84924.72639500,0.00379627,0.32239719,USDT
2025-04-14T20:00:00Z,BTC/USDT,buy,85058.26788000,0.00379786,0.32303939,USDT
2025-04-14T21:30:00Z,BTC/USDT,sell,84746.78541000,0.00379786,0.32185643,USDT
2025-04-14T21:45:00Z,BTC/USDT,buy,84578.76825000,0.00380804,0.32207933,USDT
2025-04-14T22:30:00Z,BTC/USDT,sell,84511.42315000,0.00380804,0.32182288,USDT
2025-04-15T01:00:00Z,BTC/USDT,buy,84964.12083000,0.00378992,0.32200722,USDT
2025-04-15T01:00:00Z,BTC/USDT,stop_sell,84584.63652500,0.00378992,0.32056901,USDT
2025-04-15T01:15:00Z,BTC/USDT,buy,84747.99282000,0.00379598,0.32170169,USDT
2025-04-15T02:45:00Z,BTC/USDT,sell,84848.91432000,0.00379598,0.32208478,USDT
2025-04-15T03:00:00Z,BTC/USDT,buy,85295.62650000,0.00377316,0.32183405,USDT
2025-04-15T06:15:00Z,BTC/USDT,sell,85398.57935000,0.00377316,0.32222250,USDT
2025-04-15T06:45:00Z,BTC/USDT,buy,85475.47638000,0.0037593,0.32132796,USDT
2025-04-15T07:45:00Z,BTC/USDT,sell,85607.18499500,0.0037593,0.32182309,USDT
2025-04-16T05:00:00Z,BTC/USDT,buy,83726.62239000,0.00384767,0.32215241,USDT
2025-04-16T05:15:00Z,BTC/USDT,stop_sell,83337.20091196,0.00384767,0.32065405,USDT
2025-04-16T05:45:00Z,BTC/USDT,buy,83498.00814000,0.00385307,0.32172367,USDT
2025-04-16T06:15:00Z,BTC/USDT,sell,83421.75825500,0.00385307,0.32142987,USDT
2025-04-16T06:30:00Z,BTC/USDT,buy,83543.37081000,0.00385055,0.32168793,USDT
2025-04-16T06:45:00Z,BTC/USDT,sell,83535.60130500,0.00385055,0.32165801,USDT
2025-04-16T08:45:00Z,BTC/USDT,buy,83942.73039000,0.00382425,0.32101799,USDT
2025-04-16T09:45:00Z,BTC/USDT,stop_sell,83603.73722000,0.00382425,0.31972159,USDT
2025-04-16T10:15:00Z,BTC/USDT,buy,83779.91902500,0.00383872,0.32160765,USDT
2025-04-16T12:45:00Z,BTC/USDT,sell,83864.95654500,0.00383872,0.32193409,USDT
2025-04-16T13:00:00Z,BTC/USDT,buy,83789.87400000,0.00382976,0.32089511,USDT
2025-04-16T13:15:00Z,BTC/USDT,sell,83725.14648500,0.00382976,0.32064722,USDT
2025-04-16T14:30:00Z,BTC/USDT,buy,84416.39710500,0.00380494,0.32119933,USDT
2025-04-16T15:00:00Z,BTC/USDT,sell,84573.43213000,0.00380494,0.32179683,USDT
2025-04-16T18:15:00Z,BTC/USDT,buy,84310.92439500,0.00381125,0.32133001,USDT
2025-04-16T18:30:00Z,BTC/USDT,sell,84291.13335000,0.00381125,0.32125458,USDT
2025-04-17T01:45:00Z,BTC/USDT,buy,84427.76278500,0.00380305,0.32108300,USDT
2025-04-17T01:45:00Z,BTC/USDT,stop_sell,84166.45750482,0.00380305,0.32008925,USDT
2025-04-17T12:00:00Z,BTC/USDT,buy,84658.66818000,0.00378904,0.32077508,USDT
2025-04-17T12:15:00Z,BTC/USDT,sell,84803.37710000,0.00378904,0.32132339,USDT
2025-04-17T12:30:00Z,BTC/USDT,buy,84882.27993000,0.00378481,0.32126330,USDT
2025-04-17T13:15:00Z,BTC/USDT,stop_sell,84536.54058500,0.00378481,0.31995474,USDT
2025-04-17T13:45:00Z,BTC/USDT,buy,84525.89182500,0.00379251,0.32056529,USDT
2025-04-17T14:00:00Z,BTC/USDT,stop_sell,84291.70306500,0.00379251,0.31967713,USDT
2025-04-17T15:15:00Z,BTC/USDT,buy,84684.66117000,0.00378843,0.32082191,USDT
2025-04-17T16:15:00Z,BTC/USDT,sell,84725.76592500,0.00378843,0.32097763,USDT
2025-04-17T22:00:00Z,BTC/USDT,buy,85080.33891000,0.00376866,0.32063887,USDT
2025-04-17T22:45:00Z,BTC/USDT,sell,84902.42755000,0.00376866,0.31996838,USDT
2025-04-18T00:00:00Z,BTC/USDT,buy,85004.50101000,0.00377199,0.32063613,USDT
2025-04-18T00:30:00Z,BTC/USDT,sell,84765.77591000,0.00377199,0.31973566,USDT
2025-04-18T01:15:00Z,BTC/USDT,buy,85040.47899000,0.00376937,0.32054903,USDT
2025-04-18T01:45:00Z,BTC/USDT,sell,84993.86181000,0.00376937,0.32037331,USDT
2025-04-18T13:00:00Z,BTC/USDT,buy,84649.09339500,0.00378357,0.32027577,USDT
2025-04-18T13:15:00Z,BTC/USDT,sell,84551.22324000,0.00378357,0.31990547,USDT
2025-04-18T14:45:00Z,BTC/USDT,buy,84613.01536500,0.00378591,0.32033726,USDT
2025-04-18T15:15:00Z,BTC/USDT,sell,84414.88144500,0.00378591,0.31958714,USDT
2025-04-18T18:00:00Z,BTC/USDT,buy,84567.77275500,0.003784,0.32000445,USDT
2025-04-18T18:45:00Z,BTC/USDT,sell,84566.47561000,0.003784,0.31999954,USDT
2025-04-19T09:00:00Z,BTC/USDT,buy,85356.42688500,0.00375362,0.32039559,USDT
2025-04-19T09:30:00Z,BTC/USDT,sell,85143.61689500,0.00375362,0.31959678,USDT
2025-04-19T11:15:00Z,BTC/USDT,buy,85212.73507500,0.00375609,0.32006670,USDT
2025-04-19T16:00:00Z,BTC/USDT,sell,85217.00018500,0.00375609,0.32008272,USDT
2025-04-19T16:15:00Z,BTC/USDT,buy,85281.72955500,0.00375401,0.32014847,USDT
2025-04-19T16:30:00Z,BTC/USDT,sell,85044.34655500,0.00375401,0.31925733,USDT
2025-04-20T00:30:00Z,BTC/USDT,buy,85188.41292000,0.00375489,0.31987312,USDT
2025-04-20T01:15:00Z,BTC/USDT,sell,85154.75132500,0.00375489,0.31974672,USDT
2025-04-20T14:15:00Z,BTC/USDT,buy,84605.27149500,0.00377795,0.31963449,USDT
2025-04-20T15:30:00Z,BTC/USDT,stop_sell,84335.09136000,0.00377795,0.31861376,USDT
2025-04-20T15:45:00Z,BTC/USDT,buy,84542.25000000,0.00378299,0.31982249,USDT
2025-04-20T19:00:00Z,BTC/USDT,sell,84568.49460000,0.00378299,0.31992177,USDT
2025-04-20T19:15:00Z,BTC/USDT,buy,84628.62316500,0.00377682,0.31962708,USDT
2025-04-20T19:30:00Z,BTC/USDT,sell,84568.07481000,0.00377682,0.31939840,USDT
2025-04-20T22:45:00Z,BTC/USDT,buy,84822.85023000,0.00376822,0.31963116,USDT
2025-04-20T23:00:00Z,BTC/USDT,sell,84932.01275000,0.00376822,0.32004251,USDT
2025-04-20T23:45:00Z,BTC/USDT,buy,85151.27436000,0.00375453,0.31970301,USDT
2025-04-21T07:45:00Z,BTC/USDT,sell,87406.27500000,0.00375453,0.32816948,USDT
2025-04-21T08:15:00Z,BTC/USDT,buy,87499.69798500,0.00365364,0.31969240,USDT
2025-04-21T08:30:00Z,BTC/USDT,sell,87612.94161500,0.00365364,0.32010615,USDT
2025-04-21T14:15:00Z,BTC/USDT,buy,87683.79999000,0.00365446,0.32043694,USDT
2025-04-21T16:45:00Z,BTC/USDT,stop_sell,87071.88977625,0.00365446,0.31820074,USDT
2025-04-21T21:45:00Z,BTC/USDT,buy,87296.81659500,0.00366538,0.31997601,USDT
2025-04-21T22:15:00Z,BTC/USDT,sell,87071.17263500,0.00366538,0.31914893,USDT
2025-04-21T23:30:00Z,BTC/USDT,buy,87364.58046000,0.00366255,0.31997714,USDT
2025-04-22T00:45:00Z,BTC/USDT,sell,87289.66333500,0.00366255,0.31970276,USDT
2025-04-22T01:00:00Z,BTC/USDT,buy,87696.07612500,0.00364504,0.31965571,USDT
2025-04-22T02:30:00Z,BTC/USDT,sell,88005.97500000,0.00364504,0.32078530,USDT
2025-04-22T07:15:00Z,BTC/USDT,buy,88262.50920000,0.00362313,0.31978654,USDT
2025-04-22T08:15:00Z,BTC/USDT,sell,88505.37517500,0.00362313,0.32066648,USDT
2025-04-22T08:45:00Z,BTC/USDT,buy,88417.79680500,0.00361544,0.31966924,USDT
2025-04-22T10:00:00Z,BTC/USDT,sell,88548.10380000,0.00361544,0.32014036,USDT
2025-04-22T10:45:00Z,BTC/USDT,buy,88531.27351500,0.00360884,0.31949520,USDT
2025-04-22T11:00:00Z,BTC/USDT,sell,88455.44015500,0.00360884,0.31922153,USDT
2025-04-22T14:30:00Z,BTC/USDT,buy,90243.96943500,0.00354329,0.31976055,USDT
2025-04-22T15:00:00Z,BTC/USDT,sell,90718.49806000,0.00354329,0.32144195,USDT
2025-04-22T18:15:00Z,BTC/USDT,buy,91336.18527000,0.00350554,0.32018265,USDT
2025-04-22T18:30:00Z,BTC/USDT,sell,91206.50393500,0.00350554,0.31972805,USDT
2025-04-22T20:00:00Z,BTC/USDT,buy,91433.64397500,0.00349595,0.31964745,USDT
2025-04-22T22:15:00Z,BTC/USDT,sell,92787.06326000,0.00349595,0.32437893,USDT
2025-04-23T16:45:00Z,BTC/USDT,buy,93608.87104500,0.00342125,0.32025935,USDT
2025-04-23T17:00:00Z,BTC/USDT,sell,93595.88864500,0.00342125,0.32021493,USDT
2025-04-23T17:30:00Z,BTC/USDT,buy,93802.22767500,0.00341241,0.32009166,USDT
2025-04-23T18:00:00Z,BTC/USDT,sell,93802.92507500,0.00341241,0.32009404,USDT
2025-04-23T18:15:00Z,BTC/USDT,buy,94117.14505500,0.00339943,0.31994465,USDT
2025-04-23T19:00:00Z,BTC/USDT,sell,93604.16450500,0.00339943,0.31820080,USDT
2025-04-23T19:15:00Z,BTC/USDT,buy,93395.14423500,0.00342367,0.31975415,USDT
2025-04-23T19:30:00Z,BTC/USDT,sell,93053.34005500,0.00342367,0.31858393,USDT
2025-04-23T19:45:00Z,BTC/USDT,buy,93457.17523500,0.00342309,0.31991232,USDT
2025-04-23T21:30:00Z,BTC/USDT,sell,93690.50131500,0.00342309,0.32071102,USDT
2025-04-24T02:30:00Z,BTC/USDT,buy,93601.50736500,0.00341441,0.31959392,USDT
2025-04-24T02:45:00Z,BTC/USDT,sell,93169.71184000,0.00341441,0.31811960,USDT
2025-04-24T11:00:00Z,BTC/USDT,buy,92581.64769000,0.00344959,0.31936873,USDT
2025-04-24T11:15:00Z,BTC/USDT,sell,92311.63109500,0.00344959,0.31843728,USDT
2025-04-24T11:45:00Z,BTC/USDT,buy,92574.74424000,0.00344974,0.31935880,USDT
2025-04-24T12:00:00Z,BTC/USDT,sell,92516.07882000,0.00344974,0.31915642,USDT
2025-04-24T12:15:00Z,BTC/USDT,buy,92608.64118000,0.003451,0.31959242,USDT
2025-04-24T13:00:00Z,BTC/USDT,sell,92649.03231000,0.003451,0.31973181,USDT
2025-04-24T22:00:00Z,BTC/USDT,buy,93434.68399500,0.00341762,0.31932424,USDT
2025-04-24T22:45:00Z,BTC/USDT,sell,93437.90767500,0.00341762,0.31933526,USDT
2025-04-24T23:15:00Z,BTC/USDT,buy,93610.63192500,0.0034095,0.31916545,USDT
2025-04-25T00:15:00Z,BTC/USDT,sell,93649.26194500,0.0034095,0.31929716,USDT
2025-04-25T02:00:00Z,BTC/USDT,buy,93780.36675000,0.00340294,0.31912896,USDT
2025-04-25T02:15:00Z,BTC/USDT,stop_sell,93312.97374464,0.00340294,0.31753845,USDT
2025-04-25T11:15:00Z,BTC/USDT,buy,93932.69287500,0.00339613,0.31900764,USDT
2025-04-25T19:00:00Z,BTC/USDT,sell,94978.49699500,0.00339613,0.32255932,USDT
2025-04-25T19:15:00Z,BTC/USDT,buy,95050.35142500,0.00335355,0.31875611,USDT
2025-04-25T19:30:00Z,BTC/USDT,sell,94976.67790500,0.00335355,0.31850904,USDT
2025-04-25T20:30:00Z,BTC/USDT,buy,95107.94020500,0.00335506,0.31909285,USDT
2025-04-25T20:45:00Z,BTC/USDT,sell,94880.11621000,0.00335506,0.31832848,USDT
2025-04-25T22:45:00Z,BTC/USDT,buy,94935.90423000,0.00336019,0.31900268,USDT
2025-04-25T23:00:00Z,BTC/USDT,sell,94831.86035000,0.00336019,0.31865307,USDT
2025-04-26T15:15:00Z,BTC/USDT,buy,94350.77181000,0.00337813,0.31872917,USDT
2025-04-26T15:30:00Z,BTC/USDT,sell,94337.01789500,0.00337813,0.31868271,USDT
2025-04-26T15:45:00Z,BTC/USDT,buy,94312.06246500,0.00337973,0.31874931,USDT
2025-04-26T16:30:00Z,BTC/USDT,stop_sell,94051.47502357,0.00337973,0.31786859,USDT
2025-04-26T21:30:00Z,BTC/USDT,buy,94302.17752500,0.00338122,0.31885641,USDT
2025-04-26T21:45:00Z,BTC/USDT,sell,94255.82851000,0.00338122,0.31869969,USDT
2025-04-26T22:15:00Z,BTC/USDT,buy,94562.43759000,0.00336866,0.31854870,USDT
2025-04-26T23:00:00Z,BTC/USDT,sell,94741.04578000,0.00336866,0.31915037,USDT
2025-04-26T23:30:00Z,BTC/USDT,buy,94825.34898000,0.00336307,0.31890429,USDT
2025-04-27T01:00:00Z,BTC/USDT,sell,94789.65146500,0.00336307,0.31878423,USDT
2025-04-27T01:15:00Z,BTC/USDT,buy,95247.58999500,0.00334584,0.31868320,USDT
2025-04-27T01:15:00Z,BTC/USDT,stop_sell,94868.74975321,0.00334584,0.31741566,USDT
2025-04-27T01:30:00Z,BTC/USDT,buy,94717.62514500,0.00336182,0.31842361,USDT
2025-04-27T01:30:00Z,BTC/USDT,stop_sell,94316.30075875,0.00336182,0.31707443,USDT
2025-04-27T01:45:00Z,BTC/USDT,buy,94363.26805500,0.00336548,0.31757769,USDT
2025-04-27T01:45:00Z,BTC/USDT,stop_sell,94152.98245875,0.00336548,0.31686998,USDT
2025-04-27T02:15:00Z,BTC/USDT,buy,94411.98240000,0.00337033,0.31819954,USDT
2025-04-27T02:30:00Z,BTC/USDT,sell,94213.88949000,0.00337033,0.31753190,USDT
2025-04-27T02:45:00Z,BTC/USDT,buy,94340.01643500,0.00337009,0.31793435,USDT
2025-04-27T03:00:00Z,BTC/USDT,sell,94224.78404000,0.00337009,0.31754600,USDT
2025-04-27T19:45:00Z,BTC/USDT,buy,94417.18500000,0.00336996,0.31818214,USDT
2025-04-27T20:15:00Z,BTC/USDT,sell,94239.44670500,0.00336996,0.31758317,USDT
2025-04-27T21:15:00Z,BTC/USDT,buy,94278.23556000,0.00337358,0.31805517,USDT
2025-04-27T22:00:00Z,BTC/USDT,stop_sell,94004.21402304,0.00337358,0.31713074,USDT
2025-04-28T09:45:00Z,BTC/USDT,buy,94818.76569000,0.00335101,0.31773863,USDT
2025-04-28T10:00:00Z,BTC/USDT,sell,94633.76944500,0.00335101,0.31711871,USDT
2025-04-28T10:45:00Z,BTC/USDT,buy,95200.57650000,0.00333648,0.31763482,USDT
2025-04-28T11:00:00Z,BTC/USDT,sell,94992.56995500,0.00333648,0.31694081,USDT
2025-04-28T12:45:00Z,BTC/USDT,buy,95526.27927000,0.00332788,0.31789999,USDT
2025-04-28T13:30:00Z,BTC/USDT,stop_sell,94987.90371786,0.00332788,0.31610835,USDT
2025-04-28T13:45:00Z,BTC/USDT,buy,94766.97981000,0.0033477,0.31725142,USDT
2025-04-28T13:45:00Z,BTC/USDT,stop_sell,94278.52893982,0.0033477,0.31561623,USDT
2025-04-28T18:45:00Z,BTC/USDT,buy,94077.22510500,0.00337351,0.31737046,USDT
2025-04-28T19:00:00Z,BTC/USDT,sell,94147.39275500,0.00337351,0.31760717,USDT
2025-04-28T19:30:00Z,BTC/USDT,buy,94785.72918000,0.0033493,0.31746584,USDT
2025-04-28T20:00:00Z,BTC/USDT,sell,94665.24370000,0.0033493,0.31706230,USDT
2025-04-29T14:45:00Z,BTC/USDT,buy,95196.23433000,0.00333294,0.31728334,USDT
2025-04-29T15:15:00Z,BTC/USDT,stop_sell,94758.98823286,0.00333294,0.31582602,USDT
2025-04-29T15:45:00Z,BTC/USDT,buy,95044.92871500,0.00333654,0.31712121,USDT
2025-04-29T16:00:00Z,BTC/USDT,sell,94790.99079500,0.00333654,0.31627393,USDT
2025-04-29T16:30:00Z,BTC/USDT,buy,95237.32486500,0.00332857,0.31700410,USDT
2025-04-29T17:00:00Z,BTC/USDT,sell,94905.59346500,0.00332857,0.31589991,USDT
2025-04-29T17:15:00Z,BTC/USDT,buy,95118.48547500,0.00332886,0.31663612,USDT
2025-04-29T19:30:00Z,BTC/USDT,sell,95223.57439500,0.00332886,0.31698595,USDT
2025-04-29T19:45:00Z,BTC/USDT,buy,95348.29032000,0.00332093,0.31664500,USDT
2025-04-29T20:30:00Z,BTC/USDT,stop_sell,94914.50400750,0.00332093,0.31520442,USDT
2025-04-29T20:45:00Z,BTC/USDT,buy,95012.99275500,0.00333081,0.31647023,USDT
2025-04-29T21:00:00Z,BTC/USDT,sell,94820.85585500,0.00333081,0.31583025,USDT
2025-04-30T02:15:00Z,BTC/USDT,buy,94666.48959000,0.00334204,0.31637919,USDT
2025-04-30T02:30:00Z,BTC/USDT,sell,94523.23474000,0.00334204,0.31590043,USDT
2025-04-30T02:45:00Z,BTC/USDT,buy,94795.00381500,0.0033369,0.31632145,USDT
2025-04-30T03:45:00Z,BTC/USDT,sell,94741.04578000,0.0033369,0.31614140,USDT
2025-04-30T04:00:00Z,BTC/USDT,buy,95144.26836000,0.00332353,0.31621483,USDT
2025-04-30T04:15:00Z,BTC/USDT,sell,94913.96927500,0.00332353,0.31544942,USDT
2025-04-30T05:15:00Z,BTC/USDT,buy,95087.86017000,0.00332436,0.31610628,USDT
2025-04-30T07:00:00Z,BTC/USDT,sell,94776.87785500,0.00332436,0.31507246,USDT
2025-04-30T07:30:00Z,BTC/USDT,buy,94810.96179000,0.00332881,0.31560768,USDT
2025-04-30T07:30:00Z,BTC/USDT,stop_sell,94656.94999179,0.00332881,0.31509500,USDT
2025-04-30T08:00:00Z,BTC/USDT,buy,94667.33001000,0.00333972,0.31616238,USDT
2025-04-30T08:15:00Z,BTC/USDT,sell,94700.25618500,0.00333972,0.31627234,USDT
2025-04-30T12:30:00Z,BTC/USDT,buy,95041.80715500,0.00332572,0.31608244,USDT
2025-04-30T12:30:00Z,BTC/USDT,stop_sell,94675.74094875,0.00332572,0.31486501,USDT
2025-05-01T04:45:00Z,BTC/USDT,buy,94834.93377000,0.00332726,0.31554048,USDT
2025-05-01T06:15:00Z,BTC/USDT,sell,95048.16214500,0.00332726,0.31624995,USDT
2025-05-01T07:30:00Z,BTC/USDT,buy,95024.15833500,0.00332201,0.31567120,USDT
2025-05-01T08:00:00Z,BTC/USDT,sell,95004.96375500,0.00332201,0.31560744,USDT
2025-05-01T13:45:00Z,BTC/USDT,buy,96116.31414000,0.00328147,0.31540280,USDT
2025-05-01T19:30:00Z,BTC/USDT,sell,96557.57706000,0.00328147,0.31685079,USDT
2025-05-02T00:15:00Z,BTC/USDT,buy,96616.21396500,0.00326388,0.31534373,USDT
2025-05-02T05:45:00Z,BTC/USDT,sell,96761.34512500,0.00326388,0.31581742,USDT
2025-05-02T13:00:00Z,BTC/USDT,buy,97172.41192500,0.00324933,0.31574523,USDT
2025-05-02T13:15:00Z,BTC/USDT,sell,96791.89984000,0.00324933,0.31450882,USDT
2025-05-02T15:30:00Z,BTC/USDT,buy,97104.45796500,0.00324489,0.31509328,USDT
2025-05-02T19:15:00Z,BTC/USDT,sell,97005.71288000,0.00324489,0.31477287,USDT
2025-05-03T17:00:00Z,BTC/USDT,buy,96194.36314500,0.00327738,0.31526548,USDT
2025-05-03T17:00:00Z,BTC/USDT,stop_sell,96003.78659375,0.00327738,0.31464089,USDT
2025-05-03T17:30:00Z,BTC/USDT,buy,96168.09001500,0.00327788,0.31522746,USDT
2025-05-03T17:45:00Z,BTC/USDT,sell,96154.14887500,0.00327788,0.31518176,USDT
2025-05-03T18:00:00Z,BTC/USDT,buy,96265.83886500,0.00327768,0.31552861,USDT
2025-05-03T18:30:00Z,BTC/USDT,sell,96208.98144500,0.00327768,0.31534225,USDT
2025-05-03T20:30:00Z,BTC/USDT,buy,96350.46115500,0.00326846,0.31491763,USDT
2025-05-03T20:45:00Z,BTC/USDT,sell,96287.02240500,0.00326846,0.31471028,USDT
2025-05-03T21:15:00Z,BTC/USDT,buy,96327.32959500,0.00327065,0.31505298,USDT
2025-05-03T21:45:00Z,BTC/USDT,sell,96212.65960500,0.00327065,0.31467794,USDT
2025-05-03T22:00:00Z,BTC/USDT,buy,96271.95192000,0.00326902,0.31471494,USDT
2025-05-03T22:00:00Z,BTC/USDT,stop_sell,96163.83545786,0.00326902,0.31436150,USDT
2025-05-04T04:30:00Z,BTC/USDT,buy,95944.05805500,0.00328346,0.31502848,USDT
2025-05-04T04:45:00Z,BTC/USDT,sell,95698.64674000,0.00328346,0.31422268,USDT
2025-05-04T05:30:00Z,BTC/USDT,buy,96040.10605500,0.00327897,0.31491263,USDT
2025-05-04T06:45:00Z,BTC/USDT,sell,95955.73813000,0.00327897,0.31463599,USDT
2025-05-04T07:30:00Z,BTC/USDT,buy,95935.29367500,0.00327948,0.31461788,USDT
2025-05-04T07:30:00Z,BTC/USDT,stop_sell,95742.22672482,0.00327948,0.31398472,USDT
2025-05-04T08:00:00Z,BTC/USDT,buy,95957.69487000,0.00328323,0.31505118,USDT
2025-05-04T08:30:00Z,BTC/USDT,sell,95607.16250500,0.00328323,0.31390030,USDT
2025-05-04T20:15:00Z,BTC/USDT,buy,95681.35677000,0.00328668,0.31447400,USDT
2025-05-04T22:00:00Z,BTC/USDT,stop_sell,95453.64394554,0.00328668,0.31372558,USDT
2025-05-05T10:15:00Z,BTC/USDT,buy,94412.00241000,0.00332652,0.31406341,USDT
2025-05-05T10:30:00Z,BTC/USDT,sell,94318.91695000,0.00332652,0.31375376,USDT
2025-05-05T16:30:00Z,BTC/USDT,buy,94273.46317500,0.00333748,0.31463580,USDT
2025-05-05T17:00:00Z,BTC/USDT,sell,94131.89051000,0.00333748,0.31416330,USDT
2025-05-06T00:30:00Z,BTC/USDT,buy,94789.03083000,0.00331751,0.31446356,USDT
2025-05-06T00:45:00Z,BTC/USDT,stop_sell,94389.53912125,0.00331751,0.31313824,USDT
2025-05-06T01:00:00Z,BTC/USDT,buy,94589.36104500,0.00332141,0.31417005,USDT
2025-05-06T01:45:00Z,BTC/USDT,sell,94350.81099500,0.00332141,0.31337773,USDT
2025-05-06T07:00:00Z,BTC/USDT,buy,94528.97086500,0.00332166,0.31399310,USDT
2025-05-06T07:30:00Z,BTC/USDT,sell,94442.65505000,0.00332166,0.31370639,USDT
2025-05-06T14:30:00Z,BTC/USDT,buy,94326.33960000,0.00332683,0.31380770,USDT
2025-05-06T17:00:00Z,BTC/USDT,sell,94371.70054500,0.00332683,0.31395860,USDT
2025-05-06T17:15:00Z,BTC/USDT,buy,94539.65620500,0.00332268,0.31412502,USDT
2025-05-06T17:45:00Z,BTC/USDT,sell,94445.19378000,0.00332268,0.31381116,USDT
2025-05-06T22:00:00Z,BTC/USDT,buy,94767.73018500,0.00331197,0.31386788,USDT
2025-05-07T01:45:00Z,BTC/USDT,sell,97116.88726500,0.00331197,0.32164822,USDT
2025-05-07T03:15:00Z,BTC/USDT,buy,96454.76328000,0.0032599,0.31443288,USDT
2025-05-07T04:15:00Z,BTC/USDT,sell,96515.16827500,0.0032599,0.31462980,USDT
2025-05-07T07:45:00Z,BTC/USDT,buy,96832.76218500,0.00324698,0.31441404,USDT
2025-05-07T08:15:00Z,BTC/USDT,sell,96796.35761000,0.00324698,0.31429584,USDT
2025-05-07T09:00:00Z,BTC/USDT,buy,97093.11229500,0.00324114,0.31469237,USDT
2025-05-07T12:00:00Z,BTC/USDT,sell,96895.14819000,0.00324114,0.31405074,USDT
2025-05-07T13:00:00Z,BTC/USDT,buy,96904.75816500,0.00324119,0.31408673,USDT
2025-05-07T13:15:00Z,BTC/USDT,stop_sell,96688.32986518,0.00324119,0.31338525,USDT
2025-05-07T13:45:00Z,BTC/USDT,buy,97221.66654000,0.00322894,0.31392293,USDT
2025-05-07T13:45:00Z,BTC/USDT,stop_sell,96977.10397732,0.00322894,0.31313325,USDT
2025-05-07T14:15:00Z,BTC/USDT,buy,97251.96168000,0.00322577,0.31371246,USDT
2025-05-07T14:45:00Z,BTC/USDT,stop_sell,96978.13096357,0.00322577,0.31282915,USDT
2025-05-07T15:00:00Z,BTC/USDT,buy,96837.79470000,0.00323522,0.31329157,USDT
2025-05-07T16:15:00Z,BTC/USDT,sell,96719.73594000,0.00323522,0.31290962,USDT
2025-05-09T05:15:00Z,BTC/USDT,buy,102809.04883500,0.00305011,0.31357891,USDT
2025-05-09T06:45:00Z,BTC/USDT,sell,102994.81683000,0.00305011,0.31414552,USDT
2025-05-09T07:00:00Z,BTC/USDT,buy,103175.40192000,0.00304164,0.31382243,USDT
2025-05-09T08:00:00Z,BTC/USDT,sell,103612.82767000,0.00304164,0.31515292,USDT
2025-05-09T17:45:00Z,BTC/USDT,buy,103207.71807000,0.00304175,0.31393208,USDT
2025-05-09T18:30:00Z,BTC/USDT,sell,103198.37500000,0.00304175,0.31390366,USDT
2025-05-09T19:15:00Z,BTC/USDT,buy,103205.57700000,0.00303934,0.31367684,USDT
2025-05-09T20:00:00Z,BTC/USDT,sell,103099.38452000,0.00303934,0.31335408,USDT
2025-05-10T02:15:00Z,BTC/USDT,buy,103109.17882500,0.00304603,0.31407365,USDT
2025-05-10T08:45:00Z,BTC/USDT,sell,103804.29189000,0.00304603,0.31619099,USDT
2025-05-10T12:30:00Z,BTC/USDT,buy,103839.01356000,0.00302441,0.31405175,USDT
2025-05-10T12:45:00Z,BTC/USDT,sell,103580.97360500,0.00302441,0.31327133,USDT
2025-05-11T05:15:00Z,BTC/USDT,buy,104282.15502000,0.00300867,0.31375059,USDT
2025-05-11T05:30:00Z,BTC/USDT,sell,103941.84308000,0.00300867,0.31272671,USDT
2025-05-11T09:30:00Z,BTC/USDT,buy,104267.94792000,0.00300782,0.31361922,USDT
2025-05-11T10:00:00Z,BTC/USDT,sell,104316.41570000,0.00300782,0.31376500,USDT
2025-05-11T10:15:00Z,BTC/USDT,buy,104245.28659500,0.00300302,0.31305068,USDT
2025-05-11T13:30:00Z,BTC/USDT,sell,104214.35675500,0.00300302,0.31295780,USDT
2025-05-11T13:45:00Z,BTC/USDT,buy,104188.61827500,0.00300063,0.31263149,USDT
2025-05-11T13:45:00Z,BTC/USDT,stop_sell,103921.25266607,0.00300063,0.31182923,USDT
2025-05-11T14:45:00Z,BTC/USDT,buy,104298.77332500,0.00300487,0.31340426,USDT
2025-05-11T15:00:00Z,BTC/USDT,sell,103771.35836500,0.00300487,0.31181944,USDT
2025-05-12T06:30:00Z,BTC/USDT,buy,104266.23706500,0.00300685,0.31351293,USDT
2025-05-12T06:45:00Z,BTC/USDT,sell,104219.88399000,0.00300685,0.31337356,USDT
2025-05-12T21:00:00Z,BTC/USDT,buy,102668.12841000,0.00304378,0.31249920,USDT
2025-05-12T21:30:00Z,BTC/USDT,sell,102367.11084000,0.00304378,0.31158296,USDT
2025-05-12T22:45:00Z,BTC/USDT,buy,102889.71915000,0.00304257,0.31304917,USDT
2025-05-12T23:30:00Z,BTC/USDT,sell,102857.54550000,0.00304257,0.31295128,USDT
2025-05-13T01:00:00Z,BTC/USDT,buy,102576.11242500,0.00305124,0.31298434,USDT
2025-05-13T01:15:00Z,BTC/USDT,sell,102578.82493000,0.00305124,0.31299261,USDT
2025-05-13T05:00:00Z,BTC/USDT,buy,102815.36199000,0.0030437,0.31293912,USDT
2025-05-13T05:15:00Z,BTC/USDT,sell,102383.27275500,0.0030437,0.31162397,USDT
2025-05-13T05:30:00Z,BTC/USDT,buy,102501.71524500,0.00305159,0.31279321,USDT
2025-05-13T05:45:00Z,BTC/USDT,sell,102507.72050000,0.00305159,0.31281153,USDT
2025-05-13T06:15:00Z,BTC/USDT,buy,102778.59361500,0.0030428,0.31273470,USDT
2025-05-13T06:45:00Z,BTC/USDT,sell,102608.46010500,0.0030428,0.31221702,USDT
2025-05-13T07:00:00Z,BTC/USDT,buy,102727.17792000,0.00305249,0.31357368,USDT
2025-05-13T07:15:00Z,BTC/USDT,sell,102712.82789500,0.00305249,0.31352988,USDT
2025-05-13T14:30:00Z,BTC/USDT,buy,103233.90115500,0.00301968,0.31173335,USDT
2025-05-13T14:45:00Z,BTC/USDT,sell,102988.13017500,0.00301968,0.31099120,USDT
2025-05-13T15:15:00Z,BTC/USDT,buy,103839.02356500,0.00300923,0.31247550,USDT
2025-05-13T15:30:00Z,BTC/USDT,sell,103730.76867000,0.00300923,0.31214974,USDT
2025-05-14T07:00:00Z,BTC/USDT,buy,103813.59085500,0.00300788,0.31225882,USDT
2025-05-14T07:15:00Z,BTC/USDT,sell,103601.25346000,0.00300788,0.31162014,USDT
2025-05-14T11:15:00Z,BTC/USDT,buy,103864.89649500,0.0030065,0.31226981,USDT
2025-05-14T14:00:00Z,BTC/USDT,stop_sell,103419.67001143,0.0030065,0.31093124,USDT
2025-05-14T14:15:00Z,BTC/USDT,buy,103431.46989000,0.00301759,0.31211377,USDT
2025-05-14T14:30:00Z,BTC/USDT,sell,103116.36602500,0.00301759,0.31116291,USDT
2025-05-14T19:00:00Z,BTC/USDT,buy,103461.43486500,0.0030148,0.31191553,USDT
2025-05-14T20:00:00Z,BTC/USDT,sell,103380.24402000,0.0030148,0.31167076,USDT
2025-05-14T21:30:00Z,BTC/USDT,buy,103623.18570000,0.00301065,0.31197314,USDT
2025-05-14T22:00:00Z,BTC/USDT,sell,103392.93767000,0.00301065,0.31127995,USDT
2025-05-14T23:15:00Z,BTC/USDT,buy,103346.15725500,0.00301655,0.31174885,USDT
2025-05-15T00:00:00Z,BTC/USDT,sell,103470.66878500,0.00301655,0.31212445,USDT
2025-05-15T00:15:00Z,BTC/USDT,buy,103694.78148000,0.00300716,0.31182680,USDT
2025-05-15T01:15:00Z,BTC/USDT,sell,103605.13152000,0.00300716,0.31155721,USDT
2025-05-15T11:30:00Z,BTC/USDT,buy,102354.04144500,0.00304687,0.31185946,USDT
2025-05-15T11:45:00Z,BTC/USDT,sell,102218.79503500,0.00304687,0.31144738,USDT
2025-05-15T12:00:00Z,BTC/USDT,buy,102403.71627000,0.00304594,0.31191558,USDT
2025-05-15T13:00:00Z,BTC/USDT,sell,102570.56906000,0.00304594,0.31242380,USDT
2025-05-15T13:15:00Z,BTC/USDT,buy,102859.32396000,0.00303132,0.31179953,USDT
2025-05-15T13:30:00Z,BTC/USDT,stop_sell,102323.52764250,0.00303132,0.31017536,USDT
2025-05-15T14:15:00Z,BTC/USDT,buy,102219.65428500,0.00304767,0.31153177,USDT
2025-05-15T14:30:00Z,BTC/USDT,stop_sell,101648.38573946,0.00304767,0.30979074,USDT
2025-05-15T15:00:00Z,BTC/USDT,buy,101975.80242000,0.00305209,0.31123933,USDT
2025-05-15T16:15:00Z,BTC/USDT,sell,103004.12217500,0.00305209,0.31437785,USDT
2025-05-15T16:30:00Z,BTC/USDT,buy,103019.09380500,0.003015,0.31060257,USDT
2025-05-15T17:15:00Z,BTC/USDT,sell,103648.15000000,0.003015,0.31249917,USDT
2025-05-15T18:30:00Z,BTC/USDT,buy,103529.50888500,0.0030079,0.31140641,USDT
2025-05-15T18:45:00Z,BTC/USDT,stop_sell,102977.84424911,0.0030079,0.30974706,USDT
2025-05-15T19:15:00Z,BTC/USDT,buy,103090.83966000,0.00302065,0.31140134,USDT
2025-05-15T21:15:00Z,BTC/USDT,sell,103098.42500000,0.00302065,0.31142426,USDT
2025-05-15T23:30:00Z,BTC/USDT,buy,103426.75753500,0.0030107,0.31138694,USDT
2025-05-16T02:30:00Z,BTC/USDT,sell,104240.65360000,0.0030107,0.31383734,USDT
2025-05-16T15:15:00Z,BTC/USDT,buy,104074.69134000,0.00298986,0.31116876,USDT
2025-05-16T18:45:00Z,BTC/USDT,sell,103882.47278000,0.00298986,0.31059405,USDT
2025-05-16T19:00:00Z,BTC/USDT,buy,103775.76195000,0.0029984,0.31116124,USDT
2025-05-16T20:00:00Z,BTC/USDT,sell,104008.34981000,0.0029984,0.31185864,USDT
2025-05-17T03:45:00Z,BTC/USDT,buy,103513.00063500,0.00300917,0.31148822,USDT
2025-05-17T04:00:00Z,BTC/USDT,sell,103526.29096000,0.00300917,0.31152821,USDT
2025-05-17T14:30:00Z,BTC/USDT,buy,103144.63654500,0.00302068,0.31156694,USDT
2025-05-17T14:45:00Z,BTC/USDT,sell,103025.95125500,0.00302068,0.31120843,USDT
2025-05-17T15:45:00Z,BTC/USDT,buy,103098.81364500,0.00301922,0.31127800,USDT
2025-05-17T16:00:00Z,BTC/USDT,sell,103104.65188500,0.00301922,0.31129563,USDT
2025-05-17T17:00:00Z,BTC/USDT,buy,103037.47299000,0.00302284,0.31146579,USDT
2025-05-17T19:00:00Z,BTC/USDT,sell,102824.16220000,0.00302284,0.31082099,USDT
2025-05-17T19:15:00Z,BTC/USDT,buy,103167.47796000,0.00301592,0.31114486,USDT
2025-05-17T19:45:00Z,BTC/USDT,sell,103151.00869500,0.00301592,0.31109519,USDT
2025-05-17T20:00:00Z,BTC/USDT,buy,103206.57750000,0.00301382,0.31104605,USDT
2025-05-17T20:15:00Z,BTC/USDT,sell,102980.30409000,0.00301382,0.31036410,USDT
2025-05-17T20:45:00Z,BTC/USDT,buy,103170.17931000,0.00301075,0.31061962,USDT
2025-05-17T21:30:00Z,BTC/USDT,sell,103198.62487500,0.00301075,0.31070526,USDT
2025-05-17T23:30:00Z,BTC/USDT,buy,103227.76809000,0.00301224,0.31094681,USDT
2025-05-18T00:00:00Z,BTC/USDT,sell,103085.80131500,0.00301224,0.31051917,USDT
2025-05-18T00:15:00Z,BTC/USDT,buy,103174.96170000,0.00301063,0.31062163,USDT
2025-05-18T00:45:00Z,BTC/USDT,sell,103264.54190000,0.00301063,0.31089133,USDT
2025-05-18T02:15:00Z,BTC/USDT,buy,103387.51792500,0.00300678,0.31086352,USDT
2025-05-18T03:15:00Z,BTC/USDT,sell,103237.01567000,0.00300678,0.31041099,USDT
2025-05-18T13:45:00Z,BTC/USDT,buy,104417.20251000,0.00297287,0.31041877,USDT
2025-05-18T13:45:00Z,BTC/USDT,stop_sell,104292.86819393,0.00297287,0.31004914,USDT
2025-05-18T18:15:00Z,BTC/USDT,buy,104322.13500000,0.00297795,0.31066610,USDT
2025-05-18T18:45:00Z,BTC/USDT,sell,104629.06929500,0.00297795,0.31158014,USDT
2025-05-18T22:45:00Z,BTC/USDT,buy,105278.76307500,0.00295112,0.31069026,USDT
2025-05-19T00:45:00Z,BTC/USDT,sell,105406.13057000,0.00295112,0.31106614,USDT
2025-05-19T01:00:00Z,BTC/USDT,buy,105292.59999000,0.0029517,0.31079217,USDT
2025-05-19T03:00:00Z,BTC/USDT,stop_sell,104444.78648250,0.0029517,0.30828968,USDT
2025-05-19T13:45:00Z,BTC/USDT,buy,103032.92071500,0.00301354,0.31049383,USDT
2025-05-19T14:00:00Z,BTC/USDT,sell,103287.84024500,0.00301354,0.31126204,USDT
2025-05-19T15:00:00Z,BTC/USDT,buy,104261.05447500,0.00297824,0.31051444,USDT
2025-05-19T15:15:00Z,BTC/USDT,sell,104461.57308500,0.00297824,0.31111164,USDT
2025-05-19T16:00:00Z,BTC/USDT,buy,104841.35448000,0.00296429,0.31078018,USDT
2025-05-19T16:15:00Z,BTC/USDT,sell,104447.75000000,0.00296429,0.30961342,USDT
2025-05-19T16:45:00Z,BTC/USDT,buy,104979.60357000,0.0029596,0.31069763,USDT
2025-05-19T17:15:00Z,BTC/USDT,sell,105006.29059000,0.0029596,0.31077662,USDT
2025-05-19T22:45:00Z,BTC/USDT,buy,105582.17470500,0.00294176,0.31059742,USDT
2025-05-19T23:30:00Z,BTC/USDT,sell,105404.60133500,0.00294176,0.31007504,USDT
2025-05-19T23:45:00Z,BTC/USDT,buy,105543.74550000,0.00293415,0.30968118,USDT
2025-05-20T00:00:00Z,BTC/USDT,sell,105584.78120000,0.00293415,0.30980159,USDT
2025-05-20T15:45:00Z,BTC/USDT,buy,105271.85962500,0.00294938,0.31048672,USDT
2025-05-20T16:30:00Z,BTC/USDT,sell,105295.18607000,0.00294938,0.31055552,USDT
2025-05-20T16:45:00Z,BTC/USDT,buy,105258.30285000,0.00294231,0.30970256,USDT
2025-05-20T21:15:00Z,BTC/USDT,sell,106564.87091000,0.00294231,0.31354689,USDT
2025-05-20T21:45:00Z,BTC/USDT,buy,106394.72077500,0.0029156,0.31020445,USDT
2025-05-20T22:15:00Z,BTC/USDT,sell,106110.90800500,0.0029156,0.30937696,USDT
2025-05-20T22:30:00Z,BTC/USDT,buy,106379.95339500,0.00291609,0.31021352,USDT
2025-05-20T23:30:00Z,BTC/USDT,sell,106944.75087500,0.00291609,0.31186052,USDT
2025-05-21T02:30:00Z,BTC/USDT,buy,106539.46311000,0.00291278,0.31032602,USDT
2025-05-21T03:15:00Z,BTC/USDT,sell,106861.20267000,0.00291278,0.31126317,USDT
2025-05-21T18:00:00Z,BTC/USDT,buy,106688.27748000,0.00291065,0.31053223,USDT
2025-05-21T18:30:00Z,BTC/USDT,sell,106925.55048000,0.00291065,0.31122285,USDT
2025-05-21T22:15:00Z,BTC/USDT,buy,108312.27907500,0.00285891,0.30965506,USDT
2025-05-21T23:00:00Z,BTC/USDT,sell,108716.21470000,0.00285891,0.31080987,USDT
2025-05-22T06:45:00Z,BTC/USDT,buy,110832.24843000,0.00279731,0.31003216,USDT
2025-05-22T07:00:00Z,BTC/USDT,sell,110439.76249500,0.00279731,0.30893425,USDT
2025-05-22T13:45:00Z,BTC/USDT,buy,111087.46597500,0.0027817,0.30901200,USDT
2025-05-22T13:45:00Z,BTC/USDT,stop_sell,110952.41211339,0.0027817,0.30863632,USDT
2025-05-22T14:00:00Z,BTC/USDT,buy,111030.31741500,0.00279383,0.31019983,USDT
2025-05-22T15:00:00Z,BTC/USDT,sell,110844.06024500,0.00279383,0.30967946,USDT
2025-05-22T15:30:00Z,BTC/USDT,buy,111193.51897500,0.00278848,0.31006090,USDT
2025-05-22T16:00:00Z,BTC/USDT,sell,111252.39597500,0.00278848,0.31022508,USDT
2025-05-22T19:30:00Z,BTC/USDT,buy,111954.03904500,0.0027701,0.31012388,USDT
2025-05-22T19:30:00Z,BTC/USDT,stop_sell,111375.17348411,0.0027701,0.30852037,USDT
2025-05-22T20:00:00Z,BTC/USDT,buy,111134.65956000,0.0027897,0.31003236,USDT
2025-05-22T20:30:00Z,BTC/USDT,sell,110993.04571500,0.0027897,0.30963730,USDT
2025-05-23T17:00:00Z,BTC/USDT,buy,108783.52458000,0.00283775,0.30870045,USDT
2025-05-23T17:30:00Z,BTC/USDT,sell,109724.98006500,0.00283775,0.31137206,USDT
2025-05-24T03:30:00Z,BTC/USDT,buy,107986.60632000,0.00286111,0.30896156,USDT
2025-05-24T05:30:00Z,BTC/USDT,sell,108445.27024000,0.00286111,0.31027385,USDT
2025-05-24T05:45:00Z,BTC/USDT,buy,108235.67079000,0.00285681,0.30920875,USDT
2025-05-24T06:00:00Z,BTC/USDT,sell,108082.54169500,0.00285681,0.30877129,USDT
2025-05-24T07:00:00Z,BTC/USDT,buy,108033.14958000,0.00286967,0.31001949,USDT
2025-05-24T07:15:00Z,BTC/USDT,sell,108074.00596500,0.00286967,0.31013673,USDT
2025-05-24T08:30:00Z,BTC/USDT,buy,108093.01950000,0.00286858,0.31007347,USDT
2025-05-24T08:45:00Z,BTC/USDT,sell,107984.77060500,0.00286858,0.30976295,USDT
2025-05-24T09:00:00Z,BTC/USDT,buy,108345.52569000,0.00286356,0.31025391,USDT
2025-05-24T09:15:00Z,BTC/USDT,sell,108013.71612500,0.00286356,0.30930376,USDT
2025-05-24T10:15:00Z,BTC/USDT,buy,108188.76735000,0.00285549,0.30893194,USDT
2025-05-24T10:30:00Z,BTC/USDT,sell,108406.77949500,0.00285549,0.30955447,USDT
2025-05-24T17:15:00Z,BTC/USDT,buy,109244.53497000,0.0028345,0.30965363,USDT
2025-05-24T17:45:00Z,BTC/USDT,sell,109000.33257000,0.0028345,0.30896144,USDT
2025-05-25T13:00:00Z,BTC/USDT,buy,107623.21471500,0.00287629,0.30955558,USDT
2025-05-25T13:15:00Z,BTC/USDT,stop_sell,107241.83618661,0.00287629,0.30845862,USDT
2025-05-25T13:45:00Z,BTC/USDT,buy,107615.75098500,0.00287144,0.30901217,USDT
2025-05-25T14:00:00Z,BTC/USDT,sell,107528.11904500,0.00287144,0.30876054,USDT
2025-05-25T15:00:00Z,BTC/USDT,buy,107321.40388500,0.00288222,0.30932390,USDT
2025-05-25T15:15:00Z,BTC/USDT,stop_sell,106982.16465875,0.00288222,0.30834613,USDT
2025-05-25T15:45:00Z,BTC/USDT,buy,107143.80513000,0.00288166,0.30875202,USDT
2025-05-25T15:45:00Z,BTC/USDT,stop_sell,106884.56312679,0.00288166,0.30800497,USDT
2025-05-25T18:15:00Z,BTC/USDT,buy,107453.70000000,0.0028767,0.30911206,USDT
2025-05-25T18:30:00Z,BTC/USDT,sell,107479.41341000,0.0028767,0.30918603,USDT
2025-05-25T19:30:00Z,BTC/USDT,buy,107653.80000000,0.00287024,0.30899224,USDT
2025-05-25T20:15:00Z,BTC/USDT,sell,107443.39143000,0.00287024,0.30838832,USDT
2025-05-25T22:00:00Z,BTC/USDT,buy,107537.44185000,0.00287211,0.30885936,USDT
2025-05-25T22:30:00Z,BTC/USDT,sell,108303.10136000,0.00287211,0.31105842,USDT
2025-05-26T10:15:00Z,BTC/USDT,buy,109886.67588000,0.00281457,0.30928374,USDT
2025-05-26T10:45:00Z,BTC/USDT,stop_sell,109499.61280500,0.00281457,0.30819433,USDT
2025-05-26T13:45:00Z,BTC/USDT,buy,109936.42074000,0.0028102,0.30894333,USDT
2025-05-26T13:45:00Z,BTC/USDT,stop_sell,109626.69458946,0.0028102,0.30807294,USDT
2025-05-26T14:30:00Z,BTC/USDT,buy,109769.59737000,0.00281518,0.30902118,USDT
2025-05-26T14:45:00Z,BTC/USDT,sell,109543.72074000,0.00281518,0.30838529,USDT
2025-05-26T21:15:00Z,BTC/USDT,buy,109433.42937000,0.00282127,0.30874125,USDT
2025-05-26T21:30:00Z,BTC/USDT,sell,109232.43646000,0.00282127,0.30817420,USDT
2025-05-26T23:45:00Z,BTC/USDT,buy,109341.18327000,0.00282101,0.30845257,USDT
2025-05-27T00:30:00Z,BTC/USDT,sell,109320.15258000,0.00282101,0.30839324,USDT
2025-05-27T19:15:00Z,BTC/USDT,buy,109829.86749000,0.00280679,0.30826937,USDT
2025-05-27T20:15:00Z,BTC/USDT,sell,109854.25539500,0.00280679,0.30833783,USDT
2025-05-28T06:00:00Z,BTC/USDT,buy,108993.18936000,0.00282629,0.30804636,USDT
2025-05-28T06:00:00Z,BTC/USDT,stop_sell,108739.96032125,0.00282629,0.30733066,USDT
2025-05-28T06:45:00Z,BTC/USDT,buy,108861.56358000,0.00283343,0.30845162,USDT
2025-05-28T08:00:00Z,BTC/USDT,sell,108812.07674500,0.00283343,0.30831140,USDT
2025-05-28T08:15:00Z,BTC/USDT,buy,108767.53659000,0.00283336,0.30817759,USDT
2025-05-28T08:45:00Z,BTC/USDT,sell,108986.16965500,0.00283336,0.30879705,USDT
2025-05-28T09:00:00Z,BTC/USDT,buy,109089.63756000,0.00282619,0.30830804,USDT
2025-05-28T09:15:00Z,BTC/USDT,stop_sell,108715.81025946,0.00282619,0.30725154,USDT
2025-05-28T20:45:00Z,BTC/USDT,buy,107412.64948500,0.00286742,0.30799718,USDT
2025-05-28T21:15:00Z,BTC/USDT,sell,107251.34750000,0.00286742,0.30753466,USDT
2025-05-28T23:15:00Z,BTC/USDT,buy,107980.01302500,0.00285782,0.30858744,USDT
2025-05-28T23:30:00Z,BTC/USDT,sell,107923.59121000,0.00285782,0.30842620,USDT
2025-05-29T08:30:00Z,BTC/USDT,buy,108260.89339500,0.00284862,0.30839415,USDT
2025-05-29T13:30:00Z,BTC/USDT,stop_sell,107853.62763786,0.00284862,0.30723400,USDT
2025-05-29T22:30:00Z,BTC/USDT,buy,106244.57574000,0.0028972,0.30781178,USDT
2025-05-29T22:45:00Z,BTC/USDT,sell,106047.60967000,0.0028972,0.30724113,USDT
2025-05-30T00:30:00Z,BTC/USDT,buy,106201.37415000,0.00289859,0.30783424,USDT
2025-05-30T00:45:00Z,BTC/USDT,stop_sell,105739.95928643,0.00289859,0.30649679,USDT
2025-05-30T03:30:00Z,BTC/USDT,buy,106219.70331000,0.00289688,0.30770573,USDT
2025-05-30T04:00:00Z,BTC/USDT,sell,105945.00100000,0.00289688,0.30690995,USDT
2025-05-30T04:15:00Z,BTC/USDT,buy,105953.19012000,0.00289767,0.30701738,USDT
2025-05-30T05:15:00Z,BTC/USDT,sell,106069.73860000,0.00289767,0.30735510,USDT
2025-05-30T05:30:00Z,BTC/USDT,buy,106203.07500000,0.00289606,0.30757048,USDT
2025-05-30T06:00:00Z,BTC/USDT,sell,106028.71912000,0.00289606,0.30706553,USDT
2025-05-30T06:45:00Z,BTC/USDT,buy,105874.50079500,0.00290589,0.30765965,USDT
2025-05-30T07:00:00Z,BTC/USDT,sell,105738.63423500,0.00290589,0.30726484,USDT
2025-05-30T11:30:00Z,BTC/USDT,buy,105765.09612000,0.00290072,0.30679493,USDT
2025-05-30T12:00:00Z,BTC/USDT,stop_sell,105451.71241054,0.00290072,0.30588589,USDT
2025-05-30T12:30:00Z,BTC/USDT,buy,105645.92656500,0.00291052,0.30748458,USDT
2025-05-30T15:30:00Z,BTC/USDT,sell,105704.03154500,0.00291052,0.30765370,USDT
2025-05-31T06:45:00Z,BTC/USDT,buy,103827.77794500,0.00295695,0.30701355,USDT
2025-05-31T07:00:00Z,BTC/USDT,sell,103668.23995000,0.00295695,0.30654180,USDT
2025-05-31T12:15:00Z,BTC/USDT,buy,103843.91601000,0.00295504,0.30686293,USDT
2025-05-31T12:45:00Z,BTC/USDT,sell,103891.04849000,0.00295504,0.30700220,USDT
2025-05-31T13:00:00Z,BTC/USDT,buy,103981.58481000,0.00295206,0.30695988,USDT
2025-05-31T13:30:00Z,BTC/USDT,sell,104141.29330500,0.00295206,0.30743135,USDT
2025-06-01T04:45:00Z,BTC/USDT,buy,104722.88527500,0.00293098,0.30694068,USDT
2025-06-01T06:00:00Z,BTC/USDT,stop_sell,104369.96819607,0.00293098,0.30590629,USDT
2025-06-01T06:30:00Z,BTC/USDT,buy,104411.40961500,0.00294018,0.30698834,USDT
2025-06-01T07:15:00Z,BTC/USDT,sell,104194.15686000,0.00294018,0.30634958,USDT
2025-06-01T07:30:00Z,BTC/USDT,buy,104426.22702000,0.00293886,0.30689406,USDT
2025-06-01T07:45:00Z,BTC/USDT,sell,104237.21532000,0.00293886,0.30633858,USDT
2025-06-01T08:00:00Z,BTC/USDT,buy,104378.74329000,0.00293936,0.30680670,USDT
2025-06-01T08:30:00Z,BTC/USDT,sell,104223.46220000,0.00293936,0.30635028,USDT
2025-06-01T13:45:00Z,BTC/USDT,buy,104379.36360000,0.00293744,0.30660812,USDT
2025-06-01T14:00:00Z,BTC/USDT,sell,104355.80599500,0.00293744,0.30653892,USDT
2025-06-01T14:15:00Z,BTC/USDT,buy,104676.68218500,0.00293015,0.30671838,USDT
2025-06-01T14:30:00Z,BTC/USDT,sell,104590.24871500,0.00293015,0.30646512,USDT
2025-06-02T07:15:00Z,BTC/USDT,buy,105379.83358500,0.00290882,0.30653097,USDT
2025-06-02T07:30:00Z,BTC/USDT,sell,105187.05016500,0.00290882,0.30597020,USDT
2025-06-02T07:45:00Z,BTC/USDT,buy,105451.56943500,0.00290636,0.30648022,USDT
2025-06-02T09:00:00Z,BTC/USDT,stop_sell,105111.96344143,0.00290636,0.30549321,USDT
2025-06-02T15:30:00Z,BTC/USDT,buy,104436.27204000,0.00293448,0.30646615,USDT
2025-06-02T15:45:00Z,BTC/USDT,sell,104373.86696000,0.00293448,0.30628303,USDT
2025-06-02T16:45:00Z,BTC/USDT,buy,104222.04498000,0.00293872,0.30627941,USDT
2025-06-02T17:45:00Z,BTC/USDT,sell,104081.71311000,0.00293872,0.30586701,USDT
2025-06-02T18:00:00Z,BTC/USDT,buy,104373.16050000,0.00293374,0.30620372,USDT
2025-06-02T18:45:00Z,BTC/USDT,sell,104324.66157500,0.00293374,0.30606143,USDT
2025-06-02T20:00:00Z,BTC/USDT,buy,104534.33104500,0.00293016,0.30630232,USDT
2025-06-02T20:30:00Z,BTC/USDT,sell,104766.66046500,0.00293016,0.30698308,USDT
2025-06-03T09:45:00Z,BTC/USDT,buy,105319.56346500,0.00290681,0.30614396,USDT
2025-06-03T10:00:00Z,BTC/USDT,sell,105229.42896500,0.00290681,0.30588196,USDT
2025-06-03T15:30:00Z,BTC/USDT,buy,106810.06834500,0.00286563,0.30607814,USDT
2025-06-03T15:45:00Z,BTC/USDT,stop_sell,106250.43963286,0.00286563,0.30447445,USDT
2025-06-03T17:30:00Z,BTC/USDT,buy,105890.43876000,0.00288105,0.30507565,USDT
2025-06-03T19:45:00Z,BTC/USDT,sell,106160.73308000,0.00288105,0.30585438,USDT
2025-06-03T23:00:00Z,BTC/USDT,buy,105829.91851500,0.00289124,0.30597969,USDT
2025-06-03T23:15:00Z,BTC/USDT,sell,105588.23947000,0.00289124,0.30528094,USDT
2025-06-04T09:45:00Z,BTC/USDT,buy,105721.42429500,0.00289366,0.30592186,USDT
2025-06-04T11:15:00Z,BTC/USDT,stop_sell,105449.06302161,0.00289366,0.30513374,USDT
2025-06-04T16:45:00Z,BTC/USDT,buy,105258.33286500,0.00290464,0.30573756,USDT
2025-06-04T18:00:00Z,BTC/USDT,sell,105013.14716000,0.00290464,0.30502539,USDT
2025-06-04T18:30:00Z,BTC/USDT,buy,105308.49793500,0.00290246,0.30565370,USDT
2025-06-04T19:00:00Z,BTC/USDT,stop_sell,104851.42020679,0.00290246,0.30432705,USDT
2025-06-04T19:30:00Z,BTC/USDT,buy,104952.45000000,0.00290895,0.30530143,USDT
2025-06-04T19:45:00Z,BTC/USDT,sell,105057.07518500,0.00290895,0.30560578,USDT
2025-06-05T01:00:00Z,BTC/USDT,buy,105037.60255500,0.0029099,0.30564892,USDT
2025-06-05T05:30:00Z,BTC/USDT,sell,104827.70992500,0.0029099,0.30503815,USDT
2025-06-05T11:00:00Z,BTC/USDT,buy,104770.61913000,0.00291662,0.30557608,USDT
2025-06-05T11:15:00Z,BTC/USDT,sell,104563.36216500,0.00291662,0.30497159,USDT
2025-06-05T11:30:00Z,BTC/USDT,buy,104771.44954500,0.00291313,0.30521285,USDT
2025-06-05T13:45:00Z,BTC/USDT,sell,105338.77426500,0.00291313,0.30686554,USDT
2025-06-05T15:45:00Z,BTC/USDT,buy,104762.35500000,0.00291264,0.30513503,USDT
2025-06-05T16:15:00Z,BTC/USDT,sell,104380.86346000,0.00291264,0.30402388,USDT
2025-06-06T01:00:00Z,BTC/USDT,buy,101909.36922000,0.00299448,0.30516557,USDT
2025-06-06T01:45:00Z,BTC/USDT,sell,101852.01851500,0.00299448,0.30499383,USDT
2025-06-06T07:15:00Z,BTC/USDT,buy,103255.52196000,0.00295481,0.30510045,USDT
2025-06-06T07:30:00Z,BTC/USDT,sell,103161.98320500,0.00295481,0.30482406,USDT
2025-06-06T08:00:00Z,BTC/USDT,buy,103324.38637500,0.00295598,0.30542482,USDT
2025-06-06T13:30:00Z,BTC/USDT,sell,103936.44578000,0.00295598,0.30723405,USDT
2025-06-06T13:45:00Z,BTC/USDT,buy,104428.98840000,0.00291928,0.30485746,USDT
2025-06-06T13:45:00Z,BTC/USDT,stop_sell,104050.48087679,0.00291928,0.30375249,USDT
2025-06-07T00:45:00Z,BTC/USDT,buy,104285.30659500,0.0029239,0.30491981,USDT
2025-06-07T01:15:00Z,BTC/USDT,sell,104372.91743500,0.0029239,0.30517597,USDT
2025-06-07T11:00:00Z,BTC/USDT,buy,105267.14727000,0.00290002,0.30527683,USDT
2025-06-07T11:45:00Z,BTC/USDT,sell,105052.66739000,0.00290002,0.30465484,USDT
2025-06-07T12:30:00Z,BTC/USDT,buy,105304.42590000,0.00289774,0.30514485,USDT
2025-06-07T17:30:00Z,BTC/USDT,sell,105489.42890000,0.00289774,0.30568094,USDT
2025-06-07T18:00:00Z,BTC/USDT,buy,105479.85357000,0.00289015,0.30485260,USDT
2025-06-07T19:00:00Z,BTC/USDT,sell,105619.98359000,0.00289015,0.30525760,USDT
2025-06-07T19:15:00Z,BTC/USDT,buy,105722.18467500,0.00288135,0.30462262,USDT
2025-06-07T23:00:00Z,BTC/USDT,sell,105783.66171000,0.00288135,0.30479975,USDT
2025-06-07T23:30:00Z,BTC/USDT,buy,105616.68195000,0.00288199,0.30438622,USDT
2025-06-07T23:30:00Z,BTC/USDT,stop_sell,105495.52834875,0.00288199,0.30403706,USDT
2025-06-08T04:45:00Z,BTC/USDT,buy,105601.14418500,0.00288492,0.30465085,USDT
2025-06-08T05:30:00Z,BTC/USDT,sell,105512.53734000,0.00288492,0.30439523,USDT
2025-06-08T08:15:00Z,BTC/USDT,buy,105542.73499500,0.00288615,0.30461216,USDT
2025-06-08T08:30:00Z,BTC/USDT,sell,105416.95515500,0.00288615,0.30424915,USDT
2025-06-08T11:45:00Z,BTC/USDT,buy,105633.27024000,0.00288286,0.30452593,USDT
2025-06-08T14:30:00Z,BTC/USDT,sell,105643.14200500,0.00288286,0.30455439,USDT
2025-06-09T04:00:00Z,BTC/USDT,buy,105796.36174500,0.0028818,0.30488396,USDT
2025-06-09T04:45:00Z,BTC/USDT,sell,105530.44838000,0.0028818,0.30411765,USDT
2025-06-09T06:45:00Z,BTC/USDT,buy,105706.82700000,0.00288092,0.30453291,USDT
2025-06-09T07:00:00Z,BTC/USDT,sell,105558.13453000,0.00288092,0.30410454,USDT
2025-06-09T08:00:00Z,BTC/USDT,buy,105618.60291000,0.00288356,0.30455758,USDT
2025-06-09T08:30:00Z,BTC/USDT,sell,105477.59482000,0.00288356,0.30415097,USDT
2025-06-09T08:45:00Z,BTC/USDT,buy,105702.23470500,0.00287684,0.30408842,USDT
2025-06-09T10:45:00Z,BTC/USDT,sell,106946.49000500,0.00287684,0.30766794,USDT
2025-06-09T14:15:00Z,BTC/USDT,buy,107439.53292000,0.00283512,0.30460397,USDT
2025-06-09T14:30:00Z,BTC/USDT,sell,107515.00560500,0.00283512,0.30481794,USDT
2025-06-09T21:15:00Z,BTC/USDT,buy,109065.17533500,0.00279173,0.30448052,USDT
2025-06-09T21:30:00Z,BTC/USDT,stop_sell,108608.16410946,0.00279173,0.30320467,USDT
2025-06-10T07:00:00Z,BTC/USDT,buy,109340.90313000,0.00277777,0.30372388,USDT
2025-06-10T07:15:00Z,BTC/USDT,sell,109231.33701000,0.00277777,0.30341953,USDT
2025-06-11T01:00:00Z,BTC/USDT,buy,110073.58929000,0.0027638,0.30422139,USDT
2025-06-11T01:15:00Z,BTC/USDT,sell,109619.94261000,0.0027638,0.30296760,USDT
2025-06-11T02:15:00Z,BTC/USDT,buy,109667.62641000,0.00277158,0.30395260,USDT
2025-06-11T02:30:00Z,BTC/USDT,sell,109673.18597500,0.00277158,0.30396801,USDT
2025-06-11T03:30:00Z,BTC/USDT,buy,109885.03506000,0.00277089,0.30447934,USDT
2025-06-11T03:45:00Z,BTC/USDT,sell,109730.15747500,0.00277089,0.30405020,USDT
2025-06-11T14:15:00Z,BTC/USDT,buy,110008.77690000,0.00276351,0.30401036,USDT
2025-06-11T14:45:00Z,BTC/USDT,sell,109920.20240500,0.00276351,0.30376558,USDT
2025-06-12T02:30:00Z,BTC/USDT,buy,108619.97284500,0.00279536,0.30363193,USDT
2025-06-12T03:00:00Z,BTC/USDT,stop_sell,108330.79250750,0.00279536,0.30282356,USDT
2025-06-12T03:15:00Z,BTC/USDT,buy,108364.15500000,0.00280272,0.30371438,USDT
2025-06-12T03:15:00Z,BTC/USDT,stop_sell,108006.97021393,0.00280272,0.30271330,USDT
2025-06-12T09:15:00Z,BTC/USDT,buy,107690.11815000,0.00281733,0.30339860,USDT
2025-06-12T09:30:00Z,BTC/USDT,sell,107675.34539500,0.00281733,0.30335698,USDT
2025-06-12T09:45:00Z,BTC/USDT,buy,107613.12967500,0.0028164,0.30308162,USDT
2025-06-12T10:00:00Z,BTC/USDT,sell,107527.47936500,0.0028164,0.30284039,USDT
2025-06-12T19:00:00Z,BTC/USDT,buy,107531.35881000,0.00282285,0.30354490,USDT
2025-06-12T19:45:00Z,BTC/USDT,sell,107545.81019500,0.00282285,0.30358569,USDT
2025-06-13T05:00:00Z,BTC/USDT,buy,104437.57269000,0.00290592,0.30348723,USDT
2025-06-13T07:15:00Z,BTC/USDT,sell,104468.34969500,0.00290592,0.30357667,USDT
2025-06-13T07:30:00Z,BTC/USDT,buy,104819.72367000,0.00289527,0.30348140,USDT
2025-06-13T07:45:00Z,BTC/USDT,sell,104533.46712000,0.00289527,0.30265261,USDT
2025-06-13T13:45:00Z,BTC/USDT,buy,105234.25083000,0.00288244,0.30333141,USDT
2025-06-13T13:45:00Z,BTC/USDT,stop_sell,104813.84436125,0.00288244,0.30211962,USDT
2025-06-13T15:00:00Z,BTC/USDT,buy,104921.74465500,0.00288831,0.30304652,USDT
2025-06-13T15:30:00Z,BTC/USDT,sell,105605.81068000,0.00288831,0.30502232,USDT
2025-06-13T19:00:00Z,BTC/USDT,buy,105146.37691500,0.00288232,0.30306551,USDT
2025-06-13T20:00:00Z,BTC/USDT,sell,105170.55841500,0.00288232,0.30313520,USDT
2025-06-13T20:45:00Z,BTC/USDT,buy,105475.37133000,0.00287463,0.30320267,USDT
2025-06-13T21:00:00Z,BTC/USDT,sell,105387.60983500,0.00287463,0.30295038,USDT
2025-06-13T21:30:00Z,BTC/USDT,buy,105676.63191000,0.00287206,0.30350963,USDT
2025-06-13T21:45:00Z,BTC/USDT,sell,105550.55832000,0.00287206,0.30314754,USDT
2025-06-13T22:00:00Z,BTC/USDT,buy,105747.76746000,0.00286677,0.30315453,USDT
2025-06-13T22:30:00Z,BTC/USDT,sell,105527.33993500,0.00286677,0.30252261,USDT
2025-06-14T02:00:00Z,BTC/USDT,buy,105604.67595000,0.00286924,0.30300516,USDT
2025-06-14T02:15:00Z,BTC/USDT,sell,105434.81622000,0.00286924,0.30251779,USDT
2025-06-14T12:00:00Z,BTC/USDT,buy,105048.81816000,0.00288377,0.30293663,USDT
2025-06-14T12:30:00Z,BTC/USDT,sell,104824.14171000,0.00288377,0.30228872,USDT
2025-06-14T13:00:00Z,BTC/USDT,buy,105205.12627500,0.00288179,0.30317908,USDT
2025-06-14T13:30:00Z,BTC/USDT,sell,104928.68941000,0.00288179,0.30238245,USDT
2025-06-14T14:00:00Z,BTC/USDT,buy,105130.85916000,0.00288159,0.30294403,USDT
2025-06-14T14:30:00Z,BTC/USDT,sell,104943.55197500,0.00288159,0.30240429,USDT
2025-06-14T14:45:00Z,BTC/USDT,buy,105005.16634500,0.00288333,0.30276455,USDT
2025-06-14T15:00:00Z,BTC/USDT,sell,104924.93129000,0.00288333,0.30253320,USDT
2025-06-14T15:15:00Z,BTC/USDT,buy,105054.24087000,0.0028798,0.30253520,USDT
2025-06-14T15:30:00Z,BTC/USDT,sell,104884.95129000,0.0028798,0.30204768,USDT
2025-06-14T18:15:00Z,BTC/USDT,buy,105032.36994000,0.00287888,0.30237559,USDT
2025-06-14T18:15:00Z,BTC/USDT,stop_sell,104668.36856411,0.00287888,0.30132767,USDT
2025-06-14T19:30:00Z,BTC/USDT,buy,105012.91021500,0.00287952,0.30238678,USDT
2025-06-14T19:45:00Z,BTC/USDT,sell,104896.17567500,0.00287952,0.30205064,USDT
2025-06-14T20:45:00Z,BTC/USDT,buy,104985.48651000,0.00287959,0.30231516,USDT
2025-06-15T00:15:00Z,BTC/USDT,sell,105430.82821500,0.00287959,0.30359756,USDT
2025-06-15T00:45:00Z,BTC/USDT,buy,105549.53839500,0.00286422,0.30231710,USDT
2025-06-15T01:15:00Z,BTC/USDT,sell,105484.84119500,0.00286422,0.30213179,USDT
2025-06-16T11:45:00Z,BTC/USDT,buy,106984.46550000,0.00282522,0.30225465,USDT
2025-06-16T12:30:00Z,BTC/USDT,sell,106697.19471500,0.00282522,0.30144305,USDT
2025-06-17T04:30:00Z,BTC/USDT,buy,107387.68701000,0.00280585,0.30131374,USDT
2025-06-17T05:15:00Z,BTC/USDT,sell,107291.92720000,0.00280585,0.30104505,USDT
2025-06-17T19:45:00Z,BTC/USDT,buy,105080.34391500,0.00287528,0.30213541,USDT
2025-06-17T20:15:00Z,BTC/USDT,sell,104536.37566500,0.00287528,0.30057135,USDT
2025-06-17T23:15:00Z,BTC/USDT,buy,104464.78629000,0.0028897,0.30187189,USDT
2025-06-18T00:00:00Z,BTC/USDT,sell,104591.93787000,0.0028897,0.30223932,USDT
2025-06-18T01:00:00Z,BTC/USDT,buy,104940.66411000,0.00287724,0.30193948,USDT
2025-06-18T03:15:00Z,BTC/USDT,sell,105008.84931000,0.00287724,0.30213566,USDT
2025-06-18T03:30:00Z,BTC/USDT,buy,105210.45894000,0.00286914,0.30186354,USDT
2025-06-18T04:00:00Z,BTC/USDT,sell,105087.70986000,0.00286914,0.30151135,USDT
2025-06-18T05:15:00Z,BTC/USDT,buy,105498.38283000,0.00286352,0.30209673,USDT
2025-06-18T05:30:00Z,BTC/USDT,sell,105401.53287000,0.00286352,0.30181940,USDT
2025-06-18T06:15:00Z,BTC/USDT,buy,105473.07018000,0.00286157,0.30181857,USDT
2025-06-18T06:30:00Z,BTC/USDT,stop_sell,105120.16112625,0.00286157,0.30080870,USDT
2025-06-18T08:00:00Z,BTC/USDT,buy,104931.98977500,0.00287068,0.30122616,USDT
2025-06-18T08:15:00Z,BTC/USDT,sell,105203.44196500,0.00287068,0.30200542,USDT
2025-06-18T12:00:00Z,BTC/USDT,buy,104907.93775500,0.00287391,0.30149597,USDT
2025-06-18T12:15:00Z,BTC/USDT,sell,104752.59750000,0.00287391,0.30104954,USDT
2025-06-18T14:15:00Z,BTC/USDT,buy,105098.19283500,0.00286987,0.30161815,USDT
2025-06-18T14:45:00Z,BTC/USDT,stop_sell,104562.71463179,0.00286987,0.30008140,USDT
2025-06-18T15:00:00Z,BTC/USDT,buy,104745.56661000,0.00287735,0.30138966,USDT
2025-06-18T15:15:00Z,BTC/USDT,sell,104341.27326500,0.00287735,0.30022636,USDT
2025-06-18T15:30:00Z,BTC/USDT,buy,104854.61110500,0.00287625,0.30158808,USDT
2025-06-18T16:30:00Z,BTC/USDT,sell,104405.94091500,0.00287625,0.30029759,USDT
2025-06-18T18:00:00Z,BTC/USDT,buy,104528.48812500,0.00287991,0.30103264,USDT
2025-06-18T18:30:00Z,BTC/USDT,sell,104382.32273000,0.00287991,0.30061170,USDT
2025-06-18T21:00:00Z,BTC/USDT,buy,104900.44401000,0.00286728,0.30077895,USDT
2025-06-18T21:15:00Z,BTC/USDT,sell,104398.16480500,0.00286728,0.29933877,USDT
2025-06-19T17:45:00Z,BTC/USDT,buy,104787.75769500,0.00286971,0.30071048,USDT
2025-06-19T18:15:00Z,BTC/USDT,sell,104519.06432500,0.00286971,0.29993940,USDT
2025-06-20T03:30:00Z,BTC/USDT,buy,104683.89579000,0.00286927,0.30036636,USDT
2025-06-20T04:00:00Z,BTC/USDT,sell,104484.91141000,0.00286927,0.29979542,USDT
2025-06-20T06:00:00Z,BTC/USDT,buy,104681.77473000,0.00287233,0.30068060,USDT
2025-06-20T06:45:00Z,BTC/USDT,sell,104631.59803000,0.00287233,0.30053648,USDT
2025-06-20T07:30:00Z,BTC/USDT,buy,105223.24533000,0.00285629,0.30054810,USDT
2025-06-20T08:45:00Z,BTC/USDT,sell,105887.08997000,0.00285629,0.30244424,USDT
2025-06-20T09:15:00Z,BTC/USDT,buy,105963.71538000,0.00283646,0.30056184,USDT
2025-06-20T09:30:00Z,BTC/USDT,sell,105808.15945500,0.00283646,0.30012061,USDT
2025-06-20T10:00:00Z,BTC/USDT,buy,105922.33470000,0.00283374,0.30015636,USDT
2025-06-20T10:45:00Z,BTC/USDT,sell,105918.38431500,0.00283374,0.30014516,USDT
2025-06-20T13:30:00Z,BTC/USDT,buy,106126.29663000,0.00283261,0.30061441,USDT
2025-06-20T13:45:00Z,BTC/USDT,sell,105728.63923500,0.00283261,0.29948800,USDT
2025-06-20T22:00:00Z,BTC/USDT,buy,103546.46736000,0.00289864,0.30014393,USDT
2025-06-20T22:00:00Z,BTC/USDT,stop_sell,103214.40698000,0.00289864,0.29918141,USDT
2025-06-20T22:15:00Z,BTC/USDT,buy,103252.28034000,0.00290601,0.30005216,USDT
2025-06-20T22:30:00Z,BTC/USDT,sell,103072.47798000,0.00290601,0.29952965,USDT
2025-06-21T02:15:00Z,BTC/USDT,buy,103399.48390500,0.00289672,0.29951935,USDT
2025-06-21T02:30:00Z,BTC/USDT,sell,103367.25052000,0.00289672,0.29942598,USDT
2025-06-21T07:30:00Z,BTC/USDT,buy,103578.83353500,0.00289711,0.30007927,USDT
2025-06-21T08:00:00Z,BTC/USDT,sell,103453.45739500,0.00289711,0.29971605,USDT
2025-06-21T09:00:00Z,BTC/USDT,buy,103779.67390500,0.0028907,0.29999590,USDT
2025-06-21T10:30:00Z,BTC/USDT,sell,103836.62571500,0.0028907,0.30016053,USDT
2025-06-22T00:30:00Z,BTC/USDT,buy,102395.69226000,0.0029239,0.29939476,USDT
2025-06-22T01:30:00Z,BTC/USDT,sell,102557.94537500,0.0029239,0.29986918,USDT
2025-06-22T02:15:00Z,BTC/USDT,buy,102519.57417000,0.00293276,0.30066531,USDT
2025-06-22T04:45:00Z,BTC/USDT,sell,102380.57410500,0.00293276,0.30025765,USDT
2025-06-22T05:00:00Z,BTC/USDT,buy,102746.57761500,0.00291976,0.29999535,USDT
2025-06-22T05:30:00Z,BTC/USDT,sell,102821.59348500,0.00291976,0.30021438,USDT
2025-06-22T05:45:00Z,BTC/USDT,buy,102808.57860000,0.00291328,0.29951018,USDT
2025-06-22T06:00:00Z,BTC/USDT,sell,102821.60348000,0.00291328,0.29954812,USDT
2025-06-22T06:15:00Z,BTC/USDT,buy,103013.80116000,0.00291032,0.29980313,USDT
2025-06-22T07:00:00Z,BTC/USDT,stop_sell,102596.77380821,0.00291032,0.29858944,USDT
2025-06-22T08:30:00Z,BTC/USDT,buy,102524.34655500,0.00292193,0.29956896,USDT
2025-06-22T09:00:00Z,BTC/USDT,sell,102566.43113000,0.00292193,0.29969193,USDT
2025-06-22T12:00:00Z,BTC/USDT,buy,102683.89629000,0.00291421,0.29924244,USDT
2025-06-22T13:15:00Z,BTC/USDT,stop_sell,102252.21831500,0.00291421,0.29798444,USDT
2025-06-22T20:45:00Z,BTC/USDT,buy,99008.23938000,0.00301559,0.29856826,USDT
2025-06-22T21:45:00Z,BTC/USDT,sell,99349.25052500,0.00301559,0.29959661,USDT
2025-06-22T22:15:00Z,BTC/USDT,buy,100328.46916500,0.002983,0.29927982,USDT
2025-06-22T23:30:00Z,BTC/USDT,sell,100947.46102000,0.002983,0.30112628,USDT
2025-06-23T04:30:00Z,BTC/USDT,buy,101275.48243500,0.00295558,0.29932779,USDT
2025-06-23T06:30:00Z,BTC/USDT,sell,101819.62472000,0.00295558,0.30093605,USDT
2025-06-23T09:45:00Z,BTC/USDT,buy,101449.48939500,0.00295404,0.29968585,USDT
2025-06-23T10:00:00Z,BTC/USDT,sell,101534.42739000,0.00295404,0.29993676,USDT
2025-06-23T17:15:00Z,BTC/USDT,buy,101575.22223000,0.00296079,0.30074290,USDT
2025-06-23T18:30:00Z,BTC/USDT,sell,102575.68650000,0.00296079,0.30370507,USDT
2025-06-24T03:30:00Z,BTC/USDT,buy,105076.19184000,0.00285314,0.29979709,USDT
2025-06-24T03:45:00Z,BTC/USDT,sell,104721.35313000,0.00285314,0.29878468,USDT
2025-06-24T12:45:00Z,BTC/USDT,buy,105187.60752000,0.00284936,0.29971736,USDT
2025-06-24T13:15:00Z,BTC/USDT,sell,105157.18510500,0.00284936,0.29963068,USDT
2025-06-24T21:30:00Z,BTC/USDT,buy,106052.98999500,0.00282572,0.29967605,USDT
2025-06-24T21:45:00Z,BTC/USDT,sell,105940.31334500,0.00282572,0.29935766,USDT
2025-06-24T22:00:00Z,BTC/USDT,buy,105947.87746500,0.00282419,0.29921694,USDT
2025-06-24T22:30:00Z,BTC/USDT,sell,105884.60121500,0.00282419,0.29903823,USDT
2025-06-24T23:00:00Z,BTC/USDT,buy,106052.98999500,0.00282565,0.29966863,USDT
2025-06-24T23:15:00Z,BTC/USDT,sell,105831.61772000,0.00282565,0.29904311,USDT
2025-06-25T05:15:00Z,BTC/USDT,buy,106145.69632500,0.00282057,0.29939137,USDT
2025-06-25T05:45:00Z,BTC/USDT,sell,106215.66560000,0.00282057,0.29958872,USDT
2025-06-25T06:15:00Z,BTC/USDT,buy,106237.83237000,0.00281978,0.29956731,USDT
2025-06-25T06:30:00Z,BTC/USDT,sell,106324.32124500,0.00281978,0.29981119,USDT
2025-06-25T09:30:00Z,BTC/USDT,buy,106851.63912000,0.00280238,0.29943890,USDT
2025-06-25T09:30:00Z,BTC/USDT,stop_sell,106463.54160000,0.00280238,0.29835130,USDT
2025-06-25T10:00:00Z,BTC/USDT,buy,106670.44857000,0.00280587,0.29930341,USDT
2025-06-25T15:45:00Z,BTC/USDT,sell,106803.43157000,0.00280587,0.29967654,USDT
2025-06-25T16:15:00Z,BTC/USDT,buy,107427.32682000,0.00279138,0.29987049,USDT
2025-06-25T17:00:00Z,BTC/USDT,sell,107056.81481500,0.00279138,0.29883625,USDT
2025-06-25T17:15:00Z,BTC/USDT,buy,107487.26677500,0.00278564,0.29942083,USDT
2025-06-25T17:45:00Z,BTC/USDT,sell,106987.87930000,0.00278564,0.29802972,USDT
2025-06-25T18:00:00Z,BTC/USDT,buy,107407.79706000,0.00278339,0.29895779,USDT
2025-06-25T18:15:00Z,BTC/USDT,sell,107359.01364000,0.00278339,0.29882200,USDT
2025-06-25T19:15:00Z,BTC/USDT,buy,107753.80998000,0.00277361,0.29886704,USDT
2025-06-25T19:45:00Z,BTC/USDT,sell,107637.20447500,0.00277361,0.29854363,USDT
2025-06-25T20:15:00Z,BTC/USDT,buy,107724.28522500,0.00277504,0.29893920,USDT
2025-06-25T20:45:00Z,BTC/USDT,sell,107544.04108000,0.00277504,0.29843902,USDT
2025-06-26T06:30:00Z,BTC/USDT,buy,107769.06760500,0.00277172,0.29870568,USDT
2025-06-26T07:00:00Z,BTC/USDT,sell,107679.77318000,0.00277172,0.29845818,USDT
2025-06-26T07:30:00Z,BTC/USDT,buy,108053.98999500,0.00276527,0.29879846,USDT
2025-06-26T08:00:00Z,BTC/USDT,sell,107817.30438000,0.00276527,0.29814396,USDT
2025-06-26T08:15:00Z,BTC/USDT,buy,108130.33815000,0.00276145,0.29859652,USDT
2025-06-26T08:45:00Z,BTC/USDT,stop_sell,107783.45666946,0.00276145,0.29763863,USDT
2025-06-26T09:00:00Z,BTC/USDT,buy,107878.96252500,0.00276603,0.29839645,USDT
2025-06-26T09:00:00Z,BTC/USDT,stop_sell,107588.47670821,0.00276603,0.29759295,USDT
2025-06-26T14:45:00Z,BTC/USDT,buy,107725.82599500,0.00277322,0.29874742,USDT
2025-06-26T15:15:00Z,BTC/USDT,sell,107358.17406000,0.00277322,0.29772784,USDT
2025-06-26T16:30:00Z,BTC/USDT,buy,107457.13171500,0.00277747,0.29845896,USDT
2025-06-26T16:45:00Z,BTC/USDT,sell,107039.74335500,0.00277747,0.29729968,USDT
2025-06-26T17:45:00Z,BTC/USDT,buy,107344.42539000,0.00277451,0.29782818,USDT
2025-06-26T19:30:00Z,BTC/USDT,sell,107252.14710000,0.00277451,0.29757215,USDT
2025-06-26T19:45:00Z,BTC/USDT,buy,107579.64294000,0.00276969,0.29796226,USDT
2025-06-26T20:00:00Z,BTC/USDT,stop_sell,107148.33296161,0.00276969,0.29676767,USDT
2025-06-26T20:15:00Z,BTC/USDT,buy,107610.34828500,0.002767,0.29775783,USDT
2025-06-26T20:45:00Z,BTC/USDT,sell,107795.22542500,0.002767,0.29826939,USDT
2025-06-26T21:30:00Z,BTC/USDT,buy,107211.28885500,0.00277473,0.29748238,USDT
2025-06-26T21:45:00Z,BTC/USDT,sell,107026.32007000,0.00277473,0.29696914,USDT
2025-06-27T02:30:00Z,BTC/USDT,buy,107249.05773000,0.00277601,0.29772446,USDT
2025-06-27T03:00:00Z,BTC/USDT,sell,107224.21107500,0.00277601,0.29765548,USDT
2025-06-27T14:15:00Z,BTC/USDT,buy,106564.40557500,0.00278085,0.29633963,USDT
2025-06-27T14:15:00Z,BTC/USDT,stop_sell,106457.89442500,0.00278085,0.29604344,USDT
2025-06-27T15:45:00Z,BTC/USDT,buy,107220.90366000,0.00277583,0.29762700,USDT
2025-06-27T17:00:00Z,BTC/USDT,sell,107533.91614500,0.00277583,0.29849587,USDT
2025-06-27T18:15:00Z,BTC/USDT,buy,106978.49251500,0.00278748,0.29820041,USDT
2025-06-27T18:30:00Z,BTC/USDT,sell,106496.67502500,0.00278748,0.29685735,USDT
2025-06-27T19:15:00Z,BTC/USDT,buy,106935.70113000,0.00278287,0.29758815,USDT
2025-06-27T20:30:00Z,BTC/USDT,sell,107001.91228000,0.00278287,0.29777241,USDT
2025-06-27T22:15:00Z,BTC/USDT,buy,107293.58998500,0.00277362,0.29759165,USDT
2025-06-27T22:45:00Z,BTC/USDT,sell,107153.83628000,0.00277362,0.29720402,USDT
2025-06-28T07:00:00Z,BTC/USDT,buy,107491.36882500,0.00276632,0.29735552,USDT
2025-06-28T08:45:00Z,BTC/USDT,stop_sell,107246.55811018,0.00276632,0.29667830,USDT
2025-06-28T15:45:00Z,BTC/USDT,buy,107367.64699500,0.00277163,0.29758339,USDT
2025-06-28T16:15:00Z,BTC/USDT,sell,107398.36395500,0.00277163,0.29766853,USDT
2025-06-29T00:15:00Z,BTC/USDT,buy,107291.44891500,0.00276824,0.29700848,USDT
2025-06-29T02:15:00Z,BTC/USDT,sell,107204.44096500,0.00276824,0.29676762,USDT
2025-06-29T03:15:00Z,BTC/USDT,buy,107365.01568000,0.00276763,0.29714664,USDT
2025-06-29T03:30:00Z,BTC/USDT,sell,107271.15759000,0.00276763,0.29688687,USDT
2025-06-29T04:15:00Z,BTC/USDT,buy,107325.84610500,0.002768,0.29707794,USDT
2025-06-29T04:30:00Z,BTC/USDT,sell,107230.67784000,0.002768,0.29681452,USDT
2025-06-29T06:45:00Z,BTC/USDT,buy,107404.60546500,0.00276533,0.29700918,USDT
2025-06-29T07:15:00Z,BTC/USDT,sell,107297.26453000,0.00276533,0.29671234,USDT
2025-06-29T11:45:00Z,BTC/USDT,buy,108230.33812500,0.00274232,0.29680222,USDT
2025-06-29T13:30:00Z,BTC/USDT,stop_sell,107943.94317179,0.00274232,0.29601683,USDT
2025-06-30T01:45:00Z,BTC/USDT,buy,108800.52307500,0.00272818,0.29682741,USDT
2025-06-30T02:00:00Z,BTC/USDT,sell,108439.40317500,0.00272818,0.29584221,USDT
2025-06-30T03:30:00Z,BTC/USDT,buy,108621.98385000,0.00273488,0.29706809,USDT
2025-06-30T05:00:00Z,BTC/USDT,sell,108369.46816000,0.00273488,0.29637749,USDT
2025-06-30T11:45:00Z,BTC/USDT,buy,107827.91701500,0.00274841,0.29635533,USDT
2025-06-30T11:45:00Z,BTC/USDT,stop_sell,107649.19062179,0.00274841,0.29586411,USDT
2025-06-30T12:00:00Z,BTC/USDT,buy,107646.61641000,0.00275175,0.29621658,USDT
2025-06-30T12:15:00Z,BTC/USDT,sell,107771.62723000,0.00275175,0.29656058,USDT
2025-06-30T13:15:00Z,BTC/USDT,buy,107750.22819000,0.00275118,0.29644027,USDT
2025-06-30T13:45:00Z,BTC/USDT,sell,107385.56036000,0.00275118,0.29543701,USDT
2025-06-30T21:15:00Z,BTC/USDT,buy,107559.67296000,0.00275532,0.29636132,USDT
2025-06-30T21:30:00Z,BTC/USDT,sell,107361.94217500,0.00275532,0.29581651,USDT
2025-07-01T02:45:00Z,BTC/USDT,buy,107339.83309500,0.00276013,0.29627189,USDT
2025-07-01T03:00:00Z,BTC/USDT,sell,107078.53395000,0.00276013,0.29555067,USDT
2025-07-01T03:45:00Z,BTC/USDT,buy,107144.47546500,0.0027613,0.29585804,USDT
2025-07-01T04:00:00Z,BTC/USDT,sell,107164.97071000,0.0027613,0.29591463,USDT
2025-07-01T04:15:00Z,BTC/USDT,buy,107220.70356000,0.00276054,0.29598704,USDT
2025-07-01T04:30:00Z,BTC/USDT,sell,107026.09018500,0.00276054,0.29544980,USDT
2025-07-01T14:00:00Z,BTC/USDT,buy,106826.45653500,0.00277247,0.29617315,USDT
2025-07-01T14:30:00Z,BTC/USDT,stop_sell,106356.19708482,0.00277247,0.29486937,USDT
2025-07-02T08:00:00Z,BTC/USDT,buy,107213.54998500,0.00276133,0.29605199,USDT
2025-07-02T13:15:00Z,BTC/USDT,sell,107474.68577500,0.00276133,0.29677307,USDT
2025-07-02T13:45:00Z,BTC/USDT,buy,107854.55032500,0.00274373,0.29592377,USDT
2025-07-02T13:45:00Z,BTC/USDT,stop_sell,107494.36271732,0.00274373,0.29493551,USDT
2025-07-02T14:00:00Z,BTC/USDT,buy,107904.02505000,0.0027435,0.29603469,USDT
2025-07-02T14:45:00Z,BTC/USDT,sell,107861.14245000,0.0027435,0.29591704,USDT
2025-07-03T04:30:00Z,BTC/USDT,buy,108926.60608500,0.00271476,0.29570959,USDT
2025-07-03T05:00:00Z,BTC/USDT,sell,108553.69600000,0.00271476,0.29469723,USDT
2025-07-03T10:45:00Z,BTC/USDT,buy,109856.19064500,0.00269503,0.29606573,USDT
2025-07-03T12:30:00Z,BTC/USDT,stop_sell,108893.97577500,0.00269503,0.29347253,USDT
2025-07-03T13:15:00Z,BTC/USDT,buy,109339.58247000,0.00269963,0.29517642,USDT
2025-07-03T13:30:00Z,BTC/USDT,sell,109286.08962000,0.00269963,0.29503201,USDT
2025-07-03T13:45:00Z,BTC/USDT,buy,110134.16956500,0.00268237,0.29542059,USDT
2025-07-03T14:30:00Z,BTC/USDT,sell,109815.01502500,0.00268237,0.29456450,USDT
2025-07-03T15:30:00Z,BTC/USDT,buy,109694.94006000,0.00269039,0.29512217,USDT
2025-07-03T15:45:00Z,BTC/USDT,sell,109376.16456000,0.00269039,0.29426454,USDT
2025-07-03T17:00:00Z,BTC/USDT,buy,109510.58793000,0.00269319,0.29493282,USDT
2025-07-03T17:15:00Z,BTC/USDT,sell,109430.89718000,0.00269319,0.29471820,USDT
2025-07-03T17:30:00Z,BTC/USDT,buy,109560.24274500,0.00269223,0.29496137,USDT
2025-07-03T18:30:00Z,BTC/USDT,sell,109424.18054000,0.00269223,0.29459506,USDT
2025-07-03T19:30:00Z,BTC/USDT,buy,109931.04805500,0.00268459,0.29511979,USDT
2025-07-03T21:15:00Z,BTC/USDT,sell,109773.30589000,0.00268459,0.29469632,USDT
2025-07-04T11:15:00Z,BTC/USDT,buy,109035.21036000,0.00270444,0.29487918,USDT
2025-07-04T11:45:00Z,BTC/USDT,sell,108958.90329500,0.00270444,0.29467282,USDT
2025-07-04T12:00:00Z,BTC/USDT,buy,108867.05632500,0.00270279,0.29424479,USDT
2025-07-04T12:00:00Z,BTC/USDT,stop_sell,108758.24367500,0.00270279,0.29395069,USDT
2025-07-04T12:15:00Z,BTC/USDT,buy,109022.85418500,0.00270293,0.29468114,USDT
2025-07-04T12:30:00Z,BTC/USDT,stop_sell,108713.00630500,0.00270293,0.29384365,USDT
2025-07-04T12:45:00Z,BTC/USDT,buy,108849.12736500,0.00270386,0.29431280,USDT
2025-07-04T12:45:00Z,BTC/USDT,stop_sell,108694.09683589,0.00270386,0.29389362,USDT
2025-07-04T13:00:00Z,BTC/USDT,buy,108754.35000000,0.00270786,0.29449155,USDT
2025-07-04T13:15:00Z,BTC/USDT,sell,108619.70298000,0.00270786,0.29412695,USDT
2025-07-04T20:30:00Z,BTC/USDT,buy,107839.83297000,0.00272999,0.29440167,USDT
2025-07-04T21:30:00Z,BTC/USDT,sell,107726.11000000,0.00272999,0.29409120,USDT
2025-07-05T04:30:00Z,BTC/USDT,buy,108358.23204000,0.00271599,0.29429987,USDT
2025-07-05T05:00:00Z,BTC/USDT,stop_sell,108015.54521000,0.00271599,0.29336914,USDT
2025-07-05T15:45:00Z,BTC/USDT,buy,108152.87941500,0.00272129,0.29431535,USDT
2025-07-05T16:00:00Z,BTC/USDT,sell,108059.84305000,0.00272129,0.29406217,USDT
2025-07-05T17:00:00Z,BTC/USDT,buy,108164.65530000,0.00271945,0.29414837,USDT
2025-07-05T17:30:00Z,BTC/USDT,sell,108023.89103500,0.00271945,0.29376557,USDT
2025-07-05T20:00:00Z,BTC/USDT,buy,108237.28159500,0.00271691,0.29407095,USDT
2025-07-05T20:00:00Z,BTC/USDT,stop_sell,107963.24173196,0.00271691,0.29332641,USDT
2025-07-05T20:45:00Z,BTC/USDT,buy,108164.82538500,0.00271851,0.29404716,USDT
2025-07-05T21:45:00Z,BTC/USDT,sell,108073.01646000,0.00271851,0.29379758,USDT
2025-07-06T10:45:00Z,BTC/USDT,buy,108125.90593500,0.0027181,0.29389702,USDT
2025-07-06T11:15:00Z,BTC/USDT,sell,107978.95351500,0.0027181,0.29349759,USDT
2025-07-06T12:45:00Z,BTC/USDT,buy,108202.41417000,0.00271315,0.29356938,USDT
2025-07-06T13:15:00Z,BTC/USDT,sell,108153.39625000,0.00271315,0.29343639,USDT
2025-07-06T22:00:00Z,BTC/USDT,buy,109264.60500000,0.0026887,0.29377974,USDT
2025-07-07T00:30:00Z,BTC/USDT,stop_sell,108828.77125071,0.0026887,0.29260792,USDT
2025-07-07T01:00:00Z,BTC/USDT,buy,108921.86371500,0.00269563,0.29361304,USDT
2025-07-07T03:00:00Z,BTC/USDT,sell,109373.38595000,0.00269563,0.29483018,USDT
2025-07-07T03:15:00Z,BTC/USDT,buy,109435.48039500,0.00268143,0.29344358,USDT
2025-07-07T04:15:00Z,BTC/USDT,sell,109322.20155500,0.00268143,0.29313983,USDT
2025-07-07T19:30:00Z,BTC/USDT,buy,108294.87037500,0.00271159,0.29365129,USDT
2025-07-07T19:45:00Z,BTC/USDT,sell,108013.20638000,0.00271159,0.29288753,USDT
2025-07-07T21:45:00Z,BTC/USDT,buy,108184.46520000,0.00271288,0.29349147,USDT
2025-07-07T22:30:00Z,BTC/USDT,sell,107998.07395000,0.00271288,0.29298581,USDT
2025-07-07T22:45:00Z,BTC/USDT,buy,108141.89392500,0.00271302,0.29339112,USDT
2025-07-07T23:00:00Z,BTC/USDT,sell,108044.03096000,0.00271302,0.29312562,USDT
2025-07-07T23:15:00Z,BTC/USDT,buy,108283.86487500,0.00270895,0.29333558,USDT
2025-07-08T01:30:00Z,BTC/USDT,sell,108038.16389500,0.00270895,0.29266998,USDT
2025-07-08T06:00:00Z,BTC/USDT,buy,108319.93290000,0.00270732,0.29325672,USDT
2025-07-08T07:15:00Z,BTC/USDT,sell,108257.27428500,0.00270732,0.29308708,USDT
2025-07-08T07:30:00Z,BTC/USDT,buy,108468.33706500,0.00270465,0.29336889,USDT
2025-07-08T08:15:00Z,BTC/USDT,sell,108475.22525500,0.00270465,0.29338752,USDT
2025-07-09T02:00:00Z,BTC/USDT,buy,108770.13789000,0.00269176,0.29278311,USDT
2025-07-09T02:30:00Z,BTC/USDT,sell,108645.61002000,0.00269176,0.29244791,USDT
2025-07-09T11:00:00Z,BTC/USDT,buy,108997.63158000,0.00268972,0.29317311,USDT
2025-07-09T11:45:00Z,BTC/USDT,sell,108969.78785000,0.00268972,0.29309822,USDT
2025-07-09T20:30:00Z,BTC/USDT,buy,111018.19135500,0.00263867,0.29294037,USDT
2025-07-09T21:30:00Z,BTC/USDT,sell,111207.16860000,0.00263867,0.29343902,USDT
2025-07-09T21:45:00Z,BTC/USDT,buy,111316.78057500,0.00263207,0.29299356,USDT
2025-07-09T22:30:00Z,BTC/USDT,sell,111300.98167000,0.00263207,0.29295197,USDT
2025-07-10T01:15:00Z,BTC/USDT,buy,111243.81411000,0.00263742,0.29339666,USDT
2025-07-10T01:30:00Z,BTC/USDT,sell,111184.34002000,0.00263742,0.29323980,USDT
2025-07-10T07:15:00Z,BTC/USDT,buy,111455.68999500,0.00262788,0.29289218,USDT
2025-07-10T08:00:00Z,BTC/USDT,sell,111269.53740000,0.00262788,0.29240299,USDT
2025-07-10T15:00:00Z,BTC/USDT,buy,111346.95565500,0.00262962,0.29280018,USDT
2025-07-10T15:15:00Z,BTC/USDT,sell,110978.68290000,0.00262962,0.29183176,USDT
2025-07-10T15:30:00Z,BTC/USDT,buy,111378.37135500,0.00262559,0.29243394,USDT
2025-07-10T20:30:00Z,BTC/USDT,sell,113450.31646500,0.00262559,0.29787402,USDT
2025-07-11T04:15:00Z,BTC/USDT,buy,116750.87626500,0.00250936,0.29296998,USDT
2025-07-11T04:45:00Z,BTC/USDT,sell,116610.66550000,0.00250936,0.29261814,USDT
2025-07-11T07:30:00Z,BTC/USDT,buy,117769.90552500,0.00248425,0.29256989,USDT
2025-07-11T11:15:00Z,BTC/USDT,sell,117741.06002000,0.00248425,0.29249823,USDT
2025-07-11T11:45:00Z,BTC/USDT,buy,117749.52534000,0.00248721,0.29286780,USDT
2025-07-11T12:00:00Z,BTC/USDT,sell,117719.55078000,0.00248721,0.29279324,USDT
2025-07-11T20:00:00Z,BTC/USDT,buy,118180.92093000,0.00248069,0.29317023,USDT
2025-07-11T21:30:00Z,BTC/USDT,stop_sell,117390.45148339,0.00248069,0.29120932,USDT
2025-07-11T21:45:00Z,BTC/USDT,buy,117499.08018000,0.00249091,0.29267963,USDT
2025-07-11T22:00:00Z,BTC/USDT,sell,117440.57034000,0.00249091,0.29253389,USDT
2025-07-11T22:30:00Z,BTC/USDT,buy,117356.31883500,0.00249256,0.29251767,USDT
2025-07-11T22:45:00Z,BTC/USDT,sell,117257.24205000,0.00249256,0.29227071,USDT
2025-07-11T23:00:00Z,BTC/USDT,buy,117684.88303500,0.00248887,0.29290237,USDT
2025-07-11T23:15:00Z,BTC/USDT,sell,117566.95711500,0.00248887,0.29260887,USDT
2025-07-11T23:30:00Z,BTC/USDT,buy,117684.49284000,0.00248532,0.29248362,USDT
2025-07-11T23:45:00Z,BTC/USDT,sell,117455.60282000,0.00248532,0.29191476,USDT
2025-07-12T05:15:00Z,BTC/USDT,buy,117502.46187000,0.0024884,0.29239313,USDT
2025-07-12T05:45:00Z,BTC/USDT,sell,117618.03156500,0.0024884,0.29268071,USDT
2025-07-12T06:00:00Z,BTC/USDT,buy,117769.22518500,0.00248211,0.29231617,USDT
2025-07-12T06:15:00Z,BTC/USDT,sell,117698.26143000,0.00248211,0.29214003,USDT
2025-07-12T06:30:00Z,BTC/USDT,buy,117818.92002000,0.00248269,0.29250785,USDT
2025-07-12T08:45:00Z,BTC/USDT,sell,117646.34740000,0.00248269,0.29207941,USDT
2025-07-12T09:30:00Z,BTC/USDT,buy,117907.37422500,0.00247627,0.29197049,USDT
2025-07-12T11:30:00Z,BTC/USDT,stop_sell,117658.82258786,0.00247627,0.29135501,USDT
2025-07-13T05:00:00Z,BTC/USDT,buy,117858.90000000,0.00247864,0.29212978,USDT
2025-07-13T05:15:00Z,BTC/USDT,sell,117741.10000000,0.00247864,0.29183780,USDT
2025-07-13T06:15:00Z,BTC/USDT,buy,117852.62686500,0.00247805,0.29204470,USDT
2025-07-13T06:30:00Z,BTC/USDT,sell,117692.31440500,0.00247805,0.29164744,USDT
2025-07-13T13:45:00Z,BTC/USDT,buy,118684.41255000,0.00246019,0.29198620,USDT
2025-07-13T14:45:00Z,BTC/USDT,sell,118702.86887500,0.00246019,0.29203161,USDT
2025-07-13T20:30:00Z,BTC/USDT,buy,119378.10922500,0.00244706,0.29212540,USDT
2025-07-13T20:45:00Z,BTC/USDT,sell,118955.70239500,0.00244706,0.29109174,USDT
2025-07-13T22:45:00Z,BTC/USDT,buy,118817.31897000,0.00245506,0.29170365,USDT
2025-07-13T23:00:00Z,BTC/USDT,sell,118491.81445500,0.00245506,0.29090451,USDT
2025-07-14T00:00:00Z,BTC/USDT,buy,119133.09678000,0.00244799,0.29163663,USDT
2025-07-14T00:15:00Z,BTC/USDT,sell,119082.85878500,0.00244799,0.29151365,USDT
2025-07-14T00:30:00Z,BTC/USDT,buy,119281.04071500,0.00244475,0.29161232,USDT
2025-07-14T01:15:00Z,BTC/USDT,sell,118897.66143000,0.00244475,0.29067506,USDT
2025-07-14T01:45:00Z,BTC/USDT,buy,119056.79865000,0.00244369,0.29093791,USDT
2025-07-14T02:45:00Z,BTC/USDT,sell,119725.27741500,0.00244369,0.29257146,USDT
2025-07-14T07:00:00Z,BTC/USDT,buy,122294.63676000,0.00238629,0.29183047,USDT
2025-07-14T10:15:00Z,BTC/USDT,sell,121780.34936500,0.00238629,0.29060323,USDT
2025-07-14T20:45:00Z,BTC/USDT,buy,120227.36364000,0.00242445,0.29148523,USDT
2025-07-14T21:15:00Z,BTC/USDT,sell,119928.57571500,0.00242445,0.29076084,USDT
2025-07-14T21:30:00Z,BTC/USDT,buy,120103.59178500,0.00242806,0.29161873,USDT
2025-07-14T21:45:00Z,BTC/USDT,sell,119901.86907500,0.00242806,0.29112893,USDT
2025-07-14T22:15:00Z,BTC/USDT,buy,120283.86187500,0.00242151,0.29126857,USDT
2025-07-14T23:15:00Z,BTC/USDT,sell,119873.82310500,0.00242151,0.29027566,USDT
2025-07-14T23:45:00Z,BTC/USDT,buy,119928.75441000,0.0024293,0.29134292,USDT
2025-07-15T00:15:00Z,BTC/USDT,sell,119521.52934000,0.0024293,0.29035365,USDT
2025-07-15T12:00:00Z,BTC/USDT,buy,117236.67904500,0.00248275,0.29106936,USDT
2025-07-15T12:15:00Z,BTC/USDT,sell,116998.36155500,0.00248275,0.29047768,USDT
2025-07-15T12:30:00Z,BTC/USDT,buy,117117.59953500,0.00248651,0.29121408,USDT
2025-07-15T12:30:00Z,BTC/USDT,stop_sell,116470.10188839,0.00248651,0.28960407,USDT
2025-07-15T13:00:00Z,BTC/USDT,buy,117336.58897500,0.00247824,0.29078823,USDT
2025-07-15T13:30:00Z,BTC/USDT,sell,117667.00706500,0.00247824,0.29160708,USDT
2025-07-15T22:45:00Z,BTC/USDT,buy,117755.49832500,0.00246978,0.29083017,USDT
2025-07-15T23:45:00Z,BTC/USDT,sell,117609.78569000,0.00246978,0.29047030,USDT
2025-07-16T04:45:00Z,BTC/USDT,buy,117753.86751000,0.00246741,0.29054707,USDT
2025-07-16T05:45:00Z,BTC/USDT,sell,117941.11994000,0.00246741,0.29100910,USDT
2025-07-16T06:00:00Z,BTC/USDT,buy,118187.86440000,0.00246246,0.29103289,USDT
2025-07-16T07:30:00Z,BTC/USDT,sell,118196.67210000,0.00246246,0.29105458,USDT
2025-07-17T15:30:00Z,BTC/USDT,buy,118524.77277000,0.00245296,0.29073653,USDT
2025-07-17T21:45:00Z,BTC/USDT,sell,120413.79298500,0.00245296,0.29537022,USDT
2025-07-18T12:45:00Z,BTC/USDT,buy,119341.92114000,0.00243574,0.29068589,USDT
2025-07-18T13:00:00Z,BTC/USDT,stop_sell,118989.32236232,0.00243574,0.28982705,USDT
2025-07-18T13:30:00Z,BTC/USDT,buy,118860.73066500,0.0024463,0.29076901,USDT
2025-07-18T14:15:00Z,BTC/USDT,stop_sell,118364.55561625,0.0024463,0.28955521,USDT
2025-07-18T19:30:00Z,BTC/USDT,buy,117876.37873500,0.00246456,0.29051341,USDT
2025-07-18T19:45:00Z,BTC/USDT,sell,117441.25000000,0.00246456,0.28944101,USDT
2025-07-18T21:15:00Z,BTC/USDT,buy,117841.52131500,0.0024654,0.29052649,USDT
2025-07-18T21:30:00Z,BTC/USDT,sell,117728.81614500,0.0024654,0.29024862,USDT
2025-07-18T21:45:00Z,BTC/USDT,buy,117844.47279000,0.00246518,0.29050784,USDT
2025-07-18T22:00:00Z,BTC/USDT,sell,117618.90113000,0.00246518,0.28995176,USDT
2025-07-18T22:30:00Z,BTC/USDT,buy,117978.96000000,0.00246136,0.29038869,USDT
2025-07-18T23:15:00Z,BTC/USDT,sell,117623.74870500,0.00246136,0.28951439,USDT
2025-07-18T23:30:00Z,BTC/USDT,buy,117931.71639000,0.0024631,0.29047761,USDT
2025-07-19T00:15:00Z,BTC/USDT,sell,117890.40531000,0.0024631,0.29037586,USDT
2025-07-19T00:30:00Z,BTC/USDT,buy,118008.06454500,0.00245949,0.29023965,USDT
2025-07-19T01:45:00Z,BTC/USDT,sell,117982.22937500,0.00245949,0.29017611,USDT
2025-07-19T02:15:00Z,BTC/USDT,buy,118032.08655000,0.00245676,0.28997651,USDT
2025-07-19T03:00:00Z,BTC/USDT,sell,118198.83102000,0.00245676,0.29038616,USDT
2025-07-19T09:30:00Z,BTC/USDT,buy,118260.05047500,0.00245408,0.29021962,USDT
2025-07-19T10:00:00Z,BTC/USDT,sell,118141.84952500,0.00245408,0.28992955,USDT
2025-07-19T11:00:00Z,BTC/USDT,buy,118453.62721500,0.00244995,0.29020546,USDT
2025-07-19T11:15:00Z,BTC/USDT,stop_sell,118150.30208232,0.00244995,0.28946233,USDT
2025-07-19T11:30:00Z,BTC/USDT,buy,118518.03940500,0.00244801,0.29013335,USDT
2025-07-19T11:45:00Z,BTC/USDT,stop_sell,118170.29493804,0.00244801,0.28928206,USDT
2025-07-19T12:30:00Z,BTC/USDT,buy,118240.48069500,0.0024493,0.28960641,USDT
2025-07-19T14:15:00Z,BTC/USDT,sell,118030.58518500,0.0024493,0.28909231,USDT
2025-07-20T14:45:00Z,BTC/USDT,buy,118659.30000000,0.00244195,0.28976008,USDT
2025-07-20T15:00:00Z,BTC/USDT,stop_sell,118281.03489750,0.00244195,0.28883637,USDT
2025-07-20T15:30:00Z,BTC/USDT,buy,118615.84828500,0.00244017,0.28944283,USDT
2025-07-20T16:00:00Z,BTC/USDT,sell,118598.74096500,0.00244017,0.28940109,USDT
2025-07-20T17:45:00Z,BTC/USDT,buy,118238.13952500,0.00244791,0.28943632,USDT
2025-07-20T18:00:00Z,BTC/USDT,sell,118116.59216000,0.00244791,0.28913879,USDT
2025-07-22T01:45:00Z,BTC/USDT,buy,117742.89202500,0.00246309,0.29001134,USDT
2025-07-22T02:00:00Z,BTC/USDT,sell,117719.37087000,0.00246309,0.28995341,USDT
2025-07-22T05:45:00Z,BTC/USDT,buy,117082.38193500,0.00246919,0.28909865,USDT
2025-07-22T06:45:00Z,BTC/USDT,sell,117545.32793500,0.00246919,0.29024175,USDT
2025-07-22T07:00:00Z,BTC/USDT,buy,117808.87500000,0.0024578,0.28955065,USDT
2025-07-22T13:15:00Z,BTC/USDT,sell,119335.68231000,0.0024578,0.29330324,USDT
2025-07-22T20:15:00Z,BTC/USDT,buy,119733.42679500,0.00242004,0.28975968,USDT
2025-07-22T23:45:00Z,BTC/USDT,sell,120009.70513000,0.00242004,0.29042829,USDT
2025-07-23T11:30:00Z,BTC/USDT,buy,118725.28297500,0.00244102,0.28981079,USDT
2025-07-23T12:45:00Z,BTC/USDT,stop_sell,118234.13157518,0.00244102,0.28861188,USDT
2025-07-23T15:00:00Z,BTC/USDT,buy,118187.62428000,0.002451,0.28967787,USDT
2025-07-23T15:15:00Z,BTC/USDT,sell,117872.50426500,0.002451,0.28890551,USDT
2025-07-23T16:00:00Z,BTC/USDT,buy,118646.12341500,0.00244243,0.28978485,USDT
2025-07-23T16:00:00Z,BTC/USDT,stop_sell,117888.59050357,0.00244243,0.28793463,USDT
2025-07-23T17:45:00Z,BTC/USDT,buy,117949.40523000,0.00245518,0.28958702,USDT
2025-07-23T18:00:00Z,BTC/USDT,sell,118044.39827500,0.00245518,0.28982025,USDT
2025-07-23T18:15:00Z,BTC/USDT,buy,118165.07301000,0.00244913,0.28940163,USDT
2025-07-23T20:30:00Z,BTC/USDT,sell,117954.77311000,0.00244913,0.28888657,USDT
2025-07-23T21:00:00Z,BTC/USDT,buy,117997.85944500,0.00245137,0.28925641,USDT
2025-07-23T21:15:00Z,BTC/USDT,stop_sell,117502.86025089,0.00245137,0.28804299,USDT
2025-07-23T21:45:00Z,BTC/USDT,buy,117961.63134000,0.00244975,0.28897651,USDT
2025-07-23T22:30:00Z,BTC/USDT,sell,118391.60458500,0.00244975,0.29002983,USDT
2025-07-23T23:00:00Z,BTC/USDT,buy,118629.32502000,0.00243953,0.28939980,USDT
2025-07-23T23:30:00Z,BTC/USDT,sell,118477.46163500,0.00243953,0.28902932,USDT
2025-07-24T08:45:00Z,BTC/USDT,buy,118846.44352500,0.00243458,0.28934117,USDT
2025-07-24T10:15:00Z,BTC/USDT,stop_sell,118162.02657429,0.00243458,0.28767491,USDT
2025-07-24T10:45:00Z,BTC/USDT,buy,118342.30158000,0.00244649,0.28952326,USDT
2025-07-24T11:00:00Z,BTC/USDT,sell,118381.23977000,0.00244649,0.28961852,USDT
2025-07-24T14:45:00Z,BTC/USDT,buy,118720.35051000,0.00243322,0.28887273,USDT
2025-07-24T15:00:00Z,BTC/USDT,sell,119015.73236500,0.00243322,0.28959146,USDT
2025-07-24T20:15:00Z,BTC/USDT,buy,118934.08732500,0.00242877,0.28886354,USDT
2025-07-24T20:30:00Z,BTC/USDT,sell,118868.24614500,0.00242877,0.28870363,USDT
2025-07-25T08:30:00Z,BTC/USDT,buy,115842.81246000,0.00249177,0.28865364,USDT
2025-07-25T08:30:00Z,BTC/USDT,stop_sell,115216.12740357,0.00249177,0.28709209,USDT
2025-07-25T18:00:00Z,BTC/USDT,buy,116197.33963500,0.00248287,0.28850289,USDT
2025-07-25T20:00:00Z,BTC/USDT,sell,116574.61353500,0.00248287,0.28943961,USDT
2025-07-26T02:30:00Z,BTC/USDT,buy,117600.61092000,0.00245493,0.28870127,USDT
2025-07-26T02:45:00Z,BTC/USDT,sell,117398.73127000,0.00245493,0.28820567,USDT
2025-07-26T04:00:00Z,BTC/USDT,buy,117617.68945500,0.00245349,0.28857382,USDT
2025-07-26T04:15:00Z,BTC/USDT,sell,117438.62131500,0.00245349,0.28813448,USDT
2025-07-26T14:00:00Z,BTC/USDT,buy,118196.34864000,0.00244196,0.28863076,USDT
2025-07-26T15:15:00Z,BTC/USDT,stop_sell,117753.00511589,0.00244196,0.28754813,USDT
2025-07-26T15:45:00Z,BTC/USDT,buy,118046.25363000,0.00244337,0.28843067,USDT
2025-07-26T16:00:00Z,BTC/USDT,sell,117970.84507000,0.00244337,0.28824642,USDT
2025-07-26T16:30:00Z,BTC/USDT,buy,118260.69079500,0.00243796,0.28831483,USDT
2025-07-26T18:00:00Z,BTC/USDT,sell,117996.41228000,0.00243796,0.28767053,USDT
2025-07-26T18:15:00Z,BTC/USDT,buy,118114.47772500,0.00244003,0.28820287,USDT
2025-07-26T18:30:00Z,BTC/USDT,sell,117995.73262000,0.00244003,0.28791313,USDT
2025-07-27T01:15:00Z,BTC/USDT,buy,118160.64079500,0.00243849,0.28813354,USDT
2025-07-27T01:30:00Z,BTC/USDT,sell,117998.46125500,0.00243849,0.28773807,USDT
2025-07-27T13:15:00Z,BTC/USDT,buy,118294.63776000,0.00243692,0.28827457,USDT
2025-07-27T17:00:00Z,BTC/USDT,sell,119045.42751000,0.00243692,0.29010418,USDT
2025-07-27T17:15:00Z,BTC/USDT,buy,119060.50050000,0.00241881,0.28798473,USDT
2025-07-27T18:30:00Z,BTC/USDT,sell,119225.15760000,0.00241881,0.28838300,USDT
2025-07-27T21:45:00Z,BTC/USDT,buy,119179.15980000,0.00241764,0.28813230,USDT
2025-07-27T22:30:00Z,BTC/USDT,sell,119620.16000000,0.00241764,0.28919848,USDT
2025-07-27T23:30:00Z,BTC/USDT,buy,119441.09070000,0.00241277,0.28818388,USDT
2025-07-28T00:30:00Z,BTC/USDT,sell,119489.64529000,0.00241277,0.28830103,USDT
2025-07-28T01:30:00Z,BTC/USDT,buy,119211.80611500,0.00241407,0.28778564,USDT
2025-07-28T01:45:00Z,BTC/USDT,stop_sell,118932.12311911,0.00241407,0.28711047,USDT
2025-07-28T12:00:00Z,BTC/USDT,buy,118906.66362000,0.00242244,0.28804426,USDT
2025-07-28T12:15:00Z,BTC/USDT,sell,118937.60145000,0.00242244,0.28811920,USDT
2025-07-28T12:30:00Z,BTC/USDT,buy,119045.71311000,0.00241905,0.28797753,USDT
2025-07-28T12:45:00Z,BTC/USDT,stop_sell,118659.69297375,0.00241905,0.28704373,USDT
2025-07-28T19:15:00Z,BTC/USDT,buy,118202.86189500,0.0024344,0.28775305,USDT
2025-07-28T19:30:00Z,BTC/USDT,sell,117838.75115000,0.0024344,0.28686666,USDT
2025-07-28T21:45:00Z,BTC/USDT,buy,118420.22052000,0.00243034,0.28780140,USDT
2025-07-28T22:45:00Z,BTC/USDT,stop_sell,117819.56788929,0.00243034,0.28634161,USDT
2025-07-28T23:00:00Z,BTC/USDT,buy,118040.98099500,0.00243968,0.28798222,USDT
2025-07-29T00:00:00Z,BTC/USDT,sell,117934.85307500,0.00243968,0.28772330,USDT
2025-07-29T00:15:00Z,BTC/USDT,buy,118399.80031500,0.00242924,0.28762153,USDT
2025-07-29T00:30:00Z,BTC/USDT,stop_sell,117846.30023071,0.00242924,0.28627695,USDT
2025-07-29T01:15:00Z,BTC/USDT,buy,118169.46520500,0.00243523,0.28776983,USDT
2025-07-29T01:30:00Z,BTC/USDT,sell,118221.70957500,0.00243523,0.28789705,USDT
2025-07-29T02:00:00Z,BTC/USDT,buy,117899.63035500,0.0024338,0.28694412,USDT
2025-07-29T02:15:00Z,BTC/USDT,sell,117875.22290500,0.0024338,0.28688472,USDT
2025-07-29T03:15:00Z,BTC/USDT,buy,118442.34157500,0.00242562,0.28729611,USDT
2025-07-29T05:00:00Z,BTC/USDT,sell,118441.92941000,0.00242562,0.28729511,USDT
2025-07-29T05:15:00Z,BTC/USDT,buy,118700.00034000,0.00242002,0.28725637,USDT
2025-07-29T05:45:00Z,BTC/USDT,sell,118597.18174500,0.00242002,0.28700755,USDT
2025-07-29T06:00:00Z,BTC/USDT,buy,118899.78018000,0.00241637,0.28730586,USDT
2025-07-29T06:15:00Z,BTC/USDT,sell,118835.43256000,0.00241637,0.28715037,USDT
2025-07-29T09:30:00Z,BTC/USDT,buy,118961.69112000,0.00241531,0.28732936,USDT
2025-07-29T09:45:00Z,BTC/USDT,sell,118786.57700000,0.00241531,0.28690641,USDT
2025-07-29T12:45:00Z,BTC/USDT,buy,119020.16034000,0.00240948,0.28677670,USDT
2025-07-29T13:00:00Z,BTC/USDT,stop_sell,118753.85444089,0.00240948,0.28613504,USDT
2025-07-29T21:15:00Z,BTC/USDT,buy,117477.52941000,0.00244251,0.28694004,USDT
2025-07-29T21:30:00Z,BTC/USDT,sell,117271.59487000,0.00244251,0.28643704,USDT
2025-07-29T23:15:00Z,BTC/USDT,buy,117936.96901500,0.00243234,0.28686281,USDT
2025-07-30T00:45:00Z,BTC/USDT,sell,117503.93864000,0.00243234,0.28580953,USDT
2025-07-30T01:00:00Z,BTC/USDT,buy,117777.31923000,0.00243454,0.28673359,USDT
2025-07-30T01:15:00Z,BTC/USDT,sell,117717.28191500,0.00243454,0.28658743,USDT
2025-07-30T01:45:00Z,BTC/USDT,buy,117991.90647000,0.00242929,0.28663656,USDT
2025-07-30T02:00:00Z,BTC/USDT,sell,117925.74763000,0.00242929,0.28647584,USDT
2025-07-30T05:00:00Z,BTC/USDT,buy,118001.44123500,0.00242851,0.28656768,USDT
2025-07-30T06:30:00Z,BTC/USDT,sell,118094.85303500,0.00242851,0.28679453,USDT
2025-07-30T06:45:00Z,BTC/USDT,buy,118283.67228000,0.00242282,0.28658005,USDT
2025-07-30T08:15:00Z,BTC/USDT,sell,117960.99000000,0.00242282,0.28579825,USDT
2025-07-30T08:45:00Z,BTC/USDT,buy,118362.07146000,0.0024203,0.28647172,USDT
2025-07-30T09:30:00Z,BTC/USDT,stop_sell,117989.63567000,0.0024203,0.28557032,USDT
2025-07-30T09:45:00Z,BTC/USDT,buy,118211.47620000,0.00242527,0.28669475,USDT
2025-07-30T11:00:00Z,BTC/USDT,sell,118035.37279000,0.00242527,0.28626765,USDT
2025-07-30T14:45:00Z,BTC/USDT,buy,118136.22859500,0.00242215,0.28614367,USDT
2025-07-30T15:15:00Z,BTC/USDT,sell,118384.97790000,0.00242215,0.28674617,USDT
2025-07-30T15:45:00Z,BTC/USDT,buy,118174.23759000,0.00241988,0.28596747,USDT
2025-07-30T16:00:00Z,BTC/USDT,sell,117855.96254000,0.00241988,0.28519729,USDT
2025-07-30T23:30:00Z,BTC/USDT,buy,117636.06864000,0.00243274,0.28617797,USDT
2025-07-31T00:15:00Z,BTC/USDT,sell,117792.78414500,0.00243274,0.28655922,USDT
2025-07-31T14:00:00Z,BTC/USDT,buy,118570.01538000,0.00240859,0.28558655,USDT
2025-07-31T14:00:00Z,BTC/USDT,stop_sell,118343.21700518,0.00240859,0.28504029,USDT
2025-07-31T16:15:00Z,BTC/USDT,buy,118387.00392000,0.00241399,0.28578504,USDT
2025-07-31T17:15:00Z,BTC/USDT,sell,118276.81201000,0.00241399,0.28551904,USDT
2025-08-01T03:45:00Z,BTC/USDT,buy,115890.13611000,0.00246562,0.28574104,USDT
2025-08-01T04:00:00Z,BTC/USDT,sell,115619.61127500,0.00246562,0.28507403,USDT
2025-08-01T05:00:00Z,BTC/USDT,buy,115818.21016500,0.00247298,0.28641612,USDT
2025-08-01T06:30:00Z,BTC/USDT,stop_sell,115115.31319304,0.00247298,0.28467787,USDT
2025-08-01T11:45:00Z,BTC/USDT,buy,115237.79010000,0.00247856,0.28562378,USDT
2025-08-01T13:30:00Z,BTC/USDT,sell,115366.46791000,0.00247856,0.28594271,USDT
2025-08-01T13:45:00Z,BTC/USDT,buy,115070.33641500,0.00248285,0.28570238,USDT
2025-08-01T13:45:00Z,BTC/USDT,stop_sell,114434.83288911,0.00248285,0.28412452,USDT
2025-08-01T14:30:00Z,BTC/USDT,buy,115691.15667000,0.00246693,0.28540199,USDT
2025-08-01T15:00:00Z,BTC/USDT,sell,115359.81124000,0.00246693,0.28458458,USDT
2025-08-01T15:45:00Z,BTC/USDT,buy,115320.92164500,0.00247675,0.28562109,USDT
2025-08-01T16:30:00Z,BTC/USDT,sell,115509.32644500,0.00247675,0.28608772,USDT
2025-08-02T00:15:00Z,BTC/USDT,buy,113415.67950000,0.0025165,0.28541056,USDT
2025-08-02T01:30:00Z,BTC/USDT,sell,113345.22903500,0.0025165,0.28523327,USDT
2025-08-02T07:00:00Z,BTC/USDT,buy,113732.45781000,0.00250775,0.28521257,USDT
2025-08-02T08:45:00Z,BTC/USDT,sell,113650.22646000,0.00250775,0.28500636,USDT
2025-08-02T11:30:00Z,BTC/USDT,buy,113870.27668500,0.00250774,0.28555705,USDT
2025-08-02T11:45:00Z,BTC/USDT,sell,113812.52527000,0.00250774,0.28541222,USDT
2025-08-02T22:45:00Z,BTC/USDT,buy,112900.32195000,0.00252637,0.28522799,USDT
2025-08-02T23:15:00Z,BTC/USDT,sell,112635.25420000,0.00252637,0.28455833,USDT
2025-08-02T23:45:00Z,BTC/USDT,buy,112869.24642000,0.00252899,0.28544520,USDT
2025-08-03T00:00:00Z,BTC/USDT,sell,112437.72301500,0.00252899,0.28435388,USDT
2025-08-03T01:00:00Z,BTC/USDT,buy,112945.01428500,0.00252393,0.28506531,USDT
2025-08-03T01:15:00Z,BTC/USDT,sell,113002.44051500,0.00252393,0.28521025,USDT
2025-08-03T06:15:00Z,BTC/USDT,buy,113674.26873000,0.0025065,0.28492455,USDT
2025-08-03T06:45:00Z,BTC/USDT,stop_sell,113403.91396357,0.0025065,0.28424691,USDT
2025-08-03T15:30:00Z,BTC/USDT,buy,113888.15562000,0.00250127,0.28486503,USDT
2025-08-03T15:45:00Z,BTC/USDT,sell,113787.56775500,0.00250127,0.28461343,USDT
2025-08-03T16:30:00Z,BTC/USDT,buy,113918.04055500,0.00249899,0.28468004,USDT
2025-08-03T16:45:00Z,BTC/USDT,sell,113925.12894000,0.00249899,0.28469776,USDT
2025-08-03T17:00:00Z,BTC/USDT,buy,114062.86293000,0.0024968,0.28479216,USDT
2025-08-03T17:15:00Z,BTC/USDT,sell,114129.50670000,0.0024968,0.28495855,USDT
2025-08-03T20:15:00Z,BTC/USDT,buy,114320.68177500,0.00249057,0.28472366,USDT
2025-08-03T23:15:00Z,BTC/USDT,sell,114260.84100000,0.00249057,0.28457462,USDT
2025-08-04T07:00:00Z,BTC/USDT,buy,114621.99235500,0.00248627,0.28498122,USDT
2025-08-04T07:15:00Z,BTC/USDT,sell,114497.54259000,0.00248627,0.28467181,USDT
2025-08-04T10:30:00Z,BTC/USDT,buy,114424.28355000,0.00248394,0.28422305,USDT
2025-08-04T10:30:00Z,BTC/USDT,stop_sell,114228.18019571,0.00248394,0.28373595,USDT
2025-08-04T20:30:00Z,BTC/USDT,buy,114760.93179000,0.0024776,0.28433168,USDT
2025-08-04T21:00:00Z,BTC/USDT,sell,115032.58493500,0.0024776,0.28500473,USDT
2025-08-05T08:45:00Z,BTC/USDT,buy,114296.39964000,0.00248654,0.28420257,USDT
2025-08-05T09:00:00Z,BTC/USDT,sell,114326.77801500,0.00248654,0.28427811,USDT
2025-08-05T09:15:00Z,BTC/USDT,buy,114436.42962000,0.00248585,0.28447180,USDT
2025-08-05T10:15:00Z,BTC/USDT,sell,114697.39261500,0.00248585,0.28512051,USDT
2025-08-05T10:30:00Z,BTC/USDT,buy,115067.70510000,0.00247244,0.28449800,USDT
2025-08-05T10:45:00Z,BTC/USDT,sell,114879.90131500,0.00247244,0.28403366,USDT
2025-08-05T19:15:00Z,BTC/USDT,buy,113693.71845000,0.00249819,0.28402851,USDT
2025-08-05T19:45:00Z,BTC/USDT,stop_sell,113345.57636125,0.00249819,0.28315879,USDT
2025-08-05T20:15:00Z,BTC/USDT,buy,113832.28770000,0.00249562,0.28408213,USDT
2025-08-05T22:00:00Z,BTC/USDT,stop_sell,113456.97349196,0.00249562,0.28314549,USDT
2025-08-05T22:15:00Z,BTC/USDT,buy,113802.03258000,0.00249807,0.28428544,USDT
2025-08-06T01:00:00Z,BTC/USDT,sell,113788.94706500,0.00249807,0.28425275,USDT
2025-08-06T05:45:00Z,BTC/USDT,buy,114169.59627000,0.00248858,0.28412017,USDT
2025-08-06T06:00:00Z,BTC/USDT,sell,114055.47373500,0.00248858,0.28383617,USDT
2025-08-06T11:00:00Z,BTC/USDT,buy,114181.91242500,0.0024877,0.28405034,USDT
2025-08-06T12:00:00Z,BTC/USDT,sell,114228.07739000,0.0024877,0.28416519,USDT
2025-08-06T12:30:00Z,BTC/USDT,buy,114237.72031500,0.00248694,0.28410236,USDT
2025-08-06T13:00:00Z,BTC/USDT,sell,113944.52923500,0.00248694,0.28337321,USDT
2025-08-06T13:30:00Z,BTC/USDT,buy,113906.58483000,0.00248963,0.28358525,USDT
2025-08-06T13:30:00Z,BTC/USDT,stop_sell,113625.50561232,0.00248963,0.28288547,USDT
2025-08-06T13:45:00Z,BTC/USDT,buy,114248.63577000,0.00248678,0.28411122,USDT
2025-08-06T14:15:00Z,BTC/USDT,sell,114106.83804000,0.00248678,0.28375860,USDT
2025-08-06T21:15:00Z,BTC/USDT,buy,115288.17528000,0.0024624,0.28388560,USDT
2025-08-06T21:30:00Z,BTC/USDT,sell,115064.35904000,0.0024624,0.28333448,USDT
2025-08-06T22:00:00Z,BTC/USDT,buy,115179.44094000,0.00246319,0.28370885,USDT
2025-08-06T22:15:00Z,BTC/USDT,sell,115117.56242500,0.00246319,0.28355643,USDT
2025-08-08T17:15:00Z,BTC/USDT,buy,116605.43358000,0.00243326,0.28373134,USDT
2025-08-08T17:45:00Z,BTC/USDT,sell,116639.23121000,0.00243326,0.28381358,USDT
2025-08-09T09:00:00Z,BTC/USDT,buy,117108.66507000,0.00242126,0.28355053,USDT
2025-08-09T09:30:00Z,BTC/USDT,sell,117066.46748500,0.00242126,0.28344836,USDT
2025-08-09T12:30:00Z,BTC/USDT,buy,117400.54093500,0.00241466,0.28348239,USDT
2025-08-09T12:45:00Z,BTC/USDT,sell,117248.79627500,0.00241466,0.28311598,USDT
2025-08-09T13:45:00Z,BTC/USDT,buy,117222.61201500,0.00241766,0.28340442,USDT
2025-08-09T14:00:00Z,BTC/USDT,sell,116821.99978000,0.00241766,0.28243588,USDT
2025-08-10T03:15:00Z,BTC/USDT,buy,117613.82752500,0.00240226,0.28253899,USDT
2025-08-10T05:30:00Z,BTC/USDT,sell,117969.59569500,0.00240226,0.28339364,USDT
2025-08-10T06:00:00Z,BTC/USDT,buy,118159.05000000,0.00239781,0.28332295,USDT
2025-08-10T08:00:00Z,BTC/USDT,sell,117884.54824000,0.00239781,0.28266475,USDT
2025-08-10T08:30:00Z,BTC/USDT,buy,117853.55733000,0.00239345,0.28207660,USDT
2025-08-10T08:45:00Z,BTC/USDT,sell,118188.53617000,0.00239345,0.28287835,USDT
2025-08-10T10:30:00Z,BTC/USDT,buy,118076.37868500,0.00239042,0.28225214,USDT
2025-08-10T11:00:00Z,BTC/USDT,sell,118129.68561000,0.00239042,0.28237956,USDT
2025-08-10T11:15:00Z,BTC/USDT,buy,118217.06899500,0.0024006,0.28379190,USDT
2025-08-10T12:00:00Z,BTC/USDT,sell,118110.15538000,0.0024006,0.28353524,USDT
2025-08-10T12:15:00Z,BTC/USDT,buy,118574.66770500,0.00238789,0.28314326,USDT
2025-08-10T15:30:00Z,BTC/USDT,sell,118489.58557000,0.00238789,0.28294010,USDT
2025-08-10T23:45:00Z,BTC/USDT,buy,119271.18579000,0.00237833,0.28366624,USDT
2025-08-11T08:15:00Z,BTC/USDT,sell,121633.23296000,0.00237833,0.28928397,USDT
2025-08-11T08:30:00Z,BTC/USDT,buy,121811.85549000,0.00232847,0.28363525,USDT
2025-08-11T09:45:00Z,BTC/USDT,sell,121524.31744500,0.00232847,0.28296573,USDT
2025-08-12T01:00:00Z,BTC/USDT,buy,119051.65608000,0.00238035,0.28338461,USDT
2025-08-12T02:45:00Z,BTC/USDT,sell,119438.85070000,0.00238035,0.28430627,USDT
2025-08-12T08:00:00Z,BTC/USDT,buy,119494.78753500,0.00237177,0.28341415,USDT
2025-08-12T09:00:00Z,BTC/USDT,sell,119192.59389000,0.00237177,0.28269742,USDT
2025-08-12T20:00:00Z,BTC/USDT,buy,119988.68436000,0.00236113,0.28330888,USDT
2025-08-12T23:15:00Z,BTC/USDT,sell,119684.44784000,0.00236113,0.28259054,USDT
2025-08-13T08:15:00Z,BTC/USDT,buy,119867.83396500,0.00236268,0.28320933,USDT
2025-08-13T08:45:00Z,BTC/USDT,sell,119476.98162500,0.00236268,0.28228587,USDT
2025-08-13T14:45:00Z,BTC/USDT,buy,121539.51939000,0.00232226,0.28224636,USDT
2025-08-13T14:45:00Z,BTC/USDT,stop_sell,121042.64411643,0.00232226,0.28109249,USDT
2025-08-13T15:00:00Z,BTC/USDT,buy,121060.17984000,0.00233729,0.28295275,USDT
2025-08-13T18:45:00Z,BTC/USDT,sell,121345.11709000,0.00233729,0.28361873,USDT
2025-08-13T19:15:00Z,BTC/USDT,buy,121929.67437000,0.00232798,0.28384984,USDT
2025-08-13T20:00:00Z,BTC/USDT,sell,122638.62001500,0.00232798,0.28550025,USDT
2025-08-13T20:45:00Z,BTC/USDT,buy,122784.11137500,0.00230524,0.28304684,USDT
2025-08-13T21:45:00Z,BTC/USDT,sell,122414.06235000,0.00230524,0.28219379,USDT
2025-08-13T22:15:00Z,BTC/USDT,buy,122562.63069000,0.0023085,0.28293583,USDT
2025-08-13T23:00:00Z,BTC/USDT,sell,123245.02666000,0.0023085,0.28451114,USDT
2025-08-13T23:15:00Z,BTC/USDT,buy,123009.82417500,0.00229431,0.28222267,USDT
2025-08-14T01:45:00Z,BTC/USDT,sell,123731.89310500,0.00229431,0.28387932,USDT
2025-08-14T02:15:00Z,BTC/USDT,buy,123432.74553000,0.00228851,0.28247707,USDT
2025-08-14T03:30:00Z,BTC/USDT,sell,123656.15099500,0.00228851,0.28298834,USDT
2025-08-14T21:00:00Z,BTC/USDT,buy,118416.28855500,0.00239053,0.28307769,USDT
2025-08-14T21:30:00Z,BTC/USDT,stop_sell,117525.05379143,0.00239053,0.28094717,USDT
2025-08-14T22:00:00Z,BTC/USDT,buy,118191.56625000,0.00240118,0.28379923,USDT
2025-08-14T22:15:00Z,BTC/USDT,sell,117740.90010000,0.00240118,0.28271709,USDT
2025-08-14T22:45:00Z,BTC/USDT,buy,118441.87134000,0.00238724,0.28274917,USDT
2025-08-15T00:00:00Z,BTC/USDT,sell,118227.00692500,0.00238724,0.28223624,USDT
2025-08-15T00:15:00Z,BTC/USDT,buy,118348.18452000,0.00238213,0.28192076,USDT
2025-08-15T01:00:00Z,BTC/USDT,stop_sell,117854.87094321,0.00238213,0.28074562,USDT
2025-08-15T01:15:00Z,BTC/USDT,buy,118208.68480500,0.00239004,0.28252349,USDT
2025-08-15T01:15:00Z,BTC/USDT,stop_sell,117384.04575929,0.00239004,0.28055256,USDT
2025-08-15T10:00:00Z,BTC/USDT,buy,118934.07732000,0.00238028,0.28309641,USDT
2025-08-15T13:00:00Z,BTC/USDT,sell,118488.98587000,0.00238028,0.28203696,USDT
2025-08-15T20:15:00Z,BTC/USDT,buy,117277.87963500,0.0024056,0.28212367,USDT
2025-08-15T21:15:00Z,BTC/USDT,sell,116960.39055000,0.0024056,0.28135992,USDT
2025-08-15T22:00:00Z,BTC/USDT,buy,117377.40937500,0.00240322,0.28208374,USDT
2025-08-15T22:15:00Z,BTC/USDT,sell,117287.93669500,0.00240322,0.28186872,USDT
2025-08-15T23:00:00Z,BTC/USDT,buy,117761.21118000,0.00239441,0.28196862,USDT
2025-08-15T23:00:00Z,BTC/USDT,stop_sell,117355.41294000,0.00239441,0.28099697,USDT
2025-08-16T04:15:00Z,BTC/USDT,buy,117578.76000000,0.00239788,0.28193976,USDT
2025-08-16T05:30:00Z,BTC/USDT,sell,117613.46385000,0.00239788,0.28202297,USDT
2025-08-16T07:30:00Z,BTC/USDT,buy,117613.43733000,0.00239648,0.28185825,USDT
2025-08-16T07:45:00Z,BTC/USDT,sell,117626.65725000,0.00239648,0.28188993,USDT
2025-08-16T11:15:00Z,BTC/USDT,buy,117616.80901500,0.00239671,0.28189338,USDT
2025-08-16T11:30:00Z,BTC/USDT,sell,117474.39342000,0.00239671,0.28155205,USDT
2025-08-16T13:00:00Z,BTC/USDT,buy,117688.22470500,0.00239284,0.28160909,USDT
2025-08-16T14:45:00Z,BTC/USDT,sell,117679.23095000,0.00239284,0.28158757,USDT
2025-08-17T02:30:00Z,BTC/USDT,buy,117634.70796000,0.0023962,0.28187629,USDT
2025-08-17T03:15:00Z,BTC/USDT,sell,117440.93016000,0.0023962,0.28141196,USDT
2025-08-17T22:15:00Z,BTC/USDT,buy,117851.79645000,0.00238831,0.28146662,USDT
2025-08-17T22:30:00Z,BTC/USDT,sell,117682.30941000,0.00238831,0.28106184,USDT
2025-08-17T22:45:00Z,BTC/USDT,buy,117937.89948000,0.00238585,0.28138214,USDT
2025-08-17T23:15:00Z,BTC/USDT,stop_sell,117644.59684714,0.00238585,0.28068236,USDT
2025-08-17T23:45:00Z,BTC/USDT,buy,117644.96308500,0.0023918,0.28138322,USDT
2025-08-18T00:00:00Z,BTC/USDT,sell,117362.49939500,0.0023918,0.28070763,USDT
2025-08-18T08:30:00Z,BTC/USDT,buy,115525.37382000,0.0024353,0.28133894,USDT
2025-08-18T08:45:00Z,BTC/USDT,sell,115154.52393500,0.0024353,0.28043581,USDT
2025-08-18T17:30:00Z,BTC/USDT,buy,116778.06985500,0.00241463,0.28197583,USDT
2025-08-18T17:45:00Z,BTC/USDT,sell,116518.60155500,0.00241463,0.28134931,USDT
2025-08-18T21:00:00Z,BTC/USDT,buy,116625.45358500,0.00241088,0.28116997,USDT
2025-08-18T21:45:00Z,BTC/USDT,sell,116689.63599500,0.00241088,0.28132471,USDT
2025-08-19T01:15:00Z,BTC/USDT,buy,116454.20800500,0.00240569,0.28015272,USDT
2025-08-19T01:30:00Z,BTC/USDT,sell,116323.49915500,0.00240569,0.27983828,USDT
2025-08-19T21:15:00Z,BTC/USDT,buy,113575.29927000,0.00246676,0.28016301,USDT
2025-08-19T21:30:00Z,BTC/USDT,sell,113462.08058000,0.00246676,0.27988372,USDT
2025-08-19T22:45:00Z,BTC/USDT,buy,113807.27520000,0.00246855,0.28093895,USDT
2025-08-19T23:00:00Z,BTC/USDT,sell,113284.50941000,0.00246855,0.27964848,USDT
2025-08-20T00:45:00Z,BTC/USDT,buy,113587.83553500,0.00247058,0.28062783,USDT
2025-08-20T01:15:00Z,BTC/USDT,sell,113532.70525000,0.00247058,0.28049163,USDT
2025-08-20T08:15:00Z,BTC/USDT,buy,113893.98853500,0.00246499,0.28074754,USDT
2025-08-20T09:00:00Z,BTC/USDT,sell,114042.79008000,0.00246499,0.28111434,USDT
2025-08-20T12:15:00Z,BTC/USDT,buy,113984.13358500,0.00246295,0.28073722,USDT
2025-08-20T13:00:00Z,BTC/USDT,sell,113535.13403500,0.00246295,0.27963136,USDT
2025-08-20T14:45:00Z,BTC/USDT,buy,113938.05055500,0.00246297,0.28062600,USDT
2025-08-20T15:00:00Z,BTC/USDT,sell,113802.22042500,0.00246297,0.28029145,USDT
2025-08-21T03:15:00Z,BTC/USDT,buy,114564.25350000,0.00244869,0.28053234,USDT
2025-08-21T03:30:00Z,BTC/USDT,sell,114348.93693000,0.00244869,0.28000510,USDT
2025-08-21T05:00:00Z,BTC/USDT,buy,113942.80293000,0.00245343,0.27955069,USDT
2025-08-21T05:00:00Z,BTC/USDT,stop_sell,113719.80629554,0.00245343,0.27900358,USDT
2025-08-21T21:45:00Z,BTC/USDT,buy,112867.52556000,0.00248395,0.28035729,USDT
2025-08-21T22:45:00Z,BTC/USDT,sell,112367.58810000,0.00248395,0.27911547,USDT
2025-08-21T23:00:00Z,BTC/USDT,buy,112656.24997500,0.00248733,0.28021327,USDT
2025-08-21T23:30:00Z,BTC/USDT,sell,112532.34568000,0.00248733,0.27990508,USDT
2025-08-22T00:15:00Z,BTC/USDT,buy,112823.66364000,0.00248302,0.28014341,USDT
2025-08-22T01:00:00Z,BTC/USDT,sell,112499.91190500,0.00248302,0.27933953,USDT
2025-08-22T01:30:00Z,BTC/USDT,buy,112879.99179000,0.00248081,0.28003381,USDT
2025-08-22T02:45:00Z,BTC/USDT,sell,113224.83926000,0.00248081,0.28088931,USDT
2025-08-22T04:15:00Z,BTC/USDT,buy,113342.77306500,0.00247089,0.28005752,USDT
2025-08-22T04:45:00Z,BTC/USDT,sell,113267.48792500,0.00247089,0.27987150,USDT
2025-08-22T09:45:00Z,BTC/USDT,buy,113242.10275500,0.00247231,0.27996958,USDT
2025-08-22T10:00:00Z,BTC/USDT,stop_sell,112855.23415500,0.00247231,0.27901312,USDT
2025-08-22T14:15:00Z,BTC/USDT,buy,115269.39589500,0.00242802,0.27987640,USDT
2025-08-22T14:30:00Z,BTC/USDT,sell,115311.83524000,0.00242802,0.27997944,USDT
2025-08-23T01:30:00Z,BTC/USDT,buy,117172.02673500,0.00238828,0.27983961,USDT
2025-08-23T01:30:00Z,BTC/USDT,stop_sell,116510.45884268,0.00238828,0.27825960,USDT
2025-08-23T01:45:00Z,BTC/USDT,buy,116898.54006000,0.0023891,0.27928230,USDT
2025-08-23T02:15:00Z,BTC/USDT,sell,116334.59360500,0.0023891,0.27793498,USDT
2025-08-23T10:00:00Z,BTC/USDT,buy,116064.05302500,0.0024024,0.27883228,USDT
2025-08-23T10:30:00Z,BTC/USDT,sell,116008.70663000,0.0024024,0.27869932,USDT
2025-08-23T11:00:00Z,BTC/USDT,buy,116380.72128000,0.00240062,0.27938589,USDT
2025-08-23T11:30:00Z,BTC/USDT,sell,116052.15489500,0.00240062,0.27859712,USDT
2025-08-23T11:45:00Z,BTC/USDT,buy,116050.47624000,0.00240716,0.27935206,USDT
2025-08-23T12:00:00Z,BTC/USDT,sell,115544.05907000,0.00240716,0.27813304,USDT
2025-08-23T12:45:00Z,BTC/USDT,buy,115669.80600000,0.0023997,0.27757283,USDT
2025-08-23T13:00:00Z,BTC/USDT,sell,115942.00000000,0.0023997,0.27822602,USDT
2025-08-24T13:00:00Z,BTC/USDT,buy,114612.77775000,0.00243619,0.27921850,USDT
2025-08-24T13:15:00Z,BTC/USDT,sell,114492.70501000,0.00243619,0.27892598,USDT
2025-08-25T00:30:00Z,BTC/USDT,buy,113132.43795000,0.00246747,0.27915090,USDT
2025-08-25T00:30:00Z,BTC/USDT,stop_sell,112359.70918429,0.00246747,0.27724421,USDT
2025-08-25T01:00:00Z,BTC/USDT,buy,112416.21001500,0.00248143,0.27895296,USDT
2025-08-25T01:15:00Z,BTC/USDT,sell,112727.04828000,0.00248143,0.27972428,USDT
2025-08-25T05:30:00Z,BTC/USDT,buy,112615.34953500,0.00247894,0.27916669,USDT
2025-08-25T05:45:00Z,BTC/USDT,sell,112528.47761500,0.00247894,0.27895134,USDT
2025-08-25T13:30:00Z,BTC/USDT,buy,111825.42477000,0.00249414,0.27890826,USDT
2025-08-25T13:30:00Z,BTC/USDT,stop_sell,111117.23644571,0.00249414,0.27714194,USDT
2025-08-25T14:00:00Z,BTC/USDT,buy,111556.47036000,0.00249849,0.27872273,USDT
2025-08-25T19:15:00Z,BTC/USDT,sell,112124.33978500,0.00249849,0.28014154,USDT
2025-08-25T19:30:00Z,BTC/USDT,buy,111774.14914500,0.00248749,0.27803708,USDT
2025-08-25T19:30:00Z,BTC/USDT,stop_sell,111426.14798411,0.00248749,0.27717143,USDT
2025-08-26T01:30:00Z,BTC/USDT,buy,109471.30830000,0.00253606,0.27762581,USDT
2025-08-26T02:00:00Z,BTC/USDT,sell,109639.78268500,0.00253606,0.27805307,USDT
2025-08-26T07:15:00Z,BTC/USDT,buy,109898.92200000,0.00253568,0.27866850,USDT
2025-08-26T08:15:00Z,BTC/USDT,sell,110084.03045000,0.00253568,0.27913787,USDT
2025-08-26T08:30:00Z,BTC/USDT,buy,110467.95637500,0.00252882,0.27935358,USDT
2025-08-26T10:00:00Z,BTC/USDT,sell,110046.38928000,0.00252882,0.27828751,USDT
2025-08-26T10:30:00Z,BTC/USDT,buy,110566.32553500,0.00251874,0.27848783,USDT
2025-08-26T11:00:00Z,BTC/USDT,sell,110062.09142500,0.00251874,0.27721779,USDT
2025-08-26T11:15:00Z,BTC/USDT,buy,110156.54074500,0.00252717,0.27838431,USDT
2025-08-26T11:30:00Z,BTC/USDT,sell,109789.06800500,0.00252717,0.27745564,USDT
2025-08-26T12:00:00Z,BTC/USDT,buy,109947.44625000,0.00253084,0.27825939,USDT
2025-08-26T12:15:00Z,BTC/USDT,sell,109816.24441000,0.00253084,0.27792734,USDT
2025-08-26T18:15:00Z,BTC/USDT,buy,110244.70480500,0.00252343,0.27819480,USDT
2025-08-26T18:30:00Z,BTC/USDT,sell,110525.77946500,0.00252343,0.27890407,USDT
2025-08-26T23:15:00Z,BTC/USDT,buy,112087.33566000,0.00247577,0.27750246,USDT
2025-08-26T23:30:00Z,BTC/USDT,sell,112223.57014500,0.00247577,0.27783975,USDT
2025-08-26T23:45:00Z,BTC/USDT,buy,112181.94294000,0.00248788,0.27909521,USDT
2025-08-27T01:30:00Z,BTC/USDT,stop_sell,111059.12658661,0.00248788,0.27630178,USDT
2025-08-27T01:45:00Z,BTC/USDT,buy,111489.75702000,0.00250032,0.27876007,USDT
2025-08-27T02:00:00Z,BTC/USDT,sell,111360.68180500,0.00250032,0.27843734,USDT
2025-08-27T02:15:00Z,BTC/USDT,buy,111433.21876500,0.0024926,0.27775844,USDT
2025-08-27T02:45:00Z,BTC/USDT,sell,111430.88668500,0.0024926,0.27775263,USDT
2025-08-27T20:00:00Z,BTC/USDT,buy,112306.86537000,0.00247371,0.27781462,USDT
2025-08-27T20:00:00Z,BTC/USDT,stop_sell,111708.80979679,0.00247371,0.27633520,USDT
2025-08-27T20:15:00Z,BTC/USDT,buy,112071.60780000,0.00247728,0.27763275,USDT
2025-08-27T20:15:00Z,BTC/USDT,stop_sell,111467.32060179,0.00247728,0.27613576,USDT
2025-08-27T20:30:00Z,BTC/USDT,buy,112164.59427000,0.00247442,0.27754232,USDT
2025-08-27T21:30:00Z,BTC/USDT,sell,111669.68722500,0.00247442,0.27631771,USDT
2025-08-28T02:15:00Z,BTC/USDT,buy,111812.90851500,0.00248032,0.27733179,USDT
2025-08-28T02:30:00Z,BTC/USDT,sell,111444.25000000,0.00248032,0.27641740,USDT
2025-08-28T02:45:00Z,BTC/USDT,buy,111555.75000000,0.00248503,0.27721939,USDT
2025-08-28T03:30:00Z,BTC/USDT,sell,111543.05057500,0.00248503,0.27718783,USDT
2025-08-29T12:30:00Z,BTC/USDT,buy,110423.65423500,0.00251011,0.27717552,USDT
2025-08-29T13:00:00Z,BTC/USDT,sell,110426.54910500,0.00251011,0.27718279,USDT
2025-08-29T20:00:00Z,BTC/USDT,buy,108622.15393500,0.0025513,0.27712770,USDT
2025-08-29T20:00:00Z,BTC/USDT,stop_sell,108017.19652679,0.0025513,0.27558427,USDT
2025-08-29T23:00:00Z,BTC/USDT,buy,108251.62876500,0.00255223,0.27628305,USDT
2025-08-29T23:30:00Z,BTC/USDT,sell,108200.92247500,0.00255223,0.27615364,USDT
2025-08-30T08:30:00Z,BTC/USDT,buy,108779.22243000,0.00254616,0.27696930,USDT
2025-08-30T11:15:00Z,BTC/USDT,sell,108340.99240500,0.00254616,0.27585350,USDT
2025-08-30T11:30:00Z,BTC/USDT,buy,108684.62515500,0.0025465,0.27676540,USDT
2025-08-30T12:30:00Z,BTC/USDT,sell,108432.23676000,0.0025465,0.27612269,USDT
2025-08-30T13:00:00Z,BTC/USDT,buy,108751.15840500,0.00254409,0.27667273,USDT
2025-08-30T13:00:00Z,BTC/USDT,stop_sell,108342.31852732,0.00254409,0.27563261,USDT
2025-08-30T15:00:00Z,BTC/USDT,buy,108754.15990500,0.00254289,0.27654987,USDT
2025-08-30T15:15:00Z,BTC/USDT,sell,108634.17574000,0.00254289,0.27624476,USDT
2025-08-30T15:30:00Z,BTC/USDT,buy,108857.76168000,0.00253969,0.27646497,USDT
2025-08-30T17:45:00Z,BTC/USDT,sell,108734.89535500,0.00253969,0.27615293,USDT
2025-08-30T18:00:00Z,BTC/USDT,buy,108841.67364000,0.00253958,0.27641214,USDT
2025-08-30T18:15:00Z,BTC/USDT,sell,108730.33763500,0.00253958,0.27612939,USDT
2025-08-31T10:15:00Z,BTC/USDT,buy,108415.41061500,0.00254124,0.27550958,USDT
2025-08-31T10:15:00Z,BTC/USDT,stop_sell,108307.04938500,0.00254124,0.27523421,USDT
2025-08-31T11:45:00Z,BTC/USDT,buy,108619.98285000,0.00254333,0.27625646,USDT
2025-08-31T12:00:00Z,BTC/USDT,sell,108503.20126000,0.00254333,0.27595945,USDT
2025-08-31T14:45:00Z,BTC/USDT,buy,108645.34552500,0.00254229,0.27620798,USDT
2025-08-31T15:00:00Z,BTC/USDT,sell,108532.89640500,0.00254229,0.27592210,USDT
2025-08-31T15:15:00Z,BTC/USDT,buy,108885.84571500,0.00253571,0.27610293,USDT
2025-08-31T15:15:00Z,BTC/USDT,stop_sell,108531.68950875,0.00253571,0.27520489,USDT
2025-08-31T23:00:00Z,BTC/USDT,buy,108842.51406000,0.00252804,0.27515823,USDT
2025-08-31T23:00:00Z,BTC/USDT,stop_sell,108641.89759143,0.00252804,0.27465106,USDT
2025-09-01T06:30:00Z,BTC/USDT,buy,108100.90344000,0.00255269,0.27594810,USDT
2025-09-01T06:45:00Z,BTC/USDT,sell,108045.61017000,0.00255269,0.27580695,USDT
2025-09-01T07:15:00Z,BTC/USDT,buy,108185.84589000,0.00255014,0.27588905,USDT
2025-09-01T08:15:00Z,BTC/USDT,sell,109725.99955500,0.00255014,0.27981666,USDT
2025-09-01T11:00:00Z,BTC/USDT,buy,108604.09491000,0.00254358,0.27624320,USDT
2025-09-01T12:45:00Z,BTC/USDT,sell,108772.15671500,0.00254358,0.27667068,USDT
2025-09-01T15:15:00Z,BTC/USDT,buy,109351.52844000,0.00252437,0.27604372,USDT
2025-09-01T15:15:00Z,BTC/USDT,stop_sell,108720.43723054,0.00252437,0.27445061,USDT
2025-09-01T15:30:00Z,BTC/USDT,buy,108730.05786000,0.00253818,0.27597646,USDT
2025-09-01T17:00:00Z,BTC/USDT,sell,108473.40616500,0.00253818,0.27532503,USDT
2025-09-01T17:45:00Z,BTC/USDT,buy,108885.54556500,0.00253364,0.27587677,USDT
2025-09-01T18:00:00Z,BTC/USDT,sell,108936.08471000,0.00253364,0.27600482,USDT
2025-09-01T18:45:00Z,BTC/USDT,buy,109302.14376000,0.00252368,0.27584363,USDT
2025-09-01T19:00:00Z,BTC/USDT,sell,109193.65586000,0.00252368,0.27556985,USDT
2025-09-01T19:15:00Z,BTC/USDT,buy,109392.19876500,0.00252074,0.27574929,USDT
2025-09-01T20:00:00Z,BTC/USDT,sell,109269.87773000,0.00252074,0.27544095,USDT
2025-09-01T20:15:00Z,BTC/USDT,buy,109057.42146000,0.00252092,0.27492503,USDT
2025-09-01T20:30:00Z,BTC/USDT,stop_sell,108925.01631839,0.00252092,0.27459125,USDT
2025-09-02T00:45:00Z,BTC/USDT,buy,109307.36637000,0.00252168,0.27563820,USDT
2025-09-02T01:00:00Z,BTC/USDT,sell,109063.42101000,0.00252168,0.27502305,USDT
2025-09-02T01:30:00Z,BTC/USDT,buy,109324.18477500,0.00252904,0.27648524,USDT
2025-09-02T01:45:00Z,BTC/USDT,sell,109445.25000000,0.00252904,0.27679142,USDT
2025-09-02T14:00:00Z,BTC/USDT,buy,111377.36085000,0.00247493,0.27565117,USDT
2025-09-02T16:15:00Z,BTC/USDT,stop_sell,110492.87092750,0.00247493,0.27346212,USDT
2025-09-02T16:30:00Z,BTC/USDT,buy,110461.39309500,0.00249244,0.27531839,USDT
2025-09-02T18:00:00Z,BTC/USDT,sell,110995.21463000,0.00249244,0.27664891,USDT
2025-09-02T18:30:00Z,BTC/USDT,buy,110791.92828000,0.00248297,0.27509303,USDT
2025-09-02T18:45:00Z,BTC/USDT,sell,110337.96342000,0.00248297,0.27396585,USDT
2025-09-03T08:30:00Z,BTC/USDT,buy,111302.61349500,0.00247286,0.27523578,USDT
2025-09-03T09:15:00Z,BTC/USDT,stop_sell,110879.79879536,0.00247286,0.27419022,USDT
2025-09-03T09:30:00Z,BTC/USDT,buy,110994.93973500,0.00247168,0.27434397,USDT
2025-09-03T09:30:00Z,BTC/USDT,stop_sell,110884.00026500,0.00247168,0.27406977,USDT
2025-09-03T10:15:00Z,BTC/USDT,buy,111377.36085000,0.00247663,0.27584051,USDT
2025-09-03T11:30:00Z,BTC/USDT,sell,111633.16549500,0.00247663,0.27647405,USDT
2025-09-03T15:45:00Z,BTC/USDT,buy,112364.76430500,0.00244782,0.27504872,USDT
2025-09-03T16:00:00Z,BTC/USDT,sell,112331.04638000,0.00244782,0.27496618,USDT
2025-09-03T18:00:00Z,BTC/USDT,buy,112376.16000000,0.00244713,0.27499907,USDT
2025-09-03T18:30:00Z,BTC/USDT,sell,112040.22186500,0.00244713,0.27417699,USDT
2025-09-03T19:00:00Z,BTC/USDT,buy,112088.17608000,0.00245239,0.27488392,USDT
2025-09-03T19:30:00Z,BTC/USDT,sell,111931.60620000,0.00245239,0.27449995,USDT
2025-09-03T20:15:00Z,BTC/USDT,buy,112152.15805500,0.00244435,0.27413913,USDT
2025-09-03T20:30:00Z,BTC/USDT,sell,112040.15190000,0.00244435,0.27386535,USDT
2025-09-03T21:15:00Z,BTC/USDT,buy,112354.12899000,0.00244536,0.27474629,USDT
2025-09-03T21:30:00Z,BTC/USDT,sell,111845.41931500,0.00244536,0.27350231,USDT
2025-09-03T21:45:00Z,BTC/USDT,buy,111790.15714500,0.00245642,0.27460358,USDT
2025-09-03T22:00:00Z,BTC/USDT,sell,112041.30132500,0.00245642,0.27522049,USDT
2025-09-04T19:30:00Z,BTC/USDT,buy,110184.40467000,0.00249226,0.27460818,USDT
2025-09-04T19:45:00Z,BTC/USDT,sell,109735.11499500,0.00249226,0.27348844,USDT
2025-09-04T20:00:00Z,BTC/USDT,buy,110107.46622000,0.00249907,0.27516627,USDT
2025-09-05T03:45:00Z,BTC/USDT,sell,111144.29005500,0.00249907,0.27775736,USDT
2025-09-05T04:00:00Z,BTC/USDT,buy,111515.30979000,0.00246744,0.27515734,USDT
2025-09-05T04:15:00Z,BTC/USDT,sell,111020.12217000,0.00246744,0.27393549,USDT
2025-09-05T04:30:00Z,BTC/USDT,buy,111436.73052000,0.00246998,0.27524650,USDT
2025-09-05T05:00:00Z,BTC/USDT,sell,111437.56334500,0.00246998,0.27524855,USDT
2025-09-05T13:00:00Z,BTC/USDT,buy,113060.73211500,0.00242807,0.27451937,USDT
2025-09-05T13:15:00Z,BTC/USDT,sell,113169.59689500,0.00242807,0.27478370,USDT
2025-09-05T19:30:00Z,BTC/USDT,buy,111454.67949000,0.00246331,0.27454743,USDT
2025-09-05T19:45:00Z,BTC/USDT,sell,111344.29000500,0.00246331,0.27427550,USDT
2025-09-05T20:45:00Z,BTC/USDT,buy,111315.61999500,0.00245714,0.27351806,USDT
2025-09-05T21:00:00Z,BTC/USDT,sell,111549.60729500,0.00245714,0.27409300,USDT
2025-09-06T03:00:00Z,BTC/USDT,buy,111283.45392000,0.0024666,0.27449177,USDT
2025-09-06T03:15:00Z,BTC/USDT,sell,111158.37301000,0.0024666,0.27418324,USDT
2025-09-06T04:45:00Z,BTC/USDT,buy,111066.72561000,0.00247479,0.27486682,USDT
2025-09-06T05:30:00Z,BTC/USDT,sell,110716.02429500,0.00247479,0.27399891,USDT
2025-09-06T06:15:00Z,BTC/USDT,buy,110803.99431000,0.00247445,0.27417894,USDT
2025-09-06T06:30:00Z,BTC/USDT,sell,110690.48707000,0.00247445,0.27389808,USDT
2025-09-06T10:15:00Z,BTC/USDT,buy,110906.49553500,0.00247123,0.27407546,USDT
2025-09-06T10:30:00Z,BTC/USDT,stop_sell,110656.30773964,0.00247123,0.27345719,USDT
2025-09-06T14:15:00Z,BTC/USDT,buy,110988.48651000,0.00246896,0.27402613,USDT
2025-09-06T15:15:00Z,BTC/USDT,sell,110690.55703500,0.00246896,0.27329056,USDT
2025-09-06T15:30:00Z,BTC/USDT,buy,110941.06281000,0.00247216,0.27426406,USDT
2025-09-06T15:45:00Z,BTC/USDT,sell,110559.43263000,0.00247216,0.27332061,USDT
2025-09-06T21:30:00Z,BTC/USDT,buy,110093.95947000,0.00248382,0.27345358,USDT
2025-09-06T21:45:00Z,BTC/USDT,sell,110136.98396000,0.00248382,0.27356044,USDT
2025-09-06T22:30:00Z,BTC/USDT,buy,110306.88588000,0.00248173,0.27375191,USDT
2025-09-06T22:45:00Z,BTC/USDT,sell,110169.01793500,0.00248173,0.27340976,USDT
2025-09-07T07:15:00Z,BTC/USDT,buy,110657.82126000,0.00247319,0.27367782,USDT
2025-09-07T08:00:00Z,BTC/USDT,sell,110829.01777000,0.00247319,0.27410122,USDT
2025-09-07T10:15:00Z,BTC/USDT,buy,111219.49195500,0.00246074,0.27368225,USDT
2025-09-07T12:15:00Z,BTC/USDT,sell,111243.52041500,0.00246074,0.27374138,USDT
2025-09-07T13:00:00Z,BTC/USDT,buy,111271.86813000,0.00245919,0.27363867,USDT
2025-09-07T14:45:00Z,BTC/USDT,sell,111270.21706000,0.00245919,0.27363461,USDT
2025-09-07T17:15:00Z,BTC/USDT,buy,111280.49244000,0.00245863,0.27359756,USDT
2025-09-07T17:30:00Z,BTC/USDT,sell,110874.40506500,0.00245863,0.27259914,USDT
2025-09-07T18:15:00Z,BTC/USDT,buy,111014.97975000,0.00246024,0.27312349,USDT
2025-09-07T18:30:00Z,BTC/USDT,sell,110904.03024500,0.00246024,0.27285053,USDT
2025-09-07T19:15:00Z,BTC/USDT,buy,111179.01172500,0.00245734,0.27320463,USDT
2025-09-07T19:30:00Z,BTC/USDT,sell,111138.84278000,0.00245734,0.27310592,USDT
2025-09-07T19:45:00Z,BTC/USDT,buy,111353.60898000,0.00245646,0.27353569,USDT
2025-09-07T20:00:00Z,BTC/USDT,sell,111237.66334500,0.00245646,0.27325087,USDT
2025-09-07T20:30:00Z,BTC/USDT,buy,111346.36536000,0.00245443,0.27329186,USDT
2025-09-07T22:00:00Z,BTC/USDT,sell,111084.25009000,0.00245443,0.27264852,USDT
2025-09-07T22:15:00Z,BTC/USDT,buy,111257.12076000,0.00245582,0.27322746,USDT
2025-09-07T22:30:00Z,BTC/USDT,sell,111225.14960500,0.00245582,0.27314895,USDT
2025-09-08T08:30:00Z,BTC/USDT,buy,111634.63942500,0.00244708,0.27317889,USDT
2025-09-08T09:30:00Z,BTC/USDT,sell,111651.34640000,0.00244708,0.27321978,USDT
2025-09-08T16:15:00Z,BTC/USDT,buy,112456.16998500,0.00242066,0.27221815,USDT
2025-09-08T16:45:00Z,BTC/USDT,sell,112537.36317000,0.00242066,0.27241469,USDT
2025-09-08T18:30:00Z,BTC/USDT,buy,112426.82532000,0.00242899,0.27308363,USDT
2025-09-08T19:00:00Z,BTC/USDT,sell,112507.78796500,0.00242899,0.27328029,USDT
2025-09-08T22:45:00Z,BTC/USDT,buy,112559.22148500,0.00242587,0.27305404,USDT
2025-09-08T23:00:00Z,BTC/USDT,sell,112434.27474000,0.00242587,0.27275093,USDT
2025-09-09T06:15:00Z,BTC/USDT,buy,112812.12787500,0.00242848,0.27396200,USDT
2025-09-09T06:30:00Z,BTC/USDT,sell,112820.21167500,0.00242848,0.27398163,USDT
2025-09-09T11:30:00Z,BTC/USDT,buy,112921.04230500,0.00242301,0.27360881,USDT
2025-09-09T11:45:00Z,BTC/USDT,sell,112531.34618000,0.00242301,0.27266458,USDT
2025-09-09T22:30:00Z,BTC/USDT,buy,111362.55345000,0.00244994,0.27283157,USDT
2025-09-09T22:45:00Z,BTC/USDT,sell,111494.97462500,0.00244994,0.27315600,USDT
2025-09-10T01:30:00Z,BTC/USDT,buy,110903.10384000,0.00245058,0.27177693,USDT
2025-09-10T01:45:00Z,BTC/USDT,sell,111156.76381500,0.00245058,0.27239854,USDT
2025-09-10T08:15:00Z,BTC/USDT,buy,112831.87774500,0.00241787,0.27281281,USDT
2025-09-10T09:00:00Z,BTC/USDT,stop_sell,112184.66139482,0.00241787,0.27124793,USDT
2025-09-10T09:30:00Z,BTC/USDT,buy,112204.40416500,0.00242253,0.27181854,USDT
2025-09-10T09:45:00Z,BTC/USDT,sell,112379.07235500,0.00242253,0.27224167,USDT
2025-09-10T10:45:00Z,BTC/USDT,buy,112495.66972500,0.00242351,0.27263438,USDT
2025-09-10T13:30:00Z,BTC/USDT,sell,113368.68730000,0.00242351,0.27475015,USDT
2025-09-10T14:00:00Z,BTC/USDT,buy,114196.19956500,0.0023968,0.27370545,USDT
2025-09-10T14:15:00Z,BTC/USDT,sell,113795.25391000,0.0023968,0.27274446,USDT
2025-09-10T15:00:00Z,BTC/USDT,buy,114192.37765500,0.00239571,0.27357182,USDT
2025-09-10T15:30:00Z,BTC/USDT,sell,113704.90910500,0.00239571,0.27240399,USDT
2025-09-10T15:45:00Z,BTC/USDT,buy,113933.01804000,0.00239172,0.27249588,USDT
2025-09-10T16:00:00Z,BTC/USDT,sell,113810.97604500,0.00239172,0.27220399,USDT
2025-09-10T17:00:00Z,BTC/USDT,buy,113866.20465000,0.00239249,0.27242376,USDT
2025-09-10T17:30:00Z,BTC/USDT,sell,113678.24244500,0.00239249,0.27197406,USDT
2025-09-10T18:15:00Z,BTC/USDT,buy,113879.02105500,0.00239155,0.27234737,USDT
2025-09-10T18:30:00Z,BTC/USDT,sell,113348.06761500,0.00239155,0.27107757,USDT
2025-09-10T20:45:00Z,BTC/USDT,buy,113877.62035500,0.00239037,0.27220965,USDT
2025-09-10T21:00:00Z,BTC/USDT,sell,113418.54236000,0.00239037,0.27111228,USDT
2025-09-11T03:00:00Z,BTC/USDT,buy,114602.00236500,0.00238451,0.27326962,USDT
2025-09-11T03:45:00Z,BTC/USDT,sell,114038.10242500,0.00238451,0.27192500,USDT
2025-09-11T06:30:00Z,BTC/USDT,buy,114457.18999500,0.00237014,0.27127956,USDT
2025-09-11T07:30:00Z,BTC/USDT,sell,114482.11031000,0.00237014,0.27133863,USDT
2025-09-11T17:30:00Z,BTC/USDT,buy,114433.31806500,0.00237667,0.27197023,USDT
2025-09-11T18:15:00Z,BTC/USDT,sell,114317.32274500,0.00237667,0.27169455,USDT
2025-09-11T19:00:00Z,BTC/USDT,buy,114396.20952000,0.00237617,0.27182484,USDT
2025-09-11T19:30:00Z,BTC/USDT,sell,114243.09987500,0.00237617,0.27146103,USDT
2025-09-12T16:45:00Z,BTC/USDT,buy,115548.76551000,0.00235179,0.27174643,USDT
2025-09-12T18:45:00Z,BTC/USDT,sell,116376.42268000,0.00235179,0.27369291,USDT
2025-09-13T12:00:00Z,BTC/USDT,buy,116125.07352000,0.00234109,0.27185925,USDT
2025-09-13T13:45:00Z,BTC/USDT,stop_sell,115705.75746607,0.00234109,0.27087759,USDT
2025-09-13T14:15:00Z,BTC/USDT,buy,116054.23812000,0.00234144,0.27173404,USDT
2025-09-13T14:45:00Z,BTC/USDT,sell,115920.05098000,0.00234144,0.27141984,USDT
2025-09-13T15:45:00Z,BTC/USDT,buy,115972.19712000,0.00234252,0.27166719,USDT
2025-09-13T16:15:00Z,BTC/USDT,sell,115526.33793500,0.00234252,0.27062276,USDT
2025-09-13T18:45:00Z,BTC/USDT,buy,115464.32331000,0.00234643,0.27092895,USDT
2025-09-13T19:00:00Z,BTC/USDT,sell,115609.47634500,0.00234643,0.27126954,USDT
2025-09-13T20:30:00Z,BTC/USDT,buy,115992.58731000,0.00234088,0.27152473,USDT
2025-09-13T20:45:00Z,BTC/USDT,sell,115851.04550000,0.00234088,0.27119340,USDT
2025-09-14T08:00:00Z,BTC/USDT,buy,115853.38774500,0.00234289,0.27143174,USDT
2025-09-14T08:15:00Z,BTC/USDT,sell,115728.04703000,0.00234289,0.27113808,USDT
2025-09-14T08:45:00Z,BTC/USDT,buy,115760.37126000,0.0023389,0.27075193,USDT
2025-09-14T08:45:00Z,BTC/USDT,stop_sell,115644.66874000,0.0023389,0.27048132,USDT
2025-09-14T09:45:00Z,BTC/USDT,buy,116117.70984000,0.00233677,0.27134038,USDT
2025-09-14T09:45:00Z,BTC/USDT,stop_sell,115808.52677000,0.00233677,0.27061789,USDT
2025-09-14T10:00:00Z,BTC/USDT,buy,116162.35215000,0.00233447,0.27117753,USDT
2025-09-14T10:45:00Z,BTC/USDT,stop_sell,115749.80614500,0.00233447,0.27021445,USDT
2025-09-14T11:15:00Z,BTC/USDT,buy,115931.25666000,0.00233389,0.27057080,USDT
2025-09-14T11:15:00Z,BTC/USDT,stop_sell,115815.38334000,0.00233389,0.27030037,USDT
2025-09-14T12:15:00Z,BTC/USDT,buy,116016.51927000,0.0023362,0.27103779,USDT
2025-09-14T12:15:00Z,BTC/USDT,stop_sell,115601.79911411,0.0023362,0.27006892,USDT
2025-09-14T12:30:00Z,BTC/USDT,buy,115990.99651500,0.00233567,0.27091669,USDT
2025-09-14T12:45:00Z,BTC/USDT,sell,115601.81018000,0.00233567,0.27000768,USDT
2025-09-14T21:30:00Z,BTC/USDT,buy,116043.60280500,0.00233829,0.27134360,USDT
2025-09-14T23:30:00Z,BTC/USDT,sell,115284.00916000,0.00233829,0.26956745,USDT
2025-09-15T07:00:00Z,BTC/USDT,buy,116124.99348000,0.00233042,0.27062001,USDT
2025-09-15T08:30:00Z,BTC/USDT,stop_sell,115435.46732161,0.00233042,0.26901312,USDT
2025-09-15T17:45:00Z,BTC/USDT,buy,115040.86168500,0.00235082,0.27044036,USDT
2025-09-15T18:45:00Z,BTC/USDT,sell,115064.11916000,0.00235082,0.27049503,USDT
2025-09-15T19:00:00Z,BTC/USDT,buy,115371.81708000,0.00235158,0.27130606,USDT
2025-09-15T21:15:00Z,BTC/USDT,sell,115393.01463000,0.00235158,0.27135591,USDT
2025-09-15T21:45:00Z,BTC/USDT,buy,115638.37029000,0.00234519,0.27119395,USDT
2025-09-15T22:00:00Z,BTC/USDT,sell,115525.71824500,0.00234519,0.27092976,USDT
2025-09-16T04:45:00Z,BTC/USDT,buy,115551.12669000,0.00234179,0.27059647,USDT
2025-09-16T06:45:00Z,BTC/USDT,sell,115381.22053000,0.00234179,0.27019859,USDT
2025-09-16T07:00:00Z,BTC/USDT,buy,115975.74889500,0.00232993,0.27021538,USDT
2025-09-16T08:30:00Z,BTC/USDT,sell,115903.73914000,0.00232993,0.27004760,USDT
2025-09-16T11:30:00Z,BTC/USDT,buy,115253.45793000,0.00233706,0.26935425,USDT
2025-09-16T11:45:00Z,BTC/USDT,sell,115457.02261000,0.00233706,0.26982999,USDT
2025-09-16T16:00:00Z,BTC/USDT,buy,115858.84047000,0.0023319,0.27017123,USDT
2025-09-16T19:15:00Z,BTC/USDT,sell,116241.85000000,0.0023319,0.27106437,USDT
2025-09-16T21:00:00Z,BTC/USDT,buy,116784.34299000,0.00230978,0.26974614,USDT
2025-09-16T23:45:00Z,BTC/USDT,sell,116809.54601000,0.00230978,0.26980435,USDT
2025-09-17T00:00:00Z,BTC/USDT,buy,116919.02029500,0.00231065,0.27015893,USDT
2025-09-17T00:00:00Z,BTC/USDT,stop_sell,116576.97592464,0.00231065,0.26936859,USDT
2025-09-17T05:45:00Z,BTC/USDT,buy,116855.24842500,0.00231095,0.27004664,USDT
2025-09-17T06:00:00Z,BTC/USDT,sell,117110.37552000,0.00231095,0.27063622,USDT
2025-09-17T06:15:00Z,BTC/USDT,buy,117124.26286500,0.00230393,0.26984610,USDT
2025-09-17T10:30:00Z,BTC/USDT,sell,116666.87738000,0.00230393,0.26879232,USDT
2025-09-18T06:00:00Z,BTC/USDT,buy,117319.08022500,0.00230072,0.26991835,USDT
2025-09-18T08:00:00Z,BTC/USDT,sell,117127.83678500,0.00230072,0.26947836,USDT
2025-09-18T14:15:00Z,BTC/USDT,buy,117700.11064500,0.00229267,0.26984751,USDT
2025-09-18T15:15:00Z,BTC/USDT,sell,117386.38744500,0.00229267,0.26912825,USDT
2025-09-19T04:00:00Z,BTC/USDT,buy,116798.20992000,0.00230313,0.26900146,USDT
2025-09-19T04:15:00Z,BTC/USDT,sell,116643.72896000,0.00230313,0.26864567,USDT
2025-09-19T04:45:00Z,BTC/USDT,buy,117126.65406000,0.00230239,0.26967124,USDT
2025-09-19T05:00:00Z,BTC/USDT,sell,117005.47799500,0.00230239,0.26939224,USDT
2025-09-19T05:15:00Z,BTC/USDT,buy,117120.60103500,0.002302,0.26961162,USDT
2025-09-19T05:30:00Z,BTC/USDT,sell,116768.93632500,0.002302,0.26880209,USDT
2025-09-19T11:15:00Z,BTC/USDT,buy,116717.50959000,0.00230897,0.26949723,USDT
2025-09-19T11:15:00Z,BTC/USDT,stop_sell,116334.50650571,0.00230897,0.26861289,USDT
2025-09-19T23:45:00Z,BTC/USDT,buy,115687.92505500,0.00232824,0.26934925,USDT
2025-09-20T00:15:00Z,BTC/USDT,sell,115562.26996000,0.00232824,0.26905670,USDT
2025-09-20T00:45:00Z,BTC/USDT,buy,115522.25226000,0.00233142,0.26933089,USDT
2025-09-20T01:00:00Z,BTC/USDT,sell,115443.84920000,0.00233142,0.26914810,USDT
2025-09-20T02:30:00Z,BTC/USDT,buy,115729.57587000,0.00232652,0.26924717,USDT
2025-09-20T02:45:00Z,BTC/USDT,sell,115420.74076000,0.00232652,0.26852866,USDT
2025-09-20T03:00:00Z,BTC/USDT,buy,115722.46231500,0.00232595,0.26916466,USDT
2025-09-20T04:30:00Z,BTC/USDT,sell,115521.34043500,0.00232595,0.26869686,USDT
2025-09-20T05:00:00Z,BTC/USDT,buy,115723.56286500,0.00232523,0.26908390,USDT
2025-09-20T05:45:00Z,BTC/USDT,stop_sell,115352.89434304,0.00232523,0.26822201,USDT
2025-09-20T06:30:00Z,BTC/USDT,buy,115735.60888500,0.00232403,0.26897303,USDT
2025-09-20T06:45:00Z,BTC/USDT,sell,115619.96110000,0.00232403,0.26870426,USDT
2025-09-20T09:15:00Z,BTC/USDT,buy,115924.94350500,0.00232306,0.26930060,USDT
2025-09-20T10:00:00Z,BTC/USDT,sell,115763.86911000,0.00232306,0.26892641,USDT
2025-09-20T10:15:00Z,BTC/USDT,buy,115672.15717500,0.00232021,0.26838370,USDT
2025-09-20T13:15:00Z,BTC/USDT,sell,115873.13445000,0.00232021,0.26885001,USDT
2025-09-20T13:30:00Z,BTC/USDT,buy,115986.14409000,0.00231777,0.26882921,USDT
2025-09-20T15:00:00Z,BTC/USDT,sell,115986.46775500,0.00231777,0.26882996,USDT
2025-09-21T06:15:00Z,BTC/USDT,buy,115954.04805000,0.00232018,0.26903426,USDT
2025-09-21T07:00:00Z,BTC/USDT,sell,115809.64621000,0.00232018,0.26869922,USDT
2025-09-21T08:30:00Z,BTC/USDT,buy,115658.29024500,0.00232209,0.26856896,USDT
2025-09-21T08:45:00Z,BTC/USDT,sell,115759.63123000,0.00232209,0.26880428,USDT
2025-09-21T09:00:00Z,BTC/USDT,buy,115841.59185000,0.00232317,0.26911971,USDT
2025-09-21T09:30:00Z,BTC/USDT,sell,115342.31999000,0.00232317,0.26795982,USDT
2025-09-21T10:00:00Z,BTC/USDT,buy,115727.36476500,0.00232038,0.26853146,USDT
2025-09-21T10:15:00Z,BTC/USDT,sell,115606.76770000,0.00232038,0.26825163,USDT
2025-09-21T10:30:00Z,BTC/USDT,buy,115719.52084500,0.00232014,0.26848549,USDT
2025-09-21T11:00:00Z,BTC/USDT,sell,115405.52837000,0.00232014,0.26775698,USDT
2025-09-21T11:15:00Z,BTC/USDT,buy,115689.78598500,0.00231991,0.26838989,USDT
2025-09-21T11:30:00Z,BTC/USDT,sell,115628.83666000,0.00231991,0.26824849,USDT
2025-09-21T11:45:00Z,BTC/USDT,buy,115578.67045500,0.00231836,0.26795297,USDT
2025-09-21T12:00:00Z,BTC/USDT,sell,115638.91162000,0.00231836,0.26809263,USDT
2025-09-21T12:15:00Z,BTC/USDT,buy,115751.72694000,0.00231793,0.26830440,USDT
2025-09-21T12:30:00Z,BTC/USDT,sell,115547.28745500,0.00231793,0.26783052,USDT
2025-09-21T13:00:00Z,BTC/USDT,buy,115790.52633000,0.00231643,0.26822065,USDT
2025-09-21T13:00:00Z,BTC/USDT,stop_sell,115487.27176357,0.00231643,0.26751818,USDT
2025-09-21T13:30:00Z,BTC/USDT,buy,115881.33171000,0.00231377,0.26812275,USDT
2025-09-21T13:45:00Z,BTC/USDT,stop_sell,115553.61250518,0.00231377,0.26736448,USDT
2025-09-21T14:15:00Z,BTC/USDT,buy,115840.39125000,0.00231369,0.26801875,USDT
2025-09-21T14:30:00Z,BTC/USDT,stop_sell,115527.55946679,0.00231369,0.26729496,USDT
2025-09-21T16:00:00Z,BTC/USDT,buy,115491.60694500,0.00231534,0.26740234,USDT
2025-09-21T16:15:00Z,BTC/USDT,stop_sell,115274.15480393,0.00231534,0.26689886,USDT
2025-09-21T18:15:00Z,BTC/USDT,buy,115857.90000000,0.00231103,0.26775108,USDT
2025-09-21T18:30:00Z,BTC/USDT,sell,115602.35990500,0.00231103,0.26716052,USDT
2025-09-21T18:45:00Z,BTC/USDT,buy,115715.51884500,0.00231383,0.26774604,USDT
2025-09-21T19:00:00Z,BTC/USDT,sell,115591.47535000,0.00231383,0.26745902,USDT
2025-09-21T19:45:00Z,BTC/USDT,buy,115458.53041500,0.00231447,0.26722530,USDT
2025-09-21T20:00:00Z,BTC/USDT,sell,115538.40190000,0.00231447,0.26741017,USDT
2025-09-21T20:15:00Z,BTC/USDT,buy,115632.35728500,0.00231465,0.26764844,USDT
2025-09-21T20:30:00Z,BTC/USDT,sell,115515.01360000,0.00231465,0.26737683,USDT
2025-09-21T22:45:00Z,BTC/USDT,buy,115322.92264500,0.00231535,0.26701293,USDT
2025-09-21T23:00:00Z,BTC/USDT,sell,115555.29345000,0.00231535,0.26755095,USDT
2025-09-22T11:15:00Z,BTC/USDT,buy,112981.63258500,0.00236843,0.26758909,USDT
2025-09-22T11:30:00Z,BTC/USDT,sell,112851.50602000,0.00236843,0.26728089,USDT
2025-09-22T15:30:00Z,BTC/USDT,buy,112725.63465000,0.00236664,0.26678100,USDT
2025-09-22T15:45:00Z,BTC/USDT,sell,112543.21024500,0.00236664,0.26634926,USDT
2025-09-22T16:15:00Z,BTC/USDT,buy,112997.51052000,0.0023668,0.26744251,USDT
2025-09-22T17:00:00Z,BTC/USDT,sell,112531.72599000,0.0023668,0.26634009,USDT
2025-09-23T06:15:00Z,BTC/USDT,buy,112005.87495000,0.00237706,0.26624469,USDT
2025-09-23T07:00:00Z,BTC/USDT,sell,112864.19967000,0.00237706,0.26828497,USDT
2025-09-23T11:00:00Z,BTC/USDT,buy,112799.43153000,0.00236593,0.26687556,USDT
2025-09-23T11:15:00Z,BTC/USDT,sell,112625.80892500,0.00236593,0.26646478,USDT
2025-09-23T11:45:00Z,BTC/USDT,buy,113064.25387500,0.00236466,0.26735852,USDT
2025-09-23T12:00:00Z,BTC/USDT,sell,112935.25412500,0.00236466,0.26705348,USDT
2025-09-23T12:15:00Z,BTC/USDT,buy,113078.51100000,0.00236472,0.26739902,USDT
2025-09-23T12:45:00Z,BTC/USDT,sell,112925.29910500,0.00236472,0.26703671,USDT
2025-09-23T13:45:00Z,BTC/USDT,buy,112798.35099000,0.002369,0.26721929,USDT
2025-09-23T14:30:00Z,BTC/USDT,sell,112870.95629000,0.002369,0.26739130,USDT
2025-09-23T22:30:00Z,BTC/USDT,buy,112028.53627500,0.00238325,0.26699201,USDT
2025-09-24T00:00:00Z,BTC/USDT,stop_sell,111751.83041857,0.00238325,0.26633255,USDT
2025-09-24T00:15:00Z,BTC/USDT,buy,112092.24811500,0.0023827,0.26708220,USDT
2025-09-24T02:30:00Z,BTC/USDT,sell,112273.11536000,0.0023827,0.26751315,USDT
2025-09-24T03:15:00Z,BTC/USDT,buy,112156.38016500,0.00238138,0.26708696,USDT
2025-09-24T03:15:00Z,BTC/USDT,stop_sell,111692.52115946,0.00238138,0.26598234,USDT
2025-09-24T04:45:00Z,BTC/USDT,buy,112157.49072000,0.00238021,0.26695838,USDT
2025-09-24T05:15:00Z,BTC/USDT,sell,112120.77157000,0.00238021,0.26687098,USDT
2025-09-24T05:30:00Z,BTC/USDT,buy,112365.02443500,0.00237603,0.26698267,USDT
2025-09-24T08:30:00Z,BTC/USDT,sell,112540.92139000,0.00237603,0.26740061,USDT
2025-09-24T09:00:00Z,BTC/USDT,buy,112638.45108000,0.0023717,0.26714461,USDT
2025-09-24T09:15:00Z,BTC/USDT,sell,112517.33319000,0.0023717,0.26685736,USDT
2025-09-24T16:15:00Z,BTC/USDT,buy,113588.87605500,0.0023538,0.26736550,USDT
2025-09-24T18:00:00Z,BTC/USDT,sell,113813.88459000,0.0023538,0.26789512,USDT
2025-09-24T20:15:00Z,BTC/USDT,buy,113631.86754000,0.00234819,0.26682922,USDT
2025-09-24T20:30:00Z,BTC/USDT,sell,113549.61679000,0.00234819,0.26663607,USDT
2025-09-24T21:00:00Z,BTC/USDT,buy,113554.46886000,0.00234655,0.26646124,USDT
2025-09-24T22:00:00Z,BTC/USDT,sell,113396.12357500,0.00234655,0.26608967,USDT
2025-09-25T09:30:00Z,BTC/USDT,buy,112164.85440000,0.0023742,0.26630180,USDT
2025-09-25T09:45:00Z,BTC/USDT,sell,111888.53774500,0.0023742,0.26564577,USDT
2025-09-25T11:00:00Z,BTC/USDT,buy,111818.10111000,0.00238425,0.26660231,USDT
2025-09-25T11:15:00Z,BTC/USDT,sell,111526.54883000,0.00238425,0.26590717,USDT
2025-09-26T01:00:00Z,BTC/USDT,buy,109375.07020500,0.0024329,0.26609861,USDT
2025-09-26T01:45:00Z,BTC/USDT,sell,109290.70731000,0.0024329,0.26589336,USDT
2025-09-26T08:15:00Z,BTC/USDT,buy,109485.67548000,0.00243598,0.26670492,USDT
2025-09-26T09:00:00Z,BTC/USDT,sell,109377.36396000,0.00243598,0.26644107,USDT
2025-09-26T09:15:00Z,BTC/USDT,buy,109549.74750000,0.002433,0.26653454,USDT
2025-09-26T10:15:00Z,BTC/USDT,sell,109220.42247000,0.002433,0.26573329,USDT
2025-09-26T10:45:00Z,BTC/USDT,buy,108834.10986000,0.00244662,0.26627571,USDT
2025-09-26T11:00:00Z,BTC/USDT,sell,108726.16972000,0.00244662,0.26601162,USDT
2025-09-26T11:45:00Z,BTC/USDT,buy,109168.95720000,0.00244218,0.26661024,USDT
2025-09-26T12:00:00Z,BTC/USDT,sell,109056.68438000,0.00244218,0.26633605,USDT
2025-09-26T12:30:00Z,BTC/USDT,buy,109038.21186000,0.00244086,0.26614701,USDT
2025-09-26T13:00:00Z,BTC/USDT,sell,109367.07910500,0.00244086,0.26694973,USDT
2025-09-26T13:45:00Z,BTC/USDT,buy,109651.58839500,0.0024274,0.26616827,USDT
2025-09-26T14:15:00Z,BTC/USDT,sell,109322.57137000,0.0024274,0.26536961,USDT
2025-09-27T05:00:00Z,BTC/USDT,buy,109774.45980000,0.00242361,0.26605048,USDT
2025-09-27T05:15:00Z,BTC/USDT,sell,109543.44088000,0.00242361,0.26549058,USDT
2025-09-27T05:45:00Z,BTC/USDT,buy,109722.83400000,0.00242407,0.26597583,USDT
2025-09-27T06:15:00Z,BTC/USDT,sell,109507.97862000,0.00242407,0.26545501,USDT
2025-09-27T06:30:00Z,BTC/USDT,buy,109535.56041000,0.00242672,0.26581214,USDT
2025-09-27T06:45:00Z,BTC/USDT,sell,109489.06808000,0.00242672,0.26569931,USDT
2025-09-27T07:00:00Z,BTC/USDT,buy,109637.74147500,0.00242399,0.26576079,USDT
2025-09-27T07:45:00Z,BTC/USDT,sell,109352.46641500,0.00242399,0.26506929,USDT
2025-09-27T11:00:00Z,BTC/USDT,buy,109531.80853500,0.00242617,0.26574279,USDT
2025-09-27T11:15:00Z,BTC/USDT,sell,109257.08413000,0.00242617,0.26507626,USDT
2025-09-27T13:00:00Z,BTC/USDT,buy,109416.76104000,0.00242784,0.26564639,USDT
2025-09-27T13:15:00Z,BTC/USDT,sell,109403.21103000,0.00242784,0.26561349,USDT
2025-09-27T17:45:00Z,BTC/USDT,buy,109475.45037000,0.00242594,0.26558087,USDT
2025-09-27T18:15:00Z,BTC/USDT,sell,109311.75678000,0.00242594,0.26518376,USDT
2025-09-27T18:30:00Z,BTC/USDT,buy,109551.65845500,0.00242374,0.26552474,USDT
2025-09-27T19:00:00Z,BTC/USDT,sell,109445.19003000,0.00242374,0.26526668,USDT
2025-09-27T19:15:00Z,BTC/USDT,buy,109551.66846000,0.00242314,0.26545903,USDT
2025-09-27T21:15:00Z,BTC/USDT,sell,109347.85872000,0.00242314,0.26496517,USDT
2025-09-27T21:30:00Z,BTC/USDT,buy,109466.74602000,0.00242432,0.26538242,USDT
2025-09-27T22:00:00Z,BTC/USDT,sell,109485.42990000,0.00242432,0.26542772,USDT
2025-09-28T01:45:00Z,BTC/USDT,buy,109505.06517000,0.00242312,0.26534391,USDT
2025-09-28T02:15:00Z,BTC/USDT,sell,109362.23153000,0.00242312,0.26499781,USDT
2025-09-28T09:45:00Z,BTC/USDT,buy,109348.22679000,0.00242218,0.26486109,USDT
2025-09-28T10:15:00Z,BTC/USDT,sell,109278.95319000,0.00242218,0.26469329,USDT
2025-09-28T10:30:00Z,BTC/USDT,buy,109518.30178500,0.00242167,0.26521719,USDT
2025-09-28T11:00:00Z,BTC/USDT,sell,109314.21555000,0.00242167,0.26472296,USDT
2025-09-28T11:15:00Z,BTC/USDT,buy,109336.96116000,0.00242251,0.26486988,USDT
2025-09-28T11:15:00Z,BTC/USDT,stop_sell,109185.30967804,0.00242251,0.26450250,USDT
2025-09-28T11:45:00Z,BTC/USDT,buy,109404.86509500,0.00242181,0.26495780,USDT
2025-09-28T12:00:00Z,BTC/USDT,stop_sell,109162.61067607,0.00242181,0.26437110,USDT
2025-09-28T13:45:00Z,BTC/USDT,buy,109732.73895000,0.00241473,0.26497494,USDT
2025-09-28T13:45:00Z,BTC/USDT,stop_sell,109389.51216857,0.00241473,0.26414614,USDT
2025-09-28T14:00:00Z,BTC/USDT,buy,109682.48383500,0.00241329,0.26469564,USDT
2025-09-28T14:00:00Z,BTC/USDT,stop_sell,109387.02198571,0.00241329,0.26398261,USDT
2025-09-28T14:15:00Z,BTC/USDT,buy,109616.96109000,0.00241654,0.26489377,USDT
2025-09-28T15:15:00Z,BTC/USDT,sell,109457.92366000,0.00241654,0.26450945,USDT
2025-09-29T01:45:00Z,BTC/USDT,buy,112167.80587500,0.00236511,0.26528920,USDT
2025-09-29T03:00:00Z,BTC/USDT,sell,111872.88557500,0.00236511,0.26459168,USDT
2025-09-29T03:15:00Z,BTC/USDT,buy,111546.19522500,0.00236329,0.26361601,USDT
2025-09-29T03:15:00Z,BTC/USDT,stop_sell,111434.70477500,0.00236329,0.26335252,USDT
2025-09-29T03:30:00Z,BTC/USDT,buy,111902.25316500,0.00236366,0.26449888,USDT
2025-09-29T04:15:00Z,BTC/USDT,sell,111776.14397000,0.00236366,0.26420080,USDT
2025-09-29T07:45:00Z,BTC/USDT,buy,111687.87603000,0.00236798,0.26447466,USDT
2025-09-29T08:00:00Z,BTC/USDT,sell,111779.94207000,0.00236798,0.26469267,USDT
2025-09-29T08:15:00Z,BTC/USDT,buy,111799.91202000,0.00235948,0.26378966,USDT
2025-09-29T13:00:00Z,BTC/USDT,sell,111901.24139000,0.00235948,0.26402874,USDT
2025-09-29T13:15:00Z,BTC/USDT,buy,111828.13612500,0.00235462,0.26331277,USDT
2025-09-29T13:15:00Z,BTC/USDT,stop_sell,111716.36387500,0.00235462,0.26304958,USDT
2025-09-29T13:30:00Z,BTC/USDT,buy,112075.35967500,0.00235456,0.26388816,USDT
2025-09-29T16:30:00Z,BTC/USDT,sell,113597.97260000,0.00235456,0.26747324,USDT
2025-09-29T16:45:00Z,BTC/USDT,buy,113876.62986000,0.00232674,0.26496131,USDT
2025-09-29T18:00:00Z,BTC/USDT,sell,113942.98001000,0.00232674,0.26511569,USDT
2025-09-29T19:15:00Z,BTC/USDT,buy,114057.00000000,0.00231962,0.26456890,USDT
2025-09-29T19:30:00Z,BTC/USDT,sell,113943.00000000,0.00231962,0.26430446,USDT
2025-09-29T20:15:00Z,BTC/USDT,buy,114313.19803500,0.00231386,0.26450474,USDT
2025-09-29T20:30:00Z,BTC/USDT,sell,114198.93197000,0.00231386,0.26424034,USDT
2025-09-30T01:00:00Z,BTC/USDT,buy,114652.91781000,0.00230644,0.26444008,USDT
2025-09-30T04:45:00Z,BTC/USDT,stop_sell,114140.35698643,0.00230644,0.26325788,USDT
2025-09-30T05:15:00Z,BTC/USDT,buy,114187.10502000,0.00231437,0.26427121,USDT
2025-09-30T05:45:00Z,BTC/USDT,sell,113983.27985000,0.00231437,0.26379948,USDT
2025-09-30T14:45:00Z,BTC/USDT,buy,113450.03667000,0.002329,0.26422514,USDT
2025-09-30T16:15:00Z,BTC/USDT,sell,112949.73688000,0.002329,0.26305994,USDT
2025-09-30T17:15:00Z,BTC/USDT,buy,113246.57499000,0.00233197,0.26408762,USDT
2025-09-30T17:30:00Z,BTC/USDT,sell,113248.52741000,0.00233197,0.26409217,USDT
2025-09-30T17:45:00Z,BTC/USDT,buy,113584.90407000,0.00232467,0.26404742,USDT
2025-09-30T19:30:00Z,BTC/USDT,sell,113897.35283500,0.00232467,0.26477376,USDT
2025-09-30T19:45:00Z,BTC/USDT,buy,113916.64986000,0.00230943,0.26308253,USDT
2025-09-30T19:45:00Z,BTC/USDT,stop_sell,113802.79014000,0.00230943,0.26281958,USDT
2025-09-30T20:00:00Z,BTC/USDT,buy,114231.35713500,0.00231035,0.26391442,USDT
2025-09-30T20:30:00Z,BTC/USDT,sell,114489.48662000,0.00231035,0.26451079,USDT
2025-10-01T00:45:00Z,BTC/USDT,buy,113892.99804000,0.00230862,0.26293565,USDT
2025-10-01T01:15:00Z,BTC/USDT,sell,114242.84000500,0.00230862,0.26374331,USDT
2025-10-01T03:15:00Z,BTC/USDT,buy,113859.26118000,0.00230923,0.26292722,USDT
2025-10-01T03:30:00Z,BTC/USDT,sell,113676.64324500,0.00230923,0.26250551,USDT
2025-10-01T04:15:00Z,BTC/USDT,buy,114228.98595000,0.00231073,0.26395234,USDT
2025-10-01T04:30:00Z,BTC/USDT,sell,114111.65563000,0.00231073,0.26368123,USDT
2025-10-01T04:45:00Z,BTC/USDT,buy,114225.84438000,0.00231023,0.26388797,USDT
2025-10-01T05:00:00Z,BTC/USDT,sell,114114.78406500,0.00231023,0.26363140,USDT
2025-10-01T05:15:00Z,BTC/USDT,buy,114231.19705500,0.00230957,0.26382495,USDT
2025-10-01T05:30:00Z,BTC/USDT,sell,114441.42066500,0.00230957,0.26431047,USDT
2025-10-01T07:00:00Z,BTC/USDT,buy,114505.10394000,0.00230366,0.26378083,USDT
2025-10-01T09:00:00Z,BTC/USDT,sell,115827.83711000,0.00230366,0.26682796,USDT
2025-10-01T17:30:00Z,BTC/USDT,buy,117573.58741500,0.00224546,0.26400679,USDT
2025-10-01T17:45:00Z,BTC/USDT,stop_sell,116818.40336482,0.00224546,0.26231105,USDT
2025-10-01T22:00:00Z,BTC/USDT,buy,117546.35380500,0.00224461,0.26384572,USDT
2025-10-02T02:15:00Z,BTC/USDT,sell,119253.10362000,0.00224461,0.26767671,USDT
2025-10-02T10:45:00Z,BTC/USDT,buy,118862.97178500,0.00222493,0.26446179,USDT
2025-10-02T11:15:00Z,BTC/USDT,sell,118640.47009000,0.00222493,0.26396674,USDT
2025-10-02T15:00:00Z,BTC/USDT,buy,118701.62115000,0.00221777,0.26325289,USDT
2025-10-02T17:30:00Z,BTC/USDT,sell,119646.74670000,0.00221777,0.26534897,USDT
2025-10-03T03:00:00Z,BTC/USDT,buy,120014.74738500,0.00219532,0.26347078,USDT
2025-10-03T03:30:00Z,BTC/USDT,sell,120210.16485000,0.00219532,0.26389978,USDT
2025-10-03T03:45:00Z,BTC/USDT,buy,120491.03541000,0.00219303,0.26424046,USDT
2025-10-03T04:00:00Z,BTC/USDT,sell,120070.69462000,0.00219303,0.26331864,USDT
2025-10-03T06:30:00Z,BTC/USDT,buy,120186.35314500,0.0021968,0.26402538,USDT
2025-10-03T06:45:00Z,BTC/USDT,sell,120058.56069000,0.0021968,0.26374465,USDT
2025-10-03T09:30:00Z,BTC/USDT,buy,120404.07195000,0.0021919,0.26391369,USDT
2025-10-03T09:45:00Z,BTC/USDT,stop_sell,119949.17648089,0.0021919,0.26291660,USDT
2025-10-03T10:00:00Z,BTC/USDT,buy,120427.31356500,0.00219089,0.26384300,USDT
2025-10-03T10:00:00Z,BTC/USDT,stop_sell,119954.61447482,0.00219089,0.26280737,USDT
2025-10-03T10:15:00Z,BTC/USDT,buy,120427.38360000,0.00218985,0.26371791,USDT
2025-10-03T14:15:00Z,BTC/USDT,sell,120103.75808000,0.00218985,0.26300921,USDT
2025-10-03T14:30:00Z,BTC/USDT,buy,120573.68671500,0.0021895,0.26399609,USDT
2025-10-03T17:00:00Z,BTC/USDT,sell,122379.17980000,0.0021895,0.26794921,USDT
2025-10-03T17:15:00Z,BTC/USDT,buy,123061.42996500,0.0021444,0.26389293,USDT
2025-10-03T17:45:00Z,BTC/USDT,stop_sell,121981.65937393,0.0021444,0.26157747,USDT
2025-10-03T18:00:00Z,BTC/USDT,buy,122266.61275500,0.00215648,0.26366551,USDT
2025-10-03T19:45:00Z,BTC/USDT,sell,122438.02036500,0.00215648,0.26403514,USDT
2025-10-03T20:00:00Z,BTC/USDT,buy,122572.54564500,0.00214602,0.26304313,USDT
2025-10-03T20:15:00Z,BTC/USDT,sell,122422.43816000,0.00214602,0.26272100,USDT
2025-10-03T20:45:00Z,BTC/USDT,buy,122539.83930000,0.00215101,0.26358442,USDT
2025-10-03T21:00:00Z,BTC/USDT,sell,122379.15981000,0.00215101,0.26323880,USDT
2025-10-04T04:30:00Z,BTC/USDT,buy,122342.17051500,0.00215392,0.26351525,USDT
2025-10-04T08:45:00Z,BTC/USDT,sell,122047.22586000,0.00215392,0.26287996,USDT
2025-10-04T09:00:00Z,BTC/USDT,buy,122173.86640500,0.00215017,0.26269458,USDT
2025-10-04T09:30:00Z,BTC/USDT,sell,122097.04094000,0.00215017,0.26252939,USDT
2025-10-05T01:15:00Z,BTC/USDT,buy,122086.05252000,0.00215139,0.26265471,USDT
2025-10-05T01:15:00Z,BTC/USDT,stop_sell,121964.02748000,0.00215139,0.26239219,USDT
2025-10-05T01:30:00Z,BTC/USDT,buy,122429.71426500,0.00215063,0.26330102,USDT
2025-10-05T03:15:00Z,BTC/USDT,sell,123655.16149000,0.00215063,0.26593650,USDT
2025-10-05T03:45:00Z,BTC/USDT,buy,124031.53477500,0.00212424,0.26347275,USDT
2025-10-05T04:00:00Z,BTC/USDT,sell,123934.17191500,0.00212424,0.26326593,USDT
2025-10-05T14:30:00Z,BTC/USDT,buy,123162.42043500,0.00213874,0.26341240,USDT
2025-10-05T15:45:00Z,BTC/USDT,sell,122958.86981000,0.00213874,0.26297705,USDT
2025-10-05T20:30:00Z,BTC/USDT,buy,122808.37350000,0.00214426,0.26333308,USDT
2025-10-05T20:45:00Z,BTC/USDT,sell,122921.03873500,0.00214426,0.26357467,USDT
2025-10-05T22:30:00Z,BTC/USDT,buy,122916.21739500,0.00213622,0.26257608,USDT
2025-10-06T05:15:00Z,BTC/USDT,sell,123511.49336000,0.00213622,0.26384772,USDT
2025-10-06T05:30:00Z,BTC/USDT,buy,123654.16618500,0.00212979,0.26335741,USDT
2025-10-06T05:45:00Z,BTC/USDT,sell,123500.43889000,0.00212979,0.26303000,USDT
2025-10-07T09:30:00Z,BTC/USDT,buy,124238.00796000,0.00211936,0.26330506,USDT
2025-10-07T09:45:00Z,BTC/USDT,sell,124122.26782000,0.00211936,0.26305977,USDT
2025-10-07T11:15:00Z,BTC/USDT,buy,124520.23900500,0.00212164,0.26418712,USDT
2025-10-07T12:00:00Z,BTC/USDT,sell,124519.13928500,0.00212164,0.26418479,USDT
2025-10-07T12:15:00Z,BTC/USDT,buy,124141.70983500,0.00212021,0.26320649,USDT
2025-10-07T13:45:00Z,BTC/USDT,sell,123702.54778500,0.00212021,0.26227538,USDT
2025-10-07T20:30:00Z,BTC/USDT,buy,122271.20505000,0.00215165,0.26308484,USDT
2025-10-07T21:45:00Z,BTC/USDT,sell,122260.48917500,0.00215165,0.26306178,USDT
2025-10-07T22:00:00Z,BTC/USDT,buy,122289.09399000,0.00215065,0.26300104,USDT
2025-10-07T23:30:00Z,BTC/USDT,stop_sell,121538.54854018,0.00215065,0.26138688,USDT
2025-10-07T23:45:00Z,BTC/USDT,buy,121881.95052000,0.00215605,0.26278358,USDT
2025-10-08T00:00:00Z,BTC/USDT,sell,121268.81526000,0.00215605,0.26146163,USDT
2025-10-08T00:15:00Z,BTC/USDT,buy,121733.08612500,0.0021644,0.26347909,USDT
2025-10-08T01:00:00Z,BTC/USDT,sell,122070.96398500,0.0021644,0.26421039,USDT
2025-10-08T01:45:00Z,BTC/USDT,buy,121842.43077000,0.00215029,0.26199656,USDT
2025-10-08T02:15:00Z,BTC/USDT,sell,122065.42675500,0.00215029,0.26247607,USDT
2025-10-08T02:30:00Z,BTC/USDT,buy,122344.32159000,0.0021475,0.26273443,USDT
2025-10-08T03:15:00Z,BTC/USDT,stop_sell,121589.54195929,0.0021475,0.26111354,USDT
2025-10-08T04:00:00Z,BTC/USDT,buy,121791.72543000,0.00215579,0.26255738,USDT
2025-10-08T04:15:00Z,BTC/USDT,sell,121559.11004000,0.00215579,0.26205591,USDT
2025-10-08T04:45:00Z,BTC/USDT,buy,121850.22466500,0.00215406,0.26247269,USDT
2025-10-08T05:30:00Z,BTC/USDT,sell,121856.22141000,0.00215406,0.26248561,USDT
2025-10-08T08:15:00Z,BTC/USDT,buy,122002.74088500,0.00215159,0.26249988,USDT
2025-10-08T08:30:00Z,BTC/USDT,sell,121912.28336500,0.00215159,0.26230525,USDT
2025-10-08T10:45:00Z,BTC/USDT,buy,122639.18895000,0.00213173,0.26143364,USDT
2025-10-08T10:45:00Z,BTC/USDT,stop_sell,122516.61105000,0.00213173,0.26117234,USDT
2025-10-08T13:15:00Z,BTC/USDT,buy,122563.32103500,0.0021312,0.26120695,USDT
2025-10-08T13:30:00Z,BTC/USDT,stop_sell,122437.67054000,0.0021312,0.26093916,USDT
2025-10-08T14:00:00Z,BTC/USDT,buy,122666.56263000,0.00213896,0.26237887,USDT
2025-10-08T14:30:00Z,BTC/USDT,sell,122685.98632000,0.00213896,0.26242042,USDT
2025-10-09T00:45:00Z,BTC/USDT,buy,122859.40900500,0.0021243,0.26099024,USDT
2025-10-09T00:45:00Z,BTC/USDT,stop_sell,122736.61099500,0.0021243,0.26072938,USDT
2025-10-09T07:30:00Z,BTC/USDT,buy,121909.44426000,0.00214489,0.26148235,USDT
2025-10-09T07:30:00Z,BTC/USDT,stop_sell,121787.59574000,0.00214489,0.26122100,USDT
2025-10-09T08:00:00Z,BTC/USDT,buy,122157.86841000,0.00214553,0.26209337,USDT
2025-10-09T08:00:00Z,BTC/USDT,stop_sell,121766.15824982,0.00214553,0.26125295,USDT
2025-10-09T11:15:00Z,BTC/USDT,buy,122411.77530000,0.00214017,0.26198201,USDT
2025-10-09T14:15:00Z,BTC/USDT,stop_sell,121667.76390018,0.00214017,0.26038970,USDT
2025-10-09T14:30:00Z,BTC/USDT,buy,121667.91355500,0.00215187,0.26181353,USDT
2025-10-09T14:45:00Z,BTC/USDT,sell,121268.82525500,0.00215187,0.26095475,USDT
2025-10-09T15:15:00Z,BTC/USDT,buy,121343.79157500,0.00214902,0.26077023,USDT
2025-10-09T15:30:00Z,BTC/USDT,sell,120930.36457000,0.00214902,0.25988177,USDT
2025-10-10T08:45:00Z,BTC/USDT,buy,121454.05668000,0.00215377,0.26158410,USDT
2025-10-10T09:00:00Z,BTC/USDT,sell,121573.11303500,0.00215377,0.26184052,USDT
2025-10-10T09:15:00Z,BTC/USDT,buy,121688.41380000,0.00214946,0.26156438,USDT
2025-10-10T10:15:00Z,BTC/USDT,sell,121632.31342000,0.00214946,0.26144379,USDT
2025-10-10T11:30:00Z,BTC/USDT,buy,121720.61989500,0.00214821,0.26148145,USDT
2025-10-10T12:00:00Z,BTC/USDT,sell,121591.56380500,0.00214821,0.26120421,USDT
2025-10-11T02:15:00Z,BTC/USDT,buy,111906.39523500,0.00234881,0.26284686,USDT
2025-10-11T02:30:00Z,BTC/USDT,sell,111907.85808000,0.00234881,0.26285030,USDT
2025-10-11T05:00:00Z,BTC/USDT,buy,112297.96092000,0.00231874,0.26038977,USDT
2025-10-11T05:15:00Z,BTC/USDT,sell,112617.42312000,0.00231874,0.26113052,USDT
2025-10-11T06:15:00Z,BTC/USDT,buy,112233.40866000,0.00232932,0.26142752,USDT
2025-10-11T07:00:00Z,BTC/USDT,sell,111507.34843500,0.00232932,0.25973630,USDT
2025-10-11T13:15:00Z,BTC/USDT,buy,112469.02641000,0.00232299,0.26126442,USDT
2025-10-11T15:45:00Z,BTC/USDT,sell,112213.81502500,0.00232299,0.26067157,USDT
2025-10-11T16:00:00Z,BTC/USDT,buy,112234.93942500,0.00232678,0.26114601,USDT
2025-10-11T16:15:00Z,BTC/USDT,sell,111738.57276500,0.00232678,0.25999108,USDT
2025-10-12T03:15:00Z,BTC/USDT,buy,111122.78362500,0.00234791,0.26090629,USDT
2025-10-12T04:00:00Z,BTC/USDT,sell,110932.61594500,0.00234791,0.26045980,USDT
2025-10-12T04:15:00Z,BTC/USDT,buy,111195.25984500,0.00234676,0.26094859,USDT
2025-10-12T04:30:00Z,BTC/USDT,sell,111134.52494000,0.00234676,0.26080606,USDT
2025-10-12T12:00:00Z,BTC/USDT,buy,112128.73635000,0.00232676,0.26089666,USDT
2025-10-12T12:45:00Z,BTC/USDT,sell,111514.31495000,0.00232676,0.25946705,USDT
2025-10-12T14:00:00Z,BTC/USDT,buy,111365.84509500,0.00234106,0.26071413,USDT
2025-10-12T14:45:00Z,BTC/USDT,sell,111147.77831000,0.00234106,0.26020362,USDT
2025-10-12T15:00:00Z,BTC/USDT,buy,112501.24251000,0.00231692,0.26065638,USDT
2025-10-12T15:15:00Z,BTC/USDT,sell,113125.88876000,0.00231692,0.26210363,USDT
2025-10-12T22:30:00Z,BTC/USDT,buy,115220.07124500,0.00226246,0.26068080,USDT
2025-10-13T01:45:00Z,BTC/USDT,sell,115257.06264000,0.00226246,0.26076449,USDT
2025-10-13T13:45:00Z,BTC/USDT,buy,115162.87266000,0.00226071,0.26034986,USDT
2025-10-13T14:15:00Z,BTC/USDT,stop_sell,114479.29921625,0.00226071,0.25880450,USDT
2025-10-14T14:30:00Z,BTC/USDT,buy,111619.25173500,0.0023228,0.25926920,USDT
2025-10-14T15:00:00Z,BTC/USDT,stop_sell,111156.32653375,0.0023228,0.25819392,USDT
2025-10-14T21:15:00Z,BTC/USDT,buy,113002.09281000,0.00230436,0.26039750,USDT
2025-10-14T23:00:00Z,BTC/USDT,sell,113324.65932500,0.00230436,0.26114081,USDT
2025-10-14T23:15:00Z,BTC/USDT,buy,113537.44035000,0.00229371,0.26042196,USDT
2025-10-15T00:00:00Z,BTC/USDT,sell,113299.30201000,0.00229371,0.25987574,USDT
2025-10-15T00:30:00Z,BTC/USDT,buy,113066.39494500,0.00230922,0.26109518,USDT
2025-10-15T00:45:00Z,BTC/USDT,sell,112934.99425500,0.00230922,0.26079175,USDT
2025-10-15T07:45:00Z,BTC/USDT,buy,113456.57994000,0.00229346,0.26020813,USDT
2025-10-15T09:00:00Z,BTC/USDT,sell,113486.36843000,0.00229346,0.26027645,USDT
2025-10-15T11:15:00Z,BTC/USDT,buy,113109.92670000,0.00230072,0.26023427,USDT
2025-10-15T11:30:00Z,BTC/USDT,sell,112468.91741000,0.00230072,0.25875949,USDT
2025-10-15T18:45:00Z,BTC/USDT,buy,111752.86851000,0.00232227,0.25952033,USDT
2025-10-15T19:00:00Z,BTC/USDT,sell,111699.69221500,0.00232227,0.25939684,USDT
2025-10-15T20:00:00Z,BTC/USDT,buy,111987.71587500,0.00232181,0.26001420,USDT
2025-10-15T21:45:00Z,BTC/USDT,stop_sell,110782.63954214,0.00232181,0.25721624,USDT
2025-10-15T22:00:00Z,BTC/USDT,buy,111245.19480000,0.002335,0.25975753,USDT
2025-10-15T23:00:00Z,BTC/USDT,sell,111132.54593000,0.002335,0.25949449,USDT
2025-10-15T23:45:00Z,BTC/USDT,buy,111453.65898000,0.00233008,0.25969594,USDT
2025-10-16T00:00:00Z,BTC/USDT,sell,111133.08566000,0.00233008,0.25894898,USDT
2025-10-16T05:15:00Z,BTC/USDT,buy,111194.67955500,0.00233519,0.25966070,USDT
2025-10-16T06:00:00Z,BTC/USDT,sell,111087.96823000,0.00233519,0.25941151,USDT
2025-10-16T06:15:00Z,BTC/USDT,buy,110867.90625000,0.00233436,0.25880561,USDT
2025-10-16T07:00:00Z,BTC/USDT,sell,111645.76919000,0.00233436,0.26062142,USDT
2025-10-16T09:45:00Z,BTC/USDT,buy,111348.89662500,0.00233175,0.25963779,USDT
2025-10-16T10:30:00Z,BTC/USDT,sell,111225.49943000,0.00233175,0.25935006,USDT
2025-10-16T21:15:00Z,BTC/USDT,buy,108178.58226000,0.00240279,0.25993042,USDT
2025-10-16T21:30:00Z,BTC/USDT,sell,108045.95999500,0.00240279,0.25961175,USDT
2025-10-16T23:15:00Z,BTC/USDT,buy,108117.38167500,0.0024002,0.25950334,USDT
2025-10-16T23:30:00Z,BTC/USDT,sell,108421.52212000,0.0024002,0.26023334,USDT
2025-10-17T00:15:00Z,BTC/USDT,buy,107979.21262500,0.00239594,0.25871171,USDT
2025-10-17T00:45:00Z,BTC/USDT,sell,108724.19071000,0.00239594,0.26049664,USDT
2025-10-17T01:00:00Z,BTC/USDT,buy,108834.94027500,0.0023855,0.25962575,USDT
2025-10-17T01:30:00Z,BTC/USDT,sell,108880.37258000,0.0023855,0.25973413,USDT
2025-10-17T02:45:00Z,BTC/USDT,buy,108870.15787500,0.0023844,0.25959000,USDT
2025-10-17T03:30:00Z,BTC/USDT,sell,109045.90977000,0.0023844,0.26000907,USDT
2025-10-17T04:45:00Z,BTC/USDT,buy,109085.94571500,0.00238426,0.26008926,USDT
2025-10-17T05:45:00Z,BTC/USDT,sell,108457.66404000,0.00238426,0.25859127,USDT
2025-10-17T17:15:00Z,BTC/USDT,buy,106754.27046000,0.00243073,0.25949081,USDT
2025-10-17T18:45:00Z,BTC/USDT,sell,107018.99373500,0.00243073,0.26013428,USDT
2025-10-17T23:00:00Z,BTC/USDT,buy,107169.89817000,0.00242064,0.25941974,USDT
2025-10-17T23:15:00Z,BTC/USDT,sell,106933.82634000,0.00242064,0.25884830,USDT
2025-10-17T23:45:00Z,BTC/USDT,buy,106910.56857000,0.00242564,0.25932655,USDT
2025-10-18T00:00:00Z,BTC/USDT,sell,106662.07228500,0.00242564,0.25872379,USDT
2025-10-18T05:15:00Z,BTC/USDT,buy,106653.30000000,0.00242769,0.25892115,USDT
2025-10-18T05:30:00Z,BTC/USDT,sell,106546.70000000,0.00242769,0.25866236,USDT
2025-10-18T12:30:00Z,BTC/USDT,buy,106996.43148000,0.00242251,0.25919993,USDT
2025-10-18T15:45:00Z,BTC/USDT,sell,107055.45549500,0.00242251,0.25934291,USDT
2025-10-18T16:00:00Z,BTC/USDT,buy,107154.24034500,0.00241855,0.25915789,USDT
2025-10-18T16:15:00Z,BTC/USDT,sell,106895.98527000,0.00241855,0.25853329,USDT
2025-10-19T03:30:00Z,BTC/USDT,buy,107279.23281000,0.00241478,0.25905575,USDT
2025-10-19T03:45:00Z,BTC/USDT,sell,107156.28505500,0.00241478,0.25875885,USDT
2025-10-19T04:15:00Z,BTC/USDT,buy,107372.57946000,0.00241207,0.25899018,USDT
2025-10-19T04:30:00Z,BTC/USDT,sell,107245.54040500,0.00241207,0.25868375,USDT
2025-10-19T05:00:00Z,BTC/USDT,buy,107330.86861500,0.00242056,0.25980081,USDT
2025-10-19T05:15:00Z,BTC/USDT,sell,107208.31902500,0.00242056,0.25950417,USDT
2025-10-19T05:30:00Z,BTC/USDT,buy,107303.93515500,0.00241818,0.25948023,USDT
2025-10-19T05:45:00Z,BTC/USDT,sell,107178.79379500,0.00241818,0.25917762,USDT
2025-10-19T09:45:00Z,BTC/USDT,buy,107199.90316500,0.0024144,0.25882345,USDT
2025-10-19T10:45:00Z,BTC/USDT,sell,107727.06952000,0.0024144,0.26009624,USDT
2025-10-19T11:15:00Z,BTC/USDT,buy,108254.68029000,0.00239121,0.25885967,USDT
2025-10-19T11:30:00Z,BTC/USDT,sell,107687.77917500,0.00239121,0.25750409,USDT
2025-10-19T16:45:00Z,BTC/USDT,buy,108854.40000000,0.0023748,0.25850743,USDT
2025-10-19T17:00:00Z,BTC/USDT,sell,108830.74740500,0.0023748,0.25845126,USDT
2025-10-19T19:45:00Z,BTC/USDT,buy,109260.05272500,0.00237743,0.25975813,USDT
2025-10-19T22:00:00Z,BTC/USDT,sell,108832.92631500,0.00237743,0.25874266,USDT
2025-10-20T03:45:00Z,BTC/USDT,buy,109241.16328500,0.00236773,0.25865358,USDT
2025-10-20T04:30:00Z,BTC/USDT,sell,109951.57671000,0.00236773,0.26033565,USDT
2025-10-20T17:00:00Z,BTC/USDT,buy,110818.72167000,0.00233393,0.25864314,USDT
2025-10-20T17:30:00Z,BTC/USDT,sell,110672.27618000,0.00233393,0.25830135,USDT
2025-10-20T19:00:00Z,BTC/USDT,buy,110970.42748500,0.00233009,0.25857108,USDT
2025-10-20T19:15:00Z,BTC/USDT,sell,111066.87878000,0.00233009,0.25879582,USDT
2025-10-20T20:45:00Z,BTC/USDT,buy,111209.52697500,0.00232488,0.25854881,USDT
2025-10-20T21:00:00Z,BTC/USDT,sell,111089.29756500,0.00232488,0.25826929,USDT
2025-10-20T22:30:00Z,BTC/USDT,buy,110886.64561500,0.00233105,0.25848232,USDT
2025-10-20T23:00:00Z,BTC/USDT,sell,110774.03527500,0.00233105,0.25821981,USDT
2025-10-21T14:15:00Z,BTC/USDT,buy,109849.92751500,0.00235255,0.25842745,USDT
2025-10-21T15:45:00Z,BTC/USDT,sell,113026.18863500,0.00235255,0.26589976,USDT
2025-10-22T04:30:00Z,BTC/USDT,buy,108633.34953000,0.00238399,0.25898082,USDT
2025-10-22T04:45:00Z,BTC/USDT,sell,108594.97535000,0.00238399,0.25888934,USDT
2025-10-22T05:45:00Z,BTC/USDT,buy,108562.81428000,0.00238451,0.25886912,USDT
2025-10-22T07:00:00Z,BTC/USDT,sell,108398.66355500,0.00238451,0.25847770,USDT
2025-10-22T07:45:00Z,BTC/USDT,buy,108030.06804000,0.00238657,0.25782132,USDT
2025-10-22T09:15:00Z,BTC/USDT,sell,108432.91642000,0.00238657,0.25878275,USDT
2025-10-22T14:45:00Z,BTC/USDT,buy,108054.75037500,0.00238612,0.25783160,USDT
2025-10-22T15:15:00Z,BTC/USDT,sell,108375.50514000,0.00238612,0.25859696,USDT
2025-10-22T15:45:00Z,BTC/USDT,buy,108317.65176000,0.00238051,0.25785125,USDT
2025-10-22T17:00:00Z,BTC/USDT,sell,108234.15585000,0.00238051,0.25765249,USDT
2025-10-22T23:15:00Z,BTC/USDT,buy,107676.25122000,0.00240404,0.25885801,USDT
2025-10-22T23:30:00Z,BTC/USDT,sell,107779.17345500,0.00240404,0.25910544,USDT
2025-10-23T01:45:00Z,BTC/USDT,buy,107875.19064000,0.00239958,0.25885515,USDT
2025-10-23T02:15:00Z,BTC/USDT,sell,107681.61226000,0.00239958,0.25839064,USDT
2025-10-23T17:45:00Z,BTC/USDT,buy,110914.37947500,0.00233449,0.25892851,USDT
2025-10-23T18:00:00Z,BTC/USDT,sell,111134.53493500,0.00233449,0.25944246,USDT
2025-10-23T18:45:00Z,BTC/USDT,buy,110451.30805500,0.00233855,0.25829591,USDT
2025-10-23T19:15:00Z,BTC/USDT,sell,110275.76453500,0.00233855,0.25788539,USDT
2025-10-23T19:45:00Z,BTC/USDT,buy,110652.66868500,0.00233779,0.25868270,USDT
2025-10-23T20:00:00Z,BTC/USDT,sell,110296.51415500,0.00233779,0.25785009,USDT
2025-10-23T20:45:00Z,BTC/USDT,buy,110093.31915000,0.00235165,0.25890095,USDT
2025-10-23T21:00:00Z,BTC/USDT,sell,109698.49331500,0.00235165,0.25797246,USDT
2025-10-23T22:15:00Z,BTC/USDT,buy,110032.78890000,0.00234887,0.25845272,USDT
2025-10-23T22:30:00Z,BTC/USDT,sell,109944.72014000,0.00234887,0.25824585,USDT
2025-10-24T04:00:00Z,BTC/USDT,buy,110668.46658000,0.00233487,0.25839648,USDT
2025-10-24T05:15:00Z,BTC/USDT,sell,111198.39299000,0.00233487,0.25963379,USDT
2025-10-24T05:30:00Z,BTC/USDT,buy,110921.63310000,0.00232219,0.25758111,USDT
2025-10-24T07:30:00Z,BTC/USDT,sell,110937.28361000,0.00232219,0.25761745,USDT
2025-10-24T08:00:00Z,BTC/USDT,buy,110770.37751000,0.00233392,0.25852920,USDT
2025-10-24T08:30:00Z,BTC/USDT,sell,110592.95586000,0.00233392,0.25811511,USDT
2025-10-24T11:15:00Z,BTC/USDT,buy,111338.70153000,0.00232188,0.25851510,USDT
2025-10-24T11:30:00Z,BTC/USDT,stop_sell,110708.83360643,0.00232188,0.25705263,USDT
2025-10-24T12:15:00Z,BTC/USDT,buy,110935.80018000,0.00231894,0.25725346,USDT
2025-10-24T12:30:00Z,BTC/USDT,sell,111013.02572000,0.00231894,0.25743255,USDT
2025-10-24T19:15:00Z,BTC/USDT,buy,110811.90826500,0.00232971,0.25815961,USDT
2025-10-24T19:30:00Z,BTC/USDT,sell,110801.70143500,0.00232971,0.25813583,USDT
2025-10-25T01:00:00Z,BTC/USDT,buy,110996.16034500,0.00232544,0.25811491,USDT
2025-10-25T01:15:00Z,BTC/USDT,sell,110554.81494000,0.00232544,0.25708859,USDT
2025-10-25T03:15:00Z,BTC/USDT,buy,111140.47246500,0.00232132,0.25799260,USDT
2025-10-25T03:30:00Z,BTC/USDT,sell,111032.67589000,0.00232132,0.25774237,USDT
2025-10-25T04:00:00Z,BTC/USDT,buy,111134.82964500,0.0023208,0.25792171,USDT
2025-10-25T05:30:00Z,BTC/USDT,sell,111074.44499500,0.0023208,0.25778157,USDT
2025-10-25T06:30:00Z,BTC/USDT,buy,111491.89809000,0.00231293,0.25787296,USDT
2025-10-25T08:45:00Z,BTC/USDT,sell,111378.39294500,0.00231293,0.25761043,USDT
2025-10-25T09:45:00Z,BTC/USDT,buy,111660.36228000,0.00230676,0.25757366,USDT
2025-10-25T10:00:00Z,BTC/USDT,stop_sell,111352.25387821,0.00230676,0.25686293,USDT
2025-10-25T10:15:00Z,BTC/USDT,buy,111625.37479500,0.00230871,0.25771062,USDT
2025-10-25T12:00:00Z,BTC/USDT,sell,111290.49691500,0.00230871,0.25693748,USDT
2025-10-25T14:30:00Z,BTC/USDT,buy,111795.44979000,0.00230376,0.25754989,USDT
2025-10-25T15:15:00Z,BTC/USDT,sell,111345.74927500,0.00230376,0.25651388,USDT
2025-10-25T22:30:00Z,BTC/USDT,buy,111468.47638500,0.00231348,0.25788009,USDT
2025-10-25T23:00:00Z,BTC/USDT,sell,111488.62780000,0.00231348,0.25792671,USDT
2025-10-26T00:30:00Z,BTC/USDT,buy,111750.20718000,0.00230404,0.25747695,USDT
2025-10-26T02:45:00Z,BTC/USDT,stop_sell,111304.02943107,0.00230404,0.25644894,USDT
2025-10-26T03:00:00Z,BTC/USDT,buy,111607.14568500,0.0023063,0.25739956,USDT
2025-10-26T03:45:00Z,BTC/USDT,sell,111406.53886500,0.0023063,0.25693690,USDT
2025-10-26T11:00:00Z,BTC/USDT,buy,112477.69074000,0.00228505,0.25701715,USDT
2025-10-26T12:00:00Z,BTC/USDT,sell,113204.90923000,0.00228505,0.25867888,USDT
2025-10-26T19:45:00Z,BTC/USDT,buy,113515.09918500,0.00226199,0.25677002,USDT
2025-10-26T20:00:00Z,BTC/USDT,sell,113405.44891000,0.00226199,0.25652199,USDT
2025-10-26T20:30:00Z,BTC/USDT,buy,113705.34426000,0.00226242,0.25724924,USDT
2025-10-26T20:30:00Z,BTC/USDT,stop_sell,113187.27983482,0.00226242,0.25607717,USDT
2025-10-26T21:15:00Z,BTC/USDT,buy,113625.20421000,0.00226508,0.25737018,USDT
2025-10-26T21:15:00Z,BTC/USDT,stop_sell,112953.34828768,0.00226508,0.25584837,USDT
2025-10-26T22:15:00Z,BTC/USDT,buy,114602.28250500,0.00223642,0.25629884,USDT
2025-10-27T00:45:00Z,BTC/USDT,sell,115012.17514500,0.00223642,0.25721553,USDT
2025-10-27T07:30:00Z,BTC/USDT,buy,115945.69387500,0.0022141,0.25671536,USDT
2025-10-27T07:30:00Z,BTC/USDT,stop_sell,115589.35890875,0.0022141,0.25592640,USDT
2025-10-27T08:00:00Z,BTC/USDT,buy,115722.38227500,0.00222116,0.25703793,USDT
2025-10-27T08:15:00Z,BTC/USDT,stop_sell,115160.72190589,0.00222116,0.25579039,USDT
2025-10-27T08:30:00Z,BTC/USDT,buy,115543.33279500,0.00222949,0.25760271,USDT
2025-10-27T09:00:00Z,BTC/USDT,sell,115173.47445500,0.00222949,0.25677811,USDT
2025-10-27T09:15:00Z,BTC/USDT,buy,115126.94470500,0.00222881,0.25659609,USDT
2025-10-27T09:30:00Z,BTC/USDT,sell,115136.10315000,0.00222881,0.25661650,USDT
2025-10-27T09:45:00Z,BTC/USDT,buy,115251.49695000,0.00222388,0.25630550,USDT
2025-10-27T10:15:00Z,BTC/USDT,sell,115339.24153000,0.00222388,0.25650063,USDT
2025-10-27T11:00:00Z,BTC/USDT,buy,115547.42484000,0.00222075,0.25660194,USDT
2025-10-27T11:15:00Z,BTC/USDT,sell,115431.84520500,0.00222075,0.25634527,USDT
2025-10-27T13:15:00Z,BTC/USDT,buy,115432.50741000,0.00222201,0.25649219,USDT
2025-10-27T13:15:00Z,BTC/USDT,stop_sell,114944.71817607,0.00222201,0.25540831,USDT
2025-10-27T14:00:00Z,BTC/USDT,buy,115350.78657000,0.0022229,0.25641326,USDT
2025-10-27T14:00:00Z,BTC/USDT,stop_sell,114716.72722857,0.0022229,0.25500381,USDT
2025-10-28T07:00:00Z,BTC/USDT,buy,114230.83687500,0.00224353,0.25628031,USDT
2025-10-28T07:30:00Z,BTC/USDT,sell,114180.73107500,0.00224353,0.25616790,USDT
2025-10-28T15:15:00Z,BTC/USDT,buy,115433.80806000,0.00222661,0.25702607,USDT
2025-10-28T17:30:00Z,BTC/USDT,sell,115517.74223500,0.00222661,0.25721296,USDT
2025-10-28T17:45:00Z,BTC/USDT,buy,115473.41785500,0.00221633,0.25592720,USDT
2025-10-28T18:15:00Z,BTC/USDT,sell,115393.54436500,0.00221633,0.25575017,USDT
2025-10-29T01:15:00Z,BTC/USDT,buy,112669.06638000,0.00227305,0.25610242,USDT
2025-10-29T01:15:00Z,BTC/USDT,stop_sell,112120.32322286,0.00227305,0.25485510,USDT
2025-10-29T08:00:00Z,BTC/USDT,buy,113503.79353500,0.00225532,0.25598738,USDT
2025-10-29T08:15:00Z,BTC/USDT,sell,113153.65487000,0.00225532,0.25519770,USDT
2025-10-29T09:30:00Z,BTC/USDT,buy,112909.44651000,0.00225859,0.25501615,USDT
2025-10-29T09:30:00Z,BTC/USDT,stop_sell,112796.59349000,0.00225859,0.25476126,USDT
2025-10-29T09:45:00Z,BTC/USDT,buy,113077.13031000,0.00226237,0.25582231,USDT
2025-10-29T10:30:00Z,BTC/USDT,sell,113019.77184500,0.00226237,0.25569254,USDT
2025-10-30T00:30:00Z,BTC/USDT,buy,110475.25002000,0.00231518,0.25577009,USDT
2025-10-30T00:45:00Z,BTC/USDT,sell,110477.06383500,0.00231518,0.25577429,USDT
2025-10-30T07:15:00Z,BTC/USDT,buy,111308.24631000,0.00229681,0.25565389,USDT
2025-10-30T09:15:00Z,BTC/USDT,stop_sell,110130.97446625,0.00229681,0.25294992,USDT
2025-10-30T09:45:00Z,BTC/USDT,buy,110530.38757500,0.00231285,0.25564021,USDT
2025-10-30T10:45:00Z,BTC/USDT,sell,109848.37833500,0.00231285,0.25406282,USDT
2025-10-30T22:00:00Z,BTC/USDT,buy,107857.05157500,0.00236329,0.25489749,USDT
2025-10-30T22:45:00Z,BTC/USDT,sell,107723.19146000,0.00236329,0.25458114,USDT
2025-10-30T23:00:00Z,BTC/USDT,buy,107922.18412500,0.00236362,0.25508703,USDT
2025-10-30T23:45:00Z,BTC/USDT,sell,107844.49078000,0.00236362,0.25490340,USDT
2025-10-31T00:00:00Z,BTC/USDT,buy,108387.43663500,0.00235506,0.25525892,USDT
2025-10-31T00:15:00Z,BTC/USDT,sell,108524.81045000,0.00235506,0.25558244,USDT
2025-10-31T03:45:00Z,BTC/USDT,buy,109054.02976500,0.00233984,0.25516898,USDT
2025-10-31T04:30:00Z,BTC/USDT,sell,109803.17095000,0.00233984,0.25692185,USDT
2025-10-31T12:30:00Z,BTC/USDT,buy,110542.18347000,0.00231695,0.25612071,USDT
2025-10-31T12:45:00Z,BTC/USDT,sell,109643.26094500,0.00231695,0.25403795,USDT
2025-10-31T13:30:00Z,BTC/USDT,buy,110284.16452500,0.00231976,0.25583279,USDT
2025-10-31T13:45:00Z,BTC/USDT,sell,109859.79262500,0.00231976,0.25484835,USDT
2025-10-31T21:30:00Z,BTC/USDT,buy,109696.60089000,0.002324,0.25493490,USDT
2025-10-31T22:00:00Z,BTC/USDT,sell,109597.66375500,0.002324,0.25470497,USDT
2025-11-01T01:30:00Z,BTC/USDT,buy,109882.74391500,0.00231871,0.25478622,USDT
2025-11-01T02:30:00Z,BTC/USDT,sell,109672.49632000,0.00231871,0.25429871,USDT
2025-11-01T02:45:00Z,BTC/USDT,buy,109782.16365000,0.00232113,0.25481867,USDT
2025-11-01T08:00:00Z,BTC/USDT,sell,110180.50219000,0.00232113,0.25574327,USDT
2025-11-01T08:30:00Z,BTC/USDT,buy,110432.04843000,0.00231602,0.25576283,USDT
2025-11-01T09:00:00Z,BTC/USDT,sell,110284.00041500,0.00231602,0.25541995,USDT
2025-11-01T09:15:00Z,BTC/USDT,buy,110126.57577000,0.00230782,0.25415231,USDT
2025-11-01T09:15:00Z,BTC/USDT,stop_sell,110016.50423000,0.00230782,0.25389829,USDT
2025-11-01T15:00:00Z,BTC/USDT,buy,110164.17456000,0.00231194,0.25469296,USDT
2025-11-01T15:45:00Z,BTC/USDT,sell,110175.25481500,0.00231194,0.25471858,USDT
2025-11-01T16:15:00Z,BTC/USDT,buy,110480.71275000,0.00230504,0.25466246,USDT
2025-11-01T16:30:00Z,BTC/USDT,sell,110062.45124500,0.00230504,0.25369835,USDT
2025-11-01T17:45:00Z,BTC/USDT,buy,110152.79887500,0.00230348,0.25373477,USDT
2025-11-01T20:00:00Z,BTC/USDT,sell,110270.43720000,0.00230348,0.25400575,USDT
2025-11-01T20:15:00Z,BTC/USDT,buy,110455.95037500,0.00230436,0.25453027,USDT
2025-11-01T20:45:00Z,BTC/USDT,sell,110369.11783500,0.00230436,0.25433018,USDT
2025-11-02T02:45:00Z,BTC/USDT,buy,110265.75532500,0.00230767,0.25445698,USDT
2025-11-02T03:15:00Z,BTC/USDT,sell,110090.92700000,0.00230767,0.25405353,USDT
2025-11-02T04:15:00Z,BTC/USDT,buy,110286.19554000,0.00230647,0.25437180,USDT
2025-11-02T04:30:00Z,BTC/USDT,stop_sell,109875.78926554,0.00230647,0.25342521,USDT
2025-11-02T11:15:00Z,BTC/USDT,buy,110872.37848500,0.0022948,0.25442993,USDT
2025-11-02T13:00:00Z,BTC/USDT,sell,110942.54098000,0.0022948,0.25459094,USDT
2025-11-02T14:15:00Z,BTC/USDT,buy,110787.19591500,0.00229499,0.25425551,USDT
2025-11-02T14:15:00Z,BTC/USDT,stop_sell,110202.09317482,0.00229499,0.25291270,USDT
2025-11-02T15:45:00Z,BTC/USDT,buy,110565.77526000,0.00229761,0.25403703,USDT
2025-11-02T16:00:00Z,BTC/USDT,sell,110143.15087500,0.00229761,0.25306600,USDT
2025-11-02T21:00:00Z,BTC/USDT,buy,110180.06250000,0.00230785,0.25427906,USDT
2025-11-02T21:15:00Z,BTC/USDT,sell,110216.66410000,0.00230785,0.25436353,USDT
2025-11-03T09:15:00Z,BTC/USDT,buy,108021.09355500,0.00235072,0.25392735,USDT
2025-11-03T09:30:00Z,BTC/USDT,sell,107205.68034500,0.00235072,0.25201054,USDT
2025-11-03T11:30:00Z,BTC/USDT,buy,107801.86399500,0.00236174,0.25459997,USDT
2025-11-03T14:00:00Z,BTC/USDT,sell,108070.11791000,0.00236174,0.25523352,USDT
2025-11-03T14:15:00Z,BTC/USDT,buy,107894.80044000,0.00234284,0.25278025,USDT
2025-11-03T14:15:00Z,BTC/USDT,stop_sell,107683.05939321,0.00234284,0.25228418,USDT
2025-11-03T20:15:00Z,BTC/USDT,buy,106767.84724500,0.0023761,0.25369108,USDT
2025-11-03T22:15:00Z,BTC/USDT,sell,106288.25928500,0.0023761,0.25255153,USDT
2025-11-04T05:00:00Z,BTC/USDT,buy,106769.44804500,0.00237484,0.25356036,USDT
2025-11-04T05:15:00Z,BTC/USDT,stop_sell,106089.00431946,0.00237484,0.25194441,USDT
2025-11-04T22:45:00Z,BTC/USDT,buy,101285.17728000,0.00250384,0.25360188,USDT
2025-11-04T23:30:00Z,BTC/USDT,sell,101289.77977500,0.00250384,0.25361340,USDT
2025-11-05T02:00:00Z,BTC/USDT,buy,101003.16634500,0.00250836,0.25335230,USDT
2025-11-05T02:30:00Z,BTC/USDT,sell,101373.64782000,0.00250836,0.25428160,USDT
2025-11-05T09:15:00Z,BTC/USDT,buy,101846.23767000,0.00247967,0.25254506,USDT
2025-11-05T09:30:00Z,BTC/USDT,sell,101908.86008000,0.00247967,0.25270034,USDT
2025-11-05T10:45:00Z,BTC/USDT,buy,101575.23223500,0.00248384,0.25229662,USDT
2025-11-05T11:00:00Z,BTC/USDT,sell,101280.80426500,0.00248384,0.25156531,USDT
2025-11-05T11:15:00Z,BTC/USDT,buy,101476.48288500,0.00248919,0.25259425,USDT
2025-11-05T11:30:00Z,BTC/USDT,sell,101728.12049500,0.00248919,0.25322062,USDT
2025-11-05T12:00:00Z,BTC/USDT,buy,102165.40717500,0.00247898,0.25326600,USDT
2025-11-05T13:30:00Z,BTC/USDT,sell,102207.72057500,0.00247898,0.25337090,USDT
2025-11-05T14:45:00Z,BTC/USDT,buy,103307.72805000,0.00245127,0.25323513,USDT
2025-11-05T15:30:00Z,BTC/USDT,sell,103405.05161000,0.00245127,0.25347370,USDT
2025-11-05T15:45:00Z,BTC/USDT,buy,103853.70090000,0.00243817,0.25321298,USDT
2025-11-05T16:00:00Z,BTC/USDT,sell,103750.14897500,0.00243817,0.25296050,USDT
2025-11-06T04:00:00Z,BTC/USDT,buy,103882.94551500,0.00243628,0.25308794,USDT
2025-11-06T04:15:00Z,BTC/USDT,sell,103823.89208500,0.00243628,0.25294407,USDT
2025-11-06T06:15:00Z,BTC/USDT,buy,103376.47240500,0.00244833,0.25309972,USDT
2025-11-06T07:15:00Z,BTC/USDT,sell,102948.50000000,0.00244833,0.25205190,USDT
2025-11-06T07:30:00Z,BTC/USDT,buy,103194.98170500,0.0024435,0.25215694,USDT
2025-11-06T08:15:00Z,BTC/USDT,sell,103232.56789500,0.0024435,0.25224878,USDT
2025-11-06T11:45:00Z,BTC/USDT,buy,102960.99477000,0.00244664,0.25190849,USDT
2025-11-06T12:15:00Z,BTC/USDT,sell,103207.19059000,0.00244664,0.25251084,USDT
2025-11-06T13:30:00Z,BTC/USDT,buy,103633.11066000,0.00244084,0.25295184,USDT
2025-11-06T13:45:00Z,BTC/USDT,sell,103362.28300500,0.00244084,0.25229079,USDT
2025-11-06T21:30:00Z,BTC/USDT,buy,100954.58206500,0.00250466,0.25285690,USDT
2025-11-06T22:00:00Z,BTC/USDT,sell,101177.66586000,0.00250466,0.25341565,USDT
2025-11-07T02:00:00Z,BTC/USDT,buy,101626.23772500,0.00248816,0.25286234,USDT
2025-11-07T02:30:00Z,BTC/USDT,sell,101260.79427500,0.00248816,0.25195306,USDT
2025-11-07T03:00:00Z,BTC/USDT,buy,101937.09307500,0.00247998,0.25280195,USDT
2025-11-07T03:30:00Z,BTC/USDT,sell,102011.46875000,0.00247998,0.25298640,USDT
2025-11-07T05:45:00Z,BTC/USDT,buy,102497.38308000,0.00246557,0.25271447,USDT
2025-11-07T06:15:00Z,BTC/USDT,sell,102189.75956000,0.00246557,0.25195601,USDT
2025-11-07T15:15:00Z,BTC/USDT,buy,101200.57500000,0.00249626,0.25262295,USDT
2025-11-07T15:30:00Z,BTC/USDT,sell,100934.55747500,0.00249626,0.25195890,USDT
2025-11-07T23:00:00Z,BTC/USDT,buy,103664.16618000,0.00242803,0.25169971,USDT
2025-11-08T00:00:00Z,BTC/USDT,stop_sell,103265.09947821,0.00242803,0.25073076,USDT
2025-11-08T00:15:00Z,BTC/USDT,buy,103537.03264500,0.00243778,0.25240051,USDT
2025-11-08T00:30:00Z,BTC/USDT,stop_sell,102848.95729625,0.00243778,0.25072313,USDT
2025-11-08T01:15:00Z,BTC/USDT,buy,103247.80810500,0.00244302,0.25223646,USDT
2025-11-08T01:30:00Z,BTC/USDT,sell,103135.63638500,0.00244302,0.25196242,USDT
2025-11-08T09:15:00Z,BTC/USDT,buy,102283.94641500,0.00245593,0.25120221,USDT
2025-11-08T10:00:00Z,BTC/USDT,sell,102214.60713000,0.00245593,0.25103192,USDT
2025-11-08T10:45:00Z,BTC/USDT,buy,102649.82926500,0.00245594,0.25210182,USDT
2025-11-08T11:00:00Z,BTC/USDT,sell,102275.87648000,0.00245594,0.25118342,USDT
2025-11-08T17:00:00Z,BTC/USDT,buy,101984.42673000,0.00247101,0.25200454,USDT
2025-11-08T17:15:00Z,BTC/USDT,sell,101870.70916500,0.00247101,0.25172354,USDT
2025-11-08T18:45:00Z,BTC/USDT,buy,101904.42675000,0.00246692,0.25139007,USDT
2025-11-08T19:15:00Z,BTC/USDT,sell,101882.95304000,0.00246692,0.25133709,USDT
2025-11-08T19:45:00Z,BTC/USDT,buy,102225.60726000,0.0024708,0.25257903,USDT
2025-11-08T20:30:00Z,BTC/USDT,sell,102147.61064500,0.0024708,0.25238632,USDT
2025-11-08T21:00:00Z,BTC/USDT,buy,101948.20863000,0.00246336,0.25113514,USDT
2025-11-08T21:30:00Z,BTC/USDT,sell,102147.72059000,0.00246336,0.25162661,USDT
2025-11-09T02:15:00Z,BTC/USDT,buy,102246.80785500,0.00246306,0.25184002,USDT
2025-11-09T02:30:00Z,BTC/USDT,sell,101729.23993500,0.00246306,0.25056522,USDT
2025-11-09T05:15:00Z,BTC/USDT,buy,102017.44323000,0.00246709,0.25168621,USDT
2025-11-09T05:30:00Z,BTC/USDT,sell,101909.79961000,0.00246709,0.25142065,USDT
2025-11-09T11:15:00Z,BTC/USDT,buy,101934.91198500,0.00246063,0.25082410,USDT
2025-11-09T11:15:00Z,BTC/USDT,stop_sell,101833.02801500,0.00246063,0.25057340,USDT
2025-11-09T18:45:00Z,BTC/USDT,buy,103603.79601000,0.00242853,0.25160493,USDT
2025-11-09T19:15:00Z,BTC/USDT,sell,104055.73610500,0.00242853,0.25270248,USDT
2025-11-10T00:30:00Z,BTC/USDT,buy,105600.25374000,0.00238608,0.25197065,USDT
2025-11-10T03:15:00Z,BTC/USDT,sell,105804.07150000,0.00238608,0.25245698,USDT
2025-11-10T06:30:00Z,BTC/USDT,buy,106251.48919500,0.0023682,0.25162478,USDT
2025-11-10T07:45:00Z,BTC/USDT,sell,106357.45467000,0.0023682,0.25187572,USDT
2025-11-10T09:30:00Z,BTC/USDT,buy,106022.04453000,0.00236346,0.25057886,USDT
2025-11-10T10:00:00Z,BTC/USDT,sell,106488.15928500,0.00236346,0.25168050,USDT
2025-11-10T19:30:00Z,BTC/USDT,buy,105862.98504000,0.00237676,0.25161091,USDT
2025-11-10T20:30:00Z,BTC/USDT,sell,105792.80713500,0.00237676,0.25144411,USDT
2025-11-10T20:45:00Z,BTC/USDT,buy,106285.26607500,0.00237392,0.25231272,USDT
2025-11-10T21:00:00Z,BTC/USDT,sell,106159.78355500,0.00237392,0.25201483,USDT
2025-11-10T21:45:00Z,BTC/USDT,buy,105883.22515500,0.00238357,0.25238008,USDT
2025-11-10T22:15:00Z,BTC/USDT,sell,105682.95209000,0.00238357,0.25190271,USDT
2025-11-10T22:45:00Z,BTC/USDT,buy,105515.95161000,0.0023772,0.25083252,USDT
2025-11-10T23:15:00Z,BTC/USDT,sell,106113.26682500,0.0023772,0.25225246,USDT
2025-11-11T11:00:00Z,BTC/USDT,buy,105283.84561500,0.00238879,0.25150100,USDT
2025-11-11T11:45:00Z,BTC/USDT,sell,105148.89925000,0.00238879,0.25117864,USDT
2025-11-11T12:00:00Z,BTC/USDT,buy,105515.09118000,0.00238912,0.25208821,USDT
2025-11-11T12:15:00Z,BTC/USDT,sell,105148.44947500,0.00238912,0.25121226,USDT
2025-11-11T22:30:00Z,BTC/USDT,buy,103034.12131500,0.00243948,0.25134968,USDT
2025-11-11T22:45:00Z,BTC/USDT,sell,102908.31010500,0.00243948,0.25104276,USDT
2025-11-11T23:30:00Z,BTC/USDT,buy,103104.23635500,0.00243302,0.25085467,USDT
2025-11-11T23:45:00Z,BTC/USDT,sell,103165.47146000,0.00243302,0.25100366,USDT
2025-11-12T00:45:00Z,BTC/USDT,buy,103299.78408000,0.0024322,0.25124573,USDT
2025-11-12T05:15:00Z,BTC/USDT,sell,103397.15556000,0.0024322,0.25148256,USDT
2025-11-12T21:00:00Z,BTC/USDT,buy,101840.64487500,0.00247541,0.25209735,USDT
2025-11-12T21:15:00Z,BTC/USDT,sell,101799.82462500,0.00247541,0.25199630,USDT
2025-11-13T00:00:00Z,BTC/USDT,buy,101730.85000500,0.00246666,0.25093542,USDT
2025-11-13T00:30:00Z,BTC/USDT,sell,101698.64524000,0.00246666,0.25085598,USDT
2025-11-13T02:00:00Z,BTC/USDT,buy,102246.90790500,0.00246218,0.25175029,USDT
2025-11-13T03:15:00Z,BTC/USDT,sell,101280.91421000,0.00246218,0.24937184,USDT
2025-11-13T03:30:00Z,BTC/USDT,buy,102184.66680000,0.0024555,0.25091445,USDT
2025-11-13T04:00:00Z,BTC/USDT,sell,102104.17237500,0.0024555,0.25071680,USDT
2025-11-13T10:15:00Z,BTC/USDT,buy,103248.45843000,0.00243177,0.25107650,USDT
2025-11-13T10:45:00Z,BTC/USDT,sell,103116.42599500,0.00243177,0.25075543,USDT
2025-11-13T15:00:00Z,BTC/USDT,buy,102797.77320000,0.00242919,0.24971532,USDT
2025-11-13T15:00:00Z,BTC/USDT,stop_sell,102455.22390429,0.00242919,0.24888321,USDT
2025-11-13T22:45:00Z,BTC/USDT,buy,100005.01752000,0.0025106,0.25107260,USDT
2025-11-14T00:15:00Z,BTC/USDT,stop_sell,98818.60562304,0.0025106,0.24809399,USDT
2025-11-14T00:30:00Z,BTC/USDT,buy,99643.94707500,0.00251301,0.25040624,USDT
2025-11-14T00:45:00Z,BTC/USDT,sell,99420.75475500,0.00251301,0.24984535,USDT
2025-11-14T11:15:00Z,BTC/USDT,buy,97021.93672500,0.00258004,0.25032048,USDT
2025-11-14T11:30:00Z,BTC/USDT,sell,96375.39819500,0.00258004,0.24865238,USDT
2025-11-14T15:45:00Z,BTC/USDT,buy,96889.02030000,0.0025818,0.25014807,USDT
2025-11-14T16:00:00Z,BTC/USDT,sell,96999.83582000,0.0025818,0.25043418,USDT
2025-11-14T16:30:00Z,BTC/USDT,buy,96773.84274000,0.00257272,0.24897200,USDT
2025-11-14T16:45:00Z,BTC/USDT,sell,97322.13459000,0.00257272,0.25038260,USDT
2025-11-15T01:15:00Z,BTC/USDT,buy,95364.96865500,0.00262362,0.25020144,USDT
2025-11-15T02:00:00Z,BTC/USDT,sell,95448.85170000,0.00262362,0.25042152,USDT
2025-11-15T02:30:00Z,BTC/USDT,buy,95908.87047000,0.0026085,0.25017829,USDT
2025-11-15T03:15:00Z,BTC/USDT,sell,96466.40267000,0.0026085,0.25163261,USDT
2025-11-15T07:30:00Z,BTC/USDT,buy,96165.14854500,0.00259378,0.24943124,USDT
2025-11-15T07:45:00Z,BTC/USDT,sell,96331.48016500,0.00259378,0.24986267,USDT
2025-11-15T09:30:00Z,BTC/USDT,buy,96191.74183500,0.0026016,0.25025244,USDT
2025-11-15T09:45:00Z,BTC/USDT,sell,95829.66120000,0.0026016,0.24931045,USDT
2025-11-16T02:30:00Z,BTC/USDT,buy,95647.80000000,0.00261021,0.24966084,USDT
2025-11-16T03:00:00Z,BTC/USDT,sell,95935.28836000,0.00261021,0.25041125,USDT
2025-11-16T12:15:00Z,BTC/USDT,buy,95918.86546500,0.00260799,0.25015544,USDT
2025-11-16T12:45:00Z,BTC/USDT,sell,95974.71863500,0.00260799,0.25030111,USDT
2025-11-16T13:00:00Z,BTC/USDT,buy,96043.48774500,0.00260359,0.25005786,USDT
2025-11-16T13:15:00Z,BTC/USDT,sell,95851.19043000,0.00260359,0.24955720,USDT
2025-11-16T18:15:00Z,BTC/USDT,buy,95493.52290000,0.00261619,0.24982920,USDT
2025-11-16T18:30:00Z,BTC/USDT,sell,94888.72190500,0.00261619,0.24824693,USDT
2025-11-17T01:30:00Z,BTC/USDT,buy,95313.52294500,0.00263041,0.25071364,USDT
2025-11-17T02:00:00Z,BTC/USDT,sell,94912.66992500,0.00263041,0.24965924,USDT
2025-11-17T12:15:00Z,BTC/USDT,buy,95643.74797500,0.00261345,0.24996015,USDT
2025-11-17T12:30:00Z,BTC/USDT,sell,95529.80120500,0.00261345,0.24966236,USDT
2025-11-18T00:15:00Z,BTC/USDT,buy,92387.03043000,0.00270888,0.25026538,USDT
2025-11-18T00:30:00Z,BTC/USDT,sell,92269.22231000,0.00270888,0.24994625,USDT
2025-11-18T01:00:00Z,BTC/USDT,buy,92188.59126000,0.0027078,0.24962827,USDT
2025-11-18T01:15:00Z,BTC/USDT,sell,91856.14895000,0.0027078,0.24872808,USDT
2025-11-18T11:30:00Z,BTC/USDT,buy,91313.16376500,0.00272658,0.24897265,USDT
2025-11-18T12:00:00Z,BTC/USDT,sell,91520.41690000,0.00272658,0.24953774,USDT
2025-11-18T12:30:00Z,BTC/USDT,buy,91474.48438500,0.00273442,0.25012966,USDT
2025-11-18T13:30:00Z,BTC/USDT,sell,91430.61182500,0.00273442,0.25000969,USDT
2025-11-18T14:00:00Z,BTC/USDT,buy,91530.26226000,0.00272665,0.24957099,USDT
2025-11-18T15:00:00Z,BTC/USDT,sell,91323.88521500,0.00272665,0.24900827,USDT
2025-11-18T15:30:00Z,BTC/USDT,buy,92732.93329500,0.00268085,0.24860308,USDT
2025-11-18T16:45:00Z,BTC/USDT,sell,93205.45396000,0.00268085,0.24986984,USDT
2025-11-18T17:00:00Z,BTC/USDT,buy,93731.26221000,0.0026641,0.24970946,USDT
2025-11-18T17:15:00Z,BTC/USDT,sell,93486.32345500,0.0026641,0.24905691,USDT
2025-11-18T18:00:00Z,BTC/USDT,buy,93543.28827000,0.00266924,0.24968949,USDT
2025-11-18T18:30:00Z,BTC/USDT,sell,93422.67529500,0.00266924,0.24936754,USDT
2025-11-18T22:15:00Z,BTC/USDT,buy,93114.76411500,0.00267723,0.24928964,USDT
2025-11-18T22:45:00Z,BTC/USDT,sell,93343.86472000,0.00267723,0.24990299,USDT
2025-11-19T08:30:00Z,BTC/USDT,buy,91676.52535500,0.00270952,0.24839938,USDT
2025-11-19T08:45:00Z,BTC/USDT,sell,91323.89521000,0.00270952,0.24744392,USDT
2025-11-19T09:30:00Z,BTC/USDT,buy,91470.90259500,0.00272629,0.24937621,USDT
2025-11-19T09:45:00Z,BTC/USDT,sell,91129.63239000,0.00272629,0.24844581,USDT
2025-11-19T11:15:00Z,BTC/USDT,buy,91729.67191500,0.00271522,0.24906624,USDT
2025-11-19T11:30:00Z,BTC/USDT,sell,91363.11559000,0.00271522,0.24807096,USDT
2025-11-19T11:45:00Z,BTC/USDT,buy,91816.44528000,0.00272212,0.24993538,USDT
2025-11-19T12:30:00Z,BTC/USDT,sell,91403.02562500,0.00272212,0.24881000,USDT
2025-11-19T13:45:00Z,BTC/USDT,buy,91323.66901500,0.00271412,0.24786340,USDT
2025-11-19T14:15:00Z,BTC/USDT,stop_sell,91124.95294518,0.00271412,0.24732406,USDT
2025-11-19T14:30:00Z,BTC/USDT,buy,91112.28337500,0.00272223,0.24802859,USDT
2025-11-19T15:30:00Z,BTC/USDT,sell,91419.60733000,0.00272223,0.24886520,USDT
2025-11-21T13:45:00Z,BTC/USDT,buy,84309.06346500,0.00295387,0.24903801,USDT
2025-11-21T15:30:00Z,BTC/USDT,sell,83610.28394500,0.00295387,0.24697391,USDT
2025-11-21T15:45:00Z,BTC/USDT,buy,83241.60000000,0.00298439,0.24842540,USDT
2025-11-21T16:00:00Z,BTC/USDT,sell,82742.98781000,0.00298439,0.24693735,USDT
2025-11-21T16:30:00Z,BTC/USDT,buy,83342.89062000,0.00298733,0.24897272,USDT
2025-11-21T17:30:00Z,BTC/USDT,sell,85318.88921500,0.00298733,0.25487568,USDT
2025-11-21T20:15:00Z,BTC/USDT,buy,84239.24857500,0.00294897,0.24841902,USDT
2025-11-21T21:45:00Z,BTC/USDT,sell,85286.84524500,0.00294897,0.25150835,USDT
2025-11-21T22:15:00Z,BTC/USDT,buy,85462.71000000,0.00291402,0.24904005,USDT
2025-11-21T22:30:00Z,BTC/USDT,sell,85114.57142500,0.00291402,0.24802556,USDT
2025-11-21T23:00:00Z,BTC/USDT,buy,84308.95341000,0.00295248,0.24892050,USDT
2025-11-22T01:30:00Z,BTC/USDT,sell,84703.23719500,0.00295248,0.25008461,USDT
2025-11-22T07:30:00Z,BTC/USDT,buy,84813.55558500,0.00293552,0.24897189,USDT
2025-11-22T08:00:00Z,BTC/USDT,sell,84683.50706500,0.00293552,0.24859013,USDT
2025-11-22T08:30:00Z,BTC/USDT,buy,84212.18505000,0.0029444,0.24795436,USDT
2025-11-22T08:30:00Z,BTC/USDT,stop_sell,84112.24533875,0.0029444,0.24766010,USDT
2025-11-22T09:15:00Z,BTC/USDT,buy,84042.00000000,0.00295737,0.24854329,USDT
2025-11-22T09:45:00Z,BTC/USDT,sell,84103.04744000,0.00295737,0.24872383,USDT
2025-11-22T13:30:00Z,BTC/USDT,buy,84051.75487500,0.00295968,0.24876630,USDT
2025-11-22T13:45:00Z,BTC/USDT,sell,83916.90056000,0.00295968,0.24836717,USDT
2025-11-22T16:45:00Z,BTC/USDT,buy,84837.96778500,0.00293583,0.24906985,USDT
2025-11-22T17:15:00Z,BTC/USDT,sell,84618.46960000,0.00293583,0.24842544,USDT
2025-11-22T20:15:00Z,BTC/USDT,buy,84830.72416500,0.00293113,0.24864988,USDT
2025-11-22T20:45:00Z,BTC/USDT,sell,84488.03485000,0.00293113,0.24764541,USDT
2025-11-22T22:45:00Z,BTC/USDT,buy,84589.54363500,0.00292984,0.24783383,USDT
2025-11-22T23:15:00Z,BTC/USDT,sell,84967.48500500,0.00292984,0.24894114,USDT
2025-11-23T09:00:00Z,BTC/USDT,buy,86230.37364000,0.00287231,0.24768036,USDT
2025-11-23T09:15:00Z,BTC/USDT,sell,86206.79504000,0.00287231,0.24761264,USDT
2025-11-23T10:00:00Z,BTC/USDT,buy,86490.50364000,0.00287704,0.24883664,USDT
2025-11-23T10:15:00Z,BTC/USDT,sell,86395.87045500,0.00287704,0.24856438,USDT
2025-11-23T11:00:00Z,BTC/USDT,buy,86043.00000000,0.00287963,0.24777200,USDT
2025-11-23T11:15:00Z,BTC/USDT,sell,86077.16988500,0.00287963,0.24787040,USDT
2025-11-23T11:45:00Z,BTC/USDT,buy,86249.31310500,0.00288049,0.24844028,USDT
2025-11-23T12:45:00Z,BTC/USDT,sell,86694.71096000,0.00288049,0.24972325,USDT
2025-11-23T21:00:00Z,BTC/USDT,buy,87356.88661500,0.00283453,0.24761572,USDT
2025-11-23T22:30:00Z,BTC/USDT,sell,87735.17047000,0.00283453,0.24868797,USDT
2025-11-23T22:45:00Z,BTC/USDT,buy,87981.30867000,0.00282502,0.24854896,USDT
2025-11-23T23:00:00Z,BTC/USDT,stop_sell,87415.99442357,0.00282502,0.24695193,USDT
2025-11-24T02:15:00Z,BTC/USDT,buy,88019.58780000,0.00282189,0.24838159,USDT
2025-11-24T02:30:00Z,BTC/USDT,sell,87894.94054500,0.00282189,0.24802985,USDT
2025-11-24T07:45:00Z,BTC/USDT,buy,87420.97864500,0.00283921,0.24820652,USDT
2025-11-24T08:00:00Z,BTC/USDT,sell,86911.03274500,0.00283921,0.24675867,USDT
2025-11-24T15:15:00Z,BTC/USDT,buy,86644.55062500,0.00286393,0.24814393,USDT
2025-11-24T15:30:00Z,BTC/USDT,sell,86419.71852500,0.00286393,0.24750002,USDT
2025-11-25T05:00:00Z,BTC/USDT,buy,88534.67521500,0.00280188,0.24806354,USDT
2025-11-25T05:15:00Z,BTC/USDT,stop_sell,87885.23789875,0.00280188,0.24624389,USDT
2025-11-25T06:00:00Z,BTC/USDT,buy,88346.90137500,0.0028035,0.24768054,USDT
2025-11-25T06:15:00Z,BTC/USDT,sell,88222.70658000,0.0028035,0.24733236,USDT
2025-11-25T06:45:00Z,BTC/USDT,buy,87919.05756000,0.00280986,0.24704024,USDT
2025-11-25T07:00:00Z,BTC/USDT,sell,88128.52369500,0.00280986,0.24762881,USDT
2025-11-25T07:15:00Z,BTC/USDT,buy,88168.34214000,0.00281089,0.24783151,USDT
2025-11-25T07:30:00Z,BTC/USDT,sell,87921.89706000,0.00281089,0.24713878,USDT
2025-11-25T07:45:00Z,BTC/USDT,buy,87674.63541000,0.002817,0.24697945,USDT
2025-11-25T07:45:00Z,BTC/USDT,stop_sell,87403.81694393,0.002817,0.24621655,USDT
2025-11-25T08:30:00Z,BTC/USDT,buy,87406.24128000,0.00282348,0.24678977,USDT
2025-11-25T08:45:00Z,BTC/USDT,sell,87317.83924000,0.00282348,0.24654017,USDT
2025-11-25T12:45:00Z,BTC/USDT,buy,87821.12862000,0.00282276,0.24789797,USDT
2025-11-25T13:30:00Z,BTC/USDT,stop_sell,87198.29475643,0.00282276,0.24613986,USDT
2025-11-25T13:45:00Z,BTC/USDT,buy,87107.19183000,0.00283885,0.24728425,USDT
2025-11-25T14:00:00Z,BTC/USDT,sell,87110.28307000,0.00283885,0.24729303,USDT
2025-11-26T05:45:00Z,BTC/USDT,buy,87579.16770000,0.00281646,0.24666322,USDT
2025-11-26T06:30:00Z,BTC/USDT,sell,87666.42486000,0.00281646,0.24690898,USDT
2025-11-26T08:45:00Z,BTC/USDT,buy,87676.09614000,0.00282093,0.24732813,USDT
2025-11-26T09:15:00Z,BTC/USDT,stop_sell,87292.33735446,0.00282093,0.24624557,USDT
2025-11-26T14:15:00Z,BTC/USDT,buy,87239.04772500,0.00282684,0.24661083,USDT
2025-11-26T14:45:00Z,BTC/USDT,stop_sell,86999.41067679,0.00282684,0.24593341,USDT
2025-11-26T15:15:00Z,BTC/USDT,buy,87208.56249000,0.00283352,0.24710721,USDT
2025-11-26T16:00:00Z,BTC/USDT,sell,87114.22110000,0.00283352,0.24683989,USDT
2025-11-26T16:15:00Z,BTC/USDT,buy,87617.65693500,0.0028196,0.24704675,USDT
2025-11-26T16:45:00Z,BTC/USDT,sell,87621.93711500,0.0028196,0.24705881,USDT
2025-11-26T23:00:00Z,BTC/USDT,buy,90370.11247500,0.00272936,0.24665257,USDT
2025-11-27T07:15:00Z,BTC/USDT,sell,91322.41595000,0.00272936,0.24925175,USDT
2025-11-27T08:45:00Z,BTC/USDT,buy,91539.12669000,0.00269906,0.24706960,USDT
2025-11-27T10:15:00Z,BTC/USDT,sell,91533.73024000,0.00269906,0.24705503,USDT
2025-11-27T10:30:00Z,BTC/USDT,buy,91642.23822000,0.00269725,0.24718203,USDT
2025-11-27T12:15:00Z,BTC/USDT,stop_sell,91227.96034429,0.00269725,0.24606462,USDT
2025-11-27T19:45:00Z,BTC/USDT,buy,91814.03407500,0.00269026,0.24700362,USDT
2025-11-27T20:00:00Z,BTC/USDT,stop_sell,91389.43171107,0.00269026,0.24586133,USDT
2025-11-27T21:00:00Z,BTC/USDT,buy,91475.07468000,0.00269884,0.24687659,USDT
2025-11-27T21:15:00Z,BTC/USDT,sell,91452.02111500,0.00269884,0.24681437,USDT
2025-11-27T23:15:00Z,BTC/USDT,buy,91513.98412500,0.0026941,0.24654782,USDT
2025-11-27T23:30:00Z,BTC/USDT,sell,91509.53234500,0.0026941,0.24653583,USDT
2025-11-28T03:45:00Z,BTC/USDT,buy,91389.17175000,0.00270007,0.24675716,USDT
2025-11-28T04:00:00Z,BTC/USDT,sell,91281.34649500,0.00270007,0.24646603,USDT
2025-11-28T04:15:00Z,BTC/USDT,buy,91491.94311000,0.00269653,0.24671077,USDT
2025-11-28T05:15:00Z,BTC/USDT,sell,91418.00813000,0.00269653,0.24651140,USDT
2025-11-28T05:30:00Z,BTC/USDT,buy,91619.63692500,0.00269277,0.24671061,USDT
2025-11-28T07:45:00Z,BTC/USDT,stop_sell,91146.94373000,0.00269277,0.24543776,USDT
2025-11-28T08:30:00Z,BTC/USDT,buy,91367.49091500,0.00269624,0.24634868,USDT
2025-11-28T09:00:00Z,BTC/USDT,sell,91638.12801500,0.00269624,0.24707839,USDT
2025-11-28T14:30:00Z,BTC/USDT,buy,93009.00126000,0.00265959,0.24736581,USDT
2025-11-28T14:30:00Z,BTC/USDT,stop_sell,92089.46223500,0.00265959,0.24492021,USDT
2025-11-28T14:45:00Z,BTC/USDT,buy,92050.69234500,0.00266678,0.24547895,USDT
2025-11-28T16:15:00Z,BTC/USDT,stop_sell,91699.15819893,0.00266678,0.24454148,USDT
2025-11-28T16:45:00Z,BTC/USDT,buy,91643.32876500,0.00268892,0.24642158,USDT
2025-11-28T17:00:00Z,BTC/USDT,sell,90865.06474000,0.00268892,0.24432889,USDT
2025-11-28T21:15:00Z,BTC/USDT,buy,91275.04471500,0.00269509,0.24599446,USDT
2025-11-28T21:30:00Z,BTC/USDT,sell,91079.43750000,0.00269509,0.24546728,USDT
2025-11-28T21:45:00Z,BTC/USDT,buy,91104.89968500,0.00269513,0.24553955,USDT
2025-11-28T22:00:00Z,BTC/USDT,stop_sell,90781.56508214,0.00269513,0.24466812,USDT
2025-11-28T22:15:00Z,BTC/USDT,buy,90858.40650000,0.00269755,0.24509509,USDT
2025-11-28T23:15:00Z,BTC/USDT,sell,91140.40700000,0.00269755,0.24585580,USDT
2025-11-29T03:15:00Z,BTC/USDT,buy,90983.76915000,0.00270184,0.24582359,USDT
2025-11-29T03:45:00Z,BTC/USDT,sell,90827.69343500,0.00270184,0.24540190,USDT
2025-11-29T05:00:00Z,BTC/USDT,buy,91037.75613000,0.00269942,0.24574914,USDT
2025-11-29T05:15:00Z,BTC/USDT,sell,90932.04123500,0.00269942,0.24546377,USDT
2025-11-29T11:15:00Z,BTC/USDT,buy,90730.20243000,0.0027095,0.24583348,USDT
2025-11-29T13:00:00Z,BTC/USDT,sell,90681.47658000,0.0027095,0.24570146,USDT
2025-11-29T13:45:00Z,BTC/USDT,buy,90640.78774500,0.00270083,0.24480536,USDT
2025-11-29T13:45:00Z,BTC/USDT,stop_sell,90550.19225500,0.00270083,0.24456068,USDT
2025-11-29T14:30:00Z,BTC/USDT,buy,90807.51106500,0.00270416,0.24555804,USDT
2025-11-29T17:15:00Z,BTC/USDT,sell,90913.78037000,0.00270416,0.24584541,USDT
2025-11-29T17:45:00Z,BTC/USDT,buy,90543.62919000,0.00271239,0.24558963,USDT
2025-11-29T18:00:00Z,BTC/USDT,sell,90399.72752500,0.00271239,0.24519932,USDT
2025-11-29T19:15:00Z,BTC/USDT,buy,90844.52956500,0.00270235,0.24549371,USDT
2025-11-29T19:45:00Z,BTC/USDT,sell,90782.48605000,0.00270235,0.24532605,USDT
2025-11-29T21:15:00Z,BTC/USDT,buy,91036.86568500,0.00269606,0.24544085,USDT
2025-11-29T21:45:00Z,BTC/USDT,sell,90996.50898500,0.00269606,0.24533205,USDT
2025-11-29T22:00:00Z,BTC/USDT,buy,91106.66056500,0.00269391,0.24543314,USDT
2025-11-29T23:15:00Z,BTC/USDT,stop_sell,90598.02546929,0.00269391,0.24406293,USDT
2025-11-29T23:30:00Z,BTC/USDT,buy,90929.79217500,0.00270427,0.24589871,USDT
2025-11-30T00:00:00Z,BTC/USDT,sell,90823.24566000,0.00270427,0.24561058,USDT
2025-11-30T00:30:00Z,BTC/USDT,buy,90792.07335000,0.00269425,0.24461654,USDT
2025-11-30T01:30:00Z,BTC/USDT,sell,90996.31908000,0.00269425,0.24516683,USDT
2025-11-30T03:15:00Z,BTC/USDT,buy,90622.25848500,0.00269656,0.24436836,USDT
2025-11-30T03:15:00Z,BTC/USDT,stop_sell,90531.68151500,0.00269656,0.24412411,USDT
2025-11-30T09:15:00Z,BTC/USDT,buy,91298.89663500,0.00267669,0.24437884,USDT
2025-11-30T11:00:00Z,BTC/USDT,sell,91389.09259500,0.00267669,0.24462027,USDT
2025-11-30T12:15:00Z,BTC/USDT,buy,91383.73903500,0.00268213,0.24510307,USDT
2025-11-30T12:45:00Z,BTC/USDT,sell,91448.01312000,0.00268213,0.24527546,USDT
2025-11-30T22:15:00Z,BTC/USDT,buy,91477.55592000,0.00267906,0.24507386,USDT
2025-11-30T22:30:00Z,BTC/USDT,sell,90908.53299500,0.00267906,0.24354941,USDT
2025-12-01T08:00:00Z,BTC/USDT,buy,86622.78975000,0.0028276,0.24493460,USDT
2025-12-01T10:45:00Z,BTC/USDT,sell,86655.70047500,0.0028276,0.24502766,USDT
2025-12-01T11:15:00Z,BTC/USDT,buy,86693.67517500,0.00282472,0.24488536,USDT
2025-12-01T11:30:00Z,BTC/USDT,sell,86325.33574000,0.00282472,0.24384490,USDT
2025-12-01T20:15:00Z,BTC/USDT,buy,85566.80202000,0.00285072,0.24392699,USDT
2025-12-01T23:00:00Z,BTC/USDT,sell,86796.54002000,0.00285072,0.24743263,USDT
2025-12-01T23:30:00Z,BTC/USDT,buy,86868.39249000,0.00283106,0.24592963,USDT
2025-12-01T23:45:00Z,BTC/USDT,sell,86359.81849000,0.00283106,0.24448983,USDT
2025-12-02T04:00:00Z,BTC/USDT,buy,87095.60604000,0.00281299,0.24499907,USDT
2025-12-02T07:15:00Z,BTC/USDT,sell,87099.25858500,0.00281299,0.24500934,USDT
2025-12-02T07:30:00Z,BTC/USDT,buy,87158.79762000,0.00280798,0.24474016,USDT
2025-12-02T08:00:00Z,BTC/USDT,stop_sell,86734.10553857,0.00280798,0.24354763,USDT
2025-12-02T08:15:00Z,BTC/USDT,buy,86676.09639000,0.00281886,0.24432778,USDT
2025-12-02T08:30:00Z,BTC/USDT,sell,86708.59401500,0.00281886,0.24441939,USDT
2025-12-02T22:00:00Z,BTC/USDT,buy,91658.85652500,0.00266916,0.24465215,USDT
2025-12-02T22:30:00Z,BTC/USDT,sell,91536.50885000,0.00266916,0.24432559,USDT
2025-12-03T14:45:00Z,BTC/USDT,buy,93369.15124500,0.00261737,0.24438162,USDT
2025-12-03T14:45:00Z,BTC/USDT,stop_sell,92668.77136411,0.00261737,0.24254846,USDT
2025-12-03T19:00:00Z,BTC/USDT,buy,92755.12438500,0.0026401,0.24488280,USDT
2025-12-03T19:30:00Z,BTC/USDT,sell,92806.22367500,0.0026401,0.24501771,USDT
2025-12-03T19:45:00Z,BTC/USDT,buy,93007.56054000,0.0026304,0.24464709,USDT
2025-12-03T22:30:00Z,BTC/USDT,sell,93165.07416000,0.0026304,0.24506141,USDT
2025-12-03T22:45:00Z,BTC/USDT,buy,93516.89508000,0.00261386,0.24444007,USDT
2025-12-03T23:30:00Z,BTC/USDT,sell,93496.81820500,0.00261386,0.24438759,USDT
2025-12-04T04:30:00Z,BTC/USDT,buy,93502.00764000,0.00260739,0.24379620,USDT
2025-12-04T04:45:00Z,BTC/USDT,sell,93327.61285000,0.00260739,0.24334148,USDT
2025-12-04T05:00:00Z,BTC/USDT,buy,93641.98759500,0.00260824,0.24424078,USDT
2025-12-04T05:45:00Z,BTC/USDT,stop_sell,92977.66791000,0.00260824,0.24250807,USDT
2025-12-04T11:30:00Z,BTC/USDT,buy,93115.11429000,0.00261333,0.24334052,USDT
2025-12-04T11:30:00Z,BTC/USDT,stop_sell,92924.97498393,0.00261333,0.24284362,USDT
2025-12-04T13:00:00Z,BTC/USDT,buy,93220.51696500,0.00261568,0.24383504,USDT
2025-12-04T13:00:00Z,BTC/USDT,stop_sell,92816.92082375,0.00261568,0.24277936,USDT
2025-12-04T15:45:00Z,BTC/USDT,buy,92952.52303500,0.00261512,0.24308200,USDT
2025-12-04T16:00:00Z,BTC/USDT,sell,93013.90978000,0.00261512,0.24324254,USDT
2025-12-04T16:30:00Z,BTC/USDT,buy,92964.62908500,0.00262294,0.24384064,USDT
2025-12-04T16:45:00Z,BTC/USDT,sell,92484.24474500,0.00262294,0.24258062,USDT
2025-12-04T19:45:00Z,BTC/USDT,buy,91963.73889000,0.00264997,0.24370115,USDT
2025-12-04T20:00:00Z,BTC/USDT,sell,92036.37879000,0.00264997,0.24389364,USDT
2025-12-04T22:30:00Z,BTC/USDT,buy,92430.20200500,0.00263608,0.24365341,USDT
2025-12-04T22:45:00Z,BTC/USDT,sell,92199.32727500,0.00263608,0.24304480,USDT
2025-12-04T23:30:00Z,BTC/USDT,buy,92257.53571500,0.00263386,0.24299343,USDT
2025-12-05T02:00:00Z,BTC/USDT,sell,92284.22480500,0.00263386,0.24306373,USDT
2025-12-05T02:30:00Z,BTC/USDT,buy,92682.98833500,0.00263564,0.24427899,USDT
2025-12-05T03:00:00Z,BTC/USDT,sell,92603.88489500,0.00263564,0.24407050,USDT
2025-12-05T03:45:00Z,BTC/USDT,buy,92386.27005000,0.00263568,0.24350064,USDT
2025-12-05T04:00:00Z,BTC/USDT,sell,91996.37880000,0.00263568,0.24247302,USDT
2025-12-05T07:15:00Z,BTC/USDT,buy,92247.39064500,0.00263217,0.24281081,USDT
2025-12-05T07:30:00Z,BTC/USDT,sell,92191.18135000,0.00263217,0.24266286,USDT
2025-12-05T08:45:00Z,BTC/USDT,buy,91985.81992500,0.0026376,0.24262180,USDT
2025-12-05T09:00:00Z,BTC/USDT,sell,91906.32385000,0.0026376,0.24241212,USDT
2025-12-05T21:15:00Z,BTC/USDT,buy,89518.17672000,0.00272437,0.24388064,USDT
2025-12-05T21:45:00Z,BTC/USDT,sell,89164.62538500,0.00272437,0.24291743,USDT
2025-12-05T22:00:00Z,BTC/USDT,buy,89277.62650500,0.00272862,0.24360472,USDT
2025-12-05T22:30:00Z,BTC/USDT,sell,89078.88827500,0.00272862,0.24306244,USDT
2025-12-06T04:45:00Z,BTC/USDT,buy,89588.28175500,0.00270847,0.24264717,USDT
2025-12-06T08:00:00Z,BTC/USDT,sell,89637.33891000,0.00270847,0.24278004,USDT
2025-12-06T08:15:00Z,BTC/USDT,buy,89710.03260000,0.00271285,0.24336986,USDT
2025-12-06T08:15:00Z,BTC/USDT,stop_sell,89232.46858929,0.00271285,0.24207430,USDT
2025-12-06T10:00:00Z,BTC/USDT,buy,89717.51634000,0.00270736,0.24289762,USDT
2025-12-06T10:45:00Z,BTC/USDT,sell,89667.50382000,0.00270736,0.24276221,USDT
2025-12-06T15:45:00Z,BTC/USDT,buy,89987.97150000,0.00270726,0.24362084,USDT
2025-12-06T17:15:00Z,BTC/USDT,sell,89748.71319500,0.00270726,0.24297310,USDT
2025-12-07T00:15:00Z,BTC/USDT,buy,89445.77053500,0.0027138,0.24273793,USDT
2025-12-07T00:30:00Z,BTC/USDT,sell,89345.27501500,0.0027138,0.24246521,USDT
2025-12-07T00:45:00Z,BTC/USDT,buy,89364.13974000,0.002716,0.24271300,USDT
2025-12-07T01:00:00Z,BTC/USDT,sell,89525.33494000,0.002716,0.24315081,USDT
2025-12-07T16:00:00Z,BTC/USDT,buy,89732.31373500,0.00270435,0.24266758,USDT
2025-12-07T16:15:00Z,BTC/USDT,sell,89420.03761500,0.00270435,0.24182308,USDT
2025-12-07T16:45:00Z,BTC/USDT,buy,89363.51943000,0.00270781,0.24197943,USDT
2025-12-07T18:45:00Z,BTC/USDT,sell,91560.49685000,0.00270781,0.24792843,USDT
2025-12-07T19:00:00Z,BTC/USDT,buy,91561.32778500,0.00265209,0.24282888,USDT
2025-12-07T19:30:00Z,BTC/USDT,sell,91148.06317000,0.00265209,0.24173287,USDT
2025-12-08T02:30:00Z,BTC/USDT,buy,91051.19284500,0.00266332,0.24249846,USDT
2025-12-08T03:15:00Z,BTC/USDT,sell,91333.45043000,0.00266332,0.24325021,USDT
2025-12-08T08:30:00Z,BTC/USDT,buy,91835.47479000,0.00264522,0.24292503,USDT
2025-12-08T08:45:00Z,BTC/USDT,sell,91759.41734000,0.00264522,0.24272385,USDT
2025-12-08T20:15:00Z,BTC/USDT,buy,90552.88381500,0.00268202,0.24286465,USDT
2025-12-09T01:00:00Z,BTC/USDT,sell,90336.56912000,0.00268202,0.24228449,USDT
2025-12-09T07:00:00Z,BTC/USDT,buy,90290.10249000,0.00268887,0.24277835,USDT
2025-12-09T07:30:00Z,BTC/USDT,sell,90374.04037500,0.00268887,0.24300405,USDT
2025-12-09T07:45:00Z,BTC/USDT,buy,90550.70272500,0.00268352,0.24299462,USDT
2025-12-09T08:30:00Z,BTC/USDT,sell,90558.61804000,0.00268352,0.24301586,USDT
2025-12-09T11:00:00Z,BTC/USDT,buy,90504.71974500,0.00268858,0.24332918,USDT
2025-12-09T11:45:00Z,BTC/USDT,sell,90343.29575500,0.00268858,0.24289518,USDT
2025-12-09T12:45:00Z,BTC/USDT,buy,90714.93480000,0.00267475,0.24263977,USDT
2025-12-09T13:30:00Z,BTC/USDT,stop_sell,90417.78813304,0.00267475,0.24184498,USDT
2025-12-09T14:00:00Z,BTC/USDT,buy,90523.46911500,0.00267941,0.24254949,USDT
2025-12-09T14:15:00Z,BTC/USDT,stop_sell,90146.36212821,0.00267941,0.24153906,USDT
2025-12-09T14:30:00Z,BTC/USDT,buy,90224.35963500,0.00268061,0.24185632,USDT
2025-12-09T14:30:00Z,BTC/USDT,stop_sell,90042.80643196,0.00268061,0.24136965,USDT
2025-12-09T15:15:00Z,BTC/USDT,buy,90835.44502500,0.00266499,0.24207555,USDT
2025-12-09T16:00:00Z,BTC/USDT,sell,92770.95132000,0.00266499,0.24723366,USDT
2025-12-10T09:45:00Z,BTC/USDT,buy,92680.79724000,0.00261893,0.24272452,USDT
2025-12-10T10:30:00Z,BTC/USDT,sell,92343.68506000,0.00261893,0.24184165,USDT
2025-12-10T16:30:00Z,BTC/USDT,buy,92637.24547500,0.0026189,0.24260768,USDT
2025-12-10T16:45:00Z,BTC/USDT,sell,92418.55760500,0.0026189,0.24203496,USDT
2025-12-10T17:15:00Z,BTC/USDT,buy,92384.86935000,0.00262515,0.24252414,USDT
2025-12-10T19:00:00Z,BTC/USDT,stop_sell,91795.38577536,0.00262515,0.24097666,USDT
2025-12-10T22:45:00Z,BTC/USDT,buy,92705.43955500,0.00261509,0.24243307,USDT
2025-12-10T23:30:00Z,BTC/USDT,sell,92079.76708500,0.00261509,0.24079688,USDT
2025-12-11T07:15:00Z,BTC/USDT,buy,90465.66022500,0.00267677,0.24215577,USDT
2025-12-11T08:15:00Z,BTC/USDT,sell,89933.45078000,0.00267677,0.24073116,USDT
2025-12-11T08:30:00Z,BTC/USDT,buy,90023.42922000,0.00268872,0.24204779,USDT
2025-12-11T09:00:00Z,BTC/USDT,sell,90209.46270500,0.00268872,0.24254799,USDT
2025-12-11T10:15:00Z,BTC/USDT,buy,90177.53623500,0.00267624,0.24133673,USDT
2025-12-11T10:15:00Z,BTC/USDT,stop_sell,90041.86333232,0.00267624,0.24097364,USDT
2025-12-11T11:15:00Z,BTC/USDT,buy,90484.76977500,0.00267422,0.24197618,USDT
2025-12-11T11:30:00Z,BTC/USDT,sell,90020.21737500,0.00267422,0.24073387,USDT
2025-12-11T12:45:00Z,BTC/USDT,buy,90381.73828500,0.0026758,0.24184346,USDT
2025-12-11T13:00:00Z,BTC/USDT,stop_sell,89946.28436000,0.0026758,0.24067827,USDT
2025-12-11T15:15:00Z,BTC/USDT,buy,90175.01497500,0.0026778,0.24147066,USDT
2025-12-11T15:30:00Z,BTC/USDT,sell,90296.63909500,0.0026778,0.24179634,USDT
2025-12-11T23:45:00Z,BTC/USDT,buy,92648.35102500,0.0026116,0.24196043,USDT
2025-12-12T00:15:00Z,BTC/USDT,sell,92287.86298500,0.0026116,0.24101898,USDT
2025-12-12T01:15:00Z,BTC/USDT,buy,91873.94401500,0.00262974,0.24160459,USDT
2025-12-12T01:30:00Z,BTC/USDT,sell,92036.49873000,0.00262974,0.24203206,USDT
2025-12-12T03:15:00Z,BTC/USDT,buy,92375.53468500,0.00261258,0.24133847,USDT
2025-12-12T03:30:00Z,BTC/USDT,sell,92125.14438500,0.00261258,0.24068431,USDT
2025-12-12T20:45:00Z,BTC/USDT,buy,90304.58973000,0.00268279,0.24226825,USDT
2025-12-12T22:00:00Z,BTC/USDT,sell,90286.86398500,0.00268279,0.24222070,USDT
2025-12-13T13:00:00Z,BTC/USDT,buy,90568.54164000,0.00266511,0.24137513,USDT
2025-12-13T13:15:00Z,BTC/USDT,sell,90294.88997000,0.00266511,0.24064581,USDT
2025-12-13T14:15:00Z,BTC/USDT,buy,90279.62725500,0.00266921,0.24097528,USDT
2025-12-13T14:15:00Z,BTC/USDT,stop_sell,90065.49008446,0.00266921,0.24040371,USDT
2025-12-13T18:15:00Z,BTC/USDT,buy,90341.70828000,0.00267042,0.24125030,USDT
2025-12-13T18:15:00Z,BTC/USDT,stop_sell,89970.97986321,0.00267042,0.24026030,USDT
2025-12-13T21:00:00Z,BTC/USDT,buy,90099.25711500,0.00266949,0.24051907,USDT
2025-12-13T21:15:00Z,BTC/USDT,stop_sell,89987.80823054,0.00266949,0.24022155,USDT
2025-12-13T22:15:00Z,BTC/USDT,buy,90346.55070000,0.00267711,0.24186765,USDT
2025-12-13T22:30:00Z,BTC/USDT,sell,90222.32627000,0.00267711,0.24153509,USDT
2025-12-13T22:45:00Z,BTC/USDT,buy,90298.61674500,0.00266913,0.24101875,USDT
2025-12-13T23:00:00Z,BTC/USDT,sell,90195.94946500,0.00266913,0.24074471,USDT
2025-12-14T05:00:00Z,BTC/USDT,buy,90379.67725500,0.00266587,0.24094047,USDT
2025-12-14T05:15:00Z,BTC/USDT,stop_sell,90084.39205732,0.00266587,0.24015328,USDT
2025-12-14T07:15:00Z,BTC/USDT,buy,90321.63825000,0.00266602,0.24079929,USDT
2025-12-14T07:30:00Z,BTC/USDT,stop_sell,89968.74312500,0.00266602,0.23985847,USDT
2025-12-14T08:30:00Z,BTC/USDT,buy,90347.60122500,0.00266423,0.24070679,USDT
2025-12-14T08:45:00Z,BTC/USDT,sell,90257.29877500,0.00266423,0.24046620,USDT
2025-12-14T09:30:00Z,BTC/USDT,buy,90283.18903500,0.00266591,0.24068686,USDT
2025-12-14T09:45:00Z,BTC/USDT,sell,89972.35132000,0.00266591,0.23985819,USDT
2025-12-14T10:30:00Z,BTC/USDT,buy,89933.48427000,0.00266919,0.24004956,USDT
2025-12-14T10:45:00Z,BTC/USDT,stop_sell,89798.32980286,0.00266919,0.23968880,USDT
2025-12-14T16:30:00Z,BTC/USDT,buy,89144.14980000,0.00268777,0.23959897,USDT
2025-12-14T16:30:00Z,BTC/USDT,stop_sell,88953.91079500,0.00268777,0.23908765,USDT
2025-12-14T21:45:00Z,BTC/USDT,buy,88508.04190500,0.00271025,0.23987892,USDT
2025-12-14T22:00:00Z,BTC/USDT,sell,88571.18225500,0.00271025,0.24005005,USDT
2025-12-15T00:30:00Z,BTC/USDT,buy,88650.48309000,0.00271224,0.24044139,USDT
2025-12-15T00:45:00Z,BTC/USDT,sell,88033.77109500,0.00271224,0.23876872,USDT
2025-12-15T07:45:00Z,BTC/USDT,buy,89622.01861500,0.0026754,0.23977475,USDT
2025-12-15T09:15:00Z,BTC/USDT,sell,89725.56477500,0.0026754,0.24005178,USDT
2025-12-15T12:15:00Z,BTC/USDT,buy,89476.61595000,0.00267735,0.23956022,USDT
2025-12-15T12:30:00Z,BTC/USDT,sell,89606.37440000,0.00267735,0.23990763,USDT
2025-12-15T12:45:00Z,BTC/USDT,buy,89560.15770000,0.00267555,0.23962268,USDT
2025-12-15T13:00:00Z,BTC/USDT,sell,89727.31390000,0.00267555,0.24006991,USDT
2025-12-16T06:00:00Z,BTC/USDT,buy,86230.86388500,0.00279426,0.24095145,USDT
2025-12-16T07:30:00Z,BTC/USDT,sell,86290.58312500,0.00279426,0.24111832,USDT
2025-12-16T07:45:00Z,BTC/USDT,buy,86130.05350500,0.00278087,0.23951648,USDT
2025-12-16T07:45:00Z,BTC/USDT,stop_sell,85842.43088464,0.00278087,0.23871664,USDT
2025-12-16T08:00:00Z,BTC/USDT,buy,86000.51877000,0.00278749,0.23972559,USDT
2025-12-16T11:00:00Z,BTC/USDT,sell,86797.31963000,0.00278749,0.24194666,USDT
2025-12-16T11:30:00Z,BTC/USDT,buy,87355.03569000,0.00275712,0.24084832,USDT
2025-12-16T12:30:00Z,BTC/USDT,sell,87035.97024500,0.00275712,0.23996861,USDT
2025-12-16T14:00:00Z,BTC/USDT,buy,86738.69767500,0.00277288,0.24051600,USDT
2025-12-16T14:30:00Z,BTC/USDT,sell,86993.25161500,0.00277288,0.24122185,USDT
2025-12-16T16:00:00Z,BTC/USDT,buy,87683.02960500,0.00273444,0.23976398,USDT
2025-12-16T16:15:00Z,BTC/USDT,sell,87846.45480000,0.00273444,0.24021086,USDT
2025-12-16T17:00:00Z,BTC/USDT,buy,87863.09959500,0.00273262,0.24009646,USDT
2025-12-16T18:00:00Z,BTC/USDT,sell,87079.58842500,0.00273262,0.23795542,USDT
2025-12-16T18:15:00Z,BTC/USDT,buy,87618.23722500,0.00273818,0.23991450,USDT
2025-12-16T18:30:00Z,BTC/USDT,sell,87496.81970500,0.00273818,0.23958204,USDT
2025-12-16T18:45:00Z,BTC/USDT,buy,87911.06356500,0.00272835,0.23985215,USDT
2025-12-16T20:45:00Z,BTC/USDT,sell,87889.55324000,0.00272835,0.23979346,USDT
2025-12-16T22:30:00Z,BTC/USDT,buy,87897.63685500,0.0027282,0.23980233,USDT
2025-12-16T22:45:00Z,BTC/USDT,sell,87847.12446500,0.0027282,0.23966452,USDT
2025-12-17T10:15:00Z,BTC/USDT,buy,86739.71818500,0.00276719,0.24002528,USDT
2025-12-17T10:45:00Z,BTC/USDT,sell,86512.37217500,0.00276719,0.23939617,USDT
2025-12-17T11:45:00Z,BTC/USDT,buy,86905.89123000,0.00275714,0.23961171,USDT
2025-12-17T12:45:00Z,BTC/USDT,sell,87008.43402000,0.00275714,0.23989443,USDT
2025-12-17T13:15:00Z,BTC/USDT,buy,87196.91667000,0.00275438,0.24017344,USDT
2025-12-17T15:45:00Z,BTC/USDT,sell,88507.76398000,0.00275438,0.24378401,USDT
2025-12-17T16:15:00Z,BTC/USDT,buy,87174.41542500,0.00275201,0.23990486,USDT
2025-12-17T16:30:00Z,BTC/USDT,sell,86313.23179500,0.00275201,0.23753488,USDT
2025-12-17T17:30:00Z,BTC/USDT,buy,87111.22384500,0.00275054,0.23960291,USDT
2025-12-17T17:45:00Z,BTC/USDT,sell,86589.89339500,0.00275054,0.23816897,USDT
2025-12-17T23:30:00Z,BTC/USDT,buy,85905.92149500,0.00277755,0.23860799,USDT
2025-12-17T23:45:00Z,BTC/USDT,sell,86124.79606000,0.00277755,0.23921593,USDT
2025-12-18T01:45:00Z,BTC/USDT,buy,86056.57678500,0.00277862,0.23911853,USDT
2025-12-18T03:15:00Z,BTC/USDT,sell,86493.50161500,0.00277862,0.24033257,USDT
2025-12-18T04:15:00Z,BTC/USDT,buy,86883.74016000,0.00276455,0.24019444,USDT
2025-12-18T07:00:00Z,BTC/USDT,sell,86660.30817000,0.00276455,0.23957675,USDT
2025-12-18T07:15:00Z,BTC/USDT,buy,86884.36047000,0.00275698,0.23953844,USDT
2025-12-18T12:00:00Z,BTC/USDT,sell,87366.31499000,0.00275698,0.24086718,USDT
2025-12-18T13:15:00Z,BTC/USDT,buy,87876.15612000,0.00272417,0.23938959,USDT
2025-12-18T13:30:00Z,BTC/USDT,sell,87781.66721000,0.00272417,0.23913218,USDT
2025-12-19T00:30:00Z,BTC/USDT,buy,85464.71100000,0.00279779,0.23911231,USDT
2025-12-19T00:45:00Z,BTC/USDT,sell,85486.63530000,0.00279779,0.23917365,USDT
2025-12-19T01:15:00Z,BTC/USDT,buy,85398.46789500,0.00279538,0.23872117,USDT
2025-12-19T02:45:00Z,BTC/USDT,sell,85581.63777500,0.00279538,0.23923320,USDT
2025-12-19T03:00:00Z,BTC/USDT,buy,85929.23314500,0.00279437,0.24011807,USDT
2025-12-19T04:00:00Z,BTC/USDT,sell,86982.18715000,0.00279437,0.24306041,USDT
2025-12-19T04:15:00Z,BTC/USDT,buy,87442.64947500,0.002741,0.23968030,USDT
2025-12-19T04:45:00Z,BTC/USDT,sell,87174.47096000,0.002741,0.23894522,USDT
2025-12-19T09:15:00Z,BTC/USDT,buy,88203.29961000,0.00271443,0.23942168,USDT
2025-12-19T09:30:00Z,BTC/USDT,sell,88195.85001500,0.00271443,0.23940146,USDT
2025-12-20T00:30:00Z,BTC/USDT,buy,88243.44967500,0.00271457,0.23954302,USDT
2025-12-20T01:45:00Z,BTC/USDT,sell,88101.55718500,0.00271457,0.23915784,USDT
2025-12-20T02:30:00Z,BTC/USDT,buy,88188.96244500,0.0027153,0.23945949,USDT
2025-12-20T03:15:00Z,BTC/USDT,sell,88270.65259500,0.0027153,0.23968130,USDT
2025-12-20T04:45:00Z,BTC/USDT,buy,88201.46869500,0.00271075,0.23909213,USDT
2025-12-20T08:00:00Z,BTC/USDT,sell,88326.08486500,0.00271075,0.23942993,USDT
2025-12-20T08:15:00Z,BTC/USDT,buy,88268.07198000,0.00270771,0.23900434,USDT
2025-12-20T08:30:00Z,BTC/USDT,sell,88179.84802000,0.00270771,0.23876546,USDT
2025-12-20T11:30:00Z,BTC/USDT,buy,88483.51965000,0.00270543,0.23938597,USDT
2025-12-20T12:00:00Z,BTC/USDT,sell,88350.56262000,0.00270543,0.23902626,USDT
2025-12-20T14:00:00Z,BTC/USDT,buy,88324.57021500,0.00270927,0.23929511,USDT
2025-12-20T14:15:00Z,BTC/USDT,sell,88209.61313000,0.00270927,0.23898366,USDT
2025-12-20T18:15:00Z,BTC/USDT,buy,88264.86037500,0.00271059,0.23924985,USDT
2025-12-20T18:30:00Z,BTC/USDT,sell,88297.56913000,0.00271059,0.23933851,USDT
2025-12-20T20:00:00Z,BTC/USDT,buy,88290.66327000,0.00270949,0.23922267,USDT
2025-12-20T21:00:00Z,BTC/USDT,sell,88144.87551500,0.00270949,0.23882766,USDT
2025-12-20T21:15:00Z,BTC/USDT,buy,88438.84732500,0.00270411,0.23914837,USDT
2025-12-21T00:45:00Z,BTC/USDT,sell,88188.47370500,0.00270411,0.23847133,USDT
2025-12-21T01:00:00Z,BTC/USDT,buy,88426.29105000,0.00270352,0.23906225,USDT
2025-12-21T01:15:00Z,BTC/USDT,sell,88222.41672500,0.00270352,0.23851107,USDT
2025-12-21T06:30:00Z,BTC/USDT,buy,88234.99545000,0.00270845,0.23898007,USDT
2025-12-21T07:00:00Z,BTC/USDT,sell,88108.24384000,0.00270845,0.23863677,USDT
2025-12-21T13:15:00Z,BTC/USDT,buy,88324.14000000,0.00269737,0.23824289,USDT
2025-12-21T13:15:00Z,BTC/USDT,stop_sell,88163.81461214,0.00269737,0.23781043,USDT
2025-12-21T23:00:00Z,BTC/USDT,buy,88591.98385500,0.00269776,0.23899991,USDT
2025-12-22T00:30:00Z,BTC/USDT,sell,89008.17365000,0.00269776,0.24012269,USDT
2025-12-22T06:45:00Z,BTC/USDT,buy,89049.75262500,0.00268309,0.23892850,USDT
2025-12-22T07:30:00Z,BTC/USDT,sell,89130.23259000,0.00268309,0.23914444,USDT
2025-12-22T08:00:00Z,BTC/USDT,buy,89309.16226500,0.00267654,0.23903955,USDT
2025-12-22T09:00:00Z,BTC/USDT,sell,89433.26100000,0.00267654,0.23937170,USDT
2025-12-22T09:15:00Z,BTC/USDT,buy,89689.88253000,0.00267615,0.24002358,USDT
2025-12-22T12:00:00Z,BTC/USDT,sell,89944.51524500,0.00267615,0.24070501,USDT
2025-12-22T12:15:00Z,BTC/USDT,buy,90094.99498500,0.00265138,0.23887607,USDT
2025-12-22T13:15:00Z,BTC/USDT,sell,90268.59312500,0.00265138,0.23933634,USDT
2025-12-22T13:45:00Z,BTC/USDT,buy,89994.99501000,0.00265998,0.23938489,USDT
2025-12-22T14:15:00Z,BTC/USDT,sell,90087.96348500,0.00265998,0.23963218,USDT
2025-12-22T15:00:00Z,BTC/USDT,buy,90287.48118000,0.00264487,0.23879865,USDT
2025-12-22T15:00:00Z,BTC/USDT,stop_sell,89666.65781464,0.00264487,0.23715665,USDT
2025-12-23T03:30:00Z,BTC/USDT,buy,88319.13750000,0.00270255,0.23868689,USDT
2025-12-23T03:45:00Z,BTC/USDT,sell,88230.86250000,0.00270255,0.23844832,USDT
2025-12-23T11:15:00Z,BTC/USDT,buy,87822.72942000,0.00272012,0.23888836,USDT
2025-12-23T12:30:00Z,BTC/USDT,sell,87478.70876500,0.00272012,0.23795259,USDT
2025-12-23T13:00:00Z,BTC/USDT,buy,87741.52884000,0.00271223,0.23797521,USDT
2025-12-23T13:30:00Z,BTC/USDT,stop_sell,87495.34829821,0.00271223,0.23730751,USDT
2025-12-23T14:00:00Z,BTC/USDT,buy,87737.63689500,0.00271743,0.23842089,USDT
2025-12-23T14:30:00Z,BTC/USDT,stop_sell,87300.74743304,0.00271743,0.23723367,USDT
2025-12-23T16:15:00Z,BTC/USDT,buy,87957.82693500,0.0027091,0.23828655,USDT
2025-12-23T16:45:00Z,BTC/USDT,sell,87886.82460500,0.0027091,0.23809420,USDT
2025-12-24T04:15:00Z,BTC/USDT,buy,87488.03215500,0.0027231,0.23823866,USDT
2025-12-24T05:00:00Z,BTC/USDT,sell,87330.03314000,0.0027231,0.23780841,USDT
2025-12-24T07:30:00Z,BTC/USDT,buy,87186.28135500,0.00273142,0.23814235,USDT
2025-12-24T07:45:00Z,BTC/USDT,sell,86898.54899000,0.00273142,0.23735643,USDT
2025-12-24T08:00:00Z,BTC/USDT,buy,87182.04924000,0.00272693,0.23773935,USDT
2025-12-24T08:15:00Z,BTC/USDT,sell,87073.89127500,0.00272693,0.23744441,USDT
2025-12-24T08:30:00Z,BTC/USDT,buy,86862.68964000,0.00273061,0.23718813,USDT
2025-12-24T08:30:00Z,BTC/USDT,stop_sell,86775.87036000,0.00273061,0.23695106,USDT
2025-12-24T10:30:00Z,BTC/USDT,buy,87217.50696000,0.00273183,0.23826340,USDT
2025-12-24T10:45:00Z,BTC/USDT,sell,87016.65990500,0.00273183,0.23771472,USDT
2025-12-24T15:00:00Z,BTC/USDT,buy,86792.19441000,0.00272866,0.23682639,USDT
2025-12-24T15:00:00Z,BTC/USDT,stop_sell,86705.44559000,0.00272866,0.23658968,USDT
2025-12-24T15:15:00Z,BTC/USDT,buy,86926.00128000,0.00272725,0.23706894,USDT
2025-12-24T15:15:00Z,BTC/USDT,stop_sell,86724.94405018,0.00272725,0.23652060,USDT
2025-12-24T15:45:00Z,BTC/USDT,buy,86934.56556000,0.00272599,0.23698276,USDT
2025-12-24T16:00:00Z,BTC/USDT,sell,86810.66295500,0.00272599,0.23664500,USDT
2025-12-24T18:15:00Z,BTC/USDT,buy,87529.32279000,0.00271519,0.23765874,USDT
2025-12-24T20:00:00Z,BTC/USDT,sell,87525.82519500,0.00271519,0.23764925,USDT
2025-12-24T20:15:00Z,BTC/USDT,buy,87748.01208000,0.00270799,0.23762074,USDT
2025-12-24T22:30:00Z,BTC/USDT,sell,87878.02900500,0.00270799,0.23797282,USDT
2025-12-24T22:45:00Z,BTC/USDT,buy,87971.94399000,0.00269457,0.23704656,USDT
2025-12-24T23:00:00Z,BTC/USDT,sell,88052.27184000,0.00269457,0.23726301,USDT
2025-12-25T00:15:00Z,BTC/USDT,buy,87890.01304500,0.00270301,0.23756758,USDT
2025-12-25T00:30:00Z,BTC/USDT,sell,87776.29989500,0.00270301,0.23726022,USDT
2025-12-25T01:45:00Z,BTC/USDT,buy,87875.97603000,0.00270294,0.23752349,USDT
2025-12-25T02:30:00Z,BTC/USDT,sell,87808.97355000,0.00270294,0.23734239,USDT
2025-12-25T03:00:00Z,BTC/USDT,buy,88116.91644000,0.00269863,0.23779495,USDT
2025-12-25T03:30:00Z,BTC/USDT,sell,87977.53922500,0.00269863,0.23741883,USDT
2025-12-25T04:15:00Z,BTC/USDT,buy,88006.17109500,0.00269753,0.23739929,USDT
2025-12-25T04:15:00Z,BTC/USDT,stop_sell,87781.16888786,0.00269753,0.23679234,USDT
2025-12-25T04:30:00Z,BTC/USDT,buy,87738.49732500,0.0026968,0.23661318,USDT
2025-12-25T04:30:00Z,BTC/USDT,stop_sell,87650.80267500,0.0026968,0.23637668,USDT
2025-12-25T04:45:00Z,BTC/USDT,buy,87983.50977000,0.00269666,0.23726161,USDT
2025-12-25T05:00:00Z,BTC/USDT,sell,87890.45279000,0.00269666,0.23701067,USDT
2025-12-25T13:15:00Z,BTC/USDT,buy,87619.15768500,0.00270601,0.23709832,USDT
2025-12-25T13:30:00Z,BTC/USDT,sell,87524.51585000,0.00270601,0.23684222,USDT
2025-12-25T15:00:00Z,BTC/USDT,buy,87794.64538500,0.00270162,0.23718777,USDT
2025-12-25T16:00:00Z,BTC/USDT,sell,88459.24825000,0.00270162,0.23898327,USDT
2025-12-25T22:15:00Z,BTC/USDT,buy,88078.16707500,0.00269354,0.23724207,USDT
2025-12-25T22:30:00Z,BTC/USDT,sell,87947.42429000,0.00269354,0.23688991,USDT
2025-12-26T02:15:00Z,BTC/USDT,buy,88263.75982500,0.00269174,0.23758309,USDT
2025-12-26T05:15:00Z,BTC/USDT,sell,89118.12864500,0.00269174,0.23988283,USDT
2025-12-26T10:15:00Z,BTC/USDT,buy,88938.86721000,0.0026685,0.23733337,USDT
2025-12-26T10:45:00Z,BTC/USDT,sell,88856.05974500,0.0026685,0.23711240,USDT
2025-12-26T20:00:00Z,BTC/USDT,buy,87583.96009500,0.00270909,0.23727283,USDT
2025-12-26T20:45:00Z,BTC/USDT,sell,87630.16300000,0.00270909,0.23739800,USDT
2025-12-26T21:00:00Z,BTC/USDT,buy,87914.81544000,0.0027055,0.23785353,USDT
2025-12-26T21:15:00Z,BTC/USDT,sell,87606.16500500,0.0027055,0.23701848,USDT
2025-12-26T21:30:00Z,BTC/USDT,buy,87683.10964500,0.00270742,0.23739500,USDT
2025-12-26T22:30:00Z,BTC/USDT,sell,87381.28750000,0.00270742,0.23657785,USDT
2025-12-26T23:00:00Z,BTC/USDT,buy,87604.13017500,0.00270595,0.23705240,USDT
2025-12-27T00:00:00Z,BTC/USDT,sell,87444.71577000,0.00270595,0.23662103,USDT
2025-12-27T00:15:00Z,BTC/USDT,buy,87490.26327000,0.00270767,0.23689476,USDT
2025-12-27T00:45:00Z,BTC/USDT,sell,87255.51042000,0.00270767,0.23625913,USDT
2025-12-27T02:45:00Z,BTC/USDT,buy,87456.18624000,0.00270593,0.23665032,USDT
2025-12-27T03:00:00Z,BTC/USDT,sell,87454.26099500,0.00270593,0.23664511,USDT
2025-12-27T09:00:00Z,BTC/USDT,buy,87746.08111500,0.00269857,0.23678894,USDT
2025-12-27T09:00:00Z,BTC/USDT,stop_sell,87503.33109054,0.00269857,0.23613386,USDT
2025-12-27T09:15:00Z,BTC/USDT,buy,87734.55535500,0.00269845,0.23674731,USDT
2025-12-27T10:00:00Z,BTC/USDT,stop_sell,87456.90752821,0.00269845,0.23599809,USDT
2025-12-27T19:30:00Z,BTC/USDT,buy,87570.32328000,0.00269896,0.23634880,USDT
2025-12-27T20:15:00Z,BTC/USDT,sell,87604.44586500,0.00269896,0.23644090,USDT
2025-12-27T21:15:00Z,BTC/USDT,buy,87801.11862000,0.00269493,0.23661787,USDT
2025-12-27T21:30:00Z,BTC/USDT,stop_sell,87543.57631500,0.00269493,0.23592381,USDT
2025-12-28T02:30:00Z,BTC/USDT,buy,87799.77795000,0.00268991,0.23617350,USDT
2025-12-28T03:00:00Z,BTC/USDT,sell,87842.05700000,0.00268991,0.23628723,USDT
2025-12-28T04:15:00Z,BTC/USDT,buy,87923.50978500,0.00268985,0.23650105,USDT
2025-12-28T04:30:00Z,BTC/USDT,sell,87826.63471500,0.00268985,0.23624047,USDT
2025-12-28T06:45:00Z,BTC/USDT,buy,87737.33674500,0.00268914,0.23593798,USDT
2025-12-28T07:00:00Z,BTC/USDT,sell,87809.82312500,0.00268914,0.23613291,USDT
2025-12-28T08:15:00Z,BTC/USDT,buy,87759.25770000,0.00268907,0.23599079,USDT
2025-12-28T09:00:00Z,BTC/USDT,sell,87850.21292000,0.00268907,0.23623537,USDT
2025-12-28T09:15:00Z,BTC/USDT,buy,87930.42324000,0.00269133,0.23664979,USDT
2025-12-28T13:00:00Z,BTC/USDT,sell,87953.08146000,0.00269133,0.23671077,USDT
2025-12-28T13:15:00Z,BTC/USDT,buy,88026.22111500,0.00268512,0.23636097,USDT
2025-12-28T13:30:00Z,BTC/USDT,stop_sell,87840.82475929,0.00268512,0.23586316,USDT
2025-12-28T17:15:00Z,BTC/USDT,buy,88042.45923000,0.00268358,0.23626898,USDT
2025-12-28T17:30:00Z,BTC/USDT,sell,87794.06101000,0.00268358,0.23560239,USDT
2025-12-28T23:15:00Z,BTC/USDT,buy,87668.61240000,0.00268592,0.23547088,USDT
2025-12-29T00:30:00Z,BTC/USDT,sell,88028.70363000,0.00268592,0.23643806,USDT
2025-12-29T05:15:00Z,BTC/USDT,buy,90358.22653500,0.00261437,0.23622984,USDT
2025-12-29T06:45:00Z,BTC/USDT,stop_sell,89733.55113696,0.00261437,0.23459670,USDT
2025-12-29T07:15:00Z,BTC/USDT,buy,89513.34430500,0.00262932,0.23535923,USDT
2025-12-29T08:45:00Z,BTC/USDT,sell,89739.84763000,0.00262932,0.23595478,USDT
2025-12-29T14:45:00Z,BTC/USDT,buy,87856.28619000,0.00267505,0.23501996,USDT
2025-12-29T14:45:00Z,BTC/USDT,stop_sell,87629.41587375,0.00267505,0.23441307,USDT
2025-12-29T15:45:00Z,BTC/USDT,buy,87634.10515500,0.00268653,0.23543165,USDT
2025-12-29T16:00:00Z,BTC/USDT,sell,87726.24493500,0.00268653,0.23567919,USDT
2025-12-29T17:00:00Z,BTC/USDT,buy,87834.13512000,0.00268654,0.23596992,USDT
2025-12-29T17:45:00Z,BTC/USDT,sell,87587.39439500,0.00268654,0.23530704,USDT
2025-12-29T18:00:00Z,BTC/USDT,buy,87580.11817500,0.0026853,0.23517889,USDT
2025-12-29T19:00:00Z,BTC/USDT,sell,87339.41844500,0.0026853,0.23453254,USDT
2025-12-29T19:15:00Z,BTC/USDT,buy,87754.70542500,0.002687,0.23579689,USDT
2025-12-29T19:30:00Z,BTC/USDT,sell,87406.30498500,0.002687,0.23486074,USDT
2025-12-29T20:15:00Z,BTC/USDT,buy,87430.10320500,0.00268657,0.23488709,USDT
2025-12-29T20:30:00Z,BTC/USDT,sell,87562.93663000,0.00268657,0.23524396,USDT
2025-12-29T21:30:00Z,BTC/USDT,buy,87509.47287000,0.00269274,0.23564026,USDT
2025-12-29T21:45:00Z,BTC/USDT,sell,87174.95072000,0.00269274,0.23473948,USDT
2025-12-30T03:30:00Z,BTC/USDT,buy,87362.77956000,0.00269857,0.23575458,USDT
2025-12-30T03:45:00Z,BTC/USDT,sell,87276.34000000,0.00269857,0.23552131,USDT
2025-12-30T06:00:00Z,BTC/USDT,buy,87373.30482000,0.0026952,0.23548853,USDT
2025-12-30T06:15:00Z,BTC/USDT,sell,87408.30398500,0.0026952,0.23558286,USDT
2025-12-30T10:15:00Z,BTC/USDT,buy,88143.22959000,0.00267139,0.23546494,USDT
2025-12-30T10:30:00Z,BTC/USDT,sell,88045.15540000,0.00267139,0.23520295,USDT
2025-12-30T13:30:00Z,BTC/USDT,buy,88157.17656000,0.00267267,0.23561504,USDT
2025-12-30T19:45:00Z,BTC/USDT,sell,88141.82704000,0.00267267,0.23557402,USDT
2025-12-30T22:45:00Z,BTC/USDT,buy,88351.12348500,0.00265962,0.23498042,USDT
2025-12-30T23:00:00Z,BTC/USDT,sell,88384.24577000,0.00265962,0.23506851,USDT
2025-12-30T23:15:00Z,BTC/USDT,buy,88534.99537500,0.00265822,0.23534550,USDT
2025-12-31T00:15:00Z,BTC/USDT,sell,88468.31371500,0.00265822,0.23516824,USDT
2025-12-31T00:30:00Z,BTC/USDT,buy,88522.94935500,0.00265801,0.23529488,USDT
2025-12-31T00:30:00Z,BTC/USDT,stop_sell,88158.85530732,0.00265801,0.23432712,USDT
2025-12-31T00:45:00Z,BTC/USDT,buy,88495.27552500,0.00265752,0.23517796,USDT
2025-12-31T04:00:00Z,BTC/USDT,sell,88560.83743000,0.00265752,0.23535220,USDT
2025-12-31T09:15:00Z,BTC/USDT,buy,88615.27549500,0.0026537,0.23515836,USDT
2025-12-31T12:15:00Z,BTC/USDT,sell,88954.70040000,0.0026537,0.23605909,USDT
2025-12-31T13:30:00Z,BTC/USDT,buy,88924.69012500,0.00264457,0.23516757,USDT
2025-12-31T13:45:00Z,BTC/USDT,sell,88816.62947000,0.00264457,0.23488179,USDT
2025-12-31T21:15:00Z,BTC/USDT,buy,87927.96201000,0.00267407,0.23512553,USDT
2025-12-31T23:00:00Z,BTC/USDT,sell,87773.67121000,0.00267407,0.23471294,USDT
2026-01-01T03:45:00Z,BTC/USDT,buy,88009.18260000,0.00267488,0.23541400,USDT
2026-01-01T04:30:00Z,BTC/USDT,sell,87482.25699000,0.00267488,0.23400454,USDT
2026-01-01T10:45:00Z,BTC/USDT,buy,87920.08807500,0.00267268,0.23498226,USDT
2026-01-01T11:45:00Z,BTC/USDT,sell,87882.32685500,0.00267268,0.23488134,USDT
2026-01-01T12:00:00Z,BTC/USDT,buy,87761.09862000,0.00266848,0.23418874,USDT
2026-01-01T12:45:00Z,BTC/USDT,sell,87796.65971000,0.00266848,0.23428363,USDT
2026-01-01T13:15:00Z,BTC/USDT,buy,88059.35767500,0.00266671,0.23482877,USDT
2026-01-01T13:45:00Z,BTC/USDT,stop_sell,87687.33332911,0.00266671,0.23383669,USDT
2026-01-01T14:15:00Z,BTC/USDT,buy,87979.90797000,0.00266787,0.23471896,USDT
2026-01-01T14:45:00Z,BTC/USDT,sell,87860.86759000,0.00266787,0.23440137,USDT
2026-01-01T15:00:00Z,BTC/USDT,buy,87811.08360000,0.00266687,0.23418074,USDT
2026-01-01T15:45:00Z,BTC/USDT,sell,88024.40578000,0.00266687,0.23474965,USDT
2026-01-01T17:15:00Z,BTC/USDT,buy,88118.40718500,0.00266303,0.23466196,USDT
2026-01-01T18:00:00Z,BTC/USDT,sell,88163.64612500,0.00266303,0.23478243,USDT
2026-01-02T09:30:00Z,BTC/USDT,buy,89485.79053500,0.00262201,0.23463264,USDT
2026-01-02T09:45:00Z,BTC/USDT,sell,89482.77623000,0.00262201,0.23462473,USDT
2026-01-02T12:45:00Z,BTC/USDT,buy,89978.11657500,0.00261781,0.23554561,USDT
2026-01-02T14:15:00Z,BTC/USDT,sell,89352.47141500,0.00261781,0.23390779,USDT
2026-01-02T14:45:00Z,BTC/USDT,buy,89971.82343000,0.00260558,0.23442878,USDT
2026-01-02T15:15:00Z,BTC/USDT,sell,89360.38745500,0.00260558,0.23283564,USDT
2026-01-03T09:45:00Z,BTC/USDT,buy,90021.82842000,0.00260453,0.23446455,USDT
2026-01-03T10:45:00Z,BTC/USDT,sell,89657.88863000,0.00260453,0.23351666,USDT
2026-01-03T11:45:00Z,BTC/USDT,buy,89843.02906500,0.00260568,0.23410218,USDT
2026-01-03T12:00:00Z,BTC/USDT,sell,89750.01254500,0.00260568,0.23385981,USDT
2026-01-03T12:15:00Z,BTC/USDT,buy,89629.00210500,0.00260604,0.23357676,USDT
2026-01-03T12:45:00Z,BTC/USDT,sell,89759.32788500,0.00260604,0.23391640,USDT
2026-01-03T16:15:00Z,BTC/USDT,buy,90155.48521500,0.00259641,0.23408060,USDT
2026-01-03T16:45:00Z,BTC/USDT,stop_sell,89887.59372000,0.00259641,0.23338505,USDT
2026-01-03T22:30:00Z,BTC/USDT,buy,90518.88682500,0.00257778,0.23333778,USDT
2026-01-04T01:15:00Z,BTC/USDT,sell,91444.89468000,0.00257778,0.23572482,USDT
2026-01-04T06:15:00Z,BTC/USDT,buy,91809.94203000,0.00255026,0.23413922,USDT
2026-01-04T06:30:00Z,BTC/USDT,sell,91697.63824500,0.00255026,0.23385282,USDT
2026-01-04T07:30:00Z,BTC/USDT,buy,91461.04767000,0.0025593,0.23407626,USDT
2026-01-04T07:45:00Z,BTC/USDT,sell,91384.27500500,0.0025593,0.23387978,USDT
2026-01-04T08:30:00Z,BTC/USDT,buy,91280.17728000,0.00256288,0.23394014,USDT
2026-01-04T09:15:00Z,BTC/USDT,sell,91392.92068000,0.00256288,0.23422909,USDT
2026-01-04T09:30:00Z,BTC/USDT,buy,91496.55541500,0.00255756,0.23400793,USDT
2026-01-04T09:45:00Z,BTC/USDT,sell,91411.05161000,0.00255756,0.23378925,USDT
2026-01-04T19:15:00Z,BTC/USDT,buy,91227.48094500,0.00256457,0.23395926,USDT
2026-01-04T19:30:00Z,BTC/USDT,sell,91204.34501500,0.00256457,0.23389993,USDT
2026-01-04T20:30:00Z,BTC/USDT,buy,91428.18124500,0.00255839,0.23390894,USDT
2026-01-04T21:00:00Z,BTC/USDT,sell,91320.09711000,0.00255839,0.23363242,USDT
2026-01-04T21:15:00Z,BTC/USDT,buy,91498.13620500,0.00255589,0.23385917,USDT
2026-01-04T21:30:00Z,BTC/USDT,sell,91374.57985500,0.00255589,0.23354337,USDT
2026-01-04T22:15:00Z,BTC/USDT,buy,91456.23526500,0.00255631,0.23379049,USDT
2026-01-04T22:30:00Z,BTC/USDT,sell,91351.12159000,0.00255631,0.23352179,USDT
2026-01-04T23:00:00Z,BTC/USDT,buy,91237.17579000,0.00255695,0.23328890,USDT
2026-01-04T23:45:00Z,BTC/USDT,sell,91450.50187500,0.00255695,0.23383436,USDT
2026-01-05T00:00:00Z,BTC/USDT,buy,91570.16220000,0.00255331,0.23380701,USDT
2026-01-05T02:00:00Z,BTC/USDT,sell,93157.40799500,0.00255331,0.23785974,USDT
2026-01-05T02:15:00Z,BTC/USDT,buy,93223.98870000,0.00250938,0.23393441,USDT
2026-01-05T03:30:00Z,BTC/USDT,sell,92954.39955000,0.00250938,0.23325791,USDT
2026-01-05T03:45:00Z,BTC/USDT,buy,93381.83758500,0.00250515,0.23393551,USDT
2026-01-05T04:00:00Z,BTC/USDT,sell,92921.97577000,0.00250515,0.23278349,USDT
2026-01-05T04:30:00Z,BTC/USDT,buy,92972.51302500,0.00251444,0.23377381,USDT
2026-01-05T05:45:00Z,BTC/USDT,sell,92620.37664500,0.00251444,0.23288838,USDT
2026-01-05T09:15:00Z,BTC/USDT,buy,93046.48999500,0.00251167,0.23370208,USDT
2026-01-05T09:30:00Z,BTC/USDT,sell,92448.18278500,0.00251167,0.23219933,USDT
2026-01-05T10:15:00Z,BTC/USDT,buy,93046.83016500,0.00250255,0.23285434,USDT
2026-01-05T17:30:00Z,BTC/USDT,sell,93957.46776500,0.00250255,0.23513326,USDT
2026-01-05T17:45:00Z,BTC/USDT,buy,94279.80634500,0.00248337,0.23413164,USDT
2026-01-05T18:30:00Z,BTC/USDT,sell,94372.79999500,0.00248337,0.23436258,USDT
2026-01-06T04:30:00Z,BTC/USDT,buy,94020.64683000,0.00248502,0.23364319,USDT
2026-01-06T04:45:00Z,BTC/USDT,sell,93909.87157500,0.00248502,0.23336791,USDT
2026-01-06T11:15:00Z,BTC/USDT,buy,93827.73042000,0.00248978,0.23361041,USDT
2026-01-06T11:15:00Z,BTC/USDT,stop_sell,93493.49629536,0.00248978,0.23277824,USDT
2026-01-06T12:00:00Z,BTC/USDT,buy,93948.80092500,0.00248545,0.23350505,USDT
2026-01-06T12:15:00Z,BTC/USDT,sell,93748.98206000,0.00248545,0.23300841,USDT
2026-01-06T21:30:00Z,BTC/USDT,buy,93739.05610500,0.00249006,0.23341587,USDT
2026-01-06T21:45:00Z,BTC/USDT,sell,93688.92210500,0.00249006,0.23329104,USDT
2026-01-07T02:00:00Z,BTC/USDT,buy,92354.19402000,0.00251844,0.23258850,USDT
2026-01-07T02:15:00Z,BTC/USDT,sell,92582.52558000,0.00251844,0.23316354,USDT
2026-01-07T14:00:00Z,BTC/USDT,buy,92143.20858000,0.00253595,0.23367057,USDT
2026-01-07T14:00:00Z,BTC/USDT,stop_sell,91724.17140036,0.00253595,0.23260791,USDT
2026-01-07T14:15:00Z,BTC/USDT,buy,91923.77892000,0.00253752,0.23325843,USDT
2026-01-07T14:15:00Z,BTC/USDT,stop_sell,91569.96033018,0.00253752,0.23236061,USDT
2026-01-07T14:30:00Z,BTC/USDT,buy,91600.77750000,0.00253791,0.23247453,USDT
2026-01-07T14:30:00Z,BTC/USDT,stop_sell,91479.25713304,0.00253791,0.23216612,USDT
2026-01-07T14:45:00Z,BTC/USDT,buy,92105.60979000,0.00252957,0.23298759,USDT
2026-01-07T15:00:00Z,BTC/USDT,stop_sell,91716.69656821,0.00252957,0.23200380,USDT
2026-01-08T11:15:00Z,BTC/USDT,buy,90313.98442500,0.00257351,0.23242394,USDT
2026-01-08T11:15:00Z,BTC/USDT,stop_sell,90113.35578250,0.00257351,0.23190762,USDT
2026-01-08T12:00:00Z,BTC/USDT,buy,90458.09644500,0.00257467,0.23289975,USDT
2026-01-08T12:00:00Z,BTC/USDT,stop_sell,89986.13049839,0.00257467,0.23168459,USDT
2026-01-08T15:15:00Z,BTC/USDT,buy,90461.21800500,0.00257304,0.23276033,USDT
2026-01-08T15:45:00Z,BTC/USDT,sell,90469.20277000,0.00257304,0.23278088,USDT
2026-01-08T23:15:00Z,BTC/USDT,buy,91122.56851500,0.00254598,0.23199624,USDT
2026-01-08T23:45:00Z,BTC/USDT,sell,91258.89772500,0.00254598,0.23234333,USDT
2026-01-09T00:45:00Z,BTC/USDT,buy,91217.72607000,0.00254922,0.23253405,USDT
2026-01-09T01:15:00Z,BTC/USDT,sell,91320.79676000,0.00254922,0.23279680,USDT
2026-01-09T02:15:00Z,BTC/USDT,buy,91474.28428500,0.00254397,0.23270783,USDT
2026-01-09T02:30:00Z,BTC/USDT,sell,91287.03365000,0.00254397,0.23223147,USDT
2026-01-09T03:30:00Z,BTC/USDT,buy,91026.90070500,0.00254842,0.23197477,USDT
2026-01-09T03:45:00Z,BTC/USDT,sell,91238.31802000,0.00254842,0.23251355,USDT
2026-01-09T13:15:00Z,BTC/USDT,buy,90720.26746500,0.00256418,0.23262310,USDT
2026-01-09T14:00:00Z,BTC/USDT,sell,90766.69395000,0.00256418,0.23274214,USDT
2026-01-09T14:15:00Z,BTC/USDT,buy,90568.01137500,0.00256825,0.23260130,USDT
2026-01-09T14:30:00Z,BTC/USDT,stop_sell,90229.15642464,0.00256825,0.23173103,USDT
2026-01-09T15:30:00Z,BTC/USDT,buy,91753.28371500,0.00253445,0.23254411,USDT
2026-01-09T15:45:00Z,BTC/USDT,sell,91428.26300000,0.00253445,0.23172036,USDT
2026-01-09T16:15:00Z,BTC/USDT,buy,91795.86499500,0.00253288,0.23250791,USDT
2026-01-09T16:30:00Z,BTC/USDT,sell,91148.00320000,0.00253288,0.23086695,USDT
2026-01-09T18:45:00Z,BTC/USDT,buy,90656.29549500,0.00255433,0.23156610,USDT
2026-01-09T19:45:00Z,BTC/USDT,sell,90445.67454000,0.00255433,0.23102810,USDT
2026-01-09T20:00:00Z,BTC/USDT,buy,90600.87780000,0.00256165,0.23208774,USDT
2026-01-09T20:15:00Z,BTC/USDT,sell,90415.40968000,0.00256165,0.23161263,USDT
2026-01-09T23:15:00Z,BTC/USDT,buy,90488.72175000,0.00255752,0.23142672,USDT
2026-01-09T23:30:00Z,BTC/USDT,sell,90713.02080000,0.00255752,0.23200036,USDT
2026-01-10T00:45:00Z,BTC/USDT,buy,90730.34250000,0.00255788,0.23207733,USDT
2026-01-10T01:45:00Z,BTC/USDT,sell,90480.62705500,0.00255788,0.23143859,USDT
2026-01-10T02:00:00Z,BTC/USDT,buy,90769.07185500,0.00255584,0.23199122,USDT
2026-01-10T03:15:00Z,BTC/USDT,sell,90661.30667000,0.00255584,0.23171579,USDT
2026-01-10T04:45:00Z,BTC/USDT,buy,90619.55713500,0.00255902,0.23189726,USDT
2026-01-10T05:00:00Z,BTC/USDT,sell,90502.15628500,0.00255902,0.23159683,USDT
2026-01-10T07:30:00Z,BTC/USDT,buy,90677.68618500,0.00255716,0.23187735,USDT
2026-01-10T08:30:00Z,BTC/USDT,sell,90446.10432500,0.00255716,0.23128516,USDT
2026-01-10T08:45:00Z,BTC/USDT,buy,90751.20292500,0.00255369,0.23175044,USDT
2026-01-10T09:15:00Z,BTC/USDT,sell,90710.29216500,0.00255369,0.23164597,USDT
2026-01-10T09:30:00Z,BTC/USDT,buy,90668.32150500,0.00255226,0.23140913,USDT
2026-01-10T09:45:00Z,BTC/USDT,sell,90705.67447500,0.00255226,0.23150446,USDT
2026-01-10T15:30:00Z,BTC/USDT,buy,90554.24449500,0.00255222,0.23111435,USDT
2026-01-10T15:30:00Z,BTC/USDT,stop_sell,90463.73550500,0.00255222,0.23088336,USDT
2026-01-10T17:15:00Z,BTC/USDT,buy,90811.19290500,0.00255094,0.23165390,USDT
2026-01-10T17:45:00Z,BTC/USDT,stop_sell,90497.00886000,0.00255094,0.23085244,USDT
2026-01-10T18:30:00Z,BTC/USDT,buy,90687.50109000,0.00255315,0.23153879,USDT
2026-01-10T18:45:00Z,BTC/USDT,sell,90580.64702000,0.00255315,0.23126598,USDT
2026-01-10T22:45:00Z,BTC/USDT,buy,90647.16093000,0.00255385,0.23149925,USDT
2026-01-10T22:45:00Z,BTC/USDT,stop_sell,90388.83761554,0.00255385,0.23083953,USDT
2026-01-11T00:30:00Z,BTC/USDT,buy,90677.02585500,0.00255189,0.23139780,USDT
2026-01-11T00:45:00Z,BTC/USDT,sell,90573.53058000,0.00255189,0.23113369,USDT
2026-01-11T01:15:00Z,BTC/USDT,buy,90735.07486500,0.00254969,0.23134631,USDT
2026-01-11T01:30:00Z,BTC/USDT,sell,90697.43859500,0.00254969,0.23125035,USDT
2026-01-11T07:45:00Z,BTC/USDT,buy,90728.96181000,0.002545,0.23090521,USDT
2026-01-11T07:45:00Z,BTC/USDT,stop_sell,90638.27819000,0.002545,0.23067442,USDT
2026-01-11T08:00:00Z,BTC/USDT,buy,90733.68417000,0.00254505,0.23092176,USDT
2026-01-11T08:00:00Z,BTC/USDT,stop_sell,90627.76202214,0.00254505,0.23065219,USDT
2026-01-12T00:45:00Z,BTC/USDT,buy,91162.81863000,0.00253575,0.23116612,USDT
2026-01-12T02:15:00Z,BTC/USDT,sell,91645.66424500,0.00253575,0.23239049,USDT
2026-01-12T13:30:00Z,BTC/USDT,buy,90832.61361000,0.00255002,0.23162498,USDT
2026-01-12T13:45:00Z,BTC/USDT,sell,90609.12277500,0.00255002,0.23105508,USDT
2026-01-12T15:00:00Z,BTC/USDT,buy,90934.89472500,0.00253622,0.23063090,USDT
2026-01-12T15:15:00Z,BTC/USDT,sell,90896.10921000,0.00253622,0.23053253,USDT
2026-01-12T19:45:00Z,BTC/USDT,buy,91815.12462000,0.00251652,0.23105460,USDT
2026-01-12T20:45:00Z,BTC/USDT,sell,91507.12355000,0.00251652,0.23027951,USDT
2026-01-12T22:30:00Z,BTC/USDT,buy,91384.75954500,0.00252479,0.23072733,USDT
2026-01-12T22:45:00Z,BTC/USDT,sell,91282.42595500,0.00252479,0.23046896,USDT
2026-01-13T15:15:00Z,BTC/USDT,buy,92559.55665000,0.00249437,0.23087778,USDT
2026-01-13T16:30:00Z,BTC/USDT,sell,93115.73884000,0.00249437,0.23226511,USDT
2026-01-14T04:15:00Z,BTC/USDT,buy,95494.22325000,0.00241672,0.23078280,USDT
2026-01-14T04:45:00Z,BTC/USDT,sell,95266.36299000,0.00241672,0.23023212,USDT
2026-01-14T12:15:00Z,BTC/USDT,buy,95078.07528000,0.00242805,0.23085432,USDT
2026-01-14T12:45:00Z,BTC/USDT,sell,95030.31107500,0.00242805,0.23073835,USDT
2026-01-14T13:30:00Z,BTC/USDT,buy,95160.26635500,0.00242371,0.23064089,USDT
2026-01-14T17:00:00Z,BTC/USDT,sell,97202.84426500,0.00242371,0.23559151,USDT
2026-01-14T17:15:00Z,BTC/USDT,buy,97719.04510500,0.00236678,0.23127948,USDT
2026-01-14T17:30:00Z,BTC/USDT,stop_sell,96798.87385125,0.00236678,0.22910164,USDT
2026-01-14T18:00:00Z,BTC/USDT,buy,96957.90472500,0.00238314,0.23106426,USDT
2026-01-14T18:45:00Z,BTC/USDT,sell,96317.39721000,0.00238314,0.22953784,USDT
2026-01-14T19:00:00Z,BTC/USDT,buy,96959.52553500,0.00238233,0.23098959,USDT
2026-01-14T19:45:00Z,BTC/USDT,sell,97549.19100500,0.00238233,0.23239436,USDT
2026-01-14T20:00:00Z,BTC/USDT,buy,97593.58240500,0.0023667,0.23097473,USDT
2026-01-14T22:00:00Z,BTC/USDT,sell,97498.36643000,0.0023667,0.23074938,USDT
2026-01-14T22:30:00Z,BTC/USDT,buy,97390.94113500,0.00237003,0.23081945,USDT
2026-01-14T22:30:00Z,BTC/USDT,stop_sell,96850.32561250,0.00237003,0.22953818,USDT
2026-01-14T22:45:00Z,BTC/USDT,buy,97127.89968000,0.0023769,0.23086330,USDT
2026-01-15T00:15:00Z,BTC/USDT,sell,96912.55948000,0.0023769,0.23035146,USDT
2026-01-15T07:30:00Z,BTC/USDT,buy,96547.03939500,0.00239017,0.23076384,USDT
2026-01-15T08:45:00Z,BTC/USDT,sell,96396.05786000,0.00239017,0.23040297,USDT
2026-01-15T12:45:00Z,BTC/USDT,buy,96779.99581500,0.0023832,0.23064609,USDT
2026-01-15T13:45:00Z,BTC/USDT,sell,96765.99280000,0.0023832,0.23061271,USDT
2026-01-15T16:45:00Z,BTC/USDT,buy,96755.23344000,0.00237949,0.23022811,USDT
2026-01-15T17:30:00Z,BTC/USDT,sell,96664.64350000,0.00237949,0.23001255,USDT
2026-01-15T17:45:00Z,BTC/USDT,buy,97008.32992500,0.00237503,0.23039769,USDT
2026-01-15T18:00:00Z,BTC/USDT,sell,96533.19925500,0.00237503,0.22926924,USDT
2026-01-16T04:30:00Z,BTC/USDT,buy,95590.46134500,0.00241054,0.23042463,USDT
2026-01-16T04:30:00Z,BTC/USDT,stop_sell,95188.80179000,0.00241054,0.22945641,USDT
2026-01-16T06:00:00Z,BTC/USDT,buy,95730.13114500,0.0024058,0.23030755,USDT
2026-01-16T06:30:00Z,BTC/USDT,sell,95607.74221500,0.0024058,0.23001311,USDT
2026-01-16T12:30:00Z,BTC/USDT,buy,95616.28425000,0.00240921,0.23035971,USDT
2026-01-16T12:45:00Z,BTC/USDT,sell,95446.24300500,0.00240921,0.22995004,USDT
2026-01-16T14:30:00Z,BTC/USDT,buy,95764.64839500,0.00240399,0.23021726,USDT
2026-01-16T14:30:00Z,BTC/USDT,stop_sell,95373.27486446,0.00240399,0.22927640,USDT
2026-01-17T01:00:00Z,BTC/USDT,buy,95516.05416000,0.00240835,0.23003609,USDT
2026-01-17T01:15:00Z,BTC/USDT,sell,95411.07060000,0.00240835,0.22978325,USDT
2026-01-17T11:45:00Z,BTC/USDT,buy,95342.24730000,0.00241258,0.23002080,USDT
2026-01-17T13:00:00Z,BTC/USDT,stop_sell,95165.27534482,0.00241258,0.22959384,USDT
2026-01-17T13:15:00Z,BTC/USDT,buy,95280.53646000,0.00241232,0.22984714,USDT
2026-01-17T16:15:00Z,BTC/USDT,sell,95468.91166500,0.00241232,0.23030156,USDT
2026-01-17T16:45:00Z,BTC/USDT,buy,95417.10471000,0.00240886,0.22984645,USDT
2026-01-17T16:45:00Z,BTC/USDT,stop_sell,95178.80357732,0.00240886,0.22927241,USDT
2026-01-17T17:15:00Z,BTC/USDT,buy,95419.96614000,0.00240859,0.22982758,USDT
2026-01-17T17:45:00Z,BTC/USDT,sell,95392.25001500,0.00240859,0.22976082,USDT
2026-01-18T03:30:00Z,BTC/USDT,buy,95206.61952000,0.00241444,0.22987067,USDT
2026-01-18T03:45:00Z,BTC/USDT,sell,95143.82429000,0.00241444,0.22971906,USDT
2026-01-18T04:00:00Z,BTC/USDT,buy,95203.10776500,0.00241252,0.22967940,USDT
2026-01-18T04:30:00Z,BTC/USDT,sell,95023.94426000,0.00241252,0.22924717,USDT
2026-01-18T06:00:00Z,BTC/USDT,buy,95229.64102500,0.00241198,0.22969199,USDT
2026-01-18T06:30:00Z,BTC/USDT,sell,95144.45397500,0.00241198,0.22948652,USDT
2026-01-18T16:30:00Z,BTC/USDT,buy,95142.25735500,0.0024138,0.22965438,USDT
2026-01-18T16:45:00Z,BTC/USDT,sell,95112.81980000,0.0024138,0.22958332,USDT
2026-01-18T17:15:00Z,BTC/USDT,buy,95217.26484000,0.00241137,0.22960406,USDT
2026-01-18T18:45:00Z,BTC/USDT,sell,95325.40345500,0.00241137,0.22986482,USDT
2026-01-18T19:00:00Z,BTC/USDT,buy,95533.13269500,0.0024044,0.22969986,USDT
2026-01-18T20:00:00Z,BTC/USDT,stop_sell,95247.14653161,0.0024044,0.22901224,USDT
2026-01-18T20:15:00Z,BTC/USDT,buy,95381.30682000,0.00240717,0.22959902,USDT
2026-01-18T21:00:00Z,BTC/USDT,sell,95249.61137000,0.00240717,0.22928201,USDT
2026-01-18T23:00:00Z,BTC/USDT,buy,95554.21323000,0.00240148,0.22947153,USDT
2026-01-18T23:00:00Z,BTC/USDT,stop_sell,95310.88036304,0.00240148,0.22888717,USDT
2026-01-19T05:00:00Z,BTC/USDT,buy,92708.72119500,0.00247355,0.22931966,USDT
2026-01-19T05:30:00Z,BTC/USDT,sell,92748.72244000,0.00247355,0.22941860,USDT
2026-01-19T06:30:00Z,BTC/USDT,buy,92728.54110000,0.00247616,0.22961070,USDT
2026-01-19T07:00:00Z,BTC/USDT,sell,92582.94537000,0.00247616,0.22925019,USDT
2026-01-19T07:30:00Z,BTC/USDT,buy,92646.30000000,0.00247321,0.22913376,USDT
2026-01-19T13:30:00Z,BTC/USDT,sell,92968.05272000,0.00247321,0.22992952,USDT
2026-01-19T15:30:00Z,BTC/USDT,buy,93081.12730500,0.00246404,0.22935562,USDT
2026-01-19T16:15:00Z,BTC/USDT,sell,92964.35457000,0.00246404,0.22906789,USDT
2026-01-19T16:45:00Z,BTC/USDT,buy,93261.07723500,0.00245824,0.22925811,USDT
2026-01-19T17:15:00Z,BTC/USDT,sell,93298.01765500,0.00245824,0.22934892,USDT
2026-01-20T11:15:00Z,BTC/USDT,buy,91405.21977000,0.0025074,0.22918945,USDT
2026-01-20T12:15:00Z,BTC/USDT,stop_sell,91039.71487125,0.0025074,0.22827298,USDT
2026-01-20T13:00:00Z,BTC/USDT,buy,91321.48792500,0.00250846,0.22907630,USDT
2026-01-20T13:00:00Z,BTC/USDT,stop_sell,91063.16349821,0.00250846,0.22842830,USDT
2026-01-20T13:30:00Z,BTC/USDT,buy,90943.66911000,0.00251677,0.22888430,USDT
2026-01-20T13:45:00Z,BTC/USDT,sell,90966.17416000,0.00251677,0.22894094,USDT
2026-01-20T14:15:00Z,BTC/USDT,buy,91084.97973000,0.00251206,0.22881093,USDT
2026-01-20T14:15:00Z,BTC/USDT,stop_sell,90792.97687339,0.00251206,0.22807741,USDT
2026-01-20T14:45:00Z,BTC/USDT,buy,91010.68260000,0.00251137,0.22856150,USDT
2026-01-20T14:45:00Z,BTC/USDT,stop_sell,90690.64913429,0.00251137,0.22775778,USDT
2026-01-21T19:30:00Z,BTC/USDT,buy,89770.84299000,0.00254809,0.22874419,USDT
2026-01-21T20:00:00Z,BTC/USDT,sell,90198.88799500,0.00254809,0.22983488,USDT
2026-01-22T01:00:00Z,BTC/USDT,buy,90112.25361000,0.00253917,0.22881033,USDT
2026-01-22T01:45:00Z,BTC/USDT,sell,90119.49771000,0.00253917,0.22882873,USDT
2026-01-22T02:00:00Z,BTC/USDT,buy,90241.34812500,0.00253521,0.22878077,USDT
2026-01-22T02:30:00Z,BTC/USDT,sell,89990.50224000,0.00253521,0.22814482,USDT
2026-01-22T02:45:00Z,BTC/USDT,buy,90342.65875500,0.00253854,0.22933845,USDT
2026-01-22T03:00:00Z,BTC/USDT,sell,90130.73209000,0.00253854,0.22880047,USDT
2026-01-22T03:15:00Z,BTC/USDT,buy,89949.08206500,0.00253417,0.22794627,USDT
2026-01-22T03:30:00Z,BTC/USDT,sell,90041.97649000,0.00253417,0.22818168,USDT
2026-01-22T03:45:00Z,BTC/USDT,buy,89730.52284000,0.00253911,0.22783567,USDT
2026-01-22T04:00:00Z,BTC/USDT,sell,90093.08092500,0.00253911,0.22875624,USDT
2026-01-22T04:30:00Z,BTC/USDT,buy,90115.52524500,0.00254579,0.22941520,USDT
2026-01-22T04:45:00Z,BTC/USDT,sell,90141.34678000,0.00254579,0.22948094,USDT
2026-01-22T07:00:00Z,BTC/USDT,buy,90304.07947500,0.00253123,0.22858040,USDT
2026-01-22T07:45:00Z,BTC/USDT,stop_sell,89845.67897357,0.00253123,0.22742008,USDT
2026-01-22T08:30:00Z,BTC/USDT,buy,90081.74836500,0.00253759,0.22859054,USDT
2026-01-22T09:00:00Z,BTC/USDT,sell,89957.16891500,0.00253759,0.22827441,USDT
2026-01-22T09:15:00Z,BTC/USDT,buy,89872.15362000,0.00253343,0.22768481,USDT
2026-01-22T09:15:00Z,BTC/USDT,stop_sell,89782.32638000,0.00253343,0.22745724,USDT
2026-01-22T09:30:00Z,BTC/USDT,buy,90139.55725500,0.00254087,0.22903290,USDT
2026-01-22T09:45:00Z,BTC/USDT,sell,89818.41832500,0.00254087,0.22821692,USDT
2026-01-22T10:30:00Z,BTC/USDT,buy,90190.34263500,0.00252998,0.22817976,USDT
2026-01-22T10:45:00Z,BTC/USDT,sell,90084.47523000,0.00252998,0.22791192,USDT
2026-01-22T18:30:00Z,BTC/USDT,buy,89710.16266500,0.00254572,0.22837696,USDT
2026-01-22T18:45:00Z,BTC/USDT,sell,89461.86669000,0.00254572,0.22774486,USDT
2026-01-22T19:30:00Z,BTC/USDT,buy,89508.30178500,0.00254508,0.22780579,USDT
2026-01-22T20:30:00Z,BTC/USDT,sell,89628.20348000,0.00254508,0.22811095,USDT
2026-01-22T21:00:00Z,BTC/USDT,buy,89542.31878500,0.00254998,0.22833112,USDT
2026-01-22T22:45:00Z,BTC/USDT,sell,89291.45194000,0.00254998,0.22769142,USDT
2026-01-23T01:15:00Z,BTC/USDT,buy,89712.77397000,0.00254242,0.22808755,USDT
2026-01-23T04:45:00Z,BTC/USDT,sell,89970.85207000,0.00254242,0.22874369,USDT
2026-01-23T05:00:00Z,BTC/USDT,buy,90082.43871000,0.0025323,0.22811576,USDT
2026-01-23T05:15:00Z,BTC/USDT,sell,89812.47130000,0.0025323,0.22743212,USDT
2026-01-23T13:15:00Z,BTC/USDT,buy,89443.46938500,0.00254747,0.22785455,USDT
2026-01-23T14:30:00Z,BTC/USDT,stop_sell,89185.18153036,0.00254747,0.22719657,USDT
2026-01-23T15:00:00Z,BTC/USDT,buy,89099.27737500,0.00256113,0.22819483,USDT
2026-01-23T15:15:00Z,BTC/USDT,sell,88635.11027500,0.00256113,0.22700604,USDT
2026-01-23T15:30:00Z,BTC/USDT,buy,89051.40345000,0.00255336,0.22738029,USDT
2026-01-23T18:00:00Z,BTC/USDT,sell,90547.05382500,0.00255336,0.23119923,USDT
2026-01-23T18:15:00Z,BTC/USDT,buy,90826.21041000,0.00250991,0.22796561,USDT
2026-01-23T19:00:00Z,BTC/USDT,sell,90432.97089500,0.00250991,0.22697862,USDT
2026-01-23T21:15:00Z,BTC/USDT,buy,89655.01510500,0.00254118,0.22782953,USDT
2026-01-23T21:30:00Z,BTC/USDT,sell,89509.77272500,0.00254118,0.22746044,USDT
2026-01-24T07:15:00Z,BTC/USDT,buy,89674.81500000,0.0025391,0.22769332,USDT
2026-01-24T07:15:00Z,BTC/USDT,stop_sell,89521.36656804,0.0025391,0.22730370,USDT
2026-01-24T11:45:00Z,BTC/USDT,buy,89674.26472500,0.00253826,0.22761660,USDT
2026-01-24T12:00:00Z,BTC/USDT,sell,89534.87017000,0.00253826,0.22726278,USDT
2026-01-24T20:30:00Z,BTC/USDT,buy,89443.49940000,0.00254566,0.22769274,USDT
2026-01-24T21:00:00Z,BTC/USDT,stop_sell,89260.29038571,0.00254566,0.22722635,USDT
2026-01-25T14:45:00Z,BTC/USDT,buy,88686.11089500,0.00256535,0.22751091,USDT
2026-01-25T15:45:00Z,BTC/USDT,stop_sell,88452.92177196,0.00256535,0.22691270,USDT
2026-01-26T00:15:00Z,BTC/USDT,buy,87084.77062500,0.00261231,0.22749242,USDT
2026-01-26T00:45:00Z,BTC/USDT,stop_sell,86490.36746857,0.00261231,0.22593965,USDT
2026-01-26T06:15:00Z,BTC/USDT,buy,87922.24915500,0.00258841,0.22757883,USDT
2026-01-26T08:45:00Z,BTC/USDT,sell,88033.08144000,0.00258841,0.22786571,USDT
2026-01-26T13:45:00Z,BTC/USDT,buy,88022.20911000,0.00258155,0.22723373,USDT
2026-01-26T14:00:00Z,BTC/USDT,stop_sell,87815.31751929,0.00258155,0.22669963,USDT
2026-01-26T20:30:00Z,BTC/USDT,buy,87889.44276000,0.00258373,0.22708259,USDT
2026-01-26T23:15:00Z,BTC/USDT,sell,88141.93698500,0.00258373,0.22773497,USDT
2026-01-26T23:30:00Z,BTC/USDT,buy,88522.85931000,0.00256736,0.22727005,USDT
2026-01-27T00:00:00Z,BTC/USDT,sell,88324.62559500,0.00256736,0.22676111,USDT
2026-01-27T00:15:00Z,BTC/USDT,buy,88373.07445500,0.00257284,0.22736978,USDT
2026-01-27T02:30:00Z,BTC/USDT,sell,88563.07631000,0.00257284,0.22785863,USDT
2026-01-27T02:45:00Z,BTC/USDT,buy,88769.04234000,0.002559,0.22715998,USDT
2026-01-27T04:30:00Z,BTC/USDT,sell,88734.57052000,0.002559,0.22707177,USDT
2026-01-27T04:45:00Z,BTC/USDT,buy,88651.95382500,0.00255878,0.22684085,USDT
2026-01-27T05:00:00Z,BTC/USDT,stop_sell,88413.66034107,0.00255878,0.22623111,USDT
2026-01-27T14:15:00Z,BTC/USDT,buy,88356.54619500,0.00257039,0.22711078,USDT
2026-01-27T14:30:00Z,BTC/USDT,stop_sell,88084.88374018,0.00257039,0.22641250,USDT
2026-01-28T00:45:00Z,BTC/USDT,buy,89237.89665000,0.00254236,0.22687486,USDT
2026-01-28T01:45:00Z,BTC/USDT,sell,89325.37497000,0.00254236,0.22709726,USDT
2026-01-28T02:00:00Z,BTC/USDT,buy,89458.69699500,0.00253609,0.22687531,USDT
2026-01-28T02:45:00Z,BTC/USDT,stop_sell,89121.36702500,0.00253609,0.22601981,USDT
2026-01-28T03:00:00Z,BTC/USDT,buy,89338.75705500,0.0025405,0.22696511,USDT
2026-01-28T03:15:00Z,BTC/USDT,sell,89092.60141500,0.0025405,0.22633975,USDT
2026-01-28T09:15:00Z,BTC/USDT,buy,89013.11431500,0.00254697,0.22671373,USDT
2026-01-28T09:30:00Z,BTC/USDT,sell,89224.46545000,0.00254697,0.22725204,USDT
2026-01-28T09:45:00Z,BTC/USDT,buy,89358.43689000,0.00253752,0.22674882,USDT
2026-01-28T15:15:00Z,BTC/USDT,sell,89026.94426000,0.00253752,0.22590765,USDT
2026-01-28T15:45:00Z,BTC/USDT,buy,89556.16570500,0.00253135,0.22669800,USDT
2026-01-28T16:15:00Z,BTC/USDT,sell,89221.77679500,0.00253135,0.22585154,USDT
2026-01-28T16:30:00Z,BTC/USDT,buy,89778.15664500,0.00252331,0.22653812,USDT
2026-01-28T16:45:00Z,BTC/USDT,sell,89524.33544000,0.00252331,0.22589765,USDT
2026-01-28T20:30:00Z,BTC/USDT,buy,89815.86549000,0.00251945,0.22628658,USDT
2026-01-28T20:30:00Z,BTC/USDT,stop_sell,89199.09028679,0.00251945,0.22473265,USDT
2026-01-29T07:30:00Z,BTC/USDT,buy,88356.87636000,0.00255997,0.22619095,USDT
2026-01-29T08:00:00Z,BTC/USDT,stop_sell,88116.90629232,0.00255997,0.22557664,USDT
2026-01-29T08:30:00Z,BTC/USDT,buy,88353.83484000,0.002557,0.22592076,USDT
2026-01-29T08:30:00Z,BTC/USDT,stop_sell,88130.74615464,0.002557,0.22535032,USDT
2026-01-29T13:00:00Z,BTC/USDT,buy,88169.92293000,0.00256448,0.22611000,USDT
2026-01-29T13:15:00Z,BTC/USDT,sell,88071.98198000,0.00256448,0.22585884,USDT
2026-01-29T13:45:00Z,BTC/USDT,buy,88137.38667000,0.00256581,0.22614379,USDT
2026-01-29T14:15:00Z,BTC/USDT,sell,87968.64367500,0.00256581,0.22571083,USDT
2026-01-29T22:45:00Z,BTC/USDT,buy,84512.68522500,0.00267489,0.22606214,USDT
2026-01-30T00:00:00Z,BTC/USDT,sell,84677.04030000,0.00267489,0.22650177,USDT
2026-01-30T07:15:00Z,BTC/USDT,buy,83020.75963500,0.00272049,0.22585715,USDT
2026-01-30T07:30:00Z,BTC/USDT,stop_sell,82544.95366232,0.00272049,0.22456272,USDT
2026-01-30T11:00:00Z,BTC/USDT,buy,82855.76718000,0.00272579,0.22584742,USDT
2026-01-30T12:00:00Z,BTC/USDT,sell,83205.69634000,0.00272579,0.22680126,USDT
2026-01-30T14:00:00Z,BTC/USDT,buy,82849.61410500,0.00273008,0.22618607,USDT
2026-01-30T15:30:00Z,BTC/USDT,sell,82530.70400500,0.00273008,0.22531542,USDT
2026-01-30T15:45:00Z,BTC/USDT,buy,83330.16426000,0.00271154,0.22595307,USDT
2026-01-30T16:00:00Z,BTC/USDT,sell,82830.94381000,0.00271154,0.22459942,USDT
2026-01-30T17:30:00Z,BTC/USDT,buy,83343.36085500,0.00270493,0.22543796,USDT
2026-01-30T18:15:00Z,BTC/USDT,sell,82830.17419500,0.00270493,0.22404982,USDT
2026-01-30T18:45:00Z,BTC/USDT,buy,83279.63901000,0.00271433,0.22604842,USDT
2026-01-30T19:15:00Z,BTC/USDT,sell,84110.38377000,0.00271433,0.22830334,USDT
2026-01-30T21:00:00Z,BTC/USDT,buy,83995.32667500,0.00268768,0.22575256,USDT
2026-01-30T23:30:00Z,BTC/USDT,sell,84052.74260500,0.00268768,0.22590688,USDT
2026-01-31T00:00:00Z,BTC/USDT,buy,84242.10000000,0.00267725,0.22553716,USDT
2026-01-31T00:15:00Z,BTC/USDT,sell,84191.23332500,0.00267725,0.22540098,USDT
2026-01-31T01:00:00Z,BTC/USDT,buy,84161.56975500,0.00268216,0.22573480,USDT
2026-01-31T01:45:00Z,BTC/USDT,sell,83978.37980500,0.00268216,0.22524345,USDT
2026-01-31T03:00:00Z,BTC/USDT,buy,84184.30111500,0.00267892,0.22552301,USDT
2026-01-31T03:30:00Z,BTC/USDT,sell,84131.95298000,0.00267892,0.22538277,USDT
2026-01-31T13:30:00Z,BTC/USDT,buy,82861.29994500,0.00272149,0.22550620,USDT
2026-01-31T13:30:00Z,BTC/USDT,stop_sell,82555.71470768,0.00272149,0.22467455,USDT
2026-02-01T11:45:00Z,BTC/USDT,buy,78870.94576500,0.00285749,0.22537294,USDT
2026-02-01T12:15:00Z,BTC/USDT,stop_sell,78371.08199929,0.00285749,0.22394458,USDT
2026-02-01T12:45:00Z,BTC/USDT,buy,78463.30204500,0.00287188,0.22533719,USDT
2026-02-01T13:00:00Z,BTC/USDT,sell,78480.71001500,0.00287188,0.22538718,USDT
2026-02-01T13:15:00Z,BTC/USDT,buy,78734.63764500,0.00285926,0.22512280,USDT
2026-02-01T13:30:00Z,BTC/USDT,sell,78617.59154000,0.00285926,0.22478813,USDT
2026-02-01T20:15:00Z,BTC/USDT,buy,77218.38990000,0.00291536,0.22511941,USDT
2026-02-01T20:15:00Z,BTC/USDT,stop_sell,76656.96662857,0.00291536,0.22348265,USDT
2026-02-02T00:30:00Z,BTC/USDT,buy,78137.41918500,0.00288404,0.22535144,USDT
2026-02-02T01:00:00Z,BTC/USDT,stop_sell,76859.96507857,0.00288404,0.22166721,USDT
2026-02-02T01:30:00Z,BTC/USDT,buy,77780.93103000,0.0028853,0.22442132,USDT
2026-02-02T02:15:00Z,BTC/USDT,sell,77159.86077000,0.0028853,0.22262935,USDT
2026-02-02T02:45:00Z,BTC/USDT,buy,76983.17235000,0.00291436,0.22435668,USDT
2026-02-02T03:00:00Z,BTC/USDT,sell,76505.72800000,0.00291436,0.22296523,USDT
2026-02-02T07:45:00Z,BTC/USDT,buy,76930.44600000,0.00292818,0.22526619,USDT
2026-02-02T08:30:00Z,BTC/USDT,sell,76635.04331000,0.00292818,0.22440120,USDT
2026-02-02T13:00:00Z,BTC/USDT,buy,78070.56577500,0.00287317,0.22431001,USDT
2026-02-02T14:15:00Z,BTC/USDT,sell,77740.20045500,0.00287317,0.22336081,USDT
2026-02-02T23:00:00Z,BTC/USDT,buy,78778.76970000,0.00284182,0.22387508,USDT
2026-02-02T23:30:00Z,BTC/USDT,sell,78616.32217500,0.00284182,0.22341344,USDT
2026-02-02T23:45:00Z,BTC/USDT,buy,78833.95728000,0.00284102,0.22396885,USDT
2026-02-03T00:00:00Z,BTC/USDT,stop_sell,78374.42354196,0.00284102,0.22266330,USDT
2026-02-03T00:30:00Z,BTC/USDT,buy,78939.21988500,0.00283485,0.22378085,USDT
2026-02-03T02:00:00Z,BTC/USDT,stop_sell,78477.46556661,0.00283485,0.22247184,USDT
2026-02-03T02:15:00Z,BTC/USDT,buy,78790.16539500,0.00284688,0.22430615,USDT
2026-02-03T02:45:00Z,BTC/USDT,sell,78339.13084000,0.00284688,0.22302210,USDT
2026-02-03T04:15:00Z,BTC/USDT,buy,78665.13291000,0.00283788,0.22324221,USDT
2026-02-03T04:30:00Z,BTC/USDT,sell,78576.29220000,0.00283788,0.22299009,USDT
2026-02-03T04:45:00Z,BTC/USDT,buy,79022.26138500,0.00282922,0.22357136,USDT
2026-02-03T05:15:00Z,BTC/USDT,sell,78468.58608000,0.00282922,0.22200489,USDT
2026-02-03T07:15:00Z,BTC/USDT,buy,78802.44153000,0.00283219,0.22318349,USDT
2026-02-03T08:15:00Z,BTC/USDT,sell,78499.90041500,0.00283219,0.22232663,USDT
2026-02-03T10:15:00Z,BTC/USDT,buy,78555.80827500,0.00284111,0.22318569,USDT
2026-02-03T10:45:00Z,BTC/USDT,sell,78125.78756500,0.00284111,0.22196396,USDT
2026-02-03T14:00:00Z,BTC/USDT,buy,78361.48116000,0.00284859,0.22321973,USDT
2026-02-03T14:30:00Z,BTC/USDT,sell,78366.34722500,0.00284859,0.22323359,USDT
2026-02-03T22:30:00Z,BTC/USDT,buy,76091.51674500,0.00293668,0.22345644,USDT
2026-02-04T02:00:00Z,BTC/USDT,sell,76373.95392000,0.00293668,0.22428586,USDT
2026-02-04T03:00:00Z,BTC/USDT,buy,75945.24364500,0.00293514,0.22290992,USDT
2026-02-04T04:30:00Z,BTC/USDT,sell,76626.43761500,0.00293514,0.22490932,USDT
2026-02-04T06:15:00Z,BTC/USDT,buy,76618.00986000,0.00291328,0.22320972,USDT
2026-02-04T06:30:00Z,BTC/USDT,sell,76497.50211500,0.00291328,0.22285864,USDT
2026-02-04T13:15:00Z,BTC/USDT,buy,76152.58726500,0.00292829,0.22299686,USDT
2026-02-04T13:15:00Z,BTC/USDT,stop_sell,75871.20934661,0.00292829,0.22217290,USDT
2026-02-04T22:30:00Z,BTC/USDT,buy,73523.50338000,0.00303139,0.22287841,USDT
2026-02-04T22:45:00Z,BTC/USDT,sell,72918.47252500,0.00303139,0.22104433,USDT
2026-02-05T11:15:00Z,BTC/USDT,buy,70862.88373500,0.00314802,0.22307778,USDT
2026-02-05T11:15:00Z,BTC/USDT,stop_sell,70172.15244339,0.00314802,0.22090334,USDT
2026-02-06T01:15:00Z,BTC/USDT,buy,64477.70274000,0.00346167,0.22320053,USDT
2026-02-06T04:00:00Z,BTC/USDT,sell,64153.18736000,0.00346167,0.22207716,USDT
2026-02-06T04:15:00Z,BTC/USDT,buy,64528.05790500,0.00344626,0.22238046,USDT
2026-02-06T05:15:00Z,BTC/USDT,sell,65571.89765000,0.00344626,0.22597781,USDT
2026-02-06T05:45:00Z,BTC/USDT,buy,66044.34567000,0.00337476,0.22288382,USDT
2026-02-06T06:15:00Z,BTC/USDT,sell,66125.77057500,0.00337476,0.22315861,USDT
2026-02-06T11:30:00Z,BTC/USDT,buy,66117.97246500,0.00337071,0.22286451,USDT
2026-02-06T12:15:00Z,BTC/USDT,sell,66299.37373000,0.00337071,0.22347596,USDT
2026-02-06T12:45:00Z,BTC/USDT,buy,66457.97238000,0.00335753,0.22313464,USDT
2026-02-06T13:30:00Z,BTC/USDT,sell,66990.61793500,0.00335753,0.22492301,USDT
2026-02-06T15:00:00Z,BTC/USDT,buy,68160.22308000,0.0032707,0.22293164,USDT
2026-02-06T15:15:00Z,BTC/USDT,sell,68000.99249500,0.0032707,0.22241085,USDT
2026-02-06T15:45:00Z,BTC/USDT,buy,68864.29494000,0.0032388,0.22303768,USDT
2026-02-06T16:00:00Z,BTC/USDT,sell,68604.88040000,0.0032388,0.22219749,USDT
2026-02-06T18:15:00Z,BTC/USDT,buy,70124.87491500,0.00317975,0.22297957,USDT
2026-02-06T18:30:00Z,BTC/USDT,sell,69592.79619500,0.00317975,0.22128769,USDT
2026-02-06T18:45:00Z,BTC/USDT,buy,70261.87338000,0.00316907,0.22266480,USDT
2026-02-06T19:00:00Z,BTC/USDT,sell,69797.99354500,0.00316907,0.22119473,USDT
2026-02-06T20:00:00Z,BTC/USDT,buy,70750.60762500,0.00314059,0.22219865,USDT
2026-02-06T20:15:00Z,BTC/USDT,sell,70470.03735500,0.00314059,0.22131749,USDT
2026-02-07T12:00:00Z,BTC/USDT,buy,67950.07806000,0.00326843,0.22209007,USDT
2026-02-07T13:45:00Z,BTC/USDT,sell,68857.07424000,0.00326843,0.22505453,USDT
2026-02-07T14:00:00Z,BTC/USDT,buy,69155.01022500,0.00322146,0.22278010,USDT
2026-02-07T14:45:00Z,BTC/USDT,sell,68738.96332500,0.00322146,0.22143982,USDT
2026-02-07T15:00:00Z,BTC/USDT,buy,68637.38154000,0.00323838,0.22227392,USDT
2026-02-07T16:30:00Z,BTC/USDT,sell,69364.87021500,0.00323838,0.22462981,USDT
2026-02-08T03:30:00Z,BTC/USDT,buy,69384.31482000,0.00320486,0.22236702,USDT
2026-02-08T03:45:00Z,BTC/USDT,sell,69241.32202000,0.00320486,0.22190874,USDT
2026-02-08T05:15:00Z,BTC/USDT,buy,69435.99064500,0.00320355,0.22244167,USDT
2026-02-08T06:00:00Z,BTC/USDT,sell,69219.49294000,0.00320355,0.22174811,USDT
2026-02-08T06:15:00Z,BTC/USDT,buy,69301.69353000,0.00320241,0.22193244,USDT
2026-02-08T06:45:00Z,BTC/USDT,sell,69350.89720500,0.00320241,0.22209001,USDT
2026-02-08T07:30:00Z,BTC/USDT,buy,69595.99060500,0.0031995,0.22267237,USDT
2026-02-08T15:30:00Z,BTC/USDT,sell,70920.73189500,0.0031995,0.22691088,USDT
2026-02-08T15:45:00Z,BTC/USDT,buy,71148.17631000,0.00312638,0.22243624,USDT
2026-02-08T16:30:00Z,BTC/USDT,stop_sell,70738.59051125,0.00312638,0.22115571,USDT
2026-02-08T19:15:00Z,BTC/USDT,buy,71290.91764500,0.00312083,0.22248683,USDT
2026-02-08T20:30:00Z,BTC/USDT,sell,71024.38004500,0.00312083,0.22165502,USDT
2026-02-08T20:45:00Z,BTC/USDT,buy,71149.44694500,0.00312402,0.22227230,USDT
2026-02-08T20:45:00Z,BTC/USDT,stop_sell,70805.08938804,0.00312402,0.22119652,USDT
2026-02-08T22:15:00Z,BTC/USDT,buy,70870.24741500,0.00313741,0.22234902,USDT
2026-02-08T23:15:00Z,BTC/USDT,stop_sell,70425.01416357,0.00313741,0.22095214,USDT
2026-02-09T02:45:00Z,BTC/USDT,buy,70859.67213000,0.00313048,0.22182479,USDT
2026-02-09T03:00:00Z,BTC/USDT,sell,70629.91737500,0.00313048,0.22110554,USDT
2026-02-09T04:30:00Z,BTC/USDT,buy,71211.63802500,0.00311402,0.22175447,USDT
2026-02-09T06:15:00Z,BTC/USDT,stop_sell,70723.10076000,0.00311402,0.22023315,USDT
2026-02-09T06:30:00Z,BTC/USDT,buy,70504.21449000,0.00314778,0.22193176,USDT
2026-02-09T07:30:00Z,BTC/USDT,sell,70630.97684500,0.00314778,0.22233078,USDT
2026-02-09T23:15:00Z,BTC/USDT,buy,70528.56666000,0.00314612,0.22189133,USDT
2026-02-09T23:30:00Z,BTC/USDT,sell,70273.33575500,0.00314612,0.22108835,USDT
2026-02-10T02:15:00Z,BTC/USDT,buy,70433.28904500,0.0031501,0.22187190,USDT
2026-02-10T02:45:00Z,BTC/USDT,sell,70077.93350500,0.0031501,0.22075250,USDT
2026-02-10T14:30:00Z,BTC/USDT,buy,69243.55447500,0.00319841,0.22146928,USDT
2026-02-10T14:30:00Z,BTC/USDT,stop_sell,68832.32911875,0.00319841,0.22015401,USDT
2026-02-10T15:30:00Z,BTC/USDT,buy,69409.68750000,0.00319415,0.22170495,USDT
2026-02-10T18:30:00Z,BTC/USDT,sell,69129.18811500,0.00319415,0.22080900,USDT
2026-02-10T19:30:00Z,BTC/USDT,buy,69004.54503000,0.0032145,0.22181511,USDT
2026-02-10T20:15:00Z,BTC/USDT,sell,68795.26516000,0.0032145,0.22114238,USDT
2026-02-11T11:30:00Z,BTC/USDT,buy,67072.08928500,0.0032975,0.22117021,USDT
2026-02-11T13:15:00Z,BTC/USDT,sell,66885.15069500,0.0032975,0.22055378,USDT
2026-02-11T13:45:00Z,BTC/USDT,buy,67245.80610000,0.00329164,0.22134899,USDT
2026-02-11T14:30:00Z,BTC/USDT,sell,67955.23538500,0.00329164,0.22368417,USDT
2026-02-11T15:45:00Z,BTC/USDT,buy,66812.84973000,0.00331276,0.22133494,USDT
2026-02-11T16:00:00Z,BTC/USDT,sell,66476.85494500,0.00331276,0.22022187,USDT
2026-02-11T19:30:00Z,BTC/USDT,buy,67374.70051500,0.0032788,0.22090817,USDT
2026-02-11T23:15:00Z,BTC/USDT,sell,67293.64634500,0.0032788,0.22064241,USDT
2026-02-12T09:45:00Z,BTC/USDT,buy,67449.31780500,0.00327972,0.22121488,USDT
2026-02-12T10:30:00Z,BTC/USDT,sell,67664.27094000,0.00327972,0.22191986,USDT
2026-02-12T13:00:00Z,BTC/USDT,buy,67898.33220000,0.00326469,0.22166701,USDT
2026-02-12T15:00:00Z,BTC/USDT,stop_sell,67355.60749179,0.00326469,0.21989518,USDT
2026-02-12T15:30:00Z,BTC/USDT,buy,67877.15161500,0.00325874,0.22119399,USDT
2026-02-12T15:30:00Z,BTC/USDT,stop_sell,67221.65735750,0.00325874,0.21905790,USDT
2026-02-12T22:45:00Z,BTC/USDT,buy,66219.05298000,0.00333605,0.22091007,USDT
2026-02-12T23:45:00Z,BTC/USDT,sell,66201.94247000,0.00333605,0.22085299,USDT
2026-02-13T01:00:00Z,BTC/USDT,buy,65984.67585000,0.00334768,0.22089558,USDT
2026-02-13T02:00:00Z,BTC/USDT,sell,66394.32623000,0.00334768,0.22226696,USDT
2026-02-13T09:00:00Z,BTC/USDT,buy,66705.23595000,0.00331345,0.22102446,USDT
2026-02-13T10:15:00Z,BTC/USDT,sell,66965.16067000,0.00331345,0.22188571,USDT
2026-02-13T14:30:00Z,BTC/USDT,buy,67348.76755500,0.0032809,0.22096457,USDT
2026-02-13T14:30:00Z,BTC/USDT,stop_sell,66975.11997357,0.0032809,0.21973867,USDT
2026-02-14T00:45:00Z,BTC/USDT,buy,69060.80314500,0.00319732,0.22080949,USDT
2026-02-14T02:00:00Z,BTC/USDT,sell,68913.48602000,0.00319732,0.22033847,USDT
2026-02-14T02:45:00Z,BTC/USDT,buy,68978.63208000,0.00319945,0.22069368,USDT
2026-02-14T03:00:00Z,BTC/USDT,sell,68859.01327000,0.00319945,0.22031097,USDT
2026-02-14T07:30:00Z,BTC/USDT,buy,69027.10630500,0.00319806,0.22075283,USDT
2026-02-14T08:30:00Z,BTC/USDT,sell,69474.64530000,0.00319806,0.22218408,USDT
2026-02-14T08:45:00Z,BTC/USDT,buy,69784.87500000,0.00316578,0.22092356,USDT
2026-02-14T10:00:00Z,BTC/USDT,sell,69581.39190000,0.00316578,0.22027938,USDT
2026-02-14T11:15:00Z,BTC/USDT,buy,70145.30512500,0.00314606,0.22068134,USDT
2026-02-14T12:45:00Z,BTC/USDT,sell,70006.47925000,0.00314606,0.22024458,USDT
2026-02-14T22:00:00Z,BTC/USDT,buy,69954.49977000,0.00315287,0.22055744,USDT
2026-02-14T23:00:00Z,BTC/USDT,sell,69896.69417000,0.00315287,0.22037519,USDT
2026-02-15T00:00:00Z,BTC/USDT,buy,69885.21514500,0.00315591,0.22055145,USDT
2026-02-15T00:15:00Z,BTC/USDT,sell,69701.82165500,0.00315591,0.21997268,USDT
2026-02-15T01:15:00Z,BTC/USDT,buy,69741.56335500,0.00315265,0.21987074,USDT
2026-02-15T01:15:00Z,BTC/USDT,stop_sell,69651.83023464,0.00315265,0.21958784,USDT
2026-02-15T04:15:00Z,BTC/USDT,buy,70469.91735000,0.00312863,0.22047430,USDT
2026-02-15T05:00:00Z,BTC/USDT,sell,70138.76307500,0.00312863,0.21943824,USDT
2026-02-15T05:30:00Z,BTC/USDT,buy,70408.66674000,0.00313187,0.22051079,USDT
2026-02-15T06:00:00Z,BTC/USDT,sell,70222.60113500,0.00313187,0.21992806,USDT
2026-02-15T11:00:00Z,BTC/USDT,buy,70522.03339500,0.00312062,0.22007247,USDT
2026-02-15T11:45:00Z,BTC/USDT,sell,70231.10688000,0.00312062,0.21916460,USDT
2026-02-15T22:30:00Z,BTC/USDT,buy,69006.32592000,0.00318754,0.21996042,USDT
2026-02-15T23:00:00Z,BTC/USDT,stop_sell,68656.55954750,0.00318754,0.21884553,USDT
2026-02-15T23:30:00Z,BTC/USDT,buy,68776.81122000,0.00320256,0.22026186,USDT
2026-02-16T02:00:00Z,BTC/USDT,sell,68555.70500000,0.00320256,0.21955376,USDT
2026-02-16T04:15:00Z,BTC/USDT,buy,68694.71019000,0.00319956,0.21979285,USDT
2026-02-16T04:45:00Z,BTC/USDT,sell,68725.51005500,0.00319956,0.21989139,USDT
2026-02-16T07:15:00Z,BTC/USDT,buy,68659.54261500,0.00320233,0.21987051,USDT
2026-02-16T09:00:00Z,BTC/USDT,sell,68749.24818000,0.00320233,0.22015778,USDT
2026-02-16T09:15:00Z,BTC/USDT,buy,68846.20590000,0.00318917,0.21956225,USDT
2026-02-16T09:45:00Z,BTC/USDT,sell,68981.21214000,0.00318917,0.21999281,USDT
2026-02-16T11:45:00Z,BTC/USDT,buy,68713.93980000,0.00320056,0.21992309,USDT
2026-02-16T13:30:00Z,BTC/USDT,sell,68566.60954500,0.00320056,0.21945155,USDT
2026-02-17T10:15:00Z,BTC/USDT,buy,67958.96250000,0.00322334,0.21905484,USDT
2026-02-17T10:15:00Z,BTC/USDT,stop_sell,67891.03750000,0.00322334,0.21883590,USDT
2026-02-17T13:30:00Z,BTC/USDT,buy,68066.07603000,0.00321553,0.21886851,USDT
2026-02-17T13:30:00Z,BTC/USDT,stop_sell,67995.58055946,0.00321553,0.21864183,USDT
2026-02-17T14:00:00Z,BTC/USDT,buy,68190.84838500,0.00322253,0.21974705,USDT
2026-02-17T14:30:00Z,BTC/USDT,sell,67995.98500000,0.00322253,0.21911910,USDT
2026-02-18T03:45:00Z,BTC/USDT,buy,67689.71794500,0.003245,0.21965313,USDT
2026-02-18T08:45:00Z,BTC/USDT,sell,68124.53069500,0.003245,0.22106410,USDT
2026-02-18T09:00:00Z,BTC/USDT,buy,68127.05650500,0.00322485,0.21969954,USDT
2026-02-18T10:30:00Z,BTC/USDT,stop_sell,67826.90743821,0.00322485,0.21873160,USDT
2026-02-18T10:45:00Z,BTC/USDT,buy,67823.69490000,0.00323692,0.21953987,USDT
2026-02-18T11:00:00Z,BTC/USDT,stop_sell,67533.20721893,0.00323692,0.21859959,USDT
2026-02-18T15:45:00Z,BTC/USDT,buy,67876.55131500,0.00322126,0.21864802,USDT
2026-02-18T15:45:00Z,BTC/USDT,stop_sell,67664.50403768,0.00322126,0.21796496,USDT
2026-02-18T16:00:00Z,BTC/USDT,buy,67695.56086500,0.00323867,0.21924358,USDT
2026-02-18T16:00:00Z,BTC/USDT,stop_sell,67231.19972679,0.00323867,0.21773967,USDT
2026-02-19T02:00:00Z,BTC/USDT,buy,66855.56107500,0.00327491,0.21894595,USDT
2026-02-19T02:30:00Z,BTC/USDT,stop_sell,66640.00154518,0.00327491,0.21824001,USDT
2026-02-19T07:00:00Z,BTC/USDT,buy,67199.60301000,0.00325816,0.21894706,USDT
2026-02-19T08:15:00Z,BTC/USDT,stop_sell,66981.60208804,0.00325816,0.21823678,USDT
2026-02-19T09:30:00Z,BTC/USDT,buy,67163.65504500,0.00326119,0.21903344,USDT
2026-02-19T09:45:00Z,BTC/USDT,stop_sell,66868.24915000,0.00326119,0.21807007,USDT
2026-02-19T10:15:00Z,BTC/USDT,buy,66906.18637500,0.0032708,0.21883675,USDT
2026-02-19T11:00:00Z,BTC/USDT,sell,66809.76840500,0.0032708,0.21852139,USDT
2026-02-19T17:15:00Z,BTC/USDT,buy,66695.83125000,0.00328181,0.21888305,USDT
2026-02-19T18:00:00Z,BTC/USDT,sell,66323.96143000,0.00328181,0.21766264,USDT
2026-02-19T18:15:00Z,BTC/USDT,buy,66670.06837500,0.00328139,0.21877050,USDT
2026-02-19T20:30:00Z,BTC/USDT,sell,66946.31010000,0.00328139,0.21967695,USDT
2026-02-20T05:30:00Z,BTC/USDT,buy,67454.22025500,0.00324302,0.21875539,USDT
2026-02-20T09:45:00Z,BTC/USDT,sell,68125.64014000,0.00324302,0.22093281,USDT
2026-02-21T02:30:00Z,BTC/USDT,buy,68116.04100000,0.0032151,0.21899988,USDT
2026-02-21T03:00:00Z,BTC/USDT,stop_sell,67859.43652268,0.0032151,0.21817487,USDT
2026-02-21T06:15:00Z,BTC/USDT,buy,67918.79242500,0.00321847,0.21859460,USDT
2026-02-21T06:30:00Z,BTC/USDT,sell,67834.82562000,0.00321847,0.21832435,USDT
2026-02-21T08:00:00Z,BTC/USDT,buy,67897.60183500,0.00322078,0.21868324,USDT
2026-02-21T10:00:00Z,BTC/USDT,sell,68154.67561500,0.00322078,0.21951122,USDT
2026-02-21T10:15:00Z,BTC/USDT,buy,68233.24957500,0.00320554,0.21872441,USDT
2026-02-21T11:45:00Z,BTC/USDT,sell,68090.54769500,0.00320554,0.21826697,USDT
2026-02-21T21:15:00Z,BTC/USDT,buy,68332.41913500,0.00320047,0.21869586,USDT
2026-02-21T21:45:00Z,BTC/USDT,sell,68312.81650500,0.00320047,0.21863312,USDT
2026-02-21T22:00:00Z,BTC/USDT,buy,68446.50615000,0.00319517,0.21869822,USDT
2026-02-21T22:15:00Z,BTC/USDT,sell,68246.18983500,0.00319517,0.21805818,USDT
2026-02-22T03:45:00Z,BTC/USDT,buy,67995.74088000,0.00321296,0.21846760,USDT
2026-02-22T04:15:00Z,BTC/USDT,sell,68055.86504500,0.00321296,0.21866077,USDT
2026-02-22T04:45:00Z,BTC/USDT,buy,68059.43271000,0.00320924,0.21841905,USDT
2026-02-22T05:00:00Z,BTC/USDT,sell,67961.78211000,0.00320924,0.21810567,USDT
2026-02-22T05:15:00Z,BTC/USDT,buy,67939.34269500,0.00321556,0.21846303,USDT
2026-02-22T05:30:00Z,BTC/USDT,sell,67925.92005000,0.00321556,0.21841987,USDT
2026-02-22T06:30:00Z,BTC/USDT,buy,68182.88440500,0.0032026,0.21836251,USDT
2026-02-22T06:45:00Z,BTC/USDT,sell,68016.90453500,0.0032026,0.21783094,USDT
2026-02-22T07:30:00Z,BTC/USDT,buy,68093.09953500,0.00320698,0.21837321,USDT
2026-02-22T08:00:00Z,BTC/USDT,sell,67974.43578000,0.00320698,0.21799266,USDT
2026-02-22T09:15:00Z,BTC/USDT,buy,68092.92945000,0.00320659,0.21834611,USDT
2026-02-22T09:30:00Z,BTC/USDT,sell,68012.82657500,0.00320659,0.21808925,USDT
2026-02-22T09:45:00Z,BTC/USDT,buy,68085.37567500,0.00320491,0.21820750,USDT
2026-02-22T12:15:00Z,BTC/USDT,sell,68028.84856000,0.00320491,0.21802634,USDT
2026-02-22T13:15:00Z,BTC/USDT,buy,68004.56529000,0.00320658,0.21806208,USDT
2026-02-22T13:30:00Z,BTC/USDT,sell,67938.09396000,0.00320658,0.21784893,USDT
2026-02-22T19:45:00Z,BTC/USDT,buy,67515.24075000,0.00323047,0.21810596,USDT
2026-02-22T20:00:00Z,BTC/USDT,sell,67399.46341000,0.00323047,0.21773194,USDT
2026-02-22T22:45:00Z,BTC/USDT,buy,67732.75945500,0.00321903,0.21803378,USDT
2026-02-22T23:00:00Z,BTC/USDT,stop_sell,67518.56632875,0.00321903,0.21734429,USDT
2026-02-22T23:30:00Z,BTC/USDT,buy,67595.49085500,0.00322299,0.21785959,USDT
2026-02-23T00:30:00Z,BTC/USDT,sell,67398.87370500,0.00322299,0.21722590,USDT
2026-02-23T06:15:00Z,BTC/USDT,buy,65412.87009000,0.00333279,0.21800736,USDT
2026-02-23T06:30:00Z,BTC/USDT,sell,65329.99866000,0.00333279,0.21773117,USDT
2026-02-23T09:15:00Z,BTC/USDT,buy,65773.36024500,0.00330867,0.21762234,USDT
2026-02-23T10:00:00Z,BTC/USDT,sell,66321.03289500,0.00330867,0.21943441,USDT
2026-02-23T22:15:00Z,BTC/USDT,buy,64977.69261000,0.00335325,0.21788645,USDT
2026-02-23T22:45:00Z,BTC/USDT,sell,64774.53653000,0.00335325,0.21720521,USDT
2026-02-24T00:45:00Z,BTC/USDT,buy,64932.99027000,0.00335389,0.21777811,USDT
2026-02-24T01:00:00Z,BTC/USDT,stop_sell,64608.85941000,0.00335389,0.21669101,USDT
2026-02-24T10:15:00Z,BTC/USDT,buy,63323.02569000,0.00344045,0.21785970,USDT
2026-02-24T11:15:00Z,BTC/USDT,sell,63169.44947500,0.00344045,0.21733133,USDT
2026-02-24T11:45:00Z,BTC/USDT,buy,63209.45893500,0.00344117,0.21751449,USDT
2026-02-24T12:00:00Z,BTC/USDT,sell,63170.31904000,0.00344117,0.21737981,USDT
2026-02-24T12:30:00Z,BTC/USDT,buy,63352.36035000,0.00343301,0.21748929,USDT
2026-02-24T12:30:00Z,BTC/USDT,stop_sell,63128.91475250,0.00343301,0.21672220,USDT
2026-02-24T14:45:00Z,BTC/USDT,buy,63373.04068500,0.00343266,0.21753810,USDT
2026-02-24T15:15:00Z,BTC/USDT,sell,63572.51784000,0.00343266,0.21822284,USDT
2026-02-24T20:00:00Z,BTC/USDT,buy,64480.62420000,0.00337209,0.21743447,USDT
2026-02-24T20:15:00Z,BTC/USDT,sell,64451.26824500,0.00337209,0.21733548,USDT
2026-02-26T04:15:00Z,BTC/USDT,buy,68589.57765000,0.00317184,0.21755517,USDT
2026-02-26T05:00:00Z,BTC/USDT,sell,68550.29770500,0.00317184,0.21743058,USDT
2026-02-26T05:30:00Z,BTC/USDT,buy,68363.92488000,0.00317765,0.21723663,USDT
2026-02-26T06:00:00Z,BTC/USDT,sell,68422.80148500,0.00317765,0.21742372,USDT
2026-02-26T10:00:00Z,BTC/USDT,buy,68621.01336000,0.00316995,0.21752518,USDT
2026-02-26T10:30:00Z,BTC/USDT,sell,68258.74355500,0.00316995,0.21637680,USDT
2026-02-26T12:30:00Z,BTC/USDT,buy,68204.20506000,0.00318131,0.21697872,USDT
2026-02-26T13:15:00Z,BTC/USDT,sell,67992.55671500,0.00318131,0.21630540,USDT
2026-02-26T13:30:00Z,BTC/USDT,buy,68193.32962500,0.00318492,0.21719030,USDT
2026-02-26T13:45:00Z,BTC/USDT,stop_sell,67886.27452554,0.00318492,0.21621235,USDT
2026-02-26T20:00:00Z,BTC/USDT,buy,67673.01960000,0.00320598,0.21695835,USDT
2026-02-26T21:15:00Z,BTC/USDT,sell,67343.95118000,0.00320598,0.21590336,USDT
2026-02-26T21:30:00Z,BTC/USDT,buy,67509.42784500,0.00321321,0.21692197,USDT
2026-02-26T22:00:00Z,BTC/USDT,sell,67421.33247000,0.00321321,0.21663890,USDT
2026-02-27T02:45:00Z,BTC/USDT,buy,67439.50290000,0.00321428,0.21676945,USDT
2026-02-27T03:00:00Z,BTC/USDT,sell,67234.17609500,0.00321428,0.21610947,USDT
2026-02-27T09:15:00Z,BTC/USDT,buy,68040.14307000,0.00318844,0.21694191,USDT
2026-02-27T09:30:00Z,BTC/USDT,stop_sell,67678.89005536,0.00318844,0.21579008,USDT
2026-02-27T21:30:00Z,BTC/USDT,buy,65737.64239500,0.00329644,0.21670019,USDT
2026-02-27T22:30:00Z,BTC/USDT,stop_sell,65383.50189500,0.00329644,0.21553279,USDT
2026-02-27T23:00:00Z,BTC/USDT,buy,65667.70744500,0.00329715,0.21651628,USDT
2026-02-28T01:30:00Z,BTC/USDT,sell,65769.75867000,0.00329715,0.21685276,USDT
2026-02-28T11:30:00Z,BTC/USDT,buy,64265.14651500,0.00336896,0.21650671,USDT
2026-02-28T11:45:00Z,BTC/USDT,stop_sell,63853.71681304,0.00336896,0.21512062,USDT
2026-02-28T13:15:00Z,BTC/USDT,buy,64095.05151000,0.00337675,0.21643297,USDT
2026-02-28T14:15:00Z,BTC/USDT,sell,64773.76691500,0.00337675,0.21872482,USDT
2026-02-28T19:45:00Z,BTC/USDT,buy,66410.36859000,0.00326113,0.21657285,USDT
2026-02-28T20:15:00Z,BTC/USDT,sell,66548.58906000,0.00326113,0.21702360,USDT
2026-03-01T14:00:00Z,BTC/USDT,buy,66998.73262500,0.0032331,0.21661360,USDT
2026-03-01T14:15:00Z,BTC/USDT,sell,67075.14565000,0.0032331,0.21686065,USDT
2026-03-01T14:45:00Z,BTC/USDT,buy,66839.90325000,0.00323856,0.21646504,USDT
2026-03-01T15:00:00Z,BTC/USDT,sell,66810.36810500,0.00323856,0.21636939,USDT
2026-03-01T16:30:00Z,BTC/USDT,buy,67055.31090000,0.00322793,0.21644985,USDT
2026-03-01T16:45:00Z,BTC/USDT,stop_sell,66542.81980321,0.00322793,0.21479556,USDT
2026-03-01T18:15:00Z,BTC/USDT,buy,66446.19649500,0.00325672,0.21639666,USDT
2026-03-01T18:45:00Z,BTC/USDT,sell,66360.76302000,0.00325672,0.21611842,USDT
2026-03-01T22:15:00Z,BTC/USDT,buy,66071.40919500,0.00327453,0.21635281,USDT
2026-03-01T22:30:00Z,BTC/USDT,sell,65884.78113000,0.00327453,0.21574169,USDT
2026-03-02T00:15:00Z,BTC/USDT,buy,66004.17559500,0.00326981,0.21582111,USDT
2026-03-02T01:30:00Z,BTC/USDT,sell,66597.99434500,0.00326981,0.21776279,USDT
2026-03-02T04:30:00Z,BTC/USDT,buy,67001.22387000,0.00323991,0.21707794,USDT
2026-03-02T05:30:00Z,BTC/USDT,sell,66712.94684000,0.00323991,0.21614394,USDT
2026-03-02T05:45:00Z,BTC/USDT,buy,66986.95674000,0.00322526,0.21605035,USDT
2026-03-02T06:00:00Z,BTC/USDT,sell,66528.72899500,0.00322526,0.21457245,USDT
2026-03-02T07:00:00Z,BTC/USDT,buy,66216.27159000,0.00326064,0.21590742,USDT
2026-03-02T07:00:00Z,BTC/USDT,stop_sell,65882.14958929,0.00326064,0.21481797,USDT
2026-03-02T14:45:00Z,BTC/USDT,buy,66638.00235000,0.00324093,0.21596910,USDT
2026-03-02T15:30:00Z,BTC/USDT,sell,68620.58254500,0.00324093,0.22239450,USDT
2026-03-02T18:00:00Z,BTC/USDT,buy,69212.25883500,0.00312609,0.21636375,USDT
2026-03-02T19:30:00Z,BTC/USDT,sell,68800.28265000,0.00312609,0.21507588,USDT
2026-03-02T20:45:00Z,BTC/USDT,buy,69259.96267500,0.00312329,0.21631895,USDT
2026-03-02T21:00:00Z,BTC/USDT,sell,69113.92575000,0.00312329,0.21586283,USDT
2026-03-02T22:30:00Z,BTC/USDT,buy,69408.82707000,0.00311445,0.21617032,USDT
2026-03-02T22:45:00Z,BTC/USDT,sell,69398.04362000,0.00311445,0.21613674,USDT
2026-03-03T00:00:00Z,BTC/USDT,buy,68915.57056500,0.00313976,0.21637835,USDT
2026-03-03T00:15:00Z,BTC/USDT,sell,68772.24667500,0.00313976,0.21592835,USDT
2026-03-03T00:45:00Z,BTC/USDT,buy,69139.56250500,0.00312417,0.21600375,USDT
2026-03-03T01:30:00Z,BTC/USDT,sell,68863.94080500,0.00312417,0.21514266,USDT
2026-03-03T14:15:00Z,BTC/USDT,buy,67157.56200000,0.00321279,0.21576314,USDT
2026-03-03T14:30:00Z,BTC/USDT,stop_sell,66706.06028500,0.00321279,0.21431256,USDT
2026-03-03T15:00:00Z,BTC/USDT,buy,66664.03536000,0.00324032,0.21601281,USDT
2026-03-03T16:45:00Z,BTC/USDT,sell,67723.79116500,0.00324032,0.21944675,USDT
2026-03-03T17:00:00Z,BTC/USDT,buy,68196.47119500,0.00316702,0.21597959,USDT
2026-03-03T18:15:00Z,BTC/USDT,sell,68123.23134500,0.00316702,0.21574764,USDT
2026-03-03T18:30:00Z,BTC/USDT,buy,68500.06291500,0.00315299,0.21598001,USDT
2026-03-03T19:00:00Z,BTC/USDT,sell,68589.48810000,0.00315299,0.21626197,USDT
2026-03-03T19:30:00Z,BTC/USDT,buy,68705.21544000,0.00313668,0.21550628,USDT
2026-03-03T20:30:00Z,BTC/USDT,sell,68361.05237500,0.00313668,0.21442675,USDT
2026-03-03T20:45:00Z,BTC/USDT,buy,68486.50614000,0.00315228,0.21588864,USDT
2026-03-03T21:00:00Z,BTC/USDT,sell,68212.92647500,0.00315228,0.21502624,USDT
2026-03-03T21:30:00Z,BTC/USDT,buy,67970.30817000,0.00317302,0.21567115,USDT
2026-03-03T21:45:00Z,BTC/USDT,sell,67980.64267500,0.00317302,0.21570394,USDT
2026-03-03T22:00:00Z,BTC/USDT,buy,68089.01749500,0.00316951,0.21580882,USDT
2026-03-03T22:45:00Z,BTC/USDT,sell,68365.80000000,0.00316951,0.21668609,USDT
2026-03-04T05:45:00Z,BTC/USDT,buy,68184.07500000,0.00315929,0.21541327,USDT
2026-03-04T06:15:00Z,BTC/USDT,sell,68179.20334500,0.00315929,0.21539788,USDT
2026-03-04T06:45:00Z,BTC/USDT,buy,68714.68017000,0.00314149,0.21586648,USDT
2026-03-04T10:00:00Z,BTC/USDT,sell,71512.89566500,0.00314149,0.22465705,USDT
2026-03-04T10:15:00Z,BTC/USDT,buy,71663.34376500,0.00301199,0.21584927,USDT
2026-03-04T10:30:00Z,BTC/USDT,sell,71493.12555500,0.00301199,0.21533658,USDT
2026-03-04T14:45:00Z,BTC/USDT,buy,71444.79454500,0.00302662,0.21623624,USDT
2026-03-04T15:00:00Z,BTC/USDT,sell,71600.88165000,0.00302662,0.21670866,USDT
2026-03-04T16:45:00Z,BTC/USDT,buy,73136.55000000,0.00295463,0.21609144,USDT
2026-03-04T17:30:00Z,BTC/USDT,sell,73040.06170000,0.00295463,0.21580636,USDT
2026-03-05T04:15:00Z,BTC/USDT,buy,72729.20643000,0.00297535,0.21639484,USDT
2026-03-05T05:15:00Z,BTC/USDT,sell,72754.51454500,0.00297535,0.21647014,USDT
2026-03-05T14:30:00Z,BTC/USDT,buy,72662.39304000,0.00297961,0.21650559,USDT
2026-03-05T14:30:00Z,BTC/USDT,stop_sell,72136.46907946,0.00297961,0.21493854,USDT
2026-03-05T21:00:00Z,BTC/USDT,buy,71307.88612500,0.00303152,0.21617128,USDT
2026-03-05T21:15:00Z,BTC/USDT,sell,71276.04415000,0.00303152,0.21607475,USDT
2026-03-06T02:30:00Z,BTC/USDT,buy,71356.92063000,0.00302723,0.21601381,USDT
2026-03-06T03:15:00Z,BTC/USDT,sell,71002.76086000,0.00302723,0.21494169,USDT
2026-03-06T08:00:00Z,BTC/USDT,buy,71020.12231500,0.00303521,0.21556099,USDT
2026-03-06T08:15:00Z,BTC/USDT,sell,70927.34858500,0.00303521,0.21527940,USDT
2026-03-06T10:00:00Z,BTC/USDT,buy,70604.14443000,0.00306072,0.21609952,USDT
2026-03-06T11:30:00Z,BTC/USDT,sell,70498.71301000,0.00306072,0.21577682,USDT
2026-03-07T00:45:00Z,BTC/USDT,buy,68310.71829000,0.00315934,0.21581678,USDT
2026-03-07T02:30:00Z,BTC/USDT,sell,68077.46424000,0.00315934,0.21507986,USDT
2026-03-07T03:00:00Z,BTC/USDT,buy,68404.58520000,0.0031549,0.21580963,USDT
2026-03-07T03:30:00Z,BTC/USDT,sell,68197.17435500,0.0031549,0.21515527,USDT
2026-03-07T04:45:00Z,BTC/USDT,buy,68152.99947000,0.00316305,0.21557134,USDT
2026-03-07T05:00:00Z,BTC/USDT,sell,68031.24736000,0.00316305,0.21518624,USDT
2026-03-07T13:15:00Z,BTC/USDT,buy,68100.53325000,0.00316718,0.21568665,USDT
2026-03-07T14:00:00Z,BTC/USDT,sell,67872.93655500,0.00316718,0.21496581,USDT
2026-03-07T14:45:00Z,BTC/USDT,buy,68062.33416000,0.00316435,0.21537305,USDT
2026-03-07T15:00:00Z,BTC/USDT,sell,67971.04747500,0.00316435,0.21508418,USDT
2026-03-08T00:15:00Z,BTC/USDT,buy,67463.97513000,0.00319425,0.21549680,USDT
2026-03-08T00:30:00Z,BTC/USDT,sell,67322.60186000,0.00319425,0.21504522,USDT
2026-03-08T00:45:00Z,BTC/USDT,buy,67294.95066000,0.00319781,0.21519647,USDT
2026-03-08T01:00:00Z,BTC/USDT,sell,67161.91224500,0.00319781,0.21477103,USDT
2026-03-08T05:45:00Z,BTC/USDT,buy,67213.07974500,0.00320285,0.21527341,USDT
2026-03-08T06:00:00Z,BTC/USDT,sell,67158.28406000,0.00320285,0.21509791,USDT
2026-03-08T07:15:00Z,BTC/USDT,buy,67440.87358500,0.00319088,0.21519573,USDT
2026-03-08T07:30:00Z,BTC/USDT,sell,67333.28651500,0.00319088,0.21485244,USDT
2026-03-08T07:45:00Z,BTC/USDT,buy,67327.32684000,0.003195,0.21511081,USDT
2026-03-08T10:00:00Z,BTC/USDT,sell,67717.77417500,0.003195,0.21635829,USDT
2026-03-08T10:30:00Z,BTC/USDT,buy,68064.01500000,0.00315588,0.21480186,USDT
2026-03-08T10:30:00Z,BTC/USDT,stop_sell,67914.67960161,0.00315588,0.21433058,USDT
2026-03-08T12:45:00Z,BTC/USDT,buy,67397.93212500,0.00318739,0.21482349,USDT
2026-03-08T13:00:00Z,BTC/USDT,stop_sell,67096.79553393,0.00318739,0.21386366,USDT
2026-03-08T19:30:00Z,BTC/USDT,buy,67263.72505500,0.00319727,0.21506029,USDT
2026-03-08T19:45:00Z,BTC/USDT,sell,67359.20355000,0.00319727,0.21536556,USDT
2026-03-09T03:00:00Z,BTC/USDT,buy,66642.18444000,0.00322649,0.21502034,USDT
2026-03-09T03:30:00Z,BTC/USDT,sell,67216.31503000,0.00322649,0.21687277,USDT
2026-03-09T06:00:00Z,BTC/USDT,buy,67946.10607500,0.00317035,0.21541294,USDT
2026-03-09T06:15:00Z,BTC/USDT,sell,67641.34241000,0.00317035,0.21444673,USDT
2026-03-09T07:00:00Z,BTC/USDT,buy,67271.08873500,0.00319524,0.21494727,USDT
2026-03-09T07:30:00Z,BTC/USDT,sell,67220.91273000,0.00319524,0.21478695,USDT
2026-03-09T07:45:00Z,BTC/USDT,buy,67456.24126500,0.00318514,0.21485757,USDT
2026-03-09T08:00:00Z,BTC/USDT,sell,67529.18851500,0.00318514,0.21508992,USDT
2026-03-09T08:30:00Z,BTC/USDT,buy,67809.97804500,0.00316911,0.21489728,USDT
2026-03-09T09:15:00Z,BTC/USDT,sell,67829.61822500,0.00316911,0.21495952,USDT
2026-03-09T09:30:00Z,BTC/USDT,buy,67989.29766000,0.00315903,0.21478023,USDT
2026-03-09T10:15:00Z,BTC/USDT,sell,67827.49928500,0.00315903,0.21426911,USDT
2026-03-09T11:15:00Z,BTC/USDT,buy,67560.08316000,0.00317166,0.21427761,USDT
2026-03-09T11:15:00Z,BTC/USDT,stop_sell,67353.17763589,0.00317166,0.21362138,USDT
2026-03-09T11:30:00Z,BTC/USDT,buy,67570.21822500,0.00318137,0.21496587,USDT
2026-03-09T13:00:00Z,BTC/USDT,sell,68149.41824500,0.00318137,0.21680851,USDT
2026-03-09T13:15:00Z,BTC/USDT,buy,68418.59220000,0.00313685,0.21461886,USDT
2026-03-09T14:00:00Z,BTC/USDT,sell,68963.24113000,0.00313685,0.21632734,USDT
2026-03-09T14:45:00Z,BTC/USDT,buy,69434.23977000,0.00309922,0.21519198,USDT
2026-03-09T15:30:00Z,BTC/USDT,stop_sell,68781.92005018,0.00309922,0.21317030,USDT
2026-03-09T16:15:00Z,BTC/USDT,buy,68838.58209000,0.00311984,0.21476536,USDT
2026-03-09T17:00:00Z,BTC/USDT,sell,68959.40305000,0.00311984,0.21514230,USDT
2026-03-09T17:15:00Z,BTC/USDT,buy,68924.64510000,0.00311246,0.21452520,USDT
2026-03-09T17:30:00Z,BTC/USDT,sell,68581.29220000,0.00311246,0.21345653,USDT
2026-03-09T23:45:00Z,BTC/USDT,buy,68534.25000000,0.00313082,0.21456840,USDT
2026-03-10T00:00:00Z,BTC/USDT,sell,68370.32773500,0.00313082,0.21405519,USDT
2026-03-10T00:30:00Z,BTC/USDT,buy,68962.04379000,0.00310793,0.21432920,USDT
2026-03-10T01:45:00Z,BTC/USDT,sell,68940.05273000,0.00310793,0.21426086,USDT
2026-03-10T02:00:00Z,BTC/USDT,buy,69313.88962500,0.0030936,0.21442945,USDT
2026-03-10T06:00:00Z,BTC/USDT,sell,69906.08947000,0.0030936,0.21626148,USDT
2026-03-10T06:15:00Z,BTC/USDT,buy,69876.63085500,0.00307162,0.21463446,USDT
2026-03-10T06:45:00Z,BTC/USDT,sell,69925.82959500,0.00307162,0.21478558,USDT
2026-03-10T07:00:00Z,BTC/USDT,buy,69973.85944500,0.00306587,0.21453076,USDT
2026-03-10T07:30:00Z,BTC/USDT,sell,70304.86998000,0.00306587,0.21554559,USDT
2026-03-10T08:00:00Z,BTC/USDT,buy,70530.24750000,0.00305092,0.21518214,USDT
2026-03-10T09:00:00Z,BTC/USDT,sell,70641.31167500,0.00305092,0.21552099,USDT
2026-03-10T09:45:00Z,BTC/USDT,buy,71000.63257500,0.00301859,0.21432180,USDT
2026-03-10T11:00:00Z,BTC/USDT,stop_sell,70620.22365286,0.00301859,0.21317350,USDT
2026-03-10T11:30:00Z,BTC/USDT,buy,70634.48959500,0.00303624,0.21446326,USDT
2026-03-10T12:15:00Z,BTC/USDT,sell,70409.67755000,0.00303624,0.21378068,USDT
2026-03-10T12:30:00Z,BTC/USDT,buy,70426.05543000,0.00304444,0.21440790,USDT
2026-03-10T13:00:00Z,BTC/USDT,sell,70490.33720000,0.00304444,0.21460360,USDT
2026-03-10T15:00:00Z,BTC/USDT,buy,71509.95711000,0.00300181,0.21465930,USDT
2026-03-10T15:15:00Z,BTC/USDT,sell,71006.14916500,0.00300181,0.21314697,USDT
2026-03-10T15:45:00Z,BTC/USDT,buy,71149.64704500,0.00300992,0.21415475,USDT
2026-03-10T16:15:00Z,BTC/USDT,sell,71105.42950000,0.00300992,0.21402165,USDT
2026-03-11T02:15:00Z,BTC/USDT,buy,70090.45771500,0.00305935,0.21443124,USDT
2026-03-11T02:30:00Z,BTC/USDT,stop_sell,69699.98079018,0.00305935,0.21323664,USDT
2026-03-11T03:00:00Z,BTC/USDT,buy,69899.51229000,0.00306625,0.21432938,USDT
2026-03-11T03:30:00Z,BTC/USDT,sell,69570.28745500,0.00306625,0.21331989,USDT
2026-03-11T08:15:00Z,BTC/USDT,buy,69650.83801500,0.00307256,0.21400638,USDT
2026-03-11T09:15:00Z,BTC/USDT,sell,69547.14903000,0.00307256,0.21368779,USDT
2026-03-11T10:30:00Z,BTC/USDT,buy,69513.04915500,0.00307871,0.21401052,USDT
2026-03-11T11:00:00Z,BTC/USDT,sell,69528.24848500,0.00307871,0.21405731,USDT
2026-03-11T15:30:00Z,BTC/USDT,buy,70256.22055500,0.00303379,0.21314262,USDT
2026-03-11T15:30:00Z,BTC/USDT,stop_sell,69707.58912696,0.00303379,0.21147819,USDT
2026-03-11T16:00:00Z,BTC/USDT,buy,70360.73278500,0.00304058,0.21393744,USDT
2026-03-11T17:45:00Z,BTC/USDT,sell,70809.06775500,0.00304058,0.21530064,USDT
2026-03-11T18:15:00Z,BTC/USDT,buy,70717.11088500,0.00301948,0.21352890,USDT
2026-03-11T18:30:00Z,BTC/USDT,sell,70671.58653000,0.00301948,0.21339144,USDT
2026-03-12T07:30:00Z,BTC/USDT,buy,69702.62389500,0.00307015,0.21399751,USDT
2026-03-12T08:15:00Z,BTC/USDT,sell,69885.04000000,0.00307015,0.21455756,USDT
2026-03-12T15:30:00Z,BTC/USDT,buy,70331.17801500,0.00303592,0.21351983,USDT
2026-03-12T15:45:00Z,BTC/USDT,sell,70367.14882500,0.00303592,0.21362903,USDT
2026-03-12T17:00:00Z,BTC/USDT,buy,70402.00341000,0.00303544,0.21370106,USDT
2026-03-12T17:30:00Z,BTC/USDT,sell,70356.87396500,0.00303544,0.21356407,USDT
2026-03-12T18:15:00Z,BTC/USDT,buy,70293.90939000,0.00304238,0.21386078,USDT
2026-03-12T18:30:00Z,BTC/USDT,sell,69976.05447000,0.00304238,0.21289375,USDT
2026-03-12T18:45:00Z,BTC/USDT,buy,69962.09356500,0.00305299,0.21359357,USDT
2026-03-12T19:00:00Z,BTC/USDT,sell,69765.76966500,0.00305299,0.21299420,USDT
2026-03-12T19:30:00Z,BTC/USDT,buy,70282.77382500,0.00304261,0.21384307,USDT
2026-03-12T20:00:00Z,BTC/USDT,sell,70455.30472500,0.00304261,0.21436801,USDT
2026-03-12T21:00:00Z,BTC/USDT,buy,70246.44567000,0.00304188,0.21368126,USDT
2026-03-12T21:30:00Z,BTC/USDT,sell,70229.29778500,0.00304188,0.21362910,USDT
2026-03-12T22:45:00Z,BTC/USDT,buy,70075.74036000,0.00304565,0.21342618,USDT
2026-03-12T23:00:00Z,BTC/USDT,sell,70230.16735000,0.00304565,0.21389651,USDT
2026-03-12T23:15:00Z,BTC/USDT,buy,70521.96336000,0.00302855,0.21357929,USDT
2026-03-13T00:00:00Z,BTC/USDT,sell,70422.51113000,0.00302855,0.21327810,USDT
2026-03-13T05:45:00Z,BTC/USDT,buy,71662.80349500,0.00298006,0.21355945,USDT
2026-03-13T06:00:00Z,BTC/USDT,sell,71469.99712500,0.00298006,0.21298488,USDT
2026-03-13T07:15:00Z,BTC/USDT,buy,71439.80205000,0.0029821,0.21304063,USDT
2026-03-13T12:00:00Z,BTC/USDT,sell,72193.75506500,0.0029821,0.21528900,USDT
2026-03-13T12:15:00Z,BTC/USDT,buy,72419.67174000,0.00294784,0.21348161,USDT
2026-03-13T12:45:00Z,BTC/USDT,sell,72499.78197500,0.00294784,0.21371776,USDT
2026-03-13T21:15:00Z,BTC/USDT,buy,71456.56042500,0.00298799,0.21351149,USDT
2026-03-13T21:30:00Z,BTC/USDT,sell,71123.47047500,0.00298799,0.21251622,USDT
2026-03-14T03:15:00Z,BTC/USDT,buy,71057.45097000,0.00300418,0.21346937,USDT
2026-03-14T04:30:00Z,BTC/USDT,sell,71122.92075000,0.00300418,0.21366606,USDT
2026-03-14T05:15:00Z,BTC/USDT,buy,71141.78311500,0.00299901,0.21335492,USDT
2026-03-14T06:00:00Z,BTC/USDT,stop_sell,70902.84405768,0.00299901,0.21263834,USDT
2026-03-14T06:15:00Z,BTC/USDT,buy,70960.81267500,0.00300584,0.21329685,USDT
2026-03-14T06:15:00Z,BTC/USDT,stop_sell,70710.17508321,0.00300584,0.21254347,USDT
2026-03-14T11:30:00Z,BTC/USDT,buy,70688.12640000,0.00301451,0.21309006,USDT
2026-03-14T12:00:00Z,BTC/USDT,sell,70744.91984500,0.00301451,0.21326127,USDT
2026-03-14T12:15:00Z,BTC/USDT,buy,70782.23343000,0.00301156,0.21316494,USDT
2026-03-14T12:30:00Z,BTC/USDT,stop_sell,70595.87440500,0.00301156,0.21260371,USDT
2026-03-14T12:45:00Z,BTC/USDT,buy,70687.44606000,0.00301445,0.21308377,USDT
2026-03-14T15:00:00Z,BTC/USDT,sell,70580.66201500,0.00301445,0.21276188,USDT
2026-03-14T15:30:00Z,BTC/USDT,buy,70638.10140000,0.00301289,0.21282483,USDT
2026-03-14T15:30:00Z,BTC/USDT,stop_sell,70480.83338286,0.00301289,0.21235100,USDT
2026-03-14T22:00:00Z,BTC/USDT,buy,70800.97279500,0.00300716,0.21290985,USDT
2026-03-14T22:15:00Z,BTC/USDT,sell,70688.11826000,0.00300716,0.21257048,USDT
2026-03-15T06:00:00Z,BTC/USDT,buy,71525.06466000,0.00297648,0.21289292,USDT
2026-03-15T07:00:00Z,BTC/USDT,sell,71426.16905000,0.00297648,0.21259856,USDT
2026-03-15T07:15:00Z,BTC/USDT,buy,71687.87602500,0.00296931,0.21286353,USDT
2026-03-15T07:30:00Z,BTC/USDT,stop_sell,71430.73105357,0.00296931,0.21209998,USDT
2026-03-15T08:30:00Z,BTC/USDT,buy,71577.83103000,0.00296932,0.21253749,USDT
2026-03-15T09:00:00Z,BTC/USDT,sell,71693.63525000,0.00296932,0.21288135,USDT
2026-03-15T10:45:00Z,BTC/USDT,buy,71841.90300000,0.00296057,0.21269298,USDT
2026-03-15T12:15:00Z,BTC/USDT,sell,71678.62276000,0.00296057,0.21220958,USDT
2026-03-15T12:45:00Z,BTC/USDT,buy,71634.58939500,0.00296875,0.21266519,USDT
2026-03-15T13:00:00Z,BTC/USDT,stop_sell,71441.63095804,0.00296875,0.21209234,USDT
2026-03-15T18:00:00Z,BTC/USDT,buy,71826.19515000,0.00295813,0.21247122,USDT
2026-03-15T18:15:00Z,BTC/USDT,sell,71692.12600500,0.00295813,0.21207463,USDT
2026-03-15T19:15:00Z,BTC/USDT,buy,71521.85305500,0.00297126,0.21251002,USDT
2026-03-15T19:45:00Z,BTC/USDT,sell,71425.95915500,0.00297126,0.21222510,USDT
2026-03-16T04:15:00Z,BTC/USDT,buy,73765.01407500,0.00288365,0.21271248,USDT
2026-03-16T04:30:00Z,BTC/USDT,sell,73617.20298500,0.00288365,0.21228625,USDT
2026-03-16T11:00:00Z,BTC/USDT,buy,73836.72991500,0.00287788,0.21249325,USDT
2026-03-16T11:15:00Z,BTC/USDT,sell,73557.69275500,0.00287788,0.21169021,USDT
2026-03-16T12:30:00Z,BTC/USDT,buy,73867.19514000,0.00287541,0.21239847,USDT
2026-03-16T14:30:00Z,BTC/USDT,sell,73589.51683500,0.00287541,0.21160003,USDT
2026-03-16T15:00:00Z,BTC/USDT,buy,73651.91755500,0.00288447,0.21244675,USDT
2026-03-16T15:45:00Z,BTC/USDT,sell,73561.20100000,0.00288447,0.21218508,USDT
2026-03-16T23:45:00Z,BTC/USDT,buy,74891.17687500,0.00283099,0.21201617,USDT
2026-03-17T03:30:00Z,BTC/USDT,stop_sell,74463.59636232,0.00283099,0.21080570,USDT
2026-03-17T04:00:00Z,BTC/USDT,buy,74551.77726000,0.00284463,0.21207222,USDT
2026-03-17T04:15:00Z,BTC/USDT,sell,74664.44910000,0.00284463,0.21239273,USDT
2026-03-17T18:00:00Z,BTC/USDT,buy,74528.38557000,0.00284438,0.21198705,USDT
2026-03-17T18:30:00Z,BTC/USDT,sell,74543.58956000,0.00284438,0.21203030,USDT
2026-03-17T19:00:00Z,BTC/USDT,buy,74725.93429500,0.00283649,0.21195937,USDT
2026-03-17T19:30:00Z,BTC/USDT,sell,74591.21573500,0.00283649,0.21157724,USDT
2026-03-17T21:45:00Z,BTC/USDT,buy,74774.66865000,0.00283327,0.21185683,USDT
2026-03-17T22:15:00Z,BTC/USDT,sell,74565.55857000,0.00283327,0.21126436,USDT
2026-03-18T03:30:00Z,BTC/USDT,buy,74528.88582000,0.00283952,0.21162626,USDT
2026-03-18T04:00:00Z,BTC/USDT,sell,74425.21877500,0.00283952,0.21133190,USDT
2026-03-18T04:30:00Z,BTC/USDT,buy,74244.65377500,0.00284842,0.21147996,USDT
2026-03-18T05:15:00Z,BTC/USDT,stop_sell,74056.34366196,0.00284842,0.21094357,USDT
2026-03-18T06:15:00Z,BTC/USDT,buy,74148.84589500,0.00285583,0.21175650,USDT
2026-03-18T06:45:00Z,BTC/USDT,sell,74002.98999500,0.00285583,0.21133996,USDT
2026-03-18T10:30:00Z,BTC/USDT,buy,74223.56323500,0.00285098,0.21160989,USDT
2026-03-18T10:30:00Z,BTC/USDT,stop_sell,73895.78933643,0.00285098,0.21067542,USDT
2026-03-18T23:45:00Z,BTC/USDT,buy,71318.49142500,0.00296411,0.21139585,USDT
2026-03-19T00:00:00Z,BTC/USDT,sell,71171.36651500,0.00296411,0.21095976,USDT
2026-03-19T03:00:00Z,BTC/USDT,buy,71126.70558000,0.00297426,0.21154932,USDT
2026-03-19T03:45:00Z,BTC/USDT,sell,71221.11163000,0.00297426,0.21183010,USDT
2026-03-19T17:45:00Z,BTC/USDT,buy,69618.48184500,0.00303681,0.21141810,USDT
2026-03-19T18:30:00Z,BTC/USDT,sell,69632.67624500,0.00303681,0.21146121,USDT
2026-03-19T19:00:00Z,BTC/USDT,buy,69853.71940500,0.00302731,0.21146886,USDT
2026-03-19T19:30:00Z,BTC/USDT,sell,70151.91649500,0.00302731,0.21237160,USDT
2026-03-19T20:00:00Z,BTC/USDT,buy,70284.49468500,0.0030089,0.21147902,USDT
2026-03-19T20:45:00Z,BTC/USDT,sell,70466.06934000,0.0030089,0.21202536,USDT
2026-03-19T21:15:00Z,BTC/USDT,buy,70708.83675000,0.00299003,0.21142154,USDT
2026-03-19T21:30:00Z,BTC/USDT,sell,70480.81196500,0.00299003,0.21073974,USDT
2026-03-19T23:00:00Z,BTC/USDT,buy,70254.24957000,0.00301181,0.21159245,USDT
2026-03-19T23:30:00Z,BTC/USDT,stop_sell,69837.55089929,0.00301181,0.21033743,USDT
2026-03-20T03:15:00Z,BTC/USDT,buy,70443.25402500,0.00299623,0.21106419,USDT
2026-03-20T03:45:00Z,BTC/USDT,sell,70532.52609500,0.00299623,0.21133167,USDT
2026-03-20T07:00:00Z,BTC/USDT,buy,70498.34155500,0.00299568,0.21119047,USDT
2026-03-20T07:00:00Z,BTC/USDT,stop_sell,70214.91105339,0.00299568,0.21034140,USDT
2026-03-20T07:15:00Z,BTC/USDT,buy,70364.76480000,0.0030027,0.21128428,USDT
2026-03-20T09:15:00Z,BTC/USDT,sell,70787.93832500,0.0030027,0.21255494,USDT
2026-03-20T11:00:00Z,BTC/USDT,buy,70730.56761000,0.00299193,0.21162091,USDT
2026-03-20T11:30:00Z,BTC/USDT,sell,70663.98033500,0.00299193,0.21142168,USDT
2026-03-20T19:45:00Z,BTC/USDT,buy,70031.47824000,0.00301479,0.21113020,USDT
2026-03-20T22:45:00Z,BTC/USDT,sell,70647.40862500,0.00301479,0.21298710,USDT
2026-03-20T23:00:00Z,BTC/USDT,buy,70772.53858500,0.00298378,0.21116969,USDT
2026-03-20T23:15:00Z,BTC/USDT,sell,70494.71501000,0.00298378,0.21034072,USDT
2026-03-21T06:30:00Z,BTC/USDT,buy,70815.59010000,0.00298189,0.21116430,USDT
2026-03-21T07:15:00Z,BTC/USDT,sell,70707.97832500,0.00298189,0.21084341,USDT
2026-03-21T08:15:00Z,BTC/USDT,buy,70751.77821000,0.00298385,0.21111269,USDT
2026-03-21T08:15:00Z,BTC/USDT,stop_sell,70598.40314000,0.00298385,0.21065505,USDT
2026-03-21T09:30:00Z,BTC/USDT,buy,70724.00433000,0.00298379,0.21102558,USDT
2026-03-21T10:15:00Z,BTC/USDT,sell,70607.61853000,0.00298379,0.21067831,USDT
2026-03-21T12:30:00Z,BTC/USDT,buy,70800.04233000,0.00297838,0.21086943,USDT
2026-03-21T12:45:00Z,BTC/USDT,stop_sell,70696.32629679,0.00297838,0.21056052,USDT
2026-03-21T13:00:00Z,BTC/USDT,buy,70783.36399500,0.00298039,0.21096203,USDT
2026-03-21T14:45:00Z,BTC/USDT,stop_sell,70639.43190107,0.00298039,0.21053306,USDT
2026-03-21T15:45:00Z,BTC/USDT,buy,70689.57712500,0.00298008,0.21066059,USDT
2026-03-21T16:15:00Z,BTC/USDT,sell,70537.25373000,0.00298008,0.21020666,USDT
2026-03-21T21:45:00Z,BTC/USDT,buy,70399.21201500,0.00299292,0.21069921,USDT
2026-03-21T22:15:00Z,BTC/USDT,sell,70274.92496000,0.00299292,0.21032723,USDT
2026-03-22T04:45:00Z,BTC/USDT,buy,69400.08270000,0.0030382,0.21085133,USDT
2026-03-22T05:00:00Z,BTC/USDT,sell,69285.77978000,0.0030382,0.21050406,USDT
2026-03-22T13:15:00Z,BTC/USDT,buy,68881.18338000,0.00305925,0.21072476,USDT
2026-03-22T13:30:00Z,BTC/USDT,stop_sell,68527.94888500,0.00305925,0.20964413,USDT
2026-03-22T14:15:00Z,BTC/USDT,buy,68824.62511500,0.00305901,0.21053522,USDT
2026-03-22T14:45:00Z,BTC/USDT,sell,68778.09375000,0.00305901,0.21039288,USDT
2026-03-22T15:00:00Z,BTC/USDT,buy,68806.96629000,0.00306121,0.21063257,USDT
2026-03-22T17:15:00Z,BTC/USDT,sell,68768.17871000,0.00306121,0.21051384,USDT
2026-03-22T17:30:00Z,BTC/USDT,buy,68829.15738000,0.00305568,0.21031988,USDT
2026-03-22T17:45:00Z,BTC/USDT,sell,68631.44711000,0.00305568,0.20971574,USDT
2026-03-22T18:30:00Z,BTC/USDT,buy,68749.93779000,0.00306086,0.21043393,USDT
2026-03-22T18:30:00Z,BTC/USDT,stop_sell,68520.72142911,0.00306086,0.20973234,USDT
2026-03-23T02:00:00Z,BTC/USDT,buy,67924.22514000,0.003093,0.21008963,USDT
2026-03-23T02:15:00Z,BTC/USDT,sell,67829.11847500,0.003093,0.20979546,USDT
2026-03-23T04:30:00Z,BTC/USDT,buy,68280.96342000,0.00308157,0.21041257,USDT
2026-03-23T06:30:00Z,BTC/USDT,stop_sell,67848.30887500,0.00308157,0.20907931,USDT
2026-03-23T07:45:00Z,BTC/USDT,buy,68384.33508000,0.00307183,0.21006505,USDT
2026-03-23T09:30:00Z,BTC/USDT,sell,68184.82053500,0.00307183,0.20945218,USDT
2026-03-23T11:15:00Z,BTC/USDT,buy,71214.61951500,0.0029588,0.21070982,USDT
2026-03-23T11:15:00Z,BTC/USDT,stop_sell,70341.05188000,0.0029588,0.20812510,USDT
2026-03-23T16:45:00Z,BTC/USDT,buy,70598.98185000,0.00297598,0.21010116,USDT
2026-03-23T17:30:00Z,BTC/USDT,sell,70557.08381000,0.00297598,0.20997647,USDT
2026-03-23T20:30:00Z,BTC/USDT,buy,70870.73766000,0.00296232,0.20994180,USDT
2026-03-23T21:00:00Z,BTC/USDT,sell,70945.28961000,0.00296232,0.21016265,USDT
2026-03-24T20:45:00Z,BTC/USDT,buy,70099.92244500,0.00299245,0.20977051,USDT
2026-03-24T22:45:00Z,BTC/USDT,sell,70264.45020000,0.00299245,0.21026285,USDT
2026-03-24T23:00:00Z,BTC/USDT,buy,70350.46765500,0.00297789,0.20949595,USDT
2026-03-24T23:45:00Z,BTC/USDT,sell,70625.69948500,0.00297789,0.21031556,USDT
2026-03-25T01:45:00Z,BTC/USDT,buy,70860.65262000,0.00296268,0.20993744,USDT
2026-03-25T02:30:00Z,BTC/USDT,sell,70551.27671500,0.00296268,0.20902086,USDT
2026-03-25T10:15:00Z,BTC/USDT,buy,71423.78404500,0.00293424,0.20957452,USDT
2026-03-25T12:00:00Z,BTC/USDT,sell,71676.01406500,0.00293424,0.21031463,USDT
2026-03-25T12:15:00Z,BTC/USDT,buy,71792.37825000,0.00292065,0.20968041,USDT
2026-03-25T12:15:00Z,BTC/USDT,stop_sell,71452.05788482,0.00292065,0.20868645,USDT
2026-03-25T12:45:00Z,BTC/USDT,buy,71510.87757000,0.00293204,0.20967275,USDT
2026-03-25T13:15:00Z,BTC/USDT,sell,71667.84815000,0.00293204,0.21013300,USDT
2026-03-25T20:00:00Z,BTC/USDT,buy,70886.17537500,0.00295499,0.20946794,USDT
2026-03-25T20:15:00Z,BTC/USDT,sell,70703.06078500,0.00295499,0.20892684,USDT
2026-03-25T20:45:00Z,BTC/USDT,buy,70942.29342000,0.00295178,0.20940604,USDT
2026-03-25T21:15:00Z,BTC/USDT,sell,71131.08666500,0.00295178,0.20996332,USDT
2026-03-25T22:30:00Z,BTC/USDT,buy,71067.23586000,0.00295034,0.20967251,USDT
2026-03-26T01:45:00Z,BTC/USDT,sell,71229.67734500,0.00295034,0.21015177,USDT
2026-03-26T14:30:00Z,BTC/USDT,buy,69743.85450000,0.00300435,0.20953495,USDT
2026-03-26T14:45:00Z,BTC/USDT,stop_sell,69373.40665893,0.00300435,0.20842199,USDT
2026-03-26T20:15:00Z,BTC/USDT,buy,69242.63401500,0.00302036,0.20913768,USDT
2026-03-26T21:00:00Z,BTC/USDT,sell,68906.04974000,0.00302036,0.20812108,USDT
2026-03-26T21:30:00Z,BTC/USDT,buy,69134.30988000,0.00302818,0.20935113,USDT
2026-03-26T22:00:00Z,BTC/USDT,sell,68880.03275500,0.00302818,0.20858114,USDT
2026-03-26T22:45:00Z,BTC/USDT,buy,68871.82870500,0.00303792,0.20922711,USDT
2026-03-26T23:30:00Z,BTC/USDT,sell,68654.87539000,0.00303792,0.20856802,USDT
2026-03-27T02:00:00Z,BTC/USDT,buy,69085.83565500,0.00302656,0.20909243,USDT
2026-03-27T03:00:00Z,BTC/USDT,sell,68858.21367000,0.00302656,0.20840352,USDT
2026-03-27T03:15:00Z,BTC/USDT,buy,68792.48905500,0.00303693,0.20891797,USDT
2026-03-27T03:30:00Z,BTC/USDT,sell,68825.16020500,0.00303693,0.20901719,USDT
2026-03-27T05:15:00Z,BTC/USDT,buy,68875.78068000,0.00303501,0.20903868,USDT
2026-03-27T05:45:00Z,BTC/USDT,sell,68568.07881000,0.00303501,0.20810480,USDT
2026-03-27T19:15:00Z,BTC/USDT,buy,65862.49479000,0.00317143,0.20887829,USDT
2026-03-27T19:45:00Z,BTC/USDT,sell,65926.04049000,0.00317143,0.20907982,USDT
2026-03-27T21:00:00Z,BTC/USDT,buy,66074.05051500,0.00315845,0.20869158,USDT
2026-03-27T22:00:00Z,BTC/USDT,sell,66034.59618500,0.00315845,0.20856697,USDT
2026-03-27T22:15:00Z,BTC/USDT,buy,66018.88294500,0.00316067,0.20866390,USDT
2026-03-28T01:45:00Z,BTC/USDT,sell,66096.49522000,0.00316067,0.20890921,USDT
2026-03-28T02:15:00Z,BTC/USDT,buy,66244.10550000,0.00314938,0.20862786,USDT
2026-03-28T02:15:00Z,BTC/USDT,stop_sell,66021.71263000,0.00314938,0.20792746,USDT
2026-03-28T03:00:00Z,BTC/USDT,buy,66151.57926000,0.00315779,0.20889280,USDT
2026-03-28T04:15:00Z,BTC/USDT,sell,66106.53020000,0.00315779,0.20875054,USDT
2026-03-28T04:30:00Z,BTC/USDT,buy,66311.26906500,0.00314605,0.20861857,USDT
2026-03-28T04:45:00Z,BTC/USDT,sell,66220.62312500,0.00314605,0.20833339,USDT
2026-03-28T06:00:00Z,BTC/USDT,buy,66370.02843000,0.00314152,0.20850277,USDT
2026-03-28T07:00:00Z,BTC/USDT,sell,66394.38620000,0.00314152,0.20857929,USDT
2026-03-28T12:30:00Z,BTC/USDT,buy,66357.22203000,0.00313555,0.20806639,USDT
2026-03-28T12:30:00Z,BTC/USDT,stop_sell,66290.89797000,0.00313555,0.20785843,USDT
2026-03-28T13:15:00Z,BTC/USDT,buy,66532.49962500,0.00313215,0.20838977,USDT
2026-03-28T13:15:00Z,BTC/USDT,stop_sell,66393.42096857,0.00313215,0.20795415,USDT
2026-03-28T13:45:00Z,BTC/USDT,buy,66958.47250500,0.0031093,0.20819398,USDT
2026-03-28T14:00:00Z,BTC/USDT,stop_sell,66775.49876268,0.0031093,0.20762506,USDT
2026-03-28T14:30:00Z,BTC/USDT,buy,66857.27193000,0.00311538,0.20828581,USDT
2026-03-28T15:45:00Z,BTC/USDT,sell,67019.47350000,0.00311538,0.20879113,USDT
2026-03-28T19:00:00Z,BTC/USDT,buy,66934.14034500,0.00310987,0.20815648,USDT
2026-03-28T19:15:00Z,BTC/USDT,sell,66801.28265000,0.00310987,0.20774330,USDT
2026-03-28T19:45:00Z,BTC/USDT,buy,66908.17737000,0.00311219,0.20823096,USDT
2026-03-28T20:00:00Z,BTC/USDT,sell,66958.30410000,0.00311219,0.20838696,USDT
2026-03-28T20:45:00Z,BTC/USDT,buy,66986.02627500,0.00310712,0.20813362,USDT
2026-03-28T21:00:00Z,BTC/USDT,sell,66903.23165000,0.00310712,0.20787637,USDT
2026-03-29T02:45:00Z,BTC/USDT,buy,66722.39452500,0.00311982,0.20816186,USDT
2026-03-29T04:15:00Z,BTC/USDT,sell,66877.60447000,0.00311982,0.20864609,USDT
2026-03-29T04:45:00Z,BTC/USDT,buy,66798.24243000,0.0031152,0.20808988,USDT
2026-03-29T05:00:00Z,BTC/USDT,sell,66704.31116000,0.0031152,0.20779727,USDT
2026-03-29T11:15:00Z,BTC/USDT,buy,66809.98830000,0.00311461,0.20808706,USDT
2026-03-29T13:00:00Z,BTC/USDT,stop_sell,66626.83134786,0.00311461,0.20751660,USDT
2026-03-29T14:15:00Z,BTC/USDT,buy,66614.45058000,0.00311872,0.20775182,USDT
2026-03-29T14:30:00Z,BTC/USDT,sell,66517.73449500,0.00311872,0.20745019,USDT
2026-03-29T15:15:00Z,BTC/USDT,buy,66648.73771500,0.00312114,0.20802004,USDT
2026-03-29T15:15:00Z,BTC/USDT,stop_sell,66422.12232500,0.00312114,0.20731274,USDT
2026-03-29T20:15:00Z,BTC/USDT,buy,66484.01539500,0.00312616,0.20783967,USDT
2026-03-29T20:45:00Z,BTC/USDT,sell,66528.91890000,0.00312616,0.20798005,USDT
2026-03-29T22:00:00Z,BTC/USDT,buy,66623.79525000,0.00311422,0.20748116,USDT
2026-03-29T22:00:00Z,BTC/USDT,stop_sell,66533.16820286,0.00311422,0.20719892,USDT
2026-03-30T00:30:00Z,BTC/USDT,buy,66704.08537500,0.0031126,0.20762314,USDT
2026-03-30T00:45:00Z,BTC/USDT,sell,66311.65758500,0.0031126,0.20640167,USDT
2026-03-30T07:15:00Z,BTC/USDT,buy,67429.46788500,0.00307811,0.20755532,USDT
2026-03-30T07:30:00Z,BTC/USDT,sell,67367.90919500,0.00307811,0.20736583,USDT
2026-03-30T22:15:00Z,BTC/USDT,buy,66809.41801500,0.00310851,0.20767774,USDT
2026-03-30T22:30:00Z,BTC/USDT,sell,66784.56101500,0.00310851,0.20760048,USDT
2026-03-30T23:30:00Z,BTC/USDT,buy,66792.35949000,0.00311075,0.20777433,USDT
2026-03-31T04:15:00Z,BTC/USDT,sell,67654.72571500,0.00311075,0.21045694,USDT
2026-03-31T05:30:00Z,BTC/USDT,buy,67670.51835000,0.00306947,0.20771263,USDT
2026-03-31T05:45:00Z,BTC/USDT,sell,67707.51930500,0.00306947,0.20782620,USDT
2026-03-31T13:45:00Z,BTC/USDT,buy,67047.20685000,0.00309262,0.20735153,USDT
2026-03-31T14:45:00Z,BTC/USDT,stop_sell,66848.16491143,0.00309262,0.20673597,USDT
2026-03-31T15:15:00Z,BTC/USDT,buy,67313.72004000,0.00308666,0.20777457,USDT
2026-03-31T15:30:00Z,BTC/USDT,sell,66940.52299500,0.00308666,0.20662263,USDT
2026-03-31T22:30:00Z,BTC/USDT,buy,68057.61180000,0.00304472,0.20721637,USDT
2026-04-01T01:30:00Z,BTC/USDT,sell,68040.16290000,0.00304472,0.20716324,USDT
2026-04-01T12:45:00Z,BTC/USDT,buy,68705.33550000,0.00301864,0.20739667,USDT
2026-04-01T12:45:00Z,BTC/USDT,stop_sell,68509.98180161,0.00301864,0.20680697,USDT
2026-04-01T15:30:00Z,BTC/USDT,buy,68801.67364500,0.00301288,0.20729119,USDT
2026-04-01T17:30:00Z,BTC/USDT,sell,68484.25074500,0.00301288,0.20633483,USDT
2026-04-01T23:00:00Z,BTC/USDT,buy,68176.40116500,0.00304194,0.20738852,USDT
2026-04-01T23:30:00Z,BTC/USDT,sell,68056.37479000,0.00304194,0.20702341,USDT
2026-04-01T23:45:00Z,BTC/USDT,buy,68165.68581000,0.00304074,0.20727413,USDT
2026-04-02T01:00:00Z,BTC/USDT,stop_sell,67881.33306893,0.00304074,0.20640948,USDT
2026-04-02T01:15:00Z,BTC/USDT,buy,67985.25564000,0.00303771,0.20651949,USDT
2026-04-02T01:15:00Z,BTC/USDT,stop_sell,67812.85125554,0.00303771,0.20599578,USDT
2026-04-02T14:45:00Z,BTC/USDT,buy,67037.51200500,0.00308852,0.20704670,USDT
2026-04-02T18:00:00Z,BTC/USDT,sell,66664.44110500,0.00308852,0.20589446,USDT
2026-04-02T18:30:00Z,BTC/USDT,buy,66675.14091000,0.0031006,0.20673294,USDT
2026-04-02T18:45:00Z,BTC/USDT,sell,66840.96280000,0.0031006,0.20724709,USDT
2026-04-02T20:00:00Z,BTC/USDT,buy,66864.37548000,0.00308806,0.20648120,USDT
2026-04-02T20:30:00Z,BTC/USDT,sell,67030.78784000,0.00308806,0.20699509,USDT
2026-04-03T07:30:00Z,BTC/USDT,buy,67011.68910000,0.00308806,0.20693612,USDT
2026-04-03T08:00:00Z,BTC/USDT,sell,67009.93827000,0.00308806,0.20693071,USDT
2026-04-03T14:30:00Z,BTC/USDT,buy,66947.45700000,0.00308927,0.20681877,USDT
2026-04-03T14:45:00Z,BTC/USDT,sell,66823.27165000,0.00308927,0.20643513,USDT
2026-04-03T20:30:00Z,BTC/USDT,buy,66903.50503500,0.00309171,0.20684624,USDT
2026-04-03T21:00:00Z,BTC/USDT,sell,66825.73042000,0.00309171,0.20660578,USDT
2026-04-03T22:30:00Z,BTC/USDT,buy,66937.10182500,0.00309063,0.20687782,USDT
2026-04-03T23:15:00Z,BTC/USDT,sell,66845.65045500,0.00309063,0.20659517,USDT
2026-04-03T23:30:00Z,BTC/USDT,buy,66894.01029000,0.00308986,0.20669313,USDT
2026-04-04T01:00:00Z,BTC/USDT,sell,66871.05774500,0.00308986,0.20662221,USDT
2026-04-04T05:45:00Z,BTC/USDT,buy,66958.61257500,0.00308858,0.20680703,USDT
2026-04-04T15:45:00Z,BTC/USDT,sell,67277.47443500,0.00308858,0.20779186,USDT
2026-04-04T16:15:00Z,BTC/USDT,buy,67360.22328000,0.00306893,0.20672381,USDT
2026-04-04T16:45:00Z,BTC/USDT,sell,67499.77323000,0.00306893,0.20715208,USDT
2026-04-05T01:00:00Z,BTC/USDT,buy,67271.56897500,0.00307419,0.20680558,USDT
2026-04-05T01:15:00Z,BTC/USDT,sell,67147.29955500,0.00307419,0.20642356,USDT
2026-04-05T10:45:00Z,BTC/USDT,buy,67119.61303500,0.00308148,0.20682775,USDT
2026-04-05T12:00:00Z,BTC/USDT,stop_sell,66913.95664196,0.00308148,0.20619402,USDT
2026-04-05T12:15:00Z,BTC/USDT,buy,66977.26189500,0.00308601,0.20669250,USDT
2026-04-05T12:30:00Z,BTC/USDT,stop_sell,66779.09375000,0.00308601,0.20608095,USDT
2026-04-05T12:45:00Z,BTC/USDT,buy,66735.30097500,0.00309124,0.20629483,USDT
2026-04-05T12:45:00Z,BTC/USDT,stop_sell,66663.96669946,0.00309124,0.20607432,USDT
2026-04-05T15:30:00Z,BTC/USDT,buy,67450.15822500,0.00306179,0.20651822,USDT
2026-04-05T16:45:00Z,BTC/USDT,stop_sell,67176.78480500,0.00306179,0.20568121,USDT
2026-04-05T21:30:00Z,BTC/USDT,buy,67493.21974500,0.00305761,0.20636794,USDT
2026-04-05T22:30:00Z,BTC/USDT,sell,67579.01359000,0.00305761,0.20663027,USDT
2026-04-05T22:45:00Z,BTC/USDT,buy,67996.51126500,0.00303555,0.20640681,USDT
2026-04-06T00:45:00Z,BTC/USDT,sell,69277.12411000,0.00303555,0.21029417,USDT
2026-04-06T06:00:00Z,BTC/USDT,buy,69259.29234000,0.00298501,0.20673968,USDT
2026-04-06T06:30:00Z,BTC/USDT,sell,68871.23715500,0.00298501,0.20558133,USDT
2026-04-06T06:45:00Z,BTC/USDT,buy,68950.60807500,0.00299517,0.20651879,USDT
2026-04-06T07:00:00Z,BTC/USDT,sell,68979.29310000,0.00299517,0.20660471,USDT
2026-04-06T08:30:00Z,BTC/USDT,buy,69282.30384000,0.00298112,0.20653886,USDT
2026-04-06T10:30:00Z,BTC/USDT,sell,69752.57626500,0.00298112,0.20794080,USDT
2026-04-06T16:00:00Z,BTC/USDT,buy,70030.81791000,0.0029506,0.20663293,USDT
2026-04-06T17:00:00Z,BTC/USDT,stop_sell,69445.72798018,0.0029506,0.20490656,USDT
2026-04-06T17:30:00Z,BTC/USDT,buy,69616.17069000,0.00296577,0.20646555,USDT
2026-04-06T20:45:00Z,BTC/USDT,sell,69881.71166500,0.00296577,0.20725308,USDT
2026-04-06T22:00:00Z,BTC/USDT,buy,69550.14769500,0.00296892,0.20648882,USDT
2026-04-06T22:15:00Z,BTC/USDT,sell,69534.91515000,0.00296892,0.20644360,USDT
2026-04-07T04:00:00Z,BTC/USDT,buy,68863.71465000,0.00299782,0.20644102,USDT
2026-04-07T04:30:00Z,BTC/USDT,sell,68645.51007500,0.00299782,0.20578688,USDT
2026-04-07T06:00:00Z,BTC/USDT,buy,68667.82675500,0.00300236,0.20616554,USDT
2026-04-07T06:15:00Z,BTC/USDT,sell,68488.13880000,0.00300236,0.20562605,USDT
2026-04-07T06:45:00Z,BTC/USDT,buy,68646.70620000,0.0030073,0.20644124,USDT
2026-04-07T07:15:00Z,BTC/USDT,sell,68557.60405000,0.0030073,0.20617328,USDT
2026-04-07T07:30:00Z,BTC/USDT,buy,68691.92880000,0.00300211,0.20622073,USDT
2026-04-07T07:45:00Z,BTC/USDT,sell,68660.70247500,0.00300211,0.20612698,USDT
2026-04-07T17:45:00Z,BTC/USDT,buy,68749.07736000,0.00299965,0.20622317,USDT
2026-04-07T18:00:00Z,BTC/USDT,sell,68676.71446500,0.00299965,0.20600611,USDT
2026-04-08T01:15:00Z,BTC/USDT,buy,71721.33274500,0.00287267,0.20603172,USDT
2026-04-08T01:30:00Z,BTC/USDT,sell,71439.86220000,0.00287267,0.20522315,USDT
2026-04-08T07:30:00Z,BTC/USDT,buy,71861.96302500,0.00286601,0.20595710,USDT
2026-04-08T07:30:00Z,BTC/USDT,stop_sell,71641.55844429,0.00286601,0.20532542,USDT
2026-04-08T07:45:00Z,BTC/USDT,buy,71653.45882500,0.00287313,0.20586970,USDT
2026-04-08T10:00:00Z,BTC/USDT,sell,71678.74270000,0.00287313,0.20594235,USDT
2026-04-08T12:45:00Z,BTC/USDT,buy,72015.11956500,0.00286522,0.20633916,USDT
2026-04-08T13:45:00Z,BTC/USDT,sell,71642.91062500,0.00286522,0.20527270,USDT
2026-04-08T17:15:00Z,BTC/USDT,buy,71826.91551000,0.00286527,0.20580351,USDT
2026-04-08T17:30:00Z,BTC/USDT,sell,71648.45785000,0.00286527,0.20529218,USDT
2026-04-08T19:30:00Z,BTC/USDT,buy,71118.21133500,0.00289073,0.20558355,USDT
2026-04-08T20:45:00Z,BTC/USDT,sell,71247.88823500,0.00289073,0.20595841,USDT
2026-04-08T21:15:00Z,BTC/USDT,buy,71565.46485000,0.00287445,0.20571135,USDT
2026-04-08T21:45:00Z,BTC/USDT,sell,71509.14754000,0.00287445,0.20554947,USDT
2026-04-09T05:30:00Z,BTC/USDT,buy,71033.51901000,0.00289929,0.20594677,USDT
2026-04-09T06:30:00Z,BTC/USDT,sell,70833.25565500,0.00289929,0.20536615,USDT
2026-04-09T07:00:00Z,BTC/USDT,buy,71075.96022000,0.0028953,0.20578623,USDT
2026-04-09T07:45:00Z,BTC/USDT,sell,70975.81434000,0.0028953,0.20549628,USDT
2026-04-09T08:15:00Z,BTC/USDT,buy,70972.89871500,0.002897,0.20560849,USDT
2026-04-09T13:30:00Z,BTC/USDT,sell,71086.46898500,0.002897,0.20593750,USDT
2026-04-10T02:15:00Z,BTC/USDT,buy,72286.11499500,0.00284346,0.20554268,USDT
2026-04-10T02:30:00Z,BTC/USDT,sell,72134.17487000,0.00284346,0.20511064,USDT
2026-04-10T04:00:00Z,BTC/USDT,buy,71951.74789500,0.0028585,0.20567407,USDT
2026-04-10T06:15:00Z,BTC/USDT,sell,71994.94452000,0.0028585,0.20579755,USDT
2026-04-10T11:15:00Z,BTC/USDT,buy,72153.22858500,0.00284727,0.20543972,USDT
2026-04-10T12:00:00Z,BTC/USDT,sell,72095.16438500,0.00284727,0.20527440,USDT
2026-04-10T16:15:00Z,BTC/USDT,buy,72740.96230500,0.00282325,0.20536592,USDT
2026-04-10T16:30:00Z,BTC/USDT,sell,72609.49709000,0.00282325,0.20499476,USDT
2026-04-10T20:45:00Z,BTC/USDT,buy,73261.39239000,0.00280429,0.20544619,USDT
2026-04-10T21:00:00Z,BTC/USDT,sell,73312.11560500,0.00280429,0.20558843,USDT
2026-04-11T03:15:00Z,BTC/USDT,buy,73093.66857000,0.00280871,0.20529892,USDT
2026-04-11T03:45:00Z,BTC/USDT,stop_sell,72816.88334500,0.00280871,0.20452151,USDT
2026-04-11T09:30:00Z,BTC/USDT,buy,72890.21689500,0.00281494,0.20518159,USDT
2026-04-11T09:45:00Z,BTC/USDT,sell,72833.40508000,0.00281494,0.20502167,USDT
2026-04-11T10:30:00Z,BTC/USDT,buy,72911.96776500,0.00281463,0.20522021,USDT
2026-04-11T13:00:00Z,BTC/USDT,stop_sell,72732.35919964,0.00281463,0.20471468,USDT
2026-04-11T14:00:00Z,BTC/USDT,buy,72665.06437500,0.00282052,0.20495327,USDT
2026-04-11T14:15:00Z,BTC/USDT,sell,72677.63300500,0.00282052,0.20498872,USDT
2026-04-11T22:15:00Z,BTC/USDT,buy,73533.51838500,0.00278812,0.20502027,USDT
2026-04-11T22:30:00Z,BTC/USDT,sell,73401.59084500,0.00278812,0.20465244,USDT
2026-04-12T06:30:00Z,BTC/USDT,buy,71741.07261000,0.00285699,0.20496353,USDT
2026-04-12T06:45:00Z,BTC/USDT,sell,71636.50383000,0.00285699,0.20466478,USDT
2026-04-12T08:30:00Z,BTC/USDT,buy,71755.43979000,0.00285636,0.20495937,USDT
2026-04-12T09:00:00Z,BTC/USDT,stop_sell,71548.22334946,0.00285636,0.20436748,USDT
2026-04-12T09:15:00Z,BTC/USDT,buy,71648.81650500,0.0028616,0.20503025,USDT
2026-04-12T10:00:00Z,BTC/USDT,sell,71486.76873500,0.0028616,0.20456654,USDT
2026-04-12T18:00:00Z,BTC/USDT,buy,71150.18731500,0.00287846,0.20480297,USDT
2026-04-12T18:30:00Z,BTC/USDT,sell,71066.06919000,0.00287846,0.20456084,USDT
2026-04-12T20:45:00Z,BTC/USDT,buy,71306.38537500,0.00286723,0.20445181,USDT
2026-04-12T21:00:00Z,BTC/USDT,sell,71318.39296500,0.00286723,0.20448624,USDT
2026-04-13T01:00:00Z,BTC/USDT,buy,71200.04223000,0.00287564,0.20474569,USDT
2026-04-13T01:15:00Z,BTC/USDT,sell,71077.30357000,0.00287564,0.20439274,USDT
2026-04-13T02:00:00Z,BTC/USDT,buy,71268.18628500,0.00287306,0.20475778,USDT
2026-04-13T02:15:00Z,BTC/USDT,sell,71020.34206500,0.00287306,0.20404570,USDT
2026-04-13T03:30:00Z,BTC/USDT,buy,71089.37692500,0.00287652,0.20449001,USDT
2026-04-13T04:45:00Z,BTC/USDT,sell,70969.61744000,0.00287652,0.20414552,USDT
2026-04-13T12:00:00Z,BTC/USDT,buy,70951.14784500,0.00288191,0.20447482,USDT
2026-04-13T12:30:00Z,BTC/USDT,stop_sell,70742.37718839,0.00288191,0.20387316,USDT
2026-04-13T12:45:00Z,BTC/USDT,buy,70915.60008000,0.00288379,0.20450570,USDT
2026-04-13T15:15:00Z,BTC/USDT,sell,71869.84710000,0.00288379,0.20725755,USDT
2026-04-13T15:30:00Z,BTC/USDT,buy,71924.77441500,0.00284258,0.20445193,USDT
2026-04-13T17:45:00Z,BTC/USDT,sell,72432.76550000,0.00284258,0.20589593,USDT
2026-04-13T18:15:00Z,BTC/USDT,buy,72289.32660000,0.00283393,0.20486289,USDT
2026-04-13T21:00:00Z,BTC/USDT,sell,73122.48047000,0.00283393,0.20722399,USDT
2026-04-13T22:30:00Z,BTC/USDT,buy,74212.40766000,0.00276344,0.20508154,USDT
2026-04-13T23:15:00Z,BTC/USDT,sell,74609.03682000,0.00276344,0.20617760,USDT
2026-04-14T05:00:00Z,BTC/USDT,buy,74414.81881500,0.00275441,0.20496892,USDT
2026-04-14T05:30:00Z,BTC/USDT,sell,74268.72706000,0.00275441,0.20456652,USDT
2026-04-14T05:45:00Z,BTC/USDT,buy,74328.55570500,0.00275611,0.20485768,USDT
2026-04-14T06:00:00Z,BTC/USDT,sell,74216.42322500,0.00275611,0.20454863,USDT
2026-04-14T06:15:00Z,BTC/USDT,buy,74364.96390000,0.00275341,0.20475724,USDT
2026-04-14T10:45:00Z,BTC/USDT,sell,74328.30725500,0.00275341,0.20465630,USDT
2026-04-14T14:00:00Z,BTC/USDT,buy,75588.20521500,0.0027086,0.20473821,USDT
2026-04-14T14:45:00Z,BTC/USDT,stop_sell,75214.24727768,0.0027086,0.20372531,USDT
2026-04-14T15:00:00Z,BTC/USDT,buy,75003.98325000,0.00272508,0.20439185,USDT
2026-04-14T15:00:00Z,BTC/USDT,stop_sell,74580.08059107,0.00272508,0.20323669,USDT
2026-04-14T15:15:00Z,BTC/USDT,buy,74737.63014000,0.00273766,0.20460622,USDT
2026-04-14T18:30:00Z,BTC/USDT,sell,74521.96038000,0.00273766,0.20401579,USDT
2026-04-14T23:45:00Z,BTC/USDT,buy,74195.05899000,0.00275532,0.20443113,USDT
2026-04-15T00:00:00Z,BTC/USDT,sell,74114.67412500,0.00275532,0.20420964,USDT
2026-04-15T00:30:00Z,BTC/USDT,buy,74609.20596000,0.00273949,0.20439117,USDT
2026-04-15T02:30:00Z,BTC/USDT,stop_sell,74202.24531750,0.00273949,0.20327631,USDT
2026-04-15T10:15:00Z,BTC/USDT,buy,74160.75184500,0.00275372,0.20421795,USDT
2026-04-15T10:30:00Z,BTC/USDT,sell,73870.92606000,0.00275372,0.20341985,USDT
2026-04-15T11:15:00Z,BTC/USDT,buy,74065.31415000,0.00275545,0.20408327,USDT
2026-04-15T12:30:00Z,BTC/USDT,sell,74170.28630500,0.00275545,0.20437252,USDT
