ts,symbol,side,price,qty,fee,fee_currency
2023-01-01T11:15:00Z,SOL/USDT,buy,9.94587045,80.6118439,0.80175496,USDT
2023-01-01T13:30:00Z,SOL/USDT,stop_sell,9.87006250,80.6118439,0.79564394,USDT
2023-01-01T18:30:00Z,SOL/USDT,buy,10.02941220,79.74375789,0.79978302,USDT
2023-01-01T19:45:00Z,SOL/USDT,stop_sell,9.96421540,79.74375789,0.79458398,USDT
2023-01-02T07:15:00Z,SOL/USDT,buy,11.81370390,67.67821868,0.79953044,USDT
2023-01-02T07:15:00Z,SOL/USDT,stop_sell,11.55681870,67.67821868,0.78214490,USDT
2023-01-02T20:00:00Z,SOL/USDT,buy,11.25592515,70.6576817,0.79531758,USDT
2023-01-02T20:00:00Z,SOL/USDT,stop_sell,11.20172491,70.6576817,0.79148791,USDT
2023-01-02T21:00:00Z,SOL/USDT,buy,11.35707570,70.25692396,0.79791320,USDT
2023-01-02T22:45:00Z,SOL/USDT,sell,11.29185125,70.25692396,0.79333073,USDT
2023-01-03T05:30:00Z,SOL/USDT,buy,11.64551985,68.12270226,0.79332428,USDT
2023-01-03T08:30:00Z,SOL/USDT,sell,11.80049680,68.12270226,0.80388173,USDT
2023-01-03T14:00:00Z,SOL/USDT,buy,12.04451925,66.24053337,0.79783538,USDT
2023-01-03T17:30:00Z,SOL/USDT,sell,12.93153100,66.24053337,0.85659151,USDT
2023-01-04T00:15:00Z,SOL/USDT,buy,13.49454390,59.62398248,0.80459845,USDT
2023-01-04T03:45:00Z,SOL/USDT,sell,13.54062630,59.62398248,0.80734607,USDT
2023-01-05T20:00:00Z,SOL/USDT,buy,13.43121225,59.73069354,0.80225562,USDT
2023-01-05T22:15:00Z,SOL/USDT,sell,13.53323000,59.73069354,0.80834921,USDT
2023-01-07T00:00:00Z,SOL/USDT,buy,13.50965145,59.3901801,0.80234063,USDT
2023-01-07T00:00:00Z,SOL/USDT,stop_sell,13.40568666,59.3901801,0.79616615,USDT
2023-01-08T02:00:00Z,SOL/USDT,buy,13.19849595,60.71845337,0.80139226,USDT
2023-01-08T05:00:00Z,SOL/USDT,sell,13.27515910,60.71845337,0.80604713,USDT
2023-01-08T09:00:00Z,SOL/USDT,buy,13.57308315,58.94496027,0.80006485,USDT
2023-01-08T09:30:00Z,SOL/USDT,stop_sell,13.51679893,58.94496027,0.79674718,USDT
2023-01-08T14:45:00Z,SOL/USDT,buy,13.67283300,58.60025649,0.80123152,USDT
2023-01-08T16:30:00Z,SOL/USDT,sell,13.66736290,58.60025649,0.80091097,USDT
2023-01-08T23:30:00Z,SOL/USDT,buy,13.90114710,57.70247907,0.80213065,USDT
2023-01-09T06:00:00Z,SOL/USDT,sell,16.08685255,57.70247907,0.92825127,USDT
2023-01-09T11:30:00Z,SOL/USDT,buy,16.61600385,48.85951592,0.81184990,USDT
2023-01-09T11:45:00Z,SOL/USDT,stop_sell,16.34573733,48.85951592,0.79864481,USDT
2023-01-09T15:15:00Z,SOL/USDT,buy,16.66162665,48.63724694,0.81037565,USDT
2023-01-09T17:00:00Z,SOL/USDT,sell,16.84797180,48.63724694,0.81943896,USDT
2023-01-10T20:30:00Z,SOL/USDT,buy,16.45082130,49.26520501,0.81045308,USDT
2023-01-10T22:15:00Z,SOL/USDT,sell,16.30654265,49.26520501,0.80334517,USDT
2023-01-11T19:45:00Z,SOL/USDT,buy,16.09674435,50.27953831,0.80933687,USDT
2023-01-11T21:00:00Z,SOL/USDT,stop_sell,15.90086345,50.27953831,0.79948807,USDT
2023-01-11T23:30:00Z,SOL/USDT,buy,16.37178180,49.52922936,0.81088174,USDT
2023-01-12T02:45:00Z,SOL/USDT,sell,16.49584795,49.52922936,0.81702664,USDT
2023-01-12T14:00:00Z,SOL/USDT,buy,16.38118650,49.45415839,0.81011779,USDT
2023-01-12T14:30:00Z,SOL/USDT,stop_sell,16.10931988,49.45415839,0.79667286,USDT
2023-01-13T04:00:00Z,SOL/USDT,buy,16.73596380,48.30987222,0.80851227,USDT
2023-01-13T05:45:00Z,SOL/USDT,sell,16.82838160,48.30987222,0.81297696,USDT
2023-01-13T20:00:00Z,SOL/USDT,buy,17.17458300,47.03755476,0.80785039,USDT
2023-01-14T09:15:00Z,SOL/USDT,sell,22.51686060,47.03755476,1.05913806,USDT
2023-01-14T23:00:00Z,SOL/USDT,buy,23.67052935,35.00992573,0.82870347,USDT
2023-01-15T00:30:00Z,SOL/USDT,stop_sell,23.22579558,35.00992573,0.81313338,USDT
2023-01-15T12:15:00Z,SOL/USDT,buy,23.02880865,35.92615784,0.82733661,USDT
2023-01-15T16:30:00Z,SOL/USDT,sell,23.24227305,35.92615784,0.83500557,USDT
2023-01-16T01:15:00Z,SOL/USDT,buy,23.50244535,35.301796,0.82967853,USDT
2023-01-16T03:15:00Z,SOL/USDT,sell,23.37040895,35.301796,0.82501741,USDT
2023-01-16T06:45:00Z,SOL/USDT,buy,24.31835310,33.95884297,0.82582313,USDT
2023-01-16T08:00:00Z,SOL/USDT,stop_sell,24.01378353,33.95884297,0.81548030,USDT
2023-01-16T19:15:00Z,SOL/USDT,buy,23.89954380,34.63348281,0.82772444,USDT
2023-01-16T21:15:00Z,SOL/USDT,sell,23.60289265,34.63348281,0.81745038,USDT
2023-01-17T11:30:00Z,SOL/USDT,buy,23.83521165,34.63881633,0.82562352,USDT
2023-01-17T12:45:00Z,SOL/USDT,sell,23.68854980,34.63881633,0.82054333,USDT
2023-01-18T14:15:00Z,SOL/USDT,buy,23.27112975,35.4643957,0.82529655,USDT
2023-01-18T15:45:00Z,SOL/USDT,sell,22.94861995,35.4643957,0.81385894,USDT
2023-01-19T16:15:00Z,SOL/USDT,buy,21.26382660,38.81887873,0.82543791,USDT
2023-01-19T17:45:00Z,SOL/USDT,sell,21.07625660,38.81887873,0.81815665,USDT
2023-01-19T19:30:00Z,SOL/USDT,buy,21.63301110,38.06698952,0.82350361,USDT
2023-01-19T21:15:00Z,SOL/USDT,sell,21.47625650,38.06698952,0.81753643,USDT
2023-01-20T11:00:00Z,SOL/USDT,buy,21.18738840,38.80134015,0.82209906,USDT
2023-01-20T14:00:00Z,SOL/USDT,sell,21.22967985,38.80134015,0.82374003,USDT
2023-01-20T15:15:00Z,SOL/USDT,buy,21.43651290,38.30699363,0.82116836,USDT
2023-01-21T00:15:00Z,SOL/USDT,sell,24.92123315,38.30699363,0.95465752,USDT
2023-01-21T08:00:00Z,SOL/USDT,buy,25.46322525,32.71995841,0.83315567,USDT
2023-01-21T08:00:00Z,SOL/USDT,stop_sell,25.16313714,32.71995841,0.82333680,USDT
2023-01-21T10:15:00Z,SOL/USDT,buy,26.38348515,31.52288242,0.83168350,USDT
2023-01-21T10:15:00Z,SOL/USDT,stop_sell,25.89425710,31.52288242,0.81626162,USDT
2023-01-21T16:15:00Z,SOL/USDT,buy,25.91214960,32.03635818,0.83013091,USDT
2023-01-21T16:15:00Z,SOL/USDT,stop_sell,25.50133938,32.03635818,0.81697004,USDT
2023-01-22T15:15:00Z,SOL/USDT,buy,25.39689210,32.66401791,0.82956454,USDT
2023-01-22T15:15:00Z,SOL/USDT,stop_sell,25.13448361,32.66401791,0.82099322,USDT
2023-01-23T02:30:00Z,SOL/USDT,buy,24.82960860,33.47271481,0.83111441,USDT
2023-01-23T03:45:00Z,SOL/USDT,sell,24.69024870,33.47271481,0.82644965,USDT
2023-01-24T02:00:00Z,SOL/USDT,buy,24.63871320,33.62224777,0.82840892,USDT
2023-01-24T04:45:00Z,SOL/USDT,sell,24.81738510,33.62224777,0.83441627,USDT
2023-01-25T12:15:00Z,SOL/USDT,buy,23.81029920,34.85232407,0.82984426,USDT
2023-01-25T14:00:00Z,SOL/USDT,sell,23.86046380,34.85232407,0.83159262,USDT
2023-01-25T20:15:00Z,SOL/USDT,buy,24.13826310,34.36381235,0.82948274,USDT
2023-01-25T21:00:00Z,SOL/USDT,stop_sell,23.82219723,34.36381235,0.81862152,USDT
2023-01-25T21:45:00Z,SOL/USDT,buy,24.51084930,33.76633402,0.82764152,USDT
2023-01-25T22:45:00Z,SOL/USDT,stop_sell,24.11979478,33.76633402,0.81443705,USDT
2023-01-26T14:00:00Z,SOL/USDT,buy,24.94526640,33.1376614,0.82662779,USDT
2023-01-26T14:30:00Z,SOL/USDT,stop_sell,24.67869019,33.1376614,0.81779408,USDT
2023-01-27T20:15:00Z,SOL/USDT,buy,24.61980375,33.52120233,0.82528542,USDT
2023-01-27T20:45:00Z,SOL/USDT,stop_sell,24.37563822,33.52120233,0.81710070,USDT
2023-01-29T00:45:00Z,SOL/USDT,buy,24.28133460,34.02952306,0.82628224,USDT
2023-01-29T02:00:00Z,SOL/USDT,stop_sell,24.04169457,34.02952306,0.81812740,USDT
2023-01-29T10:45:00Z,SOL/USDT,buy,24.36467625,33.76232096,0.82260802,USDT
2023-01-29T11:00:00Z,SOL/USDT,stop_sell,24.28917434,33.76232096,0.82005890,USDT
2023-01-29T13:00:00Z,SOL/USDT,buy,24.48403590,33.63097023,0.82342188,USDT
2023-01-29T14:30:00Z,SOL/USDT,sell,24.49984395,33.63097023,0.82395352,USDT
2023-01-29T15:15:00Z,SOL/USDT,buy,24.72545655,33.30163347,0.82339809,USDT
2023-01-29T16:30:00Z,SOL/USDT,stop_sell,24.51673193,33.30163347,0.81644722,USDT
2023-01-29T17:00:00Z,SOL/USDT,buy,25.00439595,32.89599903,0.82254458,USDT
2023-01-29T21:00:00Z,SOL/USDT,sell,26.04317190,32.89599903,0.85671616,USDT
2023-01-30T15:00:00Z,SOL/USDT,buy,24.77027895,33.34674816,0.82600825,USDT
2023-01-30T15:15:00Z,SOL/USDT,stop_sell,24.50230343,33.34674816,0.81707214,USDT
2023-01-31T08:00:00Z,SOL/USDT,buy,24.13926360,34.16112264,0.82462434,USDT
2023-01-31T08:00:00Z,SOL/USDT,stop_sell,23.97400343,34.16112264,0.81897887,USDT
2023-01-31T13:45:00Z,SOL/USDT,buy,24.06652725,34.17009401,0.82235550,USDT
2023-01-31T17:00:00Z,SOL/USDT,sell,24.10344225,34.17009401,0.82361689,USDT
2023-02-07T03:45:00Z,SOL/USDT,buy,23.14116480,35.56707687,0.82306359,USDT
2023-02-07T04:45:00Z,SOL/USDT,sell,23.03997425,35.56707687,0.81946454,USDT
2023-02-07T06:30:00Z,SOL/USDT,buy,23.22840840,35.33260447,0.82072017,USDT
2023-02-07T07:00:00Z,SOL/USDT,stop_sell,23.19759540,35.33260447,0.81963146,USDT
2023-02-07T18:00:00Z,SOL/USDT,buy,23.70854835,34.71924561,0.82314291,USDT
2023-02-07T18:00:00Z,SOL/USDT,stop_sell,23.42191532,34.71924561,0.81319123,USDT
2023-02-08T00:15:00Z,SOL/USDT,buy,23.90984895,34.35475276,0.82141695,USDT
2023-02-08T01:30:00Z,SOL/USDT,sell,23.92713045,34.35475276,0.82201065,USDT
2023-02-08T14:45:00Z,SOL/USDT,buy,23.91355080,34.32427464,0.82081529,USDT
2023-02-08T14:45:00Z,SOL/USDT,stop_sell,23.73531212,34.32427464,0.81469737,USDT
2023-02-11T12:15:00Z,SOL/USDT,buy,20.37168075,40.30688677,0.82111903,USDT
2023-02-11T12:45:00Z,SOL/USDT,stop_sell,20.29744620,40.30688677,0.81812687,USDT
2023-02-11T14:00:00Z,SOL/USDT,buy,20.52715845,39.96839798,0.82043764,USDT
2023-02-11T14:00:00Z,SOL/USDT,stop_sell,20.45745187,39.96839798,0.81765158,USDT
2023-02-11T22:00:00Z,SOL/USDT,buy,20.70204585,39.67629427,0.82138046,USDT
2023-02-12T00:15:00Z,SOL/USDT,sell,20.70874045,39.67629427,0.82164608,USDT
2023-02-12T06:00:00Z,SOL/USDT,buy,20.82970965,39.42127771,0.82113377,USDT
2023-02-12T08:00:00Z,SOL/USDT,sell,20.83617670,39.42127771,0.82138871,USDT
2023-02-12T08:45:00Z,SOL/USDT,buy,20.94486720,39.0701723,0.81831957,USDT
2023-02-12T08:45:00Z,SOL/USDT,stop_sell,20.90972205,39.0701723,0.81694644,USDT
2023-02-12T15:15:00Z,SOL/USDT,buy,21.31625280,38.43922204,0.81938017,USDT
2023-02-12T21:15:00Z,SOL/USDT,sell,22.02568165,38.43922204,0.84665007,USDT
2023-02-13T23:30:00Z,SOL/USDT,buy,20.80869915,39.55733971,0.82313678,USDT
2023-02-14T01:30:00Z,SOL/USDT,sell,20.66936015,39.55733971,0.81762490,USDT
2023-02-14T10:00:00Z,SOL/USDT,buy,21.43811370,38.3443247,0.82202999,USDT
2023-02-14T11:15:00Z,SOL/USDT,stop_sell,21.24564329,38.3443247,0.81464984,USDT
2023-02-14T13:30:00Z,SOL/USDT,buy,21.77898405,37.62617737,0.81945992,USDT
2023-02-14T13:30:00Z,SOL/USDT,stop_sell,21.60231844,37.62617737,0.81281267,USDT
2023-02-14T15:00:00Z,SOL/USDT,buy,21.99399150,37.37704318,0.82207037,USDT
2023-02-14T17:00:00Z,SOL/USDT,sell,21.77490710,37.37704318,0.81388164,USDT
2023-02-15T11:45:00Z,SOL/USDT,buy,22.12965930,37.08973602,0.82078322,USDT
2023-02-15T14:30:00Z,SOL/USDT,sell,22.39629625,37.08973602,0.83067272,USDT
2023-02-15T18:45:00Z,SOL/USDT,buy,22.68313590,36.23251764,0.82186712,USDT
2023-02-16T00:45:00Z,SOL/USDT,sell,23.60469175,36.23251764,0.85525741,USDT
2023-02-16T16:00:00Z,SOL/USDT,buy,23.86232520,34.47166477,0.82257407,USDT
2023-02-16T16:00:00Z,SOL/USDT,stop_sell,23.54914811,34.47166477,0.81177834,USDT
2023-02-16T18:45:00Z,SOL/USDT,buy,23.90364585,34.39051012,0.82205857,USDT
2023-02-16T19:30:00Z,SOL/USDT,sell,23.62708055,34.39051012,0.81254735,USDT
2023-02-17T14:15:00Z,SOL/USDT,buy,22.71135000,36.1520294,0.82106139,USDT
2023-02-17T14:45:00Z,SOL/USDT,stop_sell,22.58988155,36.1520294,0.81667006,USDT
2023-02-17T21:30:00Z,SOL/USDT,buy,23.45722275,34.90169976,0.81869695,USDT
2023-02-17T21:30:00Z,SOL/USDT,stop_sell,23.33218164,34.90169976,0.81433280,USDT
2023-02-18T13:00:00Z,SOL/USDT,buy,23.23981410,35.27421396,0.81976617,USDT
2023-02-18T14:45:00Z,SOL/USDT,sell,23.23017910,35.27421396,0.81942631,USDT
2023-02-18T15:45:00Z,SOL/USDT,buy,23.47883355,34.9521797,0.82063641,USDT
2023-02-18T18:45:00Z,SOL/USDT,sell,23.52053385,34.9521797,0.82209393,USDT
2023-02-19T05:30:00Z,SOL/USDT,buy,23.68903860,34.66330656,0.82114041,USDT
2023-02-19T06:45:00Z,SOL/USDT,stop_sell,23.54062380,34.66330656,0.81599586,USDT
2023-02-19T12:30:00Z,SOL/USDT,buy,23.81970390,34.44037859,0.82035962,USDT
2023-02-19T17:00:00Z,SOL/USDT,sell,24.56800985,34.44037859,0.84613156,USDT
2023-02-20T02:30:00Z,SOL/USDT,buy,25.82170440,31.83394533,0.82200673,USDT
2023-02-20T07:45:00Z,SOL/USDT,sell,26.56591040,31.83394533,0.84569774,USDT
2023-02-22T19:15:00Z,SOL/USDT,buy,23.93506155,34.28874069,0.82070312,USDT
2023-02-22T19:30:00Z,SOL/USDT,stop_sell,23.76534709,34.28874069,0.81488382,USDT
2023-02-22T23:30:00Z,SOL/USDT,buy,24.23921355,33.89562452,0.82160328,USDT
2023-02-23T00:30:00Z,SOL/USDT,stop_sell,24.06566829,33.89562452,0.81572086,USDT
2023-02-23T02:15:00Z,SOL/USDT,buy,24.23160975,33.85881869,0.82045368,USDT
2023-02-23T04:15:00Z,SOL/USDT,sell,24.38180300,33.85881869,0.82553905,USDT
2023-02-24T07:15:00Z,SOL/USDT,buy,24.08553675,34.14398892,0.82237630,USDT
2023-02-24T07:15:00Z,SOL/USDT,stop_sell,23.93944215,34.14398892,0.81738805,USDT
2023-02-26T07:45:00Z,SOL/USDT,buy,22.81340100,36.02181462,0.82178010,USDT
2023-02-26T08:15:00Z,SOL/USDT,stop_sell,22.69659959,36.02181462,0.81757270,USDT
2023-02-26T18:30:00Z,SOL/USDT,buy,23.06422635,35.66871388,0.82267129,USDT
2023-02-26T21:45:00Z,SOL/USDT,sell,23.35601615,35.66871388,0.83307906,USDT
2023-02-27T13:30:00Z,SOL/USDT,buy,23.20559700,35.49354795,0.82364897,USDT
2023-02-27T15:30:00Z,SOL/USDT,stop_sell,22.98294564,35.49354795,0.81574628,USDT
2023-02-28T12:15:00Z,SOL/USDT,buy,22.42570725,36.63627174,0.82159430,USDT
2023-02-28T13:30:00Z,SOL/USDT,sell,22.38390245,36.63627174,0.82006273,USDT
2023-02-28T14:00:00Z,SOL/USDT,buy,22.88523690,35.87222861,0.82094445,USDT
2023-02-28T14:30:00Z,SOL/USDT,stop_sell,22.69727426,35.87222861,0.81420181,USDT
2023-03-01T05:00:00Z,SOL/USDT,buy,22.77067965,36.0679404,0.82129152,USDT
2023-03-01T05:15:00Z,SOL/USDT,stop_sell,22.56281652,36.0679404,0.81379432,USDT
2023-03-01T07:30:00Z,SOL/USDT,buy,22.77288075,35.97708108,0.81930178,USDT
2023-03-01T09:30:00Z,SOL/USDT,sell,22.71983440,35.97708108,0.81739332,USDT
2023-03-02T00:00:00Z,SOL/USDT,buy,22.51165020,36.36956147,0.81873885,USDT
2023-03-02T00:45:00Z,SOL/USDT,stop_sell,22.41072474,36.36956147,0.81506823,USDT
2023-03-02T21:30:00Z,SOL/USDT,buy,22.11675285,36.99081188,0.81811664,USDT
2023-03-02T21:45:00Z,SOL/USDT,sell,22.03727585,36.99081188,0.81517673,USDT
2023-03-03T14:00:00Z,SOL/USDT,buy,21.35067000,38.31660679,0.81808523,USDT
2023-03-03T15:00:00Z,SOL/USDT,stop_sell,21.23759018,38.31660679,0.81375239,USDT
2023-03-03T15:15:00Z,SOL/USDT,buy,21.41070000,38.22264521,0.81837359,USDT
2023-03-03T15:30:00Z,SOL/USDT,stop_sell,21.23901804,38.22264521,0.81181145,USDT
2023-03-03T20:15:00Z,SOL/USDT,buy,21.48073500,38.0851746,0.81809754,USDT
2023-03-03T20:30:00Z,SOL/USDT,stop_sell,21.33646929,38.0851746,0.81260316,USDT
2023-03-05T00:45:00Z,SOL/USDT,buy,21.32065500,38.2906655,0.81638207,USDT
2023-03-05T02:30:00Z,SOL/USDT,sell,21.28935000,38.2906655,0.81518338,USDT
2023-03-05T16:00:00Z,SOL/USDT,buy,21.31065000,38.33398629,0.81692216,USDT
2023-03-05T16:15:00Z,SOL/USDT,stop_sell,21.22938000,38.33398629,0.81380676,USDT
2023-03-06T14:45:00Z,SOL/USDT,buy,20.85042000,39.12474232,0.81576731,USDT
2023-03-06T15:45:00Z,SOL/USDT,sell,20.82958000,39.12474232,0.81495195,USDT
2023-03-06T16:00:00Z,SOL/USDT,buy,21.11055000,38.76212886,0.81828986,USDT
2023-03-06T16:30:00Z,SOL/USDT,stop_sell,20.92988696,38.76212886,0.81128698,USDT
2023-03-07T01:15:00Z,SOL/USDT,buy,20.82040500,39.21388808,0.81644903,USDT
2023-03-07T06:00:00Z,SOL/USDT,sell,20.76961000,39.21388808,0.81445716,USDT
2023-03-09T07:00:00Z,SOL/USDT,buy,18.73936500,43.49037759,0.81498206,USDT
2023-03-09T07:15:00Z,SOL/USDT,stop_sell,18.62068500,43.49037759,0.80982062,USDT
2023-03-10T13:45:00Z,SOL/USDT,buy,17.68884000,45.96453264,0.81305926,USDT
2023-03-10T14:00:00Z,SOL/USDT,stop_sell,17.34346679,45.96453264,0.79718435,USDT
2023-03-10T22:15:00Z,SOL/USDT,buy,17.90895000,45.34782701,0.81213197,USDT
2023-03-11T01:00:00Z,SOL/USDT,sell,18.09095000,45.34782701,0.82038527,USDT
2023-03-11T01:15:00Z,SOL/USDT,buy,18.25912500,44.55686154,0.81356930,USDT
2023-03-11T03:15:00Z,SOL/USDT,sell,18.37081000,44.55686154,0.81854564,USDT
2023-03-11T18:00:00Z,SOL/USDT,buy,17.63881500,46.11282656,0.81337562,USDT
2023-03-11T22:45:00Z,SOL/USDT,sell,17.94102500,46.11282656,0.82731137,USDT
2023-03-12T03:15:00Z,SOL/USDT,buy,18.08904000,44.92078688,0.81257391,USDT
2023-03-12T03:30:00Z,SOL/USDT,stop_sell,17.96137196,44.92078688,0.80683896,USDT
2023-03-12T17:30:00Z,SOL/USDT,buy,18.31915500,44.56875779,0.81646198,USDT
2023-03-12T20:00:00Z,SOL/USDT,sell,18.38080500,44.56875779,0.81920965,USDT
2023-03-12T20:45:00Z,SOL/USDT,buy,18.83941500,43.24731544,0.81475412,USDT
2023-03-13T02:00:00Z,SOL/USDT,sell,19.99999500,43.24731544,0.86494609,USDT
2023-03-13T14:15:00Z,SOL/USDT,buy,19.83991500,41.09524915,0.81532625,USDT
2023-03-13T17:00:00Z,SOL/USDT,sell,20.47975500,41.09524915,0.84162063,USDT
2023-03-14T05:15:00Z,SOL/USDT,buy,20.59029000,39.75589006,0.81858531,USDT
2023-03-14T05:15:00Z,SOL/USDT,stop_sell,20.45655232,39.75589006,0.81326845,USDT
2023-03-14T12:45:00Z,SOL/USDT,buy,21.28063500,38.46058948,0.81846577,USDT
2023-03-14T16:30:00Z,SOL/USDT,sell,21.64917000,38.46058948,0.83263984,USDT
2023-03-15T01:30:00Z,SOL/USDT,buy,21.04051500,39.02057057,0.82101290,USDT
2023-03-15T03:30:00Z,SOL/USDT,sell,20.89954500,39.02057057,0.81551217,USDT
2023-03-16T09:45:00Z,SOL/USDT,buy,19.68984000,41.58505393,0.81880306,USDT
2023-03-16T10:00:00Z,SOL/USDT,stop_sell,19.49025000,41.58505393,0.81050310,USDT
2023-03-16T19:30:00Z,SOL/USDT,buy,19.82991000,41.25174164,0.81801832,USDT
2023-03-16T19:30:00Z,SOL/USDT,stop_sell,19.66230679,41.25174164,0.81110440,USDT
2023-03-17T01:30:00Z,SOL/USDT,buy,19.71985500,41.40504189,0.81650142,USDT
2023-03-17T03:45:00Z,SOL/USDT,sell,19.97001000,41.40504189,0.82685910,USDT
2023-03-17T10:30:00Z,SOL/USDT,buy,20.52025500,39.90549577,0.81887095,USDT
2023-03-17T12:15:00Z,SOL/USDT,sell,20.46976000,39.90549577,0.81685592,USDT
2023-03-17T19:30:00Z,SOL/USDT,buy,20.47023000,40.10625737,0.82098431,USDT
2023-03-18T05:00:00Z,SOL/USDT,sell,22.45876500,40.10625737,0.90073701,USDT
2023-03-19T15:15:00Z,SOL/USDT,buy,21.88093500,37.74879592,0.82597895,USDT
2023-03-19T17:30:00Z,SOL/USDT,sell,22.04897000,37.74879592,0.83232207,USDT
2023-03-20T01:30:00Z,SOL/USDT,buy,22.21110000,37.2208379,0.82671575,USDT
2023-03-20T02:45:00Z,SOL/USDT,sell,22.13892500,37.2208379,0.82402934,USDT
2023-03-20T07:45:00Z,SOL/USDT,buy,22.90144500,36.00344843,0.82453099,USDT
2023-03-20T10:45:00Z,SOL/USDT,sell,23.05846500,36.00344843,0.83018426,USDT
2023-03-20T13:15:00Z,SOL/USDT,buy,23.75187000,34.714299,0.82452952,USDT
2023-03-20T13:15:00Z,SOL/USDT,stop_sell,23.43042179,34.714299,0.81337067,USDT
2023-03-21T13:00:00Z,SOL/USDT,buy,22.95147000,35.95703086,0.82526672,USDT
2023-03-21T17:30:00Z,SOL/USDT,sell,22.76861000,35.95703086,0.81869161,USDT
2023-03-22T05:30:00Z,SOL/USDT,buy,22.51125000,36.6152789,0.82425570,USDT
2023-03-22T06:15:00Z,SOL/USDT,stop_sell,22.36416946,36.6152789,0.81887030,USDT
2023-03-22T11:00:00Z,SOL/USDT,buy,22.51125000,36.52531472,0.82223049,USDT
2023-03-22T13:00:00Z,SOL/USDT,sell,22.43877500,36.52531472,0.81958332,USDT
2023-03-22T15:00:00Z,SOL/USDT,buy,22.73136000,36.15702074,0.82189825,USDT
2023-03-22T16:00:00Z,SOL/USDT,sell,22.62868000,36.15702074,0.81818565,USDT
2023-03-23T11:00:00Z,SOL/USDT,buy,21.75087000,37.78235326,0.82179905,USDT
2023-03-23T11:00:00Z,SOL/USDT,stop_sell,21.65381054,37.78235326,0.81813192,USDT
2023-03-23T15:00:00Z,SOL/USDT,buy,22.00099500,37.35088371,0.82175661,USDT
2023-03-23T18:30:00Z,SOL/USDT,sell,22.12893000,37.35088371,0.82653509,USDT
2023-03-23T23:30:00Z,SOL/USDT,buy,22.20109500,37.05905578,0.82275162,USDT
2023-03-24T01:00:00Z,SOL/USDT,sell,22.05896500,37.05905578,0.81748441,USDT
2023-03-25T12:15:00Z,SOL/USDT,buy,20.73036000,39.54825527,0.81984957,USDT
2023-03-25T12:15:00Z,SOL/USDT,stop_sell,20.66216375,39.54825527,0.81715253,USDT
2023-03-25T13:45:00Z,SOL/USDT,buy,20.82040500,39.49353239,0.82227134,USDT
2023-03-25T14:45:00Z,SOL/USDT,stop_sell,20.66501946,39.49353239,0.81613462,USDT
2023-03-25T16:00:00Z,SOL/USDT,buy,20.90044500,39.27470215,0.82085875,USDT
2023-03-25T16:45:00Z,SOL/USDT,sell,20.71963500,39.27470215,0.81375749,USDT
2023-03-26T08:45:00Z,SOL/USDT,buy,20.90044500,39.20371392,0.81937507,USDT
2023-03-26T09:30:00Z,SOL/USDT,stop_sell,20.80851911,39.20371392,0.81577123,USDT
2023-03-26T13:45:00Z,SOL/USDT,buy,21.02050500,38.94156556,0.81857137,USDT
2023-03-26T14:30:00Z,SOL/USDT,stop_sell,20.96094286,38.94156556,0.81625193,USDT
2023-03-28T12:00:00Z,SOL/USDT,buy,20.15007000,40.72671298,0.82064612,USDT
2023-03-28T12:15:00Z,SOL/USDT,stop_sell,19.96072893,40.72671298,0.81293488,USDT
2023-03-28T19:00:00Z,SOL/USDT,buy,20.69034000,39.64470022,0.82026233,USDT
2023-03-28T21:00:00Z,SOL/USDT,sell,20.49974500,39.64470022,0.81270625,USDT
2023-03-29T01:30:00Z,SOL/USDT,buy,20.81040000,39.34222755,0.81872749,USDT
2023-03-29T03:15:00Z,SOL/USDT,stop_sell,20.65181179,39.34222755,0.81248828,USDT
2023-03-29T04:45:00Z,SOL/USDT,buy,20.87043000,39.21756381,0.81848742,USDT
2023-03-29T06:15:00Z,SOL/USDT,sell,20.90954000,39.21756381,0.82002122,USDT
2023-03-29T06:30:00Z,SOL/USDT,buy,21.16057500,38.64207556,0.81768854,USDT
2023-03-29T09:45:00Z,SOL/USDT,sell,21.24937000,38.64207556,0.82111976,USDT
2023-03-29T21:15:00Z,SOL/USDT,buy,21.31065000,38.35853852,0.81744539,USDT
2023-03-29T21:45:00Z,SOL/USDT,stop_sell,21.18940000,38.35853852,0.81279442,USDT
2023-03-30T02:45:00Z,SOL/USDT,buy,21.60079500,37.83755206,0.81732121,USDT
2023-03-30T03:00:00Z,SOL/USDT,stop_sell,21.34218071,37.83755206,0.80753587,USDT
2023-03-31T01:15:00Z,SOL/USDT,buy,20.73036000,39.38298206,0.81642340,USDT
2023-03-31T01:30:00Z,SOL/USDT,stop_sell,20.59791018,39.38298206,0.81120713,USDT
2023-03-31T12:45:00Z,SOL/USDT,buy,20.40019500,39.83744118,0.81269157,USDT
2023-03-31T17:45:00Z,SOL/USDT,sell,20.78960000,39.83744118,0.82820447,USDT
2023-03-31T22:45:00Z,SOL/USDT,buy,21.44071500,38.08603858,0.81659190,USDT
2023-03-31T23:00:00Z,SOL/USDT,stop_sell,21.28113982,38.08603858,0.81051431,USDT
2023-04-01T14:00:00Z,SOL/USDT,buy,21.03051000,38.68915708,0.81365270,USDT
2023-04-01T14:00:00Z,SOL/USDT,stop_sell,21.00949000,38.68915708,0.81283946,USDT
2023-04-01T20:45:00Z,SOL/USDT,buy,21.14056500,38.58836972,0.81577994,USDT
2023-04-01T21:00:00Z,SOL/USDT,stop_sell,21.03947500,38.58836972,0.81187904,USDT
2023-04-01T23:15:00Z,SOL/USDT,buy,21.16057500,38.45823349,0.81379833,USDT
2023-04-01T23:30:00Z,SOL/USDT,stop_sell,21.07945500,38.45823349,0.81067860,USDT
2023-04-02T06:15:00Z,SOL/USDT,buy,21.06052500,38.71437409,0.81534504,USDT
2023-04-02T08:15:00Z,SOL/USDT,sell,21.12943000,38.71437409,0.81801266,USDT
2023-04-03T08:00:00Z,SOL/USDT,buy,20.26012500,40.18910564,0.81423630,USDT
2023-04-03T09:45:00Z,SOL/USDT,sell,20.36981000,40.18910564,0.81864445,USDT
2023-04-03T14:00:00Z,SOL/USDT,buy,20.51025000,39.76843301,0.81566050,USDT
2023-04-03T14:15:00Z,SOL/USDT,stop_sell,20.39515446,39.76843301,0.81108333,USDT
2023-04-03T18:45:00Z,SOL/USDT,buy,20.57028000,39.72482338,0.81715074,USDT
2023-04-03T20:15:00Z,SOL/USDT,sell,20.47975500,39.72482338,0.81355465,USDT
2023-04-04T06:45:00Z,SOL/USDT,buy,20.54026500,39.66572786,0.81474456,USDT
2023-04-04T08:15:00Z,SOL/USDT,sell,20.45976500,39.66572786,0.81155147,USDT
2023-04-04T10:15:00Z,SOL/USDT,buy,20.69034000,39.41643337,0.81553941,USDT
2023-04-04T13:45:00Z,SOL/USDT,sell,20.85956500,39.41643337,0.82220965,USDT
2023-04-05T00:45:00Z,SOL/USDT,buy,21.22060500,38.39423512,0.81474890,USDT
2023-04-05T02:45:00Z,SOL/USDT,sell,21.13942500,38.39423512,0.81163205,USDT
2023-04-07T14:45:00Z,SOL/USDT,buy,20.52025500,39.62875433,0.81319214,USDT
2023-04-07T16:45:00Z,SOL/USDT,sell,20.47975500,39.62875433,0.81158718,USDT
2023-04-08T05:45:00Z,SOL/USDT,buy,20.62030500,39.40503619,0.81254386,USDT
2023-04-08T08:30:00Z,SOL/USDT,sell,20.61968500,39.40503619,0.81251943,USDT
2023-04-09T12:30:00Z,SOL/USDT,buy,20.28013500,40.11780895,0.81359458,USDT
2023-04-09T12:45:00Z,SOL/USDT,stop_sell,20.18990000,40.11780895,0.80997455,USDT
2023-04-09T19:00:00Z,SOL/USDT,buy,20.26012500,40.21615534,0.81478433,USDT
2023-04-09T20:30:00Z,SOL/USDT,sell,20.25986500,40.21615534,0.81477388,USDT
2023-04-10T10:15:00Z,SOL/USDT,buy,20.36017500,39.93303677,0.81304362,USDT
2023-04-10T10:30:00Z,SOL/USDT,stop_sell,20.28985000,39.93303677,0.81023533,USDT
2023-04-10T17:00:00Z,SOL/USDT,buy,20.53026000,39.66224476,0.81427620,USDT
2023-04-10T20:30:00Z,SOL/USDT,sell,20.54972000,39.66224476,0.81504802,USDT
2023-04-10T22:15:00Z,SOL/USDT,buy,20.84041500,39.04875831,0.81379233,USDT
2023-04-11T01:30:00Z,SOL/USDT,sell,20.88955000,39.04875831,0.81571099,USDT
2023-04-11T02:00:00Z,SOL/USDT,buy,21.15057000,38.3673739,0.81149183,USDT
2023-04-11T02:00:00Z,SOL/USDT,stop_sell,21.04268768,38.3673739,0.80735267,USDT
2023-04-11T02:15:00Z,SOL/USDT,buy,21.20059500,38.30942261,0.81218255,USDT
2023-04-11T03:15:00Z,SOL/USDT,stop_sell,21.04661429,38.30942261,0.80628364,USDT
2023-04-11T04:30:00Z,SOL/USDT,buy,21.48073500,37.69401835,0.80969522,USDT
2023-04-11T09:00:00Z,SOL/USDT,sell,22.38880000,37.69401835,0.84392384,USDT
2023-04-11T14:00:00Z,SOL/USDT,buy,22.56127500,36.13593582,0.81527279,USDT
2023-04-11T19:45:00Z,SOL/USDT,sell,23.39829500,36.13593582,0.84551929,USDT
2023-04-12T00:30:00Z,SOL/USDT,buy,23.43171000,34.72630347,0.81369667,USDT
2023-04-12T01:00:00Z,SOL/USDT,stop_sell,23.27621321,34.72630347,0.80829684,USDT
2023-04-12T07:15:00Z,SOL/USDT,buy,23.26162500,35.0604637,0.81556336,USDT
2023-04-12T09:00:00Z,SOL/USDT,sell,23.43827500,35.0604637,0.82175679,USDT
2023-04-12T12:45:00Z,SOL/USDT,buy,24.13206000,33.88168084,0.81763475,USDT
2023-04-12T14:30:00Z,SOL/USDT,stop_sell,23.83985982,33.88168084,0.80773452,USDT
2023-04-12T17:45:00Z,SOL/USDT,buy,24.31215000,33.53698874,0.81535630,USDT
2023-04-12T18:30:00Z,SOL/USDT,stop_sell,23.96979482,33.53698874,0.80387474,USDT
2023-04-13T06:45:00Z,SOL/USDT,buy,24.21210000,33.7578085,0.81734744,USDT
2023-04-13T07:45:00Z,SOL/USDT,sell,24.10794000,33.7578085,0.81383122,USDT
2023-04-13T12:45:00Z,SOL/USDT,buy,24.46222500,33.29877084,0.81456202,USDT
2023-04-13T15:15:00Z,SOL/USDT,sell,24.53772500,33.29877084,0.81707608,USDT
2023-04-14T01:30:00Z,SOL/USDT,buy,25.10254500,32.41273168,0.81364206,USDT
2023-04-14T02:30:00Z,SOL/USDT,stop_sell,24.83150661,32.41273168,0.80485696,USDT
2023-04-14T03:45:00Z,SOL/USDT,buy,25.20259500,32.18721892,0.81120144,USDT
2023-04-14T07:15:00Z,SOL/USDT,sell,25.18740000,32.18721892,0.81071236,USDT
2023-04-14T23:15:00Z,SOL/USDT,buy,24.86242500,32.69852707,0.81296468,USDT
2023-04-14T23:15:00Z,SOL/USDT,stop_sell,24.67694107,32.69852707,0.80689963,USDT
2023-04-15T08:00:00Z,SOL/USDT,buy,24.43221000,33.24912385,0.81234958,USDT
2023-04-15T08:30:00Z,SOL/USDT,stop_sell,24.28249554,33.24912385,0.80737170,USDT
2023-04-16T02:15:00Z,SOL/USDT,buy,24.39219000,33.28202612,0.81182150,USDT
2023-04-16T06:00:00Z,SOL/USDT,sell,24.34782000,33.28202612,0.81034478,USDT
2023-04-16T17:30:00Z,SOL/USDT,buy,24.34216500,33.25821589,0.80957698,USDT
2023-04-16T20:00:00Z,SOL/USDT,sell,24.53772500,33.25821589,0.81608096,USDT
2023-04-16T20:45:00Z,SOL/USDT,buy,25.26262500,32.17914953,0.81292979,USDT
2023-04-17T00:15:00Z,SOL/USDT,stop_sell,24.96643911,32.17914953,0.80339878,USDT
2023-04-17T01:30:00Z,SOL/USDT,buy,25.60279500,31.67902947,0.81107170,USDT
2023-04-17T01:45:00Z,SOL/USDT,stop_sell,25.23262381,31.67902947,0.79934503,USDT
2023-04-18T06:30:00Z,SOL/USDT,buy,25.07253000,32.24211062,0.80839129,USDT
2023-04-18T06:45:00Z,SOL/USDT,stop_sell,24.94966179,32.24211062,0.80442976,USDT
2023-04-18T09:45:00Z,SOL/USDT,buy,25.19259000,32.09652715,0.80859465,USDT
2023-04-18T12:30:00Z,SOL/USDT,sell,25.22738000,32.09652715,0.80971129,USDT
2023-04-19T14:45:00Z,SOL/USDT,buy,23.53176000,34.40107636,0.80951787,USDT
2023-04-19T15:30:00Z,SOL/USDT,stop_sell,23.30155768,34.40107636,0.80159867,USDT
2023-04-20T13:00:00Z,SOL/USDT,buy,22.86142500,35.39189536,0.80910916,USDT
2023-04-20T14:30:00Z,SOL/USDT,sell,22.63867500,35.39189536,0.80122562,USDT
2023-04-22T12:45:00Z,SOL/USDT,buy,21.43071000,37.72028864,0.80837257,USDT
2023-04-22T13:45:00Z,SOL/USDT,sell,21.37930500,37.72028864,0.80643356,USDT
2023-04-22T15:00:00Z,SOL/USDT,buy,21.60079500,37.39263892,0.80771073,USDT
2023-04-22T18:30:00Z,SOL/USDT,sell,21.67915500,37.39263892,0.81064082,USDT
2023-04-22T22:15:00Z,SOL/USDT,buy,21.86092500,36.91870202,0.80707698,USDT
2023-04-22T23:45:00Z,SOL/USDT,sell,21.84907000,36.91870202,0.80663930,USDT
2023-04-23T05:00:00Z,SOL/USDT,buy,21.93096000,36.8606348,0.80838911,USDT
2023-04-23T07:00:00Z,SOL/USDT,sell,21.90904000,36.8606348,0.80758112,USDT
2023-04-23T07:45:00Z,SOL/USDT,buy,22.13106000,36.60108779,0.81002087,USDT
2023-04-23T09:45:00Z,SOL/USDT,sell,22.05896500,36.60108779,0.80738211,USDT
2023-04-24T01:15:00Z,SOL/USDT,buy,21.93096000,36.95435149,0.81044440,USDT
2023-04-24T03:15:00Z,SOL/USDT,sell,21.73912500,36.95435149,0.80335527,USDT
2023-04-24T13:45:00Z,SOL/USDT,buy,21.94096500,36.80444101,0.80752495,USDT
2023-04-24T14:30:00Z,SOL/USDT,stop_sell,21.74983393,36.80444101,0.80049048,USDT
2023-04-25T00:15:00Z,SOL/USDT,buy,21.40069500,37.56184044,0.80384949,USDT
2023-04-25T00:30:00Z,SOL/USDT,sell,21.27935500,37.56184044,0.79929174,USDT
2023-04-25T18:00:00Z,SOL/USDT,buy,21.25062000,37.89232521,0.80523540,USDT
2023-04-25T19:00:00Z,SOL/USDT,stop_sell,21.03947500,37.89232521,0.79723463,USDT
2023-04-25T20:15:00Z,SOL/USDT,buy,21.35067000,37.64347977,0.80371351,USDT
2023-04-26T01:00:00Z,SOL/USDT,sell,21.81908500,37.64347977,0.82134628,USDT
2023-04-26T06:15:00Z,SOL/USDT,buy,22.09104000,36.44096582,0.80501883,USDT
2023-04-26T06:15:00Z,SOL/USDT,stop_sell,22.00649125,36.44096582,0.80193780,USDT
2023-04-26T12:30:00Z,SOL/USDT,buy,22.80139500,35.3212069,0.80537279,USDT
2023-04-26T13:45:00Z,SOL/USDT,sell,22.65866500,35.3212069,0.80033139,USDT
2023-04-27T15:30:00Z,SOL/USDT,buy,22.23111000,36.21965498,0.80520313,USDT
2023-04-27T17:00:00Z,SOL/USDT,stop_sell,22.02112679,36.21965498,0.79759761,USDT
2023-04-28T01:00:00Z,SOL/USDT,buy,22.50124500,35.73596583,0.80410372,USDT
2023-04-28T01:45:00Z,SOL/USDT,stop_sell,22.35346054,35.73596583,0.79882250,USDT
2023-04-28T07:15:00Z,SOL/USDT,buy,22.49124000,35.61645853,0.80105832,USDT
2023-04-28T07:15:00Z,SOL/USDT,stop_sell,22.46876000,35.61645853,0.80025766,USDT
2023-04-28T11:00:00Z,SOL/USDT,buy,22.72135500,35.35706657,0.80336046,USDT
2023-04-28T11:30:00Z,SOL/USDT,stop_sell,22.57656321,35.35706657,0.79824105,USDT
2023-04-28T16:15:00Z,SOL/USDT,buy,22.69134000,35.3801279,0.80282251,USDT
2023-04-28T20:45:00Z,SOL/USDT,sell,23.20839000,35.3801279,0.82111581,USDT
2023-04-28T23:45:00Z,SOL/USDT,buy,23.46172500,34.28988265,0.80449980,USDT
2023-04-29T00:00:00Z,SOL/USDT,stop_sell,23.33404143,34.28988265,0.80012154,USDT
2023-04-29T12:45:00Z,SOL/USDT,buy,23.42170500,34.32804356,0.80402131,USDT
2023-04-29T15:15:00Z,SOL/USDT,sell,23.57820500,34.32804356,0.80939365,USDT
2023-04-30T06:15:00Z,SOL/USDT,buy,23.37168000,34.41442968,0.80432304,USDT
2023-04-30T10:00:00Z,SOL/USDT,sell,23.61818500,34.41442968,0.81280637,USDT
2023-04-30T15:15:00Z,SOL/USDT,buy,23.76187500,33.87220847,0.80486718,USDT
2023-04-30T15:45:00Z,SOL/USDT,stop_sell,23.61247357,33.87220847,0.79980663,USDT
2023-05-02T14:30:00Z,SOL/USDT,buy,22.17108000,36.18158535,0.80218482,USDT
2023-05-02T15:00:00Z,SOL/USDT,stop_sell,22.05967893,36.18158535,0.79815416,USDT
2023-05-03T21:30:00Z,SOL/USDT,buy,21.89094000,36.67317489,0.80281027,USDT
2023-05-04T03:00:00Z,SOL/USDT,sell,22.32883000,36.67317489,0.81886909,USDT
2023-05-04T10:45:00Z,SOL/USDT,buy,22.38118500,36.00257391,0.80578027,USDT
2023-05-04T11:30:00Z,SOL/USDT,stop_sell,22.25600929,36.00257391,0.80127362,USDT
2023-05-05T01:45:00Z,SOL/USDT,buy,22.02100500,36.45389592,0.80275142,USDT
2023-05-05T03:30:00Z,SOL/USDT,stop_sell,21.93081482,36.45389592,0.79946364,USDT
2023-05-05T12:00:00Z,SOL/USDT,buy,22.04101500,36.50237188,0.80454933,USDT
2023-05-05T12:30:00Z,SOL/USDT,stop_sell,21.92903000,36.50237188,0.80046161,USDT
2023-05-05T14:00:00Z,SOL/USDT,buy,22.20109500,36.31667964,0.80627005,USDT
2023-05-05T21:45:00Z,SOL/USDT,sell,22.78860000,36.31667964,0.82760629,USDT
2023-05-06T00:45:00Z,SOL/USDT,buy,23.24161500,34.66341987,0.80563386,USDT
2023-05-06T00:45:00Z,SOL/USDT,stop_sell,23.08166768,34.66341987,0.80008954,USDT
2023-05-07T11:15:00Z,SOL/USDT,buy,22.10104500,36.29643213,0.80218908,USDT
2023-05-07T11:15:00Z,SOL/USDT,stop_sell,22.07145875,36.29643213,0.80111520,USDT
2023-05-07T14:45:00Z,SOL/USDT,buy,22.34116500,35.94596589,0.80307476,USDT
2023-05-07T17:45:00Z,SOL/USDT,sell,22.54872000,35.94596589,0.81053552,USDT
2023-05-07T18:15:00Z,SOL/USDT,buy,22.66132500,35.49071357,0.80426659,USDT
2023-05-07T19:00:00Z,SOL/USDT,stop_sell,22.47518536,35.49071357,0.79766037,USDT
2023-05-09T13:15:00Z,SOL/USDT,buy,20.99049000,38.28313088,0.80358168,USDT
2023-05-09T13:15:00Z,SOL/USDT,stop_sell,20.88419554,38.28313088,0.79951239,USDT
2023-05-10T01:30:00Z,SOL/USDT,buy,20.82040500,38.5739254,0.80312475,USDT
2023-05-10T02:00:00Z,SOL/USDT,stop_sell,20.72391857,38.5739254,0.79940289,USDT
2023-05-10T12:45:00Z,SOL/USDT,buy,21.18058500,38.0238359,0.80536709,USDT
2023-05-10T15:15:00Z,SOL/USDT,stop_sell,20.99556839,38.0238359,0.79833205,USDT
2023-05-12T14:15:00Z,SOL/USDT,buy,20.63031000,38.96948866,0.80395263,USDT
2023-05-12T14:15:00Z,SOL/USDT,stop_sell,20.46262071,38.96948866,0.79741787,USDT
2023-05-13T03:30:00Z,SOL/USDT,buy,21.10054500,38.05038868,0.80288394,USDT
2023-05-13T04:45:00Z,SOL/USDT,sell,21.03947500,38.05038868,0.80056020,USDT
2023-05-13T18:45:00Z,SOL/USDT,buy,21.05052000,38.19871298,0.80410277,USDT
2023-05-13T18:45:00Z,SOL/USDT,stop_sell,20.90811214,38.19871298,0.79866297,USDT
2023-05-14T04:45:00Z,SOL/USDT,buy,21.10054500,37.97265684,0.80124375,USDT
2023-05-14T08:30:00Z,SOL/USDT,sell,21.07945500,37.97265684,0.80044291,USDT
2023-05-14T15:15:00Z,SOL/USDT,buy,21.25062000,37.78429668,0.80293973,USDT
2023-05-14T16:15:00Z,SOL/USDT,stop_sell,21.07624232,37.78429668,0.79635099,USDT
2023-05-15T01:45:00Z,SOL/USDT,buy,21.05052000,38.09511012,0.80192188,USDT
2023-05-15T09:30:00Z,SOL/USDT,sell,21.39929500,38.09511012,0.81520850,USDT
2023-05-15T17:15:00Z,SOL/USDT,buy,21.46072500,37.32167463,0.80095020,USDT
2023-05-15T17:30:00Z,SOL/USDT,stop_sell,21.34932000,37.32167463,0.79679237,USDT
2023-05-16T07:45:00Z,SOL/USDT,buy,21.06052500,38.02706633,0.80086998,USDT
2023-05-16T09:45:00Z,SOL/USDT,sell,20.97950500,38.02706633,0.79778903,USDT
2023-05-17T17:00:00Z,SOL/USDT,buy,20.73036000,38.52192229,0.79857332,USDT
2023-05-17T20:30:00Z,SOL/USDT,sell,21.05946500,38.52192229,0.81125107,USDT
2023-05-19T05:15:00Z,SOL/USDT,buy,20.42020500,39.2258962,0.80100084,USDT
2023-05-19T07:45:00Z,SOL/USDT,sell,20.40979000,39.2258962,0.80059230,USDT
2023-05-19T17:45:00Z,SOL/USDT,buy,20.50024500,39.04584053,0.80044930,USDT
2023-05-19T18:30:00Z,SOL/USDT,stop_sell,20.40622036,39.04584053,0.79677803,USDT
2023-05-21T01:00:00Z,SOL/USDT,buy,20.37018000,39.33226406,0.80120530,USDT
2023-05-21T01:30:00Z,SOL/USDT,stop_sell,20.30305768,39.33226406,0.79856523,USDT
2023-05-21T10:45:00Z,SOL/USDT,buy,20.31015000,39.39305732,0.80007890,USDT
2023-05-21T11:00:00Z,SOL/USDT,stop_sell,20.25986500,39.39305732,0.79809802,USDT
2023-05-22T10:45:00Z,SOL/USDT,buy,19.89994500,40.1704894,0.79939053,USDT
2023-05-22T11:00:00Z,SOL/USDT,stop_sell,19.85471054,40.1704894,0.79757344,USDT
2023-05-22T13:45:00Z,SOL/USDT,buy,19.99999500,39.93601273,0.79872005,USDT
2023-05-22T13:45:00Z,SOL/USDT,stop_sell,19.91325268,39.93601273,0.79525591,USDT
2023-05-22T21:45:00Z,SOL/USDT,buy,19.71985500,40.46175102,0.79789986,USDT
2023-05-22T21:45:00Z,SOL/USDT,stop_sell,19.68729429,40.46175102,0.79658240,USDT
2023-05-23T02:00:00Z,SOL/USDT,buy,19.84992000,40.32737422,0.80049515,USDT
2023-05-23T04:45:00Z,SOL/USDT,sell,19.86006500,40.32737422,0.80090427,USDT
2023-05-23T11:45:00Z,SOL/USDT,buy,19.92996000,40.16029312,0.80039304,USDT
2023-05-23T13:15:00Z,SOL/USDT,sell,19.91004000,40.16029312,0.79959304,USDT
2023-05-23T15:15:00Z,SOL/USDT,buy,20.05002000,39.88978655,0.79979102,USDT
2023-05-23T18:00:00Z,SOL/USDT,sell,19.99000000,39.88978655,0.79739683,USDT
2023-05-25T04:00:00Z,SOL/USDT,buy,19.36968000,41.14880449,0.79703918,USDT
2023-05-25T07:45:00Z,SOL/USDT,sell,19.31034000,41.14880449,0.79459741,USDT
2023-05-25T12:15:00Z,SOL/USDT,buy,19.51975500,40.87917204,0.79795142,USDT
2023-05-25T12:30:00Z,SOL/USDT,stop_sell,19.42028500,40.87917204,0.79388517,USDT
2023-05-26T08:45:00Z,SOL/USDT,buy,19.32966000,41.25776395,0.79749855,USDT
2023-05-26T09:45:00Z,SOL/USDT,stop_sell,19.26036500,41.25776395,0.79463959,USDT
2023-05-26T13:45:00Z,SOL/USDT,buy,19.38969000,41.11165696,0.79714228,USDT
2023-05-26T16:15:00Z,SOL/USDT,sell,19.45027000,41.11165696,0.79963283,USDT
2023-05-27T05:00:00Z,SOL/USDT,buy,19.53976500,40.82046176,0.79762223,USDT
2023-05-27T05:30:00Z,SOL/USDT,stop_sell,19.46026500,40.82046176,0.79437700,USDT
2023-05-27T07:00:00Z,SOL/USDT,buy,19.61980500,40.61338273,0.79682665,USDT
2023-05-27T07:45:00Z,SOL/USDT,stop_sell,19.52023500,40.61338273,0.79278278,USDT
2023-05-27T16:15:00Z,SOL/USDT,buy,19.59979500,40.54904517,0.79475297,USDT
2023-05-27T16:30:00Z,SOL/USDT,stop_sell,19.53023000,40.54904517,0.79193218,USDT
2023-05-27T20:15:00Z,SOL/USDT,buy,19.74987000,40.30522585,0.79602297,USDT
2023-05-28T02:45:00Z,SOL/USDT,sell,20.41978500,40.30522585,0.82302405,USDT
2023-05-28T10:45:00Z,SOL/USDT,buy,20.57028000,38.8910639,0.80000007,USDT
2023-05-28T11:45:00Z,SOL/USDT,sell,20.54972000,38.8910639,0.79920047,USDT
2023-05-28T17:45:00Z,SOL/USDT,buy,20.68033500,38.6181025,0.79863530,USDT
2023-05-28T20:00:00Z,SOL/USDT,sell,20.79959500,38.6181025,0.80324089,USDT
2023-05-28T22:15:00Z,SOL/USDT,buy,21.11055000,37.87768823,0.79961883,USDT
2023-05-28T22:30:00Z,SOL/USDT,stop_sell,20.95844411,37.87768823,0.79385741,USDT
2023-05-29T13:15:00Z,SOL/USDT,buy,20.78038500,38.3967111,0.79789844,USDT
2023-05-29T13:30:00Z,SOL/USDT,stop_sell,20.69964500,38.3967111,0.79479829,USDT
2023-05-30T01:45:00Z,SOL/USDT,buy,20.83041000,38.24965409,0.79675598,USDT
2023-05-30T04:00:00Z,SOL/USDT,sell,20.88955000,38.24965409,0.79901806,USDT
2023-05-30T10:30:00Z,SOL/USDT,buy,21.10054500,37.69127717,0.79530649,USDT
2023-05-30T12:45:00Z,SOL/USDT,sell,21.23937500,37.69127717,0.80053917,USDT
2023-05-31T20:45:00Z,SOL/USDT,buy,20.72035500,38.46933138,0.79709820,USDT
2023-05-31T22:15:00Z,SOL/USDT,sell,20.68965000,38.46933138,0.79591700,USDT
2023-05-31T23:45:00Z,SOL/USDT,buy,20.81040000,38.2922926,0.79687793,USDT
2023-06-01T00:45:00Z,SOL/USDT,sell,20.72963000,38.2922926,0.79378506,USDT
2023-06-01T12:00:00Z,SOL/USDT,buy,20.74036500,38.44053699,0.79727077,USDT
2023-06-01T13:45:00Z,SOL/USDT,sell,20.68965000,38.44053699,0.79532126,USDT
2023-06-02T02:45:00Z,SOL/USDT,buy,20.72035500,38.33435523,0.79430145,USDT
2023-06-02T03:30:00Z,SOL/USDT,stop_sell,20.66858911,38.33435523,0.79231704,USDT
2023-06-02T04:45:00Z,SOL/USDT,buy,20.98048500,37.95512044,0.79631684,USDT
2023-06-02T07:15:00Z,SOL/USDT,sell,20.98950000,37.95512044,0.79665900,USDT
2023-06-02T09:00:00Z,SOL/USDT,buy,21.21060000,37.5209246,0.79584132,USDT
2023-06-02T09:30:00Z,SOL/USDT,stop_sell,21.13942500,37.5209246,0.79317077,USDT
2023-06-02T19:15:00Z,SOL/USDT,buy,21.26062500,37.43426097,0.79587578,USDT
2023-06-02T20:45:00Z,SOL/USDT,sell,21.21938500,37.43426097,0.79433200,USDT
2023-06-03T10:30:00Z,SOL/USDT,buy,21.14056500,37.59940076,0.79487258,USDT
2023-06-03T10:30:00Z,SOL/USDT,stop_sell,21.11943500,37.59940076,0.79407810,USDT
2023-06-03T10:45:00Z,SOL/USDT,buy,21.20059500,37.5726206,0.79656191,USDT
2023-06-03T13:15:00Z,SOL/USDT,stop_sell,21.11943500,37.5726206,0.79351252,USDT
2023-06-03T16:45:00Z,SOL/USDT,buy,21.27063000,37.34330331,0.79431559,USDT
2023-06-03T17:15:00Z,SOL/USDT,stop_sell,21.13942500,37.34330331,0.78941596,USDT
2023-06-04T03:00:00Z,SOL/USDT,buy,21.30064500,37.30140092,0.79454390,USDT
2023-06-04T04:00:00Z,SOL/USDT,stop_sell,21.20939000,37.30140092,0.79113996,USDT
2023-06-04T07:00:00Z,SOL/USDT,buy,21.69084000,36.61197674,0.79414453,USDT
2023-06-04T07:30:00Z,SOL/USDT,stop_sell,21.56849607,36.61197674,0.78966528,USDT
2023-06-04T12:15:00Z,SOL/USDT,buy,21.80089500,36.45508322,0.79475344,USDT
2023-06-04T16:15:00Z,SOL/USDT,sell,21.94902000,36.45508322,0.80015335,USDT
2023-06-04T17:15:00Z,SOL/USDT,buy,22.28113500,35.68196992,0.79503479,USDT
2023-06-04T20:30:00Z,SOL/USDT,sell,22.17890500,35.68196992,0.79138702,USDT
2023-06-08T12:45:00Z,SOL/USDT,buy,18.91945500,41.83271497,0.79145217,USDT
2023-06-08T13:00:00Z,SOL/USDT,stop_sell,18.86056500,41.83271497,0.78898864,USDT
2023-06-09T11:45:00Z,SOL/USDT,buy,19.13956500,41.44405427,0.79322117,USDT
2023-06-09T11:45:00Z,SOL/USDT,stop_sell,18.99728232,41.44405427,0.78732440,USDT
2023-06-09T12:00:00Z,SOL/USDT,buy,19.26963000,41.11191349,0.79221136,USDT
2023-06-09T12:15:00Z,SOL/USDT,stop_sell,19.10187286,41.11191349,0.78531454,USDT
2023-06-10T17:15:00Z,SOL/USDT,buy,14.95747500,52.94639635,0.79194440,USDT
2023-06-10T18:30:00Z,SOL/USDT,sell,15.24237500,52.94639635,0.80702883,USDT
2023-06-11T18:15:00Z,SOL/USDT,buy,15.66783000,50.61478045,0.79302378,USDT
2023-06-11T21:30:00Z,SOL/USDT,sell,15.78210500,50.61478045,0.79880778,USDT
2023-06-12T09:15:00Z,SOL/USDT,buy,15.52776000,50.79838794,0.78878518,USDT
2023-06-12T09:45:00Z,SOL/USDT,stop_sell,15.45227000,50.79838794,0.78495041,USDT
2023-06-13T11:15:00Z,SOL/USDT,buy,15.65782500,50.67328358,0.79343341,USDT
2023-06-13T11:15:00Z,SOL/USDT,stop_sell,15.53365786,50.67328358,0.78714145,USDT
2023-06-14T09:45:00Z,SOL/USDT,buy,15.19759500,52.23617102,0.79386417,USDT
2023-06-14T10:15:00Z,SOL/USDT,stop_sell,15.10422982,52.23617102,0.78898713,USDT
2023-06-14T12:15:00Z,SOL/USDT,buy,15.22761000,51.99629181,0.79177925,USDT
2023-06-14T12:15:00Z,SOL/USDT,stop_sell,15.16955429,51.99629181,0.78876057,USDT
2023-06-14T12:45:00Z,SOL/USDT,buy,15.22761000,51.97211719,0.79141113,USDT
2023-06-14T13:15:00Z,SOL/USDT,stop_sell,15.12671857,51.97211719,0.78616759,USDT
2023-06-14T18:00:00Z,SOL/USDT,buy,15.16758000,51.66470157,0.78362849,USDT
2023-06-14T18:00:00Z,SOL/USDT,stop_sell,15.15242000,51.66470157,0.78284526,USDT
2023-06-16T15:15:00Z,SOL/USDT,buy,14.85742500,53.03905753,0.78802382,USDT
2023-06-16T19:15:00Z,SOL/USDT,sell,15.18240500,53.03905753,0.80526045,USDT
2023-06-17T04:00:00Z,SOL/USDT,buy,15.40770000,51.39827436,0.79192919,USDT
2023-06-17T07:45:00Z,SOL/USDT,sell,15.79210000,51.39827436,0.81168669,USDT
2023-06-18T12:00:00Z,SOL/USDT,buy,15.73786500,50.44438522,0.79388692,USDT
2023-06-18T12:15:00Z,SOL/USDT,stop_sell,15.68108411,50.44438522,0.79102265,USDT
2023-06-18T16:00:00Z,SOL/USDT,buy,15.72786000,50.35767476,0.79201846,USDT
2023-06-18T16:00:00Z,SOL/USDT,stop_sell,15.68929429,50.35767476,0.79007638,USDT
2023-06-18T16:30:00Z,SOL/USDT,buy,15.76788000,50.24399916,0.79224135,USDT
2023-06-18T18:15:00Z,SOL/USDT,sell,15.72213500,50.24399916,0.78994294,USDT
2023-06-19T05:15:00Z,SOL/USDT,buy,15.47773500,51.09918833,0.79089970,USDT
2023-06-19T06:00:00Z,SOL/USDT,stop_sell,15.38230500,51.09918833,0.78602330,USDT
2023-06-19T12:00:00Z,SOL/USDT,buy,15.54777000,50.96723461,0.79242684,USDT
2023-06-19T12:15:00Z,SOL/USDT,stop_sell,15.49117911,50.96723461,0.78954256,USDT
2023-06-19T12:30:00Z,SOL/USDT,buy,15.59779500,50.74816251,0.79155944,USDT
2023-06-19T14:15:00Z,SOL/USDT,stop_sell,15.52223500,50.74816251,0.78772490,USDT
2023-06-19T18:00:00Z,SOL/USDT,buy,15.75787500,50.17327083,0.79062413,USDT
2023-06-19T18:45:00Z,SOL/USDT,stop_sell,15.67287393,50.17327083,0.78635935,USDT
2023-06-20T00:30:00Z,SOL/USDT,buy,16.21810500,48.87219586,0.79261440,USDT
2023-06-20T01:45:00Z,SOL/USDT,stop_sell,16.07303089,48.87219586,0.78552431,USDT
2023-06-20T13:15:00Z,SOL/USDT,buy,16.00800000,49.3481218,0.78996473,USDT
2023-06-20T13:45:00Z,SOL/USDT,stop_sell,15.95880232,49.3481218,0.78753692,USDT
2023-06-20T16:45:00Z,SOL/USDT,buy,16.11805500,48.90021831,0.78817641,USDT
2023-06-21T03:00:00Z,SOL/USDT,sell,16.87156000,48.90021831,0.82502297,USDT
2023-06-21T15:30:00Z,SOL/USDT,buy,17.06853000,46.48287514,0.79339435,USDT
2023-06-21T16:00:00Z,SOL/USDT,stop_sell,16.90154500,46.48287514,0.78563241,USDT
2023-06-21T16:30:00Z,SOL/USDT,buy,17.25862500,45.87367622,0.79171658,USDT
2023-06-21T16:45:00Z,SOL/USDT,stop_sell,17.07645750,45.87367622,0.78335988,USDT
2023-06-22T00:45:00Z,SOL/USDT,buy,17.67883500,44.76366779,0.79136950,USDT
2023-06-22T01:00:00Z,SOL/USDT,stop_sell,17.50017411,44.76366779,0.78337198,USDT
2023-06-23T03:15:00Z,SOL/USDT,buy,16.71835500,47.2344852,0.78968289,USDT
2023-06-23T07:15:00Z,SOL/USDT,sell,16.74162500,47.2344852,0.79078204,USDT
2023-06-23T15:45:00Z,SOL/USDT,buy,16.79839500,47.0913588,0.79105925,USDT
2023-06-23T18:45:00Z,SOL/USDT,sell,16.95152000,47.0913588,0.79827011,USDT
2023-06-23T20:45:00Z,SOL/USDT,buy,17.36868000,45.36003501,0.78784393,USDT
2023-06-23T21:30:00Z,SOL/USDT,stop_sell,17.24137500,45.36003501,0.78206937,USDT
2023-06-25T04:30:00Z,SOL/USDT,buy,17.10855000,46.17451766,0.78997904,USDT
2023-06-25T05:00:00Z,SOL/USDT,stop_sell,16.99614054,46.17451766,0.78478859,USDT
2023-06-25T08:00:00Z,SOL/USDT,buy,17.24862000,45.79472051,0.78989573,USDT
2023-06-25T09:30:00Z,SOL/USDT,sell,17.13143000,45.79472051,0.78452905,USDT
2023-06-25T16:45:00Z,SOL/USDT,buy,17.20860000,45.73594813,0.78705164,USDT
2023-06-25T17:30:00Z,SOL/USDT,sell,17.12143500,45.73594813,0.78306506,USDT
2023-06-26T06:30:00Z,SOL/USDT,buy,16.87843500,46.74040395,0.78890487,USDT
2023-06-26T08:45:00Z,SOL/USDT,sell,16.86156500,46.74040395,0.78811636,USDT
2023-06-26T13:45:00Z,SOL/USDT,buy,17.00850000,46.34435106,0.78824790,USDT
2023-06-26T14:30:00Z,SOL/USDT,stop_sell,16.93581357,46.34435106,0.78487929,USDT
2023-06-27T01:45:00Z,SOL/USDT,buy,16.32816000,48.25114151,0.78785236,USDT
2023-06-27T05:45:00Z,SOL/USDT,sell,16.40179500,48.25114151,0.79140533,USDT
2023-06-28T14:45:00Z,SOL/USDT,buy,16.40820000,47.73433495,0.78323451,USDT
2023-06-28T14:45:00Z,SOL/USDT,stop_sell,16.39180000,47.73433495,0.78245167,USDT
2023-06-29T01:30:00Z,SOL/USDT,buy,16.12806000,48.84793079,0.78782236,USDT
2023-06-29T02:30:00Z,SOL/USDT,stop_sell,16.01341786,48.84793079,0.78222233,USDT
2023-06-29T07:15:00Z,SOL/USDT,buy,16.27813500,48.36232564,0.78724847,USDT
2023-06-29T13:45:00Z,SOL/USDT,sell,17.69115000,48.36232564,0.85558516,USDT
2023-06-29T22:15:00Z,SOL/USDT,buy,17.81890500,44.28119323,0.78904238,USDT
2023-06-30T03:15:00Z,SOL/USDT,sell,18.41079000,44.28119323,0.81525175,USDT
2023-06-30T03:45:00Z,SOL/USDT,buy,18.73936500,42.40037123,0.79455603,USDT
2023-06-30T06:00:00Z,SOL/USDT,sell,18.77061000,42.40037123,0.79588083,USDT
2023-06-30T13:00:00Z,SOL/USDT,buy,19.22961000,41.21108989,0.79247319,USDT
2023-06-30T13:30:00Z,SOL/USDT,stop_sell,19.04618643,41.21108989,0.78491410,USDT
2023-06-30T17:30:00Z,SOL/USDT,buy,19.57978500,40.54199205,0.79380349,USDT
2023-06-30T18:15:00Z,SOL/USDT,stop_sell,19.14042500,40.54199205,0.77599096,USDT
2023-07-01T13:15:00Z,SOL/USDT,buy,18.48924000,42.84936139,0.79225213,USDT
2023-07-01T13:30:00Z,SOL/USDT,sell,18.36081500,42.84936139,0.78674920,USDT
2023-07-02T00:00:00Z,SOL/USDT,buy,18.67933500,42.31495423,0.79041521,USDT
2023-07-02T00:00:00Z,SOL/USDT,stop_sell,18.61140393,42.31495423,0.78754071,USDT
2023-07-02T00:30:00Z,SOL/USDT,buy,18.71935500,42.13816982,0.78879936,USDT
2023-07-02T00:30:00Z,SOL/USDT,stop_sell,18.65138393,42.13816982,0.78593518,USDT
2023-07-02T00:45:00Z,SOL/USDT,buy,18.82941000,42.00735041,0.79097362,USDT
2023-07-02T00:45:00Z,SOL/USDT,stop_sell,18.67994107,42.00735041,0.78469483,USDT
2023-07-02T04:30:00Z,SOL/USDT,buy,19.04952000,41.46719043,0.78993007,USDT
2023-07-02T05:45:00Z,SOL/USDT,sell,18.89055000,41.46719043,0.78333803,USDT
2023-07-02T10:30:00Z,SOL/USDT,buy,19.27963500,40.79052988,0.78642653,USDT
2023-07-02T10:30:00Z,SOL/USDT,stop_sell,19.21395964,40.79052988,0.78374759,USDT
2023-07-02T16:00:00Z,SOL/USDT,buy,19.30965000,40.89978354,0.78976051,USDT
2023-07-02T17:45:00Z,SOL/USDT,sell,19.29035000,40.89978354,0.78897114,USDT
2023-07-02T20:45:00Z,SOL/USDT,buy,19.48974000,40.42887631,0.78794829,USDT
2023-07-02T22:45:00Z,SOL/USDT,sell,19.46026500,40.42887631,0.78675665,USDT
2023-07-04T12:30:00Z,SOL/USDT,buy,19.26963000,40.96343216,0.78935018,USDT
2023-07-04T17:15:00Z,SOL/USDT,sell,19.53023000,40.96343216,0.80002525,USDT
2023-07-06T00:15:00Z,SOL/USDT,buy,19.14957000,41.30156592,0.79090723,USDT
2023-07-06T04:15:00Z,SOL/USDT,sell,19.47026000,41.30156592,0.80415223,USDT
2023-07-06T08:45:00Z,SOL/USDT,buy,19.76988000,40.03064437,0.79140104,USDT
2023-07-06T11:45:00Z,SOL/USDT,sell,20.07995500,40.03064437,0.80381354,USDT
2023-07-06T18:15:00Z,SOL/USDT,buy,20.15007000,39.29807764,0.79185902,USDT
2023-07-06T21:30:00Z,SOL/USDT,sell,20.57970500,39.29807764,0.80874284,USDT
2023-07-07T12:00:00Z,SOL/USDT,buy,20.21010000,39.22242382,0.79268911,USDT
2023-07-07T15:30:00Z,SOL/USDT,sell,21.00949000,39.22242382,0.82404312,USDT
2023-07-07T21:30:00Z,SOL/USDT,buy,21.50074500,36.97868514,0.79506928,USDT
2023-07-07T21:30:00Z,SOL/USDT,stop_sell,21.29827411,36.97868514,0.78758217,USDT
2023-07-08T00:30:00Z,SOL/USDT,buy,21.86092500,36.36950815,0.79507109,USDT
2023-07-08T01:00:00Z,SOL/USDT,stop_sell,21.56849607,36.36950815,0.78443559,USDT
2023-07-08T08:00:00Z,SOL/USDT,buy,21.97098000,36.14262364,0.79408886,USDT
2023-07-08T11:15:00Z,SOL/USDT,sell,21.97900500,36.14262364,0.79437891,USDT
2023-07-09T01:00:00Z,SOL/USDT,buy,21.97098000,36.13788919,0.79398484,USDT
2023-07-09T02:00:00Z,SOL/USDT,sell,21.88905000,36.13788919,0.79102406,USDT
2023-07-09T22:45:00Z,SOL/USDT,buy,21.45072000,36.98094381,0.79326787,USDT
2023-07-10T00:00:00Z,SOL/USDT,stop_sell,21.28542339,36.98094381,0.78715505,USDT
2023-07-10T14:45:00Z,SOL/USDT,buy,21.07053000,37.63717519,0.79303523,USDT
2023-07-10T16:15:00Z,SOL/USDT,sell,20.94952000,37.63717519,0.78848075,USDT
2023-07-10T18:45:00Z,SOL/USDT,buy,21.31065000,37.18962814,0.79253515,USDT
2023-07-10T21:00:00Z,SOL/USDT,sell,21.38930000,37.18962814,0.79546011,USDT
2023-07-10T21:45:00Z,SOL/USDT,buy,21.77088000,36.39090779,0.79226209,USDT
2023-07-10T21:45:00Z,SOL/USDT,stop_sell,21.52708821,36.39090779,0.78339028,USDT
2023-07-11T04:15:00Z,SOL/USDT,buy,21.94096500,36.07054963,0.79142267,USDT
2023-07-11T08:45:00Z,SOL/USDT,sell,21.96901000,36.07054963,0.79243427,USDT
2023-07-11T12:45:00Z,SOL/USDT,buy,22.20109500,35.74234481,0.79351919,USDT
2023-07-11T13:45:00Z,SOL/USDT,sell,22.10894000,35.74234481,0.79022536,USDT
2023-07-12T00:45:00Z,SOL/USDT,buy,22.22110500,35.54792896,0.78991426,USDT
2023-07-12T01:30:00Z,SOL/USDT,stop_sell,22.09573232,35.54792896,0.78545752,USDT
2023-07-12T12:45:00Z,SOL/USDT,buy,22.48123500,35.0999063,0.78908924,USDT
2023-07-12T12:45:00Z,SOL/USDT,stop_sell,22.37630625,35.0999063,0.78540625,USDT
2023-07-12T14:15:00Z,SOL/USDT,buy,22.50124500,35.0656283,0.78902029,USDT
2023-07-12T15:45:00Z,SOL/USDT,sell,22.36881000,35.0656283,0.78437638,USDT
2023-07-13T06:15:00Z,SOL/USDT,buy,21.80089500,36.20146434,0.78922432,USDT
2023-07-13T08:15:00Z,SOL/USDT,sell,21.75911500,36.20146434,0.78771183,USDT
2023-07-13T12:00:00Z,SOL/USDT,buy,22.39119000,35.22031056,0.78862467,USDT
2023-07-13T12:30:00Z,SOL/USDT,stop_sell,22.26957393,35.22031056,0.78434131,USDT
2023-07-13T15:30:00Z,SOL/USDT,buy,22.74136500,34.70340148,0.78920272,USDT
2023-07-13T21:00:00Z,SOL/USDT,sell,25.63717500,34.70340148,0.88969718,USDT
2023-07-14T00:45:00Z,SOL/USDT,buy,27.04351500,29.48220341,0.79730241,USDT
2023-07-14T03:30:00Z,SOL/USDT,sell,28.45576500,29.48220341,0.83893865,USDT
2023-07-14T08:30:00Z,SOL/USDT,buy,29.15457000,27.44572432,0.80016829,USDT
2023-07-14T09:15:00Z,SOL/USDT,sell,28.68565000,27.44572432,0.78729844,USDT
2023-07-15T00:15:00Z,SOL/USDT,buy,27.12355500,29.50324979,0.80023302,USDT
2023-07-15T03:30:00Z,SOL/USDT,sell,27.16641000,29.50324979,0.80149738,USDT
2023-07-15T06:15:00Z,SOL/USDT,buy,28.33416000,28.19914903,0.79899920,USDT
2023-07-15T13:00:00Z,SOL/USDT,sell,28.70564000,28.19914903,0.80947462,USDT
2023-07-16T09:15:00Z,SOL/USDT,buy,28.03401000,28.46561914,0.79800545,USDT
2023-07-16T10:30:00Z,SOL/USDT,stop_sell,27.83286232,28.46561914,0.79227966,USDT
2023-07-16T14:15:00Z,SOL/USDT,buy,28.55427000,28.01544355,0.79996054,USDT
2023-07-16T15:00:00Z,SOL/USDT,stop_sell,28.26478911,28.01544355,0.79185060,USDT
2023-07-17T00:45:00Z,SOL/USDT,buy,27.89394000,28.60056841,0.79778254,USDT
2023-07-17T04:15:00Z,SOL/USDT,sell,27.95601500,28.60056841,0.79955792,USDT
2023-07-18T01:15:00Z,SOL/USDT,buy,26.91345000,29.5880553,0.79631665,USDT
2023-07-18T02:15:00Z,SOL/USDT,sell,26.71663500,29.5880553,0.79049327,USDT
2023-07-18T19:15:00Z,SOL/USDT,buy,25.57278000,31.04033018,0.79378753,USDT
2023-07-18T19:30:00Z,SOL/USDT,sell,25.42728000,31.04033018,0.78927117,USDT
2023-07-19T00:45:00Z,SOL/USDT,buy,25.79289000,31.04550961,0.80075341,USDT
2023-07-19T05:00:00Z,SOL/USDT,sell,26.27685500,31.04550961,0.81577835,USDT
2023-07-19T18:00:00Z,SOL/USDT,buy,26.71335000,29.90960218,0.79898567,USDT
2023-07-19T20:30:00Z,SOL/USDT,sell,26.63667500,29.90960218,0.79669235,USDT
2023-07-20T08:30:00Z,SOL/USDT,buy,27.10354500,29.32593357,0.79483676,USDT
2023-07-20T11:00:00Z,SOL/USDT,sell,27.10644000,29.32593357,0.79492166,USDT
2023-07-21T12:30:00Z,SOL/USDT,buy,25.49274000,31.30237571,0.79798333,USDT
2023-07-21T14:00:00Z,SOL/USDT,sell,25.31733500,31.30237571,0.79249273,USDT
2023-07-21T18:15:00Z,SOL/USDT,buy,25.66282500,30.97596267,0.79493071,USDT
2023-07-21T19:00:00Z,SOL/USDT,stop_sell,25.57399232,30.97596267,0.79217903,USDT
2023-07-23T05:30:00Z,SOL/USDT,buy,24.85242000,32.03399989,0.79612242,USDT
2023-07-23T06:30:00Z,SOL/USDT,sell,24.74762000,32.03399989,0.79276526,USDT
2023-07-23T17:00:00Z,SOL/USDT,buy,25.00249500,31.85144968,0.79636571,USDT
2023-07-23T19:30:00Z,SOL/USDT,sell,25.04747000,31.85144968,0.79779823,USDT
2023-07-24T07:30:00Z,SOL/USDT,buy,24.51225000,32.47495026,0.79603410,USDT
2023-07-24T09:00:00Z,SOL/USDT,sell,24.45776500,32.47495026,0.79426470,USDT
2023-07-26T03:15:00Z,SOL/USDT,buy,23.63181000,33.6592258,0.79542843,USDT
2023-07-26T03:45:00Z,SOL/USDT,stop_sell,23.49824500,33.6592258,0.79093273,USDT
2023-07-26T10:30:00Z,SOL/USDT,buy,23.79189000,33.53928022,0.79796287,USDT
2023-07-26T17:15:00Z,SOL/USDT,sell,24.70764000,33.53928022,0.82867646,USDT
2023-07-26T18:45:00Z,SOL/USDT,buy,25.47273000,31.31217195,0.79760650,USDT
2023-07-26T18:45:00Z,SOL/USDT,stop_sell,25.06067768,31.31217195,0.78470425,USDT
2023-07-27T09:15:00Z,SOL/USDT,buy,25.31265000,31.47683403,0.79676208,USDT
2023-07-27T10:45:00Z,SOL/USDT,sell,25.23737500,31.47683403,0.79439266,USDT
2023-07-27T14:00:00Z,SOL/USDT,buy,25.44271500,31.21742985,0.79425617,USDT
2023-07-27T14:00:00Z,SOL/USDT,stop_sell,25.34767696,31.21742985,0.79128933,USDT
2023-07-28T14:30:00Z,SOL/USDT,buy,25.00249500,31.89126286,0.79736114,USDT
2023-07-28T17:45:00Z,SOL/USDT,sell,24.88755000,31.89126286,0.79369540,USDT
2023-07-29T13:45:00Z,SOL/USDT,buy,25.18258500,31.58313675,0.79534503,USDT
2023-07-29T14:00:00Z,SOL/USDT,stop_sell,25.08566518,31.58313675,0.79228399,USDT
2023-07-31T13:00:00Z,SOL/USDT,buy,24.68233500,32.22123516,0.79529532,USDT
2023-07-31T13:15:00Z,SOL/USDT,stop_sell,24.56771000,32.22123516,0.79160196,USDT
2023-08-01T23:15:00Z,SOL/USDT,buy,23.76187500,33.40989645,0.79388178,USDT
2023-08-02T02:15:00Z,SOL/USDT,sell,23.93802500,33.40989645,0.79976694,USDT
2023-08-03T14:00:00Z,SOL/USDT,buy,22.86142500,34.7700901,0.79489381,USDT
2023-08-03T15:30:00Z,SOL/USDT,sell,22.80859000,34.7700901,0.79305673,USDT
2023-08-04T12:45:00Z,SOL/USDT,buy,23.08153500,34.42663878,0.79461967,USDT
2023-08-04T17:15:00Z,SOL/USDT,sell,23.35831500,34.42663878,0.80414827,USDT
2023-08-06T02:15:00Z,SOL/USDT,buy,22.88143500,34.75544135,0.79525437,USDT
2023-08-06T03:00:00Z,SOL/USDT,stop_sell,22.77182268,34.75544135,0.79144475,USDT
2023-08-06T03:45:00Z,SOL/USDT,buy,22.88143500,34.73656483,0.79482245,USDT
2023-08-06T07:00:00Z,SOL/USDT,sell,22.94852000,34.73656483,0.79715275,USDT
2023-08-06T08:30:00Z,SOL/USDT,buy,23.33166000,34.03960171,0.79420041,USDT
2023-08-06T09:00:00Z,SOL/USDT,stop_sell,23.20410643,34.03960171,0.78985854,USDT
2023-08-06T21:30:00Z,SOL/USDT,buy,23.32165500,33.97561957,0.79236768,USDT
2023-08-06T21:30:00Z,SOL/USDT,stop_sell,23.28870696,33.97561957,0.79124825,USDT
2023-08-07T01:30:00Z,SOL/USDT,buy,23.48173500,33.85048979,0.79486823,USDT
2023-08-07T03:45:00Z,SOL/USDT,sell,23.33832500,33.85048979,0.79001373,USDT
2023-08-08T00:15:00Z,SOL/USDT,buy,23.11155000,34.2521086,0.79161932,USDT
2023-08-08T00:15:00Z,SOL/USDT,stop_sell,23.08845000,34.2521086,0.79082810,USDT
2023-08-08T04:45:00Z,SOL/USDT,buy,23.21160000,34.12603019,0.79211976,USDT
2023-08-08T07:15:00Z,SOL/USDT,sell,23.23837500,34.12603019,0.79303349,USDT
2023-08-08T12:45:00Z,SOL/USDT,buy,23.49174000,33.78931518,0.79376981,USDT
2023-08-08T13:30:00Z,SOL/USDT,stop_sell,23.38830000,33.78931518,0.79027464,USDT
2023-08-08T15:30:00Z,SOL/USDT,buy,23.69184000,33.50079841,0.79369556,USDT
2023-08-08T21:15:00Z,SOL/USDT,sell,24.45776500,33.50079841,0.81935465,USDT
2023-08-09T08:00:00Z,SOL/USDT,buy,24.57228000,32.3120201,0.79398001,USDT
2023-08-09T12:30:00Z,SOL/USDT,sell,24.73762500,32.3120201,0.79932264,USDT
2023-08-09T13:00:00Z,SOL/USDT,buy,24.96247500,31.85781645,0.79524995,USDT
2023-08-09T13:00:00Z,SOL/USDT,stop_sell,24.80473429,31.85781645,0.79022467,USDT
2023-08-10T12:30:00Z,SOL/USDT,buy,24.56227500,32.35534259,0.79472082,USDT
2023-08-10T12:30:00Z,SOL/USDT,stop_sell,24.49060571,32.35534259,0.79240194,USDT
2023-08-11T00:30:00Z,SOL/USDT,buy,24.77238000,32.0812598,0.79472916,USDT
2023-08-11T01:45:00Z,SOL/USDT,sell,24.71763500,32.0812598,0.79297287,USDT
2023-08-11T15:00:00Z,SOL/USDT,buy,24.86242500,31.98000245,0.79510041,USDT
2023-08-11T15:15:00Z,SOL/USDT,stop_sell,24.68765000,31.98000245,0.78951111,USDT
2023-08-12T15:15:00Z,SOL/USDT,buy,24.67233000,32.16422333,0.79356633,USDT
2023-08-12T17:45:00Z,SOL/USDT,sell,24.67765500,32.16422333,0.79373761,USDT
2023-08-12T19:15:00Z,SOL/USDT,buy,24.80239500,31.97808327,0.79313305,USDT
2023-08-12T21:15:00Z,SOL/USDT,sell,24.72763000,31.97808327,0.79074221,USDT
2023-08-12T22:15:00Z,SOL/USDT,buy,25.11255000,31.60839265,0.79376734,USDT
2023-08-12T22:45:00Z,SOL/USDT,stop_sell,24.97750500,31.60839265,0.78949879,USDT
2023-08-14T09:00:00Z,SOL/USDT,buy,24.52225500,32.28485501,0.79169745,USDT
2023-08-14T10:00:00Z,SOL/USDT,stop_sell,24.48775000,32.28485501,0.79058346,USDT
2023-08-14T16:30:00Z,SOL/USDT,buy,25.17258000,31.5057534,0.79308110,USDT
2023-08-14T17:15:00Z,SOL/USDT,stop_sell,24.99249750,31.5057534,0.78740746,USDT
2023-08-14T23:30:00Z,SOL/USDT,buy,25.18258500,31.42017906,0.79124133,USDT
2023-08-15T01:15:00Z,SOL/USDT,stop_sell,25.07138661,31.42017906,0.78774746,USDT
2023-08-16T12:00:00Z,SOL/USDT,buy,23.53176000,33.59101833,0.79045578,USDT
2023-08-16T12:15:00Z,SOL/USDT,stop_sell,23.42828000,33.59101833,0.78697978,USDT
2023-08-16T18:15:00Z,SOL/USDT,buy,23.45172000,33.74580482,0.79139717,USDT
2023-08-16T19:15:00Z,SOL/USDT,sell,23.37830500,33.74580482,0.78891972,USDT
2023-08-17T03:45:00Z,SOL/USDT,buy,23.42170500,33.81855309,0.79208817,USDT
2023-08-17T04:15:00Z,SOL/USDT,sell,23.26836000,33.81855309,0.78690227,USDT
2023-08-17T12:45:00Z,SOL/USDT,buy,23.31165000,33.94062716,0.79121202,USDT
2023-08-17T13:45:00Z,SOL/USDT,stop_sell,23.18982786,33.94062716,0.78707730,USDT
2023-08-18T06:15:00Z,SOL/USDT,buy,22.03101000,35.65227431,0.78545561,USDT
2023-08-18T08:30:00Z,SOL/USDT,stop_sell,21.92653125,35.65227431,0.78173071,USDT
2023-08-19T07:30:00Z,SOL/USDT,buy,21.71085000,36.35566755,0.78931244,USDT
2023-08-19T09:00:00Z,SOL/USDT,sell,21.72913000,36.35566755,0.78997703,USDT
2023-08-19T16:00:00Z,SOL/USDT,buy,21.98098500,35.90554434,0.78923923,USDT
2023-08-19T17:30:00Z,SOL/USDT,sell,21.89904500,35.90554434,0.78629713,USDT
2023-08-20T00:30:00Z,SOL/USDT,buy,21.85092000,35.88909414,0.78420972,USDT
2023-08-20T00:30:00Z,SOL/USDT,stop_sell,21.82908000,35.88909414,0.78342591,USDT
2023-08-20T11:15:00Z,SOL/USDT,buy,21.98098500,35.88053173,0.78868943,USDT
2023-08-20T12:15:00Z,SOL/USDT,stop_sell,21.85906500,35.88053173,0.78431488,USDT
2023-08-20T20:30:00Z,SOL/USDT,buy,21.88093500,36.02283847,0.78821339,USDT
2023-08-20T21:15:00Z,SOL/USDT,sell,21.81908500,36.02283847,0.78598537,USDT
2023-08-23T00:15:00Z,SOL/USDT,buy,20.65032000,38.11787514,0.78714632,USDT
2023-08-23T01:15:00Z,SOL/USDT,sell,20.48975000,38.11787514,0.78102573,USDT
2023-08-23T02:45:00Z,SOL/USDT,buy,20.70034500,37.95948865,0.78577451,USDT
2023-08-23T03:30:00Z,SOL/USDT,stop_sell,20.60933304,37.95948865,0.78231974,USDT
2023-08-23T07:00:00Z,SOL/USDT,buy,20.73036000,37.81242167,0.78386511,USDT
2023-08-23T07:00:00Z,SOL/USDT,stop_sell,20.70964000,37.81242167,0.78308164,USDT
2023-08-23T16:00:00Z,SOL/USDT,buy,20.97048000,37.64051399,0.78933965,USDT
2023-08-23T21:45:00Z,SOL/USDT,sell,21.49924500,37.64051399,0.80924263,USDT
2023-08-24T04:00:00Z,SOL/USDT,buy,21.80089500,36.15303761,0.78816858,USDT
2023-08-24T05:45:00Z,SOL/USDT,sell,21.82908000,36.15303761,0.78918755,USDT
2023-08-24T11:45:00Z,SOL/USDT,buy,21.88093500,35.95299036,0.78668505,USDT
2023-08-24T12:00:00Z,SOL/USDT,stop_sell,21.75911500,35.95299036,0.78230525,USDT
2023-08-25T13:15:00Z,SOL/USDT,buy,20.84041500,37.81239751,0.78802606,USDT
2023-08-25T13:45:00Z,SOL/USDT,stop_sell,20.72963000,37.81239751,0.78383701,USDT
2023-08-26T15:00:00Z,SOL/USDT,buy,20.41020000,38.60614541,0.78795915,USDT
2023-08-26T16:30:00Z,SOL/USDT,stop_sell,20.29984500,38.60614541,0.78369877,USDT
2023-08-27T08:45:00Z,SOL/USDT,buy,20.55027000,38.35739904,0.78825491,USDT
2023-08-27T11:45:00Z,SOL/USDT,sell,20.56971000,38.35739904,0.78900057,USDT
2023-08-27T14:15:00Z,SOL/USDT,buy,20.79039000,37.87380314,0.78741114,USDT
2023-08-27T16:00:00Z,SOL/USDT,sell,20.70964000,37.87380314,0.78435283,USDT
2023-08-28T12:15:00Z,SOL/USDT,buy,20.56027500,38.24281009,0.78628269,USDT
2023-08-28T13:00:00Z,SOL/USDT,stop_sell,20.46583339,38.24281009,0.78267098,USDT
2023-08-29T01:30:00Z,SOL/USDT,buy,20.69034000,37.98236432,0.78586803,USDT
2023-08-29T02:00:00Z,SOL/USDT,stop_sell,20.59255571,37.98236432,0.78215395,USDT
2023-08-29T14:15:00Z,SOL/USDT,buy,20.48023500,38.44528531,0.78736848,USDT
2023-08-29T19:00:00Z,SOL/USDT,sell,21.57920500,38.44528531,0.82961869,USDT
2023-08-31T06:45:00Z,SOL/USDT,buy,20.76037500,37.93567778,0.78755890,USDT
2023-08-31T09:45:00Z,SOL/USDT,stop_sell,20.71963500,37.93567778,0.78601340,USDT
2023-08-31T11:30:00Z,SOL/USDT,buy,20.90044500,37.81448458,0.79033956,USDT
2023-08-31T12:00:00Z,SOL/USDT,stop_sell,20.78888607,37.81448458,0.78612101,USDT
2023-09-01T12:30:00Z,SOL/USDT,buy,19.87993500,39.55752176,0.78640096,USDT
2023-09-01T12:30:00Z,SOL/USDT,stop_sell,19.86006500,39.55752176,0.78561495,USDT
2023-09-02T02:15:00Z,SOL/USDT,buy,19.48974000,40.40028816,0.78739111,USDT
2023-09-02T06:00:00Z,SOL/USDT,sell,19.54022500,40.40028816,0.78943072,USDT
2023-09-02T10:45:00Z,SOL/USDT,buy,19.63981500,40.09361707,0.78743122,USDT
2023-09-02T10:45:00Z,SOL/USDT,stop_sell,19.59269875,40.09361707,0.78554216,USDT
2023-09-03T00:45:00Z,SOL/USDT,buy,19.55977500,40.26402437,0.78755526,USDT
2023-09-03T02:00:00Z,SOL/USDT,sell,19.49025000,40.26402437,0.78475590,USDT
2023-09-03T18:15:00Z,SOL/USDT,buy,19.45972500,40.4322684,0.78680082,USDT
2023-09-03T22:00:00Z,SOL/USDT,sell,19.41029000,40.4322684,0.78480206,USDT
2023-09-04T00:45:00Z,SOL/USDT,buy,19.84992000,39.70349891,0.78811128,USDT
2023-09-04T00:45:00Z,SOL/USDT,stop_sell,19.73798321,39.70349891,0.78366699,USDT
2023-09-04T02:45:00Z,SOL/USDT,buy,19.83991500,39.61920507,0.78604166,USDT
2023-09-04T04:00:00Z,SOL/USDT,sell,19.76011500,39.61920507,0.78288005,USDT
2023-09-05T08:00:00Z,SOL/USDT,buy,19.44972000,40.41494783,0.78605942,USDT
2023-09-05T08:30:00Z,SOL/USDT,stop_sell,19.33033000,40.41494783,0.78123428,USDT
2023-09-05T12:15:00Z,SOL/USDT,buy,19.66983000,39.97735189,0.78634772,USDT
2023-09-05T12:15:00Z,SOL/USDT,stop_sell,19.55843018,39.97735189,0.78189425,USDT
2023-09-05T13:00:00Z,SOL/USDT,buy,19.68984000,39.85136892,0.78466708,USDT
2023-09-05T13:15:00Z,SOL/USDT,stop_sell,19.58056196,39.85136892,0.78031220,USDT
2023-09-05T14:00:00Z,SOL/USDT,buy,19.94997000,39.3279772,0.78459197,USDT
2023-09-05T14:00:00Z,SOL/USDT,stop_sell,19.79509750,39.3279772,0.77850114,USDT
2023-09-05T14:15:00Z,SOL/USDT,buy,20.25012000,38.90702841,0.78787199,USDT
2023-09-05T14:15:00Z,SOL/USDT,stop_sell,19.93288571,38.90702841,0.77552935,USDT
2023-09-05T15:00:00Z,SOL/USDT,buy,20.18008500,38.7747804,0.78247836,USDT
2023-09-05T17:15:00Z,SOL/USDT,sell,20.19989500,38.7747804,0.78324649,USDT
2023-09-07T04:15:00Z,SOL/USDT,buy,19.76988000,39.53568776,0.78161580,USDT
2023-09-07T04:30:00Z,SOL/USDT,stop_sell,19.71014000,39.53568776,0.77925394,USDT
2023-09-07T15:15:00Z,SOL/USDT,buy,19.53976500,40.04595199,0.78248849,USDT
2023-09-07T16:00:00Z,SOL/USDT,sell,19.55022000,40.04595199,0.78290717,USDT
2023-09-07T17:45:00Z,SOL/USDT,buy,19.72986000,39.67558118,0.78279366,USDT
2023-09-07T18:30:00Z,SOL/USDT,stop_sell,19.62018500,39.67558118,0.77844224,USDT
2023-09-07T21:15:00Z,SOL/USDT,buy,19.91995500,39.35209933,0.78389205,USDT
2023-09-07T21:30:00Z,SOL/USDT,stop_sell,19.78902911,39.35209933,0.77873984,USDT
2023-09-08T00:45:00Z,SOL/USDT,buy,20.14006500,38.79759093,0.78138600,USDT
2023-09-08T02:00:00Z,SOL/USDT,stop_sell,19.99571143,38.79759093,0.77578543,USDT
2023-09-08T23:00:00Z,SOL/USDT,buy,19.59979500,39.77690551,0.77961919,USDT
2023-09-09T00:00:00Z,SOL/USDT,stop_sell,19.56735429,39.77690551,0.77832880,USDT
2023-09-10T21:00:00Z,SOL/USDT,buy,18.40920000,42.42496025,0.78100958,USDT
2023-09-10T23:00:00Z,SOL/USDT,sell,18.37081000,42.42496025,0.77938088,USDT
2023-09-12T03:15:00Z,SOL/USDT,buy,17.89894500,43.64520941,0.78120320,USDT
2023-09-12T05:15:00Z,SOL/USDT,sell,17.93103000,43.64520941,0.78260356,USDT
2023-09-12T10:30:00Z,SOL/USDT,buy,18.51925500,41.99929005,0.77779556,USDT
2023-09-12T10:30:00Z,SOL/USDT,stop_sell,18.41400268,41.99929005,0.77337504,USDT
2023-09-13T00:30:00Z,SOL/USDT,buy,18.13906500,43.03970628,0.78070003,USDT
2023-09-13T01:30:00Z,SOL/USDT,sell,18.04097500,43.03970628,0.77647827,USDT
2023-09-13T15:45:00Z,SOL/USDT,buy,18.43921500,42.22150489,0.77853141,USDT
2023-09-13T17:15:00Z,SOL/USDT,stop_sell,18.30691339,42.22150489,0.77294543,USDT
2023-09-14T00:15:00Z,SOL/USDT,buy,18.65932500,41.8278221,0.78047893,USDT
2023-09-14T02:30:00Z,SOL/USDT,sell,18.82058500,41.8278221,0.78722408,USDT
2023-09-14T13:30:00Z,SOL/USDT,buy,19.06953000,41.03424475,0.78250376,USDT
2023-09-14T13:45:00Z,SOL/USDT,stop_sell,18.87520054,41.03424475,0.77452960,USDT
2023-09-15T02:15:00Z,SOL/USDT,buy,19.09954500,40.75785593,0.77845650,USDT
2023-09-15T06:45:00Z,SOL/USDT,sell,19.08045500,40.75785593,0.77767844,USDT
2023-09-15T22:45:00Z,SOL/USDT,buy,19.09954500,40.66287159,0.77664235,USDT
2023-09-16T01:45:00Z,SOL/USDT,sell,19.08045500,40.66287159,0.77586609,USDT
2023-09-16T03:30:00Z,SOL/USDT,buy,19.34967000,40.17016697,0.77727947,USDT
2023-09-16T03:45:00Z,SOL/USDT,stop_sell,19.21752929,40.17016697,0.77197136,USDT
2023-09-17T10:15:00Z,SOL/USDT,buy,19.04952000,40.79505739,0.77712626,USDT
2023-09-17T11:45:00Z,SOL/USDT,stop_sell,19.02048500,40.79505739,0.77594178,USDT
2023-09-18T02:30:00Z,SOL/USDT,buy,19.03951500,40.84788849,0.77772399,USDT
2023-09-18T04:45:00Z,SOL/USDT,sell,19.00049500,40.84788849,0.77613010,USDT
2023-09-18T09:45:00Z,SOL/USDT,buy,19.30965000,40.28397406,0.77786944,USDT
2023-09-18T16:15:00Z,SOL/USDT,sell,19.86006500,40.28397406,0.80004234,USDT
2023-09-19T04:00:00Z,SOL/USDT,buy,19.92996000,38.95508605,0.77637331,USDT
2023-09-19T05:15:00Z,SOL/USDT,sell,19.86006500,38.95508605,0.77365054,USDT
2023-09-19T09:00:00Z,SOL/USDT,buy,20.14006500,38.60946879,0.77759721,USDT
2023-09-19T10:30:00Z,SOL/USDT,sell,20.14992000,38.60946879,0.77797771,USDT
2023-09-20T09:00:00Z,SOL/USDT,buy,20.14006500,38.6623653,0.77866255,USDT
2023-09-20T09:30:00Z,SOL/USDT,stop_sell,20.02998000,38.6623653,0.77440640,USDT
2023-09-20T14:00:00Z,SOL/USDT,buy,20.19009000,38.41018047,0.77550500,USDT
2023-09-20T14:15:00Z,SOL/USDT,stop_sell,20.13992500,38.41018047,0.77357815,USDT
2023-09-20T14:45:00Z,SOL/USDT,buy,20.31015000,38.28295459,0.77753255,USDT
2023-09-20T15:00:00Z,SOL/USDT,stop_sell,20.19239875,38.28295459,0.77302468,USDT
2023-09-20T18:30:00Z,SOL/USDT,buy,20.39019000,38.0902062,0.77666654,USDT
2023-09-20T18:45:00Z,SOL/USDT,stop_sell,20.27699929,38.0902062,0.77235508,USDT
2023-09-21T18:00:00Z,SOL/USDT,buy,19.67983500,39.44057246,0.77618396,USDT
2023-09-21T19:30:00Z,SOL/USDT,sell,19.63018000,39.44057246,0.77422554,USDT
2023-09-22T04:15:00Z,SOL/USDT,buy,19.71985500,39.38628221,0.77669177,USDT
2023-09-22T05:30:00Z,SOL/USDT,sell,19.60019500,39.38628221,0.77197881,USDT
2023-09-22T08:15:00Z,SOL/USDT,buy,19.75987500,39.26120653,0.77579653,USDT
2023-09-22T10:45:00Z,SOL/USDT,stop_sell,19.62018500,39.26120653,0.77031214,USDT
2023-09-23T07:15:00Z,SOL/USDT,buy,19.48974000,39.77650864,0.77523381,USDT
2023-09-23T09:00:00Z,SOL/USDT,sell,19.48025500,39.77650864,0.77485653,USDT
2023-09-23T18:30:00Z,SOL/USDT,buy,19.43971500,39.87093149,0.77507954,USDT
2023-09-23T21:00:00Z,SOL/USDT,sell,19.43028000,39.87093149,0.77470336,USDT
2023-09-23T22:15:00Z,SOL/USDT,buy,19.46973000,39.7402833,0.77373259,USDT
2023-09-23T22:15:00Z,SOL/USDT,stop_sell,19.45027000,39.7402833,0.77295924,USDT
2023-09-24T00:15:00Z,SOL/USDT,buy,19.51975500,39.71038557,0.77513700,USDT
2023-09-24T04:00:00Z,SOL/USDT,sell,19.55022000,39.71038557,0.77634677,USDT
2023-09-25T11:45:00Z,SOL/USDT,buy,19.53976500,39.68863055,0.77550651,USDT
2023-09-25T14:45:00Z,SOL/USDT,sell,19.51024000,39.68863055,0.77433471,USDT
2023-09-25T16:15:00Z,SOL/USDT,buy,19.62981000,39.41483962,0.77370581,USDT
2023-09-25T17:15:00Z,SOL/USDT,stop_sell,19.56592643,39.41483962,0.77118785,USDT
2023-09-26T03:15:00Z,SOL/USDT,buy,19.49974500,39.68114984,0.77377230,USDT
2023-09-26T04:30:00Z,SOL/USDT,stop_sell,19.42813821,39.68114984,0.77093086,USDT
2023-09-27T09:45:00Z,SOL/USDT,buy,19.07953500,40.55750028,0.77381825,USDT
2023-09-27T14:00:00Z,SOL/USDT,sell,19.26036500,40.55750028,0.78115226,USDT
2023-09-27T23:15:00Z,SOL/USDT,buy,19.03951500,40.66704434,0.77428080,USDT
2023-09-28T02:45:00Z,SOL/USDT,sell,19.22038500,40.66704434,0.78163625,USDT
2023-09-28T14:45:00Z,SOL/USDT,buy,19.42971000,39.93593689,0.77594367,USDT
2023-09-28T18:45:00Z,SOL/USDT,sell,19.49025000,39.93593689,0.77836139,USDT
2023-09-28T20:15:00Z,SOL/USDT,buy,19.68984000,39.27114044,0.77324247,USDT
2023-09-28T21:00:00Z,SOL/USDT,stop_sell,19.62018500,39.27114044,0.77050704,USDT
2023-09-28T23:15:00Z,SOL/USDT,buy,19.94997000,38.82068982,0.77447160,USDT
2023-09-29T04:30:00Z,SOL/USDT,sell,20.11993500,38.82068982,0.78106976,USDT
2023-09-29T14:45:00Z,SOL/USDT,buy,20.40019500,37.98371577,0.77487521,USDT
2023-09-29T16:00:00Z,SOL/USDT,stop_sell,20.26629036,37.98371577,0.76978901,USDT
2023-09-29T23:45:00Z,SOL/USDT,buy,20.28013500,38.06972433,0.77205915,USDT
2023-09-29T23:45:00Z,SOL/USDT,stop_sell,20.25986500,38.06972433,0.77128748,USDT
2023-09-30T00:45:00Z,SOL/USDT,buy,20.41020000,37.94861668,0.77453886,USDT
2023-09-30T01:15:00Z,SOL/USDT,stop_sell,20.30698429,37.94861668,0.77062196,USDT
2023-09-30T07:45:00Z,SOL/USDT,buy,20.32015500,38.03912099,0.77296083,USDT
2023-09-30T09:45:00Z,SOL/USDT,stop_sell,20.26986000,38.03912099,0.77104766,USDT
2023-09-30T11:30:00Z,SOL/USDT,buy,20.39019000,37.93222546,0.77344528,USDT
2023-09-30T12:00:00Z,SOL/USDT,stop_sell,20.29984500,37.93222546,0.77001830,USDT
2023-09-30T13:00:00Z,SOL/USDT,buy,20.53026000,37.63570964,0.77267090,USDT
2023-09-30T18:15:00Z,SOL/USDT,sell,21.39929500,37.63570964,0.80537765,USDT
2023-09-30T23:30:00Z,SOL/USDT,buy,21.43071000,36.15445032,0.77481554,USDT
2023-09-30T23:30:00Z,SOL/USDT,stop_sell,21.37145179,36.15445032,0.77267309,USDT
2023-10-01T10:00:00Z,SOL/USDT,buy,21.83091000,35.57650229,0.77666742,USDT
2023-10-01T14:45:00Z,SOL/USDT,sell,23.02848000,35.57650229,0.81927277,USDT
2023-10-01T22:30:00Z,SOL/USDT,buy,23.77188000,32.70857389,0.77754429,USDT
2023-10-02T00:15:00Z,SOL/USDT,stop_sell,23.58427339,32.70857389,0.77140795,USDT
2023-10-02T06:45:00Z,SOL/USDT,buy,24.48223500,31.77450548,0.77791091,USDT
2023-10-02T06:45:00Z,SOL/USDT,stop_sell,24.31105268,31.77450548,0.77247168,USDT
2023-10-02T15:15:00Z,SOL/USDT,buy,24.18208500,32.21239551,0.77896289,USDT
2023-10-02T15:45:00Z,SOL/USDT,stop_sell,23.93124268,32.21239551,0.77088265,USDT
2023-10-03T02:00:00Z,SOL/USDT,buy,23.62180500,32.8755855,0.77658067,USDT
2023-10-03T02:15:00Z,SOL/USDT,stop_sell,23.48360946,32.8755855,0.77203741,USDT
2023-10-03T06:15:00Z,SOL/USDT,buy,23.70184500,32.74399423,0.77609308,USDT
2023-10-03T07:45:00Z,SOL/USDT,sell,23.75811500,32.74399423,0.77793558,USDT
2023-10-03T09:45:00Z,SOL/USDT,buy,24.26212500,32.02841872,0.77707750,USDT
2023-10-03T11:00:00Z,SOL/USDT,stop_sell,24.00334946,32.02841872,0.76878933,USDT
2023-10-03T13:30:00Z,SOL/USDT,buy,24.60229500,31.52732215,0.77564448,USDT
2023-10-03T13:45:00Z,SOL/USDT,stop_sell,24.30105768,31.52732215,0.76614727,USDT
2023-10-05T00:30:00Z,SOL/USDT,buy,23.32165500,33.20714108,0.77444549,USDT
2023-10-05T02:15:00Z,SOL/USDT,sell,23.31833500,33.20714108,0.77433524,USDT
2023-10-05T13:30:00Z,SOL/USDT,buy,23.44171500,33.04550539,0.77464332,USDT
2023-10-05T13:45:00Z,SOL/USDT,stop_sell,23.28835000,33.04550539,0.76957530,USDT
2023-10-06T01:45:00Z,SOL/USDT,buy,23.15157000,33.48037909,0.77512334,USDT
2023-10-06T04:45:00Z,SOL/USDT,sell,23.09844500,33.48037909,0.77334469,USDT
2023-10-06T07:30:00Z,SOL/USDT,buy,23.35167000,33.12470385,0.77351715,USDT
2023-10-06T09:15:00Z,SOL/USDT,sell,23.25836500,33.12470385,0.77042645,USDT
2023-10-06T10:30:00Z,SOL/USDT,buy,23.45172000,32.96756896,0.77314620,USDT
2023-10-06T10:45:00Z,SOL/USDT,stop_sell,23.28835000,32.96756896,0.76776028,USDT
2023-10-06T17:30:00Z,SOL/USDT,buy,23.55177000,32.81792056,0.77292012,USDT
2023-10-06T19:00:00Z,SOL/USDT,sell,23.49824500,32.81792056,0.77116354,USDT
2023-10-07T03:45:00Z,SOL/USDT,buy,23.69184000,32.62644201,0.77298044,USDT
2023-10-07T05:30:00Z,SOL/USDT,sell,23.68815000,32.62644201,0.77286005,USDT
2023-10-08T01:00:00Z,SOL/USDT,buy,23.36167500,33.05388948,0.77219422,USDT
2023-10-08T01:00:00Z,SOL/USDT,stop_sell,23.30619821,33.05388948,0.77036050,USDT
2023-10-08T02:30:00Z,SOL/USDT,buy,23.50174500,32.84539025,0.77192399,USDT
2023-10-08T04:15:00Z,SOL/USDT,sell,23.43827500,32.84539025,0.76983929,USDT
2023-10-10T03:00:00Z,SOL/USDT,buy,22.24111500,34.63170634,0.77024776,USDT
2023-10-10T03:00:00Z,SOL/USDT,stop_sell,22.16248464,34.63170634,0.76752466,USDT
2023-10-10T07:15:00Z,SOL/USDT,buy,22.34116500,34.52338693,0.77129268,USDT
2023-10-10T09:00:00Z,SOL/USDT,sell,22.25886500,34.52338693,0.76845141,USDT
2023-10-10T14:15:00Z,SOL/USDT,buy,22.43121000,34.33853603,0.77025491,USDT
2023-10-10T14:45:00Z,SOL/USDT,stop_sell,22.30884000,34.33853603,0.76605291,USDT
2023-10-10T22:15:00Z,SOL/USDT,buy,22.13106000,34.84604903,0.77118000,USDT
2023-10-11T02:30:00Z,SOL/USDT,sell,22.06896000,34.84604903,0.76901606,USDT
2023-10-11T05:00:00Z,SOL/USDT,buy,22.29114000,34.5978136,0.77122471,USDT
2023-10-11T05:45:00Z,SOL/USDT,sell,22.13892500,34.5978136,0.76595840,USDT
2023-10-12T00:00:00Z,SOL/USDT,buy,21.98098500,35.01397694,0.76964170,USDT
2023-10-12T00:30:00Z,SOL/USDT,stop_sell,21.90011589,35.01397694,0.76681015,USDT
2023-10-13T07:45:00Z,SOL/USDT,buy,21.39069000,35.89671491,0.76785550,USDT
2023-10-13T09:00:00Z,SOL/USDT,stop_sell,21.34932000,35.89671491,0.76637045,USDT
2023-10-13T11:30:00Z,SOL/USDT,buy,21.50074500,35.8185504,0.77012552,USDT
2023-10-13T14:00:00Z,SOL/USDT,sell,21.50924000,35.8185504,0.77042980,USDT
2023-10-13T20:15:00Z,SOL/USDT,buy,21.54076500,35.69750067,0.76895147,USDT
2023-10-13T22:45:00Z,SOL/USDT,sell,21.85906500,35.69750067,0.78031399,USDT
2023-10-14T08:15:00Z,SOL/USDT,buy,22.10104500,34.84385187,0.77008554,USDT
2023-10-14T08:45:00Z,SOL/USDT,stop_sell,21.99899500,34.84385187,0.76652972,USDT
2023-10-15T01:45:00Z,SOL/USDT,buy,22.02100500,34.95203886,0.76967902,USDT
2023-10-15T03:15:00Z,SOL/USDT,stop_sell,21.91903500,34.95203886,0.76611496,USDT
2023-10-15T19:15:00Z,SOL/USDT,buy,21.85092000,35.14114616,0.76786637,USDT
2023-10-15T19:30:00Z,SOL/USDT,stop_sell,21.78517339,35.14114616,0.76555596,USDT
2023-10-16T05:00:00Z,SOL/USDT,buy,22.16107500,34.68304108,0.76861347,USDT
2023-10-16T14:00:00Z,SOL/USDT,sell,23.23837500,34.68304108,0.80597751,USDT
2023-10-16T19:00:00Z,SOL/USDT,buy,23.92195500,32.29030636,0.77244726,USDT
2023-10-16T19:30:00Z,SOL/USDT,stop_sell,23.69029179,32.29030636,0.76496678,USDT
2023-10-17T08:45:00Z,SOL/USDT,buy,24.33216000,31.67644263,0.77075627,USDT
2023-10-17T10:45:00Z,SOL/USDT,sell,24.19789500,31.67644263,0.76650323,USDT
2023-10-17T17:15:00Z,SOL/USDT,buy,24.14206500,31.81437442,0.76806470,USDT
2023-10-17T17:15:00Z,SOL/USDT,stop_sell,24.05510929,31.81437442,0.76529825,USDT
2023-10-18T05:00:00Z,SOL/USDT,buy,24.10204500,31.95863275,0.77026840,USDT
2023-10-18T06:30:00Z,SOL/USDT,sell,24.00799000,31.95863275,0.76726254,USDT
2023-10-19T09:45:00Z,SOL/USDT,buy,23.90194500,32.14376952,0.76829861,USDT
2023-10-19T17:30:00Z,SOL/USDT,sell,24.79759500,32.14376952,0.79708818,USDT
2023-10-20T02:45:00Z,SOL/USDT,buy,25.26262500,30.52545861,0.77115321,USDT
2023-10-20T11:00:00Z,SOL/USDT,sell,26.72663000,30.52545861,0.81584264,USDT
2023-10-20T15:15:00Z,SOL/USDT,buy,27.00349500,28.63364868,0.77320859,USDT
2023-10-20T15:30:00Z,SOL/USDT,stop_sell,26.81944071,28.63364868,0.76793844,USDT
2023-10-21T06:30:00Z,SOL/USDT,buy,27.35367000,28.33083168,0.77495222,USDT
2023-10-21T13:15:00Z,SOL/USDT,sell,28.84557000,28.33083168,0.81721899,USDT
2023-10-21T22:00:00Z,SOL/USDT,buy,30.01500000,25.91785325,0.77792437,USDT
2023-10-21T22:30:00Z,SOL/USDT,stop_sell,29.64124339,25.91785325,0.76823740,USDT
2023-10-22T14:15:00Z,SOL/USDT,buy,28.80439500,26.9759273,0.77702527,USDT
2023-10-22T14:15:00Z,SOL/USDT,stop_sell,28.62353821,26.9759273,0.77214649,USDT
2023-10-22T19:30:00Z,SOL/USDT,buy,28.91445000,26.80907464,0.77516965,USDT
2023-10-22T19:45:00Z,SOL/USDT,stop_sell,28.73562500,26.80907464,0.77037552,USDT
2023-10-22T23:00:00Z,SOL/USDT,buy,29.20459500,26.57127567,0.77600334,USDT
2023-10-22T23:00:00Z,SOL/USDT,stop_sell,28.99014054,26.57127567,0.77030502,USDT
2023-10-23T01:15:00Z,SOL/USDT,buy,29.32465500,26.52416036,0.77781185,USDT
2023-10-23T06:30:00Z,SOL/USDT,sell,30.66466000,26.52416036,0.81335436,USDT
2023-10-23T20:15:00Z,SOL/USDT,buy,29.89494000,26.01177502,0.77762045,USDT
2023-10-24T01:15:00Z,SOL/USDT,sell,31.56421000,26.01177502,0.82104113,USDT
2023-10-24T15:15:00Z,SOL/USDT,buy,32.26612500,24.2652325,0.78294502,USDT
2023-10-24T15:15:00Z,SOL/USDT,stop_sell,31.67808161,24.2652325,0.76867602,USDT
2023-10-25T01:00:00Z,SOL/USDT,buy,30.60529500,25.48471189,0.77996713,USDT
2023-10-25T02:30:00Z,SOL/USDT,sell,31.08445000,25.48471189,0.79217825,USDT
2023-10-25T10:30:00Z,SOL/USDT,buy,31.99599000,24.41161045,0.78107364,USDT
2023-10-25T13:45:00Z,SOL/USDT,sell,32.68365000,24.41161045,0.79786053,USDT
2023-10-26T07:15:00Z,SOL/USDT,buy,33.01650000,23.69393753,0.78229089,USDT
2023-10-26T08:00:00Z,SOL/USDT,stop_sell,32.67294107,23.69393753,0.77415062,USDT
2023-10-26T20:30:00Z,SOL/USDT,buy,32.00599500,24.41776187,0.78151476,USDT
2023-10-27T00:15:00Z,SOL/USDT,sell,32.64367000,24.41776187,0.79708536,USDT
2023-10-27T09:30:00Z,SOL/USDT,buy,33.02650500,23.6971694,0.78263468,USDT
2023-10-27T10:00:00Z,SOL/USDT,stop_sell,32.72363000,23.6971694,0.77545740,USDT
2023-10-28T05:45:00Z,SOL/USDT,buy,32.36617500,24.12175099,0.78072881,USDT
2023-10-28T06:00:00Z,SOL/USDT,stop_sell,32.21995339,24.12175099,0.77720169,USDT
2023-10-28T11:30:00Z,SOL/USDT,buy,32.39619000,24.12408672,0.78152850,USDT
2023-10-28T11:30:00Z,SOL/USDT,stop_sell,32.28242214,24.12408672,0.77878395,USDT
2023-10-28T22:00:00Z,SOL/USDT,buy,31.95597000,24.40742542,0.77996295,USDT
2023-10-28T22:15:00Z,SOL/USDT,stop_sell,31.76411000,24.40742542,0.77528015,USDT
2023-10-29T05:45:00Z,SOL/USDT,buy,32.06602500,24.37658529,0.78166019,USDT
2023-10-29T07:30:00Z,SOL/USDT,sell,31.98400000,24.37658529,0.77966070,USDT
2023-10-29T08:00:00Z,SOL/USDT,buy,32.34616500,24.18634513,0.78233551,USDT
2023-10-29T09:30:00Z,SOL/USDT,sell,32.17390500,24.18634513,0.77816917,USDT
2023-10-29T13:00:00Z,SOL/USDT,buy,32.37618000,24.09741832,0.78018235,USDT
2023-10-29T13:15:00Z,SOL/USDT,stop_sell,32.25386500,24.09741832,0.77723488,USDT
2023-10-30T03:00:00Z,SOL/USDT,buy,32.98648500,23.6333361,0.77958069,USDT
2023-10-30T03:45:00Z,SOL/USDT,sell,32.79359500,23.6333361,0.77502205,USDT
2023-10-30T08:30:00Z,SOL/USDT,buy,32.98648500,23.61850265,0.77909138,USDT
2023-10-30T14:00:00Z,SOL/USDT,sell,34.68265000,23.61850265,0.81915226,USDT
2023-10-31T00:45:00Z,SOL/USDT,buy,35.79789000,21.81303134,0.78086050,USDT
2023-10-31T00:45:00Z,SOL/USDT,stop_sell,35.57363286,21.81303134,0.77596877,USDT
2023-10-31T01:45:00Z,SOL/USDT,buy,36.05802000,21.67165488,0.78143697,USDT
2023-10-31T02:30:00Z,SOL/USDT,stop_sell,35.69999821,21.67165488,0.77367804,USDT
2023-10-31T10:00:00Z,SOL/USDT,buy,36.82840500,21.20972922,0.78112050,USDT
2023-10-31T11:15:00Z,SOL/USDT,stop_sell,36.41749643,21.20972922,0.77240524,USDT
2023-10-31T20:45:00Z,SOL/USDT,buy,36.78838500,21.28573662,0.78306787,USDT
2023-11-01T02:30:00Z,SOL/USDT,sell,38.18090000,21.28573662,0.81270858,USDT
2023-11-01T07:45:00Z,SOL/USDT,buy,39.21960000,19.94745222,0.78233110,USDT
2023-11-01T07:45:00Z,SOL/USDT,stop_sell,38.84628143,19.94745222,0.77488434,USDT
2023-11-01T14:30:00Z,SOL/USDT,buy,40.38018000,19.35149392,0.78141681,USDT
2023-11-01T19:45:00Z,SOL/USDT,sell,42.40878500,19.35149392,0.82067335,USDT
2023-11-02T07:15:00Z,SOL/USDT,buy,42.96147000,18.2634412,0.78462428,USDT
2023-11-02T11:00:00Z,SOL/USDT,sell,43.22837500,18.2634412,0.78949888,USDT
2023-11-02T11:45:00Z,SOL/USDT,buy,44.32215000,17.7207184,0.78542034,USDT
2023-11-02T12:45:00Z,SOL/USDT,stop_sell,43.67065375,17.7207184,0.77387536,USDT
2023-11-03T08:15:00Z,SOL/USDT,buy,39.67983000,19.75908856,0.78403728,USDT
2023-11-03T08:30:00Z,SOL/USDT,stop_sell,39.16005304,19.75908856,0.77376696,USDT
2023-11-03T14:30:00Z,SOL/USDT,buy,40.02000000,19.53811764,0.78191547,USDT
2023-11-03T15:30:00Z,SOL/USDT,sell,39.51023500,19.53811764,0.77195562,USDT
2023-11-04T01:30:00Z,SOL/USDT,buy,40.00999500,19.54928749,0.78216689,USDT
2023-11-04T05:15:00Z,SOL/USDT,sell,40.57970000,19.54928749,0.79330422,USDT
2023-11-04T07:30:00Z,SOL/USDT,buy,41.95096500,18.65392137,0.78255000,USDT
2023-11-04T10:00:00Z,SOL/USDT,sell,41.96900500,18.65392137,0.78288652,USDT
2023-11-04T22:15:00Z,SOL/USDT,buy,42.13105500,18.55424926,0.78171010,USDT
2023-11-05T00:15:00Z,SOL/USDT,sell,41.92902500,18.55424926,0.77796158,USDT
2023-11-05T02:15:00Z,SOL/USDT,buy,42.75136500,18.26261373,0.78075167,USDT
2023-11-05T03:15:00Z,SOL/USDT,stop_sell,42.29062982,18.26261373,0.77233744,USDT
2023-11-05T23:15:00Z,SOL/USDT,buy,41.30064000,18.94312657,0.78236325,USDT
2023-11-06T00:00:00Z,SOL/USDT,stop_sell,40.87419554,18.94312657,0.77428506,USDT
2023-11-06T13:00:00Z,SOL/USDT,buy,40.54026000,19.26078305,0.78083715,USDT
2023-11-06T13:15:00Z,SOL/USDT,stop_sell,40.24451054,19.26078305,0.77514079,USDT
2023-11-06T15:30:00Z,SOL/USDT,buy,40.54026000,19.23696358,0.77987151,USDT
2023-11-06T15:45:00Z,SOL/USDT,stop_sell,40.19917607,19.23696358,0.77331009,USDT
2023-11-06T22:45:00Z,SOL/USDT,buy,41.09053500,18.99134485,0.78036452,USDT
2023-11-07T01:30:00Z,SOL/USDT,sell,41.47925000,18.99134485,0.78774674,USDT
2023-11-07T13:30:00Z,SOL/USDT,buy,41.81089500,18.66148179,0.78025326,USDT
2023-11-07T15:30:00Z,SOL/USDT,sell,41.45926000,18.66148179,0.77369123,USDT
2023-11-07T18:00:00Z,SOL/USDT,buy,42.57127500,18.304132,0.77923024,USDT
2023-11-07T22:15:00Z,SOL/USDT,sell,43.04846500,18.304132,0.78796479,USDT
2023-11-08T19:15:00Z,SOL/USDT,buy,43.46172000,17.91344989,0.77854934,USDT
2023-11-08T19:45:00Z,SOL/USDT,stop_sell,43.14877196,17.91344989,0.77294336,USDT
2023-11-09T02:45:00Z,SOL/USDT,buy,43.63180500,17.86333961,0.77940975,USDT
2023-11-09T05:30:00Z,SOL/USDT,sell,43.89804000,17.86333961,0.78416560,USDT
2023-11-09T08:45:00Z,SOL/USDT,buy,44.85241500,17.37892012,0.77948654,USDT
2023-11-09T15:30:00Z,SOL/USDT,sell,46.36680500,17.37892012,0.80580500,USDT
2023-11-10T02:00:00Z,SOL/USDT,buy,46.14306000,16.93939802,0.78163566,USDT
2023-11-10T05:30:00Z,SOL/USDT,sell,46.95651000,16.93939802,0.79541501,USDT
2023-11-10T07:00:00Z,SOL/USDT,buy,48.30414000,16.19825656,0.78244285,USDT
2023-11-10T07:00:00Z,SOL/USDT,stop_sell,47.65508911,16.19825656,0.77192936,USDT
2023-11-10T10:00:00Z,SOL/USDT,buy,48.80439000,16.01243127,0.78147694,USDT
2023-11-10T14:00:00Z,SOL/USDT,sell,49.76510500,16.01243127,0.79686032,USDT
2023-11-10T17:00:00Z,SOL/USDT,buy,51.85591500,15.08855712,0.78243094,USDT
2023-11-10T22:00:00Z,SOL/USDT,sell,53.56320500,15.08855712,0.80819148,USDT
2023-11-10T23:00:00Z,SOL/USDT,buy,56.37817500,13.91525102,0.78451646,USDT
2023-11-11T01:30:00Z,SOL/USDT,sell,56.28184500,13.91525102,0.78317600,USDT
2023-11-11T12:30:00Z,SOL/USDT,buy,56.26812000,13.96564659,0.78582068,USDT
2023-11-11T17:15:00Z,SOL/USDT,sell,60.07994500,13.96564659,0.83905528,USDT
2023-11-12T07:30:00Z,SOL/USDT,buy,61.21059000,12.88036157,0.78841453,USDT
2023-11-12T08:00:00Z,SOL/USDT,stop_sell,60.00248375,12.88036157,0.77285369,USDT
2023-11-13T01:15:00Z,SOL/USDT,buy,58.30914000,13.49546666,0.78690905,USDT
2023-11-13T03:15:00Z,SOL/USDT,sell,57.43127000,13.49546666,0.77506179,USDT
2023-11-13T08:45:00Z,SOL/USDT,buy,59.25961500,13.26093877,0.78583813,USDT
2023-11-13T09:30:00Z,SOL/USDT,sell,58.65066000,13.26093877,0.77776281,USDT
2023-11-14T03:15:00Z,SOL/USDT,buy,54.82740000,14.32652245,0.78548598,USDT
2023-11-14T04:00:00Z,SOL/USDT,sell,54.02297500,14.32652245,0.77396136,USDT
2023-11-14T08:30:00Z,SOL/USDT,buy,55.26762000,14.16007543,0.78259367,USDT
2023-11-14T09:00:00Z,SOL/USDT,stop_sell,54.81365089,14.16007543,0.77616543,USDT
2023-11-14T14:00:00Z,SOL/USDT,buy,55.72785000,14.06720343,0.78393500,USDT
2023-11-14T17:00:00Z,SOL/USDT,sell,55.80208500,14.06720343,0.78497928,USDT
2023-11-15T00:30:00Z,SOL/USDT,buy,57.63880500,13.59276591,0.78347078,USDT
2023-11-15T00:45:00Z,SOL/USDT,stop_sell,56.83371179,13.59276591,0.77252734,USDT
2023-11-15T05:45:00Z,SOL/USDT,buy,57.78888000,13.54015389,0.78247033,USDT
2023-11-15T10:00:00Z,SOL/USDT,sell,58.99049000,13.54015389,0.79874031,USDT
2023-11-15T11:30:00Z,SOL/USDT,buy,60.87042000,12.86765879,0.78325979,USDT
2023-11-15T13:45:00Z,SOL/USDT,sell,61.63916500,12.86765879,0.79315174,USDT
2023-11-15T19:30:00Z,SOL/USDT,buy,64.68232500,12.12371843,0.78419030,USDT
2023-11-15T22:00:00Z,SOL/USDT,sell,64.96750000,12.12371843,0.78764768,USDT
2023-11-16T02:45:00Z,SOL/USDT,buy,65.85291000,11.89427302,0.78327249,USDT
2023-11-16T04:00:00Z,SOL/USDT,sell,65.65715500,11.89427302,0.78094413,USDT
2023-11-16T06:15:00Z,SOL/USDT,buy,66.46321500,11.79649414,0.78403293,USDT
2023-11-16T07:45:00Z,SOL/USDT,sell,66.36680000,11.79649414,0.78289557,USDT
2023-11-16T20:15:00Z,SOL/USDT,buy,63.13155000,12.41747588,0.78393450,USDT
2023-11-16T20:15:00Z,SOL/USDT,stop_sell,62.00612429,12.41747588,0.76995955,USDT
2023-11-18T15:15:00Z,SOL/USDT,buy,58.04901000,13.48793829,0.78296146,USDT
2023-11-18T21:45:00Z,SOL/USDT,sell,58.54071500,13.48793829,0.78959355,USDT
2023-11-19T06:15:00Z,SOL/USDT,buy,58.91944500,13.28645702,0.78283067,USDT
2023-11-19T10:15:00Z,SOL/USDT,sell,60.55970500,13.28645702,0.80462392,USDT
2023-11-19T18:30:00Z,SOL/USDT,buy,60.40018500,12.96828119,0.78328658,USDT
2023-11-19T20:30:00Z,SOL/USDT,sell,60.44976000,12.96828119,0.78392949,USDT
2023-11-19T22:00:00Z,SOL/USDT,buy,61.32064500,12.837579,0.78720862,USDT
2023-11-19T23:00:00Z,SOL/USDT,sell,60.71962500,12.837579,0.77949298,USDT
2023-11-20T10:00:00Z,SOL/USDT,buy,60.41019000,12.97623574,0.78389687,USDT
2023-11-20T11:45:00Z,SOL/USDT,sell,60.34981000,12.97623574,0.78311336,USDT
2023-11-22T14:00:00Z,SOL/USDT,buy,55.25761500,14.19052668,0.78413466,USDT
2023-11-22T14:45:00Z,SOL/USDT,stop_sell,54.67229304,14.19052668,0.77582863,USDT
2023-11-22T18:30:00Z,SOL/USDT,buy,56.43820500,13.87706674,0.78319674,USDT
2023-11-22T23:15:00Z,SOL/USDT,sell,57.63117000,13.87706674,0.79975159,USDT
2023-11-23T12:15:00Z,SOL/USDT,buy,59.36967000,13.21182646,0.78438178,USDT
2023-11-23T12:15:00Z,SOL/USDT,stop_sell,58.66386768,13.21182646,0.77505684,USDT
2023-11-24T00:30:00Z,SOL/USDT,buy,57.00849000,13.71504548,0.78187403,USDT
2023-11-24T04:45:00Z,SOL/USDT,sell,57.12142500,13.71504548,0.78342294,USDT
2023-11-24T15:45:00Z,SOL/USDT,buy,58.39918500,13.4073212,0.78297663,USDT
2023-11-24T16:30:00Z,SOL/USDT,stop_sell,57.91638446,13.4073212,0.77650357,USDT
2023-11-25T01:30:00Z,SOL/USDT,buy,57.62880000,13.58948717,0.78314584,USDT
2023-11-25T04:15:00Z,SOL/USDT,sell,58.59069000,13.58948717,0.79621743,USDT
2023-11-25T17:15:00Z,SOL/USDT,buy,58.84941000,13.32080727,0.78392165,USDT
2023-11-25T20:45:00Z,SOL/USDT,sell,58.81058000,13.32080727,0.78340440,USDT
2023-11-26T20:45:00Z,SOL/USDT,buy,57.66882000,13.5836831,0.78335498,USDT
2023-11-26T23:15:00Z,SOL/USDT,sell,57.50123500,13.5836831,0.78107855,USDT
2023-11-28T09:45:00Z,SOL/USDT,buy,55.59778500,14.09429543,0.78361161,USDT
2023-11-28T13:15:00Z,SOL/USDT,sell,55.73212000,14.09429543,0.78550496,USDT
2023-11-28T17:00:00Z,SOL/USDT,buy,57.23860500,13.68325463,0.78321041,USDT
2023-11-28T20:30:00Z,SOL/USDT,sell,57.67115000,13.68325463,0.78912903,USDT
2023-11-28T20:45:00Z,SOL/USDT,buy,58.13905500,13.44949961,0.78194120,USDT
2023-11-28T22:30:00Z,SOL/USDT,sell,57.88104500,13.44949961,0.77847109,USDT
2023-11-29T02:15:00Z,SOL/USDT,buy,58.50924000,13.38282192,0.78301874,USDT
2023-11-29T04:45:00Z,SOL/USDT,sell,58.30083500,13.38282192,0.78022969,USDT
2023-11-29T06:45:00Z,SOL/USDT,buy,58.92945000,13.28148119,0.78267038,USDT
2023-11-29T10:45:00Z,SOL/USDT,sell,60.16990000,13.28148119,0.79914540,USDT
2023-11-29T14:15:00Z,SOL/USDT,buy,61.14055500,12.76842728,0.78066873,USDT
2023-11-29T14:15:00Z,SOL/USDT,stop_sell,60.79280268,12.76842728,0.77622848,USDT
2023-11-30T02:45:00Z,SOL/USDT,buy,59.98998000,13.03681196,0.78207809,USDT
2023-11-30T05:15:00Z,SOL/USDT,sell,60.23986500,13.03681196,0.78533579,USDT
2023-11-30T12:00:00Z,SOL/USDT,buy,60.79038000,12.89096542,0.78364669,USDT
2023-11-30T13:30:00Z,SOL/USDT,stop_sell,60.29876411,12.89096542,0.77730928,USDT
2023-11-30T20:00:00Z,SOL/USDT,buy,60.00999000,13.04809539,0.78301607,USDT
2023-11-30T21:15:00Z,SOL/USDT,sell,59.85006000,13.04809539,0.78092929,USDT
2023-12-01T09:15:00Z,SOL/USDT,buy,61.31064000,12.76439658,0.78259332,USDT
2023-12-01T11:15:00Z,SOL/USDT,sell,61.07944500,12.76439658,0.77964226,USDT
2023-12-02T02:30:00Z,SOL/USDT,buy,61.05051000,12.81286723,0.78223208,USDT
2023-12-02T08:30:00Z,SOL/USDT,sell,61.66915000,12.81286723,0.79015863,USDT
2023-12-02T18:15:00Z,SOL/USDT,buy,62.28112500,12.56988257,0.78286643,USDT
2023-12-02T19:15:00Z,SOL/USDT,stop_sell,61.86726518,12.56988257,0.77766426,USDT
2023-12-02T20:15:00Z,SOL/USDT,buy,63.17157000,12.38214247,0.78219938,USDT
2023-12-02T22:00:00Z,SOL/USDT,stop_sell,62.61796107,12.38214247,0.77534452,USDT
2023-12-03T00:00:00Z,SOL/USDT,buy,63.44170500,12.30522185,0.78066425,USDT
2023-12-03T03:15:00Z,SOL/USDT,sell,63.93801500,12.30522185,0.78677146,USDT
2023-12-03T20:30:00Z,SOL/USDT,buy,63.19158000,12.37135767,0.78176564,USDT
2023-12-03T21:15:00Z,SOL/USDT,sell,62.90853000,12.37135767,0.77826393,USDT
2023-12-03T22:15:00Z,SOL/USDT,buy,63.32164500,12.35321406,0.78222584,USDT
2023-12-03T23:15:00Z,SOL/USDT,stop_sell,62.87711714,12.35321406,0.77673449,USDT
2023-12-04T01:45:00Z,SOL/USDT,buy,64.63230000,12.08063303,0.78079910,USDT
2023-12-04T02:45:00Z,SOL/USDT,stop_sell,63.86340946,12.08063303,0.77151041,USDT
2023-12-05T01:00:00Z,SOL/USDT,buy,62.04100500,12.57114513,0.77992648,USDT
2023-12-05T01:00:00Z,SOL/USDT,stop_sell,61.48138679,12.57114513,0.77289144,USDT
2023-12-05T14:30:00Z,SOL/USDT,buy,60.70033500,12.83954824,0.77936488,USDT
2023-12-05T15:15:00Z,SOL/USDT,sell,60.24986000,12.83954824,0.77358098,USDT
2023-12-05T15:45:00Z,SOL/USDT,buy,60.73035000,12.82353286,0.77877764,USDT
2023-12-05T19:00:00Z,SOL/USDT,sell,61.29933500,12.82353286,0.78607404,USDT
2023-12-06T00:15:00Z,SOL/USDT,buy,62.18107500,12.53576321,0.77948723,USDT
2023-12-06T05:30:00Z,SOL/USDT,sell,63.46825000,12.53576321,0.79562295,USDT
2023-12-06T08:45:00Z,SOL/USDT,buy,64.92244500,12.02052423,0.78040182,USDT
2023-12-06T10:45:00Z,SOL/USDT,sell,64.52772000,12.02052423,0.77565702,USDT
2023-12-06T20:00:00Z,SOL/USDT,buy,64.38217500,12.11544526,0.78001872,USDT
2023-12-06T20:45:00Z,SOL/USDT,stop_sell,63.74454036,12.11544526,0.77229349,USDT
2023-12-07T12:00:00Z,SOL/USDT,buy,64.07202000,12.16061126,0.77915493,USDT
2023-12-07T13:45:00Z,SOL/USDT,sell,63.92802000,12.16061126,0.77740380,USDT
2023-12-07T15:45:00Z,SOL/USDT,buy,65.75286000,11.84572322,0.77889018,USDT
2023-12-07T16:15:00Z,SOL/USDT,stop_sell,64.99534321,11.84572322,0.76991685,USDT
2023-12-07T17:30:00Z,SOL/USDT,buy,66.03300000,11.78271453,0.77804799,USDT
2023-12-07T18:15:00Z,SOL/USDT,sell,65.68714000,11.78271453,0.77397282,USDT
2023-12-07T21:30:00Z,SOL/USDT,buy,67.32364500,11.56044896,0.77829156,USDT
2023-12-07T23:30:00Z,SOL/USDT,sell,67.14641000,11.56044896,0.77624265,USDT
2023-12-08T03:30:00Z,SOL/USDT,buy,70.64530500,11.02327905,0.77874291,USDT
2023-12-08T05:45:00Z,SOL/USDT,sell,70.84456000,11.02327905,0.78093935,USDT
2023-12-08T11:45:00Z,SOL/USDT,buy,72.96646500,10.69325143,0.78024876,USDT
2023-12-08T13:45:00Z,SOL/USDT,sell,72.87354500,10.69325143,0.77925514,USDT
2023-12-08T23:45:00Z,SOL/USDT,buy,74.89743000,10.37072629,0.77674075,USDT
2023-12-09T00:30:00Z,SOL/USDT,stop_sell,74.24892839,10.37072629,0.77001531,USDT
2023-12-09T06:15:00Z,SOL/USDT,buy,75.88792500,10.20117802,0.77414623,USDT
2023-12-09T08:30:00Z,SOL/USDT,stop_sell,75.39406982,10.20117802,0.76910833,USDT
2023-12-10T14:30:00Z,SOL/USDT,buy,73.31664000,10.57223461,0.77512072,USDT
2023-12-10T16:45:00Z,SOL/USDT,sell,73.21337500,10.57223461,0.77402898,USDT
2023-12-10T21:00:00Z,SOL/USDT,buy,74.31714000,10.43563741,0.77554673,USDT
2023-12-10T21:15:00Z,SOL/USDT,stop_sell,73.62566875,10.43563741,0.76833078,USDT
2023-12-11T00:00:00Z,SOL/USDT,buy,74.82739500,10.38427713,0.77702841,USDT
2023-12-11T00:15:00Z,SOL/USDT,sell,74.31282500,10.38427713,0.77168497,USDT
2023-12-11T16:45:00Z,SOL/USDT,buy,70.48522500,10.97725045,0.77373397,USDT
2023-12-11T17:00:00Z,SOL/USDT,stop_sell,69.54342518,10.97725045,0.76339560,USDT
2023-12-12T00:30:00Z,SOL/USDT,buy,71.74585500,10.77733011,0.77322876,USDT
2023-12-12T03:00:00Z,SOL/USDT,sell,71.42427000,10.77733011,0.76976294,USDT
2023-12-13T15:15:00Z,SOL/USDT,buy,67.86391500,11.40107637,0.77372168,USDT
2023-12-13T16:30:00Z,SOL/USDT,stop_sell,66.99541411,11.40107637,0.76381983,USDT
2023-12-13T19:15:00Z,SOL/USDT,buy,69.00448500,11.17327454,0.77100606,USDT
2023-12-13T22:45:00Z,SOL/USDT,sell,71.22437000,11.17327454,0.79580944,USDT
2023-12-14T06:15:00Z,SOL/USDT,buy,71.47572000,10.82867363,0.77398724,USDT
2023-12-14T09:00:00Z,SOL/USDT,sell,71.10443000,10.82867363,0.76996667,USDT
2023-12-14T09:45:00Z,SOL/USDT,buy,72.17607000,10.74275588,0.77536990,USDT
2023-12-14T13:15:00Z,SOL/USDT,sell,71.81407500,10.74275588,0.77148108,USDT
2023-12-14T17:15:00Z,SOL/USDT,buy,73.80688500,10.44363127,0.77081189,USDT
2023-12-14T18:30:00Z,SOL/USDT,sell,73.19338500,10.44363127,0.76440472,USDT
2023-12-14T22:15:00Z,SOL/USDT,buy,75.08752500,10.28905161,0.77257942,USDT
2023-12-15T00:45:00Z,SOL/USDT,sell,74.89253500,10.28905161,0.77057316,USDT
2023-12-15T06:30:00Z,SOL/USDT,buy,76.06801500,10.16472703,0.77321061,USDT
2023-12-15T06:45:00Z,SOL/USDT,stop_sell,75.07422982,10.16472703,0.76310905,USDT
2023-12-15T07:30:00Z,SOL/USDT,buy,76.53825000,10.07814824,0.77136383,USDT
2023-12-15T12:15:00Z,SOL/USDT,sell,77.94101000,10.07814824,0.78550105,USDT
2023-12-15T19:00:00Z,SOL/USDT,buy,76.51824000,10.09130417,0.77216883,USDT
2023-12-15T22:00:00Z,SOL/USDT,sell,76.41177500,10.09130417,0.77109446,USDT
2023-12-16T08:15:00Z,SOL/USDT,buy,74.49723000,10.36357403,0.77205756,USDT
2023-12-16T08:30:00Z,SOL/USDT,stop_sell,73.96799750,10.36357403,0.76657282,USDT
2023-12-16T12:00:00Z,SOL/USDT,buy,75.14755500,10.2677871,0.77159910,USDT
2023-12-16T14:30:00Z,SOL/USDT,sell,75.10243000,10.2677871,0.77113576,USDT
2023-12-16T16:00:00Z,SOL/USDT,buy,77.16856500,9.99809392,0.77153856,USDT
2023-12-16T16:45:00Z,SOL/USDT,stop_sell,76.28897929,9.99809392,0.76274438,USDT
2023-12-17T16:45:00Z,SOL/USDT,buy,73.52674500,10.49498196,0.77166186,USDT
2023-12-17T19:45:00Z,SOL/USDT,sell,73.65315500,10.49498196,0.77298853,USDT
2023-12-18T08:00:00Z,SOL/USDT,buy,70.83540000,10.82666977,0.76691148,USDT
2023-12-18T08:00:00Z,SOL/USDT,stop_sell,70.46724875,10.82666977,0.76292563,USDT
2023-12-18T17:30:00Z,SOL/USDT,buy,72.05601000,10.6986523,0.77090220,USDT
2023-12-18T18:00:00Z,SOL/USDT,sell,71.36430000,10.6986523,0.76350183,USDT
2023-12-18T19:15:00Z,SOL/USDT,buy,72.41619000,10.61641705,0.76880047,USDT
2023-12-18T20:30:00Z,SOL/USDT,sell,71.87404500,10.61641705,0.76304484,USDT
2023-12-18T21:15:00Z,SOL/USDT,buy,74.20708500,10.360931,0.76885449,USDT
2023-12-19T00:15:00Z,SOL/USDT,sell,74.28284000,10.360931,0.76963938,USDT
2023-12-19T02:00:00Z,SOL/USDT,buy,75.58777500,10.17087974,0.76879417,USDT
2023-12-19T03:00:00Z,SOL/USDT,stop_sell,74.79151411,10.17087974,0.76069550,USDT
2023-12-19T20:15:00Z,SOL/USDT,buy,74.98747500,10.24475792,0.76822853,USDT
2023-12-19T20:30:00Z,SOL/USDT,stop_sell,74.02618268,10.24475792,0.75838032,USDT
2023-12-20T04:30:00Z,SOL/USDT,buy,74.93745000,10.23671196,0.76711309,USDT
2023-12-20T05:15:00Z,SOL/USDT,sell,74.43276500,10.23671196,0.76194678,USDT
2023-12-20T06:30:00Z,SOL/USDT,buy,75.67782000,10.12814403,0.76647586,USDT
2023-12-20T11:30:00Z,SOL/USDT,sell,77.06145000,10.12814403,0.78048946,USDT
2023-12-20T15:15:00Z,SOL/USDT,buy,80.35015500,9.5540651,0.76767061,USDT
2023-12-20T16:30:00Z,SOL/USDT,sell,79.41027500,9.5540651,0.75869094,USDT
2023-12-21T02:45:00Z,SOL/USDT,buy,83.28162000,9.19878699,0.76608988,USDT
2023-12-21T03:45:00Z,SOL/USDT,sell,82.67864000,9.19878699,0.76054320,USDT
2023-12-21T06:45:00Z,SOL/USDT,buy,85.69282500,8.97860334,0.76940188,USDT
2023-12-21T09:30:00Z,SOL/USDT,sell,85.64715500,8.97860334,0.76899183,USDT
2023-12-21T16:15:00Z,SOL/USDT,buy,88.70433000,8.63653923,0.76609843,USDT
2023-12-21T19:30:00Z,SOL/USDT,sell,91.88403500,8.63653923,0.79356007,USDT
2023-12-21T23:00:00Z,SOL/USDT,buy,94.61728500,8.10837941,0.76719285,USDT
2023-12-22T00:00:00Z,SOL/USDT,stop_sell,93.47181214,8.10837941,0.75790492,USDT
2023-12-22T01:30:00Z,SOL/USDT,buy,96.10803000,7.98787833,0.76769925,USDT
2023-12-22T03:30:00Z,SOL/USDT,sell,97.05145000,7.98787833,0.77523517,USDT
2023-12-22T16:00:00Z,SOL/USDT,buy,96.29812500,7.95558071,0.76610751,USDT
2023-12-22T16:30:00Z,SOL/USDT,stop_sell,94.81899536,7.95558071,0.75434017,USDT
2023-12-22T19:15:00Z,SOL/USDT,buy,97.55875500,7.8525593,0.76608591,USDT
2023-12-22T19:45:00Z,SOL/USDT,sell,96.17189000,7.8525593,0.75519547,USDT
2023-12-23T12:45:00Z,SOL/USDT,buy,96.88842000,7.90884455,0.76627545,USDT
2023-12-23T13:30:00Z,SOL/USDT,stop_sell,96.02731946,7.90884455,0.75946514,USDT
2023-12-23T16:45:00Z,SOL/USDT,buy,97.13854500,7.88809362,0.76623794,USDT
2023-12-24T05:45:00Z,SOL/USDT,sell,113.79307500,7.88809362,0.89761043,USDT
2023-12-25T13:00:00Z,SOL/USDT,buy,113.68681500,6.8069355,0.77385882,USDT
2023-12-25T19:00:00Z,SOL/USDT,sell,122.77858000,6.8069355,0.83574587,USDT
2023-12-26T13:00:00Z,SOL/USDT,buy,116.69832000,6.68603106,0.78024859,USDT
2023-12-26T13:30:00Z,SOL/USDT,stop_sell,114.91929732,6.68603106,0.76835399,USDT
2023-12-27T00:00:00Z,SOL/USDT,buy,112.42618500,6.91331984,0.77723818,USDT
2023-12-27T00:30:00Z,SOL/USDT,stop_sell,110.83169929,6.91331984,0.76621499,USDT
2023-12-27T11:00:00Z,SOL/USDT,buy,114.32713500,6.78927119,0.77619792,USDT
2023-12-27T11:30:00Z,SOL/USDT,stop_sell,113.16481786,6.78927119,0.76830664,USDT
2023-12-28T23:00:00Z,SOL/USDT,buy,103.91193000,7.47864233,0.77712016,USDT
2023-12-28T23:45:00Z,SOL/USDT,stop_sell,102.29061482,7.47864233,0.76499492,USDT
2023-12-29T02:30:00Z,SOL/USDT,buy,104.53224000,7.41813523,0.77543429,USDT
2023-12-29T04:30:00Z,SOL/USDT,sell,104.34780000,7.41813523,0.77406609,USDT
2023-12-29T05:45:00Z,SOL/USDT,buy,106.49322000,7.27334347,0.77456177,USDT
2023-12-29T07:30:00Z,SOL/USDT,sell,106.90652000,7.27334347,0.77756784,USDT
2023-12-29T09:30:00Z,SOL/USDT,buy,109.00447500,7.12019883,0.77613354,USDT
2023-12-29T11:00:00Z,SOL/USDT,sell,107.88603000,7.12019883,0.76816998,USDT
2023-12-29T14:45:00Z,SOL/USDT,buy,109.27461000,7.09758251,0.77558556,USDT
2023-12-29T15:30:00Z,SOL/USDT,sell,108.11591500,7.09758251,0.76736163,USDT
2023-12-30T01:30:00Z,SOL/USDT,buy,106.94344500,7.23487229,0.77372217,USDT
2023-12-30T02:00:00Z,SOL/USDT,stop_sell,105.81813589,7.23487229,0.76558070,USDT
2023-12-30T14:15:00Z,SOL/USDT,buy,104.05200000,7.44756112,0.77493363,USDT
2023-12-30T15:15:00Z,SOL/USDT,stop_sell,103.06237161,7.44756112,0.76756331,USDT
2023-12-30T16:15:00Z,SOL/USDT,buy,104.24209500,7.42639305,0.77414277,USDT
2023-12-30T16:30:00Z,SOL/USDT,stop_sell,103.05344750,7.42639305,0.76531541,USDT
2024-01-01T09:45:00Z,SOL/USDT,buy,103.79187000,7.44561446,0.77279425,USDT
2024-01-01T11:45:00Z,SOL/USDT,sell,102.96849000,7.44561446,0.76666368,USDT
2024-01-01T13:00:00Z,SOL/USDT,buy,104.99247000,7.3622876,0.77298476,USDT
2024-01-01T14:15:00Z,SOL/USDT,sell,104.59767500,7.3622876,0.77007817,USDT
2024-01-01T16:15:00Z,SOL/USDT,buy,106.91343000,7.22103107,0.77202520,USDT
2024-01-01T17:30:00Z,SOL/USDT,stop_sell,105.70533518,7.22103107,0.76330151,USDT
2024-01-02T01:00:00Z,SOL/USDT,buy,109.97496000,7.00661046,0.77055171,USDT
2024-01-02T06:15:00Z,SOL/USDT,sell,112.38378000,7.00661046,0.78742937,USDT
2024-01-04T03:15:00Z,SOL/USDT,buy,101.57076000,7.60447727,0.77239254,USDT
2024-01-04T04:45:00Z,SOL/USDT,sell,100.52971000,7.60447727,0.76447589,USDT
2024-01-04T13:00:00Z,SOL/USDT,buy,99.22959000,7.7451588,0.76854893,USDT
2024-01-04T13:30:00Z,SOL/USDT,sell,98.78058500,7.7451588,0.76507132,USDT
2024-01-04T14:30:00Z,SOL/USDT,buy,100.59027000,7.68091104,0.77262492,USDT
2024-01-04T17:00:00Z,SOL/USDT,sell,102.04895000,7.68091104,0.78382891,USDT
2024-01-04T19:30:00Z,SOL/USDT,buy,105.87291000,7.28398293,0.77117647,USDT
2024-01-04T21:45:00Z,SOL/USDT,sell,105.37728500,7.28398293,0.76756635,USDT
2024-01-05T23:15:00Z,SOL/USDT,buy,100.37016000,7.68296783,0.77114071,USDT
2024-01-06T00:15:00Z,SOL/USDT,stop_sell,99.05437661,7.68296783,0.76103159,USDT
2024-01-06T14:30:00Z,SOL/USDT,buy,96.13804500,8.02998268,0.77198684,USDT
2024-01-06T15:30:00Z,SOL/USDT,stop_sell,94.87967929,8.02998268,0.76188218,USDT
2024-01-07T00:45:00Z,SOL/USDT,buy,95.87791500,8.00273252,0.76728531,USDT
2024-01-07T01:00:00Z,SOL/USDT,stop_sell,95.00283196,8.00273252,0.76028225,USDT
2024-01-07T08:15:00Z,SOL/USDT,buy,94.97746500,8.05263719,0.76481907,USDT
2024-01-07T08:45:00Z,SOL/USDT,sell,94.35280000,8.05263719,0.75978887,USDT
2024-01-08T12:00:00Z,SOL/USDT,buy,91.41568500,8.40494605,0.76834390,USDT
2024-01-08T15:30:00Z,SOL/USDT,sell,94.20287500,8.40494605,0.79177008,USDT
2024-01-08T18:45:00Z,SOL/USDT,buy,98.60928000,7.78783952,0.76795325,USDT
2024-01-08T20:45:00Z,SOL/USDT,sell,98.20087500,7.78783952,0.76477266,USDT
2024-01-09T03:30:00Z,SOL/USDT,buy,99.28962000,7.74715683,0.76921226,USDT
2024-01-09T07:00:00Z,SOL/USDT,sell,101.66914000,7.74715683,0.78764677,USDT
2024-01-09T21:15:00Z,SOL/USDT,buy,103.94194500,7.34482221,0.76343511,USDT
2024-01-09T21:15:00Z,SOL/USDT,stop_sell,102.87353750,7.34482221,0.75558784,USDT
2024-01-10T18:15:00Z,SOL/USDT,buy,97.04850000,7.89805742,0.76649463,USDT
2024-01-10T19:30:00Z,SOL/USDT,stop_sell,96.01018518,7.89805742,0.75829396,USDT
2024-01-10T21:15:00Z,SOL/USDT,buy,97.95895500,7.83777625,0.76778037,USDT
2024-01-11T00:15:00Z,SOL/USDT,sell,101.04945000,7.83777625,0.79200298,USDT
2024-01-11T10:30:00Z,SOL/USDT,buy,102.39117000,7.5284712,0.77084897,USDT
2024-01-11T13:45:00Z,SOL/USDT,sell,104.41776500,7.5284712,0.78610614,USDT
2024-01-13T15:45:00Z,SOL/USDT,buy,93.13654500,8.28832054,0.77194554,USDT
2024-01-13T16:45:00Z,SOL/USDT,stop_sell,92.43518786,8.28832054,0.76613247,USDT
2024-01-13T19:00:00Z,SOL/USDT,buy,93.55675500,8.24656827,0.77152217,USDT
2024-01-13T22:45:00Z,SOL/USDT,sell,95.55220000,8.24656827,0.78797774,USDT
2024-01-14T04:00:00Z,SOL/USDT,buy,96.93844500,7.96701768,0.77231031,USDT
2024-01-14T04:45:00Z,SOL/USDT,stop_sell,95.86168804,7.96701768,0.76373176,USDT
2024-01-14T06:15:00Z,SOL/USDT,buy,97.65880500,7.90240945,0.77173986,USDT
2024-01-14T07:45:00Z,SOL/USDT,sell,97.40127500,7.90240945,0.76970476,USDT
2024-01-14T14:45:00Z,SOL/USDT,buy,98.52924000,7.82810216,0.77129696,USDT
2024-01-14T18:00:00Z,SOL/USDT,sell,100.23985500,7.82810216,0.78468783,USDT
2024-01-15T18:30:00Z,SOL/USDT,buy,96.38817000,8.01593659,0.77264146,USDT
2024-01-15T20:45:00Z,SOL/USDT,sell,95.86204500,8.01593659,0.76842407,USDT
2024-01-16T07:45:00Z,SOL/USDT,buy,97.16856000,7.93127238,0.77067032,USDT
2024-01-16T10:15:00Z,SOL/USDT,sell,96.96149500,7.93127238,0.76902803,USDT
2024-01-16T21:15:00Z,SOL/USDT,buy,97.87891500,7.88649916,0.77192198,USDT
2024-01-16T23:30:00Z,SOL/USDT,sell,97.79108000,7.88649916,0.77122927,USDT
2024-01-17T01:00:00Z,SOL/USDT,buy,98.66931000,7.80565593,0.77017868,USDT
2024-01-17T04:30:00Z,SOL/USDT,sell,99.24035500,7.80565593,0.77463607,USDT
2024-01-17T10:30:00Z,SOL/USDT,buy,100.66030500,7.68663432,0.77373896,USDT
2024-01-17T14:00:00Z,SOL/USDT,sell,101.19937500,7.68663432,0.77788259,USDT
2024-01-17T21:45:00Z,SOL/USDT,buy,102.04099500,7.56432466,0.77187121,USDT
2024-01-17T22:15:00Z,SOL/USDT,stop_sell,100.98626732,7.56432466,0.76389291,USDT
2024-01-18T00:00:00Z,SOL/USDT,buy,102.13104000,7.5553812,0.77163894,USDT
2024-01-18T00:45:00Z,SOL/USDT,sell,101.02946000,7.5553812,0.76331608,USDT
2024-01-20T20:45:00Z,SOL/USDT,buy,92.97646500,8.29306801,0.77106015,USDT
2024-01-20T23:30:00Z,SOL/USDT,sell,92.51372000,8.29306801,0.76722257,USDT
2024-01-21T10:30:00Z,SOL/USDT,buy,93.81688500,8.20449143,0.76971983,USDT
2024-01-21T10:30:00Z,SOL/USDT,stop_sell,93.43718661,8.20449143,0.76660460,USDT
2024-01-22T13:15:00Z,SOL/USDT,buy,89.55475500,8.6099079,0.77105819,USDT
2024-01-22T14:00:00Z,SOL/USDT,stop_sell,88.19016857,8.6099079,0.75930923,USDT
2024-01-23T15:15:00Z,SOL/USDT,buy,82.34115000,9.35053957,0.76993418,USDT
2024-01-23T18:45:00Z,SOL/USDT,sell,81.86904500,9.35053957,0.76551974,USDT
2024-01-24T01:00:00Z,SOL/USDT,buy,85.50273000,8.98175774,0.76796481,USDT
2024-01-24T01:15:00Z,SOL/USDT,stop_sell,84.43561821,8.98175774,0.75838027,USDT
2024-01-24T07:00:00Z,SOL/USDT,buy,85.23259500,9.00613065,0.76761589,USDT
2024-01-24T09:45:00Z,SOL/USDT,sell,86.19688000,9.00613065,0.77630036,USDT
2024-01-24T10:30:00Z,SOL/USDT,buy,87.37366500,8.77075332,0.76633286,USDT
2024-01-24T11:45:00Z,SOL/USDT,sell,87.01647000,8.77075332,0.76319999,USDT
2024-01-24T12:45:00Z,SOL/USDT,buy,87.76386000,8.73155984,0.76631540,USDT
2024-01-24T12:45:00Z,SOL/USDT,stop_sell,86.94579107,8.73155984,0.75917238,USDT
2024-01-24T23:45:00Z,SOL/USDT,buy,88.77436500,8.63129912,0.76623810,USDT
2024-01-25T01:45:00Z,SOL/USDT,sell,88.22586500,8.63129912,0.76150383,USDT
2024-01-25T11:45:00Z,SOL/USDT,buy,88.99447500,8.61304437,0.76651336,USDT
2024-01-25T12:15:00Z,SOL/USDT,stop_sell,88.22515107,8.61304437,0.75988714,USDT
2024-01-26T02:30:00Z,SOL/USDT,buy,87.76386000,8.69568775,0.76316712,USDT
2024-01-26T05:15:00Z,SOL/USDT,sell,87.90602500,8.69568775,0.76440334,USDT
2024-01-26T09:45:00Z,SOL/USDT,buy,88.31413500,8.68160964,0.76670885,USDT
2024-01-26T09:45:00Z,SOL/USDT,stop_sell,87.56762286,8.68160964,0.76022792,USDT
2024-01-26T10:45:00Z,SOL/USDT,buy,89.17456500,8.5789432,0.76502353,USDT
2024-01-26T13:30:00Z,SOL/USDT,sell,90.79458000,8.5789432,0.77892154,USDT
2024-01-26T16:15:00Z,SOL/USDT,buy,92.90643000,8.25380584,0.76683163,USDT
2024-01-26T17:30:00Z,SOL/USDT,sell,92.48373500,8.25380584,0.76334279,USDT
2024-01-27T01:45:00Z,SOL/USDT,buy,92.82639000,8.24947631,0.76576911,USDT
2024-01-27T02:00:00Z,SOL/USDT,sell,92.45375000,8.24947631,0.76269502,USDT
2024-01-27T11:45:00Z,SOL/USDT,buy,91.87591500,8.30370538,0.76291053,USDT
2024-01-27T12:30:00Z,SOL/USDT,sell,91.93401000,8.30370538,0.76339293,USDT
2024-01-27T14:30:00Z,SOL/USDT,buy,92.39617500,8.28031965,0.76506986,USDT
2024-01-27T17:00:00Z,SOL/USDT,sell,92.19388000,8.28031965,0.76339480,USDT
2024-01-27T21:30:00Z,SOL/USDT,buy,93.39667500,8.20380417,0.76620803,USDT
2024-01-27T22:15:00Z,SOL/USDT,sell,93.09343000,8.20380417,0.76372027,USDT
2024-01-27T23:00:00Z,SOL/USDT,buy,93.44670000,8.1801608,0.76440903,USDT
2024-01-28T00:45:00Z,SOL/USDT,sell,93.37329000,8.1801608,0.76380853,USDT
2024-01-28T04:00:00Z,SOL/USDT,buy,96.00798000,7.96596852,0.76479655,USDT
2024-01-28T05:45:00Z,SOL/USDT,sell,95.94200500,7.96596852,0.76427099,USDT
2024-01-28T10:45:00Z,SOL/USDT,buy,98.37916500,7.76662617,0.76407420,USDT
2024-01-28T11:30:00Z,SOL/USDT,stop_sell,97.67042607,7.76662617,0.75856969,USDT
2024-01-29T03:30:00Z,SOL/USDT,buy,97.79887500,7.81095372,0.76390249,USDT
2024-01-29T04:30:00Z,SOL/USDT,sell,97.21137000,7.81095372,0.75931351,USDT
2024-01-29T15:45:00Z,SOL/USDT,buy,97.87891500,7.79557604,0.76302252,USDT
2024-01-29T18:45:00Z,SOL/USDT,sell,99.69013000,7.79557604,0.77714199,USDT
2024-01-30T00:00:00Z,SOL/USDT,buy,101.40067500,7.53326968,0.76387863,USDT
2024-01-30T00:00:00Z,SOL/USDT,stop_sell,101.00233071,7.53326968,0.76087780,USDT
2024-01-30T01:30:00Z,SOL/USDT,buy,102.19107000,7.47220265,0.76359238,USDT
2024-01-30T03:45:00Z,SOL/USDT,sell,102.35879500,7.47220265,0.76484566,USDT
2024-01-30T10:45:00Z,SOL/USDT,buy,104.22208500,7.33484035,0.76445235,USDT
2024-01-30T12:30:00Z,SOL/USDT,sell,104.68763000,7.33484035,0.76786705,USDT
2024-01-31T15:45:00Z,SOL/USDT,buy,101.23059000,7.5451085,0.76379579,USDT
2024-01-31T18:45:00Z,SOL/USDT,sell,101.56919000,7.5451085,0.76635056,USDT
2024-02-01T15:15:00Z,SOL/USDT,buy,97.16856000,7.83876846,0.76168184,USDT
2024-02-01T15:30:00Z,SOL/USDT,stop_sell,96.46674250,7.83876846,0.75618046,USDT
2024-02-02T00:30:00Z,SOL/USDT,buy,99.40968000,7.69397447,0.76485554,USDT
2024-02-02T02:15:00Z,SOL/USDT,stop_sell,98.44860821,7.69397447,0.75746108,USDT
2024-02-02T10:45:00Z,SOL/USDT,buy,102.01098000,7.48817335,0.76387590,USDT
2024-02-02T12:45:00Z,SOL/USDT,sell,101.77908500,7.48817335,0.76213943,USDT
2024-02-02T23:15:00Z,SOL/USDT,buy,100.63029000,7.58244768,0.76302391,USDT
2024-02-03T01:00:00Z,SOL/USDT,sell,100.26984000,7.58244768,0.76029082,USDT
2024-02-05T07:15:00Z,SOL/USDT,buy,96.76836000,7.87447947,0.76200046,USDT
2024-02-05T09:15:00Z,SOL/USDT,sell,97.07144000,7.87447947,0.76438706,USDT
2024-02-05T13:30:00Z,SOL/USDT,buy,98.11903500,7.76757568,0.76214703,USDT
2024-02-05T14:30:00Z,SOL/USDT,sell,97.93101000,7.76757568,0.76068653,USDT
2024-02-06T16:30:00Z,SOL/USDT,buy,96.06801000,7.93094266,0.76190988,USDT
2024-02-06T21:15:00Z,SOL/USDT,sell,97.03146000,7.93094266,0.76955095,USDT
2024-02-07T15:30:00Z,SOL/USDT,buy,96.56826000,7.88919624,0.76184595,USDT
2024-02-07T19:45:00Z,SOL/USDT,sell,97.37129000,7.88919624,0.76818121,USDT
2024-02-07T20:30:00Z,SOL/USDT,buy,98.14905000,7.78198236,0.76379418,USDT
2024-02-08T03:45:00Z,SOL/USDT,sell,101.73910500,7.78198236,0.79173192,USDT
2024-02-08T13:45:00Z,SOL/USDT,buy,102.20107500,7.48857337,0.76534025,USDT
2024-02-08T16:30:00Z,SOL/USDT,sell,103.93800500,7.48857337,0.77834738,USDT
2024-02-09T00:30:00Z,SOL/USDT,buy,103.48171500,7.39469222,0.76521543,USDT
2024-02-09T01:00:00Z,SOL/USDT,stop_sell,103.04023982,7.39469222,0.76195086,USDT
2024-02-09T02:45:00Z,SOL/USDT,buy,104.55225000,7.32026129,0.76534979,USDT
2024-02-09T03:45:00Z,SOL/USDT,stop_sell,103.97976982,7.32026129,0.76115908,USDT
2024-02-09T07:30:00Z,SOL/USDT,buy,105.28261500,7.26513283,0.76489218,USDT
2024-02-09T09:45:00Z,SOL/USDT,sell,105.02746000,7.26513283,0.76303845,USDT
2024-02-09T21:45:00Z,SOL/USDT,buy,107.19357000,7.12643971,0.76390851,USDT
2024-02-09T23:45:00Z,SOL/USDT,sell,106.94650000,7.12643971,0.76214778,USDT
2024-02-10T03:45:00Z,SOL/USDT,buy,110.18506500,6.93893235,0.76456671,USDT
2024-02-10T06:00:00Z,SOL/USDT,sell,110.07493500,6.93893235,0.76380253,USDT
2024-02-11T10:00:00Z,SOL/USDT,buy,110.11503000,6.94609902,0.76486990,USDT
2024-02-11T10:30:00Z,SOL/USDT,stop_sell,109.29354018,6.94609902,0.75916375,USDT
2024-02-11T12:15:00Z,SOL/USDT,buy,110.10502500,6.9301247,0.76304155,USDT
2024-02-11T13:00:00Z,SOL/USDT,sell,109.59517500,6.9301247,0.75950823,USDT
2024-02-12T00:30:00Z,SOL/USDT,buy,109.12453500,6.99633278,0.76347156,USDT
2024-02-12T01:00:00Z,SOL/USDT,stop_sell,108.44646393,6.99633278,0.75872755,USDT
2024-02-12T14:45:00Z,SOL/USDT,buy,106.13304000,7.16927364,0.76089681,USDT
2024-02-12T20:00:00Z,SOL/USDT,sell,109.79507500,7.16927364,0.78715094,USDT
2024-02-13T00:00:00Z,SOL/USDT,buy,111.74584500,6.8398546,0.76432533,USDT
2024-02-13T02:45:00Z,SOL/USDT,sell,113.46324000,6.8398546,0.77607206,USDT
2024-02-13T09:00:00Z,SOL/USDT,buy,114.64729500,6.66813544,0.76448369,USDT
2024-02-13T09:00:00Z,SOL/USDT,stop_sell,114.08828446,6.66813544,0.76075613,USDT
2024-02-13T21:00:00Z,SOL/USDT,buy,112.61628000,6.79294338,0.76499601,USDT
2024-02-13T22:15:00Z,SOL/USDT,sell,112.22386000,6.79294338,0.76233033,USDT
2024-02-14T05:30:00Z,SOL/USDT,buy,112.39617000,6.80507652,0.76486454,USDT
2024-02-14T13:00:00Z,SOL/USDT,sell,115.37228500,6.80507652,0.78511723,USDT
2024-02-14T13:30:00Z,SOL/USDT,buy,117.06850500,6.55462523,0.76734018,USDT
2024-02-14T15:15:00Z,SOL/USDT,sell,116.83155500,6.55462523,0.76578706,USDT
2024-02-14T22:00:00Z,SOL/USDT,buy,116.96845500,6.55083008,0.76624047,USDT
2024-02-14T22:45:00Z,SOL/USDT,sell,116.52171000,6.55083008,0.76331392,USDT
2024-02-15T00:45:00Z,SOL/USDT,buy,118.07901000,6.48397749,0.76562164,USDT
2024-02-15T01:15:00Z,SOL/USDT,stop_sell,117.28525661,6.48397749,0.76047496,USDT
2024-02-16T03:15:00Z,SOL/USDT,buy,114.21708000,6.69853891,0.76508755,USDT
2024-02-16T04:30:00Z,SOL/USDT,stop_sell,113.40791054,6.69853891,0.75966730,USDT
2024-02-16T23:30:00Z,SOL/USDT,buy,110.18506500,6.9348362,0.76411538,USDT
2024-02-17T01:30:00Z,SOL/USDT,sell,109.94500000,6.9348362,0.76245057,USDT
2024-02-17T19:30:00Z,SOL/USDT,buy,108.10402500,7.06851384,0.76413480,USDT
2024-02-17T23:15:00Z,SOL/USDT,sell,108.99547500,7.06851384,0.77043602,USDT
2024-02-18T05:45:00Z,SOL/USDT,buy,109.65480000,6.97331773,0.76465776,USDT
2024-02-18T06:15:00Z,SOL/USDT,stop_sell,109.07829071,6.97331773,0.76063758,USDT
2024-02-18T09:30:00Z,SOL/USDT,buy,110.22508500,6.94834881,0.76588234,USDT
2024-02-18T12:45:00Z,SOL/USDT,sell,111.23435500,6.94834881,0.77289510,USDT
2024-02-18T15:45:00Z,SOL/USDT,buy,112.24609500,6.80621519,0.76397108,USDT
2024-02-18T16:30:00Z,SOL/USDT,sell,111.88403000,6.80621519,0.76150678,USDT
2024-02-18T17:00:00Z,SOL/USDT,buy,112.72633500,6.76901224,0.76304594,USDT
2024-02-18T18:15:00Z,SOL/USDT,sell,112.79357500,6.76901224,0.76350109,USDT
2024-02-19T06:30:00Z,SOL/USDT,buy,112.55625000,6.7899112,0.76424694,USDT
2024-02-19T07:00:00Z,SOL/USDT,stop_sell,111.87082232,6.7899112,0.75959295,USDT
2024-02-19T13:15:00Z,SOL/USDT,buy,114.15705000,6.69212574,0.76395333,USDT
2024-02-19T13:15:00Z,SOL/USDT,stop_sell,113.04273607,6.69212574,0.75649620,USDT
2024-02-19T15:15:00Z,SOL/USDT,buy,113.93694000,6.68407167,0.76156267,USDT
2024-02-19T16:30:00Z,SOL/USDT,sell,113.45324500,6.68407167,0.75832962,USDT
2024-02-20T07:00:00Z,SOL/USDT,buy,110.77536000,6.87165187,0.76120971,USDT
2024-02-20T07:15:00Z,SOL/USDT,stop_sell,110.39798768,6.87165187,0.75861654,USDT
2024-02-20T14:00:00Z,SOL/USDT,buy,110.58526500,6.89416668,0.76239325,USDT
2024-02-20T14:00:00Z,SOL/USDT,stop_sell,109.57804071,6.89416668,0.75544928,USDT
2024-02-22T08:15:00Z,SOL/USDT,buy,105.67281000,7.18243567,0.75898816,USDT
2024-02-22T08:15:00Z,SOL/USDT,stop_sell,105.15953679,7.18243567,0.75530161,USDT
2024-02-24T09:30:00Z,SOL/USDT,buy,102.61128000,7.40919553,0.76026704,USDT
2024-02-24T10:45:00Z,SOL/USDT,sell,102.16889000,7.40919553,0.75698928,USDT
2024-02-24T17:45:00Z,SOL/USDT,buy,103.74184500,7.34466572,0.76194917,USDT
2024-02-24T21:45:00Z,SOL/USDT,sell,104.18788000,7.34466572,0.76522515,USDT
2024-02-25T14:45:00Z,SOL/USDT,buy,103.29162000,7.35098669,0.75929532,USDT
2024-02-25T15:30:00Z,SOL/USDT,stop_sell,103.00382946,7.35098669,0.75717978,USDT
2024-02-26T01:30:00Z,SOL/USDT,buy,104.15205000,7.30090293,0.76040401,USDT
2024-02-26T01:45:00Z,SOL/USDT,stop_sell,103.50108071,7.30090293,0.75565134,USDT
2024-02-26T15:00:00Z,SOL/USDT,buy,103.53174000,7.34262209,0.76019444,USDT
2024-02-26T21:15:00Z,SOL/USDT,sell,108.79557500,7.34262209,0.79884479,USDT
2024-02-27T01:00:00Z,SOL/USDT,buy,110.86540500,6.87686476,0.76240640,USDT
2024-02-27T02:00:00Z,SOL/USDT,sell,110.44475000,6.87686476,0.75951361,USDT
2024-02-27T12:45:00Z,SOL/USDT,buy,111.62578500,6.82873858,0.76226330,USDT
2024-02-27T12:45:00Z,SOL/USDT,stop_sell,110.81456500,6.82873858,0.75672370,USDT
2024-02-28T08:15:00Z,SOL/USDT,buy,109.61478000,6.94624338,0.76141094,USDT
2024-02-28T08:15:00Z,SOL/USDT,stop_sell,109.13576196,6.94624338,0.75808356,USDT
2024-02-28T09:00:00Z,SOL/USDT,buy,110.52523500,6.89305897,0.76185696,USDT
2024-02-28T09:00:00Z,SOL/USDT,stop_sell,109.83219929,6.89305897,0.75707983,USDT
2024-02-28T09:45:00Z,SOL/USDT,buy,111.63579000,6.82058384,0.76142127,USDT
2024-02-28T11:45:00Z,SOL/USDT,stop_sell,110.70997446,6.82058384,0.75510666,USDT
2024-02-28T16:15:00Z,SOL/USDT,buy,115.15755000,6.60251866,0.76032987,USDT
2024-02-28T17:15:00Z,SOL/USDT,stop_sell,113.26262607,6.60251866,0.74781860,USDT
2024-02-29T00:00:00Z,SOL/USDT,buy,118.15905000,6.42811358,0.75953979,USDT
2024-02-29T06:45:00Z,SOL/USDT,sell,122.77858000,6.42811358,0.78923466,USDT
2024-02-29T08:15:00Z,SOL/USDT,buy,126.06300000,6.04346176,0.76185692,USDT
2024-02-29T10:30:00Z,SOL/USDT,sell,127.94599500,6.04346176,0.77323673,USDT
2024-02-29T13:45:00Z,SOL/USDT,buy,133.96695000,5.69235874,0.76258794,USDT
2024-02-29T14:45:00Z,SOL/USDT,stop_sell,131.57168125,5.69235874,0.74895321,USDT
2024-03-01T11:45:00Z,SOL/USDT,buy,134.88741000,5.64494925,0.76143258,USDT
2024-03-01T12:30:00Z,SOL/USDT,sell,134.06293500,5.64494925,0.75677846,USDT
2024-03-03T01:45:00Z,SOL/USDT,buy,130.22508000,5.83294939,0.75959630,USDT
2024-03-03T02:15:00Z,SOL/USDT,sell,129.67513000,5.83294939,0.75638847,USDT
2024-03-03T09:30:00Z,SOL/USDT,buy,130.22508000,5.84035315,0.76056046,USDT
2024-03-03T11:00:00Z,SOL/USDT,sell,128.97548000,5.84035315,0.75326235,USDT
2024-03-03T16:15:00Z,SOL/USDT,buy,129.81487500,5.8633167,0.76114572,USDT
2024-03-03T19:45:00Z,SOL/USDT,sell,130.02495500,5.8633167,0.76237749,USDT
2024-03-04T00:30:00Z,SOL/USDT,buy,132.05599500,5.75342478,0.75977423,USDT
2024-03-04T00:45:00Z,SOL/USDT,stop_sell,130.69069339,5.75342478,0.75191907,USDT
2024-03-04T09:30:00Z,SOL/USDT,buy,132.19606500,5.74209281,0.75908207,USDT
2024-03-04T10:30:00Z,SOL/USDT,stop_sell,131.05087036,5.74209281,0.75250626,USDT
2024-03-04T23:15:00Z,SOL/USDT,buy,131.47570500,5.77566271,0.75935933,USDT
2024-03-05T01:00:00Z,SOL/USDT,sell,131.12440500,5.77566271,0.75733034,USDT
2024-03-05T13:30:00Z,SOL/USDT,buy,132.06600000,5.74069755,0.75815096,USDT
2024-03-05T16:15:00Z,SOL/USDT,sell,133.85304000,5.74069755,0.76840982,USDT
2024-03-06T05:45:00Z,SOL/USDT,buy,128.64429000,5.89928179,0.75890892,USDT
2024-03-06T09:15:00Z,SOL/USDT,sell,132.04394500,5.89928179,0.77896444,USDT
2024-03-06T18:00:00Z,SOL/USDT,buy,129.79486500,5.84488595,0.75863618,USDT
2024-03-06T18:45:00Z,SOL/USDT,sell,129.15539000,5.84488595,0.75489852,USDT
2024-03-07T00:45:00Z,SOL/USDT,buy,132.82638000,5.72109051,0.75991174,USDT
2024-03-07T05:00:00Z,SOL/USDT,sell,137.74109500,5.72109051,0.78802927,USDT
2024-03-07T09:00:00Z,SOL/USDT,buy,140.07000000,5.44041102,0.76203837,USDT
2024-03-07T10:45:00Z,SOL/USDT,sell,139.09042000,5.44041102,0.75670905,USDT
2024-03-07T11:30:00Z,SOL/USDT,buy,143.57175000,5.30390034,0.76149025,USDT
2024-03-07T11:30:00Z,SOL/USDT,stop_sell,141.46637429,5.30390034,0.75032355,USDT
2024-03-07T13:45:00Z,SOL/USDT,buy,144.42217500,5.26965763,0.76105542,USDT
2024-03-07T14:00:00Z,SOL/USDT,stop_sell,141.42746518,5.26965763,0.74527432,USDT
2024-03-07T14:30:00Z,SOL/USDT,buy,146.48320500,5.18210794,0.75909178,USDT
2024-03-07T16:00:00Z,SOL/USDT,sell,145.34729000,5.18210794,0.75320535,USDT
2024-03-08T11:30:00Z,SOL/USDT,buy,146.82337500,5.15798425,0.75731266,USDT
2024-03-08T13:30:00Z,SOL/USDT,sell,147.87602500,5.15798425,0.76274221,USDT
2024-03-08T15:00:00Z,SOL/USDT,buy,152.19606000,5.00153841,0.76121444,USDT
2024-03-08T15:15:00Z,SOL/USDT,stop_sell,149.62372214,5.00153841,0.74834879,USDT
2024-03-09T05:45:00Z,SOL/USDT,buy,147.94393500,5.12856066,0.75873944,USDT
2024-03-09T08:45:00Z,SOL/USDT,sell,147.88602000,5.12856066,0.75844242,USDT
2024-03-09T22:15:00Z,SOL/USDT,buy,146.03298000,5.17842919,0.75622145,USDT
2024-03-09T22:30:00Z,SOL/USDT,stop_sell,145.36585214,5.17842919,0.75276677,USDT
2024-03-10T08:00:00Z,SOL/USDT,buy,148.37415000,5.10277167,0.75711941,USDT
2024-03-10T08:30:00Z,SOL/USDT,sell,147.67612500,5.10277167,0.75355755,USDT
2024-03-11T07:15:00Z,SOL/USDT,buy,144.69231000,5.22981078,0.75671340,USDT
2024-03-11T12:00:00Z,SOL/USDT,sell,148.14589000,5.22981078,0.77477497,USDT
2024-03-12T02:30:00Z,SOL/USDT,buy,150.99546000,5.03126132,0.75969762,USDT
2024-03-12T04:00:00Z,SOL/USDT,sell,150.84454000,5.03126132,0.75893830,USDT
2024-03-12T23:45:00Z,SOL/USDT,buy,151.07550000,5.01639341,0.75785414,USDT
2024-03-13T00:30:00Z,SOL/USDT,stop_sell,149.59338018,5.01639341,0.75041925,USDT
2024-03-13T05:30:00Z,SOL/USDT,buy,152.38615500,4.97639213,0.75833326,USDT
2024-03-13T07:30:00Z,SOL/USDT,stop_sell,150.88023643,4.97639213,0.75083922,USDT
2024-03-13T11:15:00Z,SOL/USDT,buy,153.19656000,4.93756331,0.75641771,USDT
2024-03-13T12:45:00Z,SOL/USDT,sell,152.71360500,4.93756331,0.75403309,USDT
2024-03-13T15:00:00Z,SOL/USDT,buy,155.07750000,4.87566509,0.75610595,USDT
2024-03-13T20:45:00Z,SOL/USDT,sell,159.69011500,4.87566509,0.77859552,USDT
2024-03-13T21:30:00Z,SOL/USDT,buy,162.87139500,4.6520759,0.75769009,USDT
2024-03-13T22:30:00Z,SOL/USDT,stop_sell,160.92949500,4.6520759,0.74865623,USDT
2024-03-14T09:15:00Z,SOL/USDT,buy,172.11601500,4.39810058,0.75698355,USDT
2024-03-14T11:00:00Z,SOL/USDT,stop_sell,170.25529048,4.39810058,0.74879989,USDT
2024-03-15T00:30:00Z,SOL/USDT,buy,178.83937500,4.22628254,0.75582573,USDT
2024-03-15T02:30:00Z,SOL/USDT,sell,180.80955000,4.22628254,0.76415224,USDT
2024-03-15T13:45:00Z,SOL/USDT,buy,181.54072500,4.15246859,0.75384216,USDT
2024-03-15T16:15:00Z,SOL/USDT,sell,179.69011000,4.15246859,0.74615754,USDT
2024-03-15T18:45:00Z,SOL/USDT,buy,186.41316000,4.05536636,0.75597366,USDT
2024-03-15T19:45:00Z,SOL/USDT,stop_sell,182.62864000,4.05536636,0.74062604,USDT
2024-03-16T03:45:00Z,SOL/USDT,buy,188.46418500,4.00407879,0.75462545,USDT
2024-03-16T04:00:00Z,SOL/USDT,stop_sell,185.69710500,4.00407879,0.74354584,USDT
2024-03-16T04:45:00Z,SOL/USDT,buy,188.55423000,3.99682744,0.75361872,USDT
2024-03-16T05:15:00Z,SOL/USDT,stop_sell,185.68639607,3.99682744,0.74215648,USDT
2024-03-16T05:45:00Z,SOL/USDT,buy,192.25608000,3.91427101,0.75254240,USDT
2024-03-16T06:30:00Z,SOL/USDT,stop_sell,189.32172036,3.91427101,0.74105652,USDT
2024-03-17T10:30:00Z,SOL/USDT,buy,191.60575500,3.91742947,0.75060203,USDT
2024-03-17T12:30:00Z,SOL/USDT,sell,190.24483000,3.91742947,0.74527070,USDT
2024-03-17T15:45:00Z,SOL/USDT,buy,195.25758000,3.84637932,0.75103472,USDT
2024-03-17T19:00:00Z,SOL/USDT,sell,195.46222000,3.84637932,0.75182184,USDT
2024-03-17T22:45:00Z,SOL/USDT,buy,201.97093500,3.71842292,0.75101335,USDT
2024-03-18T00:00:00Z,SOL/USDT,stop_sell,199.97032196,3.71842292,0.74357423,USDT
2024-03-18T09:45:00Z,SOL/USDT,buy,206.60325000,3.63122987,0.75022389,USDT
2024-03-18T12:15:00Z,SOL/USDT,sell,207.05642000,3.63122987,0.75186946,USDT
2024-03-19T12:45:00Z,SOL/USDT,buy,185.71281000,4.03954343,0.75019496,USDT
2024-03-19T13:45:00Z,SOL/USDT,stop_sell,179.99424357,4.03954343,0.72709456,USDT
2024-03-20T18:15:00Z,SOL/USDT,buy,177.58875000,4.20756249,0.74721576,USDT
2024-03-21T00:30:00Z,SOL/USDT,sell,189.30530000,4.20756249,0.79651388,USDT
2024-03-23T14:45:00Z,SOL/USDT,buy,178.18905000,4.22074443,0.75209044,USDT
2024-03-23T15:00:00Z,SOL/USDT,stop_sell,176.68197196,4.22074443,0.74572945,USDT
2024-03-24T12:45:00Z,SOL/USDT,buy,175.86789000,4.27482002,0.75180358,USDT
2024-03-24T16:00:00Z,SOL/USDT,sell,176.43174000,4.27482002,0.75421393,USDT
2024-03-24T20:30:00Z,SOL/USDT,buy,177.98895000,4.2225995,0.75157605,USDT
2024-03-25T00:00:00Z,SOL/USDT,sell,183.20835000,4.2225995,0.77361549,USDT
2024-03-25T07:00:00Z,SOL/USDT,buy,187.83387000,4.00680948,0.75261453,USDT
2024-03-25T07:45:00Z,SOL/USDT,stop_sell,186.33178750,4.00680948,0.74659597,USDT
2024-03-25T10:15:00Z,SOL/USDT,buy,190.35513000,3.95893654,0.75360388,USDT
2024-03-25T11:30:00Z,SOL/USDT,sell,188.55567500,3.95893654,0.74647995,USDT
2024-03-25T14:30:00Z,SOL/USDT,buy,193.44667500,3.87535077,0.74967372,USDT
2024-03-25T14:30:00Z,SOL/USDT,stop_sell,191.74657875,3.87535077,0.74308525,USDT
2024-03-26T05:15:00Z,SOL/USDT,buy,194.63727000,3.86047056,0.75139145,USDT
2024-03-26T06:15:00Z,SOL/USDT,sell,193.66312000,3.86047056,0.74763077,USDT
2024-03-27T20:30:00Z,SOL/USDT,buy,184.24207500,4.06765,0.74943228,USDT
2024-03-27T22:00:00Z,SOL/USDT,sell,184.27781500,4.06765,0.74957765,USDT
2024-03-27T23:00:00Z,SOL/USDT,buy,186.99345000,4.01504954,0.75078797,USDT
2024-03-27T23:00:00Z,SOL/USDT,stop_sell,185.79812589,4.01504954,0.74598868,USDT
2024-03-28T00:30:00Z,SOL/USDT,buy,187.28359500,4.00570956,0.75020369,USDT
2024-03-28T00:30:00Z,SOL/USDT,stop_sell,185.79312839,4.00570956,0.74423331,USDT
2024-03-28T08:30:00Z,SOL/USDT,buy,187.45368000,3.99888763,0.74960620,USDT
2024-03-28T10:15:00Z,SOL/USDT,sell,187.16637000,3.99888763,0.74845728,USDT
2024-03-28T15:00:00Z,SOL/USDT,buy,188.98444500,3.95950642,0.74828512,USDT
2024-03-28T15:15:00Z,SOL/USDT,stop_sell,187.23133750,3.95950642,0.74134368,USDT
2024-03-28T23:00:00Z,SOL/USDT,buy,189.92491500,3.94218692,0.74871952,USDT
2024-03-29T00:15:00Z,SOL/USDT,sell,188.69560500,3.94218692,0.74387335,USDT
2024-03-29T14:45:00Z,SOL/USDT,buy,189.11451000,3.95660675,0.74825175,USDT
2024-03-29T15:00:00Z,SOL/USDT,stop_sell,187.83068054,3.95660675,0.74317214,USDT
2024-03-29T20:30:00Z,SOL/USDT,buy,189.37464000,3.94505917,0.74709416,USDT
2024-03-29T21:15:00Z,SOL/USDT,stop_sell,188.12731786,3.94505917,0.74217340,USDT
2024-03-29T22:30:00Z,SOL/USDT,buy,190.49520000,3.9105606,0.74494302,USDT
2024-03-30T00:30:00Z,SOL/USDT,sell,190.60465000,3.9105606,0.74537103,USDT
2024-03-30T04:45:00Z,SOL/USDT,buy,196.03797000,3.81074138,0.74705000,USDT
2024-03-30T07:30:00Z,SOL/USDT,sell,196.62164000,3.81074138,0.74927422,USDT
2024-03-31T08:00:00Z,SOL/USDT,buy,197.28859500,3.79303639,0.74832282,USDT
2024-03-31T09:15:00Z,SOL/USDT,stop_sell,195.80169304,3.79303639,0.74268295,USDT
2024-03-31T13:45:00Z,SOL/USDT,buy,197.31861000,3.78456425,0.74676496,USDT
2024-03-31T15:00:00Z,SOL/USDT,sell,196.68161000,3.78456425,0.74435419,USDT
2024-03-31T19:00:00Z,SOL/USDT,buy,198.23907000,3.76446141,0.74626333,USDT
2024-03-31T20:45:00Z,SOL/USDT,sell,199.02044000,3.76446141,0.74920477,USDT
2024-03-31T23:30:00Z,SOL/USDT,buy,202.15102500,3.69255091,0.74645295,USDT
2024-04-01T00:30:00Z,SOL/USDT,stop_sell,200.79169679,3.69255091,0.74143356,USDT
2024-04-01T01:30:00Z,SOL/USDT,buy,204.05197500,3.65523647,0.74585822,USDT
2024-04-01T01:45:00Z,SOL/USDT,stop_sell,202.44301357,3.65523647,0.73997709,USDT
2024-04-03T02:00:00Z,SOL/USDT,buy,185.18254500,4.01994669,0.74442396,USDT
2024-04-03T08:00:00Z,SOL/USDT,sell,189.46522000,4.01994669,0.76164008,USDT
2024-04-04T12:30:00Z,SOL/USDT,buy,186.86338500,3.99546413,0.74660595,USDT
2024-04-04T14:30:00Z,SOL/USDT,sell,187.91599500,3.99546413,0.75081162,USDT
2024-04-06T16:15:00Z,SOL/USDT,buy,177.50871000,4.20679509,0.74674277,USDT
2024-04-06T19:00:00Z,SOL/USDT,sell,177.34128500,4.20679509,0.74603845,USDT
2024-04-07T02:15:00Z,SOL/USDT,buy,181.97094000,4.09748952,0.74562402,USDT
2024-04-07T04:15:00Z,SOL/USDT,sell,180.98946000,4.09748952,0.74160242,USDT
2024-04-07T11:30:00Z,SOL/USDT,buy,180.63027000,4.1306808,0.74612599,USDT
2024-04-07T12:30:00Z,SOL/USDT,stop_sell,179.72580643,4.1306808,0.74238994,USDT
2024-04-07T15:15:00Z,SOL/USDT,buy,181.75083000,4.09614831,0.74447836,USDT
2024-04-07T15:30:00Z,SOL/USDT,stop_sell,181.13974196,4.09614831,0.74197525,USDT
2024-04-08T08:00:00Z,SOL/USDT,buy,180.14002500,4.14150859,0.74605146,USDT
2024-04-08T11:45:00Z,SOL/USDT,sell,182.26882000,4.14150859,0.75486788,USDT
2024-04-10T22:30:00Z,SOL/USDT,buy,174.55723500,4.28088202,0.74725893,USDT
2024-04-11T00:00:00Z,SOL/USDT,stop_sell,172.76036232,4.28088202,0.73956673,USDT
2024-04-11T06:15:00Z,SOL/USDT,buy,174.18705000,4.2783854,0.74523933,USDT
2024-04-11T08:15:00Z,SOL/USDT,sell,174.94248500,4.2783854,0.74847137,USDT
2024-04-11T15:00:00Z,SOL/USDT,buy,173.52672000,4.28657057,0.74383453,USDT
2024-04-11T16:30:00Z,SOL/USDT,sell,172.63364000,4.28657057,0.74000628,USDT
2024-04-11T17:45:00Z,SOL/USDT,buy,175.06749000,4.24625605,0.74338139,USDT
2024-04-11T20:00:00Z,SOL/USDT,sell,174.63264000,4.24625605,0.74153490,USDT
2024-04-12T05:00:00Z,SOL/USDT,buy,174.55723500,4.27398499,0.74605500,USDT
2024-04-12T06:30:00Z,SOL/USDT,sell,174.36277500,4.27398499,0.74522388,USDT
2024-04-14T18:45:00Z,SOL/USDT,buy,141.75084000,5.21683044,0.73949010,USDT
2024-04-14T21:00:00Z,SOL/USDT,sell,141.03944500,5.21683044,0.73577887,USDT
2024-04-14T22:15:00Z,SOL/USDT,buy,146.57325000,5.10056769,0.74760678,USDT
2024-04-15T01:00:00Z,SOL/USDT,sell,148.21585500,5.10056769,0.75598500,USDT
2024-04-15T06:00:00Z,SOL/USDT,buy,151.79586000,4.9042155,0.74443961,USDT
2024-04-15T09:00:00Z,SOL/USDT,sell,153.22335000,4.9042155,0.75144033,USDT
2024-04-17T04:45:00Z,SOL/USDT,buy,139.73983500,5.32921234,0.74470325,USDT
2024-04-17T06:00:00Z,SOL/USDT,sell,139.46023500,5.32921234,0.74321321,USDT
2024-04-18T03:15:00Z,SOL/USDT,buy,136.44819000,5.45756099,0.74467432,USDT
2024-04-18T05:00:00Z,SOL/USDT,sell,134.36278500,5.45756099,0.73329309,USDT
2024-04-18T11:15:00Z,SOL/USDT,buy,134.85739500,5.5220765,0.74469285,USDT
2024-04-18T12:30:00Z,SOL/USDT,sell,133.79307000,5.5220765,0.73881557,USDT
2024-04-18T14:15:00Z,SOL/USDT,buy,138.38916000,5.37089361,0.74327346,USDT
2024-04-18T17:30:00Z,SOL/USDT,sell,138.95049000,5.37089361,0.74628830,USDT
2024-04-18T22:45:00Z,SOL/USDT,buy,142.99146000,5.2003242,0.74360195,USDT
2024-04-19T00:00:00Z,SOL/USDT,stop_sell,141.52420250,5.2003242,0.73597174,USDT
2024-04-19T07:00:00Z,SOL/USDT,buy,144.89241000,5.13982089,0.74472104,USDT
2024-04-19T09:45:00Z,SOL/USDT,sell,143.18837000,5.13982089,0.73596258,USDT
2024-04-19T11:45:00Z,SOL/USDT,buy,145.26259500,5.10586326,0.74169095,USDT
2024-04-19T12:00:00Z,SOL/USDT,stop_sell,143.40147768,5.10586326,0.73218834,USDT
2024-04-20T14:15:00Z,SOL/USDT,buy,142.79136000,5.17392779,0.73879219,USDT
2024-04-20T14:30:00Z,SOL/USDT,stop_sell,142.17709018,5.17392779,0.73561400,USDT
2024-04-20T15:45:00Z,SOL/USDT,buy,144.99246000,5.10815788,0.74064438,USDT
2024-04-20T21:30:00Z,SOL/USDT,sell,151.03444500,5.10815788,0.77150779,USDT
2024-04-21T03:15:00Z,SOL/USDT,buy,152.94643500,4.85688238,0.74284285,USDT
2024-04-21T03:15:00Z,SOL/USDT,stop_sell,151.28931750,4.85688238,0.73479442,USDT
2024-04-21T21:15:00Z,SOL/USDT,buy,150.55524000,4.93026316,0.74227695,USDT
2024-04-21T21:30:00Z,SOL/USDT,stop_sell,149.42596393,4.93026316,0.73670933,USDT
2024-04-22T06:15:00Z,SOL/USDT,buy,154.63728000,4.79396135,0.74132514,USDT
2024-04-22T07:45:00Z,SOL/USDT,sell,153.66313000,4.79396135,0.73665511,USDT
2024-04-22T14:15:00Z,SOL/USDT,buy,154.89741000,4.78520914,0.74121650,USDT
2024-04-22T14:45:00Z,SOL/USDT,sell,153.74309000,4.78520914,0.73569284,USDT
2024-04-22T22:15:00Z,SOL/USDT,buy,156.53823000,4.73055399,0.74051255,USDT
2024-04-23T02:00:00Z,SOL/USDT,sell,157.64114000,4.73055399,0.74572992,USDT
2024-04-23T14:00:00Z,SOL/USDT,buy,156.17805000,4.74337583,0.74081119,USDT
2024-04-23T18:15:00Z,SOL/USDT,sell,158.73059500,4.74337583,0.75291887,USDT
2024-04-24T05:00:00Z,SOL/USDT,buy,159.22957500,4.65780762,0.74166073,USDT
2024-04-24T05:30:00Z,SOL/USDT,stop_sell,157.91278982,4.65780762,0.73552740,USDT
2024-04-25T16:00:00Z,SOL/USDT,buy,147.98395500,5.00764818,0.74105158,USDT
2024-04-25T18:45:00Z,SOL/USDT,sell,147.91600500,5.00764818,0.74071131,USDT
2024-04-26T14:15:00Z,SOL/USDT,buy,145.90291500,5.06903607,0.73958714,USDT
2024-04-26T14:30:00Z,SOL/USDT,stop_sell,144.65799196,5.06903607,0.73327658,USDT
2024-04-27T12:15:00Z,SOL/USDT,buy,137.03848500,5.39570339,0.73941902,USDT
2024-04-27T15:45:00Z,SOL/USDT,sell,137.31131000,5.39570339,0.74089110,USDT
2024-04-27T17:45:00Z,SOL/USDT,buy,140.83038000,5.25991432,0.74075573,USDT
2024-04-27T18:15:00Z,SOL/USDT,stop_sell,139.60801821,5.25991432,0.73432621,USDT
2024-04-28T01:30:00Z,SOL/USDT,buy,142.45119000,5.19266544,0.73970137,USDT
2024-04-28T04:15:00Z,SOL/USDT,sell,143.45823500,5.19266544,0.74493062,USDT
2024-04-29T15:00:00Z,SOL/USDT,buy,136.75834500,5.40746763,0.73951632,USDT
2024-04-29T16:30:00Z,SOL/USDT,sell,135.68212500,5.40746763,0.73369670,USDT
2024-04-29T22:30:00Z,SOL/USDT,buy,136.76835000,5.4059687,0.73936542,USDT
2024-04-30T00:15:00Z,SOL/USDT,sell,136.95149000,5.4059687,0.74035547,USDT
2024-04-30T00:45:00Z,SOL/USDT,buy,138.61927500,5.33388731,0.73937959,USDT
2024-04-30T01:45:00Z,SOL/USDT,sell,138.12090500,5.33388731,0.73672134,USDT
2024-05-01T18:15:00Z,SOL/USDT,buy,129.26460000,5.70808346,0.73785313,USDT
2024-05-01T20:00:00Z,SOL/USDT,sell,129.99497000,5.70808346,0.74202214,USDT
2024-05-02T07:15:00Z,SOL/USDT,buy,131.35564500,5.61856373,0.73803006,USDT
2024-05-02T10:45:00Z,SOL/USDT,sell,133.66313500,5.61856373,0.75099484,USDT
2024-05-02T11:00:00Z,SOL/USDT,buy,134.54724000,5.49557381,0.73941429,USDT
2024-05-02T13:15:00Z,SOL/USDT,sell,136.63165000,5.49557381,0.75086932,USDT
2024-05-03T12:45:00Z,SOL/USDT,buy,140.90041500,5.25515449,0.74045345,USDT
2024-05-03T15:15:00Z,SOL/USDT,sell,141.58917000,5.25515449,0.74407296,USDT
2024-05-03T20:30:00Z,SOL/USDT,buy,144.49221000,5.12897916,0.74109753,USDT
2024-05-03T21:15:00Z,SOL/USDT,stop_sell,143.43967286,5.12897916,0.73569909,USDT
2024-05-04T04:15:00Z,SOL/USDT,buy,145.44268500,5.09974611,0.74172077,USDT
2024-05-04T05:15:00Z,SOL/USDT,stop_sell,144.09934286,5.09974611,0.73487006,USDT
2024-05-04T11:00:00Z,SOL/USDT,buy,148.06399500,4.98289177,0.73778686,USDT
2024-05-04T11:15:00Z,SOL/USDT,stop_sell,147.43945768,4.98289177,0.73467486,USDT
2024-05-04T18:45:00Z,SOL/USDT,buy,146.97345000,5.02545696,0.73860875,USDT
2024-05-04T21:30:00Z,SOL/USDT,stop_sell,146.18722696,5.02545696,0.73465762,USDT
2024-05-05T14:45:00Z,SOL/USDT,buy,146.90341500,5.02592365,0.73832535,USDT
2024-05-05T16:15:00Z,SOL/USDT,sell,146.72660000,5.02592365,0.73743669,USDT
2024-05-06T01:00:00Z,SOL/USDT,buy,147.07350000,5.02463672,0.73899091,USDT
2024-05-06T03:00:00Z,SOL/USDT,sell,146.57667500,5.02463672,0.73649454,USDT
2024-05-06T08:30:00Z,SOL/USDT,buy,153.39666000,4.80069816,0.73641106,USDT
2024-05-06T10:30:00Z,SOL/USDT,stop_sell,152.36734964,4.80069816,0.73146966,USDT
2024-05-06T20:45:00Z,SOL/USDT,buy,154.62727500,4.76636695,0.73701033,USDT
2024-05-06T22:45:00Z,SOL/USDT,sell,154.40276000,4.76636695,0.73594021,USDT
2024-05-07T01:45:00Z,SOL/USDT,buy,155.27760000,4.75185031,0.73785591,USDT
2024-05-07T03:15:00Z,SOL/USDT,stop_sell,153.76986232,4.75185031,0.73069137,USDT
2024-05-07T08:30:00Z,SOL/USDT,buy,156.76834500,4.70315665,0.73730608,USDT
2024-05-07T10:15:00Z,SOL/USDT,sell,156.67162500,4.70315665,0.73685119,USDT
2024-05-08T14:00:00Z,SOL/USDT,buy,147.79386000,4.98775947,0.73716022,USDT
2024-05-08T15:00:00Z,SOL/USDT,stop_sell,146.29253143,4.98775947,0.72967196,USDT
2024-05-09T15:15:00Z,SOL/USDT,buy,146.33313000,5.02509927,0.73533850,USDT
2024-05-09T17:00:00Z,SOL/USDT,sell,146.07692500,5.02509927,0.73405105,USDT
2024-05-09T20:00:00Z,SOL/USDT,buy,150.68530500,4.87868197,0.73514568,USDT
2024-05-09T20:30:00Z,SOL/USDT,stop_sell,149.47700982,4.87868197,0.72925079,USDT
2024-05-09T22:15:00Z,SOL/USDT,buy,151.95594000,4.84138895,0.73567781,USDT
2024-05-10T00:30:00Z,SOL/USDT,sell,151.70411000,4.84138895,0.73445860,USDT
2024-05-10T07:00:00Z,SOL/USDT,buy,154.44718500,4.75787486,0.73484038,USDT
2024-05-10T08:15:00Z,SOL/USDT,sell,153.60316000,4.75787486,0.73082461,USDT
2024-05-11T15:15:00Z,SOL/USDT,buy,146.11302000,5.02987835,0.73493072,USDT
2024-05-11T15:30:00Z,SOL/USDT,stop_sell,145.15345839,5.02987835,0.73010424,USDT
2024-05-12T16:30:00Z,SOL/USDT,buy,146.14303500,5.01886977,0.73347286,USDT
2024-05-12T17:00:00Z,SOL/USDT,stop_sell,145.46116161,5.01886977,0.73005063,USDT
2024-05-13T08:15:00Z,SOL/USDT,buy,144.92242500,5.06258561,0.73368218,USDT
2024-05-13T11:15:00Z,SOL/USDT,sell,145.13739500,5.06258561,0.73477049,USDT
2024-05-13T14:30:00Z,SOL/USDT,buy,147.01347000,4.99107466,0.73375520,USDT
2024-05-13T14:45:00Z,SOL/USDT,sell,146.18687000,4.99107466,0.72962958,USDT
2024-05-13T15:45:00Z,SOL/USDT,buy,147.49371000,4.97044628,0.73310956,USDT
2024-05-13T17:30:00Z,SOL/USDT,sell,147.73609500,4.97044628,0.73431432,USDT
2024-05-14T12:15:00Z,SOL/USDT,buy,148.21407000,4.94515724,0.73294188,USDT
2024-05-14T12:15:00Z,SOL/USDT,stop_sell,147.22242339,4.94515724,0.72803803,USDT
2024-05-15T10:00:00Z,SOL/USDT,buy,145.27260000,5.0517959,0.73388753,USDT
2024-05-15T11:00:00Z,SOL/USDT,sell,144.58767000,5.0517959,0.73042740,USDT
2024-05-15T12:45:00Z,SOL/USDT,buy,148.25409000,4.958801,0.73516253,USDT
2024-05-15T18:45:00Z,SOL/USDT,sell,152.88352000,4.958801,0.75811895,USDT
2024-05-15T19:45:00Z,SOL/USDT,buy,154.96744500,4.73809813,0.73425096,USDT
2024-05-15T22:00:00Z,SOL/USDT,sell,155.28232000,4.73809813,0.73574287,USDT
2024-05-15T23:45:00Z,SOL/USDT,buy,158.19906000,4.64102809,0.73420628,USDT
2024-05-16T05:30:00Z,SOL/USDT,sell,161.28931500,4.64102809,0.74854824,USDT
2024-05-16T10:00:00Z,SOL/USDT,buy,164.49220500,4.47327597,0.73581903,USDT
2024-05-16T10:30:00Z,SOL/USDT,stop_sell,163.20014482,4.47327597,0.73003929,USDT
2024-05-17T06:00:00Z,SOL/USDT,buy,163.63177500,4.49629476,0.73573669,USDT
2024-05-17T10:15:00Z,SOL/USDT,sell,167.58616500,4.49629476,0.75351680,USDT
2024-05-17T15:30:00Z,SOL/USDT,buy,169.67479500,4.34209732,0.73674447,USDT
2024-05-17T17:00:00Z,SOL/USDT,sell,168.29581000,4.34209732,0.73075679,USDT
2024-05-17T23:30:00Z,SOL/USDT,buy,169.25458500,4.34498855,0.73540923,USDT
2024-05-18T04:15:00Z,SOL/USDT,sell,172.39376000,4.34498855,0.74904891,USDT
2024-05-18T09:30:00Z,SOL/USDT,buy,173.79685500,4.23971274,0.73684874,USDT
2024-05-18T12:00:00Z,SOL/USDT,sell,174.34278500,4.23971274,0.73916333,USDT
2024-05-19T03:30:00Z,SOL/USDT,buy,174.41716500,4.22210174,0.73640702,USDT
2024-05-19T04:15:00Z,SOL/USDT,sell,173.71310000,4.22210174,0.73343438,USDT
2024-05-19T05:15:00Z,SOL/USDT,buy,175.10751000,4.20438779,0.73621988,USDT
2024-05-19T05:45:00Z,SOL/USDT,stop_sell,174.18500679,4.20438779,0.73234132,USDT
2024-05-19T17:30:00Z,SOL/USDT,buy,170.76534000,4.30678879,0.73545025,USDT
2024-05-19T18:15:00Z,SOL/USDT,stop_sell,169.35099643,4.30678879,0.72935897,USDT
2024-05-20T02:30:00Z,SOL/USDT,buy,172.27609500,4.26008096,0.73391011,USDT
2024-05-20T07:00:00Z,SOL/USDT,sell,175.89201000,4.26008096,0.74931420,USDT
2024-05-20T16:00:00Z,SOL/USDT,buy,179.33962500,4.10858915,0.73683284,USDT
2024-05-20T19:15:00Z,SOL/USDT,sell,179.89001000,4.10858915,0.73909414,USDT
2024-05-20T19:45:00Z,SOL/USDT,buy,182.64127500,4.03106032,0.73623800,USDT
2024-05-20T21:15:00Z,SOL/USDT,sell,182.54868000,4.03106032,0.73586474,USDT
2024-05-20T23:30:00Z,SOL/USDT,buy,186.44317500,3.94806779,0.73609029,USDT
2024-05-21T01:00:00Z,SOL/USDT,sell,185.42724000,3.94806779,0.73207931,USDT
2024-05-21T23:15:00Z,SOL/USDT,buy,178.67929500,4.11854647,0.73589898,USDT
2024-05-22T01:00:00Z,SOL/USDT,sell,178.07092000,4.11854647,0.73339336,USDT
2024-05-22T06:00:00Z,SOL/USDT,buy,181.60075500,4.04984631,0.73545515,USDT
2024-05-22T07:15:00Z,SOL/USDT,stop_sell,179.72402161,4.04984631,0.72785467,USDT
2024-05-22T15:00:00Z,SOL/USDT,buy,182.52121500,4.0405074,0.73747832,USDT
2024-05-22T17:15:00Z,SOL/USDT,sell,180.99945500,4.0405074,0.73132964,USDT
2024-05-24T14:45:00Z,SOL/USDT,buy,168.09400500,4.36659488,0.73399842,USDT
2024-05-24T15:45:00Z,SOL/USDT,sell,167.08641500,4.36659488,0.72959868,USDT
2024-05-24T18:15:00Z,SOL/USDT,buy,170.42517000,4.30284957,0.73331387,USDT
2024-05-24T19:00:00Z,SOL/USDT,stop_sell,168.52712286,4.30284957,0.72514686,USDT
2024-05-25T02:15:00Z,SOL/USDT,buy,169.60476000,4.32064481,0.73280193,USDT
2024-05-25T05:45:00Z,SOL/USDT,sell,169.20535500,4.32064481,0.73107624,USDT
2024-05-25T22:45:00Z,SOL/USDT,buy,168.09400500,4.34993367,0.73119777,USDT
2024-05-26T00:45:00Z,SOL/USDT,sell,168.31580000,4.34993367,0.73216257,USDT
2024-05-26T14:45:00Z,SOL/USDT,buy,165.25258500,4.42729469,0.73162189,USDT
2024-05-26T15:45:00Z,SOL/USDT,sell,164.89751000,4.42729469,0.73004987,USDT
2024-05-26T22:30:00Z,SOL/USDT,buy,164.35213500,4.45492303,0.73217611,USDT
2024-05-26T23:15:00Z,SOL/USDT,stop_sell,163.57352946,4.45492303,0.72870748,USDT
2024-05-27T13:45:00Z,SOL/USDT,buy,168.32412000,4.34771989,0.73182612,USDT
2024-05-27T18:30:00Z,SOL/USDT,sell,171.18436500,4.34771989,0.74426167,USDT
2024-05-28T10:15:00Z,SOL/USDT,buy,169.52472000,4.32823375,0.73374261,USDT
2024-05-28T14:00:00Z,SOL/USDT,sell,170.16487500,4.32823375,0.73651336,USDT
2024-05-29T03:15:00Z,SOL/USDT,buy,170.92542000,4.28729331,0.73280741,USDT
2024-05-29T07:15:00Z,SOL/USDT,sell,172.17387000,4.28729331,0.73815988,USDT
2024-05-29T17:00:00Z,SOL/USDT,buy,171.45568500,4.27160843,0.73239155,USDT
2024-05-29T17:15:00Z,SOL/USDT,stop_sell,169.97532696,4.27160843,0.72606804,USDT
2024-05-30T17:30:00Z,SOL/USDT,buy,171.08550000,4.2822083,0.73262375,USDT
2024-05-30T19:15:00Z,SOL/USDT,sell,170.26482500,4.2822083,0.72910945,USDT
2024-05-31T12:45:00Z,SOL/USDT,buy,170.32512000,4.29722263,0.73192496,USDT
2024-05-31T12:45:00Z,SOL/USDT,stop_sell,169.29423911,4.29722263,0.72749504,USDT
2024-06-01T14:45:00Z,SOL/USDT,buy,167.63377500,4.36442806,0.73162555,USDT
2024-06-01T16:15:00Z,SOL/USDT,sell,166.99646000,4.36442806,0.72884404,USDT
2024-06-02T12:15:00Z,SOL/USDT,buy,166.51321500,4.39175968,0.73128602,USDT
2024-06-02T12:15:00Z,SOL/USDT,stop_sell,165.81990571,4.39175968,0.72824118,USDT
2024-06-03T08:30:00Z,SOL/USDT,buy,166.41316500,4.39223359,0.73092549,USDT
2024-06-03T09:00:00Z,SOL/USDT,stop_sell,165.58609411,4.39223359,0.72729280,USDT
2024-06-03T13:45:00Z,SOL/USDT,buy,166.93342500,4.37925353,0.73104379,USDT
2024-06-03T14:00:00Z,SOL/USDT,stop_sell,165.87559214,4.37925353,0.72641127,USDT
2024-06-03T19:45:00Z,SOL/USDT,buy,166.57324500,4.38237683,0.72998673,USDT
2024-06-03T20:45:00Z,SOL/USDT,sell,165.91700000,4.38237683,0.72711082,USDT
2024-06-04T04:30:00Z,SOL/USDT,buy,166.97344500,4.3705825,0.72977122,USDT
2024-06-04T04:45:00Z,SOL/USDT,stop_sell,166.27896179,4.3705825,0.72673592,USDT
2024-06-04T12:15:00Z,SOL/USDT,buy,165.71281500,4.39874341,0.72892815,USDT
2024-06-04T13:15:00Z,SOL/USDT,sell,165.57717000,4.39874341,0.72833149,USDT
2024-06-04T16:00:00Z,SOL/USDT,buy,167.91391500,4.34323864,0.72929020,USDT
2024-06-04T19:45:00Z,SOL/USDT,sell,168.60565500,4.34323864,0.73229460,USDT
2024-06-05T00:30:00Z,SOL/USDT,buy,172.08600000,4.2379004,0.72928333,USDT
2024-06-05T00:45:00Z,SOL/USDT,stop_sell,171.12796464,4.2379004,0.72522327,USDT
2024-06-05T02:00:00Z,SOL/USDT,buy,173.18655000,4.20890746,0.72892616,USDT
2024-06-05T03:15:00Z,SOL/USDT,sell,172.81355000,4.20890746,0.72735624,USDT
2024-06-05T15:30:00Z,SOL/USDT,buy,174.47719500,4.17470538,0.72839088,USDT
2024-06-05T17:00:00Z,SOL/USDT,sell,174.01295000,4.17470538,0.72645280,USDT
2024-06-06T01:30:00Z,SOL/USDT,buy,173.92692000,4.18755276,0.72832815,USDT
2024-06-06T02:00:00Z,SOL/USDT,sell,173.61315000,4.18755276,0.72701423,USDT
2024-06-06T02:30:00Z,SOL/USDT,buy,174.27709500,4.17834662,0.72819011,USDT
2024-06-06T04:00:00Z,SOL/USDT,sell,173.83304000,4.17834662,0.72633470,USDT
2024-06-07T05:00:00Z,SOL/USDT,buy,172.38615000,4.22755599,0.72877210,USDT
2024-06-07T08:15:00Z,SOL/USDT,sell,171.91400000,4.22755599,0.72677606,USDT
2024-06-07T12:30:00Z,SOL/USDT,buy,172.74633000,4.21273148,0.72773390,USDT
2024-06-07T12:30:00Z,SOL/USDT,stop_sell,171.96397500,4.21273148,0.72443805,USDT
2024-06-09T13:00:00Z,SOL/USDT,buy,161.23057500,4.51301997,0.72763680,USDT
2024-06-09T13:00:00Z,SOL/USDT,stop_sell,160.52719625,4.51301997,0.72446244,USDT
2024-06-09T15:15:00Z,SOL/USDT,buy,161.61076500,4.49759627,0.72685997,USDT
2024-06-09T17:15:00Z,SOL/USDT,sell,161.07942000,4.49759627,0.72447020,USDT
2024-06-09T19:00:00Z,SOL/USDT,buy,162.59125500,4.4688563,0.72659695,USDT
2024-06-09T20:00:00Z,SOL/USDT,stop_sell,161.94077482,4.4688563,0.72369005,USDT
2024-06-10T15:15:00Z,SOL/USDT,buy,160.96044000,4.51169196,0.72620392,USDT
2024-06-10T18:30:00Z,SOL/USDT,sell,161.66912500,4.51169196,0.72940129,USDT
2024-06-12T04:15:00Z,SOL/USDT,buy,150.42517500,4.82445156,0.72571897,USDT
2024-06-12T05:45:00Z,SOL/USDT,sell,150.14489000,4.82445156,0.72436675,USDT
2024-06-12T10:00:00Z,SOL/USDT,buy,152.45619000,4.76563595,0.72655070,USDT
2024-06-12T12:00:00Z,SOL/USDT,sell,151.78407000,4.76563595,0.72334762,USDT
2024-06-12T12:45:00Z,SOL/USDT,buy,158.89941000,4.57367302,0.72675394,USDT
2024-06-12T15:45:00Z,SOL/USDT,sell,157.95098500,4.57367302,0.72241616,USDT
2024-06-14T05:45:00Z,SOL/USDT,buy,148.49421000,4.88625445,0.72558049,USDT
2024-06-14T06:30:00Z,SOL/USDT,stop_sell,147.60972964,4.88625445,0.72125870,USDT
2024-06-14T22:00:00Z,SOL/USDT,buy,143.89191000,5.03695144,0.72477656,USDT
2024-06-14T22:30:00Z,SOL/USDT,sell,142.59866500,5.03695144,0.71826255,USDT
2024-06-15T00:30:00Z,SOL/USDT,buy,143.95194000,5.03077634,0.72419001,USDT
2024-06-15T01:45:00Z,SOL/USDT,sell,143.35828500,5.03077634,0.72120347,USDT
2024-06-15T05:15:00Z,SOL/USDT,buy,145.12252500,4.98671839,0.72368516,USDT
2024-06-15T06:45:00Z,SOL/USDT,sell,144.55768500,4.98671839,0.72086847,USDT
2024-06-16T14:15:00Z,SOL/USDT,buy,146.83338000,4.9269715,0.72344388,USDT
2024-06-16T14:30:00Z,SOL/USDT,stop_sell,146.13939375,4.9269715,0.72002463,USDT
2024-06-16T15:15:00Z,SOL/USDT,buy,147.25359000,4.90726774,0.72261279,USDT
2024-06-16T18:00:00Z,SOL/USDT,sell,147.76608000,4.90726774,0.72512772,USDT
2024-06-16T22:15:00Z,SOL/USDT,buy,150.51522000,4.79932732,0.72237181,USDT
2024-06-16T22:15:00Z,SOL/USDT,stop_sell,149.85646286,4.79932732,0.71921022,USDT
2024-06-16T23:15:00Z,SOL/USDT,buy,150.63528000,4.79338094,0.72205228,USDT
2024-06-17T01:00:00Z,SOL/USDT,sell,150.36478000,4.79338094,0.72075567,USDT
2024-06-17T17:45:00Z,SOL/USDT,buy,144.60226500,4.98372291,0.72065762,USDT
2024-06-17T19:45:00Z,SOL/USDT,sell,144.84754000,4.98372291,0.72188000,USDT
2024-06-18T21:00:00Z,SOL/USDT,buy,136.81837500,5.28174998,0.72264045,USDT
2024-06-18T23:15:00Z,SOL/USDT,sell,137.22135500,5.28174998,0.72476889,USDT
2024-06-19T03:30:00Z,SOL/USDT,buy,140.18005500,5.15545833,0.72269243,USDT
2024-06-19T05:30:00Z,SOL/USDT,sell,140.78957000,5.15545833,0.72583476,USDT
2024-06-19T07:00:00Z,SOL/USDT,buy,141.66079500,5.10179858,0.72272484,USDT
2024-06-19T07:15:00Z,SOL/USDT,stop_sell,140.60252071,5.10179858,0.71732574,USDT
2024-06-20T07:45:00Z,SOL/USDT,buy,137.51872500,5.25339541,0.72244024,USDT
2024-06-20T10:15:00Z,SOL/USDT,sell,136.86153500,5.25339541,0.71898776,USDT
2024-06-20T11:00:00Z,SOL/USDT,buy,139.30962000,5.18302333,0.72204501,USDT
2024-06-20T12:45:00Z,SOL/USDT,sell,138.58067500,5.18302333,0.71826687,USDT
2024-06-21T19:45:00Z,SOL/USDT,buy,133.90692000,5.38708563,0.72136804,USDT
2024-06-21T21:30:00Z,SOL/USDT,sell,132.56368500,5.38708563,0.71413192,USDT
2024-06-21T22:45:00Z,SOL/USDT,buy,134.50722000,5.36027542,0.72099575,USDT
2024-06-22T00:15:00Z,SOL/USDT,sell,133.99297000,5.36027542,0.71823922,USDT
2024-06-24T12:15:00Z,SOL/USDT,buy,127.96395000,5.63275035,0.72078898,USDT
2024-06-24T13:15:00Z,SOL/USDT,sell,126.82655500,5.63275035,0.71438232,USDT
2024-06-24T19:00:00Z,SOL/USDT,buy,130.35514500,5.52199895,0.71982097,USDT
2024-06-24T19:30:00Z,SOL/USDT,sell,128.67563000,5.52199895,0.71054669,USDT
2024-06-25T03:45:00Z,SOL/USDT,buy,136.50822000,5.26639619,0.71890637,USDT
2024-06-25T06:15:00Z,SOL/USDT,sell,135.54219500,5.26639619,0.71381890,USDT
2024-06-25T11:00:00Z,SOL/USDT,buy,138.80937000,5.16861865,0.71745270,USDT
2024-06-25T11:15:00Z,SOL/USDT,stop_sell,137.73859625,5.16861865,0.71191828,USDT
2024-06-25T16:00:00Z,SOL/USDT,buy,139.42968000,5.14202776,0.71695129,USDT
2024-06-25T16:15:00Z,SOL/USDT,stop_sell,138.29367571,5.14202776,0.71110992,USDT
2024-06-26T02:00:00Z,SOL/USDT,buy,138.96945000,5.15004065,0.71569832,USDT
2024-06-26T03:15:00Z,SOL/USDT,stop_sell,138.24869821,5.15004065,0.71198642,USDT
2024-06-26T14:00:00Z,SOL/USDT,buy,138.90942000,5.16043357,0.71683283,USDT
2024-06-26T14:30:00Z,SOL/USDT,stop_sell,137.94991911,5.16043357,0.71188139,USDT
2024-06-27T10:00:00Z,SOL/USDT,buy,138.43918500,5.17726771,0.71673672,USDT
2024-06-27T16:30:00Z,SOL/USDT,sell,146.82655000,5.17726771,0.76016036,USDT
2024-06-29T01:45:00Z,SOL/USDT,buy,142.50121500,5.04785121,0.71932493,USDT
2024-06-29T01:45:00Z,SOL/USDT,stop_sell,141.79549536,5.04785121,0.71576256,USDT
2024-06-30T09:15:00Z,SOL/USDT,buy,141.50071500,5.06923716,0.71730068,USDT
2024-06-30T10:00:00Z,SOL/USDT,sell,140.99946500,5.06923716,0.71475973,USDT
2024-06-30T15:15:00Z,SOL/USDT,buy,142.89141000,5.02799441,0.71845721,USDT
2024-06-30T21:00:00Z,SOL/USDT,sell,144.39776500,5.02799441,0.72603116,USDT
2024-07-01T00:45:00Z,SOL/USDT,buy,147.87390000,4.86858309,0.71993637,USDT
2024-07-01T03:00:00Z,SOL/USDT,sell,147.75608500,4.86858309,0.71936278,USDT
2024-07-01T08:15:00Z,SOL/USDT,buy,148.46419500,4.83573258,0.71793314,USDT
2024-07-01T08:15:00Z,SOL/USDT,stop_sell,147.98918268,4.83573258,0.71563611,USDT
2024-07-01T16:15:00Z,SOL/USDT,buy,148.55424000,4.83015096,0.71753940,USDT
2024-07-01T16:45:00Z,SOL/USDT,sell,147.79606500,4.83015096,0.71387731,USDT
2024-07-02T03:45:00Z,SOL/USDT,buy,149.48470500,4.80319741,0.71800455,USDT
2024-07-02T05:15:00Z,SOL/USDT,sell,149.16538000,4.80319741,0.71647077,USDT
2024-07-02T12:45:00Z,SOL/USDT,buy,150.95544000,4.76243195,0.71891501,USDT
2024-07-02T13:30:00Z,SOL/USDT,stop_sell,149.99246625,4.76243195,0.71432891,USDT
2024-07-02T18:30:00Z,SOL/USDT,buy,152.77635000,4.69969258,0.71800188,USDT
2024-07-03T01:00:00Z,SOL/USDT,sell,154.20286000,4.69969258,0.72470604,USDT
2024-07-04T00:45:00Z,SOL/USDT,buy,142.86139500,5.01800632,0.71687938,USDT
2024-07-04T00:45:00Z,SOL/USDT,stop_sell,141.97968893,5.01800632,0.71245498,USDT
2024-07-04T16:00:00Z,SOL/USDT,buy,135.38766000,5.28088101,0.71496612,USDT
2024-07-04T18:15:00Z,SOL/USDT,sell,134.04294500,5.28088101,0.70786484,USDT
2024-07-05T16:30:00Z,SOL/USDT,buy,135.59776500,5.28363993,0.71644977,USDT
2024-07-05T17:15:00Z,SOL/USDT,sell,134.37278000,5.28363993,0.70997739,USDT
2024-07-06T00:45:00Z,SOL/USDT,buy,137.14854000,5.19850346,0.71296716,USDT
2024-07-06T00:45:00Z,SOL/USDT,stop_sell,136.38962821,5.19850346,0.70902195,USDT
2024-07-06T06:30:00Z,SOL/USDT,buy,136.16805000,5.2618519,0.71649611,USDT
2024-07-06T11:45:00Z,SOL/USDT,sell,138.65064000,5.2618519,0.72955913,USDT
2024-07-06T15:45:00Z,SOL/USDT,buy,140.92042500,5.07862391,0.71568184,USDT
2024-07-06T21:00:00Z,SOL/USDT,sell,142.40876000,5.07862391,0.72324053,USDT
2024-07-08T08:30:00Z,SOL/USDT,buy,137.24859000,5.22846092,0.71759889,USDT
2024-07-08T11:00:00Z,SOL/USDT,sell,138.28082500,5.22846092,0.72299589,USDT
2024-07-09T04:15:00Z,SOL/USDT,buy,141.46069500,5.07283219,0.71760637,USDT
2024-07-09T08:00:00Z,SOL/USDT,sell,142.30881000,5.07283219,0.72190871,USDT
2024-07-09T08:45:00Z,SOL/USDT,buy,143.79186000,4.99324349,0.71798777,USDT
2024-07-09T08:45:00Z,SOL/USDT,stop_sell,142.52263161,4.99324349,0.71165020,USDT
2024-07-09T20:45:00Z,SOL/USDT,buy,142.99146000,5.01053514,0.71646374,USDT
2024-07-09T21:00:00Z,SOL/USDT,stop_sell,142.10319857,5.01053514,0.71201307,USDT
2024-07-10T04:00:00Z,SOL/USDT,buy,141.75084000,5.05351045,0.71633935,USDT
2024-07-10T06:15:00Z,SOL/USDT,sell,143.62815000,5.05351045,0.72582636,USDT
2024-07-10T22:15:00Z,SOL/USDT,buy,141.17055000,5.07451237,0.71637170,USDT
2024-07-11T00:30:00Z,SOL/USDT,sell,140.98947000,5.07451237,0.71545281,USDT
2024-07-11T11:15:00Z,SOL/USDT,buy,143.37165000,5.00378796,0.71740134,USDT
2024-07-11T12:30:00Z,SOL/USDT,sell,143.68812000,5.00378796,0.71898488,USDT
2024-07-11T12:45:00Z,SOL/USDT,buy,144.40216500,4.9709134,0.71781066,USDT
2024-07-11T12:45:00Z,SOL/USDT,stop_sell,143.27689714,4.9709134,0.71221705,USDT
2024-07-12T18:45:00Z,SOL/USDT,buy,139.98996000,5.11233523,0.71567560,USDT
2024-07-12T19:15:00Z,SOL/USDT,stop_sell,139.09863018,5.11233523,0.71111883,USDT
2024-07-13T06:45:00Z,SOL/USDT,buy,138.98946000,5.14822732,0.71554934,USDT
2024-07-13T07:00:00Z,SOL/USDT,stop_sell,138.58281679,5.14822732,0.71345584,USDT
2024-07-13T09:45:00Z,SOL/USDT,buy,139.86990000,5.11969506,0.71609124,USDT
2024-07-13T10:45:00Z,SOL/USDT,sell,139.61016000,5.11969506,0.71476145,USDT
2024-07-13T23:00:00Z,SOL/USDT,buy,142.21107000,5.03349741,0.71581905,USDT
2024-07-14T02:30:00Z,SOL/USDT,sell,143.54819000,5.03349741,0.72254944,USDT
2024-07-14T04:30:00Z,SOL/USDT,buy,144.91242000,4.9286381,0.71422087,USDT
2024-07-14T06:30:00Z,SOL/USDT,sell,144.90751000,4.9286381,0.71419667,USDT
2024-07-14T21:15:00Z,SOL/USDT,buy,146.29311000,4.89247077,0.71573476,USDT
2024-07-14T22:45:00Z,SOL/USDT,sell,146.61665500,4.89247077,0.71731770,USDT
2024-07-15T01:00:00Z,SOL/USDT,buy,150.32512500,4.75791322,0.71523390,USDT
2024-07-15T09:00:00Z,SOL/USDT,sell,152.63364500,4.75791322,0.72621764,USDT
2024-07-15T15:00:00Z,SOL/USDT,buy,153.29661000,4.67382328,0.71648126,USDT
2024-07-15T15:15:00Z,SOL/USDT,sell,152.32380000,4.67382328,0.71193452,USDT
2024-07-15T16:45:00Z,SOL/USDT,buy,154.57725000,4.63953502,0.71716656,USDT
2024-07-15T20:00:00Z,SOL/USDT,sell,155.29231500,4.63953502,0.72048413,USDT
2024-07-15T21:00:00Z,SOL/USDT,buy,156.73833000,4.5732471,0.71680311,USDT
2024-07-15T22:00:00Z,SOL/USDT,sell,156.11190500,4.5732471,0.71393832,USDT
2024-07-15T22:45:00Z,SOL/USDT,buy,158.68930500,4.51284489,0.71614022,USDT
2024-07-16T01:00:00Z,SOL/USDT,sell,158.08092000,4.51284489,0.71339467,USDT
2024-07-16T11:15:00Z,SOL/USDT,buy,156.80836500,4.57300811,0.71708592,USDT
2024-07-16T13:00:00Z,SOL/USDT,sell,155.88202000,4.57300811,0.71284974,USDT
2024-07-16T15:30:00Z,SOL/USDT,buy,158.16904500,4.52299361,0.71539758,USDT
2024-07-16T20:15:00Z,SOL/USDT,sell,161.02944500,4.52299361,0.72833515,USDT
2024-07-17T01:30:00Z,SOL/USDT,buy,163.29160500,4.40103753,0.71865248,USDT
2024-07-17T02:15:00Z,SOL/USDT,stop_sell,161.43067286,4.40103753,0.71046245,USDT
2024-07-17T09:30:00Z,SOL/USDT,buy,162.24108000,4.40361572,0.71444737,USDT
2024-07-17T11:15:00Z,SOL/USDT,sell,161.59916000,4.40361572,0.71162060,USDT
2024-07-18T03:30:00Z,SOL/USDT,buy,159.03948000,4.48941872,0.71399482,USDT
2024-07-18T04:15:00Z,SOL/USDT,sell,158.43074500,4.48941872,0.71126195,USDT
2024-07-18T06:45:00Z,SOL/USDT,buy,159.85989000,4.47524512,0.71541219,USDT
2024-07-18T07:30:00Z,SOL/USDT,sell,158.87052500,4.47524512,0.71098454,USDT
2024-07-18T21:00:00Z,SOL/USDT,buy,157.92892500,4.52187224,0.71413442,USDT
2024-07-19T00:00:00Z,SOL/USDT,sell,159.17037500,4.52187224,0.71974810,USDT
2024-07-19T03:30:00Z,SOL/USDT,buy,159.94993500,4.46155279,0.71362508,USDT
2024-07-19T07:45:00Z,SOL/USDT,sell,161.47922000,4.46155279,0.72044806,USDT
2024-07-19T12:45:00Z,SOL/USDT,buy,163.29160500,4.38080378,0.71534848,USDT
2024-07-19T13:30:00Z,SOL/USDT,sell,162.37877000,4.38080378,0.71134953,USDT
2024-07-19T13:45:00Z,SOL/USDT,buy,165.01246500,4.33563241,0.71543339,USDT
2024-07-19T18:30:00Z,SOL/USDT,sell,168.39576000,4.33563241,0.73010211,USDT
2024-07-20T16:15:00Z,SOL/USDT,buy,170.05498500,4.20402705,0.71491576,USDT
2024-07-20T16:45:00Z,SOL/USDT,stop_sell,169.22784375,4.20402705,0.71143843,USDT
2024-07-20T17:15:00Z,SOL/USDT,buy,170.84538000,4.17864237,0.71390174,USDT
2024-07-20T19:45:00Z,SOL/USDT,sell,172.72359500,4.17864237,0.72175013,USDT
2024-07-21T02:45:00Z,SOL/USDT,buy,175.39765500,4.08193536,0.71596189,USDT
2024-07-21T02:45:00Z,SOL/USDT,stop_sell,174.40525375,4.08193536,0.71191097,USDT
2024-07-21T15:45:00Z,SOL/USDT,buy,175.68780000,4.07084349,0.71519754,USDT
2024-07-21T17:45:00Z,SOL/USDT,stop_sell,174.34456982,4.07084349,0.70972946,USDT
2024-07-21T20:30:00Z,SOL/USDT,buy,182.64127500,3.90777243,0.71372054,USDT
2024-07-22T01:00:00Z,SOL/USDT,sell,182.96847000,3.90777243,0.71499914,USDT
2024-07-22T18:15:00Z,SOL/USDT,buy,181.93092000,3.92940908,0.71488101,USDT
2024-07-22T20:30:00Z,SOL/USDT,sell,181.51919500,3.92940908,0.71326317,USDT
2024-07-24T08:15:00Z,SOL/USDT,buy,175.78785000,4.06578632,0.71471584,USDT
2024-07-24T12:30:00Z,SOL/USDT,sell,176.91150000,4.06578632,0.71928436,USDT
2024-07-24T13:30:00Z,SOL/USDT,buy,177.89890500,4.00992884,0.71336195,USDT
2024-07-24T14:00:00Z,SOL/USDT,sell,177.35128000,4.00992884,0.71116601,USDT
2024-07-24T14:15:00Z,SOL/USDT,buy,178.51921500,3.99619458,0.71339752,USDT
2024-07-24T15:30:00Z,SOL/USDT,sell,179.08041500,3.99619458,0.71564018,USDT
2024-07-25T16:45:00Z,SOL/USDT,buy,172.17604500,4.15122826,0.71474206,USDT
2024-07-25T17:30:00Z,SOL/USDT,sell,170.66462500,4.15122826,0.70846781,USDT
2024-07-25T22:00:00Z,SOL/USDT,buy,171.98595000,4.15223429,0.71412596,USDT
2024-07-26T07:15:00Z,SOL/USDT,sell,177.09141000,4.15223429,0.73532503,USDT
2024-07-26T09:00:00Z,SOL/USDT,buy,178.27909500,4.01565647,0.71590760,USDT
2024-07-26T11:00:00Z,SOL/USDT,sell,178.48071500,4.01565647,0.71671724,USDT
2024-07-26T14:00:00Z,SOL/USDT,buy,182.13102000,3.92676331,0.71518541,USDT
2024-07-26T14:15:00Z,SOL/USDT,stop_sell,180.74529643,3.92676331,0.70974400,USDT
2024-07-27T05:15:00Z,SOL/USDT,buy,184.27209000,3.88240031,0.71541802,USDT
2024-07-27T10:30:00Z,SOL/USDT,sell,185.22734000,3.88240031,0.71912668,USDT
2024-07-27T13:45:00Z,SOL/USDT,buy,187.57374000,3.81337651,0.71528929,USDT
2024-07-27T14:00:00Z,SOL/USDT,stop_sell,186.40103857,3.81337651,0.71081734,USDT
2024-07-27T21:15:00Z,SOL/USDT,buy,185.65278000,3.84200894,0.71327964,USDT
2024-07-27T23:15:00Z,SOL/USDT,sell,184.49770500,3.84200894,0.70884183,USDT
2024-07-28T11:15:00Z,SOL/USDT,buy,184.98244500,3.86421599,0.71481212,USDT
2024-07-28T14:30:00Z,SOL/USDT,sell,184.82754000,3.86421599,0.71421354,USDT
2024-07-29T00:15:00Z,SOL/USDT,buy,185.56273500,3.83861572,0.71230403,USDT
2024-07-29T06:15:00Z,SOL/USDT,sell,192.58366000,3.83861572,0.73925466,USDT
2024-07-29T13:00:00Z,SOL/USDT,buy,192.63627000,3.70878098,0.71444573,USDT
2024-07-29T13:00:00Z,SOL/USDT,stop_sell,192.00359304,3.70878098,0.71209927,USDT
2024-07-31T02:00:00Z,SOL/USDT,buy,181.37064000,3.94317003,0.71517527,USDT
2024-07-31T02:45:00Z,SOL/USDT,stop_sell,180.22484250,3.94317003,0.71065720,USDT
2024-07-31T06:15:00Z,SOL/USDT,buy,182.90140500,3.90995436,0.71513615,USDT
2024-07-31T10:15:00Z,SOL/USDT,sell,183.17836500,3.90995436,0.71621905,USDT
2024-07-31T13:45:00Z,SOL/USDT,buy,184.04197500,3.88431569,0.71487713,USDT
2024-07-31T13:45:00Z,SOL/USDT,stop_sell,182.97525232,3.88431569,0.71073364,USDT
2024-08-02T13:45:00Z,SOL/USDT,buy,167.04348000,4.27403199,0.71394918,USDT
2024-08-02T14:00:00Z,SOL/USDT,stop_sell,165.38583714,4.27403199,0.70686436,USDT
2024-08-03T12:30:00Z,SOL/USDT,buy,153.50671500,4.65348519,0.71434122,USDT
2024-08-03T13:00:00Z,SOL/USDT,stop_sell,152.45337804,4.65348519,0.70943954,USDT
2024-08-04T02:15:00Z,SOL/USDT,buy,144.97245000,4.93451141,0.71536821,USDT
2024-08-04T03:45:00Z,SOL/USDT,sell,144.17787500,4.93451141,0.71144737,USDT
2024-08-05T14:15:00Z,SOL/USDT,buy,125.91292500,5.65741369,0.71234151,USDT
2024-08-05T18:30:00Z,SOL/USDT,sell,131.08442500,5.65741369,0.74159882,USDT
2024-08-06T00:30:00Z,SOL/USDT,buy,138.06900000,5.16895366,0.71367226,USDT
2024-08-06T07:00:00Z,SOL/USDT,sell,141.35928500,5.16895366,0.73067959,USDT
2024-08-06T14:15:00Z,SOL/USDT,buy,142.87140000,5.00645067,0.71527862,USDT
2024-08-06T17:45:00Z,SOL/USDT,sell,145.72710000,5.00645067,0.72957554,USDT
2024-08-06T22:15:00Z,SOL/USDT,buy,148.96444500,4.81286102,0.71694517,USDT
2024-08-06T22:15:00Z,SOL/USDT,stop_sell,146.89687196,4.81286102,0.70699423,USDT
2024-08-07T02:30:00Z,SOL/USDT,buy,150.23508000,4.7572949,0.71471258,USDT
2024-08-07T06:45:00Z,SOL/USDT,sell,152.70361000,4.7572949,0.72645611,USDT
2024-08-08T01:30:00Z,SOL/USDT,buy,148.12402500,4.86251538,0.72025535,USDT
2024-08-08T04:00:00Z,SOL/USDT,sell,153.25333500,4.86251538,0.74519670,USDT
2024-08-08T12:45:00Z,SOL/USDT,buy,156.72832500,4.59025904,0.71942361,USDT
2024-08-08T13:45:00Z,SOL/USDT,stop_sell,154.91464679,4.59025904,0.71109836,USDT
2024-08-08T14:30:00Z,SOL/USDT,buy,158.35914000,4.53921997,0.71882697,USDT
2024-08-08T17:00:00Z,SOL/USDT,sell,159.28032000,4.53921997,0.72300841,USDT
2024-08-08T22:00:00Z,SOL/USDT,buy,160.54023000,4.47250963,0.71801772,USDT
2024-08-08T22:00:00Z,SOL/USDT,stop_sell,159.35278375,4.47250963,0.71270686,USDT
2024-08-08T23:00:00Z,SOL/USDT,buy,161.42067000,4.44949489,0.71824045,USDT
2024-08-09T01:15:00Z,SOL/USDT,sell,161.03944000,4.44949489,0.71654417,USDT
2024-08-09T23:00:00Z,SOL/USDT,buy,155.74783500,4.61372974,0.71857842,USDT
2024-08-10T01:00:00Z,SOL/USDT,sell,155.12240000,4.61372974,0.71569283,USDT
2024-08-10T22:00:00Z,SOL/USDT,buy,155.30761500,4.61536465,0.71680128,USDT
2024-08-10T23:00:00Z,SOL/USDT,stop_sell,154.67512375,4.61536465,0.71388210,USDT
2024-08-11T03:15:00Z,SOL/USDT,buy,155.83788000,4.59716003,0.71641167,USDT
2024-08-11T04:15:00Z,SOL/USDT,sell,155.79206500,4.59716003,0.71620105,USDT
2024-08-11T09:30:00Z,SOL/USDT,buy,157.20856500,4.56268657,0.71729341,USDT
2024-08-11T09:30:00Z,SOL/USDT,stop_sell,156.63842732,4.56268657,0.71469205,USDT
2024-08-12T07:45:00Z,SOL/USDT,buy,146.48320500,4.92439393,0.72134101,USDT
2024-08-12T09:00:00Z,SOL/USDT,sell,145.18737000,4.92439393,0.71495980,USDT
2024-08-12T11:15:00Z,SOL/USDT,buy,149.25459000,4.80328223,0.71691192,USDT
2024-08-12T13:30:00Z,SOL/USDT,sell,148.51570500,4.80328223,0.71336285,USDT
2024-08-12T23:30:00Z,SOL/USDT,buy,145.77285000,4.91398485,0.71632558,USDT
2024-08-13T02:15:00Z,SOL/USDT,sell,145.13739500,4.91398485,0.71320296,USDT
2024-08-13T17:00:00Z,SOL/USDT,buy,149.07450000,4.80138833,0.71576456,USDT
2024-08-13T18:15:00Z,SOL/USDT,stop_sell,147.40054857,4.80138833,0.70772727,USDT
2024-08-14T11:45:00Z,SOL/USDT,buy,148.82437500,4.80533888,0.71515156,USDT
2024-08-14T12:30:00Z,SOL/USDT,stop_sell,147.74180643,4.80533888,0.70994945,USDT
2024-08-14T12:45:00Z,SOL/USDT,buy,150.90541500,4.73491461,0.71452425,USDT
2024-08-14T12:45:00Z,SOL/USDT,stop_sell,149.35992554,4.73491461,0.70720649,USDT
2024-08-15T03:15:00Z,SOL/USDT,buy,145.06249500,4.91438081,0.71289234,USDT
2024-08-15T03:45:00Z,SOL/USDT,sell,144.42775000,4.91438081,0.70977296,USDT
2024-08-15T12:30:00Z,SOL/USDT,buy,143.69181000,4.96869416,0.71396066,USDT
2024-08-15T12:45:00Z,SOL/USDT,stop_sell,142.60401946,4.96869416,0.70855576,USDT
2024-08-17T13:15:00Z,SOL/USDT,buy,140.05999500,5.0669258,0.70967360,USDT
2024-08-17T13:30:00Z,SOL/USDT,stop_sell,139.83647536,5.0669258,0.70854104,USDT
2024-08-17T17:00:00Z,SOL/USDT,buy,141.31062000,5.04145406,0.71241100,USDT
2024-08-17T18:00:00Z,SOL/USDT,sell,140.42975000,5.04145406,0.70797013,USDT
2024-08-18T00:45:00Z,SOL/USDT,buy,142.75134000,4.99010266,0.71234384,USDT
2024-08-18T01:15:00Z,SOL/USDT,stop_sell,141.94470643,4.99010266,0.70831866,USDT
2024-08-18T09:30:00Z,SOL/USDT,buy,142.35114000,5.00142349,0.71195834,USDT
2024-08-18T14:00:00Z,SOL/USDT,sell,145.03744500,5.00142349,0.72539368,USDT
2024-08-19T12:45:00Z,SOL/USDT,buy,143.07150000,4.98155466,0.71271850,USDT
2024-08-19T14:00:00Z,SOL/USDT,sell,142.70861000,4.98155466,0.71091074,USDT
2024-08-20T00:45:00Z,SOL/USDT,buy,146.19306000,4.87308428,0.71241110,USDT
2024-08-20T02:15:00Z,SOL/USDT,stop_sell,144.95070268,4.87308428,0.70635699,USDT
2024-08-20T05:00:00Z,SOL/USDT,buy,147.02347500,4.84116469,0.71176486,USDT
2024-08-20T07:00:00Z,SOL/USDT,sell,146.98647000,4.84116469,0.71158571,USDT
2024-08-21T19:15:00Z,SOL/USDT,buy,143.07150000,4.97015144,0.71108702,USDT
2024-08-21T21:00:00Z,SOL/USDT,sell,142.82855000,4.97015144,0.70987952,USDT
2024-08-23T00:15:00Z,SOL/USDT,buy,143.84188500,4.95069612,0.71211746,USDT
2024-08-23T01:45:00Z,SOL/USDT,sell,144.55768500,4.95069612,0.71566117,USDT
2024-08-23T14:15:00Z,SOL/USDT,buy,146.27310000,4.8655046,0.71169244,USDT
2024-08-23T14:15:00Z,SOL/USDT,stop_sell,145.48543518,4.8655046,0.70786005,USDT
2024-08-23T17:45:00Z,SOL/USDT,buy,146.14303500,4.86263076,0.71063962,USDT
2024-08-24T01:15:00Z,SOL/USDT,sell,152.58367000,4.86263076,0.74195805,USDT
2024-08-24T05:00:00Z,SOL/USDT,buy,153.80686500,4.6408971,0.71380183,USDT
2024-08-24T07:00:00Z,SOL/USDT,sell,154.04294000,4.6408971,0.71489743,USDT
2024-08-24T10:00:00Z,SOL/USDT,buy,157.49871000,4.52416108,0.71254953,USDT
2024-08-24T10:00:00Z,SOL/USDT,stop_sell,156.82726143,4.52416108,0.70951179,USDT
2024-08-24T14:30:00Z,SOL/USDT,buy,158.32912500,4.50276291,0.71291851,USDT
2024-08-24T20:00:00Z,SOL/USDT,sell,160.50970500,4.50276291,0.72273715,USDT
2024-08-25T13:45:00Z,SOL/USDT,buy,158.45919000,4.49790791,0.71273484,USDT
2024-08-25T16:45:00Z,SOL/USDT,sell,158.88052000,4.49790791,0.71462995,USDT
2024-08-25T21:30:00Z,SOL/USDT,buy,160.93042500,4.43689697,0.71403172,USDT
2024-08-25T22:45:00Z,SOL/USDT,sell,160.44973500,4.43689697,0.71189894,USDT
2024-08-26T04:30:00Z,SOL/USDT,buy,160.76034000,4.43705799,0.71330295,USDT
2024-08-26T05:15:00Z,SOL/USDT,stop_sell,159.90893411,4.43705799,0.70952521,USDT
2024-08-26T10:15:00Z,SOL/USDT,buy,161.40066000,4.4223669,0.71377294,USDT
2024-08-26T11:45:00Z,SOL/USDT,sell,160.69961000,4.4223669,0.71067264,USDT
2024-08-29T09:30:00Z,SOL/USDT,buy,145.53273000,4.89770973,0.71277707,USDT
2024-08-29T10:45:00Z,SOL/USDT,sell,145.08742000,4.89770973,0.71059607,USDT
2024-08-29T11:45:00Z,SOL/USDT,buy,146.54323500,4.86330355,0.71268424,USDT
2024-08-29T11:45:00Z,SOL/USDT,stop_sell,145.86631607,4.86330355,0.70939217,USDT
2024-08-30T12:45:00Z,SOL/USDT,buy,139.96995000,5.08392707,0.71159702,USDT
2024-08-30T13:45:00Z,SOL/USDT,sell,139.73010000,5.08392707,0.71037764,USDT
2024-09-01T15:15:00Z,SOL/USDT,buy,132.23608500,5.37977926,0.71140095,USDT
2024-09-01T17:30:00Z,SOL/USDT,sell,132.09392000,5.37977926,0.71063613,USDT
2024-09-02T14:45:00Z,SOL/USDT,buy,132.62628000,5.36750189,0.71187181,USDT
2024-09-02T16:30:00Z,SOL/USDT,sell,132.43375000,5.36750189,0.71083840,USDT
2024-09-02T21:00:00Z,SOL/USDT,buy,134.78736000,5.28037682,0.71172805,USDT
2024-09-03T00:30:00Z,SOL/USDT,sell,134.43275000,5.28037682,0.70985558,USDT
2024-09-03T01:15:00Z,SOL/USDT,buy,135.28761000,5.25307356,0.71067577,USDT
2024-09-03T01:15:00Z,SOL/USDT,stop_sell,134.71082518,5.25307356,0.70764587,USDT
2024-09-03T02:15:00Z,SOL/USDT,buy,136.79836500,5.19669625,0.71089955,USDT
2024-09-03T02:45:00Z,SOL/USDT,stop_sell,135.84882732,5.19669625,0.70596509,USDT
2024-09-03T12:30:00Z,SOL/USDT,buy,135.17755500,5.25173463,0.70991665,USDT
2024-09-03T12:45:00Z,SOL/USDT,stop_sell,134.59159911,5.25173463,0.70683936,USDT
2024-09-04T06:30:00Z,SOL/USDT,buy,128.51422500,5.51883494,0.70924880,USDT
2024-09-04T10:00:00Z,SOL/USDT,sell,129.52520500,5.51883494,0.71482823,USDT
2024-09-04T14:15:00Z,SOL/USDT,buy,130.62528000,5.44897551,0.71177395,USDT
2024-09-04T14:15:00Z,SOL/USDT,stop_sell,129.26569196,5.44897551,0.70436559,USDT
2024-09-04T14:45:00Z,SOL/USDT,buy,132.48621000,5.36290739,0.71051127,USDT
2024-09-04T17:45:00Z,SOL/USDT,sell,132.91351000,5.36290739,0.71280285,USDT
2024-09-05T13:45:00Z,SOL/USDT,buy,134.73733500,5.27021079,0.71009416,USDT
2024-09-05T13:45:00Z,SOL/USDT,stop_sell,133.46287804,5.27021079,0.70337750,USDT
2024-09-06T12:45:00Z,SOL/USDT,buy,132.22608000,5.35446838,0.70800036,USDT
2024-09-06T13:30:00Z,SOL/USDT,stop_sell,131.21757268,5.35446838,0.70260034,USDT
2024-09-07T05:00:00Z,SOL/USDT,buy,126.22308000,5.61456261,0.70868739,USDT
2024-09-07T08:30:00Z,SOL/USDT,sell,127.67613000,5.61456261,0.71684563,USDT
2024-09-07T15:15:00Z,SOL/USDT,buy,128.33413500,5.51222267,0.70740633,USDT
2024-09-07T16:30:00Z,SOL/USDT,stop_sell,128.10520107,5.51222267,0.70614439,USDT
2024-09-08T02:30:00Z,SOL/USDT,buy,128.34414000,5.52516605,0.70912269,USDT
2024-09-08T04:00:00Z,SOL/USDT,sell,128.26583500,5.52516605,0.70869004,USDT
2024-09-08T07:15:00Z,SOL/USDT,buy,129.17455500,5.49445335,0.70974357,USDT
2024-09-08T12:15:00Z,SOL/USDT,sell,130.02495500,5.49445335,0.71441605,USDT
2024-09-08T21:15:00Z,SOL/USDT,buy,129.48471000,5.47481559,0.70890491,USDT
2024-09-08T22:00:00Z,SOL/USDT,stop_sell,128.89302125,5.47481559,0.70566552,USDT
2024-09-08T22:30:00Z,SOL/USDT,buy,131.35564500,5.39607944,0.70880550,USDT
2024-09-08T22:30:00Z,SOL/USDT,stop_sell,130.41547393,5.39607944,0.70373226,USDT
2024-09-09T08:15:00Z,SOL/USDT,buy,129.46470000,5.46962175,0.70812294,USDT
2024-09-09T10:00:00Z,SOL/USDT,sell,129.31531000,5.46962175,0.70730583,USDT
2024-09-09T10:30:00Z,SOL/USDT,buy,129.91492500,5.43631775,0.70625881,USDT
2024-09-09T11:00:00Z,SOL/USDT,stop_sell,129.56340018,5.43631775,0.70434781,USDT
2024-09-09T16:15:00Z,SOL/USDT,buy,130.35514500,5.42968851,0.70778783,USDT
2024-09-09T22:45:00Z,SOL/USDT,sell,134.03295000,5.42968851,0.72775717,USDT
2024-09-10T06:00:00Z,SOL/USDT,buy,134.33713500,5.27899932,0.70916564,USDT
2024-09-10T06:45:00Z,SOL/USDT,stop_sell,133.67027429,5.27899932,0.70564529,USDT
2024-09-10T07:30:00Z,SOL/USDT,buy,134.37715500,5.26821329,0.70792751,USDT
2024-09-10T09:15:00Z,SOL/USDT,sell,134.35279000,5.26821329,0.70779915,USDT
2024-09-10T12:00:00Z,SOL/USDT,buy,135.13753500,5.24351206,0.70859529,USDT
2024-09-10T12:30:00Z,SOL/USDT,sell,134.60266500,5.24351206,0.70579070,USDT
2024-09-10T14:30:00Z,SOL/USDT,buy,135.56775000,5.22554214,0.70841499,USDT
2024-09-10T14:45:00Z,SOL/USDT,stop_sell,134.79292696,5.22554214,0.70436612,USDT
2024-09-12T01:30:00Z,SOL/USDT,buy,134.27710500,5.27251343,0.70797784,USDT
2024-09-12T05:00:00Z,SOL/USDT,sell,135.09242000,5.27251343,0.71227660,USDT
2024-09-12T14:15:00Z,SOL/USDT,buy,135.19756500,5.23909635,0.70831307,USDT
2024-09-12T14:45:00Z,SOL/USDT,stop_sell,134.49843143,5.23909635,0.70465024,USDT
2024-09-12T20:45:00Z,SOL/USDT,buy,135.85789500,5.20220785,0.70676101,USDT
2024-09-12T21:15:00Z,SOL/USDT,stop_sell,135.38227500,5.20220785,0.70428673,USDT
2024-09-12T22:45:00Z,SOL/USDT,buy,136.02798000,5.19571947,0.70676322,USDT
2024-09-13T00:15:00Z,SOL/USDT,stop_sell,135.42368286,5.19571947,0.70362347,USDT
2024-09-14T14:45:00Z,SOL/USDT,buy,137.82888000,5.12228879,0.70599933,USDT
2024-09-14T15:30:00Z,SOL/USDT,stop_sell,137.46123500,5.12228879,0.70411614,USDT
2024-09-15T01:30:00Z,SOL/USDT,buy,137.69881500,5.13340074,0.70686320,USDT
2024-09-15T04:00:00Z,SOL/USDT,sell,137.41126000,5.13340074,0.70538706,USDT
2024-09-17T06:00:00Z,SOL/USDT,buy,132.38616000,5.3247804,0.70492723,USDT
2024-09-17T06:15:00Z,SOL/USDT,stop_sell,132.04144625,5.3247804,0.70309170,USDT
2024-09-17T14:30:00Z,SOL/USDT,buy,134.15704500,5.26408731,0.70621440,USDT
2024-09-17T14:30:00Z,SOL/USDT,stop_sell,133.15446089,5.26408731,0.70093671,USDT
2024-09-17T15:15:00Z,SOL/USDT,buy,134.52723000,5.2475796,0.70594235,USDT
2024-09-17T16:30:00Z,SOL/USDT,sell,133.52320500,5.2475796,0.70067365,USDT
2024-09-18T18:15:00Z,SOL/USDT,buy,130.89541500,5.41021164,0.70817190,USDT
2024-09-18T19:15:00Z,SOL/USDT,stop_sell,129.00118143,5.41021164,0.69792369,USDT
2024-09-19T00:15:00Z,SOL/USDT,buy,135.06750000,5.21494987,0.70437024,USDT
2024-09-19T06:15:00Z,SOL/USDT,sell,137.61116000,5.21494987,0.71763530,USDT
2024-09-19T16:00:00Z,SOL/USDT,buy,142.76134500,4.94054017,0.70531816,USDT
2024-09-19T19:45:00Z,SOL/USDT,sell,143.39826500,4.94054017,0.70846489,USDT
2024-09-20T04:00:00Z,SOL/USDT,buy,144.51222000,4.88197959,0.70550571,USDT
2024-09-20T10:15:00Z,SOL/USDT,sell,150.41475500,4.88197959,0.73432176,USDT
2024-09-21T00:45:00Z,SOL/USDT,buy,147.70381500,4.78224754,0.70635621,USDT
2024-09-21T01:00:00Z,SOL/USDT,stop_sell,146.99646500,4.78224754,0.70297348,USDT
2024-09-21T07:15:00Z,SOL/USDT,buy,147.28360500,4.8020586,0.70726450,USDT
2024-09-21T09:00:00Z,SOL/USDT,sell,147.01645500,4.8020586,0.70598163,USDT
2024-09-21T13:45:00Z,SOL/USDT,buy,147.84388500,4.78693597,0.70771921,USDT
2024-09-21T15:15:00Z,SOL/USDT,sell,147.61615500,4.78693597,0.70662908,USDT
2024-09-21T23:30:00Z,SOL/USDT,buy,148.92442500,4.74635539,0.70684825,USDT
2024-09-22T00:30:00Z,SOL/USDT,sell,148.47572500,4.74635539,0.70471856,USDT
2024-09-23T01:15:00Z,SOL/USDT,buy,146.18305500,4.82055767,0.70468385,USDT
2024-09-23T04:30:00Z,SOL/USDT,sell,146.99646500,4.82055767,0.70860494,USDT
2024-09-24T04:00:00Z,SOL/USDT,buy,146.48320500,4.82489122,0.70676553,USDT
2024-09-24T05:00:00Z,SOL/USDT,sell,145.54719000,4.82489122,0.70224936,USDT
2024-09-24T08:00:00Z,SOL/USDT,buy,146.82337500,4.8167188,0.70720691,USDT
2024-09-24T09:45:00Z,SOL/USDT,sell,146.99646500,4.8167188,0.70804064,USDT
2024-09-25T14:15:00Z,SOL/USDT,buy,151.18555500,4.67261393,0.70643173,USDT
2024-09-25T15:45:00Z,SOL/USDT,sell,151.04444000,4.67261393,0.70577235,USDT
2024-09-26T07:45:00Z,SOL/USDT,buy,151.24558500,4.66935331,0.70621907,USDT
2024-09-26T09:00:00Z,SOL/USDT,stop_sell,150.56753571,4.66935331,0.70305302,USDT
2024-09-26T10:45:00Z,SOL/USDT,buy,152.05599000,4.63503768,0.70478524,USDT
2024-09-26T12:45:00Z,SOL/USDT,stop_sell,151.61986643,4.63503768,0.70276379,USDT
2024-09-26T14:30:00Z,SOL/USDT,buy,154.03698000,4.58115596,0.70566743,USDT
2024-09-26T18:00:00Z,SOL/USDT,sell,155.87202500,4.58115596,0.71407406,USDT
2024-09-27T14:30:00Z,SOL/USDT,buy,160.08000000,4.41055482,0.70604162,USDT
2024-09-27T16:00:00Z,SOL/USDT,sell,158.99046500,4.41055482,0.70123616,USDT
2024-09-28T14:45:00Z,SOL/USDT,buy,157.83888000,4.4691827,0.70541079,USDT
2024-09-28T15:15:00Z,SOL/USDT,sell,157.38127000,4.4691827,0.70336565,USDT
2024-09-29T00:30:00Z,SOL/USDT,buy,157.07850000,4.47963987,0.70365511,USDT
2024-09-29T00:30:00Z,SOL/USDT,stop_sell,156.84725143,4.47963987,0.70261920,USDT
2024-09-29T13:45:00Z,SOL/USDT,buy,157.48870500,4.47526964,0.70480442,USDT
2024-09-29T15:00:00Z,SOL/USDT,stop_sell,156.69482768,4.47526964,0.70125161,USDT
2024-09-29T17:30:00Z,SOL/USDT,buy,157.95894000,4.45972168,0.70445291,USDT
2024-09-29T22:30:00Z,SOL/USDT,sell,159.67012500,4.45972168,0.71208432,USDT
2024-10-01T09:15:00Z,SOL/USDT,buy,156.95844000,4.48816429,0.70445527,USDT
2024-10-01T11:15:00Z,SOL/USDT,sell,156.53169500,4.48816429,0.70253996,USDT
2024-10-02T06:45:00Z,SOL/USDT,buy,148.25409000,4.75442472,0.70486291,USDT
2024-10-02T08:00:00Z,SOL/USDT,stop_sell,147.48907571,4.75442472,0.70122571,USDT
2024-10-03T03:00:00Z,SOL/USDT,buy,142.00096500,4.94596229,0.70233142,USDT
2024-10-03T04:30:00Z,SOL/USDT,sell,142.02895000,4.94596229,0.70246983,USDT
2024-10-03T19:45:00Z,SOL/USDT,buy,136.65829500,5.14624181,0.70327663,USDT
2024-10-03T20:45:00Z,SOL/USDT,sell,136.42175500,5.14624181,0.70205934,USDT
2024-10-04T08:30:00Z,SOL/USDT,buy,140.39016000,5.00637409,0.70284566,USDT
2024-10-04T09:30:00Z,SOL/USDT,stop_sell,139.81898411,5.00637409,0.69998614,USDT
2024-10-04T13:00:00Z,SOL/USDT,buy,142.27110000,4.95251395,0.70459961,USDT
2024-10-04T13:00:00Z,SOL/USDT,stop_sell,141.25469446,4.95251395,0.69956584,USDT
2024-10-04T16:30:00Z,SOL/USDT,buy,142.91142000,4.92117087,0.70329152,USDT
2024-10-04T17:45:00Z,SOL/USDT,sell,143.07842500,4.92117087,0.70411338,USDT
2024-10-04T21:15:00Z,SOL/USDT,buy,143.83188000,4.88052495,0.70197508,USDT
2024-10-04T21:30:00Z,SOL/USDT,stop_sell,143.27332750,4.88052495,0.69924905,USDT
2024-10-05T07:00:00Z,SOL/USDT,buy,143.95194000,4.88297903,0.70291430,USDT
2024-10-05T09:00:00Z,SOL/USDT,sell,144.17787500,4.88297903,0.70401754,USDT
2024-10-06T01:30:00Z,SOL/USDT,buy,143.27160000,4.90428431,0.70264466,USDT
2024-10-06T04:00:00Z,SOL/USDT,sell,143.06843000,4.90428431,0.70164826,USDT
2024-10-06T09:30:00Z,SOL/USDT,buy,143.85189000,4.88487044,0.70269785,USDT
2024-10-06T10:30:00Z,SOL/USDT,sell,143.46823000,4.88487044,0.70082372,USDT
2024-10-06T13:15:00Z,SOL/USDT,buy,144.12202500,4.87017522,0.70189951,USDT
2024-10-06T17:00:00Z,SOL/USDT,sell,144.81755500,4.87017522,0.70528687,USDT
2024-10-07T00:30:00Z,SOL/USDT,buy,147.49371000,4.77099581,0.70369187,USDT
2024-10-07T05:00:00Z,SOL/USDT,sell,149.22535000,4.77099581,0.71195352,USDT
2024-10-07T14:15:00Z,SOL/USDT,buy,149.58475500,4.70219827,0.70337718,USDT
2024-10-07T15:15:00Z,SOL/USDT,sell,149.46523000,4.70219827,0.70281515,USDT
2024-10-08T12:00:00Z,SOL/USDT,buy,144.57225000,4.86925222,0.70395875,USDT
2024-10-08T12:30:00Z,SOL/USDT,stop_sell,143.71275054,4.86925222,0.69977363,USDT
2024-10-08T21:30:00Z,SOL/USDT,buy,144.66229500,4.85975491,0.70302330,USDT
2024-10-08T22:15:00Z,SOL/USDT,sell,143.79806500,4.85975491,0.69882335,USDT
2024-10-09T01:30:00Z,SOL/USDT,buy,145.02247500,4.84157475,0.70213715,USDT
2024-10-09T02:30:00Z,SOL/USDT,stop_sell,144.22713607,4.84157475,0.69828646,USDT
2024-10-11T00:15:00Z,SOL/USDT,buy,139.45969500,5.02304652,0.70051254,USDT
2024-10-11T01:00:00Z,SOL/USDT,stop_sell,139.06828821,5.02304652,0.69854648,USDT
2024-10-11T02:00:00Z,SOL/USDT,buy,140.27010000,5.00248713,0.70169937,USDT
2024-10-11T08:00:00Z,SOL/USDT,sell,141.13939500,5.00248713,0.70604801,USDT
2024-10-11T10:15:00Z,SOL/USDT,buy,142.52122500,4.92993896,0.70262094,USDT
2024-10-11T10:30:00Z,SOL/USDT,stop_sell,141.74195071,4.92993896,0.69877917,USDT
2024-10-11T12:30:00Z,SOL/USDT,buy,142.56124500,4.91869158,0.70121480,USDT
2024-10-11T20:00:00Z,SOL/USDT,sell,145.16738000,4.91869158,0.71403357,USDT
2024-10-12T00:30:00Z,SOL/USDT,buy,146.12302500,4.80570188,0.70222370,USDT
2024-10-12T01:45:00Z,SOL/USDT,sell,145.49721500,4.80570188,0.69921624,USDT
2024-10-12T10:30:00Z,SOL/USDT,buy,146.13303000,4.80262878,0.70182270,USDT
2024-10-12T14:00:00Z,SOL/USDT,sell,146.38677000,4.80262878,0.70304131,USDT
2024-10-13T10:00:00Z,SOL/USDT,buy,147.14353500,4.76889471,0.70171203,USDT
2024-10-13T11:15:00Z,SOL/USDT,stop_sell,146.58238643,4.76889471,0.69903597,USDT
2024-10-13T20:45:00Z,SOL/USDT,buy,146.04298500,4.79602469,0.70042576,USDT
2024-10-13T23:30:00Z,SOL/USDT,sell,147.18637000,4.79602469,0.70590946,USDT
2024-10-14T02:30:00Z,SOL/USDT,buy,148.02397500,4.72966338,0.70010357,USDT
2024-10-14T05:45:00Z,SOL/USDT,sell,150.72460000,4.72966338,0.71287662,USDT
2024-10-14T09:45:00Z,SOL/USDT,buy,153.10651500,4.58941308,0.70266904,USDT
2024-10-14T11:45:00Z,SOL/USDT,sell,152.59366500,4.58941308,0.70031536,USDT
2024-10-14T14:00:00Z,SOL/USDT,buy,153.70681500,4.56983043,0.70241408,USDT
2024-10-14T16:30:00Z,SOL/USDT,sell,154.92250000,4.56983043,0.70796955,USDT
2024-10-14T22:45:00Z,SOL/USDT,buy,156.67830000,4.4818388,0.70220688,USDT
2024-10-15T00:15:00Z,SOL/USDT,sell,157.29131500,4.4818388,0.70495432,USDT
2024-10-15T14:00:00Z,SOL/USDT,buy,157.87890000,4.46883504,0.70553476,USDT
2024-10-15T14:15:00Z,SOL/USDT,stop_sell,155.79313589,4.46883504,0.69621382,USDT
2024-10-16T02:15:00Z,SOL/USDT,buy,155.36764500,4.4994444,0.69906808,USDT
2024-10-16T02:30:00Z,SOL/USDT,stop_sell,154.79613464,4.4994444,0.69649660,USDT
2024-10-16T09:45:00Z,SOL/USDT,buy,155.38765500,4.51652606,0.70181239,USDT
2024-10-16T12:00:00Z,SOL/USDT,sell,156.33179500,4.51652606,0.70607663,USDT
2024-10-18T01:30:00Z,SOL/USDT,buy,151.15554000,4.64391308,0.70195319,USDT
2024-10-18T04:00:00Z,SOL/USDT,sell,151.83404500,4.64391308,0.70510411,USDT
2024-10-18T15:00:00Z,SOL/USDT,buy,154.45719000,4.54966294,0.70272815,USDT
2024-10-18T16:15:00Z,SOL/USDT,sell,154.28282000,4.54966294,0.70193483,USDT
2024-10-18T17:00:00Z,SOL/USDT,buy,155.51772000,4.52038393,0.70299980,USDT
2024-10-18T19:30:00Z,SOL/USDT,sell,155.45223500,4.52038393,0.70270378,USDT
2024-10-19T03:15:00Z,SOL/USDT,buy,155.25759000,4.51950665,0.70168771,USDT
2024-10-19T03:45:00Z,SOL/USDT,stop_sell,154.52091518,4.51950665,0.69835830,USDT
2024-10-19T14:30:00Z,SOL/USDT,buy,155.46769500,4.50835275,0.70090321,USDT
2024-10-19T16:15:00Z,SOL/USDT,sell,155.88202000,4.50835275,0.70277113,USDT
2024-10-19T20:45:00Z,SOL/USDT,buy,156.71832000,4.47548889,0.70139110,USDT
2024-10-20T01:00:00Z,SOL/USDT,sell,158.73059500,4.47548889,0.71039701,USDT
2024-10-20T14:45:00Z,SOL/USDT,buy,161.01046500,4.35968033,0.70195416,USDT
2024-10-20T15:00:00Z,SOL/USDT,stop_sell,160.10419357,4.35968033,0.69800310,USDT
2024-10-20T20:45:00Z,SOL/USDT,buy,161.63077500,4.33922442,0.70135221,USDT
2024-10-21T02:45:00Z,SOL/USDT,sell,168.49571000,4.33922442,0.73114070,USDT
2024-10-21T05:00:00Z,SOL/USDT,buy,169.97494500,4.13474257,0.70280264,USDT
2024-10-21T06:45:00Z,SOL/USDT,stop_sell,168.90764679,4.13474257,0.69838964,USDT
2024-10-22T12:15:00Z,SOL/USDT,buy,168.90441000,4.1586525,0.70241475,USDT
2024-10-22T12:15:00Z,SOL/USDT,stop_sell,167.45194643,4.1586525,0.69637446,USDT
2024-10-22T22:45:00Z,SOL/USDT,buy,168.92442000,4.15906852,0.70256824,USDT
2024-10-22T23:15:00Z,SOL/USDT,stop_sell,168.08448714,4.15906852,0.69907490,USDT
2024-10-23T08:15:00Z,SOL/USDT,buy,166.07299500,4.22352382,0.70141325,USDT
2024-10-23T08:45:00Z,SOL/USDT,stop_sell,165.13417732,4.22352382,0.69744813,USDT
2024-10-23T13:30:00Z,SOL/USDT,buy,167.85388500,4.18169384,0.70191356,USDT
2024-10-23T15:00:00Z,SOL/USDT,sell,167.46622500,4.18169384,0.70029248,USDT
2024-10-23T19:45:00Z,SOL/USDT,buy,173.06649000,4.05317525,0.70146881,USDT
2024-10-23T21:45:00Z,SOL/USDT,sell,171.74408500,4.05317525,0.69610887,USDT
2024-10-24T02:30:00Z,SOL/USDT,buy,173.85688500,4.03141179,0.70088870,USDT
2024-10-24T04:45:00Z,SOL/USDT,sell,173.33329000,4.03141179,0.69877787,USDT
2024-10-24T14:45:00Z,SOL/USDT,buy,175.53772500,3.97875424,0.69842147,USDT
2024-10-24T16:00:00Z,SOL/USDT,sell,175.07242000,3.97875424,0.69657013,USDT
2024-10-24T21:30:00Z,SOL/USDT,buy,177.89890500,3.93747057,0.70047170,USDT
2024-10-24T23:15:00Z,SOL/USDT,sell,177.67112000,3.93747057,0.69957481,USDT
2024-10-25T12:30:00Z,SOL/USDT,buy,173.58675000,4.01523378,0.69699138,USDT
2024-10-25T12:30:00Z,SOL/USDT,stop_sell,173.40503982,4.01523378,0.69626177,USDT
2024-10-25T14:15:00Z,SOL/USDT,buy,175.91791500,3.99113926,0.70211290,USDT
2024-10-25T15:30:00Z,SOL/USDT,stop_sell,174.25497179,3.99113926,0.69547586,USDT
2024-10-26T05:00:00Z,SOL/USDT,buy,166.52322000,4.20142649,0.69963507,USDT
2024-10-26T11:15:00Z,SOL/USDT,sell,168.52569500,4.20142649,0.70804832,USDT
2024-10-26T19:15:00Z,SOL/USDT,buy,172.03597500,4.07360066,0.70080586,USDT
2024-10-26T21:45:00Z,SOL/USDT,sell,171.59416000,4.07360066,0.69900608,USDT
2024-10-27T02:15:00Z,SOL/USDT,buy,172.53622500,4.04737265,0.69831840,USDT
2024-10-27T02:30:00Z,SOL/USDT,stop_sell,172.06071232,4.04737265,0.69639382,USDT
2024-10-27T08:15:00Z,SOL/USDT,buy,173.39665500,4.03091046,0.69894639,USDT
2024-10-27T10:45:00Z,SOL/USDT,sell,173.69311000,4.03091046,0.70014137,USDT
2024-10-27T12:15:00Z,SOL/USDT,buy,174.88740000,4.00060655,0.69965568,USDT
2024-10-27T15:30:00Z,SOL/USDT,sell,175.61215000,4.00060655,0.70255512,USDT
2024-10-27T23:00:00Z,SOL/USDT,buy,177.33862500,3.93532408,0.69788496,USDT
2024-10-27T23:15:00Z,SOL/USDT,stop_sell,176.80655250,3.93532408,0.69579108,USDT
2024-10-28T19:30:00Z,SOL/USDT,buy,177.19855500,3.9439625,0.69886446,USDT
2024-10-28T20:00:00Z,SOL/USDT,stop_sell,175.69889232,3.9439625,0.69294984,USDT
2024-10-28T22:30:00Z,SOL/USDT,buy,178.95943500,3.9062872,0.69906695,USDT
2024-10-29T00:00:00Z,SOL/USDT,stop_sell,177.59758536,3.9062872,0.69374717,USDT
2024-10-29T02:15:00Z,SOL/USDT,buy,180.59025000,3.86781154,0.69848905,USDT
2024-10-29T05:15:00Z,SOL/USDT,sell,180.91949500,3.86781154,0.69976251,USDT
2024-10-29T17:00:00Z,SOL/USDT,buy,182.30110500,3.82598962,0.69748214,USDT
2024-10-29T17:45:00Z,SOL/USDT,stop_sell,181.09976196,3.82598962,0.69288581,USDT
2024-10-30T04:30:00Z,SOL/USDT,buy,180.54022500,3.86638776,0.69803852,USDT
2024-10-30T05:45:00Z,SOL/USDT,sell,179.88001500,3.86638776,0.69548589,USDT
2024-11-01T13:00:00Z,SOL/USDT,buy,169.51471500,4.11025032,0.69674791,USDT
2024-11-01T14:45:00Z,SOL/USDT,sell,171.28431500,4.11025032,0.70402141,USDT
2024-11-02T20:15:00Z,SOL/USDT,buy,165.63277500,4.21490139,0.69812581,USDT
2024-11-02T22:30:00Z,SOL/USDT,sell,165.91700000,4.21490139,0.69932379,USDT
2024-11-03T21:30:00Z,SOL/USDT,buy,163.41166500,4.27079596,0.69789788,USDT
2024-11-03T22:30:00Z,SOL/USDT,stop_sell,162.13424946,4.27079596,0.69244230,USDT
2024-11-04T11:15:00Z,SOL/USDT,buy,163.96194000,4.25364197,0.69743539,USDT
2024-11-04T14:00:00Z,SOL/USDT,sell,163.24833500,4.25364197,0.69439997,USDT
2024-11-05T07:45:00Z,SOL/USDT,buy,161.27059500,4.31333292,0.69561377,USDT
2024-11-05T10:15:00Z,SOL/USDT,sell,161.54918500,4.31333292,0.69681542,USDT
2024-11-05T12:45:00Z,SOL/USDT,buy,163.52172000,4.26884017,0.69804809,USDT
2024-11-05T18:00:00Z,SOL/USDT,sell,166.76657500,4.26884017,0.71189985,USDT
2024-11-06T00:30:00Z,SOL/USDT,buy,169.08450000,4.12847781,0.69806161,USDT
2024-11-06T07:45:00Z,SOL/USDT,sell,184.11789500,4.12847781,0.76012664,USDT
2024-11-06T14:45:00Z,SOL/USDT,buy,187.09350000,3.74519589,0.70070181,USDT
2024-11-06T14:45:00Z,SOL/USDT,stop_sell,186.32250643,3.74519589,0.69781429,USDT
2024-11-06T21:45:00Z,SOL/USDT,buy,189.68479500,3.70387897,0.70256952,USDT
2024-11-06T23:00:00Z,SOL/USDT,stop_sell,188.13624196,3.70387897,0.69683387,USDT
2024-11-07T01:30:00Z,SOL/USDT,buy,190.33512000,3.68783565,0.70192464,USDT
2024-11-07T03:45:00Z,SOL/USDT,sell,189.54518000,3.68783565,0.69901147,USDT
2024-11-07T15:30:00Z,SOL/USDT,buy,189.09450000,3.71059514,0.70165313,USDT
2024-11-07T22:00:00Z,SOL/USDT,sell,196.20185000,3.71059514,0.72802563,USDT
2024-11-08T00:15:00Z,SOL/USDT,buy,197.86888500,3.5561405,0.70364956,USDT
2024-11-08T02:00:00Z,SOL/USDT,sell,198.04093000,3.5561405,0.70426137,USDT
2024-11-08T08:00:00Z,SOL/USDT,buy,199.97994000,3.51757813,0.70344506,USDT
2024-11-08T08:00:00Z,SOL/USDT,stop_sell,198.63241982,3.51757813,0.69870506,USDT
2024-11-08T09:30:00Z,SOL/USDT,buy,201.87088500,3.48289065,0.70309422,USDT
2024-11-08T12:30:00Z,SOL/USDT,sell,203.07841000,3.48289065,0.70729990,USDT
2024-11-09T05:15:00Z,SOL/USDT,buy,200.44017000,3.51377821,0.70430230,USDT
2024-11-09T07:15:00Z,SOL/USDT,sell,200.16986500,3.51377821,0.70335251,USDT
2024-11-09T10:45:00Z,SOL/USDT,buy,202.49119500,3.47256584,0.70316401,USDT
2024-11-09T11:15:00Z,SOL/USDT,stop_sell,201.56238268,3.47256584,0.69993864,USDT
2024-11-09T23:15:00Z,SOL/USDT,buy,201.81085500,3.48243727,0.70279364,USDT
2024-11-09T23:45:00Z,SOL/USDT,stop_sell,200.69317464,3.48243727,0.69890139,USDT
2024-11-10T03:00:00Z,SOL/USDT,buy,202.77133500,3.46368027,0.70233507,USDT
2024-11-10T04:00:00Z,SOL/USDT,sell,201.43923000,3.46368027,0.69772109,USDT
2024-11-10T05:00:00Z,SOL/USDT,buy,204.78234000,3.42714816,0.70181942,USDT
2024-11-10T06:30:00Z,SOL/USDT,sell,205.12738500,3.42714816,0.70300194,USDT
2024-11-10T12:00:00Z,SOL/USDT,buy,206.56323000,3.39357154,0.70098710,USDT
2024-11-10T12:00:00Z,SOL/USDT,stop_sell,205.50576714,3.39357154,0.69739852,USDT
2024-11-10T15:15:00Z,SOL/USDT,buy,208.23406500,3.36947285,0.70163903,USDT
2024-11-10T19:00:00Z,SOL/USDT,sell,212.22383500,3.36947285,0.71508245,USDT
2024-11-11T10:30:00Z,SOL/USDT,buy,214.00695000,3.28198005,0.70236654,USDT
2024-11-11T13:15:00Z,SOL/USDT,sell,214.57266000,3.28198005,0.70422319,USDT
2024-11-11T20:45:00Z,SOL/USDT,buy,221.60074500,3.1699673,0.70246712,USDT
2024-11-11T20:45:00Z,SOL/USDT,stop_sell,218.59243482,3.1699673,0.69293087,USDT
2024-11-12T19:30:00Z,SOL/USDT,buy,214.43716500,3.2673679,0.70064511,USDT
2024-11-12T20:15:00Z,SOL/USDT,sell,212.27381000,3.2673679,0.69357663,USDT
2024-11-13T13:45:00Z,SOL/USDT,buy,214.58724000,3.26619177,0.70088308,USDT
2024-11-13T13:45:00Z,SOL/USDT,stop_sell,211.91827357,3.26619177,0.69216572,USDT
2024-11-13T14:45:00Z,SOL/USDT,buy,215.26758000,3.24592465,0.69874234,USDT
2024-11-13T15:00:00Z,SOL/USDT,stop_sell,212.40160321,3.24592465,0.68943960,USDT
2024-11-13T16:15:00Z,SOL/USDT,buy,218.25907500,3.20405604,0.69931431,USDT
2024-11-13T16:30:00Z,SOL/USDT,stop_sell,213.96831946,3.20405604,0.68556649,USDT
2024-11-13T17:15:00Z,SOL/USDT,buy,220.07998500,3.17160562,0.69800692,USDT
2024-11-13T19:15:00Z,SOL/USDT,sell,216.68160500,3.17160562,0.68722860,USDT
2024-11-14T04:00:00Z,SOL/USDT,buy,219.24957000,3.17917771,0.69703335,USDT
2024-11-14T05:45:00Z,SOL/USDT,sell,217.63113000,3.17917771,0.69188804,USDT
2024-11-14T09:30:00Z,SOL/USDT,buy,222.59124000,3.12910043,0.69651034,USDT
2024-11-14T10:15:00Z,SOL/USDT,stop_sell,220.07597839,3.12910043,0.68863984,USDT
2024-11-15T10:30:00Z,SOL/USDT,buy,213.35662500,3.2610636,0.69576952,USDT
2024-11-15T14:00:00Z,SOL/USDT,sell,214.29280000,3.2610636,0.69882245,USDT
2024-11-15T20:30:00Z,SOL/USDT,buy,215.03746500,3.23860166,0.69642069,USDT
2024-11-16T00:15:00Z,SOL/USDT,sell,216.84152500,3.23860166,0.70226332,USDT
2024-11-16T03:30:00Z,SOL/USDT,buy,220.11000000,3.16322725,0.69625795,USDT
2024-11-16T04:30:00Z,SOL/USDT,stop_sell,218.28901518,3.16322725,0.69049776,USDT
2024-11-17T01:30:00Z,SOL/USDT,buy,218.59924500,3.17390104,0.69381237,USDT
2024-11-17T01:30:00Z,SOL/USDT,stop_sell,217.47870625,3.17390104,0.69025589,USDT
2024-11-17T04:00:00Z,SOL/USDT,buy,220.61025000,3.15309889,0.69560593,USDT
2024-11-17T09:15:00Z,SOL/USDT,sell,236.37175500,3.15309889,0.74530352,USDT
2024-11-17T20:00:00Z,SOL/USDT,buy,235.62775500,2.97274654,0.70046159,USDT
2024-11-17T20:30:00Z,SOL/USDT,sell,234.52268000,2.97274654,0.69717649,USDT
2024-11-18T03:00:00Z,SOL/USDT,buy,239.88988500,2.91327651,0.69886557,USDT
2024-11-18T03:15:00Z,SOL/USDT,sell,237.75106500,2.91327651,0.69263459,USDT
2024-11-18T04:00:00Z,SOL/USDT,buy,244.37212500,2.86014883,0.69894065,USDT
2024-11-18T04:30:00Z,SOL/USDT,stop_sell,241.02228571,2.86014883,0.68935961,USDT
2024-11-18T10:30:00Z,SOL/USDT,buy,245.37262500,2.84465945,0.69800156,USDT
2024-11-18T11:30:00Z,SOL/USDT,sell,244.84751500,2.84465945,0.69650780,USDT
2024-11-19T03:15:00Z,SOL/USDT,buy,242.68128000,2.87244075,0.69708760,USDT
2024-11-19T03:45:00Z,SOL/USDT,stop_sell,240.63497946,2.87244075,0.69120972,USDT
2024-11-19T11:15:00Z,SOL/USDT,buy,246.52320000,2.82760961,0.69707137,USDT
2024-11-19T12:45:00Z,SOL/USDT,sell,245.76705500,2.82760961,0.69493329,USDT
2024-11-19T19:45:00Z,SOL/USDT,buy,243.89188500,2.85346839,0.69593778,USDT
2024-11-19T20:15:00Z,SOL/USDT,stop_sell,242.00108179,2.85346839,0.69054244,USDT
2024-11-20T14:15:00Z,SOL/USDT,buy,241.65076500,2.88280715,0.69663255,USDT
2024-11-20T14:30:00Z,SOL/USDT,stop_sell,238.94903714,2.88280715,0.68884399,USDT
2024-11-21T04:45:00Z,SOL/USDT,buy,240.62025000,2.88490751,0.69416717,USDT
2024-11-21T06:00:00Z,SOL/USDT,stop_sell,237.82210089,2.88490751,0.68609476,USDT
2024-11-21T12:30:00Z,SOL/USDT,buy,245.48268000,2.82773932,0.69416103,USDT
2024-11-21T12:45:00Z,SOL/USDT,stop_sell,243.56030179,2.82773932,0.68872504,USDT
2024-11-21T13:30:00Z,SOL/USDT,buy,247.20354000,2.81073833,0.69482447,USDT
2024-11-21T14:30:00Z,SOL/USDT,stop_sell,244.04755804,2.81073833,0.68595383,USDT
2024-11-21T15:00:00Z,SOL/USDT,buy,251.61574500,2.75327434,0.69276717,USDT
2024-11-21T15:00:00Z,SOL/USDT,stop_sell,247.71393821,2.75327434,0.68202443,USDT
2024-11-21T17:00:00Z,SOL/USDT,buy,254.89738500,2.71722373,0.69261322,USDT
2024-11-21T19:30:00Z,SOL/USDT,sell,255.62212500,2.71722373,0.69458250,USDT
2024-11-22T03:15:00Z,SOL/USDT,buy,260.24005500,2.66833485,0.69440761,USDT
2024-11-22T05:00:00Z,SOL/USDT,sell,260.36975000,2.66833485,0.69475368,USDT
2024-11-23T04:15:00Z,SOL/USDT,buy,258.45916500,2.67141449,0.69045156,USDT
2024-11-23T06:30:00Z,SOL/USDT,sell,258.93047000,2.67141449,0.69171061,USDT
2024-11-23T14:00:00Z,SOL/USDT,buy,259.18953000,2.65945753,0.68930355,USDT
2024-11-23T14:00:00Z,SOL/USDT,stop_sell,258.50211286,2.65945753,0.68747539,USDT
2024-11-23T14:30:00Z,SOL/USDT,buy,260.78032500,2.65173976,0.69152156,USDT
2024-11-23T16:00:00Z,SOL/USDT,sell,259.49019000,2.65173976,0.68810045,USDT
2024-11-24T00:45:00Z,SOL/USDT,buy,256.84836000,2.68979017,0.69086819,USDT
2024-11-24T02:00:00Z,SOL/USDT,stop_sell,255.13772446,2.68979017,0.68626694,USDT
2024-11-24T22:45:00Z,SOL/USDT,buy,252.04596000,2.73369888,0.68901776,USDT
2024-11-25T00:30:00Z,SOL/USDT,sell,251.44421500,2.73369888,0.68737277,USDT
2024-11-25T08:45:00Z,SOL/USDT,buy,254.31709500,2.71329348,0.69003692,USDT
2024-11-25T10:15:00Z,SOL/USDT,stop_sell,253.02271107,2.71329348,0.68652487,USDT
2024-11-27T14:00:00Z,SOL/USDT,buy,237.73881000,2.90281932,0.69011281,USDT
2024-11-27T17:00:00Z,SOL/USDT,sell,238.35076500,2.90281932,0.69188921,USDT
2024-11-27T20:45:00Z,SOL/USDT,buy,241.98093000,2.85170096,0.69005725,USDT
2024-11-27T21:15:00Z,SOL/USDT,stop_sell,240.28586839,2.85170096,0.68522344,USDT
2024-11-28T23:30:00Z,SOL/USDT,buy,238.12900500,2.8952559,0.68944441,USDT
2024-11-29T00:30:00Z,SOL/USDT,stop_sell,236.94682446,2.8952559,0.68602169,USDT
2024-11-29T00:45:00Z,SOL/USDT,buy,238.66927500,2.88648932,0.68891631,USDT
2024-11-29T00:45:00Z,SOL/USDT,stop_sell,237.37161196,2.88648932,0.68517062,USDT
2024-11-29T02:30:00Z,SOL/USDT,buy,240.16002000,2.86830644,0.68885253,USDT
2024-11-29T04:45:00Z,SOL/USDT,sell,240.51968000,2.86830644,0.68988415,USDT
2024-11-29T11:45:00Z,SOL/USDT,buy,244.32210000,2.82175135,0.68941622,USDT
2024-11-29T12:30:00Z,SOL/USDT,stop_sell,243.00379446,2.82175135,0.68569629,USDT
2024-11-30T21:00:00Z,SOL/USDT,buy,241.20054000,2.85365157,0.68830230,USDT
2024-11-30T22:00:00Z,SOL/USDT,stop_sell,239.88892411,2.85365157,0.68455940,USDT
2024-12-03T06:45:00Z,SOL/USDT,buy,230.26507500,2.98868815,0.68819050,USDT
2024-12-03T06:45:00Z,SOL/USDT,stop_sell,228.49819375,2.98868815,0.68290984,USDT
2024-12-03T19:45:00Z,SOL/USDT,buy,227.78383500,3.01812272,0.68747957,USDT
2024-12-03T23:30:00Z,SOL/USDT,sell,233.36326000,3.01812272,0.70431896,USDT
2024-12-05T02:45:00Z,SOL/USDT,buy,234.76732500,2.93647878,0.68938927,USDT
2024-12-05T02:45:00Z,SOL/USDT,stop_sell,231.56023339,2.93647878,0.67997171,USDT
2024-12-05T03:30:00Z,SOL/USDT,buy,236.23806000,2.91130912,0.68776202,USDT
2024-12-05T05:45:00Z,SOL/USDT,sell,233.67310500,2.91130912,0.68029464,USDT
2024-12-05T10:30:00Z,SOL/USDT,buy,238.69929000,2.87471314,0.68619199,USDT
2024-12-05T10:45:00Z,SOL/USDT,stop_sell,237.29557857,2.87471314,0.68215672,USDT
2024-12-05T12:15:00Z,SOL/USDT,buy,243.32160000,2.82187165,0.68662232,USDT
2024-12-05T13:00:00Z,SOL/USDT,stop_sell,240.92483446,2.82187165,0.67985896,USDT
2024-12-06T01:30:00Z,SOL/USDT,buy,243.96192000,2.79848489,0.68272375,USDT
2024-12-06T03:15:00Z,SOL/USDT,sell,241.16935500,2.79848489,0.67490880,USDT
2024-12-07T11:45:00Z,SOL/USDT,buy,238.37913000,2.86542963,0.68305862,USDT
2024-12-07T12:00:00Z,SOL/USDT,sell,238.21083500,2.86542963,0.68257638,USDT
2024-12-07T14:45:00Z,SOL/USDT,buy,240.69028500,2.84127453,0.68386718,USDT
2024-12-07T16:00:00Z,SOL/USDT,stop_sell,239.58157786,2.84127453,0.68071704,USDT
2024-12-07T20:15:00Z,SOL/USDT,buy,241.62075000,2.82419008,0.68238293,USDT
2024-12-07T20:30:00Z,SOL/USDT,sell,240.84951500,2.82419008,0.68020481,USDT
2024-12-11T04:00:00Z,SOL/USDT,buy,219.33961500,3.12133379,0.68463215,USDT
2024-12-11T05:00:00Z,SOL/USDT,stop_sell,216.00944125,3.12133379,0.67423757,USDT
2024-12-11T10:15:00Z,SOL/USDT,buy,222.94141500,3.05884504,0.68194324,USDT
2024-12-11T18:00:00Z,SOL/USDT,sell,227.81603500,3.05884504,0.69685395,USDT
2024-12-12T03:30:00Z,SOL/USDT,buy,231.41565000,2.95825769,0.68458713,USDT
2024-12-12T03:45:00Z,SOL/USDT,stop_sell,229.63583893,2.95825769,0.67932199,USDT
2024-12-12T09:30:00Z,SOL/USDT,buy,232.74631500,2.93100133,0.68217976,USDT
2024-12-12T10:00:00Z,SOL/USDT,stop_sell,231.64412000,2.93100133,0.67894922,USDT
2024-12-13T11:00:00Z,SOL/USDT,buy,226.23306000,3.0200528,0.68323579,USDT
2024-12-13T13:00:00Z,SOL/USDT,sell,225.56716000,3.0200528,0.68122473,USDT
2024-12-14T01:30:00Z,SOL/USDT,buy,226.91340000,3.0119375,0.68344898,USDT
2024-12-14T01:45:00Z,SOL/USDT,stop_sell,225.62177554,3.0119375,0.67955869,USDT
2024-12-14T23:45:00Z,SOL/USDT,buy,220.85037000,3.09258422,0.68299837,USDT
2024-12-15T00:45:00Z,SOL/USDT,sell,219.71009000,3.09258422,0.67947196,USDT
2024-12-15T14:30:00Z,SOL/USDT,buy,220.31010000,3.09684504,0.68226624,USDT
2024-12-15T18:15:00Z,SOL/USDT,sell,220.42973000,3.09684504,0.68263672,USDT
2024-12-16T00:30:00Z,SOL/USDT,buy,225.44266500,3.02924679,0.68292147,USDT
2024-12-16T02:15:00Z,SOL/USDT,sell,224.07790500,3.02924679,0.67878727,USDT
2024-12-17T08:15:00Z,SOL/USDT,buy,216.60825000,3.14865465,0.68202457,USDT
2024-12-17T12:15:00Z,SOL/USDT,sell,221.69909500,3.14865465,0.69805389,USDT
2024-12-17T12:45:00Z,SOL/USDT,buy,226.55322000,3.01589226,0.68326010,USDT
2024-12-17T13:30:00Z,SOL/USDT,stop_sell,224.31457232,3.01589226,0.67650858,USDT
2024-12-17T16:15:00Z,SOL/USDT,buy,227.25357000,3.00334437,0.68252073,USDT
2024-12-17T20:30:00Z,SOL/USDT,sell,226.00694000,3.00334437,0.67877667,USDT
2024-12-20T16:30:00Z,SOL/USDT,buy,190.54522500,3.57276034,0.68077242,USDT
2024-12-20T18:15:00Z,SOL/USDT,sell,190.31479500,3.57276034,0.67994915,USDT
2024-12-21T01:15:00Z,SOL/USDT,buy,195.54772500,3.48867242,0.68220196,USDT
2024-12-21T02:15:00Z,SOL/USDT,sell,194.37276500,3.48867242,0.67810290,USDT
2024-12-21T06:15:00Z,SOL/USDT,buy,199.78984500,3.41000022,0.68128342,USDT
2024-12-21T06:15:00Z,SOL/USDT,stop_sell,198.50641143,3.41000022,0.67690691,USDT
2024-12-22T08:15:00Z,SOL/USDT,buy,185.25258000,3.6767718,0.68113146,USDT
2024-12-22T12:15:00Z,SOL/USDT,sell,185.65712500,3.6767718,0.68261888,USDT
2024-12-23T03:15:00Z,SOL/USDT,buy,182.47119000,3.73021183,0.68065619,USDT
2024-12-23T05:15:00Z,SOL/USDT,sell,183.96797000,3.73021183,0.68623950,USDT
2024-12-24T09:00:00Z,SOL/USDT,buy,193.11651000,3.52464825,0.68066777,USDT
2024-12-24T09:15:00Z,SOL/USDT,stop_sell,191.70410000,3.52464825,0.67568952,USDT
2024-12-24T15:30:00Z,SOL/USDT,buy,197.40865500,3.45305416,0.68166278,USDT
2024-12-24T16:45:00Z,SOL/USDT,sell,196.29180500,3.45305416,0.67780623,USDT
2024-12-25T01:30:00Z,SOL/USDT,buy,198.72931500,3.41455863,0.67857290,USDT
2024-12-25T03:45:00Z,SOL/USDT,sell,199.69010500,3.41455863,0.68185357,USDT
2024-12-25T20:15:00Z,SOL/USDT,buy,199.60975500,3.41276005,0.68122020,USDT
2024-12-25T20:30:00Z,SOL/USDT,stop_sell,198.38432964,3.41276005,0.67703811,USDT
2024-12-27T07:15:00Z,SOL/USDT,buy,190.24507500,3.55627709,0.67656420,USDT
2024-12-27T07:15:00Z,SOL/USDT,stop_sell,190.05492500,3.55627709,0.67588798,USDT
2024-12-27T09:15:00Z,SOL/USDT,buy,193.84687500,3.50863179,0.68013731,USDT
2024-12-27T10:15:00Z,SOL/USDT,stop_sell,191.51419500,3.50863179,0.67195279,USDT
2024-12-28T05:45:00Z,SOL/USDT,buy,186.11301000,3.65014189,0.67933889,USDT
2024-12-28T06:45:00Z,SOL/USDT,sell,185.27731500,3.65014189,0.67628849,USDT
2024-12-28T13:45:00Z,SOL/USDT,buy,187.91391000,3.61136075,0.67862492,USDT
2024-12-28T20:15:00Z,SOL/USDT,sell,192.90350000,3.61136075,0.69664413,USDT
2024-12-29T06:00:00Z,SOL/USDT,buy,195.38764500,3.48010864,0.67997023,USDT
2024-12-29T08:15:00Z,SOL/USDT,sell,195.28231000,3.48010864,0.67960365,USDT
2024-12-30T12:15:00Z,SOL/USDT,buy,194.20705500,3.50306763,0.68032045,USDT
2024-12-30T12:45:00Z,SOL/USDT,stop_sell,193.08412393,3.50306763,0.67638674,USDT
2024-12-30T18:45:00Z,SOL/USDT,buy,194.40715500,3.49926402,0.68028196,USDT
2024-12-30T21:15:00Z,SOL/USDT,sell,193.92299000,3.49926402,0.67858774,USDT
2024-12-31T10:30:00Z,SOL/USDT,buy,194.32711500,3.49674538,0.67951244,USDT
2024-12-31T12:45:00Z,SOL/USDT,sell,193.41324500,3.49674538,0.67631687,USDT
2024-12-31T13:30:00Z,SOL/USDT,buy,195.81786000,3.46384009,0.67828175,USDT
2024-12-31T13:30:00Z,SOL/USDT,stop_sell,195.11489375,3.46384009,0.67584679,USDT
2024-12-31T14:15:00Z,SOL/USDT,buy,197.02846500,3.4454152,0.67884487,USDT
2024-12-31T17:30:00Z,SOL/USDT,sell,197.23133500,3.4454152,0.67954384,USDT
2025-01-01T20:00:00Z,SOL/USDT,buy,193.39665000,3.50984409,0.67879209,USDT
2025-01-01T23:30:00Z,SOL/USDT,sell,194.00295000,3.50984409,0.68092011,USDT
2025-01-02T00:45:00Z,SOL/USDT,buy,196.07799000,3.46216107,0.67885358,USDT
2025-01-02T11:00:00Z,SOL/USDT,sell,206.63663000,3.46216107,0.71540930,USDT
2025-01-02T12:00:00Z,SOL/USDT,buy,208.71430500,3.26587692,0.68163523,USDT
2025-01-02T14:00:00Z,SOL/USDT,sell,207.46621500,3.26587692,0.67755912,USDT
2025-01-03T05:45:00Z,SOL/USDT,buy,208.94442000,3.25365517,0.67983309,USDT
2025-01-03T06:45:00Z,SOL/USDT,stop_sell,208.09768482,3.25365517,0.67707811,USDT
2025-01-03T09:15:00Z,SOL/USDT,buy,211.82586000,3.21445053,0.68090375,USDT
2025-01-03T13:30:00Z,SOL/USDT,sell,212.23383000,3.21445053,0.68221515,USDT
2025-01-03T14:45:00Z,SOL/USDT,buy,218.35912500,3.11854158,0.68096201,USDT
2025-01-03T17:15:00Z,SOL/USDT,sell,217.06141500,3.11854158,0.67691505,USDT
2025-01-05T03:45:00Z,SOL/USDT,buy,218.45917500,3.11370664,0.68021778,USDT
2025-01-05T05:00:00Z,SOL/USDT,stop_sell,217.43622750,3.11370664,0.67703263,USDT
2025-01-05T22:30:00Z,SOL/USDT,buy,214.31710500,3.17483326,0.68042107,USDT
2025-01-05T23:30:00Z,SOL/USDT,sell,213.69310000,3.17483326,0.67843996,USDT
2025-01-06T03:15:00Z,SOL/USDT,buy,216.38814000,3.14610775,0.68078040,USDT
2025-01-06T04:45:00Z,SOL/USDT,sell,215.28230500,3.14610775,0.67730133,USDT
2025-01-06T12:15:00Z,SOL/USDT,buy,216.48819000,3.13879358,0.67951174,USDT
2025-01-06T14:30:00Z,SOL/USDT,sell,216.93148000,3.13879358,0.68090314,USDT
2025-01-06T15:00:00Z,SOL/USDT,buy,221.22055500,3.0710978,0.67938996,USDT
2025-01-06T17:15:00Z,SOL/USDT,sell,219.73008000,3.0710978,0.67481257,USDT
2025-01-10T03:00:00Z,SOL/USDT,buy,189.47469000,3.58346884,0.67897665,USDT
2025-01-10T05:00:00Z,SOL/USDT,sell,189.13538500,3.58346884,0.67776076,USDT
2025-01-11T12:30:00Z,SOL/USDT,buy,187.04347500,3.62003905,0.67710468,USDT
2025-01-11T13:30:00Z,SOL/USDT,stop_sell,186.31822286,3.62003905,0.67447924,USDT
2025-01-11T20:30:00Z,SOL/USDT,buy,188.60425500,3.59818188,0.67863241,USDT
2025-01-11T22:30:00Z,SOL/USDT,sell,189.07541500,3.59818188,0.68032773,USDT
2025-01-12T13:30:00Z,SOL/USDT,buy,188.31411000,3.59870657,0.67768722,USDT
2025-01-12T14:00:00Z,SOL/USDT,stop_sell,187.91528107,3.59870657,0.67625196,USDT
2025-01-12T14:45:00Z,SOL/USDT,buy,188.43417000,3.59161393,0.67678279,USDT
2025-01-12T14:45:00Z,SOL/USDT,stop_sell,188.23369321,3.59161393,0.67606275,USDT
2025-01-12T15:30:00Z,SOL/USDT,buy,190.42516500,3.56130155,0.67816144,USDT
2025-01-12T15:30:00Z,SOL/USDT,stop_sell,189.53804071,3.56130155,0.67500212,USDT
2025-01-13T00:30:00Z,SOL/USDT,buy,190.69530000,3.55398898,0.67772899,USDT
2025-01-13T01:15:00Z,SOL/USDT,stop_sell,189.22605393,3.55398898,0.67250731,USDT
2025-01-13T21:15:00Z,SOL/USDT,buy,181.76083500,3.72579153,0.67720298,USDT
2025-01-14T00:15:00Z,SOL/USDT,sell,182.78856000,3.72579153,0.68103207,USDT
2025-01-14T08:15:00Z,SOL/USDT,buy,187.03347000,3.62336624,0.67769076,USDT
2025-01-14T11:00:00Z,SOL/USDT,sell,187.67611500,3.62336624,0.68001930,USDT
2025-01-15T04:00:00Z,SOL/USDT,buy,189.73482000,3.57065957,0.67747845,USDT
2025-01-15T05:45:00Z,SOL/USDT,sell,188.74558000,3.57065957,0.67394621,USDT
2025-01-15T13:45:00Z,SOL/USDT,buy,194.59725000,3.47943027,0.67708756,USDT
2025-01-15T14:30:00Z,SOL/USDT,stop_sell,193.10054429,3.47943027,0.67187988,USDT
2025-01-15T18:30:00Z,SOL/USDT,buy,199.04947500,3.39948047,0.67666480,USDT
2025-01-16T00:45:00Z,SOL/USDT,sell,203.90799500,3.39948047,0.69318125,USDT
2025-01-16T11:15:00Z,SOL/USDT,buy,205.82286000,3.30376193,0.67998973,USDT
2025-01-16T11:15:00Z,SOL/USDT,stop_sell,203.13659518,3.30376193,0.67111495,USDT
2025-01-16T11:45:00Z,SOL/USDT,buy,209.01445500,3.23911299,0.67702144,USDT
2025-01-16T13:30:00Z,SOL/USDT,sell,210.33478000,3.23911299,0.68129812,USDT
2025-01-17T02:00:00Z,SOL/USDT,buy,214.61725500,3.15416274,0.67693775,USDT
2025-01-17T02:45:00Z,SOL/USDT,stop_sell,212.85816054,3.15416274,0.67138928,USDT
2025-01-17T09:00:00Z,SOL/USDT,buy,216.05797500,3.12768829,0.67576200,USDT
2025-01-17T10:00:00Z,SOL/USDT,stop_sell,214.87964929,3.12768829,0.67207656,USDT
2025-01-17T10:15:00Z,SOL/USDT,buy,216.97843500,3.11631415,0.67617297,USDT
2025-01-17T14:45:00Z,SOL/USDT,sell,218.84052500,3.11631415,0.68197582,USDT
2025-01-18T03:00:00Z,SOL/USDT,buy,221.95092000,3.04906873,0.67674361,USDT
2025-01-18T03:45:00Z,SOL/USDT,stop_sell,220.22269071,3.04906873,0.67147412,USDT
2025-01-18T04:45:00Z,SOL/USDT,buy,229.48468500,2.94599789,0.67606140,USDT
2025-01-18T11:30:00Z,SOL/USDT,sell,239.35026500,2.94599789,0.70512538,USDT
2025-01-18T15:30:00Z,SOL/USDT,buy,247.42365000,2.74135932,0.67827713,USDT
2025-01-18T16:30:00Z,SOL/USDT,stop_sell,243.80089571,2.74135932,0.66834586,USDT
2025-01-19T04:15:00Z,SOL/USDT,buy,264.74230500,2.55861807,0.67737445,USDT
2025-01-19T08:30:00Z,SOL/USDT,sell,269.75505500,2.55861807,0.69020016,USDT
2025-01-19T10:30:00Z,SOL/USDT,buy,279.42964500,2.4268062,0.67812159,USDT
2025-01-19T12:15:00Z,SOL/USDT,sell,282.08888500,2.4268062,0.68457506,USDT
2025-01-20T07:00:00Z,SOL/USDT,buy,257.71879500,2.63389571,0.67880443,USDT
2025-01-20T09:45:00Z,SOL/USDT,sell,264.15785500,2.63389571,0.69576424,USDT
2025-01-21T18:15:00Z,SOL/USDT,buy,251.17552500,2.70716483,0.67997355,USDT
2025-01-21T21:15:00Z,SOL/USDT,sell,252.86350500,2.70716483,0.68454319,USDT
2025-01-22T03:30:00Z,SOL/USDT,buy,256.18803000,2.64723569,0.67819010,USDT
2025-01-22T03:45:00Z,SOL/USDT,stop_sell,254.16535375,2.64723569,0.67283560,USDT
2025-01-22T13:15:00Z,SOL/USDT,buy,259.72980000,2.61712304,0.67974484,USDT
2025-01-22T14:45:00Z,SOL/USDT,sell,258.45071000,2.61712304,0.67639731,USDT
2025-01-22T19:45:00Z,SOL/USDT,buy,262.64125500,2.57950053,0.67748326,USDT
2025-01-22T22:00:00Z,SOL/USDT,sell,262.25880500,2.57950053,0.67649673,USDT
2025-01-23T14:45:00Z,SOL/USDT,buy,252.10599000,2.69350434,0.67904858,USDT
2025-01-23T15:00:00Z,SOL/USDT,stop_sell,247.87207339,2.69350434,0.66764451,USDT
2025-01-23T20:30:00Z,SOL/USDT,buy,255.68778000,2.65199183,0.67808190,USDT
2025-01-23T20:45:00Z,SOL/USDT,stop_sell,251.47312911,2.65199183,0.66690468,USDT
2025-01-24T05:15:00Z,SOL/USDT,buy,259.07947500,2.61340512,0.67707963,USDT
2025-01-24T07:45:00Z,SOL/USDT,sell,259.98994000,2.61340512,0.67945904,USDT
2025-01-24T08:45:00Z,SOL/USDT,buy,265.13250000,2.55366392,0.67705930,USDT
2025-01-24T12:30:00Z,SOL/USDT,sell,264.84751000,2.55366392,0.67633153,USDT
2025-01-25T12:00:00Z,SOL/USDT,buy,249.67477500,2.7044628,0.67523614,USDT
2025-01-25T12:00:00Z,SOL/USDT,stop_sell,249.18605893,2.7044628,0.67391443,USDT
2025-01-25T17:45:00Z,SOL/USDT,buy,256.49818500,2.63946825,0.67701882,USDT
2025-01-25T20:15:00Z,SOL/USDT,sell,256.95146000,2.63946825,0.67821522,USDT
2025-01-26T18:30:00Z,SOL/USDT,buy,257.12850000,2.63202419,0.67676843,USDT
2025-01-26T19:30:00Z,SOL/USDT,sell,256.46170500,2.63202419,0.67501341,USDT
2025-01-27T13:00:00Z,SOL/USDT,buy,231.54571500,2.93379761,0.67930827,USDT
2025-01-27T14:15:00Z,SOL/USDT,sell,229.35526500,2.93379761,0.67288193,USDT
2025-01-27T21:15:00Z,SOL/USDT,buy,236.88838500,2.85323052,0.67589717,USDT
2025-01-27T21:30:00Z,SOL/USDT,stop_sell,233.76127518,2.85323052,0.66697480,USDT
2025-01-28T03:45:00Z,SOL/USDT,buy,237.53871000,2.84255875,0.67521774,USDT
2025-01-28T06:45:00Z,SOL/USDT,sell,240.04991500,2.84255875,0.68235599,USDT
2025-01-29T03:15:00Z,SOL/USDT,buy,230.51520000,2.92016532,0.67314249,USDT
2025-01-29T05:30:00Z,SOL/USDT,sell,230.39474500,2.92016532,0.67279074,USDT
2025-01-29T08:00:00Z,SOL/USDT,buy,234.71730000,2.8784957,0.67563274,USDT
2025-01-29T09:00:00Z,SOL/USDT,sell,233.36326000,2.8784957,0.67173514,USDT
2025-01-29T19:45:00Z,SOL/USDT,buy,233.82685500,2.88902541,0.67553173,USDT
2025-01-29T20:00:00Z,SOL/USDT,stop_sell,229.92069643,2.88902541,0.66424673,USDT
2025-01-29T20:30:00Z,SOL/USDT,buy,236.18803500,2.84967736,0.67305970,USDT
2025-01-29T22:15:00Z,SOL/USDT,sell,233.24332000,2.84967736,0.66466821,USDT
2025-01-30T03:45:00Z,SOL/USDT,buy,239.19954000,2.81553642,0.67347502,USDT
2025-01-30T05:45:00Z,SOL/USDT,sell,239.51018500,2.81553642,0.67434965,USDT
2025-01-30T11:00:00Z,SOL/USDT,buy,241.29058500,2.7900437,0.67321128,USDT
2025-01-30T12:30:00Z,SOL/USDT,stop_sell,239.92640536,2.7900437,0.66940516,USDT
2025-01-30T15:00:00Z,SOL/USDT,buy,242.39113500,2.77544533,0.67274334,USDT
2025-01-30T15:30:00Z,SOL/USDT,sell,241.00943500,2.77544533,0.66890851,USDT
2025-01-31T11:45:00Z,SOL/USDT,buy,238.30909500,2.81805343,0.67156776,USDT
2025-01-31T14:15:00Z,SOL/USDT,sell,239.15036500,2.81805343,0.67393851,USDT
2025-02-03T15:30:00Z,SOL/USDT,buy,207.16353000,3.24548503,0.67234614,USDT
2025-02-03T18:15:00Z,SOL/USDT,sell,206.58665500,3.24548503,0.67047390,USDT
2025-02-03T19:30:00Z,SOL/USDT,buy,212.65627500,3.15763224,0.67149031,USDT
2025-02-03T20:45:00Z,SOL/USDT,sell,211.91399000,3.15763224,0.66914645,USDT
2025-02-04T01:45:00Z,SOL/USDT,buy,218.22906000,3.06253968,0.66833516,USDT
2025-02-04T02:45:00Z,SOL/USDT,stop_sell,216.78726643,3.06253968,0.66391961,USDT
2025-02-04T12:45:00Z,SOL/USDT,buy,211.04547000,3.17903857,0.67092169,USDT
2025-02-04T14:00:00Z,SOL/USDT,sell,211.07441000,3.17903857,0.67101369,USDT
2025-02-04T14:45:00Z,SOL/USDT,buy,215.53771500,3.11453027,0.67129874,USDT
2025-02-04T15:00:00Z,SOL/USDT,stop_sell,212.72536982,3.11453027,0.66253960,USDT
2025-02-04T16:00:00Z,SOL/USDT,buy,216.14802000,3.10271688,0.67064611,USDT
2025-02-04T17:00:00Z,SOL/USDT,sell,214.42273500,3.10271688,0.66529304,USDT
2025-02-06T05:00:00Z,SOL/USDT,buy,201.92091000,3.3179105,0.66995551,USDT
2025-02-06T07:45:00Z,SOL/USDT,sell,202.30879500,3.3179105,0.67124248,USDT
2025-02-07T09:30:00Z,SOL/USDT,buy,196.12801500,3.41641,0.67005371,USDT
2025-02-07T13:30:00Z,SOL/USDT,sell,197.90100000,3.41641,0.67611096,USDT
2025-02-07T14:00:00Z,SOL/USDT,buy,201.06048000,3.33396321,0.67032824,USDT
2025-02-07T15:00:00Z,SOL/USDT,stop_sell,199.14394964,3.33396321,0.66393860,USDT
2025-02-08T13:45:00Z,SOL/USDT,buy,196.22806500,3.41989135,0.67107866,USDT
2025-02-08T14:15:00Z,SOL/USDT,stop_sell,194.64691357,3.41989135,0.66567130,USDT
2025-02-08T19:15:00Z,SOL/USDT,buy,197.07849000,3.38702488,0.66750975,USDT
2025-02-08T21:15:00Z,SOL/USDT,sell,197.40125000,3.38702488,0.66860295,USDT
2025-02-08T22:15:00Z,SOL/USDT,buy,199.54972500,3.35549052,0.66958721,USDT
2025-02-08T22:30:00Z,SOL/USDT,stop_sell,197.89100500,3.35549052,0.66402139,USDT
2025-02-08T23:30:00Z,SOL/USDT,buy,199.78984500,3.34617403,0.66853159,USDT
2025-02-09T00:30:00Z,SOL/USDT,sell,198.82054000,3.34617403,0.66528813,USDT
2025-02-09T01:30:00Z,SOL/USDT,buy,201.53071500,3.31907883,0.66889633,USDT
2025-02-09T06:15:00Z,SOL/USDT,sell,204.91749000,3.31907883,0.68013730,USDT
2025-02-10T00:15:00Z,SOL/USDT,buy,204.01195500,3.2924155,0.67169212,USDT
2025-02-10T01:30:00Z,SOL/USDT,sell,201.09940000,3.2924155,0.66210278,USDT
2025-02-10T14:00:00Z,SOL/USDT,buy,208.80435000,3.20556683,0.66933630,USDT
2025-02-10T14:00:00Z,SOL/USDT,stop_sell,206.68267839,3.20556683,0.66253514,USDT
2025-02-11T05:15:00Z,SOL/USDT,buy,204.41215500,3.25907428,0.66619440,USDT
2025-02-11T08:00:00Z,SOL/USDT,sell,204.20784500,3.25907428,0.66552854,USDT
2025-02-12T22:45:00Z,SOL/USDT,buy,197.90890500,3.37194929,0.66733879,USDT
2025-02-12T23:30:00Z,SOL/USDT,stop_sell,196.26538964,3.37194929,0.66179694,USDT
2025-02-13T04:00:00Z,SOL/USDT,buy,198.01896000,3.3633894,0.66601487,USDT
2025-02-13T04:30:00Z,SOL/USDT,sell,197.23133500,3.3633894,0.66336578,USDT
2025-02-13T20:30:00Z,SOL/USDT,buy,194.77734000,3.42293475,0.66671013,USDT
2025-02-13T23:00:00Z,SOL/USDT,sell,194.30280000,3.42293475,0.66508581,USDT
2025-02-14T04:00:00Z,SOL/USDT,buy,197.04847500,3.38037892,0.66609851,USDT
2025-02-14T04:30:00Z,SOL/USDT,sell,195.86202000,3.38037892,0.66208784,USDT
2025-02-14T09:45:00Z,SOL/USDT,buy,198.73932000,3.35031835,0.66583999,USDT
2025-02-14T11:45:00Z,SOL/USDT,sell,199.28031000,3.35031835,0.66765248,USDT
2025-02-14T17:30:00Z,SOL/USDT,buy,202.60125000,3.28647928,0.66584481,USDT
2025-02-14T19:30:00Z,SOL/USDT,sell,202.24882500,3.28647928,0.66468657,USDT
2025-02-16T06:30:00Z,SOL/USDT,buy,196.01796000,3.39688018,0.66584952,USDT
2025-02-16T06:45:00Z,SOL/USDT,stop_sell,195.15808643,3.39688018,0.66292864,USDT
2025-02-17T12:30:00Z,SOL/USDT,buy,185.90290500,3.57877929,0.66530547,USDT
2025-02-17T14:00:00Z,SOL/USDT,sell,184.81754500,3.57877929,0.66142120,USDT
2025-02-19T00:15:00Z,SOL/USDT,buy,170.18505000,3.91375795,0.66606309,USDT
2025-02-19T01:00:00Z,SOL/USDT,sell,168.39576000,3.91375795,0.65906024,USDT
2025-02-19T12:00:00Z,SOL/USDT,buy,174.02697000,3.81853136,0.66452744,USDT
2025-02-19T12:45:00Z,SOL/USDT,stop_sell,172.57795357,3.81853136,0.65899433,USDT
2025-02-20T01:00:00Z,SOL/USDT,buy,169.92492000,3.9045343,0.66347768,USDT
2025-02-20T01:30:00Z,SOL/USDT,stop_sell,168.58209536,3.9045343,0.65823457,USDT
2025-02-20T03:00:00Z,SOL/USDT,buy,171.89590500,3.85694586,0.66299320,USDT
2025-02-20T06:15:00Z,SOL/USDT,sell,171.98396500,3.85694586,0.66333284,USDT
2025-02-20T11:30:00Z,SOL/USDT,buy,174.49720500,3.79661556,0.66249880,USDT
2025-02-20T11:30:00Z,SOL/USDT,stop_sell,173.78734857,3.79661556,0.65980375,USDT
2025-02-20T12:00:00Z,SOL/USDT,buy,174.47719500,3.78544959,0.66047463,USDT
2025-02-20T12:15:00Z,SOL/USDT,stop_sell,174.08434286,3.78544959,0.65898750,USDT
2025-02-20T14:15:00Z,SOL/USDT,buy,175.05748500,3.7789836,0.66153936,USDT
2025-02-20T14:45:00Z,SOL/USDT,stop_sell,173.90014929,3.7789836,0.65716581,USDT
2025-02-20T20:15:00Z,SOL/USDT,buy,175.58775000,3.77250964,0.66240648,USDT
2025-02-20T20:45:00Z,SOL/USDT,sell,174.63264000,3.77250964,0.65880332,USDT
2025-02-21T05:45:00Z,SOL/USDT,buy,175.37764500,3.77284481,0.66167264,USDT
2025-02-21T11:45:00Z,SOL/USDT,sell,177.32129500,3.77284481,0.66900573,USDT
2025-02-21T13:15:00Z,SOL/USDT,buy,180.43017000,3.66660476,0.66156612,USDT
2025-02-21T13:15:00Z,SOL/USDT,stop_sell,179.12039500,3.66660476,0.65676369,USDT
2025-02-22T00:45:00Z,SOL/USDT,buy,170.48520000,3.87628216,0.66084874,USDT
2025-02-22T02:30:00Z,SOL/USDT,sell,170.41475000,3.87628216,0.66057566,USDT
2025-02-22T10:15:00Z,SOL/USDT,buy,173.76684000,3.80068367,0.66043279,USDT
2025-02-22T12:15:00Z,SOL/USDT,stop_sell,172.64363500,3.80068367,0.65616384,USDT
2025-02-22T16:00:00Z,SOL/USDT,buy,173.63677500,3.79114174,0.65828163,USDT
2025-02-22T16:00:00Z,SOL/USDT,stop_sell,173.46322500,3.79114174,0.65762367,USDT
2025-02-25T16:45:00Z,SOL/USDT,buy,143.97195000,4.58941355,0.66074682,USDT
2025-02-25T18:15:00Z,SOL/USDT,stop_sell,140.83954500,4.58941355,0.64637092,USDT
2025-02-27T01:30:00Z,SOL/USDT,buy,138.22908000,4.75855618,0.65777084,USDT
2025-02-27T01:45:00Z,SOL/USDT,stop_sell,136.93364179,4.75855618,0.65160643,USDT
2025-02-27T04:00:00Z,SOL/USDT,buy,138.75934500,4.74089702,0.65784377,USDT
2025-02-27T08:15:00Z,SOL/USDT,sell,140.59966500,4.74089702,0.66656853,USDT
2025-02-28T13:45:00Z,SOL/USDT,buy,137.96895000,4.7305185,0.65266467,USDT
2025-02-28T13:45:00Z,SOL/USDT,stop_sell,137.68041107,4.7305185,0.65129973,USDT
2025-02-28T14:15:00Z,SOL/USDT,buy,143.11152000,4.59481462,0.65757090,USDT
2025-02-28T17:45:00Z,SOL/USDT,sell,144.10791000,4.59481462,0.66214913,USDT
2025-02-28T22:00:00Z,SOL/USDT,buy,147.90391500,4.4619491,0.65993974,USDT
2025-02-28T22:30:00Z,SOL/USDT,sell,146.49671500,4.4619491,0.65366089,USDT
2025-03-01T02:00:00Z,SOL/USDT,buy,150.11502000,4.3708827,0.65613514,USDT
2025-03-01T02:00:00Z,SOL/USDT,stop_sell,149.33493804,4.3708827,0.65272550,USDT
2025-03-01T22:15:00Z,SOL/USDT,buy,142.66129500,4.59617424,0.65569617,USDT
2025-03-01T22:15:00Z,SOL/USDT,stop_sell,142.24134375,4.59617424,0.65376600,USDT
2025-03-02T00:00:00Z,SOL/USDT,buy,143.64178500,4.58316706,0.65833430,USDT
2025-03-02T02:30:00Z,SOL/USDT,sell,143.62815000,4.58316706,0.65827181,USDT
2025-03-02T15:30:00Z,SOL/USDT,buy,152.12602500,4.32745273,0.65831818,USDT
2025-03-02T18:45:00Z,SOL/USDT,sell,166.70660500,4.32745273,0.72141495,USDT
2025-03-02T23:45:00Z,SOL/USDT,buy,178.24908000,3.72120468,0.66330131,USDT
2025-03-03T00:15:00Z,SOL/USDT,sell,175.81205000,3.72120468,0.65423262,USDT
2025-03-03T12:15:00Z,SOL/USDT,buy,163.29160500,4.04953169,0.66125453,USDT
2025-03-03T12:30:00Z,SOL/USDT,stop_sell,161.51134679,4.04953169,0.65404532,USDT
2025-03-03T13:45:00Z,SOL/USDT,buy,167.01346500,3.96248108,0.66178770,USDT
2025-03-03T13:45:00Z,SOL/USDT,stop_sell,165.09562518,3.96248108,0.65418829,USDT
2025-03-04T14:45:00Z,SOL/USDT,buy,140.17005000,4.70615197,0.65966156,USDT
2025-03-04T14:45:00Z,SOL/USDT,stop_sell,137.79820929,4.70615197,0.64849931,USDT
2025-03-04T19:00:00Z,SOL/USDT,buy,142.76134500,4.61780712,0.65924436,USDT
2025-03-04T21:00:00Z,SOL/USDT,sell,142.19886500,4.61780712,0.65664693,USDT
2025-03-05T10:30:00Z,SOL/USDT,buy,148.89441000,4.43256731,0.65998449,USDT
2025-03-05T11:45:00Z,SOL/USDT,stop_sell,147.48764786,4.43256731,0.65374893,USDT
2025-03-05T19:00:00Z,SOL/USDT,buy,144.98245500,4.5474123,0.65929500,USDT
2025-03-05T21:30:00Z,SOL/USDT,sell,144.77757500,4.5474123,0.65836333,USDT
2025-03-06T02:00:00Z,SOL/USDT,buy,147.40366500,4.4845724,0.66104241,USDT
2025-03-06T04:30:00Z,SOL/USDT,sell,148.22585000,4.4845724,0.66472956,USDT
2025-03-06T09:00:00Z,SOL/USDT,buy,150.67530000,4.35307604,0.65590104,USDT
2025-03-06T09:00:00Z,SOL/USDT,stop_sell,150.34693179,4.35307604,0.65447163,USDT
2025-03-06T10:45:00Z,SOL/USDT,buy,152.38615500,4.34015733,0.66137989,USDT
2025-03-06T12:00:00Z,SOL/USDT,stop_sell,150.27875161,4.34015733,0.65223343,USDT
2025-03-07T09:15:00Z,SOL/USDT,buy,145.16254500,4.5286201,0.65738602,USDT
2025-03-07T09:45:00Z,SOL/USDT,stop_sell,144.31316446,4.5286201,0.65353950,USDT
2025-03-07T15:00:00Z,SOL/USDT,buy,146.20306500,4.4985251,0.65769816,USDT
2025-03-07T15:30:00Z,SOL/USDT,stop_sell,143.88088071,4.4985251,0.64725175,USDT
2025-03-07T19:00:00Z,SOL/USDT,buy,149.70481500,4.38789683,0.65688928,USDT
2025-03-07T19:30:00Z,SOL/USDT,stop_sell,146.94863179,4.38789683,0.64479544,USDT
2025-03-08T19:45:00Z,SOL/USDT,buy,138.50922000,4.73045851,0.65521212,USDT
2025-03-08T20:30:00Z,SOL/USDT,stop_sell,137.63436268,4.73045851,0.65107364,USDT
2025-03-10T09:30:00Z,SOL/USDT,buy,130.54524000,5.03476431,0.65726452,USDT
2025-03-10T09:45:00Z,SOL/USDT,stop_sell,128.65278429,5.03476431,0.64773645,USDT
2025-03-11T06:30:00Z,SOL/USDT,buy,122.98146000,5.29771178,0.65152033,USDT
2025-03-11T10:00:00Z,SOL/USDT,sell,123.53820000,5.29771178,0.65446978,USDT
2025-03-11T18:15:00Z,SOL/USDT,buy,126.58326000,5.15554396,0.65260556,USDT
2025-03-11T20:30:00Z,SOL/USDT,sell,126.94649500,5.15554396,0.65447824,USDT
2025-03-12T09:00:00Z,SOL/USDT,buy,126.01297500,5.21425217,0.65706343,USDT
2025-03-12T09:15:00Z,SOL/USDT,stop_sell,124.19394339,5.21425217,0.64757854,USDT
2025-03-12T12:30:00Z,SOL/USDT,buy,128.59426500,5.08418845,0.65379748,USDT
2025-03-12T13:30:00Z,SOL/USDT,stop_sell,127.40376625,5.08418845,0.64774476,USDT
2025-03-13T10:00:00Z,SOL/USDT,buy,127.79386500,5.10224102,0.65203510,USDT
2025-03-13T10:15:00Z,SOL/USDT,stop_sell,126.82655500,5.10224102,0.64709965,USDT
2025-03-14T00:45:00Z,SOL/USDT,buy,124.44219000,5.24553237,0.65276554,USDT
2025-03-14T01:15:00Z,SOL/USDT,stop_sell,123.49822000,5.24553237,0.64781391,USDT
2025-03-14T13:30:00Z,SOL/USDT,buy,126.76335000,5.15079637,0.65293220,USDT
2025-03-14T20:15:00Z,SOL/USDT,sell,133.04344500,5.15079637,0.68527969,USDT
2025-03-15T13:15:00Z,SOL/USDT,buy,135.00747000,4.85862554,0.65595074,USDT
2025-03-15T14:30:00Z,SOL/USDT,sell,134.67263000,4.85862554,0.65432388,USDT
2025-03-15T17:30:00Z,SOL/USDT,buy,136.36815000,4.80690537,0.65550879,USDT
2025-03-15T17:45:00Z,SOL/USDT,stop_sell,135.17702054,4.80690537,0.64978315,USDT
2025-03-17T02:00:00Z,SOL/USDT,buy,128.18406000,5.08335332,0.65160487,USDT
2025-03-17T02:15:00Z,SOL/USDT,stop_sell,127.78536107,5.08335332,0.64957814,USDT
2025-03-17T04:00:00Z,SOL/USDT,buy,129.21457500,5.06434204,0.65438680,USDT
2025-03-17T05:15:00Z,SOL/USDT,sell,128.28582500,5.06434204,0.64968330,USDT
2025-03-17T11:00:00Z,SOL/USDT,buy,129.45469500,5.04458019,0.65304459,USDT
2025-03-17T12:15:00Z,SOL/USDT,stop_sell,128.24584500,5.04458019,0.64694645,USDT
2025-03-17T19:00:00Z,SOL/USDT,buy,130.03498500,5.00865115,0.65129988,USDT
2025-03-17T20:15:00Z,SOL/USDT,sell,129.51521000,5.00865115,0.64869651,USDT
2025-03-18T09:15:00Z,SOL/USDT,buy,125.64279000,5.18258814,0.65115483,USDT
2025-03-18T09:45:00Z,SOL/USDT,stop_sell,124.97748000,5.18258814,0.64770681,USDT
2025-03-18T19:00:00Z,SOL/USDT,buy,124.18206000,5.2556221,0.65265398,USDT
2025-03-18T20:30:00Z,SOL/USDT,sell,123.68812500,5.2556221,0.65005804,USDT
2025-03-19T00:30:00Z,SOL/USDT,buy,126.09301500,5.1696901,0.65186181,USDT
2025-03-19T01:15:00Z,SOL/USDT,sell,124.93750000,5.1696901,0.64588816,USDT
2025-03-19T11:15:00Z,SOL/USDT,buy,127.69381500,5.09908101,0.65112111,USDT
2025-03-19T12:45:00Z,SOL/USDT,sell,126.85654000,5.09908101,0.64685177,USDT
2025-03-19T14:00:00Z,SOL/USDT,buy,130.68531000,4.99957987,0.65337165,USDT
2025-03-19T16:45:00Z,SOL/USDT,sell,131.00446500,4.99957987,0.65496729,USDT
2025-03-19T19:00:00Z,SOL/USDT,buy,132.99646500,4.88774043,0.65005220,USDT
2025-03-19T19:15:00Z,SOL/USDT,stop_sell,131.43567786,4.88774043,0.64242348,USDT
2025-03-21T01:00:00Z,SOL/USDT,buy,128.59426500,5.0529463,0.64977992,USDT
2025-03-21T01:30:00Z,SOL/USDT,sell,128.34579500,5.0529463,0.64852441,USDT
2025-03-21T18:45:00Z,SOL/USDT,buy,128.76435000,5.03646512,0.64851716,USDT
2025-03-21T18:45:00Z,SOL/USDT,stop_sell,127.88780982,5.03646512,0.64410249,USDT
2025-03-21T21:45:00Z,SOL/USDT,buy,129.18456000,4.99841106,0.64571753,USDT
2025-03-21T22:00:00Z,SOL/USDT,stop_sell,128.73988357,4.99841106,0.64349486,USDT
2025-03-22T09:30:00Z,SOL/USDT,buy,130.65529500,4.97020633,0.64938377,USDT
2025-03-22T11:45:00Z,SOL/USDT,sell,130.41476000,4.97020633,0.64818827,USDT
2025-03-22T18:30:00Z,SOL/USDT,buy,129.64479000,4.99355549,0.64738845,USDT
2025-03-22T18:30:00Z,SOL/USDT,stop_sell,129.47451607,4.99355549,0.64653818,USDT
2025-03-23T03:30:00Z,SOL/USDT,buy,130.18506000,4.98302198,0.64871502,USDT
2025-03-23T05:15:00Z,SOL/USDT,sell,129.83505000,4.98302198,0.64697091,USDT
2025-03-23T08:00:00Z,SOL/USDT,buy,131.13553500,4.93674201,0.64738230,USDT
2025-03-23T08:15:00Z,SOL/USDT,stop_sell,130.85454000,4.93674201,0.64599510,USDT
2025-03-23T10:30:00Z,SOL/USDT,buy,132.39616500,4.90409063,0.64928279,USDT
2025-03-23T13:15:00Z,SOL/USDT,sell,133.11341000,4.90409063,0.65280023,USDT
2025-03-24T00:30:00Z,SOL/USDT,buy,134.44719000,4.82577053,0.64881129,USDT
2025-03-24T01:30:00Z,SOL/USDT,stop_sell,133.49500482,4.82577053,0.64421626,USDT
2025-03-24T03:15:00Z,SOL/USDT,buy,137.19856500,4.71410131,0.64676793,USDT
2025-03-24T06:00:00Z,SOL/USDT,sell,138.16088500,4.71410131,0.65130441,USDT
2025-03-24T08:30:00Z,SOL/USDT,buy,140.05999500,4.62571046,0.64787698,USDT
2025-03-24T14:45:00Z,SOL/USDT,sell,142.89851500,4.62571046,0.66100716,USDT
2025-03-25T08:45:00Z,SOL/USDT,buy,140.26009500,4.62915894,0.64928627,USDT
2025-03-25T11:15:00Z,SOL/USDT,sell,142.32880000,4.62915894,0.65886264,USDT
2025-03-25T13:30:00Z,SOL/USDT,buy,145.13253000,4.47389308,0.64930742,USDT
2025-03-25T13:45:00Z,SOL/USDT,stop_sell,143.84018679,4.47389308,0.64352562,USDT
2025-03-26T07:00:00Z,SOL/USDT,buy,144.18205500,4.49976173,0.64878489,USDT
2025-03-26T09:00:00Z,SOL/USDT,sell,144.69761500,4.49976173,0.65110479,USDT
2025-03-27T02:30:00Z,SOL/USDT,buy,139.47970500,4.66036102,0.65002578,USDT
2025-03-27T04:30:00Z,SOL/USDT,sell,139.47023000,4.66036102,0.64998162,USDT
2025-03-27T22:15:00Z,SOL/USDT,buy,139.78986000,4.64224679,0.64893903,USDT
2025-03-27T22:15:00Z,SOL/USDT,stop_sell,139.25390964,4.64224679,0.64645102,USDT
2025-03-29T16:15:00Z,SOL/USDT,buy,126.49321500,5.12702292,0.64853361,USDT
2025-03-29T16:30:00Z,SOL/USDT,sell,126.17688000,5.12702292,0.64691176,USDT
2025-03-30T02:45:00Z,SOL/USDT,buy,126.13303500,5.13126417,0.64722192,USDT
2025-03-30T06:00:00Z,SOL/USDT,stop_sell,125.63500821,5.13126417,0.64466642,USDT
2025-03-31T03:00:00Z,SOL/USDT,buy,126.87340500,5.11586537,0.64906726,USDT
2025-03-31T03:30:00Z,SOL/USDT,stop_sell,125.33265946,5.11586537,0.64118501,USDT
2025-03-31T15:30:00Z,SOL/USDT,buy,127.51372500,5.07718984,0.64741139,USDT
2025-03-31T16:15:00Z,SOL/USDT,sell,126.52670500,5.07718984,0.64240010,USDT
2025-04-02T08:30:00Z,SOL/USDT,buy,125.75284500,5.14960561,0.64757756,USDT
2025-04-02T12:00:00Z,SOL/USDT,sell,125.97698000,5.14960561,0.64873176,USDT
2025-04-02T13:00:00Z,SOL/USDT,buy,126.74334000,5.10640247,0.64720250,USDT
2025-04-02T13:00:00Z,SOL/USDT,stop_sell,126.10227446,5.10640247,0.64392897,USDT
2025-04-02T15:45:00Z,SOL/USDT,buy,130.73533500,4.94570565,0.64657848,USDT
2025-04-02T17:45:00Z,SOL/USDT,sell,129.53520000,4.94570565,0.64064297,USDT
2025-04-03T18:45:00Z,SOL/USDT,buy,115.76785500,5.58072808,0.64606892,USDT
2025-04-03T18:45:00Z,SOL/USDT,stop_sell,115.04709054,5.58072808,0.64204653,USDT
2025-04-03T22:00:00Z,SOL/USDT,buy,117.06850500,5.50472512,0.64442994,USDT
2025-04-03T23:00:00Z,SOL/USDT,stop_sell,116.47958821,5.50472512,0.64118812,USDT
2025-04-04T15:15:00Z,SOL/USDT,buy,120.06000000,5.38043715,0.64597528,USDT
2025-04-04T15:30:00Z,SOL/USDT,stop_sell,117.88352875,5.38043715,0.63426492,USDT
2025-04-07T14:00:00Z,SOL/USDT,buy,107.22358500,6.04916688,0.64861336,USDT
2025-04-07T15:15:00Z,SOL/USDT,stop_sell,104.20572821,6.04916688,0.63035784,USDT
2025-04-07T22:00:00Z,SOL/USDT,buy,107.91393000,5.91334789,0.63813261,USDT
2025-04-07T23:30:00Z,SOL/USDT,sell,107.60617000,5.91334789,0.63631272,USDT
2025-04-09T00:30:00Z,SOL/USDT,buy,106.54324500,6.04123879,0.64365318,USDT
2025-04-09T00:45:00Z,SOL/USDT,stop_sell,105.21736500,6.04123879,0.63564323,USDT
2025-04-09T07:15:00Z,SOL/USDT,buy,107.14354500,5.98915462,0.64169926,USDT
2025-04-09T08:45:00Z,SOL/USDT,sell,106.97648500,5.98915462,0.64069871,USDT
2025-04-09T17:15:00Z,SOL/USDT,buy,108.58426500,5.91234327,0.64198745,USDT
2025-04-09T21:45:00Z,SOL/USDT,sell,118.99047500,5.91234327,0.70351253,USDT
2025-04-11T03:30:00Z,SOL/USDT,buy,115.50772500,5.59451338,0.64620951,USDT
2025-04-11T05:15:00Z,SOL/USDT,sell,115.35229500,5.59451338,0.64533996,USDT
2025-04-11T13:45:00Z,SOL/USDT,buy,120.55024500,5.36394231,0.64662456,USDT
2025-04-11T14:15:00Z,SOL/USDT,stop_sell,119.27211982,5.36394231,0.63976877,USDT
2025-04-12T04:45:00Z,SOL/USDT,buy,122.67130500,5.28780424,0.64866185,USDT
2025-04-12T17:00:00Z,SOL/USDT,sell,129.26533500,5.28780424,0.68352979,USDT
2025-04-12T20:45:00Z,SOL/USDT,buy,133.31662500,4.85451373,0.64718739,USDT
2025-04-12T21:00:00Z,SOL/USDT,stop_sell,132.37342304,4.85451373,0.64260860,USDT
2025-04-13T17:30:00Z,SOL/USDT,buy,130.96545000,4.92669357,0.64522664,USDT
2025-04-13T19:15:00Z,SOL/USDT,sell,130.23485000,4.92669357,0.64162720,USDT
2025-04-14T00:30:00Z,SOL/USDT,buy,131.26560000,4.93385836,0.64764588,USDT
2025-04-14T03:45:00Z,SOL/USDT,sell,131.69412000,4.93385836,0.64976013,USDT
2025-04-15T05:30:00Z,SOL/USDT,buy,131.43568500,4.9167301,0.64623379,USDT
2025-04-15T06:00:00Z,SOL/USDT,stop_sell,130.75459000,4.9167301,0.64288503,USDT
2025-04-15T09:15:00Z,SOL/USDT,buy,132.68631000,4.88421205,0.64806807,USDT
2025-04-15T10:30:00Z,SOL/USDT,stop_sell,131.75444696,4.88421205,0.64351666,USDT
2025-04-16T15:30:00Z,SOL/USDT,buy,129.36465000,4.99656387,0.64637874,USDT
2025-04-16T16:30:00Z,SOL/USDT,stop_sell,127.70611500,4.99656387,0.63809176,USDT
2025-04-16T17:30:00Z,SOL/USDT,buy,130.07500500,4.9470254,0.64348435,USDT
2025-04-16T17:30:00Z,SOL/USDT,stop_sell,129.03188036,4.9470254,0.63832399,USDT
2025-04-16T20:00:00Z,SOL/USDT,buy,132.71632500,4.86732558,0.64597356,USDT
2025-04-16T22:45:00Z,SOL/USDT,sell,132.41376000,4.86732558,0.64450088,USDT
2025-04-17T05:30:00Z,SOL/USDT,buy,131.87590500,4.88113265,0.64370379,USDT
2025-04-17T09:00:00Z,SOL/USDT,sell,133.43325000,4.88113265,0.65130539,USDT
2025-04-17T17:15:00Z,SOL/USDT,buy,134.95744500,4.77750033,0.64475924,USDT
2025-04-17T19:00:00Z,SOL/USDT,sell,134.35279000,4.77750033,0.64187050,USDT
2025-04-18T03:00:00Z,SOL/USDT,buy,135.07750500,4.76057051,0.64304599,USDT
2025-04-18T03:00:00Z,SOL/USDT,stop_sell,134.77543571,4.76057051,0.64160796,USDT
2025-04-18T08:15:00Z,SOL/USDT,buy,135.22758000,4.76846886,0.64482850,USDT
2025-04-18T09:00:00Z,SOL/USDT,sell,134.46273500,4.76846886,0.64118136,USDT
2025-04-19T01:15:00Z,SOL/USDT,buy,134.64729000,4.79249701,0.64529673,USDT
2025-04-19T06:15:00Z,SOL/USDT,sell,138.09092000,4.79249701,0.66180032,USDT
2025-04-19T10:00:00Z,SOL/USDT,buy,139.41967500,4.62169532,0.64435526,USDT
2025-04-19T10:00:00Z,SOL/USDT,stop_sell,139.21428661,4.62169532,0.64340602,USDT
2025-04-19T15:30:00Z,SOL/USDT,buy,139.91992500,4.60787342,0.64473330,USDT
2025-04-19T15:30:00Z,SOL/USDT,stop_sell,139.54055196,4.60787342,0.64298520,USDT
2025-04-19T22:45:00Z,SOL/USDT,buy,139.37965500,4.62895128,0.64518163,USDT
2025-04-20T03:15:00Z,SOL/USDT,sell,140.85953500,4.62895128,0.65203192,USDT
2025-04-20T20:30:00Z,SOL/USDT,buy,137.66880000,4.66293163,0.64194020,USDT
2025-04-20T20:30:00Z,SOL/USDT,stop_sell,137.53120000,4.66293163,0.64129858,USDT
2025-04-21T00:30:00Z,SOL/USDT,buy,141.56074500,4.56969863,0.64688994,USDT
2025-04-21T02:30:00Z,SOL/USDT,stop_sell,140.21235875,4.56969863,0.64072822,USDT
2025-04-22T01:30:00Z,SOL/USDT,buy,138.37915500,4.65717652,0.64445615,USDT
2025-04-22T05:00:00Z,SOL/USDT,sell,138.91051000,4.65717652,0.64693077,USDT
2025-04-22T07:45:00Z,SOL/USDT,buy,140.15004000,4.60233053,0.64501681,USDT
2025-04-22T08:15:00Z,SOL/USDT,stop_sell,139.43596143,4.60233053,0.64173038,USDT
2025-04-22T13:00:00Z,SOL/USDT,buy,141.53073000,4.55516866,0.64469635,USDT
2025-04-22T17:30:00Z,SOL/USDT,sell,144.40776000,4.55516866,0.65780170,USDT
2025-04-22T22:00:00Z,SOL/USDT,buy,147.92392500,4.36201471,0.64524634,USDT
2025-04-23T01:00:00Z,SOL/USDT,sell,147.70611000,4.36201471,0.64429622,USDT
2025-04-23T04:45:00Z,SOL/USDT,buy,150.88540500,4.28263734,0.64618747,USDT
2025-04-23T07:15:00Z,SOL/USDT,sell,150.90451000,4.28263734,0.64626929,USDT
2025-04-23T08:30:00Z,SOL/USDT,buy,151.87590000,4.23142959,0.64265218,USDT
2025-04-23T08:30:00Z,SOL/USDT,stop_sell,151.55061536,4.23142959,0.64127576,USDT
2025-04-24T14:15:00Z,SOL/USDT,buy,150.08500500,4.29913311,0.64523541,USDT
2025-04-24T14:15:00Z,SOL/USDT,stop_sell,148.99153839,4.29913311,0.64053446,USDT
2025-04-25T01:15:00Z,SOL/USDT,buy,153.97695000,4.19442124,0.64584419,USDT
2025-04-25T01:15:00Z,SOL/USDT,stop_sell,152.61222714,4.19442124,0.64011997,USDT
2025-04-25T07:00:00Z,SOL/USDT,buy,153.87690000,4.19924482,0.64616678,USDT
2025-04-25T09:15:00Z,SOL/USDT,sell,153.61315500,4.19924482,0.64505925,USDT
2025-04-25T12:15:00Z,SOL/USDT,buy,155.91792000,4.13036603,0.64399808,USDT
2025-04-25T12:15:00Z,SOL/USDT,stop_sell,154.76293696,4.13036603,0.63922758,USDT
2025-04-27T00:30:00Z,SOL/USDT,buy,149.96494500,4.29427735,0.64399107,USDT
2025-04-27T01:15:00Z,SOL/USDT,sell,148.90551000,4.29427735,0.63944156,USDT
2025-04-27T08:45:00Z,SOL/USDT,buy,148.54423500,4.33341019,0.64370310,USDT
2025-04-27T12:00:00Z,SOL/USDT,sell,147.87602500,4.33341019,0.64080747,USDT
2025-04-27T14:00:00Z,SOL/USDT,buy,149.37465000,4.30762566,0.64345008,USDT
2025-04-27T15:15:00Z,SOL/USDT,sell,149.37527500,4.30762566,0.64345277,USDT
2025-04-27T18:30:00Z,SOL/USDT,buy,149.80486500,4.29053417,0.64274289,USDT
2025-04-27T20:15:00Z,SOL/USDT,stop_sell,149.12504304,4.29053417,0.63982609,USDT
2025-04-28T04:30:00Z,SOL/USDT,buy,149.57475000,4.30006901,0.64318175,USDT
2025-04-28T12:00:00Z,SOL/USDT,sell,151.80406000,4.30006901,0.65276793,USDT
2025-04-29T01:15:00Z,SOL/USDT,buy,148.14403500,4.31723907,0.63957322,USDT
2025-04-29T01:15:00Z,SOL/USDT,stop_sell,147.99596500,4.31723907,0.63893396,USDT
2025-04-29T08:15:00Z,SOL/USDT,buy,149.28460500,4.3049266,0.64265927,USDT
2025-04-29T10:30:00Z,SOL/USDT,sell,148.46573000,4.3049266,0.63913407,USDT
2025-04-29T18:30:00Z,SOL/USDT,buy,149.59476000,4.2940036,0.64236044,USDT
2025-04-29T20:00:00Z,SOL/USDT,sell,149.47522500,4.2940036,0.64184715,USDT
2025-04-30T10:15:00Z,SOL/USDT,buy,147.60376500,4.35036765,0.64213064,USDT
2025-04-30T12:15:00Z,SOL/USDT,sell,147.30631000,4.35036765,0.64083661,USDT
2025-05-01T01:15:00Z,SOL/USDT,buy,148.62427500,4.32027189,0.64209728,USDT
2025-05-01T04:00:00Z,SOL/USDT,sell,148.75558500,4.32027189,0.64266457,USDT
2025-05-01T07:45:00Z,SOL/USDT,buy,150.02497500,4.2812558,0.64229529,USDT
2025-05-01T12:30:00Z,SOL/USDT,sell,151.36428000,4.2812558,0.64802920,USDT
2025-05-02T11:30:00Z,SOL/USDT,buy,150.65529000,4.25833666,0.64154094,USDT
2025-05-02T12:15:00Z,SOL/USDT,stop_sell,150.28482000,4.25833666,0.63996336,USDT
2025-05-02T14:15:00Z,SOL/USDT,buy,151.26559500,4.24527252,0.64216367,USDT
2025-05-02T15:00:00Z,SOL/USDT,stop_sell,150.50792268,4.24527252,0.63894715,USDT
2025-05-03T15:15:00Z,SOL/USDT,buy,148.83438000,4.30932086,0.64137510,USDT
2025-05-03T15:45:00Z,SOL/USDT,stop_sell,148.46608696,4.30932086,0.63978801,USDT
2025-05-04T15:15:00Z,SOL/USDT,buy,147.05349000,4.36170683,0.64140421,USDT
2025-05-04T17:00:00Z,SOL/USDT,sell,147.14639000,4.36170683,0.64180941,USDT
2025-05-05T06:00:00Z,SOL/USDT,buy,147.03348000,4.36033895,0.64111581,USDT
2025-05-05T08:15:00Z,SOL/USDT,sell,146.56668000,4.36033895,0.63908040,USDT
2025-05-05T16:30:00Z,SOL/USDT,buy,145.32262500,4.4156032,0.64168705,USDT
2025-05-05T20:15:00Z,SOL/USDT,sell,146.08692000,4.4156032,0.64506187,USDT
2025-05-06T07:15:00Z,SOL/USDT,buy,145.77285000,4.39886909,0.64123568,USDT
2025-05-06T07:45:00Z,SOL/USDT,stop_sell,145.07742500,4.39886909,0.63817660,USDT
2025-05-06T18:30:00Z,SOL/USDT,buy,144.60226500,4.42381317,0.63969340,USDT
2025-05-06T20:45:00Z,SOL/USDT,sell,143.97797500,4.42381317,0.63693166,USDT
2025-05-06T22:15:00Z,SOL/USDT,buy,146.42317500,4.39276211,0.64320218,USDT
2025-05-07T02:15:00Z,SOL/USDT,sell,148.09591500,4.39276211,0.65055012,USDT
2025-05-08T01:15:00Z,SOL/USDT,buy,148.78435500,4.30684556,0.64079124,USDT
2025-05-08T05:30:00Z,SOL/USDT,sell,150.35478500,4.30684556,0.64755484,USDT
2025-05-08T08:15:00Z,SOL/USDT,buy,152.19606000,4.21266382,0.64115084,USDT
2025-05-08T11:30:00Z,SOL/USDT,sell,153.95298500,4.21266382,0.64855217,USDT
2025-05-08T14:45:00Z,SOL/USDT,buy,156.62827500,4.11054686,0.64382786,USDT
2025-05-08T17:45:00Z,SOL/USDT,sell,158.86053000,4.11054686,0.65300365,USDT
2025-05-09T00:00:00Z,SOL/USDT,buy,164.43217500,3.90614049,0.64229518,USDT
2025-05-09T00:30:00Z,SOL/USDT,stop_sell,162.81212464,3.90614049,0.63596703,USDT
2025-05-09T07:30:00Z,SOL/USDT,buy,165.26259000,3.88895859,0.64269937,USDT
2025-05-09T08:45:00Z,SOL/USDT,sell,165.80705500,3.88895859,0.64481677,USDT
2025-05-09T10:45:00Z,SOL/USDT,buy,169.22457000,3.79461068,0.64214136,USDT
2025-05-09T12:15:00Z,SOL/USDT,sell,170.80455500,3.79461068,0.64813679,USDT
2025-05-09T21:00:00Z,SOL/USDT,buy,173.04648000,3.71361385,0.64262780,USDT
2025-05-09T21:15:00Z,SOL/USDT,stop_sell,171.97218518,3.71361385,0.63863829,USDT
2025-05-10T00:15:00Z,SOL/USDT,buy,174.53722500,3.67841392,0.64202016,USDT
2025-05-10T00:15:00Z,SOL/USDT,stop_sell,173.48250107,3.67841392,0.63814045,USDT
2025-05-10T17:30:00Z,SOL/USDT,buy,172.48620000,3.71975939,0.64160716,USDT
2025-05-10T18:00:00Z,SOL/USDT,sell,171.76407500,3.71975939,0.63892103,USDT
2025-05-10T22:45:00Z,SOL/USDT,buy,174.74733000,3.66939081,0.64121625,USDT
2025-05-11T00:15:00Z,SOL/USDT,stop_sell,173.77128518,3.66939081,0.63763476,USDT
2025-05-11T01:15:00Z,SOL/USDT,buy,179.21956500,3.56869281,0.63957957,USDT
2025-05-11T01:45:00Z,SOL/USDT,stop_sell,176.50813036,3.56869281,0.62990330,USDT
2025-05-11T12:15:00Z,SOL/USDT,buy,174.18705000,3.65545542,0.63673300,USDT
2025-05-11T12:15:00Z,SOL/USDT,stop_sell,174.01295000,3.65545542,0.63609658,USDT
2025-05-11T18:45:00Z,SOL/USDT,buy,172.90641000,3.69533691,0.63894744,USDT
2025-05-11T20:00:00Z,SOL/USDT,stop_sell,171.88687071,3.69533691,0.63517990,USDT
2025-05-12T07:15:00Z,SOL/USDT,buy,179.07949500,3.57405706,0.64004033,USDT
2025-05-12T07:30:00Z,SOL/USDT,stop_sell,177.50905821,3.57405706,0.63442750,USDT
2025-05-12T13:15:00Z,SOL/USDT,buy,177.69880500,3.59753051,0.63927687,USDT
2025-05-12T13:30:00Z,SOL/USDT,stop_sell,176.13831536,3.59753051,0.63366296,USDT
2025-05-12T14:00:00Z,SOL/USDT,buy,179.21956500,3.55735221,0.63754712,USDT
2025-05-12T14:15:00Z,SOL/USDT,stop_sell,177.56652946,3.55735221,0.63166669,USDT
2025-05-13T09:30:00Z,SOL/USDT,buy,173.58675000,3.68163281,0.63908267,USDT
2025-05-13T12:15:00Z,SOL/USDT,sell,173.01345000,3.68163281,0.63697199,USDT
2025-05-13T12:45:00Z,SOL/USDT,buy,174.99745500,3.6403324,0.63704891,USDT
2025-05-13T13:45:00Z,SOL/USDT,stop_sell,173.92763554,3.6403324,0.63315441,USDT
2025-05-13T16:00:00Z,SOL/USDT,buy,176.25808500,3.61381651,0.63696438,USDT
2025-05-14T00:30:00Z,SOL/USDT,sell,182.63863500,3.61381651,0.66002251,USDT
2025-05-15T01:00:00Z,SOL/USDT,buy,177.72882000,3.59048301,0.63813231,USDT
2025-05-15T01:00:00Z,SOL/USDT,stop_sell,176.92220893,3.59048301,0.63523619,USDT
2025-05-15T16:00:00Z,SOL/USDT,buy,172.35613500,3.70678945,0.63888790,USDT
2025-05-15T18:30:00Z,SOL/USDT,sell,170.75458000,3.70678945,0.63295128,USDT
2025-05-16T14:00:00Z,SOL/USDT,buy,173.80686000,3.66449001,0.63691350,USDT
2025-05-16T14:00:00Z,SOL/USDT,stop_sell,173.16872946,3.66449001,0.63457508,USDT
2025-05-17T21:00:00Z,SOL/USDT,buy,167.65378500,3.79862003,0.63685303,USDT
2025-05-17T22:00:00Z,SOL/USDT,stop_sell,166.64877679,3.79862003,0.63303538,USDT
2025-05-18T04:45:00Z,SOL/USDT,buy,168.10401000,3.79122301,0.63731979,USDT
2025-05-18T11:45:00Z,SOL/USDT,sell,170.84453500,3.79122301,0.64770973,USDT
2025-05-18T14:00:00Z,SOL/USDT,buy,172.92642000,3.6892725,0.63797269,USDT
2025-05-18T17:30:00Z,SOL/USDT,sell,174.89251000,3.6892725,0.64522613,USDT
2025-05-19T00:00:00Z,SOL/USDT,buy,173.07649500,3.6792636,0.63679405,USDT
2025-05-19T00:15:00Z,SOL/USDT,stop_sell,171.76407500,3.6792636,0.63196531,USDT
2025-05-19T15:00:00Z,SOL/USDT,buy,164.10201000,3.8838085,0.63734078,USDT
2025-05-19T16:00:00Z,SOL/USDT,stop_sell,162.92849500,3.8838085,0.63278307,USDT
2025-05-19T16:30:00Z,SOL/USDT,buy,164.83237500,3.8691854,0.63776702,USDT
2025-05-19T18:30:00Z,SOL/USDT,sell,164.55768000,3.8691854,0.63670417,USDT
2025-05-19T19:45:00Z,SOL/USDT,buy,166.73332500,3.82737768,0.63815141,USDT
2025-05-19T21:00:00Z,SOL/USDT,sell,165.81705000,3.82737768,0.63464448,USDT
2025-05-20T01:30:00Z,SOL/USDT,buy,168.67429500,3.78190512,0.63791018,USDT
2025-05-20T03:15:00Z,SOL/USDT,sell,169.58516500,3.78190512,0.64135500,USDT
2025-05-20T21:15:00Z,SOL/USDT,buy,168.42417000,3.76815985,0.63464920,USDT
2025-05-20T21:15:00Z,SOL/USDT,stop_sell,167.52619500,3.76815985,0.63126548,USDT
2025-05-21T04:45:00Z,SOL/USDT,buy,170.92542000,3.7184304,0.63557428,USDT
2025-05-21T06:00:00Z,SOL/USDT,stop_sell,170.03850964,3.7184304,0.63227636,USDT
2025-05-21T15:00:00Z,SOL/USDT,buy,172.80636000,3.68358199,0.63654640,USDT
2025-05-21T15:30:00Z,SOL/USDT,stop_sell,171.53847357,3.68358199,0.63187603,USDT
2025-05-21T16:45:00Z,SOL/USDT,buy,174.72732000,3.6428555,0.63650638,USDT
2025-05-21T17:00:00Z,SOL/USDT,stop_sell,172.90493286,3.6428555,0.62986769,USDT
2025-05-21T23:30:00Z,SOL/USDT,buy,174.30711000,3.65094931,0.63638642,USDT
2025-05-22T01:45:00Z,SOL/USDT,sell,173.27332000,3.65094931,0.63261211,USDT
2025-05-22T04:00:00Z,SOL/USDT,buy,176.57824500,3.58331335,0.63273518,USDT
2025-05-22T06:00:00Z,SOL/USDT,sell,175.85203000,3.58331335,0.63013293,USDT
2025-05-22T07:45:00Z,SOL/USDT,buy,178.45918500,3.55925652,0.63518202,USDT
2025-05-22T10:15:00Z,SOL/USDT,sell,178.52069500,3.55925652,0.63540095,USDT
2025-05-22T16:15:00Z,SOL/USDT,buy,180.09000000,3.52730997,0.63523325,USDT
2025-05-22T16:30:00Z,SOL/USDT,sell,178.51070000,3.52730997,0.62966257,USDT
2025-05-23T01:30:00Z,SOL/USDT,buy,182.26108500,3.47231293,0.63286752,USDT
2025-05-23T04:30:00Z,SOL/USDT,sell,183.21834500,3.47231293,0.63619143,USDT
2025-05-23T08:45:00Z,SOL/USDT,buy,186.08299500,3.40583259,0.63376753,USDT
2025-05-23T11:15:00Z,SOL/USDT,sell,185.06742000,3.40583259,0.63030865,USDT
2025-05-24T10:45:00Z,SOL/USDT,buy,176.84838000,3.58591118,0.63416258,USDT
2025-05-24T12:15:00Z,SOL/USDT,sell,176.57167000,3.58591118,0.63317033,USDT
2025-05-25T13:00:00Z,SOL/USDT,buy,172.36614000,3.66837799,0.63230415,USDT
2025-05-25T13:15:00Z,SOL/USDT,stop_sell,171.56417500,3.66837799,0.62936224,USDT
2025-05-25T23:00:00Z,SOL/USDT,buy,174.76734000,3.623604,0.63328763,USDT
2025-05-26T02:45:00Z,SOL/USDT,sell,175.81205000,3.623604,0.63707325,USDT
2025-05-27T11:45:00Z,SOL/USDT,buy,177.08850000,3.57703503,0.63345177,USDT
2025-05-27T12:00:00Z,SOL/USDT,stop_sell,176.41175000,3.57703503,0.63103101,USDT
2025-05-27T13:15:00Z,SOL/USDT,buy,178.11901500,3.54750709,0.63187847,USDT
2025-05-27T13:45:00Z,SOL/USDT,stop_sell,177.59223089,3.54750709,0.63000970,USDT
2025-05-29T00:45:00Z,SOL/USDT,buy,172.67629500,3.66592319,0.63301803,USDT
2025-05-29T02:15:00Z,SOL/USDT,sell,172.48371500,3.66592319,0.63231205,USDT
2025-05-31T19:45:00Z,SOL/USDT,buy,157.46869500,4.01040514,0.63151326,USDT
2025-05-31T22:30:00Z,SOL/USDT,stop_sell,157.06999714,4.01040514,0.62991432,USDT
2025-06-01T15:30:00Z,SOL/USDT,buy,154.51722000,4.09411822,0.63261177,USDT
2025-06-01T18:30:00Z,SOL/USDT,sell,154.75258500,4.09411822,0.63357538,USDT
2025-06-02T21:15:00Z,SOL/USDT,buy,154.73733000,4.07811385,0.63103645,USDT
2025-06-03T03:00:00Z,SOL/USDT,sell,159.72010000,4.07811385,0.65135675,USDT
2025-06-03T11:00:00Z,SOL/USDT,buy,161.35063500,3.93315133,0.63461646,USDT
2025-06-03T12:00:00Z,SOL/USDT,stop_sell,160.38976500,3.93315133,0.63083722,USDT
2025-06-03T15:00:00Z,SOL/USDT,buy,163.29160500,3.8798303,0.63354372,USDT
2025-06-03T15:00:00Z,SOL/USDT,stop_sell,162.16137875,3.8798303,0.62915863,USDT
2025-06-06T02:15:00Z,SOL/USDT,buy,145.57275000,4.34270318,0.63217924,USDT
2025-06-06T06:45:00Z,SOL/USDT,sell,147.24634000,4.34270318,0.63944715,USDT
2025-06-06T11:15:00Z,SOL/USDT,buy,148.82437500,4.25860782,0.63378465,USDT
2025-06-06T15:45:00Z,SOL/USDT,sell,150.57467500,4.25860782,0.64123849,USDT
2025-06-07T05:00:00Z,SOL/USDT,buy,149.83488000,4.23204867,0.63410850,USDT
2025-06-07T09:45:00Z,SOL/USDT,sell,151.57417500,4.23204867,0.64146929,USDT
2025-06-08T15:15:00Z,SOL/USDT,buy,150.82537500,4.20441567,0.63413257,USDT
2025-06-08T21:00:00Z,SOL/USDT,sell,154.14289000,4.20441567,0.64808078,USDT
2025-06-09T09:45:00Z,SOL/USDT,buy,153.68680500,4.13546894,0.63556701,USDT
2025-06-09T13:30:00Z,SOL/USDT,sell,154.66263000,4.13546894,0.63960250,USDT
2025-06-09T18:30:00Z,SOL/USDT,buy,156.51822000,4.05662439,0.63493563,USDT
2025-06-09T18:45:00Z,SOL/USDT,sell,156.05193500,4.05662439,0.63304409,USDT
2025-06-09T21:15:00Z,SOL/USDT,buy,157.57875000,4.02928924,0.63493036,USDT
2025-06-10T01:45:00Z,SOL/USDT,sell,160.07992000,4.02928924,0.64500830,USDT
2025-06-10T11:45:00Z,SOL/USDT,buy,160.92042000,3.94884059,0.63544909,USDT
2025-06-10T12:00:00Z,SOL/USDT,stop_sell,160.07170982,3.94884059,0.63209767,USDT
2025-06-10T19:00:00Z,SOL/USDT,buy,164.21206500,3.88028433,0.63718950,USDT
2025-06-10T21:45:00Z,SOL/USDT,sell,163.78806500,3.88028433,0.63554426,USDT
2025-06-11T03:15:00Z,SOL/USDT,buy,165.78285000,3.83437946,0.63567435,USDT
2025-06-11T04:30:00Z,SOL/USDT,sell,165.31730000,3.83437946,0.63388926,USDT
2025-06-11T12:45:00Z,SOL/USDT,buy,166.98345000,3.80010747,0.63455506,USDT
2025-06-11T13:30:00Z,SOL/USDT,stop_sell,165.93877482,3.80010747,0.63058518,USDT
2025-06-11T14:30:00Z,SOL/USDT,buy,168.05398500,3.78762926,0.63652619,USDT
2025-06-11T15:00:00Z,SOL/USDT,stop_sell,166.09155554,3.78762926,0.62909324,USDT
2025-06-13T15:30:00Z,SOL/USDT,buy,147.37365000,4.30298834,0.63414710,USDT
2025-06-13T17:15:00Z,SOL/USDT,sell,146.68662000,4.30298834,0.63119082,USDT
2025-06-14T23:45:00Z,SOL/USDT,buy,144.87240000,4.37281948,0.63350085,USDT
2025-06-15T01:45:00Z,SOL/USDT,sell,144.97747500,4.37281948,0.63396033,USDT
2025-06-15T02:45:00Z,SOL/USDT,buy,145.91292000,4.34478744,0.63396062,USDT
2025-06-15T07:15:00Z,SOL/USDT,sell,146.05693500,4.34478744,0.63458634,USDT
2025-06-15T15:00:00Z,SOL/USDT,buy,152.07600000,4.17934739,0.63557843,USDT
2025-06-15T15:45:00Z,SOL/USDT,stop_sell,150.60466000,4.17934739,0.62942919,USDT
2025-06-15T19:00:00Z,SOL/USDT,buy,152.69631000,4.14888455,0.63351936,USDT
2025-06-15T19:45:00Z,SOL/USDT,sell,152.06393000,4.14888455,0.63089569,USDT
2025-06-16T02:00:00Z,SOL/USDT,buy,156.46819500,4.04528258,0.63295806,USDT
2025-06-16T06:15:00Z,SOL/USDT,sell,156.77157500,4.04528258,0.63418532,USDT
2025-06-16T19:15:00Z,SOL/USDT,buy,158.59926000,3.99670268,0.63387409,USDT
2025-06-16T19:45:00Z,SOL/USDT,sell,157.54119000,3.99670268,0.62964530,USDT
2025-06-18T21:00:00Z,SOL/USDT,buy,146.91342000,4.28814757,0.62998642,USDT
2025-06-18T23:45:00Z,SOL/USDT,sell,146.34679000,4.28814757,0.62755663,USDT
2025-06-19T22:30:00Z,SOL/USDT,buy,146.84338500,4.30571535,0.63226582,USDT
2025-06-20T00:30:00Z,SOL/USDT,sell,146.71660500,4.30571535,0.63171994,USDT
2025-06-20T11:00:00Z,SOL/USDT,buy,148.66429500,4.25514576,0.63258824,USDT
2025-06-20T12:30:00Z,SOL/USDT,sell,147.95598500,4.25514576,0.62957428,USDT
2025-06-21T03:30:00Z,SOL/USDT,buy,141.12052500,4.48548486,0.63299398,USDT
2025-06-21T04:45:00Z,SOL/USDT,stop_sell,140.13989500,4.48548486,0.62859538,USDT
2025-06-21T09:00:00Z,SOL/USDT,buy,141.41067000,4.4566224,0.63021396,USDT
2025-06-21T12:30:00Z,SOL/USDT,sell,141.92900000,4.4566224,0.63252396,USDT
2025-06-23T13:45:00Z,SOL/USDT,buy,136.12803000,4.63805817,0.63136972,USDT
2025-06-23T14:30:00Z,SOL/USDT,stop_sell,134.88966429,4.63805817,0.62562611,USDT
2025-06-23T18:15:00Z,SOL/USDT,buy,139.12953000,4.55098366,0.63317622,USDT
2025-06-24T00:30:00Z,SOL/USDT,sell,143.53819500,4.55098366,0.65323998,USDT
2025-06-24T05:45:00Z,SOL/USDT,buy,145.37265000,4.35647286,0.63331200,USDT
2025-06-24T07:45:00Z,SOL/USDT,sell,144.39776500,4.35647286,0.62906494,USDT
2025-06-24T17:00:00Z,SOL/USDT,buy,146.27310000,4.3174212,0.63152258,USDT
2025-06-24T17:00:00Z,SOL/USDT,stop_sell,145.10883786,4.3174212,0.62649597,USDT
2025-06-24T23:45:00Z,SOL/USDT,buy,145.77285000,4.3323476,0.63153866,USDT
2025-06-25T01:30:00Z,SOL/USDT,sell,145.89701500,4.3323476,0.63207658,USDT
2025-06-25T13:30:00Z,SOL/USDT,buy,147.39366000,4.28633406,0.63177847,USDT
2025-06-25T14:00:00Z,SOL/USDT,stop_sell,146.62522214,4.28633406,0.62848468,USDT
2025-06-25T21:00:00Z,SOL/USDT,buy,145.19256000,4.34855562,0.63137792,USDT
2025-06-25T21:30:00Z,SOL/USDT,sell,144.40776000,4.34855562,0.62796518,USDT
2025-06-26T01:45:00Z,SOL/USDT,buy,145.43268000,4.33760261,0.63082917,USDT
2025-06-26T04:15:00Z,SOL/USDT,sell,145.60716000,4.33760261,0.63158600,USDT
2025-06-27T09:00:00Z,SOL/USDT,buy,142.74133500,4.41697508,0.63048492,USDT
2025-06-27T09:30:00Z,SOL/USDT,stop_sell,141.77907500,4.41697508,0.62623464,USDT
2025-06-27T16:45:00Z,SOL/USDT,buy,143.95194000,4.37859321,0.63030699,USDT
2025-06-27T17:15:00Z,SOL/USDT,sell,142.68862000,4.37859321,0.62477542,USDT
2025-06-28T05:15:00Z,SOL/USDT,buy,143.67180000,4.38182564,0.62954478,USDT
2025-06-28T12:30:00Z,SOL/USDT,sell,146.68662000,4.38182564,0.64275519,USDT
2025-06-28T16:15:00Z,SOL/USDT,buy,149.06449500,4.2370992,0.63160105,USDT
2025-06-28T20:15:00Z,SOL/USDT,sell,150.36478000,4.2370992,0.63711049,USDT
2025-06-29T13:00:00Z,SOL/USDT,buy,151.83588000,4.15445869,0.63079589,USDT
2025-06-29T13:30:00Z,SOL/USDT,sell,151.68412000,4.15445869,0.63016541,USDT
2025-06-29T14:15:00Z,SOL/USDT,buy,152.53623000,4.13466275,0.63068587,USDT
2025-06-29T14:30:00Z,SOL/USDT,stop_sell,152.02395000,4.13466275,0.62856776,USDT
2025-06-29T22:30:00Z,SOL/USDT,buy,154.38715500,4.08307399,0.63037418,USDT
2025-06-29T22:30:00Z,SOL/USDT,stop_sell,153.49071625,4.08307399,0.62671395,USDT
2025-06-30T14:45:00Z,SOL/USDT,buy,151.57575000,4.14090334,0.62766053,USDT
2025-06-30T14:45:00Z,SOL/USDT,stop_sell,151.19900554,4.14090334,0.62610047,USDT
2025-06-30T15:30:00Z,SOL/USDT,buy,155.62777500,4.04057425,0.62882558,USDT
2025-06-30T15:30:00Z,SOL/USDT,stop_sell,154.30459482,4.04057425,0.62347917,USDT
2025-06-30T15:45:00Z,SOL/USDT,buy,157.30861500,4.00377361,0.62982808,USDT
2025-06-30T18:15:00Z,SOL/USDT,sell,156.33179500,4.00377361,0.62591712,USDT
2025-07-02T00:30:00Z,SOL/USDT,buy,147.52372500,4.26650887,0.62941128,USDT
2025-07-02T00:45:00Z,SOL/USDT,stop_sell,146.66663000,4.26650887,0.62575448,USDT
2025-07-02T02:45:00Z,SOL/USDT,buy,148.19406000,4.24052434,0.62842052,USDT
2025-07-02T05:30:00Z,SOL/USDT,sell,148.55568500,4.24052434,0.62995400,USDT
2025-07-02T08:45:00Z,SOL/USDT,buy,149.78485500,4.19563471,0.62844254,USDT
2025-07-02T09:15:00Z,SOL/USDT,sell,149.33529500,4.19563471,0.62655635,USDT
2025-07-02T15:15:00Z,SOL/USDT,buy,151.27560000,4.15235221,0.62814957,USDT
2025-07-02T15:30:00Z,SOL/USDT,stop_sell,150.16630786,4.15235221,0.62354340,USDT
2025-07-02T16:15:00Z,SOL/USDT,buy,152.69631000,4.11550376,0.62842224,USDT
2025-07-02T17:30:00Z,SOL/USDT,stop_sell,151.34036339,4.11550376,0.62284183,USDT
2025-07-02T21:45:00Z,SOL/USDT,buy,153.73683000,4.07609087,0.62664529,USDT
2025-07-02T23:15:00Z,SOL/USDT,sell,153.19336500,4.07609087,0.62443008,USDT
2025-07-03T21:15:00Z,SOL/USDT,buy,153.17655000,4.09264998,0.62689800,USDT
2025-07-03T23:30:00Z,SOL/USDT,sell,152.39376500,4.09264998,0.62369434,USDT
2025-07-04T22:30:00Z,SOL/USDT,buy,147.71382000,4.24273965,0.62671128,USDT
2025-07-04T23:45:00Z,SOL/USDT,sell,147.41625500,4.24273965,0.62544879,USDT
2025-07-05T03:15:00Z,SOL/USDT,buy,148.03398000,4.21993394,0.62469362,USDT
2025-07-05T03:15:00Z,SOL/USDT,stop_sell,147.88602000,4.21993394,0.62406924,USDT
2025-07-05T11:45:00Z,SOL/USDT,buy,148.47420000,4.21466228,0.62576861,USDT
2025-07-05T11:45:00Z,SOL/USDT,stop_sell,148.20300429,4.21466228,0.62462561,USDT
2025-07-05T13:30:00Z,SOL/USDT,buy,148.10401500,4.21280553,0.62393341,USDT
2025-07-05T13:30:00Z,SOL/USDT,stop_sell,147.95598500,4.21280553,0.62330979,USDT
2025-07-06T07:15:00Z,SOL/USDT,buy,148.53423000,4.22374212,0.62737028,USDT
2025-07-06T08:00:00Z,SOL/USDT,stop_sell,147.79606500,4.22374212,0.62425246,USDT
2025-07-06T13:00:00Z,SOL/USDT,buy,149.04448500,4.19672855,0.62549925,USDT
2025-07-06T18:30:00Z,SOL/USDT,sell,151.61415500,4.19672855,0.63628345,USDT
2025-07-08T06:15:00Z,SOL/USDT,buy,149.71482000,4.18302891,0.62626142,USDT
2025-07-08T07:15:00Z,SOL/USDT,stop_sell,148.99546500,4.18302891,0.62325234,USDT
2025-07-08T10:45:00Z,SOL/USDT,buy,151.07550000,4.13652313,0.62492730,USDT
2025-07-08T14:15:00Z,SOL/USDT,sell,151.44424000,4.13652313,0.62645260,USDT
2025-07-09T05:45:00Z,SOL/USDT,buy,153.68680500,4.07390553,0.62610552,USDT
2025-07-09T06:00:00Z,SOL/USDT,stop_sell,152.87638071,4.07390553,0.62280393,USDT
2025-07-09T11:30:00Z,SOL/USDT,buy,153.50671500,4.07657864,0.62578220,USDT
2025-07-09T13:45:00Z,SOL/USDT,sell,154.15288500,4.07657864,0.62841636,USDT
2025-07-09T20:00:00Z,SOL/USDT,buy,157.38865500,3.97872521,0.62620621,USDT
2025-07-09T20:00:00Z,SOL/USDT,stop_sell,156.18579661,3.97872521,0.62142037,USDT
2025-07-10T07:45:00Z,SOL/USDT,buy,158.23908000,3.94702723,0.62457396,USDT
2025-07-10T09:45:00Z,SOL/USDT,sell,158.13089500,3.94702723,0.62414695,USDT
2025-07-10T17:45:00Z,SOL/USDT,buy,159.55974000,3.91919762,0.62534615,USDT
2025-07-10T18:30:00Z,SOL/USDT,stop_sell,158.40611446,3.91919762,0.62082487,USDT
2025-07-10T21:30:00Z,SOL/USDT,buy,163.01146500,3.84206965,0.62630140,USDT
2025-07-11T00:30:00Z,SOL/USDT,sell,162.32879500,3.84206965,0.62367854,USDT
2025-07-11T05:15:00Z,SOL/USDT,buy,165.54273000,3.77602462,0.62509342,USDT
2025-07-11T06:45:00Z,SOL/USDT,sell,164.46772500,3.77602462,0.62103418,USDT
2025-07-11T13:00:00Z,SOL/USDT,buy,165.40266000,3.77642708,0.62463108,USDT
2025-07-11T15:15:00Z,SOL/USDT,sell,165.23734000,3.77642708,0.62400677,USDT
2025-07-13T04:45:00Z,SOL/USDT,buy,162.05098500,3.85322827,0.62441944,USDT
2025-07-13T06:00:00Z,SOL/USDT,sell,161.44923500,3.85322827,0.62210076,USDT
2025-07-13T14:30:00Z,SOL/USDT,buy,164.01196500,3.80072331,0.62336410,USDT
2025-07-13T14:30:00Z,SOL/USDT,stop_sell,163.23191464,3.80072331,0.62039934,USDT
2025-07-14T02:45:00Z,SOL/USDT,buy,164.58225000,3.78596903,0.62310330,USDT
2025-07-14T06:00:00Z,SOL/USDT,sell,166.25683000,3.78596903,0.62944321,USDT
2025-07-15T13:15:00Z,SOL/USDT,buy,161.03047500,3.87272492,0.62362673,USDT
2025-07-15T14:30:00Z,SOL/USDT,stop_sell,159.86609839,3.87272492,0.61911742,USDT
2025-07-15T18:00:00Z,SOL/USDT,buy,162.92142000,3.82988149,0.62396973,USDT
2025-07-15T18:30:00Z,SOL/USDT,stop_sell,161.22184875,3.82988149,0.61746057,USDT
2025-07-15T23:15:00Z,SOL/USDT,buy,163.91191500,3.80059064,0.62296209,USDT
2025-07-16T02:00:00Z,SOL/USDT,sell,163.81805000,3.80059064,0.62260535,USDT
2025-07-16T08:45:00Z,SOL/USDT,buy,165.06249000,3.77169667,0.62256564,USDT
2025-07-16T11:00:00Z,SOL/USDT,sell,165.96697500,3.77169667,0.62597709,USDT
2025-07-16T15:00:00Z,SOL/USDT,buy,167.71381500,3.71263593,0.62266034,USDT
2025-07-16T15:15:00Z,SOL/USDT,stop_sell,166.67269339,3.71263593,0.61879503,USDT
2025-07-16T16:15:00Z,SOL/USDT,buy,170.34513000,3.65179719,0.62206587,USDT
2025-07-16T21:45:00Z,SOL/USDT,sell,174.11290000,3.65179719,0.63582500,USDT
2025-07-17T09:45:00Z,SOL/USDT,buy,177.22857000,3.50847937,0.62180278,USDT
2025-07-17T10:30:00Z,SOL/USDT,stop_sell,175.94412679,3.50847937,0.61729634,USDT
2025-07-17T21:15:00Z,SOL/USDT,buy,175.58775000,3.54685349,0.62278402,USDT
2025-07-17T21:30:00Z,SOL/USDT,stop_sell,173.89515179,3.54685349,0.61678063,USDT
2025-07-18T01:15:00Z,SOL/USDT,buy,181.13052000,3.43242979,0.62171779,USDT
2025-07-18T02:00:00Z,SOL/USDT,stop_sell,179.21570446,3.43242979,0.61514532,USDT
2025-07-18T05:15:00Z,SOL/USDT,buy,183.86188500,3.38414026,0.62221441,USDT
2025-07-18T07:45:00Z,SOL/USDT,sell,182.70860000,3.38414026,0.61831153,USDT
2025-07-19T21:00:00Z,SOL/USDT,buy,177.59875500,3.48951363,0.61973328,USDT
2025-07-19T21:00:00Z,SOL/USDT,stop_sell,176.91899625,3.48951363,0.61736125,USDT
2025-07-20T01:15:00Z,SOL/USDT,buy,179.27959500,3.46103799,0.62049349,USDT
2025-07-20T01:45:00Z,SOL/USDT,stop_sell,178.27260482,3.46103799,0.61700826,USDT
2025-07-20T08:45:00Z,SOL/USDT,buy,179.61976500,3.45372794,0.62035780,USDT
2025-07-20T11:00:00Z,SOL/USDT,sell,179.75008000,3.45372794,0.62080787,USDT
2025-07-20T12:45:00Z,SOL/USDT,buy,181.01046000,3.42930608,0.62074027,USDT
2025-07-20T14:15:00Z,SOL/USDT,sell,181.71909500,3.42930608,0.62317040,USDT
2025-07-20T19:15:00Z,SOL/USDT,buy,183.27159000,3.38544827,0.62045649,USDT
2025-07-20T19:45:00Z,SOL/USDT,sell,181.93898500,3.38544827,0.61594502,USDT
2025-07-21T03:00:00Z,SOL/USDT,buy,184.41216000,3.37189127,0.62181775,USDT
2025-07-21T11:45:00Z,SOL/USDT,sell,191.16437000,3.37189127,0.64458547,USDT
2025-07-21T15:00:00Z,SOL/USDT,buy,195.22756500,3.18275255,0.62136103,USDT
2025-07-21T16:15:00Z,SOL/USDT,sell,194.68261000,3.18275255,0.61962657,USDT
2025-07-22T00:30:00Z,SOL/USDT,buy,198.91941000,3.12313734,0.62125264,USDT
2025-07-22T00:30:00Z,SOL/USDT,stop_sell,197.34699143,3.12313734,0.61634176,USDT
2025-07-22T01:30:00Z,SOL/USDT,buy,199.44967500,3.11299329,0.62088550,USDT
2025-07-22T03:45:00Z,SOL/USDT,sell,198.74058000,3.11299329,0.61867809,USDT
2025-07-22T13:00:00Z,SOL/USDT,buy,203.20155000,3.05475946,0.62073186,USDT
2025-07-22T13:30:00Z,SOL/USDT,stop_sell,201.20541839,3.05475946,0.61463416,USDT
2025-07-22T15:15:00Z,SOL/USDT,buy,204.91240500,3.02608921,0.62008322,USDT
2025-07-22T15:45:00Z,SOL/USDT,stop_sell,201.66661625,3.02608921,0.61026117,USDT
2025-07-22T23:45:00Z,SOL/USDT,buy,205.75282500,3.00811111,0.61892736,USDT
2025-07-23T00:00:00Z,SOL/USDT,stop_sell,204.21212857,3.00811111,0.61429277,USDT
2025-07-24T00:30:00Z,SOL/USDT,buy,190.90540500,3.24070643,0.61866837,USDT
2025-07-24T04:00:00Z,SOL/USDT,sell,189.86502000,3.24070643,0.61529679,USDT
2025-07-25T18:15:00Z,SOL/USDT,buy,181.75083000,3.4037825,0.61864029,USDT
2025-07-26T01:00:00Z,SOL/USDT,sell,185.66712000,3.4037825,0.63197049,USDT
2025-07-26T09:15:00Z,SOL/USDT,buy,188.71431000,3.28219916,0.61939795,USDT
2025-07-26T09:30:00Z,SOL/USDT,stop_sell,188.00380821,3.28219916,0.61706594,USDT
2025-07-27T11:45:00Z,SOL/USDT,buy,187.29360000,3.28591268,0.61543042,USDT
2025-07-27T11:45:00Z,SOL/USDT,stop_sell,187.10640000,3.28591268,0.61481529,USDT
2025-07-27T16:45:00Z,SOL/USDT,buy,189.36463500,3.27990248,0.62109754,USDT
2025-07-27T16:45:00Z,SOL/USDT,stop_sell,187.53047357,3.27990248,0.61508167,USDT
2025-07-27T22:15:00Z,SOL/USDT,buy,190.09500000,3.25233603,0.61825282,USDT
2025-07-27T22:45:00Z,SOL/USDT,stop_sell,188.90157339,3.25233603,0.61437139,USDT
2025-07-28T00:30:00Z,SOL/USDT,buy,191.07549000,3.23350467,0.61784349,USDT
2025-07-28T00:30:00Z,SOL/USDT,stop_sell,189.49449107,3.23350467,0.61273132,USDT
2025-07-28T02:45:00Z,SOL/USDT,buy,191.57574000,3.22241123,0.61733582,USDT
2025-07-28T07:15:00Z,SOL/USDT,sell,191.99395500,3.22241123,0.61868348,USDT
2025-07-29T04:00:00Z,SOL/USDT,buy,184.61226000,3.34400734,0.61734475,USDT
2025-07-29T05:00:00Z,SOL/USDT,sell,183.32829000,3.34400734,0.61305115,USDT
2025-07-31T00:45:00Z,SOL/USDT,buy,179.33962500,3.44024055,0.61697145,USDT
2025-07-31T06:15:00Z,SOL/USDT,sell,180.42974000,3.44024055,0.62072171,USDT
2025-07-31T08:30:00Z,SOL/USDT,buy,182.03097000,3.39757254,0.61846343,USDT
2025-07-31T10:30:00Z,SOL/USDT,sell,181.79905500,3.39757254,0.61767548,USDT
2025-08-03T01:00:00Z,SOL/USDT,buy,159.81987000,3.86337568,0.61744420,USDT
2025-08-03T04:15:00Z,SOL/USDT,sell,160.62964500,3.86337568,0.62057266,USDT
2025-08-03T08:00:00Z,SOL/USDT,buy,161.54073000,3.82193969,0.61739893,USDT
2025-08-03T08:45:00Z,SOL/USDT,sell,160.91950000,3.82193969,0.61502462,USDT
2025-08-03T11:15:00Z,SOL/USDT,buy,162.90141000,3.78590082,0.61672858,USDT
2025-08-03T11:30:00Z,SOL/USDT,stop_sell,161.77907000,3.78590082,0.61247951,USDT
2025-08-03T17:15:00Z,SOL/USDT,buy,162.63127500,3.78762882,0.61598690,USDT
2025-08-03T17:30:00Z,SOL/USDT,stop_sell,161.83404250,3.78762882,0.61296728,USDT
2025-08-03T23:30:00Z,SOL/USDT,buy,162.51121500,3.78600468,0.61526822,USDT
2025-08-03T23:45:00Z,SOL/USDT,sell,161.76907500,3.78600468,0.61245848,USDT
2025-08-04T01:00:00Z,SOL/USDT,buy,164.56224000,3.74032057,0.61551553,USDT
2025-08-04T01:45:00Z,SOL/USDT,stop_sell,163.42931589,3.74032057,0.61127803,USDT
2025-08-04T13:45:00Z,SOL/USDT,buy,164.98245000,3.74244036,0.61743698,USDT
2025-08-04T18:15:00Z,SOL/USDT,sell,167.21635000,3.74244036,0.62579722,USDT
2025-08-05T10:15:00Z,SOL/USDT,buy,169.50471000,3.63464518,0.61608948,USDT
2025-08-05T12:15:00Z,SOL/USDT,stop_sell,168.37220036,3.63464518,0.61197321,USDT
2025-08-06T05:45:00Z,SOL/USDT,buy,164.66229000,3.73761691,0.61544456,USDT
2025-08-06T06:15:00Z,SOL/USDT,stop_sell,163.56817500,3.73761691,0.61135518,USDT
2025-08-06T18:15:00Z,SOL/USDT,buy,169.81486500,3.62340438,0.61530793,USDT
2025-08-06T18:30:00Z,SOL/USDT,stop_sell,168.41575000,3.62340438,0.61023837,USDT
2025-08-07T06:00:00Z,SOL/USDT,buy,168.76434000,3.64298423,0.61480583,USDT
2025-08-07T09:00:00Z,SOL/USDT,sell,169.07542000,3.64298423,0.61593909,USDT
2025-08-07T10:30:00Z,SOL/USDT,buy,172.01596500,3.57258398,0.61454148,USDT
2025-08-07T12:30:00Z,SOL/USDT,sell,172.04393500,3.57258398,0.61464141,USDT
2025-08-07T20:15:00Z,SOL/USDT,buy,172.15603500,3.56770028,0.61420113,USDT
2025-08-08T00:30:00Z,SOL/USDT,sell,174.00295500,3.56770028,0.62079039,USDT
2025-08-08T03:30:00Z,SOL/USDT,buy,175.79785500,3.49943572,0.61519329,USDT
2025-08-08T04:00:00Z,SOL/USDT,stop_sell,174.34278500,3.49943572,0.61010137,USDT
2025-08-08T12:00:00Z,SOL/USDT,buy,177.60876000,3.45426462,0.61350766,USDT
2025-08-08T12:00:00Z,SOL/USDT,stop_sell,177.06249589,3.45426462,0.61162072,USDT
2025-08-08T14:00:00Z,SOL/USDT,buy,178.50921000,3.43739328,0.61360636,USDT
2025-08-08T14:00:00Z,SOL/USDT,stop_sell,177.53440268,3.43739328,0.61025556,USDT
2025-08-08T18:00:00Z,SOL/USDT,buy,179.24958000,3.423647,0.61368729,USDT
2025-08-08T18:30:00Z,SOL/USDT,stop_sell,177.66112500,3.423647,0.60824898,USDT
2025-08-09T02:00:00Z,SOL/USDT,buy,178.85938500,3.43082224,0.61363476,USDT
2025-08-09T02:45:00Z,SOL/USDT,stop_sell,177.64113500,3.43082224,0.60945516,USDT
2025-08-09T05:15:00Z,SOL/USDT,buy,180.35013000,3.40552501,0.61418688,USDT
2025-08-09T07:00:00Z,SOL/USDT,sell,179.58016500,3.40552501,0.61156474,USDT
2025-08-09T10:15:00Z,SOL/USDT,buy,182.90140500,3.34485099,0.61177795,USDT
2025-08-09T10:45:00Z,SOL/USDT,stop_sell,182.13888500,3.34485099,0.60922743,USDT
2025-08-09T18:15:00Z,SOL/USDT,buy,181.70080500,3.36693638,0.61177505,USDT
2025-08-09T21:30:00Z,SOL/USDT,sell,181.22934000,3.36693638,0.61018766,USDT
2025-08-10T02:00:00Z,SOL/USDT,buy,184.63227000,3.32002205,0.61298321,USDT
2025-08-10T02:45:00Z,SOL/USDT,stop_sell,182.96025982,3.32002205,0.60743210,USDT
2025-08-11T02:15:00Z,SOL/USDT,buy,184.80235500,3.30917703,0.61154371,USDT
2025-08-11T03:00:00Z,SOL/USDT,stop_sell,183.55103571,3.30917703,0.60740287,USDT
2025-08-11T04:30:00Z,SOL/USDT,buy,185.97294000,3.28320656,0.61058758,USDT
2025-08-11T05:45:00Z,SOL/USDT,sell,185.01744500,3.28320656,0.60745049,USDT
2025-08-12T12:45:00Z,SOL/USDT,buy,178.29910500,3.42478448,0.61063601,USDT
2025-08-12T13:00:00Z,SOL/USDT,stop_sell,176.95397875,3.42478448,0.60602924,USDT
2025-08-12T16:30:00Z,SOL/USDT,buy,182.61126000,3.34116745,0.61013480,USDT
2025-08-12T23:00:00Z,SOL/USDT,sell,191.64413000,3.34116745,0.64031513,USDT
2025-08-13T01:30:00Z,SOL/USDT,buy,194.93742000,3.14402826,0.61288876,USDT
2025-08-13T05:45:00Z,SOL/USDT,sell,197.21134500,3.14402826,0.62003804,USDT
2025-08-13T09:15:00Z,SOL/USDT,buy,199.91991000,3.06077831,0.61191052,USDT
2025-08-13T13:45:00Z,SOL/USDT,sell,201.66911500,3.06077831,0.61726445,USDT
2025-08-13T20:00:00Z,SOL/USDT,buy,202.18104000,3.03392808,0.61340273,USDT
2025-08-13T20:00:00Z,SOL/USDT,stop_sell,200.16486750,3.03392808,0.60728581,USDT
2025-08-14T00:30:00Z,SOL/USDT,buy,203.28159000,3.00823946,0.61151970,USDT
2025-08-14T00:30:00Z,SOL/USDT,stop_sell,201.74122179,3.00823946,0.60688590,USDT
2025-08-14T01:45:00Z,SOL/USDT,buy,204.10200000,2.99769226,0.61183499,USDT
2025-08-14T02:15:00Z,SOL/USDT,stop_sell,201.81582732,2.99769226,0.60498174,USDT
2025-08-14T03:00:00Z,SOL/USDT,buy,207.25357500,2.94901747,0.61119441,USDT
2025-08-14T05:45:00Z,SOL/USDT,sell,206.66661500,2.94901747,0.60946346,USDT
2025-08-15T02:00:00Z,SOL/USDT,buy,193.81686000,3.15343088,0.61118807,USDT
2025-08-15T05:00:00Z,SOL/USDT,sell,194.78256000,3.15343088,0.61423334,USDT
2025-08-16T08:00:00Z,SOL/USDT,buy,189.01446000,3.22918267,0.61036222,USDT
2025-08-16T08:00:00Z,SOL/USDT,stop_sell,188.46679089,3.22918267,0.60859370,USDT
2025-08-16T23:00:00Z,SOL/USDT,buy,189.40465500,3.22979709,0.61173860,USDT
2025-08-17T00:30:00Z,SOL/USDT,sell,188.45572500,3.22979709,0.60867375,USDT
2025-08-17T02:45:00Z,SOL/USDT,buy,190.70530500,3.19036945,0.60842038,USDT
2025-08-17T06:45:00Z,SOL/USDT,sell,192.31379500,3.19036945,0.61355206,USDT
2025-08-17T14:45:00Z,SOL/USDT,buy,194.17704000,3.15132985,0.61191590,USDT
2025-08-17T16:45:00Z,SOL/USDT,sell,193.81304500,3.15132985,0.61076883,USDT
2025-08-19T01:00:00Z,SOL/USDT,buy,185.06248500,3.30160141,0.61100256,USDT
2025-08-19T01:30:00Z,SOL/USDT,stop_sell,183.61029179,3.30160141,0.60620800,USDT
2025-08-19T11:30:00Z,SOL/USDT,buy,182.47119000,3.34566978,0.61048835,USDT
2025-08-19T12:45:00Z,SOL/USDT,sell,181.77906500,3.34566978,0.60817272,USDT
2025-08-19T21:15:00Z,SOL/USDT,buy,179.16954000,3.4085984,0.61071701,USDT
2025-08-19T22:15:00Z,SOL/USDT,sell,178.31080000,3.4085984,0.60778991,USDT
2025-08-20T02:30:00Z,SOL/USDT,buy,181.07049000,3.36834207,0.60990735,USDT
2025-08-20T05:15:00Z,SOL/USDT,sell,180.07991500,3.36834207,0.60657075,USDT
2025-08-20T19:30:00Z,SOL/USDT,buy,185.76283500,3.28129171,0.60954205,USDT
2025-08-20T21:30:00Z,SOL/USDT,sell,186.04693000,3.28129171,0.61047425,USDT
2025-08-21T00:00:00Z,SOL/USDT,buy,187.86388500,3.24602543,0.60981095,USDT
2025-08-21T01:30:00Z,SOL/USDT,sell,186.86652000,3.24602543,0.60657348,USDT
2025-08-21T02:00:00Z,SOL/USDT,buy,189.13452000,3.22061619,0.60912970,USDT
2025-08-21T02:00:00Z,SOL/USDT,stop_sell,187.89172143,3.22061619,0.60512712,USDT
2025-08-21T03:15:00Z,SOL/USDT,buy,188.89440000,3.2178978,0.60784287,USDT
2025-08-21T04:15:00Z,SOL/USDT,stop_sell,187.27488714,3.2178978,0.60263145,USDT
2025-08-22T02:30:00Z,SOL/USDT,buy,183.02146500,3.31494266,0.60670566,USDT
2025-08-22T02:30:00Z,SOL/USDT,stop_sell,182.39304357,3.31494266,0.60462248,USDT
2025-08-22T08:15:00Z,SOL/USDT,buy,184.71231000,3.29160685,0.60800030,USDT
2025-08-22T09:00:00Z,SOL/USDT,sell,183.63813500,3.29160685,0.60446454,USDT
2025-08-22T14:15:00Z,SOL/USDT,buy,190.79535000,3.18716615,0.60809648,USDT
2025-08-22T22:15:00Z,SOL/USDT,sell,199.64013000,3.18716615,0.63628626,USDT
2025-08-23T04:45:00Z,SOL/USDT,buy,204.40215000,2.98406815,0.60994995,USDT
2025-08-23T07:30:00Z,SOL/USDT,sell,205.52718500,2.98406815,0.61330713,USDT
2025-08-23T18:30:00Z,SOL/USDT,buy,204.10200000,2.98826958,0.60991180,USDT
2025-08-23T20:15:00Z,SOL/USDT,sell,203.47821000,2.98826958,0.60804775,USDT
2025-08-24T00:15:00Z,SOL/USDT,buy,204.96243000,2.97321436,0.60939724,USDT
2025-08-24T03:15:00Z,SOL/USDT,sell,207.79605000,2.97321436,0.61782220,USDT
2025-08-24T15:15:00Z,SOL/USDT,buy,207.47368500,2.92970684,0.60783707,USDT
2025-08-24T15:45:00Z,SOL/USDT,stop_sell,206.75657000,2.92970684,0.60573614,USDT
2025-08-24T18:15:00Z,SOL/USDT,buy,210.05497500,2.90319163,0.60982985,USDT
2025-08-24T19:30:00Z,SOL/USDT,stop_sell,208.12445714,2.90319163,0.60422518,USDT
2025-08-25T01:30:00Z,SOL/USDT,buy,208.09399500,2.92848556,0.60940026,USDT
2025-08-25T04:00:00Z,SOL/USDT,sell,208.85552000,2.92848556,0.61163037,USDT
2025-08-26T12:45:00Z,SOL/USDT,buy,191.66578500,3.18390445,0.61024555,USDT
2025-08-26T12:45:00Z,SOL/USDT,stop_sell,189.89893161,3.18390445,0.60462005,USDT
2025-08-26T15:00:00Z,SOL/USDT,buy,191.74582500,3.17258763,0.60833043,USDT
2025-08-26T15:45:00Z,SOL/USDT,sell,190.57466500,3.17258763,0.60461482,USDT
2025-08-26T17:00:00Z,SOL/USDT,buy,193.34662500,3.14365788,0.60781564,USDT
2025-08-26T21:15:00Z,SOL/USDT,sell,195.98196000,3.14365788,0.61610023,USDT
2025-08-26T23:15:00Z,SOL/USDT,buy,197.68879500,3.07785531,0.60845751,USDT
2025-08-26T23:30:00Z,SOL/USDT,stop_sell,196.48242393,3.07785531,0.60474447,USDT
2025-08-27T02:30:00Z,SOL/USDT,buy,198.45918000,3.06748856,0.60877126,USDT
2025-08-27T07:00:00Z,SOL/USDT,sell,202.78855500,3.06748856,0.62205157,USDT
2025-08-27T18:30:00Z,SOL/USDT,buy,211.87588500,2.8739784,0.60892672,USDT
2025-08-27T18:45:00Z,SOL/USDT,stop_sell,208.53246732,2.8739784,0.59931781,USDT
2025-08-28T05:00:00Z,SOL/USDT,buy,212.37613500,2.87057396,0.60964140,USDT
2025-08-28T06:00:00Z,SOL/USDT,stop_sell,209.98281321,2.87057396,0.60277120,USDT
2025-08-28T08:15:00Z,SOL/USDT,buy,215.98794000,2.81298375,0.60757057,USDT
2025-08-28T08:45:00Z,SOL/USDT,stop_sell,214.00080321,2.81298375,0.60198078,USDT
2025-08-28T13:45:00Z,SOL/USDT,buy,215.09749500,2.81907678,0.60637635,USDT
2025-08-28T13:45:00Z,SOL/USDT,stop_sell,213.61206911,2.81907678,0.60218882,USDT
2025-08-28T15:00:00Z,SOL/USDT,buy,215.49769500,2.81641927,0.60693186,USDT
2025-08-28T15:15:00Z,SOL/USDT,stop_sell,212.86958339,2.81641927,0.59953000,USDT
2025-08-28T22:30:00Z,SOL/USDT,buy,215.03746500,2.820816,0.60658112,USDT
2025-08-29T01:15:00Z,SOL/USDT,sell,213.80304500,2.820816,0.60309905,USDT
2025-08-29T12:45:00Z,SOL/USDT,buy,210.58524000,2.8793632,0.60635139,USDT
2025-08-29T13:45:00Z,SOL/USDT,stop_sell,208.02450714,2.8793632,0.59897811,USDT
2025-08-29T23:15:00Z,SOL/USDT,buy,204.25207500,2.96545981,0.60570132,USDT
2025-08-30T00:45:00Z,SOL/USDT,sell,204.15787000,2.96545981,0.60542196,USDT
2025-08-30T23:00:00Z,SOL/USDT,buy,201.67078500,3.00150067,0.60531500,USDT
2025-08-31T04:30:00Z,SOL/USDT,sell,204.73758000,3.00150067,0.61451998,USDT
2025-08-31T16:00:00Z,SOL/USDT,buy,204.31210500,2.95771501,0.60429698,USDT
2025-08-31T19:15:00Z,SOL/USDT,sell,204.89750000,2.95771501,0.60602841,USDT
2025-08-31T22:30:00Z,SOL/USDT,buy,205.36263000,2.94612088,0.60502313,USDT
2025-08-31T22:30:00Z,SOL/USDT,stop_sell,204.67868089,2.94612088,0.60300814,USDT
2025-09-01T08:15:00Z,SOL/USDT,buy,203.05147500,2.9809707,0.60529050,USDT
2025-09-01T09:45:00Z,SOL/USDT,sell,201.80904500,2.9809707,0.60158685,USDT
2025-09-02T03:00:00Z,SOL/USDT,buy,202.49119500,2.98948716,0.60534483,USDT
2025-09-02T07:15:00Z,SOL/USDT,sell,203.12838500,2.98948716,0.60724970,USDT
2025-09-02T14:30:00Z,SOL/USDT,buy,204.68229000,2.96108485,0.60608163,USDT
2025-09-02T15:30:00Z,SOL/USDT,sell,202.91849000,2.96108485,0.60085887,USDT
2025-09-02T19:00:00Z,SOL/USDT,buy,205.77283500,2.93501293,0.60394593,USDT
2025-09-03T01:00:00Z,SOL/USDT,sell,208.28580500,2.93501293,0.61132153,USDT
2025-09-03T02:00:00Z,SOL/USDT,buy,211.76583000,2.8637235,0.60643878,USDT
2025-09-03T03:45:00Z,SOL/USDT,sell,209.47521000,2.8637235,0.59987908,USDT
2025-09-03T23:30:00Z,SOL/USDT,buy,210.53521500,2.87261124,0.60478583,USDT
2025-09-04T01:15:00Z,SOL/USDT,sell,210.31479000,2.87261124,0.60415263,USDT
2025-09-05T07:15:00Z,SOL/USDT,buy,205.29259500,2.93780985,0.60311061,USDT
2025-09-05T09:15:00Z,SOL/USDT,stop_sell,204.80790196,2.93780985,0.60168667,USDT
2025-09-05T12:30:00Z,SOL/USDT,buy,208.00395000,2.90682893,0.60463190,USDT
2025-09-05T12:30:00Z,SOL/USDT,stop_sell,206.65804786,2.90682893,0.60071959,USDT
2025-09-05T19:30:00Z,SOL/USDT,buy,204.91240500,2.93894054,0.60222537,USDT
2025-09-05T21:15:00Z,SOL/USDT,stop_sell,204.26424536,2.93894054,0.60032047,USDT
2025-09-07T01:30:00Z,SOL/USDT,buy,202.49119500,2.98510601,0.60445768,USDT
2025-09-07T04:45:00Z,SOL/USDT,sell,202.69860000,2.98510601,0.60507681,USDT
2025-09-07T08:15:00Z,SOL/USDT,buy,202.78134000,2.96857201,0.60197101,USDT
2025-09-07T09:45:00Z,SOL/USDT,sell,202.63863000,2.96857201,0.60154737,USDT
2025-09-07T21:30:00Z,SOL/USDT,buy,205.09249500,2.94374554,0.60374012,USDT
2025-09-08T01:00:00Z,SOL/USDT,sell,205.80704500,2.94374554,0.60584357,USDT
2025-09-08T09:30:00Z,SOL/USDT,buy,209.68479000,2.87891055,0.60366375,USDT
2025-09-08T13:45:00Z,SOL/USDT,sell,213.80304500,2.87891055,0.61551984,USDT
2025-09-09T04:30:00Z,SOL/USDT,buy,215.44767000,2.80637389,0.60462672,USDT
2025-09-09T10:30:00Z,SOL/USDT,sell,218.34077500,2.80637389,0.61274585,USDT
2025-09-09T23:00:00Z,SOL/USDT,buy,217.22856000,2.78526334,0.60503874,USDT
2025-09-10T00:15:00Z,SOL/USDT,stop_sell,215.98338286,2.78526334,0.60157060,USDT
2025-09-10T02:30:00Z,SOL/USDT,buy,218.13901500,2.77217741,0.60472005,USDT
2025-09-10T04:45:00Z,SOL/USDT,sell,217.69110000,2.77217741,0.60347835,USDT
2025-09-10T12:45:00Z,SOL/USDT,buy,223.67178000,2.7082948,0.60576912,USDT
2025-09-10T14:45:00Z,SOL/USDT,sell,222.88850000,2.7082948,0.60364777,USDT
2025-09-10T23:15:00Z,SOL/USDT,buy,224.17203000,2.69321653,0.60374382,USDT
2025-09-11T02:30:00Z,SOL/USDT,sell,223.66811000,2.69321653,0.60238665,USDT
2025-09-11T09:15:00Z,SOL/USDT,buy,224.37213000,2.69410424,0.60448191,USDT
2025-09-11T12:30:00Z,SOL/USDT,stop_sell,223.02236161,2.69410424,0.60084549,USDT
2025-09-11T23:00:00Z,SOL/USDT,buy,228.30409500,2.6460857,0.60411220,USDT
2025-09-12T00:15:00Z,SOL/USDT,sell,228.09589500,2.6460857,0.60356129,USDT
2025-09-12T00:45:00Z,SOL/USDT,buy,232.43616000,2.59259339,0.60261245,USDT
2025-09-12T00:45:00Z,SOL/USDT,stop_sell,231.13937250,2.59259339,0.59925041,USDT
2025-09-12T01:00:00Z,SOL/USDT,buy,232.95642000,2.58768723,0.60281835,USDT
2025-09-12T01:30:00Z,SOL/USDT,stop_sell,231.07511893,2.58768723,0.59795013,USDT
2025-09-12T13:15:00Z,SOL/USDT,buy,240.08998500,2.51279191,0.60329617,USDT
2025-09-12T13:30:00Z,SOL/USDT,stop_sell,238.42572750,2.51279191,0.59911424,USDT
2025-09-12T14:15:00Z,SOL/USDT,buy,240.26007000,2.50628971,0.60216134,USDT
2025-09-12T14:45:00Z,SOL/USDT,sell,239.34027000,2.50628971,0.59985606,USDT
2025-09-12T22:15:00Z,SOL/USDT,buy,242.11099500,2.48710112,0.60215453,USDT
2025-09-12T23:00:00Z,SOL/USDT,stop_sell,240.23339464,2.48710112,0.59748474,USDT
2025-09-13T20:45:00Z,SOL/USDT,buy,240.22005000,2.50368736,0.60143590,USDT
2025-09-14T04:15:00Z,SOL/USDT,sell,245.94696500,2.50368736,0.61577431,USDT
2025-09-14T11:15:00Z,SOL/USDT,buy,246.87337500,2.43012523,0.59993322,USDT
2025-09-14T11:15:00Z,SOL/USDT,stop_sell,246.62662500,2.43012523,0.59933358,USDT
2025-09-15T22:00:00Z,SOL/USDT,buy,235.41765000,2.55795853,0.60218859,USDT
2025-09-15T22:30:00Z,SOL/USDT,stop_sell,233.93154714,2.55795853,0.59838720,USDT
2025-09-16T17:15:00Z,SOL/USDT,buy,239.34961500,2.51375015,0.60166513,USDT
2025-09-16T18:30:00Z,SOL/USDT,sell,237.68110000,2.51375015,0.59747090,USDT
2025-09-17T19:45:00Z,SOL/USDT,buy,238.73931000,2.51562615,0.60057885,USDT
2025-09-18T02:30:00Z,SOL/USDT,sell,244.92747500,2.51562615,0.61614596,USDT
2025-09-18T03:30:00Z,SOL/USDT,buy,247.20354000,2.43425954,0.60175758,USDT
2025-09-18T03:30:00Z,SOL/USDT,stop_sell,245.91805089,2.43425954,0.59862836,USDT
2025-09-18T11:30:00Z,SOL/USDT,buy,247.02345000,2.43778561,0.60219021,USDT
2025-09-18T11:45:00Z,SOL/USDT,sell,245.82702500,2.43778561,0.59927358,USDT
2025-09-18T16:00:00Z,SOL/USDT,buy,248.58423000,2.42096209,0.60181300,USDT
2025-09-18T18:45:00Z,SOL/USDT,sell,249.97495000,2.42096209,0.60517988,USDT
2025-09-20T07:30:00Z,SOL/USDT,buy,239.40964500,2.51254279,0.60152698,USDT
2025-09-20T08:15:00Z,SOL/USDT,stop_sell,238.64169089,2.51254279,0.59959746,USDT
2025-09-20T15:15:00Z,SOL/USDT,buy,239.97993000,2.51013497,0.60238201,USDT
2025-09-20T17:45:00Z,SOL/USDT,sell,239.12038000,2.51013497,0.60022443,USDT
2025-09-21T03:45:00Z,SOL/USDT,buy,241.32060000,2.49703194,0.60258525,USDT
2025-09-21T04:45:00Z,SOL/USDT,sell,240.52967500,2.49703194,0.60061028,USDT
2025-09-21T13:30:00Z,SOL/USDT,buy,240.18003000,2.50387811,0.60138152,USDT
2025-09-21T13:45:00Z,SOL/USDT,stop_sell,239.37132589,2.50387811,0.59935662,USDT
2025-09-22T13:15:00Z,SOL/USDT,buy,224.03196000,2.68308368,0.60109650,USDT
2025-09-22T13:30:00Z,SOL/USDT,stop_sell,222.39374750,2.68308368,0.59670103,USDT
2025-09-23T00:30:00Z,SOL/USDT,buy,221.39064000,2.71331617,0.60070280,USDT
2025-09-23T00:45:00Z,SOL/USDT,sell,219.78005500,2.71331617,0.59633278,USDT
2025-09-24T15:00:00Z,SOL/USDT,buy,216.21805500,2.78170401,0.60145463,USDT
2025-09-24T15:45:00Z,SOL/USDT,stop_sell,214.12074321,2.78170401,0.59562053,USDT
2025-09-26T16:15:00Z,SOL/USDT,buy,197.95893000,3.02925103,0.59966729,USDT
2025-09-26T19:30:00Z,SOL/USDT,sell,200.31979000,3.02925103,0.60681893,USDT
2025-09-26T23:45:00Z,SOL/USDT,buy,204.63226500,2.93336213,0.60026054,USDT
2025-09-27T01:30:00Z,SOL/USDT,sell,203.94797500,2.93336213,0.59825327,USDT
2025-09-27T12:45:00Z,SOL/USDT,buy,202.25107500,2.96854519,0.60039146,USDT
2025-09-27T15:00:00Z,SOL/USDT,sell,202.45872000,2.96854519,0.60100786,USDT
2025-09-27T22:15:00Z,SOL/USDT,buy,204.07198500,2.93575536,0.59910542,USDT
2025-09-27T23:15:00Z,SOL/USDT,stop_sell,203.43573125,2.93575536,0.59723754,USDT
2025-09-28T15:00:00Z,SOL/USDT,buy,201.81085500,2.97402025,0.60018957,USDT
2025-09-29T00:45:00Z,SOL/USDT,sell,209.42523500,2.97402025,0.62283489,USDT
2025-09-29T14:15:00Z,SOL/USDT,buy,210.73531500,2.85623327,0.60190922,USDT
2025-09-29T16:00:00Z,SOL/USDT,sell,210.38475500,2.85623327,0.60090794,USDT
2025-09-29T20:00:00Z,SOL/USDT,buy,213.29659500,2.82147113,0.60181018,USDT
2025-09-29T22:30:00Z,SOL/USDT,sell,213.37326000,2.82147113,0.60202649,USDT
2025-10-01T09:30:00Z,SOL/USDT,buy,217.22856000,2.76793805,0.60127520,USDT
2025-10-01T15:15:00Z,SOL/USDT,sell,219.05042000,2.76793805,0.60631799,USDT
2025-10-01T23:30:00Z,SOL/USDT,buy,220.60024500,2.72577248,0.60130608,USDT
2025-10-02T00:45:00Z,SOL/USDT,sell,220.05991500,2.72577248,0.59983326,USDT
2025-10-02T02:00:00Z,SOL/USDT,buy,222.87138000,2.69619104,0.60090382,USDT
2025-10-02T02:00:00Z,SOL/USDT,stop_sell,221.42994393,2.69619104,0.59701743,USDT
2025-10-02T02:45:00Z,SOL/USDT,buy,223.44166500,2.6852083,0.59998741,USDT
2025-10-02T04:45:00Z,SOL/USDT,sell,223.24832000,2.6852083,0.59946824,USDT
2025-10-02T12:15:00Z,SOL/USDT,buy,226.30309500,2.6582028,0.60155952,USDT
2025-10-02T13:15:00Z,SOL/USDT,stop_sell,224.75006875,2.6582028,0.59743126,USDT
2025-10-02T16:15:00Z,SOL/USDT,buy,228.60424500,2.62596638,0.60030706,USDT
2025-10-02T22:30:00Z,SOL/USDT,sell,232.75356500,2.62596638,0.61120304,USDT
2025-10-02T23:30:00Z,SOL/USDT,buy,233.91690000,2.5625022,0.59941257,USDT
2025-10-03T00:00:00Z,SOL/USDT,stop_sell,232.95382196,2.5625022,0.59694468,USDT
2025-10-03T15:45:00Z,SOL/USDT,buy,233.53671000,2.57299694,0.60088924,USDT
2025-10-03T17:00:00Z,SOL/USDT,stop_sell,231.37675375,2.57299694,0.59533168,USDT
2025-10-05T02:45:00Z,SOL/USDT,buy,229.32460500,2.61734552,0.60022173,USDT
2025-10-05T09:00:00Z,SOL/USDT,sell,235.12238000,2.61734552,0.61539651,USDT
2025-10-06T03:00:00Z,SOL/USDT,buy,232.31610000,2.58800089,0.60123427,USDT
2025-10-06T04:15:00Z,SOL/USDT,sell,231.95396500,2.58800089,0.60029707,USDT
2025-10-06T06:15:00Z,SOL/USDT,buy,233.55672000,2.57352085,0.60106309,USDT
2025-10-06T07:30:00Z,SOL/USDT,stop_sell,232.00286911,2.57352085,0.59706422,USDT
2025-10-06T12:30:00Z,SOL/USDT,buy,234.00694500,2.56745049,0.60080125,USDT
2025-10-06T13:45:00Z,SOL/USDT,sell,233.54317000,2.56745049,0.59961053,USDT
2025-10-06T15:30:00Z,SOL/USDT,buy,236.39814000,2.54012637,0.60048115,USDT
2025-10-06T16:15:00Z,SOL/USDT,sell,234.95246500,2.54012637,0.59680895,USDT
2025-10-08T17:15:00Z,SOL/USDT,buy,224.78233500,2.6741845,0.60110944,USDT
2025-10-08T21:00:00Z,SOL/USDT,sell,227.86601000,2.6741845,0.60935575,USDT
2025-10-09T22:30:00Z,SOL/USDT,buy,220.97043000,2.71765037,0.60052037,USDT
2025-10-09T23:15:00Z,SOL/USDT,stop_sell,219.79897411,2.71765037,0.59733676,USDT
2025-10-10T03:45:00Z,SOL/USDT,buy,222.69129000,2.69920123,0.60108860,USDT
2025-10-10T04:30:00Z,SOL/USDT,stop_sell,220.98338161,2.69920123,0.59647862,USDT
2025-10-10T13:45:00Z,SOL/USDT,buy,223.92190500,2.67759645,0.59957250,USDT
2025-10-10T13:45:00Z,SOL/USDT,stop_sell,222.85101875,2.67759645,0.59670510,USDT
2025-10-10T14:15:00Z,SOL/USDT,buy,223.03146000,2.67459158,0.59651806,USDT
2025-10-10T14:15:00Z,SOL/USDT,stop_sell,222.73893196,2.67459158,0.59573567,USDT
2025-10-12T08:00:00Z,SOL/USDT,buy,182.53122000,3.27339224,0.59749628,USDT
2025-10-12T09:00:00Z,SOL/USDT,sell,181.50920000,3.27339224,0.59415081,USDT
2025-10-12T15:00:00Z,SOL/USDT,buy,186.17304000,3.22384389,0.60019282,USDT
2025-10-12T18:45:00Z,SOL/USDT,sell,192.64363000,3.22384389,0.62105299,USDT
2025-10-12T21:00:00Z,SOL/USDT,buy,196.29810000,3.03733895,0.59622386,USDT
2025-10-12T21:15:00Z,SOL/USDT,stop_sell,195.33871036,3.03733895,0.59330987,USDT
2025-10-13T15:45:00Z,SOL/USDT,buy,197.06848500,3.04677827,0.60042398,USDT
2025-10-14T01:00:00Z,SOL/USDT,sell,209.39525000,3.04677827,0.63798090,USDT
2025-10-14T14:30:00Z,SOL/USDT,buy,198.09900000,3.04452587,0.60311753,USDT
2025-10-14T14:30:00Z,SOL/USDT,stop_sell,195.70674054,3.04452587,0.59583423,USDT
2025-10-14T16:30:00Z,SOL/USDT,buy,204.34212000,2.94847489,0.60249761,USDT
2025-10-14T17:00:00Z,SOL/USDT,stop_sell,200.48327964,2.94847489,0.59111992,USDT
2025-10-15T01:00:00Z,SOL/USDT,buy,204.05197500,2.94744711,0.60143240,USDT
2025-10-15T01:00:00Z,SOL/USDT,stop_sell,202.26738714,2.94744711,0.59617243,USDT
2025-10-15T02:15:00Z,SOL/USDT,buy,204.95242500,2.93914965,0.60238585,USDT
2025-10-15T03:15:00Z,SOL/USDT,sell,202.41874000,2.93914965,0.59493897,USDT
2025-10-16T13:00:00Z,SOL/USDT,buy,197.74882500,3.03528305,0.60022366,USDT
2025-10-16T13:30:00Z,SOL/USDT,sell,196.65162500,3.03528305,0.59689334,USDT
2025-10-17T05:00:00Z,SOL/USDT,buy,187.51371000,3.20124673,0.60027765,USDT
2025-10-17T05:30:00Z,SOL/USDT,stop_sell,186.25611107,3.20124673,0.59625177,USDT
2025-10-17T21:15:00Z,SOL/USDT,buy,185.52271500,3.2311045,0.59944328,USDT
2025-10-17T22:15:00Z,SOL/USDT,stop_sell,183.87123268,3.2311045,0.59410717,USDT
2025-10-18T07:15:00Z,SOL/USDT,buy,187.96393500,3.18432541,0.59853833,USDT
2025-10-18T07:45:00Z,SOL/USDT,stop_sell,186.78656000,3.18432541,0.59478919,USDT
2025-10-18T22:30:00Z,SOL/USDT,buy,187.66378500,3.1866294,0.59801493,USDT
2025-10-18T23:15:00Z,SOL/USDT,stop_sell,186.89293536,3.1866294,0.59555852,USDT
2025-10-19T10:00:00Z,SOL/USDT,buy,187.70380500,3.19323865,0.59938304,USDT
2025-10-19T12:15:00Z,SOL/USDT,sell,188.45572500,3.19323865,0.60178410,USDT
2025-10-19T14:30:00Z,SOL/USDT,buy,190.87539000,3.12613659,0.59670254,USDT
2025-10-19T15:45:00Z,SOL/USDT,sell,190.51469500,3.12613659,0.59557496,USDT
2025-10-20T04:00:00Z,SOL/USDT,buy,191.07549000,3.12810978,0.59770511,USDT
2025-10-20T08:00:00Z,SOL/USDT,sell,192.82354000,3.12810978,0.60317320,USDT
2025-10-20T22:45:00Z,SOL/USDT,buy,190.89540000,3.13547394,0.59854755,USDT
2025-10-20T23:30:00Z,SOL/USDT,stop_sell,189.66726179,3.13547394,0.59469676,USDT
2025-10-21T11:45:00Z,SOL/USDT,buy,186.47319000,3.21077556,0.59872356,USDT
2025-10-21T13:15:00Z,SOL/USDT,sell,186.15687500,3.21077556,0.59770794,USDT
2025-10-21T14:15:00Z,SOL/USDT,buy,187.73382000,3.17233905,0.59555533,USDT
2025-10-21T17:00:00Z,SOL/USDT,sell,193.10340000,3.17233905,0.61258946,USDT
2025-10-23T04:30:00Z,SOL/USDT,buy,183.61176000,3.26360387,0.59923605,USDT
2025-10-23T11:00:00Z,SOL/USDT,sell,188.28581000,3.26360387,0.61449030,USDT
2025-10-23T13:30:00Z,SOL/USDT,buy,190.21506000,3.15554092,0.60023141,USDT
2025-10-23T14:00:00Z,SOL/USDT,stop_sell,188.66990357,3.15554092,0.59535560,USDT
2025-10-23T15:15:00Z,SOL/USDT,buy,191.13552000,3.13813254,0.59980859,USDT
2025-10-23T17:15:00Z,SOL/USDT,sell,190.32479000,3.13813254,0.59726442,USDT
2025-10-24T00:15:00Z,SOL/USDT,buy,192.19605000,3.12023297,0.59969645,USDT
2025-10-24T02:15:00Z,SOL/USDT,sell,191.95397500,3.12023297,0.59894112,USDT
2025-10-24T04:45:00Z,SOL/USDT,buy,193.86688500,3.08694848,0.59845709,USDT
2025-10-24T06:15:00Z,SOL/USDT,sell,192.80355000,3.08694848,0.59517463,USDT
2025-10-24T12:45:00Z,SOL/USDT,buy,194.29710000,3.0886047,0.60010694,USDT
2025-10-24T13:30:00Z,SOL/USDT,stop_sell,192.63684768,3.0886047,0.59497907,USDT
2025-10-24T19:15:00Z,SOL/USDT,buy,192.88639500,3.10505735,0.59892332,USDT
2025-10-24T22:15:00Z,SOL/USDT,sell,193.22334000,3.10505735,0.59996955,USDT
2025-10-24T22:45:00Z,SOL/USDT,buy,193.77684000,3.08593214,0.59798218,USDT
2025-10-24T23:00:00Z,SOL/USDT,stop_sell,193.08876446,3.08593214,0.59585882,USDT
2025-10-25T01:30:00Z,SOL/USDT,buy,194.09700000,3.07916217,0.59765614,USDT
2025-10-25T01:30:00Z,SOL/USDT,stop_sell,193.32150518,3.07916217,0.59526827,USDT
2025-10-25T06:15:00Z,SOL/USDT,buy,194.47719000,3.07341346,0.59770881,USDT
2025-10-25T06:45:00Z,SOL/USDT,sell,194.19285500,3.07341346,0.59683493,USDT
2025-10-25T08:30:00Z,SOL/USDT,buy,195.09750000,3.06389627,0.59775850,USDT
2025-10-25T09:15:00Z,SOL/USDT,stop_sell,194.17286500,3.06389627,0.59492552,USDT
2025-10-25T19:30:00Z,SOL/USDT,buy,194.49720000,3.07454289,0.59798998,USDT
2025-10-25T19:30:00Z,SOL/USDT,stop_sell,193.30794054,3.07454289,0.59433355,USDT
2025-10-25T19:45:00Z,SOL/USDT,buy,194.57724000,3.06780701,0.59692542,USDT
2025-10-25T20:30:00Z,SOL/USDT,stop_sell,193.52961536,3.06780701,0.59371151,USDT
2025-10-26T06:15:00Z,SOL/USDT,buy,194.10700500,3.07881604,0.59761976,USDT
2025-10-26T07:30:00Z,SOL/USDT,sell,194.03293500,3.07881604,0.59739171,USDT
2025-10-26T09:30:00Z,SOL/USDT,buy,196.00795500,3.04412707,0.59667312,USDT
2025-10-26T09:30:00Z,SOL/USDT,stop_sell,195.32693054,3.04412707,0.59460000,USDT
2025-10-26T11:45:00Z,SOL/USDT,buy,197.27859000,3.02288613,0.59635071,USDT
2025-10-26T16:15:00Z,SOL/USDT,sell,198.51069500,3.02288613,0.60007523,USDT
2025-10-26T18:15:00Z,SOL/USDT,buy,199.51971000,2.9890445,0.59637329,USDT
2025-10-26T19:00:00Z,SOL/USDT,stop_sell,198.69988607,2.9890445,0.59392280,USDT
2025-10-26T22:15:00Z,SOL/USDT,buy,200.10000000,2.98504029,0.59730656,USDT
2025-10-27T03:30:00Z,SOL/USDT,sell,203.28830500,2.98504029,0.60682378,USDT
2025-10-28T01:15:00Z,SOL/USDT,buy,200.42016000,2.97807862,0.59686699,USDT
2025-10-28T02:30:00Z,SOL/USDT,sell,201.02943500,2.97807862,0.59868146,USDT
2025-10-29T10:30:00Z,SOL/USDT,buy,196.25808000,3.0408644,0.59679421,USDT
2025-10-29T14:30:00Z,SOL/USDT,sell,198.71059500,3.0408644,0.60425197,USDT
2025-10-30T03:00:00Z,SOL/USDT,buy,198.18904500,3.01483587,0.59750744,USDT
2025-10-30T04:00:00Z,SOL/USDT,stop_sell,196.45993518,3.01483587,0.59229446,USDT
2025-10-30T23:00:00Z,SOL/USDT,buy,183.35163000,3.24876841,0.59566698,USDT
2025-10-31T02:15:00Z,SOL/USDT,sell,184.86752000,3.24876841,0.60059176,USDT
2025-10-31T04:45:00Z,SOL/USDT,buy,187.00345500,3.19370071,0.59723307,USDT
2025-10-31T05:45:00Z,SOL/USDT,sell,185.69710500,3.19370071,0.59306098,USDT
2025-10-31T10:45:00Z,SOL/USDT,buy,187.25358000,3.18680206,0.59674009,USDT
2025-10-31T13:00:00Z,SOL/USDT,sell,186.59665500,3.18680206,0.59464660,USDT
2025-10-31T15:15:00Z,SOL/USDT,buy,189.87489000,3.14175792,0.59654094,USDT
2025-10-31T16:00:00Z,SOL/USDT,sell,187.88601000,3.14175792,0.59029236,USDT
2025-11-02T05:00:00Z,SOL/USDT,buy,187.91391000,3.16952049,0.59559699,USDT
2025-11-02T05:15:00Z,SOL/USDT,stop_sell,186.67661500,3.16952049,0.59167536,USDT
2025-11-04T01:30:00Z,SOL/USDT,buy,167.85388500,3.55409167,0.59656809,USDT
2025-11-04T03:00:00Z,SOL/USDT,sell,166.69661000,3.55409167,0.59245503,USDT
2025-11-04T11:45:00Z,SOL/USDT,buy,161.88090000,3.68352184,0.59629183,USDT
2025-11-04T12:30:00Z,SOL/USDT,sell,160.85953000,3.68352184,0.59252959,USDT
2025-11-04T15:00:00Z,SOL/USDT,buy,164.80236000,3.6104168,0.59500521,USDT
2025-11-04T15:45:00Z,SOL/USDT,stop_sell,162.85388946,3.6104168,0.58797042,USDT
2025-11-05T04:00:00Z,SOL/USDT,buy,156.95844000,3.77783038,0.59296236,USDT
2025-11-05T06:30:00Z,SOL/USDT,sell,157.50121000,3.77783038,0.59501286,USDT
2025-11-05T12:30:00Z,SOL/USDT,buy,158.60926500,3.74822068,0.59450253,USDT
2025-11-05T14:30:00Z,SOL/USDT,sell,157.87102500,3.74822068,0.59173544,USDT
2025-11-05T17:45:00Z,SOL/USDT,buy,162.22107000,3.65127245,0.59231332,USDT
2025-11-05T20:00:00Z,SOL/USDT,sell,162.88851500,3.65127245,0.59475035,USDT
2025-11-07T17:30:00Z,SOL/USDT,buy,161.26059000,3.68452817,0.59416919,USDT
2025-11-07T22:15:00Z,SOL/USDT,sell,163.36827500,3.68452817,0.60193501,USDT
2025-11-08T22:30:00Z,SOL/USDT,buy,157.94893500,3.75396418,0.59293464,USDT
2025-11-08T22:45:00Z,SOL/USDT,sell,158.37077500,3.75396418,0.59451822,USDT
2025-11-09T13:45:00Z,SOL/USDT,buy,160.40016000,3.70662258,0.59454285,USDT
2025-11-09T14:00:00Z,SOL/USDT,stop_sell,159.51841518,3.70662258,0.59127456,USDT
2025-11-09T14:30:00Z,SOL/USDT,buy,162.43117500,3.66123233,0.59469827,USDT
2025-11-09T14:30:00Z,SOL/USDT,stop_sell,161.17615732,3.66123233,0.59010336,USDT
2025-11-09T19:00:00Z,SOL/USDT,buy,164.07199500,3.61844672,0.59368577,USDT
2025-11-09T22:00:00Z,SOL/USDT,sell,165.32729500,3.61844672,0.59822801,USDT
2025-11-10T01:00:00Z,SOL/USDT,buy,167.86389000,3.53345786,0.59313998,USDT
2025-11-10T01:15:00Z,SOL/USDT,stop_sell,166.66840982,3.53345786,0.58891580,USDT
2025-11-10T04:15:00Z,SOL/USDT,buy,168.07399500,3.52354274,0.59221590,USDT
2025-11-10T04:15:00Z,SOL/USDT,stop_sell,166.82119054,3.52354274,0.58780159,USDT
2025-11-10T10:00:00Z,SOL/USDT,buy,169.60476000,3.49782176,0.59324722,USDT
2025-11-10T10:30:00Z,SOL/USDT,stop_sell,168.45644393,3.49782176,0.58923062,USDT
2025-11-10T13:45:00Z,SOL/USDT,buy,169.88490000,3.47996562,0.59119361,USDT
2025-11-10T14:00:00Z,SOL/USDT,stop_sell,169.13431911,3.47996562,0.58858162,USDT
2025-11-11T01:30:00Z,SOL/USDT,buy,168.90441000,3.50287916,0.59165174,USDT
2025-11-11T01:30:00Z,SOL/USDT,stop_sell,167.55261036,3.50287916,0.58691655,USDT
2025-11-11T02:45:00Z,SOL/USDT,buy,170.93542500,3.46867894,0.59292011,USDT
2025-11-11T04:15:00Z,SOL/USDT,sell,168.81555000,3.46867894,0.58556694,USDT
2025-11-12T10:30:00Z,SOL/USDT,buy,159.40966500,3.70937268,0.59130986,USDT
2025-11-12T12:45:00Z,SOL/USDT,sell,159.68012000,3.70937268,0.59231307,USDT
2025-11-13T03:45:00Z,SOL/USDT,buy,155.29761000,3.81268337,0.59210062,USDT
2025-11-13T08:00:00Z,SOL/USDT,sell,155.58217000,3.81268337,0.59318555,USDT
2025-11-15T03:00:00Z,SOL/USDT,buy,143.25159000,4.133218,0.59209005,USDT
2025-11-15T04:30:00Z,SOL/USDT,sell,142.17887500,4.133218,0.58765629,USDT
2025-11-15T06:30:00Z,SOL/USDT,buy,143.34163500,4.11998906,0.59056597,USDT
2025-11-15T06:30:00Z,SOL/USDT,stop_sell,142.71432143,4.11998906,0.58798144,USDT
2025-11-15T15:30:00Z,SOL/USDT,buy,142.13103000,4.15324737,0.59030533,USDT
2025-11-15T16:00:00Z,SOL/USDT,stop_sell,141.27325661,4.15324737,0.58674278,USDT
2025-11-15T18:15:00Z,SOL/USDT,buy,143.44168500,4.11265931,0.58992678,USDT
2025-11-15T18:30:00Z,SOL/USDT,stop_sell,142.33879500,4.11265931,0.58539097,USDT
2025-11-16T06:30:00Z,SOL/USDT,buy,142.22107500,4.14532064,0.58955196,USDT
2025-11-16T07:30:00Z,SOL/USDT,stop_sell,141.39926500,4.14532064,0.58614529,USDT
2025-11-17T00:45:00Z,SOL/USDT,buy,139.03948500,4.23296966,0.58854992,USDT
2025-11-17T02:00:00Z,SOL/USDT,sell,138.42075500,4.23296966,0.58593086,USDT
2025-11-17T03:30:00Z,SOL/USDT,buy,140.10001500,4.19311289,0.58745518,USDT
2025-11-17T12:00:00Z,SOL/USDT,sell,141.84904000,4.19311289,0.59478904,USDT
2025-11-18T02:45:00Z,SOL/USDT,buy,134.19706500,4.39841249,0.59025405,USDT
2025-11-18T02:45:00Z,SOL/USDT,stop_sell,132.23420696,4.39841249,0.58162059,USDT
2025-11-18T03:45:00Z,SOL/USDT,buy,134.69731500,4.37394021,0.58915800,USDT
2025-11-18T04:30:00Z,SOL/USDT,sell,132.80356500,4.37394021,0.58087485,USDT
2025-11-18T10:30:00Z,SOL/USDT,buy,138.54924000,4.24522185,0.58817226,USDT
2025-11-18T11:15:00Z,SOL/USDT,sell,137.45124000,4.24522185,0.58351101,USDT
2025-11-18T15:15:00Z,SOL/USDT,buy,139.46970000,4.20779866,0.58686042,USDT
2025-11-18T17:30:00Z,SOL/USDT,sell,139.45024000,4.20779866,0.58677853,USDT
2025-11-20T02:15:00Z,SOL/USDT,buy,143.77185000,4.08555458,0.58738774,USDT
2025-11-20T06:45:00Z,SOL/USDT,sell,142.76858000,4.08555458,0.58328883,USDT
2025-11-21T14:45:00Z,SOL/USDT,buy,128.80437000,4.55962422,0.58729953,USDT
2025-11-21T15:30:00Z,SOL/USDT,sell,126.65664000,4.55962422,0.57750668,USDT
2025-11-21T17:30:00Z,SOL/USDT,buy,129.88491000,4.51281745,0.58614689,USDT
2025-11-21T18:00:00Z,SOL/USDT,stop_sell,127.53155946,4.51281745,0.57552665,USDT
2025-11-22T16:45:00Z,SOL/USDT,buy,128.37415500,4.55008089,0.58411279,USDT
2025-11-22T17:15:00Z,SOL/USDT,stop_sell,127.48622500,4.55008089,0.58007264,USDT
2025-11-23T00:30:00Z,SOL/USDT,buy,128.35414500,4.54754882,0.58369674,USDT
2025-11-23T05:45:00Z,SOL/USDT,sell,130.32480500,4.54754882,0.59265841,USDT
2025-11-23T12:30:00Z,SOL/USDT,buy,131.06550000,4.46040394,0.58460507,USDT
2025-11-23T14:45:00Z,SOL/USDT,sell,131.21436000,4.46040394,0.58526905,USDT
2025-11-23T22:00:00Z,SOL/USDT,buy,133.02648000,4.38354869,0.58312805,USDT
2025-11-23T22:30:00Z,SOL/USDT,stop_sell,132.33380000,4.38354869,0.58009166,USDT
2025-11-24T02:15:00Z,SOL/USDT,buy,133.78686000,4.37807768,0.58572927,USDT
2025-11-24T04:15:00Z,SOL/USDT,stop_sell,132.04073232,4.37807768,0.57808458,USDT
2025-11-24T15:00:00Z,SOL/USDT,buy,130.77535500,4.46817366,0.58432700,USDT
2025-11-25T00:00:00Z,SOL/USDT,sell,138.43075000,4.46817366,0.61853263,USDT
2025-11-25T23:00:00Z,SOL/USDT,buy,139.29961500,4.21697206,0.58742258,USDT
2025-11-26T01:15:00Z,SOL/USDT,sell,138.86053500,4.21697206,0.58557100,USDT
2025-11-26T17:45:00Z,SOL/USDT,buy,139.87990500,4.19232342,0.58642180,USDT
2025-11-26T20:45:00Z,SOL/USDT,sell,142.62865000,4.19232342,0.59794543,USDT
2025-11-27T16:00:00Z,SOL/USDT,buy,142.43118000,4.121028,0.58696288,USDT
2025-11-27T17:30:00Z,SOL/USDT,sell,141.71910500,4.121028,0.58402840,USDT
2025-11-28T09:15:00Z,SOL/USDT,buy,142.01097000,4.11785536,0.58478063,USDT
2025-11-28T09:30:00Z,SOL/USDT,stop_sell,141.72267464,4.11785536,0.58359348,USDT
2025-11-30T02:15:00Z,SOL/USDT,buy,136.64829000,4.29120468,0.58638578,USDT
2025-11-30T02:30:00Z,SOL/USDT,stop_sell,136.31752143,4.29120468,0.58496639,USDT
2025-11-30T13:15:00Z,SOL/USDT,buy,137.69881500,4.26193857,0.58686389,USDT
2025-11-30T15:00:00Z,SOL/USDT,sell,138.28082500,4.26193857,0.58934438,USDT
2025-11-30T17:00:00Z,SOL/USDT,buy,139.56975000,4.19770847,0.58587312,USDT
2025-11-30T17:00:00Z,SOL/USDT,stop_sell,139.00724732,4.19770847,0.58351190,USDT
2025-12-01T22:00:00Z,SOL/USDT,buy,126.20307000,4.64815956,0.58661201,USDT
2025-12-02T02:00:00Z,SOL/USDT,sell,126.89652000,4.64815956,0.58983527,USDT
2025-12-02T02:30:00Z,SOL/USDT,buy,127.73383500,4.58402899,0.58553560,USDT
2025-12-02T03:00:00Z,SOL/USDT,stop_sell,126.93650000,4.58402899,0.58188060,USDT
2025-12-02T04:15:00Z,SOL/USDT,buy,127.58376000,4.578865,0.58418881,USDT
2025-12-02T04:30:00Z,SOL/USDT,stop_sell,127.08642500,4.578865,0.58191158,USDT
2025-12-02T11:00:00Z,SOL/USDT,buy,128.57425500,4.55748103,0.58597473,USDT
2025-12-02T20:30:00Z,SOL/USDT,sell,138.85054000,4.55748103,0.63280870,USDT
2025-12-03T02:30:00Z,SOL/USDT,buy,139.87990500,4.2026036,0.58785979,USDT
2025-12-03T07:15:00Z,SOL/USDT,sell,142.48872000,4.2026036,0.59882361,USDT
2025-12-03T21:45:00Z,SOL/USDT,buy,142.95144000,4.12551226,0.58974792,USDT
2025-12-04T00:15:00Z,SOL/USDT,sell,144.25783500,4.12551226,0.59513747,USDT
2025-12-05T07:15:00Z,SOL/USDT,buy,140.25009000,4.21599176,0.59129322,USDT
2025-12-05T08:00:00Z,SOL/USDT,stop_sell,139.30531250,4.21599176,0.58731005,USDT
2025-12-06T12:00:00Z,SOL/USDT,buy,133.09651500,4.4270461,0.58922441,USDT
2025-12-06T12:00:00Z,SOL/USDT,stop_sell,132.89530482,4.4270461,0.58833364,USDT
2025-12-06T14:30:00Z,SOL/USDT,buy,133.67680500,4.4115716,0.58972480,USDT
2025-12-06T15:00:00Z,SOL/USDT,stop_sell,133.30474286,4.4115716,0.58808342,USDT
2025-12-07T03:00:00Z,SOL/USDT,buy,133.40667000,4.41781452,0.58936592,USDT
2025-12-07T05:15:00Z,SOL/USDT,sell,132.77358000,4.41781452,0.58656905,USDT
2025-12-08T03:00:00Z,SOL/USDT,buy,134.32713000,4.38716503,0.58931529,USDT
2025-12-08T07:15:00Z,SOL/USDT,sell,134.91251000,4.38716503,0.59188345,USDT
2025-12-08T08:15:00Z,SOL/USDT,buy,136.14804000,4.33410908,0.59008046,USDT
2025-12-08T12:15:00Z,SOL/USDT,sell,137.83105000,4.33410908,0.59737481,USDT
2025-12-09T04:00:00Z,SOL/USDT,buy,134.20707000,4.39850423,0.59031037,USDT
2025-12-09T04:30:00Z,SOL/USDT,stop_sell,133.24334500,4.39850423,0.58607142,USDT
2025-12-09T15:45:00Z,SOL/USDT,buy,136.55824500,4.32085436,0.59004829,USDT
2025-12-09T20:00:00Z,SOL/USDT,sell,142.08892000,4.32085436,0.61394553,USDT
2025-12-10T04:30:00Z,SOL/USDT,buy,138.92943000,4.25892841,0.59169050,USDT
2025-12-10T06:45:00Z,SOL/USDT,sell,139.23035000,4.25892841,0.59297209,USDT
2025-12-10T19:15:00Z,SOL/USDT,buy,138.79936500,4.26697485,0.59225340,USDT
2025-12-10T21:00:00Z,SOL/USDT,sell,138.21086000,4.26697485,0.58974226,USDT
2025-12-11T13:15:00Z,SOL/USDT,buy,131.37565500,4.49514698,0.59055288,USDT
2025-12-11T13:30:00Z,SOL/USDT,stop_sell,130.98447500,4.49514698,0.58879447,USDT
2025-12-11T14:00:00Z,SOL/USDT,buy,131.41567500,4.48789808,0.58978016,USDT
2025-12-11T14:00:00Z,SOL/USDT,stop_sell,131.24862857,4.48789808,0.58903047,USDT
2025-12-11T15:30:00Z,SOL/USDT,buy,132.21607500,4.46839631,0.59079382,USDT
2025-12-11T15:30:00Z,SOL/USDT,stop_sell,131.23577786,4.46839631,0.58641347,USDT
2025-12-11T17:45:00Z,SOL/USDT,buy,132.33613500,4.46199455,0.59048311,USDT
2025-12-11T22:30:00Z,SOL/USDT,sell,136.71161000,4.46199455,0.61000646,USDT
2025-12-12T02:15:00Z,SOL/USDT,buy,137.81887500,4.29419253,0.59182078,USDT
2025-12-12T02:45:00Z,SOL/USDT,stop_sell,136.79228393,4.29419253,0.58741240,USDT
2025-12-12T06:00:00Z,SOL/USDT,buy,138.85939500,4.2588016,0.59137461,USDT
2025-12-12T08:15:00Z,SOL/USDT,stop_sell,138.17552054,4.2588016,0.58846213,USDT
2025-12-12T12:45:00Z,SOL/USDT,buy,139.64979000,4.24512862,0.59283132,USDT
2025-12-12T13:45:00Z,SOL/USDT,stop_sell,138.65135393,4.24512862,0.58859283,USDT
2025-12-13T08:15:00Z,SOL/USDT,buy,133.23658500,4.43810778,0.59131832,USDT
2025-12-13T10:15:00Z,SOL/USDT,sell,133.83305000,4.43810778,0.59396550,USDT
2025-12-15T02:30:00Z,SOL/USDT,buy,132.34614000,4.43865322,0.58743862,USDT
2025-12-15T02:45:00Z,SOL/USDT,stop_sell,131.83333607,4.43865322,0.58516246,USDT
2025-12-15T12:45:00Z,SOL/USDT,buy,132.76635000,4.43691303,0.58907275,USDT
2025-12-15T12:45:00Z,SOL/USDT,stop_sell,132.63365000,4.43691303,0.58848397,USDT
2025-12-15T14:15:00Z,SOL/USDT,buy,133.84689000,4.41197371,0.59052896,USDT
2025-12-15T14:15:00Z,SOL/USDT,stop_sell,133.03345000,4.41197371,0.58694008,USDT
2025-12-16T10:45:00Z,SOL/USDT,buy,128.41417500,4.61330018,0.59241314,USDT
2025-12-16T13:30:00Z,SOL/USDT,stop_sell,127.11641000,4.61330018,0.58642616,USDT
2025-12-16T21:45:00Z,SOL/USDT,buy,128.72433000,4.57659647,0.58911931,USDT
2025-12-16T23:15:00Z,SOL/USDT,sell,128.50571500,4.57659647,0.58811880,USDT
2025-12-17T01:30:00Z,SOL/USDT,buy,129.49471500,4.5497977,0.58917476,USDT
2025-12-17T02:00:00Z,SOL/USDT,stop_sell,128.76023054,4.5497977,0.58583300,USDT
2025-12-17T14:00:00Z,SOL/USDT,buy,129.40467000,4.5522811,0.58908643,USDT
2025-12-17T14:30:00Z,SOL/USDT,stop_sell,128.80092446,4.5522811,0.58633801,USDT
2025-12-17T15:00:00Z,SOL/USDT,buy,132.67630500,4.44064881,0.58916888,USDT
2025-12-17T15:15:00Z,SOL/USDT,stop_sell,131.36571286,4.44064881,0.58334900,USDT
2025-12-18T13:45:00Z,SOL/USDT,buy,126.00297000,4.66641926,0.58798269,USDT
2025-12-18T14:30:00Z,SOL/USDT,stop_sell,125.11205554,4.66641926,0.58382531,USDT
2025-12-19T07:15:00Z,SOL/USDT,buy,124.65229500,4.68722237,0.58427303,USDT
2025-12-19T07:15:00Z,SOL/USDT,stop_sell,124.28247054,4.68722237,0.58253958,USDT
2025-12-19T12:30:00Z,SOL/USDT,buy,125.78286000,4.65749495,0.58583304,USDT
2025-12-19T13:30:00Z,SOL/USDT,stop_sell,125.56325839,4.65749495,0.58481024,USDT
2025-12-19T14:45:00Z,SOL/USDT,buy,126.87340500,4.63148693,0.58761252,USDT
2025-12-19T14:45:00Z,SOL/USDT,stop_sell,125.81955875,4.63148693,0.58273164,USDT
2025-12-19T21:15:00Z,SOL/USDT,buy,127.09351500,4.61455851,0.58648046,USDT
2025-12-19T23:15:00Z,SOL/USDT,sell,126.46673500,4.61455851,0.58358815,USDT
2025-12-20T05:45:00Z,SOL/USDT,buy,126.57325500,4.63168116,0.58624696,USDT
2025-12-20T06:45:00Z,SOL/USDT,sell,126.20686500,4.63168116,0.58454996,USDT
2025-12-20T16:30:00Z,SOL/USDT,buy,126.34314000,4.62621261,0.58449023,USDT
2025-12-20T16:30:00Z,SOL/USDT,stop_sell,126.21686000,4.62621261,0.58390603,USDT
2025-12-21T08:45:00Z,SOL/USDT,buy,125.75284500,4.65450631,0.58531741,USDT
2025-12-21T11:00:00Z,SOL/USDT,sell,125.67713000,4.65450631,0.58496499,USDT
2025-12-21T23:30:00Z,SOL/USDT,buy,125.75284500,4.64689204,0.58435989,USDT
2025-12-21T23:30:00Z,SOL/USDT,stop_sell,125.62715500,4.64689204,0.58377583,USDT
2025-12-22T00:15:00Z,SOL/USDT,buy,127.64379000,4.59041652,0.58593816,USDT
2025-12-22T00:15:00Z,SOL/USDT,stop_sell,126.94006964,4.59041652,0.58270779,USDT
2025-12-22T14:30:00Z,SOL/USDT,buy,127.61377500,4.58801714,0.58549419,USDT
2025-12-22T14:30:00Z,SOL/USDT,stop_sell,126.99111554,4.58801714,0.58263741,USDT
2025-12-22T15:15:00Z,SOL/USDT,buy,127.70382000,4.57723811,0.58453079,USDT
2025-12-22T15:30:00Z,SOL/USDT,stop_sell,126.66663500,4.57723811,0.57978335,USDT
2025-12-22T16:15:00Z,SOL/USDT,buy,128.36415000,4.56531854,0.58602323,USDT
2025-12-22T16:45:00Z,SOL/USDT,sell,127.34629500,4.56531854,0.58137640,USDT
2025-12-24T10:45:00Z,SOL/USDT,buy,122.12103000,4.78367716,0.58418758,USDT
2025-12-24T13:45:00Z,SOL/USDT,sell,121.91901000,4.78367716,0.58322118,USDT
2025-12-24T16:15:00Z,SOL/USDT,buy,122.50122000,4.74573114,0.58135785,USDT
2025-12-24T16:15:00Z,SOL/USDT,stop_sell,122.37878000,4.74573114,0.58077679,USDT
2025-12-24T22:15:00Z,SOL/USDT,buy,123.09151500,4.73766418,0.58316626,USDT
2025-12-24T23:15:00Z,SOL/USDT,stop_sell,122.85711214,4.73766418,0.58205574,USDT
2025-12-25T15:30:00Z,SOL/USDT,buy,122.58126000,4.75122904,0.58241164,USDT
2025-12-25T17:30:00Z,SOL/USDT,sell,122.83855000,4.75122904,0.58363409,USDT
2025-12-27T15:00:00Z,SOL/USDT,buy,123.32163000,4.73314884,0.58369963,USDT
2025-12-27T16:30:00Z,SOL/USDT,sell,123.25834000,4.73314884,0.58340007,USDT
2025-12-28T14:45:00Z,SOL/USDT,buy,124.87240500,4.67342836,0.58358224,USDT
2025-12-28T15:00:00Z,SOL/USDT,stop_sell,124.53770000,4.67342836,0.58201802,USDT
2025-12-29T00:00:00Z,SOL/USDT,buy,125.40267000,4.65192443,0.58336374,USDT
2025-12-29T04:00:00Z,SOL/USDT,sell,128.59567000,4.65192443,0.59821734,USDT
2025-12-30T16:00:00Z,SOL/USDT,buy,125.06250000,4.66809948,0.58380419,USDT
2025-12-30T17:45:00Z,SOL/USDT,sell,125.07743000,4.66809948,0.58387389,USDT
2025-12-30T23:30:00Z,SOL/USDT,buy,124.85239500,4.68311522,0.58469815,USDT
2025-12-31T03:45:00Z,SOL/USDT,sell,125.74709500,4.68311522,0.58888813,USDT
2026-01-01T02:15:00Z,SOL/USDT,buy,125.79286500,4.63708786,0.58331257,USDT
2026-01-01T03:15:00Z,SOL/USDT,sell,125.47723000,4.63708786,0.58184894,USDT
2026-01-01T14:30:00Z,SOL/USDT,buy,125.61277500,4.63064166,0.58166775,USDT
2026-01-01T15:30:00Z,SOL/USDT,sell,125.43725000,4.63064166,0.58085496,USDT
2026-01-01T22:45:00Z,SOL/USDT,buy,126.56325000,4.61183947,0.58368939,USDT
2026-01-02T00:45:00Z,SOL/USDT,sell,127.09642000,4.61183947,0.58614829,USDT
2026-01-02T04:15:00Z,SOL/USDT,buy,128.16405000,4.55402914,0.58366282,USDT
2026-01-02T04:45:00Z,SOL/USDT,sell,127.46623500,4.55402914,0.58048495,USDT
2026-01-02T06:45:00Z,SOL/USDT,buy,128.03398500,4.55132067,0.58272372,USDT
2026-01-02T07:30:00Z,SOL/USDT,sell,127.96598500,4.55132067,0.58241423,USDT
2026-01-02T10:00:00Z,SOL/USDT,buy,130.06500000,4.49848845,0.58509590,USDT
2026-01-02T11:15:00Z,SOL/USDT,sell,129.05544000,4.49848845,0.58055441,USDT
2026-01-02T16:30:00Z,SOL/USDT,buy,130.18506000,4.48149658,0.58342390,USDT
2026-01-02T19:00:00Z,SOL/USDT,sell,130.81456000,4.48149658,0.58624500,USDT
2026-01-03T22:45:00Z,SOL/USDT,buy,133.20657000,4.37656224,0.58298684,USDT
2026-01-04T01:45:00Z,SOL/USDT,sell,133.46323500,4.37656224,0.58411015,USDT
2026-01-04T15:15:00Z,SOL/USDT,buy,135.35764500,4.3131032,0.58381149,USDT
2026-01-04T15:30:00Z,SOL/USDT,stop_sell,134.71261000,4.3131032,0.58102939,USDT
2026-01-05T01:15:00Z,SOL/USDT,buy,136.49821500,4.27285195,0.58323666,USDT
2026-01-05T02:30:00Z,SOL/USDT,sell,135.71211000,4.27285195,0.57987775,USDT
2026-01-05T15:45:00Z,SOL/USDT,buy,136.35814500,4.28401668,0.58416057,USDT
2026-01-05T17:00:00Z,SOL/USDT,sell,135.52220500,4.28401668,0.58057939,USDT
2026-01-05T19:30:00Z,SOL/USDT,buy,138.37915500,4.20789069,0.58228436,USDT
2026-01-05T21:00:00Z,SOL/USDT,sell,138.01096000,4.20789069,0.58073503,USDT
2026-01-06T06:00:00Z,SOL/USDT,buy,139.74984000,4.16776545,0.58244455,USDT
2026-01-06T06:15:00Z,SOL/USDT,stop_sell,138.87731232,4.16776545,0.57880806,USDT
2026-01-06T12:00:00Z,SOL/USDT,buy,139.49971500,4.16859911,0.58151839,USDT
2026-01-06T13:00:00Z,SOL/USDT,stop_sell,138.87053000,4.16859911,0.57889557,USDT
2026-01-06T14:15:00Z,SOL/USDT,buy,141.02047500,4.12562306,0.58179732,USDT
2026-01-06T16:15:00Z,SOL/USDT,sell,140.48972000,4.12562306,0.57960763,USDT
2026-01-06T21:30:00Z,SOL/USDT,buy,141.38065500,4.11175573,0.58132272,USDT
2026-01-06T21:45:00Z,SOL/USDT,stop_sell,140.36870911,4.11175573,0.57716184,USDT
2026-01-08T16:15:00Z,SOL/USDT,buy,136.77835500,4.238933,0.57979428,USDT
2026-01-08T19:00:00Z,SOL/USDT,sell,138.47073000,4.238933,0.58696815,USDT
2026-01-08T22:15:00Z,SOL/USDT,buy,139.96995000,4.15032656,0.58092100,USDT
2026-01-08T22:30:00Z,SOL/USDT,stop_sell,139.07471357,4.15032656,0.57720548,USDT
2026-01-09T04:00:00Z,SOL/USDT,buy,140.99046000,4.11871288,0.58069922,USDT
2026-01-09T04:30:00Z,SOL/USDT,stop_sell,139.87217179,4.11871288,0.57609332,USDT
2026-01-09T15:30:00Z,SOL/USDT,buy,140.07000000,4.14129122,0.58007066,USDT
2026-01-09T15:30:00Z,SOL/USDT,stop_sell,138.81377268,4.14129122,0.57486826,USDT
2026-01-10T02:15:00Z,SOL/USDT,buy,136.41817500,4.24149638,0.57861720,USDT
2026-01-10T02:30:00Z,SOL/USDT,stop_sell,136.08192500,4.24149638,0.57719099,USDT
2026-01-10T10:00:00Z,SOL/USDT,buy,136.46820000,4.24682079,0.57955599,USDT
2026-01-10T12:45:00Z,SOL/USDT,sell,136.44174500,4.24682079,0.57944364,USDT
2026-01-11T01:15:00Z,SOL/USDT,buy,136.54824000,4.24545323,0.57970917,USDT
2026-01-11T02:45:00Z,SOL/USDT,sell,136.12190500,4.24545323,0.57789918,USDT
2026-01-11T14:15:00Z,SOL/USDT,buy,137.71882500,4.20978376,0.57976647,USDT
2026-01-11T16:00:00Z,SOL/USDT,sell,138.74059500,4.20978376,0.58406790,USDT
2026-01-11T16:30:00Z,SOL/USDT,buy,140.24008500,4.12701608,0.57877309,USDT
2026-01-11T17:15:00Z,SOL/USDT,stop_sell,139.38955607,4.12701608,0.57526294,USDT
2026-01-12T00:30:00Z,SOL/USDT,buy,140.87040000,4.11322576,0.57943176,USDT
2026-01-12T04:30:00Z,SOL/USDT,sell,142.34879000,4.11322576,0.58551271,USDT
2026-01-12T15:00:00Z,SOL/USDT,buy,140.63028000,4.12627788,0.58027961,USDT
2026-01-12T17:45:00Z,SOL/USDT,sell,141.92900000,4.12627788,0.58563849,USDT
2026-01-13T09:30:00Z,SOL/USDT,buy,142.00096500,4.07040606,0.57800159,USDT
2026-01-13T09:30:00Z,SOL/USDT,stop_sell,141.77443446,4.07040606,0.57707952,USDT
2026-01-13T13:45:00Z,SOL/USDT,buy,142.91142000,4.06324898,0.58068468,USDT
2026-01-13T14:00:00Z,SOL/USDT,stop_sell,142.17066482,4.06324898,0.57767481,USDT
2026-01-13T14:45:00Z,SOL/USDT,buy,142.92142500,4.03236119,0.57631081,USDT
2026-01-13T14:45:00Z,SOL/USDT,stop_sell,142.77857500,4.03236119,0.57573478,USDT
2026-01-13T16:45:00Z,SOL/USDT,buy,143.81187000,4.02495492,0.57883629,USDT
2026-01-13T17:15:00Z,SOL/USDT,sell,142.83854500,4.02495492,0.57491870,USDT
2026-01-13T22:15:00Z,SOL/USDT,buy,147.19356000,3.93409732,0.57907379,USDT
2026-01-13T23:30:00Z,SOL/USDT,stop_sell,145.91950375,3.93409732,0.57406153,USDT
2026-01-14T14:30:00Z,SOL/USDT,buy,145.87290000,3.95927302,0.57755064,USDT
2026-01-14T17:45:00Z,SOL/USDT,sell,146.63664500,3.95927302,0.58057451,USDT
2026-01-15T09:45:00Z,SOL/USDT,buy,146.05299000,3.9635516,0.57888856,USDT
2026-01-15T10:45:00Z,SOL/USDT,stop_sell,145.29731500,3.9635516,0.57589341,USDT
2026-01-15T23:30:00Z,SOL/USDT,buy,142.43118000,4.05434906,0.57746572,USDT
2026-01-15T23:30:00Z,SOL/USDT,stop_sell,142.26990089,4.05434906,0.57681184,USDT
2026-01-16T06:00:00Z,SOL/USDT,buy,143.29161000,4.03465817,0.57813266,USDT
2026-01-16T07:45:00Z,SOL/USDT,sell,142.59866500,4.03465817,0.57533687,USDT
2026-01-16T12:45:00Z,SOL/USDT,buy,143.84188500,4.01646961,0.57773656,USDT
2026-01-16T12:45:00Z,SOL/USDT,stop_sell,143.49928589,4.01646961,0.57636052,USDT
2026-01-16T19:45:00Z,SOL/USDT,buy,144.19206000,4.00614781,0.57765471,USDT
2026-01-16T22:30:00Z,SOL/USDT,sell,144.69761500,4.00614781,0.57968003,USDT
2026-01-17T09:45:00Z,SOL/USDT,buy,144.59226000,3.99443539,0.57756444,USDT
2026-01-17T10:00:00Z,SOL/USDT,stop_sell,144.25355143,3.99443539,0.57621149,USDT
2026-01-19T11:30:00Z,SOL/USDT,buy,134.17705500,4.30609418,0.57777904,USDT
2026-01-19T12:15:00Z,SOL/USDT,sell,133.76308500,4.30609418,0.57599644,USDT
2026-01-19T19:45:00Z,SOL/USDT,buy,134.64729000,4.28675489,0.57719993,USDT
2026-01-19T19:45:00Z,SOL/USDT,stop_sell,134.13575571,4.28675489,0.57500711,USDT
2026-01-19T20:30:00Z,SOL/USDT,buy,135.21757500,4.26764687,0.57706086,USDT
2026-01-19T20:45:00Z,SOL/USDT,stop_sell,134.63265000,4.26764687,0.57456461,USDT
2026-01-20T03:45:00Z,SOL/USDT,buy,134.24709000,4.29792473,0.57698389,USDT
2026-01-20T04:15:00Z,SOL/USDT,sell,133.60316500,4.29792473,0.57421635,USDT
2026-01-21T05:45:00Z,SOL/USDT,buy,128.75434500,4.47821502,0.57658964,USDT
2026-01-21T06:45:00Z,SOL/USDT,stop_sell,127.96598500,4.47821502,0.57305920,USDT
2026-01-21T14:15:00Z,SOL/USDT,buy,128.60427000,4.46766555,0.57456087,USDT
2026-01-21T16:30:00Z,SOL/USDT,sell,128.59567000,4.46766555,0.57452244,USDT
2026-01-22T10:30:00Z,SOL/USDT,buy,130.30512000,4.41689225,0.57554367,USDT
2026-01-22T11:30:00Z,SOL/USDT,stop_sell,129.86503500,4.41689225,0.57359987,USDT
2026-01-22T12:15:00Z,SOL/USDT,buy,130.48521000,4.41194741,0.57569388,USDT
2026-01-22T12:30:00Z,SOL/USDT,stop_sell,130.16452804,4.41194741,0.57427905,USDT
2026-01-23T04:15:00Z,SOL/USDT,buy,129.08451000,4.46099353,0.57584516,USDT
2026-01-23T05:15:00Z,SOL/USDT,stop_sell,128.53427214,4.46099353,0.57339056,USDT
2026-01-23T16:15:00Z,SOL/USDT,buy,128.50422000,4.47367576,0.57488621,USDT
2026-01-23T19:30:00Z,SOL/USDT,sell,128.23585000,4.47367576,0.57368561,USDT
2026-01-24T15:15:00Z,SOL/USDT,buy,127.44369000,4.51400985,0.57528207,USDT
2026-01-24T15:15:00Z,SOL/USDT,stop_sell,127.16138750,4.51400985,0.57400776,USDT
2026-01-24T22:15:00Z,SOL/USDT,buy,127.63378500,4.5039977,0.57486227,USDT
2026-01-24T22:30:00Z,SOL/USDT,stop_sell,127.32202143,4.5039977,0.57345809,USDT
2026-01-26T01:15:00Z,SOL/USDT,buy,121.45069500,4.74059744,0.57574885,USDT
2026-01-26T03:45:00Z,SOL/USDT,sell,121.43925000,4.74059744,0.57569460,USDT
2026-01-27T02:45:00Z,SOL/USDT,buy,124.96245000,4.58978844,0.57355121,USDT
2026-01-27T03:00:00Z,SOL/USDT,stop_sell,124.63015375,4.58978844,0.57202604,USDT
2026-01-27T20:30:00Z,SOL/USDT,buy,126.96345000,4.51589577,0.57335371,USDT
2026-01-28T00:15:00Z,SOL/USDT,sell,126.87653000,4.51589577,0.57296119,USDT
2026-01-30T12:00:00Z,SOL/USDT,buy,117.22858500,4.90503002,0.57500973,USDT
2026-01-30T12:15:00Z,SOL/USDT,stop_sell,116.37856732,4.90503002,0.57084037,USDT
2026-01-30T14:45:00Z,SOL/USDT,buy,117.60877500,4.88012548,0.57394558,USDT
2026-01-30T14:45:00Z,SOL/USDT,stop_sell,116.67734643,4.88012548,0.56940009,USDT
2026-01-30T16:30:00Z,SOL/USDT,buy,117.59877000,4.87583799,0.57339255,USDT
2026-01-30T17:00:00Z,SOL/USDT,sell,116.79157500,4.87583799,0.56945680,USDT
2026-01-30T19:00:00Z,SOL/USDT,buy,118.29912000,4.83208971,0.57163196,USDT
2026-01-30T20:15:00Z,SOL/USDT,sell,117.92101000,4.83208971,0.56980490,USDT
2026-02-01T13:15:00Z,SOL/USDT,buy,106.04299500,5.37679383,0.57017132,USDT
2026-02-01T13:15:00Z,SOL/USDT,stop_sell,105.57147357,5.37679383,0.56763605,USDT
2026-02-02T14:45:00Z,SOL/USDT,buy,104.50222500,5.48427555,0.57311900,USDT
2026-02-02T18:00:00Z,SOL/USDT,sell,104.64765000,5.48427555,0.57391655,USDT
2026-02-06T05:45:00Z,SOL/USDT,buy,79.97997000,7.16457941,0.57302285,USDT
2026-02-06T07:15:00Z,SOL/USDT,sell,78.93051500,7.16457941,0.56550394,USDT
2026-02-06T17:30:00Z,SOL/USDT,buy,88.10403000,6.48948406,0.57174970,USDT
2026-02-06T18:00:00Z,SOL/USDT,stop_sell,86.47781089,6.48948406,0.56119638,USDT
2026-02-07T16:15:00Z,SOL/USDT,buy,87.49372500,6.53377815,0.57166459,USDT
2026-02-07T22:00:00Z,SOL/USDT,sell,88.25585000,6.53377815,0.57664414,USDT
2026-02-09T16:45:00Z,SOL/USDT,buy,86.12304000,6.63532516,0.57145437,USDT
2026-02-09T21:15:00Z,SOL/USDT,sell,87.35630000,6.63532516,0.57963746,USDT
2026-02-11T02:30:00Z,SOL/USDT,buy,84.28212000,6.78381892,0.57175464,USDT
2026-02-11T02:45:00Z,SOL/USDT,stop_sell,83.73561125,6.78381892,0.56804722,USDT
2026-02-12T09:15:00Z,SOL/USDT,buy,81.29062500,7.02788592,0.57130124,USDT
2026-02-12T12:15:00Z,SOL/USDT,sell,81.52921500,7.02788592,0.57297802,USDT
2026-02-13T13:45:00Z,SOL/USDT,buy,80.13004500,7.0701839,0.56653415,USDT
2026-02-13T13:45:00Z,SOL/USDT,stop_sell,80.04995500,7.0701839,0.56596790,USDT
2026-02-13T15:00:00Z,SOL/USDT,buy,81.52074000,7.03279724,0.57331884,USDT
2026-02-13T20:00:00Z,SOL/USDT,sell,84.53771000,7.03279724,0.59453657,USDT
2026-02-14T08:15:00Z,SOL/USDT,buy,85.64280000,6.69148033,0.57307711,USDT
2026-02-14T11:00:00Z,SOL/USDT,sell,85.89703000,6.69148033,0.57477829,USDT
2026-02-14T12:00:00Z,SOL/USDT,buy,87.33364500,6.55785118,0.57272105,USDT
2026-02-14T12:30:00Z,SOL/USDT,stop_sell,86.71447821,6.55785118,0.56866064,USDT
2026-02-14T17:00:00Z,SOL/USDT,buy,88.12404000,6.49063155,0.57198067,USDT
2026-02-14T20:15:00Z,SOL/USDT,sell,87.97599000,6.49063155,0.57101974,USDT
2026-02-14T22:45:00Z,SOL/USDT,buy,88.65430500,6.44702908,0.57155688,USDT
2026-02-14T23:30:00Z,SOL/USDT,sell,88.48573500,6.44702908,0.57047011,USDT
2026-02-15T04:15:00Z,SOL/USDT,buy,89.54475000,6.38955796,0.57215137,USDT
2026-02-15T04:15:00Z,SOL/USDT,stop_sell,88.77987357,6.38955796,0.56726415,USDT
2026-02-16T22:45:00Z,SOL/USDT,buy,85.90293000,6.63325029,0.56981564,USDT
2026-02-17T02:00:00Z,SOL/USDT,sell,86.19688000,6.63325029,0.57176548,USDT
2026-02-17T03:00:00Z,SOL/USDT,buy,87.37366500,6.53609628,0.57108269,USDT
2026-02-17T03:15:00Z,SOL/USDT,sell,86.92651500,6.53609628,0.56816007,USDT
2026-02-18T08:30:00Z,SOL/USDT,buy,85.58277000,6.63793568,0.56809292,USDT
2026-02-18T08:30:00Z,SOL/USDT,stop_sell,85.49723000,6.63793568,0.56752511,USDT
2026-02-19T23:00:00Z,SOL/USDT,buy,82.41118500,6.92789992,0.57093644,USDT
2026-02-20T01:30:00Z,SOL/USDT,sell,82.99848000,6.92789992,0.57500516,USDT
2026-02-20T06:45:00Z,SOL/USDT,buy,83.72184000,6.82880277,0.57171993,USDT
2026-02-20T08:00:00Z,SOL/USDT,sell,83.50822500,6.82880277,0.57026120,USDT
2026-02-20T10:15:00Z,SOL/USDT,buy,84.58227000,6.75443349,0.57130532,USDT
2026-02-20T10:45:00Z,SOL/USDT,stop_sell,84.15968482,6.75443349,0.56845099,USDT
2026-02-21T11:15:00Z,SOL/USDT,buy,85.63279500,6.6615901,0.57045058,USDT
2026-02-21T11:15:00Z,SOL/USDT,stop_sell,85.38978375,6.6615901,0.56883174,USDT
2026-02-21T14:00:00Z,SOL/USDT,buy,85.70283000,6.64272702,0.56930050,USDT
2026-02-21T16:15:00Z,SOL/USDT,sell,86.12691500,6.64272702,0.57211759,USDT
2026-02-23T09:45:00Z,SOL/USDT,buy,80.27011500,7.12207984,0.57169017,USDT
2026-02-23T12:30:00Z,SOL/USDT,sell,79.89003500,7.12207984,0.56898321,USDT
2026-02-23T12:45:00Z,SOL/USDT,buy,80.78037000,7.06443792,0.57066791,USDT
2026-02-23T14:15:00Z,SOL/USDT,stop_sell,80.20594839,7.06443792,0.56660994,USDT
2026-02-24T22:15:00Z,SOL/USDT,buy,79.13955000,7.18480662,0.56860236,USDT
2026-02-24T23:00:00Z,SOL/USDT,stop_sell,78.85341071,7.18480662,0.56654651,USDT
2026-02-25T01:15:00Z,SOL/USDT,buy,81.39067500,7.00233474,0.56992475,USDT
2026-02-25T05:30:00Z,SOL/USDT,sell,81.48923500,7.00233474,0.57061490,USDT
2026-02-25T09:00:00Z,SOL/USDT,buy,82.54125000,6.91096909,0.57044003,USDT
2026-02-25T11:15:00Z,SOL/USDT,sell,82.74860500,6.91096909,0.57187305,USDT
2026-02-25T12:00:00Z,SOL/USDT,buy,83.22159000,6.83575933,0.56888276,USDT
2026-02-25T22:45:00Z,SOL/USDT,sell,88.87554000,6.83575933,0.60753180,USDT
2026-02-27T03:45:00Z,SOL/USDT,buy,87.13354500,6.56971449,0.57244251,USDT
2026-02-27T06:15:00Z,SOL/USDT,sell,87.12641500,6.56971449,0.57239567,USDT
2026-02-28T14:00:00Z,SOL/USDT,buy,80.94045000,7.08666071,0.57359751,USDT
2026-02-28T14:45:00Z,SOL/USDT,stop_sell,80.09243375,7.08666071,0.56758790,USDT
2026-02-28T20:30:00Z,SOL/USDT,buy,83.25160500,6.84401583,0.56977530,USDT
2026-02-28T23:45:00Z,SOL/USDT,sell,84.28783500,6.84401583,0.57686728,USDT
2026-03-01T14:00:00Z,SOL/USDT,buy,86.16306000,6.62606402,0.57092195,USDT
2026-03-01T14:15:00Z,SOL/USDT,stop_sell,85.81385732,6.62606402,0.56860811,USDT
2026-03-02T14:45:00Z,SOL/USDT,buy,84.87241500,6.74946171,0.57284312,USDT
2026-03-02T17:30:00Z,SOL/USDT,sell,87.73611000,6.74946171,0.59217152,USDT
2026-03-04T09:00:00Z,SOL/USDT,buy,89.79487500,6.39034935,0.57382062,USDT
2026-03-04T11:45:00Z,SOL/USDT,sell,89.65515000,6.39034935,0.57292773,USDT
2026-03-04T15:30:00Z,SOL/USDT,buy,92.73634500,6.18988101,0.57402694,USDT
2026-03-04T16:15:00Z,SOL/USDT,stop_sell,91.53813661,6.18988101,0.56661017,USDT
2026-03-05T09:15:00Z,SOL/USDT,buy,91.23559500,6.26501299,0.57159219,USDT
2026-03-05T11:45:00Z,SOL/USDT,sell,91.64415500,6.26501299,0.57415182,USDT
2026-03-05T21:30:00Z,SOL/USDT,buy,89.86491000,6.38287416,0.57359641,USDT
2026-03-05T21:30:00Z,SOL/USDT,stop_sell,89.26320321,6.38287416,0.56975579,USDT
2026-03-08T10:15:00Z,SOL/USDT,buy,83.49172500,6.86172618,0.57289736,USDT
2026-03-08T11:00:00Z,SOL/USDT,stop_sell,83.11770607,6.86172618,0.57033094,USDT
2026-03-08T19:45:00Z,SOL/USDT,buy,82.59127500,6.93045565,0.57239517,USDT
2026-03-08T20:00:00Z,SOL/USDT,stop_sell,82.16139875,6.93045565,0.56941593,USDT
2026-03-08T20:45:00Z,SOL/USDT,buy,82.66131000,6.90804888,0.57102837,USDT
2026-03-08T20:45:00Z,SOL/USDT,stop_sell,82.32988589,6.90804888,0.56873888,USDT
2026-03-09T03:15:00Z,SOL/USDT,buy,84.21208500,6.79795127,0.57246965,USDT
2026-03-09T03:45:00Z,SOL/USDT,stop_sell,82.96849500,6.79795127,0.56401579,USDT
2026-03-09T05:45:00Z,SOL/USDT,buy,84.49222500,6.76869359,0.57190198,USDT
2026-03-09T06:30:00Z,SOL/USDT,stop_sell,83.54606321,6.76869359,0.56549770,USDT
2026-03-09T13:30:00Z,SOL/USDT,buy,85.02249000,6.70664967,0.57021605,USDT
2026-03-09T14:00:00Z,SOL/USDT,stop_sell,84.54306446,6.70664967,0.56700072,USDT
2026-03-09T19:30:00Z,SOL/USDT,buy,86.95345500,6.55902622,0.57032999,USDT
2026-03-09T19:45:00Z,SOL/USDT,stop_sell,85.85705000,6.55902622,0.56313864,USDT
2026-03-10T02:45:00Z,SOL/USDT,buy,86.80338000,6.54985074,0.56854918,USDT
2026-03-10T03:30:00Z,SOL/USDT,stop_sell,86.26684500,6.54985074,0.56503496,USDT
2026-03-10T08:15:00Z,SOL/USDT,buy,87.08352000,6.52978766,0.56863689,USDT
2026-03-10T08:30:00Z,SOL/USDT,stop_sell,86.70805286,6.52978766,0.56618517,USDT
2026-03-10T08:45:00Z,SOL/USDT,buy,86.99347500,6.51900773,0.56711114,USDT
2026-03-10T08:45:00Z,SOL/USDT,stop_sell,86.82299536,6.51900773,0.56599978,USDT
2026-03-10T15:00:00Z,SOL/USDT,buy,88.23409500,6.45402915,0.56946542,USDT
2026-03-10T17:45:00Z,SOL/USDT,sell,87.71612000,6.45402915,0.56612240,USDT
2026-03-11T05:00:00Z,SOL/USDT,buy,86.88342000,6.54813696,0.56892453,USDT
2026-03-11T05:15:00Z,SOL/USDT,stop_sell,86.30825286,6.54813696,0.56515826,USDT
2026-03-11T13:15:00Z,SOL/USDT,buy,86.09302500,6.58309059,0.56675818,USDT
2026-03-11T13:45:00Z,SOL/USDT,stop_sell,85.57968875,6.58309059,0.56337884,USDT
2026-03-11T14:30:00Z,SOL/USDT,buy,86.65330500,6.55230099,0.56777854,USDT
2026-03-11T15:15:00Z,SOL/USDT,sell,85.70712500,6.55230099,0.56157888,USDT
2026-03-11T17:30:00Z,SOL/USDT,buy,87.76386000,6.47520093,0.56828863,USDT
2026-03-11T19:15:00Z,SOL/USDT,sell,87.24635500,6.47520093,0.56493768,USDT
2026-03-12T12:15:00Z,SOL/USDT,buy,87.13354500,6.50306221,0.56663486,USDT
2026-03-12T13:30:00Z,SOL/USDT,sell,87.29633000,6.50306221,0.56769346,USDT
2026-03-13T00:30:00Z,SOL/USDT,buy,89.98497000,6.31864439,0.56858303,USDT
2026-03-13T02:45:00Z,SOL/USDT,sell,89.23536000,6.31864439,0.56384651,USDT
2026-03-13T10:15:00Z,SOL/USDT,buy,89.93494500,6.30566293,0.56709945,USDT
2026-03-13T15:00:00Z,SOL/USDT,sell,90.60467500,6.30566293,0.57132254,USDT
2026-03-14T04:45:00Z,SOL/USDT,buy,88.67431500,6.38456448,0.56614688,USDT
2026-03-14T04:45:00Z,SOL/USDT,stop_sell,88.40399018,6.38456448,0.56442098,USDT
2026-03-14T23:15:00Z,SOL/USDT,buy,87.94395000,6.42256218,0.56482549,USDT
2026-03-14T23:15:00Z,SOL/USDT,stop_sell,87.81749786,6.42256218,0.56401334,USDT
2026-03-15T21:30:00Z,SOL/USDT,buy,89.04450000,6.36372227,0.56665447,USDT
2026-03-16T01:15:00Z,SOL/USDT,sell,91.54420500,6.36372227,0.58256190,USDT
2026-03-16T03:45:00Z,SOL/USDT,buy,93.31663500,6.07812801,0.56719045,USDT
2026-03-16T06:15:00Z,SOL/USDT,sell,93.43326000,6.07812801,0.56789931,USDT
2026-03-16T18:30:00Z,SOL/USDT,buy,94.79737500,5.9639082,0.56536284,USDT
2026-03-16T23:15:00Z,SOL/USDT,sell,95.61217000,5.9639082,0.57022220,USDT
2026-03-18T03:45:00Z,SOL/USDT,buy,95.29762500,5.93705193,0.56578695,USDT
2026-03-18T03:45:00Z,SOL/USDT,stop_sell,95.10420982,5.93705193,0.56463863,USDT
2026-03-19T03:30:00Z,SOL/USDT,buy,91.31563500,6.21089371,0.56715170,USDT
2026-03-19T03:45:00Z,SOL/USDT,stop_sell,90.81706875,6.21089371,0.56405516,USDT
2026-03-19T20:45:00Z,SOL/USDT,buy,89.08452000,6.36052032,0.56662390,USDT
2026-03-19T22:45:00Z,SOL/USDT,sell,88.43576000,6.36052032,0.56249745,USDT
2026-03-20T01:15:00Z,SOL/USDT,buy,89.58477000,6.31890482,0.56607763,USDT
2026-03-20T02:30:00Z,SOL/USDT,stop_sell,88.87554000,6.31890482,0.56159608,USDT
2026-03-20T08:15:00Z,SOL/USDT,buy,90.16506000,6.28094121,0.56632144,USDT
2026-03-20T09:15:00Z,SOL/USDT,stop_sell,89.03546000,6.28094121,0.55922649,USDT
2026-03-20T21:30:00Z,SOL/USDT,buy,89.85490500,6.29250519,0.56541246,USDT
2026-03-21T02:00:00Z,SOL/USDT,sell,89.82506500,6.29250519,0.56522469,USDT
2026-03-21T04:15:00Z,SOL/USDT,buy,90.60528000,6.22820204,0.56430799,USDT
2026-03-21T04:30:00Z,SOL/USDT,stop_sell,90.24485500,6.22820204,0.56206319,USDT
2026-03-21T14:30:00Z,SOL/USDT,buy,90.31513500,6.25211461,0.56466058,USDT
2026-03-21T14:45:00Z,SOL/USDT,stop_sell,90.11349214,6.25211461,0.56339988,USDT
2026-03-21T20:45:00Z,SOL/USDT,buy,90.22509000,6.26317667,0.56509568,USDT
2026-03-21T21:00:00Z,SOL/USDT,stop_sell,89.91287821,6.26317667,0.56314024,USDT
2026-03-23T11:15:00Z,SOL/USDT,buy,91.27561500,6.20534766,0.56639692,USDT
2026-03-23T11:15:00Z,SOL/USDT,stop_sell,89.97677482,6.20534766,0.55833717,USDT
2026-03-24T08:15:00Z,SOL/USDT,buy,91.38567000,6.13250676,0.56042324,USDT
2026-03-24T08:15:00Z,SOL/USDT,stop_sell,91.29433000,6.13250676,0.55986310,USDT
2026-03-24T23:30:00Z,SOL/USDT,buy,91.10553000,6.18897882,0.56385020,USDT
2026-03-25T02:15:00Z,SOL/USDT,sell,91.03446000,6.18897882,0.56341034,USDT
2026-03-25T04:00:00Z,SOL/USDT,buy,91.71583500,6.12901168,0.56212742,USDT
2026-03-25T07:30:00Z,SOL/USDT,sell,92.30382500,6.12901168,0.56573122,USDT
2026-03-25T11:30:00Z,SOL/USDT,buy,93.01648500,6.05798116,0.56349211,USDT
2026-03-25T12:15:00Z,SOL/USDT,stop_sell,92.63401696,6.05798116,0.56117513,USDT
2026-03-28T13:45:00Z,SOL/USDT,buy,83.74185000,6.72707689,0.56333786,USDT
2026-03-28T14:00:00Z,SOL/USDT,stop_sell,83.12841500,6.72707689,0.55921124,USDT
2026-03-28T15:30:00Z,SOL/USDT,buy,83.92194000,6.69805241,0.56211355,USDT
2026-03-28T16:45:00Z,SOL/USDT,stop_sell,83.53713911,6.69805241,0.55953614,USDT
2026-03-30T01:30:00Z,SOL/USDT,buy,82.66131000,6.80717198,0.56268975,USDT
2026-03-30T06:30:00Z,SOL/USDT,sell,83.48823500,6.80717198,0.56831877,USDT
2026-03-30T08:45:00Z,SOL/USDT,buy,84.52224000,6.65523735,0.56251557,USDT
2026-03-30T10:00:00Z,SOL/USDT,stop_sell,84.10792500,6.65523735,0.55975820,USDT
2026-03-30T13:15:00Z,SOL/USDT,buy,84.71233500,6.63508668,0.56207369,USDT
2026-03-30T13:30:00Z,SOL/USDT,stop_sell,84.39206857,6.63508668,0.55994869,USDT
2026-03-31T16:45:00Z,SOL/USDT,buy,82.15105500,6.78409589,0.55732063,USDT
2026-03-31T20:00:00Z,SOL/USDT,sell,82.67864000,6.78409589,0.56089982,USDT
2026-04-01T01:00:00Z,SOL/USDT,buy,83.43169500,6.73849087,0.56220372,USDT
2026-04-01T01:15:00Z,SOL/USDT,stop_sell,83.07736911,6.73849087,0.55981609,USDT
2026-04-01T06:00:00Z,SOL/USDT,buy,84.18207000,6.67910031,0.56226049,USDT
2026-04-01T08:00:00Z,SOL/USDT,sell,83.85805000,6.67910031,0.56009633,USDT
2026-04-01T16:30:00Z,SOL/USDT,buy,84.51223500,6.65698981,0.56259709,USDT
2026-04-01T17:45:00Z,SOL/USDT,sell,84.52771500,6.65698981,0.56270014,USDT
2026-04-02T14:45:00Z,SOL/USDT,buy,79.44970500,7.06809601,0.56155814,USDT
2026-04-02T15:15:00Z,SOL/USDT,stop_sell,78.70848321,7.06809601,0.55631912,USDT
2026-04-03T06:45:00Z,SOL/USDT,buy,79.69983000,7.04839284,0.56175571,USDT
2026-04-03T08:45:00Z,SOL/USDT,sell,79.67014500,7.04839284,0.56154648,USDT
2026-04-04T15:15:00Z,SOL/USDT,buy,81.14055000,6.91418897,0.56102110,USDT
2026-04-04T15:45:00Z,SOL/USDT,stop_sell,80.76959500,6.91418897,0.55845624,USDT
2026-04-05T18:45:00Z,SOL/USDT,buy,80.07001500,7.00289322,0.56072177,USDT
2026-04-05T19:30:00Z,SOL/USDT,stop_sell,79.75617339,7.00289322,0.55852397,USDT
2026-04-06T00:15:00Z,SOL/USDT,buy,82.11103500,6.8240361,0.56032867,USDT
2026-04-06T01:30:00Z,SOL/USDT,sell,81.80907500,6.8240361,0.55826808,USDT
2026-04-06T09:15:00Z,SOL/USDT,buy,82.66131000,6.795294,0.56170790,USDT
2026-04-06T11:15:00Z,SOL/USDT,sell,82.36879500,6.795294,0.55972018,USDT
2026-04-07T17:45:00Z,SOL/USDT,buy,80.04000000,6.99067854,0.55953391,USDT
2026-04-07T18:45:00Z,SOL/USDT,stop_sell,79.63409161,6.99067854,0.55669634,USDT
2026-04-07T20:00:00Z,SOL/USDT,buy,81.83089500,6.85159694,0.56067231,USDT
2026-04-08T00:45:00Z,SOL/USDT,sell,84.36779500,6.85159694,0.57805413,USDT
2026-04-09T15:45:00Z,SOL/USDT,buy,83.44170000,6.73800626,0.56223070,USDT
2026-04-09T18:30:00Z,SOL/USDT,sell,83.87804000,6.73800626,0.56517076,USDT
2026-04-09T22:30:00Z,SOL/USDT,buy,84.84240000,6.60722258,0.56057262,USDT
2026-04-09T22:45:00Z,SOL/USDT,stop_sell,84.36065571,6.60722258,0.55738963,USDT
2026-04-10T11:30:00Z,SOL/USDT,buy,83.65180500,6.70741942,0.56108774,USDT
2026-04-10T13:45:00Z,SOL/USDT,sell,84.26784500,6.70741942,0.56521978,USDT
2026-04-10T15:30:00Z,SOL/USDT,buy,84.99247500,6.56964632,0.55837050,USDT
2026-04-10T15:30:00Z,SOL/USDT,stop_sell,84.86040571,6.56964632,0.55750285,USDT
2026-04-11T15:30:00Z,SOL/USDT,buy,84.86241000,6.62519625,0.56223012,USDT
2026-04-11T18:15:00Z,SOL/USDT,sell,84.81757000,6.62519625,0.56193305,USDT
2026-04-11T18:45:00Z,SOL/USDT,buy,85.56276000,6.55954398,0.56125269,USDT
2026-04-11T20:30:00Z,SOL/USDT,sell,85.37729000,6.55954398,0.56003609,USDT
2026-04-12T18:00:00Z,SOL/USDT,buy,82.25110500,6.82894852,0.56168856,USDT
2026-04-12T20:00:00Z,SOL/USDT,sell,81.98898500,6.82894852,0.55989856,USDT
2026-04-13T13:00:00Z,SOL/USDT,buy,82.68132000,6.79383435,0.56172319,USDT
2026-04-13T15:30:00Z,SOL/USDT,sell,82.45875000,6.79383435,0.56021109,USDT
2026-04-13T22:15:00Z,SOL/USDT,buy,85.05250500,6.58993805,0.56049074,USDT
2026-04-14T01:00:00Z,SOL/USDT,sell,85.81707000,6.58993805,0.56552917,USDT
2026-04-14T13:45:00Z,SOL/USDT,buy,87.05350500,6.4346467,0.56015855,USDT
2026-04-14T14:15:00Z,SOL/USDT,stop_sell,86.68806286,6.4346467,0.55780706,USDT
2026-04-15T12:15:00Z,SOL/USDT,buy,83.54175000,6.70794121,0.56039315,USDT
2026-04-15T13:45:00Z,SOL/USDT,sell,83.26834500,6.70794121,0.55855916,USDT
2026-04-15T14:30:00Z,SOL/USDT,buy,84.36216000,6.63755258,0.55995827,USDT
2026-04-15T15:00:00Z,SOL/USDT,stop_sell,83.95907089,6.63755258,0.55728275,USDT
