ts,symbol,side,price,qty,fee,fee_currency
2023-01-01T22:00:00Z,BTC/USDT,buy,16644.23309457,0.04808873,0.80040003,USDT
2023-01-02T00:00:00Z,BTC/USDT,sell,16410.02653018,0.04808873,0.78913734,USDT
2023-01-02T02:00:00Z,BTC/USDT,buy,16595.43372108,0.04816815,0.79937134,USDT
2023-01-02T09:00:00Z,BTC/USDT,sell,16470.53114074,0.04816815,0.79335501,USDT
2023-01-03T15:00:00Z,BTC/USDT,buy,16795.78635633,0.0475573,0.79876225,USDT
2023-01-03T19:00:00Z,BTC/USDT,stop_sell,16411.04063255,0.0475573,0.78046478,USDT
2023-01-03T22:00:00Z,BTC/USDT,buy,16489.83205863,0.04834321,0.79717141,USDT
2023-01-04T10:00:00Z,BTC/USDT,sell,16798.37769846,0.04834321,0.81208750,USDT
2023-01-05T00:00:00Z,BTC/USDT,buy,16867.11772219,0.047325,0.79823635,USDT
2023-01-06T01:00:00Z,BTC/USDT,sell,17437.07434438,0.047325,0.82520954,USDT
2023-01-06T10:00:00Z,BTC/USDT,buy,17811.42822348,0.04492988,0.80026533,USDT
2023-01-07T19:00:00Z,BTC/USDT,sell,18730.67411593,0.04492988,0.84156694,USDT
2023-01-07T21:00:00Z,BTC/USDT,buy,19095.28808060,0.04207529,0.80343978,USDT
2023-01-08T20:00:00Z,BTC/USDT,sell,19235.03585591,0.04207529,0.80931971,USDT
2023-01-09T01:00:00Z,BTC/USDT,buy,19329.00928080,0.0415842,0.80378139,USDT
2023-01-09T06:00:00Z,BTC/USDT,sell,19426.63577103,0.0415842,0.80784111,USDT
2023-01-09T07:00:00Z,BTC/USDT,buy,19431.84887790,0.0413742,0.80397720,USDT
2023-01-10T19:00:00Z,BTC/USDT,sell,20322.92176884,0.0413742,0.84084463,USDT
2023-01-10T20:00:00Z,BTC/USDT,buy,20350.75435103,0.03964455,0.80679650,USDT
2023-01-11T01:00:00Z,BTC/USDT,sell,20131.78842932,0.03964455,0.79811569,USDT
2023-01-12T08:00:00Z,BTC/USDT,buy,20616.79679277,0.03909304,0.80597326,USDT
2023-01-12T09:00:00Z,BTC/USDT,stop_sell,20122.60114797,0.03909304,0.78665365,USDT
2023-01-13T19:00:00Z,BTC/USDT,buy,20305.98258333,0.03960899,0.80429946,USDT
2023-01-14T05:00:00Z,BTC/USDT,sell,20117.26187823,0.03960899,0.79682442,USDT
2023-01-14T20:00:00Z,BTC/USDT,buy,20630.84927750,0.03895007,0.80357302,USDT
2023-01-14T21:00:00Z,BTC/USDT,sell,20498.19761508,0.03895007,0.79840623,USDT
2023-01-15T00:00:00Z,BTC/USDT,buy,20676.86899386,0.03883718,0.80303128,USDT
2023-01-15T04:00:00Z,BTC/USDT,sell,20639.34074821,0.03883718,0.80157379,USDT
2023-01-15T15:00:00Z,BTC/USDT,buy,20739.81863195,0.03870748,0.80278611,USDT
2023-01-16T06:00:00Z,BTC/USDT,sell,20771.25888015,0.03870748,0.80400309,USDT
2023-01-16T09:00:00Z,BTC/USDT,buy,21168.04996361,0.03792295,0.80275490,USDT
2023-01-16T15:00:00Z,BTC/USDT,sell,20961.78979204,0.03792295,0.79493291,USDT
2023-01-18T17:00:00Z,BTC/USDT,buy,21033.12833151,0.03813037,0.80200097,USDT
2023-01-18T19:00:00Z,BTC/USDT,sell,20899.83904490,0.03813037,0.79691860,USDT
2023-01-18T22:00:00Z,BTC/USDT,buy,20900.60358725,0.03834656,0.80146625,USDT
2023-01-18T22:00:00Z,BTC/USDT,stop_sell,20525.55903956,0.03834656,0.78708458,USDT
2023-01-19T00:00:00Z,BTC/USDT,buy,20762.74790386,0.0385396,0.80018800,USDT
2023-01-19T12:00:00Z,BTC/USDT,sell,20486.04298244,0.0385396,0.78952390,USDT
2023-01-20T18:00:00Z,BTC/USDT,buy,20115.49811169,0.03973091,0.79920705,USDT
2023-01-20T20:00:00Z,BTC/USDT,sell,19863.30719809,0.03973091,0.78918727,USDT
2023-01-22T06:00:00Z,BTC/USDT,buy,19961.86219613,0.03999016,0.79827806,USDT
2023-01-22T22:00:00Z,BTC/USDT,stop_sell,19556.45182999,0.03999016,0.78206564,USDT
2023-01-23T19:00:00Z,BTC/USDT,buy,19665.66891750,0.04052005,0.79685389,USDT
2023-01-23T23:00:00Z,BTC/USDT,sell,19681.94487362,0.04052005,0.79751339,USDT
2023-01-24T03:00:00Z,BTC/USDT,buy,19789.81454329,0.04026208,0.79677910,USDT
2023-01-24T15:00:00Z,BTC/USDT,sell,19957.78444284,0.04026208,0.80354191,USDT
2023-01-24T16:00:00Z,BTC/USDT,buy,20280.05495800,0.03930918,0.79719233,USDT
2023-01-24T21:00:00Z,BTC/USDT,stop_sell,19824.54806114,0.03930918,0.77928673,USDT
2023-01-24T22:00:00Z,BTC/USDT,buy,19882.35319850,0.04001704,0.79563292,USDT
2023-01-24T23:00:00Z,BTC/USDT,sell,19483.06174093,0.04001704,0.77965446,USDT
2023-01-26T08:00:00Z,BTC/USDT,buy,19674.79031692,0.04036779,0.79422780,USDT
2023-01-26T14:00:00Z,BTC/USDT,sell,19509.57677978,0.04036779,0.78755850,USDT
2023-01-27T14:00:00Z,BTC/USDT,buy,19143.41321715,0.04145381,0.79356741,USDT
2023-01-27T20:00:00Z,BTC/USDT,sell,19137.75719257,0.04145381,0.79333295,USDT
2023-01-27T21:00:00Z,BTC/USDT,buy,19086.95122726,0.0415688,0.79342166,USDT
2023-01-28T03:00:00Z,BTC/USDT,sell,18935.47904724,0.0415688,0.78712514,USDT
2023-01-28T04:00:00Z,BTC/USDT,buy,18973.22305959,0.04178474,0.79279119,USDT
2023-01-28T09:00:00Z,BTC/USDT,sell,19024.21949482,0.04178474,0.79492207,USDT
2023-01-28T10:00:00Z,BTC/USDT,buy,19223.77799746,0.0412424,0.79283474,USDT
2023-01-28T19:00:00Z,BTC/USDT,sell,19134.55604195,0.0412424,0.78915501,USDT
2023-01-28T20:00:00Z,BTC/USDT,buy,19179.99906893,0.04131458,0.79241361,USDT
2023-01-28T22:00:00Z,BTC/USDT,sell,18908.77565961,0.04131458,0.78120812,USDT
2023-01-31T16:00:00Z,BTC/USDT,buy,17520.13488160,0.04517035,0.79139062,USDT
2023-01-31T17:00:00Z,BTC/USDT,sell,17408.27943404,0.04517035,0.78633807,USDT
2023-02-01T12:00:00Z,BTC/USDT,buy,17507.37069169,0.04517298,0.79086011,USDT
2023-02-01T14:00:00Z,BTC/USDT,sell,17346.53129055,0.04517298,0.78359451,USDT
2023-02-01T15:00:00Z,BTC/USDT,buy,17328.76747371,0.04559773,0.79015246,USDT
2023-02-01T16:00:00Z,BTC/USDT,sell,17358.71535048,0.04559773,0.79151802,USDT
2023-02-01T17:00:00Z,BTC/USDT,buy,17490.57539524,0.04517491,0.79013517,USDT
2023-02-01T21:00:00Z,BTC/USDT,stop_sell,17123.58693129,0.04517491,0.77355650,USDT
2023-02-02T03:00:00Z,BTC/USDT,buy,17247.09637957,0.04572845,0.78868298,USDT
2023-02-02T04:00:00Z,BTC/USDT,sell,17156.45426861,0.04572845,0.78453806,USDT
2023-02-02T10:00:00Z,BTC/USDT,buy,17555.73980616,0.04489844,0.78822533,USDT
2023-02-02T12:00:00Z,BTC/USDT,sell,17461.22948077,0.04489844,0.78398196,USDT
2023-02-02T14:00:00Z,BTC/USDT,buy,17571.01752921,0.04483291,0.78775985,USDT
2023-02-02T17:00:00Z,BTC/USDT,stop_sell,17214.87658070,0.04483291,0.77179301,USDT
2023-02-02T18:00:00Z,BTC/USDT,buy,17219.08680778,0.04566776,0.78635712,USDT
2023-02-03T06:00:00Z,BTC/USDT,sell,17372.62885824,0.04566776,0.79336905,USDT
2023-02-03T07:00:00Z,BTC/USDT,buy,17545.57532546,0.04484275,0.78679185,USDT
2023-02-03T08:00:00Z,BTC/USDT,sell,17287.31449776,0.04484275,0.77521072,USDT
2023-02-07T01:00:00Z,BTC/USDT,buy,16071.71693455,0.04888961,0.78573997,USDT
2023-02-08T02:00:00Z,BTC/USDT,sell,16037.17773383,0.04888961,0.78405136,USDT
2023-02-10T04:00:00Z,BTC/USDT,buy,14089.54010643,0.05574909,0.78547904,USDT
2023-02-10T05:00:00Z,BTC/USDT,sell,13852.98362021,0.05574909,0.77229123,USDT
2023-02-11T14:00:00Z,BTC/USDT,buy,14432.35173558,0.05434311,0.78429888,USDT
2023-02-11T20:00:00Z,BTC/USDT,sell,14585.24109432,0.05434311,0.79260736,USDT
2023-02-12T02:00:00Z,BTC/USDT,buy,14676.26010882,0.05347668,0.78483767,USDT
2023-02-12T04:00:00Z,BTC/USDT,sell,14482.77631534,0.05347668,0.77449079,USDT
2023-02-12T15:00:00Z,BTC/USDT,buy,14814.80930880,0.05291224,0.78388475,USDT
2023-02-13T22:00:00Z,BTC/USDT,sell,15385.32272038,0.05291224,0.81407189,USDT
2023-02-19T00:00:00Z,BTC/USDT,buy,13347.59961758,0.05889995,0.78617295,USDT
2023-02-19T19:00:00Z,BTC/USDT,sell,13361.85556908,0.05889995,0.78701262,USDT
2023-02-20T13:00:00Z,BTC/USDT,buy,13364.03598565,0.05882312,0.78611429,USDT
2023-02-20T16:00:00Z,BTC/USDT,sell,13350.51627456,0.05882312,0.78531902,USDT
2023-02-22T04:00:00Z,BTC/USDT,buy,12762.23399503,0.06158207,0.78592479,USDT
2023-02-22T09:00:00Z,BTC/USDT,stop_sell,12463.14976613,0.06158207,0.76750656,USDT
2023-02-22T15:00:00Z,BTC/USDT,buy,12584.68928404,0.06232385,0.78432629,USDT
2023-02-22T20:00:00Z,BTC/USDT,sell,12841.92349217,0.06232385,0.80035811,USDT
2023-02-22T23:00:00Z,BTC/USDT,buy,12958.80800292,0.0606138,0.78548260,USDT
2023-02-23T14:00:00Z,BTC/USDT,sell,12958.39350503,0.0606138,0.78545747,USDT
2023-02-24T23:00:00Z,BTC/USDT,buy,13253.25175822,0.05925752,0.78535483,USDT
2023-02-25T16:00:00Z,BTC/USDT,sell,13283.41721788,0.05925752,0.78714236,USDT
2023-02-26T15:00:00Z,BTC/USDT,buy,13238.97974378,0.05932271,0.78537216,USDT
2023-02-28T09:00:00Z,BTC/USDT,sell,14102.22879028,0.05932271,0.83658243,USDT
2023-02-28T10:00:00Z,BTC/USDT,buy,14106.15896170,0.0559572,0.78934116,USDT
2023-02-28T22:00:00Z,BTC/USDT,sell,14124.32296967,0.0559572,0.79035757,USDT
2023-03-03T07:00:00Z,BTC/USDT,buy,13382.98074230,0.0589776,0.78929609,USDT
2023-03-03T09:00:00Z,BTC/USDT,sell,13466.67998965,0.0589776,0.79423247,USDT
2023-03-06T04:00:00Z,BTC/USDT,buy,12791.18587074,0.06172723,0.78956447,USDT
2023-03-06T10:00:00Z,BTC/USDT,sell,12648.59637408,0.06172723,0.78076282,USDT
2023-03-08T01:00:00Z,BTC/USDT,buy,13197.01258369,0.05976612,0.78873424,USDT
2023-03-08T22:00:00Z,BTC/USDT,sell,13190.57744298,0.05976612,0.78834963,USDT
2023-03-10T07:00:00Z,BTC/USDT,buy,12296.22148923,0.06413167,0.78857722,USDT
2023-03-10T08:00:00Z,BTC/USDT,sell,12240.89487681,0.06413167,0.78502903,USDT
2023-03-10T10:00:00Z,BTC/USDT,buy,12339.48864399,0.06387358,0.78816732,USDT
2023-03-11T10:00:00Z,BTC/USDT,sell,12415.06401767,0.06387358,0.79299458,USDT
2023-03-12T15:00:00Z,BTC/USDT,buy,11939.58947233,0.06603469,0.78842709,USDT
2023-03-12T23:00:00Z,BTC/USDT,stop_sell,11657.99231150,0.06603469,0.76983191,USDT
2023-03-13T02:00:00Z,BTC/USDT,buy,11989.28579307,0.06562643,0.78681402,USDT
2023-03-13T08:00:00Z,BTC/USDT,sell,12051.10094125,0.06562643,0.79087073,USDT
2023-03-15T03:00:00Z,BTC/USDT,buy,11685.90858127,0.06734713,0.78701240,USDT
2023-03-15T13:00:00Z,BTC/USDT,sell,11572.33398348,0.06734713,0.77936348,USDT
2023-03-15T17:00:00Z,BTC/USDT,buy,11970.61703136,0.06568374,0.78627490,USDT
2023-03-16T18:00:00Z,BTC/USDT,sell,12143.55229944,0.06568374,0.79763393,USDT
2023-03-18T11:00:00Z,BTC/USDT,buy,11834.15669829,0.06650725,0.78705722,USDT
2023-03-20T01:00:00Z,BTC/USDT,sell,12665.75579108,0.06650725,0.84236459,USDT
2023-03-21T14:00:00Z,BTC/USDT,buy,13025.26722993,0.06075527,0.79135363,USDT
2023-03-21T16:00:00Z,BTC/USDT,sell,12932.50284284,0.06075527,0.78571770,USDT
2023-03-21T18:00:00Z,BTC/USDT,buy,12992.45052077,0.06086429,0.79077628,USDT
2023-03-22T10:00:00Z,BTC/USDT,sell,13047.99388343,0.06086429,0.79415688,USDT
2023-03-22T11:00:00Z,BTC/USDT,buy,13171.13574273,0.06004949,0.79091998,USDT
2023-03-23T02:00:00Z,BTC/USDT,sell,13229.75029676,0.06004949,0.79443976,USDT
2023-03-23T04:00:00Z,BTC/USDT,buy,13258.53393999,0.05966533,0.79107480,USDT
2023-03-23T11:00:00Z,BTC/USDT,sell,13062.87360784,0.05966533,0.77940066,USDT
2023-03-24T22:00:00Z,BTC/USDT,buy,12770.87137156,0.06186068,0.79001479,USDT
2023-03-26T03:00:00Z,BTC/USDT,sell,13188.10169348,0.06186068,0.81582494,USDT
2023-03-26T05:00:00Z,BTC/USDT,buy,13199.61694122,0.05999811,0.79195207,USDT
2023-03-26T06:00:00Z,BTC/USDT,sell,12998.77370283,0.05999811,0.77990185,USDT
2023-03-27T20:00:00Z,BTC/USDT,buy,12739.36411181,0.06208016,0.79086176,USDT
2023-03-28T16:00:00Z,BTC/USDT,sell,12877.76378606,0.06208016,0.79945364,USDT
2023-03-28T20:00:00Z,BTC/USDT,buy,13030.78121254,0.06073482,0.79142215,USDT
2023-03-29T02:00:00Z,BTC/USDT,sell,12911.65902396,0.06073482,0.78418729,USDT
2023-03-29T03:00:00Z,BTC/USDT,buy,12856.58384738,0.06150288,0.79071693,USDT
2023-03-29T05:00:00Z,BTC/USDT,sell,12728.11531272,0.06150288,0.78281575,USDT
2023-03-29T11:00:00Z,BTC/USDT,buy,13027.68060801,0.06063694,0.78995869,USDT
2023-03-29T12:00:00Z,BTC/USDT,sell,12800.14540066,0.06063694,0.77616165,USDT
2023-03-30T02:00:00Z,BTC/USDT,buy,12636.88972422,0.0624148,0.78872894,USDT
2023-03-30T03:00:00Z,BTC/USDT,sell,12630.91884727,0.0624148,0.78835627,USDT
2023-03-30T15:00:00Z,BTC/USDT,buy,12839.82497514,0.06141617,0.78857287,USDT
2023-03-31T11:00:00Z,BTC/USDT,sell,12760.09489893,0.06141617,0.78367616,USDT
2023-04-01T14:00:00Z,BTC/USDT,buy,13050.52662131,0.06038493,0.78805514,USDT
2023-04-03T03:00:00Z,BTC/USDT,sell,13541.99984688,0.06038493,0.81773271,USDT
2023-04-03T04:00:00Z,BTC/USDT,buy,13677.18248866,0.05778251,0.79030193,USDT
2023-04-03T11:00:00Z,BTC/USDT,sell,13537.76546613,0.05778251,0.78224607,USDT
2023-04-03T12:00:00Z,BTC/USDT,buy,13545.80607128,0.05828604,0.78953139,USDT
2023-04-03T13:00:00Z,BTC/USDT,sell,13444.65478976,0.05828604,0.78363569,USDT
2023-04-04T16:00:00Z,BTC/USDT,buy,14275.68269221,0.05526415,0.78893347,USDT
2023-04-05T05:00:00Z,BTC/USDT,sell,14783.96752040,0.05526415,0.81702340,USDT
2023-04-05T07:00:00Z,BTC/USDT,buy,14862.35031243,0.05322532,0.79105335,USDT
2023-04-05T08:00:00Z,BTC/USDT,sell,14702.47933987,0.05322532,0.78254417,USDT
2023-04-06T02:00:00Z,BTC/USDT,buy,15019.53016107,0.05261458,0.79024627,USDT
2023-04-06T15:00:00Z,BTC/USDT,sell,14817.37140010,0.05261458,0.77960977,USDT
2023-04-08T05:00:00Z,BTC/USDT,buy,14554.57613524,0.05422826,0.78926934,USDT
2023-04-08T08:00:00Z,BTC/USDT,sell,14278.64959376,0.05422826,0.77430632,USDT
2023-04-10T01:00:00Z,BTC/USDT,buy,14160.61079501,0.05564354,0.78794651,USDT
2023-04-10T02:00:00Z,BTC/USDT,sell,14093.92563794,0.05564354,0.78423591,USDT
2023-04-13T07:00:00Z,BTC/USDT,buy,13919.85294325,0.05657557,0.78752361,USDT
2023-04-13T09:00:00Z,BTC/USDT,sell,13753.65636168,0.05657557,0.77812095,USDT
2023-04-13T12:00:00Z,BTC/USDT,buy,13896.26586360,0.05660843,0.78664579,USDT
2023-04-13T13:00:00Z,BTC/USDT,stop_sell,13625.45502417,0.05660843,0.77131562,USDT
2023-04-13T15:00:00Z,BTC/USDT,buy,14007.36914848,0.05606292,0.78529402,USDT
2023-04-13T16:00:00Z,BTC/USDT,sell,13901.81379891,0.05606292,0.77937627,USDT
2023-04-13T18:00:00Z,BTC/USDT,buy,13991.91330642,0.05608205,0.78469518,USDT
2023-04-14T01:00:00Z,BTC/USDT,sell,14123.53074198,0.05608205,0.79207656,USDT
2023-04-14T02:00:00Z,BTC/USDT,buy,14101.42481081,0.05567946,0.78515972,USDT
2023-04-15T07:00:00Z,BTC/USDT,sell,14240.46979920,0.05567946,0.79290167,USDT
2023-04-16T11:00:00Z,BTC/USDT,buy,14095.09173486,0.05573948,0.78565308,USDT
2023-04-16T12:00:00Z,BTC/USDT,sell,14008.97462269,0.05573948,0.78085296,USDT
2023-04-16T13:00:00Z,BTC/USDT,buy,14141.07224662,0.0555222,0.78514344,USDT
2023-04-16T14:00:00Z,BTC/USDT,sell,14016.21095272,0.0555222,0.77821087,USDT
2023-04-18T06:00:00Z,BTC/USDT,buy,14639.00726471,0.05358721,0.78446356,USDT
2023-04-18T23:00:00Z,BTC/USDT,sell,14952.15439989,0.05358721,0.80124424,USDT
2023-04-19T03:00:00Z,BTC/USDT,buy,14946.80378506,0.05256506,0.78567964,USDT
2023-04-19T04:00:00Z,BTC/USDT,stop_sell,14647.21942165,0.05256506,0.76993197,USDT
2023-04-19T07:00:00Z,BTC/USDT,buy,14729.79427053,0.05324547,0.78429482,USDT
2023-04-19T08:00:00Z,BTC/USDT,sell,14717.58931710,0.05324547,0.78364496,USDT
2023-04-21T06:00:00Z,BTC/USDT,buy,13954.56706163,0.05619072,0.78411717,USDT
2023-04-21T07:00:00Z,BTC/USDT,sell,13852.28319760,0.05619072,0.77836977,USDT
2023-04-23T04:00:00Z,BTC/USDT,buy,14008.45010169,0.05593282,0.78353212,USDT
2023-04-23T11:00:00Z,BTC/USDT,stop_sell,13709.67980328,0.05593282,0.76682105,USDT
2023-04-25T22:00:00Z,BTC/USDT,buy,14129.21499396,0.05535131,0.78207056,USDT
2023-04-25T22:00:00Z,BTC/USDT,stop_sell,13862.79725051,0.05535131,0.76732399,USDT
2023-04-26T10:00:00Z,BTC/USDT,buy,14376.20711630,0.05430961,0.78076620,USDT
2023-04-26T11:00:00Z,BTC/USDT,sell,14284.05293873,0.05430961,0.77576134,USDT
2023-04-26T16:00:00Z,BTC/USDT,buy,14254.47944989,0.05473655,0.78024103,USDT
2023-04-26T20:00:00Z,BTC/USDT,stop_sell,14005.24866154,0.05473655,0.76659899,USDT
2023-04-26T21:00:00Z,BTC/USDT,buy,14117.67894882,0.05518083,0.77902524,USDT
2023-04-27T04:00:00Z,BTC/USDT,sell,14136.24581626,0.05518083,0.78004978,USDT
2023-04-28T00:00:00Z,BTC/USDT,buy,14291.55836708,0.05450648,0.77898254,USDT
2023-04-28T04:00:00Z,BTC/USDT,sell,14284.39761531,0.05450648,0.77859223,USDT
2023-04-30T02:00:00Z,BTC/USDT,buy,15318.88509674,0.05084094,0.77882652,USDT
2023-04-30T22:00:00Z,BTC/USDT,sell,15188.25209199,0.05084094,0.77218501,USDT
2023-05-01T05:00:00Z,BTC/USDT,buy,15535.25529778,0.05009064,0.77817088,USDT
2023-05-01T10:00:00Z,BTC/USDT,stop_sell,15183.41842649,0.05009064,0.76054715,USDT
2023-05-01T12:00:00Z,BTC/USDT,buy,15285.34429472,0.05080926,0.77663703,USDT
2023-05-01T13:00:00Z,BTC/USDT,sell,15261.80012858,0.05080926,0.77544077,USDT
2023-05-01T18:00:00Z,BTC/USDT,buy,15383.84122758,0.05046965,0.77641708,USDT
2023-05-02T11:00:00Z,BTC/USDT,sell,15192.33234185,0.05046965,0.76675170,USDT
2023-05-02T12:00:00Z,BTC/USDT,buy,15336.36193079,0.0505674,0.77551995,USDT
2023-05-02T16:00:00Z,BTC/USDT,sell,15599.70384220,0.0505674,0.78883646,USDT
2023-05-02T18:00:00Z,BTC/USDT,buy,15815.20162799,0.04909584,0.77646061,USDT
2023-05-04T19:00:00Z,BTC/USDT,sell,16969.71521484,0.04909584,0.83314242,USDT
2023-05-05T02:00:00Z,BTC/USDT,buy,16988.46332367,0.04596464,0.78086860,USDT
2023-05-05T22:00:00Z,BTC/USDT,sell,17300.82233546,0.04596464,0.79522607,USDT
2023-05-06T14:00:00Z,BTC/USDT,buy,18141.09289244,0.04310058,0.78189163,USDT
2023-05-06T18:00:00Z,BTC/USDT,stop_sell,17737.14314022,0.04310058,0.76448116,USDT
2023-05-06T19:00:00Z,BTC/USDT,buy,17730.40600762,0.04401334,0.78037439,USDT
2023-05-06T21:00:00Z,BTC/USDT,sell,17683.88664849,0.04401334,0.77832692,USDT
2023-05-06T22:00:00Z,BTC/USDT,buy,17776.41273348,0.04388319,0.78008570,USDT
2023-05-07T02:00:00Z,BTC/USDT,sell,17814.40721956,0.04388319,0.78175302,USDT
2023-05-07T03:00:00Z,BTC/USDT,buy,17886.38503416,0.04361385,0.78009411,USDT
2023-05-07T07:00:00Z,BTC/USDT,sell,17887.18463465,0.04361385,0.78012899,USDT
2023-05-07T10:00:00Z,BTC/USDT,buy,18007.62854862,0.04331342,0.77997198,USDT
2023-05-07T12:00:00Z,BTC/USDT,sell,17802.27449996,0.04331342,0.77107739,USDT
2023-05-07T14:00:00Z,BTC/USDT,buy,17781.38486031,0.04381751,0.77913601,USDT
2023-05-07T18:00:00Z,BTC/USDT,sell,17722.84969822,0.04381751,0.77657114,USDT
2023-05-08T14:00:00Z,BTC/USDT,buy,18807.85350314,0.04140856,0.77880613,USDT
2023-05-09T05:00:00Z,BTC/USDT,stop_sell,18393.64031284,0.04140856,0.76165416,USDT
2023-05-12T09:00:00Z,BTC/USDT,buy,16965.12090229,0.04581812,0.77730995,USDT
2023-05-12T11:00:00Z,BTC/USDT,sell,16905.62463116,0.04581812,0.77458394,USDT
2023-05-13T23:00:00Z,BTC/USDT,buy,17066.82727706,0.04552502,0.77696765,USDT
2023-05-14T21:00:00Z,BTC/USDT,sell,17880.13658344,0.04552502,0.81399358,USDT
2023-05-14T22:00:00Z,BTC/USDT,buy,17894.70692402,0.04357735,0.77980391,USDT
2023-05-15T12:00:00Z,BTC/USDT,sell,17739.11358521,0.04357735,0.77302356,USDT
2023-05-16T10:00:00Z,BTC/USDT,buy,18010.86500003,0.04325927,0.77913687,USDT
2023-05-16T12:00:00Z,BTC/USDT,stop_sell,17566.37869579,0.04325927,0.75990872,USDT
2023-05-17T19:00:00Z,BTC/USDT,buy,17548.94247419,0.04430322,0.77747466,USDT
2023-05-18T05:00:00Z,BTC/USDT,sell,17246.57689975,0.04430322,0.76407889,USDT
2023-05-18T06:00:00Z,BTC/USDT,buy,17510.16687408,0.04433305,0.77627910,USDT
2023-05-18T10:00:00Z,BTC/USDT,sell,17269.24248029,0.04433305,0.76559819,USDT
2023-05-18T12:00:00Z,BTC/USDT,buy,17602.89226961,0.04404394,0.77530073,USDT
2023-05-18T16:00:00Z,BTC/USDT,sell,17652.96958676,0.04404394,0.77750633,USDT
2023-05-18T17:00:00Z,BTC/USDT,buy,17763.85063557,0.0436478,0.77535300,USDT
2023-05-18T20:00:00Z,BTC/USDT,sell,17702.79480169,0.0436478,0.77268805,USDT
2023-05-18T21:00:00Z,BTC/USDT,buy,17914.03859903,0.04326304,0.77501577,USDT
2023-05-20T16:00:00Z,BTC/USDT,sell,18188.05264039,0.04326304,0.78687045,USDT
2023-05-20T17:00:00Z,BTC/USDT,buy,18452.95877445,0.04204419,0.77583970,USDT
2023-05-20T18:00:00Z,BTC/USDT,sell,18378.46120648,0.04204419,0.77270751,USDT
2023-05-20T20:00:00Z,BTC/USDT,buy,18761.48381788,0.04133282,0.77546503,USDT
2023-05-21T03:00:00Z,BTC/USDT,sell,18334.64127241,0.04133282,0.75782243,USDT
2023-05-21T04:00:00Z,BTC/USDT,buy,18417.34894544,0.0420218,0.77393015,USDT
2023-05-21T09:00:00Z,BTC/USDT,sell,18463.95142299,0.0420218,0.77588847,USDT
2023-05-21T10:00:00Z,BTC/USDT,buy,18440.20677564,0.04197148,0.77396277,USDT
2023-05-21T12:00:00Z,BTC/USDT,sell,18616.84816138,0.04197148,0.78137667,USDT
2023-05-22T17:00:00Z,BTC/USDT,buy,18488.52262849,0.04188716,0.77443171,USDT
2023-05-23T17:00:00Z,BTC/USDT,sell,19023.16975995,0.04188716,0.79682656,USDT
2023-05-24T01:00:00Z,BTC/USDT,buy,20059.71893004,0.0386894,0.77609849,USDT
2023-05-24T06:00:00Z,BTC/USDT,stop_sell,19623.06725936,0.0386894,0.75920470,USDT
2023-05-24T07:00:00Z,BTC/USDT,buy,19532.33963617,0.03965851,0.77462349,USDT
2023-05-24T08:00:00Z,BTC/USDT,sell,19738.09817392,0.03965851,0.78278356,USDT
2023-05-24T11:00:00Z,BTC/USDT,buy,20109.32663350,0.03854688,0.77515180,USDT
2023-05-24T18:00:00Z,BTC/USDT,sell,20033.81905951,0.03854688,0.77224122,USDT
2023-06-01T00:00:00Z,BTC/USDT,buy,15547.16540285,0.04983513,0.77479501,USDT
2023-06-01T01:00:00Z,BTC/USDT,sell,15400.54657065,0.04983513,0.76748824,USDT
2023-06-02T01:00:00Z,BTC/USDT,buy,15799.16995116,0.04899541,0.77408681,USDT
2023-06-02T02:00:00Z,BTC/USDT,stop_sell,15442.93747228,0.04899541,0.75663305,USDT
2023-06-02T06:00:00Z,BTC/USDT,buy,15501.43400658,0.04983844,0.77256729,USDT
2023-06-02T09:00:00Z,BTC/USDT,sell,15447.89640289,0.04983844,0.76989906,USDT
2023-06-03T15:00:00Z,BTC/USDT,buy,15305.94482184,0.05045296,0.77223022,USDT
2023-06-04T06:00:00Z,BTC/USDT,sell,15208.06655980,0.05045296,0.76729197,USDT
2023-06-04T08:00:00Z,BTC/USDT,buy,15226.48596326,0.0506822,0.77171181,USDT
2023-06-04T10:00:00Z,BTC/USDT,sell,15236.38997201,0.0506822,0.77221376,USDT
2023-06-05T19:00:00Z,BTC/USDT,buy,15136.83822780,0.05097685,0.77162833,USDT
2023-06-06T03:00:00Z,BTC/USDT,sell,15115.85645392,0.05097685,0.77055875,USDT
2023-06-09T08:00:00Z,BTC/USDT,buy,13630.11859947,0.05659667,0.77141932,USDT
2023-06-09T09:00:00Z,BTC/USDT,sell,13647.77113978,0.05659667,0.77241840,USDT
2023-06-10T02:00:00Z,BTC/USDT,buy,14176.72118818,0.05441143,0.77137567,USDT
2023-06-11T00:00:00Z,BTC/USDT,sell,14162.41417854,0.05441143,0.77059721,USDT
2023-06-13T03:00:00Z,BTC/USDT,buy,14149.69758614,0.05450222,0.77118993,USDT
2023-06-13T10:00:00Z,BTC/USDT,stop_sell,13870.39935556,0.05450222,0.75596756,USDT
2023-06-13T11:00:00Z,BTC/USDT,buy,13893.45312794,0.05541094,0.76984930,USDT
2023-06-13T13:00:00Z,BTC/USDT,stop_sell,13560.70876385,0.05541094,0.75141162,USDT
2023-06-14T10:00:00Z,BTC/USDT,buy,13618.49380198,0.05641239,0.76825178,USDT
2023-06-14T13:00:00Z,BTC/USDT,stop_sell,13309.01845281,0.05641239,0.75079354,USDT
2023-06-15T18:00:00Z,BTC/USDT,buy,14917.83384933,0.05139707,0.76673295,USDT
2023-06-15T22:00:00Z,BTC/USDT,stop_sell,14552.76771756,0.05139707,0.74796962,USDT
2023-06-16T08:00:00Z,BTC/USDT,buy,14746.13499481,0.05188545,0.76510985,USDT
2023-06-16T09:00:00Z,BTC/USDT,sell,14631.20315679,0.05188545,0.75914656,USDT
2023-06-16T16:00:00Z,BTC/USDT,buy,14780.75134033,0.05172339,0.76451057,USDT
2023-06-16T17:00:00Z,BTC/USDT,sell,14639.08191744,0.05172339,0.75718294,USDT
2023-06-16T19:00:00Z,BTC/USDT,buy,14832.97304613,0.05149354,0.76380229,USDT
2023-06-17T03:00:00Z,BTC/USDT,sell,14681.92349094,0.05149354,0.75602421,USDT
2023-06-17T04:00:00Z,BTC/USDT,buy,14827.48865731,0.05146239,0.76305800,USDT
2023-06-17T11:00:00Z,BTC/USDT,sell,14745.16290841,0.05146239,0.75882132,USDT
2023-06-17T12:00:00Z,BTC/USDT,buy,14772.53441092,0.05162263,0.76259708,USDT
2023-06-17T13:00:00Z,BTC/USDT,sell,14588.95593697,0.05162263,0.75312027,USDT
2023-06-18T00:00:00Z,BTC/USDT,buy,14870.84094262,0.05122221,0.76171734,USDT
2023-06-18T01:00:00Z,BTC/USDT,sell,14715.41640210,0.05122221,0.75375615,USDT
2023-06-18T13:00:00Z,BTC/USDT,buy,14962.91228228,0.05085633,0.76095880,USDT
2023-06-19T03:00:00Z,BTC/USDT,stop_sell,14683.61569673,0.05085633,0.74675481,USDT
2023-06-20T01:00:00Z,BTC/USDT,buy,14531.94689027,0.05227801,0.75970126,USDT
2023-06-20T01:00:00Z,BTC/USDT,stop_sell,14274.41609974,0.05227801,0.74623807,USDT
2023-06-21T11:00:00Z,BTC/USDT,buy,14813.57515303,0.05120324,0.75850304,USDT
2023-06-21T20:00:00Z,BTC/USDT,sell,14862.47361671,0.05120324,0.76100680,USDT
2023-06-21T22:00:00Z,BTC/USDT,buy,15025.94370624,0.05048481,0.75858191,USDT
2023-06-22T06:00:00Z,BTC/USDT,sell,14901.38387585,0.05048481,0.75229353,USDT
2023-06-23T14:00:00Z,BTC/USDT,buy,15870.66519992,0.0477584,0.75795758,USDT
2023-06-24T10:00:00Z,BTC/USDT,sell,15750.49556163,0.0477584,0.75221847,USDT
2023-06-25T07:00:00Z,BTC/USDT,buy,15489.09689811,0.04889745,0.75737734,USDT
2023-06-25T08:00:00Z,BTC/USDT,sell,15303.44437304,0.04889745,0.74829941,USDT
2023-06-25T11:00:00Z,BTC/USDT,buy,15448.05130457,0.04897254,0.75653031,USDT
2023-06-25T13:00:00Z,BTC/USDT,stop_sell,15137.13295446,0.04897254,0.74130385,USDT
2023-06-25T14:00:00Z,BTC/USDT,buy,15242.73560602,0.04954436,0.75519158,USDT
2023-06-25T15:00:00Z,BTC/USDT,sell,15170.40101999,0.04954436,0.75160781,USDT
2023-06-26T05:00:00Z,BTC/USDT,buy,15458.67663858,0.04882593,0.75478426,USDT
2023-06-27T10:00:00Z,BTC/USDT,sell,16111.43516954,0.04882593,0.78665581,USDT
2023-06-27T16:00:00Z,BTC/USDT,buy,16576.83529851,0.04567891,0.75721177,USDT
2023-06-27T17:00:00Z,BTC/USDT,sell,16326.70346455,0.04567891,0.74578602,USDT
2023-06-27T19:00:00Z,BTC/USDT,buy,16547.28345898,0.04569795,0.75617693,USDT
2023-06-27T23:00:00Z,BTC/USDT,sell,16334.24899590,0.04569795,0.74644169,USDT
2023-06-29T08:00:00Z,BTC/USDT,buy,15961.26773655,0.04731939,0.75527745,USDT
2023-06-29T09:00:00Z,BTC/USDT,sell,15878.02317992,0.04731939,0.75133837,USDT
2023-06-29T10:00:00Z,BTC/USDT,buy,15957.25499118,0.04730398,0.75484167,USDT
2023-06-29T12:00:00Z,BTC/USDT,sell,16011.29546544,0.04730398,0.75739800,USDT
2023-06-29T16:00:00Z,BTC/USDT,buy,16179.28431336,0.04665999,0.75492524,USDT
2023-06-29T19:00:00Z,BTC/USDT,sell,16138.60330768,0.04665999,0.75302707,USDT
2023-07-01T17:00:00Z,BTC/USDT,buy,15385.83155324,0.04904854,0.75465257,USDT
2023-07-01T22:00:00Z,BTC/USDT,stop_sell,15115.08608619,0.04904854,0.74137290,USDT
2023-07-05T09:00:00Z,BTC/USDT,buy,15484.77521835,0.04865876,0.75346996,USDT
2023-07-05T22:00:00Z,BTC/USDT,sell,15503.30694876,0.04865876,0.75437169,USDT
2023-07-07T10:00:00Z,BTC/USDT,buy,16280.82908437,0.0462766,0.75342142,USDT
2023-07-07T13:00:00Z,BTC/USDT,stop_sell,15926.82198506,0.0462766,0.73703917,USDT
2023-07-07T19:00:00Z,BTC/USDT,buy,16324.28781788,0.04606577,0.75199089,USDT
2023-07-07T21:00:00Z,BTC/USDT,stop_sell,15994.72499068,0.04606577,0.73680932,USDT
2023-07-09T15:00:00Z,BTC/USDT,buy,15035.83781283,0.04992449,0.75065653,USDT
2023-07-09T17:00:00Z,BTC/USDT,sell,15193.44277435,0.04992449,0.75852488,USDT
2023-07-09T19:00:00Z,BTC/USDT,buy,15465.91953022,0.04856909,0.75116564,USDT
2023-07-09T20:00:00Z,BTC/USDT,sell,15377.48692524,0.04856909,0.74687055,USDT
2023-07-10T16:00:00Z,BTC/USDT,buy,15531.99711250,0.04833261,0.75070196,USDT
2023-07-11T04:00:00Z,BTC/USDT,stop_sell,15144.46428749,0.04833261,0.73197149,USDT
2023-07-11T05:00:00Z,BTC/USDT,buy,15176.77504122,0.04935726,0.74908403,USDT
2023-07-11T10:00:00Z,BTC/USDT,sell,15326.94327271,0.04935726,0.75649592,USDT
2023-07-12T17:00:00Z,BTC/USDT,buy,15260.29852509,0.0491181,0.74955687,USDT
2023-07-13T09:00:00Z,BTC/USDT,sell,15369.78376075,0.0491181,0.75493458,USDT
2023-07-13T14:00:00Z,BTC/USDT,buy,15309.78696095,0.04897957,0.74986678,USDT
2023-07-14T12:00:00Z,BTC/USDT,sell,15362.38316790,0.04897957,0.75244292,USDT
2023-07-16T00:00:00Z,BTC/USDT,buy,14913.50246272,0.05028683,0.74995276,USDT
2023-07-16T15:00:00Z,BTC/USDT,sell,14905.59765091,0.05028683,0.74955526,USDT
2023-07-16T16:00:00Z,BTC/USDT,buy,15030.23235850,0.04988618,0.74980088,USDT
2023-07-17T15:00:00Z,BTC/USDT,sell,15624.23285656,0.04988618,0.77943329,USDT
2023-07-20T01:00:00Z,BTC/USDT,buy,16911.67181910,0.04446931,0.75205038,USDT
2023-07-20T02:00:00Z,BTC/USDT,stop_sell,16480.90075570,0.04446931,0.73289428,USDT
2023-07-20T05:00:00Z,BTC/USDT,buy,16673.77350339,0.0450047,0.75039817,USDT
2023-07-20T09:00:00Z,BTC/USDT,stop_sell,16254.67776303,0.0450047,0.73153690,USDT
2023-07-22T00:00:00Z,BTC/USDT,buy,17226.31240278,0.04346664,0.74876992,USDT
2023-07-22T08:00:00Z,BTC/USDT,stop_sell,16842.29758628,0.04346664,0.73207809,USDT
2023-07-28T11:00:00Z,BTC/USDT,buy,15249.31091203,0.0490065,0.74731536,USDT
2023-07-28T12:00:00Z,BTC/USDT,sell,15075.33202727,0.0490065,0.73878926,USDT
2023-07-28T14:00:00Z,BTC/USDT,buy,15000.50902426,0.04976591,0.74651398,USDT
2023-07-28T15:00:00Z,BTC/USDT,sell,14989.10480844,0.04976591,0.74594644,USDT
2023-07-28T18:00:00Z,BTC/USDT,buy,14765.06406561,0.05054832,0.74634918,USDT
2023-07-29T02:00:00Z,BTC/USDT,sell,14881.09779397,0.05054832,0.75221449,USDT
2023-07-29T11:00:00Z,BTC/USDT,buy,15055.32147579,0.04959699,0.74669863,USDT
2023-07-29T16:00:00Z,BTC/USDT,sell,14888.12876372,0.04959699,0.73840637,USDT
2023-08-02T00:00:00Z,BTC/USDT,buy,13608.72319112,0.05481161,0.74591603,USDT
2023-08-02T01:00:00Z,BTC/USDT,sell,13521.54900642,0.05481161,0.74113787,USDT
2023-08-02T08:00:00Z,BTC/USDT,buy,13491.00642615,0.0552527,0.74541453,USDT
2023-08-02T18:00:00Z,BTC/USDT,sell,13595.80466102,0.0552527,0.75120492,USDT
2023-08-02T19:00:00Z,BTC/USDT,buy,13660.85603651,0.05459089,0.74575829,USDT
2023-08-02T23:00:00Z,BTC/USDT,sell,13585.33956418,0.05459089,0.74163578,USDT
2023-08-05T03:00:00Z,BTC/USDT,buy,12621.63472653,0.05905014,0.74530930,USDT
2023-08-05T05:00:00Z,BTC/USDT,stop_sell,12363.67089184,0.05905014,0.73007650,USDT
2023-08-05T11:00:00Z,BTC/USDT,buy,12183.76967942,0.06106254,0.74397192,USDT
2023-08-05T11:00:00Z,BTC/USDT,stop_sell,11895.83615779,0.06106254,0.72638997,USDT
2023-08-07T00:00:00Z,BTC/USDT,buy,11866.44016696,0.06256695,0.74244697,USDT
2023-08-08T14:00:00Z,BTC/USDT,sell,12424.71829212,0.06256695,0.77737673,USDT
2023-08-08T15:00:00Z,BTC/USDT,buy,12578.39267931,0.05923818,0.74512109,USDT
2023-08-08T17:00:00Z,BTC/USDT,sell,12549.47476168,0.05923818,0.74340804,USDT
2023-08-09T05:00:00Z,BTC/USDT,buy,12727.01219493,0.05852629,0.74486481,USDT
2023-08-09T06:00:00Z,BTC/USDT,sell,12554.16957710,0.05852629,0.73474897,USDT
2023-08-09T07:00:00Z,BTC/USDT,buy,12612.25530416,0.05898523,0.74393678,USDT
2023-08-09T08:00:00Z,BTC/USDT,sell,12521.47843884,0.05898523,0.73858229,USDT
2023-08-09T09:00:00Z,BTC/USDT,buy,12474.13966986,0.05959445,0.74338949,USDT
2023-08-09T10:00:00Z,BTC/USDT,sell,12509.47156329,0.05959445,0.74549508,USDT
2023-08-09T11:00:00Z,BTC/USDT,buy,12623.69074102,0.05889235,0.74343881,USDT
2023-08-09T12:00:00Z,BTC/USDT,sell,12513.99705941,0.05889235,0.73697869,USDT
2023-08-10T17:00:00Z,BTC/USDT,buy,12563.98453984,0.05912164,0.74280337,USDT
2023-08-11T05:00:00Z,BTC/USDT,sell,12483.98500794,0.05912164,0.73807367,USDT
2023-08-11T06:00:00Z,BTC/USDT,buy,12659.87296410,0.05863457,0.74230621,USDT
2023-08-11T08:00:00Z,BTC/USDT,sell,12600.07973953,0.05863457,0.73880026,USDT
2023-08-12T11:00:00Z,BTC/USDT,buy,12952.77504295,0.05727785,0.74190711,USDT
2023-08-12T19:00:00Z,BTC/USDT,sell,12988.74969834,0.05727785,0.74396766,USDT
2023-08-12T20:00:00Z,BTC/USDT,buy,13053.56809629,0.0568391,0.74195306,USDT
2023-08-12T21:00:00Z,BTC/USDT,stop_sell,12742.83515441,0.0568391,0.72429128,USDT
2023-08-13T21:00:00Z,BTC/USDT,buy,12843.96410066,0.05764747,0.74042204,USDT
2023-08-13T23:00:00Z,BTC/USDT,sell,12879.40979464,0.05764747,0.74246539,USDT
2023-08-14T20:00:00Z,BTC/USDT,buy,12605.36039143,0.05874222,0.74046685,USDT
2023-08-15T01:00:00Z,BTC/USDT,sell,12634.62265444,0.05874222,0.74218578,USDT
2023-08-15T02:00:00Z,BTC/USDT,buy,12690.33070135,0.0583504,0.74048587,USDT
2023-08-15T03:00:00Z,BTC/USDT,sell,12681.09972828,0.0583504,0.73994724,USDT
2023-08-15T04:00:00Z,BTC/USDT,buy,12776.23156032,0.05794543,0.74032423,USDT
2023-08-15T08:00:00Z,BTC/USDT,sell,12927.10074024,0.05794543,0.74906641,USDT
2023-08-15T09:00:00Z,BTC/USDT,buy,12960.13460189,0.05716798,0.74090472,USDT
2023-08-15T21:00:00Z,BTC/USDT,stop_sell,12694.40093652,0.05716798,0.72571326,USDT
2023-08-16T18:00:00Z,BTC/USDT,buy,12564.76876076,0.05886073,0.73957146,USDT
2023-08-16T19:00:00Z,BTC/USDT,sell,12532.18021728,0.05886073,0.73765328,USDT
2023-08-16T21:00:00Z,BTC/USDT,buy,12483.49623880,0.05922216,0.73929961,USDT
2023-08-16T23:00:00Z,BTC/USDT,sell,12531.43197659,0.05922216,0.74213847,USDT
2023-08-17T02:00:00Z,BTC/USDT,buy,12792.15407760,0.0578017,0.73940825,USDT
2023-08-18T00:00:00Z,BTC/USDT,sell,13035.95787744,0.0578017,0.75350053,USDT
2023-08-18T02:00:00Z,BTC/USDT,buy,13150.72253323,0.05630236,0.74041671,USDT
2023-08-18T03:00:00Z,BTC/USDT,sell,12996.38516769,0.05630236,0.73172716,USDT
2023-08-19T19:00:00Z,BTC/USDT,buy,12609.73178904,0.05865338,0.73960339,USDT
2023-08-19T22:00:00Z,BTC/USDT,sell,12586.82077533,0.05865338,0.73825958,USDT
2023-08-20T02:00:00Z,BTC/USDT,buy,12860.83451766,0.05749064,0.73937761,USDT
2023-08-20T05:00:00Z,BTC/USDT,stop_sell,12584.50131147,0.05749064,0.72349103,USDT
2023-08-20T06:00:00Z,BTC/USDT,buy,12652.86434154,0.05832584,0.73798894,USDT
2023-08-20T10:00:00Z,BTC/USDT,stop_sell,12355.72428720,0.05832584,0.72065800,USDT
2023-08-21T17:00:00Z,BTC/USDT,buy,12281.19373410,0.05996852,0.73648501,USDT
2023-08-21T18:00:00Z,BTC/USDT,sell,12310.93644850,0.05996852,0.73826864,USDT
2023-08-22T07:00:00Z,BTC/USDT,buy,12216.99767812,0.06028566,0.73650977,USDT
2023-08-22T08:00:00Z,BTC/USDT,stop_sell,11989.39362566,0.06028566,0.72278851,USDT
2023-08-22T10:00:00Z,BTC/USDT,buy,12099.88713010,0.06076872,0.73529465,USDT
2023-08-22T11:00:00Z,BTC/USDT,sell,12098.25301342,0.06076872,0.73519535,USDT
2023-08-22T16:00:00Z,BTC/USDT,buy,12427.26974261,0.05915773,0.73516907,USDT
2023-08-22T20:00:00Z,BTC/USDT,stop_sell,12166.67146529,0.05915773,0.71975267,USDT
2023-08-22T21:00:00Z,BTC/USDT,buy,12193.06709480,0.06018327,0.73381865,USDT
2023-08-22T23:00:00Z,BTC/USDT,stop_sell,11925.76915681,0.06018327,0.71773179,USDT
2023-08-23T06:00:00Z,BTC/USDT,buy,12197.79279547,0.06004487,0.73241488,USDT
2023-08-23T07:00:00Z,BTC/USDT,sell,12146.54529620,0.06004487,0.72933773,USDT
2023-08-23T08:00:00Z,BTC/USDT,buy,12176.01933218,0.0601224,0.73205150,USDT
2023-08-23T09:00:00Z,BTC/USDT,sell,12081.97925337,0.0601224,0.72639759,USDT
2023-08-23T14:00:00Z,BTC/USDT,buy,12394.76844508,0.05901541,0.73148234,USDT
2023-08-24T03:00:00Z,BTC/USDT,stop_sell,12159.65663275,0.05901541,0.71760712,USDT
2023-08-24T04:00:00Z,BTC/USDT,buy,12255.79515216,0.05958452,0.73025567,USDT
2023-08-24T07:00:00Z,BTC/USDT,sell,12115.76741484,0.05958452,0.72191219,USDT
2023-08-24T20:00:00Z,BTC/USDT,buy,12378.53942562,0.05893035,0.72947166,USDT
2023-08-24T21:00:00Z,BTC/USDT,sell,12245.01710266,0.05893035,0.72160314,USDT
2023-08-24T23:00:00Z,BTC/USDT,buy,12283.89883598,0.05932365,0.72872572,USDT
2023-08-25T01:00:00Z,BTC/USDT,sell,12163.36920304,0.05932365,0.72157546,USDT
2023-08-25T02:00:00Z,BTC/USDT,buy,12190.41190687,0.05972213,0.72803736,USDT
2023-08-26T08:00:00Z,BTC/USDT,sell,12319.55051531,0.05972213,0.73574980,USDT
2023-08-28T02:00:00Z,BTC/USDT,buy,12562.34803100,0.05799374,0.72853755,USDT
2023-08-28T14:00:00Z,BTC/USDT,stop_sell,12312.25066613,0.05799374,0.71403346,USDT
2023-08-28T16:00:00Z,BTC/USDT,buy,12510.55988887,0.05813178,0.72726112,USDT
2023-08-28T20:00:00Z,BTC/USDT,sell,12526.65533710,0.05813178,0.72819677,USDT
2023-08-29T00:00:00Z,BTC/USDT,buy,12691.56812175,0.05729942,0.72721949,USDT
2023-08-29T01:00:00Z,BTC/USDT,sell,12519.64964070,0.05729942,0.71736866,USDT
2023-08-29T04:00:00Z,BTC/USDT,buy,12795.77614773,0.05676212,0.72631538,USDT
2023-08-30T16:00:00Z,BTC/USDT,sell,12946.56303122,0.05676212,0.73487436,USDT
2023-08-30T17:00:00Z,BTC/USDT,buy,13090.67917155,0.0555268,0.72688352,USDT
2023-08-30T19:00:00Z,BTC/USDT,sell,12927.32958876,0.0555268,0.71781324,USDT
2023-08-30T23:00:00Z,BTC/USDT,buy,13079.23727146,0.05551103,0.72604193,USDT
2023-08-31T08:00:00Z,BTC/USDT,sell,13014.54146500,0.05551103,0.72245060,USDT
2023-08-31T14:00:00Z,BTC/USDT,buy,13009.06266569,0.05577946,0.72563849,USDT
2023-08-31T15:00:00Z,BTC/USDT,sell,12982.98209358,0.05577946,0.72418373,USDT
2023-08-31T16:00:00Z,BTC/USDT,buy,12936.23006959,0.05607554,0.72540609,USDT
2023-08-31T18:00:00Z,BTC/USDT,sell,12960.46697178,0.05607554,0.72676518,USDT
2023-08-31T20:00:00Z,BTC/USDT,buy,13092.36400855,0.05540624,0.72539866,USDT
2023-09-01T02:00:00Z,BTC/USDT,sell,13200.88202212,0.05540624,0.73141124,USDT
2023-09-01T03:00:00Z,BTC/USDT,buy,13333.76806726,0.05443047,0.72576326,USDT
2023-09-01T07:00:00Z,BTC/USDT,stop_sell,13043.95515619,0.05443047,0.70998861,USDT
2023-09-02T10:00:00Z,BTC/USDT,buy,13766.19129782,0.05262064,0.72438580,USDT
2023-09-03T07:00:00Z,BTC/USDT,sell,13909.68944312,0.05262064,0.73193676,USDT
2023-09-03T08:00:00Z,BTC/USDT,buy,14201.25041367,0.05104294,0.72487357,USDT
2023-09-03T11:00:00Z,BTC/USDT,stop_sell,13860.15926559,0.05104294,0.70746328,USDT
2023-09-04T23:00:00Z,BTC/USDT,buy,13684.42073197,0.0528605,0.72336532,USDT
2023-09-05T00:00:00Z,BTC/USDT,sell,13504.49509264,0.0528605,0.71385436,USDT
2023-09-05T13:00:00Z,BTC/USDT,buy,14033.25071080,0.05148409,0.72248914,USDT
2023-09-06T03:00:00Z,BTC/USDT,sell,14279.97102971,0.05148409,0.73519131,USDT
2023-09-11T12:00:00Z,BTC/USDT,buy,13516.97654472,0.05351708,0.72338912,USDT
2023-09-12T09:00:00Z,BTC/USDT,sell,14348.44197011,0.05351708,0.76788672,USDT
2023-09-12T10:00:00Z,BTC/USDT,buy,14336.15350250,0.05069919,0.72683137,USDT
2023-09-12T11:00:00Z,BTC/USDT,sell,14223.65878891,0.05069919,0.72112798,USDT
2023-09-12T17:00:00Z,BTC/USDT,buy,14147.50947663,0.05133475,0.72625886,USDT
2023-09-14T05:00:00Z,BTC/USDT,sell,15536.07771118,0.05133475,0.79754067,USDT
2023-09-14T16:00:00Z,BTC/USDT,buy,15857.92067384,0.04614996,0.73184240,USDT
2023-09-14T20:00:00Z,BTC/USDT,stop_sell,15441.11652010,0.04614996,0.71260691,USDT
2023-09-15T19:00:00Z,BTC/USDT,buy,15478.67941197,0.04717374,0.73018720,USDT
2023-09-15T23:00:00Z,BTC/USDT,sell,15333.49473034,0.04717374,0.72333829,USDT
2023-09-16T22:00:00Z,BTC/USDT,buy,15200.07503840,0.04799467,0.72952259,USDT
2023-09-17T01:00:00Z,BTC/USDT,sell,15270.47070812,0.04799467,0.73290120,USDT
2023-09-20T09:00:00Z,BTC/USDT,buy,14107.10480339,0.05172401,0.72967603,USDT
2023-09-20T19:00:00Z,BTC/USDT,sell,14122.02359693,0.05172401,0.73044769,USDT
2023-09-20T20:00:00Z,BTC/USDT,buy,14226.88275944,0.05128466,0.72962085,USDT
2023-09-20T21:00:00Z,BTC/USDT,sell,14107.41854911,0.05128466,0.72349416,USDT
2023-09-23T08:00:00Z,BTC/USDT,buy,15135.49152878,0.04816587,0.72901412,USDT
2023-09-23T11:00:00Z,BTC/USDT,stop_sell,14822.43309613,0.04816587,0.71393539,USDT
2023-09-23T20:00:00Z,BTC/USDT,buy,15151.27511363,0.04802842,0.72769180,USDT
2023-09-23T22:00:00Z,BTC/USDT,sell,14945.92871429,0.04802842,0.71782934,USDT
2023-09-24T05:00:00Z,BTC/USDT,buy,15197.55075189,0.04782262,0.72678669,USDT
2023-09-24T09:00:00Z,BTC/USDT,stop_sell,14864.64190049,0.04782262,0.71086612,USDT
2023-09-28T04:00:00Z,BTC/USDT,buy,14459.59478030,0.0501672,0.72539738,USDT
2023-09-29T02:00:00Z,BTC/USDT,sell,14380.71146629,0.0501672,0.72144003,USDT
2023-09-29T09:00:00Z,BTC/USDT,buy,14900.84224677,0.04865261,0.72496487,USDT
2023-09-29T22:00:00Z,BTC/USDT,stop_sell,14506.68235630,0.04865261,0.70578796,USDT
2023-09-30T19:00:00Z,BTC/USDT,buy,14439.42583787,0.05009308,0.72331531,USDT
2023-09-30T20:00:00Z,BTC/USDT,sell,14279.85850500,0.05009308,0.71532209,USDT
2023-10-01T04:00:00Z,BTC/USDT,buy,14282.85901858,0.05058934,0.72256041,USDT
2023-10-01T07:00:00Z,BTC/USDT,stop_sell,13942.38124254,0.05058934,0.70533587,USDT
2023-10-02T16:00:00Z,BTC/USDT,buy,14171.87832496,0.05088016,0.72106744,USDT
2023-10-02T18:00:00Z,BTC/USDT,sell,14005.58409880,0.05088016,0.71260636,USDT
2023-10-03T00:00:00Z,BTC/USDT,buy,14073.54030352,0.05117941,0.72027549,USDT
2023-10-03T01:00:00Z,BTC/USDT,sell,14071.10798647,0.05117941,0.72015100,USDT
2023-10-05T16:00:00Z,BTC/USDT,buy,14440.51694915,0.04987012,0.72015031,USDT
2023-10-06T02:00:00Z,BTC/USDT,sell,14462.07769382,0.04987012,0.72122555,USDT
2023-10-07T14:00:00Z,BTC/USDT,buy,14381.20053476,0.05007377,0.72012093,USDT
2023-10-08T20:00:00Z,BTC/USDT,sell,14569.33549010,0.05007377,0.72954155,USDT
2023-10-08T22:00:00Z,BTC/USDT,buy,14802.44283866,0.04869189,0.72075892,USDT
2023-10-08T23:00:00Z,BTC/USDT,sell,14578.42043236,0.04869189,0.70985084,USDT
2023-10-10T03:00:00Z,BTC/USDT,buy,14085.68117993,0.05109951,0.71977141,USDT
2023-10-10T04:00:00Z,BTC/USDT,sell,13992.48724351,0.05109951,0.71500924,USDT
2023-10-13T08:00:00Z,BTC/USDT,buy,11966.81473516,0.06010583,0.71927533,USDT
2023-10-14T01:00:00Z,BTC/USDT,sell,12053.87144830,0.06010583,0.72450795,USDT
2023-10-15T13:00:00Z,BTC/USDT,buy,12025.32793714,0.05983859,0.71957867,USDT
2023-10-15T18:00:00Z,BTC/USDT,stop_sell,11758.30132504,0.05983859,0.70360017,USDT
2023-10-16T11:00:00Z,BTC/USDT,buy,12268.81709388,0.05853749,0.71818576,USDT
2023-10-16T13:00:00Z,BTC/USDT,stop_sell,12016.20180811,0.05853749,0.70339829,USDT
2023-10-18T02:00:00Z,BTC/USDT,buy,11346.76007977,0.06318001,0.71688842,USDT
2023-10-18T06:00:00Z,BTC/USDT,sell,11244.96520275,0.06318001,0.71045701,USDT
2023-10-18T08:00:00Z,BTC/USDT,buy,11355.32404161,0.06307697,0.71625943,USDT
2023-10-18T19:00:00Z,BTC/USDT,sell,11203.42118715,0.06307697,0.70667786,USDT
2023-10-19T03:00:00Z,BTC/USDT,buy,11507.17617173,0.06216804,0.71537859,USDT
2023-10-19T14:00:00Z,BTC/USDT,stop_sell,11284.23780983,0.06216804,0.70151895,USDT
2023-10-21T16:00:00Z,BTC/USDT,buy,11281.65858129,0.06330238,0.71415584,USDT
2023-10-21T21:00:00Z,BTC/USDT,sell,11293.35355847,0.06330238,0.71489616,USDT
2023-10-21T22:00:00Z,BTC/USDT,buy,11445.30207614,0.06239248,0.71410078,USDT
2023-10-21T23:00:00Z,BTC/USDT,sell,11324.02231842,0.06239248,0.70653384,USDT
2023-10-22T00:00:00Z,BTC/USDT,buy,11369.24419221,0.0627466,0.71338142,USDT
2023-10-22T10:00:00Z,BTC/USDT,sell,11250.77366107,0.0627466,0.70594779,USDT
2023-10-24T08:00:00Z,BTC/USDT,buy,10509.03429920,0.06781525,0.71267279,USDT
2023-10-24T14:00:00Z,BTC/USDT,stop_sell,10297.38698419,0.06781525,0.69831987,USDT
2023-10-24T15:00:00Z,BTC/USDT,buy,10359.46429958,0.06867257,0.71141104,USDT
2023-10-24T19:00:00Z,BTC/USDT,sell,10377.10389348,0.06867257,0.71262239,USDT
2023-10-25T04:00:00Z,BTC/USDT,buy,10566.70042586,0.06732414,0.71139402,USDT
2023-10-25T11:00:00Z,BTC/USDT,stop_sell,10374.49826466,0.06732414,0.69845417,USDT
2023-10-25T12:00:00Z,BTC/USDT,buy,10417.14157280,0.06818046,0.71024550,USDT
2023-10-25T18:00:00Z,BTC/USDT,sell,10352.99830630,0.06818046,0.70587219,USDT
2023-10-26T09:00:00Z,BTC/USDT,buy,10636.82055240,0.06672878,0.70978206,USDT
2023-10-26T11:00:00Z,BTC/USDT,sell,10575.46175793,0.06672878,0.70568766,USDT
2023-10-26T12:00:00Z,BTC/USDT,buy,10558.64743437,0.06718106,0.70934113,USDT
2023-10-26T14:00:00Z,BTC/USDT,sell,10531.75556496,0.06718106,0.70753450,USDT
2023-10-26T22:00:00Z,BTC/USDT,buy,10661.73772676,0.06650727,0.70908307,USDT
2023-10-27T02:00:00Z,BTC/USDT,sell,10727.09564706,0.06650727,0.71342985,USDT
2023-10-30T13:00:00Z,BTC/USDT,buy,10005.27035211,0.07089435,0.70931714,USDT
2023-10-30T17:00:00Z,BTC/USDT,stop_sell,9805.06537136,0.07089435,0.69512374,USDT
2023-11-01T11:00:00Z,BTC/USDT,buy,9277.42177369,0.07632171,0.70806869,USDT
2023-11-02T08:00:00Z,BTC/USDT,sell,9364.66190171,0.07632171,0.71472701,USDT
2023-11-02T09:00:00Z,BTC/USDT,buy,9482.66713108,0.07471397,0.70848771,USDT
2023-11-02T12:00:00Z,BTC/USDT,sell,9458.03462100,0.07471397,0.70664731,USDT
2023-11-02T20:00:00Z,BTC/USDT,buy,9377.53777267,0.07552379,0.70822719,USDT
2023-11-03T04:00:00Z,BTC/USDT,sell,9460.89156081,0.07552379,0.71452239,USDT
2023-11-03T08:00:00Z,BTC/USDT,buy,9534.62576742,0.07432039,0.70861711,USDT
2023-11-05T14:00:00Z,BTC/USDT,sell,10166.69987712,0.07432039,0.75559310,USDT
2023-11-05T16:00:00Z,BTC/USDT,buy,10177.58429502,0.0699832,0.71225992,USDT
2023-11-05T18:00:00Z,BTC/USDT,sell,10107.50799486,0.0699832,0.70735575,USDT
2023-11-06T02:00:00Z,BTC/USDT,buy,10228.16879263,0.0695876,0.71175372,USDT
2023-11-07T05:00:00Z,BTC/USDT,sell,10858.68668863,0.0695876,0.75562995,USDT
2023-11-12T02:00:00Z,BTC/USDT,buy,10482.15157756,0.06822532,0.71514815,USDT
2023-11-12T06:00:00Z,BTC/USDT,stop_sell,10245.99378265,0.06822532,0.69903620,USDT
2023-11-12T07:00:00Z,BTC/USDT,buy,10256.44768701,0.06958992,0.71374537,USDT
2023-11-12T08:00:00Z,BTC/USDT,sell,10117.91175838,0.06958992,0.70410467,USDT
2023-11-12T11:00:00Z,BTC/USDT,buy,10225.44632208,0.06971434,0.71286024,USDT
2023-11-12T13:00:00Z,BTC/USDT,sell,10360.69260623,0.06971434,0.72228885,USDT
2023-11-13T07:00:00Z,BTC/USDT,buy,10357.41917052,0.06888782,0.71350003,USDT
2023-11-13T16:00:00Z,BTC/USDT,sell,10326.80896053,0.06888782,0.71139136,USDT
2023-11-13T23:00:00Z,BTC/USDT,buy,10542.59874504,0.06765099,0.71321724,USDT
2023-11-14T01:00:00Z,BTC/USDT,sell,10382.16067682,0.06765099,0.70236345,USDT
2023-11-15T00:00:00Z,BTC/USDT,buy,10679.76114196,0.06669018,0.71223519,USDT
2023-11-16T00:00:00Z,BTC/USDT,sell,11059.58127009,0.06669018,0.73756547,USDT
2023-11-17T07:00:00Z,BTC/USDT,buy,10726.95308815,0.06657497,0.71414658,USDT
2023-11-17T08:00:00Z,BTC/USDT,sell,10699.65645052,0.06657497,0.71232931,USDT
2023-11-17T13:00:00Z,BTC/USDT,buy,10786.23870414,0.06618497,0.71388689,USDT
2023-11-18T15:00:00Z,BTC/USDT,sell,11109.07526471,0.06618497,0.73525381,USDT
2023-11-18T17:00:00Z,BTC/USDT,buy,11260.43982721,0.06353936,0.71548114,USDT
2023-11-18T18:00:00Z,BTC/USDT,sell,11259.35696227,0.06353936,0.71541234,USDT
2023-11-20T20:00:00Z,BTC/USDT,buy,11213.25352985,0.06379604,0.71536117,USDT
2023-11-20T21:00:00Z,BTC/USDT,sell,11181.61718261,0.06379604,0.71334290,USDT
2023-11-20T22:00:00Z,BTC/USDT,buy,11220.87234636,0.06372813,0.71508521,USDT
2023-11-21T11:00:00Z,BTC/USDT,sell,11507.05270844,0.06372813,0.73332295,USDT
2023-11-22T12:00:00Z,BTC/USDT,buy,11444.33903586,0.06260117,0.71642901,USDT
2023-11-22T15:00:00Z,BTC/USDT,sell,11419.28567891,0.06260117,0.71486064,USDT
2023-11-23T20:00:00Z,BTC/USDT,buy,11003.20799657,0.0650891,0.71618891,USDT
2023-11-24T03:00:00Z,BTC/USDT,sell,11134.83914133,0.0650891,0.72475666,USDT
2023-11-24T05:00:00Z,BTC/USDT,buy,11275.56003254,0.06356752,0.71675939,USDT
2023-11-24T08:00:00Z,BTC/USDT,stop_sell,11038.54553283,0.06356752,0.70169296,USDT
2023-11-24T22:00:00Z,BTC/USDT,buy,11452.48206334,0.06247029,0.71543988,USDT
2023-11-24T23:00:00Z,BTC/USDT,sell,11475.68541893,0.06247029,0.71688940,USDT
2023-11-30T12:00:00Z,BTC/USDT,buy,9265.11372974,0.07721884,0.71544133,USDT
2023-11-30T22:00:00Z,BTC/USDT,sell,9115.75440572,0.07721884,0.70390798,USDT
2023-11-30T23:00:00Z,BTC/USDT,buy,9139.16898884,0.07816953,0.71440454,USDT
2023-12-01T04:00:00Z,BTC/USDT,sell,8981.98958559,0.07816953,0.70211790,USDT
2023-12-01T10:00:00Z,BTC/USDT,buy,9218.80756223,0.07737527,0.71330772,USDT
2023-12-01T16:00:00Z,BTC/USDT,sell,9164.60535902,0.07737527,0.70911381,USDT
2023-12-01T17:00:00Z,BTC/USDT,buy,9279.16870572,0.0768235,0.71285822,USDT
2023-12-02T10:00:00Z,BTC/USDT,sell,9223.05603407,0.0768235,0.70854745,USDT
2023-12-02T11:00:00Z,BTC/USDT,buy,9338.25888304,0.07628825,0.71239943,USDT
2023-12-02T13:00:00Z,BTC/USDT,sell,9294.52454393,0.07628825,0.70906301,USDT
2023-12-03T04:00:00Z,BTC/USDT,buy,9671.10567127,0.07362329,0.71201862,USDT
2023-12-03T07:00:00Z,BTC/USDT,stop_sell,9459.56749461,0.07362329,0.69644448,USDT
2023-12-03T08:00:00Z,BTC/USDT,buy,9436.61279642,0.07530873,0.71065933,USDT
2023-12-03T18:00:00Z,BTC/USDT,sell,9471.69110034,0.07530873,0.71330103,USDT
2023-12-04T01:00:00Z,BTC/USDT,buy,9705.73968562,0.07323056,0.71075675,USDT
2023-12-04T02:00:00Z,BTC/USDT,sell,9556.28144501,0.07323056,0.69981184,USDT
2023-12-04T03:00:00Z,BTC/USDT,buy,9522.13832382,0.0745387,0.70976781,USDT
2023-12-04T05:00:00Z,BTC/USDT,sell,9618.96744933,0.0745387,0.71698533,USDT
2023-12-04T06:00:00Z,BTC/USDT,buy,9708.42240831,0.07315621,0.71023139,USDT
2023-12-05T05:00:00Z,BTC/USDT,sell,9792.91987761,0.07315621,0.71641290,USDT
2023-12-05T06:00:00Z,BTC/USDT,buy,9917.26278332,0.07165404,0.71061194,USDT
2023-12-05T07:00:00Z,BTC/USDT,sell,9855.14764516,0.07165404,0.70616114,USDT
2023-12-09T19:00:00Z,BTC/USDT,buy,8514.93509588,0.08339961,0.71014227,USDT
2023-12-09T20:00:00Z,BTC/USDT,sell,8397.71848928,0.08339961,0.70036645,USDT
2023-12-09T22:00:00Z,BTC/USDT,buy,8485.40944643,0.08358429,0.70924692,USDT
2023-12-10T02:00:00Z,BTC/USDT,sell,8667.87702244,0.08358429,0.72449835,USDT
2023-12-10T04:00:00Z,BTC/USDT,buy,8684.60196292,0.08179453,0.71035294,USDT
2023-12-10T07:00:00Z,BTC/USDT,sell,8678.17800137,0.08179453,0.70982749,USDT
2023-12-10T08:00:00Z,BTC/USDT,buy,8672.95417093,0.08188642,0.71019717,USDT
2023-12-10T14:00:00Z,BTC/USDT,sell,8509.20712707,0.08188642,0.69678851,USDT
2023-12-10T15:00:00Z,BTC/USDT,buy,8467.39025734,0.08373434,0.70901133,USDT
2023-12-10T16:00:00Z,BTC/USDT,sell,8418.87326959,0.08373434,0.70494880,USDT
2023-12-11T14:00:00Z,BTC/USDT,buy,8210.12142121,0.08630481,0.70857297,USDT
2023-12-11T15:00:00Z,BTC/USDT,sell,8150.63706679,0.08630481,0.70343918,USDT
2023-12-11T18:00:00Z,BTC/USDT,buy,8245.47745839,0.0858712,0.70804904,USDT
2023-12-11T21:00:00Z,BTC/USDT,sell,8263.33012907,0.0858712,0.70958207,USDT
2023-12-12T10:00:00Z,BTC/USDT,buy,8182.91358809,0.08652887,0.70805827,USDT
2023-12-13T14:00:00Z,BTC/USDT,sell,8476.19432173,0.08652887,0.73343552,USDT
2023-12-13T23:00:00Z,BTC/USDT,buy,8623.63836835,0.08232884,0.70997414,USDT
2023-12-14T16:00:00Z,BTC/USDT,sell,9058.57638403,0.08232884,0.74578209,USDT
2023-12-15T20:00:00Z,BTC/USDT,buy,9311.90392215,0.07653898,0.71272363,USDT
2023-12-16T11:00:00Z,BTC/USDT,sell,9437.68051514,0.07653898,0.72235044,USDT
2023-12-17T22:00:00Z,BTC/USDT,buy,9740.01083863,0.07324215,0.71337933,USDT
2023-12-18T18:00:00Z,BTC/USDT,sell,9779.01799303,0.07324215,0.71623630,USDT
2023-12-22T10:00:00Z,BTC/USDT,buy,9131.47105080,0.07813567,0.71349361,USDT
2023-12-22T12:00:00Z,BTC/USDT,sell,9061.21193560,0.07813567,0.70800387,USDT
2023-12-23T19:00:00Z,BTC/USDT,buy,8811.34338696,0.08091166,0.71294042,USDT
2023-12-24T23:00:00Z,BTC/USDT,sell,9150.71466984,0.08091166,0.74039951,USDT
2023-12-25T00:00:00Z,BTC/USDT,buy,9119.78862250,0.07840334,0.71502189,USDT
2023-12-25T03:00:00Z,BTC/USDT,sell,9074.13764551,0.07840334,0.71144270,USDT
2023-12-25T07:00:00Z,BTC/USDT,buy,9166.90631558,0.07795664,0.71462122,USDT
2023-12-25T09:00:00Z,BTC/USDT,sell,9135.35922940,0.07795664,0.71216191,USDT
2023-12-26T16:00:00Z,BTC/USDT,buy,9786.47622071,0.07298952,0.71431020,USDT
2023-12-27T00:00:00Z,BTC/USDT,stop_sell,9531.78386314,0.07298952,0.69572033,USDT
2023-12-27T01:00:00Z,BTC/USDT,buy,9559.36722897,0.07455613,0.71270943,USDT
2023-12-27T11:00:00Z,BTC/USDT,sell,9742.07140856,0.07455613,0.72633114,USDT
2023-12-27T21:00:00Z,BTC/USDT,buy,9832.35078954,0.07258534,0.71368453,USDT
2023-12-27T23:00:00Z,BTC/USDT,sell,9773.85114774,0.07258534,0.70943831,USDT
2023-12-28T02:00:00Z,BTC/USDT,buy,9933.65520943,0.07179943,0.71323078,USDT
2023-12-28T04:00:00Z,BTC/USDT,stop_sell,9719.59524095,0.07179943,0.69786140,USDT
2023-12-28T10:00:00Z,BTC/USDT,buy,9590.99041666,0.07422462,0.71188762,USDT
2023-12-28T11:00:00Z,BTC/USDT,sell,9511.27376911,0.07422462,0.70597068,USDT
2023-12-30T09:00:00Z,BTC/USDT,buy,9410.50480995,0.0755858,0.71130053,USDT
2023-12-30T11:00:00Z,BTC/USDT,sell,9472.12243757,0.0755858,0.71595795,USDT
2024-01-01T23:00:00Z,BTC/USDT,buy,9411.54882070,0.07560489,0.71155911,USDT
2024-01-02T03:00:00Z,BTC/USDT,stop_sell,9211.88288718,0.07560489,0.69646339,USDT
2024-01-02T04:00:00Z,BTC/USDT,buy,9237.63331840,0.07688529,0.71023812,USDT
2024-01-02T13:00:00Z,BTC/USDT,sell,9331.54652468,0.07688529,0.71745866,USDT
2024-01-02T20:00:00Z,BTC/USDT,buy,9354.44751732,0.07597475,0.71070181,USDT
2024-01-03T03:00:00Z,BTC/USDT,sell,9307.42134931,0.07597475,0.70712901,USDT
2024-01-03T07:00:00Z,BTC/USDT,buy,9423.32968419,0.075377,0.71030232,USDT
2024-01-04T21:00:00Z,BTC/USDT,sell,9737.21859518,0.075377,0.73396233,USDT
2024-01-04T22:00:00Z,BTC/USDT,buy,9793.40810192,0.07271018,0.71208047,USDT
2024-01-04T23:00:00Z,BTC/USDT,sell,9782.27001020,0.07271018,0.71127061,USDT
2024-01-09T08:00:00Z,BTC/USDT,buy,8726.15875993,0.08158249,0.71190176,USDT
2024-01-09T09:00:00Z,BTC/USDT,sell,8629.22963380,0.08158249,0.70399404,USDT
2024-01-09T12:00:00Z,BTC/USDT,buy,8756.30531067,0.08121639,0.71115551,USDT
2024-01-10T12:00:00Z,BTC/USDT,sell,8827.68008094,0.08121639,0.71695231,USDT
2024-01-13T10:00:00Z,BTC/USDT,buy,8588.91111140,0.08283997,0.71150514,USDT
2024-01-13T15:00:00Z,BTC/USDT,sell,8541.46256228,0.08283997,0.70757450,USDT
2024-01-15T14:00:00Z,BTC/USDT,buy,8740.96257614,0.08134996,0.71107696,USDT
2024-01-16T01:00:00Z,BTC/USDT,sell,8656.49016171,0.08134996,0.70420513,USDT
2024-01-16T02:00:00Z,BTC/USDT,buy,8647.50277559,0.08215247,0.71041371,USDT
2024-01-16T06:00:00Z,BTC/USDT,sell,8676.19506433,0.08215247,0.71277085,USDT
2024-01-16T07:00:00Z,BTC/USDT,buy,8783.40985417,0.08088982,0.71048844,USDT
2024-01-16T10:00:00Z,BTC/USDT,sell,8747.89465760,0.08088982,0.70761562,USDT
2024-01-16T11:00:00Z,BTC/USDT,buy,8712.48731262,0.08150887,0.71014500,USDT
2024-01-16T12:00:00Z,BTC/USDT,sell,8717.84365762,0.08150887,0.71058159,USDT
2024-01-18T10:00:00Z,BTC/USDT,buy,9084.18990004,0.07816506,0.71006625,USDT
2024-01-19T08:00:00Z,BTC/USDT,sell,9138.51954446,0.07816506,0.71431293,USDT
2024-01-20T11:00:00Z,BTC/USDT,buy,9137.10213393,0.07773713,0.71029210,USDT
2024-01-20T13:00:00Z,BTC/USDT,sell,9083.03516852,0.07773713,0.70608909,USDT
2024-01-20T14:00:00Z,BTC/USDT,buy,9118.00605066,0.07785061,0.70984233,USDT
2024-01-20T15:00:00Z,BTC/USDT,sell,9181.61601344,0.07785061,0.71479441,USDT
2024-01-20T16:00:00Z,BTC/USDT,buy,9319.61289471,0.0761968,0.71012468,USDT
2024-01-22T16:00:00Z,BTC/USDT,sell,9868.06571289,0.0761968,0.75191503,USDT
2024-01-25T05:00:00Z,BTC/USDT,buy,9736.17632133,0.07326824,0.71335250,USDT
2024-01-25T09:00:00Z,BTC/USDT,stop_sell,9524.90156426,0.07326824,0.69787277,USDT
2024-01-25T10:00:00Z,BTC/USDT,buy,9586.43765241,0.07427166,0.71200064,USDT
2024-01-25T11:00:00Z,BTC/USDT,sell,9414.93684567,0.07427166,0.69926299,USDT
2024-01-25T13:00:00Z,BTC/USDT,buy,9446.94901595,0.07524843,0.71086808,USDT
2024-01-25T23:00:00Z,BTC/USDT,sell,9635.84850058,0.07524843,0.72508247,USDT
2024-01-27T21:00:00Z,BTC/USDT,buy,9294.10063595,0.076596,0.71189093,USDT
2024-01-27T23:00:00Z,BTC/USDT,stop_sell,9137.47063185,0.076596,0.69989370,USDT
2024-01-28T00:00:00Z,BTC/USDT,buy,9261.78016279,0.07674741,0.71081764,USDT
2024-01-28T05:00:00Z,BTC/USDT,sell,9174.81478975,0.07674741,0.70414327,USDT
2024-01-31T05:00:00Z,BTC/USDT,buy,8724.78363671,0.08139688,0.71017017,USDT
2024-02-01T06:00:00Z,BTC/USDT,sell,9057.56695200,0.08139688,0.73725769,USDT
2024-02-02T11:00:00Z,BTC/USDT,buy,8883.99204914,0.08016919,0.71222245,USDT
2024-02-03T21:00:00Z,BTC/USDT,sell,9204.35975588,0.08016919,0.73790607,USDT
2024-02-05T11:00:00Z,BTC/USDT,buy,9277.92483410,0.07697433,0.71416205,USDT
2024-02-06T00:00:00Z,BTC/USDT,sell,9131.96755209,0.07697433,0.70292708,USDT
2024-02-08T12:00:00Z,BTC/USDT,buy,8863.56866555,0.08045849,0.71314935,USDT
2024-02-08T15:00:00Z,BTC/USDT,sell,8805.29722696,0.08045849,0.70846092,USDT
2024-02-09T17:00:00Z,BTC/USDT,buy,8729.69140637,0.08163637,0.71266032,USDT
2024-02-10T23:00:00Z,BTC/USDT,sell,8919.08785419,0.08163637,0.72812196,USDT
2024-02-13T02:00:00Z,BTC/USDT,buy,8747.72810922,0.08159634,0.71378260,USDT
2024-02-13T03:00:00Z,BTC/USDT,sell,8644.33565501,0.08159634,0.70534615,USDT
2024-02-14T12:00:00Z,BTC/USDT,buy,8690.62215651,0.08204174,0.71299376,USDT
2024-02-14T13:00:00Z,BTC/USDT,stop_sell,8477.24607430,0.08204174,0.69548802,USDT
2024-02-14T15:00:00Z,BTC/USDT,buy,8576.10518664,0.08296072,0.71147986,USDT
2024-02-14T23:00:00Z,BTC/USDT,sell,8540.98324706,0.08296072,0.70856612,USDT
2024-02-15T23:00:00Z,BTC/USDT,buy,8219.54927278,0.08651727,0.71113296,USDT
2024-02-16T00:00:00Z,BTC/USDT,sell,8136.10575908,0.08651727,0.70391366,USDT
2024-02-18T00:00:00Z,BTC/USDT,buy,8145.00806880,0.08722421,0.71044189,USDT
2024-02-18T07:00:00Z,BTC/USDT,sell,8025.27757289,0.08722421,0.69999850,USDT
2024-02-19T02:00:00Z,BTC/USDT,buy,8068.06963881,0.08793839,0.70949305,USDT
2024-02-19T03:00:00Z,BTC/USDT,sell,8024.75362799,0.08793839,0.70568391,USDT
2024-02-20T18:00:00Z,BTC/USDT,buy,8484.32470233,0.0835747,0.70907489,USDT
2024-02-21T01:00:00Z,BTC/USDT,stop_sell,8299.69044378,0.0835747,0.69364414,USDT
2024-02-21T02:00:00Z,BTC/USDT,buy,8285.07271012,0.08542201,0.70772756,USDT
2024-02-21T05:00:00Z,BTC/USDT,sell,8316.36419977,0.08542201,0.71040055,USDT
2024-02-21T23:00:00Z,BTC/USDT,buy,8348.86904735,0.0847813,0.70782797,USDT
2024-02-22T03:00:00Z,BTC/USDT,stop_sell,8147.82572791,0.0847813,0.69078326,USDT
2024-02-23T09:00:00Z,BTC/USDT,buy,8291.40670854,0.08519083,0.70635182,USDT
2024-02-23T13:00:00Z,BTC/USDT,sell,8428.29992491,0.08519083,0.71801387,USDT
2024-02-23T14:00:00Z,BTC/USDT,buy,8398.51613049,0.08420193,0.70717127,USDT
2024-02-23T15:00:00Z,BTC/USDT,sell,8366.49917874,0.08420193,0.70447538,USDT
2024-02-24T22:00:00Z,BTC/USDT,buy,8300.28745769,0.08515879,0.70684244,USDT
2024-02-25T02:00:00Z,BTC/USDT,sell,8299.55386314,0.08515879,0.70677996,USDT
2024-02-25T03:00:00Z,BTC/USDT,buy,8238.69527499,0.0857811,0.70672434,USDT
2024-02-25T07:00:00Z,BTC/USDT,sell,8293.76442931,0.0857811,0.71144824,USDT
2024-02-25T13:00:00Z,BTC/USDT,buy,8698.42844370,0.08127777,0.70698887,USDT
2024-02-26T10:00:00Z,BTC/USDT,sell,8899.78763012,0.08127777,0.72335489,USDT
2024-02-26T19:00:00Z,BTC/USDT,buy,9119.85328682,0.07765304,0.70818433,USDT
2024-02-27T01:00:00Z,BTC/USDT,stop_sell,8947.80711983,0.07765304,0.69482442,USDT
2024-02-27T02:00:00Z,BTC/USDT,buy,8954.99237356,0.07895068,0.70700274,USDT
2024-02-27T07:00:00Z,BTC/USDT,sell,8894.16542663,0.07895068,0.70220041,USDT
2024-02-29T02:00:00Z,BTC/USDT,buy,9002.74367728,0.07847669,0.70650552,USDT
2024-03-01T18:00:00Z,BTC/USDT,sell,9902.22643299,0.07847669,0.77709395,USDT
2024-03-03T10:00:00Z,BTC/USDT,buy,9560.39988604,0.07447771,0.71203669,USDT
2024-03-04T14:00:00Z,BTC/USDT,sell,9648.23501323,0.07447771,0.71857845,USDT
2024-03-05T00:00:00Z,BTC/USDT,buy,9929.09572883,0.07175334,0.71244578,USDT
2024-03-05T01:00:00Z,BTC/USDT,sell,9909.14176559,0.07175334,0.71101402,USDT
2024-03-09T05:00:00Z,BTC/USDT,buy,9807.45540306,0.07261999,0.71221731,USDT
2024-03-09T06:00:00Z,BTC/USDT,stop_sell,9569.37708410,0.07261999,0.69492807,USDT
2024-03-09T18:00:00Z,BTC/USDT,buy,9756.26012522,0.07284767,0.71072082,USDT
2024-03-10T05:00:00Z,BTC/USDT,sell,9618.88387014,0.07284767,0.70071328,USDT
2024-03-10T06:00:00Z,BTC/USDT,buy,9564.02503471,0.07421633,0.70980684,USDT
2024-03-10T10:00:00Z,BTC/USDT,sell,9637.74793139,0.07421633,0.71527828,USDT
2024-03-11T03:00:00Z,BTC/USDT,buy,9720.54204010,0.07305464,0.71013070,USDT
2024-03-11T17:00:00Z,BTC/USDT,sell,9683.56113133,0.07305464,0.70742907,USDT
2024-03-12T07:00:00Z,BTC/USDT,buy,9804.62302558,0.07239452,0.70980098,USDT
2024-03-12T09:00:00Z,BTC/USDT,sell,9736.96106701,0.07239452,0.70490262,USDT
2024-03-15T11:00:00Z,BTC/USDT,buy,9240.69319158,0.07675785,0.70929574,USDT
2024-03-16T06:00:00Z,BTC/USDT,sell,9443.37386604,0.07675785,0.72485307,USDT
2024-03-16T07:00:00Z,BTC/USDT,buy,9544.02791514,0.07443672,0.71042613,USDT
2024-03-17T14:00:00Z,BTC/USDT,sell,9778.40854390,0.07443672,0.72787266,USDT
2024-03-17T15:00:00Z,BTC/USDT,buy,9904.91442722,0.07185397,0.71170742,USDT
2024-03-18T06:00:00Z,BTC/USDT,sell,9975.17114339,0.07185397,0.71675565,USDT
2024-03-18T07:00:00Z,BTC/USDT,buy,10048.34789111,0.07085714,0.71199719,USDT
2024-03-18T15:00:00Z,BTC/USDT,sell,10020.73146883,0.07085714,0.71004037,USDT
2024-03-24T20:00:00Z,BTC/USDT,buy,8432.17456229,0.08440607,0.71172672,USDT
2024-03-26T20:00:00Z,BTC/USDT,sell,9129.45958970,0.08440607,0.77058181,USDT
2024-03-29T12:00:00Z,BTC/USDT,buy,9420.89326058,0.07603513,0.71631884,USDT
2024-03-29T17:00:00Z,BTC/USDT,sell,9312.97130294,0.07603513,0.70811298,USDT
2024-03-30T21:00:00Z,BTC/USDT,buy,9202.77458575,0.07775351,0.71554803,USDT
2024-03-30T22:00:00Z,BTC/USDT,sell,9143.45939729,0.07775351,0.71093606,USDT
2024-03-30T23:00:00Z,BTC/USDT,buy,9238.39011361,0.07740144,0.71506470,USDT
2024-03-31T16:00:00Z,BTC/USDT,sell,9383.06090061,0.07740144,0.72626243,USDT
2024-03-31T17:00:00Z,BTC/USDT,buy,9571.81813431,0.0747868,0.71584565,USDT
2024-03-31T18:00:00Z,BTC/USDT,sell,9649.95438811,0.0747868,0.72168921,USDT
2024-04-01T17:00:00Z,BTC/USDT,buy,10109.42862722,0.07084458,0.71619823,USDT
2024-04-02T10:00:00Z,BTC/USDT,sell,10161.49334768,0.07084458,0.71988673,USDT
2024-04-02T12:00:00Z,BTC/USDT,buy,10140.06198524,0.07064834,0.71637855,USDT
2024-04-02T13:00:00Z,BTC/USDT,sell,9972.57198362,0.07064834,0.70454566,USDT
2024-04-04T03:00:00Z,BTC/USDT,buy,9570.49537726,0.07474197,0.71531768,USDT
2024-04-04T16:00:00Z,BTC/USDT,sell,9563.77715328,0.07474197,0.71481555,USDT
2024-04-04T17:00:00Z,BTC/USDT,buy,9578.33260191,0.07466467,0.71516304,USDT
2024-04-04T18:00:00Z,BTC/USDT,sell,9506.30096775,0.07466467,0.70978482,USDT
2024-04-06T17:00:00Z,BTC/USDT,buy,8939.62430736,0.07993832,0.71461855,USDT
2024-04-06T19:00:00Z,BTC/USDT,stop_sell,8751.78251909,0.07993832,0.69960279,USDT
2024-04-07T00:00:00Z,BTC/USDT,buy,9103.94401116,0.07835104,0.71330348,USDT
2024-04-07T14:00:00Z,BTC/USDT,stop_sell,8915.37792001,0.07835104,0.69852913,USDT
2024-04-10T07:00:00Z,BTC/USDT,buy,8886.61361727,0.0801214,0.71200792,USDT
2024-04-12T14:00:00Z,BTC/USDT,sell,10330.46293662,0.0801214,0.82769115,USDT
2024-04-12T15:00:00Z,BTC/USDT,buy,10266.23957751,0.07024422,0.72114399,USDT
2024-04-12T23:00:00Z,BTC/USDT,sell,10610.23832695,0.07024422,0.74530792,USDT
2024-04-15T10:00:00Z,BTC/USDT,buy,10024.84546077,0.07211689,0.72296068,USDT
2024-04-15T22:00:00Z,BTC/USDT,stop_sell,9791.23413551,0.07211689,0.70611336,USDT
2024-04-16T00:00:00Z,BTC/USDT,buy,9772.25954793,0.07383122,0.72149784,USDT
2024-04-16T01:00:00Z,BTC/USDT,sell,9700.47485824,0.07383122,0.71619789,USDT
2024-04-16T12:00:00Z,BTC/USDT,buy,10030.76963238,0.0718747,0.72095856,USDT
2024-04-17T11:00:00Z,BTC/USDT,sell,10173.26261011,0.0718747,0.73120020,USDT
2024-04-18T15:00:00Z,BTC/USDT,buy,10270.02114335,0.0702688,0.72166206,USDT
2024-04-18T22:00:00Z,BTC/USDT,sell,10787.09362207,0.0702688,0.75799612,USDT
2024-04-22T03:00:00Z,BTC/USDT,buy,10438.47865601,0.06940205,0.72445182,USDT
2024-04-22T03:00:00Z,BTC/USDT,stop_sell,10215.54987836,0.06940205,0.70898010,USDT
2024-04-22T08:00:00Z,BTC/USDT,buy,10333.13635018,0.06997863,0.72309873,USDT
2024-04-22T11:00:00Z,BTC/USDT,sell,10298.92325535,0.06997863,0.72070454,USDT
2024-04-23T03:00:00Z,BTC/USDT,buy,10402.55185459,0.06948214,0.72279156,USDT
2024-04-23T05:00:00Z,BTC/USDT,sell,10287.07424182,0.06948214,0.71476793,USDT
2024-04-24T07:00:00Z,BTC/USDT,buy,10661.12037324,0.06772593,0.72203429,USDT
2024-04-24T11:00:00Z,BTC/USDT,sell,10588.76166365,0.06772593,0.71713373,USDT
2024-04-24T15:00:00Z,BTC/USDT,buy,10515.88179624,0.06861306,0.72152683,USDT
2024-04-24T16:00:00Z,BTC/USDT,sell,10336.56975369,0.06861306,0.70922368,USDT
2024-04-25T01:00:00Z,BTC/USDT,buy,10899.61037465,0.06609664,0.72042762,USDT
2024-04-25T20:00:00Z,BTC/USDT,sell,10938.27967123,0.06609664,0.72298353,USDT
2024-04-26T16:00:00Z,BTC/USDT,buy,10849.63987088,0.06640927,0.72051666,USDT
2024-04-26T17:00:00Z,BTC/USDT,sell,10890.73359716,0.06640927,0.72324567,USDT
2024-04-27T15:00:00Z,BTC/USDT,buy,10874.69906622,0.0662657,0.72061955,USDT
2024-04-27T18:00:00Z,BTC/USDT,sell,10786.84692048,0.0662657,0.71479796,USDT
2024-04-28T00:00:00Z,BTC/USDT,buy,10977.11725972,0.06559451,0.72003863,USDT
2024-04-28T13:00:00Z,BTC/USDT,stop_sell,10745.94949003,0.06559451,0.70487529,USDT
2024-05-01T21:00:00Z,BTC/USDT,buy,9780.55175596,0.07348368,0.71871094,USDT
2024-05-02T01:00:00Z,BTC/USDT,sell,9693.64487194,0.07348368,0.71232470,USDT
2024-05-02T06:00:00Z,BTC/USDT,buy,9625.44447608,0.07460281,0.71808521,USDT
2024-05-02T17:00:00Z,BTC/USDT,sell,9741.94232313,0.07460281,0.72677627,USDT
2024-05-02T18:00:00Z,BTC/USDT,buy,9883.56321495,0.07271317,0.71866521,USDT
2024-05-02T20:00:00Z,BTC/USDT,sell,9697.42617434,0.07271317,0.70513060,USDT
2024-05-02T21:00:00Z,BTC/USDT,buy,9764.10537188,0.07348015,0.71746793,USDT
2024-05-02T22:00:00Z,BTC/USDT,stop_sell,9526.01240164,0.07348015,0.69997282,USDT
2024-05-03T23:00:00Z,BTC/USDT,buy,10236.02892273,0.06994452,0.71595413,USDT
2024-05-05T21:00:00Z,BTC/USDT,sell,11026.58617389,0.06994452,0.77124928,USDT
2024-05-06T13:00:00Z,BTC/USDT,buy,11462.20377277,0.06283791,0.72026093,USDT
2024-05-06T15:00:00Z,BTC/USDT,stop_sell,11200.36371151,0.06283791,0.70380745,USDT
2024-05-06T16:00:00Z,BTC/USDT,buy,11167.90472278,0.0643657,0.71883001,USDT
2024-05-06T19:00:00Z,BTC/USDT,stop_sell,10894.05646403,0.0643657,0.70120357,USDT
2024-05-10T15:00:00Z,BTC/USDT,buy,11711.35509417,0.06124873,0.71730563,USDT
2024-05-11T16:00:00Z,BTC/USDT,sell,11774.26758417,0.06124873,0.72115894,USDT
2024-05-11T17:00:00Z,BTC/USDT,buy,11770.09256423,0.06095949,0.71749884,USDT
2024-05-11T18:00:00Z,BTC/USDT,sell,11793.84959127,0.06095949,0.71894706,USDT
2024-05-11T19:00:00Z,BTC/USDT,buy,11777.58021618,0.06092082,0.71749984,USDT
2024-05-11T20:00:00Z,BTC/USDT,stop_sell,11539.10958973,0.06092082,0.70297202,USDT
2024-05-14T03:00:00Z,BTC/USDT,buy,11708.34337506,0.06117204,0.71622325,USDT
2024-05-14T07:00:00Z,BTC/USDT,sell,11625.51241496,0.06117204,0.71115631,USDT
2024-05-14T08:00:00Z,BTC/USDT,buy,11758.41908841,0.06086732,0.71570346,USDT
2024-05-14T13:00:00Z,BTC/USDT,stop_sell,11494.00413211,0.06086732,0.69960923,USDT
2024-05-15T09:00:00Z,BTC/USDT,buy,11565.11509171,0.0617635,0.71430199,USDT
2024-05-15T10:00:00Z,BTC/USDT,sell,11352.53294398,0.0617635,0.70117217,USDT
2024-05-15T14:00:00Z,BTC/USDT,buy,11293.94146166,0.0631434,0.71313786,USDT
2024-05-15T15:00:00Z,BTC/USDT,sell,11159.91881622,0.0631434,0.70467522,USDT
2024-05-15T21:00:00Z,BTC/USDT,buy,11806.11288139,0.06033713,0.71234697,USDT
2024-05-16T02:00:00Z,BTC/USDT,sell,11724.66016329,0.06033713,0.70743234,USDT
2024-05-16T10:00:00Z,BTC/USDT,buy,11501.79731264,0.06188946,0.71184002,USDT
2024-05-16T16:00:00Z,BTC/USDT,sell,11665.62082972,0.06188946,0.72197897,USDT
2024-05-17T20:00:00Z,BTC/USDT,buy,11931.93064683,0.0597168,0.71253672,USDT
2024-05-17T22:00:00Z,BTC/USDT,stop_sell,11652.69435715,0.0597168,0.69586162,USDT
2024-05-18T01:00:00Z,BTC/USDT,buy,11560.08781333,0.06151245,0.71108932,USDT
2024-05-18T13:00:00Z,BTC/USDT,sell,11679.50414959,0.06151245,0.71843492,USDT
2024-05-18T14:00:00Z,BTC/USDT,buy,11846.87002177,0.06006336,0.71156282,USDT
2024-05-18T15:00:00Z,BTC/USDT,sell,11791.04049152,0.06006336,0.70820951,USDT
2024-05-18T17:00:00Z,BTC/USDT,buy,11811.39787756,0.0602114,0.71118080,USDT
2024-05-19T13:00:00Z,BTC/USDT,sell,11730.98703827,0.0602114,0.70633915,USDT
2024-05-20T16:00:00Z,BTC/USDT,buy,11567.20303516,0.06143921,0.71067982,USDT
2024-05-20T19:00:00Z,BTC/USDT,stop_sell,11305.35110965,0.06143921,0.69459184,USDT
2024-05-20T20:00:00Z,BTC/USDT,buy,11387.61419762,0.06228519,0.70927971,USDT
2024-05-21T01:00:00Z,BTC/USDT,stop_sell,11134.79884074,0.06228519,0.69353306,USDT
2024-05-24T06:00:00Z,BTC/USDT,buy,9611.15676980,0.07365472,0.70790706,USDT
2024-05-24T10:00:00Z,BTC/USDT,sell,9527.32438578,0.07365472,0.70173241,USDT
2024-05-28T06:00:00Z,BTC/USDT,buy,10179.23904498,0.06948456,0.70729995,USDT
2024-05-28T13:00:00Z,BTC/USDT,sell,10123.08827183,0.06948456,0.70339833,USDT
2024-05-28T17:00:00Z,BTC/USDT,buy,10136.14884865,0.069738,0.70687475,USDT
2024-05-28T20:00:00Z,BTC/USDT,sell,10215.91775986,0.069738,0.71243767,USDT
2024-05-29T08:00:00Z,BTC/USDT,buy,10202.17264505,0.0693192,0.70720645,USDT
2024-05-30T14:00:00Z,BTC/USDT,sell,10789.98006912,0.0693192,0.74795279,USDT
2024-05-30T16:00:00Z,BTC/USDT,buy,10851.63053271,0.06546033,0.71035132,USDT
2024-05-30T17:00:00Z,BTC/USDT,sell,10883.30204279,0.06546033,0.71242454,USDT
2024-05-31T05:00:00Z,BTC/USDT,buy,10865.71586786,0.06538026,0.71040333,USDT
2024-05-31T15:00:00Z,BTC/USDT,sell,11303.43955795,0.06538026,0.73902182,USDT
2024-05-31T16:00:00Z,BTC/USDT,buy,11247.66509304,0.06335341,0.71257794,USDT
2024-06-02T13:00:00Z,BTC/USDT,sell,12268.83947452,0.06335341,0.77727282,USDT
2024-06-02T14:00:00Z,BTC/USDT,buy,12305.41280058,0.0583188,0.71763691,USDT
2024-06-02T16:00:00Z,BTC/USDT,sell,12271.34464431,0.0583188,0.71565009,USDT
2024-06-02T17:00:00Z,BTC/USDT,buy,12396.98331296,0.05786595,0.71736322,USDT
2024-06-02T22:00:00Z,BTC/USDT,stop_sell,12169.62849707,0.05786595,0.70420711,USDT
2024-06-02T23:00:00Z,BTC/USDT,buy,12231.56910919,0.05855311,0.71619641,USDT
2024-06-03T00:00:00Z,BTC/USDT,sell,12096.22781652,0.05855311,0.70827176,USDT
2024-06-03T03:00:00Z,BTC/USDT,buy,12370.74647009,0.05783386,0.71544802,USDT
2024-06-03T04:00:00Z,BTC/USDT,sell,12323.34748288,0.05783386,0.71270675,USDT
2024-06-03T05:00:00Z,BTC/USDT,buy,12373.30177611,0.05779495,0.71511436,USDT
2024-06-03T06:00:00Z,BTC/USDT,sell,12414.87615565,0.05779495,0.71751715,USDT
2024-06-04T16:00:00Z,BTC/USDT,buy,12751.24399578,0.05608802,0.71519203,USDT
2024-06-04T19:00:00Z,BTC/USDT,stop_sell,12502.74969729,0.05608802,0.70125448,USDT
2024-06-04T20:00:00Z,BTC/USDT,buy,12590.34054426,0.05670721,0.71396309,USDT
2024-06-04T23:00:00Z,BTC/USDT,stop_sell,12328.61756123,0.05670721,0.69912151,USDT
2024-06-05T00:00:00Z,BTC/USDT,buy,12399.58077604,0.05747469,0.71266206,USDT
2024-06-05T08:00:00Z,BTC/USDT,sell,12318.06743023,0.05747469,0.70797711,USDT
2024-06-05T19:00:00Z,BTC/USDT,buy,12492.51902995,0.05700799,0.71217340,USDT
2024-06-05T22:00:00Z,BTC/USDT,sell,12515.52689910,0.05700799,0.71348503,USDT
2024-06-07T09:00:00Z,BTC/USDT,buy,12718.49604099,0.05599437,0.71216417,USDT
2024-06-08T14:00:00Z,BTC/USDT,sell,12725.70169214,0.05599437,0.71256765,USDT
2024-06-09T21:00:00Z,BTC/USDT,buy,12910.52635416,0.05515519,0.71208253,USDT
2024-06-10T09:00:00Z,BTC/USDT,sell,13245.02095461,0.05515519,0.73053165,USDT
2024-06-10T11:00:00Z,BTC/USDT,buy,13247.23190680,0.05385606,0.71344372,USDT
2024-06-10T13:00:00Z,BTC/USDT,sell,13249.12225993,0.05385606,0.71354552,USDT
2024-06-12T14:00:00Z,BTC/USDT,buy,13010.90781881,0.05482612,0.71333759,USDT
2024-06-12T15:00:00Z,BTC/USDT,sell,12835.71526084,0.05482612,0.70373247,USDT
2024-06-12T20:00:00Z,BTC/USDT,buy,12957.08977023,0.05498576,0.71245543,USDT
2024-06-12T21:00:00Z,BTC/USDT,sell,12785.87402392,0.05498576,0.70304100,USDT
2024-06-13T00:00:00Z,BTC/USDT,buy,12972.17699307,0.05485498,0.71158851,USDT
2024-06-13T02:00:00Z,BTC/USDT,sell,13067.02884818,0.05485498,0.71679161,USDT
2024-06-13T05:00:00Z,BTC/USDT,buy,13172.69321908,0.05404291,0.71189067,USDT
2024-06-15T08:00:00Z,BTC/USDT,sell,14105.03289653,0.05404291,0.76227702,USDT
2024-06-17T15:00:00Z,BTC/USDT,buy,14942.21251657,0.04790493,0.71580564,USDT
2024-06-19T07:00:00Z,BTC/USDT,sell,15298.27845129,0.04790493,0.73286296,USDT
2024-06-19T17:00:00Z,BTC/USDT,buy,15647.79771186,0.04582466,0.71705501,USDT
2024-06-19T18:00:00Z,BTC/USDT,sell,15533.17460746,0.04582466,0.71180245,USDT
2024-06-20T12:00:00Z,BTC/USDT,buy,15929.20256897,0.04498155,0.71652022,USDT
2024-06-21T18:00:00Z,BTC/USDT,sell,16017.40011659,0.04498155,0.72048748,USDT
2024-06-23T03:00:00Z,BTC/USDT,buy,16076.53967571,0.0445819,0.71672268,USDT
2024-06-23T14:00:00Z,BTC/USDT,stop_sell,15737.44857317,0.0445819,0.70160536,USDT
2024-06-23T15:00:00Z,BTC/USDT,buy,16089.28346842,0.04446433,0.71539921,USDT
2024-06-23T22:00:00Z,BTC/USDT,sell,15977.00314718,0.04446433,0.71040674,USDT
2024-06-25T04:00:00Z,BTC/USDT,buy,16271.22257451,0.04393557,0.71488544,USDT
2024-06-27T03:00:00Z,BTC/USDT,sell,17090.77259687,0.04393557,0.75089284,USDT
2024-06-27T04:00:00Z,BTC/USDT,buy,17179.29627946,0.04177413,0.71765016,USDT
2024-06-27T05:00:00Z,BTC/USDT,sell,16964.38809573,0.04177413,0.70867255,USDT
2024-06-29T21:00:00Z,BTC/USDT,buy,15902.54316794,0.04507565,0.71681747,USDT
2024-06-30T10:00:00Z,BTC/USDT,stop_sell,15542.85284328,0.04507565,0.70060419,USDT
2024-06-30T11:00:00Z,BTC/USDT,buy,15689.71226066,0.04559716,0.71540632,USDT
2024-06-30T13:00:00Z,BTC/USDT,sell,15825.57583571,0.04559716,0.72160131,USDT
2024-07-04T23:00:00Z,BTC/USDT,buy,12913.21254658,0.0554306,0.71578712,USDT
2024-07-05T00:00:00Z,BTC/USDT,sell,12751.64275812,0.0554306,0.70683121,USDT
2024-07-05T06:00:00Z,BTC/USDT,buy,12849.11456961,0.05564247,0.71495647,USDT
2024-07-06T11:00:00Z,BTC/USDT,sell,13141.31901652,0.05564247,0.73121545,USDT
2024-07-06T13:00:00Z,BTC/USDT,buy,13210.64313956,0.05420947,0.71614196,USDT
2024-07-06T14:00:00Z,BTC/USDT,sell,13174.49987079,0.05420947,0.71418266,USDT
2024-07-08T21:00:00Z,BTC/USDT,buy,12827.28009983,0.05580846,0.71587075,USDT
2024-07-09T00:00:00Z,BTC/USDT,sell,12658.14788794,0.05580846,0.70643174,USDT
2024-07-09T01:00:00Z,BTC/USDT,buy,12721.29330492,0.05620509,0.71500144,USDT
2024-07-09T03:00:00Z,BTC/USDT,sell,12723.23618351,0.05620509,0.71511063,USDT
2024-07-09T04:00:00Z,BTC/USDT,buy,12836.89938807,0.05569068,0.71489566,USDT
2024-07-09T14:00:00Z,BTC/USDT,sell,12749.51251677,0.05569068,0.71002902,USDT
2024-07-09T15:00:00Z,BTC/USDT,buy,12728.62106297,0.05612486,0.71439208,USDT
2024-07-09T16:00:00Z,BTC/USDT,sell,12640.49172643,0.05612486,0.70944583,USDT
2024-07-10T19:00:00Z,BTC/USDT,buy,12732.82813045,0.05606627,0.71388218,USDT
2024-07-10T21:00:00Z,BTC/USDT,sell,12702.66261944,0.05606627,0.71219091,USDT
2024-07-10T22:00:00Z,BTC/USDT,buy,12872.31957832,0.05543932,0.71363264,USDT
2024-07-11T22:00:00Z,BTC/USDT,sell,12864.08364555,0.05543932,0.71317605,USDT
2024-07-17T01:00:00Z,BTC/USDT,buy,12098.58237305,0.05897236,0.71348196,USDT
2024-07-17T03:00:00Z,BTC/USDT,stop_sell,11819.51007718,0.05897236,0.69702440,USDT
2024-07-17T07:00:00Z,BTC/USDT,buy,12065.79320566,0.05901409,0.71205181,USDT
2024-07-17T12:00:00Z,BTC/USDT,sell,11950.31259463,0.05901409,0.70523682,USDT
2024-07-18T22:00:00Z,BTC/USDT,buy,11621.35872948,0.06121426,0.71139287,USDT
2024-07-18T23:00:00Z,BTC/USDT,stop_sell,11341.23223901,0.06121426,0.69424514,USDT
2024-07-19T07:00:00Z,BTC/USDT,buy,11774.66936349,0.06029111,0.70990789,USDT
2024-07-20T02:00:00Z,BTC/USDT,sell,11584.00657626,0.06029111,0.69841261,USDT
2024-07-20T04:00:00Z,BTC/USDT,buy,11659.25797663,0.06079933,0.70887507,USDT
2024-07-20T05:00:00Z,BTC/USDT,sell,11547.07691733,0.06079933,0.70205454,USDT
2024-07-20T23:00:00Z,BTC/USDT,buy,11728.02297094,0.06038667,0.70821625,USDT
2024-07-21T02:00:00Z,BTC/USDT,sell,11552.57468707,0.06038667,0.69762152,USDT
2024-07-21T22:00:00Z,BTC/USDT,buy,11725.49007613,0.06031779,0.70725565,USDT
2024-07-22T23:00:00Z,BTC/USDT,sell,11765.08631110,0.06031779,0.70964401,USDT
2024-07-23T07:00:00Z,BTC/USDT,buy,11944.94822437,0.05921612,0.70733349,USDT
2024-07-23T08:00:00Z,BTC/USDT,sell,11953.13327858,0.05921612,0.70781817,USDT
2024-07-23T09:00:00Z,BTC/USDT,buy,12006.90862509,0.05890434,0.70725903,USDT
2024-07-23T09:00:00Z,BTC/USDT,stop_sell,11767.69855087,0.05890434,0.69316852,USDT
2024-07-23T21:00:00Z,BTC/USDT,buy,12080.50593635,0.05844284,0.70601908,USDT
2024-07-24T21:00:00Z,BTC/USDT,sell,12274.94198174,0.05844284,0.71738247,USDT
2024-07-27T23:00:00Z,BTC/USDT,buy,12189.25684963,0.05798669,0.70681466,USDT
2024-07-30T07:00:00Z,BTC/USDT,sell,13424.20399427,0.05798669,0.77842516,USDT
2024-07-31T06:00:00Z,BTC/USDT,buy,13282.42759985,0.05363684,0.71242744,USDT
2024-07-31T16:00:00Z,BTC/USDT,stop_sell,12978.93415632,0.05363684,0.69614901,USDT
2024-08-01T07:00:00Z,BTC/USDT,buy,13713.39618146,0.05184798,0.71101189,USDT
2024-08-02T23:00:00Z,BTC/USDT,sell,14086.48986768,0.05184798,0.73035604,USDT
2024-08-05T09:00:00Z,BTC/USDT,buy,14047.76292628,0.05071589,0.71244480,USDT
2024-08-06T00:00:00Z,BTC/USDT,sell,14183.14137375,0.05071589,0.71931064,USDT
2024-08-06T01:00:00Z,BTC/USDT,buy,14444.97994453,0.04935138,0.71287969,USDT
2024-08-06T06:00:00Z,BTC/USDT,sell,14438.50594659,0.04935138,0.71256019,USDT
2024-08-08T18:00:00Z,BTC/USDT,buy,12944.26457884,0.05506223,0.71274007,USDT
2024-08-09T11:00:00Z,BTC/USDT,sell,13072.99825399,0.05506223,0.71982844,USDT
2024-08-11T08:00:00Z,BTC/USDT,buy,14332.11192072,0.04976187,0.71319269,USDT
2024-08-13T23:00:00Z,BTC/USDT,sell,16176.99834655,0.04976187,0.80499769,USDT
2024-08-14T10:00:00Z,BTC/USDT,buy,16798.75229656,0.04288529,0.72041936,USDT
2024-08-14T23:00:00Z,BTC/USDT,sell,17217.28495805,0.04288529,0.73836826,USDT
2024-08-15T01:00:00Z,BTC/USDT,buy,17449.51579570,0.04136156,0.72173919,USDT
2024-08-15T12:00:00Z,BTC/USDT,sell,17548.75601661,0.04136156,0.72584392,USDT
2024-08-15T15:00:00Z,BTC/USDT,buy,17610.15536634,0.04099634,0.72195192,USDT
2024-08-16T05:00:00Z,BTC/USDT,sell,17505.70352062,0.04099634,0.71766977,USDT
2024-08-16T20:00:00Z,BTC/USDT,buy,17981.86691324,0.04012341,0.72149382,USDT
2024-08-16T23:00:00Z,BTC/USDT,stop_sell,17579.55669043,0.04012341,0.70535176,USDT
2024-08-17T00:00:00Z,BTC/USDT,buy,17715.44569420,0.04064745,0.72008769,USDT
2024-08-17T11:00:00Z,BTC/USDT,sell,17538.12160647,0.04064745,0.71287992,USDT
2024-08-17T12:00:00Z,BTC/USDT,buy,17647.88312079,0.04076387,0.71939601,USDT
2024-08-17T13:00:00Z,BTC/USDT,sell,17640.33853744,0.04076387,0.71908847,USDT
2024-08-19T05:00:00Z,BTC/USDT,buy,17905.80018388,0.0401689,0.71925630,USDT
2024-08-20T02:00:00Z,BTC/USDT,sell,18017.86402627,0.0401689,0.72375778,USDT
2024-08-21T10:00:00Z,BTC/USDT,buy,17571.64268863,0.04094672,0.71950113,USDT
2024-08-21T20:00:00Z,BTC/USDT,stop_sell,17237.97834931,0.04094672,0.70583867,USDT
2024-08-21T21:00:00Z,BTC/USDT,buy,17629.82320035,0.04074309,0.71829347,USDT
2024-08-22T06:00:00Z,BTC/USDT,sell,17779.10014893,0.04074309,0.72437548,USDT
2024-08-22T08:00:00Z,BTC/USDT,buy,17746.24787960,0.04049672,0.71866483,USDT
2024-08-22T10:00:00Z,BTC/USDT,sell,17817.40216934,0.04049672,0.72154635,USDT
2024-08-22T11:00:00Z,BTC/USDT,buy,17818.66334023,0.04033861,0.71878011,USDT
2024-08-22T13:00:00Z,BTC/USDT,sell,17822.85578117,0.04033861,0.71894923,USDT
2024-08-22T14:00:00Z,BTC/USDT,buy,17853.03539367,0.04025526,0.71867858,USDT
2024-08-23T10:00:00Z,BTC/USDT,sell,18054.81045481,0.04025526,0.72680109,USDT
2024-08-24T10:00:00Z,BTC/USDT,buy,17602.76962232,0.04085795,0.71921308,USDT
2024-08-24T14:00:00Z,BTC/USDT,stop_sell,17235.68020878,0.04085795,0.70421456,USDT
2024-08-25T04:00:00Z,BTC/USDT,buy,17828.72830820,0.0402664,0.71789871,USDT
2024-08-26T04:00:00Z,BTC/USDT,sell,17879.09356821,0.0402664,0.71992673,USDT
2024-08-27T15:00:00Z,BTC/USDT,buy,17799.11515602,0.04033604,0.71794582,USDT
2024-08-27T16:00:00Z,BTC/USDT,sell,17732.57773877,0.04033604,0.71526196,USDT
2024-08-27T17:00:00Z,BTC/USDT,buy,17777.47273922,0.04036661,0.71761631,USDT
2024-08-27T19:00:00Z,BTC/USDT,sell,17832.20524610,0.04036661,0.71982567,USDT
2024-08-28T00:00:00Z,BTC/USDT,buy,17653.24116848,0.04065419,0.71767822,USDT
2024-08-28T01:00:00Z,BTC/USDT,sell,17433.86080695,0.04065419,0.70875949,USDT
2024-08-28T02:00:00Z,BTC/USDT,buy,17571.69549202,0.04079573,0.71685014,USDT
2024-08-28T10:00:00Z,BTC/USDT,sell,17758.95153927,0.04079573,0.72448939,USDT
2024-08-30T03:00:00Z,BTC/USDT,buy,17466.65446575,0.04106947,0.71734624,USDT
2024-08-30T20:00:00Z,BTC/USDT,stop_sell,17113.54117053,0.04106947,0.70284407,USDT
2024-09-01T21:00:00Z,BTC/USDT,buy,16991.52105577,0.04214289,0.71607180,USDT
2024-09-03T09:00:00Z,BTC/USDT,sell,17172.80900415,0.04214289,0.72371180,USDT
2024-09-03T14:00:00Z,BTC/USDT,buy,17424.94086437,0.04112313,0.71656811,USDT
2024-09-03T15:00:00Z,BTC/USDT,sell,17427.20159622,0.04112313,0.71666108,USDT
2024-09-04T00:00:00Z,BTC/USDT,buy,17538.91847470,0.04084977,0.71646079,USDT
2024-09-04T01:00:00Z,BTC/USDT,sell,17457.71305986,0.04084977,0.71314356,USDT
2024-09-04T14:00:00Z,BTC/USDT,buy,17847.55671570,0.04012206,0.71608074,USDT
2024-09-04T21:00:00Z,BTC/USDT,sell,17675.95928916,0.04012206,0.70919590,USDT
2024-09-04T22:00:00Z,BTC/USDT,buy,17700.27546588,0.04041834,0.71541575,USDT
2024-09-05T03:00:00Z,BTC/USDT,sell,17487.64748916,0.04041834,0.70682168,USDT
2024-09-05T05:00:00Z,BTC/USDT,buy,17641.45473721,0.04050766,0.71461405,USDT
2024-09-05T06:00:00Z,BTC/USDT,sell,17633.78954358,0.04050766,0.71430355,USDT
2024-09-05T11:00:00Z,BTC/USDT,buy,17862.15111425,0.03999937,0.71447479,USDT
2024-09-05T12:00:00Z,BTC/USDT,sell,17748.68514204,0.03999937,0.70993622,USDT
2024-09-05T14:00:00Z,BTC/USDT,buy,17847.01065280,0.04000656,0.71399750,USDT
2024-09-05T15:00:00Z,BTC/USDT,sell,17606.38029805,0.04000656,0.70437071,USDT
2024-09-06T05:00:00Z,BTC/USDT,buy,17562.49557536,0.04060433,0.71311337,USDT
2024-09-06T06:00:00Z,BTC/USDT,sell,17525.03105302,0.04060433,0.71159214,USDT
2024-09-09T18:00:00Z,BTC/USDT,buy,16686.79378628,0.04272107,0.71287769,USDT
2024-09-10T03:00:00Z,BTC/USDT,sell,16790.21105682,0.04272107,0.71729578,USDT
2024-09-10T05:00:00Z,BTC/USDT,buy,16948.27844727,0.04207606,0.71311678,USDT
2024-09-10T10:00:00Z,BTC/USDT,stop_sell,16595.38513212,0.04207606,0.69826842,USDT
2024-09-12T02:00:00Z,BTC/USDT,buy,16354.01848378,0.04352541,0.71181536,USDT
2024-09-12T04:00:00Z,BTC/USDT,sell,16507.89741425,0.04352541,0.71851300,USDT
2024-09-12T11:00:00Z,BTC/USDT,buy,16674.88955714,0.04271314,0.71223689,USDT
2024-09-13T06:00:00Z,BTC/USDT,sell,16496.93447547,0.04271314,0.70463587,USDT
2024-09-14T12:00:00Z,BTC/USDT,buy,16670.86765019,0.04268015,0.71151513,USDT
2024-09-14T14:00:00Z,BTC/USDT,stop_sell,16337.81108282,0.04268015,0.69730023,USDT
2024-09-19T02:00:00Z,BTC/USDT,buy,14014.21826233,0.05068172,0.71026469,USDT
2024-09-20T23:00:00Z,BTC/USDT,sell,14686.22524698,0.05068172,0.74432316,USDT
2024-09-22T19:00:00Z,BTC/USDT,buy,15203.36990201,0.04688923,0.71287431,USDT
2024-09-24T05:00:00Z,BTC/USDT,sell,16239.56919348,0.04688923,0.76146090,USDT
2024-09-24T07:00:00Z,BTC/USDT,buy,16207.81667341,0.04421602,0.71664515,USDT
2024-09-24T12:00:00Z,BTC/USDT,sell,15940.73387089,0.04421602,0.70483581,USDT
2024-09-27T03:00:00Z,BTC/USDT,buy,15558.50119792,0.04599326,0.71558619,USDT
2024-09-28T01:00:00Z,BTC/USDT,sell,15652.20361518,0.04599326,0.71989587,USDT
2024-09-28T03:00:00Z,BTC/USDT,buy,15777.77856181,0.04536863,0.71581620,USDT
2024-09-28T04:00:00Z,BTC/USDT,sell,15687.07231711,0.04536863,0.71170098,USDT
2024-09-28T14:00:00Z,BTC/USDT,buy,16265.88774143,0.04397993,0.71537260,USDT
2024-09-28T15:00:00Z,BTC/USDT,stop_sell,15938.77318065,0.04397993,0.70098613,USDT
2024-09-30T07:00:00Z,BTC/USDT,buy,15539.65083645,0.04595391,0.71410772,USDT
2024-09-30T14:00:00Z,BTC/USDT,sell,15776.07775813,0.04595391,0.72497246,USDT
2024-10-01T19:00:00Z,BTC/USDT,buy,15834.18444766,0.04514676,0.71486213,USDT
2024-10-02T13:00:00Z,BTC/USDT,sell,16177.42829947,0.04514676,0.73035847,USDT
2024-10-02T14:00:00Z,BTC/USDT,buy,16323.04918787,0.04386354,0.71598672,USDT
2024-10-02T16:00:00Z,BTC/USDT,sell,16314.16023030,0.04386354,0.71559682,USDT
2024-10-03T03:00:00Z,BTC/USDT,buy,16541.08952356,0.04327653,0.71584096,USDT
2024-10-03T11:00:00Z,BTC/USDT,sell,16232.62658652,0.04327653,0.70249175,USDT
2024-10-03T12:00:00Z,BTC/USDT,buy,16443.43334687,0.04346166,0.71465891,USDT
2024-10-03T15:00:00Z,BTC/USDT,sell,16607.40910152,0.04346166,0.72178557,USDT
2024-10-03T18:00:00Z,BTC/USDT,buy,16656.79248613,0.0429323,0.71511441,USDT
2024-10-03T19:00:00Z,BTC/USDT,stop_sell,16307.00550253,0.0429323,0.70009725,USDT
2024-10-04T06:00:00Z,BTC/USDT,buy,16414.19151126,0.04348671,0.71379919,USDT
2024-10-04T14:00:00Z,BTC/USDT,sell,16536.71383184,0.04348671,0.71912728,USDT
2024-10-04T15:00:00Z,BTC/USDT,buy,16570.33483190,0.04309575,0.71411101,USDT
2024-10-04T20:00:00Z,BTC/USDT,sell,16535.76941528,0.04309575,0.71262138,USDT
2024-10-04T21:00:00Z,BTC/USDT,buy,16586.71011445,0.04303913,0.71387757,USDT
2024-10-05T02:00:00Z,BTC/USDT,sell,16502.70807122,0.04303913,0.71026220,USDT
2024-10-05T19:00:00Z,BTC/USDT,buy,16662.16934221,0.04282,0.71347409,USDT
2024-10-05T20:00:00Z,BTC/USDT,sell,16587.61083760,0.04282,0.71028150,USDT
2024-10-06T02:00:00Z,BTC/USDT,buy,16759.82803115,0.04254845,0.71310470,USDT
2024-10-06T05:00:00Z,BTC/USDT,sell,16427.01675681,0.04254845,0.69894410,USDT
2024-10-06T12:00:00Z,BTC/USDT,buy,16473.82281701,0.04321148,0.71185827,USDT
2024-10-06T14:00:00Z,BTC/USDT,sell,16635.24960830,0.04321148,0.71883376,USDT
2024-10-08T00:00:00Z,BTC/USDT,buy,16581.32702525,0.04295808,0.71230197,USDT
2024-10-08T21:00:00Z,BTC/USDT,sell,16910.38909274,0.04295808,0.72643785,USDT
2024-10-08T22:00:00Z,BTC/USDT,buy,16960.13591004,0.04205853,0.71331838,USDT
2024-10-08T23:00:00Z,BTC/USDT,sell,16908.21480443,0.04205853,0.71113466,USDT
2024-10-09T00:00:00Z,BTC/USDT,buy,17041.13617293,0.04184166,0.71302943,USDT
2024-10-09T05:00:00Z,BTC/USDT,sell,16903.30535538,0.04184166,0.70726236,USDT
2024-10-10T09:00:00Z,BTC/USDT,buy,16381.55073503,0.04349126,0.71245428,USDT
2024-10-10T11:00:00Z,BTC/USDT,sell,16320.64316422,0.04349126,0.70980534,USDT
2024-10-10T19:00:00Z,BTC/USDT,buy,16412.77923047,0.04338865,0.71212833,USDT
2024-10-11T21:00:00Z,BTC/USDT,sell,17118.13948358,0.04338865,0.74273296,USDT
2024-10-13T03:00:00Z,BTC/USDT,buy,16824.32298651,0.04246599,0.71446153,USDT
2024-10-13T06:00:00Z,BTC/USDT,stop_sell,16470.67441999,0.04246599,0.69944350,USDT
2024-10-13T10:00:00Z,BTC/USDT,buy,16521.44445093,0.04316489,0.71314633,USDT
2024-10-13T11:00:00Z,BTC/USDT,sell,16334.10488899,0.04316489,0.70505984,USDT
2024-10-15T10:00:00Z,BTC/USDT,buy,15916.23414800,0.04475842,0.71238549,USDT
2024-10-15T13:00:00Z,BTC/USDT,sell,15632.50056064,0.04475842,0.69968603,USDT
2024-10-15T16:00:00Z,BTC/USDT,buy,15807.13318478,0.04499589,0.71125603,USDT
2024-10-15T23:00:00Z,BTC/USDT,sell,15664.07063571,0.04499589,0.70481880,USDT
2024-10-16T02:00:00Z,BTC/USDT,buy,15658.47841354,0.04538292,0.71062747,USDT
2024-10-16T03:00:00Z,BTC/USDT,sell,15581.76800361,0.04538292,0.70714613,USDT
2024-10-17T13:00:00Z,BTC/USDT,buy,15267.42464237,0.04651966,0.71023540,USDT
2024-10-17T14:00:00Z,BTC/USDT,stop_sell,14997.84834642,0.04651966,0.69769481,USDT
2024-10-21T14:00:00Z,BTC/USDT,buy,14127.81058110,0.05019312,0.70911889,USDT
2024-10-21T15:00:00Z,BTC/USDT,sell,13998.17492025,0.05019312,0.70261207,USDT
2024-10-22T05:00:00Z,BTC/USDT,buy,14549.64300291,0.04869433,0.70848512,USDT
2024-10-23T17:00:00Z,BTC/USDT,sell,15530.03578766,0.04869433,0.75622469,USDT
2024-10-25T14:00:00Z,BTC/USDT,buy,16794.11790652,0.04240705,0.71218900,USDT
2024-10-25T16:00:00Z,BTC/USDT,sell,16666.09414432,0.04240705,0.70675989,USDT
2024-10-30T03:00:00Z,BTC/USDT,buy,15467.76597298,0.04600799,0.71164082,USDT
2024-10-31T00:00:00Z,BTC/USDT,sell,15604.68899338,0.04600799,0.71794038,USDT
2024-10-31T04:00:00Z,BTC/USDT,buy,15752.14040614,0.04520215,0.71203061,USDT
2024-10-31T05:00:00Z,BTC/USDT,sell,15883.42298167,0.04520215,0.71796487,USDT
2024-10-31T07:00:00Z,BTC/USDT,buy,16149.85107009,0.04411131,0.71239109,USDT
2024-10-31T21:00:00Z,BTC/USDT,stop_sell,15816.38863032,0.04411131,0.69768162,USDT
2024-10-31T22:00:00Z,BTC/USDT,buy,15969.91350727,0.04452754,0.71110096,USDT
2024-11-01T03:00:00Z,BTC/USDT,sell,16093.87535484,0.04452754,0.71662068,USDT
2024-11-02T04:00:00Z,BTC/USDT,buy,16284.33467429,0.04368791,0.71142855,USDT
2024-11-02T10:00:00Z,BTC/USDT,sell,16586.24108882,0.04368791,0.72461821,USDT
2024-11-02T11:00:00Z,BTC/USDT,buy,16501.75629577,0.0431693,0.71236927,USDT
2024-11-02T22:00:00Z,BTC/USDT,sell,16682.17071801,0.0431693,0.72015763,USDT
2024-11-03T05:00:00Z,BTC/USDT,buy,16609.99557436,0.04291861,0.71287792,USDT
2024-11-03T07:00:00Z,BTC/USDT,sell,16550.13068306,0.04291861,0.71030860,USDT
2024-11-03T17:00:00Z,BTC/USDT,buy,16772.64259923,0.04248337,0.71255838,USDT
2024-11-04T08:00:00Z,BTC/USDT,sell,16826.10760157,0.04248337,0.71482975,USDT
2024-11-04T20:00:00Z,BTC/USDT,buy,16922.97689082,0.04210996,0.71262588,USDT
2024-11-04T23:00:00Z,BTC/USDT,sell,16954.37378040,0.04210996,0.71394800,USDT
2024-11-05T00:00:00Z,BTC/USDT,buy,17134.81952620,0.04158886,0.71261761,USDT
2024-11-05T17:00:00Z,BTC/USDT,stop_sell,16789.41118214,0.04158886,0.69825247,USDT
2024-11-10T10:00:00Z,BTC/USDT,buy,15041.26304208,0.04729356,0.71135488,USDT
2024-11-10T13:00:00Z,BTC/USDT,sell,14938.57493902,0.04729356,0.70649839,USDT
2024-11-11T16:00:00Z,BTC/USDT,buy,15291.08985907,0.04648803,0.71085264,USDT
2024-11-11T17:00:00Z,BTC/USDT,sell,15233.52494924,0.04648803,0.70817656,USDT
2024-11-12T14:00:00Z,BTC/USDT,buy,15698.71208232,0.04526008,0.71052496,USDT
2024-11-13T18:00:00Z,BTC/USDT,sell,15762.47827127,0.04526008,0.71341103,USDT
2024-11-16T09:00:00Z,BTC/USDT,buy,15628.44403686,0.04547106,0.71064192,USDT
2024-11-16T12:00:00Z,BTC/USDT,stop_sell,15297.47031352,0.04547106,0.69559219,USDT
2024-11-16T13:00:00Z,BTC/USDT,buy,15353.84202847,0.04619852,0.70932478,USDT
2024-11-16T18:00:00Z,BTC/USDT,sell,15396.46227482,0.04619852,0.71129377,USDT
2024-11-17T10:00:00Z,BTC/USDT,buy,16128.46012996,0.04398242,0.70936871,USDT
2024-11-17T18:00:00Z,BTC/USDT,stop_sell,15708.76038822,0.04398242,0.69090930,USDT
2024-11-19T00:00:00Z,BTC/USDT,buy,16473.73766045,0.04296409,0.70777915,USDT
2024-11-19T05:00:00Z,BTC/USDT,stop_sell,16167.48057764,0.04296409,0.69462109,USDT
2024-11-19T13:00:00Z,BTC/USDT,buy,16208.42617200,0.04359545,0.70661363,USDT
2024-11-19T18:00:00Z,BTC/USDT,sell,16422.23918479,0.04359545,0.71593491,USDT
2024-11-19T19:00:00Z,BTC/USDT,buy,16568.97663014,0.04268495,0.70724594,USDT
2024-11-19T21:00:00Z,BTC/USDT,sell,16516.48041561,0.04268495,0.70500514,USDT
2024-11-20T01:00:00Z,BTC/USDT,buy,16615.90429625,0.0425468,0.70695356,USDT
2024-11-20T09:00:00Z,BTC/USDT,stop_sell,16261.58385857,0.0425468,0.69187836,USDT
2024-11-20T10:00:00Z,BTC/USDT,buy,16438.98476169,0.04292448,0.70563487,USDT
2024-11-20T15:00:00Z,BTC/USDT,sell,16596.62066144,0.04292448,0.71240131,USDT
2024-11-21T06:00:00Z,BTC/USDT,buy,17084.64778286,0.04132734,0.70606305,USDT
2024-11-22T06:00:00Z,BTC/USDT,sell,17426.22169042,0.04132734,0.72017939,USDT
2024-11-22T12:00:00Z,BTC/USDT,buy,17536.65568187,0.04032004,0.70707866,USDT
2024-11-22T15:00:00Z,BTC/USDT,sell,17458.34806020,0.04032004,0.70392129,USDT
2024-11-23T00:00:00Z,BTC/USDT,buy,17662.56421167,0.04001192,0.70671311,USDT
2024-11-24T09:00:00Z,BTC/USDT,sell,17568.40847446,0.04001192,0.70294575,USDT
2024-11-24T11:00:00Z,BTC/USDT,buy,17736.89969084,0.03982087,0.70629878,USDT
2024-11-24T12:00:00Z,BTC/USDT,sell,17508.29960493,0.03982087,0.69719572,USDT
2024-11-25T06:00:00Z,BTC/USDT,buy,17907.98807228,0.03939347,0.70545779,USDT
2024-11-25T19:00:00Z,BTC/USDT,sell,18101.43149663,0.03939347,0.71307820,USDT
2024-11-25T20:00:00Z,BTC/USDT,buy,18137.27438614,0.03892284,0.70595423,USDT
2024-11-26T09:00:00Z,BTC/USDT,sell,18120.74762573,0.03892284,0.70531096,USDT
2024-11-27T22:00:00Z,BTC/USDT,buy,17077.73579260,0.04132806,0.70578969,USDT
2024-11-27T23:00:00Z,BTC/USDT,stop_sell,16622.77660567,0.04132806,0.68698711,USDT
2024-11-28T12:00:00Z,BTC/USDT,buy,17076.34909259,0.04123676,0.70417331,USDT
2024-11-28T14:00:00Z,BTC/USDT,sell,16962.08539166,0.04123676,0.69946144,USDT
2024-11-29T16:00:00Z,BTC/USDT,buy,17219.37480071,0.04086582,0.70368387,USDT
2024-11-29T18:00:00Z,BTC/USDT,stop_sell,16826.92119953,0.04086582,0.68764593,USDT
2024-11-29T19:00:00Z,BTC/USDT,buy,17216.61997698,0.04079133,0.70228883,USDT
2024-11-30T11:00:00Z,BTC/USDT,sell,17090.73714161,0.04079133,0.69715390,USDT
2024-11-30T12:00:00Z,BTC/USDT,buy,17316.38340877,0.04052612,0.70176583,USDT
2024-12-02T07:00:00Z,BTC/USDT,sell,18308.33221752,0.04052612,0.74196567,USDT
2024-12-05T00:00:00Z,BTC/USDT,buy,18440.91082149,0.03822305,0.70486786,USDT
2024-12-05T10:00:00Z,BTC/USDT,sell,18379.40895237,0.03822305,0.70251707,USDT
2024-12-05T15:00:00Z,BTC/USDT,buy,18698.41822684,0.03768057,0.70456706,USDT
2024-12-06T23:00:00Z,BTC/USDT,sell,19603.44525906,0.03768057,0.73866899,USDT
2024-12-08T20:00:00Z,BTC/USDT,buy,19820.87461757,0.0356786,0.70718106,USDT
2024-12-09T06:00:00Z,BTC/USDT,sell,19881.36496669,0.0356786,0.70933927,USDT
2024-12-09T13:00:00Z,BTC/USDT,buy,20150.89831195,0.03509721,0.70724031,USDT
2024-12-09T14:00:00Z,BTC/USDT,sell,19876.80309976,0.03509721,0.69762033,USDT
2024-12-10T15:00:00Z,BTC/USDT,buy,20228.53963921,0.03491888,0.70635795,USDT
2024-12-10T17:00:00Z,BTC/USDT,stop_sell,19842.64564322,0.03491888,0.69288296,USDT
2024-12-10T18:00:00Z,BTC/USDT,buy,20001.41266548,0.03525588,0.70516740,USDT
2024-12-10T21:00:00Z,BTC/USDT,stop_sell,19565.46285283,0.03525588,0.68979761,USDT
2024-12-10T22:00:00Z,BTC/USDT,buy,19741.64738375,0.03565181,0.70382546,USDT
2024-12-11T03:00:00Z,BTC/USDT,sell,19908.04689805,0.03565181,0.70975791,USDT
2024-12-12T03:00:00Z,BTC/USDT,buy,19720.09545417,0.03570912,0.70418725,USDT
2024-12-12T11:00:00Z,BTC/USDT,sell,19921.88944731,0.03570912,0.71139314,USDT
2024-12-12T15:00:00Z,BTC/USDT,buy,19820.09504097,0.03555234,0.70465076,USDT
2024-12-12T20:00:00Z,BTC/USDT,sell,19777.69584918,0.03555234,0.70314337,USDT
2024-12-12T22:00:00Z,BTC/USDT,buy,19856.65618341,0.03547513,0.70441746,USDT
2024-12-12T23:00:00Z,BTC/USDT,sell,19766.47955013,0.03547513,0.70121843,USDT
2024-12-14T03:00:00Z,BTC/USDT,buy,20450.01348479,0.03442779,0.70404877,USDT
2024-12-14T06:00:00Z,BTC/USDT,stop_sell,20008.76103629,0.03442779,0.68885742,USDT
2024-12-14T07:00:00Z,BTC/USDT,buy,20281.89485049,0.03464772,0.70272141,USDT
2024-12-14T10:00:00Z,BTC/USDT,sell,20328.03524383,0.03464772,0.70432007,USDT
2024-12-14T11:00:00Z,BTC/USDT,buy,20436.06139223,0.03438709,0.70273668,USDT
2024-12-15T15:00:00Z,BTC/USDT,sell,21241.29712346,0.03438709,0.73042640,USDT
2024-12-16T18:00:00Z,BTC/USDT,buy,22122.92691849,0.03186008,0.70483822,USDT
2024-12-16T23:00:00Z,BTC/USDT,stop_sell,21602.45253396,0.03186008,0.68825587,USDT
2024-12-17T16:00:00Z,BTC/USDT,buy,22024.35319026,0.03193735,0.70339948,USDT
2024-12-17T23:00:00Z,BTC/USDT,stop_sell,21559.19656686,0.03193735,0.68854361,USDT
2024-12-18T00:00:00Z,BTC/USDT,buy,21558.94131662,0.03256649,0.70209905,USDT
2024-12-18T01:00:00Z,BTC/USDT,sell,21491.87757456,0.03256649,0.69991502,USDT
2024-12-19T04:00:00Z,BTC/USDT,buy,21195.12116845,0.03311196,0.70181200,USDT
2024-12-19T12:00:00Z,BTC/USDT,sell,21272.78068680,0.03311196,0.70438346,USDT
2024-12-19T13:00:00Z,BTC/USDT,buy,21461.85613328,0.03270478,0.70190528,USDT
2024-12-21T13:00:00Z,BTC/USDT,sell,22377.70832961,0.03270478,0.73185803,USDT
2024-12-22T09:00:00Z,BTC/USDT,buy,23301.12938932,0.0302212,0.70418809,USDT
2024-12-22T13:00:00Z,BTC/USDT,stop_sell,22814.19790471,0.0302212,0.68947244,USDT
2024-12-22T14:00:00Z,BTC/USDT,buy,23102.48029842,0.03042524,0.70289851,USDT
2024-12-22T17:00:00Z,BTC/USDT,stop_sell,22633.14349378,0.03042524,0.68861882,USDT
2024-12-23T10:00:00Z,BTC/USDT,buy,22996.31603981,0.03051116,0.70164428,USDT
2024-12-23T11:00:00Z,BTC/USDT,sell,22940.54139330,0.03051116,0.69994253,USDT
2024-12-23T14:00:00Z,BTC/USDT,buy,22837.53908401,0.03071241,0.70139586,USDT
2024-12-24T14:00:00Z,BTC/USDT,sell,23178.53371661,0.03071241,0.71186863,USDT
2024-12-29T11:00:00Z,BTC/USDT,buy,21570.60271740,0.0325499,0.70212096,USDT
2024-12-29T17:00:00Z,BTC/USDT,sell,21851.45523479,0.0325499,0.71126268,USDT
2024-12-30T13:00:00Z,BTC/USDT,buy,22620.98015366,0.03106583,0.70273952,USDT
2024-12-30T22:00:00Z,BTC/USDT,stop_sell,22160.57098209,0.03106583,0.68843653,USDT
2024-12-30T23:00:00Z,BTC/USDT,buy,22248.96862285,0.03152881,0.70148350,USDT
2024-12-31T03:00:00Z,BTC/USDT,sell,22235.25868706,0.03152881,0.70105125,USDT
2025-01-01T02:00:00Z,BTC/USDT,buy,22182.98272439,0.03161597,0.70133652,USDT
2025-01-02T17:00:00Z,BTC/USDT,sell,23091.90566430,0.03161597,0.73007300,USDT
2025-01-03T22:00:00Z,BTC/USDT,buy,22608.78865095,0.03111719,0.70352197,USDT
2025-01-03T23:00:00Z,BTC/USDT,sell,22578.88164863,0.03111719,0.70259135,USDT
2025-01-04T02:00:00Z,BTC/USDT,buy,22927.18794304,0.0306769,0.70333505,USDT
2025-01-04T03:00:00Z,BTC/USDT,stop_sell,22497.63867390,0.0306769,0.69015781,USDT
2025-01-04T05:00:00Z,BTC/USDT,buy,22740.39645997,0.0308776,0.70216887,USDT
2025-01-04T12:00:00Z,BTC/USDT,stop_sell,22342.76653450,0.0308776,0.68989101,USDT
2025-01-04T14:00:00Z,BTC/USDT,buy,22627.91407789,0.03098273,0.70107455,USDT
2025-01-04T19:00:00Z,BTC/USDT,sell,22629.32482543,0.03098273,0.70111826,USDT
2025-01-04T20:00:00Z,BTC/USDT,buy,22937.70984536,0.03055954,0.70096586,USDT
2025-01-04T23:00:00Z,BTC/USDT,sell,22648.76334530,0.03055954,0.69213579,USDT
2025-01-05T08:00:00Z,BTC/USDT,buy,22897.79439361,0.03057708,0.70014769,USDT
2025-01-05T16:00:00Z,BTC/USDT,sell,22942.82110287,0.03057708,0.70152448,USDT
2025-01-05T18:00:00Z,BTC/USDT,buy,22957.72246067,0.03049717,0.70014556,USDT
2025-01-06T02:00:00Z,BTC/USDT,sell,22776.91127129,0.03049717,0.69463134,USDT
2025-01-09T11:00:00Z,BTC/USDT,buy,21847.95259504,0.03202097,0.69959263,USDT
2025-01-09T13:00:00Z,BTC/USDT,stop_sell,21454.46414006,0.03202097,0.68699275,USDT
2025-01-11T06:00:00Z,BTC/USDT,buy,20760.31080992,0.03364464,0.69847318,USDT
2025-01-11T07:00:00Z,BTC/USDT,sell,20828.29464800,0.03364464,0.70076048,USDT
2025-01-11T16:00:00Z,BTC/USDT,buy,21323.90839889,0.03275873,0.69854416,USDT
2025-01-11T20:00:00Z,BTC/USDT,stop_sell,20875.87077842,0.03275873,0.68386701,USDT
2025-01-12T00:00:00Z,BTC/USDT,buy,21219.21349059,0.03285979,0.69725890,USDT
2025-01-12T01:00:00Z,BTC/USDT,sell,21112.87538845,0.03285979,0.69376465,USDT
2025-01-13T10:00:00Z,BTC/USDT,buy,20383.35740441,0.03418808,0.69686785,USDT
2025-01-13T15:00:00Z,BTC/USDT,sell,20249.24775728,0.03418808,0.69228290,USDT
2025-01-14T00:00:00Z,BTC/USDT,buy,20450.07611709,0.03405316,0.69638971,USDT
2025-01-14T22:00:00Z,BTC/USDT,sell,20604.02995444,0.03405316,0.70163233,USDT
2025-01-15T00:00:00Z,BTC/USDT,buy,20855.73625680,0.03340555,0.69669734,USDT
2025-01-15T01:00:00Z,BTC/USDT,sell,20706.04522129,0.03340555,0.69169683,USDT
2025-01-17T13:00:00Z,BTC/USDT,buy,21244.95164224,0.03276948,0.69618602,USDT
2025-01-17T13:00:00Z,BTC/USDT,stop_sell,20805.27838550,0.03276948,0.68177815,USDT
2025-01-17T14:00:00Z,BTC/USDT,buy,20976.85152717,0.03312807,0.69492261,USDT
2025-01-18T07:00:00Z,BTC/USDT,sell,20766.49993581,0.03312807,0.68795406,USDT
2025-01-19T08:00:00Z,BTC/USDT,buy,21314.16876050,0.03257242,0.69425406,USDT
2025-01-20T00:00:00Z,BTC/USDT,stop_sell,20805.11492477,0.03257242,0.67767294,USDT
2025-01-20T22:00:00Z,BTC/USDT,buy,21388.37094705,0.03239223,0.69281703,USDT
2025-01-20T22:00:00Z,BTC/USDT,stop_sell,20992.66739890,0.03239223,0.67999931,USDT
2025-01-20T23:00:00Z,BTC/USDT,buy,21098.70394893,0.03278312,0.69168134,USDT
2025-01-22T17:00:00Z,BTC/USDT,sell,22818.03460334,0.03278312,0.74804637,USDT
2025-01-22T18:00:00Z,BTC/USDT,buy,22801.53136115,0.03052767,0.69607762,USDT
2025-01-22T19:00:00Z,BTC/USDT,sell,22821.31674145,0.03052767,0.69668163,USDT
2025-01-24T10:00:00Z,BTC/USDT,buy,23848.47734353,0.02918486,0.69601447,USDT
2025-01-24T17:00:00Z,BTC/USDT,sell,23921.69504806,0.02918486,0.69815132,USDT
2025-01-27T01:00:00Z,BTC/USDT,buy,22529.23578040,0.03089647,0.69607386,USDT
2025-01-27T02:00:00Z,BTC/USDT,stop_sell,22093.13190132,0.03089647,0.68259979,USDT
2025-01-28T03:00:00Z,BTC/USDT,buy,23584.66672514,0.02946342,0.69488494,USDT
2025-01-29T00:00:00Z,BTC/USDT,sell,24144.66799981,0.02946342,0.71138449,USDT
2025-01-29T23:00:00Z,BTC/USDT,buy,23561.74071887,0.02954336,0.69609299,USDT
2025-01-30T03:00:00Z,BTC/USDT,sell,23170.15436138,0.02954336,0.68452421,USDT
2025-01-30T08:00:00Z,BTC/USDT,buy,23679.79527565,0.02935231,0.69505669,USDT
2025-01-30T09:00:00Z,BTC/USDT,sell,23455.01900481,0.02935231,0.68845899,USDT
2025-02-03T12:00:00Z,BTC/USDT,buy,20550.56185786,0.0337907,0.69441787,USDT
2025-02-03T13:00:00Z,BTC/USDT,sell,20431.50580467,0.0337907,0.69039488,USDT
2025-02-04T13:00:00Z,BTC/USDT,buy,21537.09701392,0.03222277,0.69398492,USDT
2025-02-04T18:00:00Z,BTC/USDT,stop_sell,21106.57357329,0.03222277,0.68011227,USDT
2025-02-04T19:00:00Z,BTC/USDT,buy,21492.25596360,0.03223322,0.69276461,USDT
2025-02-05T19:00:00Z,BTC/USDT,sell,22378.16991070,0.03223322,0.72132047,USDT
2025-02-06T22:00:00Z,BTC/USDT,buy,22096.00437595,0.0314508,0.69493701,USDT
2025-02-07T16:00:00Z,BTC/USDT,sell,21983.70732766,0.0314508,0.69140518,USDT
2025-02-08T06:00:00Z,BTC/USDT,buy,22216.71085803,0.03126221,0.69454348,USDT
2025-02-08T07:00:00Z,BTC/USDT,sell,22087.46624425,0.03126221,0.69050301,USDT
2025-02-09T20:00:00Z,BTC/USDT,buy,20822.76457920,0.03333415,0.69410916,USDT
2025-02-09T21:00:00Z,BTC/USDT,sell,20663.64515793,0.03333415,0.68880505,USDT
2025-02-09T23:00:00Z,BTC/USDT,buy,20655.60563650,0.033578,0.69357393,USDT
2025-02-10T00:00:00Z,BTC/USDT,sell,20513.75147026,0.033578,0.68881075,USDT
2025-02-10T03:00:00Z,BTC/USDT,buy,21016.04117220,0.03297871,0.69308193,USDT
2025-02-10T08:00:00Z,BTC/USDT,sell,20737.83835377,0.03297871,0.68390716,USDT
2025-02-11T21:00:00Z,BTC/USDT,buy,20222.61516145,0.03423086,0.69223751,USDT
2025-02-12T05:00:00Z,BTC/USDT,sell,20203.18442946,0.03423086,0.69157238,USDT
2025-02-12T14:00:00Z,BTC/USDT,buy,20847.37833093,0.03319715,0.69207355,USDT
2025-02-14T09:00:00Z,BTC/USDT,sell,21839.66127572,0.03319715,0.72501451,USDT
2025-02-16T02:00:00Z,BTC/USDT,buy,22312.62798963,0.0311302,0.69459657,USDT
2025-02-16T04:00:00Z,BTC/USDT,sell,22034.02324811,0.0311302,0.68592355,USDT
2025-02-16T11:00:00Z,BTC/USDT,buy,21883.15959874,0.03170438,0.69379201,USDT
2025-02-16T19:00:00Z,BTC/USDT,sell,21981.74220271,0.03170438,0.69691751,USDT
2025-02-17T05:00:00Z,BTC/USDT,buy,22150.81509861,0.03132755,0.69393077,USDT
2025-02-17T23:00:00Z,BTC/USDT,sell,21954.13791476,0.03132755,0.68776935,USDT
2025-02-18T00:00:00Z,BTC/USDT,buy,22185.58239157,0.03125124,0.69332696,USDT
2025-02-18T01:00:00Z,BTC/USDT,sell,22054.02039054,0.03125124,0.68921548,USDT
2025-02-20T14:00:00Z,BTC/USDT,buy,21361.68280365,0.03243599,0.69288733,USDT
2025-02-20T15:00:00Z,BTC/USDT,stop_sell,20933.81782377,0.03243599,0.67900911,USDT
2025-02-20T20:00:00Z,BTC/USDT,buy,21077.07474474,0.03281607,0.69166676,USDT
2025-02-20T23:00:00Z,BTC/USDT,sell,20982.24023070,0.03281607,0.68855466,USDT
2025-02-21T14:00:00Z,BTC/USDT,buy,20964.98493384,0.03297437,0.69130717,USDT
2025-02-21T14:00:00Z,BTC/USDT,stop_sell,20603.55030984,0.03297437,0.67938909,USDT
2025-02-22T02:00:00Z,BTC/USDT,buy,20880.14969942,0.0330574,0.69024346,USDT
2025-02-22T03:00:00Z,BTC/USDT,sell,20726.33251157,0.0330574,0.68515866,USDT
2025-02-25T16:00:00Z,BTC/USDT,buy,18118.60605364,0.0380673,0.68972641,USDT
2025-02-26T04:00:00Z,BTC/USDT,sell,18207.12028880,0.0380673,0.69309591,USDT
2025-02-26T06:00:00Z,BTC/USDT,buy,18260.58538683,0.03778003,0.68988546,USDT
2025-02-26T07:00:00Z,BTC/USDT,sell,18293.17074805,0.03778003,0.69111654,USDT
2025-02-27T20:00:00Z,BTC/USDT,buy,18756.98824822,0.03677954,0.68987340,USDT
2025-02-28T04:00:00Z,BTC/USDT,sell,19263.06807379,0.03677954,0.70848678,USDT
2025-02-28T05:00:00Z,BTC/USDT,buy,18952.46092572,0.03647291,0.69125140,USDT
2025-02-28T06:00:00Z,BTC/USDT,sell,18861.97383123,0.03647291,0.68795107,USDT
2025-02-28T08:00:00Z,BTC/USDT,buy,19044.14606237,0.03627764,0.69087667,USDT
2025-02-28T21:00:00Z,BTC/USDT,sell,19289.57857391,0.03627764,0.69978039,USDT
2025-02-28T22:00:00Z,BTC/USDT,buy,19287.57926014,0.03585095,0.69147804,USDT
2025-02-28T23:00:00Z,BTC/USDT,sell,19173.25027515,0.03585095,0.68737924,USDT
2025-03-01T01:00:00Z,BTC/USDT,buy,19368.93708573,0.03567773,0.69103971,USDT
2025-03-01T02:00:00Z,BTC/USDT,sell,19267.14013474,0.03567773,0.68740782,USDT
2025-03-03T10:00:00Z,BTC/USDT,buy,19767.97987941,0.03493724,0.69063866,USDT
2025-03-04T03:00:00Z,BTC/USDT,sell,20022.96861445,0.03493724,0.69954726,USDT
2025-03-06T08:00:00Z,BTC/USDT,buy,19796.62324394,0.03491709,0.69124048,USDT
2025-03-06T09:00:00Z,BTC/USDT,sell,19537.02706877,0.03491709,0.68217613,USDT
2025-03-06T16:00:00Z,BTC/USDT,buy,19461.57620314,0.03547529,0.69040506,USDT
2025-03-06T22:00:00Z,BTC/USDT,sell,19150.69830378,0.03547529,0.67937658,USDT
2025-03-07T08:00:00Z,BTC/USDT,buy,19280.54270663,0.03575691,0.68941263,USDT
2025-03-07T09:00:00Z,BTC/USDT,sell,19070.29738735,0.03575691,0.68189491,USDT
2025-03-08T02:00:00Z,BTC/USDT,buy,19415.22111818,0.03547223,0.68870119,USDT
2025-03-08T03:00:00Z,BTC/USDT,sell,19173.05932068,0.03547223,0.68011117,USDT
2025-03-08T08:00:00Z,BTC/USDT,buy,19137.73957774,0.0359449,0.68790414,USDT
2025-03-08T09:00:00Z,BTC/USDT,sell,19130.03107856,0.0359449,0.68762705,USDT
2025-03-08T10:00:00Z,BTC/USDT,buy,19194.27161264,0.03583214,0.68777183,USDT
2025-03-08T13:00:00Z,BTC/USDT,sell,18913.15909680,0.03583214,0.67769896,USDT
2025-03-09T01:00:00Z,BTC/USDT,buy,18855.94996335,0.0364265,0.68685626,USDT
2025-03-09T02:00:00Z,BTC/USDT,sell,18785.20504083,0.0364265,0.68427927,USDT
2025-03-10T06:00:00Z,BTC/USDT,buy,18875.30080394,0.03637241,0.68654018,USDT
2025-03-10T11:00:00Z,BTC/USDT,stop_sell,18499.62144142,0.03637241,0.67287582,USDT
2025-03-10T12:00:00Z,BTC/USDT,buy,18609.74575977,0.03682682,0.68533776,USDT
2025-03-12T17:00:00Z,BTC/USDT,sell,19845.90894157,0.03682682,0.73086172,USDT
2025-03-12T22:00:00Z,BTC/USDT,buy,20354.29337666,0.03384387,0.68886806,USDT
2025-03-13T02:00:00Z,BTC/USDT,sell,20291.41986468,0.03384387,0.68674018,USDT
2025-03-13T03:00:00Z,BTC/USDT,buy,20570.94411189,0.0334738,0.68858767,USDT
2025-03-13T05:00:00Z,BTC/USDT,sell,20574.84013765,0.0334738,0.68871808,USDT
2025-03-13T06:00:00Z,BTC/USDT,buy,20733.52332787,0.03320651,0.68848795,USDT
2025-03-14T03:00:00Z,BTC/USDT,sell,20845.99998390,0.03320651,0.69222291,USDT
2025-03-14T04:00:00Z,BTC/USDT,buy,21162.33474443,0.03254255,0.68867634,USDT
2025-03-14T06:00:00Z,BTC/USDT,sell,21279.44773461,0.03254255,0.69248749,USDT
2025-03-16T07:00:00Z,BTC/USDT,buy,21515.83808377,0.03201692,0.68887087,USDT
2025-03-16T09:00:00Z,BTC/USDT,sell,21473.58145619,0.03201692,0.68751794,USDT
2025-03-18T06:00:00Z,BTC/USDT,buy,22438.94648631,0.03069005,0.68865239,USDT
2025-03-18T13:00:00Z,BTC/USDT,sell,22160.80428389,0.03069005,0.68011619,USDT
2025-03-18T15:00:00Z,BTC/USDT,buy,22267.91571166,0.03089016,0.68785948,USDT
2025-03-19T02:00:00Z,BTC/USDT,sell,22445.59402778,0.03089016,0.69334799,USDT
2025-03-19T03:00:00Z,BTC/USDT,buy,22482.05127193,0.03061057,0.68818840,USDT
2025-03-19T05:00:00Z,BTC/USDT,sell,22229.06059866,0.03061057,0.68044422,USDT
2025-03-21T02:00:00Z,BTC/USDT,buy,21847.27355269,0.03146658,0.68745898,USDT
2025-03-21T03:00:00Z,BTC/USDT,sell,21837.54194291,0.03146658,0.68715276,USDT
2025-03-21T09:00:00Z,BTC/USDT,buy,22085.63727699,0.03112088,0.68732447,USDT
2025-03-21T12:00:00Z,BTC/USDT,stop_sell,21614.48087431,0.03112088,0.67266167,USDT
2025-03-21T13:00:00Z,BTC/USDT,buy,21565.86304575,0.03181148,0.68604202,USDT
2025-03-21T21:00:00Z,BTC/USDT,sell,21732.91165123,0.03181148,0.69135608,USDT
2025-03-22T23:00:00Z,BTC/USDT,buy,21049.30960310,0.0326071,0.68635694,USDT
2025-03-23T15:00:00Z,BTC/USDT,sell,20871.33061725,0.0326071,0.68055356,USDT
2025-03-23T16:00:00Z,BTC/USDT,buy,20875.74963849,0.03285071,0.68578320,USDT
2025-03-23T18:00:00Z,BTC/USDT,sell,20713.91340523,0.03285071,0.68046676,USDT
2025-03-24T12:00:00Z,BTC/USDT,buy,20932.20613663,0.03273655,0.68524821,USDT
2025-03-24T22:00:00Z,BTC/USDT,sell,20673.88811389,0.03273655,0.67679177,USDT
2025-03-28T14:00:00Z,BTC/USDT,buy,19737.05683562,0.03467905,0.68446238,USDT
2025-03-28T15:00:00Z,BTC/USDT,sell,19566.30136729,0.03467905,0.67854074,USDT
2025-03-28T21:00:00Z,BTC/USDT,buy,19725.88052526,0.03466914,0.68387931,USDT
2025-03-29T12:00:00Z,BTC/USDT,sell,19800.58306984,0.03466914,0.68646919,USDT
2025-04-01T09:00:00Z,BTC/USDT,buy,19079.85208546,0.03584812,0.68397683,USDT
2025-04-01T10:00:00Z,BTC/USDT,stop_sell,18632.39790830,0.03584812,0.66793644,USDT
2025-04-01T12:00:00Z,BTC/USDT,buy,18689.75691836,0.03652187,0.68258487,USDT
2025-04-01T13:00:00Z,BTC/USDT,sell,18495.33680545,0.03652187,0.67548429,USDT
2025-04-04T03:00:00Z,BTC/USDT,buy,16677.34287318,0.04088828,0.68190787,USDT
2025-04-04T04:00:00Z,BTC/USDT,sell,16553.64042031,0.04088828,0.67684988,USDT
2025-04-04T19:00:00Z,BTC/USDT,buy,16814.26196252,0.04052478,0.68139427,USDT
2025-04-05T09:00:00Z,BTC/USDT,sell,17002.76684876,0.04052478,0.68903339,USDT
2025-04-05T12:00:00Z,BTC/USDT,buy,17157.31816990,0.03974374,0.68189599,USDT
2025-04-05T13:00:00Z,BTC/USDT,stop_sell,16841.37489221,0.03974374,0.66933922,USDT
2025-04-05T23:00:00Z,BTC/USDT,buy,17159.45474765,0.03967392,0.68078283,USDT
2025-04-06T00:00:00Z,BTC/USDT,sell,17171.25209499,0.03967392,0.68125088,USDT
2025-04-06T04:00:00Z,BTC/USDT,buy,17207.95563298,0.03955794,0.68071128,USDT
2025-04-06T05:00:00Z,BTC/USDT,sell,17002.64754744,0.03955794,0.67258971,USDT
2025-04-13T15:00:00Z,BTC/USDT,buy,13320.49243376,0.05104562,0.67995279,USDT
2025-04-13T19:00:00Z,BTC/USDT,sell,13232.25831612,0.05104562,0.67544883,USDT
2025-04-13T20:00:00Z,BTC/USDT,buy,13283.47100429,0.05115258,0.67948381,USDT
2025-04-14T02:00:00Z,BTC/USDT,sell,13418.18767794,0.05115258,0.68637492,USDT
2025-04-14T03:00:00Z,BTC/USDT,buy,13465.79843345,0.05049282,0.67992614,USDT
