ts,symbol,side,price,qty,fee,fee_currency
2023-01-01T11:00:00Z,BTC/USDT,buy,16558.05489000,0.04834222,0.80045313,USDT
2023-01-01T13:15:00Z,BTC/USDT,sell,16538.52660000,0.04834222,0.79950909,USDT
2023-01-01T17:30:00Z,BTC/USDT,buy,16592.08189500,0.04822406,0.80013755,USDT
2023-01-01T21:15:00Z,BTC/USDT,sell,16588.37166500,0.04822406,0.79995863,USDT
2023-01-02T04:00:00Z,BTC/USDT,buy,16675.38352500,0.04799041,0.80025849,USDT
2023-01-02T05:00:00Z,BTC/USDT,stop_sell,16621.58005250,0.04799041,0.79767644,USDT
2023-01-02T07:15:00Z,BTC/USDT,buy,16708.51008000,0.04786793,0.79980179,USDT
2023-01-02T10:00:00Z,BTC/USDT,sell,16711.37013500,0.04786793,0.79993870,USDT
2023-01-02T15:45:00Z,BTC/USDT,buy,16748.97030000,0.04773317,0.79948145,USDT
2023-01-02T16:45:00Z,BTC/USDT,stop_sell,16709.65349375,0.04773317,0.79760473,USDT
2023-01-02T22:00:00Z,BTC/USDT,buy,16767.29946000,0.04767492,0.79937966,USDT
2023-01-02T22:15:00Z,BTC/USDT,stop_sell,16725.92428286,0.04767492,0.79740710,USDT
2023-01-03T06:15:00Z,BTC/USDT,buy,16747.82973000,0.04771542,0.79912973,USDT
2023-01-03T07:15:00Z,BTC/USDT,stop_sell,16706.56718054,0.04771542,0.79716087,USDT
2023-01-03T14:45:00Z,BTC/USDT,buy,16762.10686500,0.0476555,0.79880658,USDT
2023-01-03T14:45:00Z,BTC/USDT,stop_sell,16718.00645804,0.0476555,0.79670496,USDT
2023-01-03T23:15:00Z,BTC/USDT,buy,16690.35100500,0.04783739,0.79842283,USDT
2023-01-04T00:15:00Z,BTC/USDT,sell,16660.30568000,0.04783739,0.79698554,USDT
2023-01-04T01:15:00Z,BTC/USDT,buy,16707.44955000,0.04778979,0.79844551,USDT
2023-01-04T07:30:00Z,BTC/USDT,sell,16844.19369000,0.04778979,0.80498048,USDT
2023-01-04T17:45:00Z,BTC/USDT,buy,16933.46250000,0.04718776,0.79905216,USDT
2023-01-04T19:15:00Z,BTC/USDT,sell,16868.03176500,0.04718776,0.79596463,USDT
2023-01-05T15:15:00Z,BTC/USDT,buy,16870.52104500,0.0473188,0.79829281,USDT
2023-01-05T16:30:00Z,BTC/USDT,sell,16825.41308500,0.0473188,0.79615836,USDT
2023-01-06T19:45:00Z,BTC/USDT,buy,16930.27090500,0.04713073,0.79793603,USDT
2023-01-06T20:45:00Z,BTC/USDT,stop_sell,16880.46197536,0.04713073,0.79558850,USDT
2023-01-07T14:45:00Z,BTC/USDT,buy,16949.53053000,0.04705893,0.79762677,USDT
2023-01-07T16:15:00Z,BTC/USDT,sell,16923.14419500,0.04705893,0.79638506,USDT
2023-01-08T09:30:00Z,BTC/USDT,buy,16963.37745000,0.04700004,0.79727942,USDT
2023-01-08T09:30:00Z,BTC/USDT,stop_sell,16936.56391036,0.04700004,0.79601918,USDT
2023-01-08T15:45:00Z,BTC/USDT,buy,16966.63908000,0.04698403,0.79716108,USDT
2023-01-08T16:15:00Z,BTC/USDT,stop_sell,16935.68435036,0.04698403,0.79570670,USDT
2023-01-08T23:15:00Z,BTC/USDT,buy,17045.84866500,0.04675279,0.79694098,USDT
2023-01-09T06:00:00Z,BTC/USDT,sell,17199.67586000,0.04675279,0.80413283,USDT
2023-01-09T09:45:00Z,BTC/USDT,buy,17257.92465000,0.04620305,0.79736876,USDT
2023-01-09T12:00:00Z,BTC/USDT,sell,17231.40998500,0.04620305,0.79614370,USDT
2023-01-09T16:15:00Z,BTC/USDT,buy,17312.13174000,0.04604817,0.79719199,USDT
2023-01-09T18:45:00Z,BTC/USDT,sell,17328.97118000,0.04604817,0.79796741,USDT
2023-01-10T08:30:00Z,BTC/USDT,buy,17259.70554000,0.04617475,0.79696259,USDT
2023-01-10T10:15:00Z,BTC/USDT,sell,17232.38949500,0.04617475,0.79570128,USDT
2023-01-10T14:15:00Z,BTC/USDT,buy,17296.90413000,0.04606745,0.79682427,USDT
2023-01-10T14:15:00Z,BTC/USDT,stop_sell,17248.72596554,0.04606745,0.79460482,USDT
2023-01-10T15:15:00Z,BTC/USDT,buy,17351.99166000,0.04591716,0.79675418,USDT
2023-01-10T15:30:00Z,BTC/USDT,stop_sell,17276.90436929,0.04591716,0.79330638,USDT
2023-01-10T18:30:00Z,BTC/USDT,buy,17384.42787000,0.04580494,0.79629268,USDT
2023-01-10T22:30:00Z,BTC/USDT,sell,17432.40943500,0.04580494,0.79849047,USDT
2023-01-11T18:15:00Z,BTC/USDT,buy,17532.34179000,0.04542872,0.79647185,USDT
2023-01-11T18:30:00Z,BTC/USDT,stop_sell,17450.29227482,0.04542872,0.79274444,USDT
2023-01-11T23:30:00Z,BTC/USDT,buy,17664.94806000,0.04504085,0.79564428,USDT
2023-01-12T05:30:00Z,BTC/USDT,sell,18155.61765000,0.04504085,0.81774445,USDT
2023-01-12T10:30:00Z,BTC/USDT,buy,18185.27809500,0.04383859,0.79721695,USDT
2023-01-12T13:15:00Z,BTC/USDT,stop_sell,18117.08014268,0.04383859,0.79422725,USDT
2023-01-12T14:00:00Z,BTC/USDT,buy,18296.93389500,0.04356122,0.79703676,USDT
2023-01-12T14:15:00Z,BTC/USDT,stop_sell,18155.20749804,0.04356122,0.79086299,USDT
2023-01-12T17:45:00Z,BTC/USDT,buy,18664.74771000,0.04268323,0.79667172,USDT
2023-01-12T21:15:00Z,BTC/USDT,sell,18829.24067000,0.04268323,0.80369281,USDT
2023-01-13T09:30:00Z,BTC/USDT,buy,18885.12784500,0.04220159,0.79698242,USDT
2023-01-13T11:45:00Z,BTC/USDT,sell,18923.95329000,0.04220159,0.79862092,USDT
2023-01-13T15:15:00Z,BTC/USDT,buy,19143.81712500,0.04162629,0.79688608,USDT
2023-01-14T05:15:00Z,BTC/USDT,sell,20786.44158000,0.04162629,0.86526245,USDT
2023-01-15T13:45:00Z,BTC/USDT,buy,20773.22142000,0.03859853,0.80181581,USDT
2023-01-15T13:45:00Z,BTC/USDT,stop_sell,20692.13661321,0.03859853,0.79868606,USDT
2023-01-15T17:30:00Z,BTC/USDT,buy,20990.15983500,0.03819735,0.80176848,USDT
2023-01-15T18:00:00Z,BTC/USDT,stop_sell,20861.45119929,0.03819735,0.79685215,USDT
2023-01-16T01:15:00Z,BTC/USDT,buy,21203.99670000,0.0377705,0.80088556,USDT
2023-01-16T01:15:00Z,BTC/USDT,stop_sell,21042.98967036,0.0377705,0.79480424,USDT
2023-01-16T02:30:00Z,BTC/USDT,buy,21368.66899500,0.03748589,0.80102358,USDT
2023-01-16T03:00:00Z,BTC/USDT,stop_sell,21141.24551786,0.03748589,0.79249840,USDT
2023-01-16T15:30:00Z,BTC/USDT,buy,20915.79267000,0.03825541,0.80014222,USDT
2023-01-16T21:15:00Z,BTC/USDT,sell,21222.21358500,0.03825541,0.81186448,USDT
2023-01-17T12:30:00Z,BTC/USDT,buy,21298.79407500,0.03758743,0.80056693,USDT
2023-01-17T13:00:00Z,BTC/USDT,stop_sell,21196.87197643,0.03758743,0.79673594,USDT
2023-01-17T14:15:00Z,BTC/USDT,buy,21406.75803000,0.03738907,0.80037877,USDT
2023-01-17T14:15:00Z,BTC/USDT,stop_sell,21282.93856446,0.03738907,0.79574928,USDT
2023-01-18T13:45:00Z,BTC/USDT,buy,21334.63198500,0.0375056,0.80016817,USDT
2023-01-18T15:45:00Z,BTC/USDT,sell,21285.25205000,0.0375056,0.79831615,USDT
2023-01-19T14:45:00Z,BTC/USDT,buy,20819.85472500,0.03840062,0.79949533,USDT
2023-01-19T16:45:00Z,BTC/USDT,sell,20842.97330000,0.03840062,0.80038310,USDT
2023-01-19T18:45:00Z,BTC/USDT,buy,20960.56504500,0.03813889,0.79941268,USDT
2023-01-19T21:15:00Z,BTC/USDT,sell,21004.29260000,0.03813889,0.80108040,USDT
2023-01-20T02:30:00Z,BTC/USDT,buy,21182.43592500,0.03775758,0.79979752,USDT
2023-01-20T02:45:00Z,BTC/USDT,sell,21094.78733000,0.03775758,0.79648812,USDT
2023-01-20T12:30:00Z,BTC/USDT,buy,21059.56452000,0.03794629,0.79913234,USDT
2023-01-21T03:00:00Z,BTC/USDT,sell,22545.59156500,0.03794629,0.85552156,USDT
2023-01-21T08:15:00Z,BTC/USDT,buy,22752.35049000,0.03530729,0.80332384,USDT
2023-01-21T08:15:00Z,BTC/USDT,stop_sell,22666.48216089,0.03530729,0.80029206,USDT
2023-01-21T09:45:00Z,BTC/USDT,buy,22845.37698000,0.03514965,0.80300700,USDT
2023-01-21T10:15:00Z,BTC/USDT,stop_sell,22717.12182839,0.03514965,0.79849888,USDT
2023-01-22T15:00:00Z,BTC/USDT,buy,23006.66758500,0.03487769,0.80241942,USDT
2023-01-22T15:15:00Z,BTC/USDT,stop_sell,22882.06717161,0.03487769,0.79807365,USDT
2023-01-23T10:15:00Z,BTC/USDT,buy,22867.91824500,0.03507783,0.80215695,USDT
2023-01-23T13:30:00Z,BTC/USDT,sell,22863.78239000,0.03507783,0.80201187,USDT
2023-01-24T02:00:00Z,BTC/USDT,buy,23105.51698500,0.03470265,0.80182267,USDT
2023-01-24T03:15:00Z,BTC/USDT,sell,23017.83532500,0.03470265,0.79877988,USDT
2023-01-25T20:15:00Z,BTC/USDT,buy,22941.45499500,0.03495396,0.80189470,USDT
2023-01-25T20:15:00Z,BTC/USDT,stop_sell,22796.13872875,0.03495396,0.79681532,USDT
2023-01-25T21:45:00Z,BTC/USDT,buy,23256.70254000,0.03445876,0.80139713,USDT
2023-01-25T22:45:00Z,BTC/USDT,stop_sell,23051.55274357,0.03445876,0.79432792,USDT
2023-01-26T12:45:00Z,BTC/USDT,buy,23104.66656000,0.03465289,0.80064347,USDT
2023-01-26T13:30:00Z,BTC/USDT,stop_sell,22976.71696589,0.03465289,0.79620965,USDT
2023-01-27T15:15:00Z,BTC/USDT,buy,23101.66506000,0.03462634,0.79992611,USDT
2023-01-27T15:45:00Z,BTC/USDT,stop_sell,22957.57439911,0.03462634,0.79493678,USDT
2023-01-27T20:15:00Z,BTC/USDT,buy,23275.77207000,0.03433632,0.79920436,USDT
2023-01-27T20:45:00Z,BTC/USDT,stop_sell,23137.17384018,0.03433632,0.79444540,USDT
2023-01-28T15:15:00Z,BTC/USDT,buy,23044.95672000,0.03466662,0.79889076,USDT
2023-01-28T17:30:00Z,BTC/USDT,sell,22990.73888000,0.03466662,0.79701121,USDT
2023-01-29T00:45:00Z,BTC/USDT,buy,23123.59602000,0.0345537,0.79900580,USDT
2023-01-29T02:15:00Z,BTC/USDT,sell,23115.39652000,0.0345537,0.79872248,USDT
2023-01-29T09:45:00Z,BTC/USDT,buy,23364.23628000,0.03417774,0.79853679,USDT
2023-01-29T09:45:00Z,BTC/USDT,stop_sell,23282.25840446,0.03417774,0.79573497,USDT
2023-01-29T10:15:00Z,BTC/USDT,buy,23408.58844500,0.03409626,0.79814532,USDT
2023-01-29T11:00:00Z,BTC/USDT,stop_sell,23305.22156000,0.03409626,0.79462089,USDT
2023-01-29T13:15:00Z,BTC/USDT,buy,23571.78000000,0.03383797,0.79762118,USDT
2023-01-29T14:30:00Z,BTC/USDT,sell,23471.70827500,0.03383797,0.79423496,USDT
2023-01-29T18:45:00Z,BTC/USDT,buy,23715.40177500,0.03362434,0.79741473,USDT
2023-01-29T21:00:00Z,BTC/USDT,sell,23681.89313000,0.03362434,0.79628803,USDT
2023-01-31T08:00:00Z,BTC/USDT,buy,22991.66008500,0.03467481,0.79723145,USDT
2023-01-31T08:30:00Z,BTC/USDT,stop_sell,22892.66722607,0.03467481,0.79379889,USDT
2023-01-31T13:45:00Z,BTC/USDT,buy,23090.76961500,0.03451447,0.79696568,USDT
2023-01-31T19:15:00Z,BTC/USDT,sell,23112.41801000,0.03451447,0.79771286,USDT
2023-01-31T23:00:00Z,BTC/USDT,buy,23195.61201000,0.03435214,0.79681891,USDT
2023-02-01T00:15:00Z,BTC/USDT,stop_sell,23025.95626250,0.03435214,0.79099087,USDT
2023-02-07T10:00:00Z,BTC/USDT,buy,23023.17583500,0.0345746,0.79601710,USDT
2023-02-07T12:00:00Z,BTC/USDT,sell,22965.60145500,0.0345746,0.79402648,USDT
2023-02-07T18:00:00Z,BTC/USDT,buy,23297.00268000,0.03416194,0.79587081,USDT
2023-02-07T18:00:00Z,BTC/USDT,stop_sell,23135.69565107,0.03416194,0.79036025,USDT
2023-02-08T01:15:00Z,BTC/USDT,buy,23382.16524000,0.03400288,0.79506096,USDT
2023-02-08T02:00:00Z,BTC/USDT,sell,23277.92521500,0.03400288,0.79151650,USDT
2023-02-10T15:15:00Z,BTC/USDT,buy,21885.72739500,0.03630787,0.79462415,USDT
2023-02-10T15:30:00Z,BTC/USDT,stop_sell,21767.25021607,0.03630787,0.79032249,USDT
2023-02-11T13:30:00Z,BTC/USDT,buy,21758.62387500,0.0365007,0.79420500,USDT
2023-02-11T14:45:00Z,BTC/USDT,sell,21719.54479500,0.0365007,0.79277859,USDT
2023-02-11T22:00:00Z,BTC/USDT,buy,21841.61535000,0.03636691,0.79431206,USDT
2023-02-12T01:00:00Z,BTC/USDT,sell,21799.74467500,0.03636691,0.79278935,USDT
2023-02-12T09:30:00Z,BTC/USDT,buy,21872.12059500,0.03628616,0.79365527,USDT
2023-02-12T12:45:00Z,BTC/USDT,sell,21835.63672000,0.03628616,0.79233141,USDT
2023-02-12T14:45:00Z,BTC/USDT,buy,21952.30066500,0.03613178,0.79317570,USDT
2023-02-12T15:00:00Z,BTC/USDT,stop_sell,21879.78677679,0.03613178,0.79055564,USDT
2023-02-12T16:15:00Z,BTC/USDT,buy,21957.77340000,0.03611396,0.79298215,USDT
2023-02-12T18:15:00Z,BTC/USDT,sell,21966.57122000,0.03611396,0.79329987,USDT
2023-02-13T07:30:00Z,BTC/USDT,buy,21875.57232000,0.03624359,0.79284927,USDT
2023-02-13T08:00:00Z,BTC/USDT,stop_sell,21807.91844321,0.03624359,0.79039725,USDT
2023-02-13T23:15:00Z,BTC/USDT,buy,21710.81998500,0.0365185,0.79284658,USDT
2023-02-14T01:30:00Z,BTC/USDT,sell,21691.74870000,0.0365185,0.79215012,USDT
2023-02-14T06:15:00Z,BTC/USDT,buy,21768.25869000,0.03640798,0.79253833,USDT
2023-02-14T06:45:00Z,BTC/USDT,sell,21718.02555500,0.03640798,0.79070944,USDT
2023-02-14T10:00:00Z,BTC/USDT,buy,21830.99004000,0.03629796,0.79242040,USDT
2023-02-14T13:30:00Z,BTC/USDT,stop_sell,21743.03554375,0.03629796,0.78922783,USDT
2023-02-14T15:00:00Z,BTC/USDT,buy,22257.94341000,0.03559203,0.79220539,USDT
2023-02-14T15:30:00Z,BTC/USDT,stop_sell,22048.57769625,0.03559203,0.78475364,USDT
2023-02-15T10:00:00Z,BTC/USDT,buy,22176.15253500,0.03567773,0.79119478,USDT
2023-02-16T04:15:00Z,BTC/USDT,sell,24653.67699500,0.03567773,0.87958723,USDT
2023-02-16T15:45:00Z,BTC/USDT,buy,24770.41902000,0.03221389,0.79795155,USDT
2023-02-16T19:30:00Z,BTC/USDT,sell,24867.68993500,0.03221389,0.80108503,USDT
2023-02-17T14:45:00Z,BTC/USDT,buy,24214.29109500,0.03295301,0.79793378,USDT
2023-02-17T14:45:00Z,BTC/USDT,stop_sell,24063.86597661,0.03295301,0.79297682,USDT
2023-02-17T16:15:00Z,BTC/USDT,buy,24286.93740000,0.03285052,0.79783852,USDT
2023-02-17T16:15:00Z,BTC/USDT,stop_sell,24002.12721857,0.03285052,0.78848236,USDT
2023-02-17T17:30:00Z,BTC/USDT,buy,24394.96138500,0.03265832,0.79669846,USDT
2023-02-17T19:15:00Z,BTC/USDT,sell,24266.96045000,0.03265832,0.79251816,USDT
2023-02-17T20:15:00Z,BTC/USDT,buy,24967.39746000,0.03189281,0.79628046,USDT
2023-02-17T21:15:00Z,BTC/USDT,stop_sell,24689.50942696,0.03189281,0.78741783,USDT
2023-02-18T15:00:00Z,BTC/USDT,buy,24706.52709000,0.03219713,0.79547926,USDT
2023-02-18T16:45:00Z,BTC/USDT,sell,24632.27770000,0.03219713,0.79308865,USDT
2023-02-18T18:15:00Z,BTC/USDT,buy,24829.51855500,0.03203027,0.79529618,USDT
2023-02-18T18:30:00Z,BTC/USDT,stop_sell,24686.92286375,0.03203027,0.79072880,USDT
2023-02-19T01:00:00Z,BTC/USDT,buy,24752.30997000,0.03210615,0.79470138,USDT
2023-02-19T01:15:00Z,BTC/USDT,stop_sell,24663.77765643,0.03210615,0.79185895,USDT
2023-02-19T05:30:00Z,BTC/USDT,buy,24836.28193500,0.03198624,0.79441927,USDT
2023-02-19T05:30:00Z,BTC/USDT,stop_sell,24748.89900304,0.03198624,0.79162422,USDT
2023-02-19T14:30:00Z,BTC/USDT,buy,24745.73668500,0.03209043,0.79410133,USDT
2023-02-19T16:45:00Z,BTC/USDT,stop_sell,24665.55962214,0.03209043,0.79152841,USDT
2023-02-20T09:45:00Z,BTC/USDT,buy,24782.72517000,0.03203854,0.79400233,USDT
2023-02-20T12:45:00Z,BTC/USDT,sell,24775.49605500,0.03203854,0.79377072,USDT
2023-02-21T00:45:00Z,BTC/USDT,buy,24920.84419500,0.03184558,0.79361874,USDT
2023-02-21T01:30:00Z,BTC/USDT,sell,24814.94632000,0.03184558,0.79024636,USDT
2023-02-21T02:45:00Z,BTC/USDT,buy,25086.54700500,0.03161359,0.79307581,USDT
2023-02-21T02:45:00Z,BTC/USDT,stop_sell,24953.86825286,0.03161359,0.78888136,USDT
2023-02-21T08:30:00Z,BTC/USDT,buy,25072.26987000,0.03163446,0.79314772,USDT
2023-02-21T08:30:00Z,BTC/USDT,stop_sell,24932.80557518,0.03163446,0.78873584,USDT
2023-02-23T02:45:00Z,BTC/USDT,buy,24551.47960500,0.03227434,0.79238280,USDT
2023-02-23T05:30:00Z,BTC/USDT,stop_sell,24390.53041982,0.03227434,0.78718827,USDT
2023-02-24T01:15:00Z,BTC/USDT,buy,24092.37016500,0.03285295,0.79150543,USDT
2023-02-24T02:00:00Z,BTC/USDT,stop_sell,23946.35333375,0.03285295,0.78670835,USDT
2023-02-26T03:00:00Z,BTC/USDT,buy,23249.30884500,0.03403034,0.79118188,USDT
2023-02-26T04:45:00Z,BTC/USDT,sell,23159.45448000,0.03403034,0.78812411,USDT
2023-02-26T10:00:00Z,BTC/USDT,buy,23287.43790000,0.03395857,0.79080809,USDT
2023-02-26T10:30:00Z,BTC/USDT,stop_sell,23206.23893321,0.03395857,0.78805069,USDT
2023-02-26T18:45:00Z,BTC/USDT,buy,23449.26877500,0.03372931,0.79092766,USDT
2023-02-26T22:30:00Z,BTC/USDT,sell,23356.79576000,0.03372931,0.78780860,USDT
2023-02-27T13:30:00Z,BTC/USDT,buy,23570.22922500,0.03352678,0.79023389,USDT
2023-02-27T15:30:00Z,BTC/USDT,stop_sell,23478.36672982,0.03352678,0.78715404,USDT
2023-02-27T23:00:00Z,BTC/USDT,buy,23492.04015000,0.03361786,0.78975212,USDT
2023-02-28T01:00:00Z,BTC/USDT,sell,23408.49989500,0.03361786,0.78694367,USDT
2023-02-28T15:45:00Z,BTC/USDT,buy,23534.84154000,0.03353612,0.78926727,USDT
2023-02-28T16:45:00Z,BTC/USDT,sell,23442.92267500,0.03353612,0.78618467,USDT
2023-03-01T03:15:00Z,BTC/USDT,buy,23442.13521000,0.03365437,0.78893029,USDT
2023-03-01T09:45:00Z,BTC/USDT,sell,23745.64124000,0.03365437,0.79914460,USDT
2023-03-02T00:30:00Z,BTC/USDT,buy,23705.32674000,0.03330897,0.78960002,USDT
2023-03-02T01:00:00Z,BTC/USDT,sell,23594.47686000,0.03330897,0.78590772,USDT
2023-03-03T15:15:00Z,BTC/USDT,buy,22419.85432500,0.03521257,0.78946069,USDT
2023-03-03T15:30:00Z,BTC/USDT,sell,22362.67307000,0.03521257,0.78744719,USDT
2023-03-04T06:30:00Z,BTC/USDT,buy,22410.04942500,0.03522006,0.78928329,USDT
2023-03-04T08:00:00Z,BTC/USDT,sell,22345.43169500,0.03522006,0.78700745,USDT
2023-03-04T13:00:00Z,BTC/USDT,buy,22395.23202000,0.03521302,0.78860375,USDT
2023-03-04T13:30:00Z,BTC/USDT,stop_sell,22344.28762446,0.03521302,0.78680985,USDT
2023-03-05T01:30:00Z,BTC/USDT,buy,22570.42957500,0.03493028,0.78839142,USDT
2023-03-05T02:30:00Z,BTC/USDT,stop_sell,22453.72894786,0.03493028,0.78431504,USDT
2023-03-05T13:45:00Z,BTC/USDT,buy,22451.73025500,0.03508097,0.78762848,USDT
2023-03-05T15:00:00Z,BTC/USDT,sell,22422.68305000,0.03508097,0.78660947,USDT
2023-03-05T21:15:00Z,BTC/USDT,buy,22513.30102500,0.03499231,0.78779241,USDT
2023-03-05T21:30:00Z,BTC/USDT,stop_sell,22439.93156429,0.03499231,0.78522504,USDT
2023-03-06T13:45:00Z,BTC/USDT,buy,22469.07892500,0.03505644,0.78768592,USDT
2023-03-06T14:00:00Z,BTC/USDT,stop_sell,22400.67905750,0.03505644,0.78528806,USDT
2023-03-06T15:15:00Z,BTC/USDT,buy,22472.40058500,0.0350294,0.78719471,USDT
2023-03-06T18:00:00Z,BTC/USDT,sell,22472.49813000,0.0350294,0.78719813,USDT
2023-03-07T01:15:00Z,BTC/USDT,buy,22497.62319000,0.03497484,0.78685077,USDT
2023-03-07T01:30:00Z,BTC/USDT,stop_sell,22431.30587929,0.03497484,0.78453133,USDT
2023-03-08T00:15:00Z,BTC/USDT,buy,22257.92340000,0.03534211,0.78664198,USDT
2023-03-08T01:45:00Z,BTC/USDT,sell,22183.78256000,0.03534211,0.78402168,USDT
2023-03-08T15:15:00Z,BTC/USDT,buy,22159.13403000,0.03547792,0.78615998,USDT
2023-03-08T15:15:00Z,BTC/USDT,stop_sell,22025.88404875,0.03547792,0.78143255,USDT
2023-03-09T14:00:00Z,BTC/USDT,buy,21714.36175500,0.03618405,0.78571355,USDT
2023-03-09T16:00:00Z,BTC/USDT,sell,21635.31693000,0.03618405,0.78285339,USDT
2023-03-10T13:45:00Z,BTC/USDT,buy,20223.73681500,0.03885452,0.78578359,USDT
2023-03-10T14:00:00Z,BTC/USDT,stop_sell,20004.33461482,0.03885452,0.77725882,USDT
2023-03-11T01:45:00Z,BTC/USDT,buy,20621.72571000,0.03803778,0.78440467,USDT
2023-03-11T02:15:00Z,BTC/USDT,stop_sell,20436.13931875,0.03803778,0.77734537,USDT
2023-03-11T18:00:00Z,BTC/USDT,buy,20258.15401500,0.03869858,0.78396179,USDT
2023-03-11T19:15:00Z,BTC/USDT,sell,20181.14438000,0.03869858,0.78098163,USDT
2023-03-12T00:00:00Z,BTC/USDT,buy,20465.18748000,0.03827035,0.78320989,USDT
2023-03-12T00:15:00Z,BTC/USDT,sell,20348.61060500,0.03827035,0.77874845,USDT
2023-03-12T17:30:00Z,BTC/USDT,buy,20655.69268500,0.03793609,0.78359622,USDT
2023-03-12T19:30:00Z,BTC/USDT,sell,20844.83237000,0.03793609,0.79077144,USDT
2023-03-12T20:45:00Z,BTC/USDT,buy,21220.87513500,0.03692375,0.78355429,USDT
2023-03-13T02:30:00Z,BTC/USDT,sell,22177.02594000,0.03692375,0.81885896,USDT
2023-03-13T13:30:00Z,BTC/USDT,buy,22451.65021500,0.03501628,0.78617327,USDT
2023-03-13T20:15:00Z,BTC/USDT,sell,24143.20236000,0.03501628,0.84540513,USDT
2023-03-14T02:00:00Z,BTC/USDT,buy,24420.54417000,0.03238578,0.79087837,USDT
2023-03-14T04:45:00Z,BTC/USDT,sell,24320.72355500,0.03238578,0.78764560,USDT
2023-03-14T05:15:00Z,BTC/USDT,buy,24701.75470500,0.03201414,0.79080543,USDT
2023-03-14T05:15:00Z,BTC/USDT,stop_sell,24487.98845214,0.03201414,0.78396189,USDT
2023-03-14T11:00:00Z,BTC/USDT,buy,24578.68320000,0.03213081,0.78973300,USDT
2023-03-14T16:30:00Z,BTC/USDT,sell,25749.40885500,0.03213081,0.82734936,USDT
2023-03-16T06:15:00Z,BTC/USDT,buy,24472.26001500,0.03239293,0.79272821,USDT
2023-03-16T09:15:00Z,BTC/USDT,sell,24423.43217500,0.03239293,0.79114653,USDT
2023-03-16T09:45:00Z,BTC/USDT,buy,24805.24642500,0.03198237,0.79333057,USDT
2023-03-16T10:00:00Z,BTC/USDT,stop_sell,24570.85699714,0.03198237,0.78583424,USDT
2023-03-16T10:45:00Z,BTC/USDT,buy,24913.45050000,0.03177931,0.79173227,USDT
2023-03-16T11:45:00Z,BTC/USDT,sell,24754.10675500,0.03177931,0.78666843,USDT
2023-03-17T01:30:00Z,BTC/USDT,buy,25359.63348000,0.03113867,0.78966526,USDT
2023-03-17T01:30:00Z,BTC/USDT,stop_sell,25233.17602911,0.03113867,0.78572754,USDT
2023-03-17T02:00:00Z,BTC/USDT,buy,25685.20618500,0.03077321,0.79041624,USDT
2023-03-17T05:45:00Z,BTC/USDT,sell,25675.69573000,0.03077321,0.79012358,USDT
2023-03-17T06:45:00Z,BTC/USDT,buy,26124.83589000,0.03024498,0.79014514,USDT
2023-03-17T07:00:00Z,BTC/USDT,stop_sell,25941.69552071,0.03024498,0.78460606,USDT
2023-03-17T10:30:00Z,BTC/USDT,buy,26511.04890000,0.02979379,0.78986462,USDT
2023-03-17T12:45:00Z,BTC/USDT,sell,26535.73549500,0.02979379,0.79060013,USDT
2023-03-17T20:00:00Z,BTC/USDT,buy,26850.65862000,0.02942119,0.78997833,USDT
2023-03-17T20:45:00Z,BTC/USDT,sell,26654.20623000,0.02942119,0.78419847,USDT
2023-03-19T15:15:00Z,BTC/USDT,buy,27460.80354000,0.02875228,0.78956071,USDT
2023-03-19T20:30:00Z,BTC/USDT,sell,27967.91904500,0.02875228,0.80414144,USDT
2023-03-20T07:45:00Z,BTC/USDT,buy,28149.84789000,0.02806519,0.79003083,USDT
2023-03-20T10:15:00Z,BTC/USDT,sell,28089.91801500,0.02806519,0.78834889,USDT
2023-03-21T09:45:00Z,BTC/USDT,buy,27962.58430500,0.02824835,0.78989687,USDT
2023-03-21T12:30:00Z,BTC/USDT,sell,27942.98152000,0.02824835,0.78934312,USDT
2023-03-21T13:00:00Z,BTC/USDT,buy,28206.23607000,0.02800825,0.79000731,USDT
2023-03-21T13:30:00Z,BTC/USDT,stop_sell,27936.22668482,0.02800825,0.78244482,USDT
2023-03-21T16:45:00Z,BTC/USDT,buy,28349.55769500,0.02784086,0.78927607,USDT
2023-03-21T17:30:00Z,BTC/USDT,stop_sell,28083.08643250,0.02784086,0.78185728,USDT
2023-03-22T03:30:00Z,BTC/USDT,buy,28218.71230500,0.02794962,0.78870229,USDT
2023-03-22T06:15:00Z,BTC/USDT,sell,28172.08691000,0.02794962,0.78739912,USDT
2023-03-22T13:30:00Z,BTC/USDT,buy,28338.81232500,0.0278259,0.78855296,USDT
2023-03-22T17:15:00Z,BTC/USDT,sell,28531.33719500,0.0278259,0.79391014,USDT
2023-03-23T05:45:00Z,BTC/USDT,buy,27591.16869000,0.02857977,0.78854926,USDT
2023-03-23T09:45:00Z,BTC/USDT,sell,27579.97311500,0.02857977,0.78822929,USDT
2023-03-23T15:00:00Z,BTC/USDT,buy,28060.12305000,0.02810644,0.78867016,USDT
2023-03-23T17:30:00Z,BTC/USDT,sell,28189.13838000,0.02810644,0.79229633,USDT
2023-03-25T14:00:00Z,BTC/USDT,buy,27579.27274500,0.02858416,0.78833034,USDT
2023-03-25T15:15:00Z,BTC/USDT,sell,27515.12555500,0.02858416,0.78649675,USDT
2023-03-25T15:45:00Z,BTC/USDT,buy,27628.26723000,0.02852507,0.78809826,USDT
2023-03-25T17:15:00Z,BTC/USDT,stop_sell,27487.97342357,0.02852507,0.78409637,USDT
2023-03-26T08:45:00Z,BTC/USDT,buy,27697.57186500,0.02844698,0.78791227,USDT
2023-03-26T14:30:00Z,BTC/USDT,sell,27939.34334000,0.02844698,0.79478994,USDT
2023-03-26T22:15:00Z,BTC/USDT,buy,28001.52376500,0.02815082,0.78826586,USDT
2023-03-27T00:15:00Z,BTC/USDT,sell,27917.19442000,0.02815082,0.78589192,USDT
2023-03-28T12:15:00Z,BTC/USDT,buy,27098.84265000,0.02908564,0.78818718,USDT
2023-03-28T12:15:00Z,BTC/USDT,stop_sell,26883.41335482,0.02908564,0.78192128,USDT
2023-03-28T19:00:00Z,BTC/USDT,buy,27365.80606500,0.02878294,0.78766835,USDT
2023-03-28T21:15:00Z,BTC/USDT,sell,27222.90174000,0.02878294,0.78355515,USDT
2023-03-29T01:30:00Z,BTC/USDT,buy,27416.20125000,0.02870295,0.78692585,USDT
2023-03-29T02:15:00Z,BTC/USDT,sell,27301.60237000,0.02870295,0.78363653,USDT
2023-03-29T04:45:00Z,BTC/USDT,buy,27548.52738000,0.02854383,0.78634048,USDT
2023-03-29T10:15:00Z,BTC/USDT,sell,28295.28528000,0.02854383,0.80765581,USDT
2023-03-30T02:30:00Z,BTC/USDT,buy,28840.24291500,0.02733558,0.78836477,USDT
2023-03-30T03:00:00Z,BTC/USDT,stop_sell,28618.49609375,0.02733558,0.78230319,USDT
2023-03-31T01:15:00Z,BTC/USDT,buy,28304.29507500,0.02783375,0.78781467,USDT
2023-03-31T02:00:00Z,BTC/USDT,stop_sell,28084.17089000,0.02783375,0.78168779,USDT
2023-03-31T12:45:00Z,BTC/USDT,buy,28123.71483000,0.027973,0.78670467,USDT
2023-03-31T16:30:00Z,BTC/USDT,sell,28385.94992500,0.027973,0.79404018,USDT
2023-04-01T02:00:00Z,BTC/USDT,buy,28629.21745500,0.02750073,0.78732438,USDT
2023-04-01T02:30:00Z,BTC/USDT,stop_sell,28498.03849554,0.02750073,0.78371686,USDT
2023-04-01T20:45:00Z,BTC/USDT,buy,28520.94334500,0.02759572,0.78705597,USDT
2023-04-01T23:45:00Z,BTC/USDT,sell,28443.84096500,0.02759572,0.78492827,USDT
2023-04-03T07:30:00Z,BTC/USDT,buy,27941.04354000,0.02815143,0.78658033,USDT
2023-04-03T11:15:00Z,BTC/USDT,sell,28222.09189500,0.02815143,0.79449224,USDT
2023-04-04T06:45:00Z,BTC/USDT,buy,28037.72185500,0.02806854,0.78697792,USDT
2023-04-04T07:45:00Z,BTC/USDT,sell,27948.06897500,0.02806854,0.78446149,USDT
2023-04-04T10:15:00Z,BTC/USDT,buy,28236.21105000,0.02786351,0.78675995,USDT
2023-04-04T13:45:00Z,BTC/USDT,sell,28160.27282000,0.02786351,0.78464404,USDT
2023-04-05T00:45:00Z,BTC/USDT,buy,28443.16447500,0.0276538,0.78656158,USDT
2023-04-05T03:15:00Z,BTC/USDT,sell,28461.09233500,0.0276538,0.78705736,USDT
2023-04-05T19:30:00Z,BTC/USDT,buy,28214.98044000,0.02787183,0.78640314,USDT
2023-04-05T21:00:00Z,BTC/USDT,sell,28136.54469000,0.02787183,0.78421699,USDT
2023-04-07T22:45:00Z,BTC/USDT,buy,27956.52127500,0.02812243,0.78620531,USDT
2023-04-07T23:30:00Z,BTC/USDT,sell,27889.95804500,0.02812243,0.78433339,USDT
2023-04-08T03:30:00Z,BTC/USDT,buy,28050.51825000,0.02800815,0.78564312,USDT
2023-04-08T03:45:00Z,BTC/USDT,stop_sell,27969.42257857,0.02800815,0.78337178,USDT
2023-04-08T06:00:00Z,BTC/USDT,buy,28157.37165000,0.02790167,0.78563769,USDT
2023-04-08T07:45:00Z,BTC/USDT,stop_sell,28048.73647321,0.02790167,0.78260659,USDT
2023-04-08T23:15:00Z,BTC/USDT,buy,27987.30666000,0.02805376,0.78514918,USDT
2023-04-09T00:00:00Z,BTC/USDT,stop_sell,27909.30586625,0.02805376,0.78296097,USDT
2023-04-09T00:45:00Z,BTC/USDT,buy,28053.24961500,0.0279763,0.78482613,USDT
2023-04-09T03:00:00Z,BTC/USDT,sell,28025.08045000,0.0279763,0.78403806,USDT
2023-04-09T19:00:00Z,BTC/USDT,buy,28042.44421500,0.02798402,0.78474032,USDT
2023-04-09T23:45:00Z,BTC/USDT,sell,28288.66859000,0.02798402,0.79163067,USDT
2023-04-10T08:15:00Z,BTC/USDT,buy,28357.43163000,0.02769492,0.78535680,USDT
2023-04-10T09:00:00Z,BTC/USDT,sell,28277.92396500,0.02769492,0.78315484,USDT
2023-04-10T15:15:00Z,BTC/USDT,buy,28465.40559000,0.02757379,0.78489912,USDT
2023-04-11T03:15:00Z,BTC/USDT,sell,29991.44677500,0.02757379,0.82697786,USDT
2023-04-11T14:00:00Z,BTC/USDT,buy,30263.41414500,0.02604064,0.78807867,USDT
2023-04-11T14:30:00Z,BTC/USDT,stop_sell,30114.97069643,0.02604064,0.78421311,USDT
2023-04-11T19:30:00Z,BTC/USDT,buy,30440.58268500,0.02587709,0.78771370,USDT
2023-04-11T19:30:00Z,BTC/USDT,stop_sell,30263.51710036,0.02587709,0.78313176,USDT
2023-04-12T12:45:00Z,BTC/USDT,buy,30312.66876000,0.02595594,0.78679381,USDT
2023-04-12T12:45:00Z,BTC/USDT,stop_sell,30167.39411446,0.02595594,0.78302307,USDT
2023-04-13T02:45:00Z,BTC/USDT,buy,30167.06599500,0.02607628,0.78664486,USDT
2023-04-13T04:45:00Z,BTC/USDT,sell,30037.51373000,0.02607628,0.78326662,USDT
2023-04-13T09:00:00Z,BTC/USDT,buy,30209.52721500,0.02603158,0.78640172,USDT
2023-04-13T12:00:00Z,BTC/USDT,sell,30148.42824500,0.02603158,0.78481122,USDT
2023-04-13T14:45:00Z,BTC/USDT,buy,30401.31306000,0.02585965,0.78616732,USDT
2023-04-13T16:45:00Z,BTC/USDT,sell,30304.88997500,0.02585965,0.78367385,USDT
2023-04-14T00:45:00Z,BTC/USDT,buy,30746.04534000,0.02555355,0.78567061,USDT
2023-04-14T02:45:00Z,BTC/USDT,sell,30646.91887500,0.02555355,0.78313757,USDT
2023-04-14T07:00:00Z,BTC/USDT,buy,30965.94523500,0.02536567,0.78547195,USDT
2023-04-14T07:30:00Z,BTC/USDT,stop_sell,30809.31870589,0.02536567,0.78149901,USDT
2023-04-16T06:45:00Z,BTC/USDT,buy,30347.07595500,0.02586569,0.78494806,USDT
2023-04-16T07:00:00Z,BTC/USDT,sell,30292.01641500,0.02586569,0.78352391,USDT
2023-04-16T07:45:00Z,BTC/USDT,buy,30358.04143500,0.02584506,0.78460540,USDT
2023-04-16T09:15:00Z,BTC/USDT,sell,30293.20582000,0.02584506,0.78292972,USDT
2023-04-16T19:00:00Z,BTC/USDT,buy,30486.03540000,0.02572623,0.78429076,USDT
2023-04-16T19:45:00Z,BTC/USDT,stop_sell,30387.73103375,0.02572623,0.78176176,USDT
2023-04-18T06:30:00Z,BTC/USDT,buy,29727.19617000,0.02638033,0.78421324,USDT
2023-04-18T14:30:00Z,BTC/USDT,sell,30165.75957500,0.02638033,0.79578269,USDT
2023-04-20T06:30:00Z,BTC/USDT,buy,28987.22637000,0.02707947,0.78495873,USDT
2023-04-20T07:15:00Z,BTC/USDT,sell,28878.47354000,0.02707947,0.78201376,USDT
2023-04-21T13:45:00Z,BTC/USDT,buy,28285.98592500,0.02773707,0.78457037,USDT
2023-04-21T13:45:00Z,BTC/USDT,stop_sell,28108.72360750,0.02773707,0.77965363,USDT
2023-04-22T15:00:00Z,BTC/USDT,buy,27492.85956000,0.02852314,0.78418268,USDT
2023-04-22T18:30:00Z,BTC/USDT,sell,27579.14353000,0.02852314,0.78664377,USDT
2023-04-22T22:15:00Z,BTC/USDT,buy,27813.66988500,0.02819572,0.78422645,USDT
2023-04-23T00:15:00Z,BTC/USDT,sell,27736.50481000,0.02819572,0.78205072,USDT
2023-04-23T07:45:00Z,BTC/USDT,buy,27702.28422000,0.02829843,0.78393115,USDT
2023-04-23T09:30:00Z,BTC/USDT,sell,27650.06805000,0.02829843,0.78245352,USDT
2023-04-24T01:00:00Z,BTC/USDT,buy,27818.26218000,0.02816632,0.78353807,USDT
2023-04-24T02:30:00Z,BTC/USDT,sell,27703.71121500,0.02816632,0.78031160,USDT
2023-04-24T13:45:00Z,BTC/USDT,buy,27689.02759500,0.02828525,0.78319107,USDT
2023-04-24T14:30:00Z,BTC/USDT,stop_sell,27532.53291839,0.02828525,0.77876458,USDT
2023-04-25T20:15:00Z,BTC/USDT,buy,27881.25366000,0.02807701,0.78282224,USDT
2023-04-26T01:15:00Z,BTC/USDT,sell,28258.80353000,0.02807701,0.79342271,USDT
2023-04-26T06:15:00Z,BTC/USDT,buy,28455.12045000,0.02753431,0.78349211,USDT
2023-04-26T06:30:00Z,BTC/USDT,sell,28353.53614000,0.02753431,0.78069505,USDT
2023-04-26T08:30:00Z,BTC/USDT,buy,28678.19193000,0.02730238,0.78298289,USDT
2023-04-26T14:45:00Z,BTC/USDT,sell,29609.28795000,0.02730238,0.80840403,USDT
2023-04-27T15:30:00Z,BTC/USDT,buy,29293.97967000,0.02680673,0.78527580,USDT
2023-04-27T15:30:00Z,BTC/USDT,stop_sell,29016.71938250,0.02680673,0.77784336,USDT
2023-04-27T18:30:00Z,BTC/USDT,buy,29648.41680000,0.02646094,0.78452498,USDT
2023-04-27T20:15:00Z,BTC/USDT,sell,29521.73175000,0.02646094,0.78117277,USDT
2023-04-30T08:45:00Z,BTC/USDT,buy,29313.43939500,0.02674059,0.78385866,USDT
2023-04-30T09:15:00Z,BTC/USDT,sell,29249.68784000,0.02674059,0.78215391,USDT
2023-04-30T14:45:00Z,BTC/USDT,buy,29378.94213000,0.02667087,0.78356195,USDT
2023-04-30T18:00:00Z,BTC/USDT,sell,29638.96310500,0.02667087,0.79049693,USDT
2023-05-02T12:45:00Z,BTC/USDT,buy,28220.26308000,0.02776926,0.78365582,USDT
2023-05-02T12:45:00Z,BTC/USDT,stop_sell,28098.91744161,0.02776926,0.78028614,USDT
2023-05-02T14:30:00Z,BTC/USDT,buy,28506.94635000,0.02748412,0.78348833,USDT
2023-05-02T14:45:00Z,BTC/USDT,stop_sell,28300.66580268,0.02748412,0.77781890,USDT
2023-05-02T15:45:00Z,BTC/USDT,buy,28679.21244000,0.02729734,0.78286621,USDT
2023-05-02T20:15:00Z,BTC/USDT,sell,28646.94936000,0.02729734,0.78198552,USDT
2023-05-03T06:45:00Z,BTC/USDT,buy,28627.15642500,0.02735043,0.78296504,USDT
2023-05-03T09:30:00Z,BTC/USDT,sell,28628.01883000,0.02735043,0.78298863,USDT
2023-05-04T05:45:00Z,BTC/USDT,buy,29159.66254500,0.02684182,0.78269841,USDT
2023-05-04T06:30:00Z,BTC/USDT,sell,29116.34454500,0.02684182,0.78153568,USDT
2023-05-04T10:45:00Z,BTC/USDT,buy,29298.89212500,0.0267127,0.78265252,USDT
2023-05-04T11:30:00Z,BTC/USDT,stop_sell,29151.50766893,0.0267127,0.77871548,USDT
2023-05-05T01:45:00Z,BTC/USDT,buy,29342.22378000,0.02665826,0.78221263,USDT
2023-05-05T02:15:00Z,BTC/USDT,stop_sell,29186.44876107,0.02665826,0.77805994,USDT
2023-05-05T14:45:00Z,BTC/USDT,buy,29365.73553000,0.02662287,0.78180016,USDT
2023-05-05T18:00:00Z,BTC/USDT,sell,29451.76675000,0.02662287,0.78409056,USDT
2023-05-06T00:45:00Z,BTC/USDT,buy,29713.96956000,0.02630549,0.78164053,USDT
2023-05-06T01:00:00Z,BTC/USDT,stop_sell,29562.88473464,0.02630549,0.77766617,USDT
2023-05-07T01:00:00Z,BTC/USDT,buy,28963.86469500,0.02697444,0.78128403,USDT
2023-05-07T01:00:00Z,BTC/USDT,stop_sell,28822.86600054,0.02697444,0.77748067,USDT
2023-05-07T01:30:00Z,BTC/USDT,buy,29096.99122500,0.02684055,0.78097925,USDT
2023-05-07T01:45:00Z,BTC/USDT,stop_sell,28935.46431607,0.02684055,0.77664378,USDT
2023-05-07T14:45:00Z,BTC/USDT,buy,29031.95872500,0.02689021,0.78067547,USDT
2023-05-07T15:30:00Z,BTC/USDT,sell,28927.52900000,0.02689021,0.77786733,USDT
2023-05-09T12:00:00Z,BTC/USDT,buy,27695.75095500,0.02816702,0.78010677,USDT
2023-05-09T13:45:00Z,BTC/USDT,sell,27664.11102500,0.02816702,0.77921557,USDT
2023-05-10T00:30:00Z,BTC/USDT,buy,27791.64888000,0.02806967,0.78010241,USDT
2023-05-10T00:30:00Z,BTC/USDT,stop_sell,27681.25851839,0.02806967,0.77700379,USDT
2023-05-10T12:30:00Z,BTC/USDT,buy,27734.28021000,0.02813423,0.78028262,USDT
2023-05-10T17:15:00Z,BTC/USDT,sell,27853.25640500,0.02813423,0.78362992,USDT
2023-05-12T12:45:00Z,BTC/USDT,buy,26457.79228500,0.02945006,0.77918357,USDT
2023-05-12T13:15:00Z,BTC/USDT,stop_sell,26348.86968893,0.02945006,0.77597579,USDT
2023-05-12T20:00:00Z,BTC/USDT,buy,26483.62519500,0.02944213,0.77973434,USDT
2023-05-13T00:30:00Z,BTC/USDT,sell,26695.85539500,0.02944213,0.78598285,USDT
2023-05-13T12:45:00Z,BTC/USDT,buy,26861.58408000,0.0290229,0.77960107,USDT
2023-05-13T13:30:00Z,BTC/USDT,sell,26811.38760000,0.0290229,0.77814422,USDT
2023-05-13T18:45:00Z,BTC/USDT,buy,26884.83570000,0.02898185,0.77917228,USDT
2023-05-13T18:45:00Z,BTC/USDT,stop_sell,26807.36853911,0.02898185,0.77692713,USDT
2023-05-14T13:00:00Z,BTC/USDT,buy,26887.28692500,0.02897299,0.77900510,USDT
2023-05-14T13:15:00Z,BTC/USDT,stop_sell,26808.52296161,0.02897299,0.77672307,USDT
2023-05-14T14:00:00Z,BTC/USDT,buy,26931.08881500,0.02892318,0.77893273,USDT
2023-05-14T17:00:00Z,BTC/USDT,sell,26941.09271500,0.02892318,0.77922207,USDT
2023-05-15T01:30:00Z,BTC/USDT,buy,27001.02376500,0.02882871,0.77840468,USDT
2023-05-15T08:15:00Z,BTC/USDT,sell,27386.23003500,0.02882871,0.78950968,USDT
2023-05-15T17:15:00Z,BTC/USDT,buy,27625.72596000,0.0282129,0.77940184,USDT
2023-05-15T17:30:00Z,BTC/USDT,stop_sell,27437.92239018,0.0282129,0.77410336,USDT
2023-05-16T07:30:00Z,BTC/USDT,buy,27204.15528000,0.02863233,0.77891835,USDT
2023-05-16T09:30:00Z,BTC/USDT,sell,27172.99670500,0.02863233,0.77802621,USDT
2023-05-17T00:45:00Z,BTC/USDT,buy,27062.03425500,0.02877033,0.77858366,USDT
2023-05-17T02:45:00Z,BTC/USDT,sell,27083.22161500,0.02877033,0.77919322,USDT
2023-05-17T16:45:00Z,BTC/USDT,buy,26878.53255000,0.02896959,0.77866007,USDT
2023-05-17T22:45:00Z,BTC/USDT,sell,27301.88223000,0.02896959,0.79092433,USDT
2023-05-18T08:00:00Z,BTC/USDT,buy,27407.61696000,0.02844274,0.77954772,USDT
2023-05-18T10:30:00Z,BTC/USDT,sell,27350.92769500,0.02844274,0.77793533,USDT
2023-05-18T12:15:00Z,BTC/USDT,buy,27445.47588000,0.028368,0.77857326,USDT
2023-05-18T12:15:00Z,BTC/USDT,stop_sell,27366.52953304,0.028368,0.77633371,USDT
2023-05-19T12:15:00Z,BTC/USDT,buy,26967.89721000,0.02888387,0.77893724,USDT
2023-05-19T13:45:00Z,BTC/USDT,stop_sell,26866.91874911,0.02888387,0.77602059,USDT
2023-05-19T15:45:00Z,BTC/USDT,buy,26960.58355500,0.02887022,0.77835798,USDT
2023-05-19T16:45:00Z,BTC/USDT,sell,26883.01177000,0.02887022,0.77611846,USDT
2023-05-20T08:30:00Z,BTC/USDT,buy,26894.25040500,0.02893572,0.77820450,USDT
2023-05-20T10:45:00Z,BTC/USDT,sell,26870.62796500,0.02893572,0.77752097,USDT
2023-05-20T12:15:00Z,BTC/USDT,buy,26930.79867000,0.02889015,0.77803481,USDT
2023-05-20T13:15:00Z,BTC/USDT,sell,26878.67394000,0.02889015,0.77652892,USDT
2023-05-20T15:00:00Z,BTC/USDT,buy,26937.04179000,0.02887154,0.77771388,USDT
2023-05-20T15:15:00Z,BTC/USDT,sell,26886.12021500,0.02887154,0.77624370,USDT
2023-05-20T17:45:00Z,BTC/USDT,buy,27031.81915500,0.02876291,0.77751378,USDT
2023-05-20T19:15:00Z,BTC/USDT,sell,27007.55946500,0.02876291,0.77681600,USDT
2023-05-21T01:00:00Z,BTC/USDT,buy,27273.58998000,0.02852717,0.77803834,USDT
2023-05-21T01:45:00Z,BTC/USDT,stop_sell,27158.74276411,0.02852717,0.77476207,USDT
2023-05-22T06:30:00Z,BTC/USDT,buy,26916.26140500,0.02886842,0.77702994,USDT
2023-05-22T06:30:00Z,BTC/USDT,stop_sell,26822.27679554,0.02886842,0.77431675,USDT
2023-05-22T13:45:00Z,BTC/USDT,buy,27034.42045500,0.02872797,0.77664402,USDT
2023-05-22T14:00:00Z,BTC/USDT,stop_sell,26910.69470732,0.02872797,0.77308963,USDT
2023-05-23T01:30:00Z,BTC/USDT,buy,26998.12231500,0.02875011,0.77619899,USDT
2023-05-23T06:30:00Z,BTC/USDT,sell,27340.77277500,0.02875011,0.78605022,USDT
2023-05-24T20:30:00Z,BTC/USDT,buy,26435.48113500,0.02938622,0.77683886,USDT
2023-05-24T22:30:00Z,BTC/USDT,sell,26317.83450000,0.02938622,0.77338167,USDT
2023-05-25T12:15:00Z,BTC/USDT,buy,26407.41711000,0.02941221,0.77670050,USDT
2023-05-25T13:30:00Z,BTC/USDT,stop_sell,26291.53230054,0.02941221,0.77329207,USDT
2023-05-25T19:15:00Z,BTC/USDT,buy,26556.73173000,0.02923182,0.77630160,USDT
2023-05-25T21:30:00Z,BTC/USDT,sell,26439.25376000,0.02923182,0.77286751,USDT
2023-05-26T07:45:00Z,BTC/USDT,buy,26478.68272500,0.02929458,0.77568189,USDT
2023-05-26T09:15:00Z,BTC/USDT,sell,26437.24476500,0.02929458,0.77446798,USDT
2023-05-26T13:45:00Z,BTC/USDT,buy,26568.01737000,0.02920064,0.77580311,USDT
2023-05-26T17:45:00Z,BTC/USDT,sell,26732.24719000,0.02920064,0.78059873,USDT
2023-05-27T03:45:00Z,BTC/USDT,buy,26782.87474500,0.02895947,0.77561786,USDT
2023-05-27T05:30:00Z,BTC/USDT,sell,26719.25369000,0.02895947,0.77377543,USDT
2023-05-27T13:30:00Z,BTC/USDT,buy,26784.55558500,0.02895197,0.77546565,USDT
2023-05-27T13:30:00Z,BTC/USDT,stop_sell,26716.49435607,0.02895197,0.77349514,USDT
2023-05-27T18:45:00Z,BTC/USDT,buy,26814.48054000,0.02891381,0.77530880,USDT
2023-05-27T18:45:00Z,BTC/USDT,stop_sell,26727.59094786,0.02891381,0.77279649,USDT
2023-05-27T23:45:00Z,BTC/USDT,buy,26868.39748500,0.02883408,0.77472552,USDT
2023-05-28T00:15:00Z,BTC/USDT,stop_sell,26796.14129839,0.02883408,0.77264208,USDT
2023-05-28T00:45:00Z,BTC/USDT,buy,27021.33391500,0.02866608,0.77459572,USDT
2023-05-28T05:30:00Z,BTC/USDT,sell,27127.55943500,0.02866608,0.77764079,USDT
2023-05-28T16:15:00Z,BTC/USDT,buy,27324.59547000,0.02835033,0.77466130,USDT
2023-05-28T16:15:00Z,BTC/USDT,stop_sell,27230.49151464,0.02835033,0.77199342,USDT
2023-05-28T17:45:00Z,BTC/USDT,buy,27379.88310000,0.02827486,0.77416236,USDT
2023-05-29T01:45:00Z,BTC/USDT,sell,28139.45323500,0.02827486,0.79563910,USDT
2023-05-30T03:30:00Z,BTC/USDT,buy,27878.26216500,0.0278354,0.77600258,USDT
2023-05-30T04:45:00Z,BTC/USDT,sell,27767.16947000,0.0278354,0.77291027,USDT
2023-05-30T10:45:00Z,BTC/USDT,buy,27987.52677000,0.02771251,0.77560462,USDT
2023-05-30T11:00:00Z,BTC/USDT,stop_sell,27871.79427429,0.02771251,0.77239738,USDT
2023-05-31T13:45:00Z,BTC/USDT,buy,27227.11675500,0.02848855,0.77566108,USDT
2023-05-31T14:00:00Z,BTC/USDT,sell,27112.96673500,0.02848855,0.77240911,USDT
2023-05-31T23:00:00Z,BTC/USDT,buy,27200.49345000,0.02848896,0.77491377,USDT
2023-06-01T00:30:00Z,BTC/USDT,stop_sell,27087.55123482,0.02848896,0.77169616,USDT
2023-06-01T09:00:00Z,BTC/USDT,buy,26929.14784500,0.02875824,0.77443490,USDT
2023-06-01T10:15:00Z,BTC/USDT,sell,26871.53751000,0.02875824,0.77277812,USDT
2023-06-01T13:00:00Z,BTC/USDT,buy,26953.30992000,0.02871255,0.77389826,USDT
2023-06-01T13:30:00Z,BTC/USDT,stop_sell,26857.94609482,0.02871255,0.77116012,USDT
2023-06-01T17:00:00Z,BTC/USDT,buy,27102.65455500,0.02854935,0.77376317,USDT
2023-06-01T17:00:00Z,BTC/USDT,stop_sell,26954.51992661,0.02854935,0.76953402,USDT
2023-06-02T19:00:00Z,BTC/USDT,buy,27205.59600000,0.02842954,0.77344258,USDT
2023-06-02T21:00:00Z,BTC/USDT,sell,27153.10665500,0.02842954,0.77195033,USDT
2023-06-03T13:45:00Z,BTC/USDT,buy,27199.86313500,0.02841994,0.77301848,USDT
2023-06-03T15:00:00Z,BTC/USDT,sell,27158.16412500,0.02841994,0.77183339,USDT
2023-06-03T15:30:00Z,BTC/USDT,buy,27251.64901500,0.02836181,0.77290609,USDT
2023-06-03T17:15:00Z,BTC/USDT,sell,27197.01469000,0.02836181,0.77135656,USDT
2023-06-04T22:15:00Z,BTC/USDT,buy,27287.94715500,0.02831888,0.77276410,USDT
2023-06-04T22:15:00Z,BTC/USDT,stop_sell,27206.37750625,0.02831888,0.77045414,USDT
2023-06-04T22:45:00Z,BTC/USDT,buy,27321.44389500,0.02826901,0.77235017,USDT
2023-06-04T23:00:00Z,BTC/USDT,sell,27217.27455500,0.02826901,0.76940541,USDT
2023-06-06T14:15:00Z,BTC/USDT,buy,25936.93198500,0.02976498,0.77201226,USDT
2023-06-07T01:15:00Z,BTC/USDT,sell,27115.54544500,0.02976498,0.80709367,USDT
2023-06-07T12:30:00Z,BTC/USDT,buy,27029.32791000,0.02868838,0.77542763,USDT
2023-06-07T13:30:00Z,BTC/USDT,stop_sell,26836.83594089,0.02868838,0.76990535,USDT
2023-06-08T12:45:00Z,BTC/USDT,buy,26599.63317000,0.02914274,0.77518619,USDT
2023-06-08T13:00:00Z,BTC/USDT,stop_sell,26435.21934964,0.02914274,0.77039472,USDT
2023-06-09T09:00:00Z,BTC/USDT,buy,26622.03436500,0.02904499,0.77323672,USDT
2023-06-09T10:45:00Z,BTC/USDT,sell,26562.31220000,0.02904499,0.77150209,USDT
2023-06-09T12:15:00Z,BTC/USDT,buy,26668.31749500,0.02898479,0.77297558,USDT
2023-06-09T13:45:00Z,BTC/USDT,sell,26627.55956000,0.02898479,0.77179422,USDT
2023-06-10T17:15:00Z,BTC/USDT,buy,25690.93905000,0.03005413,0.77211882,USDT
2023-06-10T18:30:00Z,BTC/USDT,sell,25650.60828000,0.03005413,0.77090672,USDT
2023-06-11T16:30:00Z,BTC/USDT,buy,25857.32220000,0.02987961,0.77260670,USDT
2023-06-11T21:45:00Z,BTC/USDT,sell,26038.47425000,0.02987961,0.77801946,USDT
2023-06-12T09:15:00Z,BTC/USDT,buy,26021.33416500,0.02970497,0.77296295,USDT
2023-06-12T11:00:00Z,BTC/USDT,sell,25966.55023000,0.02970497,0.77133560,USDT
2023-06-13T02:45:00Z,BTC/USDT,buy,26094.00048000,0.02961207,0.77269737,USDT
2023-06-13T04:15:00Z,BTC/USDT,sell,26028.20938500,0.02961207,0.77074916,USDT
2023-06-13T09:00:00Z,BTC/USDT,buy,26208.94792500,0.02948287,0.77271500,USDT
2023-06-13T10:00:00Z,BTC/USDT,sell,26150.74808500,0.02948287,0.77099911,USDT
2023-06-14T00:00:00Z,BTC/USDT,buy,25938.42273000,0.02977696,0.77236738,USDT
2023-06-14T03:30:00Z,BTC/USDT,sell,25983.29185500,0.02977696,0.77370344,USDT
2023-06-14T13:00:00Z,BTC/USDT,buy,26094.68082000,0.02959651,0.77231148,USDT
2023-06-14T13:00:00Z,BTC/USDT,stop_sell,26009.77682018,0.02959651,0.76979862,USDT
2023-06-15T18:45:00Z,BTC/USDT,buy,25197.44242500,0.03063781,0.77199445,USDT
2023-06-15T20:30:00Z,BTC/USDT,sell,25230.72832500,0.03063781,0.77301426,USDT
2023-06-16T15:15:00Z,BTC/USDT,buy,25639.74346500,0.03012387,0.77236830,USDT
2023-06-16T21:30:00Z,BTC/USDT,sell,26313.79652000,0.03012387,0.79267339,USDT
2023-06-17T05:45:00Z,BTC/USDT,buy,26576.93182500,0.0291024,0.77345250,USDT
2023-06-17T07:45:00Z,BTC/USDT,sell,26586.70000000,0.0291024,0.77373678,USDT
2023-06-17T21:00:00Z,BTC/USDT,buy,26569.50811500,0.02912771,0.77390893,USDT
2023-06-17T21:30:00Z,BTC/USDT,sell,26487.21976500,0.02912771,0.77151206,USDT
2023-06-18T16:15:00Z,BTC/USDT,buy,26578.25248500,0.02908528,0.77303592,USDT
2023-06-18T20:15:00Z,BTC/USDT,sell,26530.65803500,0.02908528,0.77165162,USDT
2023-06-19T12:30:00Z,BTC/USDT,buy,26522.42458500,0.02912247,0.77239851,USDT
2023-06-19T14:15:00Z,BTC/USDT,sell,26467.69953000,0.02912247,0.77080479,USDT
2023-06-19T17:15:00Z,BTC/USDT,buy,26606.28649500,0.02903639,0.77255051,USDT
2023-06-19T19:00:00Z,BTC/USDT,sell,26600.69300000,0.02903639,0.77238810,USDT
2023-06-20T00:30:00Z,BTC/USDT,buy,26921.45400000,0.02868419,0.77222010,USDT
2023-06-20T02:00:00Z,BTC/USDT,sell,26882.79188000,0.02868419,0.77111111,USDT
2023-06-20T12:00:00Z,BTC/USDT,buy,26913.77016000,0.02869842,0.77238268,USDT
2023-06-20T13:45:00Z,BTC/USDT,sell,26866.56000000,0.02869842,0.77102782,USDT
2023-06-20T18:00:00Z,BTC/USDT,buy,27742.62438000,0.02780013,0.77124856,USDT
2023-06-20T22:00:00Z,BTC/USDT,sell,27985.38031000,0.02780013,0.77799721,USDT
2023-06-21T01:15:00Z,BTC/USDT,buy,28819.38249000,0.02679653,0.77225945,USDT
2023-06-21T03:15:00Z,BTC/USDT,sell,28769.60800000,0.02679653,0.77092566,USDT
2023-06-21T10:30:00Z,BTC/USDT,buy,29057.52150000,0.02657334,0.77215540,USDT
2023-06-21T10:30:00Z,BTC/USDT,stop_sell,28948.58668018,0.02657334,0.76926064,USDT
2023-06-21T14:00:00Z,BTC/USDT,buy,29316.63099000,0.02632965,0.77189663,USDT
2023-06-21T14:00:00Z,BTC/USDT,stop_sell,29099.71215107,0.02632965,0.76618524,USDT
2023-06-21T14:30:00Z,BTC/USDT,buy,29344.23478500,0.02627755,0.77109460,USDT
2023-06-21T17:15:00Z,BTC/USDT,sell,29936.71415500,0.02627755,0.78666350,USDT
2023-06-22T02:30:00Z,BTC/USDT,buy,30288.46666500,0.02550065,0.77237559,USDT
2023-06-22T04:15:00Z,BTC/USDT,sell,30227.83852000,0.02550065,0.77082953,USDT
2023-06-22T10:45:00Z,BTC/USDT,buy,30288.25656000,0.02549154,0.77209430,USDT
2023-06-22T11:00:00Z,BTC/USDT,stop_sell,30149.40561321,0.02549154,0.76855478,USDT
2023-06-23T10:00:00Z,BTC/USDT,buy,30150.61777500,0.02559717,0.77177049,USDT
2023-06-23T10:15:00Z,BTC/USDT,stop_sell,30040.39907232,0.02559717,0.76894920,USDT
2023-06-23T12:15:00Z,BTC/USDT,buy,30179.19205500,0.02553752,0.77070172,USDT
2023-06-23T12:15:00Z,BTC/USDT,stop_sell,30059.13684161,0.02553752,0.76763581,USDT
2023-06-23T15:00:00Z,BTC/USDT,buy,30277.65126000,0.02546447,0.77100434,USDT
2023-06-23T18:45:00Z,BTC/USDT,sell,30966.50900000,0.02546447,0.78854574,USDT
2023-06-24T12:30:00Z,BTC/USDT,buy,30780.48255000,0.02507623,0.77185846,USDT
2023-06-24T12:45:00Z,BTC/USDT,stop_sell,30698.33208411,0.02507623,0.76979844,USDT
2023-06-25T01:30:00Z,BTC/USDT,buy,30623.40405000,0.02522311,0.77241749,USDT
2023-06-25T06:15:00Z,BTC/USDT,sell,30790.71694000,0.02522311,0.77663764,USDT
2023-06-26T06:45:00Z,BTC/USDT,buy,30335.16000000,0.02545584,0.77220698,USDT
2023-06-26T07:45:00Z,BTC/USDT,sell,30308.94794500,0.02545584,0.77153973,USDT
2023-06-26T13:30:00Z,BTC/USDT,buy,30437.20099500,0.02536363,0.77199790,USDT
2023-06-26T14:30:00Z,BTC/USDT,stop_sell,30309.80537321,0.02536363,0.76876669,USDT
2023-06-27T00:45:00Z,BTC/USDT,buy,30357.86134500,0.02542072,0.77171869,USDT
2023-06-27T04:00:00Z,BTC/USDT,sell,30367.40870000,0.02542072,0.77196139,USDT
2023-06-27T10:15:00Z,BTC/USDT,buy,30640.41255000,0.02517387,0.77133776,USDT
2023-06-27T10:15:00Z,BTC/USDT,stop_sell,30517.74670768,0.02517387,0.76824979,USDT
2023-06-27T11:00:00Z,BTC/USDT,buy,30696.30048000,0.0251216,0.77114018,USDT
2023-06-27T11:15:00Z,BTC/USDT,stop_sell,30541.72185696,0.0251216,0.76725692,USDT
2023-06-27T12:15:00Z,BTC/USDT,buy,30763.78420500,0.02505242,0.77070724,USDT
2023-06-27T13:00:00Z,BTC/USDT,stop_sell,30584.63788821,0.02505242,0.76621919,USDT
2023-06-28T14:45:00Z,BTC/USDT,buy,30475.23000000,0.02527381,0.77022517,USDT
2023-06-28T16:30:00Z,BTC/USDT,sell,30310.84699500,0.02527381,0.76607059,USDT
2023-06-29T09:30:00Z,BTC/USDT,buy,30448.13646000,0.02528133,0.76976939,USDT
2023-06-29T13:00:00Z,BTC/USDT,sell,30609.67750500,0.02528133,0.77385336,USDT
2023-06-30T03:45:00Z,BTC/USDT,buy,30780.38250000,0.02501505,0.76997281,USDT
2023-06-30T05:45:00Z,BTC/USDT,sell,30778.96282000,0.02501505,0.76993729,USDT
2023-06-30T12:00:00Z,BTC/USDT,buy,30940.29241500,0.0248896,0.77009150,USDT
2023-06-30T13:30:00Z,BTC/USDT,stop_sell,30796.44121929,0.0248896,0.76651110,USDT
2023-07-01T10:45:00Z,BTC/USDT,buy,30497.74125000,0.02522725,0.76937414,USDT
2023-07-01T15:15:00Z,BTC/USDT,sell,30539.71250500,0.02522725,0.77043296,USDT
2023-07-01T19:00:00Z,BTC/USDT,buy,30635.32000500,0.0251101,0.76925595,USDT
2023-07-01T19:30:00Z,BTC/USDT,stop_sell,30565.60990696,0.0251101,0.76750552,USDT
2023-07-02T00:30:00Z,BTC/USDT,buy,30649.39704000,0.02509464,0.76913558,USDT
2023-07-02T00:30:00Z,BTC/USDT,stop_sell,30575.37894857,0.02509464,0.76727813,USDT
2023-07-02T12:45:00Z,BTC/USDT,buy,30583.32402000,0.02513998,0.76886415,USDT
2023-07-02T13:00:00Z,BTC/USDT,sell,30529.72750000,0.02513998,0.76751674,USDT
2023-07-02T22:30:00Z,BTC/USDT,buy,30725.34499500,0.02501626,0.76863322,USDT
2023-07-02T22:30:00Z,BTC/USDT,stop_sell,30626.83249464,0.02501626,0.76616880,USDT
2023-07-03T02:15:00Z,BTC/USDT,buy,30745.37500500,0.02499227,0.76839671,USDT
2023-07-03T04:15:00Z,BTC/USDT,sell,30728.89786500,0.02499227,0.76798491,USDT
2023-07-03T14:15:00Z,BTC/USDT,buy,30705.34500000,0.02501502,0.76809482,USDT
2023-07-03T20:45:00Z,BTC/USDT,sell,31154.41500000,0.02501502,0.77932831,USDT
2023-07-06T05:45:00Z,BTC/USDT,buy,30590.28750000,0.02514831,0.76929403,USDT
2023-07-06T11:45:00Z,BTC/USDT,sell,31069.44750500,0.02514831,0.78134410,USDT
2023-07-07T05:30:00Z,BTC/USDT,buy,30210.09750000,0.0254933,0.77015508,USDT
2023-07-07T06:30:00Z,BTC/USDT,sell,30111.05694000,0.0254933,0.76763021,USDT
2023-07-07T13:00:00Z,BTC/USDT,buy,30220.09249500,0.02547909,0.76998046,USDT
2023-07-07T16:30:00Z,BTC/USDT,sell,30329.75753500,0.02547909,0.77277462,USDT
2023-07-07T21:30:00Z,BTC/USDT,buy,30411.64822500,0.02530616,0.76960204,USDT
2023-07-07T21:30:00Z,BTC/USDT,stop_sell,30292.00534911,0.02530616,0.76657433,USDT
2023-07-08T08:45:00Z,BTC/USDT,buy,30325.15500000,0.0253645,0.76918239,USDT
2023-07-08T09:30:00Z,BTC/USDT,sell,30244.86000500,0.0253645,0.76714575,USDT
2023-07-08T16:45:00Z,BTC/USDT,buy,30300.21253500,0.0253679,0.76865276,USDT
2023-07-08T18:00:00Z,BTC/USDT,stop_sell,30223.71736732,0.0253679,0.76671224,USDT
2023-07-09T00:00:00Z,BTC/USDT,buy,30309.11698500,0.025371,0.76897261,USDT
2023-07-09T02:30:00Z,BTC/USDT,sell,30287.88848000,0.025371,0.76843402,USDT
2023-07-10T19:00:00Z,BTC/USDT,buy,30550.23748500,0.02515782,0.76857738,USDT
2023-07-10T21:45:00Z,BTC/USDT,stop_sell,30416.76401000,0.02515782,0.76521947,USDT
2023-07-11T14:45:00Z,BTC/USDT,buy,30563.81427000,0.02514499,0.76852680,USDT
2023-07-11T16:30:00Z,BTC/USDT,sell,30518.07333000,0.02514499,0.76737665,USDT
2023-07-12T06:00:00Z,BTC/USDT,buy,30690.33750000,0.02501134,0.76760647,USDT
2023-07-12T06:15:00Z,BTC/USDT,stop_sell,30611.33489018,0.02501134,0.76563050,USDT
2023-07-12T06:30:00Z,BTC/USDT,buy,30760.38250500,0.02496021,0.76778561,USDT
2023-07-12T08:30:00Z,BTC/USDT,sell,30693.63550500,0.02496021,0.76611959,USDT
2023-07-13T00:30:00Z,BTC/USDT,buy,30385.68525000,0.02525231,0.76730874,USDT
2023-07-13T00:45:00Z,BTC/USDT,sell,30340.38222000,0.02525231,0.76616474,USDT
2023-07-13T09:15:00Z,BTC/USDT,buy,30530.25750000,0.02512571,0.76709440,USDT
2023-07-13T12:30:00Z,BTC/USDT,sell,30514.62505500,0.02512571,0.76670162,USDT
2023-07-13T13:45:00Z,BTC/USDT,buy,30690.30748500,0.02499762,0.76718464,USDT
2023-07-13T14:00:00Z,BTC/USDT,stop_sell,30554.55008250,0.02499762,0.76379103,USDT
2023-07-13T15:30:00Z,BTC/USDT,buy,30804.39450000,0.02488431,0.76654610,USDT
2023-07-13T21:00:00Z,BTC/USDT,sell,31345.97917000,0.02488431,0.78002306,USDT
2023-07-15T07:45:00Z,BTC/USDT,buy,30370.16749500,0.02527529,0.76761479,USDT
2023-07-15T08:15:00Z,BTC/USDT,stop_sell,30286.00977696,0.02527529,0.76548768,USDT
2023-07-16T14:30:00Z,BTC/USDT,buy,30430.19749500,0.02522449,0.76758621,USDT
2023-07-16T14:45:00Z,BTC/USDT,stop_sell,30330.19196054,0.02522449,0.76506362,USDT
2023-07-16T15:15:00Z,BTC/USDT,buy,30420.21250500,0.02520966,0.76688321,USDT
2023-07-16T16:00:00Z,BTC/USDT,sell,30347.68856500,0.02520966,0.76505491,USDT
2023-07-17T15:00:00Z,BTC/USDT,buy,30300.11248500,0.02529949,0.76657739,USDT
2023-07-17T15:15:00Z,BTC/USDT,stop_sell,30163.24975911,0.02529949,0.76311484,USDT
2023-07-19T00:45:00Z,BTC/USDT,buy,30011.74837500,0.02551624,0.76578697,USDT
2023-07-19T06:15:00Z,BTC/USDT,sell,30054.97499500,0.02551624,0.76688996,USDT
2023-07-19T13:45:00Z,BTC/USDT,buy,30053.90944500,0.02548836,0.76602486,USDT
2023-07-19T13:45:00Z,BTC/USDT,stop_sell,29936.76877054,0.02548836,0.76303914,USDT
2023-07-20T05:45:00Z,BTC/USDT,buy,30149.06700000,0.02540109,0.76581916,USDT
2023-07-20T11:00:00Z,BTC/USDT,sell,30284.82001500,0.02540109,0.76926744,USDT
2023-07-21T18:00:00Z,BTC/USDT,buy,29939.58231000,0.02560071,0.76647456,USDT
2023-07-21T19:00:00Z,BTC/USDT,stop_sell,29823.29053804,0.02560071,0.76349741,USDT
2023-07-22T00:45:00Z,BTC/USDT,buy,29960.72287500,0.02555444,0.76562950,USDT
2023-07-22T01:45:00Z,BTC/USDT,sell,29901.04200000,0.02555444,0.76410438,USDT
2023-07-23T05:00:00Z,BTC/USDT,buy,29909.41723500,0.0255895,0.76536703,USDT
2023-07-23T08:30:00Z,BTC/USDT,sell,29887.64870000,0.0255895,0.76480999,USDT
2023-07-23T16:15:00Z,BTC/USDT,buy,29939.97250500,0.02555287,0.76505223,USDT
2023-07-23T19:45:00Z,BTC/USDT,sell,30074.94500500,0.02555287,0.76850116,USDT
2023-07-25T09:45:00Z,BTC/USDT,buy,29229.57748500,0.02618418,0.76535252,USDT
2023-07-25T10:00:00Z,BTC/USDT,sell,29155.40500500,0.02618418,0.76341037,USDT
2023-07-25T13:45:00Z,BTC/USDT,buy,29349.92763000,0.02608093,0.76547341,USDT
2023-07-25T13:45:00Z,BTC/USDT,stop_sell,29239.15168214,0.02608093,0.76258427,USDT
2023-07-26T03:00:00Z,BTC/USDT,buy,29299.64250000,0.02610449,0.76485222,USDT
2023-07-26T03:30:00Z,BTC/USDT,stop_sell,29196.91316911,0.02610449,0.76217053,USDT
2023-07-26T13:15:00Z,BTC/USDT,buy,29279.96266500,0.02609767,0.76413880,USDT
2023-07-26T14:00:00Z,BTC/USDT,stop_sell,29213.15325929,0.02609767,0.76239523,USDT
2023-07-26T18:15:00Z,BTC/USDT,buy,29369.66749500,0.02602006,0.76420051,USDT
2023-07-26T19:00:00Z,BTC/USDT,stop_sell,29258.95034929,0.02602006,0.76131964,USDT
2023-07-26T20:45:00Z,BTC/USDT,buy,29564.77500000,0.0258338,0.76377048,USDT
2023-07-26T22:00:00Z,BTC/USDT,sell,29475.25500000,0.0258338,0.76145784,USDT
2023-07-27T09:30:00Z,BTC/USDT,buy,29529.74749500,0.02585882,0.76360443,USDT
2023-07-27T10:45:00Z,BTC/USDT,sell,29475.26499500,0.02585882,0.76219557,USDT
2023-07-28T14:30:00Z,BTC/USDT,buy,29453.33931000,0.02592108,0.76346236,USDT
2023-07-28T15:30:00Z,BTC/USDT,stop_sell,29344.51897214,0.02592108,0.76064162,USDT
2023-07-29T04:30:00Z,BTC/USDT,buy,29419.71250500,0.02592976,0.76284608,USDT
2023-07-29T05:15:00Z,BTC/USDT,stop_sell,29368.64047679,0.02592976,0.76152180,USDT
2023-07-29T20:15:00Z,BTC/USDT,buy,29364.66499500,0.02597619,0.76278212,USDT
2023-07-29T23:00:00Z,BTC/USDT,sell,29340.28252000,0.02597619,0.76214875,USDT
2023-07-30T12:45:00Z,BTC/USDT,buy,29335.79056500,0.02598678,0.76234274,USDT
2023-07-30T13:45:00Z,BTC/USDT,sell,29286.03965500,0.02598678,0.76104987,USDT
2023-07-30T15:00:00Z,BTC/USDT,buy,29403.16423500,0.02592731,0.76234495,USDT
2023-07-30T15:45:00Z,BTC/USDT,stop_sell,29323.69617446,0.02592731,0.76028456,USDT
2023-07-31T00:45:00Z,BTC/USDT,buy,29484.70498500,0.0258428,0.76196733,USDT
2023-07-31T01:00:00Z,BTC/USDT,stop_sell,29377.95046232,0.0258428,0.75920850,USDT
2023-07-31T12:45:00Z,BTC/USDT,buy,29449.96762500,0.02586171,0.76162652,USDT
2023-07-31T13:30:00Z,BTC/USDT,stop_sell,29381.88956321,0.02586171,0.75986591,USDT
2023-08-01T18:30:00Z,BTC/USDT,buy,29129.54749500,0.02615505,0.76188477,USDT
2023-08-01T21:45:00Z,BTC/USDT,sell,29183.77081500,0.02615505,0.76330298,USDT
2023-08-01T23:15:00Z,BTC/USDT,buy,29398.35183000,0.02589728,0.76133735,USDT
2023-08-02T03:15:00Z,BTC/USDT,sell,29757.47382000,0.02589728,0.77063763,USDT
2023-08-03T02:00:00Z,BTC/USDT,buy,29279.62249500,0.02602878,0.76211285,USDT
2023-08-03T02:15:00Z,BTC/USDT,stop_sell,29184.44012304,0.02602878,0.75963537,USDT
2023-08-03T14:45:00Z,BTC/USDT,buy,29319.64249500,0.02599338,0.76211661,USDT
2023-08-03T15:30:00Z,BTC/USDT,sell,29235.37500000,0.02599338,0.75992621,USDT
2023-08-05T00:45:00Z,BTC/USDT,buy,29199.48244500,0.02608768,0.76174675,USDT
2023-08-05T01:15:00Z,BTC/USDT,stop_sell,29104.98915411,0.02608768,0.75928164,USDT
2023-08-05T22:45:00Z,BTC/USDT,buy,29101.29337500,0.02614818,0.76094586,USDT
2023-08-06T00:00:00Z,BTC/USDT,sell,29050.48749000,0.02614818,0.75961738,USDT
2023-08-06T06:00:00Z,BTC/USDT,buy,29108.54700000,0.02613704,0.76081126,USDT
2023-08-06T06:00:00Z,BTC/USDT,stop_sell,29061.99209196,0.02613704,0.75959445,USDT
2023-08-06T21:00:00Z,BTC/USDT,buy,29139.62253000,0.02609996,0.76054298,USDT
2023-08-06T21:45:00Z,BTC/USDT,stop_sell,29081.42379982,0.02609996,0.75902400,USDT
2023-08-07T03:45:00Z,BTC/USDT,buy,29199.59250000,0.02603908,0.76033053,USDT
2023-08-07T05:30:00Z,BTC/USDT,sell,29142.56143000,0.02603908,0.75884549,USDT
2023-08-07T18:15:00Z,BTC/USDT,buy,29134.53999000,0.02608765,0.76005168,USDT
2023-08-07T19:30:00Z,BTC/USDT,sell,29045.37005000,0.02608765,0.75772545,USDT
2023-08-08T05:15:00Z,BTC/USDT,buy,29263.62450000,0.02596401,0.75980104,USDT
2023-08-08T07:00:00Z,BTC/USDT,sell,29214.71533500,0.02596401,0.75853116,USDT
2023-08-08T11:00:00Z,BTC/USDT,buy,29309.65750500,0.02590327,0.75921597,USDT
2023-08-08T13:45:00Z,BTC/USDT,sell,29365.30000500,0.02590327,0.76065729,USDT
2023-08-08T16:45:00Z,BTC/USDT,buy,29728.22668500,0.02555475,0.75969740,USDT
2023-08-08T21:30:00Z,BTC/USDT,sell,29906.46928500,0.02555475,0.76425235,USDT
2023-08-09T12:00:00Z,BTC/USDT,buy,29895.62034000,0.02540386,0.75946415,USDT
2023-08-09T13:45:00Z,BTC/USDT,sell,29919.51276000,0.02540386,0.76007111,USDT
2023-08-10T13:45:00Z,BTC/USDT,buy,29629.79749500,0.02566276,0.76038238,USDT
2023-08-10T14:30:00Z,BTC/USDT,stop_sell,29509.34544625,0.02566276,0.75729125,USDT
2023-08-10T21:45:00Z,BTC/USDT,buy,29484.74500500,0.02574105,0.75896830,USDT
2023-08-10T22:15:00Z,BTC/USDT,sell,29445.24001500,0.02574105,0.75795140,USDT
2023-08-11T06:45:00Z,BTC/USDT,buy,29479.72249500,0.02575225,0.75916918,USDT
2023-08-11T07:30:00Z,BTC/USDT,sell,29438.01363000,0.02575225,0.75809509,USDT
2023-08-11T14:15:00Z,BTC/USDT,buy,29538.83203500,0.02570164,0.75919643,USDT
2023-08-11T15:00:00Z,BTC/USDT,stop_sell,29439.05096821,0.02570164,0.75663189,USDT
2023-08-12T00:45:00Z,BTC/USDT,buy,29458.37182500,0.02575124,0.75858960,USDT
2023-08-12T01:30:00Z,BTC/USDT,sell,29412.77625500,0.02575124,0.75741546,USDT
2023-08-12T16:15:00Z,BTC/USDT,buy,29481.79353000,0.02572503,0.75842002,USDT
2023-08-12T17:15:00Z,BTC/USDT,sell,29428.14856500,0.02572503,0.75704000,USDT
2023-08-13T00:45:00Z,BTC/USDT,buy,29470.91809500,0.02572666,0.75818829,USDT
2023-08-13T01:30:00Z,BTC/USDT,sell,29426.17955000,0.02572666,0.75703732,USDT
2023-08-13T17:30:00Z,BTC/USDT,buy,29414.67999000,0.02576858,0.75797453,USDT
2023-08-13T20:45:00Z,BTC/USDT,sell,29406.76926000,0.02576858,0.75777069,USDT
2023-08-14T14:30:00Z,BTC/USDT,buy,29464.67497500,0.02572889,0.75809338,USDT
2023-08-14T17:30:00Z,BTC/USDT,sell,29545.21000500,0.02572889,0.76016546,USDT
2023-08-17T06:45:00Z,BTC/USDT,buy,28709.35750500,0.02638926,0.75761870,USDT
2023-08-17T07:15:00Z,BTC/USDT,sell,28650.65750500,0.02638926,0.75606965,USDT
2023-08-19T13:30:00Z,BTC/USDT,buy,25992.86994000,0.02914783,0.75763575,USDT
2023-08-19T14:00:00Z,BTC/USDT,sell,25922.02250500,0.02914783,0.75557071,USDT
2023-08-19T14:30:00Z,BTC/USDT,buy,26033.07003000,0.02907515,0.75691542,USDT
2023-08-19T15:00:00Z,BTC/USDT,stop_sell,25966.01656839,0.02907515,0.75496583,USDT
2023-08-19T15:15:00Z,BTC/USDT,buy,26081.79438000,0.02902081,0.75691480,USDT
2023-08-19T17:15:00Z,BTC/USDT,sell,26116.94499500,0.02902081,0.75793490,USDT
2023-08-20T00:45:00Z,BTC/USDT,buy,26195.03097000,0.02891297,0.75737614,USDT
2023-08-20T01:00:00Z,BTC/USDT,stop_sell,26105.01846125,0.02891297,0.75477362,USDT
2023-08-20T10:45:00Z,BTC/USDT,buy,26148.07750500,0.02892812,0.75641472,USDT
2023-08-20T12:30:00Z,BTC/USDT,sell,26123.69162000,0.02892812,0.75570929,USDT
2023-08-20T20:45:00Z,BTC/USDT,buy,26273.13000000,0.02879475,0.75652821,USDT
2023-08-20T21:00:00Z,BTC/USDT,stop_sell,26184.95525857,0.02879475,0.75398924,USDT
2023-08-21T14:00:00Z,BTC/USDT,buy,26155.94143500,0.02892001,0.75643009,USDT
2023-08-21T14:15:00Z,BTC/USDT,stop_sell,26041.09829446,0.02892001,0.75310882,USDT
2023-08-21T21:45:00Z,BTC/USDT,buy,26233.09999500,0.02882251,0.75610379,USDT
2023-08-21T23:30:00Z,BTC/USDT,sell,26121.95249000,0.02882251,0.75290024,USDT
2023-08-22T07:15:00Z,BTC/USDT,buy,26098.02249000,0.02895708,0.75572253,USDT
2023-08-22T08:45:00Z,BTC/USDT,sell,26059.41377500,0.02895708,0.75460453,USDT
2023-08-23T00:15:00Z,BTC/USDT,buy,26178.02247000,0.02885578,0.75538726,USDT
2023-08-23T03:15:00Z,BTC/USDT,sell,26017.01498500,0.02885578,0.75074126,USDT
2023-08-23T15:30:00Z,BTC/USDT,buy,26137.40217000,0.02887663,0.75476009,USDT
2023-08-23T21:45:00Z,BTC/USDT,sell,26484.35120000,0.02887663,0.76477881,USDT
2023-08-24T09:00:00Z,BTC/USDT,buy,26503.25500500,0.02848548,0.75495794,USDT
2023-08-24T09:30:00Z,BTC/USDT,sell,26466.68004000,0.02848548,0.75391608,USDT
2023-08-25T00:00:00Z,BTC/USDT,buy,26194.14052500,0.02883798,0.75538610,USDT
2023-08-25T01:15:00Z,BTC/USDT,sell,26106.93000500,0.02883798,0.75287113,USDT
2023-08-25T08:30:00Z,BTC/USDT,buy,26113.14004500,0.02890848,0.75489119,USDT
2023-08-25T13:00:00Z,BTC/USDT,sell,26096.77508500,0.02890848,0.75441810,USDT
2023-08-25T13:15:00Z,BTC/USDT,buy,26182.99495500,0.02882515,0.75472876,USDT
2023-08-25T13:45:00Z,BTC/USDT,stop_sell,26114.97205339,0.02882515,0.75276799,USDT
2023-08-26T15:00:00Z,BTC/USDT,buy,26083.85541000,0.02892654,0.75451569,USDT
2023-08-26T16:15:00Z,BTC/USDT,sell,26036.59519000,0.02892654,0.75314861,USDT
2023-08-26T21:30:00Z,BTC/USDT,buy,26062.91494500,0.02893987,0.75425737,USDT
2023-08-26T22:45:00Z,BTC/USDT,sell,26029.39879000,0.02893987,0.75328742,USDT
2023-08-27T05:15:00Z,BTC/USDT,buy,26067.47722500,0.02892589,0.75402498,USDT
2023-08-27T05:30:00Z,BTC/USDT,stop_sell,26021.57270500,0.02892589,0.75269715,USDT
2023-08-27T07:45:00Z,BTC/USDT,buy,26083.02499500,0.02891655,0.75423110,USDT
2023-08-27T11:15:00Z,BTC/USDT,sell,26045.27085000,0.02891655,0.75313938,USDT
2023-08-27T14:15:00Z,BTC/USDT,buy,26145.85639500,0.02882255,0.75359025,USDT
2023-08-27T14:15:00Z,BTC/USDT,stop_sell,26090.98726607,0.02882255,0.75200879,USDT
2023-08-27T14:30:00Z,BTC/USDT,buy,26161.73433000,0.02879703,0.75338025,USDT
2023-08-27T16:00:00Z,BTC/USDT,sell,26115.61566000,0.02879703,0.75205217,USDT
2023-08-28T12:15:00Z,BTC/USDT,buy,26098.38267000,0.02883776,0.75261890,USDT
2023-08-28T16:00:00Z,BTC/USDT,sell,26090.79807500,0.02883776,0.75240017,USDT
2023-08-29T00:15:00Z,BTC/USDT,buy,26144.60577000,0.02880051,0.75297798,USDT
2023-08-29T02:00:00Z,BTC/USDT,sell,26091.46774000,0.02880051,0.75144758,USDT
2023-08-29T14:15:00Z,BTC/USDT,buy,26205.28609500,0.02872559,0.75276230,USDT
2023-08-29T20:00:00Z,BTC/USDT,sell,27816.08500000,0.02872559,0.79903345,USDT
2023-08-30T08:45:00Z,BTC/USDT,buy,27502.38432000,0.02748773,0.75597811,USDT
2023-08-30T09:00:00Z,BTC/USDT,stop_sell,27425.89055196,0.02748773,0.75387547,USDT
2023-08-31T11:30:00Z,BTC/USDT,buy,27323.60497500,0.02767435,0.75616301,USDT
2023-08-31T12:00:00Z,BTC/USDT,stop_sell,27238.92586679,0.02767435,0.75381957,USDT
2023-09-01T02:45:00Z,BTC/USDT,buy,26088.20758500,0.02896792,0.75572111,USDT
2023-09-01T04:30:00Z,BTC/USDT,sell,26036.93502000,0.02896792,0.75423585,USDT
2023-09-01T12:15:00Z,BTC/USDT,buy,26102.04450000,0.02894323,0.75547748,USDT
2023-09-01T12:30:00Z,BTC/USDT,stop_sell,26020.04418393,0.02894323,0.75310412,USDT
2023-09-02T05:30:00Z,BTC/USDT,buy,25847.88748500,0.02922144,0.75531249,USDT
2023-09-02T07:00:00Z,BTC/USDT,sell,25792.09750000,0.02922144,0.75368223,USDT
2023-09-02T13:45:00Z,BTC/USDT,buy,25857.89248500,0.02919478,0.75491548,USDT
2023-09-02T14:30:00Z,BTC/USDT,sell,25796.49530000,0.02919478,0.75312301,USDT
2023-09-02T15:00:00Z,BTC/USDT,buy,25887.46726500,0.02915122,0.75465125,USDT
2023-09-02T16:30:00Z,BTC/USDT,sell,25862.07249500,0.02915122,0.75391096,USDT
2023-09-03T01:15:00Z,BTC/USDT,buy,25907.36721000,0.02912188,0.75447124,USDT
2023-09-03T01:30:00Z,BTC/USDT,stop_sell,25849.79042482,0.02912188,0.75279449,USDT
2023-09-03T06:45:00Z,BTC/USDT,buy,25972.96999500,0.02903852,0.75421661,USDT
2023-09-03T06:45:00Z,BTC/USDT,stop_sell,25910.75278554,0.02903852,0.75240991,USDT
2023-09-03T12:45:00Z,BTC/USDT,buy,26057.97247500,0.02893357,0.75395017,USDT
2023-09-03T12:45:00Z,BTC/USDT,stop_sell,25986.39137589,0.02893357,0.75187907,USDT
2023-09-03T18:45:00Z,BTC/USDT,buy,25982.97499500,0.02901142,0.75380300,USDT
2023-09-03T21:45:00Z,BTC/USDT,sell,25967.32984000,0.02901142,0.75334911,USDT
2023-09-04T17:15:00Z,BTC/USDT,buy,25933.24014000,0.02906319,0.75370269,USDT
2023-09-04T19:15:00Z,BTC/USDT,sell,25872.20742500,0.02906319,0.75192888,USDT
2023-09-05T13:00:00Z,BTC/USDT,buy,25846.15662000,0.02915834,0.75363102,USDT
2023-09-05T13:30:00Z,BTC/USDT,stop_sell,25741.99791946,0.02915834,0.75059393,USDT
2023-09-05T15:15:00Z,BTC/USDT,buy,25839.20314500,0.02913721,0.75288229,USDT
2023-09-05T15:15:00Z,BTC/USDT,stop_sell,25722.70721250,0.02913721,0.74948792,USDT
2023-09-06T03:15:00Z,BTC/USDT,buy,25861.66437000,0.02908476,0.75218030,USDT
2023-09-06T03:15:00Z,BTC/USDT,stop_sell,25805.33587750,0.02908476,0.75054200,USDT
2023-09-06T18:00:00Z,BTC/USDT,buy,25863.79543500,0.02907435,0.75197304,USDT
2023-09-06T18:15:00Z,BTC/USDT,stop_sell,25693.03598411,0.02907435,0.74700832,USDT
2023-09-07T02:30:00Z,BTC/USDT,buy,25805.79645000,0.02912994,0.75172130,USDT
2023-09-07T05:30:00Z,BTC/USDT,sell,25782.08251000,0.02912994,0.75103052,USDT
2023-09-07T21:00:00Z,BTC/USDT,buy,26038.00249500,0.0288856,0.75212332,USDT
2023-09-07T23:30:00Z,BTC/USDT,sell,26181.88251000,0.0288856,0.75627939,USDT
2023-09-09T15:15:00Z,BTC/USDT,buy,25935.06105000,0.02898404,0.75170285,USDT
2023-09-09T15:30:00Z,BTC/USDT,stop_sell,25875.01816179,0.02898404,0.74996256,USDT
2023-09-10T20:00:00Z,BTC/USDT,buy,25827.42726000,0.02909949,0.75156496,USDT
2023-09-10T23:00:00Z,BTC/USDT,sell,25837.48479500,0.02909949,0.75185763,USDT
2023-09-11T05:45:00Z,BTC/USDT,buy,25852.90999500,0.02906222,0.75134296,USDT
2023-09-11T07:15:00Z,BTC/USDT,sell,25792.85712000,0.02906222,0.74959769,USDT
2023-09-12T03:15:00Z,BTC/USDT,buy,25416.01165500,0.02956355,0.75138753,USDT
2023-09-12T05:30:00Z,BTC/USDT,sell,25636.23547000,0.02956355,0.75789813,USDT
2023-09-12T10:30:00Z,BTC/USDT,buy,26253.13000500,0.02862674,0.75154153,USDT
2023-09-12T10:30:00Z,BTC/USDT,stop_sell,26103.94863929,0.02862674,0.74727095,USDT
2023-09-12T16:30:00Z,BTC/USDT,buy,26313.93039000,0.0285526,0.75133113,USDT
2023-09-12T16:45:00Z,BTC/USDT,stop_sell,26125.93228482,0.0285526,0.74596329,USDT
2023-09-13T12:00:00Z,BTC/USDT,buy,26223.35512500,0.02863189,0.75082422,USDT
2023-09-13T12:30:00Z,BTC/USDT,stop_sell,26083.88224893,0.02863189,0.74683085,USDT
2023-09-13T14:45:00Z,BTC/USDT,buy,26279.27307000,0.02851955,0.74947304,USDT
2023-09-13T17:30:00Z,BTC/USDT,sell,26171.92749000,0.02851955,0.74641159,USDT
2023-09-14T01:00:00Z,BTC/USDT,buy,26523.58516500,0.0282664,0.74972627,USDT
2023-09-14T01:00:00Z,BTC/USDT,stop_sell,26412.52356036,0.0282664,0.74658696,USDT
2023-09-14T11:30:00Z,BTC/USDT,buy,26385.28605000,0.02840137,0.74937827,USDT
2023-09-14T15:30:00Z,BTC/USDT,sell,26592.09730000,0.02840137,0.75525199,USDT
2023-09-15T04:45:00Z,BTC/USDT,buy,26633.05987500,0.02814607,0.74961597,USDT
2023-09-15T05:45:00Z,BTC/USDT,sell,26573.79645500,0.02814607,0.74794794,USDT
2023-09-15T22:45:00Z,BTC/USDT,buy,26733.36000000,0.02802787,0.74927914,USDT
2023-09-15T23:45:00Z,BTC/USDT,stop_sell,26630.75439036,0.02802787,0.74640332,USDT
2023-09-16T17:45:00Z,BTC/USDT,buy,26622.74472000,0.02813766,0.74910174,USDT
2023-09-16T17:45:00Z,BTC/USDT,stop_sell,26547.17620036,0.02813766,0.74697542,USDT
2023-09-17T11:45:00Z,BTC/USDT,buy,26623.52511000,0.02812618,0.74881806,USDT
2023-09-17T11:45:00Z,BTC/USDT,stop_sell,26568.40629429,0.02812618,0.74726778,USDT
2023-09-18T00:00:00Z,BTC/USDT,buy,26538.27250500,0.02820711,0.74856797,USDT
2023-09-18T00:30:00Z,BTC/USDT,sell,26470.03836000,0.02820711,0.74664328,USDT
2023-09-18T02:30:00Z,BTC/USDT,buy,26658.39253500,0.02806604,0.74819551,USDT
2023-09-18T04:30:00Z,BTC/USDT,sell,26591.69750000,0.02806604,0.74632365,USDT
2023-09-18T07:30:00Z,BTC/USDT,buy,26748.36750000,0.02796888,0.74812188,USDT
2023-09-18T14:15:00Z,BTC/USDT,sell,27186.40000000,0.02796888,0.76037316,USDT
2023-09-19T08:30:00Z,BTC/USDT,buy,26956.73163000,0.02778906,0.74910223,USDT
2023-09-19T10:30:00Z,BTC/USDT,sell,27096.45499500,0.02778906,0.75298501,USDT
2023-09-19T15:30:00Z,BTC/USDT,buy,27339.04269000,0.02740387,0.74919557,USDT
2023-09-19T17:00:00Z,BTC/USDT,sell,27266.38998500,0.02740387,0.74720461,USDT
2023-09-20T01:15:00Z,BTC/USDT,buy,27275.20078500,0.02745336,0.74879591,USDT
2023-09-20T02:30:00Z,BTC/USDT,sell,27221.32253000,0.02745336,0.74731677,USDT
2023-09-22T00:45:00Z,BTC/USDT,buy,26659.15291500,0.02808799,0.74880202,USDT
2023-09-22T01:00:00Z,BTC/USDT,stop_sell,26558.46805161,0.02808799,0.74597399,USDT
2023-09-22T08:15:00Z,BTC/USDT,buy,26733.34999500,0.02798795,0.74821166,USDT
2023-09-22T09:00:00Z,BTC/USDT,stop_sell,26651.76745000,0.02798795,0.74592833,USDT
2023-09-22T14:45:00Z,BTC/USDT,buy,26676.87177000,0.0280396,0.74800881,USDT
2023-09-22T15:15:00Z,BTC/USDT,sell,26626.66001000,0.0280396,0.74660090,USDT
2023-09-23T17:00:00Z,BTC/USDT,buy,26612.48959500,0.02809497,0.74767710,USDT
2023-09-23T19:15:00Z,BTC/USDT,sell,26590.48810500,0.02809497,0.74705897,USDT
2023-09-24T09:15:00Z,BTC/USDT,buy,26627.30700000,0.02807193,0.74747990,USDT
2023-09-24T09:15:00Z,BTC/USDT,stop_sell,26579.36652571,0.02807193,0.74613412,USDT
2023-09-24T18:00:00Z,BTC/USDT,buy,26698.26246000,0.02800279,0.74762584,USDT
2023-09-24T18:15:00Z,BTC/USDT,stop_sell,26624.25014411,0.02800279,0.74555329,USDT
2023-09-25T13:30:00Z,BTC/USDT,buy,26165.79636000,0.02854905,0.74700863,USDT
2023-09-25T17:30:00Z,BTC/USDT,sell,26236.98494500,0.02854905,0.74904100,USDT
2023-09-26T02:15:00Z,BTC/USDT,buy,26325.11598000,0.02837431,0.74695700,USDT
2023-09-26T04:30:00Z,BTC/USDT,sell,26322.79202000,0.02837431,0.74689106,USDT
2023-09-27T09:45:00Z,BTC/USDT,buy,26328.09747000,0.02838332,0.74727882,USDT
2023-09-27T14:00:00Z,BTC/USDT,sell,26606.66001500,0.02838332,0.75518535,USDT
2023-09-28T00:30:00Z,BTC/USDT,buy,26513.25000000,0.02819066,0.74742602,USDT
2023-09-28T00:30:00Z,BTC/USDT,stop_sell,26420.92114518,0.02819066,0.74482320,USDT
2023-09-28T10:45:00Z,BTC/USDT,buy,26578.28250000,0.02809836,0.74680615,USDT
2023-09-28T11:00:00Z,BTC/USDT,stop_sell,26487.20941304,0.02809836,0.74424715,USDT
2023-09-28T14:00:00Z,BTC/USDT,buy,26594.44057500,0.0280813,0.74680646,USDT
2023-09-28T18:45:00Z,BTC/USDT,sell,27016.48500000,0.0280813,0.75865802,USDT
2023-09-29T07:45:00Z,BTC/USDT,buy,27172.92967500,0.0275289,0.74804086,USDT
2023-09-29T08:15:00Z,BTC/USDT,stop_sell,27065.43872518,0.0275289,0.74508176,USDT
2023-09-30T09:15:00Z,BTC/USDT,buy,26968.46749500,0.0277071,0.74721803,USDT
2023-09-30T11:30:00Z,BTC/USDT,stop_sell,26915.26991857,0.0277071,0.74574408,USDT
2023-10-01T06:15:00Z,BTC/USDT,buy,27091.53900000,0.0275735,0.74700855,USDT
2023-10-01T10:45:00Z,BTC/USDT,sell,27126.41001000,0.0275735,0.74797007,USDT
2023-10-01T22:00:00Z,BTC/USDT,buy,27212.12926500,0.02744825,0.74692533,USDT
2023-10-02T01:15:00Z,BTC/USDT,sell,27846.07000000,0.02744825,0.76432589,USDT
2023-10-02T07:45:00Z,BTC/USDT,buy,28332.00892500,0.02642177,0.74858182,USDT
2023-10-02T09:45:00Z,BTC/USDT,sell,28255.76505000,0.02642177,0.74656733,USDT
2023-10-02T13:45:00Z,BTC/USDT,buy,28419.52266000,0.02632146,0.74804333,USDT
2023-10-02T14:00:00Z,BTC/USDT,stop_sell,28270.84786196,0.02632146,0.74412999,USDT
2023-10-04T08:30:00Z,BTC/USDT,buy,27489.01764000,0.02717989,0.74714848,USDT
2023-10-04T10:30:00Z,BTC/USDT,sell,27531.21750500,0.02717989,0.74829546,USDT
2023-10-04T19:15:00Z,BTC/USDT,buy,27797.51181000,0.02689056,0.74749066,USDT
2023-10-04T19:30:00Z,BTC/USDT,stop_sell,27654.94846571,0.02689056,0.74365705,USDT
2023-10-05T11:00:00Z,BTC/USDT,buy,27749.89801500,0.02691554,0.74690349,USDT
2023-10-05T12:00:00Z,BTC/USDT,stop_sell,27674.67538304,0.02691554,0.74487883,USDT
2023-10-05T13:15:00Z,BTC/USDT,buy,27868.92750000,0.02680533,0.74703580,USDT
2023-10-05T15:00:00Z,BTC/USDT,stop_sell,27755.66094143,0.02680533,0.74399965,USDT
2023-10-06T07:45:00Z,BTC/USDT,buy,27618.80250000,0.02703077,0.74655750,USDT
2023-10-06T11:00:00Z,BTC/USDT,sell,27652.58679000,0.02703077,0.74747071,USDT
2023-10-06T21:45:00Z,BTC/USDT,buy,28088.41719000,0.02656769,0.74624436,USDT
2023-10-06T22:45:00Z,BTC/USDT,stop_sell,27967.42429250,0.02656769,0.74302986,USDT
2023-10-07T09:00:00Z,BTC/USDT,buy,27980.13307500,0.02666817,0.74617895,USDT
2023-10-07T09:30:00Z,BTC/USDT,stop_sell,27907.27009893,0.02666817,0.74423582,USDT
2023-10-07T17:45:00Z,BTC/USDT,buy,27966.55629000,0.026665,0.74572822,USDT
2023-10-07T18:30:00Z,BTC/USDT,sell,27905.04050000,0.026665,0.74408790,USDT
2023-10-08T02:30:00Z,BTC/USDT,buy,28044.01500000,0.02657663,0.74531541,USDT
2023-10-08T02:30:00Z,BTC/USDT,stop_sell,27989.10273357,0.02657663,0.74385603,USDT
2023-10-08T03:30:00Z,BTC/USDT,buy,28096.84140000,0.02652962,0.74539853,USDT
2023-10-08T04:00:00Z,BTC/USDT,stop_sell,28011.61254446,0.02652962,0.74313744,USDT
2023-10-08T20:45:00Z,BTC/USDT,buy,27941.04354000,0.02666095,0.74493476,USDT
2023-10-08T22:00:00Z,BTC/USDT,stop_sell,27866.76036393,0.02666095,0.74295430,USDT
2023-10-10T08:30:00Z,BTC/USDT,buy,27699.76296000,0.02687132,0.74432919,USDT
2023-10-10T09:00:00Z,BTC/USDT,stop_sell,27641.47520571,0.02687132,0.74276293,USDT
2023-10-11T10:00:00Z,BTC/USDT,buy,27293.64000000,0.02726947,0.74428310,USDT
2023-10-11T11:30:00Z,BTC/USDT,stop_sell,27198.51965143,0.02726947,0.74168922,USDT
2023-10-13T06:45:00Z,BTC/USDT,buy,26862.09433500,0.02770048,0.74409291,USDT
2023-10-13T06:45:00Z,BTC/USDT,stop_sell,26799.69202214,0.02770048,0.74236433,USDT
2023-10-13T07:30:00Z,BTC/USDT,buy,26913.27991500,0.02763824,0.74383569,USDT
2023-10-13T07:45:00Z,BTC/USDT,stop_sell,26841.16163411,0.02763824,0.74184247,USDT
2023-10-13T21:00:00Z,BTC/USDT,buy,26993.92021500,0.02754057,0.74342795,USDT
2023-10-13T21:00:00Z,BTC/USDT,stop_sell,26882.36959125,0.02754057,0.74035578,USDT
2023-10-13T21:30:00Z,BTC/USDT,buy,27019.49299500,0.0275119,0.74335759,USDT
2023-10-13T22:30:00Z,BTC/USDT,stop_sell,26861.00742054,0.0275119,0.73899735,USDT
2023-10-14T13:45:00Z,BTC/USDT,buy,26936.15134500,0.0275763,0.74279939,USDT
2023-10-14T14:30:00Z,BTC/USDT,stop_sell,26876.32868464,0.0275763,0.74114970,USDT
2023-10-14T16:00:00Z,BTC/USDT,buy,26957.26189500,0.02754273,0.74247659,USDT
2023-10-14T16:30:00Z,BTC/USDT,stop_sell,26892.69656804,0.02754273,0.74069828,USDT
2023-10-15T06:45:00Z,BTC/USDT,buy,26938.45249500,0.02755218,0.74221309,USDT
2023-10-15T07:00:00Z,BTC/USDT,stop_sell,26889.89225661,0.02755218,0.74087515,USDT
2023-10-15T13:30:00Z,BTC/USDT,buy,26953.24989000,0.02753205,0.74207822,USDT
2023-10-15T13:30:00Z,BTC/USDT,stop_sell,26886.43006000,0.02753205,0.74023854,USDT
2023-10-15T17:30:00Z,BTC/USDT,buy,27008.27739000,0.02746272,0.74172076,USDT
2023-10-15T18:15:00Z,BTC/USDT,stop_sell,26941.20837143,0.02746272,0.73987886,USDT
2023-10-15T18:45:00Z,BTC/USDT,buy,27024.28539000,0.02743498,0.74141073,USDT
2023-10-15T19:45:00Z,BTC/USDT,sell,26966.92979000,0.02743498,0.73983718,USDT
2023-10-15T20:45:00Z,BTC/USDT,buy,27168.56749500,0.027297,0.74162039,USDT
2023-10-15T21:00:00Z,BTC/USDT,stop_sell,27058.80097429,0.027297,0.73862409,USDT
2023-10-16T05:30:00Z,BTC/USDT,buy,27553.94008500,0.02687776,0.74058819,USDT
2023-10-16T09:15:00Z,BTC/USDT,sell,27661.15250500,0.02687776,0.74346982,USDT
2023-10-16T13:00:00Z,BTC/USDT,buy,27864.04506000,0.02657493,0.74048505,USDT
2023-10-16T13:45:00Z,BTC/USDT,stop_sell,27779.76424089,0.02657493,0.73824529,USDT
2023-10-16T20:30:00Z,BTC/USDT,buy,28514.26000500,0.02597531,0.74066674,USDT
2023-10-16T20:45:00Z,BTC/USDT,stop_sell,28342.68763839,0.02597531,0.73621010,USDT
2023-10-17T08:00:00Z,BTC/USDT,buy,28433.38959000,0.02603964,0.74039523,USDT
2023-10-17T12:00:00Z,BTC/USDT,sell,28409.40819000,0.02603964,0.73977076,USDT
2023-10-18T05:00:00Z,BTC/USDT,buy,28756.54108500,0.02574652,0.74038086,USDT
2023-10-18T07:00:00Z,BTC/USDT,stop_sell,28597.39771964,0.02574652,0.73628347,USDT
2023-10-19T01:00:00Z,BTC/USDT,buy,28410.67824000,0.02603288,0.73961178,USDT
2023-10-19T01:30:00Z,BTC/USDT,stop_sell,28321.19910232,0.02603288,0.73728238,USDT
2023-10-19T09:45:00Z,BTC/USDT,buy,28415.21050500,0.02602731,0.73957149,USDT
2023-10-19T12:30:00Z,BTC/USDT,sell,28413.27625500,0.02602731,0.73952115,USDT
2023-10-19T15:00:00Z,BTC/USDT,buy,28714.28997000,0.02574155,0.73915033,USDT
2023-10-19T16:45:00Z,BTC/USDT,sell,28639.71298000,0.02574155,0.73723060,USDT
2023-10-20T02:30:00Z,BTC/USDT,buy,28812.37899000,0.02565241,0.73910696,USDT
2023-10-20T11:45:00Z,BTC/USDT,sell,29611.57680500,0.02565241,0.75960831,USDT
2023-10-20T23:15:00Z,BTC/USDT,buy,29734.71993000,0.02488771,0.74002909,USDT
2023-10-21T00:00:00Z,BTC/USDT,stop_sell,29629.41609518,0.02488771,0.73740832,USDT
2023-10-21T06:45:00Z,BTC/USDT,buy,29651.89854000,0.0249647,0.74025075,USDT
2023-10-21T09:00:00Z,BTC/USDT,sell,29652.32642000,0.0249647,0.74026143,USDT
2023-10-21T10:00:00Z,BTC/USDT,buy,29764.87500000,0.02485996,0.73995360,USDT
2023-10-21T12:15:00Z,BTC/USDT,sell,29716.71421000,0.02485996,0.73875633,USDT
2023-10-21T15:00:00Z,BTC/USDT,buy,29895.87046500,0.02474899,0.73989260,USDT
2023-10-21T15:00:00Z,BTC/USDT,stop_sell,29786.50251268,0.02474899,0.73718585,USDT
2023-10-21T15:45:00Z,BTC/USDT,buy,29898.04155000,0.02473087,0.73940458,USDT
2023-10-21T19:30:00Z,BTC/USDT,sell,30018.63317500,0.02473087,0.74238691,USDT
2023-10-22T06:15:00Z,BTC/USDT,buy,30115.03999500,0.0245573,0.73954407,USDT
2023-10-22T07:00:00Z,BTC/USDT,stop_sell,29998.34510982,0.0245573,0.73667836,USDT
2023-10-22T22:45:00Z,BTC/USDT,buy,29977.95148500,0.02465736,0.73917714,USDT
2023-10-23T00:15:00Z,BTC/USDT,stop_sell,29864.18365268,0.02465736,0.73637193,USDT
2023-10-23T00:45:00Z,BTC/USDT,buy,30025.49524500,0.0246069,0.73883436,USDT
2023-10-23T07:00:00Z,BTC/USDT,sell,30669.54755500,0.0246069,0.75468249,USDT
2023-10-23T16:45:00Z,BTC/USDT,buy,30965.46499500,0.02391907,0.74066512,USDT
2023-10-23T17:30:00Z,BTC/USDT,sell,30879.97229000,0.02391907,0.73862022,USDT
2023-10-23T19:15:00Z,BTC/USDT,buy,31220.60250000,0.02368882,0.73957923,USDT
2023-10-24T04:00:00Z,BTC/USDT,sell,33983.00000000,0.02368882,0.80501717,USDT
2023-10-24T22:00:00Z,BTC/USDT,buy,34117.51023000,0.02181838,0.74438880,USDT
2023-10-24T22:00:00Z,BTC/USDT,stop_sell,33841.74173589,0.02181838,0.73837198,USDT
2023-10-25T09:30:00Z,BTC/USDT,buy,34249.62625500,0.0217181,0.74383681,USDT
2023-10-25T12:00:00Z,BTC/USDT,sell,34179.71159500,0.0217181,0.74231839,USDT
2023-10-25T12:15:00Z,BTC/USDT,buy,34317.15000000,0.02167939,0.74397488,USDT
2023-10-25T16:30:00Z,BTC/USDT,sell,34636.93287000,0.02167939,0.75090758,USDT
2023-10-26T03:45:00Z,BTC/USDT,buy,34786.88475000,0.02139905,0.74440629,USDT
2023-10-26T04:15:00Z,BTC/USDT,sell,34683.54955000,0.02139905,0.74219501,USDT
2023-10-26T23:00:00Z,BTC/USDT,buy,34268.79583500,0.02173311,0.74476751,USDT
2023-10-26T23:45:00Z,BTC/USDT,sell,34162.91000000,0.02173311,0.74246628,USDT
2023-10-27T23:45:00Z,BTC/USDT,buy,33894.87897000,0.02194465,0.74381126,USDT
2023-10-28T01:15:00Z,BTC/USDT,sell,33836.18344500,0.02194465,0.74252320,USDT
2023-10-28T03:00:00Z,BTC/USDT,buy,34047.41520000,0.0218398,0.74358874,USDT
2023-10-28T06:30:00Z,BTC/USDT,sell,34038.01248000,0.0218398,0.74338338,USDT
2023-10-28T11:15:00Z,BTC/USDT,buy,34151.76735000,0.0217691,0.74345324,USDT
2023-10-28T12:15:00Z,BTC/USDT,sell,34116.44324500,0.0217691,0.74268426,USDT
2023-10-29T06:45:00Z,BTC/USDT,buy,34115.63929500,0.02178813,0.74331598,USDT
2023-10-29T11:00:00Z,BTC/USDT,sell,34132.27532500,0.02178813,0.74367845,USDT
2023-10-29T12:15:00Z,BTC/USDT,buy,34304.97391500,0.02166408,0.74318570,USDT
2023-10-29T16:00:00Z,BTC/USDT,sell,34427.77750000,0.02166408,0.74584613,USDT
2023-10-29T17:45:00Z,BTC/USDT,buy,34622.57263500,0.0214524,0.74273728,USDT
2023-10-29T19:30:00Z,BTC/USDT,sell,34527.82745000,0.0214524,0.74070477,USDT
2023-10-29T23:00:00Z,BTC/USDT,buy,34725.21393000,0.02139633,0.74299214,USDT
2023-10-29T23:15:00Z,BTC/USDT,stop_sell,34580.61889821,0.02139633,0.73989833,USDT
2023-10-30T08:45:00Z,BTC/USDT,buy,34397.49015000,0.02158961,0.74262840,USDT
2023-10-30T11:30:00Z,BTC/USDT,sell,34464.38918500,0.02158961,0.74407272,USDT
2023-10-31T11:45:00Z,BTC/USDT,buy,34483.08292500,0.02152909,0.74238940,USDT
2023-10-31T12:30:00Z,BTC/USDT,sell,34394.39420000,0.02152909,0.74048001,USDT
2023-10-31T21:00:00Z,BTC/USDT,buy,34586.33452500,0.02144707,0.74177554,USDT
2023-10-31T21:45:00Z,BTC/USDT,stop_sell,34488.31435929,0.02144707,0.73967329,USDT
2023-11-01T13:00:00Z,BTC/USDT,buy,34717.33999500,0.02137454,0.74206717,USDT
2023-11-01T13:30:00Z,BTC/USDT,stop_sell,34558.42285893,0.02137454,0.73867039,USDT
2023-11-01T20:45:00Z,BTC/USDT,buy,34907.45500500,0.02124086,0.74146436,USDT
2023-11-02T03:45:00Z,BTC/USDT,sell,35572.35492500,0.02124086,0.75558741,USDT
2023-11-03T14:45:00Z,BTC/USDT,buy,34755.00882000,0.02136062,0.74238854,USDT
2023-11-03T16:45:00Z,BTC/USDT,sell,34656.60303000,0.02136062,0.74028653,USDT
2023-11-04T06:15:00Z,BTC/USDT,buy,34893.67812000,0.02127594,0.74239580,USDT
2023-11-04T06:15:00Z,BTC/USDT,stop_sell,34777.58857839,0.02127594,0.73992589,USDT
2023-11-04T20:30:00Z,BTC/USDT,buy,34767.37500000,0.02134426,0.74208389,USDT
2023-11-05T00:15:00Z,BTC/USDT,sell,34935.18367000,0.02134426,0.74566564,USDT
2023-11-05T17:15:00Z,BTC/USDT,buy,35232.55747500,0.02106347,0.74211992,USDT
2023-11-05T17:15:00Z,BTC/USDT,stop_sell,35060.90256482,0.02106347,0.73850427,USDT
2023-11-05T23:15:00Z,BTC/USDT,buy,35186.51446500,0.02108317,0.74184327,USDT
2023-11-06T00:00:00Z,BTC/USDT,stop_sell,34975.80941839,0.02108317,0.73740094,USDT
2023-11-06T09:15:00Z,BTC/USDT,buy,35065.50399000,0.02114242,0.74136961,USDT
2023-11-06T13:15:00Z,BTC/USDT,sell,35060.11117500,0.02114242,0.74125560,USDT
2023-11-07T18:15:00Z,BTC/USDT,buy,35108.89567500,0.02109804,0.74072889,USDT
2023-11-07T22:15:00Z,BTC/USDT,sell,35306.03815000,0.02109804,0.74488821,USDT
2023-11-08T10:30:00Z,BTC/USDT,buy,35402.69250000,0.02094524,0.74151789,USDT
2023-11-08T11:30:00Z,BTC/USDT,sell,35328.98667000,0.02094524,0.73997410,USDT
2023-11-08T14:15:00Z,BTC/USDT,buy,35422.94262000,0.02092741,0.74131044,USDT
2023-11-08T14:30:00Z,BTC/USDT,stop_sell,35300.52769232,0.02092741,0.73874862,USDT
2023-11-08T19:00:00Z,BTC/USDT,buy,35619.82101000,0.0208092,0.74121998,USDT
2023-11-08T20:45:00Z,BTC/USDT,sell,35537.12255000,0.0208092,0.73949909,USDT
2023-11-08T22:30:00Z,BTC/USDT,buy,35827.91500500,0.02067776,0.74084103,USDT
2023-11-09T00:00:00Z,BTC/USDT,sell,35611.11553500,0.02067776,0.73635810,USDT
2023-11-09T02:30:00Z,BTC/USDT,buy,36267.63475500,0.0204081,0.74015352,USDT
2023-11-09T07:45:00Z,BTC/USDT,sell,36550.72549500,0.0204081,0.74593086,USDT
2023-11-09T14:00:00Z,BTC/USDT,buy,37177.70956500,0.01990682,0.74008997,USDT
2023-11-09T15:30:00Z,BTC/USDT,sell,37286.56739000,0.01990682,0.74225699,USDT
2023-11-10T03:00:00Z,BTC/USDT,buy,36869.30544000,0.02007708,0.74022799,USDT
2023-11-10T04:00:00Z,BTC/USDT,sell,36719.63100000,0.02007708,0.73722297,USDT
2023-11-10T11:15:00Z,BTC/USDT,buy,36887.28442500,0.02006427,0.74011643,USDT
2023-11-10T14:00:00Z,BTC/USDT,sell,36952.56447500,0.02006427,0.74142623,USDT
2023-11-10T16:15:00Z,BTC/USDT,buy,37256.07873000,0.01986741,0.74018179,USDT
2023-11-10T17:45:00Z,BTC/USDT,sell,37174.76332000,0.01986741,0.73856626,USDT
2023-11-10T23:00:00Z,BTC/USDT,buy,37360.90111500,0.01979353,0.73950412,USDT
2023-11-11T00:00:00Z,BTC/USDT,sell,37259.59088500,0.01979353,0.73749883,USDT
2023-11-11T13:00:00Z,BTC/USDT,buy,37128.54499500,0.0199215,0.73965631,USDT
2023-11-11T15:15:00Z,BTC/USDT,sell,37106.91726000,0.0199215,0.73922545,USDT
2023-11-12T06:45:00Z,BTC/USDT,buy,37139.12028000,0.01990345,0.73919662,USDT
2023-11-12T08:00:00Z,BTC/USDT,sell,37097.01221500,0.01990345,0.73835853,USDT
2023-11-12T14:30:00Z,BTC/USDT,buy,37145.32338000,0.01989468,0.73899432,USDT
2023-11-12T15:15:00Z,BTC/USDT,sell,37090.40552000,0.01989468,0.73790175,USDT
2023-11-13T01:30:00Z,BTC/USDT,buy,37318.31983500,0.019818,0.73957446,USDT
2023-11-13T02:00:00Z,BTC/USDT,stop_sell,37124.97536929,0.019818,0.73574276,USDT
2023-11-15T11:30:00Z,BTC/USDT,buy,36118.03999500,0.02045204,0.73868760,USDT
2023-11-15T13:15:00Z,BTC/USDT,sell,36092.46474000,0.02045204,0.73816453,USDT
2023-11-15T16:00:00Z,BTC/USDT,buy,36435.99889500,0.02027452,0.73872239,USDT
2023-11-16T00:45:00Z,BTC/USDT,sell,37659.37089500,0.02027452,0.76352567,USDT
2023-11-16T11:30:00Z,BTC/USDT,buy,37530.40582500,0.01972779,0.74039196,USDT
2023-11-16T11:45:00Z,BTC/USDT,sell,37350.35548000,0.01972779,0.73683997,USDT
2023-11-17T00:45:00Z,BTC/USDT,buy,36373.36759500,0.02036773,0.74084293,USDT
2023-11-17T03:15:00Z,BTC/USDT,sell,36348.42669500,0.02036773,0.74033494,USDT
2023-11-17T13:15:00Z,BTC/USDT,buy,36595.22847000,0.02020095,0.73925838,USDT
2023-11-17T13:30:00Z,BTC/USDT,stop_sell,36415.08549179,0.02020095,0.73561932,USDT
2023-11-18T15:30:00Z,BTC/USDT,buy,36567.64468500,0.02022997,0.73976235,USDT
2023-11-18T18:00:00Z,BTC/USDT,sell,36590.84542500,0.02022997,0.74023171,USDT
2023-11-19T06:15:00Z,BTC/USDT,buy,36590.45608500,0.02020749,0.73940128,USDT
2023-11-19T09:15:00Z,BTC/USDT,sell,36580.10080000,0.02020749,0.73919202,USDT
2023-11-19T18:30:00Z,BTC/USDT,buy,36711.13639500,0.02013573,0.73920553,USDT
2023-11-20T00:30:00Z,BTC/USDT,sell,37138.92125000,0.02013573,0.74781929,USDT
2023-11-20T11:00:00Z,BTC/USDT,buy,37315.58847000,0.01982333,0.73971922,USDT
2023-11-20T11:45:00Z,BTC/USDT,sell,37210.18560000,0.01982333,0.73762979,USDT
2023-11-20T15:00:00Z,BTC/USDT,buy,37459.06017000,0.01974127,0.73948942,USDT
2023-11-20T15:30:00Z,BTC/USDT,stop_sell,37203.56034286,0.01974127,0.73444553,USDT
2023-11-20T18:00:00Z,BTC/USDT,buy,37595.52837000,0.01965576,0.73896868,USDT
2023-11-20T20:15:00Z,BTC/USDT,sell,37484.01861500,0.01965576,0.73677687,USDT
2023-11-22T09:45:00Z,BTC/USDT,buy,36699.50058000,0.02012863,0.73871067,USDT
2023-11-22T10:30:00Z,BTC/USDT,sell,36559.50110500,0.02012863,0.73589267,USDT
2023-11-22T18:30:00Z,BTC/USDT,buy,37135.59852000,0.0198824,0.73834482,USDT
2023-11-22T22:30:00Z,BTC/USDT,sell,37481.25000000,0.0198824,0.74521720,USDT
2023-11-23T08:15:00Z,BTC/USDT,buy,37405.67349000,0.01974576,0.73860345,USDT
2023-11-23T10:30:00Z,BTC/USDT,sell,37468.49638000,0.01974576,0.73984394,USDT
2023-11-23T20:15:00Z,BTC/USDT,buy,37312.21678500,0.01979895,0.73874271,USDT
2023-11-23T21:45:00Z,BTC/USDT,sell,37240.17060000,0.01979895,0.73731628,USDT
2023-11-24T01:15:00Z,BTC/USDT,buy,37427.70450000,0.01973443,0.73861441,USDT
2023-11-24T02:00:00Z,BTC/USDT,stop_sell,37297.22705750,0.01973443,0.73603952,USDT
2023-11-24T06:45:00Z,BTC/USDT,buy,37443.05217000,0.01971494,0.73818753,USDT
2023-11-24T06:45:00Z,BTC/USDT,stop_sell,37345.43615518,0.01971494,0.73626303,USDT
2023-11-24T08:00:00Z,BTC/USDT,buy,37550.73598500,0.01966028,0.73825798,USDT
2023-11-24T08:45:00Z,BTC/USDT,stop_sell,37413.31719768,0.01966028,0.73555629,USDT
2023-11-24T09:45:00Z,BTC/USDT,buy,37668.82500000,0.01958068,0.73758121,USDT
2023-11-24T11:00:00Z,BTC/USDT,sell,37567.98661000,0.01958068,0.73560672,USDT
2023-11-24T11:45:00Z,BTC/USDT,buy,37860.52080000,0.01947571,0.73736052,USDT
2023-11-24T13:00:00Z,BTC/USDT,sell,37709.37588000,0.01947571,0.73441687,USDT
2023-11-24T15:15:00Z,BTC/USDT,buy,37948.94499000,0.01942649,0.73721480,USDT
2023-11-24T16:45:00Z,BTC/USDT,stop_sell,37713.32961643,0.01942649,0.73263762,USDT
2023-11-25T16:15:00Z,BTC/USDT,buy,37767.65439000,0.0194957,0.73630686,USDT
2023-11-25T20:45:00Z,BTC/USDT,sell,37792.58425500,0.0194957,0.73679288,USDT
2023-11-26T06:00:00Z,BTC/USDT,buy,37775.99856000,0.01948673,0.73613068,USDT
2023-11-26T06:30:00Z,BTC/USDT,sell,37742.73919000,0.01948673,0.73548257,USDT
2023-11-26T08:45:00Z,BTC/USDT,buy,37803.90250500,0.01946359,0.73579966,USDT
2023-11-26T09:00:00Z,BTC/USDT,stop_sell,37731.72612786,0.01946359,0.73439485,USDT
2023-11-26T21:00:00Z,BTC/USDT,buy,37615.54837500,0.01956669,0.73601177,USDT
2023-11-26T21:15:00Z,BTC/USDT,stop_sell,37460.07773429,0.01956669,0.73296973,USDT
2023-11-26T22:15:00Z,BTC/USDT,buy,37765.78345500,0.01947869,0.73562799,USDT
2023-11-26T23:00:00Z,BTC/USDT,stop_sell,37600.00809125,0.01947869,0.73239890,USDT
2023-11-27T23:15:00Z,BTC/USDT,buy,37152.28686000,0.0197927,0.73534407,USDT
2023-11-28T01:30:00Z,BTC/USDT,sell,37171.17511500,0.0197927,0.73571792,USDT
2023-11-28T11:45:00Z,BTC/USDT,buy,37209.86563500,0.01975825,0.73520183,USDT
2023-11-28T13:15:00Z,BTC/USDT,sell,37139.97072500,0.01975825,0.73382083,USDT
2023-11-28T14:00:00Z,BTC/USDT,buy,37443.81255000,0.01963038,0.73503627,USDT
2023-11-28T21:30:00Z,BTC/USDT,sell,38070.91502000,0.01963038,0.74734653,USDT
2023-11-29T06:45:00Z,BTC/USDT,buy,38115.87841500,0.01929474,0.73543596,USDT
2023-11-29T10:15:00Z,BTC/USDT,sell,38197.20184500,0.01929474,0.73700508,USDT
2023-11-30T02:45:00Z,BTC/USDT,buy,37908.27466500,0.01941027,0.73580985,USDT
2023-11-30T05:15:00Z,BTC/USDT,sell,37949.42579500,0.01941027,0.73660860,USDT
2023-11-30T13:30:00Z,BTC/USDT,buy,37927.30417500,0.01940596,0.73601575,USDT
2023-11-30T13:45:00Z,BTC/USDT,stop_sell,37765.39714107,0.01940596,0.73287379,USDT
2023-12-01T01:30:00Z,BTC/USDT,buy,37868.97502500,0.01940958,0.73502090,USDT
2023-12-01T06:15:00Z,BTC/USDT,sell,38058.33131500,0.01940958,0.73869623,USDT
2023-12-01T09:00:00Z,BTC/USDT,buy,38334.06745500,0.0191931,0.73574959,USDT
2023-12-01T12:15:00Z,BTC/USDT,sell,38538.57107500,0.0191931,0.73967465,USDT
2023-12-01T16:30:00Z,BTC/USDT,buy,38808.44452500,0.01896004,0.73580966,USDT
2023-12-01T16:45:00Z,BTC/USDT,stop_sell,38574.48453786,0.01896004,0.73137377,USDT
2023-12-01T17:00:00Z,BTC/USDT,buy,38837.46903000,0.01893237,0.73528533,USDT
2023-12-01T19:00:00Z,BTC/USDT,sell,38698.03130500,0.01893237,0.73264545,USDT
2023-12-02T14:00:00Z,BTC/USDT,buy,38837.43901500,0.01892397,0.73495853,USDT
2023-12-02T14:45:00Z,BTC/USDT,stop_sell,38738.31900821,0.01892397,0.73308279,USDT
2023-12-02T19:15:00Z,BTC/USDT,buy,39463.64196000,0.01863181,0.73527908,USDT
2023-12-02T19:15:00Z,BTC/USDT,stop_sell,39241.93528839,0.01863181,0.73114828,USDT
2023-12-02T21:45:00Z,BTC/USDT,buy,39573.83703000,0.01856335,0.73462299,USDT
2023-12-02T22:30:00Z,BTC/USDT,sell,39422.80873500,0.01856335,0.73181940,USDT
2023-12-03T10:45:00Z,BTC/USDT,buy,39522.03114000,0.01856915,0.73389052,USDT
2023-12-03T11:30:00Z,BTC/USDT,sell,39451.43441500,0.01856915,0.73257960,USDT
2023-12-03T13:15:00Z,BTC/USDT,buy,39557.16870000,0.01854578,0.73361855,USDT
2023-12-03T15:15:00Z,BTC/USDT,sell,39550.22499500,0.01854578,0.73348977,USDT
2023-12-03T16:00:00Z,BTC/USDT,buy,39794.87749500,0.0184386,0.73376183,USDT
2023-12-03T17:15:00Z,BTC/USDT,sell,39630.17500000,0.0184386,0.73072494,USDT
2023-12-03T22:15:00Z,BTC/USDT,buy,39837.18864000,0.01840468,0.73319071,USDT
2023-12-04T07:45:00Z,BTC/USDT,sell,41436.76125500,0.01840468,0.76263033,USDT
2023-12-04T22:15:00Z,BTC/USDT,buy,42310.13449500,0.01737242,0.73502943,USDT
2023-12-04T22:45:00Z,BTC/USDT,stop_sell,42059.78387357,0.01737242,0.73068023,USDT
2023-12-05T12:45:00Z,BTC/USDT,buy,41815.89750000,0.0175714,0.73476386,USDT
2023-12-05T14:00:00Z,BTC/USDT,sell,41810.85411500,0.0175714,0.73467524,USDT
2023-12-05T14:30:00Z,BTC/USDT,buy,42092.66581500,0.01745761,0.73483734,USDT
2023-12-05T20:30:00Z,BTC/USDT,sell,43515.59132000,0.01745761,0.75967822,USDT
2023-12-07T04:30:00Z,BTC/USDT,buy,44033.72586000,0.01673049,0.73670581,USDT
2023-12-07T06:15:00Z,BTC/USDT,sell,43941.01850000,0.01673049,0.73515477,USDT
2023-12-07T15:15:00Z,BTC/USDT,buy,43594.06614000,0.01689366,0.73646333,USDT
2023-12-07T17:30:00Z,BTC/USDT,sell,43591.87316000,0.01689366,0.73642628,USDT
2023-12-08T11:45:00Z,BTC/USDT,buy,43620.07914000,0.01687049,0.73589211,USDT
2023-12-08T13:45:00Z,BTC/USDT,sell,43569.10455000,0.01687049,0.73503214,USDT
2023-12-08T14:45:00Z,BTC/USDT,buy,43924.01103000,0.01676046,0.73618663,USDT
2023-12-08T16:00:00Z,BTC/USDT,sell,43765.04653000,0.01676046,0.73352231,USDT
2023-12-08T20:45:00Z,BTC/USDT,buy,44223.72081000,0.01664604,0.73614983,USDT
2023-12-08T23:00:00Z,BTC/USDT,sell,44244.97644500,0.01664604,0.73650365,USDT
2023-12-10T08:00:00Z,BTC/USDT,buy,43980.67935000,0.01672273,0.73547703,USDT
2023-12-10T08:15:00Z,BTC/USDT,stop_sell,43869.10126232,0.01672273,0.73361114,USDT
2023-12-10T15:30:00Z,BTC/USDT,buy,43946.95249500,0.01674486,0.73588557,USDT
2023-12-10T16:30:00Z,BTC/USDT,sell,43828.79464000,0.01674486,0.73390703,USDT
2023-12-10T21:15:00Z,BTC/USDT,buy,44021.89995000,0.01671104,0.73565173,USDT
2023-12-10T21:15:00Z,BTC/USDT,stop_sell,43844.57353232,0.01671104,0.73268842,USDT
2023-12-12T01:15:00Z,BTC/USDT,buy,41867.34321000,0.01753775,0.73425900,USDT
2023-12-12T01:30:00Z,BTC/USDT,stop_sell,41604.35527321,0.01753775,0.72964678,USDT
2023-12-12T08:00:00Z,BTC/USDT,buy,41951.75539500,0.01750441,0.73434073,USDT
2023-12-12T09:45:00Z,BTC/USDT,sell,41820.00953500,0.01750441,0.73203459,USDT
2023-12-13T13:15:00Z,BTC/USDT,buy,41346.56295000,0.01775056,0.73392465,USDT
2023-12-13T16:45:00Z,BTC/USDT,sell,41737.87062500,0.01775056,0.74087058,USDT
2023-12-13T19:15:00Z,BTC/USDT,buy,42413.87634000,0.01730852,0.73412143,USDT
2023-12-13T23:45:00Z,BTC/USDT,sell,42826.78589500,0.01730852,0.74126828,USDT
2023-12-14T06:30:00Z,BTC/USDT,buy,43016.24737500,0.0170853,0.73494549,USDT
2023-12-14T06:45:00Z,BTC/USDT,stop_sell,42844.29213750,0.0170853,0.73200758,USDT
2023-12-14T11:45:00Z,BTC/USDT,buy,43216.86763500,0.01700089,0.73472521,USDT
2023-12-14T13:00:00Z,BTC/USDT,stop_sell,42981.61272857,0.01700089,0.73072567,USDT
2023-12-14T17:45:00Z,BTC/USDT,buy,43286.75256000,0.01695173,0.73378534,USDT
2023-12-14T18:45:00Z,BTC/USDT,stop_sell,42914.67692750,0.01695173,0.72747802,USDT
2023-12-15T20:30:00Z,BTC/USDT,buy,42239.10900000,0.01735422,0.73302679,USDT
2023-12-15T22:15:00Z,BTC/USDT,sell,42189.18485500,0.01735422,0.73216040,USDT
2023-12-16T11:30:00Z,BTC/USDT,buy,42273.84636000,0.01733533,0.73283108,USDT
2023-12-16T13:45:00Z,BTC/USDT,sell,42340.96892500,0.01733533,0.73399467,USDT
2023-12-17T17:15:00Z,BTC/USDT,buy,42379.16899500,0.01728347,0.73245910,USDT
2023-12-17T17:45:00Z,BTC/USDT,stop_sell,42152.44073625,0.01728347,0.72854044,USDT
2023-12-18T20:45:00Z,BTC/USDT,buy,41915.42724000,0.01749674,0.73338333,USDT
2023-12-19T04:45:00Z,BTC/USDT,sell,42862.76789500,0.01749674,0.74995871,USDT
2023-12-20T04:30:00Z,BTC/USDT,buy,42618.01836000,0.01721553,0.73369177,USDT
2023-12-20T09:00:00Z,BTC/USDT,sell,42776.58101000,0.01721553,0.73642151,USDT
2023-12-20T13:15:00Z,BTC/USDT,buy,43181.68005000,0.01698859,0.73359586,USDT
2023-12-20T17:00:00Z,BTC/USDT,sell,43625.83617000,0.01698859,0.74114144,USDT
2023-12-21T08:30:00Z,BTC/USDT,buy,43934.85645000,0.01672252,0.73470152,USDT
2023-12-21T08:45:00Z,BTC/USDT,stop_sell,43738.27420857,0.01672252,0.73141417,USDT
2023-12-21T11:00:00Z,BTC/USDT,buy,44002.50025500,0.01668651,0.73424816,USDT
2023-12-21T13:30:00Z,BTC/USDT,sell,43974.66167000,0.01668651,0.73378363,USDT
2023-12-21T21:45:00Z,BTC/USDT,buy,44034.00600000,0.01668243,0.73459422,USDT
2023-12-21T23:45:00Z,BTC/USDT,sell,43809.11448500,0.01668243,0.73084249,USDT
2023-12-22T01:45:00Z,BTC/USDT,buy,44175.73683000,0.01661247,0.73386810,USDT
2023-12-22T02:15:00Z,BTC/USDT,stop_sell,43953.36446679,0.01661247,0.73017395,USDT
2023-12-22T18:30:00Z,BTC/USDT,buy,43909.69387500,0.01670059,0.73331779,USDT
2023-12-22T19:15:00Z,BTC/USDT,stop_sell,43703.07181857,0.01670059,0.72986708,USDT
2023-12-23T12:45:00Z,BTC/USDT,buy,43677.78798000,0.01677201,0.73256430,USDT
2023-12-23T16:15:00Z,BTC/USDT,sell,43703.13750000,0.01677201,0.73298946,USDT
2023-12-24T01:15:00Z,BTC/USDT,buy,43856.41725000,0.0167099,0.73283635,USDT
2023-12-24T01:30:00Z,BTC/USDT,stop_sell,43703.99814089,0.0167099,0.73028944,USDT
2023-12-24T04:15:00Z,BTC/USDT,buy,43947.77290500,0.01666725,0.73248852,USDT
2023-12-24T04:30:00Z,BTC/USDT,sell,43817.28040000,0.01666725,0.73031357,USDT
2023-12-24T14:15:00Z,BTC/USDT,buy,43887.45276000,0.0166851,0.73226654,USDT
2023-12-24T14:45:00Z,BTC/USDT,stop_sell,43730.07937946,0.0166851,0.72964075,USDT
2023-12-25T06:45:00Z,BTC/USDT,buy,43338.54844500,0.01688801,0.73190184,USDT
2023-12-25T07:00:00Z,BTC/USDT,stop_sell,43208.10049946,0.01688801,0.72969883,USDT
2023-12-25T13:00:00Z,BTC/USDT,buy,43652.91555000,0.01675968,0.73160890,USDT
2023-12-25T16:45:00Z,BTC/USDT,sell,43493.76224000,0.01675968,0.72894154,USDT
2023-12-27T06:45:00Z,BTC/USDT,buy,42533.35605000,0.0171858,0.73096975,USDT
2023-12-27T07:15:00Z,BTC/USDT,sell,42407.47565500,0.0171858,0.72880640,USDT
2023-12-27T08:45:00Z,BTC/USDT,buy,42753.74619000,0.01709736,0.73097619,USDT
2023-12-27T12:15:00Z,BTC/USDT,sell,42936.65093500,0.01709736,0.73410338,USDT
2023-12-27T19:00:00Z,BTC/USDT,buy,43172.05524000,0.01692305,0.73060285,USDT
2023-12-27T22:45:00Z,BTC/USDT,sell,43324.22705000,0.01692305,0.73317806,USDT
2023-12-28T23:30:00Z,BTC/USDT,buy,42754.43653500,0.01710255,0.73120989,USDT
2023-12-29T00:00:00Z,BTC/USDT,sell,42580.23923000,0.01710255,0.72823067,USDT
2023-12-29T11:30:00Z,BTC/USDT,buy,42880.83970500,0.01705302,0.73124782,USDT
2023-12-29T13:30:00Z,BTC/USDT,sell,42726.16623000,0.01705302,0.72861017,USDT
2023-12-29T14:45:00Z,BTC/USDT,buy,43059.16882500,0.01697808,0.73106201,USDT
2023-12-29T15:00:00Z,BTC/USDT,stop_sell,42827.34168839,0.01697808,0.72712603,USDT
2023-12-30T14:15:00Z,BTC/USDT,buy,42201.89040000,0.01730006,0.73009524,USDT
2023-12-30T17:15:00Z,BTC/USDT,sell,42277.05090000,0.01730006,0.73139552,USDT
2023-12-31T07:30:00Z,BTC/USDT,buy,42559.75924500,0.01715428,0.73008203,USDT
2023-12-31T08:15:00Z,BTC/USDT,stop_sell,42393.10819946,0.01715428,0.72722325,USDT
2023-12-31T09:15:00Z,BTC/USDT,buy,42649.21395000,0.01711025,0.72973871,USDT
2023-12-31T11:15:00Z,BTC/USDT,sell,42615.80144000,0.01711025,0.72916702,USDT
2023-12-31T17:15:00Z,BTC/USDT,buy,42664.80174000,0.01710397,0.72973749,USDT
2023-12-31T17:30:00Z,BTC/USDT,sell,42482.14830000,0.01710397,0.72661339,USDT
2023-12-31T18:45:00Z,BTC/USDT,buy,42700.11939000,0.01707758,0.72921470,USDT
2023-12-31T20:00:00Z,BTC/USDT,sell,42588.69500000,0.01707758,0.72731185,USDT
2024-01-01T09:30:00Z,BTC/USDT,buy,42614.25648000,0.01710552,0.72893902,USDT
2024-01-01T11:45:00Z,BTC/USDT,sell,42589.50459500,0.01710552,0.72851562,USDT
2024-01-01T15:45:00Z,BTC/USDT,buy,42792.57559500,0.01703225,0.72885385,USDT
2024-01-01T16:15:00Z,BTC/USDT,stop_sell,42621.48074179,0.01703225,0.72593972,USDT
2024-01-01T18:15:00Z,BTC/USDT,buy,43021.48999500,0.01693197,0.72843858,USDT
2024-01-01T22:30:00Z,BTC/USDT,sell,43448.26500000,0.01693197,0.73566472,USDT
2024-01-02T00:15:00Z,BTC/USDT,buy,44384.23102500,0.0164225,0.72890003,USDT
2024-01-02T04:45:00Z,BTC/USDT,sell,45183.85677000,0.0164225,0.74203189,USDT
2024-01-02T07:30:00Z,BTC/USDT,buy,45457.71750000,0.01605521,0.72983320,USDT
2024-01-02T10:30:00Z,BTC/USDT,sell,45621.59779000,0.01605521,0.73246433,USDT
2024-01-04T03:00:00Z,BTC/USDT,buy,43197.64803000,0.01691204,0.73056035,USDT
2024-01-04T06:15:00Z,BTC/USDT,sell,43089.10467000,0.01691204,0.72872466,USDT
2024-01-04T14:45:00Z,BTC/USDT,buy,43418.80855500,0.01679037,0.72901786,USDT
2024-01-04T17:45:00Z,BTC/USDT,sell,43852.18294000,0.01679037,0.73629438,USDT
2024-01-04T19:30:00Z,BTC/USDT,buy,44397.30756000,0.01643291,0.72957696,USDT
2024-01-04T19:30:00Z,BTC/USDT,stop_sell,44106.88374018,0.01643291,0.72480445,USDT
2024-01-05T07:15:00Z,BTC/USDT,buy,43875.76692000,0.01663069,0.72968428,USDT
2024-01-05T10:30:00Z,BTC/USDT,sell,43887.28538000,0.01663069,0.72987584,USDT
2024-01-05T21:00:00Z,BTC/USDT,buy,43959.93898500,0.0165953,0.72952838,USDT
2024-01-05T21:00:00Z,BTC/USDT,stop_sell,43660.83473339,0.0165953,0.72456465,USDT
2024-01-06T14:15:00Z,BTC/USDT,buy,43857.90799500,0.01662832,0.72928333,USDT
2024-01-06T18:15:00Z,BTC/USDT,sell,43878.15994500,0.01662832,0.72962008,USDT
2024-01-06T18:45:00Z,BTC/USDT,buy,44077.94796000,0.01653718,0.72892496,USDT
2024-01-06T19:00:00Z,BTC/USDT,stop_sell,43907.62092143,0.01653718,0.72610823,USDT
2024-01-07T00:45:00Z,BTC/USDT,buy,44166.06199500,0.01649644,0.72858279,USDT
2024-01-07T02:00:00Z,BTC/USDT,sell,43987.64517500,0.01649644,0.72563955,USDT
2024-01-07T13:15:00Z,BTC/USDT,buy,44228.57323500,0.01647575,0.72869892,USDT
2024-01-07T15:30:00Z,BTC/USDT,sell,44162.90750000,0.01647575,0.72761702,USDT
2024-01-08T06:30:00Z,BTC/USDT,buy,44152.06500000,0.0164891,0.72802781,USDT
2024-01-08T06:45:00Z,BTC/USDT,stop_sell,43883.07105964,0.0164891,0.72359235,USDT
2024-01-08T11:45:00Z,BTC/USDT,buy,44273.97592500,0.01644545,0.72810546,USDT
2024-01-08T15:00:00Z,BTC/USDT,sell,44779.11924000,0.01644545,0.73641277,USDT
2024-01-08T18:00:00Z,BTC/USDT,buy,45501.73950000,0.01600168,0.72810427,USDT
2024-01-08T23:45:00Z,BTC/USDT,sell,46817.95931000,0.01600168,0.74916600,USDT
2024-01-09T14:00:00Z,BTC/USDT,buy,46845.08083500,0.01557437,0.72958262,USDT
2024-01-09T14:45:00Z,BTC/USDT,sell,46618.03932000,0.01557437,0.72604659,USDT
2024-01-09T21:15:00Z,BTC/USDT,buy,47446.85157000,0.0153657,0.72905409,USDT
2024-01-09T21:15:00Z,BTC/USDT,stop_sell,47164.56806179,0.0153657,0.72471660,USDT
2024-01-10T17:45:00Z,BTC/USDT,buy,46290.07347000,0.01574439,0.72880897,USDT
2024-01-10T20:00:00Z,BTC/USDT,stop_sell,45748.37793964,0.01574439,0.72028030,USDT
2024-01-10T23:15:00Z,BTC/USDT,buy,47484.73050000,0.01533183,0.72802782,USDT
2024-01-10T23:30:00Z,BTC/USDT,stop_sell,46552.87727446,0.01533183,0.71374080,USDT
2024-01-11T11:00:00Z,BTC/USDT,buy,46889.08282500,0.01549937,0.72675124,USDT
2024-01-11T13:45:00Z,BTC/USDT,sell,46994.47101000,0.01549937,0.72838469,USDT
2024-01-11T14:15:00Z,BTC/USDT,buy,47461.79904000,0.01530879,0.72658271,USDT
2024-01-11T15:30:00Z,BTC/USDT,stop_sell,47114.72335375,0.01530879,0.72126941,USDT
2024-01-13T15:30:00Z,BTC/USDT,buy,43146.56250000,0.01682825,0.72608114,USDT
2024-01-13T16:30:00Z,BTC/USDT,stop_sell,42894.10222000,0.01682825,0.72183268,USDT
2024-01-15T06:00:00Z,BTC/USDT,buy,42699.71919000,0.01699837,0.72582563,USDT
2024-01-15T07:30:00Z,BTC/USDT,sell,42601.45861500,0.01699837,0.72415536,USDT
2024-01-15T14:00:00Z,BTC/USDT,buy,42883.00078500,0.01693339,0.72615458,USDT
2024-01-15T14:00:00Z,BTC/USDT,stop_sell,42649.82263518,0.01693339,0.72220608,USDT
2024-01-15T18:45:00Z,BTC/USDT,buy,43284.21129000,0.01676396,0.72561479,USDT
2024-01-15T18:45:00Z,BTC/USDT,stop_sell,42972.76108518,0.01676396,0.72039365,USDT
2024-01-16T03:30:00Z,BTC/USDT,buy,42823.42101000,0.01691955,0.72455301,USDT
2024-01-16T05:00:00Z,BTC/USDT,sell,42787.89535000,0.01691955,0.72395193,USDT
2024-01-16T09:45:00Z,BTC/USDT,buy,43004.53152000,0.01683544,0.72400021,USDT
2024-01-16T10:30:00Z,BTC/USDT,sell,42853.14271000,0.01683544,0.72145151,USDT
2024-01-17T11:00:00Z,BTC/USDT,buy,42867.70314000,0.01688936,0.72400807,USDT
2024-01-17T11:15:00Z,BTC/USDT,sell,42780.26916500,0.01688936,0.72253137,USDT
2024-01-17T20:45:00Z,BTC/USDT,buy,42761.94028500,0.0169266,0.72381426,USDT
2024-01-17T22:15:00Z,BTC/USDT,stop_sell,42543.78460929,0.0169266,0.72012162,USDT
2024-01-18T05:30:00Z,BTC/USDT,buy,42765.39201000,0.01691611,0.72342408,USDT
2024-01-18T08:45:00Z,BTC/USDT,sell,42791.36361500,0.01691611,0.72386341,USDT
2024-01-19T19:00:00Z,BTC/USDT,buy,41845.49229000,0.01729483,0.72371068,USDT
2024-01-19T21:00:00Z,BTC/USDT,sell,41621.83867000,0.01729483,0.71984262,USDT
2024-01-20T07:45:00Z,BTC/USDT,buy,41737.15815000,0.0173185,0.72282497,USDT
2024-01-20T08:00:00Z,BTC/USDT,stop_sell,41614.62977625,0.0173185,0.72070297,USDT
2024-01-20T19:30:00Z,BTC/USDT,buy,41690.78497500,0.01733569,0.72273852,USDT
2024-01-20T23:30:00Z,BTC/USDT,sell,41769.77466500,0.01733569,0.72410786,USDT
2024-01-21T10:30:00Z,BTC/USDT,buy,41781.61036500,0.01728332,0.72212494,USDT
2024-01-21T11:45:00Z,BTC/USDT,sell,41707.95559000,0.01728332,0.72085194,USDT
2024-01-21T14:15:00Z,BTC/USDT,buy,41880.93000000,0.01724472,0.72222491,USDT
2024-01-21T14:15:00Z,BTC/USDT,stop_sell,41761.89789107,0.01724472,0.72017224,USDT
2024-01-23T02:45:00Z,BTC/USDT,buy,40049.48473500,0.01803093,0.72212946,USDT
2024-01-23T06:15:00Z,BTC/USDT,sell,40010.79459500,0.01803093,0.72143184,USDT
2024-01-23T15:45:00Z,BTC/USDT,buy,39267.82410000,0.01835397,0.72072047,USDT
2024-01-23T16:00:00Z,BTC/USDT,stop_sell,38970.12733179,0.01835397,0.71525655,USDT
2024-01-24T01:00:00Z,BTC/USDT,buy,40155.26760000,0.01796541,0.72140585,USDT
2024-01-24T01:15:00Z,BTC/USDT,stop_sell,39887.00223643,0.01796541,0.71658635,USDT
2024-01-24T07:30:00Z,BTC/USDT,buy,40128.42418500,0.01797102,0.72114871,USDT
2024-01-24T08:15:00Z,BTC/USDT,stop_sell,39914.00515679,0.01797102,0.71729538,USDT
2024-01-24T10:45:00Z,BTC/USDT,buy,40311.34560000,0.01787292,0.72048146,USDT
2024-01-24T11:45:00Z,BTC/USDT,sell,40143.46822500,0.01787292,0.71748100,USDT
2024-01-24T23:15:00Z,BTC/USDT,buy,40023.37168500,0.01800513,0.72062601,USDT
2024-01-25T01:45:00Z,BTC/USDT,sell,39999.51024000,0.01800513,0.72019638,USDT
2024-01-25T11:30:00Z,BTC/USDT,buy,40280.16001500,0.01787419,0.71997523,USDT
2024-01-25T12:15:00Z,BTC/USDT,stop_sell,40094.43703857,0.01787419,0.71665559,USDT
2024-01-26T02:15:00Z,BTC/USDT,buy,40053.20659500,0.01795902,0.71931634,USDT
2024-01-26T05:30:00Z,BTC/USDT,sell,40102.30881500,0.01795902,0.72019817,USDT
2024-01-26T09:30:00Z,BTC/USDT,buy,40194.12702000,0.01790201,0.71955566,USDT
2024-01-26T09:45:00Z,BTC/USDT,stop_sell,40068.95942661,0.01790201,0.71731491,USDT
2024-01-26T10:45:00Z,BTC/USDT,buy,40648.59414000,0.01772965,0.72068535,USDT
2024-01-26T14:00:00Z,BTC/USDT,sell,40971.17416500,0.01772965,0.72640458,USDT
2024-01-26T15:00:00Z,BTC/USDT,buy,41554.12668000,0.01734127,0.72060133,USDT
2024-01-26T20:30:00Z,BTC/USDT,sell,41984.72713500,0.01734127,0.72806849,USDT
2024-01-27T15:45:00Z,BTC/USDT,buy,41839.04907000,0.01721073,0.72008058,USDT
2024-01-27T17:00:00Z,BTC/USDT,sell,41786.55627000,0.01721073,0.71917714,USDT
2024-01-27T19:45:00Z,BTC/USDT,buy,41895.30718500,0.01718469,0.71995787,USDT
2024-01-28T00:30:00Z,BTC/USDT,sell,41950.53424000,0.01718469,0.72090693,USDT
2024-01-28T04:15:00Z,BTC/USDT,buy,42294.13650000,0.0170234,0.71999000,USDT
2024-01-28T06:15:00Z,BTC/USDT,sell,42404.45716500,0.0170234,0.72186804,USDT
2024-01-29T01:30:00Z,BTC/USDT,buy,42130.18456500,0.01708458,0.71977651,USDT
2024-01-29T04:30:00Z,BTC/USDT,sell,42237.75056000,0.01708458,0.72161423,USDT
2024-01-29T16:00:00Z,BTC/USDT,buy,42632.85577500,0.01690214,0.72058650,USDT
2024-01-29T20:00:00Z,BTC/USDT,sell,42968.49500500,0.01690214,0.72625952,USDT
2024-01-29T21:45:00Z,BTC/USDT,buy,43200.10926000,0.01666562,0.71995660,USDT
2024-01-29T23:00:00Z,BTC/USDT,sell,43065.97624000,0.01666562,0.71772119,USDT
2024-01-30T01:15:00Z,BTC/USDT,buy,43416.37734000,0.01658279,0.71996467,USDT
2024-01-30T04:30:00Z,BTC/USDT,sell,43440.69878500,0.01658279,0.72036799,USDT
2024-01-30T12:15:00Z,BTC/USDT,buy,43654.71645000,0.016489,0.71982262,USDT
2024-01-30T12:15:00Z,BTC/USDT,stop_sell,43485.60382125,0.016489,0.71703412,USDT
2024-01-31T15:00:00Z,BTC/USDT,buy,42913.48602000,0.01675787,0.71913862,USDT
2024-01-31T19:00:00Z,BTC/USDT,sell,43521.57832500,0.01675787,0.72932895,USDT
2024-02-01T07:45:00Z,BTC/USDT,buy,42303.13099500,0.01702576,0.72024296,USDT
2024-02-01T08:00:00Z,BTC/USDT,stop_sell,42131.81569679,0.01702576,0.71732618,USDT
2024-02-01T14:30:00Z,BTC/USDT,buy,42406.22251500,0.01697615,0.71989439,USDT
2024-02-01T16:30:00Z,BTC/USDT,sell,42502.66803500,0.01697615,0.72153167,USDT
2024-02-01T17:30:00Z,BTC/USDT,buy,43136.39742000,0.01668916,0.71991024,USDT
2024-02-01T19:15:00Z,BTC/USDT,sell,42878.55000000,0.01668916,0.71560698,USDT
2024-02-02T00:30:00Z,BTC/USDT,buy,43297.51794000,0.01660808,0.71908864,USDT
2024-02-02T01:30:00Z,BTC/USDT,stop_sell,43124.77611107,0.01660808,0.71621973,USDT
2024-02-02T15:45:00Z,BTC/USDT,buy,43189.87414500,0.01663766,0.71857844,USDT
2024-02-02T17:45:00Z,BTC/USDT,sell,43018.68989500,0.01663766,0.71573034,USDT
2024-02-03T00:30:00Z,BTC/USDT,buy,43399.80906000,0.01656147,0.71876464,USDT
2024-02-03T00:45:00Z,BTC/USDT,stop_sell,43235.69812232,0.01656147,0.71604672,USDT
2024-02-03T15:45:00Z,BTC/USDT,buy,43182.95068500,0.01663771,0.71846541,USDT
2024-02-03T18:30:00Z,BTC/USDT,stop_sell,43041.27752411,0.01663771,0.71610829,USDT
2024-02-04T12:15:00Z,BTC/USDT,buy,43088.44345500,0.01665357,0.71757641,USDT
2024-02-04T13:00:00Z,BTC/USDT,stop_sell,42974.72117607,0.01665357,0.71568253,USDT
2024-02-05T04:00:00Z,BTC/USDT,buy,42717.81823500,0.01680496,0.71787123,USDT
2024-02-05T09:30:00Z,BTC/USDT,sell,42961.44853000,0.01680496,0.72196542,USDT
2024-02-05T10:15:00Z,BTC/USDT,buy,43218.27834000,0.0166544,0.71977449,USDT
2024-02-05T12:30:00Z,BTC/USDT,sell,43135.96123000,0.0166544,0.71840355,USDT
2024-02-05T13:30:00Z,BTC/USDT,buy,43418.29830000,0.01653322,0.71784428,USDT
2024-02-05T14:45:00Z,BTC/USDT,sell,43304.47693000,0.01653322,0.71596244,USDT
2024-02-06T02:45:00Z,BTC/USDT,buy,42923.36095500,0.01673117,0.71815805,USDT
2024-02-06T05:00:00Z,BTC/USDT,sell,42802.58800000,0.01673117,0.71613738,USDT
2024-02-06T15:30:00Z,BTC/USDT,buy,43209.99420000,0.01660048,0.71730664,USDT
2024-02-06T18:30:00Z,BTC/USDT,sell,43112.35304000,0.01660048,0.71568575,USDT
2024-02-07T09:45:00Z,BTC/USDT,buy,43156.50747000,0.01661131,0.71688612,USDT
2024-02-07T10:30:00Z,BTC/USDT,stop_sell,43035.76064107,0.01661131,0.71488036,USDT
2024-02-07T17:30:00Z,BTC/USDT,buy,43521.75000000,0.01648396,0.71741079,USDT
2024-02-08T04:00:00Z,BTC/USDT,sell,44528.29471500,0.01648396,0.73400263,USDT
2024-02-08T09:00:00Z,BTC/USDT,buy,44724.64114500,0.01604416,0.71756930,USDT
2024-02-08T09:15:00Z,BTC/USDT,stop_sell,44598.81657929,0.01604416,0.71555055,USDT
2024-02-08T11:15:00Z,BTC/USDT,buy,44885.54155500,0.01599046,0.71774046,USDT
2024-02-08T11:30:00Z,BTC/USDT,stop_sell,44700.14446143,0.01599046,0.71477587,USDT
2024-02-08T14:00:00Z,BTC/USDT,buy,45001.55953500,0.01595797,0.71813354,USDT
2024-02-08T17:00:00Z,BTC/USDT,sell,45069.02421500,0.01595797,0.71921014,USDT
2024-02-09T02:15:00Z,BTC/USDT,buy,45541.61943000,0.01576164,0.71781061,USDT
2024-02-09T05:00:00Z,BTC/USDT,sell,45948.32434500,0.01576164,0.72422095,USDT
2024-02-09T09:00:00Z,BTC/USDT,buy,46637.04687000,0.01539182,0.71782903,USDT
2024-02-09T14:30:00Z,BTC/USDT,sell,46913.62145500,0.01539182,0.72208602,USDT
2024-02-09T18:15:00Z,BTC/USDT,buy,47792.02407000,0.01502521,0.71808520,USDT
2024-02-09T19:00:00Z,BTC/USDT,sell,47576.14003000,0.01502521,0.71484149,USDT
2024-02-10T19:15:00Z,BTC/USDT,buy,47373.67500000,0.01514897,0.71766238,USDT
2024-02-10T22:30:00Z,BTC/USDT,sell,47631.36240500,0.01514897,0.72156608,USDT
2024-02-11T03:30:00Z,BTC/USDT,buy,48082.09903500,0.01493712,0.71820808,USDT
2024-02-11T06:30:00Z,BTC/USDT,sell,48141.07742000,0.01493712,0.71908905,USDT
2024-02-11T11:30:00Z,BTC/USDT,buy,48391.53367500,0.01483201,0.71774371,USDT
2024-02-11T11:45:00Z,BTC/USDT,stop_sell,48206.76170429,0.01483201,0.71500317,USDT
2024-02-12T00:30:00Z,BTC/USDT,buy,48693.83475000,0.01473307,0.71740968,USDT
2024-02-12T01:00:00Z,BTC/USDT,stop_sell,48466.39360911,0.01473307,0.71405877,USDT
2024-02-12T14:45:00Z,BTC/USDT,buy,48535.45560000,0.01477327,0.71702739,USDT
2024-02-12T19:45:00Z,BTC/USDT,sell,49719.03804500,0.01477327,0.73451277,USDT
2024-02-12T21:00:00Z,BTC/USDT,buy,50157.81637500,0.0143243,0.71847561,USDT
2024-02-12T22:00:00Z,BTC/USDT,sell,49898.99802000,0.0143243,0.71476822,USDT
2024-02-14T09:00:00Z,BTC/USDT,buy,50636.34552000,0.01417759,0.71790135,USDT
2024-02-14T15:15:00Z,BTC/USDT,sell,51476.23900500,0.01417759,0.72980901,USDT
2024-02-14T15:30:00Z,BTC/USDT,buy,51875.80494000,0.01384375,0.71815567,USDT
2024-02-14T16:00:00Z,BTC/USDT,sell,51532.00111000,0.01384375,0.71339614,USDT
2024-02-14T23:15:00Z,BTC/USDT,buy,51809.70190500,0.01385842,0.71800061,USDT
2024-02-15T01:30:00Z,BTC/USDT,sell,51920.69666500,0.01385842,0.71953882,USDT
2024-02-15T12:30:00Z,BTC/USDT,buy,52367.43063000,0.01372018,0.71849057,USDT
2024-02-15T13:15:00Z,BTC/USDT,sell,52287.91296500,0.01372018,0.71739958,USDT
2024-02-15T14:45:00Z,BTC/USDT,buy,52672.19293500,0.01363236,0.71804630,USDT
2024-02-15T15:00:00Z,BTC/USDT,stop_sell,52342.72340321,0.01363236,0.71355485,USDT
2024-02-16T03:45:00Z,BTC/USDT,buy,52203.79885500,0.01373815,0.71718362,USDT
2024-02-16T05:00:00Z,BTC/USDT,sell,52143.60515500,0.01373815,0.71635667,USDT
2024-02-16T11:00:00Z,BTC/USDT,buy,52303.90888500,0.01371671,0.71743755,USDT
2024-02-16T14:15:00Z,BTC/USDT,sell,52195.82903000,0.01371671,0.71595505,USDT
2024-02-17T21:30:00Z,BTC/USDT,buy,51879.01654500,0.01382726,0.71734465,USDT
2024-02-17T22:30:00Z,BTC/USDT,stop_sell,51669.65760446,0.01382726,0.71444979,USDT
2024-02-18T09:15:00Z,BTC/USDT,buy,51925.95000000,0.01381299,0.71725263,USDT
2024-02-18T11:15:00Z,BTC/USDT,sell,51741.91610000,0.01381299,0.71471057,USDT
2024-02-18T22:15:00Z,BTC/USDT,buy,52148.92143000,0.01374013,0.71653296,USDT
2024-02-19T01:15:00Z,BTC/USDT,sell,52092.53070500,0.01374013,0.71575814,USDT
2024-02-19T06:30:00Z,BTC/USDT,buy,52313.13349500,0.01369457,0.71640587,USDT
2024-02-19T08:45:00Z,BTC/USDT,sell,52161.88601000,0.01369457,0.71433460,USDT
2024-02-20T11:15:00Z,BTC/USDT,buy,52328.92138500,0.01370119,0.71696849,USDT
2024-02-20T13:00:00Z,BTC/USDT,sell,52138.32779500,0.01370119,0.71435714,USDT
2024-02-20T13:45:00Z,BTC/USDT,buy,52876.41499500,0.0135484,0.71639082,USDT
2024-02-20T14:00:00Z,BTC/USDT,stop_sell,52552.47597446,0.0135484,0.71200197,USDT
2024-02-20T20:45:00Z,BTC/USDT,buy,52197.78585000,0.01371623,0.71595684,USDT
2024-02-21T01:00:00Z,BTC/USDT,sell,52138.80755500,0.01371623,0.71514788,USDT
2024-02-21T22:00:00Z,BTC/USDT,buy,51395.92512000,0.01391266,0.71505403,USDT
2024-02-22T00:45:00Z,BTC/USDT,sell,51555.71924500,0.01391266,0.71727719,USDT
2024-02-22T10:00:00Z,BTC/USDT,buy,51948.33118500,0.01375752,0.71468021,USDT
2024-02-22T10:30:00Z,BTC/USDT,stop_sell,51761.61053357,0.01375752,0.71211139,USDT
2024-02-22T20:30:00Z,BTC/USDT,buy,51900.34720500,0.01377819,0.71509284,USDT
2024-02-22T21:15:00Z,BTC/USDT,stop_sell,51649.45628161,0.01377819,0.71163602,USDT
2024-02-24T16:45:00Z,BTC/USDT,buy,51224.38939500,0.0139529,0.71472878,USDT
2024-02-24T19:00:00Z,BTC/USDT,sell,51405.28450000,0.0139529,0.71725279,USDT
2024-02-25T02:00:00Z,BTC/USDT,buy,51684.94956000,0.0138243,0.71450825,USDT
2024-02-25T03:00:00Z,BTC/USDT,sell,51547.49336000,0.0138243,0.71260801,USDT
2024-02-25T20:15:00Z,BTC/USDT,buy,51856.59534000,0.01376143,0.71362091,USDT
2024-02-25T20:45:00Z,BTC/USDT,stop_sell,51724.13713679,0.01376143,0.71179809,USDT
2024-02-26T14:45:00Z,BTC/USDT,buy,51559.34679000,0.01384923,0.71405725,USDT
2024-02-27T00:00:00Z,BTC/USDT,sell,54419.86645500,0.01384923,0.75367325,USDT
2024-02-27T00:30:00Z,BTC/USDT,buy,54636.61465500,0.01312371,0.71703509,USDT
2024-02-27T00:45:00Z,BTC/USDT,sell,54465.20377500,0.01312371,0.71478554,USDT
2024-02-27T01:45:00Z,BTC/USDT,buy,55015.49400000,0.01302798,0.71674076,USDT
2024-02-27T04:00:00Z,BTC/USDT,sell,55572.20000000,0.01302798,0.72399351,USDT
2024-02-27T09:45:00Z,BTC/USDT,buy,56628.30000000,0.01266515,0.71720591,USDT
2024-02-27T11:45:00Z,BTC/USDT,sell,56385.43318000,0.01266515,0.71412997,USDT
2024-02-27T12:30:00Z,BTC/USDT,buy,56911.52154000,0.01259578,0.71684500,USDT
2024-02-27T13:00:00Z,BTC/USDT,sell,56732.71945000,0.01259578,0.71459285,USDT
2024-02-28T05:15:00Z,BTC/USDT,buy,57127.03924500,0.0125431,0.71655017,USDT
2024-02-28T12:00:00Z,BTC/USDT,sell,58952.90880000,0.0125431,0.73945223,USDT
2024-02-28T13:15:00Z,BTC/USDT,buy,59855.73291000,0.01201115,0.71893619,USDT
2024-02-28T17:30:00Z,BTC/USDT,stop_sell,59357.47784286,0.01201115,0.71295157,USDT
2024-02-28T23:45:00Z,BTC/USDT,buy,62594.83177500,0.01146537,0.71767291,USDT
2024-02-29T00:00:00Z,BTC/USDT,stop_sell,61793.22793000,0.01146537,0.70848222,USDT
2024-02-29T06:15:00Z,BTC/USDT,buy,62927.05780500,0.01139075,0.71678638,USDT
2024-02-29T07:30:00Z,BTC/USDT,stop_sell,62352.70376643,0.01139075,0.71024406,USDT
2024-02-29T14:30:00Z,BTC/USDT,buy,63258.86362500,0.01132182,0.71620547,USDT
2024-02-29T15:00:00Z,BTC/USDT,stop_sell,62626.06023411,0.01132182,0.70904098,USDT
2024-03-01T08:45:00Z,BTC/USDT,buy,62211.60025500,0.01149985,0.71542407,USDT
2024-03-01T11:00:00Z,BTC/USDT,sell,61937.03599000,0.01149985,0.71226662,USDT
2024-03-01T12:45:00Z,BTC/USDT,buy,62454.91185000,0.01144696,0.71491888,USDT
2024-03-01T14:30:00Z,BTC/USDT,stop_sell,62135.28895679,0.01144696,0.71126017,USDT
2024-03-01T21:00:00Z,BTC/USDT,buy,62836.27243500,0.01137302,0.71463818,USDT
2024-03-01T21:00:00Z,BTC/USDT,stop_sell,62449.37433554,0.01137302,0.71023798,USDT
2024-03-02T19:15:00Z,BTC/USDT,buy,61980.96499500,0.01152382,0.71425748,USDT
2024-03-02T20:15:00Z,BTC/USDT,sell,61793.61773500,0.01152382,0.71209853,USDT
2024-03-02T22:30:00Z,BTC/USDT,buy,62037.15307500,0.0115099,0.71404143,USDT
2024-03-02T22:45:00Z,BTC/USDT,stop_sell,61825.61065911,0.0115099,0.71160660,USDT
2024-03-03T12:15:00Z,BTC/USDT,buy,62214.15153000,0.01147435,0.71386695,USDT
2024-03-03T15:00:00Z,BTC/USDT,sell,62093.76758500,0.01147435,0.71248562,USDT
2024-03-03T16:45:00Z,BTC/USDT,buy,62531.22999000,0.01140929,0.71343694,USDT
2024-03-03T20:15:00Z,BTC/USDT,sell,62468.75000000,0.01140929,0.71272408,USDT
2024-03-03T22:30:00Z,BTC/USDT,buy,63031.50000000,0.01131602,0.71326571,USDT
2024-03-03T22:45:00Z,BTC/USDT,stop_sell,62730.81854304,0.01131602,0.70986320,USDT
2024-03-04T00:00:00Z,BTC/USDT,buy,63100.42444500,0.01129754,0.71287957,USDT
2024-03-04T00:45:00Z,BTC/USDT,stop_sell,62783.00993429,0.01129754,0.70929357,USDT
2024-03-04T07:45:00Z,BTC/USDT,buy,63957.04254000,0.0111304,0.71186747,USDT
2024-03-04T11:30:00Z,BTC/USDT,sell,64837.02527000,0.0111304,0.72166203,USDT
2024-03-04T14:45:00Z,BTC/USDT,buy,66239.80335000,0.01078079,0.71411741,USDT
2024-03-04T18:15:00Z,BTC/USDT,sell,66635.35565500,0.01078079,0.71838178,USDT
2024-03-04T23:15:00Z,BTC/USDT,buy,68184.07500000,0.01046248,0.71337452,USDT
2024-03-04T23:30:00Z,BTC/USDT,stop_sell,67577.74779464,0.01046248,0.70703083,USDT
2024-03-05T00:00:00Z,BTC/USDT,buy,68083.94496000,0.01045299,0.71168080,USDT
2024-03-05T00:30:00Z,BTC/USDT,stop_sell,67505.19087696,0.01045299,0.70563109,USDT
2024-03-05T02:00:00Z,BTC/USDT,buy,68407.48665000,0.01042044,0.71283611,USDT
2024-03-05T02:15:00Z,BTC/USDT,sell,67966.00000000,0.01042044,0.70823563,USDT
2024-03-05T13:15:00Z,BTC/USDT,buy,67533.75000000,0.01053804,0.71167336,USDT
2024-03-05T15:30:00Z,BTC/USDT,sell,67166.41999000,0.01053804,0.70780242,USDT
2024-03-06T05:00:00Z,BTC/USDT,buy,64615.40155500,0.01100774,0.71126954,USDT
2024-03-06T10:00:00Z,BTC/USDT,sell,66129.74858500,0.01100774,0.72793908,USDT
2024-03-07T08:00:00Z,BTC/USDT,buy,66399.49315500,0.01073118,0.71254491,USDT
2024-03-07T11:30:00Z,BTC/USDT,sell,66727.89936000,0.01073118,0.71606910,USDT
2024-03-07T14:30:00Z,BTC/USDT,buy,67282.90464000,0.01059165,0.71263698,USDT
2024-03-07T14:30:00Z,BTC/USDT,stop_sell,66841.97372286,0.01059165,0.70796679,USDT
2024-03-08T07:00:00Z,BTC/USDT,buy,67600.49335500,0.01053316,0.71204681,USDT
2024-03-08T07:45:00Z,BTC/USDT,stop_sell,67302.10318589,0.01053316,0.70890382,USDT
2024-03-08T14:00:00Z,BTC/USDT,buy,67764.64539000,0.01049097,0.71091686,USDT
2024-03-08T15:30:00Z,BTC/USDT,stop_sell,67466.57947804,0.01049097,0.70778986,USDT
2024-03-09T07:00:00Z,BTC/USDT,buy,68440.71325500,0.01038372,0.71066920,USDT
2024-03-09T07:45:00Z,BTC/USDT,stop_sell,68267.02833911,0.01038372,0.70886571,USDT
2024-03-09T13:00:00Z,BTC/USDT,buy,68496.02089500,0.01037856,0.71089006,USDT
2024-03-09T13:30:00Z,BTC/USDT,stop_sell,68237.16006643,0.01037856,0.70820346,USDT
2024-03-10T01:15:00Z,BTC/USDT,buy,68918.67211500,0.01031409,0.71083339,USDT
2024-03-10T01:30:00Z,BTC/USDT,stop_sell,68642.01111107,0.01031409,0.70797988,USDT
2024-03-10T02:15:00Z,BTC/USDT,buy,68996.09080500,0.01029184,0.71009673,USDT
2024-03-10T02:45:00Z,BTC/USDT,stop_sell,68666.14475250,0.01029184,0.70670098,USDT
2024-03-10T04:15:00Z,BTC/USDT,buy,69477.40134000,0.01021226,0.70952129,USDT
2024-03-10T06:30:00Z,BTC/USDT,sell,69117.15413500,0.01021226,0.70584235,USDT
2024-03-10T09:45:00Z,BTC/USDT,buy,69720.85300500,0.01018118,0.70984055,USDT
2024-03-10T11:30:00Z,BTC/USDT,sell,69589.92763000,0.01018118,0.70850758,USDT
2024-03-11T07:00:00Z,BTC/USDT,buy,69324.73504500,0.01023413,0.70947835,USDT
2024-03-11T12:00:00Z,BTC/USDT,sell,71420.60183500,0.01023413,0.73092772,USDT
2024-03-11T15:15:00Z,BTC/USDT,buy,72420.34207500,0.00981442,0.71076365,USDT
2024-03-11T16:00:00Z,BTC/USDT,sell,72045.94900500,0.00981442,0.70708920,USDT
2024-03-12T12:45:00Z,BTC/USDT,buy,72169.16655000,0.00984732,0.71067288,USDT
2024-03-12T13:45:00Z,BTC/USDT,sell,71802.53077500,0.00984732,0.70706250,USDT
2024-03-13T01:45:00Z,BTC/USDT,buy,71917.46076000,0.00987618,0.71026979,USDT
2024-03-13T10:45:00Z,BTC/USDT,sell,73122.70036000,0.00987618,0.72217295,USDT
2024-03-13T20:00:00Z,BTC/USDT,buy,73352.31783000,0.00969442,0.71110818,USDT
2024-03-13T20:30:00Z,BTC/USDT,stop_sell,72918.75488375,0.00969442,0.70690504,USDT
2024-03-14T04:15:00Z,BTC/USDT,buy,73436.70000000,0.00967715,0.71065796,USDT
2024-03-14T04:30:00Z,BTC/USDT,stop_sell,73080.79703643,0.00967715,0.70721384,USDT
2024-03-15T14:00:00Z,BTC/USDT,buy,68534.15995500,0.01036233,0.71017358,USDT
2024-03-15T16:00:00Z,BTC/USDT,sell,68109.98797000,0.01036233,0.70577817,USDT
2024-03-15T18:45:00Z,BTC/USDT,buy,69239.76258000,0.01025139,0.70980381,USDT
2024-03-15T19:45:00Z,BTC/USDT,stop_sell,68569.07652518,0.01025139,0.70292835,USDT
2024-03-16T08:00:00Z,BTC/USDT,buy,69453.00915000,0.01021018,0.70912772,USDT
2024-03-16T08:15:00Z,BTC/USDT,stop_sell,69082.69387375,0.01021018,0.70534674,USDT
2024-03-17T05:15:00Z,BTC/USDT,buy,66449.52816000,0.01065709,0.70815860,USDT
2024-03-17T05:30:00Z,BTC/USDT,stop_sell,66087.98090786,0.01065709,0.70430556,USDT
2024-03-17T22:45:00Z,BTC/USDT,buy,68802.13387500,0.01029479,0.70830352,USDT
2024-03-17T22:45:00Z,BTC/USDT,stop_sell,68429.74229857,0.01029479,0.70446983,USDT
2024-03-18T13:00:00Z,BTC/USDT,buy,68581.34353500,0.0103253,0.70812295,USDT
2024-03-18T13:15:00Z,BTC/USDT,stop_sell,68148.07605929,0.0103253,0.70364933,USDT
2024-03-19T17:15:00Z,BTC/USDT,buy,65477.21224500,0.01080716,0.70762271,USDT
2024-03-19T18:00:00Z,BTC/USDT,stop_sell,64561.89861643,0.01080716,0.69773077,USDT
2024-03-20T12:30:00Z,BTC/USDT,buy,64087.20759000,0.01103376,0.70712287,USDT
2024-03-20T13:15:00Z,BTC/USDT,sell,63574.50684500,0.01103376,0.70146585,USDT
2024-03-20T19:00:00Z,BTC/USDT,buy,65222.76508500,0.0107815,0.70319924,USDT
2024-03-21T00:30:00Z,BTC/USDT,sell,67523.15153500,0.0107815,0.72800086,USDT
2024-03-22T06:15:00Z,BTC/USDT,buy,66479.03290500,0.01064761,0.70784282,USDT
2024-03-22T07:30:00Z,BTC/USDT,sell,66256.71507000,0.01064761,0.70547566,USDT
2024-03-23T07:15:00Z,BTC/USDT,buy,64523.24550000,0.01096548,0.70752836,USDT
2024-03-23T09:15:00Z,BTC/USDT,sell,64259.81402000,0.01096548,0.70463971,USDT
2024-03-23T14:45:00Z,BTC/USDT,buy,65156.35189500,0.01084814,0.70682523,USDT
2024-03-23T15:15:00Z,BTC/USDT,stop_sell,64773.77012768,0.01084814,0.70267493,USDT
2024-03-23T16:45:00Z,BTC/USDT,buy,65781.74443500,0.01076059,0.70785038,USDT
2024-03-23T18:45:00Z,BTC/USDT,sell,65365.37096500,0.01076059,0.70336996,USDT
2024-03-24T09:00:00Z,BTC/USDT,buy,65118.38292000,0.01085097,0.70659762,USDT
2024-03-24T13:45:00Z,BTC/USDT,sell,65257.35500000,0.01085097,0.70810560,USDT
2024-03-24T20:15:00Z,BTC/USDT,buy,66179.67330000,0.01067181,0.70625690,USDT
2024-03-25T00:15:00Z,BTC/USDT,sell,66742.23219000,0.01067181,0.71226042,USDT
2024-03-25T14:00:00Z,BTC/USDT,buy,68023.99500000,0.01038787,0.70662442,USDT
2024-03-25T21:15:00Z,BTC/USDT,sell,70340.34223500,0.01038787,0.73068633,USDT
2024-03-26T07:30:00Z,BTC/USDT,buy,71383.27380000,0.00992438,0.70843473,USDT
2024-03-26T07:45:00Z,BTC/USDT,stop_sell,71018.44158714,0.00992438,0.70481400,USDT
2024-03-27T01:15:00Z,BTC/USDT,buy,70622.76373500,0.01002555,0.70803205,USDT
2024-03-27T01:45:00Z,BTC/USDT,stop_sell,70211.82188446,0.01002555,0.70391213,USDT
2024-03-27T13:15:00Z,BTC/USDT,buy,71269.60699500,0.00993436,0.70801793,USDT
2024-03-27T13:30:00Z,BTC/USDT,stop_sell,70770.48634107,0.00993436,0.70305949,USDT
2024-03-28T00:00:00Z,BTC/USDT,buy,69517.12119000,0.01017784,0.70753414,USDT
2024-03-28T01:30:00Z,BTC/USDT,sell,69372.98615500,0.01017784,0.70606715,USDT
2024-03-28T06:45:00Z,BTC/USDT,buy,70383.27405000,0.01004696,0.70713794,USDT
2024-03-28T10:30:00Z,BTC/USDT,sell,70333.99541000,0.01004696,0.70664284,USDT
2024-03-28T13:30:00Z,BTC/USDT,buy,70715.70018000,0.00996386,0.70460134,USDT
2024-03-28T16:15:00Z,BTC/USDT,sell,70821.40158500,0.00996386,0.70565453,USDT
2024-03-29T13:45:00Z,BTC/USDT,buy,70536.72073500,0.01001843,0.70666720,USDT
2024-03-29T14:00:00Z,BTC/USDT,stop_sell,70183.93797625,0.01001843,0.70313287,USDT
2024-03-30T01:00:00Z,BTC/USDT,buy,69934.93999500,0.01009898,0.70627156,USDT
2024-03-30T03:00:00Z,BTC/USDT,sell,69933.20590500,0.01009898,0.70625405,USDT
2024-03-31T01:15:00Z,BTC/USDT,buy,70118.16156000,0.01008183,0.70691938,USDT
2024-03-31T02:45:00Z,BTC/USDT,sell,69962.72114000,0.01008183,0.70535226,USDT
2024-03-31T05:15:00Z,BTC/USDT,buy,70227.58624500,0.0100523,0.70594877,USDT
2024-03-31T07:45:00Z,BTC/USDT,sell,70364.79000500,0.0100523,0.70732798,USDT
2024-03-31T08:30:00Z,BTC/USDT,buy,70435.53016500,0.01001821,0.70563793,USDT
2024-03-31T09:15:00Z,BTC/USDT,sell,70216.68409500,0.01001821,0.70344549,USDT
2024-03-31T12:15:00Z,BTC/USDT,buy,70604.04438000,0.00999412,0.70562529,USDT
2024-03-31T12:15:00Z,BTC/USDT,stop_sell,70352.76137946,0.00999412,0.70311394,USDT
2024-03-31T13:30:00Z,BTC/USDT,buy,70797.87124500,0.00997499,0.70620806,USDT
2024-03-31T14:15:00Z,BTC/USDT,sell,70578.15327000,0.00997499,0.70401637,USDT
2024-03-31T18:45:00Z,BTC/USDT,buy,71014.50951000,0.00992638,0.70491701,USDT
2024-03-31T18:45:00Z,BTC/USDT,stop_sell,70751.21633804,0.00992638,0.70230346,USDT
2024-04-01T13:15:00Z,BTC/USDT,buy,69953.41923000,0.01008436,0.70543546,USDT
2024-04-01T14:15:00Z,BTC/USDT,sell,69726.18946500,0.01008436,0.70314400,USDT
2024-04-01T20:00:00Z,BTC/USDT,buy,69770.93803500,0.0101221,0.70622841,USDT
2024-04-02T00:00:00Z,BTC/USDT,sell,69665.15000000,0.0101221,0.70515761,USDT
2024-04-03T02:15:00Z,BTC/USDT,buy,66124.04550000,0.01064982,0.70420918,USDT
2024-04-03T05:45:00Z,BTC/USDT,sell,66124.86103000,0.01064982,0.70421787,USDT
2024-04-03T08:45:00Z,BTC/USDT,buy,66547.75725000,0.01056609,0.70314959,USDT
2024-04-03T10:15:00Z,BTC/USDT,sell,66374.42618500,0.01056609,0.70131816,USDT
2024-04-03T14:15:00Z,BTC/USDT,buy,66674.65066500,0.01054998,0.70341623,USDT
2024-04-03T15:30:00Z,BTC/USDT,sell,66241.86250000,0.01054998,0.69885032,USDT
2024-04-04T12:30:00Z,BTC/USDT,buy,66628.17744000,0.01056064,0.70363620,USDT
2024-04-04T20:00:00Z,BTC/USDT,sell,68432.15680500,0.01056064,0.72268737,USDT
2024-04-05T14:00:00Z,BTC/USDT,buy,67533.75000000,0.01043583,0.70477073,USDT
2024-04-05T16:45:00Z,BTC/USDT,sell,67828.99853500,0.01043583,0.70785190,USDT
2024-04-06T14:45:00Z,BTC/USDT,buy,68042.39419500,0.01035979,0.70490491,USDT
2024-04-06T16:45:00Z,BTC/USDT,sell,67905.71016000,0.01035979,0.70348890,USDT
2024-04-06T17:45:00Z,BTC/USDT,buy,68414.58019500,0.01030012,0.70467839,USDT
2024-04-06T20:00:00Z,BTC/USDT,sell,68238.94346000,0.01030012,0.70286931,USDT
2024-04-06T22:30:00Z,BTC/USDT,buy,68540.20297500,0.01027916,0.70453571,USDT
2024-04-07T00:00:00Z,BTC/USDT,sell,68858.54350500,0.01027916,0.70780799,USDT
2024-04-07T02:15:00Z,BTC/USDT,buy,69435.28029000,0.01013472,0.70370712,USDT
2024-04-07T03:15:00Z,BTC/USDT,sell,69229.55790500,0.01013472,0.70162219,USDT
2024-04-07T15:15:00Z,BTC/USDT,buy,69648.93706500,0.01011226,0.70430816,USDT
2024-04-07T15:30:00Z,BTC/USDT,stop_sell,69333.17035857,0.01011226,0.70111505,USDT
2024-04-07T16:15:00Z,BTC/USDT,buy,69854.91000000,0.01007692,0.70392234,USDT
2024-04-07T17:45:00Z,BTC/USDT,sell,69705.02005500,0.01007692,0.70241191,USDT
2024-04-08T01:15:00Z,BTC/USDT,buy,69536.79102000,0.01011967,0.70368938,USDT
2024-04-08T02:00:00Z,BTC/USDT,sell,69344.15058000,0.01011967,0.70173992,USDT
2024-04-08T07:15:00Z,BTC/USDT,buy,69907.41624000,0.01005447,0.70288202,USDT
2024-04-08T13:00:00Z,BTC/USDT,sell,72167.69810000,0.01005447,0.72560796,USDT
2024-04-09T22:45:00Z,BTC/USDT,buy,69381.54343500,0.01016301,0.70512532,USDT
2024-04-09T23:15:00Z,BTC/USDT,sell,69100.65239000,0.01016301,0.70227062,USDT
2024-04-10T17:00:00Z,BTC/USDT,buy,69524.74500000,0.01014554,0.70536608,USDT
2024-04-10T21:30:00Z,BTC/USDT,sell,69595.53482500,0.01014554,0.70608428,USDT
2024-04-10T22:15:00Z,BTC/USDT,buy,70476.51064500,0.00999899,0.70469393,USDT
2024-04-11T00:30:00Z,BTC/USDT,sell,70317.82350000,0.00999899,0.70310721,USDT
2024-04-11T03:00:00Z,BTC/USDT,buy,71038.70160000,0.00992672,0.70518130,USDT
2024-04-11T04:00:00Z,BTC/USDT,stop_sell,70584.27699232,0.00992672,0.70067035,USDT
2024-04-11T07:30:00Z,BTC/USDT,buy,71030.68759500,0.00991425,0.70421599,USDT
2024-04-11T08:00:00Z,BTC/USDT,sell,70773.88535500,0.00991425,0.70166999,USDT
2024-04-11T20:15:00Z,BTC/USDT,buy,70549.73724000,0.00997452,0.70369977,USDT
2024-04-11T21:30:00Z,BTC/USDT,sell,70174.44522500,0.00997452,0.69995641,USDT
2024-04-12T03:00:00Z,BTC/USDT,buy,70695.90028500,0.00994278,0.70291378,USDT
2024-04-12T06:00:00Z,BTC/USDT,sell,70949.24763000,0.00994278,0.70543276,USDT
2024-04-13T05:15:00Z,BTC/USDT,buy,67813.11961500,0.01037227,0.70337599,USDT
2024-04-13T05:45:00Z,BTC/USDT,stop_sell,67344.86286679,0.01037227,0.69851910,USDT
2024-04-13T11:15:00Z,BTC/USDT,buy,67722.83449500,0.01038045,0.70299350,USDT
2024-04-13T12:00:00Z,BTC/USDT,sell,67466.31996500,0.01038045,0.70033076,USDT
2024-04-13T13:15:00Z,BTC/USDT,buy,67814.23017000,0.01035991,0.70254932,USDT
2024-04-13T14:00:00Z,BTC/USDT,sell,67675.61526500,0.01035991,0.70111328,USDT
2024-04-14T22:15:00Z,BTC/USDT,buy,64850.14887000,0.01082361,0.70191272,USDT
2024-04-15T01:00:00Z,BTC/USDT,sell,65491.26798500,0.01082361,0.70885194,USDT
2024-04-15T06:30:00Z,BTC/USDT,buy,66421.03392000,0.0105651,0.70174487,USDT
2024-04-15T08:00:00Z,BTC/USDT,stop_sell,66075.67170839,0.0105651,0.69809608,USDT
2024-04-16T21:30:00Z,BTC/USDT,buy,63775.55184000,0.01103123,0.70352278,USDT
2024-04-17T02:30:00Z,BTC/USDT,sell,63870.80862000,0.01103123,0.70457358,USDT
2024-04-18T03:15:00Z,BTC/USDT,buy,62121.69532500,0.01130575,0.70233236,USDT
2024-04-18T04:45:00Z,BTC/USDT,sell,61862.81312000,0.01130575,0.69940550,USDT
2024-04-18T11:15:00Z,BTC/USDT,buy,62437.46313000,0.01124401,0.70204746,USDT
2024-04-18T12:30:00Z,BTC/USDT,stop_sell,61990.24901304,0.01124401,0.69701898,USDT
2024-04-18T14:15:00Z,BTC/USDT,buy,63471.72000000,0.01105171,0.70147104,USDT
2024-04-18T16:15:00Z,BTC/USDT,sell,63351.43843500,0.01105171,0.70014173,USDT
2024-04-19T07:00:00Z,BTC/USDT,buy,64432.65022500,0.0108455,0.69880431,USDT
2024-04-19T10:45:00Z,BTC/USDT,sell,64397.95491500,0.0108455,0.69842802,USDT
2024-04-20T05:00:00Z,BTC/USDT,buy,64112.43019500,0.01093933,0.70134703,USDT
2024-04-20T06:15:00Z,BTC/USDT,sell,63911.75813500,0.01093933,0.69915181,USDT
2024-04-20T15:15:00Z,BTC/USDT,buy,64032.01000500,0.01094488,0.70082267,USDT
2024-04-20T19:00:00Z,BTC/USDT,sell,64934.14668500,0.01094488,0.71069644,USDT
2024-04-21T02:30:00Z,BTC/USDT,buy,65332.49992500,0.01073903,0.70160768,USDT
2024-04-21T04:00:00Z,BTC/USDT,stop_sell,65028.59229571,0.01073903,0.69834400,USDT
2024-04-21T21:15:00Z,BTC/USDT,buy,65037.84267000,0.01078019,0.70112030,USDT
2024-04-21T21:30:00Z,BTC/USDT,stop_sell,64731.90678411,0.01078019,0.69782225,USDT
2024-04-22T00:15:00Z,BTC/USDT,buy,65148.94819500,0.01075614,0.70075121,USDT
2024-04-22T00:30:00Z,BTC/USDT,stop_sell,64793.95895679,0.01075614,0.69693289,USDT
2024-04-22T03:45:00Z,BTC/USDT,buy,65676.02160000,0.01066356,0.70034020,USDT
2024-04-22T07:30:00Z,BTC/USDT,sell,66004.09144500,0.01066356,0.70383859,USDT
2024-04-22T13:15:00Z,BTC/USDT,buy,66147.30712500,0.01058365,0.70007995,USDT
2024-04-22T13:30:00Z,BTC/USDT,stop_sell,65893.67061161,0.01058365,0.69739555,USDT
2024-04-22T14:30:00Z,BTC/USDT,buy,66467.19699000,0.01053414,0.70017476,USDT
2024-04-22T14:45:00Z,BTC/USDT,stop_sell,66094.75394821,0.01053414,0.69625139,USDT
2024-04-22T17:30:00Z,BTC/USDT,buy,66767.91727500,0.01048002,0.69972911,USDT
2024-04-22T18:45:00Z,BTC/USDT,stop_sell,66321.72397786,0.01048002,0.69505299,USDT
2024-04-22T23:00:00Z,BTC/USDT,buy,67092.74961000,0.01042216,0.69925137,USDT
2024-04-23T00:00:00Z,BTC/USDT,stop_sell,66775.28208536,0.01042216,0.69594267,USDT
2024-04-23T13:45:00Z,BTC/USDT,buy,66428.67774000,0.01051375,0.69841451,USDT
2024-04-23T15:45:00Z,BTC/USDT,sell,66401.11283500,0.01051375,0.69812470,USDT
2024-04-24T01:15:00Z,BTC/USDT,buy,66754.43053500,0.0104691,0.69885881,USDT
2024-04-24T02:30:00Z,BTC/USDT,sell,66558.97386500,0.0104691,0.69681255,USDT
2024-04-24T05:00:00Z,BTC/USDT,buy,67013.47999500,0.01042291,0.69847547,USDT
2024-04-24T05:30:00Z,BTC/USDT,sell,66715.31565500,0.01042291,0.69536773,USDT
2024-04-25T16:00:00Z,BTC/USDT,buy,64149.22858500,0.01088293,0.69813156,USDT
2024-04-25T19:45:00Z,BTC/USDT,sell,64608.00983500,0.01088293,0.70312445,USDT
2024-04-25T21:30:00Z,BTC/USDT,buy,65023.76563500,0.01074339,0.69857567,USDT
2024-04-25T22:00:00Z,BTC/USDT,sell,64723.72195000,0.01074339,0.69535219,USDT
2024-04-27T12:15:00Z,BTC/USDT,buy,63114.39142500,0.01105347,0.69763303,USDT
2024-04-27T12:15:00Z,BTC/USDT,stop_sell,62934.93893179,0.01105347,0.69564946,USDT
2024-04-27T14:15:00Z,BTC/USDT,buy,63330.08922000,0.01101476,0.69756573,USDT
2024-04-27T14:30:00Z,BTC/USDT,stop_sell,63094.23781393,0.01101476,0.69496789,USDT
2024-04-28T00:30:00Z,BTC/USDT,buy,63762.86550000,0.01093808,0.69744332,USDT
2024-04-28T00:45:00Z,BTC/USDT,stop_sell,63543.42882036,0.01093808,0.69504311,USDT
2024-04-28T03:00:00Z,BTC/USDT,buy,64014.67134000,0.01088761,0.69696678,USDT
2024-04-28T05:00:00Z,BTC/USDT,sell,63843.43231500,0.01088761,0.69510239,USDT
2024-04-28T19:00:00Z,BTC/USDT,buy,63915.28167000,0.01089298,0.69622788,USDT
2024-04-28T20:00:00Z,BTC/USDT,sell,63706.53080000,0.01089298,0.69395397,USDT
2024-04-29T16:15:00Z,BTC/USDT,buy,63114.12129000,0.0110362,0.69654007,USDT
2024-04-29T17:00:00Z,BTC/USDT,sell,62761.76342000,0.0110362,0.69265137,USDT
2024-04-29T22:30:00Z,BTC/USDT,buy,63500.37432000,0.01096382,0.69620667,USDT
2024-04-30T02:00:00Z,BTC/USDT,sell,63597.01558500,0.01096382,0.69726623,USDT
2024-05-01T18:45:00Z,BTC/USDT,buy,58839.88524000,0.01182893,0.69601288,USDT
2024-05-01T19:30:00Z,BTC/USDT,stop_sell,58003.89889946,0.01182893,0.68612406,USDT
2024-05-02T11:15:00Z,BTC/USDT,buy,58240.98594000,0.01193878,0.69532632,USDT
2024-05-02T13:45:00Z,BTC/USDT,sell,58503.09382000,0.01193878,0.69845557,USDT
2024-05-02T19:00:00Z,BTC/USDT,buy,59417.28379500,0.01168944,0.69455477,USDT
2024-05-02T19:00:00Z,BTC/USDT,stop_sell,59106.00828339,0.01168944,0.69091614,USDT
2024-05-03T02:15:00Z,BTC/USDT,buy,59765.81797500,0.01164586,0.69602435,USDT
2024-05-03T04:45:00Z,BTC/USDT,sell,59583.07356000,0.01164586,0.69389613,USDT
2024-05-03T12:45:00Z,BTC/USDT,buy,60388.70926500,0.01150364,0.69468997,USDT
2024-05-03T18:30:00Z,BTC/USDT,sell,61689.14000000,0.01150364,0.70964966,USDT
2024-05-03T20:30:00Z,BTC/USDT,buy,62843.42601000,0.01107857,0.69621529,USDT
2024-05-03T21:30:00Z,BTC/USDT,stop_sell,62433.19100268,0.01107857,0.69167048,USDT
2024-05-03T22:30:00Z,BTC/USDT,buy,62932.40047500,0.01104291,0.69495683,USDT
2024-05-04T00:30:00Z,BTC/USDT,sell,62780.79390000,0.01104291,0.69328266,USDT
2024-05-04T10:45:00Z,BTC/USDT,buy,63781.87500000,0.01089738,0.69505533,USDT
2024-05-04T12:00:00Z,BTC/USDT,sell,63760.11399500,0.01089738,0.69481819,USDT
2024-05-04T20:00:00Z,BTC/USDT,buy,63967.02753000,0.0108638,0.69492499,USDT
2024-05-04T21:30:00Z,BTC/USDT,stop_sell,63655.36853679,0.0108638,0.69153919,USDT
2024-05-05T07:30:00Z,BTC/USDT,buy,63693.86101500,0.0109122,0.69504015,USDT
2024-05-05T09:15:00Z,BTC/USDT,sell,63651.03856000,0.0109122,0.69457286,USDT
2024-05-05T13:30:00Z,BTC/USDT,buy,64042.76538000,0.01084273,0.69439841,USDT
2024-05-05T14:15:00Z,BTC/USDT,sell,63895.52625500,0.01084273,0.69280194,USDT
2024-05-05T15:30:00Z,BTC/USDT,buy,64414.93137000,0.01077839,0.69428925,USDT
2024-05-05T18:00:00Z,BTC/USDT,sell,64221.09339000,0.01077839,0.69219999,USDT
2024-05-06T07:45:00Z,BTC/USDT,buy,64430.14897500,0.010761,0.69333283,USDT
2024-05-06T10:30:00Z,BTC/USDT,sell,64809.75891000,0.010761,0.69741782,USDT
2024-05-06T22:00:00Z,BTC/USDT,buy,63519.31378500,0.01090944,0.69296014,USDT
2024-05-06T23:15:00Z,BTC/USDT,sell,63274.30702000,0.01090944,0.69028726,USDT
2024-05-07T07:30:00Z,BTC/USDT,buy,63866.91750000,0.01086271,0.69376780,USDT
2024-05-07T10:15:00Z,BTC/USDT,sell,63850.95855000,0.01086271,0.69359445,USDT
2024-05-08T14:30:00Z,BTC/USDT,buy,62538.92383500,0.01108872,0.69347662,USDT
2024-05-08T15:15:00Z,BTC/USDT,sell,62173.15787000,0.01108872,0.68942074,USDT
2024-05-09T15:15:00Z,BTC/USDT,buy,61924.62684000,0.01120319,0.69375336,USDT
2024-05-09T17:00:00Z,BTC/USDT,sell,61793.88760000,0.01120319,0.69228866,USDT
2024-05-09T22:30:00Z,BTC/USDT,buy,62800.81471500,0.01103177,0.69280414,USDT
2024-05-10T00:30:00Z,BTC/USDT,sell,62827.57050000,0.01103177,0.69309931,USDT
2024-05-10T07:00:00Z,BTC/USDT,buy,63238.10325000,0.01097051,0.69375424,USDT
2024-05-10T08:00:00Z,BTC/USDT,stop_sell,62916.75695589,0.01097051,0.69022891,USDT
2024-05-10T12:00:00Z,BTC/USDT,buy,63319.47391500,0.01093986,0.69270618,USDT
2024-05-10T12:45:00Z,BTC/USDT,stop_sell,63033.21976679,0.01093986,0.68957460,USDT
2024-05-11T01:30:00Z,BTC/USDT,buy,61196.58300000,0.01131008,0.69213825,USDT
2024-05-11T01:45:00Z,BTC/USDT,sell,61036.85630500,0.01131008,0.69033173,USDT
2024-05-11T15:15:00Z,BTC/USDT,buy,61246.85812500,0.01129963,0.69206684,USDT
2024-05-11T17:30:00Z,BTC/USDT,sell,61149.41000000,0.01129963,0.69096571,USDT
2024-05-12T04:45:00Z,BTC/USDT,buy,61074.75211500,0.01131399,0.69099913,USDT
2024-05-12T06:30:00Z,BTC/USDT,sell,60993.59794500,0.01131399,0.69008096,USDT
2024-05-12T15:30:00Z,BTC/USDT,buy,61380.66499500,0.01127161,0.69185892,USDT
2024-05-12T17:00:00Z,BTC/USDT,sell,61341.91370000,0.01127161,0.69142213,USDT
2024-05-13T00:15:00Z,BTC/USDT,buy,61622.83602000,0.01121813,0.69129299,USDT
2024-05-13T01:00:00Z,BTC/USDT,stop_sell,61368.88556446,0.01121813,0.68844414,USDT
2024-05-13T08:00:00Z,BTC/USDT,buy,62394.95188500,0.01108293,0.69151888,USDT
2024-05-13T10:30:00Z,BTC/USDT,sell,62651.66849500,0.01108293,0.69436406,USDT
2024-05-13T16:30:00Z,BTC/USDT,buy,63269.50894500,0.01093697,0.69197672,USDT
2024-05-13T17:00:00Z,BTC/USDT,stop_sell,62816.69772482,0.01093697,0.68702434,USDT
2024-05-15T04:00:00Z,BTC/USDT,buy,61999.74438000,0.01113561,0.69040497,USDT
2024-05-15T05:45:00Z,BTC/USDT,sell,61932.93804000,0.01113561,0.68966104,USDT
2024-05-15T09:45:00Z,BTC/USDT,buy,62468.75877000,0.01106199,0.69102878,USDT
2024-05-15T11:30:00Z,BTC/USDT,sell,62423.56260500,0.01106199,0.69052883,USDT
2024-05-15T12:45:00Z,BTC/USDT,buy,63677.49283500,0.01084123,0.69034235,USDT
2024-05-16T00:45:00Z,BTC/USDT,sell,65978.60419500,0.01084123,0.71528922,USDT
2024-05-16T08:15:00Z,BTC/USDT,buy,66312.62974500,0.01043426,0.69192322,USDT
2024-05-16T08:15:00Z,BTC/USDT,stop_sell,66097.75244821,0.01043426,0.68968113,USDT
2024-05-16T12:00:00Z,BTC/USDT,buy,66498.57267000,0.01039849,0.69148474,USDT
2024-05-16T12:00:00Z,BTC/USDT,stop_sell,66228.13472446,0.01039849,0.68867260,USDT
2024-05-17T03:30:00Z,BTC/USDT,buy,65632.90005000,0.01053685,0.69156402,USDT
2024-05-17T05:00:00Z,BTC/USDT,sell,65438.90418000,0.01053685,0.68951992,USDT
2024-05-17T07:00:00Z,BTC/USDT,buy,66038.80290000,0.01046786,0.69128494,USDT
2024-05-17T09:00:00Z,BTC/USDT,sell,66090.62815500,0.01046786,0.69182744,USDT
2024-05-17T15:00:00Z,BTC/USDT,buy,66857.78218500,0.0103387,0.69122255,USDT
2024-05-17T17:00:00Z,BTC/USDT,sell,66895.18567500,0.0103387,0.69160926,USDT
2024-05-18T02:15:00Z,BTC/USDT,buy,67015.21086000,0.01031187,0.69105214,USDT
2024-05-18T02:45:00Z,BTC/USDT,sell,66804.55101500,0.01031187,0.68887985,USDT
2024-05-18T07:30:00Z,BTC/USDT,buy,67083.22485000,0.01028698,0.69008379,USDT
2024-05-18T07:45:00Z,BTC/USDT,stop_sell,66949.54740911,0.01028698,0.68870866,USDT
2024-05-18T10:15:00Z,BTC/USDT,buy,67199.71306500,0.01027762,0.69065311,USDT
2024-05-18T10:45:00Z,BTC/USDT,sell,67056.84480500,0.01027762,0.68918477,USDT
2024-05-18T11:15:00Z,BTC/USDT,buy,67305.92614500,0.01025121,0.68996718,USDT
2024-05-18T11:45:00Z,BTC/USDT,sell,67116.93474500,0.01025121,0.68802979,USDT
2024-05-19T03:00:00Z,BTC/USDT,buy,67227.04672500,0.0102634,0.68997807,USDT
2024-05-19T04:15:00Z,BTC/USDT,stop_sell,67043.09846732,0.0102634,0.68809014,USDT
2024-05-19T10:45:00Z,BTC/USDT,buy,67621.37379000,0.01020823,0.69029454,USDT
2024-05-19T10:45:00Z,BTC/USDT,stop_sell,67322.12674054,0.01020823,0.68723975,USDT
2024-05-20T05:15:00Z,BTC/USDT,buy,67296.54145500,0.01025105,0.68986021,USDT
2024-05-20T06:45:00Z,BTC/USDT,sell,66977.36456500,0.01025105,0.68658831,USDT
2024-05-20T15:30:00Z,BTC/USDT,buy,67223.53497000,0.01023481,0.68802011,USDT
2024-05-20T21:15:00Z,BTC/USDT,sell,69035.28509000,0.01023481,0.70656303,USDT
2024-05-20T23:30:00Z,BTC/USDT,buy,71318.82159000,0.00968228,0.69052880,USDT
2024-05-20T23:30:00Z,BTC/USDT,stop_sell,70622.29547357,0.00968228,0.68378484,USDT
2024-05-21T22:45:00Z,BTC/USDT,buy,70088.05651500,0.00984908,0.69030288,USDT
2024-05-22T01:00:00Z,BTC/USDT,sell,70064.95000000,0.00984908,0.69007530,USDT
2024-05-22T08:45:00Z,BTC/USDT,buy,70027.13607000,0.00984739,0.68958452,USDT
2024-05-22T09:15:00Z,BTC/USDT,sell,69788.81813500,0.00984739,0.68723771,USDT
2024-05-22T15:45:00Z,BTC/USDT,buy,70545.67521000,0.00977458,0.68955435,USDT
2024-05-22T17:15:00Z,BTC/USDT,sell,70143.60065500,0.00977458,0.68562424,USDT
2024-05-23T07:45:00Z,BTC/USDT,buy,69862.33371000,0.00987275,0.68973336,USDT
2024-05-23T08:45:00Z,BTC/USDT,stop_sell,69545.24391161,0.00987275,0.68660281,USDT
2024-05-23T11:30:00Z,BTC/USDT,buy,69945.34519500,0.00984606,0.68868607,USDT
2024-05-23T12:45:00Z,BTC/USDT,stop_sell,69652.27822482,0.00984606,0.68580051,USDT
2024-05-24T13:00:00Z,BTC/USDT,buy,67521.27376500,0.01018225,0.68751849,USDT
2024-05-24T13:00:00Z,BTC/USDT,stop_sell,67346.46670732,0.01018225,0.68573856,USDT
2024-05-24T14:30:00Z,BTC/USDT,buy,67819.09260000,0.01013837,0.68757505,USDT
2024-05-24T21:00:00Z,BTC/USDT,sell,68828.03876500,0.01013837,0.69780412,USDT
2024-05-25T11:00:00Z,BTC/USDT,buy,69383.01417000,0.0099203,0.68830032,USDT
2024-05-25T11:45:00Z,BTC/USDT,stop_sell,69182.67492964,0.0099203,0.68631289,USDT
2024-05-26T07:45:00Z,BTC/USDT,buy,69281.89363500,0.00993874,0.68857473,USDT
2024-05-26T08:45:00Z,BTC/USDT,sell,69090.35754000,0.00993874,0.68667110,USDT
2024-05-26T15:00:00Z,BTC/USDT,buy,69254.20980000,0.00993891,0.68831136,USDT
2024-05-26T15:30:00Z,BTC/USDT,stop_sell,69024.01679839,0.00993891,0.68602349,USDT
2024-05-27T14:00:00Z,BTC/USDT,buy,68987.57655000,0.00998091,0.68855879,USDT
2024-05-27T18:30:00Z,BTC/USDT,sell,70060.42226500,0.00998091,0.69926677,USDT
2024-05-28T10:30:00Z,BTC/USDT,buy,68706.81624000,0.01001821,0.68831931,USDT
2024-05-28T11:30:00Z,BTC/USDT,stop_sell,68419.34143018,0.01001821,0.68543933,USDT
2024-05-29T02:30:00Z,BTC/USDT,buy,68876.26092000,0.00999496,0.68841547,USDT
2024-05-29T05:15:00Z,BTC/USDT,sell,68634.48559000,0.00999496,0.68599894,USDT
2024-05-30T14:00:00Z,BTC/USDT,buy,68623.27449000,0.01001843,0.68749747,USDT
2024-05-30T14:45:00Z,BTC/USDT,stop_sell,68337.21965446,0.01001843,0.68463165,USDT
2024-05-30T17:30:00Z,BTC/USDT,buy,69073.33941000,0.00995637,0.68771972,USDT
2024-05-30T19:30:00Z,BTC/USDT,sell,68971.57696000,0.00995637,0.68670654,USDT
2024-05-31T02:15:00Z,BTC/USDT,buy,68630.79825000,0.01001779,0.68752892,USDT
2024-05-31T03:30:00Z,BTC/USDT,sell,68484.61056500,0.01001779,0.68606445,USDT
2024-05-31T11:45:00Z,BTC/USDT,buy,68473.06942500,0.0100396,0.68744223,USDT
2024-05-31T13:30:00Z,BTC/USDT,stop_sell,68207.88399750,0.0100396,0.68477987,USDT
2024-06-01T13:00:00Z,BTC/USDT,buy,67761.80397000,0.01012585,0.68614586,USDT
2024-06-01T14:00:00Z,BTC/USDT,stop_sell,67659.15814054,0.01012585,0.68510649,USDT
2024-06-01T22:15:00Z,BTC/USDT,buy,67812.97954500,0.0101159,0.68598932,USDT
2024-06-02T01:15:00Z,BTC/USDT,sell,67850.45780000,0.0101159,0.68636845,USDT
2024-06-02T12:00:00Z,BTC/USDT,buy,68279.78283000,0.01006778,0.68742583,USDT
2024-06-02T12:15:00Z,BTC/USDT,stop_sell,67917.39502893,0.01006778,0.68377739,USDT
2024-06-02T14:30:00Z,BTC/USDT,buy,68355.40062000,0.01004028,0.68630736,USDT
2024-06-02T16:15:00Z,BTC/USDT,stop_sell,68012.76517714,0.01004028,0.68286721,USDT
2024-06-03T02:00:00Z,BTC/USDT,buy,68535.24049500,0.01001814,0.68659563,USDT
2024-06-03T03:15:00Z,BTC/USDT,sell,68291.54714500,0.01001814,0.68415428,USDT
2024-06-03T12:45:00Z,BTC/USDT,buy,69571.51837500,0.0098557,0.68567601,USDT
2024-06-03T14:30:00Z,BTC/USDT,stop_sell,69244.95198982,0.0098557,0.68245747,USDT
2024-06-04T03:15:00Z,BTC/USDT,buy,69366.19576500,0.00988614,0.68576392,USDT
2024-06-04T05:00:00Z,BTC/USDT,sell,69055.45500000,0.00988614,0.68269190,USDT
2024-06-04T13:30:00Z,BTC/USDT,buy,69394.07970000,0.00987322,0.68514302,USDT
2024-06-04T19:15:00Z,BTC/USDT,sell,70530.40715500,0.00987322,0.69636223,USDT
2024-06-05T01:30:00Z,BTC/USDT,buy,71009.21686500,0.00966424,0.68625011,USDT
2024-06-05T02:15:00Z,BTC/USDT,sell,70764.60000000,0.00966424,0.68388608,USDT
2024-06-05T07:45:00Z,BTC/USDT,buy,71349.64699500,0.00960354,0.68520919,USDT
2024-06-05T08:00:00Z,BTC/USDT,stop_sell,71069.70629911,0.00960354,0.68252077,USDT
2024-06-05T15:30:00Z,BTC/USDT,buy,71615.09965500,0.0095658,0.68505572,USDT
2024-06-05T17:00:00Z,BTC/USDT,sell,71292.80576500,0.0095658,0.68197272,USDT
2024-06-06T12:00:00Z,BTC/USDT,buy,71185.57500000,0.00961852,0.68469988,USDT
2024-06-06T13:15:00Z,BTC/USDT,sell,71044.49998000,0.00961852,0.68334294,USDT
2024-06-07T05:30:00Z,BTC/USDT,buy,71340.24229500,0.00959198,0.68429418,USDT
2024-06-07T07:15:00Z,BTC/USDT,sell,71193.70534000,0.00959198,0.68288860,USDT
2024-06-07T11:00:00Z,BTC/USDT,buy,71448.97663500,0.00957683,0.68425470,USDT
2024-06-07T12:30:00Z,BTC/USDT,stop_sell,71264.74480250,0.00957683,0.68249035,USDT
2024-06-09T13:00:00Z,BTC/USDT,buy,69782.83398000,0.00980847,0.68446283,USDT
2024-06-09T13:15:00Z,BTC/USDT,stop_sell,69556.45508893,0.00980847,0.68224240,USDT
2024-06-09T19:30:00Z,BTC/USDT,buy,69862.66387500,0.00978666,0.68372214,USDT
2024-06-09T19:45:00Z,BTC/USDT,sell,69680.14250000,0.00978666,0.68193586,USDT
2024-06-10T15:15:00Z,BTC/USDT,buy,69783.71442000,0.00979927,0.68382946,USDT
2024-06-10T18:30:00Z,BTC/USDT,sell,69806.82912500,0.00979927,0.68405597,USDT
2024-06-12T10:00:00Z,BTC/USDT,buy,67832.06908500,0.01007456,0.68337825,USDT
2024-06-12T11:45:00Z,BTC/USDT,sell,67743.61125000,0.01007456,0.68248708,USDT
2024-06-12T12:45:00Z,BTC/USDT,buy,69478.72200000,0.00984858,0.68426675,USDT
2024-06-12T16:30:00Z,BTC/USDT,sell,69406.16955500,0.00984858,0.68355221,USDT
2024-06-14T03:00:00Z,BTC/USDT,buy,66954.03028500,0.01018666,0.68203794,USDT
2024-06-14T03:00:00Z,BTC/USDT,stop_sell,66787.40423554,0.01018666,0.68034058,USDT
2024-06-14T05:45:00Z,BTC/USDT,buy,67173.93018000,0.01017052,0.68319380,USDT
2024-06-14T07:30:00Z,BTC/USDT,sell,66987.37955500,0.01017052,0.68129648,USDT
2024-06-14T13:30:00Z,BTC/USDT,buy,67333.43989500,0.01013661,0.68253282,USDT
2024-06-14T14:00:00Z,BTC/USDT,stop_sell,67057.97780964,0.01013661,0.67974057,USDT
2024-06-15T02:45:00Z,BTC/USDT,buy,66226.27659000,0.01028806,0.68133991,USDT
2024-06-15T05:00:00Z,BTC/USDT,sell,66202.28230000,0.01028806,0.68109305,USDT
2024-06-15T05:30:00Z,BTC/USDT,buy,66494.60068500,0.01026023,0.68224990,USDT
2024-06-15T05:30:00Z,BTC/USDT,stop_sell,66280.97650464,0.01026023,0.68005806,USDT
2024-06-15T12:15:00Z,BTC/USDT,buy,66433.16998500,0.01026263,0.68177904,USDT
2024-06-15T12:45:00Z,BTC/USDT,sell,66271.83750500,0.01026263,0.68012335,USDT
2024-06-15T15:15:00Z,BTC/USDT,buy,66433.20000000,0.01025899,0.68153753,USDT
2024-06-15T15:45:00Z,BTC/USDT,sell,66297.18482500,0.01025899,0.68014216,USDT
2024-06-16T07:00:00Z,BTC/USDT,buy,66416.14147500,0.01027068,0.68213894,USDT
2024-06-16T08:00:00Z,BTC/USDT,sell,66242.86200000,0.01027068,0.68035924,USDT
2024-06-16T10:15:00Z,BTC/USDT,buy,66511.12894500,0.01023873,0.68098949,USDT
2024-06-16T12:00:00Z,BTC/USDT,sell,66543.21175000,0.01023873,0.68131798,USDT
2024-06-16T22:15:00Z,BTC/USDT,buy,66843.29494500,0.0101849,0.68079227,USDT
2024-06-16T22:45:00Z,BTC/USDT,sell,66739.93334000,0.0101849,0.67973955,USDT
2024-06-19T01:15:00Z,BTC/USDT,buy,65352.53994000,0.01041362,0.68055652,USDT
2024-06-19T01:30:00Z,BTC/USDT,stop_sell,65075.78475911,0.01041362,0.67767449,USDT
2024-06-20T01:00:00Z,BTC/USDT,buy,65117.99272500,0.0104495,0.68045046,USDT
2024-06-20T02:15:00Z,BTC/USDT,sell,64982.55247000,0.0104495,0.67903518,USDT
2024-06-20T11:00:00Z,BTC/USDT,buy,66279.34311000,0.01027186,0.68081213,USDT
2024-06-20T12:15:00Z,BTC/USDT,stop_sell,65975.21196339,0.01027186,0.67768814,USDT
2024-06-23T03:00:00Z,BTC/USDT,buy,64532.25000000,0.01053534,0.67986919,USDT
2024-06-23T04:15:00Z,BTC/USDT,sell,64361.21329500,0.01053534,0.67806726,USDT
2024-06-25T02:45:00Z,BTC/USDT,buy,60704.97732000,0.01120233,0.68003719,USDT
2024-06-25T05:45:00Z,BTC/USDT,sell,61206.34152000,0.01120233,0.68565364,USDT
2024-06-25T10:00:00Z,BTC/USDT,buy,61489.13920500,0.01103935,0.67880013,USDT
2024-06-25T10:15:00Z,BTC/USDT,stop_sell,61250.44481446,0.01103935,0.67616510,USDT
2024-06-25T14:30:00Z,BTC/USDT,buy,62067.79839000,0.01093702,0.67883675,USDT
2024-06-25T14:45:00Z,BTC/USDT,stop_sell,61769.12784321,0.01093702,0.67557019,USDT
2024-06-25T19:00:00Z,BTC/USDT,buy,62192.19055500,0.01091434,0.67878671,USDT
2024-06-25T19:45:00Z,BTC/USDT,stop_sell,61821.49307607,0.01091434,0.67474079,USDT
2024-06-26T14:15:00Z,BTC/USDT,buy,61950.05955000,0.01095902,0.67891194,USDT
2024-06-26T14:30:00Z,BTC/USDT,stop_sell,61609.11003500,0.01095902,0.67517547,USDT
2024-06-27T10:00:00Z,BTC/USDT,buy,61344.45690000,0.01105963,0.67844700,USDT
2024-06-27T11:00:00Z,BTC/USDT,stop_sell,61104.20261500,0.01105963,0.67578987,USDT
2024-06-27T13:15:00Z,BTC/USDT,buy,61673.80149000,0.01099165,0.67789684,USDT
2024-06-27T15:00:00Z,BTC/USDT,sell,61738.51530000,0.01099165,0.67860815,USDT
2024-06-28T01:30:00Z,BTC/USDT,buy,62046.19759500,0.01093328,0.67836845,USDT
2024-06-28T02:15:00Z,BTC/USDT,stop_sell,61772.92023179,0.01093328,0.67538063,USDT
2024-06-29T00:45:00Z,BTC/USDT,buy,60706.09788000,0.01115321,0.67706786,USDT
2024-06-29T03:00:00Z,BTC/USDT,sell,60773.52803500,0.01115321,0.67781992,USDT
2024-06-30T07:15:00Z,BTC/USDT,buy,61718.14365000,0.01097991,0.67765966,USDT
2024-06-30T07:45:00Z,BTC/USDT,stop_sell,61486.14833232,0.01097991,0.67511237,USDT
2024-06-30T09:45:00Z,BTC/USDT,buy,61622.45583000,0.0109739,0.67623867,USDT
2024-06-30T10:45:00Z,BTC/USDT,sell,61500.00461500,0.0109739,0.67489490,USDT
2024-06-30T14:00:00Z,BTC/USDT,buy,61723.53634500,0.01096638,0.67688375,USDT
2024-06-30T14:45:00Z,BTC/USDT,sell,61575.80669500,0.01096638,0.67526370,USDT
2024-06-30T16:00:00Z,BTC/USDT,buy,61795.89250500,0.01095369,0.67689305,USDT
2024-06-30T16:30:00Z,BTC/USDT,sell,61623.82267500,0.01095369,0.67500825,USDT
2024-06-30T17:30:00Z,BTC/USDT,buy,61795.77244500,0.01093873,0.67596727,USDT
2024-06-30T21:15:00Z,BTC/USDT,sell,61894.11746000,0.01093873,0.67704304,USDT
2024-06-30T22:30:00Z,BTC/USDT,buy,62944.56655500,0.01076144,0.67737418,USDT
2024-07-01T00:15:00Z,BTC/USDT,sell,62608.02033000,0.01076144,0.67375245,USDT
2024-07-01T01:15:00Z,BTC/USDT,buy,63640.07413500,0.01061986,0.67584868,USDT
2024-07-01T04:30:00Z,BTC/USDT,sell,63296.27603000,0.01061986,0.67219759,USDT
2024-07-01T15:15:00Z,BTC/USDT,buy,63053.21085000,0.01072042,0.67595690,USDT
2024-07-01T19:30:00Z,BTC/USDT,sell,63393.82723000,0.01072042,0.67960845,USDT
2024-07-02T12:45:00Z,BTC/USDT,buy,62920.19437500,0.01074439,0.67603911,USDT
2024-07-02T13:45:00Z,BTC/USDT,stop_sell,62706.45680143,0.01074439,0.67374263,USDT
2024-07-04T00:45:00Z,BTC/USDT,buy,60425.10745500,0.01117544,0.67527716,USDT
2024-07-04T01:00:00Z,BTC/USDT,stop_sell,60220.32406107,0.01117544,0.67298862,USDT
2024-07-05T11:30:00Z,BTC/USDT,buy,55377.26479500,0.01218255,0.67463630,USDT
2024-07-05T13:00:00Z,BTC/USDT,sell,55123.71435500,0.01218255,0.67154741,USDT
2024-07-05T14:00:00Z,BTC/USDT,buy,55831.76193000,0.01207703,0.67428186,USDT
2024-07-05T14:30:00Z,BTC/USDT,sell,55434.71877500,0.01207703,0.66948676,USDT
2024-07-05T15:15:00Z,BTC/USDT,buy,56296.90438500,0.01197481,0.67414473,USDT
2024-07-05T18:15:00Z,BTC/USDT,sell,56132.52969500,0.01197481,0.67217638,USDT
2024-07-06T06:30:00Z,BTC/USDT,buy,56576.53413000,0.01192544,0.67470006,USDT
2024-07-06T09:15:00Z,BTC/USDT,sell,56531.84993500,0.01192544,0.67416718,USDT
2024-07-06T10:00:00Z,BTC/USDT,buy,56727.38952000,0.01186943,0.67332178,USDT
2024-07-06T11:45:00Z,BTC/USDT,sell,56637.50708000,0.01186943,0.67225493,USDT
2024-07-06T14:00:00Z,BTC/USDT,buy,57048.18984000,0.01182094,0.67436323,USDT
2024-07-06T14:00:00Z,BTC/USDT,stop_sell,56749.80268982,0.01182094,0.67083601,USDT
2024-07-06T16:30:00Z,BTC/USDT,buy,57768.96004500,0.0116504,0.67303149,USDT
2024-07-06T19:15:00Z,BTC/USDT,sell,57752.40935000,0.0116504,0.67283867,USDT
2024-07-06T23:30:00Z,BTC/USDT,buy,58436.35357500,0.01152692,0.67359117,USDT
2024-07-07T00:00:00Z,BTC/USDT,stop_sell,58106.85989321,0.01152692,0.66979313,USDT
2024-07-08T08:15:00Z,BTC/USDT,buy,56290.94140500,0.01196179,0.67334042,USDT
2024-07-08T11:00:00Z,BTC/USDT,sell,56817.50703500,0.01196179,0.67963909,USDT
2024-07-09T01:15:00Z,BTC/USDT,buy,57114.13279500,0.01179097,0.67343103,USDT
2024-07-09T01:15:00Z,BTC/USDT,stop_sell,56715.33386143,0.01179097,0.66872880,USDT
2024-07-09T06:30:00Z,BTC/USDT,buy,57680.81599500,0.01167831,0.67361445,USDT
2024-07-09T07:15:00Z,BTC/USDT,stop_sell,57273.37684321,0.01167831,0.66885625,USDT
2024-07-09T14:15:00Z,BTC/USDT,buy,57837.08409000,0.01162652,0.67244401,USDT
2024-07-09T14:15:00Z,BTC/USDT,stop_sell,57448.41071107,0.01162652,0.66792510,USDT
2024-07-10T04:15:00Z,BTC/USDT,buy,58831.19089500,0.01143982,0.67301823,USDT
2024-07-10T07:45:00Z,BTC/USDT,sell,58922.24414000,0.01143982,0.67405987,USDT
2024-07-11T02:00:00Z,BTC/USDT,buy,58286.29858500,0.01152556,0.67178223,USDT
2024-07-11T02:15:00Z,BTC/USDT,stop_sell,57954.92661214,0.01152556,0.66796298,USDT
2024-07-11T11:45:00Z,BTC/USDT,buy,58709.59012500,0.01144245,0.67178155,USDT
2024-07-11T13:00:00Z,BTC/USDT,stop_sell,58441.68025643,0.01144245,0.66871600,USDT
2024-07-12T06:45:00Z,BTC/USDT,buy,57327.63949500,0.01169633,0.67052299,USDT
2024-07-12T07:15:00Z,BTC/USDT,stop_sell,57134.92931589,0.01169633,0.66826899,USDT
2024-07-12T13:30:00Z,BTC/USDT,buy,57584.62792500,0.01165077,0.67090526,USDT
2024-07-12T18:30:00Z,BTC/USDT,sell,58070.14040500,0.01165077,0.67656185,USDT
2024-07-13T09:45:00Z,BTC/USDT,buy,58342.68676500,0.01150542,0.67125712,USDT
2024-07-13T11:15:00Z,BTC/USDT,sell,58378.23628000,0.01150542,0.67166613,USDT
2024-07-13T13:00:00Z,BTC/USDT,buy,58812.88174500,0.01141216,0.67118202,USDT
2024-07-13T13:45:00Z,BTC/USDT,sell,58568.59105500,0.01141216,0.66839413,USDT
2024-07-13T15:45:00Z,BTC/USDT,buy,58807.94928000,0.0114022,0.67054000,USDT
2024-07-13T16:30:00Z,BTC/USDT,sell,58635.00783000,0.0114022,0.66856809,USDT
2024-07-13T22:45:00Z,BTC/USDT,buy,58888.83970500,0.01139893,0.67126976,USDT
2024-07-14T02:30:00Z,BTC/USDT,sell,59294.34799500,0.01139893,0.67589212,USDT
2024-07-14T08:30:00Z,BTC/USDT,buy,60289.12950000,0.01111555,0.67014683,USDT
2024-07-14T10:15:00Z,BTC/USDT,sell,60117.77607500,0.01111555,0.66824215,USDT
2024-07-14T20:45:00Z,BTC/USDT,buy,60205.56774000,0.0111357,0.67043114,USDT
2024-07-14T21:00:00Z,BTC/USDT,stop_sell,60023.60853946,0.0111357,0.66840490,USDT
2024-07-14T21:30:00Z,BTC/USDT,buy,60788.83923000,0.01101993,0.66988875,USDT
2024-07-15T00:00:00Z,BTC/USDT,sell,60797.06626000,0.01101993,0.66997941,USDT
2024-07-15T02:30:00Z,BTC/USDT,buy,62141.00497500,0.01078547,0.67021994,USDT
2024-07-15T09:15:00Z,BTC/USDT,sell,62644.75195500,0.01078547,0.67565309,USDT
2024-07-15T15:00:00Z,BTC/USDT,buy,63200.27434500,0.01061117,0.67062886,USDT
2024-07-15T17:45:00Z,BTC/USDT,sell,63261.32351500,0.01061117,0.67127666,USDT
2024-07-15T22:15:00Z,BTC/USDT,buy,63986.47725000,0.01047938,0.67053861,USDT
2024-07-16T02:30:00Z,BTC/USDT,sell,64500.61356000,0.01047938,0.67592644,USDT
2024-07-16T12:30:00Z,BTC/USDT,buy,63924.92649000,0.01049376,0.67081284,USDT
2024-07-16T13:15:00Z,BTC/USDT,stop_sell,63521.11998036,0.01049376,0.66657539,USDT
2024-07-16T15:15:00Z,BTC/USDT,buy,64061.72485500,0.01046458,0.67037904,USDT
2024-07-16T17:15:00Z,BTC/USDT,sell,64179.99395000,0.01046458,0.67161668,USDT
2024-07-16T23:30:00Z,BTC/USDT,buy,65046.93721500,0.01029225,0.66947934,USDT
2024-07-17T03:15:00Z,BTC/USDT,sell,65428.55935500,0.01029225,0.67340709,USDT
2024-07-18T13:15:00Z,BTC/USDT,buy,65040.04377000,0.0103039,0.67016611,USDT
2024-07-18T13:30:00Z,BTC/USDT,stop_sell,64786.57300875,0.0103039,0.66755437,USDT
2024-07-19T03:45:00Z,BTC/USDT,buy,64235.69179500,0.01043425,0.67025127,USDT
2024-07-19T07:00:00Z,BTC/USDT,sell,64145.91100000,0.01043425,0.66931447,USDT
2024-07-19T13:00:00Z,BTC/USDT,buy,64329.49867500,0.01041622,0.67007021,USDT
2024-07-19T21:45:00Z,BTC/USDT,sell,66897.19467000,0.01041622,0.69681590,USDT
2024-07-20T14:45:00Z,BTC/USDT,buy,66667.43706000,0.01006872,0.67125576,USDT
2024-07-20T14:45:00Z,BTC/USDT,stop_sell,66518.82823357,0.01006872,0.66975946,USDT
2024-07-20T16:00:00Z,BTC/USDT,buy,66821.40400500,0.01005168,0.67166737,USDT
2024-07-20T19:45:00Z,BTC/USDT,sell,67271.81726500,0.01005168,0.67619478,USDT
2024-07-21T02:45:00Z,BTC/USDT,buy,67441.85407500,0.00996608,0.67213091,USDT
2024-07-21T03:15:00Z,BTC/USDT,stop_sell,67215.23878268,0.00996608,0.66987245,USDT
2024-07-21T14:30:00Z,BTC/USDT,buy,67182.32437500,0.00999934,0.67177890,USDT
2024-07-21T16:00:00Z,BTC/USDT,sell,67161.39250500,0.00999934,0.67156960,USDT
2024-07-21T17:00:00Z,BTC/USDT,buy,67602.78450000,0.00994158,0.67207849,USDT
2024-07-21T17:45:00Z,BTC/USDT,stop_sell,67199.48630571,0.00994158,0.66806907,USDT
2024-07-21T20:30:00Z,BTC/USDT,buy,68034.00000000,0.00986694,0.67128740,USDT
2024-07-22T01:15:00Z,BTC/USDT,sell,67966.00000000,0.00986694,0.67061644,USDT
2024-07-22T20:00:00Z,BTC/USDT,buy,68034.00000000,0.00986457,0.67112616,USDT
2024-07-22T21:00:00Z,BTC/USDT,stop_sell,67678.38066732,0.00986457,0.66761812,USDT
2024-07-24T11:15:00Z,BTC/USDT,buy,66508.96786500,0.01007392,0.67000602,USDT
2024-07-24T11:45:00Z,BTC/USDT,sell,66371.46766500,0.01007392,0.66862086,USDT
2024-07-24T13:30:00Z,BTC/USDT,buy,66660.91380000,0.01004833,0.66983086,USDT
2024-07-24T13:45:00Z,BTC/USDT,stop_sell,66448.55124679,0.01004833,0.66769697,USDT
2024-07-25T09:15:00Z,BTC/USDT,buy,64430.36908500,0.01040258,0.67024207,USDT
2024-07-25T10:00:00Z,BTC/USDT,sell,64276.85549500,0.01040258,0.66864513,USDT
2024-07-25T14:45:00Z,BTC/USDT,buy,64741.52458500,0.0103575,0.67056034,USDT
2024-07-25T18:30:00Z,BTC/USDT,sell,64812.87735000,0.0103575,0.67129938,USDT
2024-07-25T21:15:00Z,BTC/USDT,buy,65439.77353500,0.01023863,0.67001363,USDT
2024-07-26T05:45:00Z,BTC/USDT,sell,66873.14670000,0.01023863,0.68468941,USDT
2024-07-26T13:45:00Z,BTC/USDT,buy,67612.88955000,0.00992225,0.67087199,USDT
2024-07-26T14:15:00Z,BTC/USDT,stop_sell,67296.31179732,0.00992225,0.66773083,USDT
2024-07-26T19:30:00Z,BTC/USDT,buy,67733.85000000,0.0099015,0.67066672,USDT
2024-07-26T20:30:00Z,BTC/USDT,stop_sell,67439.79002232,0.0099015,0.66775508,USDT
2024-07-27T07:30:00Z,BTC/USDT,buy,68116.01098500,0.00984334,0.67048906,USDT
2024-07-27T08:30:00Z,BTC/USDT,sell,67963.19140500,0.00984334,0.66898480,USDT
2024-07-27T12:15:00Z,BTC/USDT,buy,68356.80132000,0.00979835,0.66978386,USDT
2024-07-27T15:15:00Z,BTC/USDT,sell,68767.53903000,0.00979835,0.67380842,USDT
2024-07-28T11:30:00Z,BTC/USDT,buy,67801.74393000,0.00988664,0.67033143,USDT
2024-07-28T14:30:00Z,BTC/USDT,sell,67734.18596500,0.00988664,0.66966351,USDT
2024-07-29T00:15:00Z,BTC/USDT,buy,68614.04988000,0.00975961,0.66964637,USDT
2024-07-29T01:15:00Z,BTC/USDT,stop_sell,68358.52364000,0.00975961,0.66715253,USDT
2024-07-29T02:30:00Z,BTC/USDT,buy,69233.46943500,0.00967219,0.66963927,USDT
2024-07-29T07:15:00Z,BTC/USDT,sell,69453.05610000,0.00967219,0.67176315,USDT
2024-07-29T13:15:00Z,BTC/USDT,buy,69924.94500000,0.0095804,0.66990894,USDT
2024-07-29T13:30:00Z,BTC/USDT,sell,69598.17350500,0.0095804,0.66677834,USDT
2024-07-30T07:15:00Z,BTC/USDT,buy,66845.89624500,0.01001725,0.66961205,USDT
2024-07-30T09:00:00Z,BTC/USDT,sell,66829.87834500,0.01001725,0.66945160,USDT
2024-07-31T13:30:00Z,BTC/USDT,buy,66434.68074000,0.01007401,0.66926364,USDT
2024-07-31T14:15:00Z,BTC/USDT,stop_sell,66221.77433482,0.01007401,0.66711882,USDT
2024-08-01T09:15:00Z,BTC/USDT,buy,64660.17393000,0.01034581,0.66896187,USDT
2024-08-01T10:00:00Z,BTC/USDT,sell,64418.82447500,0.01034581,0.66646492,USDT
2024-08-01T20:45:00Z,BTC/USDT,buy,64246.06698000,0.0104201,0.66945044,USDT
2024-08-02T00:45:00Z,BTC/USDT,sell,65102.42250500,0.0104201,0.67837375,USDT
2024-08-02T13:30:00Z,BTC/USDT,buy,64928.07781500,0.01031067,0.66945198,USDT
2024-08-02T14:15:00Z,BTC/USDT,sell,64584.33168000,0.01031067,0.66590773,USDT
2024-08-03T11:30:00Z,BTC/USDT,buy,61881.27517500,0.01081313,0.66913027,USDT
2024-08-03T13:30:00Z,BTC/USDT,sell,61886.43130500,0.01081313,0.66918603,USDT
2024-08-04T13:00:00Z,BTC/USDT,buy,61124.97721500,0.01095238,0.66946398,USDT
2024-08-04T13:15:00Z,BTC/USDT,stop_sell,60817.18298232,0.01095238,0.66609290,USDT
2024-08-05T14:15:00Z,BTC/USDT,buy,53045.66958000,0.0126039,0.66858231,USDT
2024-08-05T18:30:00Z,BTC/USDT,sell,54013.00998500,0.0126039,0.68077458,USDT
2024-08-06T00:30:00Z,BTC/USDT,buy,55599.17569500,0.01204065,0.66945021,USDT
2024-08-06T04:00:00Z,BTC/USDT,sell,55610.59079500,0.01204065,0.66958766,USDT
2024-08-06T14:15:00Z,BTC/USDT,buy,56232.31210500,0.01190096,0.66921850,USDT
2024-08-06T18:00:00Z,BTC/USDT,sell,56504.02385500,0.01190096,0.67245213,USDT
2024-08-07T02:30:00Z,BTC/USDT,buy,57131.23134000,0.01169412,0.66809948,USDT
2024-08-07T02:45:00Z,BTC/USDT,stop_sell,56594.43398446,0.01169412,0.66182210,USDT
2024-08-07T09:15:00Z,BTC/USDT,buy,57355.00317000,0.01165598,0.66852877,USDT
2024-08-07T11:00:00Z,BTC/USDT,sell,57316.15758500,0.01165598,0.66807599,USDT
2024-08-08T01:45:00Z,BTC/USDT,buy,57028.48999500,0.01181724,0.67391935,USDT
2024-08-08T04:45:00Z,BTC/USDT,sell,56819.03627000,0.01181724,0.67144419,USDT
2024-08-08T12:45:00Z,BTC/USDT,buy,58056.51375000,0.01150648,0.66802611,USDT
2024-08-08T13:30:00Z,BTC/USDT,stop_sell,57635.92869089,0.01150648,0.66318666,USDT
2024-08-08T14:45:00Z,BTC/USDT,buy,58382.18650500,0.01144087,0.66794301,USDT
2024-08-08T19:00:00Z,BTC/USDT,sell,59316.93669500,0.01144087,0.67863736,USDT
2024-08-08T21:45:00Z,BTC/USDT,buy,60579.23448000,0.01104525,0.66911279,USDT
2024-08-09T00:45:00Z,BTC/USDT,sell,61353.98766000,0.01104525,0.67767013,USDT
2024-08-09T19:45:00Z,BTC/USDT,buy,60621.71571000,0.01103514,0.66896912,USDT
2024-08-09T21:00:00Z,BTC/USDT,stop_sell,60171.69374554,0.01103514,0.66400306,USDT
2024-08-10T09:30:00Z,BTC/USDT,buy,60878.46402000,0.01098928,0.66901049,USDT
2024-08-10T10:15:00Z,BTC/USDT,stop_sell,60652.88874196,0.01098928,0.66653158,USDT
2024-08-10T18:45:00Z,BTC/USDT,buy,61106.75811000,0.01093621,0.66827634,USDT
2024-08-10T19:00:00Z,BTC/USDT,stop_sell,60837.03947768,0.01093621,0.66532664,USDT
2024-08-10T21:15:00Z,BTC/USDT,buy,61112.86116000,0.01092329,0.66755351,USDT
2024-08-10T21:45:00Z,BTC/USDT,sell,60994.10769000,0.01092329,0.66625633,USDT
2024-08-11T09:30:00Z,BTC/USDT,buy,61483.95661500,0.010865,0.66802319,USDT
2024-08-11T09:30:00Z,BTC/USDT,stop_sell,61245.65328286,0.010865,0.66543402,USDT
2024-08-12T11:15:00Z,BTC/USDT,buy,59434.45237500,0.01123258,0.66760224,USDT
2024-08-12T13:30:00Z,BTC/USDT,stop_sell,58968.96005607,0.01123258,0.66237356,USDT
2024-08-12T14:45:00Z,BTC/USDT,buy,60232.77133500,0.01107073,0.66682075,USDT
2024-08-12T15:15:00Z,BTC/USDT,stop_sell,59371.35947000,0.01107073,0.65728429,USDT
2024-08-13T00:15:00Z,BTC/USDT,buy,59393.98215000,0.01120445,0.66547690,USDT
2024-08-13T02:15:00Z,BTC/USDT,sell,59402.55386500,0.01120445,0.66557294,USDT
2024-08-13T13:45:00Z,BTC/USDT,buy,59195.11276500,0.01125086,0.66599593,USDT
2024-08-13T16:00:00Z,BTC/USDT,sell,59449.95015500,0.01125086,0.66886307,USDT
2024-08-13T16:15:00Z,BTC/USDT,buy,59642.96658000,0.01115666,0.66541630,USDT
2024-08-13T19:15:00Z,BTC/USDT,sell,60556.40665000,0.01115666,0.67560724,USDT
2024-08-14T04:00:00Z,BTC/USDT,buy,60965.46750000,0.01094036,0.66698416,USDT
2024-08-14T06:00:00Z,BTC/USDT,sell,60772.96831500,0.01094036,0.66487815,USDT
2024-08-14T12:30:00Z,BTC/USDT,buy,61530.75000000,0.01083466,0.66666476,USDT
2024-08-14T12:30:00Z,BTC/USDT,stop_sell,61207.53235286,0.01083466,0.66316280,USDT
2024-08-15T12:15:00Z,BTC/USDT,buy,58770.39051000,0.01133671,0.66626287,USDT
2024-08-15T17:15:00Z,BTC/USDT,sell,59353.29850500,0.01133671,0.67287113,USDT
2024-08-16T02:45:00Z,BTC/USDT,buy,58263.24706500,0.0114515,0.66720157,USDT
2024-08-16T03:45:00Z,BTC/USDT,stop_sell,57829.69283179,0.0114515,0.66223673,USDT
2024-08-16T05:00:00Z,BTC/USDT,buy,58329.15000000,0.011422,0.66623555,USDT
2024-08-16T08:30:00Z,BTC/USDT,sell,58414.46815500,0.011422,0.66721006,USDT
2024-08-16T18:45:00Z,BTC/USDT,buy,59432.51140500,0.01120966,0.66621825,USDT
2024-08-16T20:45:00Z,BTC/USDT,sell,59255.59738000,0.01120966,0.66423510,USDT
2024-08-17T15:15:00Z,BTC/USDT,buy,59547.94909500,0.01118261,0.66590149,USDT
2024-08-17T15:15:00Z,BTC/USDT,stop_sell,59292.00666625,0.01118261,0.66303939,USDT
2024-08-18T03:00:00Z,BTC/USDT,buy,60080.78538000,0.01107994,0.66569150,USDT
2024-08-18T03:00:00Z,BTC/USDT,stop_sell,59759.35537500,0.01107994,0.66213007,USDT
2024-08-18T13:15:00Z,BTC/USDT,buy,60135.19257000,0.01104551,0.66422387,USDT
2024-08-18T13:45:00Z,BTC/USDT,stop_sell,59907.01793536,0.01104551,0.66170357,USDT
2024-08-19T23:00:00Z,BTC/USDT,buy,59287.92915000,0.01121743,0.66505820,USDT
2024-08-20T07:15:00Z,BTC/USDT,sell,60788.94032500,0.01121743,0.68189568,USDT
2024-08-21T06:30:00Z,BTC/USDT,buy,59672.91154500,0.01116267,0.66610902,USDT
2024-08-21T08:00:00Z,BTC/USDT,stop_sell,59416.29449125,0.01116267,0.66324449,USDT
2024-08-21T14:00:00Z,BTC/USDT,buy,59915.23264500,0.01108157,0.66395484,USDT
2024-08-21T14:00:00Z,BTC/USDT,stop_sell,59662.03548786,0.01108157,0.66114902,USDT
2024-08-21T18:45:00Z,BTC/USDT,buy,60489.48963000,0.01100448,0.66565538,USDT
2024-08-21T21:15:00Z,BTC/USDT,sell,60961.31409500,0.01100448,0.67084756,USDT
2024-08-22T08:00:00Z,BTC/USDT,buy,61034.08179000,0.01090772,0.66574267,USDT
2024-08-22T09:15:00Z,BTC/USDT,sell,60824.77240000,0.01090772,0.66345959,USDT
2024-08-22T10:45:00Z,BTC/USDT,buy,61238.41390500,0.01087192,0.66577914,USDT
2024-08-22T12:30:00Z,BTC/USDT,stop_sell,60959.99868161,0.01087192,0.66275223,USDT
2024-08-22T21:00:00Z,BTC/USDT,buy,60694.76221500,0.01096374,0.66544159,USDT
2024-08-22T22:45:00Z,BTC/USDT,sell,60470.86944000,0.01096374,0.66298689,USDT
2024-08-23T00:45:00Z,BTC/USDT,buy,60838.93426500,0.01090607,0.66351368,USDT
2024-08-23T00:45:00Z,BTC/USDT,stop_sell,60716.39518714,0.01090607,0.66217726,USDT
2024-08-23T05:30:00Z,BTC/USDT,buy,61044.96723000,0.01088958,0.66475405,USDT
2024-08-23T05:45:00Z,BTC/USDT,stop_sell,60799.81488500,0.01088958,0.66208445,USDT
2024-08-23T14:15:00Z,BTC/USDT,buy,62113.93144500,0.01071226,0.66538058,USDT
2024-08-23T14:15:00Z,BTC/USDT,stop_sell,61633.42608518,0.01071226,0.66023328,USDT
2024-08-23T18:00:00Z,BTC/USDT,buy,63031.48999500,0.01053058,0.66375815,USDT
2024-08-23T23:30:00Z,BTC/USDT,sell,64090.81856000,0.01053058,0.67491349,USDT
2024-08-24T16:30:00Z,BTC/USDT,buy,64283.67577500,0.01031861,0.66331818,USDT
2024-08-24T16:45:00Z,BTC/USDT,stop_sell,64143.70246196,0.01031861,0.66187385,USDT
2024-08-24T18:30:00Z,BTC/USDT,buy,64410.54918000,0.01031516,0.66440512,USDT
2024-08-24T20:00:00Z,BTC/USDT,sell,64237.80503000,0.01031516,0.66262324,USDT
2024-08-25T13:30:00Z,BTC/USDT,buy,64132.05000000,0.01036568,0.66477231,USDT
2024-08-25T15:45:00Z,BTC/USDT,sell,64058.10492500,0.01036568,0.66400582,USDT
2024-08-25T21:30:00Z,BTC/USDT,buy,64524.80628000,0.01029686,0.66440290,USDT
2024-08-25T21:30:00Z,BTC/USDT,stop_sell,64246.29542554,0.01029686,0.66153511,USDT
2024-08-25T22:15:00Z,BTC/USDT,buy,64542.83529000,0.01028108,0.66357005,USDT
2024-08-25T22:30:00Z,BTC/USDT,stop_sell,64284.29391679,0.01028108,0.66091197,USDT
2024-08-28T10:00:00Z,BTC/USDT,buy,60170.65029000,0.01102067,0.66312088,USDT
2024-08-28T10:45:00Z,BTC/USDT,stop_sell,59767.97213589,0.01102067,0.65868310,USDT
2024-08-29T04:30:00Z,BTC/USDT,buy,59201.27584500,0.011188,0.66234387,USDT
2024-08-29T08:15:00Z,BTC/USDT,sell,59484.70277000,0.011188,0.66551485,USDT
2024-08-29T11:45:00Z,BTC/USDT,buy,60179.45469000,0.01101509,0.66288211,USDT
2024-08-29T16:30:00Z,BTC/USDT,sell,60576.35667000,0.01101509,0.66725402,USDT
2024-08-30T12:45:00Z,BTC/USDT,buy,59668.61940000,0.01111141,0.66300249,USDT
2024-08-30T13:45:00Z,BTC/USDT,sell,59482.21401500,0.01111141,0.66093127,USDT
2024-08-31T01:15:00Z,BTC/USDT,buy,59313.46191000,0.01116557,0.66226861,USDT
2024-08-31T02:00:00Z,BTC/USDT,sell,59213.78829500,0.01116557,0.66115570,USDT
2024-09-02T10:00:00Z,BTC/USDT,buy,58430.70075000,0.01134189,0.66271458,USDT
2024-09-02T12:15:00Z,BTC/USDT,sell,58277.15684500,0.01134189,0.66097310,USDT
2024-09-02T21:00:00Z,BTC/USDT,buy,59075.88318000,0.01121695,0.66265123,USDT
2024-09-03T00:45:00Z,BTC/USDT,sell,59045.22262000,0.01121695,0.66230731,USDT
2024-09-03T02:15:00Z,BTC/USDT,buy,59789.27970000,0.01108542,0.66278928,USDT
2024-09-03T02:30:00Z,BTC/USDT,stop_sell,59453.93030679,0.01108542,0.65907179,USDT
2024-09-04T07:45:00Z,BTC/USDT,buy,56884.99828500,0.01162744,0.66142690,USDT
2024-09-04T09:45:00Z,BTC/USDT,stop_sell,56594.72062679,0.01162744,0.65805172,USDT
2024-09-04T14:45:00Z,BTC/USDT,buy,57089.43045000,0.01159572,0.66199305,USDT
2024-09-04T17:45:00Z,BTC/USDT,sell,57917.09696500,0.01159572,0.67159044,USDT
2024-09-06T01:45:00Z,BTC/USDT,buy,56514.70323000,0.01172239,0.66248739,USDT
2024-09-06T04:00:00Z,BTC/USDT,sell,56553.67901500,0.01172239,0.66294428,USDT
2024-09-06T12:45:00Z,BTC/USDT,buy,56537.59467000,0.01166844,0.65970553,USDT
2024-09-06T13:30:00Z,BTC/USDT,stop_sell,56389.71068304,0.01166844,0.65797996,USDT
2024-09-07T07:15:00Z,BTC/USDT,buy,54523.74825000,0.01214271,0.66206606,USDT
2024-09-07T09:30:00Z,BTC/USDT,sell,54358.21729500,0.01214271,0.66005607,USDT
2024-09-07T15:30:00Z,BTC/USDT,buy,54833.10285000,0.01207112,0.66189696,USDT
2024-09-07T16:30:00Z,BTC/USDT,sell,54656.19823000,0.01207112,0.65976153,USDT
2024-09-08T09:15:00Z,BTC/USDT,buy,54665.28898500,0.01210857,0.66191848,USDT
2024-09-08T11:45:00Z,BTC/USDT,sell,54515.59856500,0.01210857,0.66010594,USDT
2024-09-08T18:00:00Z,BTC/USDT,buy,54464.43861000,0.01213813,0.66109644,USDT
2024-09-08T20:15:00Z,BTC/USDT,sell,54321.17582500,0.01213813,0.65935749,USDT
2024-09-08T21:15:00Z,BTC/USDT,buy,54594.72372000,0.01211158,0.66122836,USDT
2024-09-08T21:15:00Z,BTC/USDT,stop_sell,54332.81357464,0.01211158,0.65805622,USDT
2024-09-08T22:30:00Z,BTC/USDT,buy,55200.24633000,0.01196232,0.66032301,USDT
2024-09-08T22:30:00Z,BTC/USDT,stop_sell,54887.50823143,0.01196232,0.65658194,USDT
2024-09-09T09:15:00Z,BTC/USDT,buy,55348.06020000,0.01194435,0.66109660,USDT
2024-09-09T11:45:00Z,BTC/USDT,sell,55187.10264500,0.01194435,0.65917407,USDT
2024-09-09T13:45:00Z,BTC/USDT,buy,55465.03866000,0.0118987,0.65996186,USDT
2024-09-09T14:15:00Z,BTC/USDT,stop_sell,55175.59590125,0.0118987,0.65651786,USDT
2024-09-09T16:15:00Z,BTC/USDT,buy,55889.79093000,0.01179931,0.65946097,USDT
2024-09-09T23:15:00Z,BTC/USDT,sell,57021.34506500,0.01179931,0.67281253,USDT
2024-09-10T07:30:00Z,BTC/USDT,buy,56993.21236500,0.01158774,0.66042253,USDT
2024-09-10T09:15:00Z,BTC/USDT,sell,56920.83534500,0.01158774,0.65958384,USDT
2024-09-10T18:30:00Z,BTC/USDT,buy,57464.73801000,0.01148109,0.65975783,USDT
2024-09-10T21:00:00Z,BTC/USDT,sell,57604.86316000,0.01148109,0.66136662,USDT
2024-09-11T13:15:00Z,BTC/USDT,buy,56974.57305000,0.0115987,0.66083098,USDT
2024-09-11T13:30:00Z,BTC/USDT,stop_sell,56573.40664625,0.0115987,0.65617797,USDT
2024-09-11T16:45:00Z,BTC/USDT,buy,57178.57500000,0.0115392,0.65979501,USDT
2024-09-11T19:00:00Z,BTC/USDT,sell,57441.91467500,0.0115392,0.66283374,USDT
2024-09-12T02:00:00Z,BTC/USDT,buy,58112.62179000,0.01135942,0.66012568,USDT
2024-09-12T05:30:00Z,BTC/USDT,sell,58163.94348000,0.01135942,0.66070866,USDT
2024-09-12T18:00:00Z,BTC/USDT,buy,58348.28956500,0.01130922,0.65987364,USDT
2024-09-12T18:45:00Z,BTC/USDT,stop_sell,57950.76940607,0.01130922,0.65537800,USDT
2024-09-13T10:15:00Z,BTC/USDT,buy,58093.60228500,0.01134568,0.65911142,USDT
2024-09-13T11:45:00Z,BTC/USDT,stop_sell,57945.41636964,0.01134568,0.65743015,USDT
2024-09-13T15:00:00Z,BTC/USDT,buy,58426.42861500,0.01128158,0.65914243,USDT
2024-09-14T00:45:00Z,BTC/USDT,sell,60314.82750000,0.01128158,0.68044655,USDT
2024-09-14T20:30:00Z,BTC/USDT,buy,60007.38870000,0.01100912,0.66062854,USDT
2024-09-14T22:15:00Z,BTC/USDT,sell,59887.76114000,0.01100912,0.65931155,USDT
2024-09-17T06:00:00Z,BTC/USDT,buy,58651.46107500,0.01125939,0.66037967,USDT
2024-09-17T13:45:00Z,BTC/USDT,sell,59006.79184500,0.01125939,0.66438048,USDT
2024-09-17T14:15:00Z,BTC/USDT,buy,59762.37625500,0.01107722,0.66200099,USDT
2024-09-17T19:00:00Z,BTC/USDT,sell,60534.41765000,0.01107722,0.67055306,USDT
2024-09-18T03:15:00Z,BTC/USDT,buy,60639.34452000,0.01090617,0.66134300,USDT
2024-09-18T04:45:00Z,BTC/USDT,stop_sell,60326.78937321,0.01090617,0.65793422,USDT
2024-09-18T18:15:00Z,BTC/USDT,buy,60233.51170500,0.01097228,0.66089896,USDT
2024-09-18T19:45:00Z,BTC/USDT,sell,60241.08439000,0.01097228,0.66098205,USDT
2024-09-19T00:00:00Z,BTC/USDT,buy,61511.60043000,0.01074383,0.66087018,USDT
2024-09-19T04:30:00Z,BTC/USDT,sell,61882.86309000,0.01074383,0.66485896,USDT
2024-09-19T10:15:00Z,BTC/USDT,buy,62521.24500000,0.01057341,0.66106276,USDT
2024-09-19T11:00:00Z,BTC/USDT,stop_sell,62289.96765018,0.01057341,0.65861737,USDT
2024-09-19T12:15:00Z,BTC/USDT,buy,62851.31995500,0.01049895,0.65987287,USDT
2024-09-19T13:45:00Z,BTC/USDT,sell,62943.06272500,0.01049895,0.66083607,USDT
2024-09-20T04:15:00Z,BTC/USDT,buy,63972.30016500,0.01030938,0.65951475,USDT
2024-09-20T04:15:00Z,BTC/USDT,stop_sell,63716.53508107,0.01030938,0.65687797,USDT
2024-09-21T13:00:00Z,BTC/USDT,buy,63151.56000000,0.01045796,0.66043649,USDT
2024-09-21T13:00:00Z,BTC/USDT,stop_sell,62993.61243750,0.01045796,0.65878468,USDT
2024-09-22T00:00:00Z,BTC/USDT,buy,63387.24778500,0.01040632,0.65962798,USDT
2024-09-22T00:00:00Z,BTC/USDT,stop_sell,63230.72810607,0.01040632,0.65799919,USDT
2024-09-22T17:45:00Z,BTC/USDT,buy,62931.45000000,0.01048701,0.65996275,USDT
2024-09-22T21:45:00Z,BTC/USDT,sell,63008.21013500,0.01048701,0.66076773,USDT
2024-09-22T22:45:00Z,BTC/USDT,buy,63493.77102000,0.01039605,0.66008442,USDT
2024-09-23T00:00:00Z,BTC/USDT,stop_sell,63046.82724536,0.01039605,0.65543797,USDT
2024-09-23T03:15:00Z,BTC/USDT,buy,64244.56623000,0.01025177,0.65862052,USDT
2024-09-23T04:30:00Z,BTC/USDT,sell,63955.89605500,0.01025177,0.65566114,USDT
2024-09-24T09:00:00Z,BTC/USDT,buy,63843.38574000,0.01031925,0.65881586,USDT
2024-09-24T09:15:00Z,BTC/USDT,stop_sell,63623.89428179,0.01031925,0.65655087,USDT
2024-09-24T17:45:00Z,BTC/USDT,buy,63831.90000000,0.0103211,0.65881542,USDT
2024-09-24T21:45:00Z,BTC/USDT,sell,63958.99450500,0.0103211,0.66012718,USDT
2024-09-25T15:00:00Z,BTC/USDT,buy,63931.02954000,0.0103117,0.65923760,USDT
2024-09-25T15:45:00Z,BTC/USDT,sell,63702.81266000,0.0103117,0.65688429,USDT
2024-09-26T10:30:00Z,BTC/USDT,buy,64205.08650000,0.01025653,0.65852140,USDT
2024-09-26T14:00:00Z,BTC/USDT,sell,64240.45370500,0.01025653,0.65888414,USDT
2024-09-26T14:15:00Z,BTC/USDT,buy,64732.33999500,0.01017181,0.65844506,USDT
2024-09-26T14:45:00Z,BTC/USDT,stop_sell,64384.30959821,0.01017181,0.65490496,USDT
2024-09-26T15:30:00Z,BTC/USDT,buy,64927.00728000,0.01013535,0.65805794,USDT
2024-09-26T18:00:00Z,BTC/USDT,sell,65175.62588500,0.01013535,0.66057778,USDT
2024-09-27T07:30:00Z,BTC/USDT,buy,65482.51489500,0.01003979,0.65743070,USDT
2024-09-27T10:15:00Z,BTC/USDT,sell,65549.60880000,0.01003979,0.65810431,USDT
2024-09-27T14:15:00Z,BTC/USDT,buy,66078.16257000,0.00997758,0.65930015,USDT
2024-09-27T16:00:00Z,BTC/USDT,sell,65940.18341500,0.00997758,0.65792346,USDT
2024-09-27T22:30:00Z,BTC/USDT,buy,65932.93999500,0.0099781,0.65788547,USDT
2024-09-27T23:15:00Z,BTC/USDT,stop_sell,65700.53651268,0.0099781,0.65556652,USDT
2024-09-28T02:45:00Z,BTC/USDT,buy,66105.28612500,0.00993876,0.65700457,USDT
2024-09-28T03:45:00Z,BTC/USDT,stop_sell,65917.03499500,0.00993876,0.65513359,USDT
2024-09-29T11:45:00Z,BTC/USDT,buy,65666.59689000,0.00999839,0.65656025,USDT
2024-09-29T13:00:00Z,BTC/USDT,stop_sell,65536.84197232,0.00999839,0.65526291,USDT
2024-09-29T18:00:00Z,BTC/USDT,buy,65919.40323000,0.00996868,0.65712944,USDT
2024-09-29T18:30:00Z,BTC/USDT,sell,65754.60625000,0.00996868,0.65548663,USDT
2024-09-29T20:15:00Z,BTC/USDT,buy,65961.27415500,0.00996148,0.65707191,USDT
2024-09-29T21:00:00Z,BTC/USDT,sell,65822.32237500,0.00996148,0.65568775,USDT
2024-10-01T07:45:00Z,BTC/USDT,buy,64020.01401000,0.01024943,0.65616865,USDT
2024-10-01T08:45:00Z,BTC/USDT,sell,63835.36635000,0.01024943,0.65427612,USDT
2024-10-02T16:15:00Z,BTC/USDT,buy,62184.03648000,0.01055145,0.65613175,USDT
2024-10-02T17:00:00Z,BTC/USDT,stop_sell,61662.13493786,0.01055145,0.65062493,USDT
2024-10-03T20:00:00Z,BTC/USDT,buy,61021.98574500,0.01074558,0.65571663,USDT
2024-10-03T21:00:00Z,BTC/USDT,sell,60806.84137000,0.01074558,0.65340478,USDT
2024-10-04T02:00:00Z,BTC/USDT,buy,61189.35939000,0.01070848,0.65524503,USDT
2024-10-04T03:00:00Z,BTC/USDT,stop_sell,60909.31046696,0.01070848,0.65224613,USDT
2024-10-04T08:30:00Z,BTC/USDT,buy,61563.22623000,0.01064341,0.65524266,USDT
2024-10-04T09:30:00Z,BTC/USDT,stop_sell,61307.20463464,0.01064341,0.65251771,USDT
2024-10-04T12:45:00Z,BTC/USDT,buy,61575.89256000,0.01063186,0.65466627,USDT
2024-10-04T13:30:00Z,BTC/USDT,sell,61448.04061000,0.01063186,0.65330697,USDT
2024-10-04T16:00:00Z,BTC/USDT,buy,61838.00355000,0.01058744,0.65470615,USDT
2024-10-04T21:45:00Z,BTC/USDT,sell,62135.02694500,0.01058744,0.65785087,USDT
2024-10-05T13:00:00Z,BTC/USDT,buy,62181.07500000,0.01053139,0.65485315,USDT
2024-10-05T13:45:00Z,BTC/USDT,sell,62076.16639000,0.01053139,0.65374832,USDT
2024-10-06T13:15:00Z,BTC/USDT,buy,62146.79787000,0.01052425,0.65404844,USDT
2024-10-06T20:00:00Z,BTC/USDT,sell,62613.89739000,0.01052425,0.65896431,USDT
2024-10-07T00:45:00Z,BTC/USDT,buy,63188.32837500,0.01036502,0.65494829,USDT
2024-10-07T03:45:00Z,BTC/USDT,sell,63354.49690500,0.01036502,0.65667063,USDT
2024-10-07T14:15:00Z,BTC/USDT,buy,63751.63989000,0.01026254,0.65425375,USDT
2024-10-07T16:00:00Z,BTC/USDT,sell,63633.53731500,0.01026254,0.65304172,USDT
2024-10-08T13:30:00Z,BTC/USDT,buy,62719.88427000,0.01043783,0.65465949,USDT
2024-10-08T14:15:00Z,BTC/USDT,stop_sell,62513.29343143,0.01043783,0.65250313,USDT
2024-10-11T02:00:00Z,BTC/USDT,buy,60582.56614500,0.0108006,0.65432806,USDT
2024-10-11T06:30:00Z,BTC/USDT,sell,60716.93634500,0.0108006,0.65577934,USDT
2024-10-11T11:30:00Z,BTC/USDT,buy,61149.74959500,0.01070118,0.65437448,USDT
2024-10-11T22:00:00Z,BTC/USDT,sell,62718.63499500,0.01070118,0.67116340,USDT
2024-10-12T10:00:00Z,BTC/USDT,buy,62753.46105000,0.01043874,0.65506706,USDT
2024-10-12T12:45:00Z,BTC/USDT,sell,62875.24665000,0.01043874,0.65633835,USDT
2024-10-12T13:15:00Z,BTC/USDT,buy,63115.85215500,0.01038959,0.65574783,USDT
2024-10-12T15:45:00Z,BTC/USDT,sell,63108.30006500,0.01038959,0.65566936,USDT
2024-10-13T21:45:00Z,BTC/USDT,buy,62867.41800000,0.01041923,0.65503009,USDT
2024-10-13T22:30:00Z,BTC/USDT,sell,62787.41059000,0.01041923,0.65419647,USDT
2024-10-14T03:30:00Z,BTC/USDT,buy,63317.83309500,0.01037435,0.65688136,USDT
2024-10-14T13:00:00Z,BTC/USDT,sell,64740.13374000,0.01037435,0.67163681,USDT
2024-10-14T14:00:00Z,BTC/USDT,buy,65126.32689000,0.01008103,0.65654046,USDT
2024-10-14T15:45:00Z,BTC/USDT,sell,65417.27500000,0.01008103,0.65947351,USDT
2024-10-14T22:30:00Z,BTC/USDT,buy,66033.00000000,0.00994456,0.65666913,USDT
2024-10-15T00:15:00Z,BTC/USDT,sell,65961.11294500,0.00994456,0.65595425,USDT
2024-10-15T12:45:00Z,BTC/USDT,buy,65816.77194000,0.00995971,0.65551596,USDT
2024-10-15T14:30:00Z,BTC/USDT,stop_sell,65583.70638554,0.00995971,0.65319470,USDT
2024-10-16T01:30:00Z,BTC/USDT,buy,67476.96162000,0.00972505,0.65621683,USDT
2024-10-16T01:30:00Z,BTC/USDT,stop_sell,67085.26594446,0.00972505,0.65240757,USDT
2024-10-16T10:15:00Z,BTC/USDT,buy,67610.83852500,0.00971181,0.65662362,USDT
2024-10-16T13:00:00Z,BTC/USDT,sell,67815.44531500,0.00971181,0.65861072,USDT
2024-10-18T00:00:00Z,BTC/USDT,buy,67472.15922000,0.00972039,0.65585570,USDT
2024-10-18T00:30:00Z,BTC/USDT,sell,67370.60784500,0.00972039,0.65486858,USDT
2024-10-18T01:15:00Z,BTC/USDT,buy,67491.14871000,0.00971491,0.65567044,USDT
2024-10-18T04:00:00Z,BTC/USDT,sell,67610.96760500,0.00971491,0.65683447,USDT
2024-10-18T06:30:00Z,BTC/USDT,buy,68137.90192500,0.00960913,0.65474596,USDT
2024-10-18T06:45:00Z,BTC/USDT,stop_sell,67951.19276446,0.00960913,0.65295184,USDT
2024-10-18T13:45:00Z,BTC/USDT,buy,68129.41768500,0.00962017,0.65541658,USDT
2024-10-18T13:45:00Z,BTC/USDT,stop_sell,67860.10690161,0.00962017,0.65282576,USDT
2024-10-18T14:00:00Z,BTC/USDT,buy,68233.09950000,0.00961324,0.65594116,USDT
2024-10-18T18:15:00Z,BTC/USDT,sell,68632.76645000,0.00961324,0.65978326,USDT
2024-10-19T03:15:00Z,BTC/USDT,buy,68618.43207000,0.00956264,0.65617336,USDT
2024-10-19T04:00:00Z,BTC/USDT,sell,68453.69603000,0.00956264,0.65459805,USDT
2024-10-20T14:00:00Z,BTC/USDT,buy,68528.07691500,0.00956308,0.65533948,USDT
2024-10-20T15:30:00Z,BTC/USDT,sell,68441.50213000,0.00956308,0.65451156,USDT
2024-10-20T22:30:00Z,BTC/USDT,buy,69034.50000000,0.00948663,0.65490476,USDT
2024-10-21T02:15:00Z,BTC/USDT,sell,69163.35102500,0.00948663,0.65612712,USDT
2024-10-22T06:30:00Z,BTC/USDT,buy,67704.79548000,0.00966121,0.65411025,USDT
2024-10-22T07:00:00Z,BTC/USDT,stop_sell,67525.79806821,0.00966121,0.65238092,USDT
2024-10-22T22:15:00Z,BTC/USDT,buy,67635.07063500,0.0096643,0.65364561,USDT
2024-10-22T23:30:00Z,BTC/USDT,sell,67506.23999500,0.0096643,0.65240056,USDT
2024-10-24T01:00:00Z,BTC/USDT,buy,67431.81906000,0.00971917,0.65538131,USDT
2024-10-24T04:00:00Z,BTC/USDT,sell,67153.38651000,0.00971917,0.65267518,USDT
2024-10-24T13:00:00Z,BTC/USDT,buy,67550.84854500,0.00968351,0.65412932,USDT
2024-10-24T14:30:00Z,BTC/USDT,sell,67498.93365000,0.00968351,0.65362660,USDT
2024-10-24T15:15:00Z,BTC/USDT,buy,67833.90000000,0.00964096,0.65398392,USDT
2024-10-24T15:45:00Z,BTC/USDT,stop_sell,67478.38321607,0.00964096,0.65055639,USDT
2024-10-24T19:30:00Z,BTC/USDT,buy,67963.99501500,0.00961694,0.65360566,USDT
2024-10-24T22:45:00Z,BTC/USDT,sell,68241.16235000,0.00961694,0.65627116,USDT
2024-10-25T11:45:00Z,BTC/USDT,buy,67944.29517000,0.00962291,0.65382184,USDT
2024-10-25T13:30:00Z,BTC/USDT,sell,67967.92903500,0.00962291,0.65404926,USDT
2024-10-25T14:30:00Z,BTC/USDT,buy,68534.25000000,0.00955113,0.65457953,USDT
2024-10-25T15:30:00Z,BTC/USDT,stop_sell,68016.23451304,0.00955113,0.64963190,USDT
2024-10-26T06:45:00Z,BTC/USDT,buy,67174.50046500,0.00970896,0.65219454,USDT
2024-10-26T07:30:00Z,BTC/USDT,sell,67028.95875500,0.00970896,0.65078148,USDT
2024-10-26T18:15:00Z,BTC/USDT,buy,67105.42594500,0.00971558,0.65196813,USDT
2024-10-26T19:00:00Z,BTC/USDT,sell,67022.73187000,0.00971558,0.65116471,USDT
2024-10-26T20:30:00Z,BTC/USDT,buy,67391.26879500,0.00969867,0.65360568,USDT
2024-10-26T21:45:00Z,BTC/USDT,sell,67149.20860000,0.00969867,0.65125801,USDT
2024-10-27T04:00:00Z,BTC/USDT,buy,67343.92513500,0.00968833,0.65245017,USDT
2024-10-27T04:45:00Z,BTC/USDT,sell,67134.84578500,0.00968833,0.65042454,USDT
2024-10-27T13:30:00Z,BTC/USDT,buy,67572.13918500,0.00965138,0.65216439,USDT
2024-10-27T16:30:00Z,BTC/USDT,sell,67573.13653000,0.00965138,0.65217402,USDT
2024-10-27T22:00:00Z,BTC/USDT,buy,67934.95050000,0.00959858,0.65207906,USDT
2024-10-27T23:45:00Z,BTC/USDT,sell,67865.62021500,0.00959858,0.65141358,USDT
2024-10-28T07:15:00Z,BTC/USDT,buy,68335.56070500,0.00953689,0.65170873,USDT
2024-10-28T09:30:00Z,BTC/USDT,sell,68207.88899500,0.00953689,0.65049113,USDT
2024-10-28T10:15:00Z,BTC/USDT,buy,68452.71925500,0.00950243,0.65046717,USDT
2024-10-28T14:00:00Z,BTC/USDT,sell,68768.40859500,0.00950243,0.65346699,USDT
2024-10-28T19:00:00Z,BTC/USDT,buy,69077.81164500,0.00941553,0.65040421,USDT
2024-10-28T23:30:00Z,BTC/USDT,sell,69595.18500000,0.00941553,0.65527555,USDT
2024-10-29T02:00:00Z,BTC/USDT,buy,70035.00000000,0.00931164,0.65214071,USDT
2024-10-29T05:30:00Z,BTC/USDT,sell,70859.80237500,0.00931164,0.65982097,USDT
2024-10-29T15:30:00Z,BTC/USDT,buy,71834.89950000,0.00908542,0.65265023,USDT
2024-10-29T19:45:00Z,BTC/USDT,sell,72428.76750000,0.00908542,0.65804577,USDT
2024-10-30T21:00:00Z,BTC/USDT,buy,72795.43953000,0.00896665,0.65273123,USDT
2024-10-30T21:15:00Z,BTC/USDT,stop_sell,72340.43347482,0.00896665,0.64865135,USDT
2024-10-31T11:00:00Z,BTC/USDT,buy,72679.60164000,0.0089784,0.65254654,USDT
2024-10-31T11:00:00Z,BTC/USDT,stop_sell,72395.83433196,0.0089784,0.64999876,USDT
2024-11-01T12:45:00Z,BTC/USDT,buy,70375.38010500,0.00926849,0.65227351,USDT
2024-11-01T15:30:00Z,BTC/USDT,sell,70653.89538000,0.00926849,0.65485492,USDT
2024-11-03T20:45:00Z,BTC/USDT,buy,68817.20140500,0.00947116,0.65177873,USDT
2024-11-03T22:45:00Z,BTC/USDT,sell,68922.30161000,0.00947116,0.65277415,USDT
2024-11-05T00:15:00Z,BTC/USDT,buy,67920.58332000,0.00958111,0.65075458,USDT
2024-11-05T01:30:00Z,BTC/USDT,sell,67582.63178000,0.00958111,0.64751663,USDT
2024-11-05T05:45:00Z,BTC/USDT,buy,68516.24100000,0.0095153,0.65195259,USDT
2024-11-05T07:30:00Z,BTC/USDT,sell,68540.05283000,0.0095153,0.65217916,USDT
2024-11-05T08:15:00Z,BTC/USDT,buy,68910.72814500,0.00945934,0.65185001,USDT
2024-11-05T09:45:00Z,BTC/USDT,sell,68802.42158000,0.00945934,0.65082550,USDT
2024-11-05T14:30:00Z,BTC/USDT,buy,69306.13575000,0.00940297,0.65168352,USDT
2024-11-05T18:00:00Z,BTC/USDT,sell,70061.43176000,0.00940297,0.65878554,USDT
2024-11-06T00:45:00Z,BTC/USDT,buy,70836.94077000,0.00918579,0.65069326,USDT
2024-11-06T07:30:00Z,BTC/USDT,sell,74300.25129000,0.00918579,0.68250651,USDT
2024-11-06T18:45:00Z,BTC/USDT,buy,74837.40000000,0.00874674,0.65458328,USDT
2024-11-06T23:15:00Z,BTC/USDT,sell,75622.54981000,0.00874674,0.66145078,USDT
2024-11-07T09:00:00Z,BTC/USDT,buy,75109.53600000,0.00872091,0.65502350,USDT
2024-11-07T10:00:00Z,BTC/USDT,stop_sell,74771.20640893,0.00872091,0.65207296,USDT
2024-11-07T15:45:00Z,BTC/USDT,buy,75608.98560000,0.00866439,0.65510574,USDT
2024-11-07T21:00:00Z,BTC/USDT,sell,76212.59464000,0.00866439,0.66033564,USDT
2024-11-08T11:00:00Z,BTC/USDT,buy,76088.02500000,0.00860845,0.65499996,USDT
2024-11-08T12:00:00Z,BTC/USDT,sell,75858.18193500,0.00860845,0.65302137,USDT
2024-11-08T18:45:00Z,BTC/USDT,buy,76909.15536000,0.00851577,0.65494068,USDT
2024-11-08T20:30:00Z,BTC/USDT,sell,76396.68255000,0.00851577,0.65057658,USDT
2024-11-09T06:15:00Z,BTC/USDT,buy,76779.19041000,0.00852158,0.65428001,USDT
2024-11-09T06:30:00Z,BTC/USDT,stop_sell,76497.92547464,0.00852158,0.65188319,USDT
2024-11-09T23:00:00Z,BTC/USDT,buy,76488.73525500,0.00853525,0.65285048,USDT
2024-11-10T02:00:00Z,BTC/USDT,sell,76692.46458500,0.00853525,0.65458936,USDT
2024-11-10T02:30:00Z,BTC/USDT,buy,77315.65851000,0.00846489,0.65446854,USDT
2024-11-10T12:15:00Z,BTC/USDT,sell,79374.09310000,0.00846489,0.67189297,USDT
2024-11-10T17:45:00Z,BTC/USDT,buy,80064.99249000,0.00818472,0.65530955,USDT
2024-11-10T19:30:00Z,BTC/USDT,sell,80375.92193500,0.00818472,0.65785442,USDT
2024-11-10T22:30:00Z,BTC/USDT,buy,81036.08779500,0.00808764,0.65539071,USDT
2024-11-10T23:30:00Z,BTC/USDT,stop_sell,80135.05100214,0.00808764,0.64810344,USDT
2024-11-11T10:15:00Z,BTC/USDT,buy,82141.05000000,0.00797069,0.65472085,USDT
2024-11-11T12:30:00Z,BTC/USDT,sell,82096.09142000,0.00797069,0.65436249,USDT
2024-11-11T15:15:00Z,BTC/USDT,buy,82541.25000000,0.00793043,0.65458761,USDT
2024-11-11T22:30:00Z,BTC/USDT,sell,86755.88036000,0.00793043,0.68801144,USDT
2024-11-11T23:15:00Z,BTC/USDT,buy,89244.60000000,0.00736353,0.65715529,USDT
2024-11-12T00:00:00Z,BTC/USDT,stop_sell,87999.78559625,0.00736353,0.64798906,USDT
2024-11-12T07:00:00Z,BTC/USDT,buy,89702.11864500,0.0073166,0.65631452,USDT
2024-11-12T08:00:00Z,BTC/USDT,stop_sell,88912.33837732,0.0073166,0.65053601,USDT
2024-11-13T13:45:00Z,BTC/USDT,buy,89044.50000000,0.00736429,0.65574952,USDT
2024-11-13T17:45:00Z,BTC/USDT,sell,91781.42633000,0.00736429,0.67590504,USDT
2024-11-14T12:00:00Z,BTC/USDT,buy,91599.50686500,0.00717533,0.65725669,USDT
2024-11-14T13:30:00Z,BTC/USDT,sell,90907.16368000,0.00717533,0.65228890,USDT
2024-11-15T09:15:00Z,BTC/USDT,buy,88544.25000000,0.00741724,0.65675395,USDT
2024-11-15T13:30:00Z,BTC/USDT,sell,89536.04958000,0.00741724,0.66411037,USDT
2024-11-15T19:45:00Z,BTC/USDT,buy,90508.60168500,0.0072616,0.65723726,USDT
2024-11-15T22:30:00Z,BTC/USDT,sell,90994.53997000,0.0072616,0.66076595,USDT
2024-11-18T01:45:00Z,BTC/USDT,buy,90679.10689500,0.00723552,0.65611049,USDT
2024-11-18T03:00:00Z,BTC/USDT,stop_sell,90313.58954411,0.00723552,0.65346578,USDT
2024-11-18T06:30:00Z,BTC/USDT,buy,90909.95226000,0.007228,0.65709713,USDT
2024-11-18T09:45:00Z,BTC/USDT,sell,91654.46984000,0.007228,0.66247851,USDT
2024-11-18T15:45:00Z,BTC/USDT,buy,91930.46226000,0.00713156,0.65560761,USDT
2024-11-18T16:45:00Z,BTC/USDT,stop_sell,91172.30175893,0.00713156,0.65020074,USDT
2024-11-19T04:00:00Z,BTC/USDT,buy,91361.00767500,0.00717807,0.65579571,USDT
2024-11-19T05:30:00Z,BTC/USDT,sell,91254.99967500,0.00717807,0.65503478,USDT
2024-11-19T06:00:00Z,BTC/USDT,buy,91845.90000000,0.00715023,0.65671931,USDT
2024-11-19T08:00:00Z,BTC/USDT,sell,91563.57531000,0.00715023,0.65470062,USDT
2024-11-19T12:30:00Z,BTC/USDT,buy,92388.95139000,0.00710909,0.65680137,USDT
2024-11-19T13:30:00Z,BTC/USDT,stop_sell,91859.30237250,0.00710909,0.65303605,USDT
2024-11-19T16:30:00Z,BTC/USDT,buy,92566.73023500,0.00708706,0.65602597,USDT
2024-11-19T20:00:00Z,BTC/USDT,sell,93200.79629000,0.00708706,0.66051964,USDT
2024-11-20T08:00:00Z,BTC/USDT,buy,92786.63013000,0.00707323,0.65630118,USDT
2024-11-20T10:00:00Z,BTC/USDT,sell,92969.37206000,0.00707323,0.65759375,USDT
2024-11-20T12:00:00Z,BTC/USDT,buy,93473.44336500,0.00702124,0.65629948,USDT
2024-11-20T16:15:00Z,BTC/USDT,sell,94200.96595500,0.00702124,0.66140759,USDT
2024-11-21T00:30:00Z,BTC/USDT,buy,94796.51457000,0.00692644,0.65660237,USDT
2024-11-21T00:45:00Z,BTC/USDT,stop_sell,94300.85527107,0.00692644,0.65316922,USDT
2024-11-21T03:30:00Z,BTC/USDT,buy,95547.75000000,0.00686801,0.65622290,USDT
2024-11-21T07:00:00Z,BTC/USDT,sell,97019.81582500,0.00686801,0.66633307,USDT
2024-11-21T11:15:00Z,BTC/USDT,buy,98322.89688000,0.00669219,0.65799551,USDT
2024-11-21T11:30:00Z,BTC/USDT,stop_sell,97700.60454607,0.00669219,0.65383101,USDT
2024-11-21T18:45:00Z,BTC/USDT,buy,98171.27110500,0.00667791,0.65557891,USDT
2024-11-21T20:00:00Z,BTC/USDT,sell,97810.05051000,0.00667791,0.65316671,USDT
2024-11-22T07:30:00Z,BTC/USDT,buy,99198.50446500,0.00661909,0.65660383,USDT
2024-11-22T08:45:00Z,BTC/USDT,sell,98847.18168500,0.00661909,0.65427839,USDT
2024-11-23T13:15:00Z,BTC/USDT,buy,98782.24644000,0.00663985,0.65589930,USDT
2024-11-23T14:00:00Z,BTC/USDT,sell,98659.70547000,0.00663985,0.65508565,USDT
2024-11-24T02:15:00Z,BTC/USDT,buy,98386.06845000,0.00666485,0.65572839,USDT
2024-11-24T03:30:00Z,BTC/USDT,sell,98165.09290000,0.00666485,0.65425562,USDT
2024-11-24T20:45:00Z,BTC/USDT,buy,96803.43753000,0.00678685,0.65699041,USDT
2024-11-25T00:45:00Z,BTC/USDT,sell,97552.18950500,0.00678685,0.66207208,USDT
2024-11-27T02:30:00Z,BTC/USDT,buy,92946.45000000,0.00704922,0.65519997,USDT
2024-11-27T04:45:00Z,BTC/USDT,sell,92724.94433500,0.00704922,0.65363853,USDT
2024-11-27T14:15:00Z,BTC/USDT,buy,94147.51023000,0.00694977,0.65430354,USDT
2024-11-27T21:15:00Z,BTC/USDT,sell,96439.15630000,0.00694977,0.67022996,USDT
2024-11-28T14:15:00Z,BTC/USDT,buy,95997.98500500,0.00684235,0.65685181,USDT
2024-11-28T14:45:00Z,BTC/USDT,stop_sell,95364.05269214,0.00684235,0.65251423,USDT
2024-11-29T02:00:00Z,BTC/USDT,buy,95913.83295000,0.00684254,0.65629424,USDT
2024-11-29T04:15:00Z,BTC/USDT,sell,96271.48018000,0.00684254,0.65874145,USDT
2024-11-29T10:15:00Z,BTC/USDT,buy,96702.15691500,0.0067877,0.65638523,USDT
2024-11-29T13:15:00Z,BTC/USDT,sell,96818.02677000,0.0067877,0.65717172,USDT
2024-11-29T15:00:00Z,BTC/USDT,buy,98006.33868000,0.00669732,0.65637981,USDT
2024-11-29T17:00:00Z,BTC/USDT,sell,97668.05154500,0.00669732,0.65411419,USDT
2024-11-30T06:00:00Z,BTC/USDT,buy,96983.00727000,0.00674967,0.65460329,USDT
2024-11-30T06:15:00Z,BTC/USDT,stop_sell,96787.81723946,0.00674967,0.65328583,USDT
2024-11-30T17:15:00Z,BTC/USDT,buy,96988.13983500,0.00676209,0.65584253,USDT
2024-11-30T20:30:00Z,BTC/USDT,sell,96868.46154000,0.00676209,0.65503326,USDT
2024-12-01T13:30:00Z,BTC/USDT,buy,97311.52144500,0.00674578,0.65644212,USDT
2024-12-01T15:45:00Z,BTC/USDT,sell,96985.60294000,0.00674578,0.65424354,USDT
2024-12-01T18:15:00Z,BTC/USDT,buy,97464.37783500,0.00672769,0.65571012,USDT
2024-12-01T18:45:00Z,BTC/USDT,stop_sell,97041.37789571,0.00672769,0.65286431,USDT
2024-12-01T21:45:00Z,BTC/USDT,buy,97448.70000000,0.00672082,0.65493517,USDT
2024-12-01T23:45:00Z,BTC/USDT,sell,97419.63581500,0.00672082,0.65473984,USDT
2024-12-02T01:30:00Z,BTC/USDT,buy,98040.85593000,0.00668031,0.65494331,USDT
2024-12-02T02:15:00Z,BTC/USDT,stop_sell,97515.56711107,0.00668031,0.65143422,USDT
2024-12-02T13:30:00Z,BTC/USDT,buy,95716.24420500,0.00683257,0.65398794,USDT
2024-12-02T16:45:00Z,BTC/USDT,sell,96322.50465500,0.00683257,0.65813026,USDT
2024-12-03T16:15:00Z,BTC/USDT,buy,95871.59184000,0.00682981,0.65478476,USDT
2024-12-03T16:45:00Z,BTC/USDT,stop_sell,94907.60710054,0.00682981,0.64820092,USDT
2024-12-03T21:30:00Z,BTC/USDT,buy,95947.95000000,0.00681779,0.65415297,USDT
2024-12-03T23:15:00Z,BTC/USDT,sell,95778.18695000,0.00681779,0.65299557,USDT
2024-12-04T07:45:00Z,BTC/USDT,buy,96505.61869500,0.00677635,0.65395585,USDT
2024-12-04T10:30:00Z,BTC/USDT,sell,96447.78198500,0.00677635,0.65356393,USDT
2024-12-04T20:00:00Z,BTC/USDT,buy,97150.86115500,0.0067232,0.65316467,USDT
2024-12-05T00:45:00Z,BTC/USDT,sell,98094.49821500,0.0067232,0.65950893,USDT
2024-12-05T02:30:00Z,BTC/USDT,buy,99185.38791000,0.00659629,0.65425558,USDT
2024-12-05T05:45:00Z,BTC/USDT,sell,102108.15038500,0.00659629,0.67353497,USDT
2024-12-05T15:00:00Z,BTC/USDT,buy,103409.13873000,0.00634194,0.65581455,USDT
2024-12-05T15:15:00Z,BTC/USDT,stop_sell,102615.91494714,0.00634194,0.65078398,USDT
2024-12-06T14:30:00Z,BTC/USDT,buy,99275.56297500,0.00659936,0.65515518,USDT
2024-12-06T17:00:00Z,BTC/USDT,sell,98900.38507000,0.00659936,0.65267925,USDT
2024-12-06T17:45:00Z,BTC/USDT,buy,100173.73183500,0.00653714,0.65484971,USDT
2024-12-06T21:15:00Z,BTC/USDT,sell,100835.64695500,0.00653714,0.65917674,USDT
2024-12-07T15:45:00Z,BTC/USDT,buy,99763.86700500,0.00656633,0.65508247,USDT
2024-12-07T16:45:00Z,BTC/USDT,sell,99665.30242000,0.00656633,0.65443527,USDT
2024-12-08T03:15:00Z,BTC/USDT,buy,100088.87943000,0.00653306,0.65388665,USDT
2024-12-08T04:00:00Z,BTC/USDT,sell,99976.22688000,0.00653306,0.65315069,USDT
2024-12-08T13:00:00Z,BTC/USDT,buy,99893.35171500,0.00654748,0.65404972,USDT
2024-12-08T15:00:00Z,BTC/USDT,sell,99750.10000000,0.00654748,0.65311178,USDT
2024-12-08T23:00:00Z,BTC/USDT,buy,100168.56925500,0.00653039,0.65413982,USDT
2024-12-09T00:30:00Z,BTC/USDT,sell,99949.98001000,0.00653039,0.65271235,USDT
2024-12-09T14:30:00Z,BTC/USDT,buy,99274.79259000,0.00659741,0.65495651,USDT
2024-12-09T15:15:00Z,BTC/USDT,stop_sell,98674.01866696,0.00659741,0.65099296,USDT
2024-12-11T02:45:00Z,BTC/USDT,buy,97300.91614500,0.0067209,0.65394973,USDT
2024-12-11T07:45:00Z,BTC/USDT,sell,97447.66179500,0.0067209,0.65493599,USDT
2024-12-11T08:30:00Z,BTC/USDT,buy,97935.36321000,0.0066771,0.65392421,USDT
2024-12-11T10:45:00Z,BTC/USDT,sell,98094.00846000,0.0066771,0.65498350,USDT
2024-12-11T11:30:00Z,BTC/USDT,buy,98448.47964000,0.00664209,0.65390366,USDT
2024-12-11T18:00:00Z,BTC/USDT,sell,99778.59574500,0.00664209,0.66273841,USDT
2024-12-11T22:15:00Z,BTC/USDT,buy,101649.79950000,0.00643364,0.65397822,USDT
2024-12-11T22:45:00Z,BTC/USDT,sell,101303.87272500,0.00643364,0.65175265,USDT
2024-12-12T03:00:00Z,BTC/USDT,buy,101819.88450000,0.00642563,0.65425690,USDT
2024-12-12T03:00:00Z,BTC/USDT,stop_sell,101307.50126696,0.00642563,0.65096452,USDT
2024-12-12T09:30:00Z,BTC/USDT,buy,100949.66961000,0.00646849,0.65299193,USDT
2024-12-12T09:45:00Z,BTC/USDT,sell,100751.12923500,0.00646849,0.65170767,USDT
2024-12-12T13:30:00Z,BTC/USDT,buy,101316.40288500,0.00644061,0.65253944,USDT
2024-12-12T13:30:00Z,BTC/USDT,stop_sell,100952.35821304,0.00644061,0.65019477,USDT
2024-12-12T15:00:00Z,BTC/USDT,buy,101800.87500000,0.00642896,0.65447375,USDT
2024-12-12T15:00:00Z,BTC/USDT,stop_sell,100874.54142661,0.00642896,0.64851839,USDT
2024-12-12T16:15:00Z,BTC/USDT,buy,102387.73828500,0.00638186,0.65342421,USDT
2024-12-12T17:00:00Z,BTC/USDT,sell,101395.77675000,0.00638186,0.64709365,USDT
2024-12-13T14:45:00Z,BTC/USDT,buy,100875.65262000,0.00646665,0.65232754,USDT
2024-12-13T15:45:00Z,BTC/USDT,stop_sell,100418.31750982,0.00646665,0.64937011,USDT
2024-12-13T18:00:00Z,BTC/USDT,buy,101800.87500000,0.00640666,0.65220359,USDT
2024-12-13T19:30:00Z,BTC/USDT,sell,101354.22753500,0.00640666,0.64934208,USDT
2024-12-14T01:15:00Z,BTC/USDT,buy,101855.11210500,0.00638838,0.65068916,USDT
2024-12-14T02:15:00Z,BTC/USDT,sell,101658.20547000,0.00638838,0.64943125,USDT
2024-12-15T00:15:00Z,BTC/USDT,buy,101515.71249000,0.00641593,0.65131771,USDT
2024-12-15T06:15:00Z,BTC/USDT,sell,102097.11590500,0.00641593,0.65504795,USDT
2024-12-15T11:45:00Z,BTC/USDT,buy,102451.20000000,0.00635893,0.65148001,USDT
2024-12-15T13:45:00Z,BTC/USDT,sell,102594.12727500,0.00635893,0.65238887,USDT
2024-12-15T20:00:00Z,BTC/USDT,buy,103342.80558000,0.00630558,0.65163633,USDT
2024-12-15T21:00:00Z,BTC/USDT,sell,103083.69237000,0.00630558,0.65000247,USDT
2024-12-15T23:15:00Z,BTC/USDT,buy,103729.60888500,0.0062823,0.65166052,USDT
2024-12-16T02:30:00Z,BTC/USDT,sell,104577.01533500,0.0062823,0.65698418,USDT
2024-12-16T14:45:00Z,BTC/USDT,buy,105376.80207000,0.00618439,0.65169124,USDT
2024-12-16T19:15:00Z,BTC/USDT,sell,106202.73207000,0.00618439,0.65679911,USDT
2024-12-17T02:30:00Z,BTC/USDT,buy,106553.25000000,0.00611749,0.65183844,USDT
2024-12-17T03:00:00Z,BTC/USDT,sell,106139.60365000,0.00611749,0.64930796,USDT
2024-12-17T07:30:00Z,BTC/USDT,buy,107062.29439500,0.00608036,0.65097729,USDT
2024-12-17T07:45:00Z,BTC/USDT,stop_sell,106748.85958393,0.00608036,0.64907150,USDT
2024-12-17T14:30:00Z,BTC/USDT,buy,107728.83750000,0.0060455,0.65127469,USDT
2024-12-17T14:30:00Z,BTC/USDT,stop_sell,107256.08441607,0.0060455,0.64841666,USDT
2024-12-17T14:45:00Z,BTC/USDT,buy,107867.98704000,0.00603462,0.65094231,USDT
2024-12-17T15:00:00Z,BTC/USDT,stop_sell,107332.23632107,0.00603462,0.64770926,USDT
2024-12-18T11:15:00Z,BTC/USDT,buy,104790.49906500,0.00620915,0.65065993,USDT
2024-12-18T12:45:00Z,BTC/USDT,sell,104929.36907000,0.00620915,0.65152219,USDT
2024-12-19T10:45:00Z,BTC/USDT,buy,102462.45562500,0.0063491,0.65054438,USDT
2024-12-19T12:30:00Z,BTC/USDT,stop_sell,102033.13719607,0.0063491,0.64781859,USDT
2024-12-20T19:30:00Z,BTC/USDT,buy,97787.82948000,0.00665428,0.65070760,USDT
2024-12-20T20:00:00Z,BTC/USDT,stop_sell,96901.99048143,0.00665428,0.64481298,USDT
2024-12-21T06:00:00Z,BTC/USDT,buy,98635.41306000,0.00658634,0.64964637,USDT
2024-12-21T08:30:00Z,BTC/USDT,sell,98534.38816000,0.00658634,0.64898098,USDT
2024-12-21T20:15:00Z,BTC/USDT,buy,97847.79945000,0.00663412,0.64913404,USDT
2024-12-21T20:45:00Z,BTC/USDT,stop_sell,97354.83965786,0.00663412,0.64586369,USDT
2024-12-23T12:30:00Z,BTC/USDT,buy,96346.90938000,0.00673754,0.64914116,USDT
2024-12-23T13:15:00Z,BTC/USDT,sell,95820.49578500,0.00673754,0.64559442,USDT
2024-12-23T23:15:00Z,BTC/USDT,buy,95262.72756000,0.00680839,0.64858580,USDT
2024-12-24T00:00:00Z,BTC/USDT,stop_sell,94514.31705821,0.00680839,0.64349033,USDT
2024-12-24T13:45:00Z,BTC/USDT,buy,95256.11425500,0.00681553,0.64922090,USDT
2024-12-24T18:30:00Z,BTC/USDT,sell,98450.35020000,0.00681553,0.67099132,USDT
2024-12-25T10:30:00Z,BTC/USDT,buy,99078.62455500,0.00657228,0.65117246,USDT
2024-12-25T10:45:00Z,BTC/USDT,stop_sell,98421.29973250,0.00657228,0.64685234,USDT
2024-12-25T19:30:00Z,BTC/USDT,buy,98884.39749000,0.00656072,0.64875284,USDT
2024-12-25T20:45:00Z,BTC/USDT,sell,98841.42456500,0.00656072,0.64847091,USDT
2024-12-25T23:15:00Z,BTC/USDT,buy,99188.70957000,0.0065396,0.64865449,USDT
2024-12-26T01:00:00Z,BTC/USDT,sell,99040.39503000,0.0065396,0.64768457,USDT
2024-12-28T12:00:00Z,BTC/USDT,buy,94892.57257500,0.00684313,0.64936221,USDT
2024-12-28T12:30:00Z,BTC/USDT,sell,94683.95434000,0.00684313,0.64793461,USDT
2024-12-29T10:15:00Z,BTC/USDT,buy,95195.93418000,0.00680759,0.64805489,USDT
2024-12-29T10:30:00Z,BTC/USDT,sell,95091.00071500,0.00680759,0.64734055,USDT
2024-12-31T04:15:00Z,BTC/USDT,buy,92633.59365000,0.00698055,0.64663343,USDT
2024-12-31T04:30:00Z,BTC/USDT,sell,92517.83794000,0.00698055,0.64582539,USDT
2024-12-31T08:30:00Z,BTC/USDT,buy,94166.68981500,0.00689388,0.64917386,USDT
2024-12-31T10:15:00Z,BTC/USDT,sell,93705.50381000,0.00689388,0.64599450,USDT
2024-12-31T12:15:00Z,BTC/USDT,buy,94407.27004500,0.00685286,0.64695980,USDT
2024-12-31T15:15:00Z,BTC/USDT,sell,95198.19709000,0.00685286,0.65237992,USDT
2025-01-01T20:00:00Z,BTC/USDT,buy,94659.51610500,0.00684561,0.64800213,USDT
2025-01-01T22:30:00Z,BTC/USDT,sell,94695.69846500,0.00684561,0.64824982,USDT
2025-01-02T01:15:00Z,BTC/USDT,buy,95294.55346500,0.00680579,0.64855472,USDT
2025-01-02T01:30:00Z,BTC/USDT,stop_sell,94771.94960607,0.00680579,0.64499799,USDT
2025-01-02T04:45:00Z,BTC/USDT,buy,95901.11659500,0.00675992,0.64828388,USDT
2025-01-02T05:15:00Z,BTC/USDT,stop_sell,95389.79659946,0.00675992,0.64482739,USDT
2025-01-02T09:00:00Z,BTC/USDT,buy,96148.81038000,0.00673779,0.64783049,USDT
2025-01-02T14:00:00Z,BTC/USDT,sell,96346.54263000,0.00673779,0.64916277,USDT
2025-01-02T16:45:00Z,BTC/USDT,buy,97431.23127000,0.00664324,0.64725905,USDT
2025-01-02T17:30:00Z,BTC/USDT,stop_sell,96694.90264857,0.00664324,0.64236745,USDT
2025-01-02T20:15:00Z,BTC/USDT,buy,97768.16965500,0.00661954,0.64718031,USDT
2025-01-02T21:15:00Z,BTC/USDT,sell,97173.17910500,0.00661954,0.64324175,USDT
2025-01-03T14:30:00Z,BTC/USDT,buy,97104.93820500,0.00666081,0.64679754,USDT
2025-01-03T14:30:00Z,BTC/USDT,stop_sell,96742.32571089,0.00666081,0.64438225,USDT
2025-01-03T14:45:00Z,BTC/USDT,buy,97083.25737000,0.00664965,0.64556968,USDT
2025-01-03T14:45:00Z,BTC/USDT,stop_sell,96802.72264018,0.00664965,0.64370422,USDT
2025-01-03T15:45:00Z,BTC/USDT,buy,97551.94159500,0.0066247,0.64625235,USDT
2025-01-03T20:15:00Z,BTC/USDT,sell,98504.80296000,0.0066247,0.65256477,USDT
2025-01-04T08:15:00Z,BTC/USDT,buy,98278.73481000,0.00657623,0.64630356,USDT
2025-01-04T08:15:00Z,BTC/USDT,stop_sell,98056.47295143,0.00657623,0.64484192,USDT
2025-01-04T21:15:00Z,BTC/USDT,buy,98735.22294000,0.00654632,0.64635236,USDT
2025-01-04T21:30:00Z,BTC/USDT,stop_sell,98409.91971107,0.00654632,0.64422283,USDT
2025-01-05T13:45:00Z,BTC/USDT,buy,97906.53880500,0.00659572,0.64576412,USDT
2025-01-05T13:45:00Z,BTC/USDT,stop_sell,97720.11478607,0.00659572,0.64453452,USDT
2025-01-05T16:15:00Z,BTC/USDT,buy,98152.16155500,0.00656951,0.64481161,USDT
2025-01-05T16:30:00Z,BTC/USDT,stop_sell,97915.97859089,0.00656951,0.64326000,USDT
2025-01-05T23:00:00Z,BTC/USDT,buy,98736.41353500,0.00654494,0.64622390,USDT
2025-01-05T23:30:00Z,BTC/USDT,sell,98430.76000000,0.00654494,0.64422342,USDT
2025-01-06T02:15:00Z,BTC/USDT,buy,99103.15681500,0.00651262,0.64542120,USDT
2025-01-06T07:15:00Z,BTC/USDT,sell,99315.01765000,0.00651262,0.64680097,USDT
2025-01-06T15:00:00Z,BTC/USDT,buy,101068.32891000,0.00640779,0.64762463,USDT
2025-01-06T17:45:00Z,BTC/USDT,sell,101222.07364500,0.00640779,0.64860979,USDT
2025-01-10T02:15:00Z,BTC/USDT,buy,93138.44595000,0.00691902,0.64442677,USDT
2025-01-10T11:45:00Z,BTC/USDT,sell,94880.00626500,0.00691902,0.65647666,USDT
2025-01-11T21:30:00Z,BTC/USDT,buy,94809.43102500,0.00681657,0.64627512,USDT
2025-01-11T23:00:00Z,BTC/USDT,sell,94658.41711500,0.00681657,0.64524573,USDT
2025-01-12T14:00:00Z,BTC/USDT,buy,94752.99282000,0.00682057,0.64626942,USDT
2025-01-12T16:15:00Z,BTC/USDT,sell,94749.66147000,0.00682057,0.64624670,USDT
2025-01-13T00:30:00Z,BTC/USDT,buy,95329.52094000,0.00677632,0.64598334,USDT
2025-01-13T01:15:00Z,BTC/USDT,stop_sell,94848.12756946,0.00677632,0.64272126,USDT
2025-01-13T21:00:00Z,BTC/USDT,buy,93766.39977000,0.0068854,0.64561917,USDT
2025-01-14T02:00:00Z,BTC/USDT,sell,94793.25966000,0.0068854,0.65268951,USDT
2025-01-14T08:15:00Z,BTC/USDT,buy,95517.30478500,0.00676403,0.64608192,USDT
2025-01-14T11:30:00Z,BTC/USDT,sell,96409.14131500,0.00676403,0.65211432,USDT
2025-01-15T00:30:00Z,BTC/USDT,buy,97132.43194500,0.00666214,0.64710986,USDT
2025-01-15T02:45:00Z,BTC/USDT,sell,96842.76439500,0.00666214,0.64518005,USDT
2025-01-15T13:45:00Z,BTC/USDT,buy,98641.33602000,0.00655173,0.64627140,USDT
2025-01-15T17:00:00Z,BTC/USDT,sell,98950.50000000,0.00655173,0.64829696,USDT
2025-01-15T20:15:00Z,BTC/USDT,buy,100197.84388500,0.0064435,0.64562481,USDT
2025-01-15T20:30:00Z,BTC/USDT,stop_sell,99742.81899946,0.0064435,0.64269285,USDT
2025-01-16T17:45:00Z,BTC/USDT,buy,99961.38571500,0.00644574,0.64432510,USDT
2025-01-16T19:00:00Z,BTC/USDT,sell,99451.05959500,0.00644574,0.64103567,USDT
2025-01-16T20:00:00Z,BTC/USDT,buy,100051.62081000,0.00642817,0.64314883,USDT
2025-01-16T21:30:00Z,BTC/USDT,sell,99759.21544000,0.00642817,0.64126920,USDT
2025-01-17T01:45:00Z,BTC/USDT,buy,101608.36879500,0.00635089,0.64530357,USDT
2025-01-17T02:45:00Z,BTC/USDT,stop_sell,100911.54684321,0.00635089,0.64087813,USDT
2025-01-17T13:00:00Z,BTC/USDT,buy,102915.86221500,0.00627565,0.64586393,USDT
2025-01-17T14:45:00Z,BTC/USDT,sell,102455.55659500,0.00627565,0.64297521,USDT
2025-01-17T15:00:00Z,BTC/USDT,buy,103359.75405000,0.00624576,0.64556022,USDT
2025-01-17T17:45:00Z,BTC/USDT,sell,104489.49911500,0.00624576,0.65261633,USDT
2025-01-17T19:30:00Z,BTC/USDT,buy,105444.15573000,0.00611673,0.64497343,USDT
2025-01-17T20:45:00Z,BTC/USDT,sell,104888.95928500,0.00611673,0.64157744,USDT
2025-01-18T13:45:00Z,BTC/USDT,buy,103868.05807500,0.00619812,0.64378669,USDT
2025-01-18T16:30:00Z,BTC/USDT,sell,103794.30688500,0.00619812,0.64332957,USDT
2025-01-19T02:30:00Z,BTC/USDT,buy,105154.05075000,0.00612871,0.64445868,USDT
2025-01-19T03:00:00Z,BTC/USDT,stop_sell,104529.60619429,0.00612871,0.64063164,USDT
2025-01-19T04:30:00Z,BTC/USDT,buy,104949.03829500,0.00611996,0.64228392,USDT
2025-01-19T05:00:00Z,BTC/USDT,sell,105056.47548500,0.00611996,0.64294143,USDT
2025-01-19T06:30:00Z,BTC/USDT,buy,105338.87311500,0.00611669,0.64432523,USDT
2025-01-19T07:45:00Z,BTC/USDT,sell,104927.51000000,0.00611669,0.64180905,USDT
2025-01-19T20:00:00Z,BTC/USDT,buy,106128.00748500,0.0060667,0.64384678,USDT
2025-01-19T20:15:00Z,BTC/USDT,stop_sell,105480.62937339,0.0060667,0.63991933,USDT
2025-01-20T06:45:00Z,BTC/USDT,buy,104402.76529500,0.0061428,0.64132531,USDT
2025-01-20T11:00:00Z,BTC/USDT,sell,107776.11498500,0.0061428,0.66204712,USDT
2025-01-21T11:00:00Z,BTC/USDT,buy,103349.51893500,0.00623909,0.64480695,USDT
2025-01-21T14:45:00Z,BTC/USDT,sell,103831.52826500,0.00623909,0.64781425,USDT
2025-01-21T16:15:00Z,BTC/USDT,buy,106088.20759500,0.00608631,0.64568572,USDT
2025-01-21T20:45:00Z,BTC/USDT,sell,106190.66810500,0.00608631,0.64630933,USDT
2025-01-23T14:30:00Z,BTC/USDT,buy,102424.52667000,0.0062965,0.64491603,USDT
2025-01-23T18:45:00Z,BTC/USDT,sell,105081.77283000,0.0062965,0.66164738,USDT
2025-01-24T05:00:00Z,BTC/USDT,buy,104733.24045000,0.00617522,0.64675080,USDT
2025-01-24T07:30:00Z,BTC/USDT,sell,104646.64050500,0.00617522,0.64621603,USDT
2025-01-24T14:45:00Z,BTC/USDT,buy,106153.89042000,0.00608599,0.64605152,USDT
2025-01-24T14:45:00Z,BTC/USDT,stop_sell,105477.18788071,0.00608599,0.64193311,USDT
2025-01-24T18:00:00Z,BTC/USDT,buy,106731.94930500,0.00604795,0.64550949,USDT
2025-01-24T19:15:00Z,BTC/USDT,sell,105947.00000000,0.00604795,0.64076216,USDT
2025-01-25T15:15:00Z,BTC/USDT,buy,104936.68212000,0.00614607,0.64494819,USDT
2025-01-25T16:30:00Z,BTC/USDT,stop_sell,104619.16674875,0.00614607,0.64299672,USDT
2025-01-25T19:30:00Z,BTC/USDT,buy,105072.72010500,0.00613057,0.64415567,USDT
2025-01-25T19:45:00Z,BTC/USDT,sell,104920.77337000,0.00613057,0.64322415,USDT
2025-01-26T03:45:00Z,BTC/USDT,buy,105140.07376500,0.00613133,0.64464849,USDT
2025-01-26T06:30:00Z,BTC/USDT,sell,105026.20063000,0.00613133,0.64395029,USDT
2025-01-26T16:00:00Z,BTC/USDT,buy,105084.58603500,0.00613251,0.64443227,USDT
2025-01-26T16:15:00Z,BTC/USDT,sell,104820.15370500,0.00613251,0.64281064,USDT
2025-01-27T13:00:00Z,BTC/USDT,buy,100715.77272000,0.00639681,0.64425966,USDT
2025-01-27T16:15:00Z,BTC/USDT,sell,100894.16768000,0.00639681,0.64540082,USDT
2025-01-27T21:00:00Z,BTC/USDT,buy,101493.23125500,0.00634769,0.64424757,USDT
2025-01-28T01:00:00Z,BTC/USDT,sell,102098.96498000,0.00634769,0.64809258,USDT
2025-01-28T03:45:00Z,BTC/USDT,buy,102602.32552500,0.00628448,0.64480226,USDT
2025-01-28T06:30:00Z,BTC/USDT,sell,102786.74092000,0.00628448,0.64596122,USDT
2025-01-29T06:45:00Z,BTC/USDT,buy,102725.32699500,0.00627742,0.64485002,USDT
2025-01-29T09:15:00Z,BTC/USDT,sell,102473.99737000,0.00627742,0.64327232,USDT
2025-01-29T17:45:00Z,BTC/USDT,buy,102642.97584000,0.00627826,0.64441929,USDT
2025-01-29T18:00:00Z,BTC/USDT,stop_sell,102048.69048696,0.00627826,0.64068821,USDT
2025-01-29T19:45:00Z,BTC/USDT,buy,103503.65596500,0.00624135,0.64600254,USDT
2025-01-29T22:15:00Z,BTC/USDT,sell,103391.64831500,0.00624135,0.64530346,USDT
2025-01-30T04:00:00Z,BTC/USDT,buy,105144.48597000,0.00612159,0.64365143,USDT
2025-01-30T06:45:00Z,BTC/USDT,sell,105135.09615500,0.00612159,0.64359395,USDT
2025-01-30T15:00:00Z,BTC/USDT,buy,105864.57583500,0.00607198,0.64280759,USDT
2025-01-30T15:15:00Z,BTC/USDT,stop_sell,105439.76588679,0.00607198,0.64022815,USDT
2025-01-31T11:30:00Z,BTC/USDT,buy,104832.54007500,0.00613583,0.64323464,USDT
2025-01-31T13:45:00Z,BTC/USDT,sell,104602.91238000,0.00613583,0.64182569,USDT
2025-01-31T15:45:00Z,BTC/USDT,buy,105684.04561500,0.00608655,0.64325123,USDT
2025-01-31T16:15:00Z,BTC/USDT,stop_sell,105058.63547589,0.00608655,0.63944464,USDT
2025-02-03T08:00:00Z,BTC/USDT,buy,95227.81011000,0.00673261,0.64113171,USDT
2025-02-03T10:30:00Z,BTC/USDT,sell,95027.54246000,0.00673261,0.63978338,USDT
2025-02-03T14:45:00Z,BTC/USDT,buy,96184.28811000,0.006687,0.64318433,USDT
2025-02-04T00:00:00Z,BTC/USDT,sell,101386.58135000,0.006687,0.67797207,USDT
2025-02-05T11:15:00Z,BTC/USDT,buy,98131.20108000,0.0065741,0.64512433,USDT
2025-02-05T13:00:00Z,BTC/USDT,sell,97985.30284000,0.0065741,0.64416518,USDT
2025-02-06T03:45:00Z,BTC/USDT,buy,97460.45587500,0.00661704,0.64489973,USDT
2025-02-06T08:45:00Z,BTC/USDT,sell,97949.81059500,0.00661704,0.64813781,USDT
2025-02-06T12:00:00Z,BTC/USDT,buy,98938.82469000,0.00651246,0.64433514,USDT
2025-02-06T12:15:00Z,BTC/USDT,sell,98554.95787000,0.00651246,0.64183522,USDT
2025-02-07T02:00:00Z,BTC/USDT,buy,97371.45139500,0.006617,0.64430689,USDT
2025-02-07T05:00:00Z,BTC/USDT,sell,97441.68478500,0.006617,0.64477163,USDT
2025-02-07T12:00:00Z,BTC/USDT,buy,97702.07662500,0.00659494,0.64433933,USDT
2025-02-07T13:30:00Z,BTC/USDT,stop_sell,97442.07102036,0.00659494,0.64262461,USDT
2025-02-07T13:45:00Z,BTC/USDT,buy,98068.07953500,0.00657151,0.64445537,USDT
2025-02-07T15:15:00Z,BTC/USDT,sell,98480.28522500,0.00657151,0.64716418,USDT
2025-02-08T13:45:00Z,BTC/USDT,buy,96421.60671000,0.00668231,0.64431907,USDT
2025-02-08T13:45:00Z,BTC/USDT,stop_sell,96191.85965304,0.00668231,0.64278383,USDT
2025-02-08T19:45:00Z,BTC/USDT,buy,96589.29051000,0.00666501,0.64376859,USDT
2025-02-08T20:00:00Z,BTC/USDT,stop_sell,96375.20043679,0.00666501,0.64234167,USDT
2025-02-08T23:45:00Z,BTC/USDT,buy,96676.49409000,0.00665876,0.64374557,USDT
2025-02-08T23:45:00Z,BTC/USDT,stop_sell,96425.89400589,0.00665876,0.64207689,USDT
2025-02-09T01:15:00Z,BTC/USDT,buy,96778.41502500,0.00665312,0.64387841,USDT
2025-02-09T05:15:00Z,BTC/USDT,sell,97071.49997000,0.00665312,0.64582834,USDT
2025-02-10T07:15:00Z,BTC/USDT,buy,97329.46041000,0.00661601,0.64393268,USDT
2025-02-10T10:00:00Z,BTC/USDT,sell,97506.87217500,0.00661601,0.64510644,USDT
2025-02-10T14:00:00Z,BTC/USDT,buy,98261.54622000,0.00655316,0.64392363,USDT
2025-02-10T14:00:00Z,BTC/USDT,stop_sell,97880.82367714,0.00655316,0.64142870,USDT
2025-02-11T00:30:00Z,BTC/USDT,buy,97882.43676000,0.00657935,0.64400281,USDT
2025-02-11T02:30:00Z,BTC/USDT,sell,97594.52832500,0.00657935,0.64210856,USDT
2025-02-11T05:15:00Z,BTC/USDT,buy,98174.82288000,0.00655333,0.64337201,USDT
2025-02-11T08:15:00Z,BTC/USDT,sell,98162.18435500,0.00655333,0.64328919,USDT
2025-02-12T07:45:00Z,BTC/USDT,buy,96130.91143500,0.0066913,0.64324077,USDT
2025-02-12T09:30:00Z,BTC/USDT,sell,96081.75509000,0.0066913,0.64291185,USDT
2025-02-13T21:15:00Z,BTC/USDT,buy,96442.92736500,0.0066697,0.64324539,USDT
2025-02-13T23:00:00Z,BTC/USDT,sell,96362.55462000,0.0066697,0.64270933,USDT
2025-02-14T15:00:00Z,BTC/USDT,buy,97339.96566000,0.00659877,0.64232405,USDT
2025-02-14T15:00:00Z,BTC/USDT,stop_sell,97042.51482696,0.00659877,0.64036124,USDT
2025-02-14T17:45:00Z,BTC/USDT,buy,97930.87096500,0.00655685,0.64211803,USDT
2025-02-14T20:00:00Z,BTC/USDT,sell,97788.26141000,0.00655685,0.64118296,USDT
2025-02-15T13:30:00Z,BTC/USDT,buy,97848.80995500,0.0065667,0.64254378,USDT
2025-02-15T14:30:00Z,BTC/USDT,sell,97508.02160000,0.0065667,0.64030593,USDT
2025-02-17T14:15:00Z,BTC/USDT,buy,96939.64560000,0.00662539,0.64226296,USDT
2025-02-17T14:15:00Z,BTC/USDT,stop_sell,96612.93615232,0.00662539,0.64009838,USDT
2025-02-18T12:45:00Z,BTC/USDT,buy,96199.72582500,0.00667653,0.64228036,USDT
2025-02-18T14:30:00Z,BTC/USDT,stop_sell,95852.33271571,0.00667653,0.63996097,USDT
2025-02-19T10:15:00Z,BTC/USDT,buy,96361.58671500,0.00665928,0.64169879,USDT
2025-02-19T13:00:00Z,BTC/USDT,sell,96188.44172000,0.00665928,0.64054577,USDT
2025-02-19T14:30:00Z,BTC/USDT,buy,96466.00890000,0.00665102,0.64159735,USDT
2025-02-19T14:30:00Z,BTC/USDT,stop_sell,96184.98809054,0.00665102,0.63972828,USDT
2025-02-19T22:30:00Z,BTC/USDT,buy,96538.67521500,0.00663665,0.64069340,USDT
2025-02-20T00:30:00Z,BTC/USDT,sell,96465.56309000,0.00663665,0.64020818,USDT
2025-02-20T03:00:00Z,BTC/USDT,buy,97312.30183500,0.00659726,0.64199456,USDT
2025-02-20T06:00:00Z,BTC/USDT,sell,96982.90429000,0.00659726,0.63982144,USDT
2025-02-20T12:45:00Z,BTC/USDT,buy,97503.37732500,0.0065704,0.64063619,USDT
2025-02-20T13:30:00Z,BTC/USDT,stop_sell,97244.16894946,0.0065704,0.63893309,USDT
2025-02-20T14:00:00Z,BTC/USDT,buy,97548.75000000,0.00656692,0.64059484,USDT
2025-02-20T14:45:00Z,BTC/USDT,stop_sell,97255.63749804,0.00656692,0.63866999,USDT
2025-02-20T18:00:00Z,BTC/USDT,buy,98008.46974500,0.0065308,0.64007371,USDT
2025-02-20T21:00:00Z,BTC/USDT,sell,98407.62157500,0.0065308,0.64268049,USDT
2025-02-21T07:30:00Z,BTC/USDT,buy,98372.42163000,0.00649308,0.63874000,USDT
2025-02-21T07:30:00Z,BTC/USDT,stop_sell,98274.09837000,0.00649308,0.63810158,USDT
2025-02-21T13:15:00Z,BTC/USDT,buy,99307.16877000,0.00644809,0.64034156,USDT
2025-02-21T14:30:00Z,BTC/USDT,stop_sell,98875.51215554,0.00644809,0.63755820,USDT
2025-02-22T01:15:00Z,BTC/USDT,buy,96208.48020000,0.00664669,0.63946794,USDT
2025-02-22T03:15:00Z,BTC/USDT,sell,96290.78052500,0.00664669,0.64001497,USDT
2025-02-22T11:45:00Z,BTC/USDT,buy,96577.67470500,0.00662648,0.63997003,USDT
2025-02-22T13:45:00Z,BTC/USDT,sell,96584.43362500,0.00662648,0.64001482,USDT
2025-02-23T01:00:00Z,BTC/USDT,buy,96604.14793500,0.00661324,0.63886642,USDT
2025-02-23T01:00:00Z,BTC/USDT,stop_sell,96507.59206500,0.00661324,0.63822787,USDT
2025-02-23T23:15:00Z,BTC/USDT,buy,96048.00000000,0.00665975,0.63965567,USDT
2025-02-24T01:15:00Z,BTC/USDT,sell,96024.69363500,0.00665975,0.63950045,USDT
2025-02-24T13:30:00Z,BTC/USDT,buy,95961.06655500,0.00666263,0.63935308,USDT
2025-02-24T13:45:00Z,BTC/USDT,stop_sell,95675.56650018,0.00666263,0.63745090,USDT
2025-02-27T11:00:00Z,BTC/USDT,buy,86997.20686500,0.00734838,0.63928853,USDT
2025-02-27T11:30:00Z,BTC/USDT,stop_sell,86555.11507857,0.00734838,0.63603988,USDT
2025-02-28T13:45:00Z,BTC/USDT,buy,81385.59246000,0.00785058,0.63892410,USDT
2025-02-28T18:30:00Z,BTC/USDT,sell,83743.98706000,0.00785058,0.65743887,USDT
2025-03-01T02:45:00Z,BTC/USDT,buy,85485.24126000,0.00749112,0.64038020,USDT
2025-03-01T06:00:00Z,BTC/USDT,sell,85588.96411000,0.00749112,0.64115720,USDT
2025-03-01T19:15:00Z,BTC/USDT,buy,85257.72756000,0.00749953,0.63939289,USDT
2025-03-01T23:30:00Z,BTC/USDT,sell,85766.24542500,0.00749953,0.64320653,USDT
2025-03-02T15:30:00Z,BTC/USDT,buy,86418.11746500,0.00741122,0.64046368,USDT
2025-03-03T00:15:00Z,BTC/USDT,sell,93784.29439500,0.00741122,0.69505604,USDT
2025-03-03T12:15:00Z,BTC/USDT,buy,93204.72907500,0.00691732,0.64472694,USDT
2025-03-03T14:30:00Z,BTC/USDT,sell,93147.85277500,0.00691732,0.64433350,USDT
2025-03-04T14:45:00Z,BTC/USDT,buy,84214.27609500,0.00765413,0.64458702,USDT
2025-03-04T15:00:00Z,BTC/USDT,sell,83322.80775500,0.00765413,0.63776360,USDT
2025-03-04T18:00:00Z,BTC/USDT,buy,85497.17722500,0.00755849,0.64622956,USDT
2025-03-04T21:00:00Z,BTC/USDT,sell,86725.15573000,0.00755849,0.65551122,USDT
2025-03-04T21:30:00Z,BTC/USDT,buy,88913.85471000,0.00727363,0.64672648,USDT
2025-03-04T22:15:00Z,BTC/USDT,sell,87410.09309000,0.00727363,0.63578868,USDT
2025-03-05T09:30:00Z,BTC/USDT,buy,88645.59064500,0.00726042,0.64360422,USDT
2025-03-05T13:15:00Z,BTC/USDT,sell,89758.01854000,0.00726042,0.65168091,USDT
2025-03-05T20:15:00Z,BTC/USDT,buy,89837.95653000,0.00715281,0.64259383,USDT
2025-03-05T21:30:00Z,BTC/USDT,sell,89955.00000000,0.00715281,0.64343102,USDT
2025-03-06T02:00:00Z,BTC/USDT,buy,91244.11926000,0.00705296,0.64354112,USDT
2025-03-06T06:30:00Z,BTC/USDT,sell,92036.55870000,0.00705296,0.64913017,USDT
2025-03-06T22:15:00Z,BTC/USDT,buy,90476.00539500,0.00712059,0.64424254,USDT
2025-03-06T22:15:00Z,BTC/USDT,stop_sell,89656.55501143,0.00712059,0.63840757,USDT
2025-03-07T09:30:00Z,BTC/USDT,buy,89251.32336000,0.0072161,0.64404647,USDT
2025-03-07T12:00:00Z,BTC/USDT,sell,88860.24765000,0.0072161,0.64122443,USDT
2025-03-07T13:15:00Z,BTC/USDT,buy,89483.69949000,0.00718874,0.64327505,USDT
2025-03-07T14:15:00Z,BTC/USDT,stop_sell,88926.27105036,0.00718874,0.63926784,USDT
2025-03-07T14:45:00Z,BTC/USDT,buy,90240.82786500,0.00712667,0.64311660,USDT
2025-03-07T15:15:00Z,BTC/USDT,stop_sell,89261.31237446,0.00712667,0.63613592,USDT
2025-03-10T09:30:00Z,BTC/USDT,buy,83220.41941500,0.00771126,0.64173429,USDT
2025-03-10T09:30:00Z,BTC/USDT,stop_sell,82584.70270643,0.00771126,0.63683211,USDT
2025-03-11T08:30:00Z,BTC/USDT,buy,80963.97175500,0.00792953,0.64200624,USDT
2025-03-11T12:15:00Z,BTC/USDT,sell,81309.32500000,0.00792953,0.64474473,USDT
2025-03-11T18:15:00Z,BTC/USDT,buy,82394.32657500,0.00779284,0.64208580,USDT
2025-03-11T20:30:00Z,BTC/USDT,sell,82571.50359500,0.00779284,0.64346652,USDT
2025-03-12T12:30:00Z,BTC/USDT,buy,83421.48990000,0.00770056,0.64239219,USDT
2025-03-12T13:45:00Z,BTC/USDT,stop_sell,82939.62765518,0.00770056,0.63868158,USDT
2025-03-12T22:15:00Z,BTC/USDT,buy,83165.01172500,0.00769683,0.64010696,USDT
2025-03-13T01:00:00Z,BTC/USDT,sell,83465.39642500,0.00769683,0.64241897,USDT
2025-03-13T02:00:00Z,BTC/USDT,buy,83982.49026000,0.00764445,0.64199995,USDT
2025-03-13T03:00:00Z,BTC/USDT,sell,83734.23194000,0.00764445,0.64010215,USDT
2025-03-13T22:45:00Z,BTC/USDT,buy,81170.50497000,0.00790705,0.64181924,USDT
2025-03-14T05:15:00Z,BTC/USDT,sell,81985.71663500,0.00790705,0.64826516,USDT
2025-03-14T08:30:00Z,BTC/USDT,buy,82541.25000000,0.00777823,0.64202483,USDT
2025-03-14T13:45:00Z,BTC/USDT,sell,83234.03216500,0.00777823,0.64741345,USDT
2025-03-14T15:15:00Z,BTC/USDT,buy,84380.05894500,0.00763233,0.64401646,USDT
2025-03-14T17:30:00Z,BTC/USDT,sell,84242.35775000,0.00763233,0.64296547,USDT
2025-03-15T13:15:00Z,BTC/USDT,buy,84241.19955000,0.00762196,0.64208305,USDT
2025-03-15T14:30:00Z,BTC/USDT,sell,84039.88903500,0.00762196,0.64054867,USDT
2025-03-15T23:45:00Z,BTC/USDT,buy,84394.49616000,0.00759916,0.64132728,USDT
2025-03-16T00:00:00Z,BTC/USDT,sell,84338.20980000,0.00759916,0.64089955,USDT
2025-03-16T16:15:00Z,BTC/USDT,buy,84131.71483500,0.0076212,0.64118463,USDT
2025-03-16T16:45:00Z,BTC/USDT,stop_sell,83567.04521804,0.0076212,0.63688117,USDT
2025-03-18T08:30:00Z,BTC/USDT,buy,83262.00019500,0.00769519,0.64071691,USDT
2025-03-18T09:45:00Z,BTC/USDT,stop_sell,82900.33017089,0.00769519,0.63793379,USDT
2025-03-18T20:00:00Z,BTC/USDT,buy,82297.89838500,0.00779577,0.64157549,USDT
2025-03-18T21:45:00Z,BTC/USDT,sell,81934.91205000,0.00779577,0.63874573,USDT
2025-03-19T10:15:00Z,BTC/USDT,buy,83513.13570000,0.0076613,0.63981919,USDT
2025-03-19T11:00:00Z,BTC/USDT,stop_sell,83386.43735286,0.0076613,0.63884851,USDT
2025-03-19T11:30:00Z,BTC/USDT,buy,83770.11412500,0.00763546,0.63962336,USDT
2025-03-19T12:15:00Z,BTC/USDT,stop_sell,83594.91163500,0.00763546,0.63828560,USDT
2025-03-19T14:00:00Z,BTC/USDT,buy,84259.65877500,0.00761072,0.64127667,USDT
2025-03-19T17:15:00Z,BTC/USDT,sell,84487.88492500,0.00761072,0.64301364,USDT
2025-03-19T19:00:00Z,BTC/USDT,buy,85681.16917500,0.00747267,0.64026710,USDT
2025-03-20T00:45:00Z,BTC/USDT,sell,86480.58807500,0.00747267,0.64624090,USDT
2025-03-21T18:00:00Z,BTC/USDT,buy,84272.66527500,0.00760162,0.64060878,USDT
2025-03-21T18:15:00Z,BTC/USDT,sell,84175.60114500,0.00760162,0.63987093,USDT
2025-03-21T18:30:00Z,BTC/USDT,buy,84212.68530000,0.00759926,0.63995409,USDT
2025-03-21T19:15:00Z,BTC/USDT,sell,84068.93450500,0.00759926,0.63886169,USDT
2025-03-22T09:45:00Z,BTC/USDT,buy,84472.93536000,0.00757362,0.63976591,USDT
2025-03-22T11:00:00Z,BTC/USDT,stop_sell,84308.49002446,0.00757362,0.63852047,USDT
2025-03-23T08:00:00Z,BTC/USDT,buy,84293.05546500,0.00758402,0.63928022,USDT
2025-03-23T10:00:00Z,BTC/USDT,sell,84289.63410000,0.00758402,0.63925427,USDT
2025-03-23T11:15:00Z,BTC/USDT,buy,84797.26744500,0.00754723,0.63998448,USDT
2025-03-23T14:30:00Z,BTC/USDT,sell,84912.12270000,0.00754723,0.64085132,USDT
2025-03-23T16:15:00Z,BTC/USDT,buy,85266.28183500,0.00750533,0.63995158,USDT
2025-03-23T16:30:00Z,BTC/USDT,stop_sell,84953.54019518,0.00750533,0.63760435,USDT
2025-03-23T22:15:00Z,BTC/USDT,buy,85352.36485500,0.00749436,0.63966135,USDT
2025-03-24T01:15:00Z,BTC/USDT,sell,85771.41284000,0.00749436,0.64280185,USDT
2025-03-24T04:30:00Z,BTC/USDT,buy,86787.96229500,0.00737109,0.63972188,USDT
2025-03-24T07:30:00Z,BTC/USDT,sell,86878.68892500,0.00737109,0.64039064,USDT
2025-03-24T08:30:00Z,BTC/USDT,buy,87364.61047500,0.00732238,0.63971688,USDT
2025-03-24T12:30:00Z,BTC/USDT,sell,87281.80726500,0.00732238,0.63911056,USDT
2025-03-24T19:00:00Z,BTC/USDT,buy,88491.16347000,0.00722377,0.63923981,USDT
2025-03-24T19:30:00Z,BTC/USDT,sell,88323.34623500,0.00722377,0.63802754,USDT
2025-03-25T11:45:00Z,BTC/USDT,buy,87411.18375000,0.00731497,0.63941019,USDT
2025-03-25T12:30:00Z,BTC/USDT,stop_sell,87055.53510054,0.00731497,0.63680863,USDT
2025-03-25T13:30:00Z,BTC/USDT,buy,87759.68791500,0.00728239,0.63910027,USDT
2025-03-25T13:30:00Z,BTC/USDT,stop_sell,87387.88705571,0.00728239,0.63639267,USDT
2025-03-25T14:45:00Z,BTC/USDT,buy,88153.06450500,0.00725057,0.63915996,USDT
2025-03-25T16:30:00Z,BTC/USDT,stop_sell,87617.87271964,0.00725057,0.63527952,USDT
2025-03-27T02:30:00Z,BTC/USDT,buy,87564.74049000,0.00728889,0.63824976,USDT
2025-03-27T04:45:00Z,BTC/USDT,sell,87351.77226500,0.00728889,0.63669746,USDT
2025-03-27T21:30:00Z,BTC/USDT,buy,87439.66798500,0.00729087,0.63751125,USDT
2025-03-27T22:45:00Z,BTC/USDT,sell,87282.44694500,0.00729087,0.63636497,USDT
2025-03-29T00:45:00Z,BTC/USDT,buy,84567.97285500,0.0075381,0.63748184,USDT
2025-03-29T00:45:00Z,BTC/USDT,stop_sell,84338.76452250,0.0075381,0.63575404,USDT
2025-03-30T01:00:00Z,BTC/USDT,buy,82859.27893500,0.00770028,0.63803965,USDT
2025-03-30T04:00:00Z,BTC/USDT,sell,82969.32458500,0.00770028,0.63888703,USDT
2025-03-30T08:45:00Z,BTC/USDT,buy,83509.02364500,0.00764856,0.63872378,USDT
2025-03-30T10:30:00Z,BTC/USDT,sell,83078.89977000,0.00764856,0.63543395,USDT
2025-04-01T02:15:00Z,BTC/USDT,buy,82873.91625000,0.00769591,0.63779020,USDT
2025-04-01T04:00:00Z,BTC/USDT,sell,82852.76289500,0.00769591,0.63762741,USDT
2025-04-01T04:45:00Z,BTC/USDT,buy,83255.85712500,0.00765344,0.63719371,USDT
2025-04-01T06:00:00Z,BTC/USDT,sell,83029.72437000,0.00765344,0.63546301,USDT
2025-04-01T08:30:00Z,BTC/USDT,buy,84026.12206500,0.0075803,0.63694321,USDT
2025-04-01T11:30:00Z,BTC/USDT,sell,83943.50725000,0.0075803,0.63631697,USDT
2025-04-02T09:15:00Z,BTC/USDT,buy,85272.34486500,0.00745462,0.63567293,USDT
2025-04-02T09:15:00Z,BTC/USDT,stop_sell,84981.17387143,0.00745462,0.63350236,USDT
2025-04-02T13:45:00Z,BTC/USDT,buy,85513.56541500,0.00744559,0.63669895,USDT
2025-04-02T17:45:00Z,BTC/USDT,sell,86434.05135500,0.00744559,0.64355251,USDT
2025-04-02T20:15:00Z,BTC/USDT,buy,87706.44130500,0.00725205,0.63605150,USDT
2025-04-02T20:15:00Z,BTC/USDT,stop_sell,87149.61196714,0.00725205,0.63201334,USDT
2025-04-03T22:00:00Z,BTC/USDT,buy,82768.39351500,0.00768644,0.63619429,USDT
2025-04-04T01:45:00Z,BTC/USDT,sell,82890.25414000,0.00768644,0.63713097,USDT
2025-04-04T07:15:00Z,BTC/USDT,buy,83574.59641500,0.00761717,0.63660191,USDT
2025-04-04T10:15:00Z,BTC/USDT,sell,83638.25995000,0.00761717,0.63708684,USDT
2025-04-04T17:45:00Z,BTC/USDT,buy,84404.76129000,0.00755572,0.63773874,USDT
2025-04-04T20:00:00Z,BTC/USDT,sell,83993.53222500,0.00755572,0.63463161,USDT
2025-04-06T00:00:00Z,BTC/USDT,buy,83610.55438500,0.00760768,0.63608234,USDT
2025-04-06T02:00:00Z,BTC/USDT,sell,83459.20952000,0.00760768,0.63493096,USDT
2025-04-07T14:00:00Z,BTC/USDT,buy,78199.61026500,0.00810491,0.63380080,USDT
2025-04-07T15:15:00Z,BTC/USDT,sell,77863.84860000,0.00810491,0.63107949,USDT
2025-04-07T22:00:00Z,BTC/USDT,buy,79305.85311000,0.00801737,0.63582437,USDT
2025-04-07T23:45:00Z,BTC/USDT,sell,79252.34400500,0.00801737,0.63539537,USDT
2025-04-08T02:00:00Z,BTC/USDT,buy,80700.88027500,0.00786798,0.63495291,USDT
2025-04-08T02:45:00Z,BTC/USDT,stop_sell,80102.42303857,0.00786798,0.63024426,USDT
2025-04-09T17:15:00Z,BTC/USDT,buy,78527.99437500,0.00809881,0.63598331,USDT
2025-04-09T23:30:00Z,BTC/USDT,sell,82754.12224000,0.00809881,0.67020991,USDT
2025-04-10T12:30:00Z,BTC/USDT,buy,82155.29712000,0.00777223,0.63852986,USDT
2025-04-10T12:45:00Z,BTC/USDT,stop_sell,81620.93911500,0.00777223,0.63437671,USDT
2025-04-11T04:15:00Z,BTC/USDT,buy,80945.02228500,0.0078736,0.63732873,USDT
2025-04-11T05:15:00Z,BTC/USDT,sell,80607.87590000,0.0078736,0.63467417,USDT
2025-04-11T08:15:00Z,BTC/USDT,buy,81431.45538000,0.00781268,0.63619790,USDT
2025-04-11T11:45:00Z,BTC/USDT,sell,82259.75954500,0.00781268,0.64266918,USDT
2025-04-11T13:45:00Z,BTC/USDT,buy,83003.58105000,0.00767365,0.63694043,USDT
2025-04-11T14:00:00Z,BTC/USDT,stop_sell,82450.54374804,0.00767365,0.63269662,USDT
2025-04-11T17:45:00Z,BTC/USDT,buy,83923.32069000,0.00758836,0.63684037,USDT
2025-04-11T21:45:00Z,BTC/USDT,sell,83784.71668500,0.00758836,0.63578859,USDT
2025-04-12T06:45:00Z,BTC/USDT,buy,83731.89502500,0.00760035,0.63639171,USDT
2025-04-12T08:30:00Z,BTC/USDT,sell,83476.19102500,0.00760035,0.63444827,USDT
2025-04-12T13:45:00Z,BTC/USDT,buy,84325.75180500,0.00755861,0.63738547,USDT
2025-04-12T16:45:00Z,BTC/USDT,sell,84717.56003000,0.00755861,0.64034700,USDT
2025-04-13T17:30:00Z,BTC/USDT,buy,84708.77322000,0.0075083,0.63601888,USDT
2025-04-13T19:15:00Z,BTC/USDT,sell,84485.69602000,0.0075083,0.63434395,USDT
2025-04-14T00:30:00Z,BTC/USDT,buy,84713.88577500,0.00750377,0.63567351,USDT
2025-04-14T01:45:00Z,BTC/USDT,stop_sell,84151.20477786,0.00750377,0.63145129,USDT
2025-04-14T02:30:00Z,BTC/USDT,buy,85055.13631500,0.0074786,0.63609334,USDT
2025-04-14T03:45:00Z,BTC/USDT,sell,84665.27618500,0.0074786,0.63317773,USDT
2025-04-14T12:45:00Z,BTC/USDT,buy,85219.46844000,0.00746105,0.63582672,USDT
2025-04-14T13:30:00Z,BTC/USDT,stop_sell,84815.00021411,0.00746105,0.63280896,USDT
2025-04-14T14:45:00Z,BTC/USDT,buy,85637.36728500,0.00742632,0.63597049,USDT
2025-04-14T15:00:00Z,BTC/USDT,stop_sell,85041.10174964,0.00742632,0.63154243,USDT
2025-04-15T05:15:00Z,BTC/USDT,buy,85650.60390000,0.00740922,0.63460417,USDT
2025-04-15T06:30:00Z,BTC/USDT,sell,85490.95314000,0.00740922,0.63342128,USDT
2025-04-15T08:15:00Z,BTC/USDT,buy,85815.91651500,0.00738851,0.63405176,USDT
2025-04-15T09:45:00Z,BTC/USDT,sell,85753.34188000,0.00738851,0.63358942,USDT
2025-04-15T13:45:00Z,BTC/USDT,buy,86098.59778500,0.0073731,0.63481357,USDT
2025-04-15T13:45:00Z,BTC/USDT,stop_sell,85691.15013429,0.0073731,0.63180942,USDT
2025-04-16T08:45:00Z,BTC/USDT,buy,83942.73039000,0.0075423,0.63312126,USDT
2025-04-16T09:45:00Z,BTC/USDT,stop_sell,83603.73722000,0.0075423,0.63056447,USDT
2025-04-16T14:30:00Z,BTC/USDT,buy,84416.39710500,0.00750647,0.63366915,USDT
2025-04-16T17:45:00Z,BTC/USDT,sell,84313.44219000,0.00750647,0.63289632,USDT
2025-04-17T06:45:00Z,BTC/USDT,buy,84767.28246000,0.00746967,0.63318363,USDT
2025-04-17T08:30:00Z,BTC/USDT,sell,84502.14779000,0.00746967,0.63120316,USDT
2025-04-19T03:15:00Z,BTC/USDT,buy,84960.58906500,0.00745831,0.63366241,USDT
2025-04-19T06:15:00Z,BTC/USDT,sell,84972.60244500,0.00745831,0.63375201,USDT
2025-04-19T08:15:00Z,BTC/USDT,buy,85174.26585000,0.00742848,0.63271533,USDT
2025-04-19T10:30:00Z,BTC/USDT,sell,85086.72535500,0.00742848,0.63206504,USDT
2025-04-20T20:15:00Z,BTC/USDT,buy,84989.26339500,0.00744943,0.63312157,USDT
2025-04-20T22:15:00Z,BTC/USDT,sell,84866.04575000,0.00744943,0.63220367,USDT
2025-04-21T00:30:00Z,BTC/USDT,buy,86218.00746000,0.00734429,0.63321005,USDT
2025-04-21T04:30:00Z,BTC/USDT,sell,87072.77183500,0.00734429,0.63948769,USDT
2025-04-21T14:30:00Z,BTC/USDT,buy,88296.07597500,0.00717178,0.63324003,USDT
2025-04-21T16:15:00Z,BTC/USDT,stop_sell,87689.31733661,0.00717178,0.62888849,USDT
2025-04-22T01:30:00Z,BTC/USDT,buy,88498.68723000,0.00715631,0.63332404,USDT
2025-04-22T02:45:00Z,BTC/USDT,sell,87933.22139500,0.00715631,0.62927739,USDT
2025-04-22T07:45:00Z,BTC/USDT,buy,88527.00138000,0.00715009,0.63297603,USDT
2025-04-22T09:00:00Z,BTC/USDT,sell,88317.77902000,0.00715009,0.63148007,USDT
2025-04-22T11:30:00Z,BTC/USDT,buy,88636.43607000,0.00713252,0.63220115,USDT
2025-04-22T19:45:00Z,BTC/USDT,sell,91206.34401500,0.00713252,0.65053107,USDT
2025-04-22T22:00:00Z,BTC/USDT,buy,93085.23936000,0.00680979,0.63389093,USDT
2025-04-23T01:00:00Z,BTC/USDT,sell,92846.82336500,0.00680979,0.63226737,USDT
2025-04-23T05:00:00Z,BTC/USDT,buy,93437.36533500,0.00676746,0.63233363,USDT
2025-04-23T07:15:00Z,BTC/USDT,sell,93453.25000000,0.00676746,0.63244113,USDT
2025-04-23T08:15:00Z,BTC/USDT,buy,94212.63277500,0.00671407,0.63255021,USDT
2025-04-23T10:00:00Z,BTC/USDT,sell,93856.36834000,0.00671407,0.63015823,USDT
2025-04-23T18:15:00Z,BTC/USDT,buy,94117.14505500,0.00672512,0.63294909,USDT
2025-04-23T19:00:00Z,BTC/USDT,stop_sell,93479.22593411,0.00672512,0.62865901,USDT
2025-04-24T23:45:00Z,BTC/USDT,buy,93872.62285500,0.00673376,0.63211571,USDT
2025-04-25T00:15:00Z,BTC/USDT,stop_sell,93552.89193982,0.00673376,0.62996272,USDT
2025-04-25T01:15:00Z,BTC/USDT,buy,94227.93042000,0.00670553,0.63184821,USDT
2025-04-25T01:15:00Z,BTC/USDT,stop_sell,93867.62235304,0.00670553,0.62943216,USDT
2025-04-25T11:30:00Z,BTC/USDT,buy,94171.81237500,0.00671046,0.63193618,USDT
2025-04-25T13:15:00Z,BTC/USDT,sell,94355.11884000,0.00671046,0.63316625,USDT
2025-04-25T14:15:00Z,BTC/USDT,buy,95217.36489000,0.00663464,0.63173294,USDT
2025-04-25T14:15:00Z,BTC/USDT,stop_sell,94641.79400214,0.00663464,0.62791423,USDT
2025-04-25T14:45:00Z,BTC/USDT,buy,95247.60000000,0.00663038,0.63152778,USDT
2025-04-25T15:45:00Z,BTC/USDT,sell,94955.37856000,0.00663038,0.62959024,USDT
2025-04-26T01:30:00Z,BTC/USDT,buy,95113.02274500,0.006634,0.63097979,USDT
2025-04-26T02:00:00Z,BTC/USDT,stop_sell,94849.57398875,0.006634,0.62923207,USDT
2025-04-27T00:15:00Z,BTC/USDT,buy,94813.08285000,0.00665781,0.63124749,USDT
2025-04-27T01:30:00Z,BTC/USDT,sell,94622.95485500,0.00665781,0.62998166,USDT
2025-04-27T18:45:00Z,BTC/USDT,buy,94341.94740000,0.00668166,0.63036082,USDT
2025-04-27T20:45:00Z,BTC/USDT,sell,94197.59764000,0.00668166,0.62939632,USDT
2025-04-27T21:45:00Z,BTC/USDT,buy,94417.18500000,0.0066794,0.63065015,USDT
2025-04-27T22:00:00Z,BTC/USDT,stop_sell,94187.87250500,0.0066794,0.62911848,USDT
2025-04-28T06:30:00Z,BTC/USDT,buy,94461.55717500,0.00667491,0.63052239,USDT
2025-04-28T10:00:00Z,BTC/USDT,sell,94633.76944500,0.00667491,0.63167189,USDT
2025-04-28T10:45:00Z,BTC/USDT,buy,95200.57650000,0.00662085,0.63030874,USDT
2025-04-28T13:30:00Z,BTC/USDT,sell,95033.17964000,0.00662085,0.62920043,USDT
2025-04-28T19:45:00Z,BTC/USDT,buy,94945.28892000,0.0066378,0.63022784,USDT
2025-04-28T20:30:00Z,BTC/USDT,stop_sell,94477.49547821,0.0066378,0.62712272,USDT
2025-04-28T23:15:00Z,BTC/USDT,buy,94992.60256500,0.00663181,0.62997289,USDT
2025-04-29T01:30:00Z,BTC/USDT,sell,94955.32858500,0.00663181,0.62972570,USDT
2025-04-29T08:15:00Z,BTC/USDT,buy,95050.35142500,0.00663032,0.63021425,USDT
2025-04-29T10:30:00Z,BTC/USDT,sell,94826.83286500,0.00663032,0.62873225,USDT
2025-04-29T11:15:00Z,BTC/USDT,buy,95166.65955000,0.0066158,0.62960359,USDT
2025-04-29T12:15:00Z,BTC/USDT,stop_sell,94879.48295536,0.0066158,0.62770368,USDT
2025-04-30T11:45:00Z,BTC/USDT,buy,95243.59800000,0.00660709,0.62928302,USDT
2025-04-30T12:15:00Z,BTC/USDT,stop_sell,94976.68147464,0.00660709,0.62751948,USDT
2025-05-01T02:15:00Z,BTC/USDT,buy,94798.46554500,0.00663559,0.62904375,USDT
2025-05-01T06:45:00Z,BTC/USDT,sell,94827.80238000,0.00663559,0.62923842,USDT
2025-05-01T09:30:00Z,BTC/USDT,buy,95336.25430500,0.00659728,0.62895996,USDT
2025-05-01T13:45:00Z,BTC/USDT,sell,96020.24586000,0.00659728,0.63347245,USDT
2025-05-01T15:15:00Z,BTC/USDT,buy,97398.68500500,0.00646119,0.62931141,USDT
2025-05-01T15:45:00Z,BTC/USDT,stop_sell,96843.03140429,0.00646119,0.62572123,USDT
2025-05-02T13:00:00Z,BTC/USDT,buy,97172.41192500,0.00647222,0.62892123,USDT
2025-05-02T13:15:00Z,BTC/USDT,stop_sell,96791.89984000,0.00647222,0.62645847,USDT
2025-05-02T14:45:00Z,BTC/USDT,buy,97479.93561000,0.00645117,0.62885964,USDT
2025-05-02T15:30:00Z,BTC/USDT,sell,97007.40203500,0.00645117,0.62581124,USDT
2025-05-04T20:30:00Z,BTC/USDT,buy,95797.83498000,0.00655838,0.62827860,USDT
2025-05-04T22:00:00Z,BTC/USDT,stop_sell,95516.43039375,0.00655838,0.62643305,USDT
2025-05-05T22:45:00Z,BTC/USDT,buy,95194.25334000,0.00659642,0.62794128,USDT
2025-05-05T23:30:00Z,BTC/USDT,stop_sell,94805.69272607,0.00659642,0.62537817,USDT
2025-05-06T15:30:00Z,BTC/USDT,buy,94569.02088000,0.00663776,0.62772646,USDT
2025-05-06T17:00:00Z,BTC/USDT,sell,94371.70054500,0.00663776,0.62641670,USDT
2025-05-06T19:15:00Z,BTC/USDT,buy,95121.23685000,0.00659625,0.62744346,USDT
2025-05-06T20:30:00Z,BTC/USDT,sell,94700.27617500,0.00659625,0.62466670,USDT
2025-05-06T22:45:00Z,BTC/USDT,buy,96092.48223000,0.00652967,0.62745220,USDT
2025-05-07T02:15:00Z,BTC/USDT,sell,96877.26713500,0.00652967,0.63257658,USDT
2025-05-07T07:45:00Z,BTC/USDT,buy,96832.76218500,0.00647958,0.62743563,USDT
2025-05-07T09:45:00Z,BTC/USDT,sell,97003.36405500,0.00647958,0.62854106,USDT
2025-05-07T13:45:00Z,BTC/USDT,buy,97221.66654000,0.00644896,0.62697864,USDT
2025-05-07T13:45:00Z,BTC/USDT,stop_sell,96977.10397732,0.00644896,0.62540146,USDT
2025-05-07T21:30:00Z,BTC/USDT,buy,97131.23134500,0.00645918,0.62738811,USDT
2025-05-07T23:45:00Z,BTC/USDT,sell,96987.52198000,0.00645918,0.62645986,USDT
2025-05-08T01:00:00Z,BTC/USDT,buy,97778.13463500,0.00641779,0.62751953,USDT
2025-05-08T05:30:00Z,BTC/USDT,sell,98796.96680500,0.00641779,0.63405819,USDT
2025-05-08T08:15:00Z,BTC/USDT,buy,99545.71798500,0.00630286,0.62742272,USDT
2025-05-08T11:15:00Z,BTC/USDT,sell,99506.99161500,0.00630286,0.62717864,USDT
2025-05-08T15:30:00Z,BTC/USDT,buy,100559.29452000,0.00623357,0.62684340,USDT
2025-05-08T18:00:00Z,BTC/USDT,sell,100884.41256000,0.00623357,0.62887005,USDT
2025-05-08T20:45:00Z,BTC/USDT,buy,102236.95293000,0.00613268,0.62698652,USDT
2025-05-09T00:30:00Z,BTC/USDT,sell,102751.49855000,0.00613268,0.63014206,USDT
2025-05-09T07:30:00Z,BTC/USDT,buy,103712.56036500,0.00604434,0.62687398,USDT
2025-05-09T08:30:00Z,BTC/USDT,stop_sell,103369.77104482,0.00604434,0.62480204,USDT
2025-05-10T02:45:00Z,BTC/USDT,buy,103251.60000000,0.00607513,0.62726689,USDT
2025-05-10T03:15:00Z,BTC/USDT,sell,103088.77982500,0.00607513,0.62627774,USDT
2025-05-10T06:15:00Z,BTC/USDT,buy,103544.56641000,0.00605594,0.62705968,USDT
2025-05-10T09:00:00Z,BTC/USDT,sell,103594.90663500,0.00605594,0.62736454,USDT
2025-05-10T22:00:00Z,BTC/USDT,buy,103761.79497000,0.00604401,0.62713733,USDT
2025-05-11T00:30:00Z,BTC/USDT,sell,103920.06397500,0.00604401,0.62809391,USDT
2025-05-12T01:15:00Z,BTC/USDT,buy,105025.28640000,0.00598886,0.62898174,USDT
2025-05-12T01:30:00Z,BTC/USDT,sell,104433.61707000,0.00598886,0.62543831,USDT
2025-05-12T07:15:00Z,BTC/USDT,buy,105442.03467000,0.00594252,0.62659140,USDT
2025-05-12T07:30:00Z,BTC/USDT,stop_sell,104824.65216893,0.00594252,0.62292259,USDT
2025-05-13T09:30:00Z,BTC/USDT,buy,103278.50344500,0.00608086,0.62802212,USDT
2025-05-13T14:15:00Z,BTC/USDT,sell,103027.47049500,0.00608086,0.62649562,USDT
2025-05-13T16:15:00Z,BTC/USDT,buy,104052.00000000,0.00602098,0.62649501,USDT
2025-05-13T17:45:00Z,BTC/USDT,sell,104098.46473000,0.00602098,0.62677477,USDT
2025-05-13T19:30:00Z,BTC/USDT,buy,104658.55312500,0.00598103,0.62596595,USDT
2025-05-13T20:45:00Z,BTC/USDT,sell,104600.24371500,0.00598103,0.62561720,USDT
2025-05-15T17:00:00Z,BTC/USDT,buy,103811.96004000,0.00602943,0.62592695,USDT
2025-05-15T18:30:00Z,BTC/USDT,sell,103426.03111500,0.00602943,0.62360001,USDT
2025-05-16T00:45:00Z,BTC/USDT,buy,103999.50376500,0.00601933,0.62600733,USDT
2025-05-16T01:15:00Z,BTC/USDT,sell,103703.54229000,0.00601933,0.62422584,USDT
2025-05-16T02:15:00Z,BTC/USDT,buy,104331.57972000,0.00599624,0.62559719,USDT
2025-05-16T04:30:00Z,BTC/USDT,sell,103941.27336500,0.00599624,0.62325682,USDT
2025-05-18T05:30:00Z,BTC/USDT,buy,103531.21974000,0.00603625,0.62494033,USDT
2025-05-18T06:30:00Z,BTC/USDT,stop_sell,103304.94026214,0.00603625,0.62357445,USDT
2025-05-18T08:00:00Z,BTC/USDT,buy,103990.15909500,0.00600919,0.62489662,USDT
2025-05-18T11:00:00Z,BTC/USDT,sell,103775.66621000,0.00600919,0.62360770,USDT
2025-05-18T13:45:00Z,BTC/USDT,buy,104417.20251000,0.00597484,0.62387608,USDT
2025-05-18T13:45:00Z,BTC/USDT,stop_sell,104292.86819393,0.00597484,0.62313320,USDT
2025-05-18T14:00:00Z,BTC/USDT,buy,104744.22594000,0.00596073,0.62435205,USDT
2025-05-18T18:00:00Z,BTC/USDT,sell,104868.66943500,0.00596073,0.62509382,USDT
2025-05-18T23:00:00Z,BTC/USDT,buy,105844.87599000,0.00589864,0.62434082,USDT
2025-05-19T00:45:00Z,BTC/USDT,sell,105406.13057000,0.00589864,0.62175282,USDT
2025-05-19T14:15:00Z,BTC/USDT,buy,103597.51287000,0.00603287,0.62499033,USDT
2025-05-19T19:00:00Z,BTC/USDT,sell,104694.29666500,0.00603287,0.63160708,USDT
2025-05-19T20:15:00Z,BTC/USDT,buy,105624.83602500,0.00591668,0.62494835,USDT
2025-05-19T21:15:00Z,BTC/USDT,stop_sell,105026.38303875,0.00591668,0.62140750,USDT
2025-05-20T00:15:00Z,BTC/USDT,buy,105931.93950000,0.00589198,0.62414887,USDT
2025-05-20T03:15:00Z,BTC/USDT,sell,105946.96002000,0.00589198,0.62423737,USDT
2025-05-20T17:15:00Z,BTC/USDT,buy,106053.00000000,0.00588373,0.62398722,USDT
2025-05-20T18:45:00Z,BTC/USDT,sell,105522.39241000,0.00588373,0.62086527,USDT
2025-05-20T20:00:00Z,BTC/USDT,buy,106876.32145500,0.00583513,0.62363723,USDT
2025-05-20T21:30:00Z,BTC/USDT,sell,106290.66808000,0.00583513,0.62021987,USDT
2025-05-21T03:30:00Z,BTC/USDT,buy,107053.50000000,0.00582199,0.62326441,USDT
2025-05-21T04:15:00Z,BTC/USDT,sell,106828.41907000,0.00582199,0.62195399,USDT
2025-05-21T04:45:00Z,BTC/USDT,buy,107554.75050000,0.00579295,0.62305929,USDT
2025-05-21T06:15:00Z,BTC/USDT,sell,107336.55487500,0.00579295,0.62179530,USDT
2025-05-21T06:45:00Z,BTC/USDT,buy,108053.96998500,0.00576433,0.62285874,USDT
2025-05-21T07:15:00Z,BTC/USDT,stop_sell,107496.60052643,0.00576433,0.61964588,USDT
2025-05-21T15:00:00Z,BTC/USDT,buy,108954.45000000,0.00571342,0.62250253,USDT
2025-05-21T15:15:00Z,BTC/USDT,stop_sell,108197.31285214,0.00571342,0.61817669,USDT
2025-05-21T15:30:00Z,BTC/USDT,buy,109013.62957500,0.00570739,0.62218330,USDT
2025-05-21T17:15:00Z,BTC/USDT,stop_sell,107926.72999696,0.00570739,0.61597994,USDT
2025-05-21T23:15:00Z,BTC/USDT,buy,109304.62500000,0.00568751,0.62167115,USDT
2025-05-22T00:45:00Z,BTC/USDT,sell,109492.95613500,0.00568751,0.62274228,USDT
2025-05-22T03:45:00Z,BTC/USDT,buy,111270.45742500,0.00558707,0.62167583,USDT
2025-05-22T06:00:00Z,BTC/USDT,sell,110772.66596000,0.00558707,0.61889464,USDT
2025-05-22T13:00:00Z,BTC/USDT,buy,111616.59040500,0.00556716,0.62138742,USDT
2025-05-22T13:30:00Z,BTC/USDT,stop_sell,111063.55222982,0.00556716,0.61830857,USDT
2025-05-22T19:30:00Z,BTC/USDT,buy,111954.03904500,0.00554672,0.62097771,USDT
2025-05-22T19:30:00Z,BTC/USDT,stop_sell,111375.17348411,0.00554672,0.61776690,USDT
2025-05-24T10:45:00Z,BTC/USDT,buy,108878.42200500,0.00569803,0.62039251,USDT
2025-05-24T12:30:00Z,BTC/USDT,sell,108899.71290500,0.00569803,0.62051383,USDT
2025-05-25T22:15:00Z,BTC/USDT,buy,108573.34954500,0.00572025,0.62106670,USDT
2025-05-26T02:45:00Z,BTC/USDT,sell,109145.40999500,0.00572025,0.62433903,USDT
2025-05-26T07:15:00Z,BTC/USDT,buy,109967.32618500,0.00564154,0.62038507,USDT
2025-05-26T08:30:00Z,BTC/USDT,sell,109735.69470500,0.00564154,0.61907831,USDT
2025-05-26T15:45:00Z,BTC/USDT,buy,110078.94196500,0.0056336,0.62014073,USDT
2025-05-26T16:15:00Z,BTC/USDT,stop_sell,109696.29834161,0.0056336,0.61798507,USDT
2025-05-27T08:15:00Z,BTC/USDT,buy,109643.29425000,0.00565159,0.61965895,USDT
2025-05-27T11:30:00Z,BTC/USDT,sell,109502.42140000,0.00565159,0.61886279,USDT
2025-05-27T13:15:00Z,BTC/USDT,buy,110288.37663000,0.00561122,0.61885234,USDT
2025-05-27T13:30:00Z,BTC/USDT,stop_sell,110069.98569018,0.00561122,0.61762691,USDT
2025-05-28T23:45:00Z,BTC/USDT,buy,107953.58982000,0.00573385,0.61898969,USDT
2025-05-29T00:00:00Z,BTC/USDT,stop_sell,107647.15128482,0.00573385,0.61723262,USDT
2025-05-29T03:00:00Z,BTC/USDT,buy,108481.15347000,0.00571399,0.61986023,USDT
2025-05-29T03:45:00Z,BTC/USDT,sell,108040.94250500,0.00571399,0.61734487,USDT
2025-05-29T12:00:00Z,BTC/USDT,buy,108749.80773000,0.00568629,0.61838294,USDT
2025-05-29T12:15:00Z,BTC/USDT,stop_sell,108515.50653286,0.00568629,0.61705064,USDT
2025-05-31T12:15:00Z,BTC/USDT,buy,103843.91601000,0.00595437,0.61832510,USDT
2025-05-31T16:45:00Z,BTC/USDT,sell,104390.59859000,0.00595437,0.62158025,USDT
2025-06-01T04:45:00Z,BTC/USDT,buy,104722.88527500,0.00590838,0.61874260,USDT
2025-06-01T06:00:00Z,BTC/USDT,sell,104514.70650500,0.00590838,0.61751260,USDT
2025-06-01T14:15:00Z,BTC/USDT,buy,104676.68218500,0.0059138,0.61903696,USDT
2025-06-01T18:30:00Z,BTC/USDT,sell,104685.21121000,0.0059138,0.61908740,USDT
2025-06-01T22:15:00Z,BTC/USDT,buy,105656.63191500,0.00585656,0.61878440,USDT
2025-06-02T01:00:00Z,BTC/USDT,sell,105461.25299500,0.00585656,0.61764016,USDT
2025-06-02T08:30:00Z,BTC/USDT,buy,105813.70041000,0.00584544,0.61852764,USDT
2025-06-02T08:30:00Z,BTC/USDT,stop_sell,105466.22979107,0.00584544,0.61649652,USDT
2025-06-02T22:15:00Z,BTC/USDT,buy,105234.35088000,0.00587662,0.61842229,USDT
2025-06-03T02:30:00Z,BTC/USDT,sell,105944.61119500,0.00587662,0.62259622,USDT
2025-06-03T13:45:00Z,BTC/USDT,buy,105711.81949500,0.00585794,0.61925350,USDT
2025-06-03T13:45:00Z,BTC/USDT,stop_sell,105278.11318214,0.00585794,0.61671287,USDT
2025-06-03T14:45:00Z,BTC/USDT,buy,106271.54922000,0.00581339,0.61779796,USDT
2025-06-03T16:30:00Z,BTC/USDT,sell,106325.52064500,0.00581339,0.61811172,USDT
2025-06-04T10:00:00Z,BTC/USDT,buy,105918.90298500,0.00583645,0.61819038,USDT
2025-06-04T10:30:00Z,BTC/USDT,stop_sell,105659.07653375,0.00583645,0.61667392,USDT
2025-06-05T02:45:00Z,BTC/USDT,buy,105212.70006000,0.00587397,0.61801624,USDT
2025-06-05T03:30:00Z,BTC/USDT,sell,104830.01877000,0.00587397,0.61576839,USDT
2025-06-05T12:30:00Z,BTC/USDT,buy,105452.70000000,0.00585808,0.61775035,USDT
2025-06-05T13:45:00Z,BTC/USDT,stop_sell,105106.99128589,0.00585808,0.61572516,USDT
2025-06-06T04:00:00Z,BTC/USDT,buy,102586.22748000,0.00601864,0.61742957,USDT
2025-06-06T12:45:00Z,BTC/USDT,sell,103765.03153000,0.00601864,0.62452437,USDT
2025-06-06T15:15:00Z,BTC/USDT,buy,105198.42292500,0.00587834,0.61839210,USDT
2025-06-06T17:00:00Z,BTC/USDT,stop_sell,104518.40215625,0.00587834,0.61439470,USDT
2025-06-07T07:00:00Z,BTC/USDT,buy,105220.81411500,0.00586698,0.61732841,USDT
2025-06-07T07:00:00Z,BTC/USDT,stop_sell,104949.29981393,0.00586698,0.61573544,USDT
2025-06-07T12:45:00Z,BTC/USDT,buy,105602.76499500,0.00584338,0.61707708,USDT
2025-06-07T13:00:00Z,BTC/USDT,stop_sell,105280.91142518,0.00584338,0.61519637,USDT
2025-06-08T16:15:00Z,BTC/USDT,buy,106229.62827000,0.00580753,0.61693175,USDT
2025-06-08T19:45:00Z,BTC/USDT,sell,106238.76404500,0.00580753,0.61698481,USDT
2025-06-09T09:30:00Z,BTC/USDT,buy,106117.00198500,0.00581148,0.61669683,USDT
2025-06-09T13:45:00Z,BTC/USDT,sell,107371.64732000,0.00581148,0.62398818,USDT
2025-06-09T18:15:00Z,BTC/USDT,buy,108559.35255000,0.0056871,0.61738789,USDT
2025-06-10T01:15:00Z,BTC/USDT,sell,109716.27442000,0.0056871,0.62396742,USDT
2025-06-10T10:30:00Z,BTC/USDT,buy,109445.19525000,0.00563945,0.61721071,USDT
2025-06-10T10:30:00Z,BTC/USDT,stop_sell,109184.80992804,0.00563945,0.61574228,USDT
2025-06-10T11:30:00Z,BTC/USDT,buy,109640.45283000,0.00563393,0.61770664,USDT
2025-06-10T12:15:00Z,BTC/USDT,sell,109497.70376000,0.00563393,0.61690240,USDT
2025-06-10T19:30:00Z,BTC/USDT,buy,110102.63380500,0.00561618,0.61835621,USDT
2025-06-10T19:45:00Z,BTC/USDT,stop_sell,109444.25549750,0.00561618,0.61465864,USDT
2025-06-11T00:00:00Z,BTC/USDT,buy,110135.75035500,0.00559741,0.61647495,USDT
2025-06-11T00:30:00Z,BTC/USDT,sell,109724.02054500,0.00559741,0.61417033,USDT
2025-06-11T07:00:00Z,BTC/USDT,buy,110026.93597500,0.00560558,0.61676479,USDT
2025-06-11T07:15:00Z,BTC/USDT,stop_sell,109622.25680946,0.00560558,0.61449633,USDT
2025-06-11T14:15:00Z,BTC/USDT,buy,110008.77690000,0.00560484,0.61658159,USDT
2025-06-11T15:15:00Z,BTC/USDT,sell,109720.56227500,0.00560484,0.61496620,USDT
2025-06-13T23:45:00Z,BTC/USDT,buy,106025.91646500,0.00581392,0.61642620,USDT
2025-06-14T01:00:00Z,BTC/USDT,stop_sell,105588.89449946,0.00581392,0.61388539,USDT
2025-06-14T21:15:00Z,BTC/USDT,buy,105086.94721500,0.00586189,0.61600813,USDT
2025-06-15T02:00:00Z,BTC/USDT,sell,105368.13957500,0.00586189,0.61765644,USDT
2025-06-15T06:00:00Z,BTC/USDT,buy,106089.91845000,0.00581035,0.61641956,USDT
2025-06-15T06:15:00Z,BTC/USDT,stop_sell,105671.01913089,0.00581035,0.61398561,USDT
2025-06-16T00:15:00Z,BTC/USDT,buy,105539.33329500,0.00582794,0.61507690,USDT
2025-06-16T01:00:00Z,BTC/USDT,sell,105394.13657000,0.00582794,0.61423070,USDT
2025-06-16T02:00:00Z,BTC/USDT,buy,105899.05306500,0.00581463,0.61576381,USDT
2025-06-16T09:30:00Z,BTC/USDT,sell,106908.17917000,0.00581463,0.62163151,USDT
2025-06-16T14:45:00Z,BTC/USDT,buy,107691.75897000,0.00572603,0.61664624,USDT
2025-06-16T18:00:00Z,BTC/USDT,sell,107751.90709500,0.00572603,0.61699065,USDT
2025-06-16T18:30:00Z,BTC/USDT,buy,108124.05501000,0.00569763,0.61605086,USDT
2025-06-16T21:15:00Z,BTC/USDT,sell,108400.98239500,0.00569763,0.61762869,USDT
2025-06-18T02:45:00Z,BTC/USDT,buy,105013.36044000,0.00586343,0.61573849,USDT
2025-06-18T06:30:00Z,BTC/USDT,sell,105147.40000000,0.00586343,0.61652442,USDT
2025-06-19T17:45:00Z,BTC/USDT,buy,104787.75769500,0.00587545,0.61567523,USDT
2025-06-19T18:30:00Z,BTC/USDT,stop_sell,104328.91801714,0.00587545,0.61297934,USDT
2025-06-20T07:30:00Z,BTC/USDT,buy,105223.24533000,0.00585011,0.61556756,USDT
2025-06-20T11:00:00Z,BTC/USDT,sell,105986.13042500,0.00585011,0.62003052,USDT
2025-06-21T10:45:00Z,BTC/USDT,buy,103838.97354000,0.00592421,0.61516389,USDT
2025-06-21T11:00:00Z,BTC/USDT,sell,103704.33189500,0.00592421,0.61436624,USDT
2025-06-23T06:00:00Z,BTC/USDT,buy,101841.49530000,0.00604757,0.61589357,USDT
2025-06-23T08:45:00Z,BTC/USDT,sell,101727.94058500,0.00604757,0.61520684,USDT
2025-06-23T14:00:00Z,BTC/USDT,buy,102455.46213000,0.00600959,0.61571532,USDT
2025-06-23T14:15:00Z,BTC/USDT,stop_sell,101882.80775554,0.00600959,0.61227390,USDT
2025-06-23T18:45:00Z,BTC/USDT,buy,102977.39296500,0.0059663,0.61439402,USDT
2025-06-24T00:30:00Z,BTC/USDT,sell,105151.90774500,0.0059663,0.62736783,USDT
2025-06-24T05:45:00Z,BTC/USDT,buy,105449.99865000,0.00584346,0.61619285,USDT
2025-06-24T07:45:00Z,BTC/USDT,sell,105067.44999500,0.00584346,0.61395744,USDT
2025-06-24T14:45:00Z,BTC/USDT,buy,105651.87954000,0.00583042,0.61599483,USDT
2025-06-24T15:45:00Z,BTC/USDT,sell,105229.10912500,0.00583042,0.61352990,USDT
2025-06-25T00:15:00Z,BTC/USDT,buy,106338.89287500,0.00578601,0.61527790,USDT
2025-06-25T00:30:00Z,BTC/USDT,stop_sell,105900.04099125,0.00578601,0.61273870,USDT
2025-06-25T02:15:00Z,BTC/USDT,buy,106714.14040500,0.00576853,0.61558372,USDT
2025-06-25T03:45:00Z,BTC/USDT,sell,106279.13385000,0.00576853,0.61307437,USDT
2025-06-25T09:15:00Z,BTC/USDT,buy,106850.54857500,0.00575521,0.61494735,USDT
2025-06-25T09:45:00Z,BTC/USDT,sell,106482.87193000,0.00575521,0.61283129,USDT
2025-06-25T10:30:00Z,BTC/USDT,buy,107114.49048000,0.00573753,0.61457260,USDT
2025-06-25T14:30:00Z,BTC/USDT,sell,107669.91811000,0.00573753,0.61775939,USDT
2025-06-26T02:15:00Z,BTC/USDT,buy,107914.31019000,0.00570304,0.61543963,USDT
2025-06-26T04:00:00Z,BTC/USDT,sell,107846.23990500,0.00570304,0.61505142,USDT
2025-06-26T14:45:00Z,BTC/USDT,buy,107725.82599500,0.00571376,0.61551952,USDT
2025-06-26T15:15:00Z,BTC/USDT,stop_sell,107108.16698321,0.00571376,0.61199036,USDT
2025-06-26T20:15:00Z,BTC/USDT,buy,107610.34828500,0.00570662,0.61409137,USDT
2025-06-26T21:00:00Z,BTC/USDT,sell,107729.56827000,0.00570662,0.61477171,USDT
2025-06-28T05:45:00Z,BTC/USDT,buy,107276.53146000,0.00572023,0.61364643,USDT
2025-06-28T06:00:00Z,BTC/USDT,sell,107170.89774500,0.00572023,0.61304218,USDT
2025-06-28T08:00:00Z,BTC/USDT,buy,107499.07267500,0.00570931,0.61374553,USDT
2025-06-28T08:30:00Z,BTC/USDT,stop_sell,107279.11361000,0.00570931,0.61248972,USDT
2025-06-28T16:00:00Z,BTC/USDT,buy,107546.01613500,0.00570969,0.61405441,USDT
2025-06-28T17:00:00Z,BTC/USDT,sell,107287.67932500,0.00570969,0.61257939,USDT
2025-06-28T17:45:00Z,BTC/USDT,buy,107516.08117500,0.00570714,0.61360933,USDT
2025-06-28T18:15:00Z,BTC/USDT,sell,107391.40743500,0.00570714,0.61289780,USDT
2025-06-29T01:00:00Z,BTC/USDT,buy,107470.83856500,0.00570136,0.61272994,USDT
2025-06-29T01:45:00Z,BTC/USDT,sell,107341.45242500,0.00570136,0.61199226,USDT
2025-06-29T08:15:00Z,BTC/USDT,buy,107563.75500000,0.00570094,0.61321451,USDT
2025-06-29T13:30:00Z,BTC/USDT,sell,108074.07593000,0.00570094,0.61612382,USDT
2025-06-30T00:30:00Z,BTC/USDT,buy,108656.12091000,0.00564248,0.61308999,USDT
2025-06-30T02:00:00Z,BTC/USDT,sell,108439.40317500,0.00564248,0.61186716,USDT
2025-07-02T06:00:00Z,BTC/USDT,buy,106767.59712000,0.00574844,0.61374713,USDT
2025-07-02T11:45:00Z,BTC/USDT,sell,107396.87470000,0.00574844,0.61736449,USDT
2025-07-02T15:45:00Z,BTC/USDT,buy,108514.18998000,0.00565434,0.61357612,USDT
2025-07-02T18:00:00Z,BTC/USDT,sell,109044.48048500,0.00565434,0.61657457,USDT
2025-07-03T07:00:00Z,BTC/USDT,buy,109411.15824000,0.00560402,0.61314232,USDT
2025-07-03T08:00:00Z,BTC/USDT,sell,109316.29451000,0.00560402,0.61261070,USDT
2025-07-03T09:45:00Z,BTC/USDT,buy,110325.77532000,0.00556019,0.61343227,USDT
2025-07-03T10:15:00Z,BTC/USDT,stop_sell,109609.90406036,0.00556019,0.60945189,USDT
2025-07-06T12:45:00Z,BTC/USDT,buy,108202.41417000,0.00566064,0.61249491,USDT
2025-07-06T16:15:00Z,BTC/USDT,sell,108779.27315500,0.00566064,0.61576030,USDT
2025-07-06T21:45:00Z,BTC/USDT,buy,109443.47439000,0.00560266,0.61317458,USDT
2025-07-06T23:00:00Z,BTC/USDT,stop_sell,109014.92527000,0.00560266,0.61077356,USDT
2025-07-07T02:30:00Z,BTC/USDT,buy,109430.37784500,0.00559782,0.61257156,USDT
2025-07-07T04:15:00Z,BTC/USDT,sell,109322.20155500,0.00559782,0.61196601,USDT
2025-07-08T07:00:00Z,BTC/USDT,buy,108400.55319000,0.00565211,0.61269185,USDT
2025-07-08T08:45:00Z,BTC/USDT,sell,108311.99691000,0.00565211,0.61219132,USDT
2025-07-08T10:30:00Z,BTC/USDT,buy,108620.50311000,0.00563994,0.61261312,USDT
2025-07-08T12:30:00Z,BTC/USDT,sell,108746.80939500,0.00563994,0.61332548,USDT
2025-07-09T07:00:00Z,BTC/USDT,buy,108987.91672500,0.00562047,0.61256332,USDT
2025-07-09T07:30:00Z,BTC/USDT,sell,108672.75644000,0.00562047,0.61079197,USDT
2025-07-09T12:00:00Z,BTC/USDT,buy,109113.20934000,0.00560716,0.61181522,USDT
2025-07-09T14:00:00Z,BTC/USDT,sell,109305.17007500,0.00560716,0.61289158,USDT
2025-07-09T19:45:00Z,BTC/USDT,buy,111494.62945500,0.00549194,0.61232182,USDT
2025-07-09T20:30:00Z,BTC/USDT,stop_sell,110900.26605661,0.00549194,0.60905761,USDT
2025-07-10T08:30:00Z,BTC/USDT,buy,111455.68999500,0.00549059,0.61195750,USDT
2025-07-10T09:15:00Z,BTC/USDT,stop_sell,111156.72419196,0.00549059,0.61031600,USDT
2025-07-10T16:30:00Z,BTC/USDT,buy,112406.30506500,0.00544207,0.61172298,USDT
2025-07-11T00:30:00Z,BTC/USDT,sell,115441.96014500,0.00544207,0.62824323,USDT
2025-07-11T04:00:00Z,BTC/USDT,buy,116957.10933000,0.00524882,0.61388681,USDT
2025-07-11T08:00:00Z,BTC/USDT,sell,117474.34344500,0.00524882,0.61660168,USDT
2025-07-11T09:30:00Z,BTC/USDT,buy,118157.73934500,0.00518048,0.61211381,USDT
2025-07-11T11:00:00Z,BTC/USDT,sell,118063.98847500,0.00518048,0.61162813,USDT
2025-07-12T10:00:00Z,BTC/USDT,buy,118000.70086500,0.00518736,0.61211212,USDT
2025-07-12T11:30:00Z,BTC/USDT,stop_sell,117799.39905018,0.00518736,0.61106789,USDT
2025-07-13T06:45:00Z,BTC/USDT,buy,117940.51078500,0.00519388,0.61256886,USDT
2025-07-13T08:15:00Z,BTC/USDT,stop_sell,117721.45232875,0.00519388,0.61143110,USDT
2025-07-13T12:30:00Z,BTC/USDT,buy,118184.26260000,0.00518308,0.61255849,USDT
2025-07-13T15:45:00Z,BTC/USDT,sell,118554.60304500,0.00518308,0.61447799,USDT
2025-07-14T02:30:00Z,BTC/USDT,buy,119888.19414000,0.0051116,0.61282049,USDT
2025-07-14T08:30:00Z,BTC/USDT,sell,122446.09632500,0.0051116,0.62589547,USDT
2025-07-15T13:00:00Z,BTC/USDT,buy,117336.58897500,0.00522979,0.61364572,USDT
2025-07-15T14:30:00Z,BTC/USDT,sell,117620.63026500,0.00522979,0.61513120,USDT
2025-07-16T01:00:00Z,BTC/USDT,buy,118232.79685500,0.00519004,0.61363294,USDT
2025-07-16T01:15:00Z,BTC/USDT,stop_sell,117716.55299393,0.00519004,0.61095362,USDT
2025-07-16T09:30:00Z,BTC/USDT,buy,119169.78511500,0.00514617,0.61326797,USDT
2025-07-16T09:45:00Z,BTC/USDT,stop_sell,118688.41467714,0.00514617,0.61079076,USDT
2025-07-16T15:30:00Z,BTC/USDT,buy,119427.86409000,0.00513081,0.61276168,USDT
2025-07-16T15:30:00Z,BTC/USDT,stop_sell,118709.40346321,0.00513081,0.60907539,USDT
2025-07-16T18:45:00Z,BTC/USDT,buy,119670.79549500,0.00511337,0.61192106,USDT
2025-07-16T19:15:00Z,BTC/USDT,sell,119129.58541000,0.00511337,0.60915365,USDT
2025-07-17T18:00:00Z,BTC/USDT,buy,119292.19629000,0.00513244,0.61226004,USDT
2025-07-17T20:00:00Z,BTC/USDT,sell,118846.94680000,0.00513244,0.60997482,USDT
2025-07-17T21:30:00Z,BTC/USDT,buy,120836.84823000,0.00506451,0.61197943,USDT
2025-07-17T21:30:00Z,BTC/USDT,stop_sell,120093.69668464,0.00506451,0.60821573,USDT
2025-07-19T10:45:00Z,BTC/USDT,buy,118260.05047500,0.00517149,0.61158067,USDT
2025-07-19T11:15:00Z,BTC/USDT,stop_sell,118009.97014054,0.00517149,0.61028738,USDT
2025-07-20T03:45:00Z,BTC/USDT,buy,118064.58279000,0.00517515,0.61100193,USDT
2025-07-20T04:45:00Z,BTC/USDT,sell,117915.15293000,0.00517515,0.61022860,USDT
2025-07-20T14:00:00Z,BTC/USDT,buy,118442.30155500,0.00516048,0.61121913,USDT
2025-07-20T17:00:00Z,BTC/USDT,sell,118375.52263000,0.00516048,0.61087452,USDT
2025-07-21T06:45:00Z,BTC/USDT,buy,119044.68259500,0.00512939,0.61062660,USDT
2025-07-21T08:45:00Z,BTC/USDT,sell,118947.40654500,0.00512939,0.61012764,USDT
2025-07-22T10:45:00Z,BTC/USDT,buy,118695.92830500,0.00514741,0.61097661,USDT
2025-07-22T13:45:00Z,BTC/USDT,stop_sell,118064.62744107,0.00514741,0.60772704,USDT
2025-07-22T19:00:00Z,BTC/USDT,buy,119690.12515500,0.00508966,0.60918204,USDT
2025-07-22T19:30:00Z,BTC/USDT,stop_sell,119283.96710911,0.00508966,0.60711484,USDT
2025-07-24T15:00:00Z,BTC/USDT,buy,119134.80763500,0.00512389,0.61043365,USDT
2025-07-24T16:30:00Z,BTC/USDT,sell,118559.44062500,0.00512389,0.60748553,USDT
2025-07-25T19:15:00Z,BTC/USDT,buy,116691.61665000,0.00522494,0.60970670,USDT
2025-07-26T01:30:00Z,BTC/USDT,sell,117341.20005000,0.00522494,0.61310073,USDT
2025-07-26T09:00:00Z,BTC/USDT,buy,117658.78999500,0.00518635,0.61021967,USDT
2025-07-26T09:30:00Z,BTC/USDT,stop_sell,117344.86821500,0.00518635,0.60859156,USDT
2025-07-26T10:30:00Z,BTC/USDT,buy,117734.18767500,0.00518085,0.60996317,USDT
2025-07-26T13:00:00Z,BTC/USDT,sell,117924.18841000,0.00518085,0.61094753,USDT
2025-07-27T01:45:00Z,BTC/USDT,buy,118092.02650500,0.00515773,0.60908679,USDT
2025-07-27T03:15:00Z,BTC/USDT,sell,117988.62617500,0.00515773,0.60855348,USDT
2025-07-27T05:30:00Z,BTC/USDT,buy,118312.82685000,0.00515404,0.60978904,USDT
2025-07-27T05:45:00Z,BTC/USDT,sell,118197.87150000,0.00515404,0.60919656,USDT
2025-07-27T06:45:00Z,BTC/USDT,buy,118316.12850000,0.00515267,0.60964397,USDT
2025-07-27T07:30:00Z,BTC/USDT,sell,118125.31779500,0.00515267,0.60866078,USDT
2025-07-27T14:15:00Z,BTC/USDT,buy,118303.36212000,0.00514931,0.60918069,USDT
2025-07-27T19:00:00Z,BTC/USDT,sell,119013.77334500,0.00514931,0.61283881,USDT
2025-07-27T22:15:00Z,BTC/USDT,buy,119761.89102000,0.00509057,0.60965629,USDT
2025-07-27T23:00:00Z,BTC/USDT,stop_sell,119349.73420911,0.00509057,0.60755818,USDT
2025-07-28T06:00:00Z,BTC/USDT,buy,119638.05913500,0.00509204,0.60920178,USDT
2025-07-28T07:00:00Z,BTC/USDT,stop_sell,119245.11618714,0.00509204,0.60720090,USDT
2025-07-29T12:45:00Z,BTC/USDT,buy,119020.16034000,0.00511314,0.60856674,USDT
2025-07-29T13:00:00Z,BTC/USDT,stop_sell,118753.85444089,0.00511314,0.60720508,USDT
2025-07-29T23:00:00Z,BTC/USDT,buy,117936.96901500,0.00516322,0.60893452,USDT
2025-07-30T00:45:00Z,BTC/USDT,sell,117503.93864000,0.00516322,0.60669869,USDT
2025-07-30T15:00:00Z,BTC/USDT,buy,118727.04385500,0.00512784,0.60881328,USDT
2025-07-30T15:30:00Z,BTC/USDT,stop_sell,118061.42975500,0.00512784,0.60540012,USDT
2025-07-31T00:30:00Z,BTC/USDT,buy,118059.00000000,0.00515289,0.60834504,USDT
2025-07-31T05:15:00Z,BTC/USDT,sell,118220.31027500,0.00515289,0.60917625,USDT
2025-08-01T12:15:00Z,BTC/USDT,buy,115449.08569500,0.00526576,0.60792718,USDT
2025-08-01T12:30:00Z,BTC/USDT,stop_sell,115078.38238196,0.00526576,0.60597514,USDT
2025-08-01T12:45:00Z,BTC/USDT,buy,115842.39225000,0.00525131,0.60832431,USDT
2025-08-01T13:30:00Z,BTC/USDT,stop_sell,115308.20134357,0.00525131,0.60551911,USDT
2025-08-03T01:15:00Z,BTC/USDT,buy,113115.49948500,0.00537092,0.60753430,USDT
2025-08-03T04:45:00Z,BTC/USDT,sell,113310.00665500,0.00537092,0.60857898,USDT
2025-08-03T10:15:00Z,BTC/USDT,buy,113843.96353500,0.00533772,0.60766720,USDT
2025-08-03T12:15:00Z,BTC/USDT,sell,113695.13399500,0.00533772,0.60687279,USDT
2025-08-04T01:15:00Z,BTC/USDT,buy,114793.83823500,0.00528642,0.60684844,USDT
2025-08-04T02:00:00Z,BTC/USDT,stop_sell,114490.44935268,0.00528642,0.60524460,USDT
2025-08-04T03:00:00Z,BTC/USDT,buy,114930.26641500,0.00528391,0.60728118,USDT
2025-08-04T03:30:00Z,BTC/USDT,sell,114618.60203000,0.00528391,0.60563438,USDT
2025-08-04T13:45:00Z,BTC/USDT,buy,114893.95827000,0.00528749,0.60750066,USDT
2025-08-04T15:00:00Z,BTC/USDT,sell,114741.87036500,0.00528749,0.60669649,USDT
2025-08-04T17:15:00Z,BTC/USDT,buy,115691.68693500,0.00524675,0.60700536,USDT
2025-08-04T17:45:00Z,BTC/USDT,stop_sell,115111.85171036,0.00524675,0.60396311,USDT
2025-08-05T23:15:00Z,BTC/USDT,buy,114101.62230000,0.00531666,0.60663953,USDT
2025-08-06T00:30:00Z,BTC/USDT,sell,113925.64868000,0.00531666,0.60570394,USDT
2025-08-06T14:00:00Z,BTC/USDT,buy,114431.24703000,0.00529887,0.60635630,USDT
2025-08-06T14:15:00Z,BTC/USDT,stop_sell,113949.23116857,0.00529887,0.60380216,USDT
2025-08-06T15:00:00Z,BTC/USDT,buy,115168.68556500,0.00526295,0.60612703,USDT
2025-08-06T19:45:00Z,BTC/USDT,sell,115188.66685500,0.00526295,0.60623219,USDT
2025-08-07T08:15:00Z,BTC/USDT,buy,115051.05678000,0.00526705,0.60597967,USDT
2025-08-07T08:45:00Z,BTC/USDT,sell,115073.25459000,0.00526705,0.60609659,USDT
2025-08-07T10:15:00Z,BTC/USDT,buy,115299.35086500,0.00523946,0.60410634,USDT
2025-08-07T13:15:00Z,BTC/USDT,sell,116401.05036000,0.00523946,0.60987865,USDT
2025-08-07T19:45:00Z,BTC/USDT,buy,117066.35392500,0.00517882,0.60626558,USDT
2025-08-07T23:30:00Z,BTC/USDT,sell,117204.61837500,0.00517882,0.60698162,USDT
2025-08-08T13:45:00Z,BTC/USDT,buy,116598.94033500,0.00518331,0.60436845,USDT
2025-08-08T14:45:00Z,BTC/USDT,sell,116671.43510000,0.00518331,0.60474422,USDT
2025-08-09T08:45:00Z,BTC/USDT,buy,117110.46597000,0.00517596,0.60615909,USDT
2025-08-09T11:30:00Z,BTC/USDT,sell,117201.75980500,0.00517596,0.60663162,USDT
2025-08-10T02:30:00Z,BTC/USDT,buy,116616.86929500,0.00518263,0.60438209,USDT
2025-08-10T05:30:00Z,BTC/USDT,sell,117969.59569500,0.00518263,0.61139277,USDT
2025-08-10T14:30:00Z,BTC/USDT,buy,118859.29995000,0.00510348,0.60659606,USDT
2025-08-10T14:45:00Z,BTC/USDT,sell,118728.21619500,0.00510348,0.60592708,USDT
2025-08-10T15:15:00Z,BTC/USDT,buy,119073.29689500,0.00509273,0.60640815,USDT
2025-08-10T15:30:00Z,BTC/USDT,sell,118489.58557000,0.00509273,0.60343547,USDT
2025-08-10T22:15:00Z,BTC/USDT,buy,118640.48059500,0.00509283,0.60421580,USDT
2025-08-11T01:30:00Z,BTC/USDT,sell,119167.78630000,0.00509283,0.60690128,USDT
2025-08-11T01:45:00Z,BTC/USDT,buy,119165.13279000,0.00506258,0.60328302,USDT
2025-08-11T01:45:00Z,BTC/USDT,stop_sell,119046.02721000,0.00506258,0.60268004,USDT
2025-08-11T02:15:00Z,BTC/USDT,buy,120904.75216500,0.00501264,0.60605200,USDT
2025-08-11T08:00:00Z,BTC/USDT,sell,121452.74325000,0.00501264,0.60879888,USDT
2025-08-12T01:15:00Z,BTC/USDT,buy,119373.93714000,0.00507794,0.60617369,USDT
2025-08-12T03:30:00Z,BTC/USDT,sell,119234.44295500,0.00507794,0.60546535,USDT
2025-08-12T16:15:00Z,BTC/USDT,buy,120133.34665500,0.00505187,0.60689805,USDT
2025-08-12T17:30:00Z,BTC/USDT,sell,119261.20956500,0.00505187,0.60249213,USDT
2025-08-12T20:30:00Z,BTC/USDT,buy,120103.37167500,0.00504206,0.60556841,USDT
2025-08-12T21:30:00Z,BTC/USDT,sell,119831.20442500,0.00504206,0.60419612,USDT
2025-08-13T10:15:00Z,BTC/USDT,buy,120142.35115500,0.00502669,0.60391836,USDT
2025-08-13T12:30:00Z,BTC/USDT,sell,120290.31475500,0.00502669,0.60466212,USDT
2025-08-13T14:00:00Z,BTC/USDT,buy,122001.08005500,0.00496159,0.60531934,USDT
2025-08-13T14:45:00Z,BTC/USDT,stop_sell,121185.25313339,0.00496159,0.60127154,USDT
2025-08-13T19:30:00Z,BTC/USDT,buy,122467.89334500,0.00494362,0.60543473,USDT
2025-08-13T22:15:00Z,BTC/USDT,sell,122440.12931000,0.00494362,0.60529747,USDT
2025-08-13T22:45:00Z,BTC/USDT,buy,123164.10127500,0.0048987,0.60334398,USDT
2025-08-14T02:00:00Z,BTC/USDT,sell,123370.40394000,0.0048987,0.60435460,USDT
2025-08-14T23:15:00Z,BTC/USDT,buy,118579.20997500,0.00510167,0.60495200,USDT
2025-08-15T00:00:00Z,BTC/USDT,sell,118227.00692500,0.00510167,0.60315517,USDT
2025-08-16T16:15:00Z,BTC/USDT,buy,117701.36127000,0.00512813,0.60358788,USDT
2025-08-16T17:30:00Z,BTC/USDT,sell,117733.00405000,0.00512813,0.60375015,USDT
2025-08-17T03:30:00Z,BTC/USDT,buy,117552.89707500,0.00513726,0.60389980,USDT
2025-08-17T06:45:00Z,BTC/USDT,sell,117963.69864500,0.00513726,0.60601019,USDT
2025-08-17T09:00:00Z,BTC/USDT,buy,118431.67624500,0.00510531,0.60463042,USDT
2025-08-17T10:45:00Z,BTC/USDT,sell,118221.56964500,0.00510531,0.60355776,USDT
2025-08-17T14:00:00Z,BTC/USDT,buy,118520.90083500,0.00510296,0.60480742,USDT
2025-08-17T14:15:00Z,BTC/USDT,stop_sell,118164.65490232,0.00510296,0.60298951,USDT
2025-08-18T18:15:00Z,BTC/USDT,buy,116359.60072500,0.00517168,0.60177462,USDT
2025-08-18T18:45:00Z,BTC/USDT,sell,116308.15683000,0.00517168,0.60150857,USDT
2025-08-20T07:30:00Z,BTC/USDT,buy,113667.00510000,0.00530145,0.60259994,USDT
2025-08-20T07:45:00Z,BTC/USDT,sell,113557.19300000,0.00530145,0.60201778,USDT
2025-08-20T15:15:00Z,BTC/USDT,buy,113682.61290000,0.00529019,0.60140262,USDT
2025-08-20T16:00:00Z,BTC/USDT,sell,113290.23654500,0.00529019,0.59932688,USDT
2025-08-21T14:15:00Z,BTC/USDT,buy,113934.15861000,0.00529455,0.60323010,USDT
2025-08-21T14:30:00Z,BTC/USDT,stop_sell,113350.16192446,0.00529455,0.60013810,USDT
2025-08-22T14:15:00Z,BTC/USDT,buy,115269.39589500,0.0052333,0.60323933,USDT
2025-08-22T19:30:00Z,BTC/USDT,sell,116973.56396000,0.0052333,0.61215775,USDT
2025-08-25T15:00:00Z,BTC/USDT,buy,112379.72178000,0.00537335,0.60385558,USDT
2025-08-25T17:45:00Z,BTC/USDT,sell,112418.76250000,0.00537335,0.60406536,USDT
2025-08-26T15:15:00Z,BTC/USDT,buy,110260.05247500,0.0054575,0.60174424,USDT
2025-08-26T15:30:00Z,BTC/USDT,stop_sell,109908.52538929,0.0054575,0.59982578,USDT
2025-08-26T20:00:00Z,BTC/USDT,buy,111249.54697500,0.00542498,0.60352657,USDT
2025-08-26T21:45:00Z,BTC/USDT,sell,111041.02171500,0.00542498,0.60239532,USDT
2025-08-26T22:00:00Z,BTC/USDT,buy,111600.17220000,0.00540841,0.60357949,USDT
2025-08-27T00:15:00Z,BTC/USDT,sell,111896.84359000,0.00540841,0.60518401,USDT
2025-08-27T14:15:00Z,BTC/USDT,buy,111460.87258500,0.00539681,0.60153315,USDT
2025-08-27T15:30:00Z,BTC/USDT,sell,111963.78010500,0.00539681,0.60424725,USDT
2025-08-28T12:45:00Z,BTC/USDT,buy,113361.39237000,0.00532361,0.60349184,USDT
2025-08-28T12:45:00Z,BTC/USDT,stop_sell,112898.28583268,0.00532361,0.60102644,USDT
2025-08-30T04:30:00Z,BTC/USDT,buy,108705.20544000,0.00554893,0.60319758,USDT
2025-08-30T05:30:00Z,BTC/USDT,sell,108195.87500000,0.00554893,0.60037134,USDT
2025-08-30T15:30:00Z,BTC/USDT,buy,108857.76168000,0.00553788,0.60284122,USDT
2025-08-30T17:15:00Z,BTC/USDT,sell,108893.20616000,0.00553788,0.60303751,USDT
2025-08-31T17:00:00Z,BTC/USDT,buy,108989.09731500,0.00553078,0.60279472,USDT
2025-08-31T19:15:00Z,BTC/USDT,sell,108939.66292000,0.00553078,0.60252131,USDT
2025-09-02T03:00:00Z,BTC/USDT,buy,110271.33811500,0.00546704,0.60285782,USDT
2025-09-02T05:15:00Z,BTC/USDT,sell,109994.98499500,0.00546704,0.60134698,USDT
2025-09-02T14:00:00Z,BTC/USDT,buy,111377.36085000,0.00541161,0.60273084,USDT
2025-09-02T16:00:00Z,BTC/USDT,sell,110947.68840500,0.00541161,0.60040562,USDT
2025-09-02T21:30:00Z,BTC/USDT,buy,111556.48036500,0.00539823,0.60220754,USDT
2025-09-02T22:00:00Z,BTC/USDT,sell,111153.16561500,0.00539823,0.60003035,USDT
2025-09-03T00:30:00Z,BTC/USDT,buy,111565.45485000,0.00539511,0.60190790,USDT
2025-09-03T01:15:00Z,BTC/USDT,stop_sell,110902.53991911,0.00539511,0.59833140,USDT
2025-09-03T11:15:00Z,BTC/USDT,buy,111747.46581000,0.00538289,0.60152432,USDT
2025-09-03T11:15:00Z,BTC/USDT,stop_sell,111354.47812268,0.00538289,0.59940891,USDT
2025-09-03T14:45:00Z,BTC/USDT,buy,112444.06393500,0.00536379,0.60312635,USDT
2025-09-03T16:00:00Z,BTC/USDT,sell,112331.04638000,0.00536379,0.60252014,USDT
2025-09-04T20:45:00Z,BTC/USDT,buy,110412.36859500,0.00544415,0.60110150,USDT
2025-09-04T23:45:00Z,BTC/USDT,sell,110700.77192500,0.00544415,0.60267161,USDT
2025-09-05T07:00:00Z,BTC/USDT,buy,111972.09807000,0.00537188,0.60150067,USDT
2025-09-05T09:30:00Z,BTC/USDT,sell,112423.33021500,0.00537188,0.60392464,USDT
2025-09-05T13:00:00Z,BTC/USDT,buy,113060.73211500,0.00531911,0.60138247,USDT
2025-09-05T14:00:00Z,BTC/USDT,stop_sell,112356.77208214,0.00531911,0.59763803,USDT
2025-09-06T13:15:00Z,BTC/USDT,buy,111045.62506500,0.0054104,0.60080125,USDT
2025-09-06T13:15:00Z,BTC/USDT,stop_sell,110715.15508696,0.0054104,0.59901328,USDT
2025-09-08T08:30:00Z,BTC/USDT,buy,111634.63942500,0.00538063,0.60066469,USDT
2025-09-08T11:30:00Z,BTC/USDT,sell,111703.53029500,0.00538063,0.60103537,USDT
2025-09-08T14:45:00Z,BTC/USDT,buy,112428.90636000,0.00534165,0.60055587,USDT
2025-09-08T16:00:00Z,BTC/USDT,sell,112742.06077000,0.00534165,0.60222863,USDT
2025-09-09T06:15:00Z,BTC/USDT,buy,112812.12787500,0.00534269,0.60272023,USDT
2025-09-09T09:30:00Z,BTC/USDT,sell,112813.46505000,0.00534269,0.60272737,USDT
2025-09-10T12:45:00Z,BTC/USDT,buy,112973.05830000,0.00531538,0.60049473,USDT
2025-09-10T16:00:00Z,BTC/USDT,sell,113810.97604500,0.00531538,0.60494859,USDT
2025-09-10T23:15:00Z,BTC/USDT,buy,114050.09655000,0.00526719,0.60072353,USDT
2025-09-11T00:15:00Z,BTC/USDT,sell,113670.18647500,0.00526719,0.59872247,USDT
2025-09-11T02:00:00Z,BTC/USDT,buy,114256.25958000,0.00525559,0.60048406,USDT
2025-09-11T02:15:00Z,BTC/USDT,stop_sell,113770.52199643,0.00525559,0.59793122,USDT
2025-09-11T02:30:00Z,BTC/USDT,buy,114270.87688500,0.00525227,0.60018150,USDT
2025-09-11T03:00:00Z,BTC/USDT,sell,114487.45763500,0.00525227,0.60131904,USDT
2025-09-11T22:30:00Z,BTC/USDT,buy,114814.15839000,0.00522782,0.60022775,USDT
2025-09-12T01:45:00Z,BTC/USDT,sell,115499.37142500,0.00522782,0.60380992,USDT
2025-09-12T14:15:00Z,BTC/USDT,buy,115550.81653500,0.00519559,0.60035467,USDT
2025-09-12T14:45:00Z,BTC/USDT,sell,114832.73491000,0.00519559,0.59662381,USDT
2025-09-12T18:30:00Z,BTC/USDT,buy,116215.52872500,0.00516712,0.60049958,USDT
2025-09-12T20:30:00Z,BTC/USDT,sell,116001.97000000,0.00516712,0.59939610,USDT
2025-09-13T10:00:00Z,BTC/USDT,buy,116164.44319500,0.00516329,0.59979071,USDT
2025-09-13T10:00:00Z,BTC/USDT,stop_sell,115815.00959839,0.00516329,0.59798648,USDT
2025-09-14T00:15:00Z,BTC/USDT,buy,116057.78989500,0.00516596,0.59954990,USDT
2025-09-14T01:00:00Z,BTC/USDT,sell,115927.74713000,0.00516596,0.59887810,USDT
2025-09-14T02:15:00Z,BTC/USDT,buy,116081.08153500,0.00516364,0.59940092,USDT
2025-09-14T02:45:00Z,BTC/USDT,sell,115937.68216000,0.00516364,0.59866045,USDT
2025-09-14T09:45:00Z,BTC/USDT,buy,116117.70984000,0.00516089,0.59927073,USDT
2025-09-14T09:45:00Z,BTC/USDT,stop_sell,115808.52677000,0.00516089,0.59767507,USDT
2025-09-14T10:00:00Z,BTC/USDT,buy,116162.35215000,0.00515581,0.59891102,USDT
2025-09-14T10:45:00Z,BTC/USDT,stop_sell,115749.80614500,0.00515581,0.59678401,USDT
2025-09-15T04:30:00Z,BTC/USDT,buy,115796.96955000,0.00517088,0.59877223,USDT
2025-09-15T07:00:00Z,BTC/USDT,sell,116008.92652000,0.00517088,0.59986824,USDT
2025-09-16T16:00:00Z,BTC/USDT,buy,115858.84047000,0.00516795,0.59875269,USDT
2025-09-16T18:45:00Z,BTC/USDT,sell,116635.97284000,0.00516795,0.60276888,USDT
2025-09-17T05:45:00Z,BTC/USDT,buy,116855.24842500,0.00512568,0.59896261,USDT
2025-09-17T08:30:00Z,BTC/USDT,sell,116668.37663000,0.00512568,0.59800476,USDT
2025-09-17T23:00:00Z,BTC/USDT,buy,116806.00381500,0.00512646,0.59880131,USDT
2025-09-18T00:15:00Z,BTC/USDT,sell,116471.78497500,0.00512646,0.59708795,USDT
2025-09-18T03:15:00Z,BTC/USDT,buy,117311.75656500,0.00510246,0.59857855,USDT
2025-09-18T05:15:00Z,BTC/USDT,sell,117226.01767000,0.00510246,0.59814107,USDT
2025-09-18T13:30:00Z,BTC/USDT,buy,117473.87758500,0.00509403,0.59841546,USDT
2025-09-18T13:45:00Z,BTC/USDT,sell,117170.73532500,0.00509403,0.59687124,USDT
2025-09-18T14:15:00Z,BTC/USDT,buy,117700.11064500,0.00508252,0.59821317,USDT
2025-09-18T15:45:00Z,BTC/USDT,sell,117417.27199500,0.00508252,0.59677563,USDT
2025-09-20T12:15:00Z,BTC/USDT,buy,116042.60230500,0.00515313,0.59798262,USDT
2025-09-20T13:45:00Z,BTC/USDT,sell,115865.70816500,0.00515313,0.59707106,USDT
2025-09-23T06:30:00Z,BTC/USDT,buy,112581.11242500,0.00531029,0.59783836,USDT
2025-09-23T08:45:00Z,BTC/USDT,sell,112652.55554500,0.00531029,0.59821774,USDT
2025-09-24T01:30:00Z,BTC/USDT,buy,112279.64176500,0.00531845,0.59715366,USDT
2025-09-24T02:15:00Z,BTC/USDT,stop_sell,112020.54456571,0.00531845,0.59577567,USDT
2025-09-24T10:00:00Z,BTC/USDT,buy,112800.04183500,0.00529758,0.59756725,USDT
2025-09-24T13:45:00Z,BTC/USDT,sell,112906.90830500,0.00529758,0.59813338,USDT
2025-09-24T14:45:00Z,BTC/USDT,buy,113306.62500000,0.00527345,0.59751682,USDT
2025-09-24T16:00:00Z,BTC/USDT,sell,113248.63735500,0.00527345,0.59721103,USDT
2025-09-26T02:15:00Z,BTC/USDT,buy,109484.22475500,0.00544348,0.59597519,USDT
2025-09-26T02:15:00Z,BTC/USDT,stop_sell,109090.21582018,0.00544348,0.59383041,USDT
2025-09-26T18:30:00Z,BTC/USDT,buy,110271.27808500,0.0054151,0.59713000,USDT
2025-09-26T19:00:00Z,BTC/USDT,sell,109643.81067000,0.0054151,0.59373220,USDT
2025-09-28T13:30:00Z,BTC/USDT,buy,109518.31179000,0.00544898,0.59676309,USDT
2025-09-28T15:00:00Z,BTC/USDT,sell,109734.22544000,0.00544898,0.59793960,USDT
2025-09-28T20:30:00Z,BTC/USDT,buy,110626.53562500,0.00539758,0.59711558,USDT
2025-09-28T22:00:00Z,BTC/USDT,sell,110726.12924000,0.00539758,0.59765314,USDT
2025-09-28T22:15:00Z,BTC/USDT,buy,111462.17323500,0.00536763,0.59828770,USDT
2025-09-29T01:45:00Z,BTC/USDT,sell,112055.69412500,0.00536763,0.60147351,USDT
2025-09-29T12:15:00Z,BTC/USDT,buy,112185.82488000,0.0053156,0.59633497,USDT
2025-09-29T12:15:00Z,BTC/USDT,stop_sell,111909.84494321,0.0053156,0.59486797,USDT
2025-09-29T13:45:00Z,BTC/USDT,buy,113251.65753000,0.00527188,0.59704915,USDT
2025-09-29T17:00:00Z,BTC/USDT,sell,113497.10306000,0.00527188,0.59834311,USDT
2025-09-29T20:00:00Z,BTC/USDT,buy,114292.93791000,0.00522047,0.59666285,USDT
2025-09-29T21:30:00Z,BTC/USDT,sell,114045.67863500,0.00522047,0.59537204,USDT
2025-09-30T01:00:00Z,BTC/USDT,buy,114652.91781000,0.00520232,0.59646117,USDT
2025-09-30T02:30:00Z,BTC/USDT,sell,114858.66194000,0.00520232,0.59753151,USDT
2025-10-01T11:45:00Z,BTC/USDT,buy,116272.63726500,0.00512009,0.59532637,USDT
2025-10-01T13:15:00Z,BTC/USDT,sell,116489.69601500,0.00512009,0.59643773,USDT
2025-10-01T14:15:00Z,BTC/USDT,buy,116844.09285000,0.00509045,0.59478901,USDT
2025-10-01T17:15:00Z,BTC/USDT,sell,117259.87073500,0.00509045,0.59690551,USDT
2025-10-01T22:15:00Z,BTC/USDT,buy,117615.14818500,0.00505276,0.59428112,USDT
2025-10-01T22:15:00Z,BTC/USDT,stop_sell,117497.59181500,0.00505276,0.59368713,USDT
2025-10-01T23:30:00Z,BTC/USDT,buy,118181.07100500,0.00504125,0.59578032,USDT
2025-10-02T01:00:00Z,BTC/USDT,sell,118356.68205500,0.00504125,0.59666562,USDT
2025-10-02T02:00:00Z,BTC/USDT,buy,119164.41243000,0.0050042,0.59632255,USDT
2025-10-02T02:30:00Z,BTC/USDT,sell,118648.10627000,0.0050042,0.59373885,USDT
2025-10-02T12:30:00Z,BTC/USDT,buy,119152.91668500,0.00500035,0.59580629,USDT
2025-10-02T14:45:00Z,BTC/USDT,sell,119081.72935000,0.00500035,0.59545033,USDT
2025-10-02T16:15:00Z,BTC/USDT,buy,120314.98743000,0.00495304,0.59592495,USDT
2025-10-02T17:00:00Z,BTC/USDT,stop_sell,119449.18945661,0.00495304,0.59163661,USDT
2025-10-02T19:15:00Z,BTC/USDT,buy,120888.20389500,0.00492596,0.59549046,USDT
2025-10-02T21:45:00Z,BTC/USDT,sell,120285.03739500,0.00492596,0.59251928,USDT
2025-10-03T09:30:00Z,BTC/USDT,buy,120404.07195000,0.00494204,0.59504174,USDT
2025-10-03T09:45:00Z,BTC/USDT,stop_sell,119949.17648089,0.00494204,0.59279363,USDT
2025-10-03T13:30:00Z,BTC/USDT,buy,120665.31250500,0.00493001,0.59488120,USDT
2025-10-03T13:30:00Z,BTC/USDT,stop_sell,120303.79336946,0.00493001,0.59309890,USDT
2025-10-03T15:00:00Z,BTC/USDT,buy,120928.41399000,0.00491733,0.59464492,USDT
2025-10-03T18:00:00Z,BTC/USDT,sell,122144.40724500,0.00491733,0.60062436,USDT
2025-10-04T05:15:00Z,BTC/USDT,buy,122278.75882500,0.00485458,0.59361202,USDT
2025-10-04T07:30:00Z,BTC/USDT,sell,122485.84644000,0.00485458,0.59461734,USDT
2025-10-05T02:15:00Z,BTC/USDT,buy,122519.03890500,0.00485637,0.59499778,USDT
2025-10-05T07:45:00Z,BTC/USDT,sell,124846.53550500,0.00485637,0.60630097,USDT
2025-10-06T00:30:00Z,BTC/USDT,buy,123956.54730000,0.00480654,0.59580210,USDT
2025-10-06T00:45:00Z,BTC/USDT,stop_sell,123351.09181518,0.00480654,0.59289196,USDT
2025-10-06T11:30:00Z,BTC/USDT,buy,124312.10499000,0.00479049,0.59551590,USDT
2025-10-06T12:45:00Z,BTC/USDT,sell,124124.76657000,0.00479049,0.59461845,USDT
2025-10-06T13:15:00Z,BTC/USDT,buy,124763.17041000,0.00477164,0.59532493,USDT
2025-10-06T15:00:00Z,BTC/USDT,sell,124793.91183000,0.00477164,0.59547162,USDT
2025-10-06T19:00:00Z,BTC/USDT,buy,125923.15011000,0.00472183,0.59458771,USDT
2025-10-06T19:30:00Z,BTC/USDT,stop_sell,125353.62326286,0.00472183,0.59189850,USDT
2025-10-08T08:45:00Z,BTC/USDT,buy,122836.35748500,0.00484415,0.59503774,USDT
2025-10-08T12:15:00Z,BTC/USDT,sell,123114.24208500,0.00484415,0.59638386,USDT
2025-10-08T17:30:00Z,BTC/USDT,buy,123695.21670000,0.00479555,0.59318660,USDT
2025-10-08T18:45:00Z,BTC/USDT,sell,123538.12004000,0.00479555,0.59243323,USDT
2025-10-10T13:45:00Z,BTC/USDT,buy,122537.54815500,0.00485391,0.59478623,USDT
2025-10-10T13:45:00Z,BTC/USDT,stop_sell,121978.41314071,0.00485391,0.59207224,USDT
2025-10-12T06:30:00Z,BTC/USDT,buy,111630.64743000,0.00530213,0.59188020,USDT
2025-10-12T07:15:00Z,BTC/USDT,sell,111893.63519500,0.00530213,0.59327460,USDT
2025-10-12T12:15:00Z,BTC/USDT,buy,111817.53082500,0.00529692,0.59228852,USDT
2025-10-12T12:30:00Z,BTC/USDT,stop_sell,111584.39310768,0.00529692,0.59105360,USDT
2025-10-12T15:00:00Z,BTC/USDT,buy,112501.24251000,0.00528257,0.59429569,USDT
2025-10-12T18:45:00Z,BTC/USDT,sell,113488.90716000,0.00528257,0.59951310,USDT
2025-10-12T23:00:00Z,BTC/USDT,buy,115665.45382500,0.00514085,0.59461875,USDT
2025-10-13T01:00:00Z,BTC/USDT,sell,114964.74887000,0.00514085,0.59101653,USDT
2025-10-13T14:00:00Z,BTC/USDT,buy,115349.34585000,0.00515165,0.59423946,USDT
2025-10-13T14:15:00Z,BTC/USDT,stop_sell,114469.25602607,0.00515165,0.58970554,USDT
2025-10-15T02:45:00Z,BTC/USDT,buy,113627.40531000,0.00522564,0.59377591,USDT
2025-10-15T03:00:00Z,BTC/USDT,sell,113365.52888000,0.00522564,0.59240744,USDT
2025-10-17T03:00:00Z,BTC/USDT,buy,108693.82975500,0.00543796,0.59107270,USDT
2025-10-17T04:45:00Z,BTC/USDT,sell,108976.91428500,0.00543796,0.59261210,USDT
2025-10-18T07:15:00Z,BTC/USDT,buy,107428.18725000,0.00552502,0.59354288,USDT
2025-10-18T07:30:00Z,BTC/USDT,stop_sell,106877.10792768,0.00552502,0.59049816,USDT
2025-10-18T13:00:00Z,BTC/USDT,buy,107292.32935500,0.00552935,0.59325684,USDT
2025-10-18T13:30:00Z,BTC/USDT,sell,106845.60047500,0.00552935,0.59078672,USDT
2025-10-19T04:15:00Z,BTC/USDT,buy,107372.57946000,0.00552227,0.59294037,USDT
2025-10-19T04:30:00Z,BTC/USDT,sell,107245.54040500,0.00552227,0.59223883,USDT
2025-10-19T10:00:00Z,BTC/USDT,buy,107439.55293000,0.00551774,0.59282352,USDT
2025-10-19T12:30:00Z,BTC/USDT,sell,107433.51637000,0.00551774,0.59279021,USDT
2025-10-19T16:45:00Z,BTC/USDT,buy,108854.40000000,0.00544069,0.59224305,USDT
2025-10-19T19:45:00Z,BTC/USDT,sell,109150.84727500,0.00544069,0.59385592,USDT
2025-10-20T04:00:00Z,BTC/USDT,buy,110390.19751500,0.00536948,0.59273796,USDT
2025-10-20T09:30:00Z,BTC/USDT,sell,110701.96133000,0.00536948,0.59441197,USDT
2025-10-21T12:30:00Z,BTC/USDT,buy,109010.82817500,0.00541432,0.59021951,USDT
2025-10-21T12:30:00Z,BTC/USDT,stop_sell,108901.87182500,0.00541432,0.58962958,USDT
2025-10-21T14:15:00Z,BTC/USDT,buy,109849.92751500,0.0053952,0.59266233,USDT
2025-10-21T17:30:00Z,BTC/USDT,sell,112432.82546500,0.0053952,0.60659758,USDT
2025-10-23T03:15:00Z,BTC/USDT,buy,108119.76286500,0.00546725,0.59111777,USDT
2025-10-23T04:15:00Z,BTC/USDT,sell,108412.32672000,0.00546725,0.59271729,USDT
2025-10-23T17:45:00Z,BTC/USDT,buy,110914.37947500,0.0053564,0.59410178,USDT
2025-10-23T19:30:00Z,BTC/USDT,sell,110117.98346500,0.0053564,0.58983597,USDT
2025-10-24T04:30:00Z,BTC/USDT,buy,110996.62057500,0.00534498,0.59327472,USDT
2025-10-24T06:30:00Z,BTC/USDT,sell,110889.35758500,0.00534498,0.59270140,USDT
2025-10-24T12:45:00Z,BTC/USDT,buy,111690.54736500,0.00531049,0.59313153,USDT
2025-10-24T13:30:00Z,BTC/USDT,stop_sell,110983.35806125,0.00531049,0.58937601,USDT
2025-10-24T19:30:00Z,BTC/USDT,buy,110912.55856500,0.00534419,0.59273779,USDT
2025-10-24T20:15:00Z,BTC/USDT,sell,110445.07983500,0.00534419,0.59023949,USDT
2025-10-24T22:45:00Z,BTC/USDT,buy,111084.21435000,0.00533292,0.59240323,USDT
2025-10-24T23:30:00Z,BTC/USDT,sell,110835.23466000,0.00533292,0.59107544,USDT
2025-10-25T02:15:00Z,BTC/USDT,buy,111122.50348500,0.00532943,0.59221960,USDT
2025-10-25T02:30:00Z,BTC/USDT,sell,110739.98231000,0.00532943,0.59018098,USDT
2025-10-25T06:15:00Z,BTC/USDT,buy,111226.84563000,0.005309,0.59050332,USDT
2025-10-25T08:15:00Z,BTC/USDT,sell,111577.92313000,0.005309,0.59236719,USDT
2025-10-26T09:30:00Z,BTC/USDT,buy,112657.45057500,0.00526753,0.59342650,USDT
2025-10-26T15:00:00Z,BTC/USDT,sell,113791.07600000,0.00526753,0.59939791,USDT
2025-10-26T22:15:00Z,BTC/USDT,buy,114602.28250500,0.00515551,0.59083321,USDT
2025-10-27T02:30:00Z,BTC/USDT,sell,114885.95828500,0.00515551,0.59229571,USDT
2025-10-27T05:45:00Z,BTC/USDT,buy,115577.07966000,0.00512681,0.59254173,USDT
2025-10-27T07:45:00Z,BTC/USDT,sell,115551.78520500,0.00512681,0.59241205,USDT
2025-10-27T17:45:00Z,BTC/USDT,buy,115717.83000000,0.00511882,0.59233874,USDT
2025-10-27T19:00:00Z,BTC/USDT,stop_sell,115105.31212464,0.00511882,0.58920337,USDT
2025-10-28T09:45:00Z,BTC/USDT,buy,114604.29351000,0.00516553,0.59199192,USDT
2025-10-28T11:30:00Z,BTC/USDT,sell,114527.70750000,0.00516553,0.59159631,USDT
2025-10-28T13:15:00Z,BTC/USDT,buy,114812.10736500,0.00515509,0.59186675,USDT
2025-10-28T14:45:00Z,BTC/USDT,sell,114545.24872500,0.00515509,0.59049107,USDT
2025-10-29T08:00:00Z,BTC/USDT,buy,113503.79353500,0.00521271,0.59166236,USDT
2025-10-29T08:15:00Z,BTC/USDT,sell,113153.65487000,0.00521271,0.58983719,USDT
2025-10-31T01:00:00Z,BTC/USDT,buy,109628.41681500,0.00539471,0.59141352,USDT
2025-10-31T02:15:00Z,BTC/USDT,sell,109394.42542500,0.00539471,0.59015120,USDT
2025-10-31T12:00:00Z,BTC/USDT,buy,110499.12195000,0.00535049,0.59122445,USDT
2025-10-31T12:30:00Z,BTC/USDT,stop_sell,109865.30522446,0.00535049,0.58783322,USDT
2025-10-31T15:00:00Z,BTC/USDT,buy,111049.98724500,0.0053206,0.59085256,USDT
2025-10-31T15:45:00Z,BTC/USDT,stop_sell,110192.10995464,0.0053206,0.58628814,USDT
2025-11-01T15:15:00Z,BTC/USDT,buy,110355.77031000,0.00534992,0.59039454,USDT
2025-11-01T15:30:00Z,BTC/USDT,sell,110199.75256000,0.00534992,0.58955986,USDT
2025-11-01T16:15:00Z,BTC/USDT,buy,110480.71275000,0.00534236,0.59022774,USDT
2025-11-01T16:30:00Z,BTC/USDT,sell,110062.45124500,0.00534236,0.58799324,USDT
2025-11-02T05:00:00Z,BTC/USDT,buy,110804.29446000,0.00532836,0.59040517,USDT
2025-11-02T05:30:00Z,BTC/USDT,stop_sell,110266.82722018,0.00532836,0.58754135,USDT
2025-11-02T08:00:00Z,BTC/USDT,buy,111050.64757500,0.00530965,0.58964007,USDT
2025-11-02T08:45:00Z,BTC/USDT,sell,110585.63952000,0.00530965,0.58717104,USDT
2025-11-02T09:15:00Z,BTC/USDT,buy,111048.99675000,0.00530699,0.58933592,USDT
2025-11-02T09:30:00Z,BTC/USDT,sell,110672.87588000,0.00530699,0.58733985,USDT
2025-11-02T12:00:00Z,BTC/USDT,buy,111277.97118000,0.00529391,0.58909556,USDT
2025-11-02T13:00:00Z,BTC/USDT,sell,110942.54098000,0.00529391,0.58731983,USDT
2025-11-02T23:15:00Z,BTC/USDT,buy,110499.34206000,0.00532909,0.58886094,USDT
2025-11-03T00:45:00Z,BTC/USDT,stop_sell,109929.93360839,0.00532909,0.58582651,USDT
2025-11-03T12:15:00Z,BTC/USDT,buy,108259.82286000,0.00544236,0.58918893,USDT
2025-11-03T13:45:00Z,BTC/USDT,sell,107686.76968000,0.00544236,0.58607017,USDT
2025-11-05T03:30:00Z,BTC/USDT,buy,102134.36166000,0.00575889,0.58818055,USDT
2025-11-05T04:30:00Z,BTC/USDT,sell,101540.87416500,0.00575889,0.58476272,USDT
2025-11-05T15:45:00Z,BTC/USDT,buy,103853.70090000,0.00565999,0.58781091,USDT
2025-11-05T20:00:00Z,BTC/USDT,sell,104008.33981500,0.00565999,0.58868616,USDT
2025-11-06T13:30:00Z,BTC/USDT,buy,103633.11066000,0.00567182,0.58778835,USDT
2025-11-06T14:00:00Z,BTC/USDT,stop_sell,102865.56934321,0.00567182,0.58343499,USDT
2025-11-07T16:30:00Z,BTC/USDT,buy,101627.37829500,0.00577941,0.58734629,USDT
2025-11-08T00:00:00Z,BTC/USDT,sell,103312.41795000,0.00577941,0.59708482,USDT
2025-11-08T19:00:00Z,BTC/USDT,buy,102295.93240500,0.00574829,0.58802669,USDT
2025-11-08T19:15:00Z,BTC/USDT,stop_sell,101822.83061625,0.00574829,0.58530716,USDT
2025-11-08T21:45:00Z,BTC/USDT,buy,102391.06995000,0.00574524,0.58826127,USDT
2025-11-08T23:45:00Z,BTC/USDT,sell,102435.36669500,0.00574524,0.58851577,USDT
2025-11-09T11:15:00Z,BTC/USDT,buy,101934.91198500,0.00574624,0.58574247,USDT
2025-11-09T11:15:00Z,BTC/USDT,stop_sell,101833.02801500,0.00574624,0.58515702,USDT
2025-11-09T11:45:00Z,BTC/USDT,buy,102377.20302000,0.00573855,0.58749670,USDT
2025-11-09T12:45:00Z,BTC/USDT,stop_sell,101884.34234500,0.00573855,0.58466839,USDT
2025-11-09T14:30:00Z,BTC/USDT,buy,103885.42675500,0.00565394,0.58736197,USDT
2025-11-09T14:45:00Z,BTC/USDT,stop_sell,103187.38192786,0.00565394,0.58341527,USDT
2025-11-09T19:00:00Z,BTC/USDT,buy,104551.41958500,0.00561347,0.58689626,USDT
2025-11-09T21:15:00Z,BTC/USDT,sell,104668.28967500,0.00561347,0.58755230,USDT
2025-11-10T00:15:00Z,BTC/USDT,buy,105086.56702500,0.00558332,0.58673193,USDT
2025-11-10T02:30:00Z,BTC/USDT,sell,105582.19249500,0.00558332,0.58949917,USDT
2025-11-11T01:30:00Z,BTC/USDT,buy,106991.30892000,0.00549183,0.58757808,USDT
2025-11-11T01:45:00Z,BTC/USDT,stop_sell,106042.61645357,0.00549183,0.58236802,USDT
2025-11-12T08:30:00Z,BTC/USDT,buy,103905.06657000,0.00564314,0.58635084,USDT
2025-11-12T13:30:00Z,BTC/USDT,sell,104949.42903500,0.00564314,0.59224432,USDT
2025-11-13T01:15:00Z,BTC/USDT,buy,102621.33502500,0.00571734,0.58672106,USDT
2025-11-13T01:15:00Z,BTC/USDT,stop_sell,102045.82013714,0.00571734,0.58343065,USDT
2025-11-14T16:30:00Z,BTC/USDT,buy,96773.84274000,0.00603111,0.58365369,USDT
2025-11-14T17:30:00Z,BTC/USDT,sell,96805.99279000,0.00603111,0.58384759,USDT
2025-11-15T14:15:00Z,BTC/USDT,buy,96518.79528000,0.00607439,0.58629280,USDT
2025-11-15T14:30:00Z,BTC/USDT,sell,96374.68855000,0.00607439,0.58541744,USDT
2025-11-16T03:00:00Z,BTC/USDT,buy,96031.27164000,0.00610634,0.58639960,USDT
2025-11-16T06:00:00Z,BTC/USDT,sell,96046.91252000,0.00610634,0.58649510,USDT
2025-11-16T10:00:00Z,BTC/USDT,buy,96435.27354000,0.0060564,0.58405059,USDT
2025-11-16T11:00:00Z,BTC/USDT,stop_sell,96144.67075929,0.0060564,0.58229058,USDT
2025-11-17T00:30:00Z,BTC/USDT,buy,94755.96430500,0.00618229,0.58580885,USDT
2025-11-17T03:00:00Z,BTC/USDT,sell,94932.51999500,0.00618229,0.58690037,USDT
2025-11-18T15:15:00Z,BTC/USDT,buy,92287.00044000,0.00634756,0.58579727,USDT
2025-11-18T17:30:00Z,BTC/USDT,sell,93021.34606000,0.00634756,0.59045858,USDT
2025-11-19T15:15:00Z,BTC/USDT,buy,92290.03195500,0.00636726,0.58763463,USDT
2025-11-19T15:15:00Z,BTC/USDT,stop_sell,91336.26188071,0.00636726,0.58156173,USDT
2025-11-20T01:15:00Z,BTC/USDT,buy,92397.00541500,0.00633677,0.58549857,USDT
2025-11-20T04:00:00Z,BTC/USDT,sell,92382.90544000,0.00633677,0.58540922,USDT
2025-11-21T22:15:00Z,BTC/USDT,buy,85462.71000000,0.00684978,0.58540076,USDT
2025-11-21T22:30:00Z,BTC/USDT,stop_sell,84641.76223357,0.00684978,0.57977745,USDT
2025-11-22T14:15:00Z,BTC/USDT,buy,84500.63920500,0.00693167,0.58573055,USDT
2025-11-22T15:45:00Z,BTC/USDT,sell,83988.88455000,0.00693167,0.58218323,USDT
2025-11-22T23:00:00Z,BTC/USDT,buy,85082.44996500,0.00685253,0.58303004,USDT
2025-11-22T23:15:00Z,BTC/USDT,stop_sell,84765.12230839,0.00685253,0.58085554,USDT
2025-11-23T02:00:00Z,BTC/USDT,buy,86040.70885500,0.0068056,0.58555865,USDT
2025-11-23T05:15:00Z,BTC/USDT,sell,86515.04084000,0.0068056,0.58878676,USDT
2025-11-23T19:30:00Z,BTC/USDT,buy,87608.68245000,0.00668242,0.58543801,USDT
2025-11-23T21:30:00Z,BTC/USDT,sell,87605.24546500,0.00668242,0.58541504,USDT
2025-11-23T22:00:00Z,BTC/USDT,buy,88144.05000000,0.00662871,0.58428135,USDT
2025-11-23T22:15:00Z,BTC/USDT,stop_sell,87585.13088446,0.00662871,0.58057643,USDT
2025-11-24T15:15:00Z,BTC/USDT,buy,86644.55062500,0.00673852,0.58385604,USDT
2025-11-24T22:30:00Z,BTC/USDT,sell,89041.42701500,0.00673852,0.60000744,USDT
2025-11-26T17:30:00Z,BTC/USDT,buy,88682.17893000,0.00658102,0.58361919,USDT
2025-11-26T21:15:00Z,BTC/USDT,sell,89854.89008000,0.00658102,0.59133683,USDT
2025-11-27T02:15:00Z,BTC/USDT,buy,91026.13032000,0.00641775,0.58418295,USDT
2025-11-27T04:00:00Z,BTC/USDT,sell,91256.93870500,0.00641775,0.58566422,USDT
2025-11-28T14:00:00Z,BTC/USDT,buy,92495.40459000,0.00633131,0.58561708,USDT
2025-11-28T14:45:00Z,BTC/USDT,stop_sell,91932.59642143,0.00633131,0.58205377,USDT
2025-11-29T15:45:00Z,BTC/USDT,buy,91082.31840000,0.00642511,0.58521391,USDT
2025-11-29T16:45:00Z,BTC/USDT,sell,91030.15215500,0.00642511,0.58487874,USDT
2025-11-30T08:30:00Z,BTC/USDT,buy,91108.30138500,0.00639762,0.58287629,USDT
2025-11-30T08:30:00Z,BTC/USDT,stop_sell,91017.23861500,0.00639762,0.58229371,USDT
2025-11-30T09:15:00Z,BTC/USDT,buy,91298.89663500,0.0063879,0.58320822,USDT
2025-11-30T10:45:00Z,BTC/USDT,sell,91180.78680000,0.0063879,0.58245375,USDT
2025-11-30T13:00:00Z,BTC/USDT,buy,91601.34778500,0.00638439,0.58481873,USDT
2025-11-30T14:45:00Z,BTC/USDT,sell,91517.44838500,0.00638439,0.58428308,USDT
2025-12-02T11:00:00Z,BTC/USDT,buy,87389.22277500,0.00668689,0.58436212,USDT
2025-12-02T13:00:00Z,BTC/USDT,sell,87150.61289500,0.00668689,0.58276656,USDT
2025-12-02T14:15:00Z,BTC/USDT,buy,88431.31356000,0.00660526,0.58411182,USDT
2025-12-02T20:15:00Z,BTC/USDT,sell,91547.16352000,0.00660526,0.60469282,USDT
2025-12-03T02:00:00Z,BTC/USDT,buy,92364.40912500,0.00635747,0.58720396,USDT
2025-12-03T06:45:00Z,BTC/USDT,sell,93225.44396000,0.00635747,0.59267796,USDT
2025-12-06T10:30:00Z,BTC/USDT,buy,89506.15071000,0.00653044,0.58451455,USDT
2025-12-06T10:45:00Z,BTC/USDT,sell,89667.50382000,0.00653044,0.58556825,USDT
2025-12-06T13:45:00Z,BTC/USDT,buy,89661.91855500,0.00652728,0.58524845,USDT
2025-12-06T15:30:00Z,BTC/USDT,sell,89501.73674500,0.00652728,0.58420290,USDT
2025-12-07T13:15:00Z,BTC/USDT,buy,89340.15775500,0.00654088,0.58436325,USDT
2025-12-07T13:15:00Z,BTC/USDT,stop_sell,89239.62608018,0.00654088,0.58370569,USDT
2025-12-07T16:00:00Z,BTC/USDT,buy,89732.31373500,0.00653024,0.58597354,USDT
2025-12-07T20:30:00Z,BTC/USDT,sell,91237.70832500,0.00653024,0.59580413,USDT
2025-12-08T06:45:00Z,BTC/USDT,buy,91638.54637500,0.00640279,0.58674237,USDT
2025-12-08T07:30:00Z,BTC/USDT,sell,91645.67424000,0.00640279,0.58678801,USDT
2025-12-08T07:45:00Z,BTC/USDT,buy,91622.94858000,0.00638699,0.58519486,USDT
2025-12-08T09:00:00Z,BTC/USDT,sell,91855.29937500,0.00638699,0.58667888,USDT
2025-12-08T09:15:00Z,BTC/USDT,buy,91893.23365500,0.00636319,0.58473411,USDT
2025-12-08T10:00:00Z,BTC/USDT,stop_sell,91742.16597000,0.00636319,0.58377283,USDT
2025-12-08T21:45:00Z,BTC/USDT,buy,91280.14726500,0.00642779,0.58672962,USDT
2025-12-08T22:45:00Z,BTC/USDT,sell,90983.37555500,0.00642779,0.58482203,USDT
2025-12-09T12:30:00Z,BTC/USDT,buy,90719.84725500,0.00646696,0.58668162,USDT
2025-12-09T13:30:00Z,BTC/USDT,stop_sell,90328.61702661,0.00646696,0.58415155,USDT
2025-12-09T15:15:00Z,BTC/USDT,buy,90835.44502500,0.00644346,0.58529456,USDT
2025-12-09T20:15:00Z,BTC/USDT,sell,93544.22449000,0.00644346,0.60274847,USDT
2025-12-10T08:45:00Z,BTC/USDT,buy,92567.41057500,0.00632624,0.58560366,USDT
2025-12-10T08:45:00Z,BTC/USDT,stop_sell,92474.88942500,0.00632624,0.58501834,USDT
2025-12-10T10:00:00Z,BTC/USDT,buy,92973.67360500,0.00631497,0.58712596,USDT
2025-12-10T10:15:00Z,BTC/USDT,stop_sell,92663.62393911,0.00631497,0.58516801,USDT
2025-12-10T18:45:00Z,BTC/USDT,buy,92732.05285500,0.00632869,0.58687242,USDT
2025-12-10T19:00:00Z,BTC/USDT,sell,92509.04234000,0.00632869,0.58546105,USDT
2025-12-10T19:15:00Z,BTC/USDT,buy,93070.53201000,0.00630348,0.58666824,USDT
2025-12-10T19:30:00Z,BTC/USDT,sell,92576.39864500,0.00630348,0.58355348,USDT
2025-12-10T20:15:00Z,BTC/USDT,buy,94147.05000000,0.0062282,0.58636666,USDT
2025-12-10T20:15:00Z,BTC/USDT,stop_sell,93161.41706089,0.0062282,0.58022794,USDT
2025-12-11T18:30:00Z,BTC/USDT,buy,90220.28760000,0.00647342,0.58403381,USDT
2025-12-11T23:30:00Z,BTC/USDT,sell,92311.94094000,0.00647342,0.59757396,USDT
2025-12-13T03:45:00Z,BTC/USDT,buy,90507.64120500,0.00648299,0.58676013,USDT
2025-12-13T05:00:00Z,BTC/USDT,sell,90395.65956000,0.00648299,0.58603416,USDT
2025-12-15T01:45:00Z,BTC/USDT,buy,89326.92114000,0.00656975,0.58685554,USDT
2025-12-15T03:45:00Z,BTC/USDT,sell,89411.73177000,0.00656975,0.58741272,USDT
2025-12-16T10:45:00Z,BTC/USDT,buy,87302.58948000,0.00673808,0.58825183,USDT
2025-12-16T14:00:00Z,BTC/USDT,sell,86652.00232500,0.00673808,0.58386812,USDT
2025-12-17T14:00:00Z,BTC/USDT,buy,87815.33572500,0.0066826,0.58683476,USDT
2025-12-17T14:45:00Z,BTC/USDT,stop_sell,87286.91399607,0.0066826,0.58330353,USDT
2025-12-17T15:00:00Z,BTC/USDT,buy,89667.78148500,0.00653198,0.58570816,USDT
2025-12-17T15:30:00Z,BTC/USDT,stop_sell,88977.56217768,0.00653198,0.58119966,USDT
2025-12-18T08:30:00Z,BTC/USDT,buy,87043.48999500,0.00672369,0.58525344,USDT
2025-12-18T14:45:00Z,BTC/USDT,sell,88229.55315500,0.00672369,0.59322816,USDT
2025-12-18T15:45:00Z,BTC/USDT,buy,89018.87719500,0.00654333,0.58247989,USDT
2025-12-18T16:00:00Z,BTC/USDT,stop_sell,88447.92391500,0.00654333,0.57874395,USDT
2025-12-19T03:15:00Z,BTC/USDT,buy,86429.12296500,0.00678877,0.58674744,USDT
2025-12-19T05:30:00Z,BTC/USDT,sell,86688.88387500,0.00678877,0.58851089,USDT
2025-12-19T07:00:00Z,BTC/USDT,buy,87588.95259000,0.0066939,0.58631169,USDT
2025-12-19T10:30:00Z,BTC/USDT,sell,88094.85054000,0.0066939,0.58969812,USDT
2025-12-19T14:45:00Z,BTC/USDT,buy,88217.82687000,0.00661122,0.58322746,USDT
2025-12-19T14:45:00Z,BTC/USDT,stop_sell,88107.04658179,0.00661122,0.58249507,USDT
2025-12-22T00:15:00Z,BTC/USDT,buy,89487.72150000,0.00654255,0.58547789,USDT
2025-12-22T00:15:00Z,BTC/USDT,stop_sell,88957.31801911,0.00654255,0.58200770,USDT
2025-12-22T08:30:00Z,BTC/USDT,buy,89904.02955000,0.00650973,0.58525096,USDT
2025-12-22T08:45:00Z,BTC/USDT,stop_sell,89464.00097946,0.00650973,0.58238649,USDT
2025-12-22T11:45:00Z,BTC/USDT,buy,89761.19817000,0.00649617,0.58310400,USDT
2025-12-22T13:30:00Z,BTC/USDT,sell,89878.25839000,0.00649617,0.58386445,USDT
2025-12-23T12:15:00Z,BTC/USDT,buy,87965.24064000,0.00664736,0.58473662,USDT
2025-12-23T12:30:00Z,BTC/USDT,sell,87478.70876500,0.00664736,0.58150247,USDT
2025-12-24T12:30:00Z,BTC/USDT,buy,87395.25579000,0.00668685,0.58439897,USDT
2025-12-24T13:30:00Z,BTC/USDT,sell,87178.97870500,0.00668685,0.58295275,USDT
2025-12-24T20:30:00Z,BTC/USDT,buy,87521.40883500,0.00665574,0.58251974,USDT
2025-12-24T22:30:00Z,BTC/USDT,sell,87878.02900500,0.00665574,0.58489331,USDT
2025-12-25T14:15:00Z,BTC/USDT,buy,87823.29970500,0.00665266,0.58425855,USDT
2025-12-25T14:30:00Z,BTC/USDT,stop_sell,87453.66129500,0.00665266,0.58179947,USDT
2025-12-25T15:15:00Z,BTC/USDT,buy,87905.92099500,0.00664296,0.58395552,USDT
2025-12-25T17:30:00Z,BTC/USDT,sell,87957.79910000,0.00664296,0.58430014,USDT
2025-12-26T02:30:00Z,BTC/USDT,buy,89307.18127500,0.00656566,0.58636059,USDT
2025-12-26T04:30:00Z,BTC/USDT,sell,88868.65344500,0.00656566,0.58348136,USDT
2025-12-26T07:30:00Z,BTC/USDT,buy,89520.85806000,0.00651659,0.58337073,USDT
2025-12-26T07:30:00Z,BTC/USDT,stop_sell,89038.28394446,0.00651659,0.58022599,USDT
2025-12-26T13:15:00Z,BTC/USDT,buy,88944.72013500,0.00655756,0.58326034,USDT
2025-12-26T13:15:00Z,BTC/USDT,stop_sell,88645.69426607,0.00655756,0.58129946,USDT
2025-12-26T13:45:00Z,BTC/USDT,buy,89079.20734500,0.00654486,0.58301094,USDT
2025-12-26T14:30:00Z,BTC/USDT,stop_sell,88757.39196071,0.00654486,0.58090470,USDT
2025-12-27T04:00:00Z,BTC/USDT,buy,87604.27024500,0.00665207,0.58274974,USDT
2025-12-27T04:45:00Z,BTC/USDT,sell,87388.49389500,0.00665207,0.58131438,USDT
2025-12-27T07:30:00Z,BTC/USDT,buy,87595.41582000,0.00663375,0.58108609,USDT
2025-12-27T07:30:00Z,BTC/USDT,stop_sell,87507.86418000,0.00663375,0.58050529,USDT
2025-12-27T20:45:00Z,BTC/USDT,buy,87690.33325500,0.00664122,0.58237080,USDT
2025-12-27T22:00:00Z,BTC/USDT,sell,87685.67523000,0.00664122,0.58233986,USDT
2025-12-27T22:15:00Z,BTC/USDT,buy,87975.89596500,0.00661894,0.58230718,USDT
2025-12-27T22:15:00Z,BTC/USDT,stop_sell,87718.92109875,0.00661894,0.58060628,USDT
2025-12-28T08:45:00Z,BTC/USDT,buy,87947.01153000,0.00661694,0.58194010,USDT
2025-12-28T09:15:00Z,BTC/USDT,sell,87842.53676000,0.00661694,0.58124880,USDT
2025-12-29T00:45:00Z,BTC/USDT,buy,88294.12500000,0.00659108,0.58195364,USDT
2025-12-29T06:45:00Z,BTC/USDT,sell,89772.05152000,0.00659108,0.59169477,USDT
2025-12-30T07:30:00Z,BTC/USDT,buy,87611.24373000,0.00664964,0.58258323,USDT
2025-12-30T10:00:00Z,BTC/USDT,sell,87969.26336500,0.00664964,0.58496393,USDT
2025-12-30T15:00:00Z,BTC/USDT,buy,89030.54302500,0.00654407,0.58262211,USDT
2025-12-30T15:00:00Z,BTC/USDT,stop_sell,88571.58241196,0.00654407,0.57961864,USDT
2025-12-31T03:15:00Z,BTC/USDT,buy,88851.50355000,0.00655433,0.58236208,USDT
2025-12-31T03:30:00Z,BTC/USDT,stop_sell,88443.05813482,0.00655433,0.57968499,USDT
2025-12-31T10:15:00Z,BTC/USDT,buy,88856.16588000,0.00655082,0.58208075,USDT
2025-12-31T12:45:00Z,BTC/USDT,sell,88930.99226000,0.00655082,0.58257092,USDT
2025-12-31T14:00:00Z,BTC/USDT,buy,89044.29990000,0.00653625,0.58201581,USDT
2025-12-31T14:15:00Z,BTC/USDT,sell,89067.20412000,0.00653625,0.58216551,USDT
2026-01-01T11:15:00Z,BTC/USDT,buy,87733.38477000,0.00661507,0.58036248,USDT
2026-01-01T11:45:00Z,BTC/USDT,sell,87882.32685500,0.00661507,0.58134774,USDT
2026-01-01T13:15:00Z,BTC/USDT,buy,88059.35767500,0.00660807,0.58190240,USDT
2026-01-01T13:45:00Z,BTC/USDT,stop_sell,87687.33332911,0.00660807,0.57944404,USDT
2026-01-01T17:15:00Z,BTC/USDT,buy,88118.40718500,0.00660051,0.58162643,USDT
2026-01-01T19:15:00Z,BTC/USDT,sell,87999.20838500,0.00660051,0.58083965,USDT
2026-01-02T02:00:00Z,BTC/USDT,buy,89166.66105000,0.00652002,0.58136841,USDT
2026-01-02T02:00:00Z,BTC/USDT,stop_sell,88551.03126411,0.00652002,0.57735449,USDT
2026-01-02T03:00:00Z,BTC/USDT,buy,89078.99724000,0.00647821,0.57707245,USDT
2026-01-02T03:15:00Z,BTC/USDT,sell,89129.39301000,0.00647821,0.57739893,USDT
2026-01-02T16:45:00Z,BTC/USDT,buy,90399.12697500,0.00642319,0.58065077,USDT
2026-01-02T18:00:00Z,BTC/USDT,sell,90634.05030500,0.00642319,0.58215973,USDT
2026-01-03T13:30:00Z,BTC/USDT,buy,90086.75086500,0.00644899,0.58096856,USDT
2026-01-03T16:30:00Z,BTC/USDT,sell,90050.23236000,0.00644899,0.58073305,USDT
2026-01-04T00:15:00Z,BTC/USDT,buy,91537.35580500,0.00634615,0.58090979,USDT
2026-01-04T01:30:00Z,BTC/USDT,stop_sell,90949.78271696,0.00634615,0.57718096,USDT
2026-01-04T06:15:00Z,BTC/USDT,buy,91809.94203000,0.00632291,0.58050600,USDT
2026-01-04T06:30:00Z,BTC/USDT,stop_sell,91366.65988839,0.00632291,0.57770317,USDT
2026-01-05T00:15:00Z,BTC/USDT,buy,91846.90050000,0.00630593,0.57918013,USDT
2026-01-05T03:30:00Z,BTC/USDT,sell,92954.39955000,0.00630593,0.58616394,USDT
2026-01-05T10:30:00Z,BTC/USDT,buy,93253.86363000,0.00620437,0.57858147,USDT
2026-01-05T11:45:00Z,BTC/USDT,sell,93400.53637000,0.00620437,0.57949149,USDT
2026-01-05T12:45:00Z,BTC/USDT,buy,93379.99666500,0.00618646,0.57769161,USDT
2026-01-05T13:00:00Z,BTC/USDT,sell,93398.79724000,0.00618646,0.57780792,USDT
2026-01-05T16:00:00Z,BTC/USDT,buy,94432.12246500,0.00614,0.57981323,USDT
2026-01-05T17:00:00Z,BTC/USDT,sell,93864.17443500,0.00614,0.57632603,USDT
2026-01-06T14:15:00Z,BTC/USDT,buy,94236.41466000,0.00615678,0.58019287,USDT
2026-01-06T14:45:00Z,BTC/USDT,stop_sell,93818.41768196,0.00615678,0.57761936,USDT
2026-01-08T01:30:00Z,BTC/USDT,buy,91713.14365500,0.00632276,0.57988020,USDT
2026-01-08T01:45:00Z,BTC/USDT,sell,91319.19756000,0.00632276,0.57738937,USDT
2026-01-09T15:30:00Z,BTC/USDT,buy,91753.28371500,0.00631807,0.57970367,USDT
2026-01-09T15:45:00Z,BTC/USDT,stop_sell,91094.22438857,0.00631807,0.57553969,USDT
2026-01-10T01:15:00Z,BTC/USDT,buy,90827.44102500,0.00637659,0.57916935,USDT
2026-01-10T01:45:00Z,BTC/USDT,sell,90480.62705500,0.00637659,0.57695786,USDT
2026-01-11T01:15:00Z,BTC/USDT,buy,90735.07486500,0.00637998,0.57888796,USDT
2026-01-11T01:30:00Z,BTC/USDT,sell,90697.43859500,0.00637998,0.57864784,USDT
2026-01-11T13:15:00Z,BTC/USDT,buy,91048.68159000,0.0063568,0.57877826,USDT
2026-01-11T13:15:00Z,BTC/USDT,stop_sell,90857.72733911,0.0063568,0.57756440,USDT
2026-01-11T15:00:00Z,BTC/USDT,buy,91237.67604000,0.00634172,0.57860379,USDT
2026-01-11T15:00:00Z,BTC/USDT,stop_sell,90973.02180589,0.00634172,0.57692543,USDT
2026-01-11T16:45:00Z,BTC/USDT,buy,91100.58753000,0.00633184,0.57683434,USDT
2026-01-11T17:00:00Z,BTC/USDT,stop_sell,91000.27281643,0.00633184,0.57619917,USDT
2026-01-12T00:45:00Z,BTC/USDT,buy,91162.81863000,0.00634209,0.57816280,USDT
2026-01-12T04:30:00Z,BTC/USDT,sell,91852.51077000,0.00634209,0.58253689,USDT
2026-01-12T16:30:00Z,BTC/USDT,buy,92257.39564500,0.00627247,0.57868175,USDT
2026-01-12T17:30:00Z,BTC/USDT,sell,91667.63325500,0.00627247,0.57498248,USDT
2026-01-13T05:15:00Z,BTC/USDT,buy,91789.80196500,0.00629814,0.57810502,USDT
2026-01-13T08:15:00Z,BTC/USDT,sell,92023.17539500,0.00629814,0.57957484,USDT
2026-01-13T09:30:00Z,BTC/USDT,buy,92253.02346000,0.00624399,0.57602696,USDT
2026-01-13T09:30:00Z,BTC/USDT,stop_sell,92160.81654000,0.00624399,0.57545122,USDT
2026-01-13T16:00:00Z,BTC/USDT,buy,93503.50839000,0.0061826,0.57809479,USDT
2026-01-13T22:00:00Z,BTC/USDT,sell,94063.93450500,0.0061826,0.58155968,USDT
2026-01-13T22:15:00Z,BTC/USDT,buy,95246.25933000,0.00604363,0.57563315,USDT
2026-01-13T23:45:00Z,BTC/USDT,sell,95121.41550000,0.00604363,0.57487864,USDT
2026-01-14T14:15:00Z,BTC/USDT,buy,95532.11218500,0.00605062,0.57802851,USDT
2026-01-14T18:00:00Z,BTC/USDT,sell,96860.99527500,0.00605062,0.58606908,USDT
2026-01-16T21:00:00Z,BTC/USDT,buy,95617.89505500,0.00605201,0.57868046,USDT
2026-01-17T00:30:00Z,BTC/USDT,sell,95421.35545500,0.00605201,0.57749100,USDT
2026-01-17T13:30:00Z,BTC/USDT,buy,95413.29280500,0.00606434,0.57861865,USDT
2026-01-17T15:45:00Z,BTC/USDT,sell,95544.00410000,0.00606434,0.57941133,USDT
2026-01-17T16:00:00Z,BTC/USDT,buy,95620.22622000,0.006048,0.57831113,USDT
2026-01-17T16:15:00Z,BTC/USDT,stop_sell,95393.49046589,0.006048,0.57693983,USDT
2026-01-18T09:45:00Z,BTC/USDT,buy,95324.58847500,0.00606598,0.57823705,USDT
2026-01-18T10:00:00Z,BTC/USDT,stop_sell,95139.88911571,0.00606598,0.57711666,USDT
2026-01-18T22:15:00Z,BTC/USDT,buy,95554.84354500,0.00604721,0.57784021,USDT
2026-01-18T23:00:00Z,BTC/USDT,stop_sell,95320.43272732,0.00604721,0.57642267,USDT
2026-01-19T08:30:00Z,BTC/USDT,buy,93036.98524500,0.00621068,0.57782294,USDT
2026-01-19T10:15:00Z,BTC/USDT,sell,92979.72688000,0.00621068,0.57746733,USDT
2026-01-21T03:45:00Z,BTC/USDT,buy,89580.79801500,0.00644355,0.57721835,USDT
2026-01-21T06:45:00Z,BTC/USDT,sell,89496.98912000,0.00644355,0.57667832,USDT
2026-01-21T14:15:00Z,BTC/USDT,buy,89585.12017500,0.00644212,0.57711809,USDT
2026-01-21T16:30:00Z,BTC/USDT,sell,89455.25000000,0.00644212,0.57628146,USDT
2026-01-23T14:30:00Z,BTC/USDT,buy,89709.33225000,0.00643215,0.57702388,USDT
2026-01-23T14:30:00Z,BTC/USDT,stop_sell,89461.58111857,0.00643215,0.57543031,USDT
2026-01-23T16:45:00Z,BTC/USDT,buy,90240.32761500,0.00639087,0.57671420,USDT
2026-01-23T19:15:00Z,BTC/USDT,sell,90183.67560500,0.00639087,0.57635215,USDT
2026-01-24T03:30:00Z,BTC/USDT,buy,89964.62983500,0.0064138,0.57701514,USDT
2026-01-24T04:15:00Z,BTC/USDT,stop_sell,89729.10978732,0.0064138,0.57550456,USDT
2026-01-25T13:45:00Z,BTC/USDT,buy,88894.77517500,0.00648796,0.57674575,USDT
2026-01-25T14:15:00Z,BTC/USDT,stop_sell,88654.47451661,0.00648796,0.57518668,USDT
2026-01-26T01:30:00Z,BTC/USDT,buy,87676.85652000,0.00657944,0.57686462,USDT
2026-01-26T03:45:00Z,BTC/USDT,sell,87219.36850000,0.00657944,0.57385460,USDT
2026-01-26T08:30:00Z,BTC/USDT,buy,88280.47818000,0.00652603,0.57612105,USDT
2026-01-26T08:45:00Z,BTC/USDT,stop_sell,87946.60470000,0.00652603,0.57394218,USDT
2026-01-26T14:45:00Z,BTC/USDT,buy,88068.44221500,0.00653818,0.57580733,USDT
2026-01-26T15:30:00Z,BTC/USDT,stop_sell,87715.00198786,0.00653818,0.57349647,USDT
2026-01-27T20:30:00Z,BTC/USDT,buy,89169.32238000,0.00645215,0.57533384,USDT
2026-01-28T00:00:00Z,BTC/USDT,sell,89182.18660000,0.00645215,0.57541685,USDT
2026-01-28T09:45:00Z,BTC/USDT,buy,89358.43689000,0.006441,0.57555769,USDT
2026-01-28T14:30:00Z,BTC/USDT,sell,89961.60669500,0.006441,0.57944271,USDT
2026-01-30T14:45:00Z,BTC/USDT,buy,83644.44132000,0.00688657,0.57602330,USDT
2026-01-30T14:45:00Z,BTC/USDT,stop_sell,83121.01156071,0.00688657,0.57241866,USDT
2026-01-30T19:30:00Z,BTC/USDT,buy,84380.53918500,0.00680824,0.57448296,USDT
2026-01-30T20:15:00Z,BTC/USDT,stop_sell,83592.33935036,0.00680824,0.56911671,USDT
2026-02-01T10:00:00Z,BTC/USDT,buy,78986.17335000,0.00726268,0.57365130,USDT
2026-02-01T10:30:00Z,BTC/USDT,stop_sell,78704.51698411,0.00726268,0.57160572,USDT
2026-02-02T09:45:00Z,BTC/USDT,buy,77517.80953500,0.00741862,0.57507517,USDT
2026-02-02T14:15:00Z,BTC/USDT,sell,77740.20045500,0.00741862,0.57672501,USDT
2026-02-02T14:45:00Z,BTC/USDT,buy,78470.36557500,0.00731514,0.57402171,USDT
2026-02-02T14:45:00Z,BTC/USDT,stop_sell,77965.30784500,0.00731514,0.57032714,USDT
2026-02-02T15:30:00Z,BTC/USDT,buy,78730.03534500,0.0072889,0.57385535,USDT
2026-02-02T17:00:00Z,BTC/USDT,sell,78653.22371500,0.0072889,0.57329548,USDT
2026-02-06T05:45:00Z,BTC/USDT,buy,66044.34567000,0.00869622,0.57433616,USDT
2026-02-06T06:30:00Z,BTC/USDT,stop_sell,65088.89534339,0.00869622,0.56602735,USDT
2026-02-06T12:00:00Z,BTC/USDT,buy,66599.50311000,0.00860807,0.57329318,USDT
2026-02-06T18:30:00Z,BTC/USDT,sell,69592.79619500,0.00860807,0.59905966,USDT
2026-02-07T04:15:00Z,BTC/USDT,buy,71259.02170500,0.00806668,0.57482373,USDT
2026-02-07T04:30:00Z,BTC/USDT,stop_sell,70773.73221732,0.00806668,0.57090905,USDT
2026-02-07T16:15:00Z,BTC/USDT,buy,69574.88005500,0.00827651,0.57583719,USDT
2026-02-07T17:00:00Z,BTC/USDT,sell,69002.69139500,0.00827651,0.57110147,USDT
2026-02-08T08:30:00Z,BTC/USDT,buy,70239.80235000,0.00817408,0.57414576,USDT
2026-02-08T10:15:00Z,BTC/USDT,stop_sell,69906.57636929,0.00817408,0.57142195,USDT
2026-02-08T11:45:00Z,BTC/USDT,buy,70869.11685000,0.00810147,0.57414402,USDT
2026-02-08T14:45:00Z,BTC/USDT,sell,71166.34902500,0.00810147,0.57655204,USDT
2026-02-08T20:00:00Z,BTC/USDT,buy,71345.73504000,0.00803668,0.57338284,USDT
2026-02-08T20:00:00Z,BTC/USDT,stop_sell,71036.08097732,0.00803668,0.57089425,USDT
2026-02-08T23:15:00Z,BTC/USDT,buy,71411.51791500,0.00802652,0.57318598,USDT
2026-02-08T23:15:00Z,BTC/USDT,stop_sell,70967.66555929,0.00802652,0.56962339,USDT
2026-02-10T17:45:00Z,BTC/USDT,buy,69972.76890000,0.00819963,0.57375082,USDT
2026-02-10T18:15:00Z,BTC/USDT,stop_sell,69118.75226411,0.00819963,0.56674819,USDT
2026-02-11T14:15:00Z,BTC/USDT,buy,68572.88931000,0.00838003,0.57464287,USDT
2026-02-11T14:30:00Z,BTC/USDT,stop_sell,67727.76382054,0.00838003,0.56756069,USDT
2026-02-11T21:30:00Z,BTC/USDT,buy,68265.86587500,0.00838701,0.57254650,USDT
2026-02-11T22:15:00Z,BTC/USDT,stop_sell,67588.81975589,0.00838701,0.56686811,USDT
2026-02-12T10:00:00Z,BTC/USDT,buy,67582.71447000,0.00845467,0.57138955,USDT
2026-02-12T13:00:00Z,BTC/USDT,sell,67830.46780000,0.00845467,0.57348422,USDT
2026-02-12T14:00:00Z,BTC/USDT,buy,68379.73278000,0.0083633,0.57188022,USDT
2026-02-12T14:00:00Z,BTC/USDT,stop_sell,67895.17293125,0.0083633,0.56782770,USDT
2026-02-13T15:00:00Z,BTC/USDT,buy,67859.78293500,0.00843382,0.57231719,USDT
2026-02-13T19:30:00Z,BTC/USDT,sell,68994.70539000,0.00843382,0.58188893,USDT
2026-02-14T07:45:00Z,BTC/USDT,buy,69181.85364000,0.00826653,0.57189387,USDT
2026-02-14T13:00:00Z,BTC/USDT,sell,69590.56731000,0.00826653,0.57527251,USDT
2026-02-15T04:15:00Z,BTC/USDT,buy,70469.91735000,0.00812483,0.57255610,USDT
2026-02-15T08:45:00Z,BTC/USDT,sell,70373.47566000,0.00812483,0.57177253,USDT
2026-02-16T12:30:00Z,BTC/USDT,buy,69525.94560000,0.00822807,0.57206435,USDT
2026-02-16T13:15:00Z,BTC/USDT,stop_sell,69148.72012982,0.00822807,0.56896051,USDT
2026-02-20T00:30:00Z,BTC/USDT,buy,67352.04919500,0.00847803,0.57101269,USDT
2026-02-20T01:15:00Z,BTC/USDT,stop_sell,67160.52258304,0.00847803,0.56938893,USDT
2026-02-20T05:45:00Z,BTC/USDT,buy,67997.97199500,0.0084113,0.57195134,USDT
2026-02-20T08:45:00Z,BTC/USDT,sell,67823.72117500,0.0084113,0.57048567,USDT
2026-02-20T09:15:00Z,BTC/USDT,buy,68186.86639500,0.00837809,0.57127570,USDT
2026-02-20T10:45:00Z,BTC/USDT,stop_sell,67903.74578554,0.00837809,0.56890369,USDT
2026-02-21T09:00:00Z,BTC/USDT,buy,68078.64231000,0.00838469,0.57081831,USDT
2026-02-21T11:45:00Z,BTC/USDT,sell,68090.54769500,0.00838469,0.57091813,USDT
2026-02-21T14:30:00Z,BTC/USDT,buy,68476.67122500,0.00832852,0.57030933,USDT
2026-02-21T16:00:00Z,BTC/USDT,stop_sell,68337.18752768,0.00832852,0.56914763,USDT
2026-02-22T22:45:00Z,BTC/USDT,buy,67732.75945500,0.00842743,0.57081309,USDT
2026-02-22T23:00:00Z,BTC/USDT,stop_sell,67518.56632875,0.00842743,0.56900799,USDT
2026-02-23T09:45:00Z,BTC/USDT,buy,66400.10346000,0.00860393,0.57130184,USDT
2026-02-23T11:45:00Z,BTC/USDT,sell,66085.07093500,0.00860393,0.56859132,USDT
2026-02-23T12:45:00Z,BTC/USDT,buy,66493.85031000,0.00857252,0.57001986,USDT
2026-02-23T13:15:00Z,BTC/USDT,sell,66170.38825500,0.00857252,0.56724698,USDT
2026-02-25T01:15:00Z,BTC/USDT,buy,65610.89905500,0.00868959,0.57013181,USDT
2026-02-25T03:30:00Z,BTC/USDT,sell,65591.00809000,0.00868959,0.56995897,USDT
2026-02-25T12:30:00Z,BTC/USDT,buy,65829.89850000,0.00865486,0.56974856,USDT
2026-02-25T20:15:00Z,BTC/USDT,sell,68630.43761500,0.00865486,0.59398683,USDT
2026-02-27T04:15:00Z,BTC/USDT,buy,67997.57179500,0.00841411,0.57213905,USDT
2026-02-27T06:15:00Z,BTC/USDT,sell,67638.56380000,0.00841411,0.56911832,USDT
2026-02-27T09:00:00Z,BTC/USDT,buy,67960.48326000,0.00840135,0.57095981,USDT
2026-02-27T09:30:00Z,BTC/USDT,stop_sell,67695.69379214,0.00840135,0.56873522,USDT
2026-02-28T14:00:00Z,BTC/USDT,buy,65227.67754000,0.00876148,0.57149099,USDT
2026-02-28T14:00:00Z,BTC/USDT,stop_sell,64751.95104268,0.00876148,0.56732292,USDT
2026-02-28T19:00:00Z,BTC/USDT,buy,65970.41872500,0.00865665,0.57108283,USDT
2026-02-28T23:45:00Z,BTC/USDT,sell,66879.01376500,0.00865665,0.57894821,USDT
2026-03-01T02:15:00Z,BTC/USDT,buy,67929.89797500,0.00841508,0.57163553,USDT
2026-03-01T04:15:00Z,BTC/USDT,sell,67281.88223000,0.00841508,0.56618242,USDT
2026-03-01T14:00:00Z,BTC/USDT,buy,66998.73262500,0.00852055,0.57086605,USDT
2026-03-01T16:00:00Z,BTC/USDT,sell,66865.55050000,0.00852055,0.56973127,USDT
2026-03-02T05:45:00Z,BTC/USDT,buy,66986.95674000,0.00851106,0.57013001,USDT
2026-03-02T06:00:00Z,BTC/USDT,sell,66528.72899500,0.00851106,0.56623000,USDT
2026-03-02T14:45:00Z,BTC/USDT,buy,66638.00235000,0.00855723,0.57023671,USDT
2026-03-02T17:45:00Z,BTC/USDT,sell,68771.38710500,0.00855723,0.58849258,USDT
2026-03-04T01:45:00Z,BTC/USDT,buy,68634.72021000,0.00830756,0.57018706,USDT
2026-03-04T02:00:00Z,BTC/USDT,stop_sell,68308.31875500,0.00830756,0.56747546,USDT
2026-03-04T07:45:00Z,BTC/USDT,buy,69026.44597500,0.00827777,0.57138504,USDT
2026-03-04T12:00:00Z,BTC/USDT,sell,71076.79382500,0.00827777,0.58835735,USDT
2026-03-04T19:15:00Z,BTC/USDT,buy,73909.41624000,0.00775006,0.57280241,USDT
2026-03-04T20:15:00Z,BTC/USDT,sell,73473.57483500,0.00775006,0.56942461,USDT
2026-03-05T10:30:00Z,BTC/USDT,buy,73210.74708000,0.00781513,0.57215151,USDT
2026-03-05T11:45:00Z,BTC/USDT,sell,72812.96530500,0.00781513,0.56904279,USDT
2026-03-07T03:15:00Z,BTC/USDT,buy,68508.54715500,0.00834368,0.57161339,USDT
2026-03-07T03:15:00Z,BTC/USDT,stop_sell,68265.45733929,0.00834368,0.56958513,USDT
2026-03-07T11:15:00Z,BTC/USDT,buy,68224.89540000,0.00837625,0.57146878,USDT
2026-03-07T11:45:00Z,BTC/USDT,stop_sell,68005.51880214,0.00837625,0.56963123,USDT
2026-03-08T08:45:00Z,BTC/USDT,buy,67544.45535000,0.00845694,0.57121941,USDT
2026-03-08T11:15:00Z,BTC/USDT,sell,67555.69525500,0.00845694,0.57131446,USDT
2026-03-08T20:45:00Z,BTC/USDT,buy,67379.96314500,0.00847217,0.57085450,USDT
2026-03-08T21:00:00Z,BTC/USDT,stop_sell,67097.57728571,0.00847217,0.56846208,USDT
2026-03-09T03:15:00Z,BTC/USDT,buy,67519.09267500,0.00847032,0.57190832,USDT
2026-03-09T06:45:00Z,BTC/USDT,sell,67279.59337500,0.00847032,0.56987969,USDT
2026-03-09T13:30:00Z,BTC/USDT,buy,68770.16790000,0.00830192,0.57092443,USDT
2026-03-09T15:45:00Z,BTC/USDT,sell,68848.27864000,0.00830192,0.57157290,USDT
2026-03-10T00:45:00Z,BTC/USDT,buy,69191.76859500,0.00824657,0.57059476,USDT
2026-03-10T01:30:00Z,BTC/USDT,stop_sell,68791.07154357,0.00824657,0.56729039,USDT
2026-03-10T02:00:00Z,BTC/USDT,buy,69313.88962500,0.00822123,0.56984543,USDT
2026-03-10T04:00:00Z,BTC/USDT,sell,69418.53337000,0.00822123,0.57070573,USDT
2026-03-10T08:15:00Z,BTC/USDT,buy,70942.42348500,0.00803673,0.57014510,USDT
2026-03-10T10:30:00Z,BTC/USDT,sell,70765.59950000,0.00803673,0.56872402,USDT
2026-03-10T15:00:00Z,BTC/USDT,buy,71509.95711000,0.00797801,0.57050715,USDT
2026-03-10T17:30:00Z,BTC/USDT,sell,71020.39204000,0.00797801,0.56660140,USDT
2026-03-11T13:30:00Z,BTC/USDT,buy,70305.03495000,0.00810228,0.56963108,USDT
2026-03-11T13:45:00Z,BTC/USDT,stop_sell,69854.00552500,0.00810228,0.56597671,USDT
2026-03-11T17:30:00Z,BTC/USDT,buy,71320.04220000,0.00798159,0.56924734,USDT
2026-03-11T17:30:00Z,BTC/USDT,stop_sell,70586.86676821,0.00798159,0.56339543,USDT
2026-03-12T07:45:00Z,BTC/USDT,buy,69754.48981500,0.00815298,0.56870696,USDT
2026-03-12T09:30:00Z,BTC/USDT,sell,69816.50428500,0.00815298,0.56921256,USDT
2026-03-12T10:45:00Z,BTC/USDT,buy,70455.21000000,0.00807559,0.56896739,USDT
2026-03-12T13:15:00Z,BTC/USDT,stop_sell,70045.45153982,0.00807559,0.56565835,USDT
2026-03-13T00:15:00Z,BTC/USDT,buy,71155.44994500,0.00799351,0.56878180,USDT
2026-03-13T02:45:00Z,BTC/USDT,sell,71129.46747500,0.00799351,0.56857411,USDT
2026-03-13T08:45:00Z,BTC/USDT,buy,71918.24115000,0.00788024,0.56673300,USDT
2026-03-13T08:45:00Z,BTC/USDT,stop_sell,71772.54863071,0.00788024,0.56558491,USDT
2026-03-13T10:15:00Z,BTC/USDT,buy,72274.60924500,0.00785849,0.56796929,USDT
2026-03-13T14:45:00Z,BTC/USDT,sell,72898.86233500,0.00785849,0.57287498,USDT
2026-03-14T03:15:00Z,BTC/USDT,buy,71057.45097000,0.00800004,0.56846245,USDT
2026-03-14T05:45:00Z,BTC/USDT,sell,70979.39255000,0.00800004,0.56783798,USDT
2026-03-14T23:15:00Z,BTC/USDT,buy,71055.52000500,0.00799675,0.56821323,USDT
2026-03-15T01:00:00Z,BTC/USDT,sell,70964.50000000,0.00799675,0.56748537,USDT
2026-03-15T02:15:00Z,BTC/USDT,buy,71349.71703000,0.00796377,0.56821274,USDT
2026-03-15T06:00:00Z,BTC/USDT,sell,71453.57534000,0.00796377,0.56903984,USDT
2026-03-15T09:15:00Z,BTC/USDT,buy,71900.74240500,0.00790145,0.56812012,USDT
2026-03-15T11:15:00Z,BTC/USDT,sell,71703.31041000,0.00790145,0.56656012,USDT
2026-03-15T20:45:00Z,BTC/USDT,buy,71789.32672500,0.00789631,0.56687078,USDT
2026-03-16T01:15:00Z,BTC/USDT,sell,72316.22380000,0.00789631,0.57103132,USDT
2026-03-16T03:45:00Z,BTC/USDT,buy,73779.34123500,0.00769555,0.56777261,USDT
2026-03-16T06:15:00Z,BTC/USDT,sell,73682.38038000,0.00769555,0.56702644,USDT
2026-03-16T12:45:00Z,BTC/USDT,buy,73868.35572000,0.00768707,0.56783122,USDT
2026-03-16T14:30:00Z,BTC/USDT,sell,73589.51683500,0.00768707,0.56568777,USDT
2026-03-16T21:15:00Z,BTC/USDT,buy,74419.37109000,0.00762957,0.56778780,USDT
2026-03-16T23:15:00Z,BTC/USDT,sell,74414.63407000,0.00762957,0.56775166,USDT
2026-03-17T00:15:00Z,BTC/USDT,buy,75486.69448500,0.00752408,0.56796793,USDT
2026-03-17T00:15:00Z,BTC/USDT,stop_sell,74867.74918482,0.00752408,0.56331093,USDT
2026-03-17T01:30:00Z,BTC/USDT,buy,75891.27667500,0.00746445,0.56648664,USDT
2026-03-17T02:00:00Z,BTC/USDT,stop_sell,75284.08626929,0.00746445,0.56195430,USDT
2026-03-19T03:30:00Z,BTC/USDT,buy,71511.51789000,0.0079175,0.56619244,USDT
2026-03-19T03:30:00Z,BTC/USDT,stop_sell,71246.51927696,0.0079175,0.56409432,USDT
2026-03-19T19:15:00Z,BTC/USDT,buy,70388.25654000,0.00804258,0.56610318,USDT
2026-03-19T22:30:00Z,BTC/USDT,sell,70272.96594000,0.00804258,0.56517595,USDT
2026-03-20T08:15:00Z,BTC/USDT,buy,71198.00121000,0.00793177,0.56472617,USDT
2026-03-20T09:00:00Z,BTC/USDT,stop_sell,70956.46402000,0.00793177,0.56281035,USDT
2026-03-20T20:00:00Z,BTC/USDT,buy,70147.98646500,0.00806217,0.56554499,USDT
2026-03-20T20:30:00Z,BTC/USDT,stop_sell,69744.87083393,0.00806217,0.56229501,USDT
2026-03-20T21:30:00Z,BTC/USDT,buy,70538.64169500,0.00802494,0.56606837,USDT
2026-03-20T23:30:00Z,BTC/USDT,sell,70429.62757000,0.00802494,0.56519354,USDT
2026-03-21T04:30:00Z,BTC/USDT,buy,70727.09587500,0.00798251,0.56457975,USDT
2026-03-21T04:30:00Z,BTC/USDT,stop_sell,70618.77616268,0.00798251,0.56371509,USDT
2026-03-21T14:15:00Z,BTC/USDT,buy,71066.00524500,0.00795348,0.56522205,USDT
2026-03-21T14:45:00Z,BTC/USDT,stop_sell,70895.33924054,0.00795348,0.56386466,USDT
2026-03-22T15:15:00Z,BTC/USDT,buy,68987.47650000,0.00819779,0.56554484,USDT
2026-03-22T15:45:00Z,BTC/USDT,sell,68749.44808000,0.00819779,0.56359354,USDT
2026-03-23T11:15:00Z,BTC/USDT,buy,71214.61951500,0.00795809,0.56673235,USDT
2026-03-23T11:15:00Z,BTC/USDT,stop_sell,70341.05188000,0.00795809,0.55978042,USDT
2026-03-23T13:45:00Z,BTC/USDT,buy,71236.34037000,0.00789653,0.56251990,USDT
2026-03-23T15:30:00Z,BTC/USDT,sell,70877.54350000,0.00789653,0.55968665,USDT
2026-03-24T08:00:00Z,BTC/USDT,buy,71320.73254500,0.00790494,0.56378611,USDT
2026-03-24T08:15:00Z,BTC/USDT,stop_sell,70976.83739964,0.00790494,0.56106764,USDT
2026-03-24T22:00:00Z,BTC/USDT,buy,70333.77931500,0.00800805,0.56323642,USDT
2026-03-25T02:15:00Z,BTC/USDT,sell,70614.58504500,0.00800805,0.56548513,USDT
2026-03-25T08:45:00Z,BTC/USDT,buy,71503.90408500,0.00788349,0.56370031,USDT
2026-03-25T09:45:00Z,BTC/USDT,stop_sell,71161.35152500,0.00788349,0.56099980,USDT
2026-03-25T11:00:00Z,BTC/USDT,buy,71535.75000000,0.00787275,0.56318308,USDT
2026-03-25T12:15:00Z,BTC/USDT,stop_sell,71203.37443161,0.00787275,0.56056637,USDT
2026-03-25T22:45:00Z,BTC/USDT,buy,71426.97564000,0.00788665,0.56331956,USDT
2026-03-26T00:15:00Z,BTC/USDT,sell,71234.95470500,0.00788665,0.56180516,USDT
2026-03-27T23:45:00Z,BTC/USDT,buy,66345.63624000,0.00848758,0.56311390,USDT
2026-03-28T01:15:00Z,BTC/USDT,sell,66145.75058000,0.00848758,0.56141735,USDT
2026-03-28T06:45:00Z,BTC/USDT,buy,66445.02591000,0.00846246,0.56228837,USDT
2026-03-28T09:00:00Z,BTC/USDT,sell,66322.41220500,0.00846246,0.56125076,USDT
2026-03-28T13:45:00Z,BTC/USDT,buy,66958.47250500,0.00838994,0.56177757,USDT
2026-03-28T14:00:00Z,BTC/USDT,stop_sell,66775.49876268,0.00838994,0.56024243,USDT
2026-03-28T15:30:00Z,BTC/USDT,buy,67082.72460000,0.00837845,0.56204925,USDT
2026-03-28T16:45:00Z,BTC/USDT,sell,66898.47403000,0.00837845,0.56050552,USDT
2026-03-30T00:30:00Z,BTC/USDT,buy,66704.08537500,0.00841542,0.56134289,USDT
2026-03-30T00:45:00Z,BTC/USDT,stop_sell,66135.35256732,0.00841542,0.55655677,USDT
2026-03-31T01:00:00Z,BTC/USDT,buy,67290.87862500,0.00835469,0.56219443,USDT
2026-03-31T03:45:00Z,BTC/USDT,sell,67708.08902000,0.00835469,0.56568009,USDT
2026-03-31T13:45:00Z,BTC/USDT,buy,67047.20685000,0.00835964,0.56049051,USDT
2026-03-31T14:45:00Z,BTC/USDT,stop_sell,66848.16491143,0.00835964,0.55882659,USDT
2026-03-31T16:45:00Z,BTC/USDT,buy,67803.98505000,0.00827022,0.56075387,USDT
2026-03-31T18:00:00Z,BTC/USDT,sell,67540.81270000,0.00827022,0.55857738,USDT
2026-04-01T05:15:00Z,BTC/USDT,buy,68416.63122000,0.00819791,0.56087339,USDT
2026-04-01T08:00:00Z,BTC/USDT,sell,68697.48407500,0.00819791,0.56317579,USDT
2026-04-02T14:45:00Z,BTC/USDT,buy,67037.51200500,0.00836992,0.56109861,USDT
2026-04-02T17:45:00Z,BTC/USDT,sell,66883.21166500,0.00836992,0.55980713,USDT
2026-04-04T11:00:00Z,BTC/USDT,buy,67201.04373000,0.00834934,0.56108436,USDT
2026-04-04T11:30:00Z,BTC/USDT,stop_sell,67077.40487696,0.00834934,0.56005206,USDT
2026-04-04T15:15:00Z,BTC/USDT,buy,67365.57595500,0.00832184,0.56060554,USDT
2026-04-04T17:45:00Z,BTC/USDT,sell,67303.01166000,0.00832184,0.56008489,USDT
2026-04-05T15:30:00Z,BTC/USDT,buy,67450.15822500,0.00831368,0.56075903,USDT
2026-04-05T16:45:00Z,BTC/USDT,stop_sell,67176.78480500,0.00831368,0.55848629,USDT
2026-04-05T20:45:00Z,BTC/USDT,buy,67648.83751500,0.00827922,0.56007961,USDT
2026-04-05T21:00:00Z,BTC/USDT,stop_sell,67491.57518821,0.00827922,0.55877760,USDT
2026-04-05T23:00:00Z,BTC/USDT,buy,68426.58619500,0.00819264,0.56059439,USDT
2026-04-06T02:00:00Z,BTC/USDT,sell,68805.41008500,0.00819264,0.56369795,USDT
2026-04-06T05:45:00Z,BTC/USDT,buy,69262.10374500,0.00807136,0.55903937,USDT
2026-04-06T06:15:00Z,BTC/USDT,stop_sell,68970.84589714,0.00807136,0.55668853,USDT
2026-04-07T09:15:00Z,BTC/USDT,buy,69083.88468000,0.0080992,0.55952420,USDT
2026-04-07T10:00:00Z,BTC/USDT,stop_sell,68920.34366089,0.0080992,0.55819965,USDT
2026-04-07T21:15:00Z,BTC/USDT,buy,70074.48973500,0.00798594,0.55961067,USDT
2026-04-07T21:15:00Z,BTC/USDT,stop_sell,69649.17656214,0.00798594,0.55621415,USDT
2026-04-07T22:15:00Z,BTC/USDT,buy,70332.14850000,0.00795857,0.55974333,USDT
2026-04-08T01:30:00Z,BTC/USDT,sell,71439.86220000,0.00795857,0.56855914,USDT
2026-04-08T09:15:00Z,BTC/USDT,buy,71936.10007500,0.00778823,0.56025489,USDT
2026-04-08T09:30:00Z,BTC/USDT,stop_sell,71618.97260000,0.00778823,0.55778503,USDT
2026-04-09T09:15:00Z,BTC/USDT,buy,71383.96414500,0.00784762,0.56019422,USDT
2026-04-09T11:00:00Z,BTC/USDT,sell,71293.41546000,0.00784762,0.55948363,USDT
2026-04-09T15:45:00Z,BTC/USDT,buy,72104.11404000,0.00776407,0.55982139,USDT
2026-04-09T18:15:00Z,BTC/USDT,sell,71883.34035000,0.00776407,0.55810729,USDT
2026-04-09T22:30:00Z,BTC/USDT,buy,72616.05988500,0.00770309,0.55936804,USDT
2026-04-09T22:45:00Z,BTC/USDT,sell,72264.96944000,0.00770309,0.55666356,USDT
2026-04-10T11:15:00Z,BTC/USDT,buy,72153.22858500,0.00775094,0.55925535,USDT
2026-04-10T13:45:00Z,BTC/USDT,sell,72059.20237500,0.00775094,0.55852655,USDT
2026-04-11T09:30:00Z,BTC/USDT,buy,72890.21689500,0.00766931,0.55901767,USDT
2026-04-11T11:00:00Z,BTC/USDT,sell,72791.60599000,0.00766931,0.55826139,USDT
2026-04-11T16:45:00Z,BTC/USDT,buy,73127.39542500,0.00763315,0.55819238,USDT
2026-04-11T17:00:00Z,BTC/USDT,stop_sell,72990.51648500,0.00763315,0.55714756,USDT
2026-04-11T18:45:00Z,BTC/USDT,buy,73538.53089000,0.00760174,0.55902079,USDT
2026-04-11T20:30:00Z,BTC/USDT,sell,73350.48641000,0.00760174,0.55759133,USDT
2026-04-12T20:45:00Z,BTC/USDT,buy,71306.38537500,0.00782233,0.55778208,USDT
2026-04-12T21:00:00Z,BTC/USDT,stop_sell,71196.41969643,0.00782233,0.55692189,USDT
2026-04-13T12:15:00Z,BTC/USDT,buy,70989.05679000,0.00786165,0.55809112,USDT
2026-04-13T12:30:00Z,BTC/USDT,stop_sell,70798.14322000,0.00786165,0.55659022,USDT
2026-04-13T13:15:00Z,BTC/USDT,buy,71196.16029000,0.00783655,0.55793227,USDT
2026-04-13T13:30:00Z,BTC/USDT,stop_sell,70979.23334393,0.00783655,0.55623231,USDT
2026-04-13T14:00:00Z,BTC/USDT,buy,71723.43379500,0.00778149,0.55811518,USDT
2026-04-13T18:00:00Z,BTC/USDT,sell,72118.85253500,0.00778149,0.56119213,USDT
2026-04-13T19:30:00Z,BTC/USDT,buy,72930.65710500,0.00766228,0.55881512,USDT
2026-04-14T01:00:00Z,BTC/USDT,sell,74141.61065000,0.00766228,0.56809378,USDT
2026-04-14T07:15:00Z,BTC/USDT,buy,74796.67965000,0.00747138,0.55883442,USDT
2026-04-14T07:45:00Z,BTC/USDT,stop_sell,74450.87594000,0.00747138,0.55625079,USDT
2026-04-14T13:45:00Z,BTC/USDT,buy,75221.79210000,0.0074246,0.55849172,USDT
2026-04-14T15:00:00Z,BTC/USDT,sell,74929.01675000,0.0074246,0.55631798,USDT
2026-04-15T00:15:00Z,BTC/USDT,buy,74533.70823000,0.00749331,0.55850418,USDT
2026-04-15T02:30:00Z,BTC/USDT,sell,74293.64459500,0.00749331,0.55670531,USDT
2026-04-15T12:45:00Z,BTC/USDT,buy,74379.65124000,0.00750205,0.55799986,USDT
2026-04-15T13:30:00Z,BTC/USDT,stop_sell,74093.76101536,0.00750205,0.55585510,USDT
