ts,symbol,side,price,qty,fee,fee_currency
2023-01-02T01:00:00Z,SOL/USDT,buy,10.26089588,78.00488467,0.80040000,USDT
2023-01-02T06:00:00Z,SOL/USDT,stop_sell,10.04110847,78.00488467,0.78325551,USDT
2023-01-02T10:00:00Z,SOL/USDT,buy,10.14456175,78.75165228,0.79890100,USDT
2023-01-02T13:00:00Z,SOL/USDT,stop_sell,9.86245701,78.75165228,0.77668479,USDT
2023-01-02T14:00:00Z,SOL/USDT,buy,9.86966337,80.75216691,0.79699670,USDT
2023-01-02T15:00:00Z,SOL/USDT,sell,9.67973071,80.75216691,0.78165923,USDT
2023-01-03T14:00:00Z,SOL/USDT,buy,9.98784343,79.66111426,0.79564274,USDT
2023-01-03T14:00:00Z,SOL/USDT,stop_sell,9.72683183,79.66111426,0.77485026,USDT
2023-01-03T15:00:00Z,SOL/USDT,buy,9.71581648,81.70726629,0.79385280,USDT
2023-01-03T20:00:00Z,SOL/USDT,sell,9.59163178,81.70726629,0.78370601,USDT
2023-01-04T19:00:00Z,SOL/USDT,buy,9.92375340,79.90065408,0.79291439,USDT
2023-01-04T22:00:00Z,SOL/USDT,sell,9.79589260,79.90065408,0.78269823,USDT
2023-01-06T02:00:00Z,SOL/USDT,buy,9.61837078,82.33936825,0.79197057,USDT
2023-01-06T06:00:00Z,SOL/USDT,stop_sell,9.33414035,82.33936825,0.76856722,USDT
2023-01-06T07:00:00Z,SOL/USDT,buy,9.33922428,84.58651814,0.78997246,USDT
2023-01-06T08:00:00Z,SOL/USDT,sell,9.27903216,84.58651814,0.78488102,USDT
2023-01-07T20:00:00Z,SOL/USDT,buy,9.07495721,86.99092186,0.78943889,USDT
2023-01-08T12:00:00Z,SOL/USDT,stop_sell,8.86012704,86.99092186,0.77075062,USDT
2023-01-11T05:00:00Z,SOL/USDT,buy,9.61957138,81.89743339,0.78781821,USDT
2023-01-12T06:00:00Z,SOL/USDT,sell,10.51558358,81.89743339,0.86119931,USDT
2023-01-12T07:00:00Z,SOL/USDT,buy,10.68520693,74.26712906,0.79355964,USDT
2023-01-12T11:00:00Z,SOL/USDT,stop_sell,10.42841800,74.26712906,0.77448867,USDT
2023-01-12T13:00:00Z,SOL/USDT,buy,10.61474372,74.60450443,0.79190769,USDT
2023-01-12T17:00:00Z,SOL/USDT,sell,10.56847112,74.60450443,0.78845555,USDT
2023-01-12T22:00:00Z,SOL/USDT,buy,10.64562615,74.35024314,0.79150489,USDT
2023-01-13T10:00:00Z,SOL/USDT,sell,10.57739766,74.35024314,0.78643209,USDT
2023-01-13T13:00:00Z,SOL/USDT,buy,10.57019946,74.8304297,0.79097257,USDT
2023-01-13T17:00:00Z,SOL/USDT,sell,10.63095386,74.8304297,0.79551885,USDT
2023-01-14T06:00:00Z,SOL/USDT,buy,11.04932890,71.60701575,0.79120947,USDT
2023-01-14T09:00:00Z,SOL/USDT,sell,10.80869195,71.60701575,0.77397817,USDT
2023-01-14T19:00:00Z,SOL/USDT,buy,11.25604021,70.15833134,0.78970500,USDT
2023-01-14T22:00:00Z,SOL/USDT,sell,11.07952746,70.15833134,0.77732116,USDT
2023-01-14T23:00:00Z,SOL/USDT,buy,11.18757699,70.48786092,0.78858837,USDT
2023-01-15T00:00:00Z,SOL/USDT,sell,11.31012611,70.48786092,0.79722660,USDT
2023-01-15T05:00:00Z,SOL/USDT,buy,11.41120175,69.15598053,0.78915285,USDT
2023-01-15T09:00:00Z,SOL/USDT,stop_sell,11.06998899,69.15598053,0.76555594,USDT
2023-01-15T10:00:00Z,SOL/USDT,buy,11.18577109,70.36973175,0.78713971,USDT
2023-01-15T11:00:00Z,SOL/USDT,sell,11.26771932,70.36973175,0.79290639,USDT
2023-01-19T13:00:00Z,SOL/USDT,buy,10.81553907,72.80957555,0.78747481,USDT
2023-01-19T14:00:00Z,SOL/USDT,stop_sell,10.53182291,72.80957555,0.76681756,USDT
2023-01-20T14:00:00Z,SOL/USDT,buy,11.48466146,68.41272591,0.78569700,USDT
2023-01-20T16:00:00Z,SOL/USDT,stop_sell,11.14344735,68.41272591,0.76235361,USDT
2023-01-20T17:00:00Z,SOL/USDT,buy,11.02556303,71.0806953,0.78370469,USDT
2023-01-20T21:00:00Z,SOL/USDT,stop_sell,10.66181753,71.0806953,0.75784940,USDT
2023-01-20T23:00:00Z,SOL/USDT,buy,10.89892074,71.70543415,0.78151184,USDT
2023-01-21T03:00:00Z,SOL/USDT,sell,10.74471496,71.70543415,0.77045445,USDT
2023-01-21T09:00:00Z,SOL/USDT,buy,11.49623625,67.89201034,0.78050259,USDT
2023-01-21T10:00:00Z,SOL/USDT,sell,11.41731848,67.89201034,0.77514470,USDT
2023-01-21T11:00:00Z,SOL/USDT,buy,11.36984808,68.59803449,0.77994923,USDT
2023-01-22T04:00:00Z,SOL/USDT,sell,11.40098066,68.59803449,0.78208486,USDT
2023-01-22T05:00:00Z,SOL/USDT,buy,11.43740384,68.19686989,0.77999514,USDT
2023-01-23T17:00:00Z,SOL/USDT,sell,12.30539822,68.19686989,0.83918964,USDT
2023-01-23T19:00:00Z,SOL/USDT,buy,12.38691636,63.34130683,0.78460347,USDT
2023-01-23T22:00:00Z,SOL/USDT,sell,12.60166502,63.34130683,0.79820593,USDT
2023-01-24T16:00:00Z,SOL/USDT,buy,12.80961261,61.3262514,0.78556552,USDT
2023-01-24T17:00:00Z,SOL/USDT,sell,12.55306433,61.3262514,0.76983238,USDT
2023-01-24T22:00:00Z,SOL/USDT,buy,12.94285319,60.58801227,0.78418175,USDT
2023-01-24T23:00:00Z,SOL/USDT,sell,12.94645154,60.58801227,0.78439976,USDT
2023-01-25T00:00:00Z,SOL/USDT,buy,12.98492022,60.38340135,0.78407365,USDT
2023-01-25T00:00:00Z,SOL/USDT,stop_sell,12.71568773,60.38340135,0.76781648,USDT
2023-01-25T01:00:00Z,SOL/USDT,buy,13.08042094,59.83356459,0.78264821,USDT
2023-01-25T02:00:00Z,SOL/USDT,stop_sell,12.77946803,59.83356459,0.76464113,USDT
2023-01-25T03:00:00Z,SOL/USDT,buy,12.74251007,61.29742687,0.78108308,USDT
2023-01-25T04:00:00Z,SOL/USDT,sell,12.88177789,61.29742687,0.78961984,USDT
2023-01-25T05:00:00Z,SOL/USDT,buy,13.11750648,59.5875934,0.78164064,USDT
2023-01-26T06:00:00Z,SOL/USDT,sell,13.71570372,59.5875934,0.81728578,USDT
2023-01-26T08:00:00Z,SOL/USDT,buy,13.47806366,58.19572606,0.78436570,USDT
2023-01-26T09:00:00Z,SOL/USDT,sell,13.52728098,58.19572606,0.78722994,USDT
2023-01-27T07:00:00Z,SOL/USDT,buy,12.82456308,61.16927018,0.78446916,USDT
2023-01-27T08:00:00Z,SOL/USDT,sell,12.74492435,61.16927018,0.77959772,USDT
2023-01-28T20:00:00Z,SOL/USDT,buy,12.19791291,64.26952476,0.78395407,USDT
2023-01-30T12:00:00Z,SOL/USDT,sell,13.19208566,64.26952476,0.84784908,USDT
2023-01-30T13:00:00Z,SOL/USDT,buy,13.41537534,58.80846365,0.78893761,USDT
2023-01-30T15:00:00Z,SOL/USDT,sell,13.20679030,58.80846365,0.77667105,USDT
2023-01-31T12:00:00Z,SOL/USDT,buy,14.79651756,53.24431794,0.78783049,USDT
2023-01-31T14:00:00Z,SOL/USDT,stop_sell,14.36907637,53.24431794,0.76507167,USDT
2023-01-31T16:00:00Z,SOL/USDT,buy,14.46297187,54.33769647,0.78588458,USDT
2023-01-31T17:00:00Z,SOL/USDT,sell,14.27247219,54.33769647,0.77553326,USDT
2023-01-31T20:00:00Z,SOL/USDT,buy,14.68791129,53.44061966,0.78493108,USDT
2023-02-01T06:00:00Z,SOL/USDT,sell,14.87155750,53.44061966,0.79474525,USDT
2023-02-01T07:00:00Z,SOL/USDT,buy,14.95487570,52.53070537,0.78559017,USDT
2023-02-01T10:00:00Z,SOL/USDT,stop_sell,14.52810842,52.53070537,0.76317178,USDT
2023-02-01T11:00:00Z,SOL/USDT,buy,14.63481975,53.54844487,0.78367184,USDT
2023-02-01T13:00:00Z,SOL/USDT,sell,14.23385451,53.54844487,0.76220077,USDT
2023-02-05T10:00:00Z,SOL/USDT,buy,11.69284150,66.86394946,0.78182956,USDT
2023-02-05T11:00:00Z,SOL/USDT,sell,11.56429196,66.86394946,0.77323423,USDT
2023-02-05T13:00:00Z,SOL/USDT,buy,11.67244831,66.91116593,0.78101713,USDT
2023-02-06T23:00:00Z,SOL/USDT,sell,13.55990865,66.91116593,0.90730930,USDT
2023-02-07T00:00:00Z,SOL/USDT,buy,13.49698312,58.60497938,0.79099042,USDT
2023-02-08T03:00:00Z,SOL/USDT,sell,14.02785856,58.60497938,0.82210236,USDT
2023-02-08T04:00:00Z,SOL/USDT,buy,14.43291185,54.96822219,0.79335151,USDT
2023-02-08T10:00:00Z,SOL/USDT,sell,14.66146460,54.96822219,0.80591464,USDT
2023-02-08T11:00:00Z,SOL/USDT,buy,14.78349505,53.72403825,0.79422905,USDT
2023-02-09T09:00:00Z,SOL/USDT,sell,14.91435609,53.72403825,0.80125944,USDT
2023-02-11T13:00:00Z,SOL/USDT,buy,14.71445955,54.00565749,0.79466406,USDT
2023-02-11T19:00:00Z,SOL/USDT,sell,14.51515279,54.00565749,0.78390037,USDT
2023-02-15T02:00:00Z,SOL/USDT,buy,11.63490655,68.21508925,0.79367619,USDT
2023-02-15T03:00:00Z,SOL/USDT,sell,11.54639691,68.21508925,0.78763850,USDT
2023-02-15T12:00:00Z,SOL/USDT,buy,11.53869847,68.73100683,0.79306636,USDT
2023-02-15T13:00:00Z,SOL/USDT,sell,11.44495366,68.73100683,0.78662319,USDT
2023-02-15T18:00:00Z,SOL/USDT,buy,11.67186902,67.89180137,0.79242421,USDT
2023-02-16T14:00:00Z,SOL/USDT,sell,11.97596302,67.89180137,0.81306970,USDT
2023-02-16T15:00:00Z,SOL/USDT,buy,12.19452321,65.10694681,0.79394817,USDT
2023-02-16T16:00:00Z,SOL/USDT,sell,12.09807394,65.10694681,0.78766866,USDT
2023-02-16T17:00:00Z,SOL/USDT,buy,12.35372578,64.21698065,0.79331897,USDT
2023-02-16T21:00:00Z,SOL/USDT,stop_sell,12.00954365,64.21698065,0.77121663,USDT
2023-02-17T04:00:00Z,SOL/USDT,buy,12.15137465,65.13046427,0.79142467,USDT
2023-02-17T05:00:00Z,SOL/USDT,sell,11.84260873,65.13046427,0.77131460,USDT
2023-02-17T06:00:00Z,SOL/USDT,buy,11.93521563,66.16470166,0.78968998,USDT
2023-02-17T08:00:00Z,SOL/USDT,stop_sell,11.55982620,66.16470166,0.76485245,USDT
2023-02-17T17:00:00Z,SOL/USDT,buy,12.14979386,64.82229811,0.78757756,USDT
2023-02-17T20:00:00Z,SOL/USDT,sell,11.98288256,64.82229811,0.77675799,USDT
2023-02-18T00:00:00Z,SOL/USDT,buy,11.86464536,66.29665934,0.78658635,USDT
2023-02-18T01:00:00Z,SOL/USDT,sell,11.77219596,66.29665934,0.78045727,USDT
2023-02-19T20:00:00Z,SOL/USDT,buy,12.52409892,62.75663889,0.78597035,USDT
2023-02-19T23:00:00Z,SOL/USDT,stop_sell,12.17358010,62.75663889,0.76397297,USDT
2023-02-20T05:00:00Z,SOL/USDT,buy,12.72816190,61.60242393,0.78408563,USDT
2023-02-20T08:00:00Z,SOL/USDT,stop_sell,12.34643944,61.60242393,0.76057060,USDT
2023-02-20T12:00:00Z,SOL/USDT,buy,12.68895531,61.63469168,0.78207985,USDT
2023-02-20T20:00:00Z,SOL/USDT,stop_sell,12.30952134,61.63469168,0.75869355,USDT
2023-02-20T21:00:00Z,SOL/USDT,buy,12.49832504,62.41513827,0.78008469,USDT
2023-02-20T22:00:00Z,SOL/USDT,sell,12.42191194,62.41513827,0.77531535,USDT
2023-02-21T14:00:00Z,SOL/USDT,buy,13.24575357,58.85497188,0.77957845,USDT
2023-02-22T02:00:00Z,SOL/USDT,sell,13.00308720,58.85497188,0.76529633,USDT
2023-02-22T03:00:00Z,SOL/USDT,buy,13.00325338,59.85514842,0.77831166,USDT
2023-02-22T04:00:00Z,SOL/USDT,sell,12.88192881,59.85514842,0.77104976,USDT
2023-02-23T15:00:00Z,SOL/USDT,buy,13.51979552,57.51613672,0.77760641,USDT
2023-02-23T18:00:00Z,SOL/USDT,stop_sell,13.11735250,57.51613672,0.75445944,USDT
2023-02-23T20:00:00Z,SOL/USDT,buy,13.08197672,59.29005335,0.77563110,USDT
2023-02-23T23:00:00Z,SOL/USDT,sell,12.89793381,59.29005335,0.76471918,USDT
2023-02-25T17:00:00Z,SOL/USDT,buy,12.73462413,60.82899743,0.77463442,USDT
2023-02-25T18:00:00Z,SOL/USDT,stop_sell,12.32268982,60.82899743,0.74957687,USDT
2023-02-28T10:00:00Z,SOL/USDT,buy,11.59488655,66.62478422,0.77250681,USDT
2023-03-02T11:00:00Z,SOL/USDT,sell,13.10389577,66.62478422,0.87304423,USDT
2023-03-02T12:00:00Z,SOL/USDT,buy,13.28928332,58.72567391,0.78042212,USDT
2023-03-02T23:00:00Z,SOL/USDT,stop_sell,12.87993331,58.72567391,0.75638276,USDT
2023-03-03T00:00:00Z,SOL/USDT,buy,12.94537845,60.12763596,0.77837500,USDT
2023-03-03T01:00:00Z,SOL/USDT,stop_sell,12.56309674,60.12763596,0.75538931,USDT
2023-03-05T06:00:00Z,SOL/USDT,buy,12.02298749,64.57733289,0.77641247,USDT
2023-03-05T06:00:00Z,SOL/USDT,stop_sell,11.75427556,64.57733289,0.75905977,USDT
2023-03-05T08:00:00Z,SOL/USDT,buy,11.92367886,64.988387,0.77490066,USDT
2023-03-05T10:00:00Z,SOL/USDT,stop_sell,11.61775276,64.988387,0.75501901,USDT
2023-03-05T12:00:00Z,SOL/USDT,buy,11.66650234,66.27409419,0.77318687,USDT
2023-03-05T16:00:00Z,SOL/USDT,stop_sell,11.31858933,66.27409419,0.75012926,USDT
2023-03-06T11:00:00Z,SOL/USDT,buy,11.62719469,66.3289329,0.77121942,USDT
2023-03-07T23:00:00Z,SOL/USDT,sell,12.32953515,66.3289329,0.81780491,USDT
2023-03-10T06:00:00Z,SOL/USDT,buy,11.76711962,65.84626986,0.77482093,USDT
2023-03-10T08:00:00Z,SOL/USDT,sell,11.73431091,65.84626986,0.77266060,USDT
2023-03-10T10:00:00Z,SOL/USDT,buy,11.92229117,64.96437218,0.77452416,USDT
2023-03-10T18:00:00Z,SOL/USDT,stop_sell,11.59888541,64.96437218,0.75351431,USDT
2023-03-11T12:00:00Z,SOL/USDT,buy,11.89734170,64.94898167,0.77272023,USDT
2023-03-11T13:00:00Z,SOL/USDT,sell,11.83198205,64.94898167,0.76847519,USDT
2023-03-11T14:00:00Z,SOL/USDT,buy,11.73673143,65.79831035,0.77225710,USDT
2023-03-11T15:00:00Z,SOL/USDT,sell,11.55873174,65.79831035,0.76054502,USDT
2023-03-12T11:00:00Z,SOL/USDT,buy,11.56312767,66.6944964,0.77119698,USDT
2023-03-12T13:00:00Z,SOL/USDT,sell,11.32196718,66.6944964,0.75511290,USDT
2023-03-12T14:00:00Z,SOL/USDT,buy,11.29128582,68.17535698,0.76978744,USDT
2023-03-13T00:00:00Z,SOL/USDT,sell,11.52903560,68.17535698,0.78599612,USDT
2023-03-13T01:00:00Z,SOL/USDT,buy,11.63815417,66.24420402,0.77096026,USDT
2023-03-14T01:00:00Z,SOL/USDT,sell,12.45656860,66.24420402,0.82517547,USDT
2023-03-14T05:00:00Z,SOL/USDT,buy,12.81032396,60.51149779,0.77517189,USDT
2023-03-15T01:00:00Z,SOL/USDT,sell,13.02606671,60.51149779,0.78822681,USDT
2023-03-15T02:00:00Z,SOL/USDT,buy,13.02494522,59.58502383,0.77609167,USDT
2023-03-15T15:00:00Z,SOL/USDT,sell,13.27384876,59.58502383,0.79092259,USDT
2023-03-15T16:00:00Z,SOL/USDT,buy,13.41966448,57.91153092,0.77715331,USDT
2023-03-15T17:00:00Z,SOL/USDT,sell,13.34209362,57.91153092,0.77266107,USDT
2023-03-17T09:00:00Z,SOL/USDT,buy,14.41649464,53.87368615,0.77666971,USDT
2023-03-18T09:00:00Z,SOL/USDT,sell,15.04337255,53.87368615,0.81044193,USDT
2023-03-20T02:00:00Z,SOL/USDT,buy,15.64458138,49.80931002,0.77924580,USDT
2023-03-20T20:00:00Z,SOL/USDT,sell,16.02807395,49.80931002,0.79834730,USDT
2023-03-20T22:00:00Z,SOL/USDT,buy,16.36941762,47.68944357,0.78064842,USDT
2023-03-21T01:00:00Z,SOL/USDT,sell,16.17883154,47.68944357,0.77155947,USDT
2023-03-22T11:00:00Z,SOL/USDT,buy,16.19577984,48.14814152,0.77979670,USDT
2023-03-22T15:00:00Z,SOL/USDT,stop_sell,15.76612888,48.14814152,0.75910980,USDT
2023-03-23T12:00:00Z,SOL/USDT,buy,16.04143371,48.50051192,0.77801775,USDT
2023-03-23T16:00:00Z,SOL/USDT,stop_sell,15.60032083,48.50051192,0.75662355,USDT
2023-03-23T18:00:00Z,SOL/USDT,buy,15.58622422,49.79926578,0.77618252,USDT
2023-03-23T19:00:00Z,SOL/USDT,sell,15.42906161,49.79926578,0.76835594,USDT
2023-03-23T21:00:00Z,SOL/USDT,buy,15.54716470,49.87613323,0.77543246,USDT
2023-03-23T21:00:00Z,SOL/USDT,stop_sell,15.15210612,49.87613323,0.75572846,USDT
2023-03-24T13:00:00Z,SOL/USDT,buy,15.60942481,49.56830923,0.77373280,USDT
2023-03-24T20:00:00Z,SOL/USDT,sell,15.21573832,49.56830923,0.75421842,USDT
2023-03-26T04:00:00Z,SOL/USDT,buy,14.78734398,52.21009056,0.77204857,USDT
2023-03-26T05:00:00Z,SOL/USDT,sell,14.91087383,52.21009056,0.77849807,USDT
2023-03-26T08:00:00Z,SOL/USDT,buy,15.40126879,50.15435362,0.77244068,USDT
2023-03-26T16:00:00Z,SOL/USDT,sell,15.19184428,50.15435362,0.76193713,USDT
2023-03-26T21:00:00Z,SOL/USDT,buy,15.32997216,50.32475971,0.77147717,USDT
2023-03-26T22:00:00Z,SOL/USDT,stop_sell,14.95351511,50.32475971,0.75253205,USDT
2023-03-26T23:00:00Z,SOL/USDT,buy,14.93500577,51.54593366,0.76983882,USDT
2023-03-27T00:00:00Z,SOL/USDT,sell,14.88190333,51.54593366,0.76710160,USDT
2023-03-27T06:00:00Z,SOL/USDT,buy,15.26481259,50.40983691,0.76949671,USDT
2023-03-27T17:00:00Z,SOL/USDT,sell,15.47522652,50.40983691,0.78010365,USDT
2023-03-27T19:00:00Z,SOL/USDT,buy,15.78509460,48.79423795,0.77022166,USDT
2023-03-28T18:00:00Z,SOL/USDT,sell,16.13651571,48.79423795,0.78736899,USDT
2023-03-29T03:00:00Z,SOL/USDT,buy,16.43237708,46.94813542,0.77146946,USDT
2023-03-29T08:00:00Z,SOL/USDT,stop_sell,16.03665423,46.94813542,0.75289101,USDT
2023-03-29T13:00:00Z,SOL/USDT,buy,16.18435013,47.56820195,0.76986044,USDT
2023-03-29T13:00:00Z,SOL/USDT,stop_sell,15.77367804,47.56820195,0.75032550,USDT
2023-03-29T17:00:00Z,SOL/USDT,buy,15.57283052,49.32791008,0.76817518,USDT
2023-03-29T18:00:00Z,SOL/USDT,sell,15.20758740,49.32791008,0.75015850,USDT
2023-03-31T15:00:00Z,SOL/USDT,buy,13.44615572,57.01344067,0.76661160,USDT
2023-04-01T12:00:00Z,SOL/USDT,sell,13.53346688,57.01344067,0.77158951,USDT
2023-04-03T12:00:00Z,SOL/USDT,buy,13.67799858,56.06718783,0.76688692,USDT
2023-04-03T14:00:00Z,SOL/USDT,stop_sell,13.26185879,56.06718783,0.74355513,USDT
2023-04-03T15:00:00Z,SOL/USDT,buy,13.25830584,57.69202738,0.76489854,USDT
2023-04-03T16:00:00Z,SOL/USDT,stop_sell,12.82079703,57.69202738,0.73965777,USDT
2023-04-04T15:00:00Z,SOL/USDT,buy,13.39683207,56.93568776,0.76275785,USDT
2023-04-04T20:00:00Z,SOL/USDT,sell,13.09404370,56.93568776,0.74551838,USDT
2023-04-05T06:00:00Z,SOL/USDT,buy,13.70230073,55.55689469,0.76125728,USDT
2023-04-05T07:00:00Z,SOL/USDT,sell,13.58642439,55.55689469,0.75481955,USDT
2023-04-05T13:00:00Z,SOL/USDT,buy,13.83234372,54.98855953,0.76062066,USDT
2023-04-06T00:00:00Z,SOL/USDT,sell,13.56861030,54.98855953,0.74611834,USDT
2023-04-07T20:00:00Z,SOL/USDT,buy,12.56279326,60.44350767,0.75933929,USDT
2023-04-07T21:00:00Z,SOL/USDT,sell,12.28661362,60.44350767,0.74264602,USDT
2023-04-11T09:00:00Z,SOL/USDT,buy,10.17706299,74.46971131,0.75788294,USDT
2023-04-11T14:00:00Z,SOL/USDT,stop_sell,9.83864479,74.46971131,0.73268104,USDT
2023-04-13T06:00:00Z,SOL/USDT,buy,8.99973462,83.97430696,0.75574648,USDT
2023-04-13T10:00:00Z,SOL/USDT,sell,8.99880235,83.97430696,0.75566819,USDT
2023-04-13T11:00:00Z,SOL/USDT,buy,9.16531737,82.44332491,0.75561924,USDT
2023-04-13T11:00:00Z,SOL/USDT,stop_sell,8.89965840,82.44332491,0.73371743,USDT
2023-04-15T08:00:00Z,SOL/USDT,buy,8.76749256,85.97064733,0.75374701,USDT
2023-04-16T03:00:00Z,SOL/USDT,sell,8.70791287,85.97064733,0.74862491,USDT
2023-04-16T19:00:00Z,SOL/USDT,buy,8.92743148,84.37105215,0.75321679,USDT
2023-04-18T03:00:00Z,SOL/USDT,sell,10.36456612,84.37105215,0.87446935,USDT
2023-04-19T09:00:00Z,SOL/USDT,buy,9.94343423,76.71308972,0.76279156,USDT
2023-04-19T11:00:00Z,SOL/USDT,sell,9.70326694,76.71308972,0.74436759,USDT
2023-04-20T03:00:00Z,SOL/USDT,buy,9.83220965,77.41863749,0.76119627,USDT
2023-04-20T04:00:00Z,SOL/USDT,sell,9.75704704,77.41863749,0.75537729,USDT
2023-04-20T05:00:00Z,SOL/USDT,buy,10.16048070,74.85956211,0.76060914,USDT
2023-04-21T04:00:00Z,SOL/USDT,sell,10.54832620,74.85956211,0.78964308,USDT
2023-04-23T03:00:00Z,SOL/USDT,buy,10.69176321,71.34547557,0.76280893,USDT
2023-04-23T16:00:00Z,SOL/USDT,sell,10.61765152,71.34547557,0.75752140,USDT
2023-04-23T17:00:00Z,SOL/USDT,buy,10.75763913,70.85792897,0.76226403,USDT
2023-04-23T22:00:00Z,SOL/USDT,sell,10.60905682,70.85792897,0.75173579,USDT
2023-04-23T23:00:00Z,SOL/USDT,buy,10.63394932,71.59147992,0.76130017,USDT
2023-04-24T00:00:00Z,SOL/USDT,sell,10.50880697,71.59147992,0.75234104,USDT
2023-04-25T21:00:00Z,SOL/USDT,buy,9.55987555,79.54726239,0.76046193,USDT
2023-04-26T00:00:00Z,SOL/USDT,sell,9.44184572,79.54726239,0.75107298,USDT
2023-04-26T09:00:00Z,SOL/USDT,buy,9.74627870,77.93635673,0.75958945,USDT
2023-04-26T11:00:00Z,SOL/USDT,sell,9.66858429,77.93635673,0.75353423,USDT
2023-04-26T12:00:00Z,SOL/USDT,buy,9.81547428,77.32521748,0.75898368,USDT
2023-04-26T13:00:00Z,SOL/USDT,stop_sell,9.55409770,77.32521748,0.73877268,USDT
2023-04-26T21:00:00Z,SOL/USDT,buy,9.35576354,80.93899672,0.75724611,USDT
2023-04-26T22:00:00Z,SOL/USDT,sell,9.38045742,80.93899672,0.75924481,USDT
2023-04-27T06:00:00Z,SOL/USDT,buy,9.90598852,76.44716216,0.75728471,USDT
2023-04-27T22:00:00Z,SOL/USDT,sell,9.67394661,76.44716216,0.73954577,USDT
2023-04-29T17:00:00Z,SOL/USDT,buy,10.54080277,71.69710845,0.75574508,USDT
2023-04-29T23:00:00Z,SOL/USDT,sell,10.73606028,71.69710845,0.76974448,USDT
2023-04-30T01:00:00Z,SOL/USDT,buy,10.73664064,70.48233394,0.75674349,USDT
2023-04-30T01:00:00Z,SOL/USDT,stop_sell,10.45283715,70.48233394,0.73674036,USDT
2023-04-30T02:00:00Z,SOL/USDT,buy,10.55360116,71.54173158,0.75502290,USDT
2023-04-30T03:00:00Z,SOL/USDT,stop_sell,10.26264554,71.54173158,0.73420743,USDT
2023-05-04T20:00:00Z,SOL/USDT,buy,8.22797593,91.54592086,0.75323763,USDT
2023-05-04T21:00:00Z,SOL/USDT,sell,8.13110441,91.54592086,0.74436944,USDT
2023-05-04T23:00:00Z,SOL/USDT,buy,8.20699845,91.67882261,0.75240796,USDT
2023-05-05T00:00:00Z,SOL/USDT,sell,8.23179504,91.67882261,0.75468128,USDT
2023-05-05T01:00:00Z,SOL/USDT,buy,8.18766679,91.90277325,0.75246928,USDT
2023-05-05T23:00:00Z,SOL/USDT,sell,8.45150513,91.90277325,0.77671676,USDT
2023-05-06T01:00:00Z,SOL/USDT,buy,8.63206287,87.38208549,0.75428766,USDT
2023-05-06T02:00:00Z,SOL/USDT,sell,8.61301734,87.38208549,0.75262342,USDT
2023-05-08T13:00:00Z,SOL/USDT,buy,7.80697654,96.58461681,0.75403384,USDT
2023-05-08T19:00:00Z,SOL/USDT,stop_sell,7.60312050,96.58461681,0.73434448,USDT
2023-05-11T10:00:00Z,SOL/USDT,buy,7.06238443,106.52758697,0.75233877,USDT
2023-05-11T19:00:00Z,SOL/USDT,sell,6.97510370,106.52758697,0.74304097,USDT
2023-05-11T22:00:00Z,SOL/USDT,buy,7.05782815,106.47395612,0.75147488,USDT
2023-05-11T23:00:00Z,SOL/USDT,sell,6.98036507,106.47395612,0.74322708,USDT
2023-05-12T02:00:00Z,SOL/USDT,buy,7.15008526,104.99106906,0.75069510,USDT
2023-05-12T07:00:00Z,SOL/USDT,sell,7.18645298,104.99106906,0.75451338,USDT
2023-05-12T08:00:00Z,SOL/USDT,buy,7.21085763,104.13189005,0.75088023,USDT
2023-05-13T01:00:00Z,SOL/USDT,sell,7.30122356,104.13189005,0.76029021,USDT
2023-05-13T02:00:00Z,SOL/USDT,buy,7.39712772,101.59517083,0.75151245,USDT
2023-05-13T16:00:00Z,SOL/USDT,sell,7.54321051,101.59517083,0.76635376,USDT
2023-05-13T22:00:00Z,SOL/USDT,buy,7.47146887,100.7270291,0.75257886,USDT
2023-05-13T23:00:00Z,SOL/USDT,sell,7.44080474,100.7270291,0.74949016,USDT
2023-05-14T22:00:00Z,SOL/USDT,buy,7.54413718,99.70807768,0.75221142,USDT
2023-05-15T02:00:00Z,SOL/USDT,sell,7.51869977,99.70807768,0.74967510,USDT
2023-05-15T13:00:00Z,SOL/USDT,buy,7.84760784,95.81113299,0.75188820,USDT
2023-05-16T08:00:00Z,SOL/USDT,sell,8.05876660,95.81113299,0.77211956,USDT
2023-05-16T14:00:00Z,SOL/USDT,buy,8.07307752,93.32073588,0.75338553,USDT
2023-05-16T21:00:00Z,SOL/USDT,sell,8.11227184,93.32073588,0.75704318,USDT
2023-05-16T23:00:00Z,SOL/USDT,buy,8.35130256,90.23231913,0.75355740,USDT
2023-05-17T11:00:00Z,SOL/USDT,sell,8.13166214,90.23231913,0.73373873,USDT
2023-05-18T06:00:00Z,SOL/USDT,buy,8.19796293,91.71206008,0.75185207,USDT
2023-05-18T09:00:00Z,SOL/USDT,sell,8.03467965,91.71206008,0.73687702,USDT
2023-05-20T19:00:00Z,SOL/USDT,buy,7.31782508,102.56248269,0.75053431,USDT
2023-05-20T20:00:00Z,SOL/USDT,sell,7.26742147,102.56248269,0.74536479,USDT
2023-05-21T04:00:00Z,SOL/USDT,buy,7.53156590,99.58099262,0.75000081,USDT
2023-05-21T07:00:00Z,SOL/USDT,sell,7.45020004,99.58099262,0.74189832,USDT
2023-05-21T10:00:00Z,SOL/USDT,buy,7.45828928,100.45639758,0.74923287,USDT
2023-05-21T23:00:00Z,SOL/USDT,sell,7.46989418,100.45639758,0.75039866,USDT
2023-05-23T18:00:00Z,SOL/USDT,buy,7.56487455,99.03748537,0.74920615,USDT
2023-05-23T22:00:00Z,SOL/USDT,sell,7.40175827,99.03748537,0.73305153,USDT
2023-05-24T07:00:00Z,SOL/USDT,buy,7.75683148,96.40463355,0.74779450,USDT
2023-05-24T08:00:00Z,SOL/USDT,stop_sell,7.57522324,96.40463355,0.73028662,USDT
2023-05-24T10:00:00Z,SOL/USDT,buy,7.57917569,98.46385547,0.74627486,USDT
2023-05-24T11:00:00Z,SOL/USDT,sell,7.61910354,98.46385547,0.75020631,USDT
2023-05-24T19:00:00Z,SOL/USDT,buy,7.81742476,95.487936,0.74646976,USDT
2023-05-25T18:00:00Z,SOL/USDT,sell,8.25581503,95.487936,0.78833074,USDT
2023-05-27T11:00:00Z,SOL/USDT,buy,7.15265054,104.81393696,0.74969746,USDT
2023-05-27T16:00:00Z,SOL/USDT,sell,7.08166540,104.81393696,0.74225723,USDT
2023-05-27T17:00:00Z,SOL/USDT,buy,7.07628537,105.84402561,0.74898253,USDT
2023-05-27T18:00:00Z,SOL/USDT,sell,7.03665591,105.84402561,0.74478799,USDT
2023-05-28T16:00:00Z,SOL/USDT,buy,6.81842251,109.78011953,0.74852724,USDT
2023-05-31T06:00:00Z,SOL/USDT,sell,7.87376015,109.78011953,0.86438233,USDT
2023-06-01T12:00:00Z,SOL/USDT,buy,7.69455736,98.46845597,0.75767118,USDT
2023-06-01T23:00:00Z,SOL/USDT,sell,7.83640584,98.46845597,0.77163878,USDT
2023-06-02T01:00:00Z,SOL/USDT,buy,7.63868043,99.31908394,0.75866674,USDT
2023-06-02T04:00:00Z,SOL/USDT,sell,7.46157335,99.31908394,0.74107663,USDT
2023-06-02T23:00:00Z,SOL/USDT,buy,7.69295556,98.41975369,0.75713879,USDT
2023-06-03T04:00:00Z,SOL/USDT,stop_sell,7.49962974,98.41975369,0.73811171,USDT
2023-06-03T05:00:00Z,SOL/USDT,buy,7.35839536,102.67132258,0.75549618,USDT
2023-06-03T13:00:00Z,SOL/USDT,sell,7.21882978,102.67132258,0.74116680,USDT
2023-06-04T07:00:00Z,SOL/USDT,buy,7.52062844,100.28809074,0.75422947,USDT
2023-06-04T16:00:00Z,SOL/USDT,sell,7.33721256,100.28809074,0.73583504,USDT
2023-06-04T17:00:00Z,SOL/USDT,buy,7.54127876,99.80242563,0.75263791,USDT
2023-06-04T18:00:00Z,SOL/USDT,sell,7.54763929,99.80242563,0.75327271,USDT
2023-06-05T18:00:00Z,SOL/USDT,buy,7.60492256,98.95803436,0.75256819,USDT
2023-06-06T14:00:00Z,SOL/USDT,sell,7.58971324,98.95803436,0.75106310,USDT
2023-06-09T08:00:00Z,SOL/USDT,buy,8.43568473,89.18391265,0.75232737,USDT
2023-06-10T00:00:00Z,SOL/USDT,stop_sell,8.21409986,89.18391265,0.73256556,USDT
2023-06-11T20:00:00Z,SOL/USDT,buy,7.37150091,101.82821573,0.75062678,USDT
2023-06-13T01:00:00Z,SOL/USDT,sell,7.84882962,101.82821573,0.79923232,USDT
2023-06-14T10:00:00Z,SOL/USDT,buy,7.80119465,96.70225584,0.75439312,USDT
2023-06-15T16:00:00Z,SOL/USDT,sell,8.30873156,96.70225584,0.80347309,USDT
2023-06-15T17:00:00Z,SOL/USDT,buy,8.36780881,90.60876106,0.75819679,USDT
2023-06-16T01:00:00Z,SOL/USDT,stop_sell,8.19450199,90.60876106,0.74249367,USDT
2023-06-16T10:00:00Z,SOL/USDT,buy,8.67163265,87.27535256,0.75681980,USDT
2023-06-16T14:00:00Z,SOL/USDT,stop_sell,8.42827233,87.27535256,0.73558044,USDT
2023-06-16T16:00:00Z,SOL/USDT,buy,8.42401090,89.62480649,0.75500035,USDT
2023-06-16T17:00:00Z,SOL/USDT,sell,8.36711235,89.62480649,0.74990083,USDT
2023-06-16T18:00:00Z,SOL/USDT,buy,8.54252613,88.31951082,0.75447173,USDT
2023-06-17T02:00:00Z,SOL/USDT,sell,8.44206186,88.31951082,0.74559877,USDT
2023-06-17T12:00:00Z,SOL/USDT,buy,8.74975769,86.13283914,0.75364147,USDT
2023-06-17T15:00:00Z,SOL/USDT,sell,8.57723524,86.13283914,0.73878162,USDT
2023-06-17T17:00:00Z,SOL/USDT,buy,8.84359659,85.07089039,0.75233264,USDT
2023-06-17T22:00:00Z,SOL/USDT,stop_sell,8.58805625,85.07089039,0.73059359,USDT
2023-06-17T23:00:00Z,SOL/USDT,buy,8.63066318,86.95437816,0.75047395,USDT
2023-06-18T11:00:00Z,SOL/USDT,sell,8.60698036,86.95437816,0.74841463,USDT
2023-06-20T05:00:00Z,SOL/USDT,buy,8.20214302,91.46257851,0.75018915,USDT
2023-06-20T07:00:00Z,SOL/USDT,sell,8.25456765,91.46257851,0.75498404,USDT
2023-06-20T08:00:00Z,SOL/USDT,buy,8.40832606,89.25111296,0.75045246,USDT
2023-06-21T09:00:00Z,SOL/USDT,sell,8.58842564,89.25111296,0.76652655,USDT
2023-06-21T21:00:00Z,SOL/USDT,buy,8.76452407,85.75680824,0.75161761,USDT
2023-06-21T22:00:00Z,SOL/USDT,sell,8.90246054,85.75680824,0.76344660,USDT
2023-06-22T11:00:00Z,SOL/USDT,buy,9.12322033,82.47560726,0.75244314,USDT
2023-06-22T13:00:00Z,SOL/USDT,stop_sell,8.83930114,82.47560726,0.72902673,USDT
2023-06-22T16:00:00Z,SOL/USDT,buy,8.96952152,83.66670498,0.75045031,USDT
2023-06-23T12:00:00Z,SOL/USDT,sell,9.30592471,83.66670498,0.77859606,USDT
2023-06-23T13:00:00Z,SOL/USDT,buy,9.43929129,79.72851866,0.75258071,USDT
2023-06-23T16:00:00Z,SOL/USDT,sell,9.51234445,79.72851866,0.75840513,USDT
2023-06-24T15:00:00Z,SOL/USDT,buy,9.23436588,81.53520977,0.75292596,USDT
2023-06-24T21:00:00Z,SOL/USDT,sell,9.15382080,81.53520977,0.74635870,USDT
2023-06-25T00:00:00Z,SOL/USDT,buy,9.26924331,81.15876213,0.75228031,USDT
2023-06-25T03:00:00Z,SOL/USDT,sell,9.14266838,81.15876213,0.74200765,USDT
2023-06-27T19:00:00Z,SOL/USDT,buy,7.71460538,97.39169395,0.75133849,USDT
2023-06-27T21:00:00Z,SOL/USDT,sell,7.53582720,97.39169395,0.73392698,USDT
2023-06-28T09:00:00Z,SOL/USDT,buy,8.21749069,91.24756156,0.74982599,USDT
2023-06-29T05:00:00Z,SOL/USDT,sell,8.05687155,91.24756156,0.73516988,USDT
2023-06-29T10:00:00Z,SOL/USDT,buy,8.43596988,88.73123837,0.74853405,USDT
2023-06-29T14:00:00Z,SOL/USDT,sell,8.31023680,88.73123837,0.73737760,USDT
2023-06-30T12:00:00Z,SOL/USDT,buy,8.43638508,88.60692723,0.74752216,USDT
2023-06-30T13:00:00Z,SOL/USDT,sell,8.35414984,88.60692723,0.74023555,USDT
2023-06-30T15:00:00Z,SOL/USDT,buy,8.51786580,87.67687539,0.74681986,USDT
2023-07-01T02:00:00Z,SOL/USDT,sell,8.61517926,87.67687539,0.75535200,USDT
2023-07-01T10:00:00Z,SOL/USDT,buy,8.55400987,87.37218556,0.74738254,USDT
2023-07-01T12:00:00Z,SOL/USDT,sell,8.56005883,87.37218556,0.74791105,USDT
2023-07-01T13:00:00Z,SOL/USDT,buy,8.82286223,84.70098897,0.74730516,USDT
2023-07-01T14:00:00Z,SOL/USDT,sell,8.61117126,84.70098897,0.72937472,USDT
2023-07-02T14:00:00Z,SOL/USDT,buy,8.78990175,84.84188237,0.74575181,USDT
2023-07-04T02:00:00Z,SOL/USDT,sell,9.36093119,84.84188237,0.79419902,USDT
2023-07-04T12:00:00Z,SOL/USDT,buy,9.72576345,77.06400342,0.74950627,USDT
2023-07-05T07:00:00Z,SOL/USDT,sell,9.66252232,77.06400342,0.74463265,USDT
2023-07-05T08:00:00Z,SOL/USDT,buy,9.74862087,76.83103103,0.74899659,USDT
2023-07-07T08:00:00Z,SOL/USDT,sell,11.41950339,76.83103103,0.87737222,USDT
2023-07-08T09:00:00Z,SOL/USDT,buy,10.81033547,70.22368601,0.75914160,USDT
2023-07-08T10:00:00Z,SOL/USDT,sell,10.70234215,70.22368601,0.75155791,USDT
2023-07-08T11:00:00Z,SOL/USDT,buy,10.76888175,70.42641068,0.75841369,USDT
2023-07-08T12:00:00Z,SOL/USDT,stop_sell,10.54410792,70.42641068,0.74258367,USDT
2023-07-10T13:00:00Z,SOL/USDT,buy,9.23202170,82.00007959,0.75702651,USDT
2023-07-10T14:00:00Z,SOL/USDT,sell,9.12177483,82.00007959,0.74798626,USDT
2023-07-11T05:00:00Z,SOL/USDT,buy,9.34761847,80.89573549,0.75618247,USDT
2023-07-12T15:00:00Z,SOL/USDT,sell,9.81177566,80.89573549,0.79373081,USDT
2023-07-13T13:00:00Z,SOL/USDT,buy,10.66932099,71.14452604,0.75906379,USDT
2023-07-14T18:00:00Z,SOL/USDT,sell,11.20366337,71.14452604,0.79707932,USDT
2023-07-14T21:00:00Z,SOL/USDT,buy,11.18252747,68.14040897,0.76198200,USDT
2023-07-15T00:00:00Z,SOL/USDT,sell,11.05883582,68.14040897,0.75355360,USDT
2023-07-15T13:00:00Z,SOL/USDT,buy,11.25629834,67.62312616,0.76118608,USDT
2023-07-15T14:00:00Z,SOL/USDT,sell,11.09025810,67.62312616,0.74995792,USDT
2023-07-15T20:00:00Z,SOL/USDT,buy,10.87710283,69.88684765,0.76016643,USDT
2023-07-15T22:00:00Z,SOL/USDT,sell,10.80907776,69.88684765,0.75541237,USDT
2023-07-17T16:00:00Z,SOL/USDT,buy,11.06511179,68.65403814,0.75966461,USDT
2023-07-18T00:00:00Z,SOL/USDT,stop_sell,10.79418164,68.65403814,0.74106416,USDT
2023-07-18T02:00:00Z,SOL/USDT,buy,10.59769020,71.53027637,0.75805571,USDT
2023-07-19T23:00:00Z,SOL/USDT,sell,12.31471056,71.53027637,0.88087465,USDT
2023-07-21T16:00:00Z,SOL/USDT,buy,12.38092237,62.0111276,0.76775496,USDT
2023-07-21T17:00:00Z,SOL/USDT,stop_sell,12.04190250,62.0111276,0.74673195,USDT
2023-07-23T15:00:00Z,SOL/USDT,buy,11.53320372,66.41268762,0.76595106,USDT
2023-07-23T15:00:00Z,SOL/USDT,stop_sell,11.19549795,66.41268762,0.74352311,USDT
2023-07-26T08:00:00Z,SOL/USDT,buy,11.13565104,68.61162421,0.76403510,USDT
2023-07-26T14:00:00Z,SOL/USDT,stop_sell,10.82894103,68.61162421,0.74299123,USDT
2023-07-26T18:00:00Z,SOL/USDT,buy,10.94200627,69.66091154,0.76223013,USDT
2023-07-26T22:00:00Z,SOL/USDT,sell,10.99850000,69.66091154,0.76616554,USDT
2023-07-27T01:00:00Z,SOL/USDT,buy,11.03212431,69.10933621,0.76242279,USDT
2023-07-27T02:00:00Z,SOL/USDT,sell,10.96820316,69.10933621,0.75800524,USDT
2023-07-30T07:00:00Z,SOL/USDT,buy,9.26497817,82.23953665,0.76194751,USDT
2023-07-31T21:00:00Z,SOL/USDT,sell,10.23320684,82.23953665,0.84157419,USDT
2023-08-02T00:00:00Z,SOL/USDT,buy,9.87695401,77.77625418,0.76819249,USDT
2023-08-02T06:00:00Z,SOL/USDT,sell,9.79580465,77.77625418,0.76188099,USDT
2023-08-03T14:00:00Z,SOL/USDT,buy,9.95369936,77.11352519,0.76756485,USDT
2023-08-03T16:00:00Z,SOL/USDT,stop_sell,9.64472908,77.11352519,0.74373906,USDT
2023-08-05T02:00:00Z,SOL/USDT,buy,9.28946141,82.40917659,0.76553687,USDT
2023-08-05T09:00:00Z,SOL/USDT,sell,9.23700719,82.40917659,0.76121416,USDT
2023-08-05T22:00:00Z,SOL/USDT,buy,9.37026479,81.64856511,0.76506867,USDT
2023-08-06T02:00:00Z,SOL/USDT,sell,9.41329900,81.64856511,0.76858236,USDT
2023-08-06T03:00:00Z,SOL/USDT,buy,9.41107619,81.31133373,0.76522716,USDT
2023-08-06T12:00:00Z,SOL/USDT,stop_sell,9.13599458,81.31133373,0.74285990,USDT
2023-08-06T13:00:00Z,SOL/USDT,buy,9.18345843,83.11859631,0.76331617,USDT
2023-08-06T14:00:00Z,SOL/USDT,sell,9.04885231,83.11859631,0.75212790,USDT
2023-08-09T20:00:00Z,SOL/USDT,buy,8.82198479,86.40905502,0.76229937,USDT
2023-08-09T21:00:00Z,SOL/USDT,sell,8.83115621,86.40905502,0.76309186,USDT
2023-08-10T01:00:00Z,SOL/USDT,buy,8.81917638,86.42991983,0.76224071,USDT
2023-08-10T02:00:00Z,SOL/USDT,sell,8.90542206,86.42991983,0.76969491,USDT
2023-08-11T06:00:00Z,SOL/USDT,buy,9.48482704,80.41419448,0.76271473,USDT
2023-08-12T09:00:00Z,SOL/USDT,sell,9.61451534,80.41419448,0.77314351,USDT
2023-08-13T04:00:00Z,SOL/USDT,buy,9.97291196,76.55001054,0.76342652,USDT
2023-08-13T19:00:00Z,SOL/USDT,stop_sell,9.75344966,76.55001054,0.74662667,USDT
2023-08-13T21:00:00Z,SOL/USDT,buy,10.11275585,75.34652306,0.76196099,USDT
2023-08-14T18:00:00Z,SOL/USDT,sell,10.18933079,75.34652306,0.76773065,USDT
2023-08-19T01:00:00Z,SOL/USDT,buy,9.05500424,84.18553305,0.76230036,USDT
2023-08-19T02:00:00Z,SOL/USDT,stop_sell,8.76887116,84.18553305,0.73821209,USDT
2023-08-19T03:00:00Z,SOL/USDT,buy,8.73973969,86.9879722,0.76025223,USDT
2023-08-19T07:00:00Z,SOL/USDT,sell,8.67749808,86.9879722,0.75483796,USDT
2023-08-20T01:00:00Z,SOL/USDT,buy,9.22395167,82.36140364,0.75969761,USDT
2023-08-20T03:00:00Z,SOL/USDT,stop_sell,8.92349102,82.36140364,0.73495125,USDT
2023-08-20T06:00:00Z,SOL/USDT,buy,8.85735546,85.53312322,0.75759728,USDT
2023-08-20T08:00:00Z,SOL/USDT,sell,8.75910626,85.53312322,0.74919372,USDT
2023-08-20T11:00:00Z,SOL/USDT,buy,8.74979471,86.49392092,0.75680405,USDT
2023-08-20T13:00:00Z,SOL/USDT,sell,8.80358600,86.49392092,0.76145667,USDT
2023-08-24T04:00:00Z,SOL/USDT,buy,7.00291371,108.10570536,0.75705493,USDT
2023-08-24T05:00:00Z,SOL/USDT,stop_sell,6.79953021,108.10570536,0.73506801,USDT
2023-08-30T17:00:00Z,SOL/USDT,buy,6.02826763,125.27241824,0.75517566,USDT
2023-08-30T18:00:00Z,SOL/USDT,sell,6.00816442,125.27241824,0.75265729,USDT
2023-09-01T03:00:00Z,SOL/USDT,buy,5.88665085,128.2313873,0.75485341,USDT
2023-09-01T11:00:00Z,SOL/USDT,sell,5.79364173,128.2313873,0.74292672,USDT
2023-09-01T12:00:00Z,SOL/USDT,buy,5.86948928,128.42325379,0.75377891,USDT
2023-09-02T08:00:00Z,SOL/USDT,sell,5.87023541,128.42325379,0.75387473,USDT
2023-09-03T08:00:00Z,SOL/USDT,buy,6.09907201,123.57058689,0.75366591,USDT
2023-09-04T03:00:00Z,SOL/USDT,sell,6.03184757,123.57058689,0.74535894,USDT
2023-09-04T04:00:00Z,SOL/USDT,buy,6.07225561,123.98704617,0.75288104,USDT
2023-09-04T05:00:00Z,SOL/USDT,sell,5.95382760,123.98704617,0.73819750,USDT
2023-09-04T22:00:00Z,SOL/USDT,buy,6.43936607,116.71745505,0.75158642,USDT
2023-09-05T11:00:00Z,SOL/USDT,stop_sell,6.24013398,116.71745505,0.72833256,USDT
2023-09-05T12:00:00Z,SOL/USDT,buy,6.29124105,119.15085158,0.74960673,USDT
2023-09-05T20:00:00Z,SOL/USDT,sell,6.53672500,119.15085158,0.77885635,USDT
2023-09-06T04:00:00Z,SOL/USDT,buy,6.82208634,110.20463428,0.75182553,USDT
2023-09-06T21:00:00Z,SOL/USDT,sell,7.01249200,110.20463428,0.77280912,USDT
2023-09-09T05:00:00Z,SOL/USDT,buy,6.83529794,110.21948582,0.75338302,USDT
2023-09-09T08:00:00Z,SOL/USDT,stop_sell,6.60842820,110.21948582,0.72837756,USDT
2023-09-09T09:00:00Z,SOL/USDT,buy,6.57498285,114.26082838,0.75126299,USDT
2023-09-09T13:00:00Z,SOL/USDT,sell,6.44226326,114.26082838,0.73609834,USDT
2023-09-09T14:00:00Z,SOL/USDT,buy,6.60408139,113.55555988,0.74993016,USDT
2023-09-09T15:00:00Z,SOL/USDT,sell,6.59817426,113.55555988,0.74925937,USDT
2023-09-12T10:00:00Z,SOL/USDT,buy,7.04788518,106.38034752,0.74975647,USDT
2023-09-12T14:00:00Z,SOL/USDT,stop_sell,6.82396724,106.38034752,0.72593601,USDT
2023-09-14T15:00:00Z,SOL/USDT,buy,6.24691290,119.69620558,0.74773177,USDT
2023-09-15T14:00:00Z,SOL/USDT,sell,6.22615536,119.69620558,0.74524717,USDT
2023-09-15T16:00:00Z,SOL/USDT,buy,6.38968124,116.97193902,0.74741340,USDT
2023-09-15T17:00:00Z,SOL/USDT,sell,6.27535875,116.97193902,0.73404088,USDT
2023-09-16T00:00:00Z,SOL/USDT,buy,6.46505391,115.42432634,0.74622449,USDT
2023-09-16T02:00:00Z,SOL/USDT,stop_sell,6.30855047,115.42432634,0.72816019,USDT
2023-09-16T08:00:00Z,SOL/USDT,buy,6.37356319,116.83584107,0.74466062,USDT
2023-09-16T11:00:00Z,SOL/USDT,sell,6.28868808,116.83584107,0.73474416,USDT
2023-09-16T12:00:00Z,SOL/USDT,buy,6.32819752,117.52927894,0.74374849,USDT
2023-09-16T14:00:00Z,SOL/USDT,sell,6.28870707,117.52927894,0.73910721,USDT
2023-09-16T18:00:00Z,SOL/USDT,buy,6.45179028,115.20187149,0.74325831,USDT
2023-09-16T19:00:00Z,SOL/USDT,sell,6.39096592,115.20187149,0.73625123,USDT
2023-09-16T21:00:00Z,SOL/USDT,buy,6.47360619,114.70871523,0.74257905,USDT
2023-09-18T01:00:00Z,SOL/USDT,sell,6.58635617,114.70871523,0.75551245,USDT
2023-09-20T20:00:00Z,SOL/USDT,buy,6.35527405,116.98855552,0.74349433,USDT
2023-09-23T06:00:00Z,SOL/USDT,sell,8.13403595,116.98855552,0.95158912,USDT
2023-09-24T04:00:00Z,SOL/USDT,buy,8.18812202,92.81915459,0.76001456,USDT
2023-09-25T06:00:00Z,SOL/USDT,sell,8.43844966,92.81915459,0.78324976,USDT
2023-09-26T09:00:00Z,SOL/USDT,buy,8.30228407,91.75195397,0.76175079,USDT
2023-09-27T16:00:00Z,SOL/USDT,sell,9.11830357,91.75195397,0.83662217,USDT
2023-09-27T20:00:00Z,SOL/USDT,buy,9.08644495,84.47919527,0.76761556,USDT
2023-09-28T01:00:00Z,SOL/USDT,sell,9.03389479,84.47919527,0.76317616,USDT
2023-09-29T03:00:00Z,SOL/USDT,buy,9.05085316,84.75860669,0.76713770,USDT
2023-09-29T07:00:00Z,SOL/USDT,stop_sell,8.81211113,84.75860669,0.74690226,USDT
2023-09-29T08:00:00Z,SOL/USDT,buy,8.82021891,86.7775373,0.76539688,USDT
2023-09-29T08:00:00Z,SOL/USDT,stop_sell,8.57254419,86.7775373,0.74390427,USDT
2023-09-29T09:00:00Z,SOL/USDT,buy,8.55079126,89.29650831,0.76355580,USDT
2023-09-29T17:00:00Z,SOL/USDT,sell,8.60371299,89.29650831,0.76828153,USDT
2023-10-01T08:00:00Z,SOL/USDT,buy,8.18629410,93.30368933,0.76381144,USDT
2023-10-02T14:00:00Z,SOL/USDT,sell,9.09698623,93.30368933,0.84878238,USDT
2023-10-05T15:00:00Z,SOL/USDT,buy,9.54160142,80.7499087,0.77048344,USDT
2023-10-07T12:00:00Z,SOL/USDT,sell,11.44929349,80.7499087,0.92452940,USDT
2023-10-09T05:00:00Z,SOL/USDT,buy,11.33018426,69.07898363,0.78267761,USDT
2023-10-09T09:00:00Z,SOL/USDT,sell,11.23152043,69.07898363,0.77586202,USDT
2023-10-09T10:00:00Z,SOL/USDT,buy,11.31852644,69.09091494,0.78200735,USDT
2023-10-09T14:00:00Z,SOL/USDT,sell,11.36414309,69.09091494,0.78515904,USDT
2023-10-09T15:00:00Z,SOL/USDT,buy,11.52039932,67.89123807,0.78213417,USDT
2023-10-10T01:00:00Z,SOL/USDT,stop_sell,11.26243401,67.89123807,0.76462059,USDT
2023-10-10T03:00:00Z,SOL/USDT,buy,11.48655641,67.95845123,0.78060858,USDT
2023-10-10T12:00:00Z,SOL/USDT,sell,11.69741237,67.95845123,0.79493803,USDT
2023-10-10T14:00:00Z,SOL/USDT,buy,11.59048935,67.4371359,0.78162941,USDT
2023-10-10T17:00:00Z,SOL/USDT,sell,11.64411103,67.4371359,0.78524550,USDT
2023-10-10T18:00:00Z,SOL/USDT,buy,11.72253434,66.69150222,0.78179342,USDT
2023-10-10T20:00:00Z,SOL/USDT,stop_sell,11.41871311,66.69150222,0.76153113,USDT
2023-10-10T21:00:00Z,SOL/USDT,buy,11.44451640,68.15911445,0.78004810,USDT
2023-10-11T14:00:00Z,SOL/USDT,sell,11.74261376,68.15911445,0.80036616,USDT
2023-10-11T15:00:00Z,SOL/USDT,buy,11.73899256,66.57708141,0.78154786,USDT
2023-10-11T19:00:00Z,SOL/USDT,sell,11.65192112,66.57708141,0.77575090,USDT
2023-10-14T02:00:00Z,SOL/USDT,buy,10.68213640,73.10889876,0.78095923,USDT
2023-10-14T11:00:00Z,SOL/USDT,sell,10.89921167,73.10889876,0.79682936,USDT
2023-10-14T12:00:00Z,SOL/USDT,buy,10.95243648,71.40905945,0.78210319,USDT
2023-10-15T11:00:00Z,SOL/USDT,sell,11.33007813,71.40905945,0.80907022,USDT
2023-10-16T10:00:00Z,SOL/USDT,buy,11.87728868,66.01963572,0.78413427,USDT
2023-10-16T11:00:00Z,SOL/USDT,stop_sell,11.59564753,66.01963572,0.76554043,USDT
2023-10-16T14:00:00Z,SOL/USDT,buy,11.70605510,66.84762523,0.78252198,USDT
2023-10-17T04:00:00Z,SOL/USDT,sell,11.79550930,66.84762523,0.78850179,USDT
2023-10-18T20:00:00Z,SOL/USDT,buy,10.72138501,73.01993744,0.78287486,USDT
2023-10-18T20:00:00Z,SOL/USDT,stop_sell,10.39863490,73.01993744,0.75930767,USDT
2023-10-19T02:00:00Z,SOL/USDT,buy,10.86208533,71.88906042,0.78086511,USDT
2023-10-19T03:00:00Z,SOL/USDT,stop_sell,10.52472543,71.88906042,0.75661262,USDT
2023-10-21T15:00:00Z,SOL/USDT,buy,9.60405863,81.09080857,0.77880088,USDT
2023-10-21T18:00:00Z,SOL/USDT,sell,9.43100014,81.09080857,0.76476743,USDT
2023-10-22T13:00:00Z,SOL/USDT,buy,9.45844886,82.20735836,0.77755409,USDT
2023-10-22T13:00:00Z,SOL/USDT,stop_sell,9.22301201,82.20735836,0.75819945,USDT
2023-10-24T20:00:00Z,SOL/USDT,buy,8.85196177,87.65085617,0.77588203,USDT
2023-10-25T02:00:00Z,SOL/USDT,sell,8.89144106,87.65085617,0.77934242,USDT
2023-10-25T03:00:00Z,SOL/USDT,buy,8.91881518,87.01094282,0.77603452,USDT
2023-10-25T08:00:00Z,SOL/USDT,stop_sell,8.63299791,87.01094282,0.75116529,USDT
2023-10-25T12:00:00Z,SOL/USDT,buy,8.71847906,88.76797683,0.77392175,USDT
2023-10-25T14:00:00Z,SOL/USDT,sell,8.68562002,88.76797683,0.77100492,USDT
2023-10-26T08:00:00Z,SOL/USDT,buy,8.80555758,87.8495906,0.77356463,USDT
2023-10-26T09:00:00Z,SOL/USDT,sell,8.70684940,87.8495906,0.76489316,USDT
2023-10-26T12:00:00Z,SOL/USDT,buy,8.66688628,89.16090515,0.77274743,USDT
2023-10-26T20:00:00Z,SOL/USDT,sell,8.63431768,89.16090515,0.76984358,USDT
2023-10-27T03:00:00Z,SOL/USDT,buy,8.94958856,86.30469742,0.77239153,USDT
2023-10-27T07:00:00Z,SOL/USDT,stop_sell,8.72889398,86.30469742,0.75334455,USDT
2023-10-27T15:00:00Z,SOL/USDT,buy,8.66782375,88.92023131,0.77074489,USDT
2023-10-27T16:00:00Z,SOL/USDT,sell,8.50677249,88.92023131,0.75642418,USDT
2023-10-28T03:00:00Z,SOL/USDT,buy,8.63597683,89.10126126,0.76947643,USDT
2023-10-28T21:00:00Z,SOL/USDT,sell,8.51626774,89.10126126,0.75881020,USDT
2023-10-28T22:00:00Z,SOL/USDT,buy,8.63977373,88.94913256,0.76850038,USDT
2023-10-28T23:00:00Z,SOL/USDT,sell,8.47101437,88.94913256,0.75348938,USDT
2023-10-29T05:00:00Z,SOL/USDT,buy,8.97530441,85.47644104,0.76717708,USDT
2023-10-30T11:00:00Z,SOL/USDT,sell,9.33232650,85.47644104,0.79769406,USDT
2023-10-31T22:00:00Z,SOL/USDT,buy,8.70948056,88.3513545,0.76949440,USDT
2023-10-31T23:00:00Z,SOL/USDT,sell,8.59124623,88.3513545,0.75904824,USDT
2023-11-03T05:00:00Z,SOL/USDT,buy,7.23812425,106.17888315,0.76853595,USDT
2023-11-03T06:00:00Z,SOL/USDT,sell,7.28545745,106.17888315,0.77356174,USDT
2023-11-03T07:00:00Z,SOL/USDT,buy,7.18555398,106.99450394,0.76881478,USDT
2023-11-03T08:00:00Z,SOL/USDT,sell,7.05457395,106.99450394,0.75480064,USDT
2023-11-05T15:00:00Z,SOL/USDT,buy,6.79948905,112.88659139,0.76757114,USDT
2023-11-05T23:00:00Z,SOL/USDT,stop_sell,6.64141895,112.88659139,0.74972715,USDT
2023-11-07T06:00:00Z,SOL/USDT,buy,6.66310489,114.96464135,0.76602146,USDT
2023-11-07T07:00:00Z,SOL/USDT,sell,6.54440816,114.96464135,0.75237554,USDT
2023-11-08T19:00:00Z,SOL/USDT,buy,7.06655251,108.22925465,0.76480771,USDT
2023-11-08T21:00:00Z,SOL/USDT,stop_sell,6.86260637,108.22925465,0.74273477,USDT
2023-11-08T22:00:00Z,SOL/USDT,buy,7.04416132,108.30534605,0.76292033,USDT
2023-11-08T23:00:00Z,SOL/USDT,stop_sell,6.82976605,108.30534605,0.73970018,USDT
2023-11-09T00:00:00Z,SOL/USDT,buy,6.75115289,112.71282565,0.76094152,USDT
2023-11-09T01:00:00Z,SOL/USDT,sell,6.64399634,112.71282565,0.74886360,USDT
2023-11-11T10:00:00Z,SOL/USDT,buy,6.02060680,126.20886609,0.75985396,USDT
2023-11-12T00:00:00Z,SOL/USDT,sell,5.99179860,126.20886609,0.75621811,USDT
2023-11-12T07:00:00Z,SOL/USDT,buy,6.34495589,119.69217916,0.75944160,USDT
2023-11-12T09:00:00Z,SOL/USDT,sell,6.18356667,119.69217916,0.74012457,USDT
2023-11-12T16:00:00Z,SOL/USDT,buy,6.17406849,122.7351848,0.75777544,USDT
2023-11-12T18:00:00Z,SOL/USDT,sell,6.02981458,122.7351848,0.74007041,USDT
2023-11-13T17:00:00Z,SOL/USDT,buy,6.16527510,122.66094005,0.75623844,USDT
2023-11-13T18:00:00Z,SOL/USDT,stop_sell,5.98908982,122.66094005,0.73462739,USDT
2023-11-13T22:00:00Z,SOL/USDT,buy,5.88110708,128.27335921,0.75438936,USDT
2023-11-13T23:00:00Z,SOL/USDT,sell,5.85377365,128.27335921,0.75088321,USDT
2023-11-16T01:00:00Z,SOL/USDT,buy,5.53322323,136.26564771,0.75398825,USDT
2023-11-16T04:00:00Z,SOL/USDT,stop_sell,5.40116721,136.26564771,0.73599355,USDT
2023-11-16T09:00:00Z,SOL/USDT,buy,5.59983452,134.36623724,0.75242869,USDT
2023-11-17T05:00:00Z,SOL/USDT,sell,5.62205057,134.36623724,0.75541378,USDT
2023-11-19T17:00:00Z,SOL/USDT,buy,5.85377442,128.55755577,0.75254693,USDT
2023-11-20T02:00:00Z,SOL/USDT,sell,5.77026342,128.55755577,0.74181096,USDT
2023-11-21T12:00:00Z,SOL/USDT,buy,6.26516402,119.95983099,0.75156802,USDT
2023-11-22T09:00:00Z,SOL/USDT,sell,6.25516685,119.95983099,0.75036876,USDT
2023-11-24T04:00:00Z,SOL/USDT,buy,6.06057978,123.9735868,0.75135181,USDT
2023-11-24T20:00:00Z,SOL/USDT,sell,6.23744272,123.9735868,0.77327815,USDT
2023-11-24T22:00:00Z,SOL/USDT,buy,6.39492687,117.74720509,0.75298477,USDT
2023-11-25T02:00:00Z,SOL/USDT,sell,6.36221230,117.74720509,0.74913272,USDT
2023-11-26T08:00:00Z,SOL/USDT,buy,7.13229537,105.51388846,0.75255622,USDT
2023-11-26T11:00:00Z,SOL/USDT,stop_sell,6.99209481,105.51388846,0.73776311,USDT
2023-11-26T12:00:00Z,SOL/USDT,buy,6.97338495,107.7314529,0.75125289,USDT
2023-11-26T19:00:00Z,SOL/USDT,stop_sell,6.83356705,107.7314529,0.73619011,USDT
2023-11-30T23:00:00Z,SOL/USDT,buy,5.41620575,138.46006719,0.74992821,USDT
2023-12-01T00:00:00Z,SOL/USDT,stop_sell,5.26700186,138.46006719,0.72926943,USDT
2023-12-05T15:00:00Z,SOL/USDT,buy,4.57636004,163.48282964,0.74815629,USDT
2023-12-05T15:00:00Z,SOL/USDT,stop_sell,4.44538045,163.48282964,0.72674337,USDT
2023-12-05T16:00:00Z,SOL/USDT,buy,4.44277028,167.98625664,0.74632435,USDT
2023-12-06T02:00:00Z,SOL/USDT,sell,4.48724026,167.98625664,0.75379469,USDT
2023-12-06T05:00:00Z,SOL/USDT,buy,4.64351160,160.82703557,0.74680221,USDT
2023-12-06T09:00:00Z,SOL/USDT,stop_sell,4.51159425,160.82703557,0.72558633,USDT
2023-12-06T11:00:00Z,SOL/USDT,buy,4.54848010,163.78795089,0.74498624,USDT
2023-12-07T13:00:00Z,SOL/USDT,sell,4.68906230,163.78795089,0.76801191,USDT
2023-12-07T14:00:00Z,SOL/USDT,buy,4.77546154,156.36354816,0.74670811,USDT
2023-12-07T16:00:00Z,SOL/USDT,sell,4.76021770,156.36354816,0.74432453,USDT
2023-12-07T17:00:00Z,SOL/USDT,buy,4.80289325,155.40590801,0.74639799,USDT
2023-12-09T16:00:00Z,SOL/USDT,sell,5.39925602,155.40590801,0.83907628,USDT
2023-12-10T03:00:00Z,SOL/USDT,buy,5.61638979,134.19457759,0.75368906,USDT
2023-12-10T04:00:00Z,SOL/USDT,sell,5.61563778,134.19457759,0.75358814,USDT
2023-12-10T15:00:00Z,SOL/USDT,buy,5.55479401,135.65945644,0.75356034,USDT
2023-12-10T18:00:00Z,SOL/USDT,sell,5.51474725,135.65945644,0.74812761,USDT
2023-12-11T02:00:00Z,SOL/USDT,buy,5.61792956,134.03608884,0.75300531,USDT
2023-12-11T11:00:00Z,SOL/USDT,stop_sell,5.47106806,134.03608884,0.73332056,USDT
2023-12-13T17:00:00Z,SOL/USDT,buy,4.81847203,155.92303298,0.75131077,USDT
2023-12-13T20:00:00Z,SOL/USDT,sell,4.84260649,155.92303298,0.75507389,USDT
2023-12-13T23:00:00Z,SOL/USDT,buy,4.94997175,151.81731141,0.75149140,USDT
2023-12-14T01:00:00Z,SOL/USDT,sell,4.87852652,151.81731141,0.74064478,USDT
2023-12-14T17:00:00Z,SOL/USDT,buy,5.33790362,140.59898079,0.75050381,USDT
2023-12-15T18:00:00Z,SOL/USDT,sell,5.40723603,140.59898079,0.76025187,USDT
2023-12-15T19:00:00Z,SOL/USDT,buy,5.52061493,136.06511817,0.75116312,USDT
2023-12-17T20:00:00Z,SOL/USDT,sell,6.21858915,136.06511817,0.84613307,USDT
2023-12-21T08:00:00Z,SOL/USDT,buy,5.24395467,144.66880771,0.75863667,USDT
2023-12-22T08:00:00Z,SOL/USDT,sell,5.52707808,144.66880771,0.79959580,USDT
2023-12-22T15:00:00Z,SOL/USDT,buy,5.57729325,136.5878182,0.76179032,USDT
2023-12-22T16:00:00Z,SOL/USDT,sell,5.54614554,136.5878182,0.75753592,USDT
2023-12-22T17:00:00Z,SOL/USDT,buy,5.66342830,134.42885613,0.76132819,USDT
2023-12-23T17:00:00Z,SOL/USDT,sell,5.76759976,134.42885613,0.77533184,USDT
2023-12-23T18:00:00Z,SOL/USDT,buy,5.86674991,129.94009592,0.76232605,USDT
2023-12-24T06:00:00Z,SOL/USDT,sell,5.80564173,129.94009592,0.75438564,USDT
2023-12-25T10:00:00Z,SOL/USDT,buy,5.40713422,140.84523669,0.76156910,USDT
2023-12-26T14:00:00Z,SOL/USDT,sell,5.77203254,140.84523669,0.81296329,USDT
2023-12-27T12:00:00Z,SOL/USDT,buy,5.82456683,131.43581085,0.76555666,USDT
2023-12-27T15:00:00Z,SOL/USDT,sell,5.95402550,131.43581085,0.78257217,USDT
2023-12-27T16:00:00Z,SOL/USDT,buy,5.88291599,130.34261823,0.76679467,USDT
2023-12-27T19:00:00Z,SOL/USDT,stop_sell,5.72761894,130.34261823,0.74655285,USDT
2023-12-27T20:00:00Z,SOL/USDT,buy,5.72228871,133.6970969,0.76505339,USDT
2023-12-28T00:00:00Z,SOL/USDT,sell,5.59632044,133.6970969,0.74821180,USDT
2023-12-28T02:00:00Z,SOL/USDT,buy,5.60223872,136.29984444,0.76358427,USDT
2023-12-28T03:00:00Z,SOL/USDT,sell,5.48881622,136.29984444,0.74812480,USDT
2023-12-29T10:00:00Z,SOL/USDT,buy,5.42531530,140.49430318,0.76222589,USDT
2023-12-30T07:00:00Z,SOL/USDT,sell,5.44353087,140.49430318,0.76478508,USDT
2023-12-31T12:00:00Z,SOL/USDT,buy,5.57228575,136.80355641,0.76230851,USDT
2023-12-31T16:00:00Z,SOL/USDT,stop_sell,5.42161166,136.80355641,0.74169576,USDT
2023-12-31T17:00:00Z,SOL/USDT,buy,5.45902215,139.31767676,0.76053828,USDT
2024-01-01T21:00:00Z,SOL/USDT,sell,5.59679320,139.31767676,0.77973223,USDT
2024-01-01T22:00:00Z,SOL/USDT,buy,5.59974547,136.06891356,0.76195128,USDT
2024-01-01T23:00:00Z,SOL/USDT,sell,5.50990467,136.06891356,0.74972674,USDT
2024-01-03T04:00:00Z,SOL/USDT,buy,5.39730030,140.96896474,0.76085184,USDT
2024-01-03T05:00:00Z,SOL/USDT,stop_sell,5.27629821,140.96896474,0.74379430,USDT
2024-01-10T13:00:00Z,SOL/USDT,buy,3.16936189,239.59590137,0.75936612,USDT
2024-01-11T17:00:00Z,SOL/USDT,sell,3.29116659,239.59590137,0.78855003,USDT
2024-01-12T11:00:00Z,SOL/USDT,buy,3.41947488,222.71785269,0.76157810,USDT
2024-01-13T08:00:00Z,SOL/USDT,sell,3.39307661,222.71785269,0.75569874,USDT
2024-01-13T10:00:00Z,SOL/USDT,buy,3.51452638,216.52592487,0.76098607,USDT
2024-01-13T17:00:00Z,SOL/USDT,sell,3.57528746,216.52592487,0.77414242,USDT
2024-01-13T18:00:00Z,SOL/USDT,buy,3.63462340,209.62728566,0.76191624,USDT
2024-01-15T04:00:00Z,SOL/USDT,sell,3.93526238,209.62728566,0.82493837,USDT
2024-01-15T06:00:00Z,SOL/USDT,buy,3.87416411,197.93521792,0.76683352,USDT
2024-01-15T11:00:00Z,SOL/USDT,sell,3.98547027,197.93521792,0.78886493,USDT
2024-01-18T09:00:00Z,SOL/USDT,buy,3.80178194,202.13478994,0.76847239,USDT
2024-01-18T18:00:00Z,SOL/USDT,stop_sell,3.68934180,202.13478994,0.74574433,USDT
2024-01-19T14:00:00Z,SOL/USDT,buy,3.73757485,205.08807768,0.76653204,USDT
2024-01-19T15:00:00Z,SOL/USDT,sell,3.68952931,205.08807768,0.75667847,USDT
2024-01-19T16:00:00Z,SOL/USDT,buy,3.77190801,202.9798824,0.76562144,USDT
2024-01-20T09:00:00Z,SOL/USDT,sell,3.70309353,202.9798824,0.75165349,USDT
2024-01-22T17:00:00Z,SOL/USDT,buy,3.71306160,205.86300162,0.76438201,USDT
2024-01-22T21:00:00Z,SOL/USDT,sell,3.68467274,205.86300162,0.75853779,USDT
2024-01-24T09:00:00Z,SOL/USDT,buy,3.81295152,200.31525096,0.76379234,USDT
2024-01-25T03:00:00Z,SOL/USDT,sell,3.76470071,200.31525096,0.75412697,USDT
2024-01-25T10:00:00Z,SOL/USDT,buy,3.85111960,198.09751715,0.76289723,USDT
2024-01-25T11:00:00Z,SOL/USDT,sell,3.82685961,198.09751715,0.75809139,USDT
2024-01-28T06:00:00Z,SOL/USDT,buy,3.45004316,220.98008506,0.76239083,USDT
2024-01-28T08:00:00Z,SOL/USDT,sell,3.49397614,220.98008506,0.77209914,USDT
2024-01-29T11:00:00Z,SOL/USDT,buy,3.51976100,216.78888523,0.76304506,USDT
2024-01-29T12:00:00Z,SOL/USDT,sell,3.52947638,216.78888523,0.76515125,USDT
2024-01-29T13:00:00Z,SOL/USDT,buy,3.63289154,210.05067672,0.76309133,USDT
2024-01-31T00:00:00Z,SOL/USDT,sell,3.75698657,210.05067672,0.78915757,USDT
2024-01-31T02:00:00Z,SOL/USDT,buy,3.76400906,203.25493729,0.76505343,USDT
2024-01-31T03:00:00Z,SOL/USDT,sell,3.73128143,203.25493729,0.75840137,USDT
2024-02-01T07:00:00Z,SOL/USDT,buy,3.63610014,210.22497427,0.76439906,USDT
2024-02-01T08:00:00Z,SOL/USDT,sell,3.55624799,210.22497427,0.74761214,USDT
2024-02-03T22:00:00Z,SOL/USDT,buy,3.67819918,207.42063578,0.76293441,USDT
2024-02-03T23:00:00Z,SOL/USDT,sell,3.59709655,207.42063578,0.74611205,USDT
2024-02-04T05:00:00Z,SOL/USDT,buy,3.70700358,205.41311907,0.76146717,USDT
2024-02-05T09:00:00Z,SOL/USDT,sell,3.99723938,205.41311907,0.82108541,USDT
2024-02-06T01:00:00Z,SOL/USDT,buy,4.01620010,190.75552137,0.76611234,USDT
2024-02-06T03:00:00Z,SOL/USDT,stop_sell,3.93119074,190.75552137,0.74989634,USDT
2024-02-06T05:00:00Z,SOL/USDT,buy,4.00245123,191.05618779,0.76469307,USDT
2024-02-06T09:00:00Z,SOL/USDT,stop_sell,3.90111925,191.05618779,0.74533297,USDT
2024-02-08T05:00:00Z,SOL/USDT,buy,4.12966980,184.76601383,0.76302263,USDT
2024-02-08T10:00:00Z,SOL/USDT,sell,4.03900649,184.76601383,0.74627113,USDT
2024-02-08T16:00:00Z,SOL/USDT,buy,4.09888642,185.79705712,0.76156103,USDT
2024-02-08T16:00:00Z,SOL/USDT,stop_sell,4.02036381,185.79705712,0.74697176,USDT
2024-02-08T17:00:00Z,SOL/USDT,buy,4.02230215,189.01428546,0.76027257,USDT
2024-02-08T19:00:00Z,SOL/USDT,sell,3.96669966,189.01428546,0.74976290,USDT
2024-02-11T00:00:00Z,SOL/USDT,buy,4.26964876,177.83910394,0.75931051,USDT
2024-02-11T05:00:00Z,SOL/USDT,stop_sell,4.18112135,177.83910394,0.74356687,USDT
2024-02-11T06:00:00Z,SOL/USDT,buy,4.20942066,180.05567982,0.75793010,USDT
2024-02-11T07:00:00Z,SOL/USDT,stop_sell,4.10563348,180.05567982,0.73924263,USDT
2024-02-11T08:00:00Z,SOL/USDT,buy,4.11781988,183.66867451,0.75631452,USDT
2024-02-11T17:00:00Z,SOL/USDT,sell,4.17952119,183.66867451,0.76764712,USDT
2024-02-12T01:00:00Z,SOL/USDT,buy,4.25284336,178.02198171,0.75709960,USDT
2024-02-12T07:00:00Z,SOL/USDT,sell,4.36307537,178.02198171,0.77672332,USDT
2024-02-12T10:00:00Z,SOL/USDT,buy,4.30810898,176.07435698,0.75854752,USDT
2024-02-13T00:00:00Z,SOL/USDT,sell,4.41250664,176.07435698,0.77692927,USDT
2024-02-13T01:00:00Z,SOL/USDT,buy,4.51073924,168.46371582,0.75989589,USDT
2024-02-14T10:00:00Z,SOL/USDT,sell,4.95646953,168.46371582,0.83498527,USDT
2024-02-14T14:00:00Z,SOL/USDT,buy,5.06249698,151.26495801,0.76577839,USDT
2024-02-14T14:00:00Z,SOL/USDT,stop_sell,4.92734516,151.26495801,0.74533466,USDT
2024-02-15T02:00:00Z,SOL/USDT,buy,5.03368759,151.78159442,0.76402113,USDT
2024-02-15T20:00:00Z,SOL/USDT,stop_sell,4.85873785,151.78159442,0.73746698,USDT
2024-02-16T08:00:00Z,SOL/USDT,buy,5.23710324,145.45742541,0.76177555,USDT
2024-02-17T01:00:00Z,SOL/USDT,sell,5.25088424,145.45742541,0.76378010,USDT
2024-02-17T23:00:00Z,SOL/USDT,buy,5.38144038,141.56319494,0.76181389,USDT
2024-02-18T23:00:00Z,SOL/USDT,sell,5.59788166,141.56319494,0.79245401,USDT
2024-02-19T14:00:00Z,SOL/USDT,buy,5.68593655,134.39156735,0.76414192,USDT
2024-02-19T20:00:00Z,SOL/USDT,stop_sell,5.51323732,134.39156735,0.74093260,USDT
2024-02-21T02:00:00Z,SOL/USDT,buy,5.73001358,133.01256172,0.76216378,USDT
2024-02-21T19:00:00Z,SOL/USDT,sell,5.76913899,133.01256172,0.76736796,USDT
2024-02-21T20:00:00Z,SOL/USDT,buy,5.75296605,132.5330093,0.76245790,USDT
2024-02-21T21:00:00Z,SOL/USDT,sell,5.67629943,132.5330093,0.75229705,USDT
2024-02-23T14:00:00Z,SOL/USDT,buy,5.50761543,138.26734925,0.76152339,USDT
2024-02-24T20:00:00Z,SOL/USDT,sell,5.71845034,138.26734925,0.79067497,USDT
2024-02-25T03:00:00Z,SOL/USDT,buy,5.82739324,131.05901897,0.76373244,USDT
2024-02-25T11:00:00Z,SOL/USDT,sell,5.91500602,131.05901897,0.77521489,USDT
2024-02-26T11:00:00Z,SOL/USDT,buy,6.03680890,126.64444609,0.76452832,USDT
2024-02-26T17:00:00Z,SOL/USDT,sell,5.94117593,126.64444609,0.75241693,USDT
2024-02-26T19:00:00Z,SOL/USDT,buy,5.99745223,127.29363708,0.76343751,USDT
2024-02-26T19:00:00Z,SOL/USDT,stop_sell,5.84633412,127.29363708,0.74420113,USDT
2024-02-27T12:00:00Z,SOL/USDT,buy,5.97357329,127.52453498,0.76177716,USDT
2024-02-29T00:00:00Z,SOL/USDT,sell,6.25284801,127.52453498,0.79739153,USDT
2024-02-29T01:00:00Z,SOL/USDT,buy,6.22730410,122.76627634,0.76450294,USDT
2024-02-29T03:00:00Z,SOL/USDT,sell,6.18254218,122.76627634,0.75900768,USDT
2024-03-01T19:00:00Z,SOL/USDT,buy,6.37572627,119.82025596,0.76394115,USDT
2024-03-02T15:00:00Z,SOL/USDT,sell,6.38977252,119.82025596,0.76562418,USDT
2024-03-02T16:00:00Z,SOL/USDT,buy,6.54786730,116.67210128,0.76395344,USDT
2024-03-02T17:00:00Z,SOL/USDT,sell,6.58880295,116.67210128,0.76872949,USDT
2024-03-03T09:00:00Z,SOL/USDT,buy,6.91583719,110.50188349,0.76421304,USDT
2024-03-03T14:00:00Z,SOL/USDT,stop_sell,6.75128681,110.50188349,0.74602991,USDT
2024-03-04T23:00:00Z,SOL/USDT,buy,6.59084578,115.71151929,0.76263678,USDT
2024-03-05T00:00:00Z,SOL/USDT,sell,6.58228521,115.71151929,0.76164622,USDT
2024-03-06T06:00:00Z,SOL/USDT,buy,6.49402439,117.40570171,0.76243549,USDT
2024-03-06T17:00:00Z,SOL/USDT,stop_sell,6.33549371,117.40570171,0.74382308,USDT
2024-03-10T06:00:00Z,SOL/USDT,buy,4.61816593,164.74617937,0.76082519,USDT
2024-03-10T14:00:00Z,SOL/USDT,sell,4.64420674,164.74617937,0.76511532,USDT
2024-03-10T21:00:00Z,SOL/USDT,buy,4.51800788,168.44734644,0.76104644,USDT
2024-03-11T00:00:00Z,SOL/USDT,sell,4.54254659,168.44734644,0.76517992,USDT
2024-03-12T06:00:00Z,SOL/USDT,buy,4.54435604,167.51661077,0.76125512,USDT
2024-03-13T09:00:00Z,SOL/USDT,sell,4.90698128,167.51661077,0.82200087,USDT
2024-03-13T10:00:00Z,SOL/USDT,buy,4.94986169,154.74987704,0.76599049,USDT
2024-03-13T13:00:00Z,SOL/USDT,sell,5.03322213,154.74987704,0.77889051,USDT
2024-03-14T09:00:00Z,SOL/USDT,buy,5.01688419,152.86367491,0.76689935,USDT
2024-03-14T10:00:00Z,SOL/USDT,sell,5.02004972,152.86367491,0.76738325,USDT
2024-03-14T12:00:00Z,SOL/USDT,buy,5.05995071,151.54599805,0.76681528,USDT
2024-03-14T15:00:00Z,SOL/USDT,sell,5.04290029,151.54599805,0.76423136,USDT
2024-03-18T07:00:00Z,SOL/USDT,buy,4.66368468,164.35200309,0.76648592,USDT
2024-03-18T11:00:00Z,SOL/USDT,sell,4.66274346,164.35200309,0.76633123,USDT
2024-03-18T17:00:00Z,SOL/USDT,buy,4.66652410,164.22305649,0.76635085,USDT
2024-03-19T03:00:00Z,SOL/USDT,sell,4.82422268,164.22305649,0.79224859,USDT
2024-03-19T05:00:00Z,SOL/USDT,buy,4.82675817,159.17494263,0.76829895,USDT
2024-03-19T11:00:00Z,SOL/USDT,stop_sell,4.71341918,159.17494263,0.75025823,USDT
2024-03-19T12:00:00Z,SOL/USDT,buy,4.68669618,163.59785256,0.76673343,USDT
2024-03-19T13:00:00Z,SOL/USDT,sell,4.67300033,163.59785256,0.76449282,USDT
2024-03-20T10:00:00Z,SOL/USDT,buy,4.88390573,156.93004211,0.76643153,USDT
2024-03-20T18:00:00Z,SOL/USDT,sell,4.80496032,156.93004211,0.75404263,USDT
2024-03-24T16:00:00Z,SOL/USDT,buy,5.06489718,151.10242079,0.76531822,USDT
2024-03-24T18:00:00Z,SOL/USDT,sell,5.07780883,151.10242079,0.76726921,USDT
2024-03-24T20:00:00Z,SOL/USDT,buy,5.05283816,151.46966714,0.76535171,USDT
2024-03-24T23:00:00Z,SOL/USDT,stop_sell,4.94863869,151.46966714,0.74956866,USDT
2024-03-27T06:00:00Z,SOL/USDT,buy,4.57071822,167.14379385,0.76396718,USDT
2024-03-27T10:00:00Z,SOL/USDT,stop_sell,4.43114886,167.14379385,0.74063903,USDT
2024-03-27T11:00:00Z,SOL/USDT,buy,4.64867918,163.91313322,0.76197957,USDT
2024-03-29T10:00:00Z,SOL/USDT,sell,5.19297521,163.91313322,0.85119684,USDT
2024-03-29T19:00:00Z,SOL/USDT,buy,5.24304921,146.66873596,0.76899140,USDT
2024-03-30T03:00:00Z,SOL/USDT,stop_sell,5.10451208,146.66873596,0.74867233,USDT
2024-03-31T17:00:00Z,SOL/USDT,buy,5.11676911,149.94688507,0.76724359,USDT
2024-04-01T15:00:00Z,SOL/USDT,sell,5.18577482,149.94688507,0.77759078,USDT
2024-04-01T17:00:00Z,SOL/USDT,buy,5.28804970,145.22331914,0.76794813,USDT
2024-04-01T18:00:00Z,SOL/USDT,sell,5.27369184,145.22331914,0.76586303,USDT
2024-04-03T02:00:00Z,SOL/USDT,buy,5.09698222,150.61038858,0.76765847,USDT
2024-04-03T05:00:00Z,SOL/USDT,stop_sell,4.96762790,150.61038858,0.74817637,USDT
2024-04-06T14:00:00Z,SOL/USDT,buy,4.23409499,180.90708858,0.76597780,USDT
2024-04-06T15:00:00Z,SOL/USDT,sell,4.14569911,180.90708858,0.74998636,USDT
2024-04-06T16:00:00Z,SOL/USDT,buy,4.31775480,177.07733307,0.76457650,USDT
2024-04-06T22:00:00Z,SOL/USDT,sell,4.18862964,177.07733307,0.74171137,USDT
2024-04-07T15:00:00Z,SOL/USDT,buy,4.40092836,173.28748673,0.76262581,USDT
2024-04-07T22:00:00Z,SOL/USDT,stop_sell,4.29112112,173.28748673,0.74359759,USDT
2024-04-07T23:00:00Z,SOL/USDT,buy,4.28266126,177.6891032,0.76098224,USDT
2024-04-07T23:00:00Z,SOL/USDT,stop_sell,4.15490497,177.6891032,0.73828134,USDT
2024-04-08T00:00:00Z,SOL/USDT,buy,4.13607100,183.51843021,0.75904526,USDT
2024-04-08T02:00:00Z,SOL/USDT,sell,4.03432983,183.51843021,0.74037388,USDT
2024-04-08T19:00:00Z,SOL/USDT,buy,4.19610801,180.50793397,0.75743079,USDT
2024-04-09T02:00:00Z,SOL/USDT,sell,4.15398297,180.50793397,0.74982688,USDT
2024-04-10T07:00:00Z,SOL/USDT,buy,4.18717354,180.71893178,0.75670153,USDT
2024-04-10T09:00:00Z,SOL/USDT,stop_sell,4.06180001,180.71893178,0.73404416,USDT
2024-04-12T15:00:00Z,SOL/USDT,buy,4.48716746,168.20604992,0.75476871,USDT
2024-04-14T06:00:00Z,SOL/USDT,sell,5.00835157,168.20604992,0.84243503,USDT
2024-04-14T07:00:00Z,SOL/USDT,buy,4.99938244,152.3503543,0.76165769,USDT
2024-04-14T08:00:00Z,SOL/USDT,sell,4.97239056,152.3503543,0.75754546,USDT
2024-04-14T12:00:00Z,SOL/USDT,buy,5.02671410,151.43231377,0.76120695,USDT
2024-04-14T13:00:00Z,SOL/USDT,sell,4.94327613,151.43231377,0.74857174,USDT
2024-04-17T12:00:00Z,SOL/USDT,buy,5.38864498,141.05118929,0.76007478,USDT
2024-04-18T13:00:00Z,SOL/USDT,sell,5.76051530,141.05118929,0.81252753,USDT
2024-04-19T05:00:00Z,SOL/USDT,buy,6.47942810,117.93436371,0.76414723,USDT
2024-04-19T20:00:00Z,SOL/USDT,stop_sell,6.30059695,117.93436371,0.74305689,USDT
2024-04-21T02:00:00Z,SOL/USDT,buy,6.68413940,114.0518587,0.76233852,USDT
2024-04-21T19:00:00Z,SOL/USDT,sell,6.83898880,114.0518587,0.77999938,USDT
2024-04-21T20:00:00Z,SOL/USDT,buy,6.82407533,111.90214231,0.76362865,USDT
2024-04-21T23:00:00Z,SOL/USDT,sell,6.79498781,111.90214231,0.76037369,USDT
2024-04-22T05:00:00Z,SOL/USDT,buy,6.70632549,113.8098863,0.76324614,USDT
2024-04-22T06:00:00Z,SOL/USDT,sell,6.69994135,113.8098863,0.76251956,USDT
2024-04-22T07:00:00Z,SOL/USDT,buy,6.86776717,111.10828963,0.76306586,USDT
2024-04-22T08:00:00Z,SOL/USDT,stop_sell,6.72008952,111.10828963,0.74665765,USDT
2024-04-22T15:00:00Z,SOL/USDT,buy,6.83374116,111.45164763,0.76163171,USDT
2024-04-22T21:00:00Z,SOL/USDT,sell,6.73649807,111.45164763,0.75079381,USDT
2024-04-22T22:00:00Z,SOL/USDT,buy,6.85189223,111.0121359,0.76064319,USDT
2024-04-22T23:00:00Z,SOL/USDT,sell,6.81532663,111.0121359,0.75658397,USDT
2024-04-23T02:00:00Z,SOL/USDT,buy,7.11349897,106.86679728,0.76019685,USDT
2024-04-24T05:00:00Z,SOL/USDT,sell,7.33020706,106.86679728,0.78335575,USDT
2024-04-24T07:00:00Z,SOL/USDT,buy,7.43981205,102.4121228,0.76192695,USDT
2024-04-24T13:00:00Z,SOL/USDT,sell,7.51444190,102.4121228,0.76956995,USDT
2024-04-25T00:00:00Z,SOL/USDT,buy,7.45939183,102.20888337,0.76241611,USDT
2024-04-25T02:00:00Z,SOL/USDT,sell,7.43237395,102.20888337,0.75965464,USDT
2024-04-25T21:00:00Z,SOL/USDT,buy,7.63354787,99.83211852,0.76207326,USDT
2024-04-25T23:00:00Z,SOL/USDT,sell,7.55275673,99.83211852,0.75400771,USDT
2024-04-26T01:00:00Z,SOL/USDT,buy,7.49094160,101.6302599,0.76130634,USDT
2024-04-26T05:00:00Z,SOL/USDT,sell,7.40569930,101.6302599,0.75264314,USDT
2024-04-26T06:00:00Z,SOL/USDT,buy,7.53720072,100.89843581,0.76049176,USDT
2024-04-26T10:00:00Z,SOL/USDT,sell,7.62612403,100.89843581,0.76946399,USDT
2024-04-26T15:00:00Z,SOL/USDT,buy,7.80466438,97.51699811,0.76108744,USDT
2024-04-27T10:00:00Z,SOL/USDT,stop_sell,7.59167594,97.51699811,0.74031745,USDT
2024-05-02T21:00:00Z,SOL/USDT,buy,7.05565907,107.61642987,0.75930484,USDT
2024-05-03T17:00:00Z,SOL/USDT,stop_sell,6.88957667,107.61642987,0.74143164,USDT
2024-05-03T20:00:00Z,SOL/USDT,buy,7.12727986,106.31744012,0.75775415,USDT
2024-05-03T20:00:00Z,SOL/USDT,stop_sell,6.88710159,106.31744012,0.73221901,USDT
2024-05-05T22:00:00Z,SOL/USDT,buy,8.23497143,91.75393822,0.75559106,USDT
2024-05-06T03:00:00Z,SOL/USDT,stop_sell,8.00891486,91.75393822,0.73484948,USDT
2024-05-06T04:00:00Z,SOL/USDT,buy,8.01308854,94.07254204,0.75381161,USDT
2024-05-06T07:00:00Z,SOL/USDT,stop_sell,7.77355457,94.07254204,0.73127804,USDT
2024-05-07T22:00:00Z,SOL/USDT,buy,7.47769998,100.55085883,0.75188916,USDT
2024-05-08T04:00:00Z,SOL/USDT,sell,7.47812607,100.55085883,0.75193200,USDT
2024-05-08T05:00:00Z,SOL/USDT,buy,7.54644033,99.61944775,0.75177222,USDT
2024-05-08T07:00:00Z,SOL/USDT,sell,7.60615002,99.61944775,0.75772046,USDT
2024-05-08T11:00:00Z,SOL/USDT,buy,7.75299756,97.01118702,0.75212750,USDT
2024-05-10T13:00:00Z,SOL/USDT,sell,9.16470236,97.01118702,0.88907865,USDT
2024-05-12T04:00:00Z,SOL/USDT,buy,8.78535948,86.8442215,0.76295770,USDT
2024-05-12T13:00:00Z,SOL/USDT,sell,8.96444653,86.8442215,0.77851038,USDT
2024-05-12T14:00:00Z,SOL/USDT,buy,8.85823690,86.25634765,0.76407916,USDT
2024-05-13T17:00:00Z,SOL/USDT,sell,9.28417859,86.25634765,0.80081934,USDT
2024-05-13T18:00:00Z,SOL/USDT,buy,9.47748738,80.91750068,0.76689459,USDT
2024-05-13T19:00:00Z,SOL/USDT,sell,9.42294017,80.91750068,0.76248077,USDT
2024-05-13T22:00:00Z,SOL/USDT,buy,9.53329326,80.39392854,0.76641890,USDT
2024-05-13T23:00:00Z,SOL/USDT,sell,9.55683419,80.39392854,0.76831144,USDT
2024-05-14T14:00:00Z,SOL/USDT,buy,9.83108909,77.96161039,0.76644754,USDT
2024-05-14T17:00:00Z,SOL/USDT,stop_sell,9.58068619,77.96161039,0.74692572,USDT
2024-05-16T03:00:00Z,SOL/USDT,buy,9.49518422,80.54228998,0.76476388,USDT
2024-05-16T08:00:00Z,SOL/USDT,sell,9.40446841,80.54228998,0.75745742,USDT
2024-05-16T10:00:00Z,SOL/USDT,buy,9.22248794,82.84719246,0.76405723,USDT
2024-05-16T23:00:00Z,SOL/USDT,sell,9.46412557,82.84719246,0.78407623,USDT
2024-05-17T02:00:00Z,SOL/USDT,buy,9.59231476,79.80718528,0.76553564,USDT
2024-05-17T18:00:00Z,SOL/USDT,sell,9.41288420,79.80718528,0.75121579,USDT
2024-05-17T20:00:00Z,SOL/USDT,buy,9.68070293,78.94758111,0.76426808,USDT
2024-05-17T23:00:00Z,SOL/USDT,sell,9.88835935,78.94758111,0.78066205,USDT
2024-05-18T14:00:00Z,SOL/USDT,buy,9.73392153,78.63804891,0.76545660,USDT
2024-05-18T15:00:00Z,SOL/USDT,stop_sell,9.47561211,78.63804891,0.74514365,USDT
2024-05-19T14:00:00Z,SOL/USDT,buy,9.72576545,78.52439421,0.76370984,USDT
2024-05-19T19:00:00Z,SOL/USDT,stop_sell,9.51244747,78.52439421,0.74695918,USDT
2024-05-21T08:00:00Z,SOL/USDT,buy,8.84948953,86.13470871,0.76224820,USDT
2024-05-21T19:00:00Z,SOL/USDT,stop_sell,8.56636429,86.13470871,0.73786129,USDT
2024-05-21T20:00:00Z,SOL/USDT,buy,8.67624596,87.61579721,0.76017621,USDT
2024-05-21T23:00:00Z,SOL/USDT,stop_sell,8.44657581,87.61579721,0.74005347,USDT
2024-05-22T16:00:00Z,SOL/USDT,buy,8.76754158,86.50606299,0.75844550,USDT
2024-05-23T06:00:00Z,SOL/USDT,stop_sell,8.57212211,86.50606299,0.74154054,USDT
2024-05-23T09:00:00Z,SOL/USDT,buy,8.52234104,88.82211683,0.75697237,USDT
2024-05-23T10:00:00Z,SOL/USDT,sell,8.53140416,88.82211683,0.75777738,USDT
2024-05-24T05:00:00Z,SOL/USDT,buy,8.67726346,87.22975473,0.75691556,USDT
2024-05-28T01:00:00Z,SOL/USDT,sell,11.01334457,87.22975473,0.96069135,USDT
2024-05-29T00:00:00Z,SOL/USDT,buy,10.88849453,71.00047653,0.77308830,USDT
2024-05-29T02:00:00Z,SOL/USDT,sell,10.69657104,71.00047653,0.75946164,USDT
2024-05-31T04:00:00Z,SOL/USDT,buy,9.83011860,78.52142869,0.77187496,USDT
2024-05-31T05:00:00Z,SOL/USDT,sell,9.85558374,78.52142869,0.77387452,USDT
2024-06-02T23:00:00Z,SOL/USDT,buy,9.63325322,80.12986499,0.77191128,USDT
2024-06-03T01:00:00Z,SOL/USDT,stop_sell,9.40806840,80.12986499,0.75386725,USDT
2024-06-03T05:00:00Z,SOL/USDT,buy,9.57884903,80.42144833,0.77034491,USDT
2024-06-03T05:00:00Z,SOL/USDT,stop_sell,9.38520262,80.42144833,0.75477159,USDT
2024-06-05T10:00:00Z,SOL/USDT,buy,9.35504619,82.19909747,0.76897635,USDT
2024-06-05T11:00:00Z,SOL/USDT,sell,9.22213962,82.19909747,0.75805155,USDT
2024-06-05T12:00:00Z,SOL/USDT,buy,9.40112721,81.69017304,0.76797971,USDT
2024-06-05T17:00:00Z,SOL/USDT,stop_sell,9.11895306,81.69017304,0.74492885,USDT
2024-06-05T18:00:00Z,SOL/USDT,buy,9.12268306,83.96801906,0.76601363,USDT
2024-06-05T21:00:00Z,SOL/USDT,sell,9.13639252,83.96801906,0.76716478,USDT
2024-06-05T23:00:00Z,SOL/USDT,buy,9.20148544,83.24558604,0.76598305,USDT
2024-06-06T02:00:00Z,SOL/USDT,sell,9.21594972,83.24558604,0.76718714,USDT
2024-06-06T03:00:00Z,SOL/USDT,buy,9.43533531,81.17959598,0.76595671,USDT
2024-06-06T05:00:00Z,SOL/USDT,stop_sell,9.18226382,81.17959598,0.74541247,USDT
2024-06-06T13:00:00Z,SOL/USDT,buy,9.34116725,81.80898136,0.76419138,USDT
2024-06-06T22:00:00Z,SOL/USDT,sell,9.17725208,81.80898136,0.75078164,USDT
2024-06-07T04:00:00Z,SOL/USDT,buy,9.51930527,80.15257226,0.76299680,USDT
2024-06-07T04:00:00Z,SOL/USDT,stop_sell,9.28476872,80.15257226,0.74419810,USDT
2024-06-07T08:00:00Z,SOL/USDT,buy,9.34200767,81.4997746,0.76137152,USDT
2024-06-07T09:00:00Z,SOL/USDT,sell,9.34470131,81.4997746,0.76159105,USDT
2024-06-08T15:00:00Z,SOL/USDT,buy,9.07829088,83.85578333,0.76126719,USDT
2024-06-08T16:00:00Z,SOL/USDT,sell,8.93429362,83.85578333,0.74919219,USDT
2024-06-09T02:00:00Z,SOL/USDT,buy,8.96113333,84.83076689,0.76017981,USDT
2024-06-09T03:00:00Z,SOL/USDT,sell,8.84774192,84.83076689,0.75056073,USDT
2024-06-10T10:00:00Z,SOL/USDT,buy,8.70789177,87.19550054,0.75928898,USDT
2024-06-10T12:00:00Z,SOL/USDT,sell,8.58295338,87.19550054,0.74839492,USDT
2024-06-11T19:00:00Z,SOL/USDT,buy,8.07272034,93.93318649,0.75829635,USDT
2024-06-12T06:00:00Z,SOL/USDT,stop_sell,7.84320548,93.93318649,0.73673728,USDT
2024-06-12T07:00:00Z,SOL/USDT,buy,7.86570689,96.17077097,0.75645110,USDT
2024-06-12T09:00:00Z,SOL/USDT,sell,7.78059576,96.17077097,0.74826589,USDT
2024-06-15T09:00:00Z,SOL/USDT,buy,7.59458540,99.50187866,0.75567551,USDT
2024-06-15T11:00:00Z,SOL/USDT,sell,7.71974320,99.50187866,0.76812895,USDT
2024-06-15T14:00:00Z,SOL/USDT,buy,7.75945479,97.50044852,0.75655032,USDT
2024-06-16T11:00:00Z,SOL/USDT,sell,7.87782012,97.50044852,0.76809100,USDT
2024-06-17T14:00:00Z,SOL/USDT,buy,7.79974292,97.09961121,0.75735201,USDT
2024-06-17T15:00:00Z,SOL/USDT,stop_sell,7.58021432,97.09961121,0.73603586,USDT
2024-06-19T10:00:00Z,SOL/USDT,buy,7.18361401,105.17356992,0.75552633,USDT
2024-06-19T12:00:00Z,SOL/USDT,sell,7.23343547,105.17356992,0.76076623,USDT
2024-06-19T13:00:00Z,SOL/USDT,buy,7.31149192,103.37484833,0.75582437,USDT
2024-06-19T15:00:00Z,SOL/USDT,stop_sell,7.07432293,103.37484833,0.73130706,USDT
2024-06-20T11:00:00Z,SOL/USDT,buy,7.29196216,103.36627596,0.75374297,USDT
2024-06-20T17:00:00Z,SOL/USDT,sell,7.10671586,103.36627596,0.73459475,USDT
2024-06-21T19:00:00Z,SOL/USDT,buy,7.28915175,103.17952597,0.75209122,USDT
2024-06-21T20:00:00Z,SOL/USDT,stop_sell,7.08473757,103.17952597,0.73099986,USDT
2024-06-21T22:00:00Z,SOL/USDT,buy,7.21993316,103.91846392,0.75028436,USDT
2024-06-21T23:00:00Z,SOL/USDT,stop_sell,7.01091008,103.91846392,0.72856301,USDT
2024-06-24T01:00:00Z,SOL/USDT,buy,6.17556224,121.19178636,0.74842742,USDT
2024-06-25T02:00:00Z,SOL/USDT,sell,6.31662211,121.19178636,0.76552272,USDT
2024-06-25T04:00:00Z,SOL/USDT,buy,6.31984734,118.62225614,0.74967455,USDT
2024-06-25T08:00:00Z,SOL/USDT,sell,6.42449614,118.62225614,0.76208823,USDT
2024-06-27T04:00:00Z,SOL/USDT,buy,7.64897458,98.12388997,0.75054714,USDT
2024-06-29T06:00:00Z,SOL/USDT,sell,8.13658167,98.12388997,0.79839304,USDT
2024-07-01T07:00:00Z,SOL/USDT,buy,8.54742658,88.24325566,0.75425275,USDT
2024-07-01T23:00:00Z,SOL/USDT,sell,8.61356007,88.24325566,0.76008858,USDT
2024-07-02T00:00:00Z,SOL/USDT,buy,8.79039100,85.84358092,0.75459864,USDT
2024-07-02T04:00:00Z,SOL/USDT,sell,8.63393687,85.84358092,0.74116806,USDT
2024-07-02T05:00:00Z,SOL/USDT,buy,8.57422697,87.86843858,0.75340394,USDT
2024-07-02T06:00:00Z,SOL/USDT,sell,8.46733322,87.86843858,0.74401135,USDT
2024-07-02T07:00:00Z,SOL/USDT,buy,8.79950455,85.51984895,0.75253230,USDT
2024-07-02T09:00:00Z,SOL/USDT,sell,8.55481145,85.51984895,0.73160618,USDT
2024-07-03T14:00:00Z,SOL/USDT,buy,8.26149568,90.87199366,0.75073858,USDT
2024-07-04T21:00:00Z,SOL/USDT,sell,8.61893937,90.87199366,0.78322020,USDT
2024-07-04T23:00:00Z,SOL/USDT,buy,8.79990375,85.59362186,0.75321563,USDT
2024-07-05T00:00:00Z,SOL/USDT,sell,8.70385090,85.59362186,0.74499412,USDT
2024-07-06T12:00:00Z,SOL/USDT,buy,8.27292139,90.9518696,0.75243767,USDT
2024-07-06T16:00:00Z,SOL/USDT,sell,8.13897448,90.9518696,0.74025495,USDT
2024-07-06T19:00:00Z,SOL/USDT,buy,8.35999291,89.87365132,0.75134309,USDT
2024-07-06T21:00:00Z,SOL/USDT,stop_sell,8.11671382,89.87365132,0.72947871,USDT
2024-07-07T23:00:00Z,SOL/USDT,buy,7.98195698,93.89608828,0.74947454,USDT
2024-07-07T23:00:00Z,SOL/USDT,stop_sell,7.77927923,93.89608828,0.73044389,USDT
2024-07-08T01:00:00Z,SOL/USDT,buy,7.89377191,94.73707628,0.74783287,USDT
2024-07-08T02:00:00Z,SOL/USDT,sell,7.84128140,94.73707628,0.74286007,USDT
2024-07-08T05:00:00Z,SOL/USDT,buy,7.92310857,94.3210013,0.74731553,USDT
2024-07-08T09:00:00Z,SOL/USDT,stop_sell,7.68211902,94.3210013,0.72458516,USDT
2024-07-08T11:00:00Z,SOL/USDT,buy,7.63105262,97.6770075,0.74537838,USDT
2024-07-08T18:00:00Z,SOL/USDT,sell,7.78506552,97.6770075,0.76042190,USDT
2024-07-12T13:00:00Z,SOL/USDT,buy,5.44769248,137.0235095,0.74646194,USDT
2024-07-12T20:00:00Z,SOL/USDT,stop_sell,5.28529028,137.0235095,0.72420902,USDT
2024-07-12T21:00:00Z,SOL/USDT,buy,5.31280908,140.14490187,0.74456311,USDT
2024-07-13T01:00:00Z,SOL/USDT,sell,5.26291123,140.14490187,0.73757018,USDT
2024-07-13T10:00:00Z,SOL/USDT,buy,5.62483001,132.25017672,0.74388476,USDT
2024-07-13T11:00:00Z,SOL/USDT,sell,5.51803560,132.25017672,0.72976118,USDT
2024-07-13T12:00:00Z,SOL/USDT,buy,5.55040081,133.79869054,0.74263636,USDT
2024-07-14T04:00:00Z,SOL/USDT,sell,5.43455037,133.79869054,0.72713572,USDT
2024-07-14T19:00:00Z,SOL/USDT,buy,5.62908814,131.6870568,0.74127805,USDT
2024-07-14T22:00:00Z,SOL/USDT,sell,5.55712905,131.6870568,0.73180197,USDT
2024-07-14T23:00:00Z,SOL/USDT,buy,5.55478500,133.29078945,0.74040168,USDT
2024-07-15T10:00:00Z,SOL/USDT,sell,5.60044238,133.29078945,0.74648739,USDT
2024-07-17T01:00:00Z,SOL/USDT,buy,5.40636283,137.01813792,0.74076977,USDT
2024-07-17T05:00:00Z,SOL/USDT,stop_sell,5.26053481,137.01813792,0.72078868,USDT
2024-07-17T06:00:00Z,SOL/USDT,buy,5.27541139,140.09400302,0.73905350,USDT
2024-07-18T17:00:00Z,SOL/USDT,sell,6.01128485,140.09400302,0.84214496,USDT
2024-07-20T03:00:00Z,SOL/USDT,buy,5.83642676,128.01983327,0.74717838,USDT
2024-07-20T03:00:00Z,SOL/USDT,stop_sell,5.68414276,128.01983327,0.72768301,USDT
2024-07-21T03:00:00Z,SOL/USDT,buy,5.75972042,129.43335233,0.74549992,USDT
2024-07-21T13:00:00Z,SOL/USDT,sell,5.72472421,129.43335233,0.74097025,USDT
2024-07-21T21:00:00Z,SOL/USDT,buy,5.89454480,126.39116599,0.74501839,USDT
2024-07-23T00:00:00Z,SOL/USDT,sell,6.06210643,126.39116599,0.76619670,USDT
2024-07-23T02:00:00Z,SOL/USDT,buy,6.13291993,121.73525063,0.74659254,USDT
2024-07-23T04:00:00Z,SOL/USDT,sell,6.08274111,121.73525063,0.74048401,USDT
2024-07-23T13:00:00Z,SOL/USDT,buy,6.43703091,115.8895464,0.74598459,USDT
2024-07-23T19:00:00Z,SOL/USDT,stop_sell,6.26629354,115.8895464,0.72619792,USDT
2024-07-23T20:00:00Z,SOL/USDT,buy,6.26188638,118.85923633,0.74428303,USDT
2024-07-24T09:00:00Z,SOL/USDT,sell,6.41310584,118.85923633,0.76225686,USDT
2024-07-25T17:00:00Z,SOL/USDT,buy,6.13408751,121.55044633,0.74560107,USDT
2024-07-25T22:00:00Z,SOL/USDT,sell,6.11523985,121.55044633,0.74331013,USDT
2024-07-25T23:00:00Z,SOL/USDT,buy,6.07706101,122.64127905,0.74529854,USDT
2024-07-26T02:00:00Z,SOL/USDT,sell,5.98009646,122.64127905,0.73340668,USDT
2024-07-26T03:00:00Z,SOL/USDT,buy,5.95275989,125.02240458,0.74422836,USDT
2024-07-27T21:00:00Z,SOL/USDT,sell,6.46644916,125.02240458,0.80845102,USDT
2024-07-27T23:00:00Z,SOL/USDT,buy,6.59724397,113.56931235,0.74924446,USDT
2024-07-28T16:00:00Z,SOL/USDT,sell,6.53271001,113.56931235,0.74191538,USDT
2024-07-30T08:00:00Z,SOL/USDT,buy,6.40856568,116.80281157,0.74853849,USDT
2024-07-30T10:00:00Z,SOL/USDT,stop_sell,6.25382195,116.80281157,0.73046399,USDT
2024-07-30T15:00:00Z,SOL/USDT,buy,6.15178536,121.4238443,0.74697343,USDT
2024-07-30T16:00:00Z,SOL/USDT,sell,6.09913890,121.4238443,0.74058089,USDT
2024-07-31T17:00:00Z,SOL/USDT,buy,6.63678073,112.45553151,0.74634270,USDT
2024-08-01T04:00:00Z,SOL/USDT,sell,6.58819126,112.45553151,0.74087855,USDT
2024-08-04T11:00:00Z,SOL/USDT,buy,5.90548227,126.28711477,0.74578632,USDT
2024-08-05T07:00:00Z,SOL/USDT,sell,5.89262022,126.28711477,0.74416201,USDT
2024-08-06T07:00:00Z,SOL/USDT,buy,5.97967734,124.67847483,0.74553705,USDT
2024-08-06T22:00:00Z,SOL/USDT,sell,5.94860321,124.67847483,0.74166278,USDT
2024-08-07T00:00:00Z,SOL/USDT,buy,5.99141121,124.36267399,0.74510792,USDT
2024-08-07T01:00:00Z,SOL/USDT,sell,5.96887507,124.36267399,0.74230526,USDT
2024-08-07T22:00:00Z,SOL/USDT,buy,5.98161131,124.50901656,0.74476454,USDT
2024-08-08T16:00:00Z,SOL/USDT,sell,5.84779564,124.50901656,0.72810328,USDT
2024-08-09T12:00:00Z,SOL/USDT,buy,6.11059177,121.64338816,0.74331309,USDT
2024-08-09T20:00:00Z,SOL/USDT,stop_sell,5.95072565,121.64338816,0.72386643,USDT
2024-08-11T07:00:00Z,SOL/USDT,buy,6.06180539,122.34624761,0.74163914,USDT
2024-08-11T08:00:00Z,SOL/USDT,sell,5.99974763,122.34624761,0.73404661,USDT
2024-08-14T00:00:00Z,SOL/USDT,buy,5.71208662,129.70974925,0.74091332,USDT
2024-08-14T08:00:00Z,SOL/USDT,stop_sell,5.54504855,129.70974925,0.71924686,USDT
2024-08-14T09:00:00Z,SOL/USDT,buy,5.58796559,132.25963118,0.73906227,USDT
2024-08-14T20:00:00Z,SOL/USDT,sell,5.95442130,132.25963118,0.78752957,USDT
2024-08-15T00:00:00Z,SOL/USDT,buy,6.00675388,123.66403167,0.74281940,USDT
2024-08-15T13:00:00Z,SOL/USDT,sell,6.00288306,123.66403167,0.74234072,USDT
2024-08-16T13:00:00Z,SOL/USDT,buy,5.95952627,124.61765945,0.74266222,USDT
2024-08-16T18:00:00Z,SOL/USDT,stop_sell,5.78276885,124.61765945,0.72063512,USDT
2024-08-16T19:00:00Z,SOL/USDT,buy,5.76144528,128.57573199,0.74078204,USDT
2024-08-16T21:00:00Z,SOL/USDT,sell,5.74096408,128.57573199,0.73814866,USDT
2024-08-17T00:00:00Z,SOL/USDT,buy,5.79204458,127.83964026,0.74045290,USDT
2024-08-17T01:00:00Z,SOL/USDT,sell,5.76917297,127.83964026,0.73752900,USDT
2024-08-17T14:00:00Z,SOL/USDT,buy,5.76821767,128.30662971,0.74010057,USDT
2024-08-17T15:00:00Z,SOL/USDT,sell,5.72555079,128.30662971,0.73462613,USDT
2024-08-17T16:00:00Z,SOL/USDT,buy,5.94237170,124.45272594,0.73954436,USDT
2024-08-18T22:00:00Z,SOL/USDT,sell,6.31968758,124.45272594,0.78650235,USDT
2024-08-20T04:00:00Z,SOL/USDT,buy,6.06405051,122.55516807,0.74318073,USDT
2024-08-20T19:00:00Z,SOL/USDT,stop_sell,5.91697335,122.55516807,0.72515566,USDT
2024-08-23T11:00:00Z,SOL/USDT,buy,5.35802768,138.41296136,0.74162048,USDT
2024-08-24T08:00:00Z,SOL/USDT,sell,5.35843744,138.41296136,0.74167719,USDT
2024-08-26T13:00:00Z,SOL/USDT,buy,5.38529130,137.69102777,0.74150629,USDT
2024-08-27T03:00:00Z,SOL/USDT,stop_sell,5.19475550,137.69102777,0.71527122,USDT
2024-08-27T04:00:00Z,SOL/USDT,buy,5.22467703,141.49962453,0.73928984,USDT
2024-08-27T05:00:00Z,SOL/USDT,sell,5.16900920,141.49962453,0.73141286,USDT
2024-08-28T11:00:00Z,SOL/USDT,buy,5.29146941,139.57212876,0.73854165,USDT
2024-08-28T15:00:00Z,SOL/USDT,stop_sell,5.16936973,139.57212876,0.72149994,USDT
2024-08-30T02:00:00Z,SOL/USDT,buy,5.63274697,130.85281023,0.73706077,USDT
2024-08-30T04:00:00Z,SOL/USDT,stop_sell,5.44244167,130.85281023,0.71215879,USDT
2024-09-01T20:00:00Z,SOL/USDT,buy,5.31111523,138.37990471,0.73495162,USDT
2024-09-02T10:00:00Z,SOL/USDT,sell,5.25199569,138.37990471,0.72677066,USDT
2024-09-04T22:00:00Z,SOL/USDT,buy,4.86628393,150.87073231,0.73417982,USDT
2024-09-04T23:00:00Z,SOL/USDT,stop_sell,4.73798243,150.87073231,0.71482288,USDT
2024-09-06T22:00:00Z,SOL/USDT,buy,4.00814407,182.75653242,0.73251451,USDT
2024-09-07T00:00:00Z,SOL/USDT,sell,4.00529835,182.75653242,0.73199444,USDT
2024-09-07T01:00:00Z,SOL/USDT,buy,4.05980589,180.39179357,0.73235567,USDT
2024-09-07T02:00:00Z,SOL/USDT,sell,3.97394004,180.39179357,0.71686617,USDT
2024-09-07T04:00:00Z,SOL/USDT,buy,4.03825012,181.01897354,0.73099989,USDT
2024-09-07T14:00:00Z,SOL/USDT,stop_sell,3.92964880,181.01897354,0.71134099,USDT
2024-09-07T16:00:00Z,SOL/USDT,buy,4.05734866,179.75062255,0.72931095,USDT
2024-09-08T03:00:00Z,SOL/USDT,sell,4.08564815,179.75062255,0.73439780,USDT
2024-09-08T05:00:00Z,SOL/USDT,buy,4.14720056,175.9261296,0.72960094,USDT
2024-09-08T13:00:00Z,SOL/USDT,sell,4.22752418,175.9261296,0.74373197,USDT
2024-09-08T17:00:00Z,SOL/USDT,buy,4.36300941,167.45644945,0.73061406,USDT
2024-09-09T00:00:00Z,SOL/USDT,stop_sell,4.24234631,167.45644945,0.71040825,USDT
2024-09-09T01:00:00Z,SOL/USDT,buy,4.27309248,170.57469651,0.72888145,USDT
2024-09-09T03:00:00Z,SOL/USDT,sell,4.29956914,170.57469651,0.73339770,USDT
2024-09-09T04:00:00Z,SOL/USDT,buy,4.33183383,168.31806579,0.72912589,USDT
2024-09-09T05:00:00Z,SOL/USDT,sell,4.31763010,168.31806579,0.72673515,USDT
2024-09-09T06:00:00Z,SOL/USDT,buy,4.40817298,165.3333507,0.72881801,USDT
2024-09-09T12:00:00Z,SOL/USDT,sell,4.34369407,165.3333507,0.71815750,USDT
2024-09-09T15:00:00Z,SOL/USDT,buy,4.40690535,165.16100722,0.72784893,USDT
2024-09-09T16:00:00Z,SOL/USDT,sell,4.34207088,165.16100722,0.71714080,USDT
2024-09-09T18:00:00Z,SOL/USDT,buy,4.29350368,169.29674352,0.72687619,USDT
2024-09-10T01:00:00Z,SOL/USDT,sell,4.31618883,169.29674352,0.73071671,USDT
2024-09-10T04:00:00Z,SOL/USDT,buy,4.47322249,162.5376162,0.72706692,USDT
2024-09-11T23:00:00Z,SOL/USDT,sell,4.76158702,162.5376162,0.77393700,USDT
2024-09-13T16:00:00Z,SOL/USDT,buy,4.83594576,151.09728221,0.73069826,USDT
2024-09-14T10:00:00Z,SOL/USDT,sell,4.79955202,151.09728221,0.72519927,USDT
2024-09-15T03:00:00Z,SOL/USDT,buy,4.85459608,150.40213017,0.73014159,USDT
2024-09-15T04:00:00Z,SOL/USDT,sell,4.83979889,150.40213017,0.72791606,USDT
2024-09-15T05:00:00Z,SOL/USDT,buy,4.89261809,149.1730491,0.72984676,USDT
2024-09-15T10:00:00Z,SOL/USDT,stop_sell,4.78971252,149.1730491,0.71449602,USDT
2024-09-15T11:00:00Z,SOL/USDT,buy,4.78907534,152.11756507,0.72850248,USDT
2024-09-16T14:00:00Z,SOL/USDT,sell,4.97515118,152.11756507,0.75680788,USDT
2024-09-16T16:00:00Z,SOL/USDT,buy,5.13861702,142.18789931,0.73064916,USDT
2024-09-17T16:00:00Z,SOL/USDT,sell,5.25132103,142.18789931,0.74667431,USDT
2024-09-17T20:00:00Z,SOL/USDT,buy,5.29599067,138.18256359,0.73181357,USDT
2024-09-17T21:00:00Z,SOL/USDT,stop_sell,5.16467841,138.18256359,0.71366850,USDT
2024-09-21T00:00:00Z,SOL/USDT,buy,4.57367169,159.66286815,0.73024554,USDT
2024-09-22T01:00:00Z,SOL/USDT,sell,4.60088641,159.66286815,0.73459072,USDT
2024-09-22T02:00:00Z,SOL/USDT,buy,4.67712239,156.1806645,0.73047608,USDT
2024-09-22T14:00:00Z,SOL/USDT,sell,4.73269747,156.1806645,0.73915584,USDT
2024-09-22T18:00:00Z,SOL/USDT,buy,4.81501030,151.82795787,0.73105318,USDT
2024-09-22T19:00:00Z,SOL/USDT,stop_sell,4.68604385,151.82795787,0.71147247,USDT
2024-09-24T06:00:00Z,SOL/USDT,buy,4.59426899,158.75659075,0.72937048,USDT
2024-09-24T16:00:00Z,SOL/USDT,sell,4.59150710,158.75659075,0.72893201,USDT
2024-09-24T17:00:00Z,SOL/USDT,buy,4.63262816,157.40928024,0.72921866,USDT
2024-09-26T19:00:00Z,SOL/USDT,sell,5.60823548,157.40928024,0.88278831,USDT
2024-09-28T10:00:00Z,SOL/USDT,buy,5.45115121,136.00454732,0.74138135,USDT
2024-09-28T12:00:00Z,SOL/USDT,sell,5.44017355,136.00454732,0.73988834,USDT
2024-09-28T16:00:00Z,SOL/USDT,buy,5.39241686,137.44176513,0.74114329,USDT
2024-09-28T17:00:00Z,SOL/USDT,sell,5.42398165,137.44176513,0.74548161,USDT
2024-09-28T19:00:00Z,SOL/USDT,buy,5.33147440,139.05563173,0.74137154,USDT
2024-09-29T04:00:00Z,SOL/USDT,sell,5.41558685,139.05563173,0.75306785,USDT
2024-09-29T06:00:00Z,SOL/USDT,buy,5.43452590,136.56906087,0.74218810,USDT
2024-09-30T05:00:00Z,SOL/USDT,sell,5.57380270,136.56906087,0.76120900,USDT
2024-09-30T07:00:00Z,SOL/USDT,buy,5.79113012,128.40157017,0.74359020,USDT
2024-09-30T16:00:00Z,SOL/USDT,stop_sell,5.65222872,128.40157017,0.72575504,USDT
2024-09-30T17:00:00Z,SOL/USDT,buy,5.61537729,132.14518456,0.74204507,USDT
2024-09-30T18:00:00Z,SOL/USDT,sell,5.56670825,132.14518456,0.73561369,USDT
2024-09-30T22:00:00Z,SOL/USDT,buy,5.76457885,128.61512485,0.74141203,USDT
2024-10-01T02:00:00Z,SOL/USDT,sell,5.70336189,128.61512485,0.73353860,USDT
2024-10-01T04:00:00Z,SOL/USDT,buy,5.84144526,126.79461176,0.74066378,USDT
2024-10-01T05:00:00Z,SOL/USDT,stop_sell,5.66915155,126.79461176,0.71881787,USDT
2024-10-01T12:00:00Z,SOL/USDT,buy,5.76881296,128.06766744,0.73879842,USDT
2024-10-01T17:00:00Z,SOL/USDT,sell,5.71179467,128.06766744,0.73149622,USDT
2024-10-01T18:00:00Z,SOL/USDT,buy,5.76109811,128.11728874,0.73809627,USDT
2024-10-01T20:00:00Z,SOL/USDT,sell,5.78941484,128.11728874,0.74172413,USDT
2024-10-02T14:00:00Z,SOL/USDT,buy,6.23715602,118.3661587,0.73826820,USDT
2024-10-03T01:00:00Z,SOL/USDT,stop_sell,6.07970976,118.3661587,0.71963189,USDT
2024-10-03T02:00:00Z,SOL/USDT,buy,6.09270683,120.90846961,0.73665986,USDT
2024-10-03T04:00:00Z,SOL/USDT,sell,6.10324885,120.90846961,0.73793448,USDT
2024-10-03T21:00:00Z,SOL/USDT,buy,6.14064879,119.96189294,0.73664385,USDT
2024-10-03T23:00:00Z,SOL/USDT,sell,6.06647524,119.96189294,0.72774585,USDT
2024-10-05T18:00:00Z,SOL/USDT,buy,5.14489516,143.01835586,0.73581445,USDT
2024-10-06T00:00:00Z,SOL/USDT,stop_sell,5.01466355,143.01835586,0.71718894,USDT
2024-10-06T02:00:00Z,SOL/USDT,buy,5.12587166,143.23561187,0.73420736,USDT
2024-10-06T07:00:00Z,SOL/USDT,sell,5.09764690,143.23561187,0.73016457,USDT
2024-10-06T08:00:00Z,SOL/USDT,buy,5.08555150,144.28456163,0.73376657,USDT
2024-10-06T09:00:00Z,SOL/USDT,sell,5.07171188,144.28456163,0.73176973,USDT
2024-10-09T06:00:00Z,SOL/USDT,buy,4.73757460,154.82382908,0.73348944,USDT
2024-10-09T18:00:00Z,SOL/USDT,sell,4.75113125,154.82382908,0.73558833,USDT
2024-10-10T01:00:00Z,SOL/USDT,buy,4.83270715,151.78653059,0.73353985,USDT
2024-10-10T03:00:00Z,SOL/USDT,sell,4.70087139,151.78653059,0.71352896,USDT
2024-10-12T03:00:00Z,SOL/USDT,buy,4.59100035,159.40368101,0.73182236,USDT
2024-10-12T06:00:00Z,SOL/USDT,sell,4.50135720,159.40368101,0.71753291,USDT
2024-10-13T07:00:00Z,SOL/USDT,buy,4.31433009,169.33396547,0.73056262,USDT
2024-10-13T08:00:00Z,SOL/USDT,sell,4.30401692,169.33396547,0.72881625,USDT
2024-10-13T09:00:00Z,SOL/USDT,buy,4.42177578,165.16125414,0.73030603,USDT
2024-10-14T17:00:00Z,SOL/USDT,sell,4.63760004,165.16125414,0.76595184,USDT
2024-10-14T19:00:00Z,SOL/USDT,buy,4.68517242,156.45942105,0.73303936,USDT
2024-10-14T20:00:00Z,SOL/USDT,sell,4.64755306,156.45942105,0.72715346,USDT
2024-10-14T21:00:00Z,SOL/USDT,buy,4.61916543,158.56790441,0.73245138,USDT
2024-10-15T06:00:00Z,SOL/USDT,sell,4.59795087,158.56790441,0.72908743,USDT
2024-10-15T10:00:00Z,SOL/USDT,buy,4.60400385,159.00619846,0.73206515,USDT
2024-10-15T14:00:00Z,SOL/USDT,sell,4.64196286,159.00619846,0.73810087,USDT
2024-10-16T05:00:00Z,SOL/USDT,buy,4.64600084,157.64753434,0.73243058,USDT
2024-10-16T06:00:00Z,SOL/USDT,sell,4.60846062,157.64753434,0.72651245,USDT
2024-10-16T13:00:00Z,SOL/USDT,buy,4.61293031,158.64972305,0.73184012,USDT
2024-10-17T11:00:00Z,SOL/USDT,sell,4.65854956,158.64972305,0.73907760,USDT
2024-10-19T15:00:00Z,SOL/USDT,buy,4.33979882,168.74092636,0.73230167,USDT
2024-10-19T19:00:00Z,SOL/USDT,stop_sell,4.19640843,168.74092636,0.70810585,USDT
2024-10-19T20:00:00Z,SOL/USDT,buy,4.24192590,172.15051954,0.73024975,USDT
2024-10-20T02:00:00Z,SOL/USDT,sell,4.18734228,172.15051954,0.72085315,USDT
2024-10-20T03:00:00Z,SOL/USDT,buy,4.18890040,174.1224254,0.72938150,USDT
2024-10-20T04:00:00Z,SOL/USDT,sell,4.18690350,174.1224254,0.72903379,USDT
2024-10-20T06:00:00Z,SOL/USDT,buy,4.25458423,171.40028188,0.72923694,USDT
2024-10-20T08:00:00Z,SOL/USDT,sell,4.21393498,171.40028188,0.72226964,USDT
2024-10-21T08:00:00Z,SOL/USDT,buy,4.18798795,173.96494559,0.72856310,USDT
2024-10-21T10:00:00Z,SOL/USDT,stop_sell,4.08921405,173.96494559,0.71137990,USDT
2024-10-21T19:00:00Z,SOL/USDT,buy,4.09698347,177.4653242,0.72707250,USDT
2024-10-22T03:00:00Z,SOL/USDT,sell,4.14463565,177.4653242,0.73552911,USDT
2024-10-23T18:00:00Z,SOL/USDT,buy,3.82041625,190.45890591,0.72763230,USDT
2024-10-25T12:00:00Z,SOL/USDT,sell,4.65712327,190.45890591,0.88699060,USDT
2024-10-26T20:00:00Z,SOL/USDT,buy,4.77342252,155.07910752,0.74025810,USDT
2024-10-28T01:00:00Z,SOL/USDT,sell,5.13317913,155.07910752,0.79604884,USDT
2024-10-28T02:00:00Z,SOL/USDT,buy,5.15713328,144.38266149,0.74460063,USDT
2024-10-28T05:00:00Z,SOL/USDT,sell,5.11022361,144.38266149,0.73782769,USDT
2024-10-31T01:00:00Z,SOL/USDT,buy,4.70194780,158.21950821,0.74393987,USDT
2024-10-31T01:00:00Z,SOL/USDT,stop_sell,4.58276761,158.21950821,0.72508324,USDT
2024-10-31T03:00:00Z,SOL/USDT,buy,4.63183676,160.26320471,0.74231300,USDT
2024-10-31T05:00:00Z,SOL/USDT,sell,4.57827772,160.26320471,0.73372946,USDT
2024-10-31T06:00:00Z,SOL/USDT,buy,4.64983976,159.4695457,0.74150783,USDT
2024-10-31T07:00:00Z,SOL/USDT,stop_sell,4.53179508,159.4695457,0.72268330,USDT
2024-11-02T11:00:00Z,SOL/USDT,buy,4.92330942,150.28182481,0.73988392,USDT
2024-11-03T03:00:00Z,SOL/USDT,stop_sell,4.80547652,150.28182481,0.72217578,USDT
2024-11-05T00:00:00Z,SOL/USDT,buy,4.59675423,160.62410664,0.73834954,USDT
2024-11-05T05:00:00Z,SOL/USDT,sell,4.54128122,160.62410664,0.72943924,USDT
2024-11-05T18:00:00Z,SOL/USDT,buy,4.52227801,163.08570094,0.73751888,USDT
2024-11-05T19:00:00Z,SOL/USDT,sell,4.55056758,163.08570094,0.74213250,USDT
2024-11-06T15:00:00Z,SOL/USDT,buy,4.66153260,158.2676311,0.73776972,USDT
2024-11-09T02:00:00Z,SOL/USDT,sell,5.88646729,158.2676311,0.93163723,USDT
2024-11-09T03:00:00Z,SOL/USDT,buy,6.04326412,124.62689752,0.75315326,USDT
2024-11-09T05:00:00Z,SOL/USDT,sell,6.12012141,124.62689752,0.76273174,USDT
2024-11-09T06:00:00Z,SOL/USDT,buy,6.17226359,122.12676566,0.75379859,USDT
2024-11-09T07:00:00Z,SOL/USDT,sell,6.12706793,122.12676566,0.74827899,USDT
2024-11-09T11:00:00Z,SOL/USDT,buy,6.30651968,119.43775833,0.75323657,USDT
2024-11-10T08:00:00Z,SOL/USDT,sell,6.46436620,119.43775833,0.77208941,USDT
2024-11-11T18:00:00Z,SOL/USDT,buy,5.98175138,126.15426815,0.75462347,USDT
2024-11-12T12:00:00Z,SOL/USDT,sell,6.03791753,126.15426815,0.76170907,USDT
2024-11-12T13:00:00Z,SOL/USDT,buy,6.09769933,123.82854442,0.75506923,USDT
2024-11-12T13:00:00Z,SOL/USDT,stop_sell,5.95898606,123.82854442,0.73789257,USDT
2024-11-13T19:00:00Z,SOL/USDT,buy,6.15046370,122.52326857,0.75357492,USDT
2024-11-13T19:00:00Z,SOL/USDT,stop_sell,5.99447098,122.52326857,0.73446218,USDT
2024-11-13T20:00:00Z,SOL/USDT,buy,6.00958629,125.12109697,0.75192603,USDT
2024-11-14T16:00:00Z,SOL/USDT,sell,6.03399449,125.12109697,0.75498001,USDT
2024-11-16T20:00:00Z,SOL/USDT,buy,5.91438471,127.15605989,0.75204986,USDT
2024-11-17T08:00:00Z,SOL/USDT,sell,5.78254328,127.15605989,0.73528542,USDT
2024-11-17T09:00:00Z,SOL/USDT,buy,5.72439076,131.12119978,0.75058898,USDT
2024-11-17T10:00:00Z,SOL/USDT,sell,5.70040937,131.12119978,0.74744452,USDT
2024-11-18T17:00:00Z,SOL/USDT,buy,6.26609948,119.72637861,0.75021740,USDT
2024-11-18T22:00:00Z,SOL/USDT,stop_sell,6.09742105,119.72637861,0.73002214,USDT
2024-11-18T23:00:00Z,SOL/USDT,buy,6.10327011,122.63630463,0.74848249,USDT
2024-11-19T11:00:00Z,SOL/USDT,sell,6.10476609,122.63630463,0.74866595,USDT
2024-11-19T19:00:00Z,SOL/USDT,buy,6.15918105,121.50598248,0.74837734,USDT
2024-11-19T21:00:00Z,SOL/USDT,sell,6.10803845,121.50598248,0.74216321,USDT
2024-11-19T22:00:00Z,SOL/USDT,buy,6.10828362,122.41747601,0.74776066,USDT
2024-11-19T23:00:00Z,SOL/USDT,sell,5.98276312,122.41747601,0.73239476,USDT
2024-11-21T05:00:00Z,SOL/USDT,buy,6.40478579,116.53977645,0.74641230,USDT
2024-11-21T14:00:00Z,SOL/USDT,stop_sell,6.20524878,116.53977645,0.72315831,USDT
2024-11-24T22:00:00Z,SOL/USDT,buy,5.03496122,147.85286264,0.74443343,USDT
2024-11-25T04:00:00Z,SOL/USDT,stop_sell,4.91419513,147.85286264,0.72657782,USDT
2024-11-25T05:00:00Z,SOL/USDT,buy,4.89085120,151.89309512,0.74288653,USDT
2024-11-25T10:00:00Z,SOL/USDT,stop_sell,4.75778838,151.89309512,0.72267520,USDT
2024-11-26T10:00:00Z,SOL/USDT,buy,4.75840802,155.75619132,0.74115151,USDT
2024-11-26T15:00:00Z,SOL/USDT,stop_sell,4.63830869,155.75619132,0.72244530,USDT
2024-11-26T16:00:00Z,SOL/USDT,buy,4.69217992,157.61056279,0.73953712,USDT
2024-11-26T16:00:00Z,SOL/USDT,stop_sell,4.56967656,157.61056279,0.72022929,USDT
2024-11-27T03:00:00Z,SOL/USDT,buy,4.82045402,153.07165594,0.73787488,USDT
2024-11-27T20:00:00Z,SOL/USDT,sell,4.77636862,153.07165594,0.73112665,USDT
2024-11-28T11:00:00Z,SOL/USDT,buy,5.25349243,140.32896823,0.73721717,USDT
2024-11-28T19:00:00Z,SOL/USDT,stop_sell,5.11107357,140.32896823,0.71723168,USDT
2024-11-28T20:00:00Z,SOL/USDT,buy,5.10334540,144.12136797,0.73550112,USDT
2024-11-29T01:00:00Z,SOL/USDT,stop_sell,4.92541374,144.12136797,0.70985737,USDT
2024-11-30T12:00:00Z,SOL/USDT,buy,5.03900324,145.53134262,0.73333291,USDT
2024-11-30T15:00:00Z,SOL/USDT,stop_sell,4.89768011,145.53134262,0.71276596,USDT
2024-12-02T08:00:00Z,SOL/USDT,buy,5.22416578,140.03594344,0.73157098,USDT
2024-12-02T10:00:00Z,SOL/USDT,sell,5.15378782,140.03594344,0.72171554,USDT
2024-12-02T11:00:00Z,SOL/USDT,buy,5.09961153,143.27872388,0.73066583,USDT
2024-12-02T15:00:00Z,SOL/USDT,sell,5.00189680,143.27872388,0.71666539,USDT
2024-12-04T10:00:00Z,SOL/USDT,buy,5.03159454,144.96982755,0.72942939,USDT
2024-12-04T22:00:00Z,SOL/USDT,sell,4.97352000,144.96982755,0.72101034,USDT
2024-12-04T23:00:00Z,SOL/USDT,buy,5.03373561,144.75123344,0.72863944,USDT
2024-12-05T05:00:00Z,SOL/USDT,sell,4.99120015,144.75123344,0.72248238,USDT
2024-12-05T11:00:00Z,SOL/USDT,buy,5.30294815,137.2878744,0.72803048,USDT
2024-12-05T13:00:00Z,SOL/USDT,sell,5.19983778,137.2878744,0.71387468,USDT
2024-12-05T14:00:00Z,SOL/USDT,buy,5.22521930,139.09120298,0.72678204,USDT
2024-12-05T15:00:00Z,SOL/USDT,stop_sell,5.08362823,139.09120298,0.70708797,USDT
2024-12-07T02:00:00Z,SOL/USDT,buy,4.80474917,150.91130298,0.72509096,USDT
2024-12-07T09:00:00Z,SOL/USDT,stop_sell,4.67237147,150.91130298,0.70511367,USDT
2024-12-10T14:00:00Z,SOL/USDT,buy,4.96098525,145.81327407,0.72337750,USDT
2024-12-10T15:00:00Z,SOL/USDT,sell,4.91509722,145.81327407,0.71668642,USDT
2024-12-10T18:00:00Z,SOL/USDT,buy,5.09917531,141.73403362,0.72272668,USDT
2024-12-10T20:00:00Z,SOL/USDT,stop_sell,4.97315293,141.73403362,0.70486502,USDT
2024-12-11T04:00:00Z,SOL/USDT,buy,5.13880312,140.34061183,0.72118277,USDT
2024-12-12T01:00:00Z,SOL/USDT,sell,5.22551893,140.34061183,0.73335252,USDT
2024-12-12T12:00:00Z,SOL/USDT,buy,5.30326931,136.15005711,0.72204042,USDT
2024-12-12T13:00:00Z,SOL/USDT,sell,5.26797669,136.15005711,0.71723533,USDT
2024-12-13T08:00:00Z,SOL/USDT,buy,5.35097115,134.84292853,0.72154062,USDT
2024-12-14T01:00:00Z,SOL/USDT,sell,5.28612162,134.84292853,0.71279612,USDT
2024-12-15T18:00:00Z,SOL/USDT,buy,4.83833796,148.96146403,0.72072591,USDT
2024-12-15T20:00:00Z,SOL/USDT,sell,4.81630564,148.96146403,0.71744394,USDT
2024-12-19T13:00:00Z,SOL/USDT,buy,4.13901147,174.03868321,0.72034811,USDT
2024-12-19T18:00:00Z,SOL/USDT,stop_sell,4.03699460,174.03868321,0.70259322,USDT
2024-12-22T19:00:00Z,SOL/USDT,buy,3.64082350,197.43146377,0.71881311,USDT
2024-12-23T02:00:00Z,SOL/USDT,sell,3.60441589,197.43146377,0.71162511,USDT
2024-12-23T08:00:00Z,SOL/USDT,buy,3.68007512,195.1382159,0.71812329,USDT
2024-12-23T08:00:00Z,SOL/USDT,stop_sell,3.57315746,195.1382159,0.69725957,USDT
2024-12-27T09:00:00Z,SOL/USDT,buy,3.53201713,202.81330691,0.71634007,USDT
2024-12-28T04:00:00Z,SOL/USDT,sell,3.49449888,202.81330691,0.70873087,USDT
2024-12-29T10:00:00Z,SOL/USDT,buy,3.47550288,205.90314392,0.71561697,USDT
2024-12-30T11:00:00Z,SOL/USDT,sell,3.60254683,205.90314392,0.74177572,USDT
2025-01-03T21:00:00Z,SOL/USDT,buy,3.23511075,221.81437452,0.71759407,USDT
2025-01-04T00:00:00Z,SOL/USDT,stop_sell,3.14386474,221.81437452,0.69735439,USDT
2025-01-04T13:00:00Z,SOL/USDT,buy,3.21665853,222.54797175,0.71586083,USDT
2025-01-04T14:00:00Z,SOL/USDT,sell,3.20316262,222.54797175,0.71285734,USDT
2025-01-04T20:00:00Z,SOL/USDT,buy,3.11256150,229.87692813,0.71550608,USDT
2025-01-04T21:00:00Z,SOL/USDT,sell,3.10666489,229.87692813,0.71415058,USDT
2025-01-05T17:00:00Z,SOL/USDT,buy,3.23529684,221.08733412,0.71528315,USDT
2025-01-06T02:00:00Z,SOL/USDT,stop_sell,3.15009231,221.08733412,0.69644551,USDT
2025-01-06T22:00:00Z,SOL/USDT,buy,3.18878460,223.80388904,0.71366239,USDT
2025-01-07T02:00:00Z,SOL/USDT,sell,3.14494874,223.80388904,0.70385176,USDT
2025-01-08T13:00:00Z,SOL/USDT,buy,3.40813622,209.13591692,0.71276369,USDT
2025-01-09T09:00:00Z,SOL/USDT,sell,3.41290070,209.13591692,0.71376012,USDT
2025-01-09T10:00:00Z,SOL/USDT,buy,3.48814920,204.32877895,0.71272927,USDT
2025-01-09T16:00:00Z,SOL/USDT,stop_sell,3.39257993,204.32877895,0.69320171,USDT
2025-01-11T05:00:00Z,SOL/USDT,buy,3.50456140,202.89379162,0.71105375,USDT
2025-01-11T14:00:00Z,SOL/USDT,sell,3.51079173,202.89379162,0.71231785,USDT
2025-01-11T15:00:00Z,SOL/USDT,buy,3.55845034,199.81759919,0.71104100,USDT
2025-01-11T22:00:00Z,SOL/USDT,sell,3.50111757,199.81759919,0.69958491,USDT
2025-01-12T00:00:00Z,SOL/USDT,buy,3.57571196,198.56497334,0.71001115,USDT
2025-01-13T06:00:00Z,SOL/USDT,sell,3.54858582,198.56497334,0.70462485,USDT
2025-01-15T13:00:00Z,SOL/USDT,buy,3.17550496,223.41857835,0.70946680,USDT
2025-01-16T20:00:00Z,SOL/USDT,sell,3.41141744,223.41857835,0.76217403,USDT
2025-01-16T21:00:00Z,SOL/USDT,buy,3.40061346,209.83499276,0.71356770,USDT
2025-01-16T22:00:00Z,SOL/USDT,sell,3.39631100,209.83499276,0.71266489,USDT
2025-01-19T07:00:00Z,SOL/USDT,buy,3.45559093,206.44263104,0.71338128,USDT
2025-01-19T10:00:00Z,SOL/USDT,sell,3.45492567,206.44263104,0.71324395,USDT
2025-01-20T03:00:00Z,SOL/USDT,buy,3.45870949,206.22029869,0.71325610,USDT
2025-01-20T04:00:00Z,SOL/USDT,sell,3.41120354,206.22029869,0.70345941,USDT
2025-01-20T06:00:00Z,SOL/USDT,buy,3.48043035,204.6754316,0.71235858,USDT
2025-01-20T12:00:00Z,SOL/USDT,stop_sell,3.36803446,204.6754316,0.68935391,USDT
2025-01-22T18:00:00Z,SOL/USDT,buy,3.06008728,232.15190644,0.71040510,USDT
2025-01-23T15:00:00Z,SOL/USDT,sell,3.09390028,232.15190644,0.71825485,USDT
2025-01-23T16:00:00Z,SOL/USDT,buy,3.13331788,226.89017459,0.71091904,USDT
2025-01-23T20:00:00Z,SOL/USDT,sell,3.10002621,226.89017459,0.70336549,USDT
2025-01-24T10:00:00Z,SOL/USDT,buy,3.19912176,221.99881942,0.71020125,USDT
2025-01-24T11:00:00Z,SOL/USDT,sell,3.16006118,221.99881942,0.70152985,USDT
2025-01-25T07:00:00Z,SOL/USDT,buy,3.16901271,223.85337773,0.70939420,USDT
2025-01-25T08:00:00Z,SOL/USDT,stop_sell,3.07943783,223.85337773,0.68934256,USDT
2025-01-25T10:00:00Z,SOL/USDT,buy,3.10138192,228.18128539,0.70767731,USDT
2025-01-25T13:00:00Z,SOL/USDT,sell,3.07526560,228.18128539,0.70171806,USDT
2025-01-31T09:00:00Z,SOL/USDT,buy,2.59937504,272.02212645,0.70708753,USDT
2025-01-31T10:00:00Z,SOL/USDT,sell,2.58711480,272.02212645,0.70375247,USDT
2025-01-31T14:00:00Z,SOL/USDT,buy,2.61252661,270.50735517,0.70670766,USDT
2025-02-02T10:00:00Z,SOL/USDT,sell,2.74630016,270.50735517,0.74289439,USDT
2025-02-02T12:00:00Z,SOL/USDT,buy,2.79180621,254.13226103,0.70948802,USDT
2025-02-02T19:00:00Z,SOL/USDT,sell,2.84997030,254.13226103,0.72426940,USDT
2025-02-03T07:00:00Z,SOL/USDT,buy,2.91837746,243.47651264,0.71055637,USDT
2025-02-03T10:00:00Z,SOL/USDT,sell,2.91274390,243.47651264,0.70918473,USDT
2025-02-03T15:00:00Z,SOL/USDT,buy,2.88839448,245.92656936,0.71033295,USDT
2025-02-03T19:00:00Z,SOL/USDT,sell,2.94956348,245.92656936,0.72537603,USDT
2025-02-03T20:00:00Z,SOL/USDT,buy,2.99424437,237.59653175,0.71142208,USDT
2025-02-04T11:00:00Z,SOL/USDT,sell,3.00731459,237.59653175,0.71452752,USDT
2025-02-05T20:00:00Z,SOL/USDT,buy,3.32395014,214.06954794,0.71155650,USDT
2025-02-05T21:00:00Z,SOL/USDT,stop_sell,3.22736272,214.06954794,0.69088008,USDT
2025-02-06T12:00:00Z,SOL/USDT,buy,3.55232227,199.80994348,0.70978931,USDT
2025-02-06T20:00:00Z,SOL/USDT,stop_sell,3.44579113,199.80994348,0.68850333,USDT
2025-02-06T21:00:00Z,SOL/USDT,buy,3.44769899,205.34671556,0.70797366,USDT
2025-02-07T04:00:00Z,SOL/USDT,sell,3.45728449,205.34671556,0.70994201,USDT
2025-02-08T03:00:00Z,SOL/USDT,buy,3.43000615,206.41879056,0.70801772,USDT
2025-02-08T04:00:00Z,SOL/USDT,sell,3.37073479,206.41879056,0.69578300,USDT
2025-02-08T05:00:00Z,SOL/USDT,buy,3.41530480,206.98770226,0.70692609,USDT
2025-02-08T06:00:00Z,SOL/USDT,sell,3.33399217,206.98770226,0.69009538,USDT
2025-02-08T10:00:00Z,SOL/USDT,buy,3.44979303,204.49549809,0.70546714,USDT
2025-02-08T12:00:00Z,SOL/USDT,sell,3.37844393,204.49549809,0.69087657,USDT
2025-02-08T14:00:00Z,SOL/USDT,buy,3.32780507,211.60721175,0.70418755,USDT
2025-02-08T21:00:00Z,SOL/USDT,sell,3.24582128,211.60721175,0.68683919,USDT
2025-02-09T08:00:00Z,SOL/USDT,buy,3.34354794,210.16227811,0.70268765,USDT
2025-02-09T09:00:00Z,SOL/USDT,sell,3.31873880,210.16227811,0.69747371,USDT
2025-02-09T11:00:00Z,SOL/USDT,buy,3.32265850,211.32423294,0.70215826,USDT
2025-02-09T13:00:00Z,SOL/USDT,sell,3.23145546,211.32423294,0.68288485,USDT
2025-02-09T22:00:00Z,SOL/USDT,buy,3.28176006,213.45398293,0.70050476,USDT
2025-02-10T00:00:00Z,SOL/USDT,stop_sell,3.19747128,213.45398293,0.68251298,USDT
2025-02-10T12:00:00Z,SOL/USDT,buy,3.20688564,217.95413853,0.69895400,USDT
2025-02-10T12:00:00Z,SOL/USDT,stop_sell,3.11607307,217.95413853,0.67916102,USDT
2025-02-10T16:00:00Z,SOL/USDT,buy,3.23237938,215.71089927,0.69725946,USDT
2025-02-10T17:00:00Z,SOL/USDT,sell,3.18474983,215.71089927,0.68698525,USDT
2025-02-12T06:00:00Z,SOL/USDT,buy,3.00117184,232.01814437,0.69632632,USDT
2025-02-12T07:00:00Z,SOL/USDT,sell,3.00477986,232.01814437,0.69716345,USDT
2025-02-12T13:00:00Z,SOL/USDT,buy,3.09574710,224.91559113,0.69628179,USDT
2025-02-12T17:00:00Z,SOL/USDT,sell,3.06324661,224.91559113,0.68897192,USDT
2025-02-16T01:00:00Z,SOL/USDT,buy,2.39590635,290.32262893,0.69558583,USDT
2025-02-16T03:00:00Z,SOL/USDT,sell,2.39884998,290.32262893,0.69644043,USDT
2025-02-16T05:00:00Z,SOL/USDT,buy,2.41628754,287.85597931,0.69554282,USDT
2025-02-16T06:00:00Z,SOL/USDT,sell,2.38028926,287.85597931,0.68518050,USDT
2025-02-18T03:00:00Z,SOL/USDT,buy,2.21302696,313.87005911,0.69460290,USDT
2025-02-18T04:00:00Z,SOL/USDT,sell,2.22978055,313.87005911,0.69986135,USDT
2025-02-18T05:00:00Z,SOL/USDT,buy,2.27508597,305.44435865,0.69491217,USDT
2025-02-18T10:00:00Z,SOL/USDT,sell,2.22929280,305.44435865,0.68092491,USDT
2025-02-18T14:00:00Z,SOL/USDT,buy,2.24738313,308.66233014,0.69368251,USDT
2025-02-18T16:00:00Z,SOL/USDT,stop_sell,2.17314792,308.66233014,0.67076890,USDT
2025-02-18T17:00:00Z,SOL/USDT,buy,2.13038066,324.7022051,0.69173930,USDT
2025-02-18T21:00:00Z,SOL/USDT,sell,2.12395849,324.7022051,0.68965401,USDT
2025-02-20T19:00:00Z,SOL/USDT,buy,2.12668281,325.13632054,0.69146182,USDT
2025-02-20T22:00:00Z,SOL/USDT,sell,2.13456119,325.13632054,0.69402337,USDT
2025-02-21T00:00:00Z,SOL/USDT,buy,2.11087991,327.61501578,0.69155596,USDT
2025-02-21T12:00:00Z,SOL/USDT,sell,2.09917789,327.61501578,0.68772220,USDT
2025-02-21T18:00:00Z,SOL/USDT,buy,2.14325609,322.47135883,0.69113870,USDT
2025-02-21T21:00:00Z,SOL/USDT,sell,2.11666014,322.47135883,0.68256227,USDT
2025-02-22T02:00:00Z,SOL/USDT,buy,2.10051673,328.65355691,0.69034229,USDT
2025-02-22T03:00:00Z,SOL/USDT,sell,2.10440027,328.65355691,0.69161863,USDT
2025-02-23T05:00:00Z,SOL/USDT,buy,2.17011251,318.10970049,0.69033384,USDT
2025-02-23T06:00:00Z,SOL/USDT,sell,2.12539677,318.10970049,0.67610933,USDT
2025-02-23T07:00:00Z,SOL/USDT,buy,2.13807450,322.29276432,0.68908594,USDT
2025-02-23T11:00:00Z,SOL/USDT,sell,2.10185355,322.29276432,0.67741219,USDT
2025-02-23T14:00:00Z,SOL/USDT,buy,2.14000147,321.51482668,0.68804220,USDT
2025-02-23T18:00:00Z,SOL/USDT,sell,2.16677107,321.51482668,0.69664903,USDT
2025-02-23T19:00:00Z,SOL/USDT,buy,2.15276384,319.87728789,0.68862026,USDT
2025-02-23T20:00:00Z,SOL/USDT,sell,2.16044024,319.87728789,0.69107576,USDT
2025-02-24T07:00:00Z,SOL/USDT,buy,2.18244768,315.56603831,0.68870637,USDT
2025-02-24T13:00:00Z,SOL/USDT,sell,2.15119686,315.56603831,0.67884467,USDT
2025-02-28T22:00:00Z,SOL/USDT,buy,2.32743013,295.52233116,0.68780758,USDT
2025-02-28T23:00:00Z,SOL/USDT,stop_sell,2.25817392,295.52233116,0.66734082,USDT
2025-03-01T00:00:00Z,SOL/USDT,buy,2.27158623,302.01845111,0.68606095,USDT
2025-03-01T09:00:00Z,SOL/USDT,sell,2.26057615,302.01845111,0.68273571,USDT
2025-03-03T09:00:00Z,SOL/USDT,buy,2.19962226,311.72863364,0.68568524,USDT
2025-03-04T14:00:00Z,SOL/USDT,sell,2.46920778,311.72863364,0.76972277,USDT
2025-03-04T15:00:00Z,SOL/USDT,buy,2.49638557,277.31898606,0.69229512,USDT
2025-03-05T03:00:00Z,SOL/USDT,sell,2.49526774,277.31898606,0.69198512,USDT
2025-03-06T23:00:00Z,SOL/USDT,buy,2.39164623,289.40714459,0.69215951,USDT
2025-03-07T06:00:00Z,SOL/USDT,stop_sell,2.33213574,289.40714459,0.67493675,USDT
2025-03-07T07:00:00Z,SOL/USDT,buy,2.31392038,298.48545274,0.69067157,USDT
2025-03-07T10:00:00Z,SOL/USDT,sell,2.26480203,298.48545274,0.67601046,USDT
2025-03-08T14:00:00Z,SOL/USDT,buy,2.27178432,303.45693501,0.68938871,USDT
2025-03-08T18:00:00Z,SOL/USDT,stop_sell,2.20694462,303.45693501,0.66971265,USDT
2025-03-08T19:00:00Z,SOL/USDT,buy,2.22163626,309.54889669,0.68770505,USDT
2025-03-08T21:00:00Z,SOL/USDT,sell,2.19761564,309.54889669,0.68026950,USDT
2025-03-10T06:00:00Z,SOL/USDT,buy,2.27739613,301.6604844,0.68700042,USDT
2025-03-10T06:00:00Z,SOL/USDT,stop_sell,2.22651601,301.6604844,0.67165190,USDT
2025-03-14T04:00:00Z,SOL/USDT,buy,2.15996344,317.44202884,0.68566318,USDT
2025-03-16T05:00:00Z,SOL/USDT,sell,2.46551862,317.44202884,0.78265923,USDT
2025-03-19T03:00:00Z,SOL/USDT,buy,2.50519197,276.74893795,0.69330922,USDT
2025-03-20T20:00:00Z,SOL/USDT,sell,2.59265203,276.74893795,0.71751370,USDT
2025-03-22T12:00:00Z,SOL/USDT,buy,2.48959117,279.21597275,0.69513362,USDT
2025-03-22T13:00:00Z,SOL/USDT,stop_sell,2.42949351,279.21597275,0.67835339,USDT
2025-03-22T19:00:00Z,SOL/USDT,buy,2.48485180,279.1637701,0.69368060,USDT
2025-03-22T21:00:00Z,SOL/USDT,sell,2.46867105,279.1637701,0.68916352,USDT
2025-03-23T16:00:00Z,SOL/USDT,buy,2.53724299,273.21323641,0.69320837,USDT
2025-03-23T21:00:00Z,SOL/USDT,stop_sell,2.45925544,273.21323641,0.67190114,USDT
2025-03-23T22:00:00Z,SOL/USDT,buy,2.49605140,276.99496632,0.69139367,USDT
2025-03-24T10:00:00Z,SOL/USDT,sell,2.42261109,276.99496632,0.67105108,USDT
2025-03-26T08:00:00Z,SOL/USDT,buy,2.34107695,294.58937756,0.68965640,USDT
2025-03-27T14:00:00Z,SOL/USDT,sell,2.40241519,294.58937756,0.70772600,USDT
2025-03-30T07:00:00Z,SOL/USDT,buy,2.32197441,297.58762383,0.69099085,USDT
2025-03-31T04:00:00Z,SOL/USDT,sell,2.33698392,297.58762383,0.69545749,USDT
2025-03-31T05:00:00Z,SOL/USDT,buy,2.38265473,290.11227518,0.69123738,USDT
2025-04-01T07:00:00Z,SOL/USDT,sell,2.52850212,290.11227518,0.73354950,USDT
2025-04-01T11:00:00Z,SOL/USDT,buy,2.55735704,271.57334566,0.69451001,USDT
2025-04-01T12:00:00Z,SOL/USDT,sell,2.54870301,271.57334566,0.69215980,USDT
2025-04-04T05:00:00Z,SOL/USDT,buy,2.30568927,301.08606453,0.69421091,USDT
2025-04-04T17:00:00Z,SOL/USDT,stop_sell,2.24685037,301.08606453,0.67649534,USDT
2025-04-04T19:00:00Z,SOL/USDT,buy,2.25853770,306.69545199,0.69268324,USDT
2025-04-04T22:00:00Z,SOL/USDT,sell,2.22676706,306.69545199,0.68293933,USDT
2025-04-06T03:00:00Z,SOL/USDT,buy,2.29356221,301.62392467,0.69179324,USDT
2025-04-06T18:00:00Z,SOL/USDT,stop_sell,2.22468349,301.62392467,0.67101777,USDT
2025-04-06T19:00:00Z,SOL/USDT,buy,2.22762025,309.75714356,0.69002129,USDT
2025-04-06T20:00:00Z,SOL/USDT,sell,2.22271109,309.75714356,0.68850064,USDT
2025-04-07T23:00:00Z,SOL/USDT,buy,2.30073279,299.81284211,0.68978924,USDT
2025-04-08T00:00:00Z,SOL/USDT,sell,2.29239023,299.81284211,0.68728803,USDT
2025-04-08T02:00:00Z,SOL/USDT,buy,2.31494990,297.83746955,0.68947882,USDT
2025-04-08T23:00:00Z,SOL/USDT,sell,2.35921680,297.83746955,0.70266316,USDT
2025-04-11T11:00:00Z,SOL/USDT,buy,2.68784825,256.8681719,0.69042267,USDT
2025-04-12T09:00:00Z,SOL/USDT,sell,2.66394936,256.8681719,0.68428380,USDT
2025-04-13T07:00:00Z,SOL/USDT,buy,2.60599635,264.70539053,0.68982128,USDT
2025-04-13T08:00:00Z,SOL/USDT,sell,2.61447211,264.70539053,0.69206486,USDT
